TradDt,BizDt,Sgmt,Src,FinInstrmTp,FinInstrmId,ISIN,TckrSymb,SctySrs,XpryDt,FininstrmActlXpryDt,StrkPric,OptnTp,FinInstrmNm,OpnPric,HghPric,LwPric,ClsPric,LastPric,PrvsClsgPric,UndrlygPric,SttlmPric,OpnIntrst,ChngInOpnIntrst,TtlTradgVol,TtlTrfVal,TtlNbOfTxsExctd,SsnId,NewBrdLotQty,Rmks,Rsvd1,Rsvd2,Rsvd3,Rsvd4
2026-07-30,2026-07-30,CM,NSE,STK,19078,IN0020200104,SGBJUN28,GB,,,,,2.5%GOLDBONDS2028SR-III,14090.00,14091.75,14055.01,14067.92,14091.75,14090.00,,14084.30,,,18,253306.60,9,F1,1,,,,,
2026-07-30,2026-07-30,CM,NSE,STK,1342,IN0020200286,SGBN28VIII,GB,,,,,2.5%GOLDBONDS2028SR-VIII,14179.00,14179.00,14090.00,14120.00,14120.00,14085.25,,14120.00,,,94,1325579.34,24,F1,1,,,,,
2026-07-30,2026-07-30,CM,NSE,STK,3742,IN0020210053,SGBMAY29I,GB,,,,,2.5%GOLDBONDS2029SR-I,14160.00,14170.28,14056.10,14140.14,14150.00,14150.92,,14133.82,,,187,2642452.44,54,F1,1,,,,,
2026-07-30,2026-07-30,CM,NSE,STK,3743,IN0020210061,SGBJUN29II,GB,,,,,2.5%GOLDBONDS2029SR-II,14100.00,14150.00,14085.00,14118.00,14118.00,14061.74,,14133.00,,,177,2495820.60,24,F1,1,,,,,
2026-07-30,2026-07-30,CM,NSE,STK,3800,IN0020210087,SGBJU29III,GB,,,,,2.5%GOLDBONDS2029SR-III,14090.00,14199.00,14085.20,14176.99,14199.00,14110.14,,14161.28,,,13,183885.34,7,F1,1,,,,,
2026-07-30,2026-07-30,CM,NSE,STK,5575,IN0020210145,SGBSEP29VI,GB,,,,,2.5%GOLDBONDS2029SR-VI,14100.00,14203.00,14100.00,14173.50,14173.50,14128.16,,14188.64,,,487,6884674.08,51,F1,1,,,,,
2026-07-30,2026-07-30,CM,NSE,STK,6518,IN0020210178,SGBNV29VII,GB,,,,,2.5%GOLDBONDS2029SR-VII,14101.20,14125.00,14100.00,14125.00,14125.00,14100.00,,14125.00,,,67,945315.72,21,F1,1,,,,,
2026-07-30,2026-07-30,CM,NSE,STK,7654,IN0020180389,SGBDEC26,GB,,,,,2.50%GOLDBONDS2026SR-IV,14061.08,14200.00,14061.08,14200.00,14200.00,14061.08,,14200.00,,,2,28261.08,2,F1,1,,,,,
2026-07-30,2026-07-30,CM,NSE,STK,13209,IN0020190115,SGBSEP27,GB,,,,,2.50%GOLDBONDS2027SR-IV,14150.00,14150.00,14150.00,14150.00,14150.00,14100.00,,14150.00,,,6,84900.00,1,F1,1,,,,,
2026-07-30,2026-07-30,CM,NSE,STK,8308,IN0020180462,SGBJAN27,GB,,,,,2.50%GOLDBONDS2027SR-V,14100.00,14100.00,14100.00,14100.00,14100.00,14199.97,,14100.00,,,16,225600.00,4,F1,1,,,,,
2026-07-30,2026-07-30,CM,NSE,STK,13981,IN0020190370,SGBOCT27,GB,,,,,2.50%GOLDBONDS2027SR-V,14080.00,14080.00,14031.00,14032.00,14032.00,14080.00,,14032.00,,,36,506270.00,4,F1,1,,,,,
2026-07-30,2026-07-30,CM,NSE,STK,8766,IN0020180561,SGBFEB27,GB,,,,,2.50%GOLDBONDS2027SR-VI,14260.00,14260.00,14260.00,14260.00,14260.00,14260.00,,14260.00,,,8,114080.00,1,F1,1,,,,,
2026-07-30,2026-07-30,CM,NSE,STK,14252,IN0020190388,SGBOCT27VI,GB,,,,,2.50%GOLDBONDS2027SR-VI,14076.00,14076.00,14076.00,14076.00,14076.00,14076.00,,14076.00,,,8,112608.00,1,F1,1,,,,,
2026-07-30,2026-07-30,CM,NSE,STK,15432,IN0020190461,SGBDC27VII,GB,,,,,2.50%GOLDBONDS2027SR-VII,14143.00,14143.00,14143.00,14143.00,14143.00,14143.00,,14143.00,,,9,127287.00,3,F1,1,,,,,
2026-07-30,2026-07-30,CM,NSE,STK,18862,IN0020200062,SGBAPR28I,GB,,,,,2.50%GOLDBONDS2028SR-I,14198.00,14200.00,14150.00,14155.20,14150.00,14155.71,,14163.47,,,65,921513.91,25,F1,1,,,,,
2026-07-30,2026-07-30,CM,NSE,STK,18972,IN0020200088,SGBMAY28,GB,,,,,2.50%GOLDBONDS2028SR-II,14065.00,14100.00,14061.01,14075.03,14075.02,14054.41,,14073.94,,,155,2181796.61,23,F1,1,,,,,
2026-07-30,2026-07-30,CM,NSE,STK,22242,IN0020200146,SGBJUL28IV,GB,,,,,2.50%GOLDBONDS2028SR-IV,14099.50,14099.50,14060.00,14074.07,14075.00,14060.00,,14074.07,,,220,3095773.06,48,F1,1,,,,,
2026-07-30,2026-07-30,CM,NSE,STK,17664,IN0020190545,SGBFEB28IX,GB,,,,,2.50%GOLDBONDS2028SR-IX,14200.00,14200.00,14200.00,14200.00,14200.00,14150.00,,14200.00,,,1,14200.00,1,F1,1,,,,,
2026-07-30,2026-07-30,CM,NSE,STK,22385,IN0020200161,SGBAUG28V,GB,,,,,2.50%GOLDBONDS2028SR-V,14165.01,14270.00,14165.01,14254.38,14270.00,14164.90,,14254.38,,,845,12016538.11,125,F1,1,,,,,
2026-07-30,2026-07-30,CM,NSE,STK,149,IN0020200195,SGBSEP28VI,GB,,,,,2.50%GOLDBONDS2028SR-VI,14199.99,14199.99,14150.01,14159.00,14190.00,14091.59,,14153.50,,,8,113395.00,5,F1,1,,,,,
2026-07-30,2026-07-30,CM,NSE,STK,834,IN0020200203,SGBOC28VII,GB,,,,,2.50%GOLDBONDS2028SR-VII,14100.00,14140.98,14052.00,14101.15,14101.15,14089.99,,14101.15,,,222,3129604.50,33,F1,1,,,,,
2026-07-30,2026-07-30,CM,NSE,STK,18451,IN0020190552,SGBMAR28X,GB,,,,,2.50%GOLDBONDS2028SR-X,14100.00,14150.00,14100.00,14150.00,14150.00,14072.50,,14150.00,,,28,395630.00,3,F1,1,,,,,
2026-07-30,2026-07-30,CM,NSE,STK,5113,IN0020210111,SGBJUL29IV,GB,,,,,2.50%GOLDBONDS2029SR-IV,14185.00,14185.00,14081.01,14109.60,14092.00,14100.00,,14109.60,,,37,521811.85,17,F1,1,,,,,
2026-07-30,2026-07-30,CM,NSE,STK,1920,IN0020200377,SGBJAN29IX,GB,,,,,2.50%GOLDBONDS2029SR-IX,14080.00,14123.99,14078.00,14100.00,14100.00,14078.00,,14115.00,,,57,804057.73,18,F1,1,,,,,
2026-07-30,2026-07-30,CM,NSE,STK,5455,IN0020210129,SGBAUG29V,GB,,,,,2.50%GOLDBONDS2029SR-V,14177.26,14344.99,14171.00,14230.00,14250.00,14248.50,,14194.29,,,200,2853599.43,44,F1,1,,,,,
2026-07-30,2026-07-30,CM,NSE,STK,7098,IN0020210228,SGBD29VIII,GB,,,,,2.50%GOLDBONDS2029SR-VIII,14131.01,14300.00,14131.01,14180.80,14172.00,14131.04,,14180.80,,,67,950757.76,36,F1,1,,,,,
2026-07-30,2026-07-30,CM,NSE,STK,2003,IN0020200385,SGBJAN29X,GB,,,,,2.50%GOLDBONDS2029SR-X,14065.01,14126.01,14065.01,14111.00,14111.00,14063.40,,14111.00,,,55,776014.10,22,F1,1,,,,,
2026-07-30,2026-07-30,CM,NSE,STK,2200,IN0020200393,SGBFEB29XI,GB,,,,,2.50%GOLDBONDS2029SR-XI,14140.00,14349.93,14140.00,14213.84,14289.97,14140.00,,14213.84,,,54,767091.43,23,F1,1,,,,,
2026-07-30,2026-07-30,CM,NSE,STK,2810,IN0020200427,SGBMR29XII,GB,,,,,2.50%GOLDBONDS2029SR-XII,14132.00,14179.99,14119.95,14158.56,14158.50,14102.07,,14155.20,,,245,3464767.77,43,F1,1,,,,,
2026-07-30,2026-07-30,CM,NSE,STK,10232,IN0020220045,SGBJUN30,GB,,,,,2.50%GOLDBONDS2030SR-I,14200.00,14205.05,14131.00,14201.69,14205.05,14193.94,,14201.69,,,36,510117.10,20,F1,1,,,,,
2026-07-30,2026-07-30,CM,NSE,STK,11192,IN0020220078,SGBAUG30,GB,,,,,2.50%GOLDBONDS2030SR-II,14255.00,14325.00,14255.00,14299.99,14299.99,14227.27,,14290.00,,,95,1355604.41,27,F1,1,,,,,
2026-07-30,2026-07-30,CM,NSE,STK,13642,IN0020220110,SGBDE30III,GB,,,,,2.50%GOLDBONDS2030SR-III,14352.01,14574.96,14351.01,14395.57,14400.00,14352.00,,14394.71,,,223,3207962.07,54,F1,1,,,,,
2026-07-30,2026-07-30,CM,NSE,STK,7879,IN0020210236,SGBJAN30IX,GB,,,,,2.50%GOLDBONDS2030SR-IX,14154.02,14250.01,14130.01,14186.67,14199.00,14149.00,,14186.67,,,23,326522.99,13,F1,1,,,,,
2026-07-30,2026-07-30,CM,NSE,STK,8401,IN0020210319,SGBMAR30X,GB,,,,,2.50%GOLDBONDS2030SR-X,14165.00,14200.00,14165.00,14182.00,14170.00,14130.60,,14182.00,,,49,694940.00,12,F1,1,,,,,
2026-07-30,2026-07-30,CM,NSE,STK,17202,IN0020230069,SGBJUN31I,GB,,,,,2.50%GOLDBONDS2031SR-I,14454.88,14499.99,14165.80,14470.00,14470.00,14454.88,,14470.00,,,322,4657634.32,90,F1,1,,,,,
2026-07-30,2026-07-30,CM,NSE,STK,19456,IN0020230093,SGBSEP31II,GB,,,,,2.50%GOLDBONDS2031SR-II,14421.55,14510.00,14382.19,14424.20,14417.46,14420.82,,14420.18,,,1116,16135517.23,160,F1,1,,,,,
2026-07-30,2026-07-30,CM,NSE,STK,22476,IN0020230168,SGBDE31III,GB,,,,,2.50%GOLDBONDS2031SR-III,14452.00,14511.00,14444.25,14464.45,14479.97,14443.32,,14463.43,,,1239,17932694.93,168,F1,1,,,,,
2026-07-30,2026-07-30,CM,NSE,STK,14598,IN0020220169,SGBMAR31IV,GB,,,,,2.50%GOLDBONDS2031SR-IV,14525.00,14634.99,14315.01,14454.00,14435.00,14477.50,,14454.00,,,65,939903.05,25,F1,1,,,,,
2026-07-30,2026-07-30,CM,NSE,STK,22886,IN0020230184,SGBFEB32IV,GB,,,,,2.50%GOLDBONDS2032SR-IV,14550.01,14610.00,14522.03,14548.05,14550.00,14540.83,,14548.05,,,1649,24020920.04,216,F1,1,,,,,
2026-07-30,2026-07-30,CM,NSE,STK,16921,INE144J01027,20MICRONS,EQ,,,,,20 MICRONS LTD,200.20,204.40,199.00,200.07,199.90,201.16,,200.09,,,123787,24990610.16,2920,F1,1,,,,,
2026-07-30,2026-07-30,CM,NSE,STK,4,INE253B01015,21STCENMGM,EQ,,,,,21ST CENTURY MGMT SERVICE,38.85,39.50,38.26,39.39,39.40,38.88,,39.41,,,26382,1036143.46,161,F1,1,,,,,
2026-07-30,2026-07-30,CM,NSE,STK,13061,INE466L01038,360ONE,EQ,,,,,360 ONE WAM LIMITED,1162.00,1164.30,1125.70,1142.90,1138.00,1161.30,,1142.90,,,1268562,1447385144.60,45311,F1,1,,,,,
2026-07-30,2026-07-30,CM,NSE,STK,30105,INF579M01BB5,GOLD360,EQ,,,,,360ONEAMC - GOLD360,138.20,139.20,138.05,138.75,139.20,138.20,,138.75,,,3296,456386.35,142,F1,1,,,,,
2026-07-30,2026-07-30,CM,NSE,STK,763602,INF579M01BP5,MSCI360,EQ,,,,,360ONEAMC - MSCI360,10.18,10.20,10.09,10.18,10.19,10.16,,10.19,,,225,2291.50,13,F1,1,,,,,
2026-07-30,2026-07-30,CM,NSE,STK,756150,INF579M01BC3,SILVER360,EQ,,,,,360ONEAMC - SILVER360,212.40,212.70,210.48,212.19,212.70,212.60,,212.19,,,18165,3841305.89,439,F1,1,,,,,
2026-07-30,2026-07-30,CM,NSE,STK,762518,INE994E01018,3BBLACKBIO,EQ,,,,,3B BLACKBIO DX LTD.,1272.00,1277.00,1243.00,1250.00,1249.40,1270.90,,1250.00,,,3705,4649910.90,481,F1,1,,,,,
2026-07-30,2026-07-30,CM,NSE,STK,6232,INE748C01038,3IINFOLTD,EQ,,,,,3I INFOTECH LIMITED,22.00,22.75,21.52,22.59,22.60,22.11,,22.59,,,1298784,28957142.44,2911,F1,1,,,,,
2026-07-30,2026-07-30,CM,NSE,STK,474,INE470A01017,3MINDIA,EQ,,,,,3M INDIA LIMITED,35425.00,35635.00,34810.00,34940.00,34870.00,35425.00,,34930.00,,,1703,59647075.00,1126,F1,1,,,,,
2026-07-30,2026-07-30,CM,NSE,STK,2595,INE105C01023,3PLAND,EQ,,,,,3P LAND HOLDINGS LIMITED,32.50,32.50,31.60,31.79,31.62,32.28,,31.79,,,1256,40024.37,46,F1,1,,,,,
2026-07-30,2026-07-30,CM,NSE,STK,445,INE618L01018,5PAISA,EQ,,,,,5PAISA CAPITAL LIMITED,349.70,351.00,344.00,347.00,346.10,348.40,,347.00,,,42557,14774586.80,1705,F1,1,,,,,
2026-07-30,2026-07-30,CM,NSE,STK,11868,INE111B01023,63MOONS,EQ,,,,,63 MOONS TECHNOLOGIES LTD,790.00,874.05,772.45,847.35,850.00,778.45,,847.35,,,9665398,8166824651.80,237411,F1,1,,,,,
2026-07-30,2026-07-30,CM,NSE,STK,19974,INE134E07349,736PFCL28,N2,,,,,7.36% TAX FREE NCD,1066.05,1066.05,1066.00,1066.00,1066.00,1066.05,,1066.00,,,223,237728.00,7,F1,1,,,,,
2026-07-30,2026-07-30,CM,NSE,STK,19926,INE020B07JU4,743REC35,NH,,,,,7.43% TAX FREE TRI SR3B,1177.30,1190.02,1177.30,1185.00,1185.00,1200.00,,1190.00,,,234,275667.80,4,F1,1,,,,,
2026-07-30,2026-07-30,CM,NSE,STK,19976,INE134E07588,760PFCL35,N3,,,,,7.60% TAX FREE NCD,1202.53,1203.04,1202.53,1203.04,1203.04,1202.53,,1203.04,,,399,479870.88,4,F1,1,,,,,
2026-07-30,2026-07-30,CM,NSE,STK,19928,INE031A07AO5,764HUDCO31,N8,,,,,7.64% TAX FREETRI SR2B,1116.00,1118.00,1115.02,1115.02,1115.02,1114.03,,1116.51,,,264,295141.06,4,F1,1,,,,,
2026-07-30,2026-07-30,CM,NSE,STK,19930,INE031A07AT4,769HUDCO31,N9,,,,,7.69% TAX FREETRII SR2B,1129.35,1129.35,1129.30,1129.32,1129.30,1129.91,,1129.32,,,12,13552.00,3,F1,1,,,,,
2026-07-30,2026-07-30,CM,NSE,STK,20030,INE202E07229,774IREDA31,N7,,,,,7.74% TAX FREE NCD,1120.00,1121.01,1120.00,1121.01,1121.01,1118.00,,1121.01,,,600,672196.05,7,F1,1,,,,,
2026-07-30,2026-07-30,CM,NSE,STK,19924,INE020B07GH7,812REC27,NI,,,,,8.12/8.32% TAX FREE NCD,1022.00,1022.00,1021.00,1021.60,1021.60,1022.00,,1021.60,,,1864,1904442.10,17,F1,1,,,,,
2026-07-30,2026-07-30,CM,NSE,STK,20022,INE134E07208,830PFCL27,N5,,,,,8.30% TAX FREE NCD,1076.50,1076.50,1076.50,1076.50,1076.50,1075.51,,1076.25,,,20,21530.00,1,F1,1,,,,,
2026-07-30,2026-07-30,CM,NSE,STK,31766,INE733E07JI1,873NTPC28,N5,,,,,8.73%S-R-NCD SERIES 2B,1116.21,1116.21,1116.20,1116.20,1116.20,1288.97,,1116.20,,,1000,1116205.00,2,F1,1,,,,,
2026-07-30,2026-07-30,CM,NSE,STK,192,INE906B07DF8,875NHAI29,N6,,,,,8.75% TAX FREE TR I S IIB,1111.00,1114.99,1110.11,1114.99,1114.99,1110.60,,1114.99,,,477,530366.96,22,F1,1,,,,,
2026-07-30,2026-07-30,CM,NSE,STK,19968,INE031A07949,876HUDCO28,ND,,,,,8.76% TAX FREETRI SR2B,1141.00,1141.00,1137.00,1140.98,1140.98,1141.00,,1140.98,,,27,30718.98,3,F1,1,,,,,
2026-07-30,2026-07-30,CM,NSE,STK,20058,INE787H07370,891IIFCL34,N4,,,,,8.91% TAX FREE NCD,1255.00,1255.00,1250.00,1252.00,1252.00,1252.85,,1252.00,,,371,464404.00,9,F1,1,,,,,
2026-07-30,2026-07-30,CM,NSE,STK,31768,INE733E07JJ9,891NTPC33,N6,,,,,8.91%S-R-NCD SERIES 3B,1277.00,1277.00,1275.10,1276.68,1275.10,1277.00,,1276.68,,,12,15320.20,2,F1,1,,,,,
2026-07-30,2026-07-30,CM,NSE,STK,20028,INE134E07463,892PFCL33,N8,,,,,8.92% TAX FREE NCD,1277.35,1278.00,1277.10,1277.20,1277.21,1276.61,,1277.20,,,275,351229.72,14,F1,1,,,,,
2026-07-30,2026-07-30,CM,NSE,STK,19970,INE031A07AB2,901HUDCO34,NE,,,,,9.01% TAX FREETRII SR3B,1285.99,1287.98,1271.00,1284.85,1271.00,1285.99,,1284.71,,,335,430887.90,8,F1,1,,,,,
2026-07-30,2026-07-30,CM,NSE,STK,759130,INE08PH01015,ABCOTS,EQ,,,,,A B COTSPIN INDIA LIMITED,203.90,203.90,198.98,199.49,198.98,200.65,,199.50,,,7460,1492531.42,258,F1,1,,,,,
2026-07-30,2026-07-30,CM,NSE,STK,27020,INE00YB01025,ABINFRA,EQ,,,,,A B INFRABUILD LIMITED,10.03,10.14,10.00,10.09,10.04,10.06,,10.09,,,1212155,12232423.47,539,F1,1,,,,,
2026-07-30,2026-07-30,CM,NSE,STK,762528,INE850B01026,ABMKNO,EQ,,,,,A B M KNOWLEDGEWARE LTD.,200.00,200.00,192.00,196.85,195.00,194.60,,196.85,,,235,45663.36,18,F1,1,,,,,
2026-07-30,2026-07-30,CM,NSE,STK,762533,INE366C01021,ACSTECH,EQ,,,,,A C S TECHNOLOGIES LTD.,39.50,40.61,39.50,39.91,39.95,39.53,,39.91,,,107242,4257451.16,203,F1,1,,,,,
2026-07-30,2026-07-30,CM,NSE,STK,762538,INE701G01012,AKCAPIT,EQ,,,,,A K CAPITAL SERVICES LTD.,1702.20,1765.00,1679.70,1693.90,1680.00,1708.40,,1703.40,,,5779,9852719.10,699,F1,1,,,,,
2026-07-30,2026-07-30,CM,NSE,STK,20906,INE619I01012,A2ZINFRA,EQ,,,,,A2Z INFRA ENGINEERING LTD,13.70,14.58,13.37,14.58,14.58,13.26,,14.62,,,366233,5193810.87,566,F1,1,,,,,
2026-07-30,2026-07-30,CM,NSE,STK,12533,INE0D0U01013,AAATECH,EQ,,,,,AAA TECHNOLOGIES LIMITED,89.42,89.65,88.02,88.60,89.17,89.32,,88.63,,,6867,609589.87,229,F1,1,,,,,
2026-07-30,2026-07-30,CM,NSE,STK,23729,INE883F01010,AADHARHFC,EQ,,,,,AADHAR HOUSING FINANCE L,494.60,499.00,487.10,490.75,499.00,494.55,,490.75,,,430815,211551965.80,14719,F1,1,,,,,
2026-07-30,2026-07-30,CM,NSE,STK,757579,INE1GYP01013,AAKAAR,SM,,,,,AAKAAR MEDICAL TECHNO LTD,64.65,68.00,64.65,68.00,68.00,68.00,,68.00,,,9600,642640.00,6,F1,1600,,,,,
2026-07-30,2026-07-30,CM,NSE,STK,235,INE087Z01024,AAKASH,EQ,,,,,AAKASH EXPLORATION SER L,8.75,9.17,8.75,8.92,8.97,8.86,,8.92,,,51521,464169.18,242,F1,1,,,,,
2026-07-30,2026-07-30,CM,NSE,STK,758120,INE124401014,AARADHYA,SM,,,,,AARADHYA DISPOSAL INDUS L,75.00,75.00,74.00,74.00,74.00,75.00,,74.00,,,6000,445440.00,5,F1,1200,,,,,
2026-07-30,2026-07-30,CM,NSE,STK,5248,INE198H01019,AAREYDRUGS,BE,,,,,AAREY DRUGS & PHARM LTD,75.24,77.12,74.10,77.12,77.12,75.61,,77.47,,,104980,8090079.14,62,F1,1,,,,,
2026-07-30,2026-07-30,CM,NSE,STK,761821,INE750R01016,AARNAV,EQ,,,,,AARNAV FASHIONS LIMITED,29.15,31.78,29.15,31.13,30.85,29.15,,31.10,,,92027,2827402.83,1061,F1,1,,,,,
2026-07-30,2026-07-30,CM,NSE,STK,1030,INE721Z01010,AARON,EQ,,,,,AARON INDUSTRIES LIMITED,137.40,137.48,127.45,131.28,131.60,134.78,,131.28,,,20559,2689839.01,595,F1,1,,,,,
2026-07-30,2026-07-30,CM,NSE,STK,17164,INE01C001026,AARTECH,BE,,,,,AARTECH SOLONICS LIMITED,46.11,47.25,45.00,45.16,45.89,46.11,,45.16,,,6504,295126.91,103,F1,1,,,,,
2026-07-30,2026-07-30,CM,NSE,STK,4481,INE767A01016,AARTIDRUGS,EQ,,,,,AARTI DRUGS LTD.,414.40,420.70,411.05,412.80,415.00,411.25,,412.80,,,175980,73183368.30,5222,F1,1,,,,,
2026-07-30,2026-07-30,CM,NSE,STK,7,INE769A01020,AARTIIND,EQ,,,,,AARTI INDUSTRIES LTD,486.00,488.95,476.80,480.20,481.10,485.50,,480.20,,,479304,230229470.20,20665,F1,1,,,,,
2026-07-30,2026-07-30,CM,NSE,STK,13868,INE0LRU01027,AARTIPHARM,EQ,,,,,AARTI PHARMALABS LIMITED,680.15,686.40,672.75,674.30,674.50,682.95,,674.30,,,84003,56931108.20,7641,F1,1,,,,,
2026-07-30,2026-07-30,CM,NSE,STK,19233,INE09EO01013,AARTISURF,EQ,,,,,AARTI SURFACTANTS LIMITED,394.00,398.90,387.70,393.15,392.00,390.50,,393.10,,,7083,2770567.15,294,F1,1,,,,,
2026-07-30,2026-07-30,CM,NSE,STK,19073,INE754X01016,AARVI,EQ,,,,,AARVI ENCON LIMITED,152.31,155.99,151.00,151.89,151.00,152.31,,151.89,,,38327,5862205.03,1137,F1,1,,,,,
2026-07-30,2026-07-30,CM,NSE,STK,763800,INE2FMX01012,AASTHA,EQ,,,,,AASTHA SPINTEX LIMITED,77.17,77.81,75.27,76.62,76.50,76.09,,76.62,,,1073052,82163113.75,6424,F1,1,,,,,
2026-07-30,2026-07-30,CM,NSE,STK,5385,INE216P01012,AAVAS,EQ,,,,,AAVAS FINANCIERS LIMITED,1387.30,1387.40,1355.00,1362.60,1358.30,1387.30,,1362.60,,,32568,44596602.20,6547,F1,1,,,,,
2026-07-30,2026-07-30,CM,NSE,STK,7759,INE421A01028,ABAN,BE,,,,,ABAN OFFSHORE LTD.,15.38,15.38,15.00,15.04,15.01,15.30,,15.04,,,23502,355213.24,208,F1,1,,,,,
2026-07-30,2026-07-30,CM,NSE,STK,762526,INE365O01028,ABANSENT,BE,,,,,ABANS ENTERPRISES LTD.,25.41,27.45,25.33,26.44,27.00,26.66,,26.44,,,18421,472253.58,80,F1,1,,,,,
2026-07-30,2026-07-30,CM,NSE,STK,13288,INE00ZE01026,AFSL,EQ,,,,,ABANS FINANCIAL SRVCS LTD,201.47,201.77,201.00,201.00,201.00,201.00,,201.00,,,19534,3926578.88,68,F1,1,,,,,
2026-07-30,2026-07-30,CM,NSE,STK,13,INE117A01022,ABB,EQ,,,,,ABB INDIA LIMITED,7332.00,7332.00,7195.00,7291.50,7290.00,7310.50,,7291.50,,,335960,2441007248.50,40794,F1,1,,,,,
2026-07-30,2026-07-30,CM,NSE,STK,17903,INE358A01014,ABBOTINDIA,EQ,,,,,ABBOTT INDIA LIMITED,27745.00,27865.00,27500.00,27555.00,27595.00,27745.00,,27555.00,,,3567,98677260.00,1886,F1,1,,,,,
2026-07-30,2026-07-30,CM,NSE,STK,27284,INE0UYG01015,ABHAPOWER,SM,,,,,ABHA POWER N STEEL LTD,24.70,24.70,24.65,24.65,24.65,24.30,,24.65,,,4800,118400.00,3,F1,1600,,,,,
2026-07-30,2026-07-30,CM,NSE,STK,4654,INE0CAJ01017,AILIMITED,ST,,,,,ABHISHEK INTEGRATIONS LTD,35.70,35.70,35.70,35.70,35.70,37.55,,35.70,,,1500,53550.00,1,F1,1500,,,,,
2026-07-30,2026-07-30,CM,NSE,STK,5549,INE251C01025,ABMINTLLTD,EQ,,,,,ABM INTERNATIONAL LTD,46.99,46.99,44.15,44.51,44.74,42.98,,44.51,,,708,31885.85,24,F1,1,,,,,
2026-07-30,2026-07-30,CM,NSE,STK,23786,INE0QRV01016,ABSMARINE,ST,,,,,ABS MARINE SERVICES LTD,216.15,224.40,216.15,221.00,221.00,218.05,,221.00,,,19500,4296550.00,34,F1,500,,,,,
2026-07-30,2026-07-30,CM,NSE,STK,22,INE012A01025,ACC,EQ,,,,,ACC LIMITED,1370.80,1370.80,1345.30,1356.50,1359.60,1370.80,,1356.50,,,166715,225525651.90,11371,F1,1,,,,,
2026-07-30,2026-07-30,CM,NSE,STK,7053,INE793A01012,ACCELYA,EQ,,,,,ACCELYA SOLN INDIA LTD,1150.60,1165.00,1140.10,1142.50,1144.60,1164.80,,1142.40,,,9490,10904726.60,1215,F1,1,,,,,
2026-07-30,2026-07-30,CM,NSE,STK,20488,INE0Q5D01013,ACCENTMIC,SM,,,,,ACCENT MICROCELL LIMITED,500.00,500.00,490.00,494.45,495.75,492.05,,494.45,,,31000,15365100.00,57,F1,500,,,,,
2026-07-30,2026-07-30,CM,NSE,STK,757024,INE0T8T01010,ACCPL,ST,,,,,ACCRETION PHARMA LIMITED,163.05,163.05,163.00,163.00,163.00,165.00,,163.00,,,3600,586920.00,3,F1,1200,,,,,
2026-07-30,2026-07-30,CM,NSE,STK,1472,INE648Z01023,ACCURACY,BE,,,,,ACCURACY SHIPPING LIMITED,4.91,4.91,4.72,4.83,4.85,4.91,,4.83,,,40927,196759.07,147,F1,1,,,,,
2026-07-30,2026-07-30,CM,NSE,STK,11779,INE543V01017,ACEINTEG,EQ,,,,,ACE INTEGRATED SOLU. LTD.,19.70,19.87,19.00,19.15,19.05,19.87,,19.15,,,6486,124507.08,66,F1,1,,,,,
2026-07-30,2026-07-30,CM,NSE,STK,27061,INE622W01025,ACMESOLAR,EQ,,,,,ACME SOLAR HOLDINGS LTD,361.00,366.80,347.80,360.70,361.15,366.65,,360.70,,,5921663,2119392212.55,102789,F1,1,,,,,
2026-07-30,2026-07-30,CM,NSE,STK,13587,INE731H01025,ACE,EQ,,,,,ACTION CONST EQUIP LTD,1054.30,1068.50,1033.10,1057.20,1063.10,1051.30,,1057.50,,,236732,247909567.20,13552,F1,1,,,,,
2026-07-30,2026-07-30,CM,NSE,STK,30464,INE0KLO01025,ACTIVEINFR,SM,,,,,ACTIVE INFRASTRUCTURES L,171.00,171.00,171.00,171.00,171.00,171.00,,171.00,,,600,102600.00,1,F1,600,,,,,
2026-07-30,2026-07-30,CM,NSE,STK,5578,INE00FF01025,ACUTAAS,EQ,,,,,ACUTAAS CHEMICALS LIMITED,3309.70,3331.00,3150.00,3233.80,3232.10,3306.20,,3233.80,,,373038,1196356734.80,31786,F1,1,,,,,
2026-07-30,2026-07-30,CM,NSE,STK,10217,INE931S01010,ADANIENSOL,EQ,,,,,ADANI ENERGY SOLUTION LTD,1667.80,1674.70,1633.00,1659.00,1652.00,1667.80,,1659.00,,,1361733,2256028392.10,44082,F1,1,,,,,
2026-07-30,2026-07-30,CM,NSE,STK,25,INE423A01024,ADANIENT,EQ,,,,,ADANI ENTERPRISES LIMITED,3024.50,3060.90,2994.60,3049.10,3050.00,3024.50,,3049.10,,,1278332,3882685133.40,67080,F1,1,,,,,
2026-07-30,2026-07-30,CM,NSE,STK,3563,INE364U01010,ADANIGREEN,EQ,,,,,ADANI GREEN ENERGY LTD,1374.00,1374.00,1350.00,1358.70,1358.10,1373.10,,1358.70,,,1194084,1625013118.70,36549,F1,1,,,,,
2026-07-30,2026-07-30,CM,NSE,STK,15083,INE742F01042,ADANIPORTS,EQ,,,,,ADANI PORT & SEZ LTD,1726.70,1727.70,1658.40,1664.10,1661.50,1719.70,,1664.10,,,5395211,9016668545.60,236440,F1,1,,,,,
2026-07-30,2026-07-30,CM,NSE,STK,17388,INE814H01029,ADANIPOWER,EQ,,,,,ADANI POWER LTD,209.20,211.20,207.11,208.97,209.00,209.52,,208.97,,,17581232,3679448168.45,80218,F1,1,,,,,
2026-07-30,2026-07-30,CM,NSE,STK,6066,INE399L01023,ATGL,EQ,,,,,ADANI TOTAL GAS LIMITED,653.00,654.35,645.70,650.15,649.70,655.90,,650.15,,,575298,373573439.70,17716,F1,1,,,,,
2026-07-30,2026-07-30,CM,NSE,STK,22468,INE0RDH01021,ADDICTIVE,SM,,,,,ADDICTIVE LEARNING TECH L,40.75,42.00,40.45,40.45,40.45,42.00,,40.45,,,2000,81900.00,4,F1,500,,,,,
2026-07-30,2026-07-30,CM,NSE,STK,19761,INE982B01027,ADFFOODS,EQ,,,,,ADF FOODS LIMITED,295.00,295.00,260.00,262.35,262.15,301.80,,262.40,,,1301909,350259828.20,27184,F1,1,,,,,
2026-07-30,2026-07-30,CM,NSE,STK,763156,INE20PL01012,ADISOFT,SM,,,,,ADISOFT TECHNOLOGIES LTD,178.90,186.65,176.00,180.60,180.50,176.65,,180.60,,,30400,5477000.00,37,F1,800,,,,,
2026-07-30,2026-07-30,CM,NSE,STK,6018,INE404A01024,ABSLAMC,EQ,,,,,ADIT BIRL SUN LIF AMC LTD,1020.00,1025.50,1006.10,1008.80,1013.00,1017.50,,1008.80,,,72834,73968383.70,7260,F1,1,,,,,
2026-07-30,2026-07-30,CM,NSE,STK,21614,INE674K01013,ABCAPITAL,EQ,,,,,ADITYA BIRLA CAPITAL LTD.,397.00,398.40,391.60,394.05,393.95,397.60,,394.05,,,1163657,458529846.10,28581,F1,1,,,,,
2026-07-30,2026-07-30,CM,NSE,STK,30108,INE647O01011,ABFRL,EQ,,,,,ADITYA BIRLA FASHION & RT,58.00,61.01,57.65,58.94,58.99,58.06,,58.94,,,16427760,977650011.92,57786,F1,1,,,,,
2026-07-30,2026-07-30,CM,NSE,STK,756843,INE14LE01019,ABLBL,EQ,,,,,ADITYA BIRLA LIFES BRAN L,95.00,97.40,94.10,94.45,94.30,95.43,,94.45,,,1638999,155826868.93,12054,F1,1,,,,,
2026-07-30,2026-07-30,CM,NSE,STK,15239,INE865C01022,BIRLAMONEY,EQ,,,,,ADITYA BIRLA MONEY LTD,132.00,134.13,130.11,131.25,131.21,131.80,,131.25,,,57365,7590415.45,1463,F1,1,,,,,
2026-07-30,2026-07-30,CM,NSE,STK,625,INE055A01016,ABREL,EQ,,,,,ADITYA BIRLA REAL EST LTD,1405.00,1407.40,1364.90,1378.10,1365.00,1405.60,,1377.60,,,74591,103001261.70,6286,F1,1,,,,,
2026-07-30,2026-07-30,CM,NSE,STK,758858,INE819V01029,CPPLUS,EQ,,,,,ADITYA INFOTECH LIMITED,3407.90,3448.00,3253.80,3259.80,3253.80,3425.00,,3259.60,,,246218,810802640.40,33862,F1,1,,,,,
2026-07-30,2026-07-30,CM,NSE,STK,25984,INE679V01027,AVL,EQ,,,,,ADITYA VISION LIMITED,631.40,631.45,615.55,625.35,627.30,626.30,,625.35,,,157654,98345974.95,8529,F1,1,,,,,
2026-07-30,2026-07-30,CM,NSE,STK,23804,INF209KB18D3,BSLGOLDETF,EQ,,,,,ADITYBIRLA SL GOLD ETF-GR,124.30,124.95,124.17,124.82,124.80,124.29,,124.82,,,30414,3790944.88,944,F1,1,,,,,
2026-07-30,2026-07-30,CM,NSE,STK,24781,INF209KB19D1,BSLNIFTY,EQ,,,,,ADITYBIRLA SL NIF ETF-GR,28.46,28.51,28.31,28.48,28.51,28.41,,28.48,,,1168537,33271351.47,4300,F1,1,,,,,
2026-07-30,2026-07-30,CM,NSE,STK,34,INE045A01017,ADOR,EQ,,,,,ADOR WELDING LTD,1410.00,1495.00,1402.00,1480.20,1479.40,1423.40,,1480.30,,,64061,93791674.50,5598,F1,1,,,,,
2026-07-30,2026-07-30,CM,NSE,STK,4953,INE737B01033,ADROITINFO,EQ,,,,,ADROIT INFOTECH LIMITED,9.69,10.48,9.09,9.71,9.99,9.55,,9.70,,,84744,830917.60,297,F1,1,,,,,
2026-07-30,2026-07-30,CM,NSE,STK,760657,INE0ALI01010,ADVAIT,EQ,,,,,ADVAIT ENRGY TRANSITION L,2253.00,2253.00,2159.70,2178.30,2173.00,2258.60,,2178.50,,,23952,52674849.90,3735,F1,1,,,,,
2026-07-30,2026-07-30,CM,NSE,STK,759402,INE1B0W01010,ADVANCE,EQ,,,,,ADVANCE AGROLIFE LIMITED,119.90,123.00,118.01,119.40,119.80,118.20,,119.38,,,550457,66349700.38,6204,F1,1,,,,,
2026-07-30,2026-07-30,CM,NSE,STK,18039,INE837H01020,ADVENZYMES,EQ,,,,,ADVANCED ENZYME TECH LTD,310.00,310.05,304.35,306.20,307.95,310.80,,306.20,,,122646,37539653.75,3076,F1,1,,,,,
2026-07-30,2026-07-30,CM,NSE,STK,14745,INE199C01026,ADVANIHOTR,EQ,,,,,ADVANI HOT.& RES.(I) LTD,51.44,51.97,51.00,51.28,51.15,51.19,,51.29,,,21141,1081664.54,356,F1,1,,,,,
2026-07-30,2026-07-30,CM,NSE,STK,759769,INE28GN01010,ADVENTHTL,EQ,,,,,ADVENT HOTELS INTERNATI L,149.00,149.01,147.00,147.64,148.00,149.55,,147.68,,,37115,5487915.75,855,F1,1,,,,,
2026-07-30,2026-07-30,CM,NSE,STK,762227,INE1SJO01012,RAMBHAJO,EQ,,,,,ADVIT JEWELS LIMITED,182.00,184.14,176.50,177.98,176.98,185.93,,177.99,,,367270,65998477.38,5373,F1,1,,,,,
2026-07-30,2026-07-30,CM,NSE,STK,40,INE208C01025,AEGISLOG,EQ,,,,,AEGIS LOGISTICS LIMITED,1289.20,1290.50,1242.80,1249.30,1255.00,1282.60,,1249.30,,,434750,548007773.80,21356,F1,1,,,,,
2026-07-30,2026-07-30,CM,NSE,STK,757336,INE0INX01018,AEGISVOPAK,EQ,,,,,AEGIS VOPAK TERMINALS LTD,297.70,298.00,290.50,292.30,292.00,295.41,,292.30,,,658184,192590422.61,10948,F1,1,,,,,
2026-07-30,2026-07-30,CM,NSE,STK,761347,INE423A07542,AEL1212026,NO,,,,,AEL 0% 2031 SR VIII,1029.00,1029.00,1029.00,1029.00,1029.00,1029.00,,1020.00,,,100,102900.00,1,F1,1,,,,,
2026-07-30,2026-07-30,CM,NSE,STK,757871,INE423A07427,885AEL28,NB,,,,,AEL 8.85% 2028 SR III,1010.16,1010.16,1010.16,1010.16,1010.16,1010.16,,1010.16,,,8,8081.28,1,F1,1,,,,,
2026-07-30,2026-07-30,CM,NSE,STK,761346,INE423A07526,890AEL31,NN,,,,,AEL 8.90% 2031 SR VII,1045.00,1048.50,1045.00,1048.50,1048.50,1046.00,,1048.50,,,71,74345.00,5,F1,1,,,,,
2026-07-30,2026-07-30,CM,NSE,STK,757875,INE423A07393,930AEL30,NF,,,,,AEL 9.3% 2030 SR VII,1035.00,1035.00,1035.00,1035.00,1035.00,1036.00,,1035.00,,,8,8280.00,1,F1,1,,,,,
2026-07-30,2026-07-30,CM,NSE,STK,760234,INE947N01017,AEQUS,EQ,,,,,AEQUS LIMITED,215.00,229.88,215.00,228.38,228.10,229.12,,228.39,,,4407373,984600026.38,44787,F1,1,,,,,
2026-07-30,2026-07-30,CM,NSE,STK,12015,INE065D01027,AEROENTER,EQ,,,,,AEROFLEX ENTERPRISES LTD,122.34,122.34,118.01,118.95,118.40,122.14,,118.96,,,291629,34834800.90,3970,F1,1,,,,,
2026-07-30,2026-07-30,CM,NSE,STK,18268,INE024001021,AEROFLEX,EQ,,,,,AEROFLEX INDUSTRIES LTD,451.70,452.40,422.30,426.60,424.95,450.60,,426.65,,,1530758,663527636.70,25799,F1,1,,,,,
2026-07-30,2026-07-30,CM,NSE,STK,13689,INE035801013,AERONEU,EQ,,,,,AEROFLEX NEU LIMITED,86.01,86.40,84.21,85.32,85.20,85.64,,85.32,,,55591,4736714.75,1365,F1,1,,,,,
2026-07-30,2026-07-30,CM,NSE,STK,25065,INE0WL801011,AERON,SM,,,,,AERON COMPOSITE LIMITED,77.00,77.00,76.10,76.45,76.20,80.00,,76.45,,,11000,842250.00,11,F1,1000,,,,,
2026-07-30,2026-07-30,CM,NSE,STK,24830,INE0TSF01011,AESTHETIK,SM,,,,,AESTHETIK ENGINEERS LTD,72.00,72.00,72.00,72.00,72.00,72.00,,72.00,,,1000,72000.00,1,F1,1000,,,,,
2026-07-30,2026-07-30,CM,NSE,STK,9810,INE0BWX01014,AETHER,EQ,,,,,AETHER INDUSTRIES LIMITED,1495.00,1525.00,1466.30,1490.80,1491.00,1490.70,,1490.70,,,455177,682858712.60,26969,F1,1,,,,,
2026-07-30,2026-07-30,CM,NSE,STK,25977,INE101I01011,AFCONS,EQ,,,,,AFCONS INFRASTRUCTURE LTD,279.80,281.65,271.10,273.25,273.35,282.75,,273.25,,,842812,231818696.00,16708,F1,1,,,,,
2026-07-30,2026-07-30,CM,NSE,STK,11343,INE00WC01027,AFFLE,EQ,,,,,AFFLE 3I LIMITED,1644.90,1665.10,1615.00,1622.70,1615.00,1654.30,,1622.70,,,307160,502936693.10,37291,F1,1,,,,,
2026-07-30,2026-07-30,CM,NSE,STK,25857,INE692Z01013,AFFORDABLE,BE,,,,,AFFORD ROBO & AUTO LTD,180.80,183.86,177.10,181.60,183.55,178.77,,181.80,,,9808,1778257.45,134,F1,1,,,,,
2026-07-30,2026-07-30,CM,NSE,STK,760459,INE916Y07065,1150AFIL28,N0,,,,,AFIL 11.50% 2028 SR 05,9850.00,9850.00,9850.00,9850.00,9850.00,9821.00,,9850.00,,,5,49250.00,2,F1,1,,,,,
2026-07-30,2026-07-30,CM,NSE,STK,759098,INE916Y07040,12AFIL27A,N0,,,,,AFIL 12% 2027,10095.67,10095.67,10095.67,10095.67,10095.67,9925.00,,10095.67,,,6,60574.02,3,F1,1,,,,,
2026-07-30,2026-07-30,CM,NSE,STK,759446,INE916Y07032,12AFIL27,N0,,,,,AFIL 12% 2027 SR 1,9950.00,9950.00,9950.00,9950.00,9950.00,10175.00,,9950.00,,,1,9950.00,1,F1,1,,,,,
2026-07-30,2026-07-30,CM,NSE,STK,759283,INE916Y07057,12AFIL28,N0,,,,,AFIL 12% 2028,9900.01,10000.00,9900.00,10000.00,10000.00,10028.00,,10000.00,,,12,118900.05,4,F1,1,,,,,
2026-07-30,2026-07-30,CM,NSE,STK,3389,INE204E01012,AGARIND,EQ,,,,,AGARWAL INDS CORP LTD.,506.00,508.90,495.00,501.35,502.80,506.75,,501.40,,,43317,21705791.85,2351,F1,1,,,,,
2026-07-30,2026-07-30,CM,NSE,STK,27309,INE0P8X01016,AGARWALTUF,SM,,,,,AGARWAL TOUGH GLASS IND L,130.10,137.50,130.05,134.95,134.20,132.35,,134.95,,,69600,9323940.00,58,F1,1200,,,,,
2026-07-30,2026-07-30,CM,NSE,STK,1412,INE415A01038,AGI,EQ,,,,,AGI GREENPAC LIMITED,713.00,713.00,698.85,705.15,704.00,710.95,,705.15,,,93873,66194760.40,3701,F1,1,,,,,
2026-07-30,2026-07-30,CM,NSE,STK,24445,INE976R01033,AGIIL,EQ,,,,,AGI INFRA LIMITED,308.00,312.15,301.50,310.20,312.00,305.35,,310.20,,,1889111,579514641.15,14841,F1,1,,,,,
2026-07-30,2026-07-30,CM,NSE,STK,10491,INE0LF301013,AGNI,SM,,,,,AGNI GREEN POWER LTD,16.65,17.50,16.65,16.75,16.75,17.50,,16.75,,,10000,169875.00,4,F1,2500,,,,,
2026-07-30,2026-07-30,CM,NSE,STK,11076,INE449G01018,AGRITECH,BE,,,,,AGRI-TECH (INDIA) LIMITED,110.47,111.05,109.01,111.05,111.05,110.47,,110.39,,,821,90918.56,28,F1,1,,,,,
2026-07-30,2026-07-30,CM,NSE,STK,9046,INE740V01019,AGROPHOS,EQ,,,,,AGRO PHOS INDIA LIMITED,28.77,29.71,28.40,28.67,28.43,28.63,,28.67,,,18187,530546.89,187,F1,1,,,,,
2026-07-30,2026-07-30,CM,NSE,STK,2004,INE00PV01013,AHLADA,EQ,,,,,AHLADA ENGINEERS LIMITED,36.82,38.20,35.80,36.40,36.02,36.82,,36.40,,,10507,387300.77,170,F1,1,,,,,
2026-07-30,2026-07-30,CM,NSE,STK,17833,INE758C01029,AHLUCONT,EQ,,,,,AHLUWALIA CONT IND LTD,820.00,827.50,808.95,819.30,824.40,817.40,,819.25,,,18951,15473231.55,3836,F1,1,,,,,
2026-07-30,2026-07-30,CM,NSE,STK,13086,INE212H01026,AIAENG,EQ,,,,,AIA ENGINEERING LIMITED,4663.50,4663.50,4520.00,4563.50,4548.50,4643.50,,4563.50,,,48433,221934020.50,13385,F1,1,,,,,
2026-07-30,2026-07-30,CM,NSE,STK,23984,INE0RUV01018,AIMTRON,SM,,,,,AIMTRON ELECTRONICS LTD,1367.80,1389.40,1338.00,1361.35,1355.50,1361.00,,1361.35,,,18800,25460270.00,90,F1,200,,,,,
2026-07-30,2026-07-30,CM,NSE,STK,9878,INE805A01014,GOLDTECH,BE,,,,,AION-TECH SOLUTIONS LTD,55.00,57.50,55.00,55.92,56.52,55.46,,55.92,,,8139,456044.71,66,F1,1,,,,,
2026-07-30,2026-07-30,CM,NSE,STK,9897,INE645W01026,AIRAN,EQ,,,,,AIRAN LIMITED,15.04,15.25,15.04,15.06,15.06,15.04,,15.06,,,23901,361362.51,192,F1,1,,,,,
2026-07-30,2026-07-30,CM,NSE,STK,6068,INE801L01010,AIROLAM,EQ,,,,,AIRO LAM LIMITED,86.15,88.50,86.01,86.06,86.06,86.15,,86.06,,,237,20623.26,9,F1,1,,,,,
2026-07-30,2026-07-30,CM,NSE,STK,8124,INE031B01049,AJANTPHARM,EQ,,,,,AJANTA PHARMA LIMITED,3397.00,3531.90,3355.10,3436.40,3442.00,3396.50,,3436.00,,,401183,1389838993.30,52221,F1,1,,,,,
2026-07-30,2026-07-30,CM,NSE,STK,29624,INE274Y01021,AJAXENGG,EQ,,,,,AJAX ENGINEERING LIMITED,579.95,583.00,573.00,581.25,580.90,576.65,,581.25,,,29669,17179846.90,2500,F1,1,,,,,
2026-07-30,2026-07-30,CM,NSE,STK,17307,INE298G01035,AJMERA,EQ,,,,,AJMERA REALTY & INF I LTD,127.70,127.99,125.00,125.46,125.38,128.17,,125.46,,,142210,17904089.49,2066,F1,1,,,,,
2026-07-30,2026-07-30,CM,NSE,STK,3403,INE820Y01021,AJOONI,EQ,,,,,AJOONI BIOTECH LIMITED,3.99,4.12,3.91,4.02,3.99,3.96,,4.02,,,485266,1960457.32,440,F1,1,,,,,
2026-07-30,2026-07-30,CM,NSE,STK,21132,INE0PCY01014,AKANKSHA,ST,,,,,AKANKSHA POWER N INFRA L,83.00,87.00,83.00,87.00,87.00,83.00,,87.00,,,7000,595750.00,6,F1,1000,,,,,
2026-07-30,2026-07-30,CM,NSE,STK,13510,INE737W01013,AKASH,EQ,,,,,AKASH INFRA-PROJECTS LTD,27.00,27.54,26.79,26.81,26.81,27.24,,26.81,,,8548,231131.94,65,F1,1,,,,,
2026-07-30,2026-07-30,CM,NSE,STK,2176,INE00Y801016,AKG,EQ,,,,,AKG EXIM LIMITED,10.89,10.89,9.71,10.02,10.10,10.00,,10.02,,,14669,147677.71,119,F1,1,,,,,
2026-07-30,2026-07-30,CM,NSE,STK,14890,INE642Z01026,AKI,EQ,,,,,AKI INDIA LIMITED,4.38,4.38,4.12,4.16,4.12,4.18,,4.16,,,61784,258465.68,212,F1,1,,,,,
2026-07-30,2026-07-30,CM,NSE,STK,24307,INE0PMR01017,AKIKO,ST,,,,,AKIKO GLOBAL SERVICES L,360.00,360.00,342.00,345.00,354.00,352.00,,345.00,,,16800,5896720.00,19,F1,800,,,,,
2026-07-30,2026-07-30,CM,NSE,STK,24159,INE916Y01027,AFIL,EQ,,,,,AKME FINTRADE (INDIA) LTD,9.25,9.38,9.14,9.21,9.25,9.38,,9.21,,,207819,1924411.12,448,F1,1,,,,,
2026-07-30,2026-07-30,CM,NSE,STK,8595,INE523B01011,AKSHOPTFBR,BE,,,,,AKSH OPTIFIBRE  LTD,5.50,5.54,5.34,5.34,5.34,5.44,,5.36,,,115177,624829.12,126,F1,1,,,,,
2026-07-30,2026-07-30,CM,NSE,STK,9558,INE256Z01025,AKSHAR,EQ,,,,,AKSHAR SPINTEX LIMITED,0.41,0.41,0.39,0.39,0.40,0.40,,0.39,,,778929,312201.85,278,F1,1,,,,,
2026-07-30,2026-07-30,CM,NSE,STK,20194,INE542B01011,AKSHARCHEM,BE,,,,,AKSHARCHEM INDIA LIMITED,245.00,251.70,235.30,249.62,243.75,246.87,,249.62,,,5586,1382261.00,107,F1,1,,,,,
2026-07-30,2026-07-30,CM,NSE,STK,24715,INE09XN01023,AKUMS,EQ,,,,,AKUMS DRUGS AND PHARMA L,662.50,667.55,658.00,660.60,659.00,664.55,,660.60,,,162088,107418801.10,5720,F1,1,,,,,
2026-07-30,2026-07-30,CM,NSE,STK,9921,INE914E01040,ALANKIT,EQ,,,,,ALANKIT LIMITED,7.89,7.94,7.81,7.88,7.88,7.89,,7.87,,,63415,498705.79,294,F1,1,,,,,
2026-07-30,2026-07-30,CM,NSE,STK,17256,INE155C01010,ALBERTDAVD,EQ,,,,,ALBERT DAVID LIMITED,690.90,693.60,687.95,690.10,690.20,688.75,,689.60,,,459,317044.55,78,F1,1,,,,,
2026-07-30,2026-07-30,CM,NSE,STK,79,INE426A01027,ALEMBICLTD,EQ,,,,,ALEMBIC LIMITED,90.73,90.86,89.50,89.63,89.56,90.28,,89.62,,,196795,17682494.02,1830,F1,1,,,,,
2026-07-30,2026-07-30,CM,NSE,STK,25328,INE901L01018,APLLTD,EQ,,,,,ALEMBIC PHARMA LTD,805.45,808.25,800.05,802.75,803.05,811.95,,802.70,,,46368,37277802.75,5707,F1,1,,,,,
2026-07-30,2026-07-30,CM,NSE,STK,761270,INE598D01035,ALGOQUANT,EQ,,,,,ALGOQUANT FINTECH LIMITED,67.76,69.43,66.10,67.61,67.70,67.57,,67.66,,,1016091,67962489.47,3464,F1,1,,,,,
2026-07-30,2026-07-30,CM,NSE,STK,13656,INE062D01024,ALICON,EQ,,,,,ALICON CASTALLOY LIMITED,681.35,698.00,670.00,680.55,680.75,681.35,,680.55,,,7190,4920998.90,573,F1,1,,,,,
2026-07-30,2026-07-30,CM,NSE,STK,5265,INE03Q201024,ALIVUS,EQ,,,,,ALIVUS LIFE SCIENCES LTD,1119.60,1142.90,1089.80,1095.70,1115.00,1119.60,,1095.70,,,53239,59062869.80,7276,F1,1,,,,,
2026-07-30,2026-07-30,CM,NSE,STK,16963,INE773I01017,ALKALI,BE,,,,,ALKALI METALS LTD,71.34,71.34,71.00,71.25,71.00,70.76,,70.12,,,605,43087.36,29,F1,1,,,,,
2026-07-30,2026-07-30,CM,NSE,STK,11703,INE540L01014,ALKEM,EQ,,,,,ALKEM LABORATORIES LTD.,5689.00,5882.50,5680.00,5816.50,5815.50,5672.50,,5816.50,,,301501,1754698787.00,39278,F1,1,,,,,
2026-07-30,2026-07-30,CM,NSE,STK,4487,INE150B01039,ALKYLAMINE,EQ,,,,,ALKYL AMINES CHEM. LTD,1825.30,1825.30,1782.20,1787.20,1790.00,1817.30,,1787.20,,,16258,29155612.80,3019,F1,1,,,,,
2026-07-30,2026-07-30,CM,NSE,STK,13212,INE0M2X01012,ALLETEC,ST,,,,,ALL E TECHNOLOGIES LTD,134.00,137.00,130.40,136.35,136.00,137.25,,136.35,,,26800,3555880.00,64,F1,400,,,,,
2026-07-30,2026-07-30,CM,NSE,STK,758448,INE0GV601021,ALLTIME,EQ,,,,,ALL TIME PLASTICS LIMITED,231.00,231.00,223.52,224.60,224.00,229.15,,224.60,,,24179,5485260.58,717,F1,1,,,,,
2026-07-30,2026-07-30,CM,NSE,STK,763784,INE1YPB01014,AGL,EQ,,,,,ALLCARGO GLOBAL LIMITED,12.21,12.50,12.10,12.19,12.19,12.48,,12.19,,,1333055,16303029.25,4613,F1,1,,,,,
2026-07-30,2026-07-30,CM,NSE,STK,13501,INE418H01029,ALLCARGO,EQ,,,,,ALLCARGO LOGISTICS LTD,8.00,8.04,7.92,7.94,7.94,8.01,,7.94,,,1720160,13700979.42,3712,F1,1,,,,,
2026-07-30,2026-07-30,CM,NSE,STK,17778,INE0NN701020,ATL,EQ,,,,,ALLCARGO TERMINALS LTD,23.50,23.50,22.83,22.95,22.93,23.39,,22.96,,,49498,1140485.95,359,F1,1,,,,,
2026-07-30,2026-07-30,CM,NSE,STK,11798,INE835G01018,ALLDIGI,EQ,,,,,ALLDIGI TECH LIMITED,880.05,884.65,849.05,855.10,857.50,869.55,,855.20,,,39873,34144467.55,1569,F1,1,,,,,
2026-07-30,2026-07-30,CM,NSE,STK,24308,INE552Z01027,ABDL,EQ,,,,,ALLIED BLEND N DISTILS L,652.00,655.00,637.05,648.45,648.00,644.80,,648.45,,,318327,206609960.55,16983,F1,1,,,,,
2026-07-30,2026-07-30,CM,NSE,STK,14813,INE102I01027,ADSL,EQ,,,,,ALLIED DIGITAL SERV. LTD,113.60,114.58,112.94,113.91,113.75,114.46,,113.91,,,95785,10892763.16,2077,F1,1,,,,,
2026-07-30,2026-07-30,CM,NSE,STK,16719,INE326B01035,ALMONDZ,EQ,,,,,ALMONDZ GLOBAL SEC LTD,15.79,15.79,13.61,14.35,14.20,15.07,,14.38,,,890679,12948634.88,2346,F1,1,,,,,
2026-07-30,2026-07-30,CM,NSE,STK,17675,INE270A01029,ALOKINDS,EQ,,,,,ALOK INDUSTRIES LIMITED,12.00,12.00,11.82,11.85,11.88,12.00,,11.85,,,2010022,23928533.85,5226,F1,1,,,,,
2026-07-30,2026-07-30,CM,NSE,STK,14848,INE385I01010,ALPA,EQ,,,,,ALPA LABORATORIES LTD,68.97,68.97,66.61,67.48,66.61,67.82,,67.48,,,7795,527965.53,122,F1,1,,,,,
2026-07-30,2026-07-30,CM,NSE,STK,22688,INE0R4701017,ALPEXSOLAR,SM,,,,,ALPEX SOLAR LIMITED,830.00,830.00,800.60,821.80,821.00,828.85,,821.80,,,22300,18145695.00,167,F1,100,,,,,
2026-07-30,2026-07-30,CM,NSE,STK,14597,INE137C01018,ALPHAGEO,EQ,,,,,ALPHAGEO (INDIA) LIMITED,210.00,211.00,206.15,207.62,207.15,205.87,,207.13,,,3195,667338.51,192,F1,1,,,,,
2026-07-30,2026-07-30,CM,NSE,STK,764187,INE1JCQ01037,ALPINETEX,BE,,,,,ALPINE TEXWORLD LIMITED,69.69,72.50,69.69,69.69,69.69,73.35,,69.71,,,637522,44524439.67,4876,F1,1,,,,,
2026-07-30,2026-07-30,CM,NSE,STK,23474,INE0STM01017,ALUWIND,SM,,,,,ALUWIND INFRA-TECH LTD,49.00,49.20,48.00,49.20,49.20,50.00,,49.20,,,7500,363825.00,5,F1,1500,,,,,
2026-07-30,2026-07-30,CM,NSE,STK,760740,INE121R01077,AMAGI,EQ,,,,,AMAGI MEDIA LABS LIMITED,653.90,669.00,638.95,658.60,657.75,650.90,,658.70,,,377824,249344122.75,33522,F1,1,,,,,
2026-07-30,2026-07-30,CM,NSE,STK,758910,INE084K01015,AMANTA,BE,,,,,AMANTA HEALTHCARE LIMITED,164.90,165.42,164.90,165.42,165.42,162.18,,165.00,,,38284,6322588.14,145,F1,1,,,,,
2026-07-30,2026-07-30,CM,NSE,STK,100,INE885A01032,ARE&M,EQ,,,,,AMARA RAJA ENERGY MOB LTD,882.90,921.80,875.40,906.85,913.00,882.90,,906.90,,,1646673,1486414968.65,58464,F1,1,,,,,
2026-07-30,2026-07-30,CM,NSE,STK,763256,INE293601014,AMBAAUTO,SM,,,,,AMBA AUTO SALES AND SER L,80.00,87.85,80.00,87.85,87.85,79.90,,87.85,,,66000,5514250.00,42,F1,1000,,,,,
2026-07-30,2026-07-30,CM,NSE,STK,762543,INE432A01017,AMBALALSA,EQ,,,,,AMBALAL SARABHAI ENT L,31.73,35.00,31.15,33.49,33.30,30.96,,33.50,,,439044,14699778.15,2215,F1,1,,,,,
2026-07-30,2026-07-30,CM,NSE,STK,1185,INE371P01015,AMBER,EQ,,,,,AMBER ENTERPRISES (I) LTD,7411.00,7532.50,7365.50,7401.00,7377.00,7411.50,,7401.00,,,179885,1339537922.00,24090,F1,1,,,,,
2026-07-30,2026-07-30,CM,NSE,STK,11496,INE792B01012,AMBICAAGAR,EQ,,,,,AMBICA AGAR & AROMAINDLTD,24.23,24.72,24.22,24.42,24.27,24.69,,24.42,,,1824,44398.02,18,F1,1,,,,,
2026-07-30,2026-07-30,CM,NSE,STK,15234,INE540G01014,AMBIKCO,EQ,,,,,AMBIKA COTTON MILL LTD.,1709.00,1719.90,1687.00,1699.80,1687.10,1703.00,,1699.60,,,5852,9984916.80,702,F1,1,,,,,
2026-07-30,2026-07-30,CM,NSE,STK,1270,INE079A01024,AMBUJACEM,EQ,,,,,AMBUJA CEMENTS LTD,434.50,435.90,427.00,434.20,435.40,435.30,,434.20,,,2577752,1111690063.50,38163,F1,1,,,,,
2026-07-30,2026-07-30,CM,NSE,STK,14398,INE005I01014,AMDIND,EQ,,,,,AMD INDUSTRIES LIMITED,47.00,47.46,46.30,46.84,46.51,47.48,,46.84,,,1770,83023.71,39,F1,1,,,,,
2026-07-30,2026-07-30,CM,NSE,STK,19867,INE275D01022,AMNPLST,EQ,,,,,AMINES & PLASTICIZERS LTD,203.90,209.49,199.56,200.51,201.00,201.28,,200.54,,,7392,1499721.14,359,F1,1,,,,,
2026-07-30,2026-07-30,CM,NSE,STK,761670,INE05TO01019,AEROPLANE,EQ,,,,,AMIR CHAND JAG KUM (E) L,179.00,191.65,179.00,191.52,191.65,182.53,,191.50,,,530424,99396269.92,4099,F1,1,,,,,
2026-07-30,2026-07-30,CM,NSE,STK,2598,INE606A01024,AMJLAND,EQ,,,,,AMJ LAND HOLDINGS LIMITED,38.00,39.62,37.61,39.11,39.25,38.00,,39.11,,,14483,561525.52,130,F1,1,,,,,
2026-07-30,2026-07-30,CM,NSE,STK,17547,INE098F01031,AMRUTANJAN,EQ,,,,,AMRUTAJAN HEALTH LTD,515.10,519.40,513.50,516.00,517.55,516.80,,516.05,,,17028,8801705.20,1236,F1,1,,,,,
2026-07-30,2026-07-30,CM,NSE,STK,759956,INE549H01021,ARSSBL,EQ,,,,,ANAND RATHI SH N STK BR L,514.00,514.00,507.00,508.85,507.90,512.40,,508.80,,,73831,37646587.30,2413,F1,1,,,,,
2026-07-30,2026-07-30,CM,NSE,STK,7145,INE463V01026,ANANDRATHI,EQ,,,,,ANAND RATHI WEALTH LTD,2040.00,2065.40,2030.00,2039.30,2040.00,2035.00,,2039.30,,,144170,295053834.60,13364,F1,1,,,,,
2026-07-30,2026-07-30,CM,NSE,STK,13620,INE242C01024,ANANTRAJ,EQ,,,,,ANANT RAJ LIMITED,613.90,615.90,602.75,609.60,610.65,613.40,,609.60,,,3018560,1839353874.20,27784,F1,1,,,,,
2026-07-30,2026-07-30,CM,NSE,STK,759363,INE1UA823019,ANANTAM,IV,,,,,ANANTAM HIGHWAYS TRUST,105.99,105.99,105.00,105.10,105.10,105.31,,105.10,,,112025,11773541.75,322,F1,1,,,,,
2026-07-30,2026-07-30,CM,NSE,STK,758427,INE0VG001016,AMCL,SM,,,,,ANB METAL CAST LIMITED,381.00,409.90,381.00,409.90,409.90,410.00,,409.90,,,2000,790540.00,5,F1,400,,,,,
2026-07-30,2026-07-30,CM,NSE,STK,15420,INE666E01020,ACL,EQ,,,,,ANDHRA CEMENTS LIMITED,48.20,48.85,46.73,47.52,47.60,48.24,,47.57,,,17011,806614.95,233,F1,1,,,,,
2026-07-30,2026-07-30,CM,NSE,STK,166,INE435A01051,ANDHRAPAP,EQ,,,,,ANDHRA PAPER LIMITED,62.00,62.98,61.11,61.91,62.43,62.23,,61.95,,,111288,6879662.45,1118,F1,1,,,,,
2026-07-30,2026-07-30,CM,NSE,STK,136,INE715B01021,ANDHRSUGAR,EQ,,,,,ANDHRA SUGARS LTD,84.23,84.27,82.00,82.29,82.32,83.87,,82.29,,,246784,20418422.72,2493,F1,1,,,,,
2026-07-30,2026-07-30,CM,NSE,STK,324,INE732I01021,ANGELONE,EQ,,,,,ANGEL ONE LIMITED,302.00,302.00,290.05,291.65,291.80,302.50,,291.65,,,15181316,4458415277.55,88311,F1,1,,,,,
2026-07-30,2026-07-30,CM,NSE,STK,482,INE635Y01015,AISL,SM,,,,,ANI INTEGRATED SERV LTD.,58.00,58.00,58.00,58.00,58.00,59.25,,58.00,,,95400,5533200.00,4,F1,600,,,,,
2026-07-30,2026-07-30,CM,NSE,STK,16657,INE087B01017,ANIKINDS,EQ,,,,,ANIK INDUSTRIES LTD,41.15,44.40,40.62,41.94,42.00,42.77,,42.21,,,3796,158463.42,123,F1,1,,,,,
2026-07-30,2026-07-30,CM,NSE,STK,20453,INE071F01012,APCL,EQ,,,,,ANJANI PORTLAND CEM LTD,104.50,104.50,101.15,101.76,103.00,102.37,,101.77,,,724,74877.67,52,F1,1,,,,,
2026-07-30,2026-07-30,CM,NSE,STK,25878,INE106I01010,ANKITMETAL,BZ,,,,,ANKIT MET & POW LTD,1.59,1.59,1.46,1.53,1.53,1.52,,1.54,,,89475,131547.29,73,F1,1,,,,,
2026-07-30,2026-07-30,CM,NSE,STK,758968,INE0Y8W01025,AHCL,EQ,,,,,ANLON HEALTHCARE LIMITED,15.85,15.88,14.18,14.52,14.59,15.88,,14.52,,,23886257,351523445.72,28249,F1,1,,,,,
2026-07-30,2026-07-30,CM,NSE,STK,13664,INE0LR101013,ANLON,ST,,,,,ANLON TECHNOLOGY SOL LTD,605.00,623.00,605.00,605.00,605.00,602.55,,605.00,,,8000,4855200.00,7,F1,400,,,,,
2026-07-30,2026-07-30,CM,NSE,STK,3727,INE02AR01019,ANMOL,EQ,,,,,ANMOL INDIA LIMITED,10.05,10.15,9.70,9.86,9.83,10.04,,9.86,,,30429,301147.70,236,F1,1,,,,,
2026-07-30,2026-07-30,CM,NSE,STK,11198,INE0MGM01017,ANNAPURNA,SM,,,,,ANNAPURNA SWADISHT LTD,126.80,134.70,126.55,130.85,132.00,125.55,,130.85,,,83250,10785212.50,159,F1,250,,,,,
2026-07-30,2026-07-30,CM,NSE,STK,758740,INE0VTV01012,ANONDITA,SM,,,,,ANONDITA MEDICARE LIMITED,1090.00,1094.95,1050.95,1062.90,1068.95,1086.80,,1062.90,,,47600,51098330.00,101,F1,200,,,,,
2026-07-30,2026-07-30,CM,NSE,STK,19677,INE436A01026,ANSALAPI,BZ,,,,,ANSAL PROP & INFRA LTD,3.27,3.27,3.27,3.27,3.27,3.21,,3.59,,,5082,16618.14,3,F1,1,,,,,
2026-07-30,2026-07-30,CM,NSE,STK,5194,INE414B01021,ANTGRAPHIC,EQ,,,,,ANTARCTICA LTD,0.74,0.77,0.73,0.73,0.73,0.75,,0.73,,,143033,105550.07,174,F1,1,,,,,
2026-07-30,2026-07-30,CM,NSE,STK,13598,INE818A01017,ANTELOPUS,EQ,,,,,ANTELOPUS SELAN ENRGY LTD,791.15,812.75,790.00,797.60,798.00,791.15,,797.60,,,97864,78495550.30,5539,F1,1,,,,,
2026-07-30,2026-07-30,CM,NSE,STK,757885,INE0CZ201020,ANTHEM,EQ,,,,,ANTHEM BIOSCIENCES LTD,787.50,800.00,779.65,784.40,785.00,790.00,,784.35,,,326748,258452006.70,27351,F1,1,,,,,
2026-07-30,2026-07-30,CM,NSE,STK,1797,INE01BK01022,AWHCL,EQ,,,,,ANTONY WASTE HDG CELL LTD,431.00,435.75,423.00,425.10,425.20,432.55,,425.10,,,105827,45268049.40,4939,F1,1,,,,,
2026-07-30,2026-07-30,CM,NSE,STK,28314,INE489G01022,ANUHPHR,EQ,,,,,ANUH PHARMA LIMITED,78.65,80.60,78.65,79.72,78.75,79.14,,79.65,,,14669,1163499.12,325,F1,1,,,,,
2026-07-30,2026-07-30,CM,NSE,STK,2829,INE930P01018,ANURAS,EQ,,,,,ANUPAM RASAYAN INDIA LTD,1217.00,1217.50,1203.00,1210.80,1208.00,1214.40,,1210.80,,,148720,179932970.90,5625,F1,1,,,,,
2026-07-30,2026-07-30,CM,NSE,STK,28983,INE0SI601032,ANYA,SM,,,,,ANYA POLYTECH & FERTI LTD,15.35,15.80,15.35,15.55,15.80,15.35,,15.55,,,10000,155750.00,2,F1,5000,,,,,
2026-07-30,2026-07-30,CM,NSE,STK,11945,INE0MIZ23019,ANZEN,IV,,,,,ANZEN IND ENE YLD PLU TRU,129.00,129.00,129.00,129.00,129.00,127.00,,129.00,,,25000,3225000.00,1,F1,25000,,,,,
2026-07-30,2026-07-30,CM,NSE,STK,758904,INF1J2R01114,AONEGOLD,EQ,,,,,AONEAMC - AONEGOLD,13.32,13.32,13.14,13.26,13.26,13.18,,13.26,,,325157,4307711.53,988,F1,1,,,,,
2026-07-30,2026-07-30,CM,NSE,STK,30472,INF1J2R01056,AONELIQUID,EQ,,,,,AONEAMC - AONELIQUID,1070.37,1070.38,1070.35,1070.37,1070.36,1070.22,,1070.37,,,20421,21858175.71,114,F1,1,,,,,
2026-07-30,2026-07-30,CM,NSE,STK,757096,INF1J2R01064,AONENIFTY,EQ,,,,,AONEAMC - AONENIFTY,10.08,10.08,9.95,10.02,10.04,9.99,,10.02,,,245619,2457465.39,930,F1,1,,,,,
2026-07-30,2026-07-30,CM,NSE,STK,760193,INF1J2R01171,AONESILVER,EQ,,,,,AONEAMC - AONESILVER,8.31,8.36,8.22,8.28,8.30,8.27,,8.28,,,370826,3058633.96,982,F1,1,,,,,
2026-07-30,2026-07-30,CM,NSE,STK,759992,INF1J2R01148,AONETMMQ50,EQ,,,,,AONEAMC - AONETMMQ50,9.97,9.97,9.86,9.91,9.92,9.93,,9.91,,,31870,315192.51,230,F1,1,,,,,
2026-07-30,2026-07-30,CM,NSE,STK,29975,INF1J2R01015,AONETOTAL,EQ,,,,,AONEAMC - AONETOTAL,12.27,12.27,11.87,11.88,11.87,11.89,,11.88,,,223263,2656207.98,1201,F1,1,,,,,
2026-07-30,2026-07-30,CM,NSE,STK,11491,INE372A01015,APARINDS,EQ,,,,,APAR INDUSTRIES LTD.,13801.00,13867.00,13478.00,13745.00,13798.00,13835.00,,13747.00,,,142210,1940383631.00,38570,F1,1,,,,,
2026-07-30,2026-07-30,CM,NSE,STK,154,INE116A01032,APCOTEXIND,EQ,,,,,APCOTEX INDUSTRIES LIMITE,700.00,712.00,621.20,637.45,631.55,681.60,,637.45,,,2737312,1838350289.40,86187,F1,1,,,,,
2026-07-30,2026-07-30,CM,NSE,STK,27291,INE0T4V01015,APEXECO,ST,,,,,APEX ECOTECH LIMITED,255.00,265.00,255.00,255.00,255.00,255.00,,255.00,,,4000,1028040.00,5,F1,800,,,,,
2026-07-30,2026-07-30,CM,NSE,STK,21623,INE346W01013,APEX,EQ,,,,,APEX FROZEN FOODS LIMITED,375.20,377.80,368.60,370.65,371.00,378.45,,370.60,,,44191,16485628.35,2095,F1,1,,,,,
2026-07-30,2026-07-30,CM,NSE,STK,25780,INE702C01027,APLAPOLLO,EQ,,,,,APL APOLLO TUBES LTD,1875.00,1896.10,1855.00,1893.10,1893.00,1869.80,,1893.10,,,472980,892315585.30,33669,F1,1,,,,,
2026-07-30,2026-07-30,CM,NSE,STK,757182,INE0TLC07069,930APMD29,N0,,,,,APMD 9.30% 2029 STRPP C,102990.00,102990.00,102990.00,102990.00,102990.00,102990.00,,102990.00,,,2,205980.00,1,F1,1,,,,,
2026-07-30,2026-07-30,CM,NSE,STK,157,INE437A01024,APOLLOHOSP,EQ,,,,,APOLLO HOSPITALS ENTER. L,8900.00,9009.00,8865.50,8988.00,8959.00,8935.00,,8988.00,,,263013,2359054893.00,30236,F1,1,,,,,
2026-07-30,2026-07-30,CM,NSE,STK,1134,INE713T01028,APOLLO,EQ,,,,,APOLLO MICRO SYSTEMS LTD,381.60,381.90,375.00,378.10,375.95,383.10,,378.00,,,3585425,1358177603.15,30510,F1,1,,,,,
2026-07-30,2026-07-30,CM,NSE,STK,14361,INE126J01016,APOLLOPIPE,EQ,,,,,APOLLO PIPES LIMITED,500.00,520.40,485.05,495.85,505.00,500.25,,495.80,,,984501,492028902.10,23952,F1,1,,,,,
2026-07-30,2026-07-30,CM,NSE,STK,6302,INE451F01024,APOLSINHOT,EQ,,,,,APOLLO SINDOORI HOTEL LTD,1204.00,1230.00,1184.00,1222.80,1213.10,1201.90,,1222.80,,,1397,1698322.20,205,F1,1,,,,,
2026-07-30,2026-07-30,CM,NSE,STK,163,INE438A01022,APOLLOTYRE,EQ,,,,,APOLLO TYRES LTD,425.00,431.15,422.35,423.20,425.00,424.10,,423.15,,,547551,233047904.00,21854,F1,1,,,,,
2026-07-30,2026-07-30,CM,NSE,STK,24638,INE0LQG01010,APRAMEYA,SM,,,,,APRAMEYA ENGINEERING LTD,147.00,149.00,147.00,148.50,148.50,147.15,,148.50,,,2500,371000.00,5,F1,500,,,,,
2026-07-30,2026-07-30,CM,NSE,STK,760372,INE0M2307388,915APSBC31,N0,,,,,APSBC 9.15% 2031 STRPP F,102361.01,102361.01,102361.00,102361.00,102361.00,103210.00,,102361.00,,,3,307083.02,2,F1,1,,,,,
2026-07-30,2026-07-30,CM,NSE,STK,761435,INE1OOJ01011,APSISAERO,ST,,,,,APSIS AEROCOM LIMITED,425.60,425.65,425.60,425.65,425.65,434.25,,425.65,,,18000,7661280.00,14,F1,1200,,,,,
2026-07-30,2026-07-30,CM,NSE,STK,14074,INE266F01018,APTECHT,BE,,,,,APTECH LIMITED,90.55,92.87,89.00,90.66,90.95,91.60,,90.79,,,35221,3200103.14,411,F1,1,,,,,
2026-07-30,2026-07-30,CM,NSE,STK,5435,INE852O01025,APTUS,EQ,,,,,APTUS VALUE HSG FIN I LTD,279.95,283.55,276.20,277.20,277.35,281.85,,277.20,,,372783,103821365.20,15192,F1,1,,,,,
2026-07-30,2026-07-30,CM,NSE,STK,23365,INE416A01051,AQYLON,EQ,,,,,AQYLON NEXUS LIMITED,24.00,25.30,23.50,25.27,25.30,24.10,,25.27,,,18538430,467630584.07,10500,F1,1,,,,,
2026-07-30,2026-07-30,CM,NSE,STK,758673,INE0YDV01010,ARCIIL,ST,,,,,ARC INSULATION & INSU LTD,37.00,37.60,36.85,37.05,37.05,37.80,,37.05,,,10000,371350.00,7,F1,1000,,,,,
2026-07-30,2026-07-30,CM,NSE,STK,12024,INE128X01021,ACI,EQ,,,,,ARCHEAN CHEMICAL IND LTD,567.00,569.60,554.95,561.20,559.00,565.75,,561.20,,,145017,81430211.60,7824,F1,1,,,,,
2026-07-30,2026-07-30,CM,NSE,STK,245,INE0CHO01012,ADL,EQ,,,,,ARCHIDPLY DECOR LIMITED,69.50,69.60,66.00,68.61,66.63,69.92,,68.61,,,2612,176914.67,45,F1,1,,,,,
2026-07-30,2026-07-30,CM,NSE,STK,16795,INE877I01016,ARCHIDPLY,EQ,,,,,ARCHIDPLY IND. LTD,82.40,83.45,80.55,80.74,81.49,83.49,,80.74,,,4199,340633.55,92,F1,1,,,,,
2026-07-30,2026-07-30,CM,NSE,STK,5688,INE731A01020,ARCHIES,EQ,,,,,ARCHIES LTD,13.84,14.10,13.66,13.83,13.70,13.86,,13.78,,,7086,98354.48,95,F1,1,,,,,
2026-07-30,2026-07-30,CM,NSE,STK,758700,INE784R01023,ARFIN,EQ,,,,,ARFIN INDIA LIMITED,87.00,89.50,86.75,88.60,87.94,87.17,,88.60,,,1007541,88579169.00,3426,F1,1,,,,,
2026-07-30,2026-07-30,CM,NSE,STK,13092,INE0L2Y01011,ARHAM,SM,,,,,ARHAM TECHNOLOGIES LTD,172.15,173.00,170.00,171.80,170.00,172.10,,171.80,,,32000,5502600.00,26,F1,1000,,,,,
2026-07-30,2026-07-30,CM,NSE,STK,15204,INE298I01015,ARIES,EQ,,,,,ARIES AGRO LTD.,343.65,344.20,336.65,338.30,342.80,343.65,,338.30,,,3952,1341905.95,233,F1,1,,,,,
2026-07-30,2026-07-30,CM,NSE,STK,13340,INE0NCC01015,ARIHANTACA,SM,,,,,ARIHANT ACADEMY LIMITED,450.00,450.00,450.00,450.00,450.00,450.00,,450.00,,,800,360000.00,2,F1,400,,,,,
2026-07-30,2026-07-30,CM,NSE,STK,3813,INE420B01036,ARIHANTCAP,EQ,,,,,ARIHANT CAPITAL MKTS LTD,77.00,78.50,76.07,77.34,78.50,76.60,,77.33,,,123442,9498862.42,1662,F1,1,,,,,
2026-07-30,2026-07-30,CM,NSE,STK,13885,INE413D01011,ARIHANT,EQ,,,,,ARIHANT FOUN & HOU LTD,1123.00,1139.60,1069.90,1087.00,1094.90,1144.90,,1087.90,,,4909,5353015.50,559,F1,1,,,,,
2026-07-30,2026-07-30,CM,NSE,STK,20159,INE643K01018,ARIHANTSUP,EQ,,,,,ARIHANT SUPERSTRUCT LTD,260.60,263.65,256.60,258.60,256.60,259.35,,258.60,,,16412,4255330.35,161,F1,1,,,,,
2026-07-30,2026-07-30,CM,NSE,STK,757614,INE0H9P01028,ARIS,EQ,,,,,ARISINFRA SOLUTIONS LTD,128.49,132.25,126.56,128.02,128.40,128.57,,128.02,,,806262,104156000.86,9600,F1,1,,,,,
2026-07-30,2026-07-30,CM,NSE,STK,25398,INE0QRL01017,ARKADE,EQ,,,,,ARKADE DEVELOPERS LIMITED,138.80,142.00,137.06,140.95,140.97,138.54,,140.95,,,367422,51329034.47,3178,F1,1,,,,,
2026-07-30,2026-07-30,CM,NSE,STK,17263,INE109C01017,ARMANFIN,EQ,,,,,ARMAN FIN SERV LTD,1901.00,1931.70,1885.00,1896.20,1895.00,1912.00,,1896.30,,,31640,60299476.90,3052,F1,1,,,,,
2026-07-30,2026-07-30,CM,NSE,STK,760752,INE0TZX01019,ARMOUR,ST,,,,,ARMOUR SECURITY (INDIA) L,17.75,17.75,17.75,17.75,17.75,18.60,,17.75,,,2000,35500.00,1,F1,2000,,,,,
2026-07-30,2026-07-30,CM,NSE,STK,14557,INE210C01013,AROGRANITE,EQ,,,,,ARO GRANITE IND. LTD.,25.93,25.93,24.82,25.08,25.08,25.32,,25.08,,,12985,327863.20,104,F1,1,,,,,
2026-07-30,2026-07-30,CM,NSE,STK,9264,INE570D01018,ARROWGREEN,BE,,,,,ARROW GREENTECH LIMITED,720.00,729.00,701.90,725.30,725.50,714.75,,725.25,,,34422,24680981.40,332,F1,1,,,,,
2026-07-30,2026-07-30,CM,NSE,STK,29015,INE968D01022,ARSHIYA,BZ,,,,,ARSHIYA LIMITED,0.98,0.99,0.93,0.97,0.98,0.95,,0.97,,,181719,173573.31,106,F1,1,,,,,
2026-07-30,2026-07-30,CM,NSE,STK,6156,INE738V01013,ARTNIRMAN,EQ,,,,,ART NIRMAN LIMITED,38.69,39.95,38.69,38.80,38.81,38.50,,38.80,,,80,3154.08,7,F1,1,,,,,
2026-07-30,2026-07-30,CM,NSE,STK,761330,INE757T01025,AEPL,EQ,,,,,ARTEMIS ELECTRICALS & P L,14.55,14.97,14.11,14.35,14.50,14.55,,14.35,,,4441,64572.29,93,F1,1,,,,,
2026-07-30,2026-07-30,CM,NSE,STK,16913,INE025R01021,ARTEMISMED,EQ,,,,,ARTEMIS MED SERVICE LTD,302.95,308.00,295.80,302.15,302.95,298.60,,302.20,,,587420,177569425.65,12843,F1,1,,,,,
2026-07-30,2026-07-30,CM,NSE,STK,756899,INE0TTG01017,ARUNAYA,ST,,,,,ARUNAYA ORGANICS LIMITED,16.00,16.40,16.00,16.40,16.40,16.00,,16.40,,,18000,288800.00,3,F1,2000,,,,,
2026-07-30,2026-07-30,CM,NSE,STK,2814,INE006Z01016,ARVEE,EQ,,,,,ARVEE LABORATORIES I LTD,155.00,156.36,152.12,153.61,153.00,157.78,,153.61,,,174,26805.64,13,F1,1,,,,,
2026-07-30,2026-07-30,CM,NSE,STK,9111,INE955V01021,ARVINDFASN,EQ,,,,,ARVIND FASHIONS LIMITED,448.90,455.90,442.00,446.90,448.00,448.90,,446.90,,,161680,72405221.40,10799,F1,1,,,,,
2026-07-30,2026-07-30,CM,NSE,STK,193,INE034A01011,ARVIND,EQ,,,,,ARVIND LIMITED,517.35,519.40,504.95,506.65,508.15,517.35,,506.65,,,327798,167685598.20,25454,F1,1,,,,,
2026-07-30,2026-07-30,CM,NSE,STK,19587,INE0P4T01013,ARVINDPORT,ST,,,,,ARVIND PORT AND INFRA LTD,29.95,30.00,29.95,30.00,30.00,30.00,,30.00,,,7500,224925.00,4,F1,1500,,,,,
2026-07-30,2026-07-30,CM,NSE,STK,10457,INE034S01021,ARVSMART,EQ,,,,,ARVIND SMARTSPACES LTD,598.55,599.20,590.00,594.45,590.65,599.50,,594.45,,,13277,7887335.35,735,F1,1,,,,,
2026-07-30,2026-07-30,CM,NSE,STK,5378,INE439A01020,ASAHIINDIA,EQ,,,,,ASAHI INDIA GLASS LIMITED,878.75,878.85,866.50,869.30,871.50,878.75,,869.30,,,36707,31980005.45,5740,F1,1,,,,,
2026-07-30,2026-07-30,CM,NSE,STK,25088,INE228I01012,ASAHISONG,EQ,,,,,ASAHI SONGWON COLOR LTD,365.20,407.70,365.20,376.10,373.00,356.35,,376.10,,,480857,184683278.65,15361,F1,1,,,,,
2026-07-30,2026-07-30,CM,NSE,STK,24711,INE0LAA01017,ASHALOG,SM,,,,,ASHAPURA LOGISTICS LTD,52.55,52.55,52.55,52.55,52.55,55.85,,52.55,,,1000,52550.00,1,F1,1000,,,,,
2026-07-30,2026-07-30,CM,NSE,STK,203,INE348A01023,ASHAPURMIN,EQ,,,,,ASHAPURA MINECHEM LTD,708.00,726.25,700.10,706.45,704.60,707.70,,706.45,,,753001,538666822.80,28183,F1,1,,,,,
2026-07-30,2026-07-30,CM,NSE,STK,24403,INE365D01021,ASHIANA,EQ,,,,,ASHIANA HOUSING LTD,388.90,395.00,383.10,386.55,390.00,383.65,,386.55,,,47280,18393622.10,1906,F1,1,,,,,
2026-07-30,2026-07-30,CM,NSE,STK,762548,INE094B01013,ASHIKAG,EQ,,,,,ASHIKA GLOBAL SEC LTD,480.20,497.00,472.55,482.00,489.00,486.00,,481.90,,,412362,201766765.10,6178,F1,1,,,,,
2026-07-30,2026-07-30,CM,NSE,STK,206,INE440A01010,ASHIMASYN,EQ,,,,,ASHIMA LTD,18.28,18.59,17.65,18.33,18.06,18.19,,18.33,,,255402,4648727.53,568,F1,1,,,,,
2026-07-30,2026-07-30,CM,NSE,STK,212,INE208A01029,ASHOKLEY,EQ,,,,,ASHOK LEYLAND LTD,157.96,159.50,155.55,158.09,158.80,157.96,,158.10,,,14946734,2348639630.49,75169,F1,1,,,,,
2026-07-30,2026-07-30,CM,NSE,STK,20182,INE442H01029,ASHOKA,EQ,,,,,ASHOKA BUILDCON LTD,123.48,124.04,122.20,123.23,124.00,123.67,,123.23,,,391194,48147721.34,8142,F1,1,,,,,
2026-07-30,2026-07-30,CM,NSE,STK,16943,INE760Y01011,ASHOKAMET,EQ,,,,,ASHOKA METCAST LIMITED,14.48,14.50,14.15,14.30,14.30,14.20,,14.30,,,7427,106352.82,83,F1,1,,,,,
2026-07-30,2026-07-30,CM,NSE,STK,760418,INE1A6Q01010,ASHWINI,SM,,,,,ASHWINI CONTAINER MOVER L,195.00,196.00,193.00,193.65,193.00,194.40,,193.65,,,11000,2138100.00,9,F1,1000,,,,,
2026-07-30,2026-07-30,CM,NSE,STK,7030,INE276G01015,ASIANENE,EQ,,,,,ASIAN ENERGY SERVICES LTD,391.70,404.00,384.40,392.25,393.80,388.85,,392.25,,,721100,286009911.10,15028,F1,1,,,,,
2026-07-30,2026-07-30,CM,NSE,STK,14889,INE022I01019,ASIANTILES,EQ,,,,,ASIAN GRANITO IND. LTD.,60.49,63.74,59.31,60.71,61.00,60.71,,60.71,,,28840787,1760584407.95,73777,F1,1,,,,,
2026-07-30,2026-07-30,CM,NSE,STK,19438,INE926K01017,AHLEAST,EQ,,,,,ASIAN HOTELS (EAST) LTD,141.80,143.87,140.60,141.74,140.61,141.79,,141.74,,,1036,146963.71,56,F1,1,,,,,
2026-07-30,2026-07-30,CM,NSE,STK,18422,INE363A01022,ASIANHOTNR,EQ,,,,,ASIAN HOTELS (NORTH) LTD,313.05,315.80,302.20,305.55,303.45,312.95,,305.55,,,14947,4577594.55,1394,F1,1,,,,,
2026-07-30,2026-07-30,CM,NSE,STK,19370,INE915K01010,AHLWEST,BE,,,,,ASIAN HOTELS (WEST) LTD,542.05,555.55,542.00,547.85,543.00,570.00,,547.85,,,543,299016.00,16,F1,1,,,,,
2026-07-30,2026-07-30,CM,NSE,STK,236,INE021A01026,ASIANPAINT,EQ,,,,,ASIAN PAINTS LIMITED,2758.10,2767.90,2666.20,2746.20,2750.00,2758.40,,2746.20,,,2387024,6501968693.60,127522,F1,1,,,,,
2026-07-30,2026-07-30,CM,NSE,STK,762553,INE194D01017,ASTAR,EQ,,,,,ASIAN STAR CO. LTD.,638.00,638.00,557.00,582.85,588.90,585.10,,582.10,,,530,312030.50,45,F1,1,,,,,
2026-07-30,2026-07-30,CM,NSE,STK,20152,INE491J01022,ASKAUTOLTD,EQ,,,,,ASK AUTOMOTIVE LIMITED,510.05,524.70,505.05,508.00,509.00,518.95,,508.00,,,237105,121706624.20,10471,F1,1,,,,,
2026-07-30,2026-07-30,CM,NSE,STK,17270,INE991I01015,ASPINWALL,EQ,,,,,ASPINWALL & CO LTD,240.00,247.48,236.20,239.87,240.00,245.07,,239.87,,,1249,299187.80,47,F1,1,,,,,
2026-07-30,2026-07-30,CM,NSE,STK,23396,INE0S7801010,ASPIRE,SM,,,,,ASPIRE & INNOVATIVE ADV L,15.85,15.85,15.10,15.10,15.10,15.85,,15.10,,,8000,122300.00,4,F1,2000,,,,,
2026-07-30,2026-07-30,CM,NSE,STK,17598,INE073G01016,ASALCBR,EQ,,,,,ASSO ALCOHOLS & BREW LTD,765.10,794.00,763.05,777.05,773.30,765.10,,777.05,,,38402,29992874.30,3548,F1,1,,,,,
2026-07-30,2026-07-30,CM,NSE,STK,17728,INE563J01010,ASTEC,EQ,,,,,ASTEC LIFESCIENCES LTD,642.65,650.40,621.10,627.00,633.00,642.65,,627.05,,,27293,17267760.15,2513,F1,1,,,,,
2026-07-30,2026-07-30,CM,NSE,STK,1508,INE914M01019,ASTERDM,EQ,,,,,ASTER DM QUALITY CARE LTD,817.80,839.40,811.10,814.00,813.20,818.35,,814.00,,,676830,557492237.30,42324,F1,1,,,,,
2026-07-30,2026-07-30,CM,NSE,STK,11618,INE386C01029,ASTRAMICRO,EQ,,,,,ASTRA MICROWAVE LTD,1763.10,1769.90,1717.10,1726.00,1729.20,1773.80,,1726.00,,,250401,436165709.40,17204,F1,1,,,,,
2026-07-30,2026-07-30,CM,NSE,STK,14418,INE006I01046,ASTRAL,EQ,,,,,ASTRAL LIMITED,1488.30,1504.40,1467.30,1471.90,1471.00,1476.30,,1471.90,,,574874,851565653.40,36317,F1,1,,,,,
2026-07-30,2026-07-30,CM,NSE,STK,5610,INE203A01020,ASTRAZEN,EQ,,,,,ASTRAZENECA PHARMA IND LT,8180.00,8199.50,8065.00,8094.50,8110.00,8185.00,,8094.50,,,1629,13268959.50,666,F1,1,,,,,
2026-07-30,2026-07-30,CM,NSE,STK,880,INE646X01014,ASTRON,BE,,,,,ASTRON PAPER BORD MIL LTD,3.98,3.98,3.73,3.85,3.86,3.85,,3.85,,,28665,109509.66,71,F1,1,,,,,
2026-07-30,2026-07-30,CM,NSE,STK,15649,INE0ALR01029,ATALREAL,EQ,,,,,ATAL REALTECH LIMITED,32.50,33.25,31.68,33.00,33.05,32.46,,33.00,,,16384175,531787302.87,11451,F1,1,,,,,
2026-07-30,2026-07-30,CM,NSE,STK,15404,INE09KD01013,ATAM,EQ,,,,,ATAM VALVES LIMITED,65.60,66.97,64.05,65.06,64.05,65.60,,64.80,,,6185,406112.82,174,F1,1,,,,,
2026-07-30,2026-07-30,CM,NSE,STK,756405,INE0V0Q01019,ATCENERGY,ST,,,,,ATC ENERGIES SYSTEM LTD,21.00,22.85,20.95,21.90,21.90,21.85,,21.90,,,12000,266340.00,10,F1,1200,,,,,
2026-07-30,2026-07-30,CM,NSE,STK,757645,INE0LEZ01016,ATHERENERG,EQ,,,,,ATHER ENERGY LIMITED,1253.00,1265.90,1232.50,1240.90,1242.00,1246.10,,1240.90,,,2463994,3082538634.00,122119,F1,1,,,,,
2026-07-30,2026-07-30,CM,NSE,STK,760953,IN90NN701011,ATLPP,E1,,,,,ATL RE.0.50 PPD UP,8.88,8.88,8.70,8.70,8.70,8.80,,8.69,,,1519,13343.74,14,F1,1,,,,,
2026-07-30,2026-07-30,CM,NSE,STK,759007,INE0Z4F01028,ATLANTAELE,EQ,,,,,ATLANTA ELECTRICALS LTD,1540.60,1540.60,1495.20,1521.00,1520.00,1548.10,,1521.00,,,67300,102257865.80,5841,F1,1,,,,,
2026-07-30,2026-07-30,CM,NSE,STK,13585,INE285H01022,ATLANTAA,EQ,,,,,ATLANTAA LIMITED,35.01,35.99,35.00,35.42,35.50,35.59,,35.41,,,11080,391931.29,247,F1,1,,,,,
2026-07-30,2026-07-30,CM,NSE,STK,4568,INE446A01025,ATLASCYCLE,EQ,,,,,ATLAS CYCLE (HARYANA) LTD,96.25,98.88,96.25,97.63,97.98,98.01,,97.75,,,397,38731.36,30,F1,1,,,,,
2026-07-30,2026-07-30,CM,NSE,STK,22788,INE05DH01017,ATMASTCO,ST,,,,,ATMASTCO LIMITED,151.00,151.75,149.30,149.50,149.50,151.05,,149.50,,,3200,479500.00,8,F1,400,,,,,
2026-07-30,2026-07-30,CM,NSE,STK,30023,INE951D01028,ATULAUTO,EQ,,,,,ATUL AUTO LIMITED,495.20,522.00,492.00,516.00,516.10,495.20,,516.00,,,1166460,601535897.50,30490,F1,1,,,,,
2026-07-30,2026-07-30,CM,NSE,STK,263,INE100A01010,ATUL,EQ,,,,,ATUL LTD,6790.00,6895.00,6767.00,6803.00,6820.00,6798.50,,6802.00,,,46892,319727363.50,12038,F1,1,,,,,
2026-07-30,2026-07-30,CM,NSE,STK,21238,INE949L01017,AUBANK,EQ,,,,,AU SMALL FINANCE BANK LTD,1040.00,1040.30,1022.60,1030.70,1033.00,1042.30,,1030.70,,,1294208,1331311178.90,56387,F1,1,,,,,
2026-07-30,2026-07-30,CM,NSE,STK,12022,INE132H01018,AURIONPRO,EQ,,,,,AURIONPRO SOLN LTD,734.45,741.00,732.20,734.40,734.50,731.70,,734.40,,,196337,144530956.10,8561,F1,1,,,,,
2026-07-30,2026-07-30,CM,NSE,STK,15869,INE0NUL01018,AUROIMPEX,SM,,,,,AURO IMPEX & CHEMICALS L,26.20,26.20,26.00,26.00,26.00,25.90,,26.00,,,4800,125440.00,3,F1,1600,,,,,
2026-07-30,2026-07-30,CM,NSE,STK,275,INE406A01037,AUROPHARMA,EQ,,,,,AUROBINDO PHARMA LTD,1590.00,1607.50,1566.20,1576.30,1577.00,1590.70,,1576.30,,,733318,1164317501.10,43782,F1,1,,,,,
2026-07-30,2026-07-30,CM,NSE,STK,10310,INE898S01029,AURUM,EQ,,,,,AURUM PROPTECH LIMITED,216.40,218.73,213.41,216.82,217.00,217.20,,216.82,,,109615,23690886.60,2099,F1,1,,,,,
2026-07-30,2026-07-30,CM,NSE,STK,31468,INE142K01011,AURUS,EQ,,,,,AURUS GEM CORP LIMITED,4.66,4.75,4.52,4.55,4.54,4.74,,4.55,,,9022,41810.92,169,F1,1,,,,,
2026-07-30,2026-07-30,CM,NSE,STK,9035,INE218C01016,AUSOMENT,BE,,,,,AUSOM ENTERPRISE LIMITED,138.95,138.95,133.00,138.67,137.50,136.66,,138.67,,,4073,555228.51,42,F1,1,,,,,
2026-07-30,2026-07-30,CM,NSE,STK,21451,INE0P0001010,APS,SM,,,,,AUSTRALIAN PREM SOLAR I L,276.55,278.80,272.25,273.35,273.00,277.70,,273.35,,,26750,7353337.50,74,F1,250,,,,,
2026-07-30,2026-07-30,CM,NSE,STK,23553,INE206F01022,AIIL,EQ,,,,,AUTHUM INVEST & INFRA LTD,545.00,551.95,539.70,545.90,545.90,550.95,,545.95,,,140735,76891822.00,9391,F1,1,,,,,
2026-07-30,2026-07-30,CM,NSE,STK,14110,INE718H01014,AUTOIND,BE,,,,,AUTOLINE INDUSTRIES LTD,88.25,89.80,85.20,87.69,87.15,87.41,,87.69,,,26988,2380694.20,215,F1,1,,,,,
2026-07-30,2026-07-30,CM,NSE,STK,278,INE449A01011,AUTOAXLES,EQ,,,,,AUTOMOTIVE AXLES LIMITED,1811.50,1835.60,1790.00,1800.30,1797.00,1805.20,,1800.30,,,9193,16621783.20,1057,F1,1,,,,,
2026-07-30,2026-07-30,CM,NSE,STK,10634,INE900C01027,ASAL,EQ,,,,,AUTOMOTIVE STAMPINGS & AS,504.60,516.30,497.10,503.40,497.10,505.35,,503.40,,,15619,7895940.00,765,F1,1,,,,,
2026-07-30,2026-07-30,CM,NSE,STK,21406,INE349W01017,AVADHSUGAR,EQ,,,,,AVADH SUG & ENERGY LTD,520.80,520.80,501.00,511.90,509.00,517.80,,511.90,,,24035,12277557.95,649,F1,1,,,,,
2026-07-30,2026-07-30,CM,NSE,STK,15058,INE0LCL01028,AVALON,EQ,,,,,AVALON TECHNOLOGIES LTD,1669.40,1802.00,1669.40,1759.50,1769.70,1677.30,,1759.60,,,813684,1429776107.00,75927,F1,1,,,,,
2026-07-30,2026-07-30,CM,NSE,STK,760736,INE1KU201016,AVANA,ST,,,,,AVANA ELECTROSYSTEMS LTD,150.00,150.00,147.25,147.25,147.25,155.00,,147.25,,,26000,3860000.00,13,F1,2000,,,,,
2026-07-30,2026-07-30,CM,NSE,STK,24610,INE005B01027,AVANTEL,EQ,,,,,AVANTEL LIMITED,161.10,161.15,158.10,159.78,159.50,161.43,,159.78,,,791887,126145334.91,8962,F1,1,,,,,
2026-07-30,2026-07-30,CM,NSE,STK,7936,INE871C01038,AVANTIFEED,EQ,,,,,AVANTI FEEDS LIMITED,949.95,964.95,926.50,930.70,930.00,946.70,,930.70,,,600402,565579034.30,19485,F1,1,,,,,
2026-07-30,2026-07-30,CM,NSE,STK,20503,INE617I01024,AVATAR,ST,,,,,AVATAR INDUSTRIES LIMITED,168.90,175.70,168.90,175.70,175.70,172.30,,175.70,,,22000,3783800.00,9,F1,2000,,,,,
2026-07-30,2026-07-30,CM,NSE,STK,19913,INE192R01011,DMART,EQ,,,,,AVENUE SUPERMARTS LIMITED,3849.00,3967.20,3837.10,3874.00,3886.00,3848.10,,3874.40,,,1038214,4030683288.60,71128,F1,1,,,,,
2026-07-30,2026-07-30,CM,NSE,STK,16249,INE483S01020,CCAVENUE,EQ,,,,,AVENUESAI LIMITED,16.65,16.65,15.95,15.98,16.02,16.68,,15.98,,,12031672,194556330.07,13209,F1,1,,,,,
2026-07-30,2026-07-30,CM,NSE,STK,15638,INE680Z01018,AVG,BE,,,,,AVG LOGISTICS LIMITED,206.00,209.50,201.96,205.00,205.00,206.68,,205.15,,,6278,1284027.95,57,F1,1,,,,,
2026-07-30,2026-07-30,CM,NSE,STK,25520,INE0TFB01017,AVIANSH,SM,,,,,AVI ANSH TEXTILE LIMITED,100.85,101.00,100.85,101.00,101.00,100.00,,101.00,,,2000,201850.00,2,F1,1000,,,,,
2026-07-30,2026-07-30,CM,NSE,STK,755092,INE0V9I01017,AVIENCE,SM,,,,,AVIENCE BIOMEDICALS LTD,251.25,256.75,244.00,246.70,248.00,257.95,,246.70,,,33600,8326350.00,55,F1,600,,,,,
2026-07-30,2026-07-30,CM,NSE,STK,14069,INE855F01042,ASMS,BE,,,,,AVIO SMART MRKT STACK LTD,7.17,7.28,7.00,7.10,7.12,7.06,,7.10,,,196663,1390105.51,291,F1,1,,,,,
2026-07-30,2026-07-30,CM,NSE,STK,13557,INE323B01024,AVONMORE,EQ,,,,,AVONMORE CAP&MGT SERV LTD,11.99,11.99,11.05,11.15,11.20,10.98,,11.15,,,1318590,15280261.85,3619,F1,1,,,,,
2026-07-30,2026-07-30,CM,NSE,STK,23159,INE0R9401019,AVPINFRA,SM,,,,,AVP INFRACON LIMITED,70.60,71.55,67.80,67.80,67.80,71.35,,67.80,,,40000,2772920.00,41,F1,800,,,,,
2026-07-30,2026-07-30,CM,NSE,STK,8827,INE652Z01025,AVROIND,EQ,,,,,AVRO INDIA LIMITED,8.79,9.12,8.43,8.56,8.75,8.63,,8.62,,,323458,2826438.02,771,F1,1,,,,,
2026-07-30,2026-07-30,CM,NSE,STK,14008,INE488D01021,AVTNPL,EQ,,,,,AVT NATURAL PRODUCTS LTD,69.40,72.58,69.40,70.42,70.90,69.98,,70.45,,,50466,3584518.66,997,F1,1,,,,,
2026-07-30,2026-07-30,CM,NSE,STK,23864,INE108V01019,AWFIS,EQ,,,,,AWFIS SPACE SOLUTIONS LTD,281.30,283.10,274.00,276.00,274.75,281.30,,275.95,,,134959,37397107.85,4344,F1,1,,,,,
2026-07-30,2026-07-30,CM,NSE,STK,8110,INE699H01024,AWL,EQ,,,,,AWL AGRI BUSINESS LIMITED,189.55,189.85,187.00,187.58,187.65,189.91,,187.58,,,1092465,205110640.99,15753,F1,1,,,,,
2026-07-30,2026-07-30,CM,NSE,STK,5900,INE238A01034,AXISBANK,EQ,,,,,AXIS BANK LIMITED,1229.00,1232.20,1220.20,1228.90,1230.80,1235.40,,1228.90,,,6878684,8429707075.80,129058,F1,1,,,,,
2026-07-30,2026-07-30,CM,NSE,STK,1044,INF846K01X63,BNKETFAXIS,EQ,,,,,AXISAMC-BNKETFAXIS,587.51,588.35,586.00,587.51,587.51,589.34,,587.51,,,96,56307.13,19,F1,1,,,,,
2026-07-30,2026-07-30,CM,NSE,STK,5732,INF846K016C7,CONSUMAXIS,EQ,,,,,AXISAMC-CONSUMAXIS,123.92,124.93,122.70,124.75,122.70,122.04,,124.75,,,9843,1226477.38,39,F1,1,,,,,
2026-07-30,2026-07-30,CM,NSE,STK,20532,INF846K01W80,GOLDAXIS,EQ,,,,,AXISAMC-GOLDAXIS,117.74,118.58,117.63,118.28,118.33,117.74,,118.28,,,269959,31870423.64,2001,F1,1,,,,,
2026-07-30,2026-07-30,CM,NSE,STK,3608,INF846K01Z12,HEALTHAXIS,EQ,,,,,AXISAMC-HEALTHAXIS,169.58,171.11,169.56,169.83,171.10,169.58,,169.83,,,6063,1033906.63,106,F1,1,,,,,
2026-07-30,2026-07-30,CM,NSE,STK,3010,INF846K01Y96,ITAXIS,EQ,,,,,AXISAMC-ITAXIS,345.31,350.50,341.00,342.71,341.00,342.66,,342.72,,,8207,2850034.09,183,F1,1,,,,,
2026-07-30,2026-07-30,CM,NSE,STK,21252,INF846K01W98,NIFTYAXIS,EQ,,,,,AXISAMC-NIFTYAXIS,267.89,269.00,267.54,268.71,268.10,267.83,,268.71,,,13360,3584734.76,132,F1,1,,,,,
2026-07-30,2026-07-30,CM,NSE,STK,14742,INF846K010Q0,SENSEXAXIS,EQ,,,,,AXISAMC-SENSEXAXIS,80.78,80.78,80.36,80.49,80.76,80.36,,80.50,,,4583,369452.89,56,F1,1,,,,,
2026-07-30,2026-07-30,CM,NSE,STK,11193,INF846K011K1,SILVERAXIS,EQ,,,,,AXISAMC-SILVERAXIS,214.96,215.16,213.10,214.84,214.67,214.96,,214.84,,,767420,164332234.19,1930,F1,1,,,,,
2026-07-30,2026-07-30,CM,NSE,STK,30155,INF846KA1119,VALUEAXIS,EQ,,,,,AXISAMC-VALUEAXIS,32.87,32.87,32.44,32.78,32.84,32.81,,32.78,,,104341,3419232.58,233,F1,1,,,,,
2026-07-30,2026-07-30,CM,NSE,STK,9436,INE555B01013,AXISCADES,EQ,,,,,AXISCADES TECH LTD,1595.00,1595.00,1517.80,1523.50,1524.00,1565.70,,1523.50,,,160956,250443488.80,11780,F1,1,,,,,
2026-07-30,2026-07-30,CM,NSE,STK,9902,INE02EZ01022,AXITA,EQ,,,,,AXITA COTTON LIMITED,7.47,7.49,7.33,7.35,7.39,7.37,,7.35,,,480552,3551678.54,969,F1,1,,,,,
2026-07-30,2026-07-30,CM,NSE,STK,760981,INE501X01029,AYE,EQ,,,,,AYE FINANCE LIMITED,165.02,166.07,158.55,161.10,161.99,166.06,,161.12,,,474585,77036832.77,7441,F1,1,,,,,
2026-07-30,2026-07-30,CM,NSE,STK,10285,INE193B01039,AYMSYNTEX,EQ,,,,,AYM SYNTEX LIMITED,245.06,247.94,236.92,245.46,245.50,239.94,,245.48,,,18655,4536021.18,761,F1,1,,,,,
2026-07-30,2026-07-30,CM,NSE,STK,20905,INE02IJ01035,AZAD,EQ,,,,,AZAD ENGINEERING LIMITED,2395.20,2395.20,2250.00,2259.60,2259.00,2395.20,,2259.60,,,777513,1783400661.10,54005,F1,1,,,,,
2026-07-30,2026-07-30,CM,NSE,STK,762616,INE489D01011,BNALTD,BE,,,,,B & A LTD.,405.30,421.50,400.90,410.90,400.90,422.00,,410.90,,,224,90111.85,10,F1,1,,,,,
2026-07-30,2026-07-30,CM,NSE,STK,12153,INE01EE01011,BBTCL,EQ,,,,,B&B TRIPLEWALL CONT LTD,217.74,231.00,216.01,226.53,230.90,217.74,,226.52,,,28547,6405491.23,385,F1,1,,,,,
2026-07-30,2026-07-30,CM,NSE,STK,11226,INE116D01028,BAGFILMS,EQ,,,,,B.A.G FILMS AND MEDIA LTD,4.49,4.57,4.42,4.43,4.43,4.47,,4.43,,,95013,422415.29,154,F1,1,,,,,
2026-07-30,2026-07-30,CM,NSE,STK,759420,INE17CQ01015,BAGDIGITAL,SM,,,,,B.A.G.CONVERGENCE LIMITED,108.60,108.60,107.50,107.50,107.50,108.00,,107.50,,,9600,1035840.00,6,F1,1600,,,,,
2026-07-30,2026-07-30,CM,NSE,STK,13290,INE350H01032,BLKASHYAP,EQ,,,,,B.L.KASHYAP & SON LTD,54.20,54.35,53.40,53.67,53.77,54.01,,53.68,,,183170,9844125.64,1225,F1,1,,,,,
2026-07-30,2026-07-30,CM,NSE,STK,25116,INE01FR01028,STYLEBAAZA,BE,,,,,BAAZAR STYLE RETAIL LTD,269.00,273.90,263.10,264.55,265.50,269.70,,264.55,,,67931,18115676.85,976,F1,1,,,,,
2026-07-30,2026-07-30,CM,NSE,STK,17735,INE878I01022,BAFNAPH,BE,,,,,BAFNA PHARMACEUTICALS LTD,257.76,257.76,257.76,257.76,257.76,252.71,,263.95,,,268,69079.68,9,F1,1,,,,,
2026-07-30,2026-07-30,CM,NSE,STK,763363,INE2OVN25015,BAGMANE,RR,,,,,BAGMANE PRIME OFFICE REIT,104.99,105.10,104.40,104.84,104.61,104.94,,104.84,,,1706770,179087561.01,20815,F1,1,,,,,
2026-07-30,2026-07-30,CM,NSE,STK,12989,INE029Q01017,BAHETI,SM,,,,,BAHETI RECYCLING IND LTD,730.00,730.00,710.00,711.70,718.50,716.50,,711.70,,,15750,11300662.50,31,F1,375,,,,,
2026-07-30,2026-07-30,CM,NSE,STK,13794,INE020D01022,BAIDFIN,EQ,,,,,BAID FINSERV LIMITED,9.85,10.09,9.78,9.85,9.83,9.90,,9.85,,,49685,491600.48,194,F1,1,,,,,
2026-07-30,2026-07-30,CM,NSE,STK,16669,INE917I01010,BAJAJ-AUTO,EQ,,,,,BAJAJ AUTO LIMITED,11338.00,11525.00,11305.50,11432.00,11445.00,11338.00,,11432.00,,,295600,3383892344.00,51722,F1,1,,,,,
2026-07-30,2026-07-30,CM,NSE,STK,19531,INE933K01021,BAJAJCON,EQ,,,,,BAJAJ CONSUMER CARE LTD,536.40,546.45,531.60,538.10,543.00,536.50,,538.10,,,342203,184591759.40,10403,F1,1,,,,,
2026-07-30,2026-07-30,CM,NSE,STK,15034,INE193E01025,BAJAJELEC,EQ,,,,,BAJAJ ELECT.LTD,329.70,333.90,327.20,329.25,327.45,330.55,,329.25,,,79236,26166639.65,1767,F1,1,,,,,
2026-07-30,2026-07-30,CM,NSE,STK,317,INE296A01032,BAJFINANCE,EQ,,,,,BAJAJ FINANCE LIMITED,1046.00,1068.00,1035.10,1053.50,1058.00,1054.40,,1053.70,,,9866564,10348240044.70,212790,F1,1,,,,,
2026-07-30,2026-07-30,CM,NSE,STK,16675,INE918I01026,BAJAJFINSV,EQ,,,,,BAJAJ FINSERV LTD.,1918.30,1933.40,1892.30,1909.40,1909.00,1924.40,,1909.40,,,752615,1435953723.40,61342,F1,1,,,,,
2026-07-30,2026-07-30,CM,NSE,STK,6863,INE411U01027,BAJAJHCARE,EQ,,,,,BAJAJ HEALTHCARE LIMITED,327.70,331.70,323.35,327.45,325.15,326.00,,327.50,,,183851,60246327.65,5179,F1,1,,,,,
2026-07-30,2026-07-30,CM,NSE,STK,308,INE306A01021,BAJAJHIND,EQ,,,,,BAJAJ HINDUSTHAN SUGAR LT,16.88,17.06,16.61,16.65,16.65,16.92,,16.65,,,2497147,41833891.66,5548,F1,1,,,,,
2026-07-30,2026-07-30,CM,NSE,STK,305,INE118A01012,BAJAJHLDNG,EQ,,,,,BAJAJ HOLDINGS & INVS LTD,10875.00,10990.00,10875.00,10970.00,10919.00,10949.00,,10970.00,,,39575,433251981.00,8546,F1,1,,,,,
2026-07-30,2026-07-30,CM,NSE,STK,25270,INE377Y01014,BAJAJHFL,EQ,,,,,BAJAJ HOUSING FINANCE LTD,87.53,87.53,85.35,86.52,86.69,87.63,,86.52,,,7472434,645091721.22,37833,F1,1,,,,,
2026-07-30,2026-07-30,CM,NSE,STK,762563,INE704G01024,BAJAJST,EQ,,,,,BAJAJ STEEL INDS. LTD.,390.00,398.00,383.55,390.90,396.00,383.45,,390.75,,,7680,2991313.05,607,F1,1,,,,,
2026-07-30,2026-07-30,CM,NSE,STK,20531,INE0KQN01018,BAJEL,EQ,,,,,BAJEL PROJECTS LIMITED,178.51,178.62,174.51,175.97,175.25,177.62,,175.97,,,86300,15163458.32,1422,F1,1,,,,,
2026-07-30,2026-07-30,CM,NSE,STK,13441,INE083D01012,BALPHARMA,EQ,,,,,BAL PHARMA LTD.,87.10,89.29,87.10,87.90,88.25,88.10,,87.90,,,7965,699539.33,169,F1,1,,,,,
2026-07-30,2026-07-30,CM,NSE,STK,14501,INE050E01027,BALAMINES,EQ,,,,,BALAJI AMINES LIMITED,2260.00,2260.00,2215.30,2243.40,2233.00,2271.40,,2243.50,,,104820,234434626.20,10790,F1,1,,,,,
2026-07-30,2026-07-30,CM,NSE,STK,30030,INE0PQ601019,BALAJIPHOS,SM,,,,,BALAJI PHOSPHATES LIMITED,89.50,89.50,87.00,87.50,87.50,90.00,,87.50,,,8000,709500.00,6,F1,1000,,,,,
2026-07-30,2026-07-30,CM,NSE,STK,9158,INE794B01026,BALAJITELE,EQ,,,,,BALAJI TELEFILMS LIMITED.,83.10,83.88,80.95,82.23,82.47,84.10,,82.23,,,103886,8514109.73,1341,F1,1,,,,,
2026-07-30,2026-07-30,CM,NSE,STK,11309,INE618N01022,BALAXI,EQ,,,,,BALAXI PHARMA LTD,24.80,25.50,24.00,24.51,24.78,24.14,,24.51,,,45022,1106374.69,225,F1,1,,,,,
2026-07-30,2026-07-30,CM,NSE,STK,335,INE787D01026,BALKRISIND,EQ,,,,,BALKRISHNA IND. LTD,2220.90,2336.00,2208.00,2306.90,2312.00,2081.70,,2306.90,,,4223176,9570474279.60,233459,F1,1,,,,,
2026-07-30,2026-07-30,CM,NSE,STK,10181,INE875R01011,BALKRISHNA,EQ,,,,,BALKRISHNA PAPER MILLS L,18.11,19.50,16.30,17.41,17.13,17.66,,17.41,,,73414,1299860.51,208,F1,1,,,,,
2026-07-30,2026-07-30,CM,NSE,STK,338,INE164A01016,BALMLAWRIE,EQ,,,,,BALMER LAWRIE & CO LTD,179.12,181.40,175.83,176.23,176.00,179.12,,176.23,,,291909,52016116.41,2475,F1,1,,,,,
2026-07-30,2026-07-30,CM,NSE,STK,762603,INE525F01025,BLIL,EQ,,,,,BALMER LAWRIE INVSTS. L,70.13,70.54,69.82,69.98,69.91,70.02,,70.01,,,34161,2396593.23,379,F1,1,,,,,
2026-07-30,2026-07-30,CM,NSE,STK,341,INE119A01028,BALRAMCHIN,EQ,,,,,BALRAMPUR CHINI MILLS LTD,605.45,612.90,594.00,596.30,598.50,606.30,,596.30,,,236918,143038401.35,17358,F1,1,,,,,
2026-07-30,2026-07-30,CM,NSE,STK,23607,INE011E01029,BALUFORGE,EQ,,,,,BALU FORGE INDUSTRIES LTD,442.00,442.00,431.25,433.00,432.20,441.30,,433.00,,,161936,70313829.20,6404,F1,1,,,,,
2026-07-30,2026-07-30,CM,NSE,STK,347,INE655B01011,BANARBEADS,EQ,,,,,BANARAS BEADS LTD,115.15,120.00,115.15,115.89,115.60,116.56,,115.88,,,1102,128618.39,52,F1,1,,,,,
2026-07-30,2026-07-30,CM,NSE,STK,13880,INE213C01025,BANCOINDIA,EQ,,,,,BANCO PRODUCTS (I) LTD,628.95,632.00,623.50,626.80,626.00,627.85,,626.85,,,55654,34915242.85,5662,F1,1,,,,,
2026-07-30,2026-07-30,CM,NSE,STK,2263,INE545U01014,BANDHANBNK,EQ,,,,,BANDHAN BANK LIMITED,173.20,174.23,171.44,172.72,172.85,173.58,,172.72,,,9336125,1613117497.36,71242,F1,1,,,,,
2026-07-30,2026-07-30,CM,NSE,STK,760325,INF194KB1KJ7,GOLDBND,EQ,,,,,BANDHANAMC - GOLDBND,141.37,142.42,141.06,142.19,141.82,141.37,,142.10,,,1673,237176.14,142,F1,1,,,,,
2026-07-30,2026-07-30,CM,NSE,STK,18783,INF194KA1U07,IDFNIFTYET,EQ,,,,,BANDHANAMC - IDFNIFTYET,267.87,268.59,267.51,267.51,267.51,267.33,,267.51,,,790,211724.27,25,F1,1,,,,,
2026-07-30,2026-07-30,CM,NSE,STK,760328,INF194KB1KI9,SILVERBND,EQ,,,,,BANDHANAMC - SILVERBND,217.72,218.55,215.50,217.10,217.00,217.06,,217.10,,,5012,1084133.19,123,F1,1,,,,,
2026-07-30,2026-07-30,CM,NSE,STK,15303,INE863I01016,BANG,EQ,,,,,BANG OVERSEAS LTD.,29.50,31.70,28.41,30.50,29.80,29.26,,30.51,,,43884,1329379.72,338,F1,1,,,,,
2026-07-30,2026-07-30,CM,NSE,STK,4668,INE028A01039,BANKBARODA,EQ,,,,,BANK OF BARODA,243.00,243.00,240.10,241.65,241.95,243.35,,241.65,,,9423237,2277941524.20,53149,F1,1,,,,,
2026-07-30,2026-07-30,CM,NSE,STK,4745,INE084A01016,BANKINDIA,EQ,,,,,BANK OF INDIA,137.05,137.69,136.05,137.22,137.40,137.65,,137.22,,,5363657,735368923.93,31481,F1,1,,,,,
2026-07-30,2026-07-30,CM,NSE,STK,11377,INE457A01014,MAHABANK,EQ,,,,,BANK OF MAHARASHTRA,80.73,80.73,79.10,79.26,79.30,80.73,,79.26,,,8039880,640607973.84,41056,F1,1,,,,,
2026-07-30,2026-07-30,CM,NSE,STK,828,INE862Y01015,BANKA,BE,,,,,BANKA BIOLOO LIMITED,88.70,89.30,86.01,86.01,86.01,90.50,,86.01,,,2239,197099.40,15,F1,1,,,,,
2026-07-30,2026-07-30,CM,NSE,STK,12037,INE186H01022,BASML,BE,,,,,BANNARI AM SPIN MILL LTD.,27.00,27.25,26.65,26.89,26.99,27.00,,26.91,,,31538,851832.09,71,F1,1,,,,,
2026-07-30,2026-07-30,CM,NSE,STK,350,INE459A01010,BANARISUG,EQ,,,,,BANNARI AMMAN SUGARS LTD,3500.00,3500.00,3475.00,3497.10,3500.00,3475.70,,3497.10,,,178,620554.80,21,F1,1,,,,,
2026-07-30,2026-07-30,CM,NSE,STK,24386,INE0B9K01025,BANSALWIRE,EQ,,,,,BANSAL WIRE INDUSTRIES L,312.50,319.45,312.50,315.05,317.00,318.35,,315.05,,,86560,27292730.60,2783,F1,1,,,,,
2026-07-30,2026-07-30,CM,NSE,STK,14511,INE629D01020,BANSWRAS,EQ,,,,,BANSWARA SYNTEX LIMITED,125.81,129.38,125.81,126.60,126.45,126.23,,126.60,,,15224,1939827.77,345,F1,1,,,,,
2026-07-30,2026-07-30,CM,NSE,STK,15073,INE139I01011,BVCL,EQ,,,,,BARAK VALLEY CEM. LTD.,41.40,43.20,41.40,42.10,41.57,41.60,,42.38,,,12000,505008.53,155,F1,1,,,,,
2026-07-30,2026-07-30,CM,NSE,STK,29176,INE0QX401014,BARFLEX,SM,,,,,BARFLEX POLYFILMS LIMITED,55.00,55.00,55.00,55.00,55.00,54.90,,55.00,,,2000,110000.00,1,F1,2000,,,,,
2026-07-30,2026-07-30,CM,NSE,STK,24117,INF251K01TL6,BBNPNBETF,EQ,,,,,BARODABNP - BBNPNBETF,56.41,57.67,56.41,57.43,57.43,57.56,,57.43,,,540,30932.60,24,F1,1,,,,,
2026-07-30,2026-07-30,CM,NSE,STK,20547,INF251K01SU9,BBNPPGOLD,EQ,,,,,BARODABNP - BBNPPGOLD,136.15,138.00,136.15,137.85,138.00,137.15,,137.85,,,914,125624.15,46,F1,1,,,,,
2026-07-30,2026-07-30,CM,NSE,STK,368,INE373A01013,BASF,EQ,,,,,BASF INDIA LTD,3740.00,3740.00,3670.10,3687.90,3680.00,3740.70,,3687.80,,,7715,28477523.20,1862,F1,1,,,,,
2026-07-30,2026-07-30,CM,NSE,STK,18442,INE0OCC01013,BASILIC,SM,,,,,BASILIC FLY STUDIO LTD,199.00,205.90,196.10,202.00,202.10,198.75,,202.00,,,23400,4707960.00,57,F1,300,,,,,
2026-07-30,2026-07-30,CM,NSE,STK,371,INE176A01028,BATAINDIA,EQ,,,,,BATA INDIA LTD,700.00,704.95,696.95,700.05,700.40,698.35,,700.05,,,169907,118988901.15,7317,F1,1,,,,,
2026-07-30,2026-07-30,CM,NSE,STK,762568,INE177C01022,BATLIBOI,EQ,,,,,BATLIBOI LTD.,84.50,84.54,81.95,82.37,82.00,84.33,,82.36,,,21489,1783140.67,418,F1,1,,,,,
2026-07-30,2026-07-30,CM,NSE,STK,22574,INE0JFJ01011,BAWEJA,ST,,,,,BAWEJA STUDIOS LIMITED,27.05,27.05,26.25,26.50,26.50,26.65,,26.50,,,8800,235640.00,7,F1,800,,,,,
2026-07-30,2026-07-30,CM,NSE,STK,17927,INE462A01022,BAYERCROP,EQ,,,,,BAYER CROPSCIENCE LTD,4250.00,4267.00,4212.60,4226.50,4226.90,4248.30,,4226.20,,,16661,70630886.80,3965,F1,1,,,,,
2026-07-30,2026-07-30,CM,NSE,STK,2513,INE412G01024,BCLIND,EQ,,,,,BCL INDUSTRIES LIMITED,34.47,34.99,34.18,34.70,34.95,34.66,,34.70,,,266180,9176488.62,1432,F1,1,,,,,
2026-07-30,2026-07-30,CM,NSE,STK,761494,INE00SW01015,BCPL,EQ,,,,,BCPL RAILWAY INFRA LTD,71.30,71.30,69.00,69.72,69.29,70.43,,69.72,,,13468,943395.92,378,F1,1,,,,,
2026-07-30,2026-07-30,CM,NSE,STK,23925,INE639X01027,BEACON,ST,,,,,BEACON TRUSTEESHIP LTD,90.00,90.00,88.50,88.50,88.50,89.15,,88.50,,,4000,357450.00,4,F1,1000,,,,,
2026-07-30,2026-07-30,CM,NSE,STK,17933,INE520H01022,BEARDSELL,EQ,,,,,BEARDSELL LIMITED,27.99,27.99,26.51,26.63,26.51,26.94,,26.63,,,9115,243600.66,110,F1,1,,,,,
2026-07-30,2026-07-30,CM,NSE,STK,20196,INE844K01012,BEDMUTHA,EQ,,,,,BEDMUTHA INDUST LTD,106.55,111.55,106.55,109.69,109.61,107.87,,109.64,,,4292,474080.73,46,F1,1,,,,,
2026-07-30,2026-07-30,CM,NSE,STK,762573,INE213D01015,BEEKAY,EQ,,,,,BEEKAY STEEL INDS. LTD.,399.00,399.00,390.05,397.75,398.75,399.90,,397.45,,,1763,696563.55,36,F1,1,,,,,
2026-07-30,2026-07-30,CM,NSE,STK,757938,INE344T01014,BELLACASA,EQ,,,,,BELLA CASA FASH AND RET L,241.50,241.50,233.00,234.50,235.00,236.25,,234.65,,,5156,1211339.45,326,F1,1,,,,,
2026-07-30,2026-07-30,CM,NSE,STK,757102,INE894V01022,BELRISE,EQ,,,,,BELRISE INDUSTRIES LTD,229.91,233.38,228.35,232.79,232.38,230.47,,232.79,,,2310171,534878654.58,24187,F1,1,,,,,
2026-07-30,2026-07-30,CM,NSE,STK,15067,INE0N7W01012,BLAL,EQ,,,,,BEML LAND ASSETS LIMITED,176.50,179.85,173.01,175.10,173.51,176.78,,175.05,,,29767,5240934.24,475,F1,1,,,,,
2026-07-30,2026-07-30,CM,NSE,STK,395,INE258A01024,BEML,EQ,,,,,BEML LIMITED,1766.50,1785.70,1748.80,1756.40,1750.90,1781.40,,1756.40,,,128746,226837497.80,19064,F1,1,,,,,
2026-07-30,2026-07-30,CM,NSE,STK,762578,INE083K01017,BENGALASM,EQ,,,,,BENGAL & ASSAM CO. LTD.,6309.50,6309.50,6160.50,6203.00,6192.50,6232.50,,6202.50,,,34,211219.00,25,F1,1,,,,,
2026-07-30,2026-07-30,CM,NSE,STK,404,INE463A01038,BERGEPAINT,EQ,,,,,BERGER PAINTS (I) LTD,516.90,526.00,512.20,521.35,522.00,520.05,,521.35,,,315910,164461815.70,18985,F1,1,,,,,
2026-07-30,2026-07-30,CM,NSE,STK,2306,INE052T01021,BESTAGRO,EQ,,,,,BEST AGROLIFE LIMITED,17.49,17.50,16.22,16.60,16.49,16.74,,16.60,,,2876041,48586358.47,6272,F1,1,,,,,
2026-07-30,2026-07-30,CM,NSE,STK,759842,INE351Y01019,BETA,EQ,,,,,BETA DRUGS LIMITED,2268.00,2274.80,2176.40,2203.40,2181.00,2233.20,,2203.40,,,18251,40625997.00,3607,F1,1,,,,,
2026-07-30,2026-07-30,CM,NSE,STK,5662,INE0HQI01014,BEWLTD,SM,,,,,BEW ENGINEERING LIMITED,58.40,59.45,57.30,58.50,58.50,58.50,,58.50,,,10500,614875.00,16,F1,500,,,,,
2026-07-30,2026-07-30,CM,NSE,STK,21113,INE878K01010,BFINVEST,EQ,,,,,BF INVESTMENT LIMITED,450.80,450.95,444.10,445.65,445.40,451.50,,445.60,,,16789,7513296.50,871,F1,1,,,,,
2026-07-30,2026-07-30,CM,NSE,STK,14567,INE243D01012,BFUTILITIE,EQ,,,,,BF UTILITIES LIMITED,576.55,579.55,556.00,561.20,560.35,575.10,,561.10,,,37458,21132495.85,2162,F1,1,,,,,
2026-07-30,2026-07-30,CM,NSE,STK,764183,INF0QA701CI0,BANK10BETF,EQ,,,,,BFAM - BANK10BETF,21.19,21.19,20.71,21.03,20.98,20.92,,21.03,,,1806,37899.14,26,F1,1,,,,,
2026-07-30,2026-07-30,CM,NSE,STK,21986,INF0QA701714,BANKBETF,EQ,,,,,BFAM - BANKBETF,57.97,58.21,57.60,57.98,58.19,58.02,,57.99,,,12678,734854.78,219,F1,1,,,,,
2026-07-30,2026-07-30,CM,NSE,STK,23915,INF0QA701854,LIQUIDBETF,EQ,,,,,BFAM - LIQUIDBETF,1092.25,1092.40,1092.25,1092.39,1092.39,1092.25,,1092.39,,,521331,569496774.73,113,F1,1,,,,,
2026-07-30,2026-07-30,CM,NSE,STK,21959,INF0QA701722,NIFTYBETF,EQ,,,,,BFAM - NIFTYBETF,249.37,250.62,249.03,250.31,250.62,249.44,,251.05,,,242,60391.97,44,F1,1,,,,,
2026-07-30,2026-07-30,CM,NSE,STK,15193,INE661I01014,BGRENERGY,BE,,,,,BGR ENERGY SYSTEMS LTD,298.00,301.90,290.05,301.90,301.90,287.55,,301.60,,,88635,26538608.85,670,F1,1,,,,,
2026-07-30,2026-07-30,CM,NSE,STK,758228,INE0ZRC01017,BHADORA,ST,,,,,BHADORA INDUSTRIES LTD,86.05,88.95,86.00,88.95,88.95,89.50,,88.95,,,7200,629880.00,6,F1,1200,,,,,
2026-07-30,2026-07-30,CM,NSE,STK,13427,INE354C01027,BHAGERIA,BE,,,,,BHAGERIA INDUSTRIES LTD,205.20,209.00,199.00,202.08,203.80,206.25,,202.05,,,27631,5637187.59,303,F1,1,,,,,
2026-07-30,2026-07-30,CM,NSE,STK,6164,INE414D01027,BHAGCHEM,EQ,,,,,BHAGIRADHA CHEM & INDS L,267.05,271.95,264.35,269.10,271.80,267.05,,269.10,,,53165,14258631.30,1375,F1,1,,,,,
2026-07-30,2026-07-30,CM,NSE,STK,20799,INE458B01036,BHAGYANGR,BE,,,,,BHAGYANAGAR INDIA LIMITED,372.00,393.00,367.40,367.95,370.00,386.70,,368.30,,,190038,70725555.20,2504,F1,1,,,,,
2026-07-30,2026-07-30,CM,NSE,STK,19560,INE474E01029,BHANDARI,BE,,,,,BHANDARI HOSIERY EXP LTD,2.84,2.95,2.81,2.84,2.87,2.88,,2.84,,,100725,289224.90,200,F1,1,,,,,
2026-07-30,2026-07-30,CM,NSE,STK,419,INE922A01025,BEPL,EQ,,,,,BHANSALI ENG. POLYMERS LT,115.00,115.49,111.21,111.81,112.00,114.53,,111.81,,,1298992,146263748.78,9139,F1,1,,,,,
2026-07-30,2026-07-30,CM,NSE,STK,13761,INE464A01036,BBL,EQ,,,,,BHARAT BIJLEE LTD,2584.10,2584.10,2475.30,2495.60,2494.80,2572.20,,2495.70,,,29297,73706443.00,5103,F1,1,,,,,
2026-07-30,2026-07-30,CM,NSE,STK,760726,INE05XR01022,BHARATCOAL,EQ,,,,,BHARAT COKING COAL LTD,34.20,34.24,33.60,33.79,33.81,34.27,,33.79,,,8755646,296623126.59,20115,F1,1,,,,,
2026-07-30,2026-07-30,CM,NSE,STK,2144,INE171Z01026,BDL,EQ,,,,,BHARAT DYNAMICS LIMITED,1260.00,1265.40,1240.20,1245.90,1246.00,1261.80,,1245.60,,,559995,699025105.40,28567,F1,1,,,,,
2026-07-30,2026-07-30,CM,NSE,STK,383,INE263A01024,BEL,EQ,,,,,BHARAT ELECTRONICS LTD,386.00,387.50,382.70,384.90,384.75,387.55,,384.90,,,16521484,6356410770.65,166743,F1,1,,,,,
2026-07-30,2026-07-30,CM,NSE,STK,422,INE465A01025,BHARATFORG,EQ,,,,,BHARAT FORGE LTD,2165.00,2175.40,2141.40,2164.70,2167.10,2171.50,,2164.70,,,317987,685921018.60,25932,F1,1,,,,,
2026-07-30,2026-07-30,CM,NSE,STK,9397,INE561C01019,BHARATGEAR,BE,,,,,BHARAT GEARS LTD,126.39,126.90,123.20,124.56,125.65,126.39,,124.56,,,10090,1264787.18,114,F1,1,,,,,
2026-07-30,2026-07-30,CM,NSE,STK,526,INE029A01011,BPCL,EQ,,,,,BHARAT PETROLEUM CORP  LT,315.40,318.35,312.85,315.80,316.40,317.40,,315.80,,,6601344,2082708760.25,49672,F1,1,,,,,
2026-07-30,2026-07-30,CM,NSE,STK,3834,INE838B01021,BHARATRAS,EQ,,,,,BHARAT RASAYAN LTD,1281.90,1283.70,1260.00,1267.10,1260.00,1275.90,,1267.30,,,4980,6338919.40,770,F1,1,,,,,
2026-07-30,2026-07-30,CM,NSE,STK,21683,INE727S01012,BRNL,EQ,,,,,BHARAT ROAD NETWORK LTD,17.48,17.90,17.13,17.53,17.51,17.48,,17.51,,,20467,359422.43,227,F1,1,,,,,
2026-07-30,2026-07-30,CM,NSE,STK,30244,INE415D01024,BHARATSE,EQ,,,,,BHARAT SEATS LIMITED,210.00,212.14,205.00,208.57,208.26,209.75,,208.58,,,176649,36981193.76,4019,F1,1,,,,,
2026-07-30,2026-07-30,CM,NSE,STK,16123,INE316L01019,BHARATWIRE,EQ,,,,,BHARAT WIRE ROPES LTD.,201.55,201.55,195.50,196.74,195.88,201.55,,196.83,,,45702,9032748.74,1300,F1,1,,,,,
2026-07-30,2026-07-30,CM,NSE,STK,10604,INE397D01024,BHARTIARTL,EQ,,,,,BHARTI AIRTEL LIMITED,1954.00,1963.20,1943.90,1956.80,1946.60,1950.20,,1956.70,,,5356472,10462478796.70,198346,F1,1,,,,,
2026-07-30,2026-07-30,CM,NSE,STK,23489,INE343G01021,BHARTIHEXA,EQ,,,,,BHARTI HEXACOM LIMITED,1656.10,1678.10,1636.00,1654.00,1659.10,1654.50,,1653.70,,,74039,122712476.40,12128,F1,1,,,,,
2026-07-30,2026-07-30,CM,NSE,STK,7848,INE828A01016,BIL,EQ,,,,,BHARTIYA INTERNATIONAL,747.80,750.00,740.55,749.95,750.00,749.75,,749.95,,,341,255422.25,19,F1,1,,,,,
2026-07-30,2026-07-30,CM,NSE,STK,438,INE257A01026,BHEL,EQ,,,,,BHEL,406.00,406.00,399.75,403.00,404.25,405.15,,403.00,,,5875071,2364388511.45,55424,F1,1,,,,,
2026-07-30,2026-07-30,CM,NSE,STK,762621,INE274K01012,BTTL,BE,,,,,BHILWARA TECHNICAL TEXT L,46.40,47.72,45.40,46.77,46.77,46.87,,46.73,,,1683,77707.30,36,F1,1,,,,,
2026-07-30,2026-07-30,CM,NSE,STK,18431,INE412U01025,BIGBLOC,EQ,,,,,BIGBLOC CONSTRUCTION LTD,45.91,46.50,45.11,45.41,45.30,45.91,,45.41,,,39341,1802684.73,491,F1,1,,,,,
2026-07-30,2026-07-30,CM,NSE,STK,11966,INE00E101023,BIKAJI,EQ,,,,,BIKAJI FOODS INTERN LTD,641.00,654.15,638.00,643.70,647.30,641.85,,643.70,,,65072,42176362.60,7247,F1,1,,,,,
2026-07-30,2026-07-30,CM,NSE,STK,25527,INE0SQH01013,BIKEWO,ST,,,,,BIKEWO GREEN TECH LIMITED,64.50,65.30,62.00,64.05,64.10,63.95,,64.05,,,94000,6049700.00,47,F1,2000,,,,,
2026-07-30,2026-07-30,CM,NSE,STK,13622,INE071A01013,BILVYAPAR,BE,,,,,BIL VYAPAR LIMITED,4.00,4.06,3.92,3.99,4.00,4.00,,3.99,,,1008,4028.13,25,F1,1,,,,,
2026-07-30,2026-07-30,CM,NSE,STK,762583,INE986A01012,BI,EQ,,,,,BILCARE LTD.,60.90,60.90,58.20,58.73,59.00,58.20,,58.30,,,1054,62206.89,55,F1,1,,,,,
2026-07-30,2026-07-30,CM,NSE,STK,759806,INE0HOQ01053,GROWW,EQ,,,,,BILLIONBRAINS GARAGE VN L,193.80,194.99,190.51,192.33,193.00,193.71,,192.34,,,23228347,4463471247.14,120853,F1,1,,,,,
2026-07-30,2026-07-30,CM,NSE,STK,762588,INE469A01019,BIMETAL,EQ,,,,,BIMETAL BEARINGS LTD.,640.05,676.90,640.05,670.15,659.00,643.80,,665.20,,,320,212026.15,41,F1,1,,,,,
2026-07-30,2026-07-30,CM,NSE,STK,763598,INE1BKA01015,BMLL,SM,,,,,BIO MEDICA LABORATORIES L,159.35,162.10,153.50,153.50,153.50,158.55,,153.50,,,64000,10157200.00,58,F1,1000,,,,,
2026-07-30,2026-07-30,CM,NSE,STK,11373,INE376G01013,BIOCON,EQ,,,,,BIOCON LIMITED.,430.85,432.70,421.35,425.35,426.00,431.10,,425.35,,,4969746,2111395377.90,93585,F1,1,,,,,
2026-07-30,2026-07-30,CM,NSE,STK,4136,INE829A01014,BIOFILCHEM,EQ,,,,,BIOFIL CHEM & PHARMA LTD,33.40,33.40,32.00,32.05,32.01,32.67,,32.05,,,3873,124754.30,90,F1,1,,,,,
2026-07-30,2026-07-30,CM,NSE,STK,760942,INE0XW001014,BIOPOL,SM,,,,,BIOPOL CHEMICALS LIMITED,103.00,108.90,102.55,104.65,103.10,104.70,,104.65,,,144000,15062760.00,85,F1,1200,,,,,
2026-07-30,2026-07-30,CM,NSE,STK,6815,INE800A01015,BIRLACABLE,BE,,,,,BIRLA CABLE LIMITED,198.28,200.00,190.00,194.11,195.00,198.28,,194.14,,,23293,4536829.04,372,F1,1,,,,,
2026-07-30,2026-07-30,CM,NSE,STK,480,INE340A01012,BIRLACORPN,EQ,,,,,BIRLA CORPORATION LTD,891.80,892.75,878.05,885.00,886.05,889.15,,885.00,,,66229,58616707.40,7058,F1,1,,,,,
2026-07-30,2026-07-30,CM,NSE,STK,762593,INE372E01025,BIRLAPREC,EQ,,,,,BIRLA PRECISION TECH L,33.95,34.77,33.30,34.41,34.50,33.94,,34.44,,,9855,337474.00,151,F1,1,,,,,
2026-07-30,2026-07-30,CM,NSE,STK,1455,INE557A01011,BIRLANU,EQ,,,,,BIRLANU LIMITED,1366.00,1385.90,1332.00,1337.00,1340.00,1379.80,,1336.90,,,14381,19497885.70,1471,F1,1,,,,,
2026-07-30,2026-07-30,CM,NSE,STK,24404,INF209KC1134,ABGSEC,EQ,,,,,BIRLASLAMC - ABGSEC,114.77,115.01,113.51,115.01,115.01,113.90,,115.01,,,10,1145.96,7,F1,1,,,,,
2026-07-30,2026-07-30,CM,NSE,STK,760247,INF209KC1670,ABSL10BANK,EQ,,,,,BIRLASLAMC - ABSL10BANK,169.40,170.35,168.62,170.04,170.35,170.14,,170.04,,,36154,6138156.58,31,F1,1,,,,,
2026-07-30,2026-07-30,CM,NSE,STK,13987,INF209KB17D5,ABSLBANETF,EQ,,,,,BIRLASLAMC - ABSLBANETF,59.09,59.09,58.14,58.52,58.58,58.60,,58.52,,,8598,502402.43,194,F1,1,,,,,
2026-07-30,2026-07-30,CM,NSE,STK,14518,INF209KB18T9,ABSLLIQUID,EQ,,,,,BIRLASLAMC - ABSLLIQUID,999.99,1000.01,999.99,999.99,999.99,999.99,,999.99,,,5146,5146036.53,19,F1,1,,,,,
2026-07-30,2026-07-30,CM,NSE,STK,761066,INF209KC1662,ABSLMSCIN,EQ,,,,,BIRLASLAMC - ABSLMSCIN,29.45,29.78,29.45,29.64,29.66,29.59,,29.64,,,4648,137773.49,14,F1,1,,,,,
2026-07-30,2026-07-30,CM,NSE,STK,7339,INF209KB16D7,ABSLNN50ET,EQ,,,,,BIRLASLAMC - ABSLNN50ET,76.20,76.58,76.05,76.41,76.47,76.20,,76.44,,,6149,468756.48,137,F1,1,,,,,
2026-07-30,2026-07-30,CM,NSE,STK,5957,INF209KB10E8,BSLSENETFG,EQ,,,,,BIRLASLAMC - BSLSENETFG,77.22,78.50,77.22,78.30,78.50,78.01,,78.30,,,3590,280759.02,112,F1,1,,,,,
2026-07-30,2026-07-30,CM,NSE,STK,6297,INF209KB10C2,HEALTHY,EQ,,,,,BIRLASLAMC - HEALTHY,17.10,17.37,17.10,17.21,17.22,17.17,,17.21,,,252038,4342538.80,835,F1,1,,,,,
2026-07-30,2026-07-30,CM,NSE,STK,10693,INF209KB14K7,MOMENTUM,EQ,,,,,BIRLASLAMC - MOMENTUM,30.00,30.80,30.00,30.45,30.56,30.59,,30.45,,,18939,575595.16,199,F1,1,,,,,
2026-07-30,2026-07-30,CM,NSE,STK,10690,INF209KB15K4,NIFTYQLITY,EQ,,,,,BIRLASLAMC - NIFTYQLITY,21.62,21.79,21.55,21.65,21.65,21.62,,21.65,,,69641,1509124.16,187,F1,1,,,,,
2026-07-30,2026-07-30,CM,NSE,STK,8003,INF209KB19F6,SILVER,EQ,,,,,BIRLASLAMC - SILVER,215.94,215.98,213.89,215.74,215.86,215.83,,215.72,,,686051,147449887.77,7758,F1,1,,,,,
2026-07-30,2026-07-30,CM,NSE,STK,6462,INF209KB11D8,TECH,EQ,,,,,BIRLASLAMC - TECH,34.50,34.85,33.57,34.17,34.18,33.91,,34.17,,,214889,7454769.22,439,F1,1,,,,,
2026-07-30,2026-07-30,CM,NSE,STK,23806,INF209KB19Z4,ABSLPSE,EQ,,,,,BIRLASLAMC-ABSLPSE,10.35,10.35,10.18,10.28,10.35,10.25,,10.28,,,95437,980352.16,298,F1,1,,,,,
2026-07-30,2026-07-30,CM,NSE,STK,6994,INE836A01035,BSOFT,EQ,,,,,BIRLASOFT LIMITED,309.40,318.70,305.00,306.30,306.75,311.15,,306.30,,,2552655,795646691.40,38587,F1,1,,,,,
2026-07-30,2026-07-30,CM,NSE,STK,3435,INE676A01027,BBOX,EQ,,,,,BLACK BOX LIMITED,740.65,743.45,725.00,726.80,726.45,740.65,,726.85,,,216239,158573560.20,11899,F1,1,,,,,
2026-07-30,2026-07-30,CM,NSE,STK,762601,INE761G01016,BLACKROSE,BE,,,,,BLACK ROSE INDS. LTD.,107.30,111.00,106.00,106.18,106.00,110.85,,105.27,,,9686,1040236.81,182,F1,1,,,,,
2026-07-30,2026-07-30,CM,NSE,STK,27144,INE0UIZ01018,BLACKBUCK,EQ,,,,,BLACKBUCK LIMITED,523.55,575.00,523.55,544.65,540.95,523.55,,544.70,,,2920000,1629465199.25,92647,F1,1,,,,,
2026-07-30,2026-07-30,CM,NSE,STK,8132,INE791A01024,BLBLIMITED,EQ,,,,,BLB LIMITED,15.89,15.89,15.45,15.53,15.50,15.82,,15.53,,,35234,548695.61,122,F1,1,,,,,
2026-07-30,2026-07-30,CM,NSE,STK,19269,INE416D01022,BLISSGVS,BE,,,,,BLISS GVS PHARMA LTD,460.00,464.85,452.50,455.15,453.00,456.00,,455.05,,,239331,109396360.80,2400,F1,1,,,,,
2026-07-30,2026-07-30,CM,NSE,STK,22566,INE0NLT01010,BLSE,EQ,,,,,BLS E-SERVICES LIMITED,297.70,300.76,293.81,294.72,295.48,298.81,,294.72,,,586016,173660844.40,8283,F1,1,,,,,
2026-07-30,2026-07-30,CM,NSE,STK,17279,INE153T01027,BLS,EQ,,,,,BLS INTL SERVS LTD,242.00,243.35,238.05,238.75,238.65,241.90,,238.80,,,478188,114548890.10,12842,F1,1,,,,,
2026-07-30,2026-07-30,CM,NSE,STK,8650,INE657B01025,BLUECHIP,BE,,,,,BLUE CHIP INDIA LIMITED,1.79,1.79,1.79,1.79,1.79,1.82,,2.09,,,793,1419.47,9,F1,1,,,,,
2026-07-30,2026-07-30,CM,NSE,STK,8552,INE472B01011,BLUECOAST,BE,,,,,BLUE COAST HOTELS LIMITED,25.16,25.16,23.50,24.75,24.75,23.97,,24.75,,,176,4372.53,19,F1,1,,,,,
2026-07-30,2026-07-30,CM,NSE,STK,495,INE233B01017,BLUEDART,EQ,,,,,BLUE DART EXPRESS LTD,5059.00,5096.00,5018.00,5025.90,5025.60,5069.60,,5026.00,,,7629,38426189.20,1874,F1,1,,,,,
2026-07-30,2026-07-30,CM,NSE,STK,19686,INE0KBH01020,BLUEJET,EQ,,,,,BLUE JET HEALTHCARE LTD,603.00,615.40,599.85,612.45,613.50,602.75,,612.45,,,1135413,691440818.85,32787,F1,1,,,,,
2026-07-30,2026-07-30,CM,NSE,STK,23410,INE0SAK01011,BLUEPEBBLE,SM,,,,,BLUE PEBBLE LIMITED,69.00,72.05,69.00,70.00,70.00,66.75,,70.00,,,4800,338820.00,12,F1,400,,,,,
2026-07-30,2026-07-30,CM,NSE,STK,8311,INE472A01039,BLUESTARCO,EQ,,,,,BLUE STAR LIMITED,1688.00,1704.00,1665.50,1691.40,1704.00,1680.80,,1691.40,,,230182,388461667.30,21662,F1,1,,,,,
2026-07-30,2026-07-30,CM,NSE,STK,758185,INE0X3M01010,BLUEWATER,ST,,,,,BLUE WATER LOGISTICS LTD,451.30,451.30,439.35,439.35,439.35,462.45,,439.35,,,20000,8820300.00,19,F1,1000,,,,,
2026-07-30,2026-07-30,CM,NSE,STK,759291,INE304W01038,BLUESTONE,EQ,,,,,BLUESTONE JEWEL LFSTL LTD,778.00,785.00,754.00,762.60,762.00,770.25,,762.60,,,4903495,3754435075.50,100699,F1,1,,,,,
2026-07-30,2026-07-30,CM,NSE,STK,757520,INE0U4101014,BLUSPRING,EQ,,,,,BLUSPRING ENTERPRISES LTD,113.78,116.20,110.27,114.11,112.00,114.11,,114.11,,,408942,46184612.03,3561,F1,1,,,,,
2026-07-30,2026-07-30,CM,NSE,STK,759256,INE965W01036,BMWVENTLTD,EQ,,,,,BMW VENTURES LIMITED,57.49,57.49,56.21,56.32,56.45,57.51,,56.32,,,81395,4613005.26,1471,F1,1,,,,,
2026-07-30,2026-07-30,CM,NSE,STK,762611,INE00HZ01011,BNAGROCHEM,BE,,,,,BN AGROCHEM LTD.,274.70,274.70,274.00,274.00,274.00,274.70,,274.00,,,18275,5007367.50,4,F1,1,,,,,
2026-07-30,2026-07-30,CM,NSE,STK,25021,INE338D01028,BODALCHEM,BE,,,,,BODAL CHEMICALS LTD,74.79,74.79,68.50,69.81,70.00,71.53,,69.80,,,643099,46367165.54,1615,F1,1,,,,,
2026-07-30,2026-07-30,CM,NSE,STK,14150,INE0EEJ01023,BTML,EQ,,,,,BODHI TREE MULTIMEDIA LTD,6.24,6.46,6.05,6.16,6.14,6.24,,6.16,,,307839,1911024.19,399,F1,1,,,,,
2026-07-30,2026-07-30,CM,NSE,STK,11640,INE802W01023,BOHRAIND,EQ,,,,,BOHRA INDUSTRIES LIMITED,15.22,15.22,14.13,14.19,14.13,14.50,,14.19,,,40508,603730.37,134,F1,1,,,,,
2026-07-30,2026-07-30,CM,NSE,STK,380,INE050A01025,BBTC,EQ,,,,,BOMBAY BURMAH TRADING COR,1500.00,1506.00,1486.00,1493.40,1488.00,1498.10,,1493.30,,,18048,26974420.80,3636,F1,1,,,,,
2026-07-30,2026-07-30,CM,NSE,STK,513,INE032A01023,BOMDYEING,EQ,,,,,BOMBAY DYEING & MFG. CO L,121.03,121.43,119.11,119.36,119.67,121.03,,119.35,,,239596,28698540.04,2733,F1,1,,,,,
2026-07-30,2026-07-30,CM,NSE,STK,812,INE032Z01020,BSHSL,BE,,,,,BOMBAY SUPER HYBRID SEEDS,87.00,87.90,84.00,86.81,87.00,86.65,,86.81,,,5582,473021.10,61,F1,1,,,,,
2026-07-30,2026-07-30,CM,NSE,STK,31040,INE906B07CB9,830NHAI27,N2,,,,,BOND 8.30% PA TAX FREE S2,1080.00,1080.55,1079.30,1079.52,1079.30,1079.05,,1079.48,,,1530,1652351.50,31,F1,1,,,,,
2026-07-30,2026-07-30,CM,NSE,STK,31966,INE557F07090,863NHB29,N2,,,,,BOND 8.63%PA TF TR-I S 2A,5600.00,5600.00,5600.00,5600.00,5600.00,5560.00,,5600.00,,,4,22400.00,1,F1,1,,,,,
2026-07-30,2026-07-30,CM,NSE,STK,603,INE053F07686,865IRFC29,NA,,,,,BOND 8.65% PA TF TI-SIIB,1096.01,1103.00,1096.01,1103.00,1103.00,1107.54,,1103.00,,,1700,1867012.85,14,F1,1,,,,,
2026-07-30,2026-07-30,CM,NSE,STK,30990,INE020B07HS2,871REC28,N9,,,,,BOND 8.71% TAX FREE S2B,1115.00,1118.00,1114.20,1115.02,1115.00,1115.24,,1115.05,,,441,491481.10,14,F1,1,,,,,
2026-07-30,2026-07-30,CM,NSE,STK,1999,INE053F07744,888IRFC29,NE,,,,,BOND 8.88% PA TF TII-SIIB,1119.25,1119.25,1119.25,1119.25,1119.25,1120.00,,1119.25,,,50,55962.50,1,F1,1,,,,,
2026-07-30,2026-07-30,CM,NSE,STK,31970,INE557F07132,901NHB34,N6,,,,,BOND 9.01%PA TF TR-I S 3B,6345.00,6345.00,6345.00,6345.00,6345.00,6320.00,,6345.00,,,5,31725.00,1,F1,1,,,,,
2026-07-30,2026-07-30,CM,NSE,STK,761056,INE0B9A01018,BONLON,EQ,,,,,BONLON INDUSTRIES LIMITED,40.66,40.99,39.30,40.22,40.50,40.66,,40.49,,,7981,317908.99,134,F1,1,,,,,
2026-07-30,2026-07-30,CM,NSE,STK,757919,INE16SF01016,BORANA,EQ,,,,,BORANA WEAVES LIMITED,329.50,329.90,321.10,324.25,322.00,327.60,,324.30,,,19947,6469473.25,654,F1,1,,,,,
2026-07-30,2026-07-30,CM,NSE,STK,19401,INE02PY01013,BOROLTD,EQ,,,,,BOROSIL LIMITED,231.88,242.00,230.16,235.79,239.20,231.88,,235.82,,,75559,17716439.05,2203,F1,1,,,,,
2026-07-30,2026-07-30,CM,NSE,STK,3149,INE666D01022,BORORENEW,EQ,,,,,BOROSIL RENEWABLES LTD,573.95,574.50,559.00,561.85,561.80,573.95,,561.85,,,582163,329968790.30,23819,F1,1,,,,,
2026-07-30,2026-07-30,CM,NSE,STK,24014,INE02L001032,BOROSCI,EQ,,,,,BOROSIL SCIENTIFIC LTD,158.69,159.57,154.65,155.41,157.68,157.14,,155.42,,,109196,17183210.54,1904,F1,1,,,,,
2026-07-30,2026-07-30,CM,NSE,STK,4491,INE782A01015,BOSCH-HCIL,EQ,,,,,BOSCH HOME COMFRT IND LTD,1328.00,1328.00,1305.00,1310.50,1308.60,1317.60,,1310.50,,,9024,11842081.40,620,F1,1,,,,,
2026-07-30,2026-07-30,CM,NSE,STK,2181,INE323A01026,BOSCHLTD,EQ,,,,,BOSCH LIMITED,41065.00,41600.00,40905.00,41550.00,41600.00,41065.00,,41550.00,,,27710,1144342465.00,13372,F1,1,,,,,
2026-07-30,2026-07-30,CM,NSE,STK,25119,INE0QNI01012,BOSS,SM,,,,,BOSS PACKAGING SOLU LTD,35.30,35.90,35.30,35.90,35.90,34.20,,35.90,,,18000,645000.00,5,F1,2000,,,,,
2026-07-30,2026-07-30,CM,NSE,STK,530,INE110A01019,BPL,EQ,,,,,BPL LTD,52.80,54.20,51.70,52.71,52.50,52.57,,52.71,,,47519,2523827.76,1333,F1,1,,,,,
2026-07-30,2026-07-30,CM,NSE,STK,24905,INE0R4Z01018,BRACEPORT,SM,,,,,BRACE PORT LOGISTICS LTD,57.00,61.05,57.00,61.05,61.05,63.00,,61.05,,,8000,468880.00,3,F1,1600,,,,,
2026-07-30,2026-07-30,CM,NSE,STK,24814,INE02RE01045,FIRSTCRY,EQ,,,,,BRAINBEES SOLUTIONS LTD,214.90,214.90,211.40,211.93,211.88,215.03,,211.94,,,278274,59108666.20,6286,F1,1,,,,,
2026-07-30,2026-07-30,CM,NSE,STK,7780,INE977Y01011,BCONCEPTS,EQ,,,,,BRAND CONCEPTS LIMITED,188.98,192.99,182.87,186.37,185.76,188.99,,186.37,,,3244,608525.73,245,F1,1,,,,,
2026-07-30,2026-07-30,CM,NSE,STK,760972,INE0XUD01014,BRANDMAN,SM,,,,,BRANDMAN RETAIL LIMITED,178.10,183.45,178.10,183.45,183.45,176.85,,183.45,,,3200,576920.00,4,F1,800,,,,,
2026-07-30,2026-07-30,CM,NSE,STK,15184,INE791I01019,BRIGADE,EQ,,,,,BRIGADE ENTER. LTD,567.40,570.00,561.20,565.10,565.05,564.25,,565.10,,,260406,147312202.95,15871,F1,1,,,,,
2026-07-30,2026-07-30,CM,NSE,STK,757794,INE03NU01014,BRIGHOTEL,EQ,,,,,BRIGADE HOTEL VENTURE LTD,60.30,60.53,59.07,60.04,59.83,59.98,,60.04,,,73508,4382266.80,1200,F1,1,,,,,
2026-07-30,2026-07-30,CM,NSE,STK,8833,INE425B01027,BCG,EQ,,,,,BRIGHTCOM GROUP LIMITED,9.40,9.40,9.26,9.28,9.28,9.39,,9.28,,,2182820,20348353.45,2695,F1,1,,,,,
2026-07-30,2026-07-30,CM,NSE,STK,547,INE216A01030,BRITANNIA,EQ,,,,,BRITANNIA INDUSTRIES LTD,5528.00,5562.00,5482.50,5524.50,5530.00,5517.50,,5524.50,,,258715,1430962840.00,27708,F1,1,,,,,
2026-07-30,2026-07-30,CM,NSE,STK,2203,INE0FDU25010,BIRET,RR,,,,,BROOKFIELD INDIA RET,342.25,345.48,338.20,341.12,340.99,342.58,,341.13,,,349573,119593735.48,10890,F1,1,,,,,
2026-07-30,2026-07-30,CM,NSE,STK,25140,INE650L01011,BROOKS,BE,,,,,BROOKS LAB LIMITED,60.89,61.63,57.50,59.61,60.00,59.88,,59.27,,,21976,1306646.90,185,F1,1,,,,,
2026-07-30,2026-07-30,CM,NSE,STK,19585,INE118H01025,BSE,EQ,,,,,BSE LIMITED,3531.00,3545.10,3504.00,3530.30,3532.80,3541.40,,3530.30,,,1634439,5762558247.30,86455,F1,1,,,,,
2026-07-30,2026-07-30,CM,NSE,STK,559,INE594B01012,BSL,EQ,,,,,BSL LTD,124.20,126.80,124.20,124.70,125.00,125.35,,124.66,,,1450,180674.79,35,F1,1,,,,,
2026-07-30,2026-07-30,CM,NSE,STK,2716,INE295F01017,BUTTERFLY,EQ,,,,,BTRFLY GANDHI APPL LTD,729.15,745.00,717.10,722.30,717.10,729.15,,722.30,,,15239,11098481.85,1362,F1,1,,,,,
2026-07-30,2026-07-30,CM,NSE,STK,24701,INE0SZ301012,BULKCORP,SM,,,,,BULKCORP INTERNATIONAL L,57.70,57.70,57.70,57.70,57.70,60.70,,57.70,,,2400,138480.00,2,F1,1200,,,,,
2026-07-30,2026-07-30,CM,NSE,STK,760854,INE0SMX01019,CKKRETAIL,SM,,,,,C K K RETAIL MART LIMITED,145.40,145.75,145.00,145.05,145.00,145.95,,145.05,,,24000,3483480.00,12,F1,800,,,,,
2026-07-30,2026-07-30,CM,NSE,STK,7227,INE0BV301023,MAPMYINDIA,EQ,,,,,C.E. INFO SYSTEMS LIMITED,1165.00,1199.55,1157.50,1184.75,1176.20,1163.10,,1184.70,,,242769,286987222.85,19253,F1,1,,,,,
2026-07-30,2026-07-30,CM,NSE,STK,27274,INE0U7V01015,C2C,SM,,,,,C2C ADVANCED SYSTEMS LTD,262.80,274.00,247.20,270.90,270.10,258.70,,270.90,,,204600,54091102.50,1001,F1,150,,,,,
2026-07-30,2026-07-30,CM,NSE,STK,764255,INE11XY01018,CMLL,EQ,,,,,CALIBER MINING AND LOG L,558.75,558.75,520.20,529.45,531.65,561.30,,529.55,,,2961324,1580867222.30,47921,F1,1,,,,,
2026-07-30,2026-07-30,CM,NSE,STK,8400,INE526B01014,CALSOFT,BE,,,,,CALIFORNIA SOFTWARE CO LT,21.78,21.78,21.00,21.08,21.22,21.20,,21.06,,,57201,1207556.85,144,F1,1,,,,,
2026-07-30,2026-07-30,CM,NSE,STK,14218,INE627H01017,CTE,EQ,,,,,CAMBRIDGE TECH ENTER LTD,31.06,33.96,31.06,33.96,33.96,30.88,,34.00,,,57929,1932613.96,364,F1,1,,,,,
2026-07-30,2026-07-30,CM,NSE,STK,6216,INE052I01032,CAMLINFINE,EQ,,,,,CAMLIN FINE SCIENCES LTD,129.80,130.00,125.40,125.71,125.90,130.15,,125.71,,,328737,41633252.47,4600,F1,1,,,,,
2026-07-30,2026-07-30,CM,NSE,STK,9362,INE278Y01022,CAMPUS,EQ,,,,,CAMPUS ACTIVEWEAR LIMITED,223.49,224.82,219.15,220.35,220.75,223.37,,220.31,,,538298,119361427.89,13541,F1,1,,,,,
2026-07-30,2026-07-30,CM,NSE,STK,583,INE477A01020,CANFINHOME,EQ,,,,,CAN FIN HOMES LTD,824.00,824.00,812.95,816.30,815.70,822.15,,816.30,,,109862,89935233.10,9775,F1,1,,,,,
2026-07-30,2026-07-30,CM,NSE,STK,10794,INE476A01022,CANBK,EQ,,,,,CANARA BANK,124.70,124.89,123.66,124.28,124.59,124.72,,124.28,,,13652920,1695595136.90,51149,F1,1,,,,,
2026-07-30,2026-07-30,CM,NSE,STK,759477,INE01TY01017,CANHLIFE,EQ,,,,,CANARA HSBC LIFE INS CO L,147.50,148.89,145.35,147.13,147.01,147.08,,147.13,,,391005,57485372.42,7413,F1,1,,,,,
2026-07-30,2026-07-30,CM,NSE,STK,759311,INE218I01013,CRAMC,EQ,,,,,CANARA ROBECO AMC LIMITED,261.00,262.00,256.75,259.97,260.33,261.54,,259.96,,,388705,100709264.59,12205,F1,1,,,,,
2026-07-30,2026-07-30,CM,NSE,STK,19368,INE0QG301017,CANARYS,SM,,,,,CANARYS AUTOMATIONS LTD,19.75,20.20,19.35,19.55,19.35,19.85,,19.55,,,160000,3183200.00,38,F1,4000,,,,,
2026-07-30,2026-07-30,CM,NSE,STK,20160,INE068L01024,CANTABIL,EQ,,,,,CANTABIL RETAIL LTD,239.50,242.47,235.00,240.66,242.00,238.11,,240.65,,,59527,14203426.12,1626,F1,1,,,,,
2026-07-30,2026-07-30,CM,NSE,STK,21749,INE264T01014,CAPACITE,EQ,,,,,CAPACITE INFRAPROJECT LTD,218.85,218.90,214.95,216.55,217.25,219.20,,216.55,,,122654,26539363.00,2776,F1,1,,,,,
2026-07-30,2026-07-30,CM,NSE,STK,759867,INE0ILV01024,CAPILLARY,EQ,,,,,CAPILLARY TECHNO INDIA L,521.00,530.00,508.05,513.90,515.00,527.45,,513.90,,,227357,117038334.85,4835,F1,1,,,,,
2026-07-30,2026-07-30,CM,NSE,STK,756015,INE345H01024,CIFL,EQ,,,,,CAPITAL INDIA FINANCE LTD,20.69,21.40,20.32,21.01,21.00,20.40,,20.99,,,67261,1389414.76,661,F1,1,,,,,
2026-07-30,2026-07-30,CM,NSE,STK,29157,INE0Z8Z23013,CAPINVIT,IV,,,,,CAPITAL INFRA TRUST,74.47,74.47,73.21,73.81,73.70,74.30,,73.81,,,243963,18005418.94,3833,F1,1,,,,,
2026-07-30,2026-07-30,CM,NSE,STK,22675,INE646H01017,CAPITALSFB,EQ,,,,,CAPITAL SMALL FIN BANK L,298.30,298.50,295.00,296.05,296.00,298.30,,296.05,,,17707,5252029.50,560,F1,1,,,,,
2026-07-30,2026-07-30,CM,NSE,STK,19447,INE707C01018,CAPTRUST,EQ,,,,,CAPITAL TRUST LIMITED,16.29,17.31,15.67,17.31,17.31,16.49,,17.30,,,193295,3274306.24,550,F1,1,,,,,
2026-07-30,2026-07-30,CM,NSE,STK,3906,INE475E01026,CAPLIPOINT,EQ,,,,,CAPLIN POINT LAB LTD.,2613.20,2638.40,2517.40,2536.30,2536.00,2613.20,,2536.20,,,82641,211777367.60,13903,F1,1,,,,,
2026-07-30,2026-07-30,CM,NSE,STK,20329,INE180C01042,CGCL,EQ,,,,,CAPRI GLOBAL CAPITAL LTD,226.95,227.97,218.59,220.80,225.00,226.55,,220.82,,,2677716,592898476.64,19286,F1,1,,,,,
2026-07-30,2026-07-30,CM,NSE,STK,764203,INE536P01021,CPL,EQ,,,,,CAPTAIN POLYPLAST LIMITED,71.00,72.84,69.63,72.46,72.43,71.02,,72.48,,,71591,5129145.93,823,F1,1,,,,,
2026-07-30,2026-07-30,CM,NSE,STK,595,INE120A01034,CARBORUNIV,EQ,,,,,CARBORUNDUM UNIVERSAL LTD,1061.20,1061.20,1043.20,1051.00,1055.10,1056.00,,1050.90,,,64135,67487681.90,9048,F1,1,,,,,
2026-07-30,2026-07-30,CM,NSE,STK,29113,INE752H01013,CARERATING,EQ,,,,,CARE RATINGS LIMITED,1699.00,1726.00,1686.60,1707.60,1706.20,1689.60,,1707.60,,,25345,43253447.80,4847,F1,1,,,,,
2026-07-30,2026-07-30,CM,NSE,STK,758941,INE0P6P01016,CPEDU,EQ,,,,,CAREER POINT EDUTECH LTD,211.00,219.78,202.55,206.68,208.17,212.52,,206.67,,,37598,7909385.84,1229,F1,1,,,,,
2026-07-30,2026-07-30,CM,NSE,STK,28879,INE0V7W01012,CARRARO,EQ,,,,,CARRARO INDIA LIMITED,527.50,538.20,524.10,536.15,533.10,530.05,,536.20,,,63695,33933927.05,3695,F1,1,,,,,
2026-07-30,2026-07-30,CM,NSE,STK,5407,INE290S01011,CARTRADE,EQ,,,,,CARTRADE TECH LIMITED,2854.00,2854.00,2706.20,2791.70,2770.40,2855.70,,2791.80,,,898428,2493966938.20,67965,F1,1,,,,,
2026-07-30,2026-07-30,CM,NSE,STK,1879,INE482D01024,CARYSIL,EQ,,,,,CARYSIL LIMITED,1178.00,1215.00,1154.60,1189.00,1189.00,1178.40,,1189.40,,,57602,68010278.80,3282,F1,1,,,,,
2026-07-30,2026-07-30,CM,NSE,STK,758156,INE0WL201014,CUDML,ST,,,,,CASH UR DRIVE MARKETING L,135.40,135.40,135.40,135.40,135.40,135.40,,135.40,,,1000,135400.00,1,F1,1000,,,,,
2026-07-30,2026-07-30,CM,NSE,STK,1250,INE172A01027,CASTROLIND,EQ,,,,,CASTROL INDIA LIMITED,184.50,185.90,184.48,184.82,184.98,184.95,,184.82,,,959859,177515310.12,18038,F1,1,,,,,
2026-07-30,2026-07-30,CM,NSE,STK,11452,INE421D01022,CCL,EQ,,,,,CCL PRODUCTS (I) LTD,1190.70,1203.30,1171.00,1174.00,1171.20,1198.60,,1174.00,,,181470,214550232.60,13813,F1,1,,,,,
2026-07-30,2026-07-30,CM,NSE,STK,757848,INE157D07EN6,985CCSP27,N0,,,,,CCSP 9.85% 2027 SR 03,100576.07,100576.07,100576.07,100576.07,100576.07,100010.46,,100576.07,,,1,100576.07,1,F1,1,,,,,
2026-07-30,2026-07-30,CM,NSE,STK,15254,INE482A01020,CEATLTD,EQ,,,,,CEAT LIMITED,3449.20,3523.40,3410.50,3464.00,3470.00,3433.80,,3464.00,,,116431,404449548.30,14369,F1,1,,,,,
2026-07-30,2026-07-30,CM,NSE,STK,757690,INE11J101017,CEDAAR,ST,,,,,CEDAAR TEXTILE LIMITED,16.65,16.85,16.35,16.55,16.55,16.35,,16.55,,,104000,1704350.00,13,F1,1000,,,,,
2026-07-30,2026-07-30,CM,NSE,STK,24742,INE0AG901020,CEIGALL,EQ,,,,,CEIGALL INDIA LIMITED,333.00,344.00,330.00,334.70,335.00,333.55,,334.70,,,230304,77564244.80,9268,F1,1,,,,,
2026-07-30,2026-07-30,CM,NSE,STK,761037,INE016Q01014,CEINSYS,EQ,,,,,CEINSYS TECH LIMITED,856.70,857.45,836.15,840.20,839.00,852.00,,840.25,,,26964,22737750.40,1850,F1,1,,,,,
2026-07-30,2026-07-30,CM,NSE,STK,13162,INE185H01016,CELEBRITY,EQ,,,,,CELEBRITY FASHIONS LTD,6.98,7.18,6.82,6.97,7.08,7.01,,6.97,,,23300,162705.21,86,F1,1,,,,,
2026-07-30,2026-07-30,CM,NSE,STK,16950,INE0O0001013,CELLPOINT,SM,,,,,CELL POINT (INDIA) LTD,19.95,19.95,18.00,18.00,18.00,19.95,,18.00,,,4800,90540.00,4,F1,1200,,,,,
2026-07-30,2026-07-30,CM,NSE,STK,18811,INE0OMO01025,CELLECOR,ST,,,,,CELLECOR GADGETS LIMITED,31.55,33.20,31.55,33.15,33.05,32.35,,33.15,,,84000,2743800.00,28,F1,3000,,,,,
2026-07-30,2026-07-30,CM,NSE,STK,19795,INE0LMW01024,CELLO,EQ,,,,,CELLO WORLD LIMITED,346.70,348.40,339.00,340.30,339.50,345.10,,340.30,,,152431,52164949.05,7642,F1,1,,,,,
2026-07-30,2026-07-30,CM,NSE,STK,5622,INE686A01026,CEMPRO,EQ,,,,,CEMINDIA PROJECTS LIMITED,1341.20,1385.00,1274.60,1358.70,1367.00,1341.60,,1358.80,,,813831,1075819929.30,26286,F1,1,,,,,
2026-07-30,2026-07-30,CM,NSE,STK,14894,INE483A01010,CENTRALBK,EQ,,,,,CENTRAL BANK OF INDIA,31.15,31.15,30.91,31.02,31.10,31.19,,31.02,,,2570287,79742430.15,10308,F1,1,,,,,
2026-07-30,2026-07-30,CM,NSE,STK,21174,INE736A01011,CDSL,EQ,,,,,CENTRAL DEPO SER (I) LTD,1349.00,1349.90,1325.00,1336.40,1337.00,1350.00,,1336.40,,,813461,1085798840.30,31160,F1,1,,,,,
2026-07-30,2026-07-30,CM,NSE,STK,761581,INE05HV01027,CMPDI,EQ,,,,,CENTRAL MINE P N D INST L,244.50,244.50,237.01,238.95,239.00,244.61,,238.95,,,1423268,340998321.77,28334,F1,1,,,,,
2026-07-30,2026-07-30,CM,NSE,STK,2454,INE660C01027,CENTRUM,EQ,,,,,CENTRUM CAPITAL LIMITED,23.10,23.75,22.95,23.04,23.03,23.26,,23.04,,,446719,10347423.60,1574,F1,1,,,,,
2026-07-30,2026-07-30,CM,NSE,STK,14982,INE320B01020,CENTUM,EQ,,,,,CENTUM ELECTRONICS LTD,3578.50,3600.00,3413.30,3446.80,3444.00,3578.50,,3446.60,,,29914,104240164.70,4771,F1,1,,,,,
2026-07-30,2026-07-30,CM,NSE,STK,619,INE485A01015,CENTENKA,EQ,,,,,CENTURY ENKA LTD,612.00,625.00,602.70,606.00,604.00,611.25,,606.00,,,279362,171318522.90,9119,F1,1,,,,,
2026-07-30,2026-07-30,CM,NSE,STK,11511,INE281A01026,CENTEXT,EQ,,,,,CENTURY EXTRUSIONS LTD,18.32,18.59,18.32,18.42,18.40,18.47,,18.45,,,41411,764061.33,278,F1,1,,,,,
2026-07-30,2026-07-30,CM,NSE,STK,13305,INE348B01021,CENTURYPLY,EQ,,,,,CENTURY PLYBOARDS (I) LTD,782.80,796.00,776.30,793.75,794.00,782.80,,793.75,,,22233,17616219.35,3920,F1,1,,,,,
2026-07-30,2026-07-30,CM,NSE,STK,15039,INE739E01017,CERA,EQ,,,,,CERA SANITARYWARE LTD,6140.00,6169.00,6087.50,6117.00,6123.50,6143.00,,6116.50,,,4411,26999804.50,1334,F1,1,,,,,
2026-07-30,2026-07-30,CM,NSE,STK,29016,INE345B01019,CEREBRAINT,BZ,,,,,CEREBRA INT TECH LTD,3.07,3.07,2.91,2.92,2.92,2.98,,2.93,,,87210,256893.32,113,F1,1,,,,,
2026-07-30,2026-07-30,CM,NSE,STK,628,INE486A01021,CESC,EQ,,,,,CESC LTD,164.00,165.54,161.98,164.93,165.10,164.12,,164.93,,,1322931,217309679.02,17967,F1,1,,,,,
2026-07-30,2026-07-30,CM,NSE,STK,760,INE067A01029,CGPOWER,EQ,,,,,CG POWER AND IND SOL LTD,830.00,835.65,814.85,832.60,833.00,829.50,,832.60,,,4206454,3461039008.25,117618,F1,1,,,,,
2026-07-30,2026-07-30,CM,NSE,STK,8546,INE427F01016,CHALET,EQ,,,,,CHALET HOTELS LIMITED,804.00,813.25,785.05,805.00,804.50,836.70,,805.00,,,270058,216129068.25,23170,F1,1,,,,,
2026-07-30,2026-07-30,CM,NSE,STK,3482,INE419D01026,CLSEL,EQ,,,,,CHAMAN LAL SETIA EXP LTD,278.00,286.00,275.30,279.95,280.45,278.70,,279.95,,,68893,19360174.45,2592,F1,1,,,,,
2026-07-30,2026-07-30,CM,NSE,STK,13731,INE06PV01010,CMNL,SM,,,,,CHAMAN METALLICS LIMITED,98.05,98.05,92.25,95.30,95.10,99.00,,95.30,,,18750,1779412.50,25,F1,750,,,,,
2026-07-30,2026-07-30,CM,NSE,STK,637,INE085A01013,CHAMBLFERT,EQ,,,,,CHAMBAL FERTILIZERS LTD,451.00,456.00,442.00,445.85,443.00,451.45,,445.85,,,603476,271407199.25,15183,F1,1,,,,,
2026-07-30,2026-07-30,CM,NSE,STK,29633,INE0B2N01016,CHANDAN,SM,,,,,CHANDAN HEALTHCARE LTD,240.00,243.00,236.30,238.10,238.10,243.00,,238.10,,,22400,5380760.00,21,F1,800,,,,,
2026-07-30,2026-07-30,CM,NSE,STK,18654,INE0PT101017,CHAVDA,SM,,,,,CHAVDA INFRA LIMITED,125.20,127.50,125.00,125.10,125.00,125.00,,125.10,,,49000,6156850.00,41,F1,1000,,,,,
2026-07-30,2026-07-30,CM,NSE,STK,757991,INE0TGX01019,CHEMBONDCH,BE,,,,,CHEMBOND CHEMICAL LIMITED,224.96,224.96,217.34,218.61,217.41,228.77,,218.73,,,5781,1270500.73,238,F1,1,,,,,
2026-07-30,2026-07-30,CM,NSE,STK,14620,INE995D01025,CHEMBOND,BE,,,,,CHEMBOND MATERIALTECH LTD,173.99,173.99,166.60,167.22,166.60,174.98,,167.24,,,2189,367461.82,106,F1,1,,,,,
2026-07-30,2026-07-30,CM,NSE,STK,276,INE03YM01018,CHEMCON,BE,,,,,CHEMCON SPECIAL CHEM LTD,176.05,176.90,173.00,173.44,174.00,176.05,,173.42,,,8209,1436373.78,202,F1,1,,,,,
2026-07-30,2026-07-30,CM,NSE,STK,2815,INE783X01023,CHEMFAB,BE,,,,,CHEMFAB ALKALIS LIMITED,382.00,382.00,364.00,373.55,373.50,378.95,,372.00,,,4106,1528257.10,70,F1,1,,,,,
2026-07-30,2026-07-30,CM,NSE,STK,5449,INE488A01050,CHEMPLASTS,EQ,,,,,CHEMPLAST SANMAR LIMITED,204.50,205.47,200.77,201.71,202.00,203.35,,201.73,,,144450,29182780.52,3158,F1,1,,,,,
2026-07-30,2026-07-30,CM,NSE,STK,2049,INE178A01016,CHENNPETRO,EQ,,,,,CHENNAI PETROLEUM CORP LT,1215.10,1288.70,1212.90,1238.20,1244.00,1212.30,,1238.20,,,2988121,3760404785.90,97194,F1,1,,,,,
2026-07-30,2026-07-30,CM,NSE,STK,24628,INE0U1T01012,CHETANA,ST,,,,,CHETANA EDUCATION LIMITED,46.55,46.55,46.00,46.00,46.00,46.55,,46.00,,,3200,148080.00,2,F1,1600,,,,,
2026-07-30,2026-07-30,CM,NSE,STK,9879,INE974B01016,CHEVIOT,EQ,,,,,CHEVIOT COMPANY LIMITED,1166.90,1168.00,1105.10,1127.60,1127.00,1166.90,,1127.70,,,4784,5413514.20,588,F1,1,,,,,
2026-07-30,2026-07-30,CM,NSE,STK,8866,INE102B01014,CHOICEIN,EQ,,,,,CHOICE INTERNATIONAL LTD,800.00,803.00,795.10,798.70,796.00,800.10,,798.60,,,228721,182883567.55,5488,F1,1,,,,,
2026-07-30,2026-07-30,CM,NSE,STK,759610,INF2KCX01012,CHOICEGOLD,EQ,,,,,CHOICEAMC - CHOICEGOLD,140.90,141.50,139.21,141.42,140.89,140.51,,141.42,,,3451,485750.94,95,F1,1,,,,,
2026-07-30,2026-07-30,CM,NSE,STK,21740,INE149A01033,CHOLAHLDNG,EQ,,,,,CHOLAMANDALAM FIN HOL LTD,1517.70,1521.90,1493.00,1503.40,1504.00,1517.70,,1503.40,,,347353,524262901.80,14998,F1,1,,,,,
2026-07-30,2026-07-30,CM,NSE,STK,685,INE121A01024,CHOLAFIN,EQ,,,,,CHOLAMANDALAM IN & FIN CO,1785.40,1808.80,1758.00,1773.80,1775.50,1802.90,,1773.80,,,1209091,2142945743.80,62508,F1,1,,,,,
2026-07-30,2026-07-30,CM,NSE,STK,14937,INE536H01010,CIEINDIA,EQ,,,,,CIE AUTOMOTIVE INDIA LTD,416.95,416.95,409.80,411.90,412.00,414.75,,411.90,,,171124,70722367.45,9886,F1,1,,,,,
2026-07-30,2026-07-30,CM,NSE,STK,27161,INE704H01022,CINELINE,EQ,,,,,CINELINE INDIA LIMITED,80.96,81.30,80.72,81.00,81.00,80.51,,81.00,,,5929,480035.31,133,F1,1,,,,,
2026-07-30,2026-07-30,CM,NSE,STK,8024,INE039B01026,CINEVISTA,EQ,,,,,CINEVISTA LIMITED,15.58,15.58,14.55,15.00,15.00,15.12,,15.00,,,5865,87805.06,86,F1,1,,,,,
2026-07-30,2026-07-30,CM,NSE,STK,694,INE059A01026,CIPLA,EQ,,,,,CIPLA LTD,1478.80,1483.80,1464.10,1466.40,1468.00,1474.30,,1466.40,,,833068,1226702127.40,54949,F1,1,,,,,
2026-07-30,2026-07-30,CM,NSE,STK,763149,INE2Q7823014,CITIUSINVT,IV,,,,,CITIUS TRANSNET INV TRUST,109.90,110.00,109.36,109.48,109.38,109.28,,109.48,,,85189,9340045.77,1849,F1,1,,,,,
2026-07-30,2026-07-30,CM,NSE,STK,5701,INE491A01021,CUB,EQ,,,,,CITY UNION BANK LTD,227.70,228.00,214.44,215.48,216.20,228.86,,215.50,,,5918636,1296194916.37,71760,F1,1,,,,,
2026-07-30,2026-07-30,CM,NSE,STK,20233,INE201M01029,CLEDUCATE,BE,,,,,CL EDUCATE LIMITED,56.30,57.00,54.99,55.26,55.26,56.30,,55.48,,,7677,429824.11,63,F1,1,,,,,
2026-07-30,2026-07-30,CM,NSE,STK,758739,INE0UQ601012,CLASSICEIL,ST,,,,,CLASSIC ELECTRODE (IND) L,59.10,59.10,57.50,57.50,57.50,59.10,,57.50,,,4800,278720.00,3,F1,1600,,,,,
2026-07-30,2026-07-30,CM,NSE,STK,754695,INE1QGM01024,CLAYCRAFT,SM,,,,,CLAY CRAFT INDIA LIMITED,164.85,164.90,162.00,162.35,162.00,165.15,,162.35,,,9000,1470570.00,14,F1,600,,,,,
2026-07-30,2026-07-30,CM,NSE,STK,760183,INE647U01026,CLEANMAX,EQ,,,,,CLEAN MAX ENVIRO EN SOL L,1325.00,1330.30,1292.00,1309.00,1311.00,1328.20,,1309.00,,,69694,90936311.50,7031,F1,1,,,,,
2026-07-30,2026-07-30,CM,NSE,STK,5049,INE227W01023,CLEAN,EQ,,,,,CLEAN SCIENCE & TECH LTD,737.00,741.05,723.75,729.05,727.15,737.30,,729.00,,,160838,117728374.00,15137,F1,1,,,,,
2026-07-30,2026-07-30,CM,NSE,STK,760143,INE1EF801010,CSSL,SM,,,,,CLEAR SECURED SERVICES L,100.00,100.00,97.00,97.05,97.05,100.00,,97.05,,,7000,684300.00,7,F1,1000,,,,,
2026-07-30,2026-07-30,CM,NSE,STK,30893,INE00WV01027,CMRGREEN,EQ,,,,,CMR GREEN TECHNOLOGIES L,215.25,217.85,213.00,213.90,213.70,215.15,,213.90,,,490888,105567336.45,8941,F1,1,,,,,
2026-07-30,2026-07-30,CM,NSE,STK,7603,INE925R01014,CMSINFO,EQ,,,,,CMS INFO SYSTEMS LIMITED,278.35,278.50,267.65,268.50,269.50,277.65,,268.50,,,582860,157957039.85,14696,F1,1,,,,,
2026-07-30,2026-07-30,CM,NSE,STK,20374,INE522F01014,COALINDIA,EQ,,,,,COAL INDIA LTD,412.95,418.30,410.10,417.20,417.40,410.05,,417.20,,,23225454,9640846683.00,123440,F1,1,,,,,
2026-07-30,2026-07-30,CM,NSE,STK,6006,INE377E01024,COASTCORP,EQ,,,,,COASTAL CORPORATION LTD,50.85,50.85,48.25,49.46,49.50,50.17,,49.46,,,86715,4286134.38,864,F1,1,,,,,
2026-07-30,2026-07-30,CM,NSE,STK,21508,INE704P01025,COCHINSHIP,EQ,,,,,COCHIN SHIPYARD LIMITED,1400.00,1406.30,1385.60,1402.10,1404.00,1403.60,,1402.10,,,784302,1095758177.30,29266,F1,1,,,,,
2026-07-30,2026-07-30,CM,NSE,STK,11169,INE335K01011,COFFEEDAY,BE,,,,,COFFEE DAY ENTERPRISE LTD,30.89,31.00,30.05,30.76,30.89,30.62,,30.77,,,272408,8335645.76,824,F1,1,,,,,
2026-07-30,2026-07-30,CM,NSE,STK,11543,INE591G01025,COFORGE,EQ,,,,,COFORGE LIMITED,1701.70,1764.30,1701.70,1746.90,1747.00,1714.90,,1746.90,,,5650262,9877312426.80,148435,F1,1,,,,,
2026-07-30,2026-07-30,CM,NSE,STK,17945,INE03QK01018,COHANCE,EQ,,,,,COHANCE LIFESCIENCES LTD,431.30,431.30,420.80,425.30,425.00,431.30,,425.30,,,257153,109619169.45,12460,F1,1,,,,,
2026-07-30,2026-07-30,CM,NSE,STK,15141,INE259A01022,COLPAL,EQ,,,,,COLGATE PALMOLIVE LTD.,2169.70,2183.10,2080.20,2084.80,2085.00,2166.40,,2084.80,,,625770,1314604400.70,35515,F1,1,,,,,
2026-07-30,2026-07-30,CM,NSE,STK,762628,INE819A01049,COMFINTE,EQ,,,,,COMFORT INTECH LTD.,6.01,6.66,5.97,6.50,6.49,6.14,,6.50,,,2811778,17885783.68,3394,F1,1,,,,,
2026-07-30,2026-07-30,CM,NSE,STK,21578,INE073V01015,COMSYN,EQ,,,,,COMMERCIAL SYN BAGS LTD,206.00,228.00,192.41,213.71,216.00,207.92,,213.71,,,5985454,1298262582.23,65400,F1,1,,,,,
2026-07-30,2026-07-30,CM,NSE,STK,19516,INE597Z01014,COMMITTED,ST,,,,,COMMITTED CARGO CARE LTD,335.00,349.90,335.00,349.90,349.90,344.95,,349.90,,,3200,1107760.00,4,F1,800,,,,,
2026-07-30,2026-07-30,CM,NSE,STK,19670,INE070C01037,COMPINFO,BZ,,,,,COMPUAGE INFOCOM LTD,1.17,1.17,1.12,1.15,1.13,1.17,,1.15,,,20318,23341.12,25,F1,1,,,,,
2026-07-30,2026-07-30,CM,NSE,STK,31138,INE453B01029,COMPUSOFT,EQ,,,,,COMPUCOM SOFTWARE LTD,13.15,13.29,13.00,13.05,13.14,13.19,,13.09,,,8235,108072.07,101,F1,1,,,,,
2026-07-30,2026-07-30,CM,NSE,STK,342,INE596I01020,CAMS,EQ,,,,,COMPUTER AGE MNGT SER LTD,792.40,799.60,783.75,793.15,793.20,792.40,,793.15,,,613918,486837792.40,34907,F1,1,,,,,
2026-07-30,2026-07-30,CM,NSE,STK,18060,INE338H01029,CONCORDBIO,EQ,,,,,CONCORD BIOTECH LIMITED,1337.00,1363.60,1321.10,1330.00,1330.00,1330.40,,1330.10,,,165417,221891272.50,12773,F1,1,,,,,
2026-07-30,2026-07-30,CM,NSE,STK,28764,INE037Z01029,CEWATER,EQ,,,,,CONCORD ENVIRO SYSTEMS L,291.25,294.30,282.50,286.35,284.00,291.25,,286.45,,,45361,13136558.65,2736,F1,1,,,,,
2026-07-30,2026-07-30,CM,NSE,STK,10238,INE552D01024,CONFIPET,EQ,,,,,CONFIDENCE PETRO IND LTD.,79.70,79.70,76.90,78.27,78.60,78.28,,78.27,,,1716785,134140871.75,11652,F1,1,,,,,
2026-07-30,2026-07-30,CM,NSE,STK,758453,INE0EAS01014,CONNPLEX,SM,,,,,CONNPLEX CINEMAS LIMITED,203.00,204.50,198.15,200.95,200.95,203.60,,200.95,,,20000,4014440.00,23,F1,800,,,,,
2026-07-30,2026-07-30,CM,NSE,STK,14992,INE429I01024,CCCL,EQ,,,,,CONS. CONST. CONSORT LTD,15.71,16.02,15.38,15.55,15.76,15.70,,15.54,,,307801,4822834.57,1098,F1,1,,,,,
2026-07-30,2026-07-30,CM,NSE,STK,11732,INE025A01027,CONSOFINVT,BE,,,,,CONSO. FIN. & HOLD. LTD.,284.01,300.00,284.01,298.40,300.00,288.84,,298.40,,,52994,15633190.61,307,F1,1,,,,,
2026-07-30,2026-07-30,CM,NSE,STK,4749,INE111A01025,CONCOR,EQ,,,,,CONTAINER CORP OF IND LTD,525.85,529.95,522.25,525.15,526.00,525.85,,525.15,,,1129654,593668582.25,32333,F1,1,,,,,
2026-07-30,2026-07-30,CM,NSE,STK,17477,INE663B01015,CONTROLPR,EQ,,,,,CONTROL PRINT LIMITED,589.00,589.00,569.70,570.95,569.70,587.55,,570.95,,,22444,12925678.35,1341,F1,1,,,,,
2026-07-30,2026-07-30,CM,NSE,STK,8567,INE0HS001028,COOLCAPS,ST,,,,,COOL CAPS INDUSTRIES LTD,21.15,21.50,20.75,21.30,21.50,21.05,,21.30,,,25000,526562.50,15,F1,1250,,,,,
2026-07-30,2026-07-30,CM,NSE,STK,4007,INE558D01021,CORALFINAC,EQ,,,,,CORAL INDIA FIN & HOUS LT,33.20,34.30,32.72,32.83,32.80,33.60,,32.83,,,12353,410722.98,222,F1,1,,,,,
2026-07-30,2026-07-30,CM,NSE,STK,15275,INE792I01017,CORDSCABLE,BE,,,,,CORDS CABLE INDUS LTD.,201.05,205.62,201.05,203.27,202.15,202.48,,203.27,,,4680,947364.14,113,F1,1,,,,,
2026-07-30,2026-07-30,CM,NSE,STK,739,INE169A01031,COROMANDEL,EQ,,,,,COROMANDEL INTERNTL. LTD,2048.90,2065.00,2023.40,2054.20,2061.00,2037.60,,2054.20,,,88290,180963535.20,13071,F1,1,,,,,
2026-07-30,2026-07-30,CM,NSE,STK,760254,INE02ZQ01018,CORONA,EQ,,,,,CORONA REMEDIES LIMITED,2110.20,2145.90,2073.00,2091.10,2075.00,2107.40,,2090.90,,,42360,89739616.70,7871,F1,1,,,,,
2026-07-30,2026-07-30,CM,NSE,STK,742,INE757A01017,COSMOFIRST,EQ,,,,,COSMO FIRST LIMITED,888.55,904.00,879.05,883.10,880.00,889.10,,882.90,,,43051,38423987.00,3646,F1,1,,,,,
2026-07-30,2026-07-30,CM,NSE,STK,6385,INE652F01027,CCHHL,EQ,,,,,COUNTRY CLUB HOSP HOL LTD,12.60,12.97,12.44,12.81,12.65,12.69,,12.81,,,9769,124615.36,55,F1,1,,,,,
2026-07-30,2026-07-30,CM,NSE,STK,16986,INE695B01025,COUNCODOS,EQ,,,,,COUNTRY CONDO S LIMITED,6.65,6.65,5.81,6.17,6.08,6.20,,6.17,,,34026,207962.43,167,F1,1,,,,,
2026-07-30,2026-07-30,CM,NSE,STK,20090,INE521J01018,CPCAP,BE,,,,,CP CAPITAL LIMITED,112.00,112.90,109.80,112.62,112.50,113.41,,112.62,,,18304,2040689.76,161,F1,1,,,,,
2026-07-30,2026-07-30,CM,NSE,STK,2328,INF457M01133,CPSEETF,EQ,,,,,CPSE ETF,94.03,94.70,93.79,94.58,94.54,94.03,,94.59,,,534441,50461425.60,5285,F1,1,,,,,
2026-07-30,2026-07-30,CM,NSE,STK,2854,INE00LO01017,CRAFTSMAN,EQ,,,,,CRAFTSMAN AUTOMATION LTD,9913.00,10181.00,9577.00,10047.00,10044.50,9913.00,,10047.00,,,156814,1558875294.00,39553,F1,1,,,,,
2026-07-30,2026-07-30,CM,NSE,STK,16419,INE0OFK01019,CRAYONS,SM,,,,,CRAYONS ADVERTISING LTD,26.00,27.30,26.00,27.30,27.30,26.00,,27.30,,,8000,216300.00,8,F1,1000,,,,,
2026-07-30,2026-07-30,CM,NSE,STK,9384,INE230B01021,CREATIVEYE,EQ,,,,,CREATIVE EYE LIMITED,6.03,6.24,5.90,5.99,5.95,6.02,,5.99,,,2765,16611.91,82,F1,1,,,,,
2026-07-30,2026-07-30,CM,NSE,STK,23468,INE0R7401011,CGRAPHICS,SM,,,,,CREATIVE GRAPHICS S IND L,129.00,134.00,128.70,133.35,134.00,128.50,,133.35,,,30400,3992960.00,36,F1,800,,,,,
2026-07-30,2026-07-30,CM,NSE,STK,11155,INE985W01018,CNL,EQ,,,,,CREATIVE NEWTECH LIMITED,990.85,1018.00,985.20,997.15,998.00,990.85,,997.20,,,106103,106609432.95,6600,F1,1,,,,,
2026-07-30,2026-07-30,CM,NSE,STK,4421,INE741K01010,CREDITACC,EQ,,,,,CREDITACCESS GRAMEEN LTD,1604.00,1620.00,1570.10,1614.00,1614.00,1590.40,,1614.00,,,567519,913195237.10,38586,F1,1,,,,,
2026-07-30,2026-07-30,CM,NSE,STK,20878,INE220Q01020,MUFTI,EQ,,,,,CREDO BRANDS MARKETING L,82.00,82.60,79.60,80.71,80.32,82.19,,80.72,,,97981,7877376.82,1715,F1,1,,,,,
2026-07-30,2026-07-30,CM,NSE,STK,13900,INE559D01011,CREST,EQ,,,,,CREST VENTURES LIMITED,372.90,380.05,370.35,377.20,370.35,373.20,,377.20,,,3710,1394399.00,101,F1,1,,,,,
2026-07-30,2026-07-30,CM,NSE,STK,757,INE007A01025,CRISIL,EQ,,,,,CRISIL LTD,4450.00,4450.00,4389.20,4406.80,4412.00,4448.70,,4407.40,,,17840,78663573.10,4383,F1,1,,,,,
2026-07-30,2026-07-30,CM,NSE,STK,757850,INE0S4R01014,CRIZAC,EQ,,,,,CRIZAC LIMITED,192.00,194.70,190.17,192.14,191.00,191.90,,192.13,,,142920,27390794.07,4936,F1,1,,,,,
2026-07-30,2026-07-30,CM,NSE,STK,17094,INE299U01018,CROMPTON,EQ,,,,,CROMPT GREA CON ELEC LTD,264.20,266.20,258.40,260.30,260.00,264.25,,260.30,,,2147388,560436682.85,27178,F1,1,,,,,
2026-07-30,2026-07-30,CM,NSE,STK,18260,INE00NH01017,CLSL,SM,,,,,CROP LIFE SCIENCE LIMITED,63.00,66.00,63.00,66.00,66.00,62.00,,66.00,,,16000,1037300.00,8,F1,2000,,,,,
2026-07-30,2026-07-30,CM,NSE,STK,8083,INE491V01019,CROWN,EQ,,,,,CROWN LIFTERS LIMITED,111.98,112.87,109.20,110.68,109.60,111.18,,110.68,,,7357,820282.07,126,F1,1,,,,,
2026-07-30,2026-07-30,CM,NSE,STK,14966,INE679A01013,CSBBANK,EQ,,,,,CSB BANK LIMITED,333.00,333.50,326.00,326.95,328.00,333.00,,326.95,,,676930,222495065.65,15011,F1,1,,,,,
2026-07-30,2026-07-30,CM,NSE,STK,10350,INE718F01018,CSLFINANCE,EQ,,,,,CSL FINANCE LIMITED,211.00,214.19,211.00,212.13,212.00,211.00,,212.13,,,12004,2542300.45,276,F1,1,,,,,
2026-07-30,2026-07-30,CM,NSE,STK,763753,INE0ZK601013,CSM,EQ,,,,,CSM TECHNOLOGIES LIMITED,98.99,101.61,95.17,100.20,100.00,96.14,,100.18,,,764907,74483398.32,5053,F1,1,,,,,
2026-07-30,2026-07-30,CM,NSE,STK,15078,INE0NR623014,CUBEINVIT,IV,,,,,CUBE HIGHWAYS TRUST,156.01,156.01,156.00,156.00,156.00,156.01,,156.00,,,1100000,171601000.00,19,F1,25000,,,,,
2026-07-30,2026-07-30,CM,NSE,STK,4064,INE144D01012,CUBEXTUB,EQ,,,,,CUBEX TUBINGS LTD,76.99,77.98,75.50,75.95,76.58,76.99,,75.97,,,33518,2566853.88,611,F1,1,,,,,
2026-07-30,2026-07-30,CM,NSE,STK,1901,INE298A01020,CUMMINSIND,EQ,,,,,CUMMINS INDIA LTD,5397.00,5426.00,5315.00,5396.00,5404.50,5383.00,,5396.00,,,297096,1595345632.00,25422,F1,1,,,,,
2026-07-30,2026-07-30,CM,NSE,STK,18520,INE509F01029,CUPID,EQ,,,,,CUPID LIMITED,234.00,234.50,226.27,228.94,230.05,233.77,,228.94,,,20377656,4691992126.81,98629,F1,1,,,,,
2026-07-30,2026-07-30,CM,NSE,STK,30189,INE117B01020,CURAA,EQ,,,,,CURA TECHNOLOGIES LIMITED,71.60,76.40,71.33,71.79,73.00,77.00,,71.79,,,2646,191687.94,147,F1,1,,,,,
2026-07-30,2026-07-30,CM,NSE,STK,759825,INE1BZN01016,CURIS,SM,,,,,CURIS LIFESCIENCES LTD,113.00,113.00,113.00,113.00,113.00,112.00,,113.00,,,1000,113000.00,1,F1,1000,,,,,
2026-07-30,2026-07-30,CM,NSE,STK,11845,INE278G01037,CYBERMEDIA,BE,,,,,CYBER MEDIA (INDIA) LTD.,15.65,16.15,15.41,16.06,16.06,15.65,,16.06,,,123,1932.50,8,F1,1,,,,,
2026-07-30,2026-07-30,CM,NSE,STK,11447,INE075Z01011,CMRSL,SM,,,,,CYBER MEDIA RES & SER LTD,67.50,67.50,67.45,67.45,67.45,71.00,,67.45,,,1600,107960.00,2,F1,800,,,,,
2026-07-30,2026-07-30,CM,NSE,STK,6054,INE214A01019,CYBERTECH,BE,,,,,CYBERTECH SYSTEMS & SOFTW,138.95,140.99,137.50,139.30,139.70,138.95,,139.30,,,11672,1616897.95,142,F1,1,,,,,
2026-07-30,2026-07-30,CM,NSE,STK,17187,INE055S01018,CYIENTDLM,EQ,,,,,CYIENT DLM LIMITED,680.00,700.80,668.15,678.10,676.50,681.75,,678.05,,,385599,264813232.70,19439,F1,1,,,,,
2026-07-30,2026-07-30,CM,NSE,STK,5748,INE136B01020,CYIENT,EQ,,,,,CYIENT LIMITED,869.00,875.45,842.90,847.70,848.00,867.45,,847.70,,,497573,426883761.00,22800,F1,1,,,,,
2026-07-30,2026-07-30,CM,NSE,STK,6249,INE0GN101014,DKEGL,SM,,,,,D K ENTERPRISES GLOBAL L,63.40,66.00,63.40,65.25,66.00,70.75,,65.25,,,4500,290850.00,3,F1,1500,,,,,
2026-07-30,2026-07-30,CM,NSE,STK,16902,INE864X01013,DPWIRES,BE,,,,,D P WIRES LIMITED,164.79,167.00,162.90,165.70,165.90,164.62,,165.70,,,2616,431252.48,74,F1,1,,,,,
2026-07-30,2026-07-30,CM,NSE,STK,17851,INE250K01012,DLINKINDIA,EQ,,,,,D-LINK INDIA LTD,448.30,458.95,445.00,452.00,453.00,448.30,,452.00,,,101437,46042762.10,4147,F1,1,,,,,
2026-07-30,2026-07-30,CM,NSE,STK,936,INE266Y01019,DPABHUSHAN,EQ,,,,,D. P. ABHUSHAN LIMITED,1398.10,1402.45,1325.05,1341.75,1349.95,1402.65,,1341.75,,,32395,43724842.85,3786,F1,1,,,,,
2026-07-30,2026-07-30,CM,NSE,STK,17881,INE950I01011,DBCORP,EQ,,,,,D.B.CORP LTD,210.50,211.98,208.81,211.02,210.60,210.57,,211.04,,,71640,15071949.34,2466,F1,1,,,,,
2026-07-30,2026-07-30,CM,NSE,STK,772,INE016A01026,DABUR,EQ,,,,,DABUR INDIA LTD,433.00,433.00,415.55,426.10,427.30,433.70,,425.95,,,5673826,2390426623.55,56728,F1,1,,,,,
2026-07-30,2026-07-30,CM,NSE,STK,762636,INE928C01010,DAICHI,BE,,,,,DAI-ICHI KARKARIA LTD.,309.00,313.95,307.50,313.10,313.95,299.00,,313.35,,,8049,2518532.90,74,F1,1,,,,,
2026-07-30,2026-07-30,CM,NSE,STK,8075,INE00R701025,DALBHARAT,EQ,,,,,DALMIA BHARAT LIMITED,1833.00,1833.00,1780.00,1794.20,1798.00,1823.00,,1794.20,,,179775,323658176.90,13778,F1,1,,,,,
2026-07-30,2026-07-30,CM,NSE,STK,781,INE495A01022,DALMIASUG,EQ,,,,,DALMIA BHARAT SUG IN LTD,357.75,360.00,351.00,352.75,352.65,357.60,,352.70,,,45734,16268717.15,1377,F1,1,,,,,
2026-07-30,2026-07-30,CM,NSE,STK,28662,INE284H01025,DAMCAPITAL,EQ,,,,,DAM CAPITAL ADVISORS LTD,155.00,155.12,149.35,150.34,150.80,154.59,,150.34,,,368539,55822843.54,3129,F1,1,,,,,
2026-07-30,2026-07-30,CM,NSE,STK,17569,INE497D01022,DAMODARIND,BE,,,,,DAMODAR INDUSTRIES LTD,28.00,28.99,27.50,28.55,28.60,28.48,,28.55,,,3470,96276.17,32,F1,1,,,,,
2026-07-30,2026-07-30,CM,NSE,STK,1110,INE688Y01022,DANGEE,EQ,,,,,DANGEE DUMS LIMITED,3.03,3.03,2.93,2.96,2.97,2.97,,2.96,,,23306,69407.92,84,F1,1,,,,,
2026-07-30,2026-07-30,CM,NSE,STK,25927,INE0YU901016,DANISH,SM,,,,,DANISH POWER LIMITED,821.70,821.70,786.45,796.40,790.05,821.70,,796.40,,,36000,28905742.50,172,F1,150,,,,,
2026-07-30,2026-07-30,CM,NSE,STK,7358,INE0IX101010,DATAPATTNS,EQ,,,,,DATA PATTERNS INDIA LTD,4425.10,4488.00,4361.00,4462.00,4451.70,4436.60,,4461.90,,,502693,2229719698.50,41286,F1,1,,,,,
2026-07-30,2026-07-30,CM,NSE,STK,11423,INE365B01017,DATAMATICS,EQ,,,,,DATAMATICS GLOBAL SER LTD,839.00,854.95,818.55,821.60,824.65,839.25,,821.65,,,68880,57381764.30,5088,F1,1,,,,,
2026-07-30,2026-07-30,CM,NSE,STK,21794,INE179G01029,DAVANGERE,EQ,,,,,DAVANGERE SUGAR COMPANY L,3.20,3.22,3.15,3.17,3.18,3.19,,3.17,,,2840413,9031043.76,1510,F1,1,,,,,
2026-07-30,2026-07-30,CM,NSE,STK,31111,INE921B01025,DBSTOCKBRO,BE,,,,,DB (INT) STOCK BROKERS,34.50,34.50,33.00,33.74,33.45,34.50,,33.52,,,50127,1681164.84,30,F1,1,,,,,
2026-07-30,2026-07-30,CM,NSE,STK,11566,INE0A1101019,DCI,EQ,,,,,DC INFOTECH AND COMUN LTD,275.00,281.00,270.55,276.75,277.95,272.75,,276.70,,,9323,2566902.35,514,F1,1,,,,,
2026-07-30,2026-07-30,CM,NSE,STK,13725,INE503A01015,DCBBANK,EQ,,,,,DCB BANK LIMITED,191.51,192.05,187.01,187.55,187.32,192.56,,187.53,,,823881,155589326.75,15725,F1,1,,,,,
2026-07-30,2026-07-30,CM,NSE,STK,763717,INE04Q907199,1275DCC28,N0,,,,,DCCL 12.75% 2028,7781.00,7781.00,7781.00,7781.00,7781.00,9659.00,,7781.00,,,1,7781.00,1,F1,1,,,,,
2026-07-30,2026-07-30,CM,NSE,STK,23520,INE0S8401018,DCG,SM,,,,,DCG CABLES & WIRES LTD,53.00,53.00,52.40,52.40,52.40,54.00,,52.40,,,4800,252420.00,4,F1,1200,,,,,
2026-07-30,2026-07-30,CM,NSE,STK,4775,INE891B01012,DCMFINSERV,EQ,,,,,DCM FINANCIAL SERVICES LT,5.39,5.39,5.10,5.19,5.11,5.16,,5.19,,,9714,50300.37,32,F1,1,,,,,
2026-07-30,2026-07-30,CM,NSE,STK,7323,INE498A01018,DCM,BE,,,,,DCM LIMITED,89.70,89.70,85.80,88.20,88.20,89.70,,88.20,,,761,66773.69,28,F1,1,,,,,
2026-07-30,2026-07-30,CM,NSE,STK,11041,INE08KP01019,DCMNVL,BE,,,,,DCM NOUVELLE LIMITED,138.10,138.89,135.00,137.90,137.90,139.45,,136.73,,,4535,617961.92,37,F1,1,,,,,
2026-07-30,2026-07-30,CM,NSE,STK,760893,INE0OFM01015,DSFCL,BE,,,,,DCM SHRIRAM FINE CHEM LTD,26.55,26.55,26.02,26.03,26.03,26.55,,26.16,,,7000,182196.51,37,F1,1,,,,,
2026-07-30,2026-07-30,CM,NSE,STK,7325,INE843D01027,DCMSRIND,EQ,,,,,DCM SHRIRAM IND LTD,39.90,39.90,38.16,39.04,39.50,39.68,,39.05,,,73187,2874494.50,953,F1,1,,,,,
2026-07-30,2026-07-30,CM,NSE,STK,760898,INE0OU201013,DCMSIL,BE,,,,,DCM SHRIRAM INTERNATNL L,76.50,76.50,74.86,74.86,74.86,76.38,,74.37,,,28102,2127089.56,96,F1,1,,,,,
2026-07-30,2026-07-30,CM,NSE,STK,811,INE499A01024,DCMSHRIRAM,EQ,,,,,DCM SHRIRAM LIMITED,1059.90,1068.40,1035.00,1055.90,1052.00,1051.20,,1055.80,,,191543,201463067.80,15442,F1,1,,,,,
2026-07-30,2026-07-30,CM,NSE,STK,817,INE500A01029,DCW,EQ,,,,,DCW LTD,46.84,47.10,45.80,46.05,46.20,47.06,,46.06,,,928936,43016700.20,2992,F1,1,,,,,
2026-07-30,2026-07-30,CM,NSE,STK,11895,INE0KL801015,DCXINDIA,EQ,,,,,DCX SYSTEMS LIMITED,178.71,180.94,176.50,177.31,178.29,179.89,,177.30,,,325338,57787012.08,4940,F1,1,,,,,
2026-07-30,2026-07-30,CM,NSE,STK,29098,INE0HR601026,DDEVPLSTIK,EQ,,,,,DDEV PLASTIKS IND LTD,273.50,273.50,265.00,266.70,266.90,273.40,,266.70,,,69627,18649895.80,2027,F1,1,,,,,
2026-07-30,2026-07-30,CM,NSE,STK,15449,INE0JWV01011,DENEERS,SM,,,,,DE NEERS TOOLS LIMITED,186.25,188.00,183.00,183.00,183.00,186.25,,183.00,,,4800,890070.00,8,F1,600,,,,,
2026-07-30,2026-07-30,CM,NSE,STK,4279,INE244A01016,DENORA,EQ,,,,,DE NORA INDIA LIMITED,868.60,878.95,846.40,862.35,860.65,863.55,,863.30,,,1182,1021427.35,250,F1,1,,,,,
2026-07-30,2026-07-30,CM,NSE,STK,14838,INE583C01021,DECCANCE,EQ,,,,,DECCAN CEMENTS LIMITED,548.20,561.00,548.05,549.80,554.00,550.35,,549.80,,,13075,7238118.25,796,F1,1,,,,,
2026-07-30,2026-07-30,CM,NSE,STK,762638,INE945F01025,DECNGOLD,EQ,,,,,DECCAN GOLD MINES LTD.,192.00,193.70,189.13,191.15,190.50,192.03,,191.16,,,566081,108160974.97,6542,F1,1,,,,,
2026-07-30,2026-07-30,CM,NSE,STK,24156,INE841L01016,DEEDEV,BE,,,,,DEE DEVELOPMENT ENG LTD,662.00,673.90,639.00,646.25,645.00,660.00,,646.15,,,71550,46519715.60,1549,F1,1,,,,,
2026-07-30,2026-07-30,CM,NSE,STK,3292,INE0FHS01024,DEEPINDS,EQ,,,,,DEEP INDUSTRIES LIMITED,545.00,576.00,540.55,548.80,551.70,542.95,,548.80,,,1503068,844383204.30,34296,F1,1,,,,,
2026-07-30,2026-07-30,CM,NSE,STK,25894,INE0OPA01027,DBEIL,BE,,,,,DEEPAK BUILDERS & ENG I L,7.60,7.60,7.30,7.40,7.38,7.61,,7.40,,,63402,468463.03,241,F1,1,,,,,
2026-07-30,2026-07-30,CM,NSE,STK,827,INE501A01019,DEEPAKFERT,EQ,,,,,DEEPAK FERTILIZERS & PETR,1625.00,1659.70,1516.30,1532.40,1529.00,1626.30,,1532.10,,,2061157,3295014182.60,112878,F1,1,,,,,
2026-07-30,2026-07-30,CM,NSE,STK,19943,INE288B01029,DEEPAKNTR,EQ,,,,,DEEPAK NITRITE LTD,1679.90,1681.40,1635.00,1643.90,1641.10,1674.60,,1642.90,,,114821,189444214.70,11182,F1,1,,,,,
2026-07-30,2026-07-30,CM,NSE,STK,22527,INE0SK801018,DELAPLEX,SM,,,,,DELAPLEX LIMITED,96.50,96.50,96.50,96.50,96.50,97.90,,96.50,,,1200,115800.00,2,F1,600,,,,,
2026-07-30,2026-07-30,CM,NSE,STK,9599,INE148O01028,DELHIVERY,EQ,,,,,DELHIVERY LIMITED,470.00,470.90,463.05,468.30,469.00,470.00,,468.30,,,2757674,1288735830.20,30827,F1,1,,,,,
2026-07-30,2026-07-30,CM,NSE,STK,24395,INE726L01027,DELPHIFX,BE,,,,,DELPHI WORLD MONEY LTD,6.99,7.00,6.62,6.70,6.74,6.83,,6.70,,,31325,211764.08,225,F1,1,,,,,
2026-07-30,2026-07-30,CM,NSE,STK,29092,INE0XRN01019,DELTIC,SM,,,,,DELTA AUTOCORP LIMITED,37.55,37.55,34.00,35.95,35.95,37.25,,35.95,,,46000,1653250.00,29,F1,1000,,,,,
2026-07-30,2026-07-30,CM,NSE,STK,15044,INE124G01033,DELTACORP,EQ,,,,,DELTA CORP LIMITED,62.42,62.85,61.49,61.96,61.92,62.87,,61.96,,,638684,39790654.79,3956,F1,1,,,,,
2026-07-30,2026-07-30,CM,NSE,STK,1214,INE393A01011,DELTAMAGNT,EQ,,,,,DELTA MANUFACTURING LTD,58.00,59.95,57.00,57.41,57.45,58.90,,57.41,,,11053,643023.53,188,F1,1,,,,,
2026-07-30,2026-07-30,CM,NSE,STK,17722,INE947J01015,DEN,EQ,,,,,DEN NETWORKS LTD,27.65,27.65,27.26,27.42,27.60,27.58,,27.42,,,165442,4537992.00,841,F1,1,,,,,
2026-07-30,2026-07-30,CM,NSE,STK,29256,INE0R4L01018,DENTA,EQ,,,,,DENTA WATER N INFRA SOL L,339.65,348.45,335.00,343.55,343.00,337.75,,343.55,,,502748,172259846.75,15151,F1,1,,,,,
2026-07-30,2026-07-30,CM,NSE,STK,759079,INE0VOV01021,DEVX,EQ,,,,,DEV ACCELERATOR LIMITED,34.50,34.82,34.00,34.21,34.10,34.19,,34.22,,,112365,3837428.29,2536,F1,1,,,,,
2026-07-30,2026-07-30,CM,NSE,STK,8146,INE060X01034,DEVIT,EQ,,,,,DEV INFO TECHNOLOGY LTD,27.03,27.48,25.55,26.34,26.58,27.39,,26.34,,,100119,2639767.97,1128,F1,1,,,,,
2026-07-30,2026-07-30,CM,NSE,STK,5373,INE872J01023,DEVYANI,EQ,,,,,DEVYANI INTERNATIONAL LTD,119.06,121.84,114.25,118.53,118.50,118.36,,118.53,,,16192402,1902107546.67,106662,F1,1,,,,,
2026-07-30,2026-07-30,CM,NSE,STK,10893,INE0I3401014,DBOL,EQ,,,,,DHAMPUR BIO ORGANICS LTD,101.00,101.00,97.50,98.42,98.65,100.39,,98.43,,,56519,5602918.48,1361,F1,1,,,,,
2026-07-30,2026-07-30,CM,NSE,STK,857,INE041A01016,DHAMPURSUG,EQ,,,,,DHAMPUR SUGAR MILLS LTD.,137.00,137.51,134.77,135.10,136.90,137.44,,135.10,,,154096,20877353.92,6405,F1,1,,,,,
2026-07-30,2026-07-30,CM,NSE,STK,11359,INE680A01011,DHANBANK,EQ,,,,,DHANLAXMI BANK LIMITED,32.50,32.94,31.98,32.34,32.45,31.98,,32.34,,,1810193,58549175.71,6431,F1,1,,,,,
2026-07-30,2026-07-30,CM,NSE,STK,27723,INE0V9V01010,DHANLAXMI,SM,,,,,DHANLAXMI CROP SCIENCE L,27.00,27.00,27.00,27.00,27.00,27.00,,27.00,,,2000,54000.00,1,F1,2000,,,,,
2026-07-30,2026-07-30,CM,NSE,STK,24415,INE0M3I01029,DHANSA,SM,,,,,DHANSA LABS LIMITED,20.30,20.30,19.05,20.00,20.00,18.60,,20.00,,,8000,158700.00,4,F1,2000,,,,,
2026-07-30,2026-07-30,CM,NSE,STK,24409,INE435G01025,DHANUKA,EQ,,,,,DHANUKA AGRITECH LTD,1021.60,1046.90,1012.00,1032.70,1044.00,1018.00,,1032.70,,,60806,62724934.90,3672,F1,1,,,,,
2026-07-30,2026-07-30,CM,NSE,STK,760492,INE2HJL01019,DHARARAIL,ST,,,,,DHARA RAIL PROJECTS LTD,127.80,127.80,127.80,127.80,127.80,126.50,,127.80,,,2000,255600.00,2,F1,1000,,,,,
2026-07-30,2026-07-30,CM,NSE,STK,759203,INE278R01034,DHARAN,BZ,,,,,DHARAN INFRA-EPC LIMITED,0.15,0.16,0.14,0.14,0.14,0.15,,0.14,,,14797849,2184892.48,1279,F1,1,,,,,
2026-07-30,2026-07-30,CM,NSE,STK,24747,INE0YRN01025,DHARIWAL,SM,,,,,DHARIWALCORP LIMITED,32.65,33.00,31.50,31.55,31.50,31.50,,31.55,,,30000,962250.00,8,F1,3000,,,,,
2026-07-30,2026-07-30,CM,NSE,STK,13001,INE00OQ01016,DHARMAJ,EQ,,,,,DHARMAJ CROP GUARD LTD,269.40,272.60,265.60,269.65,270.00,265.35,,269.65,,,37854,10224178.75,1553,F1,1,,,,,
2026-07-30,2026-07-30,CM,NSE,STK,6860,INE506Z01015,DHRUV,BE,,,,,DHRUV CONSULTANCY SER LTD,24.70,24.70,24.30,24.67,24.70,24.68,,24.67,,,1493,36799.73,13,F1,1,,,,,
2026-07-30,2026-07-30,CM,NSE,STK,22233,INE320L01011,DHUNINV,EQ,,,,,DHUNSERI INVESTMENTS LTD,868.25,868.25,842.35,853.00,859.20,863.25,,853.00,,,258,221982.70,23,F1,1,,,,,
2026-07-30,2026-07-30,CM,NSE,STK,6227,INE341R01014,DTIL,EQ,,,,,DHUNSERI TEA & IND. LTD.,130.60,131.02,126.00,127.13,127.00,129.07,,127.13,,,11953,1526625.07,123,F1,1,,,,,
2026-07-30,2026-07-30,CM,NSE,STK,15214,INE477B01010,DVL,EQ,,,,,DHUNSERI VENTURES LIMITED,238.90,243.00,238.44,238.66,238.44,237.50,,238.40,,,3764,905486.14,266,F1,1,,,,,
2026-07-30,2026-07-30,CM,NSE,STK,18644,INE591D01014,DIAMINESQ,EQ,,,,,DIAMINES & CHEMICALS LTD,236.60,245.00,236.60,239.34,238.50,241.96,,238.87,,,1309,315644.20,118,F1,1,,,,,
2026-07-30,2026-07-30,CM,NSE,STK,18543,INE989C01038,DIACABS,EQ,,,,,DIAMOND POWER INFRA LTD,342.00,342.00,320.58,328.50,326.00,337.45,,328.51,,,14136009,4581168130.57,50023,F1,1,,,,,
2026-07-30,2026-07-30,CM,NSE,STK,703,INE303A01010,DICIND,EQ,,,,,DIC INDIA LIMITED,520.95,520.95,503.00,505.00,518.00,513.65,,505.00,,,645,331777.00,37,F1,1,,,,,
2026-07-30,2026-07-30,CM,NSE,STK,25672,INE184O01015,DIFFNKG,EQ,,,,,DIFFUSION ENGINEERS LTD,388.15,388.40,378.75,380.55,379.00,388.15,,380.55,,,54656,20842829.30,2016,F1,1,,,,,
2026-07-30,2026-07-30,CM,NSE,STK,10346,INE03JI01017,DGCONTENT,EQ,,,,,DIGICONTENT LIMITED,24.02,25.00,24.02,24.35,24.21,25.33,,24.35,,,5621,137197.64,73,F1,1,,,,,
2026-07-30,2026-07-30,CM,NSE,STK,21247,INE0PSC01024,DIGIDRIVE,EQ,,,,,DIGIDRIVE DISTRIBUTORS L,17.99,17.99,17.60,17.87,17.96,17.67,,17.87,,,8795,156790.66,86,F1,1,,,,,
2026-07-30,2026-07-30,CM,NSE,STK,19138,INE0QJ901011,DIGIKORE,SM,,,,,DIGIKORE STUDIOS LIMITED,46.15,46.60,41.00,44.20,41.85,46.10,,44.20,,,179600,7991240.00,266,F1,400,,,,,
2026-07-30,2026-07-30,CM,NSE,STK,16687,INE927C01020,DIGISPICE,BE,,,,,DIGISPICE TECHNOLOGIES LT,18.40,18.40,17.65,18.13,18.22,18.18,,18.09,,,69641,1245249.85,193,F1,1,,,,,
2026-07-30,2026-07-30,CM,NSE,STK,757515,INE0U4701011,DIGITIDE,EQ,,,,,DIGITIDE SOLUTIONS LTD,99.99,106.50,98.40,100.93,100.60,100.19,,101.19,,,651405,66986487.69,8043,F1,1,,,,,
2026-07-30,2026-07-30,CM,NSE,STK,6127,INE731U01028,DIGJAMLMTD,EQ,,,,,DIGJAM LTD,48.00,49.79,45.80,47.31,48.00,46.51,,47.33,,,57928,2764729.44,366,F1,1,,,,,
2026-07-30,2026-07-30,CM,NSE,STK,641,INE016M01021,DNAMEDIA,EQ,,,,,DILIGENT MEDIA CORP LTD.,2.95,3.00,2.84,2.86,2.94,2.95,,2.86,,,25778,74274.37,96,F1,1,,,,,
2026-07-30,2026-07-30,CM,NSE,STK,18086,INE917M01012,DBL,EQ,,,,,DILIP BUILDCON LIMITED,429.00,431.15,420.00,420.55,420.00,431.15,,420.55,,,106149,45007109.75,3812,F1,1,,,,,
2026-07-30,2026-07-30,CM,NSE,STK,762643,INE131C01011,DISAQ,EQ,,,,,DISA INDIA LTD.,12180.00,12350.00,12095.00,12277.00,12350.00,12263.00,,12279.00,,,1036,12640507.00,980,F1,1,,,,,
2026-07-30,2026-07-30,CM,NSE,STK,14540,INE836F01026,DISHTV,BE,,,,,DISH TV INDIA LTD.,2.84,2.86,2.81,2.81,2.83,2.83,,2.81,,,366245,1035435.23,620,F1,1,,,,,
2026-07-30,2026-07-30,CM,NSE,STK,21704,INE385W01011,DCAL,EQ,,,,,DISHMAN CARBO AMCIS LTD,186.67,189.60,184.66,185.30,185.52,187.99,,185.30,,,150487,28024865.01,3138,F1,1,,,,,
2026-07-30,2026-07-30,CM,NSE,STK,14479,INE753U01022,DIVGIITTS,EQ,,,,,DIVGI TORQTRANSFER SYST L,957.55,979.00,945.85,954.10,953.80,960.35,,954.20,,,29318,28133023.30,2906,F1,1,,,,,
2026-07-30,2026-07-30,CM,NSE,STK,10940,INE361B01024,DIVISLAB,EQ,,,,,DIVI S LABORATORIES LTD,7885.50,7938.00,7795.00,7835.00,7820.00,7784.50,,7835.00,,,651446,5124266909.00,59820,F1,1,,,,,
2026-07-30,2026-07-30,CM,NSE,STK,30262,INE0NA501011,DIVINEHIRA,ST,,,,,DIVINE HIRA JEWELLERS LTD,109.50,109.50,107.00,107.80,107.80,109.00,,107.80,,,14400,1560240.00,6,F1,1200,,,,,
2026-07-30,2026-07-30,CM,NSE,STK,24286,INE0SCO01019,DPEL,SM,,,,,DIVINE POWER ENERGY LTD,572.95,572.95,558.00,561.95,560.00,563.60,,561.95,,,20500,11548200.00,41,F1,500,,,,,
2026-07-30,2026-07-30,CM,NSE,STK,25680,INE0QYI01019,DIVYADHAN,ST,,,,,DIVYADHAN RECYCLING IND L,52.70,52.70,52.70,52.70,52.70,53.75,,52.70,,,2000,105400.00,1,F1,2000,,,,,
2026-07-30,2026-07-30,CM,NSE,STK,21690,INE935N01020,DIXON,EQ,,,,,DIXON TECHNO (INDIA) LTD,14282.00,14482.00,14167.00,14338.00,14321.00,14275.00,,14338.00,,,399091,5728379392.00,59169,F1,1,,,,,
2026-07-30,2026-07-30,CM,NSE,STK,12749,INE0B1K01014,DJML,EQ,,,,,DJ MEDIAPRINT & LOG LTD,114.49,116.43,112.65,115.79,115.50,115.47,,115.79,,,409422,47096388.11,3678,F1,1,,,,,
2026-07-30,2026-07-30,CM,NSE,STK,14732,INE271C01023,DLF,EQ,,,,,DLF LIMITED,669.75,669.75,652.05,654.85,655.60,670.25,,654.85,,,2324048,1534427615.95,45588,F1,1,,,,,
2026-07-30,2026-07-30,CM,NSE,STK,6973,INE505A01010,DMCC,EQ,,,,,DMCC SPECIALITY CHEMICALS,269.10,270.00,260.30,262.80,261.00,266.95,,262.85,,,16452,4375335.55,518,F1,1,,,,,
2026-07-30,2026-07-30,CM,NSE,STK,4822,INE021O01019,DODLA,EQ,,,,,DODLA DAIRY LIMITED,1046.00,1050.10,1037.10,1041.80,1042.00,1060.40,,1041.80,,,10235,10669654.20,2086,F1,1,,,,,
2026-07-30,2026-07-30,CM,NSE,STK,12124,INE966A01022,DOLATALGO,EQ,,,,,DOLAT ALGOTECH LIMITED,68.84,69.21,67.17,67.84,68.09,68.84,,67.84,,,55203,3768757.15,1194,F1,1,,,,,
2026-07-30,2026-07-30,CM,NSE,STK,20560,INE325C01035,DOLLAR,EQ,,,,,DOLLAR INDUSTRIES LIMITED,256.45,268.95,253.65,267.50,267.15,256.45,,267.50,,,356342,94461744.80,7412,F1,1,,,,,
2026-07-30,2026-07-30,CM,NSE,STK,18139,INE920A01037,DOLPHIN,EQ,,,,,DOLPHIN OFF ENT (IND) L,370.20,385.00,370.20,375.85,379.90,375.15,,375.80,,,7794,2954091.75,468,F1,1,,,,,
2026-07-30,2026-07-30,CM,NSE,STK,20551,INE321T01012,DOMS,EQ,,,,,DOMS INDUSTRIES LIMITED,2265.50,2282.50,2250.00,2255.00,2254.00,2280.40,,2255.00,,,22058,49849520.40,4866,F1,1,,,,,
2026-07-30,2026-07-30,CM,NSE,STK,13839,INE668D01028,DONEAR,EQ,,,,,DONEAR IND. LIMITED,83.94,85.60,83.61,85.03,85.60,83.94,,85.03,,,13118,1114065.24,195,F1,1,,,,,
2026-07-30,2026-07-30,CM,NSE,STK,15423,INE360C01024,DPSCLTD,BE,,,,,DPSC LIMITED,7.17,7.38,7.16,7.21,7.17,7.32,,7.21,,,62463,451297.76,346,F1,1,,,,,
2026-07-30,2026-07-30,CM,NSE,STK,29452,INE943P01029,AGARWALEYE,EQ,,,,,DR AGARWALS HEALTH CARE L,487.00,496.85,480.10,482.20,483.15,488.80,,482.20,,,63698,30975093.50,5698,F1,1,,,,,
2026-07-30,2026-07-30,CM,NSE,STK,762648,INE934C01018,DRAGARWQ,EQ,,,,,DR. AGARWAL'S EYE HOSP L,5009.00,5042.50,4975.50,4994.50,4990.00,5006.50,,4999.00,,,611,3052696.00,187,F1,1,,,,,
2026-07-30,2026-07-30,CM,NSE,STK,11654,INE600L01024,LALPATHLAB,EQ,,,,,DR. LAL PATH LABS LTD.,1880.00,1919.80,1869.90,1878.80,1870.00,1882.50,,1878.80,,,609085,1154883100.20,38925,F1,1,,,,,
2026-07-30,2026-07-30,CM,NSE,STK,881,INE089A01031,DRREDDY,EQ,,,,,DR. REDDY S LABORATORIES,1143.00,1151.00,1139.00,1144.80,1144.30,1142.30,,1144.80,,,1350714,1544261373.60,51899,F1,1,,,,,
2026-07-30,2026-07-30,CM,NSE,STK,2645,INE03RS01027,DRCSYSTEMS,EQ,,,,,DRC SYSTEMS INDIA LIMITED,13.62,13.72,13.40,13.48,13.45,13.58,,13.48,,,14729,200373.08,146,F1,1,,,,,
2026-07-30,2026-07-30,CM,NSE,STK,10859,INE0JS101016,DREAMFOLKS,EQ,,,,,DREAMFOLKS SERVICES LTD,68.80,68.80,66.51,66.80,66.70,67.46,,66.80,,,33583,2255429.59,1211,F1,1,,,,,
2026-07-30,2026-07-30,CM,NSE,STK,11271,INE506A01018,DREDGECORP,EQ,,,,,DREDGING CORP OF INDIA,1102.40,1125.50,1086.30,1120.00,1113.20,1102.40,,1120.00,,,218460,243483057.10,12632,F1,1,,,,,
2026-07-30,2026-07-30,CM,NSE,STK,17383,INE0P7201019,DRONE,ST,,,,,DRONE DESTINATION LIMITED,39.20,39.80,39.20,39.35,39.25,40.00,,39.35,,,7500,295350.00,13,F1,500,,,,,
2026-07-30,2026-07-30,CM,NSE,STK,778,INE055C01020,KEEPLEARN,EQ,,,,,DSJ KEEP LEARNING LTD,1.92,1.95,1.84,1.94,1.95,1.93,,1.94,,,42114,81316.04,58,F1,1,,,,,
2026-07-30,2026-07-30,CM,NSE,STK,1927,INF740KA1EU7,LIQUIDETF,EQ,,,,,DSP LIQUID ETF,1000.00,1000.01,999.99,1000.00,1000.00,1000.00,,1000.00,,,126090,126090001.59,226,F1,1,,,,,
2026-07-30,2026-07-30,CM,NSE,STK,761364,INF740KA1YH2,BANK10ADD,EQ,,,,,DSPAMC - BANK10ADD,16.92,17.03,16.88,17.01,17.03,17.00,,17.01,,,12655,214762.91,84,F1,1,,,,,
2026-07-30,2026-07-30,CM,NSE,STK,13644,INF740KA1RX3,BANKADD,EQ,,,,,DSPAMC - DSPBANK,58.35,58.49,58.12,58.46,58.29,58.43,,58.46,,,29212,1707337.00,156,F1,1,,,,,
2026-07-30,2026-07-30,CM,NSE,STK,15356,INF740KA1SW3,GOLDADD,EQ,,,,,DSPAMC - DSPGOLD,137.87,138.12,137.17,137.96,137.70,137.35,,137.96,,,210216,28944917.94,6153,F1,1,,,,,
2026-07-30,2026-07-30,CM,NSE,STK,17207,INF740KA1SX1,ITADD,EQ,,,,,DSPAMC - DSPIT,33.20,33.75,33.02,33.15,33.05,32.96,,33.15,,,117598,3934277.57,312,F1,1,,,,,
2026-07-30,2026-07-30,CM,NSE,STK,6606,INF740KA1QK2,EQUAL50ADD,EQ,,,,,DSPAMC - DSPNEWETF,345.47,347.50,345.47,346.72,346.52,346.38,,346.72,,,4901,1700029.10,177,F1,1,,,,,
2026-07-30,2026-07-30,CM,NSE,STK,7451,INF740KA1CL0,NIFTYADD,EQ,,,,,DSPAMC - DSPNIFTY,256.34,256.34,254.51,255.92,255.98,255.07,,255.88,,,4153,1060349.44,129,F1,1,,,,,
2026-07-30,2026-07-30,CM,NSE,STK,17616,INF740KA1SY9,PSUBANKADD,EQ,,,,,DSPAMC - DSPPSBKETF,83.93,84.36,83.67,84.14,84.12,84.04,,84.17,,,25207,2116551.79,308,F1,1,,,,,
2026-07-30,2026-07-30,CM,NSE,STK,17576,INF740KA1TA7,PVTBANKADD,EQ,,,,,DSPAMC - DSPPVBKETF,28.01,28.01,27.76,27.96,27.95,28.00,,27.96,,,53258,1484222.88,134,F1,1,,,,,
2026-07-30,2026-07-30,CM,NSE,STK,7456,INF740KA1ZF3,MIDQ50ADD,EQ,,,,,DSPAMC - DSPQ50ETF,25.23,25.25,25.05,25.17,25.21,25.22,,25.17,,,40778,1024281.22,94,F1,1,,,,,
2026-07-30,2026-07-30,CM,NSE,STK,17613,INF740KA1SZ6,SENSEXADD,EQ,,,,,DSPAMC - DSPSENXETF,80.14,80.30,79.91,80.11,80.30,80.14,,80.19,,,816,65317.78,22,F1,1,,,,,
2026-07-30,2026-07-30,CM,NSE,STK,10761,INF740KA1RE3,SILVERADD,EQ,,,,,DSPAMC - DSPSILVETF,205.97,209.08,205.97,208.59,207.86,208.05,,208.57,,,261378,54263219.60,2735,F1,1,,,,,
2026-07-30,2026-07-30,CM,NSE,STK,759368,INF740KA1WU9,FLEXIADD,EQ,,,,,DSPAMC - FLEXIADD,10.30,10.30,10.20,10.23,10.23,10.21,,10.23,,,81213,831609.62,205,F1,1,,,,,
2026-07-30,2026-07-30,CM,NSE,STK,763530,INF740KA1ZA4,FMCGADD,EQ,,,,,DSPAMC - FMCGADD,49.99,50.10,49.57,49.89,49.95,49.92,,49.89,,,6267,312432.38,39,F1,1,,,,,
2026-07-30,2026-07-30,CM,NSE,STK,22592,INF740KA1ZG1,HEALTHADD,EQ,,,,,DSPAMC - HEALTHADD,16.89,16.95,16.82,16.85,16.91,16.85,,16.85,,,135089,2279787.68,120,F1,1,,,,,
2026-07-30,2026-07-30,CM,NSE,STK,23407,INF740KA1UM0,LIQUIDADD,EQ,,,,,DSPAMC - LIQUIDADD,1137.96,1137.98,1137.95,1137.96,1137.97,1137.80,,1137.96,,,432152,491773353.00,1638,F1,1,,,,,
2026-07-30,2026-07-30,CM,NSE,STK,760356,INF740KA1WW5,MIDCAPADD,EQ,,,,,DSPAMC - MIDCAPADD,23.15,23.17,23.03,23.06,23.04,23.13,,23.06,,,6564,151915.93,29,F1,1,,,,,
2026-07-30,2026-07-30,CM,NSE,STK,759978,INF740KA1WV7,MSCIADD,EQ,,,,,DSPAMC - MSCIADD,29.58,29.81,29.58,29.81,29.81,29.70,,29.81,,,354,10504.52,7,F1,1,,,,,
2026-07-30,2026-07-30,CM,NSE,STK,29464,INF740KA1VE5,NEXT30ADD,EQ,,,,,DSPAMC - NEXT30ADD,42.65,42.91,42.65,42.81,42.90,42.66,,42.81,,,22905,978698.84,58,F1,1,,,,,
2026-07-30,2026-07-30,CM,NSE,STK,760599,INF740KA1XU7,NEXT50ADD,EQ,,,,,DSPAMC - NEXT50ADD,72.99,73.15,71.83,71.96,71.83,72.82,,71.96,,,1937,139784.09,21,F1,1,,,,,
2026-07-30,2026-07-30,CM,NSE,STK,760359,INF740KA1WX3,SMALLADD,EQ,,,,,DSPAMC - SMALLADD,18.09,18.29,17.93,17.97,18.01,18.04,,17.97,,,94178,1702022.04,112,F1,1,,,,,
2026-07-30,2026-07-30,CM,NSE,STK,25171,INF740KA1UR9,TOP10ADD,EQ,,,,,DSPAMC - TOP10ADD,89.29,89.30,88.50,88.75,88.88,88.88,,88.75,,,350563,31078164.68,551,F1,1,,,,,
2026-07-30,2026-07-30,CM,NSE,STK,13766,INE0LZO01015,DUCOL,SM,,,,,DUCOL ORGS AND COLOURS LT,106.00,106.00,106.00,106.00,106.00,104.55,,106.00,,,800,84800.00,1,F1,800,,,,,
2026-07-30,2026-07-30,CM,NSE,STK,28952,INE741L01018,DUCON,EQ,,,,,DUCON INFRATECHNOLOGIES L,2.98,3.04,2.90,2.95,2.95,2.97,,2.95,,,150123,443763.13,441,F1,1,,,,,
2026-07-30,2026-07-30,CM,NSE,STK,5457,INE0HPK01020,DUGLOBAL,SM,,,,,DUDIGITAL GLOBAL LIMITED,25.80,25.90,25.80,25.90,25.90,25.80,,25.90,,,5000,129250.00,2,F1,2500,,,,,
2026-07-30,2026-07-30,CM,NSE,STK,24164,INE0OUW01013,DURLAX,SM,,,,,DURLAX TOP SURFACE LTD,56.80,57.75,54.70,57.35,57.75,55.25,,57.35,,,120000,6794800.00,44,F1,2000,,,,,
2026-07-30,2026-07-30,CM,NSE,STK,11667,INE366A01041,DWARKESH,EQ,,,,,DWARIKESH SUGAR IND LTD,38.00,38.28,36.50,36.68,36.56,38.00,,36.68,,,1969493,72905361.05,15294,F1,1,,,,,
2026-07-30,2026-07-30,CM,NSE,STK,25690,INE417B01040,DSSL,EQ,,,,,DYNACONS SYS & SOLN LTD,1270.00,1274.80,1205.10,1208.00,1210.00,1241.10,,1208.10,,,25922,31572746.20,2660,F1,1,,,,,
2026-07-30,2026-07-30,CM,NSE,STK,4525,INE221B01012,DYNAMATECH,EQ,,,,,DYNAMATIC TECHNOLOGIES,10234.00,10450.00,10177.00,10272.00,10299.00,10331.00,,10272.00,,,8059,83172792.00,3017,F1,1,,,,,
2026-07-30,2026-07-30,CM,NSE,STK,10417,INE600Y01019,DYCL,EQ,,,,,DYNAMIC CABLES LIMITED,391.50,392.95,383.05,384.65,384.40,393.90,,384.60,,,243245,93990428.15,6513,F1,1,,,,,
2026-07-30,2026-07-30,CM,NSE,STK,6082,INE0DZ701010,DYNAMIC,ST,,,,,DYNAMIC SRVCS & SEC LTD,138.10,140.30,136.75,140.20,140.30,138.05,,140.20,,,6000,832025.00,11,F1,500,,,,,
2026-07-30,2026-07-30,CM,NSE,STK,21314,INE256H01015,DYNPRO,EQ,,,,,DYNEMIC PRODUCTS LIMITED,251.40,256.79,250.41,251.57,252.50,251.37,,251.57,,,11608,2931367.37,318,F1,1,,,,,
2026-07-30,2026-07-30,CM,NSE,STK,19267,INE0KFF01017,EFACTOR,SM,,,,,E FACTOR EXPERIENCES LTD,161.00,162.50,161.00,161.05,161.05,169.30,,161.05,,,4400,710400.00,11,F1,400,,,,,
2026-07-30,2026-07-30,CM,NSE,STK,760534,INE1CEJ01017,E2ERAIL,ST,,,,,E TO E TRANS INFRA LTD,272.90,272.90,272.90,272.90,272.90,274.35,,272.90,,,800,218320.00,1,F1,800,,,,,
2026-07-30,2026-07-30,CM,NSE,STK,8937,INE255Z01027,E2E,EQ,,,,,E2E NETWORKS LIMITED,495.00,499.75,472.90,492.55,492.80,491.45,,492.55,,,1788213,875442602.70,34556,F1,1,,,,,
2026-07-30,2026-07-30,CM,NSE,STK,9769,INE962C01035,EASTSILK,BE,,,,,EASTERN SILK INDUSTRIES L,57.00,57.00,53.01,56.81,57.00,55.45,,56.81,,,475,26661.04,14,F1,1,,,,,
2026-07-30,2026-07-30,CM,NSE,STK,2792,INE07O001026,EASEMYTRIP,EQ,,,,,EASY TRIP PLANNERS LTD,6.73,6.76,6.51,6.56,6.61,6.73,,6.56,,,23632682,156545315.17,12329,F1,1,,,,,
2026-07-30,2026-07-30,CM,NSE,STK,759974,INE528S07110,888ECL28,N1,,,,,ECL 8.88% 2028 SR V,999.98,999.98,999.98,999.98,999.98,981.50,,999.98,,,9,8999.82,1,F1,1,,,,,
2026-07-30,2026-07-30,CM,NSE,STK,15179,INE738I01010,ECLERX,EQ,,,,,ECLERX SERVICES LTD,1890.00,1994.60,1890.00,1910.90,1912.00,1951.80,,1910.70,,,211972,414048970.60,23025,F1,1,,,,,
2026-07-30,2026-07-30,CM,NSE,STK,759964,INE0VBS01016,ECOLINE,ST,,,,,ECOLINE EXIM LIMITED,198.80,198.80,196.00,198.50,198.50,195.95,,198.50,,,3000,593300.00,3,F1,1000,,,,,
2026-07-30,2026-07-30,CM,NSE,STK,25062,INE06HJ01020,ECOSMOBLTY,BE,,,,,ECOS (INDIA) MOB & HOSP L,132.70,136.00,129.06,134.90,135.13,131.92,,134.85,,,52560,7032579.86,425,F1,1,,,,,
2026-07-30,2026-07-30,CM,NSE,STK,7196,INF754K01OB1,BBETF0432,EQ,,,,,EDELAMC - BBETF0432,1355.86,1358.88,1351.01,1356.53,1358.88,1349.68,,1356.53,,,1038,1408632.06,46,F1,1,,,,,
2026-07-30,2026-07-30,CM,NSE,STK,25258,INF754K01TE4,EBANKNIFTY,EQ,,,,,EDELAMC - EBANKNIFTY,57.21,57.78,57.18,57.67,57.78,57.84,,57.67,,,1574,90461.58,27,F1,1,,,,,
2026-07-30,2026-07-30,CM,NSE,STK,16253,INF754K01KO2,EBBETF0430,EQ,,,,,EDELAMC - EBBETF0430,1644.19,1644.19,1609.65,1610.60,1611.50,1611.95,,1611.15,,,16567,26685178.59,181,F1,1,,,,,
2026-07-30,2026-07-30,CM,NSE,STK,22239,INF754K01LE1,EBBETF0431,EQ,,,,,EDELAMC - EBBETF0431,1444.53,1447.98,1440.00,1440.96,1441.00,1442.31,,1440.95,,,2018,2911600.68,81,F1,1,,,,,
2026-07-30,2026-07-30,CM,NSE,STK,13139,INF754K01QX0,EBBETF0433,EQ,,,,,EDELAMC - EBBETF0433,1317.50,1319.40,1315.50,1317.75,1319.40,1317.87,,1317.68,,,1109,1461233.34,57,F1,1,,,,,
2026-07-30,2026-07-30,CM,NSE,STK,29019,INF754K01TX4,ECAPINSURE,EQ,,,,,EDELAMC - ECAPINSURE,23.83,23.87,23.53,23.68,23.80,23.83,,23.68,,,30157,714034.62,259,F1,1,,,,,
2026-07-30,2026-07-30,CM,NSE,STK,19933,INF754K01SE6,EGOLD,EQ,,,,,EDELAMC - EGOLD,141.45,142.45,141.25,142.30,142.45,141.35,,142.30,,,33553,4767929.50,181,F1,1,,,,,
2026-07-30,2026-07-30,CM,NSE,STK,759466,INF754K01VW2,ELIQUID,EQ,,,,,EDELAMC - ELIQUID,1041.61,1041.61,1041.48,1041.49,1041.48,1041.35,,1041.49,,,62790,65395552.50,25,F1,1,,,,,
2026-07-30,2026-07-30,CM,NSE,STK,758952,INF754K01VV4,ELM250,EQ,,,,,EDELAMC - ELM250,16.50,16.74,16.50,16.58,16.58,16.58,,16.58,,,326638,5447424.59,101,F1,1,,,,,
2026-07-30,2026-07-30,CM,NSE,STK,764288,INF754K01XG1,EMETAL,EQ,,,,,EDELAMC - EMETAL,13.17,13.17,12.74,13.10,13.00,12.74,,13.10,,,11657,152014.78,47,F1,1,,,,,
2026-07-30,2026-07-30,CM,NSE,STK,25996,INF754K01TF1,EMULTIMQ,EQ,,,,,EDELAMC - EMULTIMQ,40.76,41.66,40.32,40.63,41.66,40.76,,40.63,,,27122,1100375.61,221,F1,1,,,,,
2026-07-30,2026-07-30,CM,NSE,STK,763540,INF754K01XF3,ENEXT50,EQ,,,,,EDELAMC - ENEXT50,72.56,72.56,72.43,72.43,72.43,72.57,,72.16,,,7,507.73,3,F1,1,,,,,
2026-07-30,2026-07-30,CM,NSE,STK,759998,INF754K01VX0,ENIFTY,EQ,,,,,EDELAMC - ENIFTY,24.48,24.52,24.37,24.44,24.46,24.41,,24.44,,,5738,140106.34,68,F1,1,,,,,
2026-07-30,2026-07-30,CM,NSE,STK,759995,INF754K01VY8,ESENSEX,EQ,,,,,EDELAMC - ESENSEX,77.33,78.34,77.25,78.19,78.19,78.27,,78.19,,,229,17825.59,29,F1,1,,,,,
2026-07-30,2026-07-30,CM,NSE,STK,20257,INF754K01SF3,ESILVER,EQ,,,,,EDELAMC - ESILVER,214.83,216.74,214.05,216.04,216.74,216.00,,216.04,,,27924,6014020.07,859,F1,1,,,,,
2026-07-30,2026-07-30,CM,NSE,STK,15119,INE532F01054,EDELWEISS,EQ,,,,,EDELWEISS FIN SERV LTD,115.60,116.32,114.32,115.14,114.91,116.10,,115.14,,,1569564,180769244.95,13500,F1,1,,,,,
2026-07-30,2026-07-30,CM,NSE,STK,758675,INE886D01026,EFCIL,EQ,,,,,EFC (I) LIMITED,198.01,199.01,188.54,190.07,190.10,201.00,,190.07,,,681714,130467915.49,9021,F1,1,,,,,
2026-07-30,2026-07-30,CM,NSE,STK,24438,INE0U9101019,EFFWA,ST,,,,,EFFWA INFRA & RESEARCH L,378.50,379.95,359.00,360.80,362.00,375.10,,360.80,,,11200,4106740.00,27,F1,400,,,,,
2026-07-30,2026-07-30,CM,NSE,STK,910,INE066A01021,EICHERMOT,EQ,,,,,EICHER MOTORS LTD,7869.50,7930.00,7730.00,7912.50,7909.00,7779.00,,7912.50,,,1496307,11742493117.00,117192,F1,1,,,,,
2026-07-30,2026-07-30,CM,NSE,STK,916,INE126A01031,EIDPARRY,EQ,,,,,EID PARRY INDIA LTD,775.50,775.50,760.35,763.20,761.00,778.90,,763.15,,,156493,120123423.40,14264,F1,1,,,,,
2026-07-30,2026-07-30,CM,NSE,STK,15399,INE276C01014,EIHAHOTELS,EQ,,,,,EIH ASSOCIATED HOTELS LTD,319.40,320.00,312.60,313.80,313.15,315.90,,313.80,,,12701,4007143.15,686,F1,1,,,,,
2026-07-30,2026-07-30,CM,NSE,STK,919,INE230A01023,EIHOTEL,EQ,,,,,EIH LIMITED,334.05,334.35,330.05,332.05,331.10,335.75,,332.05,,,83965,27906941.55,5847,F1,1,,,,,
2026-07-30,2026-07-30,CM,NSE,STK,4040,INE158B01016,EIMCOELECO,EQ,,,,,EIMCO ELECON (INDIA) LTD,1785.00,1786.50,1740.20,1748.20,1742.00,1791.80,,1748.10,,,21053,36956441.90,2125,F1,1,,,,,
2026-07-30,2026-07-30,CM,NSE,STK,762653,INE280B01018,ELANTAS,EQ,,,,,ELANTAS BECK INDIA LTD.,9581.00,9581.00,9294.00,9325.00,9375.00,9556.00,,9325.00,,,504,4734533.00,173,F1,1,,,,,
2026-07-30,2026-07-30,CM,NSE,STK,762658,INE927X01018,ELCIDIN,EQ,,,,,ELCID INVESTMENTS LTD.,112000.00,112000.00,110200.00,110200.00,110200.00,112000.00,,109910.00,,,5,553160.00,5,F1,1,,,,,
2026-07-30,2026-07-30,CM,NSE,STK,8953,INE668G01021,ELDEHSG,EQ,,,,,ELDECO HSG & IND LTD.,789.45,789.45,770.95,771.00,771.00,788.70,,771.00,,,726,559789.25,32,F1,1,,,,,
2026-07-30,2026-07-30,CM,NSE,STK,13643,INE205B01031,ELECON,EQ,,,,,ELECON ENG. CO. LTD,426.10,426.10,415.00,417.25,417.30,423.75,,417.25,,,334164,139842099.95,12890,F1,1,,,,,
2026-07-30,2026-07-30,CM,NSE,STK,20899,INE0Q1W01012,EFORCE,SM,,,,,ELECTRO FORCE (INDIA) LTD,20.90,21.75,20.90,21.75,21.75,22.00,,21.75,,,4800,101340.00,4,F1,1200,,,,,
2026-07-30,2026-07-30,CM,NSE,STK,11530,INE02YR01019,EMIL,EQ,,,,,ELECTRONICS MART IND LTD,132.19,133.49,128.88,129.87,129.51,132.46,,129.87,,,2326170,302472129.98,19982,F1,1,,,,,
2026-07-30,2026-07-30,CM,NSE,STK,928,INE086A01029,ELECTCAST,EQ,,,,,ELECTROSTEEL CASTINGS LTD,72.22,72.25,70.55,70.83,70.92,71.97,,70.82,,,517585,36833996.00,3805,F1,1,,,,,
2026-07-30,2026-07-30,CM,NSE,STK,4469,INE822G01016,ELECTHERM,EQ,,,,,ELECTROTHERM (I) LTD.,1010.00,1022.60,1000.00,1008.10,1019.00,1008.70,,1008.10,,,5002,5049595.10,459,F1,1,,,,,
2026-07-30,2026-07-30,CM,NSE,STK,29595,INE0R9101015,ELGNZ,SM,,,,,ELEGANZ INTERIORS LIMITED,101.05,105.45,101.05,102.10,102.10,104.50,,102.10,,,16000,1653950.00,15,F1,1000,,,,,
2026-07-30,2026-07-30,CM,NSE,STK,937,INE285A01027,ELGIEQUIP,EQ,,,,,ELGI EQUIPMENTS LTD,575.00,578.20,565.60,569.15,568.10,577.15,,569.10,,,127630,72770413.85,12876,F1,1,,,,,
2026-07-30,2026-07-30,CM,NSE,STK,24924,INE819L01012,ELGIRUBCO,EQ,,,,,ELGI RUBBER CO. LTD,59.50,64.00,58.72,61.59,61.90,58.05,,61.59,,,222115,13766443.34,2090,F1,1,,,,,
2026-07-30,2026-07-30,CM,NSE,STK,13423,INE050401020,ELIN,EQ,,,,,ELIN ELECTRONICS LIMITED,101.06,101.06,98.00,98.72,98.50,100.55,,98.72,,,95609,9499197.06,1216,F1,1,,,,,
2026-07-30,2026-07-30,CM,NSE,STK,762663,INE669R01026,ELITECON,EQ,,,,,ELITECON INTERNATIONAL L,15.80,16.01,15.64,15.74,15.75,15.81,,15.74,,,691703,10908140.51,2923,F1,1,,,,,
2026-07-30,2026-07-30,CM,NSE,STK,758563,INE236E01022,ELLEN,EQ,,,,,ELLENBARRIE INDUS GASES L,270.90,271.50,255.05,257.45,258.45,270.80,,257.45,,,492056,127871319.30,7643,F1,1,,,,,
2026-07-30,2026-07-30,CM,NSE,STK,4471,INE579B01039,ELPROINTL,EQ,,,,,ELPRO INTERNATIONAL LTD,176.99,177.49,173.10,177.01,177.15,176.97,,177.02,,,115820,20479693.17,263,F1,1,,,,,
2026-07-30,2026-07-30,CM,NSE,STK,29229,INE0ZOL01023,EMAPARTNER,SM,,,,,EMA PARTNERS INDIA LTD,81.30,81.30,80.00,80.75,80.55,83.40,,80.75,,,32000,2576950.00,15,F1,1000,,,,,
2026-07-30,2026-07-30,CM,NSE,STK,13517,INE548C01032,EMAMILTD,EQ,,,,,EMAMI LIMITED,408.05,408.10,401.70,403.35,404.00,407.85,,403.35,,,391325,157970861.30,15404,F1,1,,,,,
2026-07-30,2026-07-30,CM,NSE,STK,10084,INE830C01026,EMAMIPAP,BE,,,,,EMAMI PAPER MILLS LIMITED,105.50,107.99,103.30,104.38,103.75,106.48,,104.47,,,75279,7911394.96,596,F1,1,,,,,
2026-07-30,2026-07-30,CM,NSE,STK,19281,INE778K01012,EMAMIREAL,BE,,,,,EMAMI REALTY LIMITED,76.10,78.55,75.75,77.53,77.50,78.55,,77.53,,,3472,269220.70,23,F1,1,,,,,
2026-07-30,2026-07-30,CM,NSE,STK,14450,INE069I01010,EMBDL,EQ,,,,,EMBASSY DEVELOPMENTS LTD,61.76,62.28,61.05,61.41,61.20,62.04,,61.41,,,994421,61371260.09,4500,F1,1,,,,,
2026-07-30,2026-07-30,CM,NSE,STK,9383,INE041025011,EMBASSY,RR,,,,,EMBASSY OFFICE PARKS REIT,436.11,442.80,436.05,437.73,438.47,437.06,,437.73,,,626975,274675454.61,19303,F1,1,,,,,
2026-07-30,2026-07-30,CM,NSE,STK,24398,INE168P01015,EMCURE,EQ,,,,,EMCURE PHARMACEUTICALS L,1903.70,1935.00,1900.00,1910.90,1911.00,1903.70,,1910.90,,,73582,141208175.20,12412,F1,1,,,,,
2026-07-30,2026-07-30,CM,NSE,STK,27629,INE0RHD01013,ETML,SM,,,,,EMERALD TYRE MANUF LTD,84.50,84.50,84.50,84.50,84.50,83.00,,84.50,,,1200,101400.00,1,F1,1200,,,,,
2026-07-30,2026-07-30,CM,NSE,STK,13421,INE296H01011,EMKAY,EQ,,,,,EMKAY GLOBAL FIN SERV LTD,242.80,242.90,235.20,236.55,235.25,240.85,,236.55,,,10092,2415916.10,360,F1,1,,,,,
2026-07-30,2026-07-30,CM,NSE,STK,10253,INE332S01011,EMKAYTOOLS,SM,,,,,EMKAY TAP & CUT. TOOL LTD,87.75,91.00,87.75,91.00,91.00,90.05,,91.00,,,600,53490.00,4,F1,150,,,,,
2026-07-30,2026-07-30,CM,NSE,STK,758591,INE0PXC01024,ETL,SM,,,,,EMKAY TOOLS LIMITED,967.25,980.00,967.25,980.00,980.00,970.20,,980.00,,,300,292087.50,2,F1,150,,,,,
2026-07-30,2026-07-30,CM,NSE,STK,18146,INE753K01015,EMMBI,BE,,,,,EMMBI INDUSTRIES LIMITED,86.32,88.00,85.05,87.92,86.50,86.75,,87.91,,,3236,281870.97,50,F1,1,,,,,
2026-07-30,2026-07-30,CM,NSE,STK,759728,INE1C6T01020,EMMVEE,EQ,,,,,EMMVEE PHOTOVOLTAIC PWR L,316.00,319.45,306.00,307.45,308.20,316.70,,307.45,,,2307113,718894287.20,32747,F1,1,,,,,
2026-07-30,2026-07-30,CM,NSE,STK,762673,INE507F01023,EMPOWER,BE,,,,,EMPOWER INDIA LTD.,2.45,2.50,2.45,2.46,2.48,2.44,,2.46,,,4158708,10279622.34,1672,F1,1,,,,,
2026-07-30,2026-07-30,CM,NSE,STK,18593,INE0OV601013,EMSLIMITED,EQ,,,,,EMS LIMITED,394.40,394.40,380.00,383.55,385.50,396.10,,383.55,,,237724,91193411.00,6136,F1,1,,,,,
2026-07-30,2026-07-30,CM,NSE,STK,9756,INE01QM01018,EMUDHRA,EQ,,,,,EMUDHRA LIMITED,475.00,485.00,453.25,456.55,455.80,454.40,,456.55,,,815670,382042021.40,22940,F1,1,,,,,
2026-07-30,2026-07-30,CM,NSE,STK,760321,INE433T01015,ENCOMPAS,SM,,,,,ENCOMPASS DESIGN INDIA L,246.00,249.00,239.00,240.50,239.00,246.10,,240.50,,,7200,1770700.00,9,F1,400,,,,,
2026-07-30,2026-07-30,CM,NSE,STK,18822,INE913H01037,ENDURANCE,EQ,,,,,ENDURANCE TECHNO. LTD.,2785.10,2827.20,2755.00,2804.30,2805.00,2783.30,,2804.30,,,203719,571900586.70,27160,F1,1,,,,,
2026-07-30,2026-07-30,CM,NSE,STK,15049,INE306C01019,ENERGYDEV,EQ,,,,,ENERGY DEVE. CO.LTD,16.94,17.30,16.72,16.80,16.99,16.94,,16.80,,,20235,341453.04,209,F1,1,,,,,
2026-07-30,2026-07-30,CM,NSE,STK,23745,INE0S1L01013,EMMIL,SM,,,,,ENERGY MISSION MACH IND L,115.00,119.95,114.10,118.40,119.95,115.60,,118.40,,,5000,582712.50,15,F1,250,,,,,
2026-07-30,2026-07-30,CM,NSE,STK,4907,INE510A01028,ENGINERSIN,EQ,,,,,ENGINEERS INDIA LTD,225.10,225.35,221.10,221.98,222.10,225.56,,221.74,,,799630,178201465.42,13483,F1,1,,,,,
2026-07-30,2026-07-30,CM,NSE,STK,23230,INE0R9I01021,ENSER,SM,,,,,ENSER COMMUNICATIONS LTD,14.50,14.50,13.90,13.90,13.90,13.40,,13.90,,,10000,142000.00,2,F1,5000,,,,,
2026-07-30,2026-07-30,CM,NSE,STK,22717,INE010601016,ENTERO,EQ,,,,,ENTERO HEALTHCARE SOLU L,1222.20,1252.00,1207.20,1243.00,1249.00,1222.20,,1243.20,,,68054,84198884.70,7553,F1,1,,,,,
2026-07-30,2026-07-30,CM,NSE,STK,13192,INE265F01028,ENIL,EQ,,,,,ENTERTAIN NET. IND. LTD.,106.29,109.00,106.26,108.56,108.99,107.82,,108.55,,,11252,1210597.77,326,F1,1,,,,,
2026-07-30,2026-07-30,CM,NSE,STK,27213,INE0LLY01014,EIEL,EQ,,,,,ENVIRO INFRA ENGINEERS L,217.27,217.48,212.30,213.61,213.41,216.07,,213.61,,,1232900,263326855.92,13495,F1,1,,,,,
2026-07-30,2026-07-30,CM,NSE,STK,25412,INE0SUH01015,ENVIRO,SM,,,,,ENVIROTECH SYSTEMS LTD,78.05,78.05,75.05,76.45,77.00,80.45,,76.45,,,9000,689600.00,9,F1,1000,,,,,
2026-07-30,2026-07-30,CM,NSE,STK,22463,INE0G5901015,EPACK,EQ,,,,,EPACK DURABLE LIMITED,236.00,237.99,230.16,231.80,231.90,233.36,,231.79,,,413695,96603229.76,5751,F1,1,,,,,
2026-07-30,2026-07-30,CM,NSE,STK,759251,INE0MLS01022,EPACKPEB,EQ,,,,,EPACK PREFAB TECHN LTD,269.90,271.98,264.40,268.08,266.25,263.71,,268.09,,,699726,187670642.39,12266,F1,1,,,,,
2026-07-30,2026-07-30,CM,NSE,STK,5382,INE071N01016,EPIGRAL,EQ,,,,,EPIGRAL LIMITED,1125.00,1127.00,1102.00,1105.30,1105.00,1127.30,,1105.40,,,58269,64792358.70,4585,F1,1,,,,,
2026-07-30,2026-07-30,CM,NSE,STK,981,INE255A01020,EPL,EQ,,,,,EPL LIMITED,235.72,235.91,229.80,230.72,231.65,234.44,,230.73,,,156161,36242902.51,5468,F1,1,,,,,
2026-07-30,2026-07-30,CM,NSE,STK,758346,INE11HF01010,EEPL,SM,,,,,EPPELTONE ENGINEERS LTD,101.65,102.50,101.20,101.20,101.20,102.15,,101.20,,,8000,814350.00,8,F1,1000,,,,,
2026-07-30,2026-07-30,CM,NSE,STK,761217,INE1KEC01023,EPWINDIA,ST,,,,,EPW INDIA LIMITED,243.90,243.90,243.90,243.90,243.90,243.90,,243.90,,,1200,292680.00,1,F1,1200,,,,,
2026-07-30,2026-07-30,CM,NSE,STK,3553,INE217G01035,EQUIPPP,BE,,,,,EQUIPPP SOC IMP TECH LTD,24.40,24.40,22.57,22.61,22.97,23.75,,22.61,,,123573,2799732.38,63,F1,1,,,,,
2026-07-30,2026-07-30,CM,NSE,STK,913,INE063P01018,EQUITASBNK,EQ,,,,,EQUITAS SMALL FIN BNK LTD,73.54,73.98,72.31,72.58,72.56,73.13,,72.58,,,2801392,204655319.91,27570,F1,1,,,,,
2026-07-30,2026-07-30,CM,NSE,STK,21154,INE406M01024,ERIS,EQ,,,,,ERIS LIFESCIENCES LIMITED,1420.00,1420.00,1346.00,1375.20,1380.00,1426.50,,1375.20,,,228835,313120264.80,19569,F1,1,,,,,
2026-07-30,2026-07-30,CM,NSE,STK,955,INE284A01012,ESABINDIA,EQ,,,,,ESAB INDIA LTD,5583.00,5610.00,5537.00,5589.00,5594.00,5582.00,,5589.00,,,2111,11775821.00,872,F1,1,,,,,
2026-07-30,2026-07-30,CM,NSE,STK,19878,INE818W01011,ESAFSFB,EQ,,,,,ESAF SMALL FINANCE BANK L,37.43,37.74,36.27,36.48,36.47,37.43,,36.48,,,1207299,44535366.93,4784,F1,1,,,,,
2026-07-30,2026-07-30,CM,NSE,STK,22764,INE0RQZ01017,ESCONET,SM,,,,,ESCONET TECHNOLOGIES LTD,126.95,126.95,124.00,125.45,125.45,127.45,,125.45,,,9200,1151480.00,21,F1,400,,,,,
2026-07-30,2026-07-30,CM,NSE,STK,958,INE042A01014,ESCORTS,EQ,,,,,ESCORTS KUBOTA LIMITED,3016.80,3032.90,2986.00,3013.60,3010.80,3016.80,,3013.60,,,40080,120435900.20,6834,F1,1,,,,,
2026-07-30,2026-07-30,CM,NSE,STK,761461,INE818W08164,1165ESFB32,N0,,,,,ESFB 11.65% 2032 SR 4,102000.00,102000.00,102000.00,102000.00,102000.00,102000.00,,102000.00,,,1,102000.00,1,F1,1,,,,,
2026-07-30,2026-07-30,CM,NSE,STK,24678,INE0SBP01018,ESPRIT,SM,,,,,ESPRIT STONES LIMITED,63.00,63.00,60.00,60.05,60.05,63.70,,60.05,,,9600,585280.00,6,F1,1600,,,,,
2026-07-30,2026-07-30,CM,NSE,STK,25634,INE122M01019,ESSARSHPNG,EQ,,,,,ESSAR SHIPPING LTD,19.70,20.28,19.70,20.03,20.10,20.23,,20.03,,,84475,1691265.96,537,F1,1,,,,,
2026-07-30,2026-07-30,CM,NSE,STK,17084,INE0ITO01014,ESFL,SM,,,,,ESSEN SPECIALITY FILMS L,123.60,123.60,122.40,122.90,122.90,123.60,,122.90,,,4320,531378.00,11,F1,360,,,,,
2026-07-30,2026-07-30,CM,NSE,STK,24265,INE778B01029,ESTER,EQ,,,,,ESTER INDUSTRIES LTD,89.60,89.99,87.41,88.08,88.80,88.95,,88.09,,,40018,3548882.19,1153,F1,1,,,,,
2026-07-30,2026-07-30,CM,NSE,STK,5097,INE758T01015,ETERNAL,EQ,,,,,ETERNAL LIMITED,307.00,312.25,305.00,310.65,310.05,311.80,,310.65,,,32431887,9972783629.20,168243,F1,1,,,,,
2026-07-30,2026-07-30,CM,NSE,STK,9750,INE04TZ01018,ETHOSLTD,EQ,,,,,ETHOS LIMITED,2521.00,2586.50,2500.80,2536.10,2506.50,2560.60,,2536.20,,,21444,54673607.40,3548,F1,1,,,,,
2026-07-30,2026-07-30,CM,NSE,STK,25162,INE0KCE01017,EUREKAFORB,EQ,,,,,EUREKA FORBES LIMITED,452.00,456.70,445.00,450.55,448.10,451.40,,450.55,,,75146,33867864.30,8970,F1,1,,,,,
2026-07-30,2026-07-30,CM,NSE,STK,6042,INE546V01010,EIFFL,BE,,,,,EURO (I) FRESH FOODS LTD,322.70,328.00,310.50,319.85,327.00,322.70,,319.85,,,1775,567900.10,21,F1,1,,,,,
2026-07-30,2026-07-30,CM,NSE,STK,757953,INE505V01016,EUROBOND,EQ,,,,,EURO PANEL PRODUCTS LTD,161.68,161.68,159.61,160.38,160.00,159.42,,160.39,,,3162,507686.14,104,F1,1,,,,,
2026-07-30,2026-07-30,CM,NSE,STK,759797,INE198501012,EUROPRATIK,EQ,,,,,EURO PRATIK SALES LIMITED,310.00,314.00,302.05,304.25,304.50,312.70,,304.25,,,145091,44755163.45,2229,F1,1,,,,,
2026-07-30,2026-07-30,CM,NSE,STK,11782,INE128A01029,EVEREADY,EQ,,,,,EVEREADY INDS. IND.  LTD.,348.75,348.75,342.50,344.25,346.50,346.55,,344.25,,,44914,15534807.60,2597,F1,1,,,,,
2026-07-30,2026-07-30,CM,NSE,STK,6017,INE295A01018,EVERESTIND,BE,,,,,EVEREST INDUSTRIES LTD,486.00,492.00,473.05,473.05,473.05,497.90,,471.05,,,15431,7327513.00,322,F1,1,,,,,
2026-07-30,2026-07-30,CM,NSE,STK,13091,INE184H01027,EKC,EQ,,,,,EVEREST KANTO CYLINDERLTD,107.49,107.68,102.93,104.76,104.90,107.22,,104.77,,,289024,30362909.47,3613,F1,1,,,,,
2026-07-30,2026-07-30,CM,NSE,STK,11471,INE369A01029,EXCELINDUS,EQ,,,,,EXCEL INDUSTRIES LTD,991.30,1000.00,978.00,994.95,995.65,991.35,,994.95,,,6695,6637719.60,454,F1,1,,,,,
2026-07-30,2026-07-30,CM,NSE,STK,760007,INE606N01019,EXCELSOFT,EQ,,,,,EXCELSOFT TECHNOLOGIES L,78.00,78.01,76.50,76.94,76.70,77.81,,76.94,,,160309,12356439.56,2549,F1,1,,,,,
2026-07-30,2026-07-30,CM,NSE,STK,22947,INE777F01014,EXICOM,EQ,,,,,EXICOM TELE SYSTEMS LTD,160.24,160.74,155.32,157.50,157.20,159.35,,157.51,,,867529,136455928.07,9282,F1,1,,,,,
2026-07-30,2026-07-30,CM,NSE,STK,676,INE302A01020,EXIDEIND,EQ,,,,,EXIDE INDUSTRIES LTD,435.00,461.40,430.00,452.70,456.00,435.65,,452.70,,,31728785,14228663302.00,285182,F1,1,,,,,
2026-07-30,2026-07-30,CM,NSE,STK,17486,INE201K01015,EXPLEOSOL,EQ,,,,,EXPLEO SOLUTIONS LIMITED,930.05,947.55,901.00,906.60,906.45,925.40,,906.65,,,223291,205136235.90,9773,F1,1,,,,,
2026-07-30,2026-07-30,CM,NSE,STK,5352,INE0GFE01026,EXXARO,EQ,,,,,EXXARO TILES LIMITED,6.37,6.50,6.27,6.31,6.33,6.36,,6.32,,,87468,553779.18,362,F1,1,,,,,
2026-07-30,2026-07-30,CM,NSE,STK,760125,INE0HF201011,FABTECH,EQ,,,,,FABTECH TECHNOLOGIES LTD,148.31,151.50,147.10,150.08,149.02,149.57,,150.08,,,113793,17003052.29,2091,F1,1,,,,,
2026-07-30,2026-07-30,CM,NSE,STK,1008,INE188A01015,FACT,EQ,,,,,FACT LTD,825.00,825.25,811.20,815.45,811.80,826.50,,815.45,,,42707,34951300.60,4151,F1,1,,,,,
2026-07-30,2026-07-30,CM,NSE,STK,1619,INE0DNW01011,FAIRCHEMOR,BE,,,,,FAIRCHEM ORGANICS LIMITED,813.35,813.35,813.35,813.35,813.35,829.90,,794.15,,,830,675080.50,29,F1,1,,,,,
2026-07-30,2026-07-30,CM,NSE,STK,24150,INE0PQK01013,FALCONTECH,SM,,,,,FALCON TECHNOPROJ IND LTD,11.70,11.70,11.65,11.65,11.65,11.50,,11.65,,,4800,56040.00,4,F1,1200,,,,,
2026-07-30,2026-07-30,CM,NSE,STK,12000,INE963C01033,FAZE3Q,EQ,,,,,FAZE THREE LIMITED,539.80,555.00,534.10,544.40,554.95,539.80,,544.40,,,5790,3122519.80,383,F1,1,,,,,
2026-07-30,2026-07-30,CM,NSE,STK,11999,INE512B01022,FCSSOFT,EQ,,,,,FCS SOFTWARE SOLN. LTD.,1.52,1.53,1.49,1.50,1.50,1.51,,1.50,,,1825753,2746252.09,923,F1,1,,,,,
2026-07-30,2026-07-30,CM,NSE,STK,4898,INE258B01022,FDC,EQ,,,,,FDC LIMITED,412.00,415.00,405.35,407.45,408.95,414.30,,407.20,,,102640,41932820.95,6034,F1,1,,,,,
2026-07-30,2026-07-30,CM,NSE,STK,20322,INE007N01010,FEDFINA,EQ,,,,,FEDBANK FINANCIAL SER L,155.06,155.12,152.12,152.85,153.38,155.06,,152.85,,,597753,91961923.61,10668,F1,1,,,,,
2026-07-30,2026-07-30,CM,NSE,STK,762675,INE417D01020,FEDDERSHOL,EQ,,,,,FEDDERS HOLDING LTD.,43.55,45.98,42.49,42.84,42.70,43.79,,42.85,,,2997988,130948254.90,11409,F1,1,,,,,
2026-07-30,2026-07-30,CM,NSE,STK,1023,INE171A01029,FEDERALBNK,EQ,,,,,FEDERAL BANK LTD,359.05,359.35,352.85,354.15,354.05,359.15,,354.15,,,6259452,2219454316.30,69365,F1,1,,,,,
2026-07-30,2026-07-30,CM,NSE,STK,1190,INE529A01010,FMGOETZE,EQ,,,,,FEDERAL-MOGUL GOETZE (IND,476.05,479.95,472.05,473.70,473.30,474.85,,473.70,,,18256,8666718.25,540,F1,1,,,,,
2026-07-30,2026-07-30,CM,NSE,STK,573,INE901X01013,FELIX,SM,,,,,FELIX INDUSTRIES LTD.,176.50,179.95,175.20,178.30,178.00,178.15,,178.30,,,34500,6151025.00,37,F1,500,,,,,
2026-07-30,2026-07-30,CM,NSE,STK,762680,INE225B01021,FERMENTA,EQ,,,,,FERMENTA BIOTECH LTD.,451.50,483.95,440.75,465.40,464.00,451.65,,465.40,,,237174,110497511.50,10618,F1,1,,,,,
2026-07-30,2026-07-30,CM,NSE,STK,8159,INE296C01020,FIBERWEB,EQ,,,,,FIBERWEB INDIA LIMITED,29.90,30.64,29.41,29.51,29.69,29.91,,29.51,,,15873,469227.72,92,F1,1,,,,,
2026-07-30,2026-07-30,CM,NSE,STK,9858,INE0LQQ01019,FIDEL,SM,,,,,FIDEL SOFTECH LIMITED,152.00,152.00,144.05,149.35,147.00,164.00,,149.35,,,7000,1048050.00,7,F1,1000,,,,,
2026-07-30,2026-07-30,CM,NSE,STK,13710,INE737H01014,FIEMIND,EQ,,,,,FIEM INDUSTRIES LIMITED,2330.40,2386.00,2320.90,2367.00,2360.00,2331.30,,2367.20,,,41563,98513653.90,6568,F1,1,,,,,
2026-07-30,2026-07-30,CM,NSE,STK,23651,INE185E01021,FILATFASH,BE,,,,,FILATEX FASHIONS LIMITED,0.19,0.19,0.18,0.18,0.19,0.18,,0.18,,,17005198,3099876.41,1796,F1,1,,,,,
2026-07-30,2026-07-30,CM,NSE,STK,24532,INE816B01035,FILATEX,EQ,,,,,FILATEX INDIA LTD,71.71,72.60,67.43,68.34,68.00,71.45,,68.33,,,2745963,192333962.31,16216,F1,1,,,,,
2026-07-30,2026-07-30,CM,NSE,STK,759776,INE0EDU01014,FINBUD,SM,,,,,FINBUD FINANCIAL SERV LTD,133.00,146.90,132.25,139.85,140.50,134.45,,139.85,,,99000,14015300.00,94,F1,1000,,,,,
2026-07-30,2026-07-30,CM,NSE,STK,3744,INE686Y01026,FINEORG,EQ,,,,,FINE ORGANIC IND. LTD.,4820.50,4909.50,4765.50,4877.00,4908.00,4794.00,,4877.50,,,9357,45408227.00,2696,F1,1,,,,,
2026-07-30,2026-07-30,CM,NSE,STK,6198,INE045J01034,FCL,EQ,,,,,FINEOTEX CHEMICAL LIMITED,39.10,39.10,37.51,37.73,37.84,39.35,,37.73,,,7213511,274817994.88,15100,F1,1,,,,,
2026-07-30,2026-07-30,CM,NSE,STK,759239,INE734I01027,FINKURVE,EQ,,,,,FINKURVE FINANCIAL SERV L,62.00,62.46,60.62,60.94,60.65,62.06,,60.93,,,9159,562250.29,264,F1,1,,,,,
2026-07-30,2026-07-30,CM,NSE,STK,6579,INE02NC01014,FINOPB,EQ,,,,,FINO PAYMENTS BANK LTD,163.00,163.00,159.12,160.74,159.12,163.03,,160.72,,,356471,57255357.98,4546,F1,1,,,,,
2026-07-30,2026-07-30,CM,NSE,STK,1038,INE235A01022,FINCABLES,EQ,,,,,FINOLEX CABLES LTD,984.60,984.90,967.00,973.00,976.00,984.90,,972.90,,,116888,113814043.80,10579,F1,1,,,,,
2026-07-30,2026-07-30,CM,NSE,STK,1041,INE183A01024,FINPIPE,EQ,,,,,FINOLEX INDUSTRIES LTD,165.10,165.79,162.25,162.91,162.71,164.77,,162.91,,,260612,42590590.41,12833,F1,1,,,,,
2026-07-30,2026-07-30,CM,NSE,STK,14304,INE684F01012,FSL,EQ,,,,,FIRSTSOURCE SOLU. LTD.,289.99,302.00,287.43,299.62,298.00,293.58,,299.59,,,6781087,2000932542.49,85723,F1,1,,,,,
2026-07-30,2026-07-30,CM,NSE,STK,757658,INE771F01041,FISCHER,EQ,,,,,FISCHER MEDICAL VENTURE L,35.74,39.33,35.36,39.01,39.09,35.76,,39.00,,,4214524,159372539.78,11599,F1,1,,,,,
2026-07-30,2026-07-30,CM,NSE,STK,12032,INE128S01021,FIVESTAR,EQ,,,,,FIVE-STAR BUS FIN LTD,565.05,565.25,548.05,553.00,552.00,568.55,,552.90,,,907694,504618268.10,30521,F1,1,,,,,
2026-07-30,2026-07-30,CM,NSE,STK,20372,INE00Y201027,FLAIR,EQ,,,,,FLAIR WRITING INDUST LTD,258.00,258.00,253.65,255.30,256.20,255.10,,255.30,,,59089,15104542.55,1439,F1,1,,,,,
2026-07-30,2026-07-30,CM,NSE,STK,25516,INE060J01017,FLEXITUFF,BE,,,,,FLEXITUFF VENTURES INT L,4.54,4.54,4.45,4.50,4.50,4.52,,4.55,,,1960,8820.54,22,F1,1,,,,,
2026-07-30,2026-07-30,CM,NSE,STK,758208,INE0VCK01011,FLYSBS,SM,,,,,FLYSBS AVIATION LIMITED,470.40,474.15,460.00,470.45,471.00,470.45,,470.45,,,25400,11877490.00,82,F1,200,,,,,
2026-07-30,2026-07-30,CM,NSE,STK,760331,INE0SQZ01015,FWSTC,SM,,,,,FLYWINGS SIMULAT T C LTD,199.00,199.00,199.00,199.00,199.00,200.05,,199.00,,,600,119400.00,1,F1,600,,,,,
2026-07-30,2026-07-30,CM,NSE,STK,7385,INE0I7D01019,FOCE,SM,,,,,FOCE INDIA LIMITED,513.60,513.60,513.60,513.60,513.60,540.60,,513.60,,,11040,5670144.00,7,F1,240,,,,,
2026-07-30,2026-07-30,CM,NSE,STK,6839,INE593W01028,FOCUS,BE,,,,,FOCUS LIGHTG & FIXTRS LTD,70.10,70.99,70.09,70.37,70.40,70.73,,70.37,,,4239,298150.45,55,F1,1,,,,,
2026-07-30,2026-07-30,CM,NSE,STK,22517,INE0Q4701019,FONEBOX,SM,,,,,FONEBOX RETAIL LIMITED,83.50,85.00,83.50,85.00,85.00,83.75,,85.00,,,3000,253500.00,3,F1,1000,,,,,
2026-07-30,2026-07-30,CM,NSE,STK,6673,INE976E01023,FOODSIN,EQ,,,,,FOODS & INNS LIMITED,55.85,55.85,53.91,54.14,54.15,54.58,,54.14,,,11792,640894.07,369,F1,1,,,,,
2026-07-30,2026-07-30,CM,NSE,STK,24917,INE0U2501017,FORCAS,ST,,,,,FORCAS STUDIO LIMITED,209.60,209.60,201.00,209.00,209.00,199.65,,209.00,,,51200,10615680.00,29,F1,1600,,,,,
2026-07-30,2026-07-30,CM,NSE,STK,11573,INE451A01017,FORCEMOT,EQ,,,,,FORCE MOTORS LIMITED,17327.00,17905.00,17232.00,17618.00,17610.00,17334.00,,17618.00,,,213557,3757637584.00,52980,F1,1,,,,,
2026-07-30,2026-07-30,CM,NSE,STK,25664,INE0YKW01013,FORGEAUTO,SM,,,,,FORGE AUTO INTERNATION L,88.00,88.00,87.00,87.00,87.00,88.25,,87.00,,,3600,314400.00,3,F1,1200,,,,,
2026-07-30,2026-07-30,CM,NSE,STK,14592,INE061F01013,FORTIS,EQ,,,,,FORTIS HEALTHCARE LTD,951.95,956.00,945.40,948.85,947.50,952.05,,948.85,,,328839,312322980.10,12608,F1,1,,,,,
2026-07-30,2026-07-30,CM,NSE,STK,1073,INE519A01011,FOSECOIND,EQ,,,,,FOSECO INDIA LTD,5000.00,5019.50,4952.00,4969.50,4984.00,4984.00,,4969.50,,,532,2657210.00,156,F1,1,,,,,
2026-07-30,2026-07-30,CM,NSE,STK,760961,INE212S01015,FRACTAL,EQ,,,,,FRACTAL ANALYTICS LIMITED,782.00,799.95,770.00,771.80,773.00,786.40,,771.80,,,446805,349272414.05,19065,F1,1,,,,,
2026-07-30,2026-07-30,CM,NSE,STK,18179,INF090I01VX3,FICRF3GP,MF,,,,,FRANTEMAMC - FICRF3GP,489.00,489.00,489.00,489.00,489.00,449.00,,489.00,,,1,489.00,1,F1,1,,,,,
2026-07-30,2026-07-30,CM,NSE,STK,25871,INE0SFW01015,FRESHARA,ST,,,,,FRESHARA AGRO EXPORTS LTD,345.00,350.00,337.05,337.10,337.05,353.30,,337.10,,,7200,2478840.00,10,F1,600,,,,,
2026-07-30,2026-07-30,CM,NSE,STK,11504,INE385O01018,FROG,ST,,,,,FROG INNOVATIONS LIMITED,201.00,201.00,201.00,201.00,201.00,205.10,,201.00,,,5200,1045200.00,7,F1,400,,,,,
2026-07-30,2026-07-30,CM,NSE,STK,762685,INE572D01014,FRONTSP,EQ,,,,,FRONTIER SPRINGS LTD.,1333.00,1342.90,1310.00,1313.20,1312.20,1326.50,,1313.40,,,10110,13374668.80,1742,F1,1,,,,,
2026-07-30,2026-07-30,CM,NSE,STK,6545,INE388Y01029,NYKAA,EQ,,,,,FSN E COMMERCE VENTURES,327.50,334.20,326.75,333.75,333.95,327.50,,333.75,,,8652158,2868202143.20,104161,F1,1,,,,,
2026-07-30,2026-07-30,CM,NSE,STK,759876,INE12UR01024,UTLSOLAR,EQ,,,,,FUJIYAMA POWER SYSTEMS L,367.55,372.05,359.05,367.05,367.00,368.60,,367.05,,,257058,94236971.05,21217,F1,1,,,,,
2026-07-30,2026-07-30,CM,NSE,STK,11932,INE139R01012,FUSION,EQ,,,,,FUSION FINANCE LIMITED,205.50,205.88,197.21,198.58,197.35,205.60,,198.57,,,516297,103827541.33,11284,F1,1,,,,,
2026-07-30,2026-07-30,CM,NSE,STK,14868,INE452O01016,FLFL,BZ,,,,,FUT LIFESTYLE FASH LTD,1.27,1.29,1.26,1.27,1.28,1.27,,1.27,,,11537,14708.68,44,F1,1,,,,,
2026-07-30,2026-07-30,CM,NSE,STK,13812,INE623B01027,FEL,BZ,,,,,FUTURE ENTERPRISES LTD,0.38,0.39,0.38,0.38,0.38,0.38,,0.38,,,108613,41480.62,70,F1,1,,,,,
2026-07-30,2026-07-30,CM,NSE,STK,30491,IN9623B01058,FELDVR,BZ,,,,,FUTURE ENTERPRISES LTD,2.41,2.41,2.29,2.31,2.31,2.33,,2.31,,,5443,12498.70,14,F1,1,,,,,
2026-07-30,2026-07-30,CM,NSE,STK,21021,INE360L01017,FMNL,BE,,,,,FUTURE MKT NETWORKS LTD,9.24,9.40,9.06,9.21,9.27,9.24,,9.17,,,7493,68905.13,35,F1,1,,,,,
2026-07-30,2026-07-30,CM,NSE,STK,1168,INE075D01018,GMBREW,EQ,,,,,G M BREWERIES LTD,902.50,915.00,895.05,900.80,901.65,902.50,,900.80,,,22557,20383310.50,1677,F1,1,,,,,
2026-07-30,2026-07-30,CM,NSE,STK,5054,INE201P01022,GRINFRA,EQ,,,,,G R INFRAPROJECTS LIMITED,878.95,895.00,878.95,891.55,892.00,884.90,,891.50,,,12426,11061386.65,1586,F1,1,,,,,
2026-07-30,2026-07-30,CM,NSE,STK,1135,INE586X01012,GTECJAINX,BE,,,,,G-TEC JAINX EDUCATION LTD,28.52,28.66,28.52,28.52,28.52,29.10,,28.52,,,3715,106189.80,13,F1,1,,,,,
2026-07-30,2026-07-30,CM,NSE,STK,1085,INE524A01029,GABRIEL,EQ,,,,,GABRIEL INDIA LTD,1414.80,1446.00,1384.00,1392.00,1399.00,1414.80,,1392.00,,,309686,437085335.90,19012,F1,1,,,,,
2026-07-30,2026-07-30,CM,NSE,STK,17888,INE224E01028,GATECH,EQ,,,,,GACM TECHNOLOGIES LIMITED,0.50,0.58,0.49,0.58,0.58,0.49,,0.59,,,35177923,19830934.01,1125,F1,1,,,,,
2026-07-30,2026-07-30,CM,NSE,STK,17,INE224E01036,GATECHDVR,EQ,,,,,GACM TECHNOLOGIES LIMITED,0.45,0.52,0.43,0.49,0.49,0.44,,0.49,,,8881820,4365809.81,726,F1,1,,,,,
2026-07-30,2026-07-30,CM,NSE,STK,4717,INE129A01019,GAIL,EQ,,,,,GAIL (INDIA) LTD,175.12,175.85,173.00,173.64,173.65,175.12,,173.64,,,5628241,980714161.69,41517,F1,1,,,,,
2026-07-30,2026-07-30,CM,NSE,STK,25134,INE0RE001014,GALAPREC,EQ,,,,,GALA PRECISION ENG LTD,1074.70,1074.80,1045.00,1054.10,1054.00,1074.70,,1054.00,,,26099,27541127.40,3141,F1,1,,,,,
2026-07-30,2026-07-30,CM,NSE,STK,759089,INE09A801015,GML,SM,,,,,GALAXY MEDICARE LIMITED,16.25,16.75,16.25,16.75,16.75,16.90,,16.75,,,4000,66000.00,2,F1,2000,,,,,
2026-07-30,2026-07-30,CM,NSE,STK,1315,INE600K01018,GALAXYSURF,EQ,,,,,GALAXY SURFACTANTS LTD,1961.00,1961.10,1933.00,1950.00,1940.00,1960.60,,1950.20,,,3784,7367944.10,870,F1,1,,,,,
2026-07-30,2026-07-30,CM,NSE,STK,13337,INE297H01019,GALLANTT,EQ,,,,,GALLANTT ISPAT LIMITED,633.45,633.45,582.10,585.35,587.85,603.30,,585.40,,,565227,345337484.40,18357,F1,1,,,,,
2026-07-30,2026-07-30,CM,NSE,STK,20303,INE717W01049,GANDHAR,EQ,,,,,GANDHAR OIL REFINE IND L,230.45,230.99,215.70,216.93,216.35,232.18,,216.94,,,4300534,948193767.57,41822,F1,1,,,,,
2026-07-30,2026-07-30,CM,NSE,STK,14116,INE524B01027,GANDHITUBE,EQ,,,,,GANDHI SPL. TUBES LTD,880.00,880.00,871.70,874.20,875.00,874.80,,874.20,,,2195,1919184.35,187,F1,1,,,,,
2026-07-30,2026-07-30,CM,NSE,STK,5614,INE388A01029,GANESHBE,EQ,,,,,GANESH BENZOPLAST LIMITED,121.59,123.40,114.10,116.01,117.00,122.16,,116.05,,,857397,100709874.28,11171,F1,1,,,,,
2026-07-30,2026-07-30,CM,NSE,STK,759012,INE652V01016,GANESHCP,EQ,,,,,GANESH CONSUMER PRODUCT L,168.00,168.99,162.91,164.08,163.75,167.19,,164.09,,,120390,19830906.60,2834,F1,1,,,,,
2026-07-30,2026-07-30,CM,NSE,STK,24439,INE0R8C01018,GGBL,SM,,,,,GANESH GREEN BHARAT LTD,255.00,255.00,252.55,254.25,254.25,256.90,,254.25,,,7200,1825170.00,24,F1,300,,,,,
2026-07-30,2026-07-30,CM,NSE,STK,14339,INE460C01014,GANESHHOU,EQ,,,,,GANESH HOUSING LIMITED,764.00,764.00,742.50,746.70,745.00,768.55,,746.70,,,30560,22994847.80,2826,F1,1,,,,,
2026-07-30,2026-07-30,CM,NSE,STK,27351,INE0TVT01024,GANESHIN,ST,,,,,GANESH INFRAWORLD LIMITED,94.00,96.80,92.50,95.60,95.50,92.50,,95.60,,,97600,9239840.00,74,F1,800,,,,,
2026-07-30,2026-07-30,CM,NSE,STK,6944,INE845D01014,GANECOS,EQ,,,,,GANESHA ECOSPHERE LIMITED,1202.95,1228.65,1195.25,1204.95,1196.25,1202.95,,1204.95,,,154309,186665621.30,12261,F1,1,,,,,
2026-07-30,2026-07-30,CM,NSE,STK,757525,INE0ZI101018,GANGABATH,SM,,,,,GANGA BATH FITTINGS LTD,21.65,21.65,20.90,21.25,21.25,21.20,,21.25,,,24000,508050.00,8,F1,3000,,,,,
2026-07-30,2026-07-30,CM,NSE,STK,4959,INE691Z01023,GANGAFORGE,BE,,,,,GANGA FORGING LIMITED,1.79,1.85,1.78,1.79,1.79,1.79,,1.79,,,927871,1673267.56,491,F1,1,,,,,
2026-07-30,2026-07-30,CM,NSE,STK,21399,INE335W01016,GANGESSECU,EQ,,,,,GANGES SECURITIES LIMITED,114.25,117.40,112.95,114.20,113.20,114.77,,113.07,,,1975,226977.73,33,F1,1,,,,,
2026-07-30,2026-07-30,CM,NSE,STK,5475,INE382Z01011,GRSE,EQ,,,,,GARDEN REACH SHIP&ENG LTD,2615.70,2615.70,2566.70,2586.20,2581.50,2626.10,,2586.20,,,414345,1073257798.90,26635,F1,1,,,,,
2026-07-30,2026-07-30,CM,NSE,STK,25800,INE0JVO01026,GARUDA,EQ,,,,,GARUDA CONSTRUCT N ENG L,171.36,172.00,167.10,168.16,168.00,170.93,,168.14,,,227947,38656991.43,4309,F1,1,,,,,
2026-07-30,2026-07-30,CM,NSE,STK,7982,INE291A01017,GRWRHITECH,EQ,,,,,GARWARE HI-TECH FILMS LTD,6990.00,7001.50,6756.50,6897.00,6900.00,6967.50,,6897.00,,,35650,244386809.50,8593,F1,1,,,,,
2026-07-30,2026-07-30,CM,NSE,STK,1100,INE276A01018,GARFIBRES,EQ,,,,,GARWARE TECH FIBRES LTD,732.90,745.90,720.00,722.80,720.50,729.95,,722.80,,,17662,12831955.75,2375,F1,1,,,,,
2026-07-30,2026-07-30,CM,NSE,STK,8510,INE079J01017,GATEWAY,EQ,,,,,GATEWAY DISTRIPARKS LTD,58.23,58.87,57.69,57.86,57.90,58.20,,57.86,,,504791,29295121.63,3647,F1,1,,,,,
2026-07-30,2026-07-30,CM,NSE,STK,760179,INE0P8B01020,GAUDIUMIVF,BE,,,,,GAUDIUM IVF N WOMEN H L,140.14,140.14,140.14,140.14,140.14,142.99,,139.75,,,7426,1040679.64,141,F1,1,,,,,
2026-07-30,2026-07-30,CM,NSE,STK,3693,INE287Z01012,GAYAHWS,EQ,,,,,GAYATRI HIGHWAYS LIMITED,2.16,2.16,1.87,2.00,2.03,2.00,,2.00,,,475239,957997.06,392,F1,1,,,,,
2026-07-30,2026-07-30,CM,NSE,STK,25027,INE336H01023,GAYAPROJ,BE,,,,,GAYATRI PROJECTS LTD,20.12,20.42,19.12,19.32,19.50,20.12,,19.32,,,394814,7636355.30,1271,F1,1,,,,,
2026-07-30,2026-07-30,CM,NSE,STK,14055,INE0LVM01018,GRCL,ST,,,,,GAYATRI RUBB AND CHEM LTD,579.90,579.90,577.00,577.00,577.00,573.30,,577.00,,,500,289225.00,2,F1,250,,,,,
2026-07-30,2026-07-30,CM,NSE,STK,7862,INE878A01011,GVPIL,EQ,,,,,GE POWER INDIA LIMITED,751.50,760.65,727.00,739.65,744.00,751.50,,739.70,,,125324,92666965.00,6183,F1,1,,,,,
2026-07-30,2026-07-30,CM,NSE,STK,16783,INE200A01026,GVT&D,EQ,,,,,GE VERNOVA T&D INDIA LTD,4100.00,4229.90,4002.50,4202.30,4213.00,4101.60,,4202.40,,,1102206,4553100768.60,86965,F1,1,,,,,
2026-07-30,2026-07-30,CM,NSE,STK,13662,INE916G01016,GEECEE,BE,,,,,GEECEE VENTURES LIMITED,331.70,346.85,331.70,344.45,345.85,341.50,,344.45,,,2263,769463.75,55,F1,1,,,,,
2026-07-30,2026-07-30,CM,NSE,STK,17922,INE669X01032,GEEKAYWIRE,EQ,,,,,GEEKAY WIRES LIMITED,22.87,23.80,22.30,22.64,22.61,23.12,,22.64,,,69565,1596869.64,794,F1,1,,,,,
2026-07-30,2026-07-30,CM,NSE,STK,759461,INE06XZ01023,GEMAROMA,EQ,,,,,GEM AROMATICS LIMITED,190.23,190.23,182.10,183.87,185.00,189.28,,183.87,,,50728,9399678.88,1616,F1,1,,,,,
2026-07-30,2026-07-30,CM,NSE,STK,277,INE481Y01014,GICRE,EQ,,,,,GENERAL INS CORP OF INDIA,358.90,359.10,356.00,356.70,356.75,358.95,,356.70,,,225968,80708974.25,9389,F1,1,,,,,
2026-07-30,2026-07-30,CM,NSE,STK,2188,INE854S01022,GENCON,EQ,,,,,GENERIC ENG CONS PROJ LTD,39.84,40.18,39.20,39.55,40.00,39.60,,39.55,,,229511,9135303.74,899,F1,1,,,,,
2026-07-30,2026-07-30,CM,NSE,STK,10905,INE727B01026,GENESYS,EQ,,,,,GENESYS INTL CORPN LTD,276.90,285.45,265.50,267.45,268.00,277.00,,267.45,,,301096,82372454.15,7474,F1,1,,,,,
2026-07-30,2026-07-30,CM,NSE,STK,6600,INE949P01018,GENUSPAPER,EQ,,,,,GENUS P&B LIMITED,12.69,12.69,12.00,12.06,12.05,12.29,,12.05,,,32176,390464.08,153,F1,1,,,,,
2026-07-30,2026-07-30,CM,NSE,STK,11905,INE955D01029,GENUSPOWER,EQ,,,,,GENUS POWER INFRASTRU LTD,314.10,314.10,306.60,307.40,307.00,313.60,,307.40,,,1240440,383407227.70,14447,F1,1,,,,,
2026-07-30,2026-07-30,CM,NSE,STK,31942,INE1W0N01014,GENXAI,SM,,,,,GENXAI ANALYTICS LIMITED,70.00,73.40,67.45,73.00,73.00,72.00,,73.00,,,74400,5326620.00,54,F1,1200,,,,,
2026-07-30,2026-07-30,CM,NSE,STK,11896,INE007B01023,GEOJITFSL,EQ,,,,,GEOJIT FINANCIAL SER L,75.80,76.90,74.51,75.44,75.87,75.38,,75.44,,,239844,18109364.34,2819,F1,1,,,,,
2026-07-30,2026-07-30,CM,NSE,STK,1289,INE538A01037,GFLLIMITED,EQ,,,,,GFL LIMITED,46.93,47.50,46.80,46.83,46.93,46.93,,46.83,,,41833,1969839.39,667,F1,1,,,,,
2026-07-30,2026-07-30,CM,NSE,STK,1127,INE539A01019,GHCL,EQ,,,,,GHCL LIMITED,439.15,445.00,436.90,440.05,438.00,439.15,,440.05,,,236633,104511168.80,10091,F1,1,,,,,
2026-07-30,2026-07-30,CM,NSE,STK,16696,INE0PA801013,GHCLTEXTIL,EQ,,,,,GHCL TEXTILES LIMITED,120.77,124.90,110.10,114.12,115.30,119.53,,114.12,,,11875585,1396309064.34,101832,F1,1,,,,,
2026-07-30,2026-07-30,CM,NSE,STK,1139,INE289B01019,GICHSGFIN,EQ,,,,,GIC HOUSING FINANCE LTD,148.89,149.00,147.00,147.79,147.96,148.35,,147.79,,,33740,4993378.07,845,F1,1,,,,,
2026-07-30,2026-07-30,CM,NSE,STK,17839,INE047B01011,GILLANDERS,EQ,,,,,GILLANDERS ARBUTHNOT LTD,89.90,89.90,86.04,88.67,88.25,87.92,,88.67,,,3126,273468.87,76,F1,1,,,,,
2026-07-30,2026-07-30,CM,NSE,STK,1576,INE322A01010,GILLETTE,EQ,,,,,GILLETTE INDIA LTD,7929.00,7930.00,7668.50,7719.00,7724.00,7892.00,,7718.50,,,84547,656094041.50,20325,F1,1,,,,,
2026-07-30,2026-07-30,CM,NSE,STK,9294,INE424C01010,GINNIFILA,BE,,,,,GINNIFILAMENTS LTD.,45.12,46.39,44.00,45.11,45.15,45.91,,45.14,,,83127,3715698.16,171,F1,1,,,,,
2026-07-30,2026-07-30,CM,NSE,STK,2365,INE614Z01017,GIRIRAJ,SM,,,,,GIRIRAJ CIVIL DEVP LTD,74.90,75.95,70.40,70.40,70.40,74.10,,70.40,,,14250,1014762.50,51,F1,250,,,,,
2026-07-30,2026-07-30,CM,NSE,STK,759048,INE1AG301022,GKENERGY,EQ,,,,,GK ENERGY LIMITED,134.67,134.67,125.90,128.51,129.21,134.67,,128.54,,,603659,78696790.40,6331,F1,1,,,,,
2026-07-30,2026-07-30,CM,NSE,STK,17357,INE528A01020,GKWLIMITED,EQ,,,,,GKW LIMITED,1650.00,1650.00,1600.00,1610.60,1604.00,1632.80,,1610.60,,,432,694123.30,76,F1,1,,,,,
2026-07-30,2026-07-30,CM,NSE,STK,1186,INE068V01023,GLAND,EQ,,,,,GLAND PHARMA LIMITED,2565.00,2586.00,2493.00,2517.00,2522.00,2543.70,,2516.90,,,745911,1889131856.20,69200,F1,1,,,,,
2026-07-30,2026-07-30,CM,NSE,STK,1153,INE159A01016,GLAXO,EQ,,,,,GLAXOSMITHKLINE PHARMA LT,2616.00,2639.40,2591.30,2610.70,2608.00,2626.40,,2610.70,,,68326,178437856.70,17663,F1,1,,,,,
2026-07-30,2026-07-30,CM,NSE,STK,7406,INE935A01035,GLENMARK,EQ,,,,,GLENMARK PHARMACEUTICALS,2270.20,2270.20,2182.90,2190.30,2207.00,2261.70,,2190.30,,,451791,1000647343.10,26342,F1,1,,,,,
2026-07-30,2026-07-30,CM,NSE,STK,1415,INE291W01037,GLOBAL,EQ,,,,,GLOBAL EDUCATION LIMITED,102.19,104.00,102.19,102.82,102.76,102.19,,102.82,,,14231,1461771.14,250,F1,1,,,,,
2026-07-30,2026-07-30,CM,NSE,STK,11956,INE474Q01031,MEDANTA,EQ,,,,,GLOBAL HEALTH LIMITED,1420.00,1427.80,1395.00,1416.40,1423.00,1432.90,,1416.40,,,234633,331226247.80,26345,F1,1,,,,,
2026-07-30,2026-07-30,CM,NSE,STK,14599,INE0JSX01015,GSLSU,EQ,,,,,GLOBAL SURFACES LIMITED,28.96,28.96,26.59,26.71,26.59,27.98,,26.71,,,71293,1921942.40,670,F1,1,,,,,
2026-07-30,2026-07-30,CM,NSE,STK,13735,INE792H01019,GLOBALVECT,EQ,,,,,GLOBAL VEC HELICORP LTD,166.00,171.75,164.00,167.92,167.10,166.35,,167.92,,,9739,1629477.49,300,F1,1,,,,,
2026-07-30,2026-07-30,CM,NSE,STK,24934,INE0URU01010,GLOBALE,BE,,,,,GLOBALE TESSILE LIMITED,10.65,10.97,10.65,10.80,10.80,10.94,,10.80,,,1050,11346.73,9,F1,1,,,,,
2026-07-30,2026-07-30,CM,NSE,STK,758572,INE0V3U01015,GLOBECIVIL,EQ,,,,,GLOBE CIVIL PROJECTS LTD,40.95,40.95,37.30,38.84,39.00,40.13,,38.84,,,52520,2043270.15,531,F1,1,,,,,
2026-07-30,2026-07-30,CM,NSE,STK,393,INE581X01021,GLOBE,EQ,,,,,GLOBE ENTERPRISE (I) LTD,2.17,2.17,2.10,2.12,2.14,2.16,,2.12,,,234283,500329.54,176,F1,1,,,,,
2026-07-30,2026-07-30,CM,NSE,STK,761025,INE947T01022,GICL,EQ,,,,,GLOBE INTL CARRIERS LTD,17.07,17.07,16.50,16.87,16.99,16.93,,16.87,,,37301,626290.86,166,F1,1,,,,,
2026-07-30,2026-07-30,CM,NSE,STK,9764,INE00WS01056,GSTL,SM,,,,,GLOBESECURE TECHNO LTD,15.00,15.00,15.00,15.00,15.00,15.75,,15.00,,,4000,60000.00,4,F1,1000,,,,,
2026-07-30,2026-07-30,CM,NSE,STK,17424,INE615I01010,GLOBUSSPR,EQ,,,,,GLOBUS SPIRITS LTD,876.95,886.45,872.60,879.95,881.00,876.95,,880.10,,,36346,32023139.80,3196,F1,1,,,,,
2026-07-30,2026-07-30,CM,NSE,STK,23590,INE350Z01018,GLOSTERLTD,EQ,,,,,GLOSTER LIMITED,686.75,686.75,625.10,653.40,643.00,677.30,,653.50,,,1557,1032362.65,123,F1,1,,,,,
2026-07-30,2026-07-30,CM,NSE,STK,760118,INE0TQE01026,GLOTTIS,BE,,,,,GLOTTIS LIMITED,66.07,67.90,66.04,67.01,67.00,67.00,,67.01,,,30972,2066289.74,246,F1,1,,,,,
2026-07-30,2026-07-30,CM,NSE,STK,1570,INE541A01023,GMMPFAUDLR,EQ,,,,,GMM PFAUDLER LIMITED,805.00,818.90,796.50,814.30,811.20,803.65,,814.25,,,45770,36903802.50,3252,F1,1,,,,,
2026-07-30,2026-07-30,CM,NSE,STK,13528,INE776C01039,GMRAIRPORT,EQ,,,,,GMR AIRPORTS LIMITED,107.00,107.06,103.26,103.91,104.10,107.10,,103.91,,,9216229,964445850.71,63209,F1,1,,,,,
2026-07-30,2026-07-30,CM,NSE,STK,8529,INE0CU601026,GMRP&UI,EQ,,,,,GMR POW AND URBAN INFRA L,96.90,99.75,95.90,99.48,99.56,96.83,,99.48,,,915473,90458096.48,5692,F1,1,,,,,
2026-07-30,2026-07-30,CM,NSE,STK,18571,INE934S01014,GNA,EQ,,,,,GNA AXLES LIMITED,534.80,547.75,527.30,530.80,528.10,532.15,,530.80,,,341850,183851428.50,10635,F1,1,,,,,
2026-07-30,2026-07-30,CM,NSE,STK,757862,INE18JU01028,EBGNG,EQ,,,,,GNG ELECTRONICS LIMITED,566.00,572.55,536.50,555.85,555.90,560.50,,555.90,,,674035,374556370.85,20936,F1,1,,,,,
2026-07-30,2026-07-30,CM,NSE,STK,23799,INE03JT01014,GODIGIT,EQ,,,,,GO DIGIT GENERAL INS LTD,258.00,258.25,251.55,254.95,254.50,253.15,,254.95,,,1323789,337856416.60,24677,F1,1,,,,,
2026-07-30,2026-07-30,CM,NSE,STK,6964,INE0BJS01011,GOCOLORS,EQ,,,,,GO FASHION INDIA LTD,323.75,355.00,309.00,343.00,346.00,323.00,,342.95,,,1964972,644419767.00,40633,F1,1,,,,,
2026-07-30,2026-07-30,CM,NSE,STK,14687,INE426D01013,GOACARBON,EQ,,,,,GOA CARBON LIMITED,387.90,388.75,375.00,379.05,378.10,391.00,,379.05,,,18405,7055436.15,772,F1,1,,,,,
2026-07-30,2026-07-30,CM,NSE,STK,3963,INE077F01035,GOCLCORP,EQ,,,,,GOCL CORPORATION LIMITED,382.50,389.95,381.75,387.70,389.00,382.95,,387.70,,,60778,23453481.55,2351,F1,1,,,,,
2026-07-30,2026-07-30,CM,NSE,STK,25941,INE497S01012,GODAVARIB,EQ,,,,,GODAVARI BIOREFINERIES L,270.00,271.90,265.15,266.80,267.90,269.05,,266.85,,,37982,10184931.85,1679,F1,1,,,,,
2026-07-30,2026-07-30,CM,NSE,STK,13409,INE177H01039,GPIL,EQ,,,,,GODAWARI POW & ISP LTD,244.05,252.80,244.05,249.35,249.15,251.80,,249.35,,,854669,212841924.55,17975,F1,1,,,,,
2026-07-30,2026-07-30,CM,NSE,STK,1181,INE260B01028,GODFRYPHLP,EQ,,,,,GODFREY PHILLIPS INDIA LT,2075.60,2138.80,2032.00,2131.80,2135.00,2076.00,,2131.90,,,570317,1203715797.20,29225,F1,1,,,,,
2026-07-30,2026-07-30,CM,NSE,STK,144,INE850D01014,GODREJAGRO,EQ,,,,,GODREJ AGROVET LIMITED,560.70,564.20,557.55,559.40,559.25,560.35,,559.35,,,60961,34187643.10,4357,F1,1,,,,,
2026-07-30,2026-07-30,CM,NSE,STK,10099,INE102D01028,GODREJCP,EQ,,,,,GODREJ CONSUMER PRODUCTS,1077.00,1078.90,1065.80,1072.10,1071.90,1076.50,,1072.10,,,537019,575681648.60,14516,F1,1,,,,,
2026-07-30,2026-07-30,CM,NSE,STK,10925,INE233A01035,GODREJIND,EQ,,,,,GODREJ INDUSTRIES LTD,1285.70,1319.90,1272.10,1309.40,1308.00,1293.30,,1309.40,,,84816,110072869.60,10043,F1,1,,,,,
2026-07-30,2026-07-30,CM,NSE,STK,17875,INE484J01027,GODREJPROP,EQ,,,,,GODREJ PROPERTIES LTD,2154.00,2154.00,2100.90,2110.90,2118.00,2156.00,,2110.90,,,523448,1107336158.30,30260,F1,1,,,,,
2026-07-30,2026-07-30,CM,NSE,STK,27127,IN0020240134,692GS2039,GS,,,,,GOI LOAN   6.92% 2039,99.42,99.42,99.42,99.42,99.42,99.16,,99.42,,,300,29826.00,1,F1,1,,,,,
2026-07-30,2026-07-30,CM,NSE,STK,27819,IN0020240175,698GR2054,GS,,,,,GOI LOAN   6.98% 2054,92.15,92.15,92.10,92.10,92.10,92.05,,92.10,,,107,9855.20,2,F1,1,,,,,
2026-07-30,2026-07-30,CM,NSE,STK,27170,IN0020240142,709GS2074,GS,,,,,GOI LOAN   7.09% 2074,95.00,95.50,95.00,95.44,95.44,95.50,,95.44,,,58840,5612984.68,49,F1,1,,,,,
2026-07-30,2026-07-30,CM,NSE,STK,6695,IN0020210186,574GS2026,GS,,,,,GOI LOAN  5.74% 2026,100.97,101.45,100.97,101.17,101.17,101.45,,101.17,,,349,35308.41,7,F1,1,,,,,
2026-07-30,2026-07-30,CM,NSE,STK,757753,IN0020250034,591GS2028,GS,,,,,GOI LOAN  5.91% 2028,98.50,98.50,98.50,98.50,98.50,98.50,,98.50,,,100,9850.00,1,F1,1,,,,,
2026-07-30,2026-07-30,CM,NSE,STK,757983,IN0020250067,601GS2030,GS,,,,,GOI LOAN  6.01% 2030,99.50,99.50,99.50,99.50,99.50,99.00,,99.50,,,100,9950.00,1,F1,1,,,,,
2026-07-30,2026-07-30,CM,NSE,STK,5012,IN0020210095,610GS2031,GS,,,,,GOI LOAN  6.10% 2031,104.50,104.50,104.50,104.50,104.50,103.16,,104.50,,,1,104.50,1,F1,1,,,,,
2026-07-30,2026-07-30,CM,NSE,STK,953,IN0020200245,622GS2035,GS,,,,,GOI LOAN  6.22% 2035,96.36,96.36,96.00,96.19,96.00,96.36,,96.19,,,3700,355920.00,4,F1,1,,,,,
2026-07-30,2026-07-30,CM,NSE,STK,757994,IN0020250059,628GS2032,GS,,,,,GOI LOAN  6.28% 2032,97.50,97.50,97.50,97.50,97.50,97.00,,97.50,,,105,10237.50,2,F1,1,,,,,
2026-07-30,2026-07-30,CM,NSE,STK,756890,IN0020250026,633GS2035,GS,,,,,GOI LOAN  6.33% 2035,96.75,96.90,96.75,96.82,96.75,96.75,,96.82,,,1200,116115.00,4,F1,1,,,,,
2026-07-30,2026-07-30,CM,NSE,STK,759396,IN0020250091,648GS2035,GS,,,,,GOI LOAN  6.48% 2035,101.20,101.20,101.20,101.20,101.20,98.90,,101.20,,,51,5161.20,2,F1,1,,,,,
2026-07-30,2026-07-30,CM,NSE,STK,956,IN0020200252,667GS2050,GS,,,,,GOI LOAN  6.67% 2050,93.50,93.50,93.50,93.50,93.50,93.50,,93.50,,,3500,327250.00,4,F1,1,,,,,
2026-07-30,2026-07-30,CM,NSE,STK,757847,IN0020250042,668GS2040,GS,,,,,GOI LOAN  6.68% 2040,98.00,98.30,97.50,98.23,98.23,97.80,,98.23,,,67420,6578394.40,12,F1,1,,,,,
2026-07-30,2026-07-30,CM,NSE,STK,2317,IN0020200401,676GS2061,GS,,,,,GOI LOAN  6.76% 2061,93.38,93.38,92.90,93.23,93.24,93.20,,93.23,,,82098,7648413.78,53,F1,1,,,,,
2026-07-30,2026-07-30,CM,NSE,STK,25736,IN0020240126,679GS2034,GS,,,,,GOI LOAN  6.79% 2034,102.00,102.00,101.50,101.50,101.50,100.20,,101.50,,,7700,785050.00,2,F1,1,,,,,
2026-07-30,2026-07-30,CM,NSE,STK,22438,IN0020200187,68GS2060,GS,,,,,GOI LOAN  6.8% 2060,90.33,90.33,90.32,90.32,90.32,95.00,,90.32,,,2,180.65,2,F1,1,,,,,
2026-07-30,2026-07-30,CM,NSE,STK,756014,IN0020250018,690GS2065,GS,,,,,GOI LOAN  6.90% 2065,94.25,94.25,93.50,93.92,93.94,94.13,,93.92,,,38107,3581603.31,23,F1,1,,,,,
2026-07-30,2026-07-30,CM,NSE,STK,763340,IN0020260025,694GS2036,GS,,,,,GOI LOAN  6.94% 2036,102.66,105.00,102.66,104.48,104.50,102.66,,104.48,,,4649,481400.00,7,F1,1,,,,,
2026-07-30,2026-07-30,CM,NSE,STK,23854,IN0020240043,702GS2027,GS,,,,,GOI LOAN  7.02% 2027,101.13,102.98,101.13,102.98,102.98,104.10,,102.98,,,349,35434.37,4,F1,1,,,,,
2026-07-30,2026-07-30,CM,NSE,STK,23919,IN0020240050,704GS2029,GS,,,,,GOI LOAN  7.04% 2029,102.10,102.10,102.10,102.10,102.10,101.66,,102.10,,,1300,132730.00,1,F1,1,,,,,
2026-07-30,2026-07-30,CM,NSE,STK,764295,IN0020260041,706GS2041,GS,,,,,GOI LOAN  7.06% 2041,100.69,100.69,100.69,100.69,100.69,100.69,,100.69,,,25,2517.25,1,F1,1,,,,,
2026-07-30,2026-07-30,CM,NSE,STK,24949,IN0020240118,709GS2054,GS,,,,,GOI LOAN  7.09% 2054,99.41,99.41,99.30,99.36,99.38,99.30,,99.36,,,10231,1016485.08,12,F1,1,,,,,
2026-07-30,2026-07-30,CM,NSE,STK,18025,IN0020230085,718GS2033,GS,,,,,GOI LOAN  7.18% 2033,105.31,105.50,105.31,105.50,105.50,105.60,,105.50,,,798,84113.19,2,F1,1,,,,,
2026-07-30,2026-07-30,CM,NSE,STK,17398,IN0020230077,718GS2037,GS,,,,,GOI LOAN  7.18% 2037,102.50,102.50,102.00,102.07,102.07,102.08,,102.07,,,46144,4708742.40,33,F1,1,,,,,
2026-07-30,2026-07-30,CM,NSE,STK,23518,IN0020240027,723GS2039,GS,,,,,GOI LOAN  7.23% 2039,104.40,104.40,104.40,104.40,104.40,105.00,,104.40,,,1310,136764.00,1,F1,1,,,,,
2026-07-30,2026-07-30,CM,NSE,STK,758674,IN0020250075,724GS2055,GS,,,,,GOI LOAN  7.24% 2055,100.79,100.85,100.45,100.80,100.80,100.79,,100.80,,,18397,1854640.31,25,F1,1,,,,,
2026-07-30,2026-07-30,CM,NSE,STK,16733,IN0020230044,725GS2063,GS,,,,,GOI LOAN  7.25% 2063,97.70,98.01,97.38,97.90,98.00,97.48,,97.88,,,1090112,106208137.43,331,F1,1,,,,,
2026-07-30,2026-07-30,CM,NSE,STK,10722,IN0020220060,726GS2032,GS,,,,,GOI LOAN  7.26% 2032,105.99,106.10,105.99,106.10,106.10,106.39,,106.10,,,3770,399767.30,4,F1,1,,,,,
2026-07-30,2026-07-30,CM,NSE,STK,14051,IN0020220151,726GS2033,GS,,,,,GOI LOAN  7.26% 2033,106.00,106.00,106.00,106.00,106.00,104.71,,106.00,,,1762,186772.00,2,F1,1,,,,,
2026-07-30,2026-07-30,CM,NSE,STK,16865,IN0020230051,73GS2053,GS,,,,,GOI LOAN  7.3% 2053,100.09,100.09,100.00,100.00,100.00,100.09,,100.00,,,103300,10330270.00,10,F1,1,,,,,
2026-07-30,2026-07-30,CM,NSE,STK,23558,IN0020240035,734GS2064,GS,,,,,GOI LOAN  7.34% 2064,99.52,99.80,99.40,99.54,99.55,99.77,,99.54,,,35980,3584640.75,67,F1,1,,,,,
2026-07-30,2026-07-30,CM,NSE,STK,10931,IN0020220086,736GS2052,GS,,,,,GOI LOAN  7.36% 2052,102.00,102.00,101.90,101.90,101.90,101.10,,101.90,,,40,4079.00,4,F1,1,,,,,
2026-07-30,2026-07-30,CM,NSE,STK,19566,IN0020230101,737GS2028,GS,,,,,GOI LOAN  7.37% 2028,104.00,104.00,104.00,104.00,104.00,104.00,,104.00,,,100,10400.00,1,F1,1,,,,,
2026-07-30,2026-07-30,CM,NSE,STK,10981,IN0020220094,74GS2062,GS,,,,,GOI LOAN  7.4% 2062,101.39,101.39,100.11,101.39,101.39,101.39,,101.39,,,1084,109900.36,6,F1,1,,,,,
2026-07-30,2026-07-30,CM,NSE,STK,13194,IN0020220102,741GS2036,GS,,,,,GOI LOAN  7.41% 2036,104.94,104.94,104.90,104.90,104.90,104.53,,104.90,,,2,209.84,2,F1,1,,,,,
2026-07-30,2026-07-30,CM,NSE,STK,760649,IN0020250117,743GS2076,GS,,,,,GOI LOAN  7.43% 2076,99.60,100.00,99.50,99.60,99.60,99.56,,99.62,,,64712,6442384.65,61,F1,1,,,,,
2026-07-30,2026-07-30,CM,NSE,STK,19808,IN0020230127,746GS2073,GS,,,,,GOI LOAN  7.46% 2073,100.60,103.00,100.26,103.00,103.00,100.60,,103.00,,,14589,1470947.38,12,F1,1,,,,,
2026-07-30,2026-07-30,CM,NSE,STK,9585,IN0020220029,754GS2036,GS,,,,,GOI LOAN  7.54% 2036,106.64,106.72,106.54,106.65,106.59,106.64,,106.65,,,546003,58216876.85,134,F1,1,,,,,
2026-07-30,2026-07-30,CM,NSE,STK,763489,IN0020260033,771GS2066,GS,,,,,GOI LOAN  7.71% 2066,103.10,104.10,103.10,104.00,104.00,104.35,,104.00,,,25991,2704079.60,21,F1,1,,,,,
2026-07-30,2026-07-30,CM,NSE,STK,6833,IN0020010081,1018GS2026,GS,,,,,GOI LOAN 10.18% 2026,104.45,104.45,103.70,104.00,104.00,103.40,,104.00,,,1692,176097.45,5,F1,1,,,,,
2026-07-30,2026-07-30,CM,NSE,STK,7184,IN0020160068,706GS2046,GS,,,,,GOI LOAN 7.06% 2046,107.00,107.00,107.00,107.00,107.00,106.00,,107.00,,,1,107.00,1,F1,1,,,,,
2026-07-30,2026-07-30,CM,NSE,STK,9047,IN0020220011,710GS2029,GS,,,,,GOI LOAN 7.10% 2029,103.15,103.20,103.06,103.09,103.06,103.05,,103.09,,,901,92911.06,5,F1,1,,,,,
2026-07-30,2026-07-30,CM,NSE,STK,9913,IN0020220037,738GS2027,GS,,,,,GOI LOAN 7.38% 2027,101.80,102.10,101.80,101.90,101.90,101.80,,102.08,,,51050,5203226.30,22,F1,1,,,,,
2026-07-30,2026-07-30,CM,NSE,STK,10046,IN0020190065,757GS2033,GS,,,,,GOI LOAN 7.57% 2033,105.50,105.50,105.50,105.50,105.50,104.05,,105.50,,,3000,316500.00,1,F1,1,,,,,
2026-07-30,2026-07-30,CM,NSE,STK,6884,IN0020060078,824GS2027,GS,,,,,GOI LOAN 8.24%2027,105.40,105.80,105.40,105.80,105.80,105.48,,105.80,,,2634,278550.50,24,F1,1,,,,,
2026-07-30,2026-07-30,CM,NSE,STK,6898,IN0020070036,826GS2027,GS,,,,,GOI LOAN 8.26% 2027,105.73,105.73,105.73,105.73,105.73,105.25,,107.67,,,1,105.73,1,F1,1,,,,,
2026-07-30,2026-07-30,CM,NSE,STK,7011,IN0020110055,897GS2030,GS,,,,,GOI LOAN 8.97% 2030,111.00,111.25,110.98,111.00,111.00,111.00,,111.00,,,14500,1609625.25,51,F1,1,,,,,
2026-07-30,2026-07-30,CM,NSE,STK,7039,IN0020130053,92GS2030,GS,,,,,GOI LOAN 9.20% 2030,114.00,114.00,112.51,114.00,114.00,114.02,,114.00,,,3517,400936.51,11,F1,1,,,,,
2026-07-30,2026-07-30,CM,NSE,STK,760887,IN002025Y487,182D030926,TB,,,,,GOI TBILL 182D-03/09/26,98.79,99.00,98.79,99.00,99.00,98.60,,99.00,,,400,39558.00,2,F1,100,,,,,
2026-07-30,2026-07-30,CM,NSE,STK,762430,IN002026Y022,182D151026,TB,,,,,GOI TBILL 182D-15/10/26,98.04,98.05,98.04,98.05,98.05,97.50,,98.05,,,6000,588250.00,2,F1,100,,,,,
2026-07-30,2026-07-30,CM,NSE,STK,763782,IN002026Y139,182D311226,TB,,,,,GOI TBILL 182D-31/12/26,96.74,97.45,96.74,97.45,97.45,96.75,,97.45,,,11600,1126870.00,3,F1,100,,,,,
2026-07-30,2026-07-30,CM,NSE,STK,760100,IN002025Z369,364D031226,TB,,,,,GOI TBILL 364D-03/12/26,97.65,98.15,97.65,98.12,98.12,97.65,,98.12,,,4000,392040.00,3,F1,100,,,,,
2026-07-30,2026-07-30,CM,NSE,STK,763374,IN002026Z060,364D130527,TB,,,,,GOI TBILL 364D-13/05/27,94.54,94.54,94.54,94.54,94.54,95.49,,94.54,,,4400,415976.00,1,F1,100,,,,,
2026-07-30,2026-07-30,CM,NSE,STK,760714,IN002025Z419,364D150127,TB,,,,,GOI TBILL 364D-15/01/27,96.50,96.65,96.50,96.57,96.65,96.50,,96.57,,,1000,96575.00,2,F1,100,,,,,
2026-07-30,2026-07-30,CM,NSE,STK,763287,IN002026X057,91D060826,TB,,,,,GOI TBILL 91D-06/08/26,99.59,99.80,99.59,99.80,99.80,99.59,,99.80,,,500,49879.00,2,F1,100,,,,,
2026-07-30,2026-07-30,CM,NSE,STK,764152,IN002026X156,91D151026,TB,,,,,GOI TBILL 91D-15/10/26,98.15,98.15,98.15,98.15,98.15,98.20,,98.15,,,100,9815.00,1,F1,100,,,,,
2026-07-30,2026-07-30,CM,NSE,STK,753772,IN002026X115,91D170926,TB,,,,,GOI TBILL 91D-17/09/26,98.70,98.70,98.70,98.70,98.70,98.70,,98.70,,,5000,493500.00,2,F1,100,,,,,
2026-07-30,2026-07-30,CM,NSE,STK,763624,IN002026X081,91D280826,TB,,,,,GOI TBILL 91D-28/08/26,99.40,99.40,99.40,99.40,99.40,99.40,,99.40,,,200,19880.00,1,F1,100,,,,,
2026-07-30,2026-07-30,CM,NSE,STK,11778,INE887G01027,GOKEX,EQ,,,,,GOKALDAS EXPORTS LTD.,827.95,827.95,802.00,804.40,804.70,824.75,,804.40,,,128896,104356259.05,7405,F1,1,,,,,
2026-07-30,2026-07-30,CM,NSE,STK,14480,INE314T01033,GOKULAGRO,EQ,,,,,GOKUL AGRO RESOURCES LTD,225.40,238.58,222.60,225.15,224.88,223.20,,225.15,,,3418850,786691332.84,46902,F1,1,,,,,
2026-07-30,2026-07-30,CM,NSE,STK,16705,INE020J01029,GOKUL,EQ,,,,,GOKUL REFOILS & SOLV LTD,39.02,39.49,38.86,39.18,39.49,39.21,,39.16,,,122580,4817039.26,554,F1,1,,,,,
2026-07-30,2026-07-30,CM,NSE,STK,11619,INE973A01010,GOLDENTOBC,BZ,,,,,GOLDEN TOBACCO LIMITED,25.00,25.80,24.25,24.25,24.25,24.73,,24.25,,,2262,57024.49,22,F1,1,,,,,
2026-07-30,2026-07-30,CM,NSE,STK,11971,INE025B01025,GOLDIAM,EQ,,,,,GOLDIAM INTERNATIONAL LTD,354.75,374.00,354.20,361.50,362.00,352.80,,361.50,,,1473816,537132965.80,27744,F1,1,,,,,
2026-07-30,2026-07-30,CM,NSE,STK,13616,INE06MH01016,GOLDKART,SM,,,,,GOLDKART JEWELS LIMITED,110.05,110.05,110.05,110.05,110.05,115.80,,110.05,,,625,68781.25,1,F1,625,,,,,
2026-07-30,2026-07-30,CM,NSE,STK,6125,INE127I01024,GOODLUCK,EQ,,,,,GOODLUCK INDIA LIMITED,1530.00,1530.70,1475.00,1484.70,1485.50,1532.00,,1484.70,,,88585,132406056.20,9277,F1,1,,,,,
2026-07-30,2026-07-30,CM,NSE,STK,1205,INE533A01012,GOODYEAR,EQ,,,,,GOODYEAR INDIA LIMITED,823.05,833.90,820.30,829.30,828.05,823.30,,829.20,,,17060,14140985.05,1005,F1,1,,,,,
2026-07-30,2026-07-30,CM,NSE,STK,23066,INE0L9R01028,GOPAL,EQ,,,,,GOPAL SNACKS LIMITED,265.40,278.90,263.00,264.20,263.25,264.30,,264.00,,,137833,36761918.40,4954,F1,1,,,,,
2026-07-30,2026-07-30,CM,NSE,STK,11787,INE705X01026,GOYALALUM,EQ,,,,,GOYAL ALUMINIUMS LIMITED,6.66,6.66,6.00,6.42,6.47,6.61,,6.42,,,226027,1420483.08,743,F1,1,,,,,
2026-07-30,2026-07-30,CM,NSE,STK,19356,INE0QFE01017,GOYALSALT,SM,,,,,GOYAL SALT LIMITED,115.00,115.00,115.00,115.00,115.00,114.25,,115.00,,,600,69000.00,1,F1,600,,,,,
2026-07-30,2026-07-30,CM,NSE,STK,24113,INE0S7E01015,GPECO,ST,,,,,GP ECO SOLUTIONS INDIA L,428.15,434.85,421.70,424.20,423.00,433.35,,424.20,,,7000,2988410.00,28,F1,200,,,,,
2026-07-30,2026-07-30,CM,NSE,STK,11584,INE586G01017,GULFPETRO,BE,,,,,GP PETROLEUMS LIMITED,43.07,47.59,43.07,47.59,47.59,45.33,,47.59,,,536415,24972701.17,779,F1,1,,,,,
2026-07-30,2026-07-30,CM,NSE,STK,22846,INE486R01017,GPTHEALTH,EQ,,,,,GPT HEALTHCARE LIMITED,168.00,168.00,163.00,166.04,166.80,167.19,,166.03,,,224181,37138290.31,5196,F1,1,,,,,
2026-07-30,2026-07-30,CM,NSE,STK,17685,INE390G01014,GPTINFRA,EQ,,,,,GPT INFRAPROJECTS LTD,122.84,122.84,119.30,119.58,119.36,122.38,,119.58,,,39474,4732360.93,855,F1,1,,,,,
2026-07-30,2026-07-30,CM,NSE,STK,763301,INE361K01017,GRADIENTE,BE,,,,,GRADIENTE INFOTAINMENT L,2.80,2.85,2.68,2.77,2.80,2.80,,2.77,,,161803,447177.60,130,F1,1,,,,,
2026-07-30,2026-07-30,CM,NSE,STK,30289,INE12E301017,GCHOTELS,ST,,,,,GRAND CONTINENT HOTELS L,109.90,112.50,105.00,111.35,112.00,110.00,,111.35,,,20400,2249250.00,29,F1,600,,,,,
2026-07-30,2026-07-30,CM,NSE,STK,762695,INE926B01016,GRANDOAK,EQ,,,,,GRAND OAK CANYONS DIST L,35.00,35.58,33.60,33.67,33.60,35.36,,33.85,,,3264,111480.62,86,F1,1,,,,,
2026-07-30,2026-07-30,CM,NSE,STK,11872,INE101D01020,GRANULES,EQ,,,,,GRANULES INDIA LIMITED,841.95,852.75,831.65,833.95,833.00,841.85,,833.95,,,781533,657377576.20,19467,F1,1,,,,,
2026-07-30,2026-07-30,CM,NSE,STK,20454,INE0POU01017,GRAPHISAD,SM,,,,,GRAPHISADS LIMITED,29.50,30.20,29.50,29.80,30.20,29.15,,29.80,,,7200,213840.00,6,F1,1200,,,,,
2026-07-30,2026-07-30,CM,NSE,STK,592,INE371A01025,GRAPHITE,EQ,,,,,GRAPHITE INDIA LTD,666.95,675.90,658.20,665.70,663.80,666.65,,665.80,,,1250369,838605100.55,26463,F1,1,,,,,
2026-07-30,2026-07-30,CM,NSE,STK,1232,INE047A01021,GRASIM,EQ,,,,,GRASIM INDUSTRIES LTD,3115.00,3115.50,3085.50,3104.80,3100.10,3113.00,,3104.80,,,301353,933920366.90,28698,F1,1,,,,,
2026-07-30,2026-07-30,CM,NSE,STK,5200,INE266D01021,GRAUWEIL,EQ,,,,,GRAUER & WEIL IND LTD,74.51,77.80,74.25,76.94,77.00,76.45,,76.94,,,228283,17391169.30,2087,F1,1,,,,,
2026-07-30,2026-07-30,CM,NSE,STK,762700,INE214F01026,GRAVISSHO,EQ,,,,,GRAVISS HOSPITALITY LTD.,30.90,31.00,30.85,30.92,30.90,30.84,,29.71,,,937,28992.64,11,F1,1,,,,,
2026-07-30,2026-07-30,CM,NSE,STK,20534,INE024L01027,GRAVITA,EQ,,,,,GRAVITA INDIA LIMITED,1615.20,1638.80,1575.00,1578.10,1579.90,1615.20,,1578.10,,,445394,715496213.00,24635,F1,1,,,,,
2026-07-30,2026-07-30,CM,NSE,STK,1235,INE224A01026,GREAVESCOT,EQ,,,,,GREAVES COTTON LTD.,238.51,238.99,231.10,231.81,231.65,239.64,,231.80,,,1086931,254885594.45,16221,F1,1,,,,,
2026-07-30,2026-07-30,CM,NSE,STK,17092,INE0O7P01015,GREENCHEF,SM,,,,,GREENCHEF APPLIANCES LTD,49.00,49.90,49.00,49.00,49.00,48.50,,49.00,,,5600,277360.00,7,F1,800,,,,,
2026-07-30,2026-07-30,CM,NSE,STK,6848,INE544R01021,GREENLAM,EQ,,,,,GREENLAM INDUSTRIES LTD.,251.70,255.55,250.05,252.20,250.20,254.15,,252.20,,,28052,7076478.55,1454,F1,1,,,,,
2026-07-30,2026-07-30,CM,NSE,STK,759427,INE0PLX01017,GREENLEAF,ST,,,,,GREENLEAF ENVIROTECH LTD,115.00,115.00,113.50,113.50,113.50,117.15,,113.50,,,5000,572450.00,5,F1,1000,,,,,
2026-07-30,2026-07-30,CM,NSE,STK,13810,INE08ZM01014,GREENPANEL,EQ,,,,,GREENPANEL INDUSTRIES LTD,191.98,195.00,190.10,192.88,192.61,191.54,,192.87,,,327707,62697788.04,2394,F1,1,,,,,
2026-07-30,2026-07-30,CM,NSE,STK,3987,INE461C01038,GREENPLY,EQ,,,,,GREENPLY INDUSTRIES LTD,285.80,293.95,284.00,285.20,284.50,285.80,,285.20,,,184320,53147984.10,4753,F1,1,,,,,
2026-07-30,2026-07-30,CM,NSE,STK,758986,INE199P01028,GCSL,EQ,,,,,GRETEX CORPORATE SERVICES,519.75,526.90,516.00,522.30,522.90,517.90,,522.30,,,553093,288265522.20,4719,F1,1,,,,,
2026-07-30,2026-07-30,CM,NSE,STK,13560,INE536A01023,GRINDWELL,EQ,,,,,GRINDWELL NORTON LIMITED,2106.00,2150.00,2055.00,2101.80,2115.00,2118.70,,2101.80,,,148267,310312257.50,12535,F1,1,,,,,
2026-07-30,2026-07-30,CM,NSE,STK,10871,INE192H01020,GRMOVER,EQ,,,,,GRM OVERSEAS LIMITED,89.00,91.90,85.55,88.08,90.00,88.91,,88.08,,,1280806,113962481.59,31493,F1,1,,,,,
2026-07-30,2026-07-30,CM,NSE,STK,764285,INF666M01PH7,CEMNTGROWW,EQ,,,,,GROWWAMC - CEMNTGROWW,15.65,15.65,15.14,15.25,15.14,15.41,,15.25,,,85321,1304626.17,623,F1,1,,,,,
2026-07-30,2026-07-30,CM,NSE,STK,760051,INF666M01MM4,GROWWCAPM,EQ,,,,,GROWWAMC - GROWWCAPM,11.23,11.23,11.00,11.07,11.09,11.12,,11.07,,,900836,9969147.43,927,F1,1,,,,,
2026-07-30,2026-07-30,CM,NSE,STK,760673,INF666M01NP5,GROWWCHEM,EQ,,,,,GROWWAMC - GROWWCHEM,30.40,30.40,30.05,30.11,30.20,30.40,,30.11,,,16810,506821.43,227,F1,1,,,,,
2026-07-30,2026-07-30,CM,NSE,STK,25758,INF666M01IO8,GROWWDEFNC,EQ,,,,,GROWWAMC - GROWWDEFNC,91.58,92.24,90.80,91.34,91.67,92.22,,91.34,,,240889,22043872.69,2342,F1,1,,,,,
2026-07-30,2026-07-30,CM,NSE,STK,24798,INF666M01IH2,GROWWEV,EQ,,,,,GROWWAMC - GROWWEV,32.08,32.50,31.82,32.29,32.49,32.05,,32.29,,,373662,12017982.41,1554,F1,1,,,,,
2026-07-30,2026-07-30,CM,NSE,STK,25872,INF666M01OE7,GROWWGOLD,EQ,,,,,GROWWAMC - GROWWGOLD,13.81,13.90,13.80,13.87,13.89,13.81,,13.87,,,1004784,13922296.69,2184,F1,1,,,,,
2026-07-30,2026-07-30,CM,NSE,STK,760874,INF666M01OD9,GROWWHOSPI,EQ,,,,,GROWWAMC - GROWWHOSPI,54.60,54.91,54.16,54.66,54.90,54.54,,54.65,,,414640,22647976.71,905,F1,1,,,,,
2026-07-30,2026-07-30,CM,NSE,STK,25447,INF666M01IP5,GROWWLIQID,EQ,,,,,GROWWAMC - GROWWLIQID,110.12,110.13,110.12,110.12,110.12,110.11,,110.12,,,171305,18865120.76,186,F1,1,,,,,
2026-07-30,2026-07-30,CM,NSE,STK,758300,INF666M01LB9,GROWWLOVOL,EQ,,,,,GROWWAMC - GROWWLOVOL,10.50,10.69,10.35,10.59,10.60,10.55,,10.59,,,14817,156909.83,117,F1,1,,,,,
2026-07-30,2026-07-30,CM,NSE,STK,759719,INF666M01MV5,GROWWMC150,EQ,,,,,GROWWAMC - GROWWMC150,232.26,232.26,229.00,230.17,231.63,230.86,,230.17,,,536,123315.57,31,F1,1,,,,,
2026-07-30,2026-07-30,CM,NSE,STK,760438,INF666M01NI0,GROWWMETAL,EQ,,,,,GROWWAMC - GROWWMETAL,11.95,12.47,11.87,12.07,12.12,12.12,,12.07,,,266663,3220559.19,1312,F1,1,,,,,
2026-07-30,2026-07-30,CM,NSE,STK,756086,INF666M01KJ4,GROWWMOM50,EQ,,,,,GROWWAMC - GROWWMOM50,10.70,10.70,10.44,10.45,10.44,10.54,,10.45,,,459881,4826081.81,359,F1,1,,,,,
2026-07-30,2026-07-30,CM,NSE,STK,29872,INF666M01JV1,GROWWN200,EQ,,,,,GROWWAMC - GROWWN200,11.39,11.42,11.25,11.35,11.39,11.35,,11.35,,,41001,465708.01,168,F1,1,,,,,
2026-07-30,2026-07-30,CM,NSE,STK,757814,INF666M01LI4,GROWWNET,EQ,,,,,GROWWAMC - GROWWNET,10.15,10.25,10.00,10.08,10.12,10.14,,10.08,,,593347,5975671.06,1060,F1,1,,,,,
2026-07-30,2026-07-30,CM,NSE,STK,758697,INF666M01LL8,GROWWNIFTY,EQ,,,,,GROWWAMC - GROWWNIFTY,9.89,9.89,9.75,9.81,9.82,9.80,,9.81,,,616236,6042964.74,5071,F1,1,,,,,
2026-07-30,2026-07-30,CM,NSE,STK,759458,INF666M01LZ8,GROWWNXT50,EQ,,,,,GROWWAMC - GROWWNXT50,73.28,73.28,72.11,72.62,73.08,72.59,,72.62,,,5617,408104.85,80,F1,1,,,,,
2026-07-30,2026-07-30,CM,NSE,STK,758165,INF666M01LM6,GROWWPOWER,EQ,,,,,GROWWAMC - GROWWPOWER,11.41,11.62,11.32,11.41,11.59,11.41,,11.40,,,1796713,20449934.65,2805,F1,1,,,,,
2026-07-30,2026-07-30,CM,NSE,STK,760976,INF666M01NQ3,GROWWPSE,EQ,,,,,GROWWAMC - GROWWPSE,100.48,100.48,98.00,98.72,98.77,99.08,,98.72,,,1319,130280.23,39,F1,1,,,,,
2026-07-30,2026-07-30,CM,NSE,STK,761514,INF666M01OG2,GROWWPSUBK,EQ,,,,,GROWWAMC - GROWWPSUBK,83.38,83.58,82.99,83.43,83.29,83.59,,83.43,,,2553,212761.88,60,F1,1,,,,,
2026-07-30,2026-07-30,CM,NSE,STK,29527,INF666M01JJ6,GROWWRAIL,EQ,,,,,GROWWAMC - GROWWRAIL,29.00,29.22,28.88,29.02,29.10,29.14,,29.02,,,493265,14307700.71,1936,F1,1,,,,,
2026-07-30,2026-07-30,CM,NSE,STK,759428,INF666M01MN2,GROWWRLTY,EQ,,,,,GROWWAMC - GROWWRLTY,10.27,10.33,10.05,10.08,10.21,10.27,,10.08,,,242133,2455271.27,658,F1,1,,,,,
2026-07-30,2026-07-30,CM,NSE,STK,759522,INF666M01MO0,GROWWSC250,EQ,,,,,GROWWAMC - GROWWSC250,10.42,10.42,10.28,10.31,10.35,10.36,,10.31,,,69877,722436.43,425,F1,1,,,,,
2026-07-30,2026-07-30,CM,NSE,STK,756827,INF666M01OF4,GROWWSLVR,EQ,,,,,GROWWAMC - GROWWSLVR,21.11,21.23,21.00,21.19,21.22,21.19,,21.19,,,1284012,27092712.71,1985,F1,1,,,,,
2026-07-30,2026-07-30,CM,NSE,STK,763572,INF666M01OT5,PVTBKGROWW,EQ,,,,,GROWWAMC - PVTBKGROWW,27.84,27.84,27.10,27.48,27.10,27.53,,27.48,,,11410,313644.70,142,F1,1,,,,,
2026-07-30,2026-07-30,CM,NSE,STK,751745,INF666M01PG9,SMALLGROWW,EQ,,,,,GROWWAMC - SMALLGROWW,47.62,47.63,46.72,46.99,46.95,47.16,,46.99,,,10031,475121.00,67,F1,1,,,,,
2026-07-30,2026-07-30,CM,NSE,STK,6543,INE137I01015,GRPLTD,EQ,,,,,GRP LIMITED,1962.00,2098.90,1960.00,2060.40,2094.00,1974.70,,2060.40,,,7159,14595478.20,657,F1,1,,,,,
2026-07-30,2026-07-30,CM,NSE,STK,23888,INE0SQY01018,GSMFOILS,SM,,,,,GSM FOILS LIMITED,260.35,260.35,225.00,239.35,237.20,269.80,,239.35,,,493000,119256550.00,770,F1,500,,,,,
2026-07-30,2026-07-30,CM,NSE,STK,762239,INE713R01022,GSPCROP,EQ,,,,,GSP CROP SCIENCE LIMITED,580.00,594.00,569.10,586.40,589.00,582.65,,586.40,,,250524,145800051.20,6688,F1,1,,,,,
2026-07-30,2026-07-30,CM,NSE,STK,15347,INE871H01011,GSS,EQ,,,,,GSS INFOTECH LIMITED,12.98,12.98,12.43,12.67,12.69,12.44,,12.67,,,10391,131568.56,96,F1,1,,,,,
2026-07-30,2026-07-30,CM,NSE,STK,13745,INE221H01019,GTLINFRA,EQ,,,,,GTL INFRA.LTD,1.21,1.23,1.19,1.19,1.20,1.21,,1.19,,,30799870,37112321.12,11370,F1,1,,,,,
2026-07-30,2026-07-30,CM,NSE,STK,1162,INE043A01012,GTL,EQ,,,,,GTL LTD,7.36,7.36,7.17,7.24,7.24,7.29,,7.25,,,148732,1075081.37,545,F1,1,,,,,
2026-07-30,2026-07-30,CM,NSE,STK,21195,INE869I01013,GTPL,EQ,,,,,GTPL HATHWAY LIMITED,60.03,60.19,59.25,59.92,60.00,59.76,,59.90,,,24660,1476101.11,461,F1,1,,,,,
2026-07-30,2026-07-30,CM,NSE,STK,11606,INE742B01025,GUFICBIO,EQ,,,,,GUFIC BIOSCIENCES LTD.,383.00,389.00,377.70,383.95,383.05,382.35,,383.95,,,32344,12417078.45,1919,F1,1,,,,,
2026-07-30,2026-07-30,CM,NSE,STK,1145,INE162A01010,GIPCL,EQ,,,,,GUJ IND POW CO. LTD,162.45,163.40,161.26,162.01,161.64,162.65,,162.01,,,142856,23188890.57,2290,F1,1,,,,,
2026-07-30,2026-07-30,CM,NSE,STK,1174,INE113A01013,GNFC,EQ,,,,,GUJ NAR VAL FER & CHEM L,525.20,531.00,520.50,527.05,528.00,525.10,,527.05,,,380169,200153129.85,15296,F1,1,,,,,
2026-07-30,2026-07-30,CM,NSE,STK,1247,INE026A01025,GSFC,EQ,,,,,GUJ STATE FERT & CHEM LTD,160.23,162.35,159.00,159.23,159.02,160.64,,159.25,,,496000,79750907.07,7670,F1,1,,,,,
2026-07-30,2026-07-30,CM,NSE,STK,14677,INE826C01016,GUJAPOLLO,EQ,,,,,GUJ. APOLLO IND. LTD.,351.20,351.20,339.50,343.10,344.95,349.30,,343.10,,,6212,2133554.05,566,F1,1,,,,,
2026-07-30,2026-07-30,CM,NSE,STK,1267,INE186A01019,GUJALKALI,EQ,,,,,GUJARAT ALKALIES & CHEM,680.60,689.15,665.50,668.30,668.80,683.65,,668.25,,,75248,50859078.65,3863,F1,1,,,,,
2026-07-30,2026-07-30,CM,NSE,STK,8828,INE036B01030,GAEL,EQ,,,,,GUJARAT AMBUJA EXPORTS LT,164.00,173.77,162.72,172.59,172.42,164.31,,172.59,,,4585596,781204970.75,44881,F1,1,,,,,
2026-07-30,2026-07-30,CM,NSE,STK,10599,INE844O01030,GUJENERGY,EQ,,,,,GUJARAT ENERGY LIMITED,272.90,279.00,270.90,275.25,275.00,273.05,,275.25,,,916556,252340053.85,28861,F1,1,,,,,
2026-07-30,2026-07-30,CM,NSE,STK,13750,INE09N301011,FLUOROCHEM,EQ,,,,,GUJARAT FLUOROCHEM LTD,4580.00,4581.90,4368.00,4395.00,4371.00,4582.10,,4395.00,,,84723,376759585.00,15844,F1,1,,,,,
2026-07-30,2026-07-30,CM,NSE,STK,761197,INE0V0W01025,GKSL,EQ,,,,,GUJARAT KIDNEY N SUP SP L,127.74,129.80,126.54,127.04,127.01,127.10,,127.04,,,339318,43171341.00,2231,F1,1,,,,,
2026-07-30,2026-07-30,CM,NSE,STK,8412,INE540A01017,GLFL,BE,,,,,GUJARAT LEASE FINANCING L,5.76,6.05,5.75,5.75,5.75,5.78,,6.19,,,1521,8918.59,20,F1,1,,,,,
2026-07-30,2026-07-30,CM,NSE,STK,5204,INE131A01031,GMDCLTD,EQ,,,,,GUJARAT MINERAL DEV CORP,576.00,579.70,558.00,559.65,561.40,574.25,,559.65,,,841124,477164375.30,21087,F1,1,,,,,
2026-07-30,2026-07-30,CM,NSE,STK,762690,INE207H01018,GNRL,EQ,,,,,GUJARAT NATURAL RES L,94.70,94.75,93.20,94.24,94.25,94.78,,94.24,,,29864,2808521.61,517,F1,1,,,,,
2026-07-30,2026-07-30,CM,NSE,STK,19731,INE517F01014,GPPL,EQ,,,,,GUJARAT PIPAVAV PORT LTD,150.12,152.95,149.13,150.61,150.70,150.18,,150.61,,,1363281,205697191.27,16937,F1,1,,,,,
2026-07-30,2026-07-30,CM,NSE,STK,4548,INE610B01024,GUJRAFFIA,EQ,,,,,GUJARAT RAFFIA INDUST LTD,39.05,40.70,39.05,40.44,40.45,39.08,,40.44,,,460,18509.22,18,F1,1,,,,,
2026-07-30,2026-07-30,CM,NSE,STK,29731,INE942C01045,GUJTHEM,EQ,,,,,GUJARAT THEMIS BIOSYN LTD,358.70,359.00,348.00,351.50,351.00,356.90,,351.50,,,25702,9096343.55,1060,F1,1,,,,,
2026-07-30,2026-07-30,CM,NSE,STK,4391,INE635Q01029,GULFOILLUB,EQ,,,,,GULF OIL LUB. IND. LTD.,1055.00,1065.00,1044.90,1054.30,1053.20,1060.70,,1054.20,,,32791,34567737.00,3130,F1,1,,,,,
2026-07-30,2026-07-30,CM,NSE,STK,6286,INE255D01024,GULPOLY,EQ,,,,,GULSHAN POLYOLS LIMITED,198.34,198.51,193.00,194.04,193.90,198.15,,193.97,,,191630,37346076.02,3065,F1,1,,,,,
2026-07-30,2026-07-30,CM,NSE,STK,759264,INE1CCX01012,GURUNANAK,ST,,,,,GURUNANAK AGRICULTUR IN L,38.80,40.65,38.80,40.45,40.45,38.90,,40.45,,,8000,321600.00,5,F1,1600,,,,,
2026-07-30,2026-07-30,CM,NSE,STK,13229,INE251H01024,GVKPIL,BE,,,,,GVK POW. & INFRA LTD.,2.38,2.42,2.35,2.35,2.35,2.39,,2.35,,,991843,2346033.06,1150,F1,1,,,,,
2026-07-30,2026-07-30,CM,NSE,STK,10865,INE382T01030,GVPTECH,EQ,,,,,GVP INFOTECH LIMITED,7.24,7.24,6.94,7.00,7.03,6.94,,7.00,,,63009,444463.42,314,F1,1,,,,,
2026-07-30,2026-07-30,CM,NSE,STK,764050,INE724A01017,GYFTR,EQ,,,,,GYFTR LIMITED,155.64,170.00,152.10,154.98,155.99,152.82,,154.76,,,69511,10892590.97,1529,F1,1,,,,,
2026-07-30,2026-07-30,CM,NSE,STK,762712,INE640B01021,HBESD,EQ,,,,,H B ESTATE DEVELOPERS L,75.00,78.92,74.00,78.89,78.89,76.77,,78.94,,,7001,526842.06,54,F1,1,,,,,
2026-07-30,2026-07-30,CM,NSE,STK,1672,INE926X01010,HGINFRA,EQ,,,,,H.G.INFRA ENGINEERING LTD,535.00,538.50,532.05,533.05,534.00,533.65,,533.05,,,38655,20659159.65,2694,F1,1,,,,,
2026-07-30,2026-07-30,CM,NSE,STK,760715,INE115S01010,HALDER,EQ,,,,,HALDER VENTURE LIMITED,248.87,249.50,240.10,247.13,249.00,238.57,,247.07,,,28449,7028174.44,363,F1,1,,,,,
2026-07-30,2026-07-30,CM,NSE,STK,762708,INE506D01020,HALDYNGL,BE,,,,,HALDYN GLASS LTD.,120.70,122.80,119.70,120.90,122.50,120.58,,121.05,,,16107,1952403.25,126,F1,1,,,,,
2026-07-30,2026-07-30,CM,NSE,STK,21551,INE320X01016,HALEOSLABS,EQ,,,,,HALEOS LABS LIMITED,1589.80,1589.90,1520.10,1540.20,1525.20,1562.50,,1540.40,,,376,582919.50,92,F1,1,,,,,
2026-07-30,2026-07-30,CM,NSE,STK,13592,INE596H01014,HGM,EQ,,,,,HANDSON GBL MNGMNT LTD,51.78,54.75,49.10,52.71,52.99,51.27,,52.70,,,15047,787301.04,158,F1,1,,,,,
2026-07-30,2026-07-30,CM,NSE,STK,48,INE419U01012,HAPPSTMNDS,EQ,,,,,HAPPIEST MINDS TECHNO LTD,386.00,391.90,377.90,380.45,380.45,385.65,,380.45,,,992011,383336206.80,27468,F1,1,,,,,
2026-07-30,2026-07-30,CM,NSE,STK,20854,INE330T01021,HAPPYFORGE,EQ,,,,,HAPPY FORGINGS LIMITED,1665.90,1674.20,1640.10,1661.60,1674.20,1659.10,,1661.40,,,34100,56448384.30,5733,F1,1,,,,,
2026-07-30,2026-07-30,CM,NSE,STK,757668,INE0TLP01015,WHITEFORCE,ST,,,,,HAPPY SQUARE OUTSOURC S L,34.60,34.60,34.25,34.25,34.25,36.05,,34.25,,,8000,274720.00,5,F1,1600,,,,,
2026-07-30,2026-07-30,CM,NSE,STK,764131,INE1GFG01011,HAPPY,SM,,,,,HAPPY STEELS LIMITED,58.25,62.00,57.65,58.85,60.60,61.65,,58.85,,,74000,4418200.00,35,F1,2000,,,,,
2026-07-30,2026-07-30,CM,NSE,STK,8962,INE626Z01029,HARDWYN,EQ,,,,,HARDWYN INDIA LIMITED,11.42,11.49,11.18,11.20,11.21,11.51,,11.20,,,1197545,13456544.46,2220,F1,1,,,,,
2026-07-30,2026-07-30,CM,NSE,STK,8968,INE00EV01017,HARIOMPIPE,EQ,,,,,HARIOM PIPE INDUSTRIES L,388.00,392.50,381.05,387.10,389.00,391.25,,387.10,,,52825,20407172.65,2084,F1,1,,,,,
2026-07-30,2026-07-30,CM,NSE,STK,1313,INE544A01019,HARRMALAYA,EQ,,,,,HARRISON MALAYALAM LTD,218.47,218.47,208.40,210.00,209.00,218.47,,210.01,,,9019,1917683.35,339,F1,1,,,,,
2026-07-30,2026-07-30,CM,NSE,STK,11162,INE0JUS01029,HARSHA,EQ,,,,,HARSHA ENGINEERS INT LTD,409.00,409.45,396.00,398.05,396.90,410.60,,398.05,,,89787,35902601.85,4175,F1,1,,,,,
2026-07-30,2026-07-30,CM,NSE,STK,18154,INE982F01036,HATHWAY,EQ,,,,,HATHWAY CABLE & DATACOM,10.81,10.83,10.69,10.75,10.79,10.80,,10.75,,,1046854,11254255.36,1823,F1,1,,,,,
2026-07-30,2026-07-30,CM,NSE,STK,3892,INE473B01035,HATSUN,EQ,,,,,HATSUN AGRO PRODUCT LTD.,881.20,887.85,873.20,879.55,874.65,885.60,,879.85,,,14123,12450995.50,2218,F1,1,,,,,
2026-07-30,2026-07-30,CM,NSE,STK,9819,INE176B01034,HAVELLS,EQ,,,,,HAVELLS INDIA LIMITED,1237.00,1264.40,1227.90,1261.70,1262.00,1237.00,,1261.70,,,1639594,2046926677.20,43595,F1,1,,,,,
2026-07-30,2026-07-30,CM,NSE,STK,4444,INE979B01015,HAWKINCOOK,EQ,,,,,HAWKINS COOKERS LTD,8551.00,8671.00,8411.00,8530.50,8411.00,8520.50,,8531.00,,,1434,12258443.00,514,F1,1,,,,,
2026-07-30,2026-07-30,CM,NSE,STK,4118,INE550B01022,HBSL,BE,,,,,HB STOCKHOLDINGS LIMITED,50.00,50.00,47.15,48.00,48.00,49.27,,48.00,,,624,29751.44,30,F1,1,,,,,
2026-07-30,2026-07-30,CM,NSE,STK,13966,INE292B01021,HBLENGINE,EQ,,,,,HBL ENGINEERING LTD,705.00,707.00,697.00,699.30,698.95,708.05,,699.35,,,436179,305690728.05,19573,F1,1,,,,,
2026-07-30,2026-07-30,CM,NSE,STK,1327,INE236A01020,HCL-INSYS,EQ,,,,,HCL INFOSYSTEMS LTD,11.53,11.58,11.30,11.30,11.30,11.41,,11.30,,,154444,1765830.02,730,F1,1,,,,,
2026-07-30,2026-07-30,CM,NSE,STK,7229,INE860A01027,HCLTECH,EQ,,,,,HCL TECHNOLOGIES LTD,1349.00,1369.90,1345.60,1352.70,1351.50,1344.30,,1352.70,,,3747919,5097527081.20,129759,F1,1,,,,,
2026-07-30,2026-07-30,CM,NSE,STK,757772,INE756I01012,HDBFS,EQ,,,,,HDB FINANCIAL SERVICES L,679.70,688.00,673.00,680.95,680.10,679.70,,680.95,,,408643,278815043.10,30525,F1,1,,,,,
2026-07-30,2026-07-30,CM,NSE,STK,4244,INE127D01025,HDFCAMC,EQ,,,,,HDFC AMC LIMITED,2535.00,2554.90,2529.20,2546.30,2549.50,2541.90,,2546.30,,,293137,745431674.10,16254,F1,1,,,,,
2026-07-30,2026-07-30,CM,NSE,STK,1333,INE040A01034,HDFCBANK,EQ,,,,,HDFC BANK LTD,752.80,757.90,745.50,753.95,753.40,748.20,,754.30,,,35844392,26916353128.70,356030,F1,1,,,,,
2026-07-30,2026-07-30,CM,NSE,STK,19543,INF179KC1981,HDFCGOLD,EQ,,,,,HDFC GOLD ETF,120.74,121.40,120.54,121.28,121.23,120.73,,121.28,,,1670767,202032112.51,7048,F1,1,,,,,
2026-07-30,2026-07-30,CM,NSE,STK,467,INE795G01014,HDFCLIFE,EQ,,,,,HDFC LIFE INS CO LTD,557.00,558.85,544.70,545.40,545.05,556.70,,545.40,,,4394541,2406576901.90,61397,F1,1,,,,,
2026-07-30,2026-07-30,CM,NSE,STK,14230,INF179KC1EZ4,HDFCBSE500,EQ,,,,,HDFCAMC - HDFCBSE500,37.26,37.79,37.26,37.67,37.79,37.61,,37.67,,,900426,33692150.41,320,F1,1,,,,,
2026-07-30,2026-07-30,CM,NSE,STK,11241,INF179KC1DJ0,HDFCGROWTH,EQ,,,,,HDFCAMC - HDFCGROWTH,121.05,122.52,121.03,121.91,121.03,121.35,,121.89,,,88346,10785822.24,586,F1,1,,,,,
2026-07-30,2026-07-30,CM,NSE,STK,18279,INF179KC1JG3,HDFCLIQUID,EQ,,,,,HDFCAMC - HDFCLIQUID,1071.50,1071.50,1071.48,1071.49,1071.50,1071.34,,1071.49,,,24212,25942804.54,47,F1,1,,,,,
2026-07-30,2026-07-30,CM,NSE,STK,11547,INF179KC1HU8,HDFCLOWVOL,EQ,,,,,HDFCAMC - HDFCLOWVOL,21.14,21.19,21.05,21.06,21.16,21.05,,21.06,,,221774,4690064.58,78,F1,1,,,,,
2026-07-30,2026-07-30,CM,NSE,STK,14236,INF179KC1HT0,HDFCMID150,EQ,,,,,HDFCAMC - HDFCMID150,23.49,23.50,23.24,23.30,23.37,23.39,,23.30,,,250838,5850766.64,1301,F1,1,,,,,
2026-07-30,2026-07-30,CM,NSE,STK,11538,INF179KC1HV6,HDFCMOMENT,EQ,,,,,HDFCAMC - HDFCMOMENT,30.33,30.57,30.21,30.41,30.46,30.46,,30.41,,,125601,3812111.13,574,F1,1,,,,,
2026-07-30,2026-07-30,CM,NSE,STK,10619,INF179KC1HS2,HDFCNEXT50,EQ,,,,,HDFCAMC - HDFCNEXT50,74.04,74.20,73.71,74.11,74.19,74.04,,74.11,,,489385,36249952.81,556,F1,1,,,,,
2026-07-30,2026-07-30,CM,NSE,STK,10633,INF179KC1HR4,HDFCNIF100,EQ,,,,,HDFCAMC - HDFCNIF100,25.92,26.23,25.65,26.19,26.22,26.06,,26.19,,,14162,370772.84,188,F1,1,,,,,
2026-07-30,2026-07-30,CM,NSE,STK,22433,INF179KC1HY0,HDFCNIFBAN,EQ,,,,,HDFCAMC - HDFCNIFBAN,58.78,58.82,58.38,58.74,58.64,58.78,,58.74,,,76046,4451817.36,390,F1,1,,,,,
2026-07-30,2026-07-30,CM,NSE,STK,12101,INF179KC1IA8,HDFCNIFIT,EQ,,,,,HDFCAMC - HDFCNIFIT,33.33,34.00,33.15,33.33,33.26,33.10,,33.33,,,834011,28001215.40,792,F1,1,,,,,
2026-07-30,2026-07-30,CM,NSE,STK,11591,INF179KC1965,HDFCNIFTY,EQ,,,,,HDFCAMC - HDFCNIFTY,273.91,273.91,272.09,273.48,273.05,272.91,,273.48,,,96616,26389156.34,1209,F1,1,,,,,
2026-07-30,2026-07-30,CM,NSE,STK,12108,INF179KC1HZ7,HDFCPVTBAN,EQ,,,,,HDFCAMC - HDFCPVTBAN,28.09,28.11,27.86,28.06,28.06,28.11,,28.06,,,172109,4811927.99,398,F1,1,,,,,
2026-07-30,2026-07-30,CM,NSE,STK,11255,INF179KC1DL6,HDFCQUAL,EQ,,,,,HDFCAMC - HDFCQUAL,58.96,59.21,57.75,59.02,58.03,58.78,,59.01,,,17494,1033055.40,157,F1,1,,,,,
2026-07-30,2026-07-30,CM,NSE,STK,11593,INF179KC1HX2,HDFCSENSEX,EQ,,,,,HDFCAMC - HDFCSENSEX,88.28,88.45,87.85,88.21,88.15,87.85,,88.23,,,45207,3981017.06,448,F1,1,,,,,
2026-07-30,2026-07-30,CM,NSE,STK,10876,INF179KC1DI2,HDFCSILVER,EQ,,,,,HDFCAMC - HDFCSILVER,206.39,206.95,205.00,206.69,206.51,206.71,,206.67,,,1626472,334846733.07,10605,F1,1,,,,,
2026-07-30,2026-07-30,CM,NSE,STK,14233,INF179KC1FB2,HDFCSML250,EQ,,,,,HDFCAMC - HDFCSML250,182.09,182.09,179.52,179.85,179.90,181.22,,179.85,,,1113702,200687582.99,7963,F1,1,,,,,
2026-07-30,2026-07-30,CM,NSE,STK,11260,INF179KC1DK8,HDFCVALUE,EQ,,,,,HDFCAMC - HDFCVALUE,126.16,126.97,126.16,126.76,126.76,126.16,,126.76,,,24898,3147980.63,72,F1,1,,,,,
2026-07-30,2026-07-30,CM,NSE,STK,22595,INF179KC1HW4,HDFCPSUBK,EQ,,,,,HDFCAMC HDFCPSUBK,84.00,84.47,83.71,84.19,84.16,84.16,,84.19,,,59939,5040004.58,261,F1,1,,,,,
2026-07-30,2026-07-30,CM,NSE,STK,19205,INE759V01019,HEADSUP,EQ,,,,,HEADS UP VENTURES LIMITED,6.94,6.97,6.26,6.57,6.64,6.80,,6.57,,,36297,237527.50,332,F1,1,,,,,
2026-07-30,2026-07-30,CM,NSE,STK,20063,INE019J01013,HEALTHX,EQ,,,,,HEALTH X PLATFORM LIMITED,315.55,315.55,304.55,310.20,309.10,305.45,,310.20,,,16479,5181337.10,147,F1,1,,,,,
2026-07-30,2026-07-30,CM,NSE,STK,15555,INE075I01017,HCG,EQ,,,,,HEALTHCARE GLOB. ENT. LTD,676.05,681.50,660.10,669.65,674.00,674.75,,669.65,,,156557,105116076.80,16354,F1,1,,,,,
2026-07-30,2026-07-30,CM,NSE,STK,7425,INE558R01013,HECPROJECT,EQ,,,,,HEC INFRA PROJECTS LTD,134.00,134.69,126.00,128.74,126.00,134.35,,128.74,,,21294,2804190.73,792,F1,1,,,,,
2026-07-30,2026-07-30,CM,NSE,STK,1336,INE545A01024,HEG,EQ,,,,,HEG LTD,675.00,683.00,656.00,659.25,659.70,672.65,,659.25,,,2076663,1387857469.70,52068,F1,1,,,,,
2026-07-30,2026-07-30,CM,NSE,STK,2316,INE578A01017,HEIDELBERG,EQ,,,,,HEIDELBERGCEMENT (I) LTD,155.27,156.00,152.10,152.84,152.89,155.27,,152.84,,,94497,14518510.94,2037,F1,1,,,,,
2026-07-30,2026-07-30,CM,NSE,STK,701,INE0AJG01018,HEMIPROP,EQ,,,,,HEMISPHERE PROP IND LTD,134.10,136.05,134.10,134.56,134.50,134.84,,134.56,,,139700,18848504.41,1349,F1,1,,,,,
2026-07-30,2026-07-30,CM,NSE,STK,2614,INE694N01015,HERANBA,EQ,,,,,HERANBA INDUSTRIES LTD,176.26,179.98,173.24,174.96,174.41,178.04,,174.97,,,25102,4405921.94,1015,F1,1,,,,,
2026-07-30,2026-07-30,CM,NSE,STK,4598,INE978A01027,HERITGFOOD,EQ,,,,,HERITAGE FOODS LTD,329.95,338.00,328.25,329.40,330.00,328.75,,329.40,,,299161,99171549.40,5467,F1,1,,,,,
2026-07-30,2026-07-30,CM,NSE,STK,1348,INE158A01026,HEROMOTOCO,EQ,,,,,HERO MOTOCORP LIMITED,5168.80,5353.60,5161.00,5325.00,5326.10,5149.10,,5325.00,,,1368741,7263179077.50,111654,F1,1,,,,,
2026-07-30,2026-07-30,CM,NSE,STK,7048,INE782E01017,HESTERBIO,EQ,,,,,HESTER BIOSCIENCES LTD,2509.40,2683.60,2365.00,2478.20,2482.00,2496.90,,2477.80,,,450573,1141596291.10,49906,F1,1,,,,,
2026-07-30,2026-07-30,CM,NSE,STK,27008,INE750M01017,HEXATRADEX,EQ,,,,,HEXA TRADEX LIMITED,157.00,158.30,155.65,157.42,158.29,157.04,,157.41,,,2779,436128.59,62,F1,1,,,,,
2026-07-30,2026-07-30,CM,NSE,STK,750116,INE0JUI01012,HEXAGON,BE,,,,,HEXAGON NUTRITION LIMITED,62.01,63.50,60.07,62.79,63.50,62.06,,62.56,,,429038,26261884.22,1753,F1,1,,,,,
2026-07-30,2026-07-30,CM,NSE,STK,29666,INE093A01041,HEXT,EQ,,,,,HEXAWARE TECHNOLOGIES LTD,598.10,598.10,565.60,575.55,576.20,618.30,,575.55,,,2228602,1284776399.20,65414,F1,1,,,,,
2026-07-30,2026-07-30,CM,NSE,STK,21951,INE548A01028,HFCL,EQ,,,,,HFCL LIMITED,193.00,195.53,183.90,184.69,183.95,193.56,,184.70,,,21043194,3942987329.64,91920,F1,1,,,,,
2026-07-30,2026-07-30,CM,NSE,STK,18794,INE0PIC01017,HIGREEN,SM,,,,,HI GREEN CARBON LIMITED,131.50,138.00,131.50,136.05,136.05,132.35,,136.05,,,27200,3680400.00,33,F1,800,,,,,
2026-07-30,2026-07-30,CM,NSE,STK,2868,INE106T01025,HITECH,EQ,,,,,HI-TECH PIPES LIMITED,86.20,86.20,84.36,84.74,84.75,86.21,,84.74,,,385100,32750943.74,3183,F1,1,,,,,
2026-07-30,2026-07-30,CM,NSE,STK,759103,INE00RL01028,HILINFRA,EQ,,,,,HIGHWAY INFRASTRUCTURE L,46.95,47.80,45.50,45.92,46.29,46.99,,45.92,,,40272,1882246.39,464,F1,1,,,,,
2026-07-30,2026-07-30,CM,NSE,STK,9668,INE475B01022,HIKAL,EQ,,,,,HIKAL LIMITED,221.46,222.88,216.01,216.99,217.88,221.38,,216.97,,,123310,26890557.09,3204,F1,1,,,,,
2026-07-30,2026-07-30,CM,NSE,STK,14631,INE788H01017,HILTON,BE,,,,,HILTON METAL FORGING LTD,20.75,22.34,20.75,21.74,21.51,21.61,,21.73,,,83747,1806150.11,174,F1,1,,,,,
2026-07-30,2026-07-30,CM,NSE,STK,14334,INE019C01026,HSCL,EQ,,,,,HIMADRI SPECIALITY CHEM L,771.00,773.60,753.10,760.50,762.35,769.90,,760.50,,,3384244,2574586734.35,32945,F1,1,,,,,
2026-07-30,2026-07-30,CM,NSE,STK,1360,INE049A01027,HIMATSEIDE,EQ,,,,,HIMATSINGKA SEIDE LTD,80.62,80.62,79.01,79.23,79.25,80.62,,79.22,,,297494,23687021.70,2235,F1,1,,,,,
2026-07-30,2026-07-30,CM,NSE,STK,13890,INE835D01023,HIRECT,EQ,,,,,HIND RECTIFIER LIMITED,1346.00,1355.00,1290.40,1300.40,1299.90,1323.10,,1301.10,,,199318,263519127.80,13182,F1,1,,,,,
2026-07-30,2026-07-30,CM,NSE,STK,1363,INE038A01020,HINDALCO,EQ,,,,,HINDALCO  INDUSTRIES  LTD,968.00,973.05,960.60,970.40,969.50,962.45,,970.40,,,4259226,4118976853.55,107760,F1,1,,,,,
2026-07-30,2026-07-30,CM,NSE,STK,4920,INE642Y01029,HINDCON,EQ,,,,,HINDCON CHEMICALS LIMITED,22.55,23.35,21.70,23.16,23.17,22.75,,23.16,,,66365,1504825.65,306,F1,1,,,,,
2026-07-30,2026-07-30,CM,NSE,STK,11796,INE05X901010,HPIL,EQ,,,,,HINDPRAKASH INDUSTRY LTD,126.00,130.00,126.00,129.85,128.40,126.07,,129.85,,,5346,682541.52,49,F1,1,,,,,
2026-07-30,2026-07-30,CM,NSE,STK,14712,INE170I01016,HGS,EQ,,,,,HINDUJA GLOBAL SOLS. LTD.,423.00,428.90,423.00,425.55,425.00,423.85,,425.55,,,10527,4489930.10,705,F1,1,,,,,
2026-07-30,2026-07-30,CM,NSE,STK,2303,INE066F01020,HAL,EQ,,,,,HINDUSTAN AERONAUTICS LTD,4580.00,4597.50,4538.20,4581.40,4590.00,4592.00,,4581.40,,,606007,2764400043.50,26881,F1,1,,,,,
2026-07-30,2026-07-30,CM,NSE,STK,1372,INE310C01029,HINDCOMPOS,EQ,,,,,HINDUSTAN COMPOSITES LTD.,428.45,432.95,425.00,426.15,426.00,428.05,,426.15,,,1835,784822.80,164,F1,1,,,,,
2026-07-30,2026-07-30,CM,NSE,STK,1375,INE549A01026,HCC,EQ,,,,,HINDUSTAN CONSTRUCTION CO,21.33,21.34,20.80,20.94,21.04,21.35,,20.94,,,12691735,266679806.20,18096,F1,1,,,,,
2026-07-30,2026-07-30,CM,NSE,STK,17939,INE531E01026,HINDCOPPER,EQ,,,,,HINDUSTAN COPPER LTD,481.25,489.85,477.50,480.25,479.95,483.45,,480.30,,,2347659,1130587240.35,40347,F1,1,,,,,
2026-07-30,2026-07-30,CM,NSE,STK,12173,INE254N01026,HNDFDS,EQ,,,,,HINDUSTAN FOODS LIMITED,568.10,580.40,565.10,574.05,578.95,568.00,,574.00,,,60019,34403041.25,2820,F1,1,,,,,
2026-07-30,2026-07-30,CM,NSE,STK,19211,INE871K01015,HMVL,EQ,,,,,HINDUSTAN MEDIA VENT LTD,95.05,95.96,92.60,95.08,93.00,94.99,,95.08,,,27314,2591300.66,525,F1,1,,,,,
2026-07-30,2026-07-30,CM,NSE,STK,1403,INE345A01011,HINDOILEXP,EQ,,,,,HINDUSTAN OIL EXPLORATION,158.80,162.50,157.12,159.26,158.99,157.01,,159.27,,,434269,69648559.20,5318,F1,1,,,,,
2026-07-30,2026-07-30,CM,NSE,STK,1406,INE094A01015,HINDPETRO,EQ,,,,,HINDUSTAN PETROLEUM CORP,392.80,393.30,386.25,388.45,388.50,392.75,,388.45,,,6084665,2365835377.30,63454,F1,1,,,,,
2026-07-30,2026-07-30,CM,NSE,STK,1394,INE030A01027,HINDUNILVR,EQ,,,,,HINDUSTAN UNILEVER LTD.,2120.00,2132.60,2088.00,2107.90,2107.00,2117.80,,2107.90,,,2602039,5478125242.80,87127,F1,1,,,,,
2026-07-30,2026-07-30,CM,NSE,STK,1424,INE267A01025,HINDZINC,EQ,,,,,HINDUSTAN ZINC LIMITED,539.65,542.00,531.30,535.90,536.90,536.70,,535.85,,,2928457,1568510121.15,41908,F1,1,,,,,
2026-07-30,2026-07-30,CM,NSE,STK,15883,INE05AN01011,HINDWAREAP,EQ,,,,,HINDWARE HME INOVATON LTD,219.60,220.15,215.05,218.30,216.00,219.40,,218.30,,,57338,12443943.45,1997,F1,1,,,,,
2026-07-30,2026-07-30,CM,NSE,STK,19322,INE598C01011,HISARMETAL,EQ,,,,,HISAR METAL IND. LIMITED,147.00,151.00,146.00,147.38,146.10,148.38,,147.38,,,2094,309215.31,55,F1,1,,,,,
2026-07-30,2026-07-30,CM,NSE,STK,18457,INE07Y701011,POWERINDIA,EQ,,,,,HITACHI ENERGY INDIA LTD,31525.00,31735.00,31020.00,31250.00,31355.00,31675.00,,31250.00,,,112162,3510825215.00,32530,F1,1,,,,,
2026-07-30,2026-07-30,CM,NSE,STK,15165,INE120D01012,HITECHCORP,BE,,,,,HITECH CORPORATION LTD,323.00,323.00,320.00,322.00,322.00,320.00,,322.00,,,5949,1906083.90,87,F1,1,,,,,
2026-07-30,2026-07-30,CM,NSE,STK,2289,INE461D01028,HLEGLAS,EQ,,,,,HLE GLASCOAT LIMITED,430.00,434.70,417.80,424.45,420.50,428.00,,424.45,,,142414,60587184.30,7203,F1,1,,,,,
2026-07-30,2026-07-30,CM,NSE,STK,1448,INE102A01024,HLVLTD,EQ,,,,,HLV LIMITED,7.06,7.12,7.03,7.06,7.08,7.12,,7.06,,,106245,751487.89,466,F1,1,,,,,
2026-07-30,2026-07-30,CM,NSE,STK,17053,INE0ECP01024,HMAAGRO,EQ,,,,,HMA AGRO INDUSTRIES LTD,22.23,22.44,20.88,21.00,21.00,21.95,,21.00,,,789132,16789284.88,3523,F1,1,,,,,
2026-07-30,2026-07-30,CM,NSE,STK,763695,INE2T2Q07287,850HMDA34,N0,,,,,HMDA 8.50% 2034 STRPP E,103547.26,103547.26,103547.26,103547.26,103547.26,102310.96,,103547.26,,,20,2070945.20,1,F1,1,,,,,
2026-07-30,2026-07-30,CM,NSE,STK,19698,INE262A01018,HMT,BZ,,,,,HMT LTD -,60.90,62.37,59.05,61.62,61.20,59.40,,61.59,,,22322,1374777.56,125,F1,1,,,,,
2026-07-30,2026-07-30,CM,NSE,STK,23826,INE0S6S01017,HOACFOODS,ST,,,,,HOAC FOODS INDIA LIMITED,712.00,736.00,712.00,730.50,736.00,725.00,,730.50,,,1500,1086731.25,4,F1,375,,,,,
2026-07-30,2026-07-30,CM,NSE,STK,18649,INE0LXA01019,HOLMARC,SM,,,,,HOLMARC OPTO MECHATRO L,105.00,105.00,104.00,104.00,104.00,102.00,,104.00,,,1500,156750.00,2,F1,750,,,,,
2026-07-30,2026-07-30,CM,NSE,STK,2056,INE481N01025,HOMEFIRST,EQ,,,,,HOME FIRST FIN CO IND LTD,1182.50,1203.10,1169.00,1188.20,1181.50,1174.50,,1188.20,,,180202,214005478.20,16727,F1,1,,,,,
2026-07-30,2026-07-30,CM,NSE,STK,19813,INE0J5401028,HONASA,EQ,,,,,HONASA CONSUMER LIMITED,448.15,452.30,442.60,445.95,449.00,449.35,,445.95,,,654194,292360680.80,17206,F1,1,,,,,
2026-07-30,2026-07-30,CM,NSE,STK,3138,INE634A01018,HONDAPOWER,EQ,,,,,HONDA I POWER PRODUCT LTD,2090.00,2150.00,2074.00,2114.60,2123.00,2119.70,,2114.20,,,6961,14758025.90,1022,F1,1,,,,,
2026-07-30,2026-07-30,CM,NSE,STK,3417,INE671A01010,HONAUT,EQ,,,,,HONEYWELL AUTOMATION IND,40050.00,40280.00,39300.00,39505.00,39400.00,40105.00,,39505.00,,,14732,586363055.00,6442,F1,1,,,,,
2026-07-30,2026-07-30,CM,NSE,STK,17920,INE191I01012,HDIL,BZ,,,,,HOUSING DEV & INFRA LTD,1.65,1.69,1.62,1.63,1.67,1.65,,1.63,,,90574,148882.95,160,F1,1,,,,,
2026-07-30,2026-07-30,CM,NSE,STK,7376,INE0GSL01024,HPAL,EQ,,,,,HP ADHESIVES LIMITED,33.00,33.35,32.50,32.91,32.65,32.75,,32.91,,,46669,1529718.64,576,F1,1,,,,,
2026-07-30,2026-07-30,CM,NSE,STK,29875,INE0VA601019,HPTL,SM,,,,,HP TELECOM INDIA LIMITED,314.60,314.60,313.95,314.60,314.60,299.65,,314.60,,,6600,2075220.00,10,F1,600,,,,,
2026-07-30,2026-07-30,CM,NSE,STK,18679,INE495S01016,HPL,EQ,,,,,HPL ELECTRIC & POWER LTD,336.50,336.65,330.00,330.90,331.00,336.25,,330.90,,,54969,18272010.50,2173,F1,1,,,,,
2026-07-30,2026-07-30,CM,NSE,STK,761506,INF336L01RX2,HSBCGOLD,EQ,,,,,HSBCAMC - HSBCGOLD,123.81,124.02,122.77,123.89,123.90,123.20,,123.89,,,270,33301.71,12,F1,1,,,,,
2026-07-30,2026-07-30,CM,NSE,STK,20825,INE031A01017,HUDCO,EQ,,,,,HSG & URBAN DEV CORPN LTD,194.75,198.09,193.90,197.11,197.10,195.21,,197.13,,,1397122,274742311.27,21285,F1,1,,,,,
2026-07-30,2026-07-30,CM,NSE,STK,11979,INE501G01024,HTMEDIA,EQ,,,,,HT MEDIA LIMITED,25.40,25.40,24.50,24.53,24.59,24.80,,24.53,,,44967,1109761.23,312,F1,1,,,,,
2026-07-30,2026-07-30,CM,NSE,STK,14203,INE703H01016,HUBTOWN,EQ,,,,,HUBTOWN LIMITED,193.00,193.00,185.99,187.29,188.00,191.52,,187.29,,,323856,61200652.75,3880,F1,1,,,,,
2026-07-30,2026-07-30,CM,NSE,STK,2562,INE275B01026,HUHTAMAKI,EQ,,,,,HUHTAMAKI INDIA LIMITED,295.90,302.00,293.13,298.58,298.78,296.89,,298.58,,,470725,140665145.47,6918,F1,1,,,,,
2026-07-30,2026-07-30,CM,NSE,STK,25708,INE0TO501019,HVAX,SM,,,,,HVAX TECHNOLOGIES LIMITED,625.00,641.95,599.00,640.95,641.95,625.00,,640.95,,,900,559492.50,5,F1,150,,,,,
2026-07-30,2026-07-30,CM,NSE,STK,12814,INE965B01022,HYBRIDFIN,BE,,,,,HYBRID FINANCIAL SERVICE,18.54,18.70,18.11,18.53,18.70,18.54,,18.53,,,18670,343658.52,43,F1,1,,,,,
2026-07-30,2026-07-30,CM,NSE,STK,25844,INE0V6F01027,HYUNDAI,EQ,,,,,HYUNDAI MOTOR INDIA LTD,1992.00,2047.80,1980.10,2018.20,2040.30,1992.90,,2018.50,,,735778,1476912796.90,39680,F1,1,,,,,
2026-07-30,2026-07-30,CM,NSE,STK,14086,INE204A01010,IGPL,EQ,,,,,I G PETROCHEMICALS LTD,460.65,471.00,454.10,468.15,471.00,463.50,,468.15,,,26578,12310689.15,901,F1,1,,,,,
2026-07-30,2026-07-30,CM,NSE,STK,21348,INE0O7401018,IBLFL,SM,,,,,IBL FINANCE LIMITED,61.00,62.00,61.00,61.50,61.00,61.05,,61.50,,,8000,490000.00,4,F1,2000,,,,,
2026-07-30,2026-07-30,CM,NSE,STK,764064,INE0XE501015,ICELCO,SM,,,,,IC ELECTRICALS COMPANY L,155.95,155.95,147.50,148.50,148.00,156.00,,148.50,,,49200,7363980.00,39,F1,1200,,,,,
2026-07-30,2026-07-30,CM,NSE,STK,6977,INE613B01010,ICDSLTD,EQ,,,,,ICDS LTD,41.34,41.34,39.52,40.99,40.99,41.34,,40.99,,,150,6132.42,10,F1,1,,,,,
2026-07-30,2026-07-30,CM,NSE,STK,489,INE520Y01019,ICEMAKE,EQ,,,,,ICE MAKE REFRIGERAT LTD,810.00,836.00,801.60,813.95,814.40,807.95,,813.95,,,47284,38832137.60,3954,F1,1,,,,,
2026-07-30,2026-07-30,CM,NSE,STK,4963,INE090A01021,ICICIBANK,EQ,,,,,ICICI BANK LTD.,1431.10,1442.20,1422.60,1433.90,1430.00,1437.90,,1434.40,,,14141173,20232971620.00,180054,F1,1,,,,,
2026-07-30,2026-07-30,CM,NSE,STK,21770,INE765G01017,ICICIGI,EQ,,,,,ICICI LOMBARD GIC LIMITED,1645.10,1647.30,1620.10,1637.90,1632.10,1648.80,,1637.90,,,432105,706098405.90,25157,F1,1,,,,,
2026-07-30,2026-07-30,CM,NSE,STK,21254,INF109KC19U5,LOWVOLIETF,EQ,,,,,ICICI PR NIF LW VL 30 ETF,22.66,22.74,22.41,22.73,22.74,22.66,,22.73,,,4317617,97939529.79,1331,F1,1,,,,,
2026-07-30,2026-07-30,CM,NSE,STK,18652,INE726G01019,ICICIPRULI,EQ,,,,,ICICI PRU LIFE INS CO LTD,511.65,513.70,506.70,510.60,511.40,511.65,,510.60,,,1253572,639052078.50,16709,F1,1,,,,,
2026-07-30,2026-07-30,CM,NSE,STK,17702,INF109KC10W0,MIDSELIETF,EQ,,,,,ICICI PRUD MIDCAP SEL ETF,19.49,19.67,19.37,19.45,19.51,19.49,,19.45,,,119856,2332557.30,561,F1,1,,,,,
2026-07-30,2026-07-30,CM,NSE,STK,30392,INF109KC16V9,NIF100IETF,EQ,,,,,ICICI PRUD NIFTY 100 ETF,28.17,28.50,28.08,28.25,28.50,28.17,,28.25,,,45535,1284726.82,651,F1,1,,,,,
2026-07-30,2026-07-30,CM,NSE,STK,29553,INF109K012R6,NIFTYIETF,EQ,,,,,ICICI PRUD NIFTY ETF,277.15,277.15,273.84,275.03,274.90,274.41,,275.03,,,849532,233507927.89,4416,F1,1,,,,,
2026-07-30,2026-07-30,CM,NSE,STK,4378,INF346A01034,SENSEXIETF,EQ,,,,,ICICI PRUD SENSEX ETF,889.99,896.40,889.53,893.86,894.10,891.40,,893.86,,,12091,10796244.19,383,F1,1,,,,,
2026-07-30,2026-07-30,CM,NSE,STK,760407,INE346A01027,ICICIAMC,EQ,,,,,ICICI PRUDENTIAL AMC LTD,3110.80,3114.00,3046.50,3051.40,3050.00,3110.70,,3051.40,,,292435,898168584.10,24626,F1,1,,,,,
2026-07-30,2026-07-30,CM,NSE,STK,19679,INF109KC1NT3,GOLDIETF,EQ,,,,,ICICI PRUDENTIAL GOLD ETF,121.10,121.80,120.95,121.52,121.79,121.10,,121.52,,,4727941,574039097.64,20041,F1,1,,,,,
2026-07-30,2026-07-30,CM,NSE,STK,17475,INF109KC11V0,NV20IETF,EQ,,,,,ICICI PRUDENTIAL NV20 ETF,13.69,13.80,13.52,13.75,13.74,13.69,,13.75,,,334745,4595052.03,1150,F1,1,,,,,
2026-07-30,2026-07-30,CM,NSE,STK,522,INF109KB15Y7,ICICIB22,EQ,,,,,ICICIPRAMC - BHARATIWIN,115.26,116.24,114.59,115.54,115.58,115.25,,115.55,,,351894,40560285.07,2204,F1,1,,,,,
2026-07-30,2026-07-30,CM,NSE,STK,30139,INF109K1A021,CASHIETF,EQ,,,,,ICICIPRAMC - CASHIETF,1073.03,1073.05,1073.03,1073.05,1073.05,1072.89,,1073.05,,,188746,202532739.94,154,F1,1,,,,,
2026-07-30,2026-07-30,CM,NSE,STK,755881,INF109K1A153,EVIETF,EQ,,,,,ICICIPRAMC - EVIETF,32.15,32.49,31.99,32.41,32.49,32.15,,32.41,,,119810,3866192.02,462,F1,1,,,,,
2026-07-30,2026-07-30,CM,NSE,STK,13143,INF109KC18O0,GSEC10IETF,EQ,,,,,ICICIPRAMC - ICICI10GS,265.45,265.45,263.18,263.18,263.18,264.01,,263.18,,,10,2638.59,5,F1,1,,,,,
2026-07-30,2026-07-30,CM,NSE,STK,3001,INF109KC1V59,BSE500IETF,EQ,,,,,ICICIPRAMC - ICICI500,39.36,39.50,39.24,39.42,39.48,39.36,,39.42,,,61502,2424263.44,523,F1,1,,,,,
2026-07-30,2026-07-30,CM,NSE,STK,8342,INF109KC14A8,GSEC5IETF,EQ,,,,,ICICIPRAMC - ICICI5GSEC,66.56,66.72,66.20,66.20,66.20,66.23,,66.40,,,1141,75721.41,18,F1,1,,,,,
2026-07-30,2026-07-30,CM,NSE,STK,22344,INF109KC17V7,ALPL30IETF,EQ,,,,,ICICIPRAMC - ICICIALPLV,28.13,28.27,28.05,28.24,28.26,28.13,,28.24,,,238600,6732778.34,580,F1,1,,,,,
2026-07-30,2026-07-30,CM,NSE,STK,7844,INF109KC10V2,AUTOIETF,EQ,,,,,ICICIPRAMC - ICICIAUTO,30.00,30.00,28.72,29.27,29.35,28.83,,29.27,,,900098,26218940.73,2040,F1,1,,,,,
2026-07-30,2026-07-30,CM,NSE,STK,11386,INF109KC18U7,PVTBANIETF,EQ,,,,,ICICIPRAMC - ICICIBANKP,28.12,28.12,27.63,27.76,27.76,27.83,,27.76,,,2509960,69519601.11,1448,F1,1,,,,,
2026-07-30,2026-07-30,CM,NSE,STK,13198,INF109KC19O8,COMMOIETF,EQ,,,,,ICICIPRAMC - ICICICOMMO,99.98,100.26,99.47,99.92,100.26,99.99,,99.92,,,70805,7059298.87,2211,F1,1,,,,,
2026-07-30,2026-07-30,CM,NSE,STK,6446,INF109KC1V42,CONSUMIETF,EQ,,,,,ICICIPRAMC - ICICICONSU,124.32,125.24,123.21,125.02,123.21,124.32,,125.02,,,30640,3823990.31,216,F1,1,,,,,
2026-07-30,2026-07-30,CM,NSE,STK,5306,INF109KC19V3,FMCGIETF,EQ,,,,,ICICIPRAMC - ICICIFMCG,54.10,54.58,53.10,53.23,53.29,53.27,,53.23,,,1090171,58075651.02,3172,F1,1,,,,,
2026-07-30,2026-07-30,CM,NSE,STK,10723,INF109KC16E5,INFRAIETF,EQ,,,,,ICICIPRAMC - ICICIINFRA,94.84,97.00,94.84,96.17,96.15,95.84,,96.19,,,172639,16556362.80,4146,F1,1,,,,,
2026-07-30,2026-07-30,CM,NSE,STK,4838,INF109KC1KT9,LIQUIDIETF,EQ,,,,,ICICIPRAMC - ICICILIQ,999.99,1000.01,999.99,999.99,999.99,999.99,,999.99,,,498732,498731812.33,172,F1,1,,,,,
2026-07-30,2026-07-30,CM,NSE,STK,17152,INF109KC11W8,MIDCAPIETF,EQ,,,,,ICICIPRAMC - ICICIM150,23.89,23.93,23.75,23.80,23.79,23.89,,23.80,,,1129187,26901291.73,1913,F1,1,,,,,
2026-07-30,2026-07-30,CM,NSE,STK,10585,INF109KC17C7,MOM30IETF,EQ,,,,,ICICIPRAMC - ICICIMOM30,30.69,30.77,30.42,30.61,30.61,30.68,,30.61,,,391364,11954199.19,1890,F1,1,,,,,
2026-07-30,2026-07-30,CM,NSE,STK,4529,INF109KC1NS5,NEXT50IETF,EQ,,,,,ICICIPRAMC - ICICINXT50,76.94,76.94,76.15,76.50,76.51,76.44,,76.51,,,543959,41554334.57,3257,F1,1,,,,,
2026-07-30,2026-07-30,CM,NSE,STK,3626,INF109KC1Q72,HEALTHIETF,EQ,,,,,ICICIPRAMC - ICICIPHARM,171.99,174.82,170.96,171.30,171.80,171.39,,171.39,,,114386,19634093.84,3170,F1,1,,,,,
2026-07-30,2026-07-30,CM,NSE,STK,17808,INF109KC18V5,QUAL30IETF,EQ,,,,,ICICIPRAMC - ICICIQTY30,21.35,21.54,21.31,21.40,21.34,21.40,,21.39,,,44539,956372.36,193,F1,1,,,,,
2026-07-30,2026-07-30,CM,NSE,STK,7942,INF109KC1Y56,SILVERIETF,EQ,,,,,ICICIPRAMC - ICICISILVE,216.39,216.41,213.93,215.85,215.80,215.76,,215.85,,,3540724,760655940.58,19823,F1,1,,,,,
2026-07-30,2026-07-30,CM,NSE,STK,22365,INF109KC16I6,ITIETF,EQ,,,,,ICICIPRAMC - ICICITECH,34.60,35.38,34.59,34.64,34.69,34.56,,34.64,,,4419123,154396056.99,2876,F1,1,,,,,
2026-07-30,2026-07-30,CM,NSE,STK,11037,INF109KC15I8,BANKIETF,EQ,,,,,ICICIPRAMC - IPRU5008,59.27,59.27,58.28,58.60,58.55,58.69,,58.61,,,384552,22481971.94,1198,F1,1,,,,,
2026-07-30,2026-07-30,CM,NSE,STK,24861,INF109KC19W1,METALIETF,EQ,,,,,ICICIPRAMC - METALIETF,12.75,12.93,12.64,12.77,12.79,12.75,,12.77,,,4126035,52621007.35,6794,F1,1,,,,,
2026-07-30,2026-07-30,CM,NSE,STK,24533,INF109KC18W3,OILIETF,EQ,,,,,ICICIPRAMC - OILIETF,11.46,11.46,11.21,11.30,11.29,11.24,,11.30,,,4981410,56372650.59,1923,F1,1,,,,,
2026-07-30,2026-07-30,CM,NSE,STK,14584,INF109KC10S8,PSUBNKIETF,EQ,,,,,ICICIPRAMC - PSUBANKICI,84.01,84.51,83.86,84.35,84.50,84.27,,84.35,,,161862,13622804.77,673,F1,1,,,,,
2026-07-30,2026-07-30,CM,NSE,STK,754612,INF109K1A476,SMALLIETF,EQ,,,,,ICICIPRAMC - SMALLIETF,17.95,18.18,17.80,17.84,17.90,17.98,,17.84,,,46261,827314.62,109,F1,1,,,,,
2026-07-30,2026-07-30,CM,NSE,STK,757781,INF109K1A344,TOP15IETF,EQ,,,,,ICICIPRAMC - TOP15IETF,9.95,10.00,9.94,9.98,9.99,9.95,,9.99,,,102059,1018198.64,157,F1,1,,,,,
2026-07-30,2026-07-30,CM,NSE,STK,25851,INF109KC16X5,VAL30IETF,EQ,,,,,ICICIPRAMC - VAL30IETF,15.37,15.41,15.30,15.37,15.41,15.37,,15.37,,,152073,2334420.94,446,F1,1,,,,,
2026-07-30,2026-07-30,CM,NSE,STK,12578,INF109KC17L8,FINIETF,EQ,,,,,ICICIPRAMC-ICICIFIN,32.80,32.80,32.36,32.58,32.75,32.77,,32.58,,,187244,6090627.86,1101,F1,1,,,,,
2026-07-30,2026-07-30,CM,NSE,STK,14523,INE725G01011,ICRA,EQ,,,,,ICRA LIMITED,4799.50,4956.00,4764.00,4923.00,4924.00,4775.50,,4923.00,,,124077,603058263.50,20052,F1,1,,,,,
2026-07-30,2026-07-30,CM,NSE,STK,1476,INE008A01015,IDBI,EQ,,,,,IDBI BANK LIMITED,84.14,85.30,83.70,84.04,83.99,84.14,,84.04,,,6678966,563616376.88,33607,F1,1,,,,,
2026-07-30,2026-07-30,CM,NSE,STK,17142,INE349Y01013,IDEAFORGE,BE,,,,,IDEAFORGE TECHNO LTD,850.10,858.00,840.10,851.10,851.00,848.50,,851.10,,,122570,104284646.65,5064,F1,1,,,,,
2026-07-30,2026-07-30,CM,NSE,STK,24950,INE0T9I01011,IDEALTECHO,SM,,,,,IDEAL TECHNOPLAST IND LTD,181.00,181.00,175.00,175.25,175.00,184.00,,175.25,,,3500,620475.00,6,F1,500,,,,,
2026-07-30,2026-07-30,CM,NSE,STK,11184,INE092T01019,IDFCFIRSTB,EQ,,,,,IDFC FIRST BANK LIMITED,84.93,85.00,83.70,84.76,84.70,85.02,,84.76,,,19103686,1613916452.63,68969,F1,1,,,,,
2026-07-30,2026-07-30,CM,NSE,STK,9300,INE076C01018,IFBAGRO,BE,,,,,IFB AGRO INDUSTRIES LTD,949.00,990.00,948.05,962.25,978.95,988.55,,962.25,,,6993,6705050.50,360,F1,1,,,,,
2026-07-30,2026-07-30,CM,NSE,STK,1485,INE559A01017,IFBIND,EQ,,,,,IFB INDUSTRIES LTD,1331.30,1338.00,1303.70,1312.50,1311.00,1331.30,,1312.10,,,30247,39831924.00,3496,F1,1,,,,,
2026-07-30,2026-07-30,CM,NSE,STK,1491,INE039A01010,IFCI,EQ,,,,,IFCI LTD,71.43,74.10,70.30,73.52,73.31,71.30,,73.52,,,32673070,2375147698.01,87228,F1,1,,,,,
2026-07-30,2026-07-30,CM,NSE,STK,436,INE133Y01011,IFGLEXPOR,EQ,,,,,IFGL REFRACTORIES LIMITED,195.21,197.02,193.00,194.77,193.55,196.14,,194.77,,,20181,3934445.97,795,F1,1,,,,,
2026-07-30,2026-07-30,CM,NSE,STK,759897,INE01XO07017,1225IFL27,N0,,,,,IFL 12.25% 2027,7513.56,7516.13,7513.56,7516.13,7516.13,7513.56,,7516.13,,,29,217965.20,5,F1,1,,,,,
2026-07-30,2026-07-30,CM,NSE,STK,634,INE188B01013,IGARASHI,EQ,,,,,IGARASHI MOTORS INDIA LTD,458.15,458.15,442.80,445.00,447.80,455.85,,445.00,,,29013,13004855.50,1421,F1,1,,,,,
2026-07-30,2026-07-30,CM,NSE,STK,761118,INE530B07633,865IIFL31,Y6,,,,,IIFL 8.65% TR I SR III,990.00,999.00,985.05,998.97,999.00,998.00,,998.97,,,202,200194.55,7,F1,1,,,,,
2026-07-30,2026-07-30,CM,NSE,STK,761119,INE530B07617,870IIFL28,Y7,,,,,IIFL 8.70% TR I SR IV,1010.20,1010.20,1010.20,1010.20,1010.20,1008.00,,1010.20,,,159,160621.80,1,F1,1,,,,,
2026-07-30,2026-07-30,CM,NSE,STK,761121,INE530B07609,9IIFL31,Y9,,,,,IIFL 9.00% TR I SR VI,1000.00,1000.00,1000.00,1000.00,1000.00,1000.00,,1000.00,,,27,27000.00,2,F1,1,,,,,
2026-07-30,2026-07-30,CM,NSE,STK,756153,INE530B07484,960IIFL30,Y2,,,,,IIFL 9.60% TR I SR VIII,1049.00,1049.00,1049.00,1049.00,1049.00,1049.00,,1049.00,,,1,1049.00,1,F1,1,,,,,
2026-07-30,2026-07-30,CM,NSE,STK,13072,INE489L01022,IIFLCAPS,EQ,,,,,IIFL CAPITAL SERVICES LTD,336.00,336.40,334.55,335.60,335.00,335.85,,335.60,,,184145,61737719.95,4773,F1,1,,,,,
2026-07-30,2026-07-30,CM,NSE,STK,12474,INE530B01024,IIFL,BL,,,,,IIFL FINANCE LIMITED,590.00,590.00,590.00,590.00,590.00,334.25,,590.00,,,6339355,3740219450.00,1,F1,999999999,,,,,
2026-07-30,2026-07-30,CM,NSE,STK,11809,INE530B01024,IIFL,EQ,,,,,IIFL FINANCE LIMITED,600.50,619.50,600.00,607.85,608.00,595.10,,607.85,,,3846347,2346368179.40,71096,F1,1,,,,,
2026-07-30,2026-07-30,CM,NSE,STK,761124,INE530B07641,IIFL06326,YC,,,,,IIFL TR I SR IX,980.00,980.00,980.00,980.00,980.00,974.00,,980.00,,,25,24500.00,2,F1,1,,,,,
2026-07-30,2026-07-30,CM,NSE,STK,16822,INE0LOJ01019,IKIO,EQ,,,,,IKIO TECHNOLOGIES LIMITED,204.70,204.70,197.00,199.22,197.16,204.70,,199.28,,,195960,39066213.49,3653,F1,1,,,,,
2026-07-30,2026-07-30,CM,NSE,STK,9380,INE369I01014,IL&FSENGG,BZ,,,,,IL&FS ENG AND CONS CO LTD,35.52,35.53,35.00,35.53,35.53,33.84,,35.93,,,72337,2566839.47,74,F1,1,,,,,
2026-07-30,2026-07-30,CM,NSE,STK,6711,INE050B01023,IVC,EQ,,,,,IL&FS INVESTMENT MANAGERS,8.44,8.50,8.26,8.28,8.29,8.24,,8.28,,,86680,721838.54,540,F1,1,,,,,
2026-07-30,2026-07-30,CM,NSE,STK,9381,INE975G01012,IL&FSTRANS,BZ,,,,,IL&FS TRANS NET LTD,2.24,2.24,2.11,2.15,2.19,2.20,,2.14,,,34732,74445.96,40,F1,1,,,,,
2026-07-30,2026-07-30,CM,NSE,STK,7672,INE172N01012,IMAGICAA,EQ,,,,,IMAGICAAWORLD ENT LTD,45.80,45.90,45.21,45.49,45.60,46.08,,45.49,,,224024,10201448.17,1118,F1,1,,,,,
2026-07-30,2026-07-30,CM,NSE,STK,17507,INE452L01012,INCREDIBLE,EQ,,,,,INCREDIBLE INDUSTRIES LTD,32.62,33.84,32.50,32.61,33.16,33.01,,32.61,,,3709,121724.55,69,F1,1,,,,,
2026-07-30,2026-07-30,CM,NSE,STK,12009,INE547E01014,IMPAL,EQ,,,,,IND MOTOR PART & ACC LTD,1102.60,1115.00,1055.00,1085.90,1095.30,1102.60,,1085.00,,,4629,5006866.70,726,F1,1,,,,,
2026-07-30,2026-07-30,CM,NSE,STK,4870,INE915B01019,INDSWFTLAB,EQ,,,,,IND SWIFT LABORATORIES LT,226.00,228.00,216.70,219.82,218.11,223.58,,219.81,,,369587,81855453.37,5959,F1,1,,,,,
2026-07-30,2026-07-30,CM,NSE,STK,21957,INE611L01021,INDTERRAIN,EQ,,,,,IND TERRAIN FASHIONS LTD,28.51,29.25,28.00,28.05,28.00,28.51,,28.05,,,10001,282895.15,117,F1,1,,,,,
2026-07-30,2026-07-30,CM,NSE,STK,16933,INE841B01017,INDBANK,EQ,,,,,INDBANK MERCH BANK,32.95,32.95,31.55,31.85,32.02,32.55,,31.86,,,36936,1184633.17,536,F1,1,,,,,
2026-07-30,2026-07-30,CM,NSE,STK,29678,INE0O9T01021,BAJAJINDEF,EQ,,,,,INDEF MANUFACTURING LTD,238.00,239.00,229.00,232.75,231.35,234.80,,232.75,,,23350,5417349.50,939,F1,1,,,,,
2026-07-30,2026-07-30,CM,NSE,STK,23693,INE065X01017,INDGN,EQ,,,,,INDEGENE LIMITED,519.60,538.50,510.00,514.70,514.20,523.60,,514.70,,,555545,289963630.35,44762,F1,1,,,,,
2026-07-30,2026-07-30,CM,NSE,STK,1521,INE560A01023,INDIAGLYCO,EQ,,,,,INDIA GLYCOLS LTD,1142.00,1165.10,1120.00,1128.35,1126.00,1143.95,,1128.40,,,116447,132554188.50,6915,F1,1,,,,,
2026-07-30,2026-07-30,CM,NSE,STK,4747,INE092B01025,INDNIPPON,EQ,,,,,INDIA NIPPON ELECT  LTD,1172.50,1183.10,1151.20,1160.60,1155.00,1171.90,,1160.20,,,16909,19689957.00,2052,F1,1,,,,,
2026-07-30,2026-07-30,CM,NSE,STK,4934,INE0D6701023,IPL,EQ,,,,,INDIA PESTICIDES LIMITED,153.40,153.50,151.40,152.25,152.50,152.73,,152.25,,,108221,16471344.29,1600,F1,1,,,,,
2026-07-30,2026-07-30,CM,NSE,STK,20556,INE922K01024,INDIASHLTR,EQ,,,,,INDIA SHELTER FIN CORP L,720.00,727.90,708.20,719.30,717.00,724.70,,719.30,,,174034,125297536.45,6079,F1,1,,,,,
2026-07-30,2026-07-30,CM,NSE,STK,19299,INE353K01014,ITDC,EQ,,,,,INDIA TOUR. DEV. CO. LTD.,720.00,720.70,692.50,696.90,693.60,719.50,,696.95,,,239674,168475841.45,10712,F1,1,,,,,
2026-07-30,2026-07-30,CM,NSE,STK,25003,INE126M01010,IBULLSLTD,BE,,,,,INDIABULLS LIMITED,27.27,27.90,26.73,26.73,26.73,28.13,,26.73,,,6764817,182108227.95,5308,F1,1,,,,,
2026-07-30,2026-07-30,CM,NSE,STK,10726,INE933S01016,INDIAMART,EQ,,,,,INDIAMART INTERMESH LTD,1755.00,1760.90,1730.00,1743.10,1742.00,1751.00,,1743.10,,,194452,338621233.30,22059,F1,1,,,,,
2026-07-30,2026-07-30,CM,NSE,STK,14309,INE562A01011,INDIANB,EQ,,,,,INDIAN BANK,825.75,832.50,817.75,827.25,826.55,827.70,,827.25,,,816477,675344578.10,38965,F1,1,,,,,
2026-07-30,2026-07-30,CM,NSE,STK,4422,INE061A01014,INDIANCARD,EQ,,,,,INDIAN CARD CLOTHING CO.,222.00,227.97,222.00,223.25,222.11,222.59,,223.25,,,1217,272502.66,71,F1,1,,,,,
2026-07-30,2026-07-30,CM,NSE,STK,23789,INE0RRU01016,IEML,SM,,,,,INDIAN EMULSIFIERS LTD,43.05,44.05,41.25,42.20,42.45,42.85,,42.20,,,11000,465125.00,19,F1,500,,,,,
2026-07-30,2026-07-30,CM,NSE,STK,220,INE022Q01020,IEX,EQ,,,,,INDIAN ENERGY EXC LTD,134.00,134.10,131.00,131.40,131.40,134.19,,131.40,,,5008822,661229236.75,38213,F1,1,,,,,
2026-07-30,2026-07-30,CM,NSE,STK,1530,INE323C01030,INDIANHUME,EQ,,,,,INDIAN HUME PIPE CO. LTD.,394.00,394.20,385.00,386.65,388.00,393.85,,386.65,,,30477,11875562.40,1651,F1,1,,,,,
2026-07-30,2026-07-30,CM,NSE,STK,19235,INE919H01018,IMFA,EQ,,,,,INDIAN METALS & FERRO,1372.70,1418.30,1365.00,1382.70,1372.00,1372.70,,1382.70,,,132941,184902461.40,10550,F1,1,,,,,
2026-07-30,2026-07-30,CM,NSE,STK,1624,INE242A01010,IOC,EQ,,,,,INDIAN OIL CORP LTD,140.00,140.89,139.38,139.94,139.80,140.11,,139.94,,,6997658,980087596.02,46649,F1,1,,,,,
2026-07-30,2026-07-30,CM,NSE,STK,9348,INE565A01014,IOB,EQ,,,,,INDIAN OVERSEAS BANK,33.80,33.87,33.50,33.73,33.78,33.79,,33.73,,,2100415,70687138.57,11990,F1,1,,,,,
2026-07-30,2026-07-30,CM,NSE,STK,25033,INE0DHF01018,IPHL,SM,,,,,INDIAN PHOSPHATE LIMITED,70.05,72.35,67.00,70.90,71.00,72.25,,70.90,,,106800,7443480.00,70,F1,1200,,,,,
2026-07-30,2026-07-30,CM,NSE,STK,13611,INE335Y01020,IRCTC,EQ,,,,,INDIAN RAIL TOUR CORP LTD,496.00,496.95,491.50,493.15,493.70,496.00,,493.15,,,523108,257896822.05,20051,F1,1,,,,,
2026-07-30,2026-07-30,CM,NSE,STK,2029,INE053F01010,IRFC,EQ,,,,,INDIAN RAILWAY FIN CORP L,89.40,89.40,87.64,88.92,88.90,89.13,,88.92,,,15815613,1401879580.25,59688,F1,1,,,,,
2026-07-30,2026-07-30,CM,NSE,STK,20261,INE202E01016,IREDA,EQ,,,,,INDIAN RENEWABLE ENERGY,120.10,120.61,119.26,119.88,119.81,120.82,,119.88,,,3172319,380000160.98,21574,F1,1,,,,,
2026-07-30,2026-07-30,CM,NSE,STK,762727,INE586E01020,IWP,EQ,,,,,INDIAN WOOD PRODUCTS CO L,32.66,33.49,32.66,32.84,32.66,33.05,,32.92,,,2738,89970.61,30,F1,1,,,,,
2026-07-30,2026-07-30,CM,NSE,STK,2048,INE09VQ01012,INDIGOPNTS,EQ,,,,,INDIGO PAINTS LIMITED,1105.60,1106.90,1068.00,1080.90,1068.50,1102.30,,1080.90,,,65314,71176663.60,7292,F1,1,,,,,
2026-07-30,2026-07-30,CM,NSE,STK,20988,INE219X23014,INDIGRID,IV,,,,,INDIGRID INFRASTRUCT TRST,178.96,179.19,178.01,178.41,178.40,178.32,,178.37,,,968734,172942947.08,5676,F1,1,,,,,
2026-07-30,2026-07-30,CM,NSE,STK,757845,INE06ST01018,INDIQUBE,EQ,,,,,INDIQUBE SPACES LIMITED,179.60,179.60,169.25,170.59,173.00,179.79,,170.60,,,48373,8358434.78,1922,F1,1,,,,,
2026-07-30,2026-07-30,CM,NSE,STK,9120,INE760F01028,INDOAMIN,BE,,,,,INDO AMINES LIMITED,128.37,130.00,127.00,127.45,127.30,128.37,,128.60,,,21539,2776580.48,268,F1,1,,,,,
2026-07-30,2026-07-30,CM,NSE,STK,8614,INE803D01021,INDOBORAX,EQ,,,,,INDO BORAX & CHEMICAL LTD,386.10,393.30,379.20,383.30,386.00,384.60,,383.30,,,79627,30575627.10,3688,F1,1,,,,,
2026-07-30,2026-07-30,CM,NSE,STK,11987,INE483B01026,ICIL,EQ,,,,,INDO COUNT INDUSTRIES LTD,412.90,413.75,398.15,402.60,401.75,412.90,,402.60,,,353159,142370661.65,14567,F1,1,,,,,
2026-07-30,2026-07-30,CM,NSE,STK,29025,INE622H01018,INDOFARM,EQ,,,,,INDO FARM EQUIPMENT LTD,154.40,159.89,151.37,152.00,152.00,155.06,,152.00,,,202988,31405356.80,3152,F1,1,,,,,
2026-07-30,2026-07-30,CM,NSE,STK,10993,INE156A01020,INDORAMA,EQ,,,,,INDO RAMA SYNTHETICS LTD,50.50,56.64,50.50,55.02,55.50,53.24,,55.00,,,1548451,83880279.92,10971,F1,1,,,,,
2026-07-30,2026-07-30,CM,NSE,STK,13278,INE332H01014,INDOTECH,BE,,,,,INDO TECH TRANSFORM LTD.,3462.00,3550.00,3365.00,3387.80,3387.50,3463.80,,3389.30,,,23108,78438768.50,877,F1,1,,,,,
2026-07-30,2026-07-30,CM,NSE,STK,25608,INE337M01021,INDOTHAI,EQ,,,,,INDO THAI SEC LTD,220.00,226.06,216.85,218.09,217.11,217.94,,218.09,,,4084627,903441584.21,19817,F1,1,,,,,
2026-07-30,2026-07-30,CM,NSE,STK,25503,INE250Z01010,INDOUS,EQ,,,,,INDO US BIOTECH LTD,85.70,87.99,81.44,82.58,83.00,84.76,,82.57,,,10214,856986.08,473,F1,1,,,,,
2026-07-30,2026-07-30,CM,NSE,STK,764301,INE084101034,INDOMIM,EQ,,,,,INDO-MIM LIMITED,700.00,757.75,700.00,741.75,745.00,485.00,,741.75,,,72703164,52056894958.30,1512364,F1,1,,,,,
2026-07-30,2026-07-30,CM,NSE,STK,6782,INE567A01028,NIPPOBATRY,EQ,,,,,INDO-NATIONAL LIMITED,330.00,333.70,323.00,324.30,324.90,325.15,,323.90,,,3287,1080592.20,117,F1,1,,,,,
2026-07-30,2026-07-30,CM,NSE,STK,11677,INE873D01024,INDOCO,EQ,,,,,INDOCO REMEDIES LTD.,222.90,222.90,216.03,216.69,217.45,225.05,,216.69,,,143643,31477754.24,3199,F1,1,,,,,
2026-07-30,2026-07-30,CM,NSE,STK,757801,INE05J901018,IGCL,EQ,,,,,INDOGULF CROPSCIENCES LTD,77.63,80.80,75.11,77.15,76.35,77.63,,77.15,,,446282,34672668.29,3046,F1,1,,,,,
2026-07-30,2026-07-30,CM,NSE,STK,19955,INE866K01023,WAAREEINDO,EQ,,,,,INDOSOLAR LIMITED,306.00,311.85,295.45,295.45,295.45,310.95,,294.90,,,131713,39460028.60,2866,F1,1,,,,,
2026-07-30,2026-07-30,CM,NSE,STK,3088,INE896L01010,INDOSTAR,EQ,,,,,INDOSTAR CAPITAL FIN LTD,267.15,267.15,257.30,260.55,258.10,274.70,,260.55,,,292993,76448179.20,6478,F1,1,,,,,
2026-07-30,2026-07-30,CM,NSE,STK,14956,INE227G01018,INDOWIND,BE,,,,,INDOWIND ENERGY LTD,9.32,9.32,9.10,9.13,9.12,9.23,,9.16,,,68075,622934.35,201,F1,1,,,,,
2026-07-30,2026-07-30,CM,NSE,STK,11262,INE203G01027,IGL,EQ,,,,,INDRAPRASTHA GAS LTD,152.00,153.40,151.51,151.74,152.21,152.91,,151.74,,,806801,123054771.18,11815,F1,1,,,,,
2026-07-30,2026-07-30,CM,NSE,STK,4751,INE681B01017,INDRAMEDCO,EQ,,,,,INDRAPRASTHA MEDICAL CORP,362.85,363.60,359.00,359.80,360.00,362.70,,359.80,,,91682,33111197.10,2609,F1,1,,,,,
2026-07-30,2026-07-30,CM,NSE,STK,23036,INE0NHL23019,INDUSINVIT,IV,,,,,INDUS INFRA TRUST,131.80,131.90,130.99,131.25,131.90,131.15,,131.26,,,122994,16161112.08,8332,F1,1,,,,,
2026-07-30,2026-07-30,CM,NSE,STK,29135,INE121J01017,INDUSTOWER,EQ,,,,,INDUS TOWERS LIMITED,388.10,396.80,386.20,392.90,392.45,386.15,,392.90,,,5966629,2347517692.10,56612,F1,1,,,,,
2026-07-30,2026-07-30,CM,NSE,STK,5258,INE095A01012,INDUSINDBK,EQ,,,,,INDUSIND BANK LIMITED,1012.30,1013.60,999.00,1011.45,1010.80,1012.30,,1011.45,,,1237239,1245661425.65,35361,F1,1,,,,,
2026-07-30,2026-07-30,CM,NSE,STK,762717,INE620D01011,INDPRUD,EQ,,,,,INDUSTRIAL & PRU INV CO L,6501.00,6501.00,6501.00,6501.00,6501.00,6501.00,,6501.00,,,2,13002.00,2,F1,1,,,,,
2026-07-30,2026-07-30,CM,NSE,STK,19525,INE886A01014,IITL,EQ,,,,,INDUSTRIAL INV TRUST LTD,136.42,139.90,130.35,135.83,132.00,136.02,,135.83,,,91504,12374565.91,669,F1,1,,,,,
2026-07-30,2026-07-30,CM,NSE,STK,15036,INE0MRE01011,INFINIUM,SM,,,,,INFINIUM PHARMACHEM LTD,208.50,208.50,208.50,208.50,208.50,206.00,,208.50,,,500,104250.00,1,F1,500,,,,,
2026-07-30,2026-07-30,CM,NSE,STK,757602,INE0MYZ01012,INFLUX,SM,,,,,INFLUX HEALTHTECH LIMITED,290.10,292.00,285.00,285.30,285.50,297.00,,285.30,,,19200,5506620.00,22,F1,600,,,,,
2026-07-30,2026-07-30,CM,NSE,STK,13751,INE663F01032,NAUKRI,EQ,,,,,INFO EDGE (I) LTD,1248.90,1265.45,1236.00,1244.05,1245.00,1247.85,,1244.00,,,1007603,1258713380.45,61374,F1,1,,,,,
2026-07-30,2026-07-30,CM,NSE,STK,11027,INE344S01016,INFOBEAN,EQ,,,,,INFOBEANS TECHNO. LTD.,168.60,176.30,165.21,170.10,168.50,168.60,,170.10,,,735681,126901547.12,11398,F1,1,,,,,
2026-07-30,2026-07-30,CM,NSE,STK,16588,INE0NNZ01013,INFOLLION,SM,,,,,INFOLLION RESEARCH SER L,163.00,163.00,157.30,160.15,160.80,160.00,,160.15,,,21200,3380880.00,23,F1,400,,,,,
2026-07-30,2026-07-30,CM,NSE,STK,13693,INE669A01022,INFOMEDIA,EQ,,,,,INFOMEDIA PRESS LIMITED,5.43,5.61,5.29,5.48,5.56,5.41,,5.48,,,37454,202980.11,47,F1,1,,,,,
2026-07-30,2026-07-30,CM,NSE,STK,1594,INE009A01021,INFY,EQ,,,,,INFOSYS LIMITED,1168.00,1187.70,1151.30,1155.10,1155.00,1155.60,,1155.10,,,22630218,26545897058.20,413605,F1,1,,,,,
2026-07-30,2026-07-30,CM,NSE,STK,1597,INE177A01018,INGERRAND,EQ,,,,,INGERSOLL-RAND INDIA LTD,4256.40,4304.90,4245.20,4277.70,4273.60,4285.00,,4277.50,,,3401,14517517.30,1011,F1,1,,,,,
2026-07-30,2026-07-30,CM,NSE,STK,25323,INE0S1D01010,INNOMET,ST,,,,,INNOMET ADVANCED MATERI L,170.25,176.85,170.25,176.85,176.85,173.40,,176.85,,,163800,28556190.00,56,F1,600,,,,,
2026-07-30,2026-07-30,CM,NSE,STK,21062,INE0DUT01020,INNOVACAP,EQ,,,,,INNOVA CAPTAB LIMITED,975.15,983.15,961.05,969.55,962.55,968.65,,969.40,,,17954,17454101.05,2694,F1,1,,,,,
2026-07-30,2026-07-30,CM,NSE,STK,27754,INE403Y01018,INNOVANA,EQ,,,,,INNOVANA THINKLABS LTD,335.00,341.85,315.20,321.05,321.00,330.85,,321.00,,,3487,1134196.85,235,F1,1,,,,,
2026-07-30,2026-07-30,CM,NSE,STK,27266,INE070Y01023,ITTL,ST,,,,,INNOVATIVE TYRE & TUBE LT,69.25,69.25,69.25,69.25,69.25,67.90,,69.25,,,210,14542.50,1,F1,105,,,,,
2026-07-30,2026-07-30,CM,NSE,STK,761528,INE0ADB01012,INNOVISION,EQ,,,,,INNOVISION LIMITED,282.15,287.00,278.00,285.15,285.00,282.15,,285.15,,,50889,14347274.90,1625,F1,1,,,,,
2026-07-30,2026-07-30,CM,NSE,STK,12188,INE510W01014,INOXGREEN,EQ,,,,,INOX GREEN ENERGY SER LTD,182.55,182.77,172.70,175.25,177.19,182.55,,175.25,,,1949052,341798896.52,21865,F1,1,,,,,
2026-07-30,2026-07-30,CM,NSE,STK,20607,INE616N01034,INOXINDIA,EQ,,,,,INOX INDIA LIMITED,1888.00,1927.90,1876.00,1897.50,1895.00,1881.80,,1897.40,,,129327,245398969.60,14418,F1,1,,,,,
2026-07-30,2026-07-30,CM,NSE,STK,7852,INE066P01011,INOXWIND,EQ,,,,,INOX WIND LIMITED,76.90,76.90,73.81,74.98,75.07,76.60,,74.98,,,18968165,1417713165.45,61023,F1,1,,,,,
2026-07-30,2026-07-30,CM,NSE,STK,14657,INE070I01018,INSECTICID,EQ,,,,,INSECTICIDES (I) LTD,626.20,633.95,614.65,622.15,615.00,629.15,,622.05,,,13867,8690345.05,1172,F1,1,,,,,
2026-07-30,2026-07-30,CM,NSE,STK,761099,INE0LGX01024,INA,EQ,,,,,INSOLATION ENERGY LIMITED,112.26,112.26,108.93,110.05,110.75,111.73,,110.06,,,407170,44698363.49,3889,F1,1,,,,,
2026-07-30,2026-07-30,CM,NSE,STK,13734,INE020G01017,INSPIRISYS,BE,,,,,INSPIRISYS SOLUTIONS LTD,98.00,102.80,95.10,99.97,99.97,98.32,,99.97,,,1189,117489.98,40,F1,1,,,,,
2026-07-30,2026-07-30,CM,NSE,STK,30327,INE418N01035,ESSENTIA,BE,,,,,INTEGRA ESSENTIA LIMITED,1.05,1.06,1.04,1.05,1.06,1.05,,1.05,,,666805,704889.82,513,F1,1,,,,,
2026-07-30,2026-07-30,CM,NSE,STK,5926,INE306R01017,INTELLECT,EQ,,,,,INTELLECT DESIGN ARENA,723.95,725.95,702.00,705.50,705.00,720.00,,705.50,,,574449,407581302.55,19379,F1,1,,,,,
2026-07-30,2026-07-30,CM,NSE,STK,20071,INE781A01025,INTENTECH,EQ,,,,,INTENSE TECHNOLOGIES LTD,89.90,90.00,83.05,84.70,86.40,88.71,,84.47,,,127903,11105292.15,668,F1,1,,,,,
2026-07-30,2026-07-30,CM,NSE,STK,24909,INE00M901018,INTERARCH,EQ,,,,,INTERARCH BLDNG SOLTN LTD,1805.00,1843.40,1771.00,1790.40,1805.60,1799.90,,1790.50,,,36188,65223569.40,4544,F1,1,,,,,
2026-07-30,2026-07-30,CM,NSE,STK,11195,INE646L01027,INDIGO,EQ,,,,,INTERGLOBE AVIATION LTD,5210.00,5258.00,5194.00,5230.50,5218.00,5276.50,,5230.50,,,549497,2872649204.50,52194,F1,1,,,,,
2026-07-30,2026-07-30,CM,NSE,STK,22770,INE0OPC01015,INM,SM,,,,,INTERIORS & MORE LIMITED,180.05,180.05,180.00,180.00,180.00,180.00,,180.00,,,4800,864030.00,2,F1,600,,,,,
2026-07-30,2026-07-30,CM,NSE,STK,5606,INE575C01027,INTLCONV,EQ,,,,,INTL CONVEYORS LIMITED,75.28,75.28,72.60,74.37,74.05,74.57,,74.37,,,42231,3100445.22,1495,F1,1,,,,,
2026-07-30,2026-07-30,CM,NSE,STK,28378,INE0Q9301021,IGIL,EQ,,,,,INTL GEMOLOGICAL INST LTD,347.00,350.30,332.95,345.45,345.75,347.00,,345.45,,,579140,199109683.30,14716,F1,1,,,,,
2026-07-30,2026-07-30,CM,NSE,STK,18479,INE566K01011,ISFT,EQ,,,,,INTRASOFT TECH. LTD,78.00,82.50,78.00,79.70,79.01,79.29,,79.70,,,4337,347715.00,130,F1,1,,,,,
2026-07-30,2026-07-30,CM,NSE,STK,24870,INE878H01024,INVENTURE,EQ,,,,,INVENTURE GRO & SEC LTD,0.91,0.92,0.90,0.90,0.91,0.91,,0.90,,,784365,709474.25,283,F1,1,,,,,
2026-07-30,2026-07-30,CM,NSE,STK,28125,INE115Q01022,IKS,EQ,,,,,INVENTURUS KNOWLEDGE SO L,1822.50,1822.50,1777.10,1782.30,1784.90,1819.20,,1782.30,,,51771,92723336.50,9510,F1,1,,,,,
2026-07-30,2026-07-30,CM,NSE,STK,18292,INF205KA1BP1,IVZINGOLD,EQ,,,,,INVESCO INDIA GOLD ETF,123.10,124.00,122.65,123.70,123.35,122.95,,123.65,,,17061,2101805.15,168,F1,1,,,,,
2026-07-30,2026-07-30,CM,NSE,STK,24217,INF205K01DA9,IVZINNIFTY,EQ,,,,,INVESCO INDIA NIFTY ETF,2778.13,2788.91,2772.12,2786.51,2786.67,2778.13,,2786.51,,,296,822702.95,58,F1,1,,,,,
2026-07-30,2026-07-30,CM,NSE,STK,762725,INE155E01016,INVPRECQ,BE,,,,,INVESTMENT & PREC CAST L,1040.00,1061.80,1000.05,1047.20,1058.95,1012.40,,1046.45,,,8637,9010202.30,212,F1,1,,,,,
2026-07-30,2026-07-30,CM,NSE,STK,20413,INE485C01029,IOLCP,EQ,,,,,IOL CHEM AND PHARMA LTD,146.70,147.80,144.18,144.65,144.47,147.35,,144.64,,,910867,132367912.80,8734,F1,1,,,,,
2026-07-30,2026-07-30,CM,NSE,STK,1630,INE570A01022,IONEXCHANG,EQ,,,,,ION EXCHANGE (INDIA) LTD,423.50,423.50,412.00,417.50,418.00,423.90,,417.50,,,333715,138915661.30,12125,F1,1,,,,,
2026-07-30,2026-07-30,CM,NSE,STK,1633,INE571A01038,IPCALAB,EQ,,,,,IPCA LABORATORIES LTD,1770.00,1790.00,1742.00,1758.80,1760.00,1774.50,,1758.80,,,140552,247588762.80,20260,F1,1,,,,,
2026-07-30,2026-07-30,CM,NSE,STK,15313,INE821I01022,IRB,EQ,,,,,IRB INFRA DEV LTD.,19.74,21.04,19.72,20.25,20.29,19.98,,20.25,,,78604244,1605889886.92,113282,F1,1,,,,,
2026-07-30,2026-07-30,CM,NSE,STK,20817,INE183W23014,IRBINVIT,IV,,,,,IRB INVIT FUND,62.20,63.15,61.75,62.55,62.55,62.06,,62.54,,,1093582,68060201.29,4378,F1,1,,,,,
2026-07-30,2026-07-30,CM,NSE,STK,4986,INE962Y01021,IRCON,EQ,,,,,IRCON INTERNATIONAL LTD,126.00,126.19,125.16,125.63,125.74,126.67,,125.63,,,651710,81917015.97,10240,F1,1,,,,,
2026-07-30,2026-07-30,CM,NSE,STK,2275,INE01GN01025,IRISDOREME,EQ,,,,,IRIS CLOTHINGS LIMITED,49.99,50.50,49.25,49.63,49.90,49.35,,49.63,,,509292,25340644.56,2470,F1,1,,,,,
2026-07-30,2026-07-30,CM,NSE,STK,6489,INE864K01010,IRIS,EQ,,,,,IRIS REGTECH SOLUTION LTD,258.80,258.80,239.00,241.55,239.00,248.40,,241.55,,,38077,9220483.55,1670,F1,1,,,,,
2026-07-30,2026-07-30,CM,NSE,STK,19597,INE07U701015,IRMENERGY,EQ,,,,,IRM ENERGY LIMITED,256.45,262.65,255.50,257.45,258.55,256.45,,257.45,,,60436,15614348.45,2115,F1,1,,,,,
2026-07-30,2026-07-30,CM,NSE,STK,760901,INE413U07459,920ISF28B,N0,,,,,ISF 9.20% 2028 SR A,9825.77,9825.77,9825.77,9825.77,9825.77,9847.48,,9825.77,,,5,49128.85,1,F1,1,,,,,
2026-07-30,2026-07-30,CM,NSE,STK,756069,INE413U07392,950ISF27A,N0,,,,,ISF 9.50% 2027,99676.65,99676.65,99676.65,99676.65,99676.65,99592.86,,99676.65,,,1,99676.65,1,F1,1,,,,,
2026-07-30,2026-07-30,CM,NSE,STK,757890,INE413U07418,975ISF28,N0,,,,,ISF 9.75% NCD 2028,100700.00,100700.00,100700.00,100700.00,100700.00,109550.99,,100700.00,,,1,100700.00,1,F1,1,,,,,
2026-07-30,2026-07-30,CM,NSE,STK,3329,INE858B01029,ISGEC,EQ,,,,,ISGEC HEAVY ENG LTD,850.00,859.00,843.90,846.20,854.55,853.25,,846.00,,,11914,10103867.50,1822,F1,1,,,,,
2026-07-30,2026-07-30,CM,NSE,STK,30249,INE561M01018,ISHANCH,EQ,,,,,ISHAN DYES N CHEMICALS L,51.90,51.90,50.10,50.81,51.35,51.84,,50.84,,,5184,265170.70,60,F1,1,,,,,
2026-07-30,2026-07-30,CM,NSE,STK,22645,INE0R7R01018,ITALIANE,SM,,,,,ITALIAN EDIBLES LIMITED,30.90,33.85,29.15,29.55,29.55,31.50,,29.55,,,18000,556200.00,8,F1,2000,,,,,
2026-07-30,2026-07-30,CM,NSE,STK,29251,INE379A01028,ITCHOTELS,EQ,,,,,ITC HOTELS LIMITED,162.10,162.55,160.00,160.54,161.00,163.02,,160.54,,,2149034,346106880.06,43854,F1,1,,,,,
2026-07-30,2026-07-30,CM,NSE,STK,1660,INE154A01025,ITC,EQ,,,,,ITC LTD,286.10,288.40,283.75,285.05,285.55,286.25,,285.05,,,18283697,5224322106.00,201829,F1,1,,,,,
2026-07-30,2026-07-30,CM,NSE,STK,1675,INE248A01017,ITI,EQ,,,,,ITI LTD,276.00,276.30,273.00,273.45,273.55,277.15,,273.45,,,111657,30576041.45,4673,F1,1,,,,,
2026-07-30,2026-07-30,CM,NSE,STK,759041,INE056801025,IVALUE,EQ,,,,,IVALUE INFOSOLUTIONS LTD,271.55,278.40,263.00,273.80,272.70,284.55,,273.80,,,792344,213800893.60,18423,F1,1,,,,,
2026-07-30,2026-07-30,CM,NSE,STK,8857,INE043C01018,IVP,BE,,,,,IVP LIMITED,151.40,155.39,149.00,149.99,149.00,151.29,,149.99,,,6474,982117.20,91,F1,1,,,,,
2026-07-30,2026-07-30,CM,NSE,STK,757644,INE1AII01014,IWARE,ST,,,,,IWARE SUPPLYCHAIN SER LTD,472.00,483.45,470.05,476.80,478.00,466.10,,476.80,,,5400,2584080.00,9,F1,600,,,,,
2026-07-30,2026-07-30,CM,NSE,STK,14174,INE848A01014,IZMO,EQ,,,,,IZMO LIMITED,1030.00,1068.90,1002.70,1002.80,1002.70,1055.40,,1002.70,,,72232,73769355.00,4827,F1,1,,,,,
2026-07-30,2026-07-30,CM,NSE,STK,5633,INE168A01041,J&KBANK,EQ,,,,,J & K BANK LTD.,155.00,155.72,146.70,153.74,153.75,154.63,,153.75,,,13733288,2070306025.50,89017,F1,1,,,,,
2026-07-30,2026-07-30,CM,NSE,STK,23056,INE0MB501011,JGCHEM,EQ,,,,,J.G.CHEMICALS LIMITED,503.00,505.10,487.15,491.65,492.40,502.60,,491.65,,,79578,39389763.65,2669,F1,1,,,,,
2026-07-30,2026-07-30,CM,NSE,STK,13211,INE199G01027,JAGRAN,EQ,,,,,JAGRAN PRAKASHAN LIMITED,62.97,63.90,62.47,63.69,63.90,62.55,,63.67,,,219077,13867297.46,2403,F1,1,,,,,
2026-07-30,2026-07-30,CM,NSE,STK,4410,INE048B01035,JAGSNPHARM,EQ,,,,,JAGSONPAL PHARMACEUTICALS,238.00,263.70,232.00,236.04,232.50,230.50,,236.07,,,14104509,3519941730.92,155010,F1,1,,,,,
2026-07-30,2026-07-30,CM,NSE,STK,14076,INE091G01026,JAIBALAJI,BE,,,,,JAI BALAJI INDUSTRIES LTD,61.13,61.33,58.08,58.96,58.20,61.13,,59.02,,,329199,19609223.52,972,F1,1,,,,,
2026-07-30,2026-07-30,CM,NSE,STK,5143,INE070D01027,JAICORPLTD,EQ,,,,,JAI CORP LIMITED,101.76,101.76,99.85,101.47,101.50,101.76,,101.47,,,351641,35441297.94,3311,F1,1,,,,,
2026-07-30,2026-07-30,CM,NSE,STK,25684,IN9175A01010,JISLDVREQS,EQ,,,,,JAIN DVR EQUITY SHARES,22.01,22.29,21.50,21.71,21.70,22.00,,21.61,,,38798,852008.50,129,F1,1,,,,,
2026-07-30,2026-07-30,CM,NSE,STK,10397,INE175A01038,JISLJALEQS,EQ,,,,,JAIN IRRIGATION SYSTEMS,30.11,30.20,29.11,29.39,29.40,30.13,,29.39,,,1568288,46336880.42,4578,F1,1,,,,,
2026-07-30,2026-07-30,CM,NSE,STK,759244,INE0YD401026,JAINREC,EQ,,,,,JAIN RESOURCE RECYCLING L,337.20,344.50,333.00,343.15,343.00,335.35,,343.15,,,795798,270164640.55,18301,F1,1,,,,,
2026-07-30,2026-07-30,CM,NSE,STK,758303,INE0XIL01012,JAINIK,SM,,,,,JAINIK POWER CABLES LTD,180.00,181.10,180.00,181.05,181.05,180.05,,181.05,,,12000,2167920.00,8,F1,1200,,,,,
2026-07-30,2026-07-30,CM,NSE,STK,11763,INE351F01018,JPPOWER,EQ,,,,,JAIPRAKASH POWER VEN. LTD,17.06,17.62,16.93,17.32,17.35,17.04,,17.32,,,68909716,1190309632.06,51046,F1,1,,,,,
2026-07-30,2026-07-30,CM,NSE,STK,20930,INE349X01015,JALAN,ST,,,,,JALAN TRANSOLU. INDIA LTD,1.55,1.65,1.55,1.60,1.60,1.60,,1.60,,,642000,1026300.00,70,F1,3000,,,,,
2026-07-30,2026-07-30,CM,NSE,STK,20778,INE039C01032,JAMNAAUTO,EQ,,,,,JAMNA AUTO IND LTD,131.80,132.77,129.79,130.32,130.70,131.97,,130.32,,,711628,93015289.76,8656,F1,1,,,,,
2026-07-30,2026-07-30,CM,NSE,STK,22663,INE953L01027,JSFB,EQ,,,,,JANA SMALL FIN BANK LTD,561.80,580.00,561.20,563.35,562.00,572.35,,563.40,,,1104483,629553109.55,30031,F1,1,,,,,
2026-07-30,2026-07-30,CM,NSE,STK,759951,INE00YJ01010,JARO,EQ,,,,,JARO INS OF TEC MG N RE L,478.65,479.95,466.25,466.90,469.35,476.45,,466.95,,,83337,39332623.35,1795,F1,1,,,,,
2026-07-30,2026-07-30,CM,NSE,STK,13982,INE039O01029,JASH,EQ,,,,,JASH ENGINEERING LIMITED,492.50,497.80,485.00,492.45,490.00,494.55,,492.45,,,89944,44073268.30,4084,F1,1,,,,,
2026-07-30,2026-07-30,CM,NSE,STK,25037,INE0SMY01017,JAYBEE,SM,,,,,JAY BEE LAMINATIONS LTD,89.00,90.70,86.70,86.75,86.80,88.25,,86.75,,,9500,838525.00,17,F1,500,,,,,
2026-07-30,2026-07-30,CM,NSE,STK,1708,INE571B01036,JAYBARMARU,EQ,,,,,JAY BHARAT MARUTI LTD,147.50,156.09,147.50,152.95,153.50,153.00,,152.95,,,520892,79512146.00,7892,F1,1,,,,,
2026-07-30,2026-07-30,CM,NSE,STK,10889,INE0J6801010,KORE,SM,,,,,JAY JALARAM TECHNO LTD,177.90,190.00,167.50,180.20,190.00,177.90,,180.20,,,8000,1427062.50,25,F1,250,,,,,
2026-07-30,2026-07-30,CM,NSE,STK,4041,INE785A01026,JAYAGROGN,EQ,,,,,JAYANT AGRO ORGANICS LTD,224.10,225.55,219.10,220.39,221.00,224.29,,220.38,,,6472,1434674.05,239,F1,1,,,,,
2026-07-30,2026-07-30,CM,NSE,STK,2331,INE854B01010,JAYNECOIND,EQ,,,,,JAYASWAL NECO INDUSTR LTD,88.30,88.80,86.50,86.94,86.99,88.81,,86.94,,,1727877,150863674.77,12280,F1,1,,,,,
2026-07-30,2026-07-30,CM,NSE,STK,759159,INE1AE401014,JAYESH,SM,,,,,JAYESH LOGISTICS LIMITED,140.00,140.00,137.50,137.50,137.50,134.00,,137.50,,,14000,1927500.00,2,F1,1000,,,,,
2026-07-30,2026-07-30,CM,NSE,STK,760073,INE903A01025,JAYKAY,EQ,,,,,JAYKAY ENTERPRISES LTD,160.90,161.94,156.66,158.03,157.91,160.65,,158.04,,,76531,12126070.65,1799,F1,1,,,,,
2026-07-30,2026-07-30,CM,NSE,STK,1720,INE364A01020,JAYSREETEA,EQ,,,,,JAYSHREE TEA & INDUSTRIES,82.98,82.98,80.50,80.86,81.00,82.56,,80.83,,,26015,2125352.71,922,F1,1,,,,,
2026-07-30,2026-07-30,CM,NSE,STK,11655,INE927D01051,JBMA,EQ,,,,,JBM AUTO LIMITED,676.15,689.00,665.10,678.45,673.10,676.00,,678.45,,,693626,471353266.00,26567,F1,1,,,,,
2026-07-30,2026-07-30,CM,NSE,STK,758115,INE0J5801029,JSLL,EQ,,,,,JEENA SIKHO LIFECARE LTD,564.80,571.85,558.25,567.00,568.00,564.90,,567.00,,,217059,122614732.15,8147,F1,1,,,,,
2026-07-30,2026-07-30,CM,NSE,STK,7211,INE982V01025,JETFREIGHT,EQ,,,,,JET FREIGHT LOGISTICS LTD,20.66,22.68,20.55,22.13,22.27,21.22,,22.13,,,319319,6863767.26,1377,F1,1,,,,,
2026-07-30,2026-07-30,CM,NSE,STK,25150,INE0RXB01022,JEYYAM,ST,,,,,JEYYAM GLOBAL FOODS LTD,24.80,24.80,24.15,24.50,24.50,24.85,,24.50,,,16000,389100.00,7,F1,2000,,,,,
2026-07-30,2026-07-30,CM,NSE,STK,10885,INE0LA901015,JFLLIFE,SM,,,,,JFL LIFE SCIENCES LIMITED,11.95,12.95,11.95,12.95,12.95,12.35,,12.95,,,60000,768000.00,10,F1,6000,,,,,
2026-07-30,2026-07-30,CM,NSE,STK,13720,INE544H01014,JHS,EQ,,,,,JHS SVEND. LAB. LTD,7.62,8.16,7.27,7.28,7.27,7.47,,7.28,,,402028,3005424.67,1300,F1,1,,,,,
2026-07-30,2026-07-30,CM,NSE,STK,24145,INE03DD01011,RETAIL,EQ,,,,,JHS SVENDGAARD RETAIL V L,16.73,17.47,16.73,17.28,17.30,16.62,,17.28,,,2122,36698.93,18,F1,1,,,,,
2026-07-30,2026-07-30,CM,NSE,STK,31507,INE147P01019,JPOLYINVST,EQ,,,,,JIND POL INV & FIN CO LTD,1042.70,1050.00,1026.10,1035.00,1038.00,1044.50,,1035.00,,,1622,1685811.70,304,F1,1,,,,,
2026-07-30,2026-07-30,CM,NSE,STK,13875,INE742C01031,JINDRILL,EQ,,,,,JINDAL DRILLING IND. LTD,578.10,611.00,576.00,600.55,601.25,578.05,,600.65,,,546487,327042712.85,22992,F1,1,,,,,
2026-07-30,2026-07-30,CM,NSE,STK,11743,INE796G01012,JINDALPHOT,EQ,,,,,JINDAL PHOTO LIMITED,1063.00,1087.70,1053.00,1062.40,1070.00,1063.10,,1062.40,,,1234,1314302.10,241,F1,1,,,,,
2026-07-30,2026-07-30,CM,NSE,STK,1756,INE197D01010,JINDALPOLY,EQ,,,,,JINDAL POLY FILMS LIMITED,643.85,643.85,627.00,629.75,631.60,636.95,,629.85,,,6231,3932681.20,622,F1,1,,,,,
2026-07-30,2026-07-30,CM,NSE,STK,3024,INE324A01032,JINDALSAW,EQ,,,,,JINDAL SAW LIMITED,257.60,257.60,253.00,254.30,255.00,257.60,,254.30,,,557840,141945459.10,17707,F1,1,,,,,
2026-07-30,2026-07-30,CM,NSE,STK,11236,INE220G01021,JSL,EQ,,,,,JINDAL STAINLESS LIMITED,732.50,739.00,726.35,737.75,734.65,728.50,,737.75,,,287292,211572123.80,16330,F1,1,,,,,
2026-07-30,2026-07-30,CM,NSE,STK,6733,INE749A01030,JINDALSTEL,EQ,,,,,JINDAL STEEL LIMITED,1090.00,1120.00,1085.90,1093.70,1094.50,1088.70,,1093.70,,,653708,714585329.30,25754,F1,1,,,,,
2026-07-30,2026-07-30,CM,NSE,STK,20642,INE247D01039,JINDWORLD,EQ,,,,,JINDAL WORLDWIDE LTD,38.01,38.80,37.52,38.51,38.30,38.16,,38.52,,,6977339,266687336.78,16305,F1,1,,,,,
2026-07-30,2026-07-30,CM,NSE,STK,759206,INE1FF001016,JKIPL,BE,,,,,JINKUSHAL INDUSTRIES LTD,100.60,102.00,97.50,98.17,98.14,100.62,,98.17,,,9506,936044.20,88,F1,1,,,,,
2026-07-30,2026-07-30,CM,NSE,STK,18143,INE758E01017,JIOFIN,EQ,,,,,JIO FIN SERVICES LTD,248.75,249.90,245.10,246.95,246.67,249.48,,246.95,,,15570324,3842836882.15,86655,F1,1,,,,,
2026-07-30,2026-07-30,CM,NSE,STK,19691,INE863T01013,JITFINFRA,EQ,,,,,JITF INFRALOGISTICS LTD,352.00,352.00,344.00,344.95,344.10,353.30,,344.95,,,8310,2883952.40,397,F1,1,,,,,
2026-07-30,2026-07-30,CM,NSE,STK,13270,INE823G01014,JKCEMENT,EQ,,,,,JK CEMENT LIMITED,5641.00,5641.00,5538.50,5567.00,5565.00,5642.00,,5567.00,,,41089,228854020.00,11154,F1,1,,,,,
2026-07-30,2026-07-30,CM,NSE,STK,13491,INE786A01032,JKLAKSHMI,EQ,,,,,JK LAKSHMI CEMENT LTD,562.10,583.45,559.10,566.20,566.15,564.85,,566.20,,,138587,79089896.55,7899,F1,1,,,,,
2026-07-30,2026-07-30,CM,NSE,STK,11860,INE789E01012,JKPAPER,EQ,,,,,JK PAPER LIMITED,386.85,388.50,377.00,378.35,378.50,388.55,,378.35,,,399375,152471346.15,8095,F1,1,,,,,
2026-07-30,2026-07-30,CM,NSE,STK,14435,INE573A01042,JKTYRE,EQ,,,,,JK TYRE & INDUSTRIES LTD,398.00,403.70,393.00,397.25,398.05,401.55,,397.25,,,513327,204484372.60,13507,F1,1,,,,,
2026-07-30,2026-07-30,CM,NSE,STK,15266,INE576I01022,JKIL,EQ,,,,,JKUMAR INFR.LTD.,481.35,489.65,481.00,485.65,488.00,481.35,,485.45,,,31589,15297285.25,1306,F1,1,,,,,
2026-07-30,2026-07-30,CM,NSE,STK,13637,INE780C01023,JMFINANCIL,EQ,,,,,JM FINANCIAL LIMITED,122.50,123.25,121.12,121.35,121.60,123.26,,121.35,,,1118589,136353858.75,13105,F1,1,,,,,
2026-07-30,2026-07-30,CM,NSE,STK,23621,INE0OAF01028,JNKINDIA,EQ,,,,,JNK INDIA LIMITED,459.00,462.90,456.00,458.50,460.00,457.90,,458.60,,,127916,58733851.35,2852,F1,1,,,,,
2026-07-30,2026-07-30,CM,NSE,STK,16931,INE839G01010,JOCIL,BE,,,,,JOCIL LIMITED,147.50,148.00,143.75,143.75,143.75,144.86,,143.75,,,1400,206816.35,18,F1,1,,,,,
2026-07-30,2026-07-30,CM,NSE,STK,762623,INE515A01019,COCKERILL,EQ,,,,,JOHN COCKERILL INDIA LTD.,8678.00,8785.00,8462.00,8509.00,8490.50,8678.00,,8509.00,,,4528,38738390.50,1334,F1,1,,,,,
2026-07-30,2026-07-30,CM,NSE,STK,758460,INE718I01012,JSWCEMENT,EQ,,,,,JSW CEMENT LIMITED,133.20,133.27,130.25,131.29,131.50,132.46,,131.32,,,1328235,175360780.51,15104,F1,1,,,,,
2026-07-30,2026-07-30,CM,NSE,STK,1467,INE133A01011,JSWDULUX,EQ,,,,,JSW DULUX LIMITED,2988.00,3009.00,2945.00,2953.40,2945.10,2973.50,,2953.40,,,8314,24699715.50,2392,F1,1,,,,,
2026-07-30,2026-07-30,CM,NSE,STK,17869,INE121E01018,JSWENERGY,EQ,,,,,JSW ENERGY LIMITED,543.05,546.45,540.45,543.70,543.10,545.70,,543.70,,,1141551,620005557.55,23027,F1,1,,,,,
2026-07-30,2026-07-30,CM,NSE,STK,11880,INE824G01012,JSWHL,EQ,,,,,JSW HOLDINGS LIMITED,11160.00,11258.00,11031.00,11196.00,11146.00,11163.00,,11195.00,,,1219,13607642.00,688,F1,1,,,,,
2026-07-30,2026-07-30,CM,NSE,STK,19020,INE880J01026,JSWINFRA,EQ,,,,,JSW INFRASTRUCTURE LTD,316.00,320.35,310.10,319.05,319.35,316.55,,319.05,,,5045778,1597548349.90,72975,F1,1,,,,,
2026-07-30,2026-07-30,CM,NSE,STK,11723,INE019A01038,JSWSTEEL,EQ,,,,,JSW STEEL LIMITED,1279.10,1304.50,1261.50,1270.80,1268.50,1276.60,,1270.80,,,923153,1171183287.10,40774,F1,1,,,,,
2026-07-30,2026-07-30,CM,NSE,STK,3237,INE643A01035,JTEKTINDIA,EQ,,,,,JTEKT INDIA LIMITED,134.29,137.60,132.42,134.84,134.90,134.29,,134.90,,,150656,20403756.67,2424,F1,1,,,,,
2026-07-30,2026-07-30,CM,NSE,STK,7287,INE391J01032,JTLIND,EQ,,,,,JTL INDUSTRIES LIMITED,73.50,73.50,72.05,73.06,73.05,73.68,,73.06,,,740648,53884464.55,6691,F1,1,,,,,
2026-07-30,2026-07-30,CM,NSE,STK,29590,INE03CC01015,JUBLCPL,EQ,,,,,JUBILANT AGRI N CON PRO L,1840.60,1853.50,1786.60,1805.10,1796.60,1840.60,,1805.30,,,3889,7075167.10,467,F1,1,,,,,
2026-07-30,2026-07-30,CM,NSE,STK,18096,INE797F01020,JUBLFOOD,EQ,,,,,JUBILANT FOODWORKS LTD,440.00,442.90,433.65,439.80,440.55,440.10,,439.80,,,1113950,487543015.70,23544,F1,1,,,,,
2026-07-30,2026-07-30,CM,NSE,STK,2783,INE0BY001018,JUBLINGREA,EQ,,,,,JUBILANT INGREVIA LIMITED,740.00,740.00,724.20,728.45,727.00,738.10,,728.45,,,156486,114363957.00,9051,F1,1,,,,,
2026-07-30,2026-07-30,CM,NSE,STK,3637,INE700A01033,JUBLPHARMA,EQ,,,,,JUBILANT PHARMOVA LTD,979.95,979.95,956.25,961.65,956.25,977.40,,961.65,,,70552,68266649.50,8486,F1,1,,,,,
2026-07-30,2026-07-30,CM,NSE,STK,7109,INE412C01023,JMA,EQ,,,,,JULLUNDUR MOT AGENCY LTD,86.01,90.00,86.01,87.80,87.95,87.02,,87.80,,,3761,328672.12,203,F1,1,,,,,
2026-07-30,2026-07-30,CM,NSE,STK,22824,INE696F01016,JUNIPER,EQ,,,,,JUNIPER HOTELS LIMITED,198.40,198.40,194.00,195.63,195.05,197.09,,195.62,,,30035,5860070.06,951,F1,1,,,,,
2026-07-30,2026-07-30,CM,NSE,STK,18553,INE682M01020,JLHL,EQ,,,,,JUPITER LIFE LINE HOSP L,325.20,340.00,318.60,332.40,328.00,327.10,,332.40,,,280639,92233286.70,15728,F1,1,,,,,
2026-07-30,2026-07-30,CM,NSE,STK,20224,INE209L01016,JWL,EQ,,,,,JUPITER WAGONS LIMITED,259.20,261.35,254.90,259.35,261.00,259.30,,259.35,,,1053185,271376253.50,25039,F1,1,,,,,
2026-07-30,2026-07-30,CM,NSE,STK,29962,INE599M01018,JUSTDIAL,EQ,,,,,JUSTDIAL LTD.,754.70,754.70,731.55,741.65,741.00,753.70,,741.75,,,338152,251052990.00,8448,F1,1,,,,,
2026-07-30,2026-07-30,CM,NSE,STK,15146,INE668F01031,JYOTHYLAB,EQ,,,,,JYOTHY LABS LIMITED,206.80,206.80,202.14,202.80,203.10,206.19,,202.79,,,381378,77640355.59,9357,F1,1,,,,,
2026-07-30,2026-07-30,CM,NSE,STK,21334,INE980O01024,JYOTICNC,EQ,,,,,JYOTI CNC AUTOMATION LTD,822.85,831.05,806.00,812.75,809.00,822.80,,812.75,,,570585,466966260.70,24644,F1,1,,,,,
2026-07-30,2026-07-30,CM,NSE,STK,758221,INE1M3T01017,JYOTIGLOBL,SM,,,,,JYOTI GLOBAL PLAST LTD,35.00,35.95,35.00,35.95,35.95,34.65,,35.95,,,4000,141900.00,2,F1,2000,,,,,
2026-07-30,2026-07-30,CM,NSE,STK,1802,INE197A01024,JYOTISTRUC,EQ,,,,,JYOTI STRUCTURES LTD,10.95,10.97,10.71,10.78,10.72,10.95,,10.78,,,1894432,20519285.48,2539,F1,1,,,,,
2026-07-30,2026-07-30,CM,NSE,STK,14667,INE157H01023,KMSUGAR,EQ,,,,,K M SUGAR MILLS LTD,27.80,28.26,26.81,27.34,27.10,27.74,,27.29,,,136008,3720274.05,697,F1,1,,,,,
2026-07-30,2026-07-30,CM,NSE,STK,27079,INE127T01021,KPEL,EQ,,,,,K.P. ENERGY LIMITED,311.00,313.20,305.00,305.95,307.95,310.90,,305.95,,,150605,46548008.35,4479,F1,1,,,,,
2026-07-30,2026-07-30,CM,NSE,STK,23462,INE0DEZ01013,K2INFRA,ST,,,,,K2 INFRAGEN LIMITED,54.05,55.60,52.30,53.75,53.90,54.75,,53.75,,,14400,769620.00,24,F1,600,,,,,
2026-07-30,2026-07-30,CM,NSE,STK,1805,INE900B01029,KABRAEXTRU,EQ,,,,,KABRA EXTRUSION TECHNIK L,390.15,390.15,350.05,365.20,356.00,390.15,,365.05,,,330760,122216210.60,11611,F1,1,,,,,
2026-07-30,2026-07-30,CM,NSE,STK,1808,INE217B01036,KAJARIACER,EQ,,,,,KAJARIA CERAMICS LTD,1210.00,1220.30,1184.90,1192.00,1188.20,1209.70,,1192.00,,,230650,276438364.30,20848,F1,1,,,,,
2026-07-30,2026-07-30,CM,NSE,STK,8945,INE437B01014,KAKATCEM,BE,,,,,KAKATIYA CEM SUGAR &IND L,121.00,122.60,119.01,119.56,119.03,120.18,,120.23,,,1969,238175.72,82,F1,1,,,,,
2026-07-30,2026-07-30,CM,NSE,STK,25443,INE0T0L01014,KALANA,SM,,,,,KALANA ISPAT LIMITED,18.00,18.00,18.00,18.00,18.00,18.00,,18.00,,,4000,72000.00,2,F1,2000,,,,,
2026-07-30,2026-07-30,CM,NSE,STK,758558,INE227J01012,KALPATARU,EQ,,,,,KALPATARU LIMITED,303.00,314.80,286.70,290.75,289.60,297.40,,290.75,,,422342,126926478.05,10304,F1,1,,,,,
2026-07-30,2026-07-30,CM,NSE,STK,1814,INE220B01022,KPIL,EQ,,,,,KALPATARU PROJECT INT LTD,1303.00,1305.70,1272.20,1282.70,1284.00,1303.40,,1282.70,,,81859,105172996.60,15968,F1,1,,,,,
2026-07-30,2026-07-30,CM,NSE,STK,2955,INE303R01014,KALYANKJIL,EQ,,,,,KALYAN JEWELLERS IND LTD,631.00,648.95,627.05,634.60,631.85,628.60,,634.60,,,32636519,20834674264.15,275605,F1,1,,,,,
2026-07-30,2026-07-30,CM,NSE,STK,15156,INE314G01014,KALYANIFRG,EQ,,,,,KALYANI FORGE LIMITED,603.60,609.75,602.50,608.25,608.90,603.85,,608.25,,,403,244967.35,35,F1,1,,,,,
2026-07-30,2026-07-30,CM,NSE,STK,21119,INE029L01018,KICL,EQ,,,,,KALYANI INVEST CO LTD,5400.50,5427.50,5300.50,5326.00,5310.00,5400.50,,5326.00,,,1522,8145572.50,273,F1,1,,,,,
2026-07-30,2026-07-30,CM,NSE,STK,18889,INE907A01026,KSL,EQ,,,,,KALYANI STEELS LIMITED,893.20,893.20,879.00,880.75,885.00,890.95,,880.85,,,15022,13267506.75,1547,F1,1,,,,,
2026-07-30,2026-07-30,CM,NSE,STK,762732,INE411F01010,KAMAHOLD,EQ,,,,,KAMA HOLDINGS LTD.,2552.50,2552.50,2500.00,2507.60,2505.90,2538.00,,2507.80,,,4273,10823723.40,253,F1,1,,,,,
2026-07-30,2026-07-30,CM,NSE,STK,1826,INE967C01018,KAMATHOTEL,EQ,,,,,KAMAT HOTELS (I) LTD,170.12,170.74,166.35,167.04,166.95,170.37,,167.01,,,14865,2492022.27,558,F1,1,,,,,
2026-07-30,2026-07-30,CM,NSE,STK,13461,INE390H01020,KAMDHENU,BE,,,,,KAMDHENU LIMITED,34.71,35.10,34.06,34.06,34.06,35.85,,34.06,,,832028,28532768.10,1040,F1,1,,,,,
2026-07-30,2026-07-30,CM,NSE,STK,13814,INE0BTI01037,KAMOPAINTS,EQ,,,,,KAMDHENU VENTURES LIMITED,4.61,4.64,4.53,4.55,4.57,4.59,,4.55,,,168370,768698.55,307,F1,1,,,,,
2026-07-30,2026-07-30,CM,NSE,STK,25786,INE879E01037,KANANIIND,EQ,,,,,KANANI INDUSTRIES LTD,1.51,1.52,1.47,1.49,1.50,1.48,,1.49,,,64290,95379.63,163,F1,1,,,,,
2026-07-30,2026-07-30,CM,NSE,STK,762740,INE081G01019,KANCHI,BE,,,,,KANCHI KARPOORAM LTD.,365.00,370.90,361.00,370.70,370.70,367.25,,370.70,,,302,110432.30,10,F1,1,,,,,
2026-07-30,2026-07-30,CM,NSE,STK,11208,INE0MOT01016,KANDARP,SM,,,,,KANDARP DG SMART BPO LTD,86.05,94.90,86.05,94.10,94.90,90.00,,94.10,,,11000,1006350.00,9,F1,1000,,,,,
2026-07-30,2026-07-30,CM,NSE,STK,9805,INE138C01024,KANORICHEM,BE,,,,,KANORIACHEMICALS-,148.01,149.40,143.18,143.18,143.18,150.71,,143.18,,,33363,4793522.42,226,F1,1,,,,,
2026-07-30,2026-07-30,CM,NSE,STK,1782,INE694E01014,KANPRPLA,EQ,,,,,KANPUR PLASTIPACK LIMITED,214.26,215.78,210.00,210.84,210.50,215.33,,210.84,,,17114,3622173.14,642,F1,1,,,,,
2026-07-30,2026-07-30,CM,NSE,STK,1196,INE531A01024,KANSAINER,EQ,,,,,KANSAI NEROLAC PAINTS LTD,201.00,201.00,197.50,199.05,198.68,200.06,,199.05,,,245944,49063851.20,7752,F1,1,,,,,
2026-07-30,2026-07-30,CM,NSE,STK,18967,INE542Z01028,KAPSTON,EQ,,,,,KAPSTON SERVICES LIMITED,464.40,467.00,458.45,464.00,465.00,461.25,,464.00,,,28409,13163123.45,1496,F1,1,,,,,
2026-07-30,2026-07-30,CM,NSE,STK,24385,INE725L01011,KARMAENG,EQ,,,,,KARMA ENERGY LIMITED,38.96,38.96,37.20,37.45,37.33,37.47,,37.45,,,3558,133703.86,49,F1,1,,,,,
2026-07-30,2026-07-30,CM,NSE,STK,8054,INE614B01018,KTKBANK,EQ,,,,,KARNATAKA BANK LIMITED,280.00,292.50,279.00,290.75,292.00,279.00,,290.75,,,9422179,2716090066.30,93200,F1,1,,,,,
2026-07-30,2026-07-30,CM,NSE,STK,19465,INE0MGA01012,KARNIKA,SM,,,,,KARNIKA INDUSTRIES LTD,113.95,113.95,109.00,110.70,110.10,113.20,,110.70,,,45000,4974150.00,43,F1,1000,,,,,
2026-07-30,2026-07-30,CM,NSE,STK,1838,INE036D01028,KARURVYSYA,EQ,,,,,KARUR VYSYA BANK LTD,340.00,344.50,339.00,340.30,340.50,340.10,,340.30,,,2148256,733842099.90,60201,F1,1,,,,,
2026-07-30,2026-07-30,CM,NSE,STK,24528,INE0SVY01018,KATARIA,SM,,,,,KATARIA INDUSTRIES LTD,97.70,99.75,97.70,99.75,99.75,97.75,,99.75,,,3000,297960.00,4,F1,600,,,,,
2026-07-30,2026-07-30,CM,NSE,STK,15140,INE234I01028,KAUSHALYA,BE,,,,,KAUSHALYA INFRA DEV LTD.,908.00,915.00,890.00,913.00,913.00,909.25,,901.65,,,139,125949.50,22,F1,1,,,,,
2026-07-30,2026-07-30,CM,NSE,STK,21186,INE0Q2V01012,KLL,SM,,,,,KAUSHALYA LOGISTICS LTD,27.60,27.60,27.05,27.25,27.50,28.10,,27.25,,,11200,307760.00,12,F1,800,,,,,
2026-07-30,2026-07-30,CM,NSE,STK,14972,INE455I01029,KSCL,EQ,,,,,KAVERI SEED CO. LTD.,809.85,813.80,795.00,797.65,800.00,806.75,,797.60,,,79026,63392111.00,4282,F1,1,,,,,
2026-07-30,2026-07-30,CM,NSE,STK,15244,INE641C01019,KAVDEFENCE,EQ,,,,,KAVVERI DFS & WIR TEC LTD,57.40,57.86,55.65,56.02,56.28,56.42,,56.05,,,82413,4655801.81,1541,F1,1,,,,,
2026-07-30,2026-07-30,CM,NSE,STK,21173,INE0RCG01017,KCEIL,SM,,,,,KAY CEE ENERGY & INFRA L,92.45,92.45,89.10,89.10,89.10,89.75,,89.10,,,2500,224475.00,5,F1,500,,,,,
2026-07-30,2026-07-30,CM,NSE,STK,10276,INE587G01015,KAYA,EQ,,,,,KAYA LIMITED,289.00,289.00,275.11,277.34,280.80,283.12,,277.37,,,14349,4031080.30,352,F1,1,,,,,
2026-07-30,2026-07-30,CM,NSE,STK,12092,INE918Z01012,KAYNES,EQ,,,,,KAYNES TECHNOLOGY IND LTD,3650.00,3732.90,3576.10,3621.50,3630.00,3638.60,,3621.60,,,2012637,7322751291.20,122156,F1,1,,,,,
2026-07-30,2026-07-30,CM,NSE,STK,758868,INE13ZD01013,KAYTEX,SM,,,,,KAYTEX FABRICS LIMITED,59.00,59.00,57.20,58.80,58.80,57.10,,58.80,,,7200,419520.00,9,F1,800,,,,,
2026-07-30,2026-07-30,CM,NSE,STK,10293,INE0J1E01027,KCK,SM,,,,,KCK INDUSTRIES LTD,19.50,19.60,18.75,19.05,19.35,18.90,,19.05,,,737500,14052125.00,148,F1,2500,,,,,
2026-07-30,2026-07-30,CM,NSE,STK,1841,INE805C01028,KCP,EQ,,,,,KCP LTD,162.72,165.39,161.50,161.71,161.50,162.96,,161.79,,,51459,8364592.78,1263,F1,1,,,,,
2026-07-30,2026-07-30,CM,NSE,STK,4809,INE790B01024,KCPSUGIND,EQ,,,,,KCP SUGAR IND CORP LTD.,32.20,33.78,31.50,31.85,32.10,32.56,,31.85,,,690126,22530074.82,2268,F1,1,,,,,
2026-07-30,2026-07-30,CM,NSE,STK,14908,INE291D01011,KDDL,EQ,,,,,KDDL LIMITED,3145.40,3230.60,3118.00,3191.80,3184.00,3124.90,,3191.70,,,14594,46444329.00,3054,F1,1,,,,,
2026-07-30,2026-07-30,CM,NSE,STK,13260,INE389H01022,KEC,EQ,,,,,KEC INTL. LIMITED,476.40,476.40,467.40,468.75,468.20,477.55,,468.75,,,789440,371768645.25,17323,F1,1,,,,,
2026-07-30,2026-07-30,CM,NSE,STK,13310,INE878B01027,KEI,EQ,,,,,KEI INDUSTRIES LTD.,4835.50,4853.00,4745.50,4799.50,4798.00,4853.50,,4799.50,,,343360,1642964807.50,54722,F1,1,,,,,
2026-07-30,2026-07-30,CM,NSE,STK,13430,INE164B01030,KELLTONTEC,EQ,,,,,KELLTON TECH SOL LTD,14.11,14.14,13.85,13.89,13.89,14.14,,13.89,,,1680723,23452719.30,3414,F1,1,,,,,
2026-07-30,2026-07-30,CM,NSE,STK,29547,INE15DO01012,KEN,SM,,,,,KEN ENTERPRISES LIMITED,36.50,39.15,36.50,38.50,38.50,39.50,,38.50,,,3600,136980.00,3,F1,1200,,,,,
2026-07-30,2026-07-30,CM,NSE,STK,11841,INE717A01029,KENNAMET,EQ,,,,,KENNAMETAL INDIA LIMITED,2876.10,2884.00,2790.00,2818.70,2813.00,2875.80,,2819.10,,,9924,27989163.20,1253,F1,1,,,,,
2026-07-30,2026-07-30,CM,NSE,STK,13121,INE202H01019,KERNEX,EQ,,,,,KERNEX MICROSYS(I) LTD,2190.00,2244.20,2178.00,2215.10,2241.00,2196.00,,2215.00,,,82515,182392931.00,6303,F1,1,,,,,
2026-07-30,2026-07-30,CM,NSE,STK,4981,INE087A01019,KESORAMIND,BE,,,,,KESORAM INDUSTRIES LTD,11.55,11.93,11.55,11.93,11.93,11.37,,11.98,,,791009,9417196.96,484,F1,1,,,,,
2026-07-30,2026-07-30,CM,NSE,STK,13381,INE401H01017,KKCL,EQ,,,,,KEWAL KIRAN CLOTHING LTD,504.70,508.60,501.15,505.65,507.95,508.00,,505.60,,,15190,7677180.70,890,F1,1,,,,,
2026-07-30,2026-07-30,CM,NSE,STK,4157,INE681C01015,KEYFINSERV,EQ,,,,,KEYNOTE FIN SERV LTD.,258.00,262.85,255.00,256.87,261.96,258.78,,257.34,,,2658,683633.10,54,F1,1,,,,,
2026-07-30,2026-07-30,CM,NSE,STK,12219,INE263M01029,RUSTOMJEE,EQ,,,,,KEYSTONE REALTORS LIMITED,407.00,408.60,400.25,404.75,403.80,406.05,,404.75,,,12976,5234292.85,880,F1,1,,,,,
2026-07-30,2026-07-30,CM,NSE,STK,13359,INE138Y01010,KFINTECH,EQ,,,,,KFIN TECHNOLOGIES LIMITED,945.00,948.10,922.60,940.50,939.95,948.80,,940.45,,,1268487,1185325113.40,37936,F1,1,,,,,
2026-07-30,2026-07-30,CM,NSE,STK,433,INE834I01025,KHADIM,BE,,,,,KHADIM INDIA LIMITED,95.00,96.80,93.55,96.13,95.01,95.42,,96.07,,,10811,1028269.51,157,F1,1,,,,,
2026-07-30,2026-07-30,CM,NSE,STK,9582,INE731C01018,KHAITANLTD,BE,,,,,KHAITAN (INDIA)LTD.,133.00,133.00,124.00,126.46,124.00,130.00,,126.46,,,1830,233958.31,40,F1,1,,,,,
2026-07-30,2026-07-30,CM,NSE,STK,896,INE745B01028,KHAICHEM,EQ,,,,,KHAITAN CHEM & FERT LTD,48.48,48.84,47.17,47.43,47.65,48.15,,47.43,,,75739,3629679.14,706,F1,1,,,,,
2026-07-30,2026-07-30,CM,NSE,STK,9641,INE060B01014,KHANDSE,EQ,,,,,KHANDWALA SECURITIES LTD,17.05,17.90,17.02,17.46,17.03,17.49,,17.33,,,493,8508.33,42,F1,1,,,,,
2026-07-30,2026-07-30,CM,NSE,STK,9570,INE00UG01014,KHFM,SM,,,,,KHFM HOS FAC MANA SER LTD,45.65,45.65,45.65,45.65,45.65,44.95,,45.65,,,1550,70757.50,1,F1,1550,,,,,
2026-07-30,2026-07-30,CM,NSE,STK,762747,INE338F01015,KLBRENG-B,EQ,,,,,KILBURN ENGINEERING LTD.,435.95,441.15,430.50,431.60,432.00,435.80,,431.50,,,74122,32187108.90,2300,F1,1,,,,,
2026-07-30,2026-07-30,CM,NSE,STK,19941,INE729D01010,KILITCH,BE,,,,,KILITCH DRUGS INDIA LTD,195.50,195.50,188.96,190.58,190.40,186.20,,190.58,,,28634,5513499.15,311,F1,1,,,,,
2026-07-30,2026-07-30,CM,NSE,STK,18944,INE473D01015,KINGFA,EQ,,,,,KINGFA SCI & TEC IND LTD.,5050.50,5117.00,5002.50,5101.00,5093.00,5050.50,,5101.00,,,2751,13939032.50,800,F1,1,,,,,
2026-07-30,2026-07-30,CM,NSE,STK,19126,INE880L01014,KIOCL,EQ,,,,,KIOCL LIMITED,360.10,365.90,351.00,356.20,359.90,361.35,,356.15,,,71082,25324924.75,3237,F1,1,,,,,
2026-07-30,2026-07-30,CM,NSE,STK,762742,INE555P01013,KIRANVYPAR,EQ,,,,,KIRAN VYAPAR LTD.,198.50,203.10,197.00,200.88,200.00,196.19,,200.69,,,1243,248146.52,37,F1,1,,,,,
2026-07-30,2026-07-30,CM,NSE,STK,16639,INE415I01015,KIRIINDUS,EQ,,,,,KIRI INDUSTRIES LIMITED,409.15,413.70,402.00,410.40,410.00,408.15,,410.40,,,163888,66946189.70,3648,F1,1,,,,,
2026-07-30,2026-07-30,CM,NSE,STK,18581,INE732A01036,KIRLOSBROS,EQ,,,,,KIRLOSKAR BROTHERS LTD,1866.00,1910.00,1821.50,1873.30,1900.00,1854.70,,1873.70,,,84873,157481407.00,12052,F1,1,,,,,
2026-07-30,2026-07-30,CM,NSE,STK,18220,INE134B01017,KECL,EQ,,,,,KIRLOSKAR ELECTRIC CO LTD,140.61,143.96,135.50,136.17,137.10,143.48,,136.15,,,163321,22517430.78,2251,F1,1,,,,,
2026-07-30,2026-07-30,CM,NSE,STK,14466,INE884B01025,KIRLFER,EQ,,,,,KIRLOSKAR FERROUS IND LTD,474.20,475.95,464.00,465.70,465.05,474.20,,465.70,,,41853,19561710.25,2802,F1,1,,,,,
2026-07-30,2026-07-30,CM,NSE,STK,19025,INE250A01039,KIRLOSIND,EQ,,,,,KIRLOSKAR INDUSTRIES LTD,3788.20,3795.00,3737.90,3759.30,3752.00,3760.20,,3759.20,,,2544,9576852.10,603,F1,1,,,,,
2026-07-30,2026-07-30,CM,NSE,STK,20936,INE146L01010,KIRLOSENG,EQ,,,,,KIRLOSKAR OIL ENG LTD,2194.50,2196.00,2110.00,2132.90,2138.00,2180.90,,2132.90,,,278151,593244624.10,27373,F1,1,,,,,
2026-07-30,2026-07-30,CM,NSE,STK,15180,INE811A01020,KIRLPNU,EQ,,,,,KIRLOSKAR PNEUMATIC COM L,1503.10,1505.70,1456.50,1460.80,1460.40,1502.60,,1460.80,,,102717,151441919.40,12558,F1,1,,,,,
2026-07-30,2026-07-30,CM,NSE,STK,28899,INE602G01020,KITEX,EQ,,,,,KITEX GARMENTS LTD,146.00,146.28,144.71,145.19,145.40,146.02,,145.20,,,251046,36487487.13,2069,F1,1,,,,,
2026-07-30,2026-07-30,CM,NSE,STK,17781,INE239T01016,KKVAPOW,SM,,,,,KKV AGRO POWERS LTD.,475.15,475.15,475.15,475.15,475.15,499.35,,475.15,,,171,81250.65,1,F1,171,,,,,
2026-07-30,2026-07-30,CM,NSE,STK,760923,INE0KNW01016,KNAGRI,EQ,,,,,KN AGRI RESOURCES LIMITED,211.00,211.00,202.50,204.88,205.00,209.56,,204.88,,,6516,1337722.56,321,F1,1,,,,,
2026-07-30,2026-07-30,CM,NSE,STK,763839,INE17QZ01016,KNACK,EQ,,,,,KNACK PACKAGING LIMITED,189.00,192.00,185.30,190.72,190.00,189.51,,190.74,,,778244,147693122.73,6885,F1,1,,,,,
2026-07-30,2026-07-30,CM,NSE,STK,27084,INE0CJD01029,KMEW,EQ,,,,,KNOWLEDGE MARINE & EN W L,2629.30,2629.30,2500.00,2529.00,2520.90,2679.80,,2529.60,,,122309,313554289.90,18399,F1,1,,,,,
2026-07-30,2026-07-30,CM,NSE,STK,758431,INE1JAR25012,KRT,RR,,,,,KNOWLEDGE REALTY TRUST,119.00,120.00,118.70,119.38,119.31,118.32,,119.38,,,184381,22004950.80,19096,F1,1,,,,,
2026-07-30,2026-07-30,CM,NSE,STK,15283,INE634I01029,KNRCON,EQ,,,,,KNR CONSTRU LTD.,120.10,121.07,119.50,120.16,119.52,121.30,,120.19,,,469512,56482550.30,6152,F1,1,,,,,
2026-07-30,2026-07-30,CM,NSE,STK,18751,INE0Q7P01013,KODYTECH,SM,,,,,KODY TECHNOLAB LIMITED,1401.70,1435.00,1400.00,1433.40,1435.00,1401.70,,1433.40,,,8300,11785100.00,73,F1,100,,,,,
2026-07-30,2026-07-30,CM,NSE,STK,3009,INE080B01012,KOHINOOR,EQ,,,,,KOHINOOR FOODS LIMITED,22.86,23.12,22.60,22.96,22.62,22.86,,22.96,,,52586,1199324.72,1559,F1,1,,,,,
2026-07-30,2026-07-30,CM,NSE,STK,16827,INE760A01029,KOKUYOCMLN,EQ,,,,,KOKUYO CAMLIN LIMITED,85.78,85.78,83.05,83.70,84.44,84.63,,83.93,,,16584,1395965.15,660,F1,1,,,,,
2026-07-30,2026-07-30,CM,NSE,STK,15124,INE094I01018,KOLTEPATIL,EQ,,,,,KOLTE PATIL DEV. LTD.,390.10,394.00,377.00,382.95,382.70,390.10,,382.95,,,73036,28099090.80,2515,F1,1,,,,,
2026-07-30,2026-07-30,CM,NSE,STK,22475,INE0QEI01011,KONSTELEC,ST,,,,,KONSTELEC ENGINEERS LTD,62.50,62.50,59.40,60.90,61.00,62.50,,60.90,,,99000,5993350.00,29,F1,1000,,,,,
2026-07-30,2026-07-30,CM,NSE,STK,4951,INE082A01010,KOPRAN,BE,,,,,KOPRAN LTD,191.60,194.99,185.00,188.07,188.80,191.64,,188.02,,,88971,16901054.70,875,F1,1,,,,,
2026-07-30,2026-07-30,CM,NSE,STK,16758,INE0O4R01018,KDL,SM,,,,,KORE DIGITAL LIMITED,111.95,112.00,106.40,106.45,106.40,111.95,,106.45,,,48450,5223847.50,172,F1,150,,,,,
2026-07-30,2026-07-30,CM,NSE,STK,14858,INF174KA1HJ8,GOLD1,EQ,,,,,KOTAK GOLD ETF,117.84,118.69,117.67,118.39,118.48,117.83,,118.39,,,2702941,319486918.46,5335,F1,1,,,,,
2026-07-30,2026-07-30,CM,NSE,STK,1922,INE237A01036,KOTAKBANK,EQ,,,,,KOTAK MAHINDRA BANK LTD,385.70,390.20,385.70,389.40,387.60,390.20,,389.40,,,12205963,4743063326.70,189710,F1,1,,,,,
2026-07-30,2026-07-30,CM,NSE,STK,18102,INF174K014P6,NIFTY1,EQ,,,,,KOTAK NIFTY ETF,268.72,269.72,267.00,269.27,269.00,268.72,,269.27,,,47837,12863154.12,865,F1,1,,,,,
2026-07-30,2026-07-30,CM,NSE,STK,15061,INF174KA1A86,PSUBANK,EQ,,,,,KOTAK PSU BANK,82.65,83.57,82.65,83.31,82.66,83.24,,83.30,,,259939,21630260.36,373,F1,1,,,,,
2026-07-30,2026-07-30,CM,NSE,STK,759885,INF174KA1XV0,CHEMICAL,EQ,,,,,KOTAKMAMC - CHEMICAL,30.67,30.67,30.00,30.10,30.12,30.37,,30.10,,,366548,11049332.32,1121,F1,1,,,,,
2026-07-30,2026-07-30,CM,NSE,STK,7412,INF174KA1IA5,ALPHA,EQ,,,,,KOTAKMAMC - KOTAKALPHA,51.00,52.09,51.00,51.40,51.45,51.58,,51.40,,,442904,22737961.33,1872,F1,1,,,,,
2026-07-30,2026-07-30,CM,NSE,STK,10512,INF174KA1ZF8,CONS,EQ,,,,,KOTAKMAMC - KOTAKCONS,12.38,12.45,12.35,12.43,12.45,12.36,,12.43,,,53909,667676.88,119,F1,1,,,,,
2026-07-30,2026-07-30,CM,NSE,STK,2627,INF174KA1GC5,IT,EQ,,,,,KOTAKMAMC - KOTAKIT,34.55,35.35,34.55,34.63,34.59,34.56,,34.63,,,1258965,44073860.95,1888,F1,1,,,,,
2026-07-30,2026-07-30,CM,NSE,STK,13950,INF174KA1LV5,LIQUID1,EQ,,,,,KOTAKMAMC - KOTAKLIQ,1115.67,1115.84,1115.67,1115.82,1115.82,1115.67,,1115.82,,,550124,613844513.89,870,F1,1,,,,,
2026-07-30,2026-07-30,CM,NSE,STK,8632,INF174KA1IY5,LOWVOL1,EQ,,,,,KOTAKMAMC - KOTAKLOVOL,21.68,21.68,21.50,21.57,21.60,21.61,,21.57,,,115817,2498934.40,124,F1,1,,,,,
2026-07-30,2026-07-30,CM,NSE,STK,8077,INF174KA1ZC5,MIDCAP,EQ,,,,,KOTAKMAMC - KOTAKMID50,18.47,18.53,18.25,18.43,18.50,18.47,,18.43,,,284194,5240815.10,658,F1,1,,,,,
2026-07-30,2026-07-30,CM,NSE,STK,10676,INF174KA1JF2,MNC,EQ,,,,,KOTAKMAMC - KOTAKMNC,33.46,33.84,33.46,33.76,33.79,33.75,,33.76,,,104215,3501102.58,278,F1,1,,,,,
2026-07-30,2026-07-30,CM,NSE,STK,13082,INF174KA1ZD3,SILVER1,EQ,,,,,KOTAKMAMC - KOTAKSILVE,20.94,20.96,20.78,20.93,20.94,20.95,,20.93,,,4716424,98404283.09,3789,F1,1,,,,,
2026-07-30,2026-07-30,CM,NSE,STK,11457,INF174KA1ZE1,NV20,EQ,,,,,KOTAKMAMC - KTKNV20ETF,14.09,14.12,13.84,14.09,14.10,14.02,,14.09,,,30950,436194.20,124,F1,1,,,,,
2026-07-30,2026-07-30,CM,NSE,STK,30469,INF174KA1VW2,MID150,EQ,,,,,KOTAKMAMC - MID150,23.48,23.50,23.34,23.36,23.46,23.47,,23.36,,,33262,778871.78,171,F1,1,,,,,
2026-07-30,2026-07-30,CM,NSE,STK,759488,INF174KA1XS6,MOMENTUM30,EQ,,,,,KOTAKMAMC - MOMENTUM30,30.15,30.15,29.96,30.06,30.06,30.10,,30.06,,,32804,984802.90,94,F1,1,,,,,
2026-07-30,2026-07-30,CM,NSE,STK,29758,INF174KA1VD2,MSCIINDIA,EQ,,,,,KOTAKMAMC - MSCIINDIA,29.94,30.11,29.88,29.97,30.09,29.83,,29.97,,,11624,348531.87,92,F1,1,,,,,
2026-07-30,2026-07-30,CM,NSE,STK,760709,INF174KA1YO3,NEXT50ETF,EQ,,,,,KOTAKMAMC - NEXT50ETF,73.25,73.25,72.82,72.95,73.19,72.97,,72.95,,,19696,1438283.28,53,F1,1,,,,,
2026-07-30,2026-07-30,CM,NSE,STK,29944,INF174KA1UW4,NIFTY100EW,EQ,,,,,KOTAKMAMC - NIFTY100EW,35.19,35.33,35.15,35.21,35.26,35.19,,35.21,,,28711,1011115.32,161,F1,1,,,,,
2026-07-30,2026-07-30,CM,NSE,STK,764195,INF174KA1A94,PVTBANK,EQ,,,,,KOTAKMAMC - PVTBANK,27.51,27.52,27.44,27.50,27.50,27.59,,27.50,,,1080,29689.55,12,F1,1,,,,,
2026-07-30,2026-07-30,CM,NSE,STK,757946,INF174KA1WT6,QUALITY30,EQ,,,,,KOTAKMAMC - QUALITY30,21.08,21.16,20.95,21.09,21.10,20.98,,21.09,,,13887,292138.78,40,F1,1,,,,,
2026-07-30,2026-07-30,CM,NSE,STK,5851,INF174KA1ZB7,BANKNIFTY1,EQ,,,,,KOTAKMAMC-KOTAKBKETF,59.38,59.47,58.91,59.31,59.39,59.38,,59.31,,,119003,7043708.73,533,F1,1,,,,,
2026-07-30,2026-07-30,CM,NSE,STK,762752,INE972A01020,KOTIC,EQ,,,,,KOTHARI INDUSTRIAL CORP L,165.00,165.00,157.00,159.11,159.70,159.69,,159.11,,,7675,1220686.57,352,F1,1,,,,,
2026-07-30,2026-07-30,CM,NSE,STK,4594,INE720A01015,KOTHARIPET,EQ,,,,,KOTHARI PETROCHEM LTD,138.86,138.86,132.86,134.25,134.50,138.86,,134.25,,,71544,9678666.53,1542,F1,1,,,,,
2026-07-30,2026-07-30,CM,NSE,STK,5528,INE823A01017,KOTHARIPRO,EQ,,,,,KOTHARI PRODUCTS LTD,64.03,67.50,64.03,66.25,65.77,65.83,,66.51,,,8628,568814.59,269,F1,1,,,,,
2026-07-30,2026-07-30,CM,NSE,STK,11647,INE419A01022,KOTARISUG,EQ,,,,,KOTHARI SUG & CHEM LTD.,25.10,26.00,25.03,25.18,25.13,25.27,,25.18,,,19547,495084.45,167,F1,1,,,,,
2026-07-30,2026-07-30,CM,NSE,STK,761337,INE0J0B01017,KOTYARK,BE,,,,,KOTYARK INDUSTRIES LTD,33.76,34.69,32.36,33.27,33.40,33.76,,32.89,,,36824,1227987.14,183,F1,1,,,,,
2026-07-30,2026-07-30,CM,NSE,STK,5192,INE177F01017,KOVAI,EQ,,,,,KOVAI MEDICAL CENTER & HO,5975.00,5999.00,5910.50,5948.50,5951.00,5945.00,,5948.50,,,2665,15889985.00,725,F1,1,,,,,
2026-07-30,2026-07-30,CM,NSE,STK,5108,INE542W01025,KPIGREEN,EQ,,,,,KPI GREEN ENERGY LIMITED,391.00,391.65,383.05,383.75,383.50,390.35,,383.75,,,318404,122796622.90,8606,F1,1,,,,,
2026-07-30,2026-07-30,CM,NSE,STK,9683,INE04I401011,KPITTECH,EQ,,,,,KPIT TECHNOLOGIES LIMITED,610.00,621.00,580.15,589.75,591.10,638.75,,589.70,,,15706759,9325154569.65,207231,F1,1,,,,,
2026-07-30,2026-07-30,CM,NSE,STK,14912,INE930H01031,KPRMILL,EQ,,,,,KPR MILL LTD.,1060.50,1069.50,1030.80,1033.30,1033.10,1060.50,,1033.30,,,159319,166821375.20,12503,F1,1,,,,,
2026-07-30,2026-07-30,CM,NSE,STK,10577,INE001B01026,KRBL,EQ,,,,,KRBL LIMITED,346.90,352.85,344.85,350.65,350.00,348.55,,350.65,,,312391,109112878.10,9074,F1,1,,,,,
2026-07-30,2026-07-30,CM,NSE,STK,1937,INE268B01013,KREBSBIO,EQ,,,,,KREBS BIOCHEMICALS & IND,54.90,54.90,53.38,53.86,53.75,54.04,,53.48,,,1956,105233.94,53,F1,1,,,,,
2026-07-30,2026-07-30,CM,NSE,STK,11488,INE524L01026,KRIDHANINF,BE,,,,,KRIDHAN INFRA LIMITED,2.43,2.43,2.26,2.32,2.33,2.34,,2.30,,,12913,29984.45,33,F1,1,,,,,
2026-07-30,2026-07-30,CM,NSE,STK,12847,INE506W01020,KRISHANA,EQ,,,,,KRISHANA PHOSCHEM LIMITED,165.40,181.90,162.40,180.05,180.50,164.55,,180.05,,,4816424,840459121.95,41711,F1,1,,,,,
2026-07-30,2026-07-30,CM,NSE,STK,16133,INE0NR701018,KRISHCA,SM,,,,,KRISHCA STRAPPING SLTN L,165.45,166.90,163.50,165.20,163.50,165.45,,165.20,,,2500,413825.00,5,F1,500,,,,,
2026-07-30,2026-07-30,CM,NSE,STK,756782,INE0GGO01015,KRISHIVAL,EQ,,,,,KRISHIVAL FOODS LIMITED,395.00,397.30,385.50,387.15,385.50,395.40,,387.30,,,2271,884852.95,158,F1,1,,,,,
2026-07-30,2026-07-30,CM,NSE,STK,761192,INE0J5601015,KRISHNADEF,EQ,,,,,KRISHNA DEF AND ALD IND L,1215.10,1215.10,1186.00,1191.10,1191.10,1218.70,,1191.10,,,64519,77275540.70,4395,F1,1,,,,,
2026-07-30,2026-07-30,CM,NSE,STK,4847,INE967H01025,KIMS,EQ,,,,,KRISHNA INST OF MED SCI L,797.00,816.95,787.00,807.00,809.00,798.00,,807.00,,,1209177,969638390.95,35965,F1,1,,,,,
2026-07-30,2026-07-30,CM,NSE,STK,6420,INE479D01038,KRITI,BE,,,,,KRITI INDUSTRIES IND LTD,71.70,71.70,67.05,69.76,69.51,68.78,,69.75,,,4063,282866.60,36,F1,1,,,,,
2026-07-30,2026-07-30,CM,NSE,STK,11432,INE798K01010,KRITINUT,EQ,,,,,KRITI NUTRIENTS LIMITED,72.66,73.98,71.50,72.24,73.00,72.30,,72.24,,,13305,969683.07,129,F1,1,,,,,
2026-07-30,2026-07-30,CM,NSE,STK,9288,INE00Z501029,KRITIKA,EQ,,,,,KRITIKA WIRES LIMITED,5.41,5.55,5.40,5.47,5.47,5.46,,5.47,,,108784,595241.88,317,F1,1,,,,,
2026-07-30,2026-07-30,CM,NSE,STK,760627,INE1MTV01019,KRMAYURVED,ST,,,,,KRM AYURVEDA LIMITED,255.00,264.00,255.00,261.85,264.00,257.05,,261.85,,,58000,15114200.00,33,F1,1000,,,,,
2026-07-30,2026-07-30,CM,NSE,STK,25645,INE0Q3J01015,KRN,BE,,,,,KRN HEAT EXCHANGE N REF L,1230.00,1239.00,1155.00,1156.60,1164.80,1208.00,,1156.90,,,103051,120607749.30,6993,F1,1,,,,,
2026-07-30,2026-07-30,CM,NSE,STK,24025,INE0ATZ01017,KRONOX,EQ,,,,,KRONOX LAB SCIENCES LTD,155.00,155.00,151.25,152.09,151.50,153.98,,152.08,,,40535,6167180.62,1047,F1,1,,,,,
2026-07-30,2026-07-30,CM,NSE,STK,25252,INE0O6601022,KROSS,EQ,,,,,KROSS LIMITED,198.33,198.38,191.10,192.55,193.00,198.33,,192.55,,,232684,45259745.95,4984,F1,1,,,,,
2026-07-30,2026-07-30,CM,NSE,STK,5359,INE08LI01020,KRSNAA,EQ,,,,,KRSNAA DIAGNOSTICS LTD,534.80,534.80,521.10,524.05,522.90,533.45,,524.05,,,64059,33761791.65,3392,F1,1,,,,,
2026-07-30,2026-07-30,CM,NSE,STK,23175,INE0QN801017,KRYSTAL,EQ,,,,,KRYSTAL INTEGRATED SER L,600.15,602.95,600.05,600.20,600.05,600.15,,600.20,,,7273,4369202.35,267,F1,1,,,,,
2026-07-30,2026-07-30,CM,NSE,STK,1949,INE999A01023,KSB,EQ,,,,,KSB LIMITED,842.60,851.10,828.30,847.55,846.00,842.60,,847.65,,,57670,48383846.10,5790,F1,1,,,,,
2026-07-30,2026-07-30,CM,NSE,STK,760433,INE987S01020,KSHINTL,EQ,,,,,KSH INTERNATIONAL LIMITED,824.70,840.00,813.70,830.95,831.00,825.40,,830.90,,,70950,58811904.80,6360,F1,1,,,,,
2026-07-30,2026-07-30,CM,NSE,STK,10412,INE013801027,KSHITIJPOL,BE,,,,,KSHITIJ POLYLINE LIMITED,2.91,2.91,2.82,2.83,2.83,2.96,,2.83,,,1096323,3108203.21,1332,F1,1,,,,,
2026-07-30,2026-07-30,CM,NSE,STK,11060,INE0D6I01023,KSOLVES,EQ,,,,,KSOLVES INDIA LIMITED,281.95,285.75,278.00,279.25,278.00,281.90,,279.25,,,34861,9786782.00,1903,F1,1,,,,,
2026-07-30,2026-07-30,CM,NSE,STK,759987,INE1SPP01016,KSR,EQ,,,,,KSR FOOTWEAR LIMITED,29.99,30.35,28.00,29.21,29.35,28.92,,29.19,,,6374,187376.71,68,F1,1,,,,,
2026-07-30,2026-07-30,CM,NSE,STK,13870,INE529I01021,KUANTUM,EQ,,,,,KUANTUM PAPERS LIMITED,77.76,80.00,76.51,78.17,78.89,77.53,,78.18,,,58158,4542341.92,881,F1,1,,,,,
2026-07-30,2026-07-30,CM,NSE,STK,18708,INE0OWX01025,KEL,SM,,,,,KUNDAN EDIFICE LIMITED,74.35,74.35,74.35,74.35,74.35,79.00,,74.35,,,1200,89220.00,1,F1,1200,,,,,
2026-07-30,2026-07-30,CM,NSE,STK,764116,INE0ISX01025,KUSUMGAR,EQ,,,,,KUSUMGAR LIMITED,590.00,593.00,568.00,570.20,570.00,592.10,,570.25,,,607183,351299877.80,17124,F1,1,,,,,
2026-07-30,2026-07-30,CM,NSE,STK,762757,INE552U01010,KPL,EQ,,,,,KWALITY PHARMACEUTICALS L,2630.00,2630.00,2524.00,2545.60,2569.00,2604.00,,2545.20,,,11377,29061573.30,2069,F1,1,,,,,
2026-07-30,2026-07-30,CM,NSE,STK,760946,INE2KCE01013,KWIL,EQ,,,,,KWALITY WALL'S (INDIA) L,31.07,31.18,30.13,30.25,30.26,30.95,,30.25,,,4642110,141267934.94,11001,F1,1,,,,,
2026-07-30,2026-07-30,CM,NSE,STK,24948,INE498L01015,LTF,EQ,,,,,L&T FINANCE LIMITED,308.90,309.70,303.80,306.25,306.00,309.15,,306.25,,,2901728,887511273.30,34432,F1,1,,,,,
2026-07-30,2026-07-30,CM,NSE,STK,18564,INE010V01017,LTTS,EQ,,,,,L&T TECHNOLOGY SER. LTD.,3573.00,3643.70,3545.00,3559.10,3560.50,3585.00,,3559.30,,,80105,287610143.80,13856,F1,1,,,,,
2026-07-30,2026-07-30,CM,NSE,STK,14423,INE059D01020,LAOPALA,EQ,,,,,LA OPALA RG LIMITED,186.54,186.55,183.63,185.00,185.00,186.54,,185.00,,,49099,9075594.33,2104,F1,1,,,,,
2026-07-30,2026-07-30,CM,NSE,STK,5865,INE548Z01017,LAGNAM,EQ,,,,,LAGNAM SPINTEX LIMITED,88.01,92.00,85.79,88.78,91.45,87.43,,88.78,,,31991,2834891.94,318,F1,1,,,,,
2026-07-30,2026-07-30,CM,NSE,STK,762762,INE515C01023,LAHOTIOV,EQ,,,,,LAHOTI OVERSEAS LTD.,43.89,45.00,40.01,40.67,41.90,43.01,,40.77,,,13478,561389.86,123,F1,1,,,,,
2026-07-30,2026-07-30,CM,NSE,STK,7902,INE850E01012,LFIC,EQ,,,,,LAKSHMI FIN IND CORP LTD,141.00,148.00,141.00,141.03,141.00,140.95,,141.03,,,536,75869.48,21,F1,1,,,,,
2026-07-30,2026-07-30,CM,NSE,STK,4774,INE651C01018,LAKPRE,BZ,,,,,LAKSHMI PRE SCRE LTD,5.28,5.28,4.93,4.93,4.93,5.18,,4.97,,,2435,12039.77,12,F1,1,,,,,
2026-07-30,2026-07-30,CM,NSE,STK,25860,INE0VZS01015,LAKSHYA,SM,,,,,LAKSHYA POWERTECH LIMITED,90.00,90.00,90.00,90.00,90.00,90.50,,90.00,,,1600,144000.00,2,F1,800,,,,,
2026-07-30,2026-07-30,CM,NSE,STK,6407,INE112F01022,LAMBODHARA,EQ,,,,,LAMBODHARA TEXTILES LTD.,113.00,114.40,110.60,112.33,113.00,111.89,,112.49,,,1801,202348.38,73,F1,1,,,,,
2026-07-30,2026-07-30,CM,NSE,STK,27225,INE0R0201012,LAMOSAIC,ST,,,,,LAMOSAIC INDIA LIMITED,50.70,52.50,49.10,51.90,52.45,50.45,,51.90,,,100800,5159100.00,60,F1,600,,,,,
2026-07-30,2026-07-30,CM,NSE,STK,23027,INE572G01025,LANCORHOL,EQ,,,,,LANCOR HOLDINGS LIMITED,25.55,26.88,25.55,26.30,25.75,25.87,,26.30,,,35388,935933.48,496,F1,1,,,,,
2026-07-30,2026-07-30,CM,NSE,STK,13276,INE559R01029,LANDMARK,EQ,,,,,LANDMARK CARS LIMITED,528.00,565.20,527.90,539.65,538.90,537.80,,539.70,,,446119,244581392.95,13939,F1,1,,,,,
2026-07-30,2026-07-30,CM,NSE,STK,16863,INE197J01017,LPDC,EQ,,,,,LANDMARK PR.DEV.CO.LTD,6.40,6.40,6.02,6.13,6.19,6.30,,6.13,,,24887,153541.57,78,F1,1,,,,,
2026-07-30,2026-07-30,CM,NSE,STK,17376,INE688J01023,LANDSMILL,EQ,,,,,LANDSMILL GREEN LIMITED,0.83,0.84,0.81,0.81,0.82,0.83,,0.81,,,1044960,858068.57,578,F1,1,,,,,
2026-07-30,2026-07-30,CM,NSE,STK,11483,INE018A01030,LT,EQ,,,,,LARSEN & TOUBRO LTD.,3931.40,3951.70,3883.50,3937.70,3940.50,3931.40,,3937.70,,,2141252,8412878897.00,126759,F1,1,,,,,
2026-07-30,2026-07-30,CM,NSE,STK,21713,INE670X01014,LASA,EQ,,,,,LASA SUPERGENERICS LTD,7.09,7.15,6.91,6.98,6.98,7.09,,6.98,,,17654,123712.19,70,F1,1,,,,,
2026-07-30,2026-07-30,CM,NSE,STK,764126,INE17IR01028,LASERPOWER,EQ,,,,,LASER POWER & INFRA LTD,307.59,309.00,295.07,300.42,302.00,306.67,,300.47,,,2914350,877152128.54,33840,F1,1,,,,,
2026-07-30,2026-07-30,CM,NSE,STK,6818,INE0I7C01011,LATENTVIEW,EQ,,,,,LATENT VIEW ANALYTICS LTD,315.00,316.80,309.00,310.45,310.80,317.60,,310.45,,,351269,109850567.90,11438,F1,1,,,,,
2026-07-30,2026-07-30,CM,NSE,STK,15848,INE262Z01023,LATTEYS,BE,,,,,LATTEYS INDUSTRIES LTD,20.00,20.20,19.51,20.01,20.05,19.89,,20.01,,,21397,426951.54,97,F1,1,,,,,
2026-07-30,2026-07-30,CM,NSE,STK,19234,INE947Q01028,LAURUSLABS,EQ,,,,,LAURUS LABS LIMITED,1785.00,1798.90,1773.30,1781.30,1781.70,1781.30,,1781.30,,,2402202,4282745431.50,56771,F1,1,,,,,
2026-07-30,2026-07-30,CM,NSE,STK,6568,INE801V01019,LAXMICOT,EQ,,,,,LAXMI COTSPIN LIMITED,14.24,14.29,13.62,13.79,14.02,14.10,,13.79,,,7645,106263.91,142,F1,1,,,,,
2026-07-30,2026-07-30,CM,NSE,STK,29171,INE0WO601020,LAXMIDENTL,EQ,,,,,LAXMI DENTAL LIMITED,217.55,220.40,210.81,211.91,212.85,217.55,,211.91,,,107147,23074824.33,2789,F1,1,,,,,
2026-07-30,2026-07-30,CM,NSE,STK,19876,INE258Y01016,LGHL,EQ,,,,,LAXMI GOLDORNA HOUSE LTD,207.31,209.50,201.00,202.50,204.46,204.50,,202.50,,,19807,4061540.16,371,F1,1,,,,,
2026-07-30,2026-07-30,CM,NSE,STK,758865,INE06WU01026,LAXMIINDIA,BE,,,,,LAXMI INDIA FINANCE LTD,124.50,124.89,119.10,120.46,122.00,123.83,,120.44,,,40652,4947781.62,451,F1,1,,,,,
2026-07-30,2026-07-30,CM,NSE,STK,2841,INE576O01020,LXCHEM,EQ,,,,,LAXMI ORGANIC INDUS LTD,200.00,200.00,181.00,182.16,182.00,200.51,,182.17,,,9949128,1876438651.04,94178,F1,1,,,,,
2026-07-30,2026-07-30,CM,NSE,STK,7529,INE938A01021,LCCINFOTEC,EQ,,,,,LCC INFOTECH LTD,4.23,4.34,4.16,4.24,4.20,4.36,,4.22,,,32828,138409.93,111,F1,1,,,,,
2026-07-30,2026-07-30,CM,NSE,STK,760300,INE0G1L01025,LEMERITE,EQ,,,,,LE MERITE EXPORTS LIMITED,23.47,24.14,23.10,23.36,23.30,23.41,,23.36,,,701667,16391342.94,1157,F1,1,,,,,
2026-07-30,2026-07-30,CM,NSE,STK,24067,INE0HV901016,IXIGO,EQ,,,,,LE TRAVENUES TECHNOLOGY L,194.00,196.00,190.80,193.48,193.75,194.03,,193.48,,,262962,50896038.92,6647,F1,1,,,,,
2026-07-30,2026-07-30,CM,NSE,STK,14204,INE0H4B01011,LRRPL,SM,,,,,LEAD REC AND RUB PROD LTD,92.00,92.00,91.00,91.00,91.00,91.00,,91.00,,,9000,820500.00,4,F1,1500,,,,,
2026-07-30,2026-07-30,CM,NSE,STK,757014,INE0AQ201015,THELEELA,EQ,,,,,LEELA PALACES HOTEL LTD,470.10,474.00,463.10,468.10,466.00,471.65,,468.10,,,148857,69710339.65,11985,F1,1,,,,,
2026-07-30,2026-07-30,CM,NSE,STK,2606,INE970X01018,LEMONTREE,EQ,,,,,LEMON TREE HOTELS LTD,109.90,110.15,108.90,109.20,109.68,110.15,,109.20,,,2879823,315017504.28,27344,F1,1,,,,,
2026-07-30,2026-07-30,CM,NSE,STK,759605,INE956O01016,LENSKART,EQ,,,,,LENSKART SOLUTIONS LTD,560.10,567.50,559.65,563.20,562.00,559.65,,563.20,,,2106042,1184312307.35,55636,F1,1,,,,,
2026-07-30,2026-07-30,CM,NSE,STK,14459,INE500X01013,LEXUS,EQ,,,,,LEXUS GRANITO (INDIA) LTD,15.24,15.24,14.71,15.02,15.18,14.93,,15.02,,,3428,51512.76,33,F1,1,,,,,
2026-07-30,2026-07-30,CM,NSE,STK,18321,INE337A01034,LGBBROSLTD,EQ,,,,,LG BALAKRISHNAN & BROS,1576.70,1601.10,1570.10,1589.00,1592.90,1576.70,,1589.00,,,18958,30043817.70,3659,F1,1,,,,,
2026-07-30,2026-07-30,CM,NSE,STK,760213,INE324D01010,LGEINDIA,EQ,,,,,LG ELECTRONICS INDIA LTD,1515.00,1518.80,1493.20,1499.60,1500.00,1518.20,,1499.60,,,563440,846201789.90,35384,F1,1,,,,,
2026-07-30,2026-07-30,CM,NSE,STK,11082,INE908V01012,LIBAS,EQ,,,,,LIBAS CONSU PRODUCTS LTD,10.01,10.14,9.82,9.84,9.90,10.01,,9.84,,,29590,293306.70,119,F1,1,,,,,
2026-07-30,2026-07-30,CM,NSE,STK,1994,INE557B01019,LIBERTSHOE,EQ,,,,,LIBERTY SHOES LTD,263.30,266.65,260.00,261.55,264.00,263.75,,261.55,,,20807,5459096.15,1277,F1,1,,,,,
2026-07-30,2026-07-30,CM,NSE,STK,1997,INE115A01026,LICHSGFIN,EQ,,,,,LIC HOUSING FINANCE LTD,553.40,553.40,536.40,540.90,541.20,553.45,,540.90,,,1512548,818979277.20,27901,F1,1,,,,,
2026-07-30,2026-07-30,CM,NSE,STK,25640,INF767K01SM1,LICMFGOLD,EQ,,,,,LIC MF - LIC GOLD ETF,127.60,128.25,127.05,127.55,127.35,127.20,,127.55,,,59740,7615422.70,450,F1,1,,,,,
2026-07-30,2026-07-30,CM,NSE,STK,11319,INF767K01OS7,LICNETFN50,EQ,,,,,LICNAMC - LICNFENGP,267.00,272.92,266.59,271.53,271.53,272.03,,271.65,,,451,122479.16,19,F1,1,,,,,
2026-07-30,2026-07-30,CM,NSE,STK,11441,INF767K01OT5,LICNETFSEN,EQ,,,,,LICNAMC - LICNFESGP,875.41,875.41,874.47,874.47,874.47,866.75,,877.18,,,64,56005.16,4,F1,1,,,,,
2026-07-30,2026-07-30,CM,NSE,STK,15229,INF767K01PC8,LICNFNHGP,EQ,,,,,LICNAMC - LICNFNHGP,276.68,278.62,276.46,278.62,278.62,274.98,,277.45,,,1883,521176.07,12,F1,1,,,,,
2026-07-30,2026-07-30,CM,NSE,STK,6062,INF767K01MV5,LICNETFGSC,EQ,,,,,LICNAMC - LICNMFET,29.48,29.54,29.41,29.48,29.41,29.48,,29.48,,,10579,311938.35,80,F1,1,,,,,
2026-07-30,2026-07-30,CM,NSE,STK,22722,INF767K01RN1,LICNMID100,EQ,,,,,LICNAMC - LICNMID100,63.25,63.25,62.11,62.78,62.89,62.71,,62.79,,,1462,92036.40,46,F1,1,,,,,
2026-07-30,2026-07-30,CM,NSE,STK,9480,INE0J1Y01017,LICI,EQ,,,,,LIFE INSURA CORP OF INDIA,423.90,426.65,418.90,422.85,423.60,423.90,,422.85,,,1639813,694631412.95,26093,F1,1,,,,,
2026-07-30,2026-07-30,CM,NSE,STK,578,INE060901027,LIKHITHA,EQ,,,,,LIKHITHA INFRASTRUC LTD,223.40,226.70,217.10,219.75,217.10,223.75,,219.80,,,29214,6482415.50,1125,F1,1,,,,,
2026-07-30,2026-07-30,CM,NSE,STK,6951,INE802B01027,LINC,EQ,,,,,LINC LIMITED,102.03,102.77,96.11,100.14,99.70,101.97,,100.15,,,64089,6339022.27,1300,F1,1,,,,,
2026-07-30,2026-07-30,CM,NSE,STK,11596,INE405C01035,LINCOLN,EQ,,,,,LINCOLN PHARMA LTD,581.40,585.00,569.70,572.15,579.75,581.40,,572.15,,,20295,11709454.15,1229,F1,1,,,,,
2026-07-30,2026-07-30,CM,NSE,STK,1627,INE473A01011,LINDEINDIA,EQ,,,,,LINDE INDIA LIMITED,6725.00,6764.50,6621.00,6637.00,6633.50,6722.50,,6637.00,,,20920,139740715.50,4449,F1,1,,,,,
2026-07-30,2026-07-30,CM,NSE,STK,17801,INE093R01011,LLOYDSENGG,EQ,,,,,LLOYDS ENGG WORK LIMITED,89.99,90.69,87.60,88.07,88.11,89.99,,88.07,,,5068921,450754194.29,19593,F1,1,,,,,
2026-07-30,2026-07-30,CM,NSE,STK,25807,INE080I01025,LLOYDSENT,EQ,,,,,LLOYDS ENTERPRISES LTD,80.35,81.37,78.12,79.04,79.01,80.37,,79.04,,,2190570,173987347.90,10309,F1,1,,,,,
2026-07-30,2026-07-30,CM,NSE,STK,11476,INE0DTQ01028,LLOYDS,ST,,,,,LLOYDS LUXURIES LIMITED,66.45,66.45,66.45,66.45,66.45,69.90,,66.45,,,1000,66450.00,1,F1,1000,,,,,
2026-07-30,2026-07-30,CM,NSE,STK,17313,INE281B01032,LLOYDSME,EQ,,,,,LLOYDS METALS N ENERGY L,2048.00,2055.00,1995.50,2015.10,2014.00,2051.30,,2015.10,,,480340,974914640.10,29269,F1,1,,,,,
2026-07-30,2026-07-30,CM,NSE,STK,1979,INE269B01029,LMW,EQ,,,,,LMW LIMITED,16357.00,16445.00,16184.00,16242.00,16299.00,16457.00,,16242.00,,,2170,35271585.00,856,F1,1,,,,,
2026-07-30,2026-07-30,CM,NSE,STK,3220,INE670K01029,LODHA,EQ,,,,,LODHA DEVELOPERS LIMITED,1305.00,1328.80,1281.10,1287.15,1288.05,1316.35,,1287.15,,,3725269,4852077442.50,74793,F1,1,,,,,
2026-07-30,2026-07-30,CM,NSE,STK,764296,INE0QJW01029,LCL,EQ,,,,,LOHIA CORP LIMITED,461.00,508.65,461.00,494.60,493.30,425.00,,494.60,,,20759451,10056894045.85,309197,F1,1,,,,,
2026-07-30,2026-07-30,CM,NSE,STK,13439,INE397H01017,LOKESHMACH,BE,,,,,LOKESH MACHINES LTD,332.15,338.55,332.15,338.50,338.50,331.95,,338.15,,,14274,4794654.00,98,F1,1,,,,,
2026-07-30,2026-07-30,CM,NSE,STK,18232,INE846D01012,LORDSCHLO,EQ,,,,,LORDS CHLORO ALKALI LTD,142.00,145.70,140.32,141.26,142.49,142.47,,141.39,,,26301,3761260.24,783,F1,1,,,,,
2026-07-30,2026-07-30,CM,NSE,STK,14924,INE740X01023,LAL,EQ,,,,,LORENZINI APPARELS LTD,8.04,8.73,7.85,8.55,8.65,7.97,,8.55,,,209159,1744001.51,453,F1,1,,,,,
2026-07-30,2026-07-30,CM,NSE,STK,16807,INE947I01017,LOTUSEYE,EQ,,,,,LOTUS EYE HOSP & INST L,118.50,120.35,116.42,118.47,118.95,119.00,,118.48,,,8646,1024250.19,243,F1,1,,,,,
2026-07-30,2026-07-30,CM,NSE,STK,22415,INE597L01014,LOVABLE,EQ,,,,,LOVABLE LINGERIE LTD,70.99,71.94,70.00,70.46,70.50,70.48,,70.46,,,2408,169521.31,140,F1,1,,,,,
2026-07-30,2026-07-30,CM,NSE,STK,13816,INE818H01020,LTFOODS,EQ,,,,,LT FOODS LIMITED,377.75,403.40,375.00,397.10,397.30,378.60,,397.10,,,7673606,3032384986.55,137100,F1,1,,,,,
2026-07-30,2026-07-30,CM,NSE,STK,17818,INE214T01019,LTM,EQ,,,,,LTM LIMITED,4422.80,4518.70,4422.80,4441.40,4440.10,4422.70,,4441.40,,,479778,2146389670.60,48922,F1,1,,,,,
2026-07-30,2026-07-30,CM,NSE,STK,14014,INE872H01027,LUMAXTECH,EQ,,,,,LUMAX AUTO TECH LTD,1504.30,1521.00,1483.90,1516.50,1518.40,1501.60,,1516.50,,,98595,148908032.20,10138,F1,1,,,,,
2026-07-30,2026-07-30,CM,NSE,STK,2018,INE162B01018,LUMAXIND,EQ,,,,,LUMAX INDUSTRIES LTD,5148.00,5374.50,5124.50,5205.50,5225.00,5145.00,,5205.50,,,18615,97582842.50,3705,F1,1,,,,,
2026-07-30,2026-07-30,CM,NSE,STK,10440,INE326A01037,LUPIN,EQ,,,,,LUPIN LIMITED,2455.00,2474.80,2416.00,2421.20,2420.00,2447.00,,2421.10,,,1069773,2605723719.50,55953,F1,1,,,,,
2026-07-30,2026-07-30,CM,NSE,STK,11301,INE150G01020,LUXIND,EQ,,,,,LUX INDUSTRIES LIMITED,1228.00,1274.00,1228.00,1253.90,1256.00,1245.00,,1253.90,,,18819,23652452.80,1295,F1,1,,,,,
2026-07-30,2026-07-30,CM,NSE,STK,7248,INE933A01014,LYKALABS,BE,,,,,LYKA LABS LTD.,59.77,60.43,58.00,58.89,60.00,59.87,,58.89,,,61805,3629746.04,231,F1,1,,,,,
2026-07-30,2026-07-30,CM,NSE,STK,758150,INE08N601015,MBEL,EQ,,,,,M AND B ENGINEERING LTD,300.00,301.00,291.30,292.90,292.60,299.95,,292.90,,,101683,30100241.10,6549,F1,1,,,,,
2026-07-30,2026-07-30,CM,NSE,STK,16736,INE964W01021,MKPL,EQ,,,,,M K PROTEINS LIMITED,4.44,4.44,4.16,4.17,4.16,4.20,,4.17,,,137192,579429.12,318,F1,1,,,,,
2026-07-30,2026-07-30,CM,NSE,STK,22360,INE813V01022,MCL,EQ,,,,,M TEK COPPER LIMITED,53.34,55.69,52.51,53.75,54.00,53.34,,53.75,,,64116,3468077.37,1601,F1,1,,,,,
2026-07-30,2026-07-30,CM,NSE,STK,13285,INE774D01024,M&MFIN,EQ,,,,,M&M FIN. SERVICES LTD,391.85,398.80,388.70,392.55,392.20,393.75,,392.55,,,5618806,2209336287.65,74761,F1,1,,,,,
2026-07-30,2026-07-30,CM,NSE,STK,22976,INE0SGC01015,MVKAGRO,SM,,,,,M.V.K. AGRO FOOD PROD LTD,374.95,374.95,360.60,366.80,368.20,374.95,,366.80,,,199800,72880905.00,86,F1,300,,,,,
2026-07-30,2026-07-30,CM,NSE,STK,15017,INE215I01027,MAANALU,EQ,,,,,MAAN ALUMINIUM LIMITED,119.00,120.19,116.22,116.87,117.99,119.53,,116.89,,,70247,8289695.93,1056,F1,1,,,,,
2026-07-30,2026-07-30,CM,NSE,STK,762782,INE435D01014,MCCHRLS-B,EQ,,,,,MAC CHARLES (INDIA) LTD.,725.00,725.00,703.50,703.55,704.00,691.25,,699.15,,,98,69796.95,7,F1,1,,,,,
2026-07-30,2026-07-30,CM,NSE,STK,24545,INE0R0J01010,MACOBSTECH,SM,,,,,MACOBS TECHNOLOGIES LTD,237.00,239.00,213.00,213.35,213.00,215.00,,213.35,,,61600,14579000.00,11,F1,800,,,,,
2026-07-30,2026-07-30,CM,NSE,STK,22347,INE155Z01011,MACPOWER,EQ,,,,,MACPOWER CNC MACHINES LTD,1391.00,1530.00,1391.00,1481.20,1460.00,1404.30,,1481.20,,,209863,312094361.80,21093,F1,1,,,,,
2026-07-30,2026-07-30,CM,NSE,STK,762767,INE631R01026,MADHAVIPL,EQ,,,,,MADHAV INFRA PROJECTS L,7.75,8.19,7.75,8.03,8.12,8.07,,8.03,,,61403,494915.91,219,F1,1,,,,,
2026-07-30,2026-07-30,CM,NSE,STK,15151,INE925C01016,MADHAV,EQ,,,,,MADHAV MARBLE & GRANITE,35.31,35.31,33.01,33.76,33.01,33.81,,33.59,,,468,15798.35,43,F1,1,,,,,
2026-07-30,2026-07-30,CM,NSE,STK,13668,INE378D01032,MADHUCON,BE,,,,,MADHUCON PROJECTS LTD.,5.38,5.38,4.95,5.02,5.03,5.18,,5.02,,,5583,28700.56,41,F1,1,,,,,
2026-07-30,2026-07-30,CM,NSE,STK,18738,INE0P6701019,MADHUSUDAN,ST,,,,,MADHUSUDAN MASALA LIMITED,239.50,242.95,239.50,242.65,242.00,239.15,,242.65,,,4000,967400.00,4,F1,1000,,,,,
2026-07-30,2026-07-30,CM,NSE,STK,12686,INE900L01028,MBAPL,EQ,,,,,MADHYA BHARAT AGRO P. LTD,164.00,167.95,162.30,165.85,167.05,164.00,,165.85,,,1459146,240758202.60,9918,F1,1,,,,,
2026-07-30,2026-07-30,CM,NSE,STK,4911,INE414A01015,MADRASFERT,EQ,,,,,MADRAS FERTILISERS LTD,66.64,67.50,66.25,66.66,66.76,66.48,,66.66,,,47063,3134953.13,442,F1,1,,,,,
2026-07-30,2026-07-30,CM,NSE,STK,762772,INE270B01035,MAFATIND,EQ,,,,,MAFATLAL INDUSTRIES LTD.,134.99,136.60,133.05,133.34,133.05,134.78,,133.44,,,26748,3609210.50,849,F1,1,,,,,
2026-07-30,2026-07-30,CM,NSE,STK,21392,INE347W01011,MAGADSUGAR,EQ,,,,,MAGADH SUGAR & ENERGY LTD,480.35,509.60,477.40,500.50,502.65,480.35,,500.55,,,36910,18345264.95,2506,F1,1,,,,,
2026-07-30,2026-07-30,CM,NSE,STK,29482,INE613C01026,MCLOUD,EQ,,,,,MAGELLANIC CLOUD LIMITED,29.49,30.00,28.81,29.59,29.50,29.57,,29.60,,,5092762,148827581.97,10766,F1,1,,,,,
2026-07-30,2026-07-30,CM,NSE,STK,14957,INE387I01016,MAGNUM,EQ,,,,,MAGNUM VENTURES LTD.,19.41,20.30,18.71,19.18,19.12,19.74,,19.18,,,35838,689423.93,123,F1,1,,,,,
2026-07-30,2026-07-30,CM,NSE,STK,5239,INE843B01013,MAHAPEXLTD,EQ,,,,,MAHA RASHTRA APEX COPR. L,45.00,46.50,43.50,44.01,43.81,44.24,,44.01,,,11821,534412.85,274,F1,1,,,,,
2026-07-30,2026-07-30,CM,NSE,STK,24937,INE0US801024,MFML,EQ,,,,,MAHALAXMI FABRIC MILLS LT,18.86,20.51,18.28,18.54,18.62,18.46,,18.54,,,15739,300832.01,141,F1,1,,,,,
2026-07-30,2026-07-30,CM,NSE,STK,7886,INE112D01035,MHLXMIRU,EQ,,,,,MAHALAXMI RUBTECH LIMITED,140.12,140.93,138.85,140.57,140.55,140.96,,140.57,,,10886,1528667.82,107,F1,1,,,,,
2026-07-30,2026-07-30,CM,NSE,STK,17527,INE451L01014,MAHASTEEL,EQ,,,,,MAHAMAYA STEEL INDS LTD,911.45,968.95,911.45,966.25,967.90,905.65,,966.10,,,27992,26603568.15,1793,F1,1,,,,,
2026-07-30,2026-07-30,CM,NSE,STK,17534,INE002S01010,MGL,EQ,,,,,MAHANAGAR GAS LTD.,1107.00,1167.00,1069.00,1118.50,1122.00,1105.00,,1118.50,,,3003380,3400743309.00,122729,F1,1,,,,,
2026-07-30,2026-07-30,CM,NSE,STK,2294,INE153A01019,MTNL,EQ,,,,,MAHANAGAR TELEPHONE NIGAM,27.30,27.30,26.90,27.00,26.95,27.20,,27.00,,,291382,7879953.72,1973,F1,1,,,,,
2026-07-30,2026-07-30,CM,NSE,STK,2085,INE288A01013,MAHSCOOTER,EQ,,,,,MAHARASHTRA SCOOTERS LTD,12620.00,12694.00,12278.00,12337.00,12400.00,12774.00,,12338.00,,,5035,62767104.00,1845,F1,1,,,,,
2026-07-30,2026-07-30,CM,NSE,STK,2088,INE271B01025,MAHSEAMLES,EQ,,,,,MAHARASHTRA SEAMLESS LTD,582.00,582.55,571.15,572.55,572.00,581.95,,572.55,,,48318,27814415.50,5417,F1,1,,,,,
2026-07-30,2026-07-30,CM,NSE,STK,758688,INE632Q01018,MRIL,ST,,,,,MAHENDRA REALTO & INFRA L,67.30,70.00,67.30,70.00,70.00,70.80,,70.00,,,12800,874640.00,6,F1,1600,,,,,
2026-07-30,2026-07-30,CM,NSE,STK,9577,INE263W01010,MAHESHWARI,BE,,,,,MAHESHWARI LOGISTICS LTD.,72.90,73.50,72.90,72.99,73.00,73.00,,72.99,,,24677,1801515.95,44,F1,1,,,,,
2026-07-30,2026-07-30,CM,NSE,STK,2839,INE961Y01015,MAHICKRA,SM,,,,,MAHICKRA CHEMICAL LIMITED,269.95,282.00,258.00,269.95,269.95,266.60,,269.95,,,3000,809925.00,4,F1,750,,,,,
2026-07-30,2026-07-30,CM,NSE,STK,2031,INE101A01026,M&M,EQ,,,,,MAHINDRA & MAHINDRA LTD,3220.00,3327.00,3197.50,3283.70,3294.60,3221.80,,3283.20,,,4851980,15866039848.80,266328,F1,1,,,,,
2026-07-30,2026-07-30,CM,NSE,STK,17603,INE215D01010,MAHEPC,EQ,,,,,MAHINDRA EPC IRRIG LTD,106.80,107.66,104.82,105.27,105.60,108.19,,105.27,,,28805,3044889.24,675,F1,1,,,,,
2026-07-30,2026-07-30,CM,NSE,STK,17333,INE998I01010,MHRIL,EQ,,,,,MAHINDRA HOLIDAYS LTD,216.00,216.39,213.75,215.91,216.10,214.93,,215.98,,,58689,12629127.68,2026,F1,1,,,,,
2026-07-30,2026-07-30,CM,NSE,STK,8050,INE813A01018,MAHLIFE,EQ,,,,,MAHINDRA LIFESPACE DEVLTD,387.35,388.60,382.15,385.40,385.60,387.35,,385.40,,,72952,28138550.05,3935,F1,1,,,,,
2026-07-30,2026-07-30,CM,NSE,STK,385,INE766P01016,MAHLOG,EQ,,,,,MAHINDRA LOGISTIC LIMITED,410.45,412.85,401.20,402.65,401.70,409.45,,402.65,,,163081,66186924.90,4728,F1,1,,,,,
2026-07-30,2026-07-30,CM,NSE,STK,24538,INE683C01011,MAITHANALL,EQ,,,,,MAITHAN ALLOYS LTD,975.00,977.80,961.00,963.20,962.90,979.40,,963.20,,,18050,17424567.90,1917,F1,1,,,,,
2026-07-30,2026-07-30,CM,NSE,STK,19809,INE0PLQ01011,MAITREYA,SM,,,,,MAITREYA MEDICARE LIMITED,120.15,120.15,118.00,119.00,119.00,121.30,,119.00,,,4000,477780.00,10,F1,400,,,,,
2026-07-30,2026-07-30,CM,NSE,STK,762777,INE201B01022,MAJESAUT,EQ,,,,,MAJESTIC AUTO LTD.,433.45,433.45,428.00,429.10,430.10,430.10,,429.15,,,10193,4384681.50,694,F1,1,,,,,
2026-07-30,2026-07-30,CM,NSE,STK,7965,INE389C01015,MALLCOM,EQ,,,,,MALLCOM (INDIA) LIMITED,1009.00,1050.00,1004.00,1031.50,1014.00,1039.30,,1031.50,,,1131,1156566.70,172,F1,1,,,,,
2026-07-30,2026-07-30,CM,NSE,STK,13352,INE383H01017,MALUPAPER,EQ,,,,,MALU PAPER MILLS LIMITED,32.91,33.24,31.06,31.76,31.71,32.91,,31.76,,,57638,1818902.54,619,F1,1,,,,,
2026-07-30,2026-07-30,CM,NSE,STK,28687,INE0TO701015,MAMATA,EQ,,,,,MAMATA MACHINERY LIMITED,385.85,389.90,382.10,386.45,389.90,385.35,,386.75,,,26441,10172426.55,804,F1,1,,,,,
2026-07-30,2026-07-30,CM,NSE,STK,7413,INE830Q01018,MANAKCOAT,EQ,,,,,MAN COAT METAL & IND LTD,124.21,124.21,121.00,122.09,122.00,123.64,,122.08,,,67318,8253876.53,927,F1,1,,,,,
2026-07-30,2026-07-30,CM,NSE,STK,11884,INE993A01026,MANINDS,EQ,,,,,MAN INDUSTRIES (I) LTD.,530.50,532.05,521.00,529.40,529.10,529.40,,529.15,,,89491,47041818.10,3986,F1,1,,,,,
2026-07-30,2026-07-30,CM,NSE,STK,18226,INE949H01023,MANINFRA,EQ,,,,,MAN INFRA LTD,97.05,97.08,95.80,96.09,96.01,97.08,,96.09,,,282015,27181595.05,1942,F1,1,,,,,
2026-07-30,2026-07-30,CM,NSE,STK,7420,INE859Q01017,MANAKALUCO,EQ,,,,,MANAK ALUMINIUM CO. LTD.,36.12,36.75,35.00,35.13,35.23,36.12,,35.13,,,24466,868329.68,472,F1,1,,,,,
2026-07-30,2026-07-30,CM,NSE,STK,15199,INE015D01022,MANAKSIA,EQ,,,,,MANAKSIA LTD.,56.85,57.00,55.33,55.63,56.00,55.75,,55.66,,,8337,467999.74,202,F1,1,,,,,
2026-07-30,2026-07-30,CM,NSE,STK,7463,INE824Q01011,MANAKSTEEL,EQ,,,,,MANAKSIA STEELS LTD,69.34,69.59,66.25,67.04,66.35,69.00,,67.10,,,33188,2244276.10,349,F1,1,,,,,
2026-07-30,2026-07-30,CM,NSE,STK,13796,INE201A01024,MANALIPETC,EQ,,,,,MANALI PETROCHEMICALS LT,64.80,66.45,63.74,64.52,64.15,65.21,,64.53,,,153946,9999656.51,1530,F1,1,,,,,
2026-07-30,2026-07-30,CM,NSE,STK,19061,INE522D01027,MANAPPURAM,EQ,,,,,MANAPPURAM FINANCE LTD,371.00,381.55,366.70,368.35,367.80,370.15,,368.35,,,8719819,3266578510.60,61719,F1,1,,,,,
2026-07-30,2026-07-30,CM,NSE,STK,759354,INE0U4H01011,MPEL,ST,,,,,MANAS POLYMER N ENERGIE L,35.10,35.10,35.10,35.10,35.10,35.10,,35.10,,,1600,56160.00,1,F1,1600,,,,,
2026-07-30,2026-07-30,CM,NSE,STK,21697,INE104Y01012,MANAV,SM,,,,,MANAV INFRA PROJECTS LTD,24.40,24.40,24.40,24.40,24.40,25.65,,24.40,,,8000,195200.00,2,F1,4000,,,,,
2026-07-30,2026-07-30,CM,NSE,STK,25597,INE939X01013,MANBA,EQ,,,,,MANBA FINANCE LIMITED,132.29,136.50,132.29,135.71,136.00,133.77,,135.71,,,119047,16040196.66,1525,F1,1,,,,,
2026-07-30,2026-07-30,CM,NSE,STK,24823,INE545L01039,MANCREDIT,EQ,,,,,MANGAL CREDIT N FINCORP L,218.95,242.00,216.75,236.02,236.00,217.53,,236.02,,,912680,212239061.49,17058,F1,1,,,,,
2026-07-30,2026-07-30,CM,NSE,STK,758748,INE0PKD01011,MEIL,EQ,,,,,MANGAL ELECTRICAL IND L,286.45,288.05,275.05,284.75,284.00,295.10,,284.65,,,46464,13211765.45,1439,F1,1,,,,,
2026-07-30,2026-07-30,CM,NSE,STK,19134,INE00C401011,MAL,SM,,,,,MANGALAM ALLOYS LIMITED,32.25,33.55,32.25,33.55,33.55,33.00,,33.55,,,9600,315920.00,5,F1,1600,,,,,
2026-07-30,2026-07-30,CM,NSE,STK,2106,INE347A01017,MANGLMCEM,EQ,,,,,MANGALAM CEMENT LTD,943.30,956.00,935.25,945.60,943.00,943.25,,946.70,,,11808,11177028.50,824,F1,1,,,,,
2026-07-30,2026-07-30,CM,NSE,STK,11817,INE584F01014,MANGALAM,EQ,,,,,MANGALAM DRUG & CHEM LTD,27.73,27.73,26.90,27.07,27.23,27.14,,27.07,,,24198,657949.50,139,F1,1,,,,,
2026-07-30,2026-07-30,CM,NSE,STK,1598,INE0APB01032,MGEL,BE,,,,,MANGALAM GLOBAL ENT LTD,15.98,16.20,15.23,15.55,15.92,16.03,,15.55,,,155506,2456641.47,213,F1,1,,,,,
2026-07-30,2026-07-30,CM,NSE,STK,6428,INE370D01013,MANORG,BE,,,,,MANGALAM ORGANICS LIMITED,510.00,515.00,498.75,498.75,498.75,524.95,,500.45,,,7356,3679143.05,212,F1,1,,,,,
2026-07-30,2026-07-30,CM,NSE,STK,759169,INE0JYY01029,MWL,EQ,,,,,MANGALAM WORLDWIDE LTD,35.70,36.25,34.50,35.80,35.80,35.70,,35.80,,,360157,12789564.60,761,F1,1,,,,,
2026-07-30,2026-07-30,CM,NSE,STK,760174,INE1ERK01013,MANILAM,SM,,,,,MANILAM INDUSTRIES IND L,51.50,53.40,49.00,51.75,50.50,53.30,,51.75,,,22000,1129000.00,7,F1,2000,,,,,
2026-07-30,2026-07-30,CM,NSE,STK,15380,INE634S01028,MANKIND,EQ,,,,,MANKIND PHARMA LIMITED,2585.30,2605.00,2560.50,2575.90,2569.90,2592.70,,2575.90,,,294648,760706312.10,25808,F1,1,,,,,
2026-07-30,2026-07-30,CM,NSE,STK,19015,INE0KNT01012,MVGJL,EQ,,,,,MANOJ VAIBHAV GEM N JEW L,172.42,174.00,166.50,167.23,167.60,173.83,,167.26,,,42539,7182431.69,1250,F1,1,,,,,
2026-07-30,2026-07-30,CM,NSE,STK,13753,INE784W01015,MANOMAY,EQ,,,,,MANOMAY TEX INDIA LTD,210.99,211.99,205.21,208.92,207.02,208.76,,209.08,,,65485,13663657.12,1645,F1,1,,,,,
2026-07-30,2026-07-30,CM,NSE,STK,10227,INE00VM01036,MANORAMA,EQ,,,,,MANORAMA INDUSTRIES LTD,1645.80,1652.10,1621.20,1635.20,1642.80,1645.80,,1635.20,,,52428,85700215.30,5942,F1,1,,,,,
2026-07-30,2026-07-30,CM,NSE,STK,13575,INE867A01022,MANUGRAPH,BE,,,,,MANUGRAPH INDIA LIMITED,15.14,15.14,15.13,15.14,15.14,14.42,,15.45,,,18047,273221.58,39,F1,1,,,,,
2026-07-30,2026-07-30,CM,NSE,STK,7040,INE882A01013,MARALOVER,BE,,,,,MARAL OVERSEAS LTD,59.40,62.40,58.02,61.43,61.35,59.64,,61.36,,,24599,1500411.19,127,F1,1,,,,,
2026-07-30,2026-07-30,CM,NSE,STK,18659,INE182D01020,MARATHON,EQ,,,,,MARATHON NXTGEN REALT LTD,387.00,392.90,380.00,382.00,385.00,391.65,,382.00,,,59443,22902279.95,1791,F1,1,,,,,
2026-07-30,2026-07-30,CM,NSE,STK,760453,INE0TD401015,MARC,SM,,,,,MARC TECHNOCRATS LIMITED,128.25,128.25,119.25,119.30,119.25,128.25,,119.30,,,19200,2343120.00,16,F1,1200,,,,,
2026-07-30,2026-07-30,CM,NSE,STK,18773,INE0QP001012,MARCO,SM,,,,,MARCO CABLE & CONDUCTOR L,30.50,31.35,30.00,30.85,30.85,32.90,,30.85,,,12000,369225.00,8,F1,1500,,,,,
2026-07-30,2026-07-30,CM,NSE,STK,4067,INE196A01026,MARICO,EQ,,,,,MARICO LIMITED,874.30,889.10,872.40,885.35,887.00,878.70,,885.35,,,1881026,1664073311.20,55592,F1,1,,,,,
2026-07-30,2026-07-30,CM,NSE,STK,1328,INE01JE01028,MARINE,EQ,,,,,MARINE ELECTRICAL (I) LTD,264.00,271.00,255.25,259.55,258.70,265.30,,259.55,,,450813,117123776.90,9138,F1,1,,,,,
2026-07-30,2026-07-30,CM,NSE,STK,20410,INE0P1P01017,MARINETRAN,SM,,,,,MARINETRANS INDIA LIMITED,14.10,14.10,14.10,14.10,14.10,14.10,,14.10,,,4000,56400.00,1,F1,4000,,,,,
2026-07-30,2026-07-30,CM,NSE,STK,760204,INE0FW001016,MARKOLINES,EQ,,,,,MARKOLINES PAVEMENT TEC L,177.26,179.00,175.70,177.95,177.25,177.26,,177.90,,,108905,19342121.93,1079,F1,1,,,,,
2026-07-30,2026-07-30,CM,NSE,STK,10579,INE750C01026,MARKSANS,EQ,,,,,MARKSANS PHARMA LIMITED,258.45,263.70,257.95,258.60,259.60,259.45,,258.60,,,662427,172789948.15,21001,F1,1,,,,,
2026-07-30,2026-07-30,CM,NSE,STK,761386,INE415B01044,MARSONS,EQ,,,,,MARSONS LIMITED,110.01,111.20,108.36,109.40,110.30,109.73,,109.40,,,2181482,239024356.24,8046,F1,1,,,,,
2026-07-30,2026-07-30,CM,NSE,STK,761042,INE0X7G01013,MARUSHIKA,SM,,,,,MARUSHIKA TECHNOLOGY LTD,101.90,103.00,101.90,103.00,103.00,101.90,,103.00,,,2400,245880.00,2,F1,1200,,,,,
2026-07-30,2026-07-30,CM,NSE,STK,10999,INE585B01010,MARUTI,EQ,,,,,MARUTI SUZUKI INDIA LTD.,13939.00,14250.00,13825.00,14188.00,14180.00,13948.00,,14188.00,,,626000,8763230279.00,100904,F1,1,,,,,
2026-07-30,2026-07-30,CM,NSE,STK,2133,INE575Z01010,MDL,ST,,,,,MARVEL DECOR LIMITED,64.50,64.50,61.30,61.30,61.30,64.50,,61.30,,,3000,187100.00,3,F1,1000,,,,,
2026-07-30,2026-07-30,CM,NSE,STK,199,INE348L01012,MASFIN,EQ,,,,,MAS FINANCIAL SERV LTD,324.90,327.40,316.20,319.50,317.00,325.30,,319.50,,,193923,61930010.95,13184,F1,1,,,,,
2026-07-30,2026-07-30,CM,NSE,STK,18731,INE885F01015,MASKINVEST,BE,,,,,MASK INVESTMENTS LIMITED,149.94,152.00,146.90,151.75,152.00,153.00,,151.75,,,67,10157.45,6,F1,1,,,,,
2026-07-30,2026-07-30,CM,NSE,STK,24278,INE0SH001010,MASON,SM,,,,,MASON INFRATECH LIMITED,120.00,120.00,120.00,120.00,120.00,119.20,,120.00,,,1500,180000.00,2,F1,500,,,,,
2026-07-30,2026-07-30,CM,NSE,STK,2124,INE759A01021,MASTEK,EQ,,,,,MASTEK LTD,1904.80,1945.70,1890.10,1930.20,1920.00,1903.80,,1930.20,,,153220,295154225.30,16748,F1,1,,,,,
2026-07-30,2026-07-30,CM,NSE,STK,27047,INE677D01037,MASTERTR,EQ,,,,,MASTER TRUST LIMITED,81.61,83.75,81.14,81.41,81.20,82.11,,81.41,,,386351,31809718.67,2172,F1,1,,,,,
2026-07-30,2026-07-30,CM,NSE,STK,21726,INE866R01028,MATRIMONY,EQ,,,,,MATRIMONY.COM LIMITED,440.00,440.00,434.00,437.25,437.75,439.10,,437.20,,,2314,1012087.20,217,F1,1,,,,,
2026-07-30,2026-07-30,CM,NSE,STK,759945,INE132901013,MGSL,SM,,,,,MATRIX GEO SOLUTIONS LTD,70.95,80.55,70.00,80.55,80.55,67.15,,80.55,,,100800,7768920.00,79,F1,1200,,,,,
2026-07-30,2026-07-30,CM,NSE,STK,17026,INE636A01039,MAWANASUG,BE,,,,,MAWANA SUGARS LIMITED,108.00,108.00,104.00,105.11,106.75,108.02,,105.06,,,30446,3233881.15,228,F1,1,,,,,
2026-07-30,2026-07-30,CM,NSE,STK,19646,INE03EI01018,MAXESTATES,EQ,,,,,MAX ESTATES LIMITED,389.15,390.20,386.00,387.90,386.50,390.20,,387.90,,,19308,7485937.00,1100,F1,1,,,,,
2026-07-30,2026-07-30,CM,NSE,STK,2142,INE180A01020,MFSL,EQ,,,,,MAX FINANCIAL SERV LTD,1510.20,1530.90,1498.60,1510.80,1511.50,1515.10,,1510.80,,,888963,1340600570.90,37765,F1,1,,,,,
2026-07-30,2026-07-30,CM,NSE,STK,22377,INE027H01010,MAXHEALTH,EQ,,,,,MAX HEALTHCARE INS LTD,1112.00,1135.90,1110.30,1124.80,1124.00,1111.40,,1124.90,,,1610692,1813582908.20,62675,F1,1,,,,,
2026-07-30,2026-07-30,CM,NSE,STK,22428,INE0CG601016,MAXIND,EQ,,,,,MAX INDIA LIMITED,174.10,174.10,168.25,170.25,169.00,175.32,,170.26,,,64195,11018703.26,1344,F1,1,,,,,
2026-07-30,2026-07-30,CM,NSE,STK,21691,INE0ECC01022,MAXPOSURE,SM,,,,,MAXPOSURE LIMITED,33.10,33.10,33.10,33.10,33.10,32.65,,33.10,,,1000,33100.00,1,F1,1000,,,,,
2026-07-30,2026-07-30,CM,NSE,STK,29657,INE10A501018,MAXVOLT,ST,,,,,MAXVOLT ENERGY INDUS L,349.50,354.00,335.20,338.70,338.05,343.80,,338.70,,,20800,7224540.00,50,F1,400,,,,,
2026-07-30,2026-07-30,CM,NSE,STK,757587,INE0ZTO01018,MAYASHEEL,SM,,,,,MAYASHEEL VENTURES LTD,38.00,39.50,35.00,39.50,39.50,39.35,,39.50,,,12000,448500.00,4,F1,3000,,,,,
2026-07-30,2026-07-30,CM,NSE,STK,28906,INE040D01038,MAYURUNIQ,EQ,,,,,MAYUR UNIQUOTERS LTD,796.50,796.50,767.00,769.10,779.85,796.20,,768.85,,,56815,44216169.60,4599,F1,1,,,,,
2026-07-30,2026-07-30,CM,NSE,STK,509,INE249Z01020,MAZDOCK,EQ,,,,,MAZAGON DOCK SHIPBUIL LTD,2309.00,2342.70,2270.10,2319.10,2326.00,2307.80,,2319.10,,,1162428,2686242029.90,51050,F1,1,,,,,
2026-07-30,2026-07-30,CM,NSE,STK,18870,INE885E01042,MAZDA,BE,,,,,MAZDA LIMITED,216.00,219.74,210.11,214.42,214.75,212.26,,214.52,,,6243,1346487.86,104,F1,1,,,,,
2026-07-30,2026-07-30,CM,NSE,STK,18033,INE912H01013,MBLINFRA,BE,,,,,MBL INFRASTRUCTURE LTD,24.56,25.20,24.56,24.99,24.70,25.06,,24.90,,,7936,198056.92,60,F1,1,,,,,
2026-07-30,2026-07-30,CM,NSE,STK,11944,INE942G01012,MCLEODRUSS,BE,,,,,MCLEOD RUSSEL INDIA LTD.,53.00,53.00,51.11,51.71,51.99,51.64,,51.71,,,85396,4442425.79,260,F1,1,,,,,
2026-07-30,2026-07-30,CM,NSE,STK,14574,INE0O4M01019,MCON,SM,,,,,MCON RASAYAN INDIA LTD,42.85,44.00,42.80,43.90,43.95,44.95,,43.90,,,9000,391650.00,9,F1,1000,,,,,
2026-07-30,2026-07-30,CM,NSE,STK,21705,INE456Z01021,MEDIASSIST,EQ,,,,,MEDI ASSIST HEALTH SER L,348.05,363.95,348.05,357.45,356.30,349.90,,357.45,,,202893,72448538.75,11580,F1,1,,,,,
2026-07-30,2026-07-30,CM,NSE,STK,762805,INE200D01020,MMWL,BE,,,,,MEDIA MATRIX WORLDWIDE L,13.54,14.34,13.54,14.24,14.25,13.82,,14.24,,,7421,102436.23,44,F1,1,,,,,
2026-07-30,2026-07-30,CM,NSE,STK,6278,INE646B01010,MEDICAMEQ,EQ,,,,,MEDICAMEN BIOTECH LIMITED,238.20,239.95,234.05,235.60,239.00,238.20,,235.80,,,6010,1421421.65,353,F1,1,,,,,
2026-07-30,2026-07-30,CM,NSE,STK,24239,INE0PE401018,MEDIORG,SM,,,,,MEDICAMEN ORGANICS LTD,25.90,25.90,25.90,25.90,25.90,24.70,,25.90,,,2000,51800.00,1,F1,2000,,,,,
2026-07-30,2026-07-30,CM,NSE,STK,9667,INE630Y01024,MEDICO,EQ,,,,,MEDICO REMEDIES LIMITED,46.26,48.70,44.41,47.54,47.37,46.26,,47.54,,,650848,30252516.83,1825,F1,1,,,,,
2026-07-30,2026-07-30,CM,NSE,STK,758423,INE0UOY01019,MEDISTEP,SM,,,,,MEDISTEP HEALTHCARE LTD,19.20,19.20,19.20,19.20,19.20,19.25,,19.20,,,9000,172800.00,3,F1,3000,,,,,
2026-07-30,2026-07-30,CM,NSE,STK,7254,INE804L01022,MEDPLUS,EQ,,,,,MEDPLUS HEALTH SERV LTD,721.00,727.60,712.00,714.75,718.65,721.00,,714.75,,,212138,152247017.15,7122,F1,1,,,,,
2026-07-30,2026-07-30,CM,NSE,STK,760229,INE0VDM01015,MEESHO,EQ,,,,,MEESHO LIMITED,178.80,183.00,173.50,182.15,182.25,179.47,,182.14,,,16495725,2959201443.45,93082,F1,1,,,,,
2026-07-30,2026-07-30,CM,NSE,STK,8153,INE00EM01016,MEGASTAR,EQ,,,,,MEGASTAR FOODS LIMITED,330.05,345.00,320.10,340.95,345.00,329.25,,340.90,,,11105,3690210.80,912,F1,1,,,,,
2026-07-30,2026-07-30,CM,NSE,STK,22560,INE531R01010,MEGATHERM,SM,,,,,MEGATHERM INDUCTION LTD,214.70,214.70,210.00,210.05,210.00,207.35,,210.05,,,4400,930560.00,9,F1,400,,,,,
2026-07-30,2026-07-30,CM,NSE,STK,5394,INE0CT101020,MOL,EQ,,,,,MEGHMANI ORGANICS LIMITED,56.96,58.27,54.95,55.30,54.95,56.32,,55.30,,,2256912,128067481.04,11401,F1,1,,,,,
2026-07-30,2026-07-30,CM,NSE,STK,6971,INE071D01033,MENONBE,BE,,,,,MENON BEARINGS LIMITED,216.00,221.25,208.61,214.97,215.00,219.58,,214.96,,,53218,11268479.93,864,F1,1,,,,,
2026-07-30,2026-07-30,CM,NSE,STK,762787,INE650G01029,MENNPIS,EQ,,,,,MENON PISTONS LTD.,72.34,74.50,71.91,72.34,71.95,72.34,,72.33,,,57004,4175200.78,1042,F1,1,,,,,
2026-07-30,2026-07-30,CM,NSE,STK,25882,INE776I01010,MEP,BZ,,,,,MEP INFRA. DEVELOPERS LTD,0.51,0.53,0.51,0.51,0.52,0.52,,0.51,,,814418,417592.36,116,F1,1,,,,,
2026-07-30,2026-07-30,CM,NSE,STK,762792,INE689O01013,MERCANTILE,EQ,,,,,MERCANTILE VENTURES LTD.,24.00,24.00,23.41,23.71,23.70,24.01,,23.71,,,214,5085.00,9,F1,1,,,,,
2026-07-30,2026-07-30,CM,NSE,STK,763663,INE763M01028,MERCURYEV,EQ,,,,,MERCURY EV-TECH LIMITED,35.06,36.39,35.06,35.72,35.78,35.65,,35.73,,,93944,3350512.31,536,F1,1,,,,,
2026-07-30,2026-07-30,CM,NSE,STK,764278,INE1II801013,METALIC,ST,,,,,METALIC TECHNOFORGE LTD,91.55,91.55,91.55,91.55,91.55,87.20,,91.55,,,51200,4687360.00,22,F1,1600,,,,,
2026-07-30,2026-07-30,CM,NSE,STK,7242,INE317I01021,METROBRAND,EQ,,,,,METRO BRANDS LIMITED,1038.60,1042.00,1027.00,1029.70,1027.00,1032.60,,1029.70,,,13352,13788499.20,2593,F1,1,,,,,
2026-07-30,2026-07-30,CM,NSE,STK,762797,INE085D01033,METROGLOBL,EQ,,,,,METROGLOBAL LTD.,128.77,131.00,127.15,128.42,127.20,128.13,,128.43,,,1881,241383.77,26,F1,1,,,,,
2026-07-30,2026-07-30,CM,NSE,STK,9581,INE112L01020,METROPOLIS,EQ,,,,,METROPOLIS HEALTHCARE LTD,592.20,609.05,581.60,585.20,590.00,591.60,,585.20,,,460563,273519279.90,22902,F1,1,,,,,
2026-07-30,2026-07-30,CM,NSE,STK,7165,INE287C01037,MICEL,BE,,,,,MIC ELECTRONICS LTD,36.80,37.00,36.20,36.58,36.85,36.38,,36.56,,,141729,5175920.54,847,F1,1,,,,,
2026-07-30,2026-07-30,CM,NSE,STK,19887,INE0PZK01014,MICROPRO,SM,,,,,MICROPRO SOFTWARE SOL L,18.30,18.30,18.30,18.30,18.30,18.95,,18.30,,,1600,29280.00,1,F1,1600,,,,,
2026-07-30,2026-07-30,CM,NSE,STK,759517,INE0XAD01024,MIDWESTLTD,EQ,,,,,MIDWEST LIMITED,1208.30,1225.70,1195.00,1202.60,1203.70,1208.30,,1202.60,,,8497,10216060.90,768,F1,1,,,,,
2026-07-30,2026-07-30,CM,NSE,STK,159,INE376Y01016,MILTON,SM,,,,,MILTON INDUSTRIES LIMITED,32.00,33.40,31.80,33.40,33.40,33.40,,33.40,,,184800,5954520.00,9,F1,2200,,,,,
2026-07-30,2026-07-30,CM,NSE,STK,25897,INE842C01021,MINDACORP,EQ,,,,,MINDA CORPORATION LTD,695.00,710.90,685.60,706.90,708.00,692.25,,706.90,,,354197,248958951.45,17527,F1,1,,,,,
2026-07-30,2026-07-30,CM,NSE,STK,22308,INE0CCU25019,MINDSPACE,RR,,,,,MINDSPACE BUSINESS P REIT,496.70,497.24,494.00,495.80,495.30,495.09,,495.76,,,62861,31178228.15,5525,F1,1,,,,,
2026-07-30,2026-07-30,CM,NSE,STK,18049,INE110B01017,MINDTECK,EQ,,,,,MINDTECK (INDIA) LIMITED,195.79,196.32,191.28,191.96,191.45,195.59,,191.95,,,40059,7764194.98,942,F1,1,,,,,
2026-07-30,2026-07-30,CM,NSE,STK,19640,INF769K01KU7,ALPHAETF,EQ,,,,,MIRAEAMC - ALPHAETF,25.88,25.98,25.68,25.73,25.80,25.87,,25.73,,,208380,5365567.74,656,F1,1,,,,,
2026-07-30,2026-07-30,CM,NSE,STK,17419,INF769K01KR3,BANKETF,EQ,,,,,MIRAEAMC - BANKETF,582.58,582.60,578.70,581.58,582.50,582.58,,581.65,,,4431,2571947.18,883,F1,1,,,,,
2026-07-30,2026-07-30,CM,NSE,STK,25725,INF769K01LZ4,BANKPSU,EQ,,,,,MIRAEAMC - BANKPSU,84.02,84.24,83.51,84.20,84.17,84.02,,84.20,,,8340,699556.00,77,F1,1,,,,,
2026-07-30,2026-07-30,CM,NSE,STK,28969,INF769K01NS5,CONSUMER,EQ,,,,,MIRAEAMC - CONSUMER,12.01,12.06,11.95,12.04,12.04,12.01,,12.04,,,2849135,34294332.92,358,F1,1,,,,,
2026-07-30,2026-07-30,CM,NSE,STK,761046,INF769K01QC2,DEFENCE,EQ,,,,,MIRAEAMC - DEFENCE,77.98,77.98,76.75,77.10,77.26,77.47,,77.10,,,116625,8988458.62,655,F1,1,,,,,
2026-07-30,2026-07-30,CM,NSE,STK,760412,INF769K01PY8,DIVIDEND,EQ,,,,,MIRAEAMC - DIVIDEND,36.05,36.32,36.05,36.10,36.12,35.88,,36.12,,,7846,284182.16,51,F1,1,,,,,
2026-07-30,2026-07-30,CM,NSE,STK,759780,INF769K01PR2,ENERGY,EQ,,,,,MIRAEAMC - ENERGY,38.36,38.56,38.25,38.52,38.53,38.36,,38.52,,,461319,17725817.56,1042,F1,1,,,,,
2026-07-30,2026-07-30,CM,NSE,STK,30121,INF769K01OA1,EQUAL200,EQ,,,,,MIRAEAMC - EQUAL200,13.88,13.90,13.83,13.87,13.87,13.88,,13.87,,,64654,895155.82,55,F1,1,,,,,
2026-07-30,2026-07-30,CM,NSE,STK,757142,INF769K01OO2,EQUAL50,EQ,,,,,MIRAEAMC - EQUAL50,335.70,336.80,334.72,334.72,334.72,335.11,,336.66,,,2828,949473.94,17,F1,1,,,,,
2026-07-30,2026-07-30,CM,NSE,STK,24461,INF769K01LQ3,EVINDIA,EQ,,,,,MIRAEAMC - EVINDIA,32.22,32.46,31.96,32.37,32.45,32.13,,32.37,,,315661,10189573.15,1430,F1,1,,,,,
2026-07-30,2026-07-30,CM,NSE,STK,760986,INF769K01QA6,HEALTHCARE,EQ,,,,,MIRAEAMC - HEALTHCARE,21.64,21.70,21.54,21.54,21.55,21.62,,21.54,,,49890,1078318.50,192,F1,1,,,,,
2026-07-30,2026-07-30,CM,NSE,STK,761030,INF769K01QB4,INFRA,EQ,,,,,MIRAEAMC - INFRA,12.06,12.07,11.95,12.01,12.03,12.06,,12.01,,,16443,197371.13,188,F1,1,,,,,
2026-07-30,2026-07-30,CM,NSE,STK,758595,INF769K01PB6,INTERNET,EQ,,,,,MIRAEAMC - INTERNET,13.78,13.78,13.54,13.63,13.64,13.65,,13.63,,,60446,822676.74,120,F1,1,,,,,
2026-07-30,2026-07-30,CM,NSE,STK,19633,INF769K01KV5,ITETF,EQ,,,,,MIRAEAMC - ITETF,32.90,33.77,32.90,33.05,33.03,32.97,,33.05,,,1182773,39565807.89,1430,F1,1,,,,,
2026-07-30,2026-07-30,CM,NSE,STK,17572,INF769K01KS1,LIQUID,EQ,,,,,MIRAEAMC - LIQUID,999.99,1000.00,999.99,999.99,1000.00,999.99,,999.99,,,607774,607773763.34,200,F1,1,,,,,
2026-07-30,2026-07-30,CM,NSE,STK,27075,INF769K01MY5,LIQUIDPLUS,EQ,,,,,MIRAEAMC - LIQUIDPLUS,1096.61,1096.63,1096.61,1096.62,1096.63,1096.47,,1096.62,,,335936,368396927.40,223,F1,1,,,,,
2026-07-30,2026-07-30,CM,NSE,STK,1200,INF769K01GS9,ESG,EQ,,,,,MIRAEAMC - MAESGETF,41.70,41.98,41.70,41.80,41.91,41.73,,41.80,,,53861,2251483.68,79,F1,1,,,,,
2026-07-30,2026-07-30,CM,NSE,STK,3507,INF769K01HF4,MAFANG,EQ,,,,,MIRAEAMC - MAFANG,189.09,189.09,188.52,189.08,189.09,191.34,,189.08,,,238880,45168925.02,7633,F1,1,,,,,
2026-07-30,2026-07-30,CM,NSE,STK,5220,INF769K01HI8,BFSI,EQ,,,,,MIRAEAMC - MAFSETF,27.62,27.62,27.10,27.21,27.30,27.32,,27.21,,,196310,5337914.85,740,F1,1,,,,,
2026-07-30,2026-07-30,CM,NSE,STK,14286,INF769K01JP9,GOLDETF,EQ,,,,,MIRAEAMC - MAGOLDETF,137.67,138.29,137.27,138.04,138.23,137.26,,138.04,,,337941,46579367.50,8098,F1,1,,,,,
2026-07-30,2026-07-30,CM,NSE,STK,14938,INF769K01KF8,GSEC10YEAR,EQ,,,,,MIRAEAMC - MAGS813ETF,30.62,30.62,30.38,30.48,30.39,30.47,,30.48,,,1427,43378.65,19,F1,1,,,,,
2026-07-30,2026-07-30,CM,NSE,STK,7074,INF769K01HS7,MAHKTECH,EQ,,,,,MIRAEAMC - MAHKTECH,23.29,23.29,23.29,23.29,23.29,23.16,,23.29,,,105749,2462894.21,291,F1,1,,,,,
2026-07-30,2026-07-30,CM,NSE,STK,8413,INF769K01IC9,MIDCAPETF,EQ,,,,,MIRAEAMC - MAM150ETF,23.66,23.66,23.44,23.54,23.58,23.62,,23.54,,,1310585,30854702.77,4810,F1,1,,,,,
2026-07-30,2026-07-30,CM,NSE,STK,7979,INF769K01IB1,MAKEINDIA,EQ,,,,,MIRAEAMC - MAMFGETF,166.87,166.87,162.92,164.26,163.97,163.60,,164.25,,,25114,4109743.85,281,F1,1,,,,,
2026-07-30,2026-07-30,CM,NSE,STK,6353,INF769K01EG9,NIFTYETF,EQ,,,,,MIRAEAMC - MAN50ETF,264.50,264.88,262.80,264.56,264.25,263.84,,264.56,,,191637,50627808.65,1575,F1,1,,,,,
2026-07-30,2026-07-30,CM,NSE,STK,14786,INF769K01JU9,LOWVOL,EQ,,,,,MIRAEAMC - MANV30F,211.36,211.59,211.00,211.59,211.59,211.10,,211.59,,,372,78601.43,10,F1,1,,,,,
2026-07-30,2026-07-30,CM,NSE,STK,17181,INF769K01FN2,NEXT50,EQ,,,,,MIRAEAMC - MANXT50,748.07,750.98,746.35,749.00,749.02,748.06,,748.99,,,10634,7958754.98,1242,F1,1,,,,,
2026-07-30,2026-07-30,CM,NSE,STK,16777,INF769K01KG6,SILVERAG,EQ,,,,,MIRAEAMC - MASILVER,209.72,210.75,208.60,210.39,210.10,210.40,,210.39,,,143864,30172573.58,1972,F1,1,,,,,
2026-07-30,2026-07-30,CM,NSE,STK,5782,INF769K01HP3,MASPTOP50,EQ,,,,,MIRAEAMC - MASPTOP50,76.96,76.96,76.82,76.96,76.96,77.37,,76.96,,,50977,3923139.49,1004,F1,1,,,,,
2026-07-30,2026-07-30,CM,NSE,STK,25744,INF769K01LY7,METAL,EQ,,,,,MIRAEAMC - METAL,12.84,12.86,12.75,12.84,12.81,12.80,,12.84,,,1858726,23829257.40,4774,F1,1,,,,,
2026-07-30,2026-07-30,CM,NSE,STK,23855,INF769K01LJ8,MIDSMALL,EQ,,,,,MIRAEAMC - MIDSMALL,51.06,51.07,50.58,50.79,50.85,51.07,,50.79,,,275727,14007417.13,1649,F1,1,,,,,
2026-07-30,2026-07-30,CM,NSE,STK,764198,INF769K01RC0,MOMMIDCAP,EQ,,,,,MIRAEAMC - MOMMIDCAP,12.79,12.79,12.35,12.45,12.49,12.55,,12.45,,,2308931,28792365.30,634,F1,1,,,,,
2026-07-30,2026-07-30,CM,NSE,STK,25080,INF769K01LX9,MULTICAP,EQ,,,,,MIRAEAMC - MULTICAP,16.89,16.89,16.64,16.64,16.70,16.73,,16.64,,,137416,2290632.16,420,F1,1,,,,,
2026-07-30,2026-07-30,CM,NSE,STK,30109,INF769K01ON4,SELECTIPO,EQ,,,,,MIRAEAMC - SELECTIPO,46.67,46.88,46.52,46.74,46.85,46.95,,46.74,,,11200,522972.49,68,F1,1,,,,,
2026-07-30,2026-07-30,CM,NSE,STK,19224,INF769K01KT9,SENSEXETF,EQ,,,,,MIRAEAMC - SENSEXETF,80.00,80.39,80.00,80.21,80.19,80.00,,80.25,,,12614,1010780.54,155,F1,1,,,,,
2026-07-30,2026-07-30,CM,NSE,STK,759814,INF769K01PQ4,SMALL250,EQ,,,,,MIRAEAMC - SMALL250,18.22,18.22,17.86,17.87,17.92,18.04,,17.87,,,264307,4735108.62,863,F1,1,,,,,
2026-07-30,2026-07-30,CM,NSE,STK,22832,INF769K01LC3,SMALLCAP,EQ,,,,,MIRAEAMC - SMALLCAP,47.12,47.62,46.63,46.79,46.82,47.12,,46.79,,,1589769,74481441.16,3016,F1,1,,,,,
2026-07-30,2026-07-30,CM,NSE,STK,760415,INF769K01PZ5,TOP20,EQ,,,,,MIRAEAMC - TOP20,9.00,9.04,8.99,9.01,9.01,9.00,,9.01,,,86565,780437.05,105,F1,1,,,,,
2026-07-30,2026-07-30,CM,NSE,STK,761511,INF769K01QV2,VALUE,EQ,,,,,MIRAEAMC - VALUE,16.11,16.17,16.08,16.15,16.17,16.09,,16.15,,,9071,146268.66,76,F1,1,,,,,
2026-07-30,2026-07-30,CM,NSE,STK,4394,INE771A01026,MIRZAINT,EQ,,,,,MIRZA INTERNATIONAL LIMIT,35.35,35.35,34.24,34.41,34.42,35.14,,34.41,,,108562,3763817.71,1188,F1,1,,,,,
2026-07-30,2026-07-30,CM,NSE,STK,2463,INE099Z01011,MIDHANI,EQ,,,,,MISHRA DHATU NIGAM LTD,395.00,396.90,387.75,389.10,388.00,397.25,,389.10,,,204994,80231586.45,10322,F1,1,,,,,
2026-07-30,2026-07-30,CM,NSE,STK,8475,INE828O01033,MITCON,BE,,,,,MITCON CON & ENG SER LTD,74.80,74.80,74.80,74.80,74.80,75.00,,74.80,,,49,3665.20,3,F1,1,,,,,
2026-07-30,2026-07-30,CM,NSE,STK,18562,INE997Y01027,MITTAL,EQ,,,,,MITTAL LIFE STYLE LIMITED,0.91,0.92,0.90,0.90,0.91,0.92,,0.90,,,607943,552668.74,231,F1,1,,,,,
2026-07-30,2026-07-30,CM,NSE,STK,13844,INE227C01017,MMFL,EQ,,,,,MM FORGINGS LTD,551.45,551.45,532.50,535.00,537.65,548.70,,535.00,,,30165,16221114.20,2128,F1,1,,,,,
2026-07-30,2026-07-30,CM,NSE,STK,16395,INE511Y01018,MMP,EQ,,,,,MMP INDUSTRIES LIMITED,280.00,287.55,279.05,280.95,281.25,279.95,,280.95,,,18123,5133579.00,908,F1,1,,,,,
2026-07-30,2026-07-30,CM,NSE,STK,17957,INE123F01029,MMTC,EQ,,,,,MMTC LIMITED,61.10,61.15,59.90,60.09,60.00,61.25,,60.10,,,1060338,64114784.88,7998,F1,1,,,,,
2026-07-30,2026-07-30,CM,NSE,STK,760199,INE1YNB01019,MOBILISE,ST,,,,,MOBILISE APP LAB LIMITED,111.00,117.00,108.05,114.30,108.05,111.50,,114.30,,,16000,1823440.00,8,F1,1600,,,,,
2026-07-30,2026-07-30,CM,NSE,STK,2241,INE794W01014,MODTHREAD,EQ,,,,,MODERN THREADS INDIA LTD,47.85,48.02,47.85,48.00,48.00,47.85,,48.00,,,52,2488.52,3,F1,1,,,,,
2026-07-30,2026-07-30,CM,NSE,STK,760280,INE537F01012,MODINATUR,BE,,,,,MODI NATURALS LIMITED,403.00,403.00,387.00,397.30,396.95,403.00,,397.25,,,2296,903958.25,66,F1,1,,,,,
2026-07-30,2026-07-30,CM,NSE,STK,2229,INE832A01018,MODIRUBBER,EQ,,,,,MODI RUBBER LTD,118.21,121.40,118.21,121.34,121.35,118.80,,121.34,,,250,30267.10,22,F1,1,,,,,
2026-07-30,2026-07-30,CM,NSE,STK,759752,INE0L0L01012,MODIS,EQ,,,,,MODIS NAVNIRMAN LTD,395.65,410.00,391.00,393.65,393.00,398.40,,393.75,,,87734,35134768.55,2460,F1,1,,,,,
2026-07-30,2026-07-30,CM,NSE,STK,3325,INE737D01021,MODISONLTD,BE,,,,,MODISON LIMITED,265.00,268.60,259.00,263.15,263.00,265.75,,263.20,,,31252,8191629.75,406,F1,1,,,,,
2026-07-30,2026-07-30,CM,NSE,STK,1426,INE450S01011,MHHL,SM,,,,,MOHINI HEALTH&HYGIENE LTD,36.80,37.00,36.80,37.00,37.00,36.80,,37.00,,,6000,221700.00,2,F1,1500,,,,,
2026-07-30,2026-07-30,CM,NSE,STK,29423,INE954E01012,MOHITIND,EQ,,,,,MOHIT INDUSTRIES LTD,25.00,25.00,22.35,22.62,22.95,22.53,,22.63,,,2280,51821.70,58,F1,1,,,,,
2026-07-30,2026-07-30,CM,NSE,STK,20830,INE490G01020,MOIL,EQ,,,,,MOIL LIMITED,278.00,304.50,277.50,287.95,285.90,274.15,,287.95,,,35498059,10498194152.00,322141,F1,1,,,,,
2026-07-30,2026-07-30,CM,NSE,STK,3586,INE514Y01020,MOKSH,EQ,,,,,MOKSH ORNAMENTS LIMITED,10.10,10.28,10.10,10.13,10.11,10.10,,10.13,,,21264,215564.38,79,F1,1,,,,,
2026-07-30,2026-07-30,CM,NSE,STK,6713,INE893J01029,MOLDTKPAC,EQ,,,,,MOLD-TEK PACKAGING LTD,656.10,699.10,645.00,676.35,674.50,656.10,,676.35,,,221135,150213923.05,9144,F1,1,,,,,
2026-07-30,2026-07-30,CM,NSE,STK,17625,INE835B01035,MOLDTECH,EQ,,,,,MOLD-TEK TECHNOLOGIES LTD,143.77,159.90,141.78,152.99,155.59,143.77,,152.99,,,460873,70219846.83,8596,F1,1,,,,,
2026-07-30,2026-07-30,CM,NSE,STK,7679,INE903D01011,MONARCH,EQ,,,,,MONARCH NETWORTH CAP LTD,388.05,399.00,381.30,386.20,385.00,388.45,,386.10,,,133642,51949843.45,3886,F1,1,,,,,
2026-07-30,2026-07-30,CM,NSE,STK,759381,INE296Q01012,MONEYBOXX,EQ,,,,,MONEYBOXX FINANCE LIMITED,57.56,57.56,56.10,56.98,56.16,57.54,,56.98,,,2998,171367.24,50,F1,1,,,,,
2026-07-30,2026-07-30,CM,NSE,STK,18392,INE0OIP01012,MONOPHARMA,SM,,,,,MONO PHARMACARE LIMITED,10.00,10.00,9.95,9.95,9.95,10.00,,9.95,,,4000,39900.00,2,F1,2000,,,,,
2026-07-30,2026-07-30,CM,NSE,STK,756958,INE1DV401010,MONOLITH,SM,,,,,MONOLITHISCH INDIA LTD,817.30,855.00,795.00,838.60,840.00,817.30,,838.60,,,67750,56349325.00,174,F1,250,,,,,
2026-07-30,2026-07-30,CM,NSE,STK,5938,INE950M01013,MONTECARLO,EQ,,,,,MONTE CARLO FASHIONS LTD.,530.65,535.60,523.05,526.25,524.95,530.60,,526.30,,,54121,28569525.60,1551,F1,1,,,,,
2026-07-30,2026-07-30,CM,NSE,STK,2259,INE083A01026,MOREPENLAB,EQ,,,,,MOREPEN LAB. LTD,57.85,57.85,56.05,56.42,56.15,57.85,,56.42,,,3524842,199800958.32,12600,F1,1,,,,,
2026-07-30,2026-07-30,CM,NSE,STK,15057,INE0N7S01028,MOS,ST,,,,,MOS UTILITY LIMITED,11.30,11.45,10.90,11.40,11.40,11.45,,11.40,,,344000,3787400.00,36,F1,4000,,,,,
2026-07-30,2026-07-30,CM,NSE,STK,29459,INE935B01025,MOSCHIP,EQ,,,,,MOSCHIP TECHNOLOGIES LTD,213.00,213.00,204.10,205.40,204.99,211.03,,205.40,,,1885891,390580036.41,18501,F1,1,,,,,
2026-07-30,2026-07-30,CM,NSE,STK,8596,INE0FS801015,MSUMI,EQ,,,,,MOTHERSON SUMI WRNG IND L,41.22,41.34,40.55,41.05,41.11,41.22,,41.05,,,6664583,272954469.60,37067,F1,1,,,,,
2026-07-30,2026-07-30,CM,NSE,STK,21423,INF247L01023,MOM100,EQ,,,,,MOTILAL OS MIDCAP100 ETF,68.27,68.27,67.38,67.62,67.75,67.85,,67.62,,,435280,29422293.84,1827,F1,1,,,,,
2026-07-30,2026-07-30,CM,NSE,STK,22739,INF247L01AP3,MON100,EQ,,,,,MOTILAL OS NASDAQ100 ETF,312.19,312.19,312.19,312.19,312.19,315.36,,312.19,,,563208,175827905.52,9045,F1,1,,,,,
2026-07-30,2026-07-30,CM,NSE,STK,14947,INE338I01027,MOTILALOFS,EQ,,,,,MOTILAL OSWAL FIN LTD,858.00,858.90,835.10,836.95,836.90,855.25,,836.95,,,929028,781352082.65,28637,F1,1,,,,,
2026-07-30,2026-07-30,CM,NSE,STK,19289,INF247L01536,MOM50,EQ,,,,,MOTILAL OSWAL M50 ETF,255.29,255.29,242.05,251.10,249.00,253.36,,251.08,,,7830,1984649.74,113,F1,1,,,,,
2026-07-30,2026-07-30,CM,NSE,STK,1507,INF247L01AK4,MOGSEC,EQ,,,,,MOTILALAMC - G5,65.30,65.75,64.92,65.33,65.48,65.00,,65.34,,,947,61800.66,55,F1,1,,,,,
2026-07-30,2026-07-30,CM,NSE,STK,757669,INF247L01FR8,MOALPHA50,EQ,,,,,MOTILALAMC - MOALPHA50,53.46,56.00,52.63,53.21,53.19,53.46,,53.21,,,59183,3150740.30,122,F1,1,,,,,
2026-07-30,2026-07-30,CM,NSE,STK,761693,INF247L01GV8,MOBANK10,EQ,,,,,MOTILALAMC - MOBANK10,17.24,17.24,16.88,17.04,17.04,16.94,,17.04,,,1777,30087.11,46,F1,1,,,,,
2026-07-30,2026-07-30,CM,NSE,STK,30065,INF247L01EV3,MOCAPITAL,EQ,,,,,MOTILALAMC - MOCAPITAL,53.62,53.62,52.41,52.65,52.70,53.10,,52.65,,,547851,28846348.17,3385,F1,1,,,,,
2026-07-30,2026-07-30,CM,NSE,STK,24944,INF247L01DJ0,MODEFENCE,EQ,,,,,MOTILALAMC - MODEFENCE,101.17,101.30,100.36,100.73,100.79,101.16,,100.73,,,832450,83788112.71,6231,F1,1,,,,,
2026-07-30,2026-07-30,CM,NSE,STK,759374,INF247L01GH7,MOENERGY,EQ,,,,,MOTILALAMC - MOENERGY,38.34,38.53,38.05,38.46,38.53,38.23,,38.46,,,80546,3089676.68,559,F1,1,,,,,
2026-07-30,2026-07-30,CM,NSE,STK,757791,INF247L01FY4,MOGOLD,EQ,,,,,MOTILALAMC - MOGOLD,140.50,141.00,139.60,140.65,140.35,139.60,,140.65,,,36988,5196063.05,433,F1,1,,,,,
2026-07-30,2026-07-30,CM,NSE,STK,10508,INF247L01BB1,MOHEALTH,EQ,,,,,MOTILALAMC - MOHEALTH,51.97,52.00,51.24,51.72,51.55,51.48,,51.70,,,59382,3068614.62,481,F1,1,,,,,
2026-07-30,2026-07-30,CM,NSE,STK,757031,INF247L01FL1,MOINFRA,EQ,,,,,MOTILALAMC - MOINFRA,60.63,60.63,60.13,60.21,60.20,60.63,,60.21,,,1389,83888.68,46,F1,1,,,,,
2026-07-30,2026-07-30,CM,NSE,STK,759891,INF247L01GI5,MOIPO,EQ,,,,,MOTILALAMC - MOIPO,47.52,47.52,46.51,46.97,47.00,47.29,,46.97,,,3453,161288.11,38,F1,1,,,,,
2026-07-30,2026-07-30,CM,NSE,STK,8654,INF247L01BL0,MOLOWVOL,EQ,,,,,MOTILALAMC - MOLOWVOL,37.50,37.53,37.33,37.49,37.49,37.52,,37.49,,,6626,248266.49,21,F1,1,,,,,
2026-07-30,2026-07-30,CM,NSE,STK,25606,INF247L01DK8,MOMENTUM50,EQ,,,,,MOTILALAMC - MOMENTUM50,51.26,52.33,50.90,51.85,51.97,51.94,,51.85,,,307598,15924841.50,1495,F1,1,,,,,
2026-07-30,2026-07-30,CM,NSE,STK,757099,INF247L01FK3,MOMGF,EQ,,,,,MOTILALAMC - MOMGF,160.72,161.08,158.03,160.94,160.94,159.69,,160.94,,,3261,521090.13,31,F1,1,,,,,
2026-07-30,2026-07-30,CM,NSE,STK,757817,INF247L01FQ0,MOMIDMTM,EQ,,,,,MOTILALAMC - MOMIDMTM,64.37,64.37,62.50,62.69,63.03,63.11,,62.69,,,71166,4467212.52,274,F1,1,,,,,
2026-07-30,2026-07-30,CM,NSE,STK,760054,INF247L01GK1,MOMNC,EQ,,,,,MOTILALAMC - MOMNC,32.68,32.71,32.54,32.67,32.67,32.68,,32.67,,,78,2549.74,6,F1,1,,,,,
2026-07-30,2026-07-30,CM,NSE,STK,8182,INF247L01BK2,MOMOMENTUM,EQ,,,,,MOTILALAMC - MOMOMENTUM,61.00,61.49,60.57,61.01,61.03,61.00,,61.01,,,27001,1644781.77,334,F1,1,,,,,
2026-07-30,2026-07-30,CM,NSE,STK,756900,INF247L01FC0,MON50EQUAL,EQ,,,,,MOTILALAMC - MON50EQUAL,33.81,33.82,33.63,33.76,33.77,33.70,,33.76,,,1122,37865.93,34,F1,1,,,,,
2026-07-30,2026-07-30,CM,NSE,STK,757167,INF247L01FD8,MONEXT50,EQ,,,,,MOTILALAMC - MONEXT50,72.00,72.70,72.00,72.58,72.58,72.34,,72.58,,,3981,288327.82,42,F1,1,,,,,
2026-07-30,2026-07-30,CM,NSE,STK,759371,INF247L01GG9,MONIFTY100,EQ,,,,,MOTILALAMC - MONIFTY100,25.43,25.54,25.40,25.52,25.53,25.48,,25.52,,,48849,1246491.48,47,F1,1,,,,,
2026-07-30,2026-07-30,CM,NSE,STK,19237,INF247L01BU1,MONIFTY500,EQ,,,,,MOTILALAMC - MONIFTY500,23.80,23.90,23.74,23.86,23.80,23.81,,23.86,,,348505,8309710.20,987,F1,1,,,,,
2026-07-30,2026-07-30,CM,NSE,STK,7422,INF247L01AU3,MONQ50,EQ,,,,,MOTILALAMC - MONQ50,140.08,140.08,140.08,140.08,140.08,140.71,,140.08,,,38138,5342371.04,1571,F1,1,,,,,
2026-07-30,2026-07-30,CM,NSE,STK,757431,INF247L01FO5,MOPSE,EQ,,,,,MOTILALAMC - MOPSE,100.18,100.44,100.03,100.44,100.44,100.18,,100.44,,,88,8834.74,5,F1,1,,,,,
2026-07-30,2026-07-30,CM,NSE,STK,10822,INF247L01BH8,MOQUALITY,EQ,,,,,MOTILALAMC - MOQUALITY,204.04,204.04,202.07,202.07,202.07,202.02,,202.07,,,1638,332459.35,15,F1,1,,,,,
2026-07-30,2026-07-30,CM,NSE,STK,23184,INF247L01CI4,MOREALTY,EQ,,,,,MOTILALAMC - MOREALTY,92.88,93.67,88.13,89.66,89.66,91.83,,89.68,,,766567,69165909.00,3449,F1,1,,,,,
2026-07-30,2026-07-30,CM,NSE,STK,760001,INF247L01GJ3,MOSERVICE,EQ,,,,,MOTILALAMC - MOSERVICE,31.39,31.39,31.26,31.28,31.39,31.45,,31.28,,,2512,78562.94,22,F1,1,,,,,
2026-07-30,2026-07-30,CM,NSE,STK,758457,INF247L01FZ1,MOSILVER,EQ,,,,,MOTILALAMC - MOSILVER,214.15,216.29,212.00,214.10,214.32,214.15,,214.07,,,32851,6998955.61,768,F1,1,,,,,
2026-07-30,2026-07-30,CM,NSE,STK,23181,INF247L01CH6,MOSMALL250,EQ,,,,,MOTILALAMC - MOSMALL250,18.08,18.15,17.91,17.96,17.98,18.07,,17.96,,,1224204,22029643.47,1869,F1,1,,,,,
2026-07-30,2026-07-30,CM,NSE,STK,757443,INF247L01FP2,MOTOUR,EQ,,,,,MOTILALAMC - MOTOUR,78.60,80.06,77.17,78.68,78.39,79.35,,78.68,,,14540,1143309.41,230,F1,1,,,,,
2026-07-30,2026-07-30,CM,NSE,STK,10825,INF247L01BE5,MOVALUE,EQ,,,,,MOTILALAMC - MOVALUE,113.33,113.82,113.18,113.49,113.50,113.33,,113.46,,,34594,3929079.68,498,F1,1,,,,,
2026-07-30,2026-07-30,CM,NSE,STK,20788,INE0FRK01020,MOTISONS,EQ,,,,,MOTISONS JEWELLERS LTD,14.57,14.57,14.12,14.23,14.20,14.59,,14.23,,,8401055,120062224.21,7648,F1,1,,,,,
2026-07-30,2026-07-30,CM,NSE,STK,8793,INE861B01023,MOTOGENFIN,BE,,,,,MOTOR & GENERAL FINANCE L,26.92,27.29,26.75,26.76,26.76,26.92,,26.76,,,2641,70897.81,15,F1,1,,,,,
2026-07-30,2026-07-30,CM,NSE,STK,13507,INE0N6D01014,MOXSH,ST,,,,,MOXSH OVERSEAS EDUCON LTD,101.50,101.50,101.50,101.50,101.50,104.00,,101.50,,,1600,162400.00,1,F1,1600,,,,,
2026-07-30,2026-07-30,CM,NSE,STK,4503,INE356A01018,MPHASIS,EQ,,,,,MPHASIS LIMITED,2346.10,2420.00,2337.30,2346.70,2348.00,2361.30,,2346.70,,,1000809,2385497480.40,57701,F1,1,,,,,
2026-07-30,2026-07-30,CM,NSE,STK,10578,INE943D01017,MPSLTD,EQ,,,,,MPS LIMITED,2680.20,2723.90,2636.00,2650.20,2665.00,2683.40,,2650.60,,,24778,66497231.30,3627,F1,1,,,,,
2026-07-30,2026-07-30,CM,NSE,STK,2277,INE883A01011,MRF,EQ,,,,,MRF LTD,134200.00,135550.00,133510.00,134860.00,134995.00,134200.00,,134860.00,,,3756,506485540.00,2640,F1,1,,,,,
2026-07-30,2026-07-30,CM,NSE,STK,2283,INE103A01014,MRPL,EQ,,,,,MRPL,163.00,174.20,161.05,166.84,166.67,163.41,,166.85,,,27360997,4649258600.41,152549,F1,1,,,,,
2026-07-30,2026-07-30,CM,NSE,STK,1628,INE495P01020,BECTORFOOD,EQ,,,,,MRS BECTORS FOOD SPE LTD,215.00,219.50,210.89,213.87,212.59,216.29,,213.86,,,2036609,437528074.05,21069,F1,1,,,,,
2026-07-30,2026-07-30,CM,NSE,STK,11919,INE752G01015,MSPL,EQ,,,,,MSP STEEL & POWER LTD.,37.00,37.71,35.28,36.05,35.28,37.13,,36.05,,,798917,29284225.41,3720,F1,1,,,,,
2026-07-30,2026-07-30,CM,NSE,STK,9356,INE255X01014,MSTCLTD,EQ,,,,,MSTC LIMITED,610.00,610.50,600.15,604.75,602.30,614.00,,604.70,,,130567,78981016.95,6528,F1,1,,,,,
2026-07-30,2026-07-30,CM,NSE,STK,31413,INE472M01018,MTEDUCARE,BE,,,,,MT EDUCARE LTD,1.90,1.99,1.82,1.94,1.99,1.90,,1.94,,,12810,24911.27,56,F1,1,,,,,
2026-07-30,2026-07-30,CM,NSE,STK,2715,INE864I01014,MTARTECH,BE,,,,,MTAR TECHNOLOGIES LIMITED,5277.00,5453.50,5256.00,5453.50,5453.50,5194.00,,5453.50,,,823165,4466456667.50,29291,F1,1,,,,,
2026-07-30,2026-07-30,CM,NSE,STK,19783,INE08KJ01020,MUFIN,EQ,,,,,MUFIN GREEN FINANCE LTD,129.80,130.47,128.00,129.07,128.15,130.10,,129.09,,,1143219,147461284.20,5145,F1,1,,,,,
2026-07-30,2026-07-30,CM,NSE,STK,11325,INE304A01026,MUKANDLTD,EQ,,,,,MUKAND LTD.,138.28,141.00,138.28,139.91,140.00,139.42,,139.89,,,59794,8325309.19,1116,F1,1,,,,,
2026-07-30,2026-07-30,CM,NSE,STK,22980,INE0CG401037,MUKKA,EQ,,,,,MUKKA PROTEINS LIMITED,23.25,23.25,22.56,22.64,22.70,23.04,,22.64,,,235002,5360212.10,1128,F1,1,,,,,
2026-07-30,2026-07-30,CM,NSE,STK,8691,INE374B01019,MUKTAARTS,BE,,,,,MUKTA ARTS LIMITED,59.50,59.50,57.00,57.20,57.20,59.98,,55.60,,,1943,111076.24,48,F1,1,,,,,
2026-07-30,2026-07-30,CM,NSE,STK,31181,INE745G01043,MCX,EQ,,,,,MULTI COMMODITY EXCHANGE,2731.70,2731.70,2662.50,2677.00,2681.10,2717.50,,2677.00,,,1374388,3686434490.00,71152,F1,1,,,,,
2026-07-30,2026-07-30,CM,NSE,STK,759419,INE1K8Y01018,MUNISH,ST,,,,,MUNISH FORGE LIMITED,81.00,81.00,77.00,77.05,77.00,81.00,,77.05,,,10800,855060.00,7,F1,1200,,,,,
2026-07-30,2026-07-30,CM,NSE,STK,13511,INE672B01032,MUNJALAU,EQ,,,,,MUNJAL AUTO IND. LTD.,102.00,102.00,100.43,101.44,101.06,101.83,,101.44,,,131643,13328690.58,1452,F1,1,,,,,
2026-07-30,2026-07-30,CM,NSE,STK,2307,INE577A01027,MUNJALSHOW,EQ,,,,,MUNJAL SHOWA LTD,137.70,138.48,133.02,136.16,135.93,137.15,,136.16,,,70068,9505432.37,1363,F1,1,,,,,
2026-07-30,2026-07-30,CM,NSE,STK,2313,INE692B01014,MURUDCERA,EQ,,,,,MURUDESHWAR CERAMICS LTD,30.50,31.00,30.10,30.60,30.60,30.53,,30.60,,,11934,363546.48,179,F1,1,,,,,
2026-07-30,2026-07-30,CM,NSE,STK,19877,INE919I01024,RADIOCITY,EQ,,,,,MUSIC BROADCAST LIMITED,7.35,7.35,6.60,6.90,7.00,6.94,,6.89,,,59293,409189.38,199,F1,1,,,,,
2026-07-30,2026-07-30,CM,NSE,STK,10415,INE296G01013,MUTHOOTCAP,EQ,,,,,MUTHOOT CAP SERV LTD,222.76,230.80,219.00,228.51,229.80,221.66,,228.47,,,28080,6342989.35,1161,F1,1,,,,,
2026-07-30,2026-07-30,CM,NSE,STK,23650,INE414G01012,MUTHOOTFIN,EQ,,,,,MUTHOOT FINANCE LIMITED,3027.00,3034.50,2995.00,3008.70,3010.00,3017.90,,3008.70,,,993327,2990308724.30,38197,F1,1,,,,,
2026-07-30,2026-07-30,CM,NSE,STK,20831,INE046W01019,MUTHOOTMF,EQ,,,,,MUTHOOT MICROFIN LIMITED,255.58,255.59,244.10,246.88,246.90,255.58,,246.88,,,321850,80675594.54,8679,F1,1,,,,,
2026-07-30,2026-07-30,CM,NSE,STK,25208,INE0RVQ01016,MYMUDRA,SM,,,,,MY MUDRA FINCORP LIMITED,80.00,81.00,80.00,81.00,81.00,77.00,,81.00,,,8400,673680.00,7,F1,1200,,,,,
2026-07-30,2026-07-30,CM,NSE,STK,20314,INE740D01017,NRAIL,EQ,,,,,N R AGARWAL INDS LTD,471.15,471.70,460.10,461.55,461.80,468.60,,461.55,,,4759,2214770.05,337,F1,1,,,,,
2026-07-30,2026-07-30,CM,NSE,STK,757492,INE104101014,NRVANDANA,ST,,,,,N R VANDANA TEX IND LTD,68.00,68.00,67.90,67.90,67.90,66.25,,67.90,,,12000,815400.00,4,F1,3000,,,,,
2026-07-30,2026-07-30,CM,NSE,STK,19111,INE365I01020,NBIFIN,EQ,,,,,N.B.I. IND. FIN. CO. LTD,2214.90,2258.00,2190.00,2202.40,2214.30,2204.00,,2202.40,,,436,969874.10,134,F1,1,,,,,
2026-07-30,2026-07-30,CM,NSE,STK,20425,INE295D01020,NACLIND,EQ,,,,,NACL INDUSTRIES LIMITED,194.70,194.88,186.00,188.57,187.25,195.14,,188.58,,,601461,114568205.43,8758,F1,1,,,,,
2026-07-30,2026-07-30,CM,NSE,STK,18371,INE756C01015,NDGL,EQ,,,,,NAGA DHUNSERI GROUP LTD,2850.00,2850.00,2760.00,2800.00,2800.00,2754.80,,2800.00,,,7,19585.00,5,F1,1,,,,,
2026-07-30,2026-07-30,CM,NSE,STK,14942,INE245I01016,NAGREEKCAP,EQ,,,,,NAGREEKA CAP & INFR.LTD,22.20,23.99,22.20,22.76,23.38,23.02,,22.76,,,1794,40946.15,31,F1,1,,,,,
2026-07-30,2026-07-30,CM,NSE,STK,14702,INE123B01028,NAGREEKEXP,EQ,,,,,NAGREEKA EXPORTS LTD.,22.00,22.00,21.00,21.38,21.50,22.00,,21.38,,,12027,259591.98,182,F1,1,,,,,
2026-07-30,2026-07-30,CM,NSE,STK,15360,INE049I01012,NAHARCAP,EQ,,,,,NAHAR CAP & FIN.,246.61,250.00,246.60,249.46,248.95,245.81,,249.46,,,836,208664.27,20,F1,1,,,,,
2026-07-30,2026-07-30,CM,NSE,STK,13106,INE289A01011,NAHARINDUS,EQ,,,,,NAHAR INDS ENT LTD,112.50,116.68,112.50,113.20,113.11,114.91,,113.21,,,7605,865299.17,124,F1,1,,,,,
2026-07-30,2026-07-30,CM,NSE,STK,14445,INE308A01027,NAHARPOLY,EQ,,,,,NAHAR POLY FILMS LIMITED,273.00,276.25,266.00,271.10,274.00,272.80,,271.05,,,27519,7436768.85,1562,F1,1,,,,,
2026-07-30,2026-07-30,CM,NSE,STK,14443,INE290A01027,NAHARSPING,BE,,,,,NAHAR SPINNING MILLS LTD.,281.20,285.00,275.50,277.75,275.50,281.20,,277.75,,,18915,5321407.60,176,F1,1,,,,,
2026-07-30,2026-07-30,CM,NSE,STK,5404,INE236Y01012,NGIL,BE,,,,,NAKODA GROUP OF IND. LTD,40.00,40.95,38.75,40.09,40.41,39.41,,40.09,,,30007,1199429.64,75,F1,1,,,,,
2026-07-30,2026-07-30,CM,NSE,STK,11239,INE023A01030,NSIL,EQ,,,,,NALWA SONS INVESTMENT LTD,5501.00,5530.00,5475.00,5503.00,5485.00,5524.50,,5504.00,,,1272,7001654.00,281,F1,1,,,,,
2026-07-30,2026-07-30,CM,NSE,STK,23379,INE0RJM01010,NAMAN,SM,,,,,NAMAN INDUSTRE PRXIMA LTD,45.00,45.00,45.00,45.00,45.00,45.00,,45.00,,,800,36000.00,1,F1,800,,,,,
2026-07-30,2026-07-30,CM,NSE,STK,25170,INE08NZ01012,NAMOEWASTE,ST,,,,,NAMO EWASTE MANAGEMENT L,284.00,284.00,278.35,278.35,278.35,284.00,,278.35,,,12800,3580960.00,15,F1,800,,,,,
2026-07-30,2026-07-30,CM,NSE,STK,31258,INE875G01048,NDL,EQ,,,,,NANDAN DENIM LIMITED,2.38,2.38,2.34,2.35,2.36,2.36,,2.35,,,423968,997907.84,675,F1,1,,,,,
2026-07-30,2026-07-30,CM,NSE,STK,5516,INE696V01013,JAIPURKURT,EQ,,,,,NANDANI CREATION LIMITED,26.66,28.40,26.65,26.94,27.30,27.25,,26.94,,,52551,1456724.17,225,F1,1,,,,,
2026-07-30,2026-07-30,CM,NSE,STK,11840,INE410P01011,NH,EQ,,,,,NARAYANA HRUDAYALAYA LTD.,2070.60,2088.80,2058.40,2080.30,2082.00,2070.60,,2080.30,,,110198,229018213.50,15971,F1,1,,,,,
2026-07-30,2026-07-30,CM,NSE,STK,11627,INE117Z01011,NARMADA,EQ,,,,,NARMADA AGROBASE LIMITED,34.27,36.36,33.56,36.19,36.35,34.32,,36.19,,,2183819,77044376.94,6769,F1,1,,,,,
2026-07-30,2026-07-30,CM,NSE,STK,3918,INE987B01026,NATCOPHARM,EQ,,,,,NATCO PHARMA LTD.,930.05,947.85,926.50,929.85,927.00,935.95,,929.85,,,236650,221340268.45,16428,F1,1,,,,,
2026-07-30,2026-07-30,CM,NSE,STK,11065,INE448G01010,NATHBIOGEN,EQ,,,,,NATH BIO-GENES (I) LTD,162.20,169.90,160.40,161.39,160.41,159.96,,161.41,,,94951,15773474.05,1946,F1,1,,,,,
2026-07-30,2026-07-30,CM,NSE,STK,6364,INE139A01034,NATIONALUM,EQ,,,,,NATIONAL ALUMINIUM CO LTD,345.50,349.65,342.60,347.65,348.90,344.70,,347.65,,,6318472,2185268990.60,52249,F1,1,,,,,
2026-07-30,2026-07-30,CM,NSE,STK,13925,INE870D01012,NFL,EQ,,,,,NATIONAL FERT. LTD,71.80,71.95,70.90,71.11,71.09,71.99,,71.11,,,257949,18404742.17,2311,F1,1,,,,,
2026-07-30,2026-07-30,CM,NSE,STK,6531,INE0H7R23014,NHIT,IV,,,,,NATIONAL HIGHW INFRA TRUS,172.00,172.00,172.00,172.00,172.00,171.50,,172.00,,,75000,12900000.00,1,F1,25000,,,,,
2026-07-30,2026-07-30,CM,NSE,STK,762807,INE166R01015,NATIONSTD,EQ,,,,,NATIONAL STAND (INDIA) L,260.90,260.90,260.90,260.90,260.90,274.60,,261.10,,,4271,1114303.90,140,F1,1,,,,,
2026-07-30,2026-07-30,CM,NSE,STK,29583,INE936B01015,NATCAPSUQ,EQ,,,,,NATURAL CAPSULES LIMITED,144.50,150.00,143.25,144.21,144.05,144.52,,144.23,,,3787,558507.91,89,F1,1,,,,,
2026-07-30,2026-07-30,CM,NSE,STK,4014,INE725A01030,NAVA,EQ,,,,,NAVA LIMITED,561.00,562.15,547.80,553.15,553.00,561.60,,553.15,,,173583,96198081.05,10822,F1,1,,,,,
2026-07-30,2026-07-30,CM,NSE,STK,14672,INE048G01026,NAVINFLUOR,EQ,,,,,NAVIN FLUORINE INT. LTD,7571.00,7571.00,7368.00,7386.50,7387.00,7594.50,,7386.50,,,163354,1212353910.50,20672,F1,1,,,,,
2026-07-30,2026-07-30,CM,NSE,STK,10557,INE278M01019,NAVKARCORP,EQ,,,,,NAVKAR CORPORATION LTD.,102.99,102.99,101.19,101.75,101.50,103.11,,101.75,,,220887,22554260.08,2560,F1,1,,,,,
2026-07-30,2026-07-30,CM,NSE,STK,29149,INE268H01044,NAVKARURB,BE,,,,,NAVKAR URBANSTRUCTURE LTD,1.08,1.08,1.00,1.02,1.03,1.04,,1.02,,,680052,695055.31,182,F1,1,,,,,
2026-07-30,2026-07-30,CM,NSE,STK,2385,INE060A01024,NAVNETEDUL,EQ,,,,,NAVNEET EDUCATION LTD,139.90,140.26,136.50,137.07,137.00,139.83,,137.07,,,207448,28538610.06,1644,F1,1,,,,,
2026-07-30,2026-07-30,CM,NSE,STK,2987,INE418L01047,NAZARA,EQ,,,,,NAZARA TECHNOLOGIES LTD,304.00,312.00,303.65,308.05,308.00,303.65,,308.05,,,2274869,701910662.65,17946,F1,1,,,,,
2026-07-30,2026-07-30,CM,NSE,STK,31415,INE095N01031,NBCC,EQ,,,,,NBCC (INDIA) LIMITED,94.52,94.53,93.09,93.57,93.75,94.60,,93.57,,,5422710,507262567.10,28266,F1,1,,,,,
2026-07-30,2026-07-30,CM,NSE,STK,2319,INE868B01028,NCC,EQ,,,,,NCC LIMITED,141.95,142.42,140.64,140.91,141.00,142.15,,140.91,,,1004099,141997458.52,18601,F1,1,,,,,
2026-07-30,2026-07-30,CM,NSE,STK,14490,INE732C01016,NCLIND,EQ,,,,,NCL INDUSTRIES LIMITED,184.50,185.25,182.00,182.47,182.50,185.27,,182.47,,,24172,4428258.28,916,F1,1,,,,,
2026-07-30,2026-07-30,CM,NSE,STK,14547,INE353A01023,NDLVENTURE,EQ,,,,,NDL VENTURES LIMITED,124.01,128.92,124.01,127.28,127.00,127.99,,127.28,,,27877,3550385.65,450,F1,1,,,,,
2026-07-30,2026-07-30,CM,NSE,STK,22255,INE07OG01012,NDRAUTO,EQ,,,,,NDR AUTO COMPONENTS LTD,803.10,815.00,798.05,808.95,805.25,803.05,,808.90,,,10610,8564649.90,1095,F1,1,,,,,
2026-07-30,2026-07-30,CM,NSE,STK,11427,INE155G01029,NDTV,EQ,,,,,NDTV LTD,76.49,76.69,75.80,76.25,76.00,76.20,,76.23,,,84171,6418523.02,879,F1,1,,,,,
2026-07-30,2026-07-30,CM,NSE,STK,11930,INE023H01027,NECLIFE,BE,,,,,NECTAR LIFESCIENCES LTD.,10.30,10.30,9.98,10.18,10.15,10.22,,10.18,,,90956,919574.06,244,F1,1,,,,,
2026-07-30,2026-07-30,CM,NSE,STK,27123,INE0N1401016,NEELAM,SM,,,,,NEELAM LINENS & GAR (I) L,9.25,9.25,9.25,9.25,9.25,9.45,,9.25,,,6000,55500.00,1,F1,6000,,,,,
2026-07-30,2026-07-30,CM,NSE,STK,762812,INE605D01012,NEAGI,EQ,,,,,NEELAMALAI AGRO INDS. L,3144.00,3150.00,3142.00,3142.40,3142.40,3144.30,,3142.40,,,39,122638.40,11,F1,1,,,,,
2026-07-30,2026-07-30,CM,NSE,STK,14761,INE189I01024,NELCAST,EQ,,,,,NELCAST LIMITED,116.27,116.85,114.11,115.11,114.95,116.27,,115.12,,,87973,10154578.11,1546,F1,1,,,,,
2026-07-30,2026-07-30,CM,NSE,STK,2388,INE045B01015,NELCO,EQ,,,,,NELCO LTD,940.00,952.70,907.85,929.75,931.45,934.10,,929.75,,,235504,219584080.90,9542,F1,1,,,,,
2026-07-30,2026-07-30,CM,NSE,STK,760931,INE21UM01018,NEOCHEM,ST,,,,,NEOCHEM BIO SOLUTIONS LTD,93.00,93.00,87.55,87.65,87.65,92.00,,87.65,,,8400,751380.00,7,F1,1200,,,,,
2026-07-30,2026-07-30,CM,NSE,STK,9917,INE136S01016,NEOGEN,EQ,,,,,NEOGEN CHEMICALS LIMITED,2032.70,2045.10,1965.00,1988.10,1992.00,2048.30,,1988.20,,,96875,192604839.20,11173,F1,1,,,,,
2026-07-30,2026-07-30,CM,NSE,STK,24353,INE0SUN01013,NEPHROCARE,ST,,,,,NEPHRO CARE INDIA LIMITED,61.50,62.90,61.50,62.85,62.90,62.95,,62.85,,,4400,274600.00,11,F1,400,,,,,
2026-07-30,2026-07-30,CM,NSE,STK,760346,INE428V01029,NEPHROPLUS,EQ,,,,,NEPHROCARE HEALTH SERV L,709.00,709.00,681.00,683.10,681.00,706.05,,683.05,,,111667,77003033.45,8960,F1,1,,,,,
2026-07-30,2026-07-30,CM,NSE,STK,757493,INE156901014,NEPTUNE,SM,,,,,NEPTUNE PETROCHEMICALS L,189.95,189.95,180.00,180.00,180.00,180.05,,180.00,,,5500,994975.00,9,F1,500,,,,,
2026-07-30,2026-07-30,CM,NSE,STK,15409,INE317F01035,NESCO,EQ,,,,,NESCO LTD.,1086.10,1086.10,1065.00,1080.50,1085.00,1088.50,,1080.50,,,33914,36443090.80,4005,F1,1,,,,,
2026-07-30,2026-07-30,CM,NSE,STK,17963,INE239A01024,NESTLEIND,EQ,,,,,NESTLE INDIA LIMITED,1503.30,1532.60,1497.00,1520.70,1519.00,1503.30,,1520.70,,,3698063,5624603752.90,98611,F1,1,,,,,
2026-07-30,2026-07-30,CM,NSE,STK,17433,INE0NT901020,NETWEB,EQ,,,,,NETWEB TECH INDIA LTD,4340.70,4341.80,4175.50,4195.20,4195.00,4364.10,,4195.30,,,648341,2749603216.90,50673,F1,1,,,,,
2026-07-30,2026-07-30,CM,NSE,STK,756324,INE0FFK01017,NPST,EQ,,,,,NETWORK PEOPLE SRV TECH L,1531.00,1539.00,1500.10,1505.20,1509.00,1545.40,,1504.80,,,11842,17922753.30,1286,F1,1,,,,,
2026-07-30,2026-07-30,CM,NSE,STK,14111,INE870H01013,NETWORK18,EQ,,,,,NETWORK18 MEDIA & INV LTD,29.40,29.45,28.82,29.29,29.32,29.24,,29.29,,,2277130,66228920.57,7614,F1,1,,,,,
2026-07-30,2026-07-30,CM,NSE,STK,2406,INE794A01010,NEULANDLAB,EQ,,,,,NEULAND LAB LTD.,19676.00,19676.00,18951.00,19202.00,19200.00,19697.00,,19202.00,,,55859,1073234741.00,17548,F1,1,,,,,
2026-07-30,2026-07-30,CM,NSE,STK,1164,INE619B01017,NEWGEN,EQ,,,,,NEWGEN SOFTWARE TECH LTD,563.60,571.70,550.10,552.95,551.00,560.50,,553.00,,,1826036,1025662599.50,38309,F1,1,,,,,
2026-07-30,2026-07-30,CM,NSE,STK,19161,INE0PW501021,NEWJAISA,ST,,,,,NEWJAISA TECHNOLOGIES LTD,13.80,14.00,13.55,13.55,13.55,14.25,,13.55,,,28500,388425.00,19,F1,1500,,,,,
2026-07-30,2026-07-30,CM,NSE,STK,28801,INE0TP801012,NMSTEEL,SM,,,,,NEWMALAYALAM STEEL LTD,24.75,24.75,24.75,24.75,24.75,24.60,,24.75,,,3200,79200.00,2,F1,1600,,,,,
2026-07-30,2026-07-30,CM,NSE,STK,9867,INE747B01016,NEXTMEDIA,EQ,,,,,NEXT MEDIAWORKS LIMITED,4.10,4.10,3.82,3.92,3.93,4.08,,3.92,,,7815,30456.29,51,F1,1,,,,,
2026-07-30,2026-07-30,CM,NSE,STK,15815,INE0NDH25011,NXST,RR,,,,,NEXUS SELECT TRUST,167.93,168.75,167.02,167.91,167.50,167.26,,167.91,,,161169,27062017.84,5571,F1,1,,,,,
2026-07-30,2026-07-30,CM,NSE,STK,763536,INE0T1501010,NFPSAMPOOR,SM,,,,,NFP SAMPOORNA FOODS LTD,23.50,23.55,23.45,23.50,23.50,23.75,,23.50,,,18000,422900.00,8,F1,2000,,,,,
2026-07-30,2026-07-30,CM,NSE,STK,10277,INE887E01022,NGLFINE,EQ,,,,,NGL FINE CHEM LIMITED,3278.00,3299.20,3229.00,3280.00,3270.50,3251.50,,3279.60,,,3675,12023874.60,937,F1,1,,,,,
2026-07-30,2026-07-30,CM,NSE,STK,17400,INE848E01016,NHPC,EQ,,,,,NHPC LTD,77.90,78.29,77.25,78.07,78.16,77.90,,78.07,,,6294785,489786161.16,23798,F1,1,,,,,
2026-07-30,2026-07-30,CM,NSE,STK,29487,INE149O01018,NIBE,EQ,,,,,NIBE LIMITED,1400.00,1419.90,1323.80,1330.20,1342.40,1405.60,,1330.20,,,110297,149438484.80,9105,F1,1,,,,,
2026-07-30,2026-07-30,CM,NSE,STK,17747,INE342G01023,NIITMTS,EQ,,,,,NIIT LEARNING SYSTEMS LTD,247.30,247.95,238.19,239.96,243.90,241.14,,239.96,,,180330,43815542.40,7369,F1,1,,,,,
2026-07-30,2026-07-30,CM,NSE,STK,11522,INE161A01038,NIITLTD,EQ,,,,,NIIT LIMITED,97.57,97.81,94.36,95.08,95.39,97.98,,95.08,,,401112,38407476.48,4386,F1,1,,,,,
2026-07-30,2026-07-30,CM,NSE,STK,758178,INE0FLF01015,NIKITA,SM,,,,,NIKITA GRENTEC RECYCL LTD,73.00,73.00,73.00,73.00,73.00,75.10,,73.00,,,1200,87600.00,1,F1,1200,,,,,
2026-07-30,2026-07-30,CM,NSE,STK,9253,INE937C01029,NILAINFRA,EQ,,,,,NILA INFRASTRUCTURES LTD,7.39,7.40,7.21,7.24,7.28,7.39,,7.24,,,99793,726626.56,310,F1,1,,,,,
2026-07-30,2026-07-30,CM,NSE,STK,7411,INE00S901012,NILASPACES,EQ,,,,,NILA SPACES LIMITED,12.15,12.15,11.70,11.84,11.80,11.86,,11.84,,,137405,1634144.56,409,F1,1,,,,,
2026-07-30,2026-07-30,CM,NSE,STK,762817,INE445D01013,NILE,EQ,,,,,NILE LTD.,1900.00,1920.00,1863.10,1880.10,1874.10,1900.20,,1880.10,,,2584,4888246.20,433,F1,1,,,,,
2026-07-30,2026-07-30,CM,NSE,STK,2421,INE310A01015,NILKAMAL,EQ,,,,,NILKAMAL LIMITED,1821.00,1887.10,1736.10,1753.40,1768.00,1870.40,,1753.50,,,100837,182305424.10,9644,F1,1,,,,,
2026-07-30,2026-07-30,CM,NSE,STK,761723,INE875B01015,NIMBSPROJ,BE,,,,,NIMBUS PROJECTS LIMITED,188.04,193.20,181.00,183.60,193.00,184.35,,183.60,,,1123,205341.36,13,F1,1,,,,,
2026-07-30,2026-07-30,CM,NSE,STK,14197,INE395U01014,NINSYS,BE,,,,,NINTEC SYSTEMS LIMITED,817.35,833.00,809.00,823.25,825.00,821.45,,823.30,,,1073,880821.10,87,F1,1,,,,,
2026-07-30,2026-07-30,CM,NSE,STK,11439,INF204KB15I9,BANKBEES,EQ,,,,,NIP IND ETF BANK BEES,594.00,594.00,587.65,591.08,591.40,591.74,,591.09,,,435483,256718322.48,9079,F1,1,,,,,
2026-07-30,2026-07-30,CM,NSE,STK,2435,INF204KA1LD7,CONSUMBEES,EQ,,,,,NIP IND ETF CONSUMPTION,133.75,134.77,133.46,134.51,134.50,133.71,,134.51,,,118353,15880532.42,1029,F1,1,,,,,
2026-07-30,2026-07-30,CM,NSE,STK,2636,INF204KA1MS3,DIVOPPBEES,EQ,,,,,NIP IND ETF DIV OPP,79.50,79.50,78.18,78.60,78.72,78.26,,78.60,,,72506,5701634.19,665,F1,1,,,,,
2026-07-30,2026-07-30,CM,NSE,STK,9847,INF204KB18I3,NV20BEES,EQ,,,,,NIP IND ETF ETF NV20,140.27,142.00,140.27,141.12,142.00,140.44,,141.12,,,10079,1419188.44,174,F1,1,,,,,
2026-07-30,2026-07-30,CM,NSE,STK,14428,INF204KB17I5,GOLDBEES,EQ,,,,,NIP IND ETF GOLD BEES,116.85,117.56,116.71,117.37,117.47,116.85,,117.37,,,18386079,2153420410.21,56439,F1,1,,,,,
2026-07-30,2026-07-30,CM,NSE,STK,18284,INF204KB19I1,HNGSNGBEES,EQ,,,,,NIP IND ETF HANGSENG BEES,492.48,496.35,489.31,495.32,496.10,491.18,,495.32,,,108241,53455862.87,3908,F1,1,,,,,
2026-07-30,2026-07-30,CM,NSE,STK,20072,INF732E01268,INFRABEES,EQ,,,,,NIP IND ETF INFRA BEES,964.86,975.00,960.91,968.71,967.81,964.86,,968.64,,,5675,5478820.19,1573,F1,1,,,,,
2026-07-30,2026-07-30,CM,NSE,STK,19084,INF204KB15V2,ITBEES,EQ,,,,,NIP IND ETF IT,34.52,35.35,34.52,34.62,34.63,34.54,,34.62,,,41065319,1438304280.21,36031,F1,1,,,,,
2026-07-30,2026-07-30,CM,NSE,STK,10939,INF732E01045,JUNIORBEES,EQ,,,,,NIP IND ETF JUNIOR BEES,799.18,799.18,780.00,784.35,784.55,783.51,,784.35,,,265371,207834654.70,5786,F1,1,,,,,
2026-07-30,2026-07-30,CM,NSE,STK,11006,INF732E01037,LIQUIDBEES,EQ,,,,,NIP IND ETF LIQUID BEES,1000.01,1000.97,999.99,999.99,999.99,1000.00,,999.99,,,2199229,2199224789.91,3660,F1,1,,,,,
2026-07-30,2026-07-30,CM,NSE,STK,17700,INF204KB1882,LTGILTBEES,EQ,,,,,NIP IND ETF LONGTERM GILT,29.97,30.00,29.91,29.97,29.98,29.96,,29.96,,,981810,29404763.69,510,F1,1,,,,,
2026-07-30,2026-07-30,CM,NSE,STK,8506,INF204KB1V68,MID150BEES,EQ,,,,,NIP IND ETF MIDCAP 150,239.52,239.52,237.12,238.00,238.20,238.89,,238.00,,,317310,75561020.82,4318,F1,1,,,,,
2026-07-30,2026-07-30,CM,NSE,STK,29577,INF204K014N5,NIF100BEES,EQ,,,,,NIP IND ETF NIFTY 100,268.21,269.00,265.35,268.60,268.92,268.21,,268.60,,,59429,15947078.99,521,F1,1,,,,,
2026-07-30,2026-07-30,CM,NSE,STK,10576,INF204KB14I2,NIFTYBEES,EQ,,,,,NIP IND ETF NIFTY BEES,275.99,276.80,274.99,276.49,276.40,275.82,,276.49,,,4594454,1268454122.77,25526,F1,1,,,,,
2026-07-30,2026-07-30,CM,NSE,STK,15032,INF204KB16I7,PSUBNKBEES,EQ,,,,,NIP IND ETF PSU BANK BEES,93.00,93.34,92.50,93.16,93.24,92.99,,93.16,,,1024692,95237524.67,3569,F1,1,,,,,
2026-07-30,2026-07-30,CM,NSE,STK,17044,INF732E01128,SHARIABEES,EQ,,,,,NIP IND ETF SHARIAH BEES,467.00,477.20,467.00,474.29,475.94,472.02,,474.28,,,12167,5779523.29,496,F1,1,,,,,
2026-07-30,2026-07-30,CM,NSE,STK,357,INE298J01013,NAM-INDIA,EQ,,,,,NIPPON L I A M LTD,1162.40,1176.80,1143.00,1146.90,1148.00,1168.10,,1146.90,,,598425,691072961.10,31323,F1,1,,,,,
2026-07-30,2026-07-30,CM,NSE,STK,757725,INF204KC1FU1,LIQGRWBEES,EQ,,,,,NIPPONAMC - LIQGRWBEES,1049.00,1049.61,1048.98,1049.60,1049.59,1049.46,,1049.60,,,47039,49371753.75,178,F1,1,,,,,
2026-07-30,2026-07-30,CM,NSE,STK,758667,INF204KC1GH6,MANUFGBEES,EQ,,,,,NIPPONAMC - MANUFGBEES,161.72,161.75,160.97,161.71,161.67,161.15,,161.71,,,9475,1531927.21,61,F1,1,,,,,
2026-07-30,2026-07-30,CM,NSE,STK,7880,INF204KC1337,AUTOBEES,EQ,,,,,NIPPONAMC - NETFAUTO,288.00,292.17,286.67,291.79,292.00,287.38,,291.79,,,471192,136501606.94,6331,F1,1,,,,,
2026-07-30,2026-07-30,CM,NSE,STK,4973,INF204KC1089,PHARMABEES,EQ,,,,,NIPPONAMC - NETFPHARMA,27.09,27.26,26.98,27.09,27.10,27.08,,27.09,,,4695794,127502102.27,8863,F1,1,,,,,
2026-07-30,2026-07-30,CM,NSE,STK,8080,INF204KC1402,SILVERBEES,EQ,,,,,NIPPONAMC - NETFSILVER,206.20,206.89,204.90,206.63,206.78,206.69,,206.63,,,19901782,4097584295.53,60486,F1,1,,,,,
2026-07-30,2026-07-30,CM,NSE,STK,757455,INF204KC1EZ3,SNXT30BEES,EQ,,,,,NIPPONAMC - SNXT30BEES,42.64,42.88,42.64,42.79,42.84,42.60,,42.79,,,14778,631506.95,46,F1,1,,,,,
2026-07-30,2026-07-30,CM,NSE,STK,261,INE368I01016,NIRAJ,BE,,,,,NIRAJ CEMENT STRUC LTD,29.45,29.45,28.54,28.87,28.87,28.89,,28.87,,,21896,629906.24,48,F1,1,,,,,
2026-07-30,2026-07-30,CM,NSE,STK,18840,INE326T01011,NIRAJISPAT,EQ,,,,,NIRAJ ISPAT IND LTD,205.00,205.00,190.00,204.09,195.00,205.00,,204.09,,,17,3460.00,7,F1,1,,,,,
2026-07-30,2026-07-30,CM,NSE,STK,2433,INE910A01012,NIRLON,EQ,,,,,NIRLON LTD,624.70,625.00,619.80,620.40,620.00,620.00,,620.40,,,2528,1569049.35,169,F1,1,,,,,
2026-07-30,2026-07-30,CM,NSE,STK,14722,INE0OK701014,NIRMAN,SM,,,,,NIRMAN AGRI GENTICS LTD,39.10,39.65,38.00,38.30,39.00,39.25,,38.30,,,31500,1211640.00,77,F1,300,,,,,
2026-07-30,2026-07-30,CM,NSE,STK,13300,INE858F01012,NITCO,EQ,,,,,NITCO LIMITED,103.78,104.00,99.80,100.39,100.80,103.78,,100.39,,,364190,36939569.51,3605,F1,1,,,,,
2026-07-30,2026-07-30,CM,NSE,STK,13175,INE229H01012,NITINSPIN,EQ,,,,,NITIN SPINNERS LIMITED,532.75,544.80,518.45,525.25,524.50,537.60,,525.30,,,80383,42738388.10,3798,F1,1,,,,,
2026-07-30,2026-07-30,CM,NSE,STK,3247,INE439T01012,NITIRAJ,EQ,,,,,NITIRAJ ENGINEERS LTD,222.84,222.84,207.99,213.42,218.95,216.49,,213.42,,,3403,722314.68,108,F1,1,,,,,
2026-07-30,2026-07-30,CM,NSE,STK,762824,INE265B01019,NITTAGELA,EQ,,,,,NITTA GELATIN INDIA LTD.,1845.00,1878.60,1824.40,1832.50,1825.00,1852.60,,1832.40,,,3462,6361645.10,635,F1,1,,,,,
2026-07-30,2026-07-30,CM,NSE,STK,27097,INE995S01015,NIVABUPA,EQ,,,,,NIVA BUPA HEALTH INS CO L,86.14,87.59,85.15,85.92,86.40,85.74,,85.92,,,799302,69117891.55,10608,F1,1,,,,,
2026-07-30,2026-07-30,CM,NSE,STK,2439,INE542C01019,NKIND,EQ,,,,,NK INDUSTRIES LTD,59.65,60.30,58.00,58.62,58.00,59.65,,58.62,,,957,56514.81,19,F1,1,,,,,
2026-07-30,2026-07-30,CM,NSE,STK,8585,INE589A01014,NLCINDIA,EQ,,,,,NLC INDIA LIMITED,296.90,297.05,291.00,291.90,292.30,296.90,,291.90,,,2456351,722265033.40,44331,F1,1,,,,,
2026-07-30,2026-07-30,CM,NSE,STK,15332,INE584A01023,NMDC,EQ,,,,,NMDC LTD.,85.85,86.09,84.71,85.01,85.15,85.85,,85.01,,,12760135,1087284112.33,62217,F1,1,,,,,
2026-07-30,2026-07-30,CM,NSE,STK,14180,INE0NNS01018,NSLNISP,EQ,,,,,NMDC STEEL LIMITED,43.00,43.08,42.54,42.64,42.75,43.06,,42.64,,,1923499,82201420.96,10358,F1,1,,,,,
2026-07-30,2026-07-30,CM,NSE,STK,2442,INE163A01018,NOCIL,EQ,,,,,NOCIL LIMITED,167.20,167.20,159.38,159.68,159.80,166.35,,159.67,,,431297,69690526.50,7326,F1,1,,,,,
2026-07-30,2026-07-30,CM,NSE,STK,11214,INE781B01015,NOIDATOLL,BE,,,,,NOIDA TOLL BRIDGE CO LTD,4.40,4.54,4.24,4.31,4.31,4.45,,4.31,,,92670,403294.16,207,F1,1,,,,,
2026-07-30,2026-07-30,CM,NSE,STK,4160,INE369C01017,NORBTEAEXP,EQ,,,,,NORBEN TEA & EXPORTS LTD,65.88,69.80,64.30,68.32,69.80,67.57,,68.39,,,3198,214503.18,61,F1,1,,,,,
2026-07-30,2026-07-30,CM,NSE,STK,13533,INE553C01016,NECCLTD,BE,,,,,NORTH EAST CARRY CORP LTD,14.86,15.44,14.86,15.05,15.19,15.24,,15.05,,,13585,205375.95,80,F1,1,,,,,
2026-07-30,2026-07-30,CM,NSE,STK,25426,INE850M01015,NORTHARC,EQ,,,,,NORTHERN ARC CAPITAL LTD,289.90,289.90,283.15,285.90,287.00,288.80,,285.90,,,571626,163907242.50,10440,F1,1,,,,,
2026-07-30,2026-07-30,CM,NSE,STK,22478,INE02H701025,NOVAAGRI,BE,,,,,NOVA AGRITECH LIMITED,23.25,23.25,22.06,22.93,22.95,23.12,,22.95,,,40524,918695.93,239,F1,1,,,,,
2026-07-30,2026-07-30,CM,NSE,STK,9007,INE234A01025,NOVARTIND,EQ,,,,,NOVARTIS INDIA LIMITED,1610.00,1657.80,1569.40,1575.50,1583.90,1595.90,,1575.40,,,26460,42580776.60,4916,F1,1,,,,,
2026-07-30,2026-07-30,CM,NSE,STK,7553,INE349A01021,NRBBEARING,EQ,,,,,NRB BEARING LIMITED,427.25,427.25,412.60,416.15,416.30,426.95,,416.20,,,245116,102205464.80,8980,F1,1,,,,,
2026-07-30,2026-07-30,CM,NSE,STK,29733,INE047O01014,NIBL,EQ,,,,,NRB INDUS. BEARINGS LTD.,36.84,38.10,35.16,35.91,36.50,37.56,,35.91,,,80854,3033900.21,9055,F1,1,,,,,
2026-07-30,2026-07-30,CM,NSE,STK,27176,INE0ONG01011,NTPCGREEN,EQ,,,,,NTPC GREEN ENERGY LIMITED,91.50,91.95,90.00,90.61,90.50,91.48,,90.62,,,5131099,467644150.58,43901,F1,1,,,,,
2026-07-30,2026-07-30,CM,NSE,STK,11630,INE733E01010,NTPC,EQ,,,,,NTPC LTD,343.50,347.65,341.85,344.85,345.15,343.50,,344.85,,,9943764,3429514465.05,109364,F1,1,,,,,
2026-07-30,2026-07-30,CM,NSE,STK,10791,INE096B01018,NUCLEUS,EQ,,,,,NUCLEUS SOFTWARE EXPORTS,742.00,766.00,732.50,738.15,738.00,741.10,,738.10,,,110341,82839613.05,5973,F1,1,,,,,
2026-07-30,2026-07-30,CM,NSE,STK,13680,INE0JM501013,NRL,BE,,,,,NUPUR RECYCLERS LIMITED,103.00,104.50,103.00,104.50,104.50,103.30,,104.50,,,52626,5443245.71,119,F1,1,,,,,
2026-07-30,2026-07-30,CM,NSE,STK,2350,INE0DSF01015,NURECA,EQ,,,,,NURECA LIMITED,322.50,327.59,317.31,322.21,321.00,326.79,,322.22,,,15318,4961426.33,678,F1,1,,,,,
2026-07-30,2026-07-30,CM,NSE,STK,18721,INE531F01023,NUVAMA,EQ,,,,,NUVAMA WEALTH MANAGE LTD,1827.00,1834.60,1782.50,1793.40,1799.00,1827.20,,1793.50,,,119497,216112525.70,12539,F1,1,,,,,
2026-07-30,2026-07-30,CM,NSE,STK,5426,INE118D01016,NUVOCO,EQ,,,,,NUVOCO VISTAS CORP LTD,353.00,353.90,347.55,349.20,350.00,351.75,,349.15,,,201243,70401800.20,7525,F1,1,,,,,
2026-07-30,2026-07-30,CM,NSE,STK,8797,INE426Z01016,OBCL,EQ,,,,,OBCL LIMITED,52.41,53.39,51.35,52.43,53.31,52.41,,52.59,,,4000,209815.70,114,F1,1,,,,,
2026-07-30,2026-07-30,CM,NSE,STK,20242,INE093I01010,OBEROIRLTY,EQ,,,,,OBEROI REALTY LIMITED,1844.00,1844.00,1803.30,1814.40,1815.00,1836.50,,1814.40,,,170742,309804248.50,25363,F1,1,,,,,
2026-07-30,2026-07-30,CM,NSE,STK,25923,INE0YHV01011,OBSCP,SM,,,,,OBSC PERFECTION LIMITED,606.00,606.00,580.00,594.15,595.00,604.00,,594.15,,,24800,14617760.00,60,F1,400,,,,,
2026-07-30,2026-07-30,CM,NSE,STK,25920,INE0PK601023,OCCLLTD,BE,,,,,OCCL LIMITED,151.00,158.32,149.55,158.12,158.32,150.79,,158.32,,,216494,33893223.04,620,F1,1,,,,,
2026-07-30,2026-07-30,CM,NSE,STK,27575,INE054301028,ODIGMA,BE,,,,,ODIGMA CONSULTANCY SOL L,22.44,22.85,22.30,22.48,22.69,22.86,,22.48,,,6781,153270.68,173,F1,1,,,,,
2026-07-30,2026-07-30,CM,NSE,STK,2475,INE213A01029,ONGC,EQ,,,,,OIL AND NATURAL GAS CORP.,239.50,244.39,239.06,241.59,241.30,238.31,,241.59,,,11419363,2768651825.54,103469,F1,1,,,,,
2026-07-30,2026-07-30,CM,NSE,STK,8109,INE591A01010,OILCOUNTUB,BE,,,,,OIL COUNTRY TUBULAR LTD.,55.01,57.80,55.01,56.40,56.10,57.00,,56.01,,,7260,411383.57,57,F1,1,,,,,
2026-07-30,2026-07-30,CM,NSE,STK,17438,INE274J01014,OIL,EQ,,,,,OIL INDIA LTD,448.00,459.25,447.10,456.90,457.25,447.90,,456.90,,,1592950,726067356.65,26171,F1,1,,,,,
2026-07-30,2026-07-30,CM,NSE,STK,24777,INE0LXG01040,OLAELEC,EQ,,,,,OLA ELECTRIC MOBILITY LTD,38.10,38.18,37.60,37.78,37.72,38.40,,37.78,,,22050264,834437448.38,51353,F1,1,,,,,
2026-07-30,2026-07-30,CM,NSE,STK,10637,INE260D01016,OLECTRA,EQ,,,,,OLECTRA GREENTECH LIMITED,1328.00,1345.00,1314.00,1327.00,1323.00,1330.10,,1327.00,,,211693,280975028.70,13022,F1,1,,,,,
2026-07-30,2026-07-30,CM,NSE,STK,759412,INE1BZC01019,OMFREIGHT,BE,,,,,OM FREIGHT FORWARDERS LTD,91.35,91.35,87.50,88.87,89.00,91.35,,88.79,,,9990,884082.86,145,F1,1,,,,,
2026-07-30,2026-07-30,CM,NSE,STK,24231,INE239D01028,OMINFRAL,EQ,,,,,OM INFRA LIMITED,89.51,89.88,87.52,88.01,87.94,89.91,,88.01,,,69237,6140422.88,1468,F1,1,,,,,
2026-07-30,2026-07-30,CM,NSE,STK,762432,INE25E901019,OMPOWER,EQ,,,,,OM POWER TRANSMISSION LTD,164.00,164.51,158.40,159.16,160.20,164.07,,159.17,,,95665,15383775.76,1675,F1,1,,,,,
2026-07-30,2026-07-30,CM,NSE,STK,14125,INE090B01011,OMAXAUTO,BE,,,,,OMAX AUTOS LTD,192.00,193.00,186.25,186.40,186.25,196.05,,186.38,,,144480,26964102.31,722,F1,1,,,,,
2026-07-30,2026-07-30,CM,NSE,STK,14853,INE800H01010,OMAXE,EQ,,,,,OMAXE LIMITED,85.85,87.13,84.95,85.63,85.45,85.53,,85.63,,,214103,18370468.25,1883,F1,1,,,,,
2026-07-30,2026-07-30,CM,NSE,STK,120,INE338Y01016,OMFURN,ST,,,,,OMFURN INDIA LIMITED,63.85,64.85,63.00,64.40,64.85,62.35,,64.40,,,14400,918780.00,12,F1,1200,,,,,
2026-07-30,2026-07-30,CM,NSE,STK,760865,INE0UH301010,OMNI,EQ,,,,,OMNITECH ENGINEERING LTD,592.50,596.30,577.00,585.60,585.50,597.80,,585.60,,,148243,86638416.65,7898,F1,1,,,,,
2026-07-30,2026-07-30,CM,NSE,STK,19692,INE00ER01015,ONDOOR,SM,,,,,ON DOOR CONCEPTS LIMITED,270.05,275.00,266.00,268.80,266.05,267.75,,268.80,,,7500,2030835.00,24,F1,300,,,,,
2026-07-30,2026-07-30,CM,NSE,STK,6705,INE982J01020,PAYTM,EQ,,,,,ONE 97 COMMUNICATIONS LTD,1331.80,1350.20,1317.10,1332.50,1330.90,1330.00,,1332.50,,,2761482,3682563081.70,56494,F1,1,,,,,
2026-07-30,2026-07-30,CM,NSE,STK,28046,INE0HLU01028,MOBIKWIK,EQ,,,,,ONE MOBIKWIK SYSTEMS LTD,203.00,203.00,198.08,198.73,199.40,202.03,,198.74,,,465507,93247499.25,5748,F1,1,,,,,
2026-07-30,2026-07-30,CM,NSE,STK,9939,INE840Y01029,ONEPOINT,EQ,,,,,ONE POINT ONE SOL LTD,56.23,57.37,56.07,57.08,56.99,56.57,,57.08,,,878679,50034186.12,2966,F1,1,,,,,
2026-07-30,2026-07-30,CM,NSE,STK,19433,INE0OPS01011,OLIL,ST,,,,,ONECLICK LOGISTICS IND L,424.95,427.00,413.95,427.00,427.00,428.00,,427.00,,,3200,1349540.00,7,F1,400,,,,,
2026-07-30,2026-07-30,CM,NSE,STK,25496,INE912L01015,ONELIFECAP,BE,,,,,ONELIFE CAP ADVISORS LTD,37.37,38.00,35.34,36.02,36.87,37.19,,36.04,,,58084,2074288.11,126,F1,1,,,,,
2026-07-30,2026-07-30,CM,NSE,STK,763294,INE12F801023,KISSHT,EQ,,,,,ONEMI TECHNOLOGY SOL LTD,343.45,344.00,309.10,317.55,319.50,343.45,,317.55,,,5248098,1707447680.65,88223,F1,1,,,,,
2026-07-30,2026-07-30,CM,NSE,STK,29224,INE013P01021,ONESOURCE,EQ,,,,,ONESOURCE SPECL PHARMA L,1737.30,1741.00,1660.90,1688.30,1688.00,1749.70,,1688.00,,,163785,279923027.30,16694,F1,1,,,,,
2026-07-30,2026-07-30,CM,NSE,STK,6853,INE831A01028,ONIDA,BE,,,,,ONIDA ELECTRONICS LIMITED,37.60,38.10,37.25,37.66,37.35,37.48,,37.51,,,212145,7978380.96,335,F1,1,,,,,
2026-07-30,2026-07-30,CM,NSE,STK,15282,INE809I01019,ONMOBILE,BE,,,,,ONMOBILE GLOBAL LTD.,63.00,63.00,61.60,61.86,61.98,62.10,,61.81,,,27860,1739605.15,208,F1,1,,,,,
2026-07-30,2026-07-30,CM,NSE,STK,2481,INE229A01017,ONWARDTEC,EQ,,,,,ONWARD TECHNOLOGIES LTD,298.90,300.45,290.00,293.95,299.95,297.85,,293.90,,,50998,15029589.70,1260,F1,1,,,,,
2026-07-30,2026-07-30,CM,NSE,STK,27143,INE0WVU01018,ONYX,ST,,,,,ONYX BIOTEC LIMITED,44.90,44.90,44.10,44.90,44.90,42.80,,44.90,,,464000,20830500.00,75,F1,2000,,,,,
2026-07-30,2026-07-30,CM,NSE,STK,21469,INE350C01017,OPTIEMUS,EQ,,,,,OPTIEMUS INFRACOM LTD,619.00,627.50,606.75,618.85,614.10,624.80,,618.85,,,110844,68493674.00,5698,F1,1,,,,,
2026-07-30,2026-07-30,CM,NSE,STK,758900,INE15B101011,OPTIVALUE,SM,,,,,OPTIVALUE TEK CONSULT LTD,158.20,160.90,141.05,154.55,156.95,156.70,,154.55,,,640000,95739680.00,285,F1,1600,,,,,
2026-07-30,2026-07-30,CM,NSE,STK,10738,INE881D01027,OFSS,EQ,,,,,ORACLE FIN SERV SOFT LTD.,11424.00,11497.00,11082.00,11136.00,11158.00,11427.00,,11136.00,,,221089,2493206939.00,32616,F1,1,,,,,
2026-07-30,2026-07-30,CM,NSE,STK,31479,INE231G01010,ORBTEXP,BE,,,,,ORBIT EXPORTS LIMITED,253.00,253.00,233.00,234.70,239.99,243.44,,234.73,,,4030,963462.16,84,F1,1,,,,,
2026-07-30,2026-07-30,CM,NSE,STK,29492,INE215B01022,ORCHASP,EQ,,,,,ORCHASP LIMITED,1.70,1.70,1.49,1.51,1.52,1.67,,1.51,,,755480,1156669.34,506,F1,1,,,,,
2026-07-30,2026-07-30,CM,NSE,STK,926,INE191A01027,ORCHPHARMA,EQ,,,,,ORCHID PHARMA LIMITED,1004.00,1009.00,982.25,1000.25,1000.00,1001.45,,1000.25,,,36314,36205003.95,4097,F1,1,,,,,
2026-07-30,2026-07-30,CM,NSE,STK,17882,INE0OUT01019,ORIANA,SM,,,,,ORIANA POWER LIMITED,1349.00,1428.00,1342.30,1412.30,1404.05,1359.50,,1412.30,,,57150,79431525.00,654,F1,75,,,,,
2026-07-30,2026-07-30,CM,NSE,STK,10159,INE730A01022,ORICONENT,EQ,,,,,ORICON ENTERPRISES LTD,54.60,55.60,52.20,53.22,53.80,53.95,,53.17,,,27076,1458660.40,745,F1,1,,,,,
2026-07-30,2026-07-30,CM,NSE,STK,14278,INE607D01018,ORIENTBELL,EQ,,,,,ORIENT BELL LIMITED,318.05,323.45,316.10,321.10,322.05,318.05,,321.10,,,5908,1894629.00,233,F1,1,,,,,
2026-07-30,2026-07-30,CM,NSE,STK,30089,INE876N01018,ORIENTCEM,EQ,,,,,ORIENT CEMENT LTD.,137.22,137.50,134.47,136.57,135.40,137.55,,136.57,,,278800,37890523.91,2577,F1,1,,,,,
2026-07-30,2026-07-30,CM,NSE,STK,13111,INE569C01020,ORIENTCER,EQ,,,,,ORIENT CERATECH LIMITED,40.07,40.73,39.50,39.75,39.60,40.07,,39.75,,,14548,578711.17,363,F1,1,,,,,
2026-07-30,2026-07-30,CM,NSE,STK,2972,INE142Z01019,ORIENTELEC,EQ,,,,,ORIENT ELECTRIC LIMITED,172.20,174.75,171.00,173.02,173.19,173.66,,173.02,,,221622,38325097.93,4372,F1,1,,,,,
2026-07-30,2026-07-30,CM,NSE,STK,20110,INE999K01014,GREENPOWER,EQ,,,,,ORIENT GREEN POWER CO LTD,9.80,9.94,9.80,9.83,9.84,9.89,,9.83,,,1231505,12139981.99,2921,F1,1,,,,,
2026-07-30,2026-07-30,CM,NSE,STK,2493,INE750A01020,ORIENTHOT,EQ,,,,,ORIENT HOTELS LTD,134.85,135.00,131.84,132.76,133.98,134.98,,132.75,,,204959,27337557.53,2633,F1,1,,,,,
2026-07-30,2026-07-30,CM,NSE,STK,2496,INE592A01026,ORIENTPPR,EQ,,,,,ORIENT PAPER AND INDS LTD,17.50,17.59,17.30,17.38,17.30,17.51,,17.38,,,126654,2208650.91,554,F1,1,,,,,
2026-07-30,2026-07-30,CM,NSE,STK,18211,INE609C01024,ORIENTLTD,BE,,,,,ORIENT PRESS LIMITED,82.80,82.80,79.42,79.42,79.42,83.59,,78.87,,,3732,298304.01,66,F1,1,,,,,
2026-07-30,2026-07-30,CM,NSE,STK,24961,INE0PPK01015,ORIENTTECH,EQ,,,,,ORIENT TECHNOLOGIES LTD,267.66,272.00,264.61,270.34,268.72,267.65,,270.34,,,188107,50412393.78,4836,F1,1,,,,,
2026-07-30,2026-07-30,CM,NSE,STK,10768,INE959C01023,OAL,EQ,,,,,ORIENTAL AROMATICS LTD,399.90,400.00,378.00,380.85,380.00,398.45,,380.80,,,37957,14663865.60,1960,F1,1,,,,,
2026-07-30,2026-07-30,CM,NSE,STK,14346,INE998H01012,ORIENTALTL,EQ,,,,,ORIENTAL TRIMEX LTD,5.22,5.37,5.22,5.23,5.25,5.27,,5.23,,,39980,209646.07,154,F1,1,,,,,
2026-07-30,2026-07-30,CM,NSE,STK,19931,INE725E01024,ORISSAMINE,EQ,,,,,ORISSA MIN DEV CO LTD,4010.00,4160.00,3989.00,4085.20,4089.00,4036.90,,4084.00,,,16934,69276981.10,3605,F1,1,,,,,
2026-07-30,2026-07-30,CM,NSE,STK,759569,INE16NZ01023,ORKLAINDIA,EQ,,,,,ORKLA INDIA LIMITED,565.00,573.05,555.15,560.85,560.00,565.55,,560.85,,,84363,47539008.20,7269,F1,1,,,,,
2026-07-30,2026-07-30,CM,NSE,STK,13321,INE849L01019,ORTEL,BZ,,,,,ORTEL COMMUNICATIONS LTD,1.78,1.78,1.71,1.71,1.71,1.79,,1.71,,,2369,4116.94,15,F1,1,,,,,
2026-07-30,2026-07-30,CM,NSE,STK,2980,INE749B01020,ORTINGLOBE,BE,,,,,ORTIN GLOBAL LIMITED,15.64,15.64,14.90,14.92,14.90,14.90,,14.93,,,3312,49976.89,181,F1,1,,,,,
2026-07-30,2026-07-30,CM,NSE,STK,25386,INE0RMF01018,OSELDEVICE,SM,,,,,OSEL DEVICES LIMITED,426.80,426.80,411.20,422.10,422.50,413.55,,422.10,,,9200,3862780.00,31,F1,200,,,,,
2026-07-30,2026-07-30,CM,NSE,STK,12643,INE06IR01021,OSIAHYPER,BE,,,,,OSIA HYPER RETAIL LIMITED,2.94,2.94,2.85,2.88,2.89,2.91,,2.88,,,353145,1019313.07,347,F1,1,,,,,
2026-07-30,2026-07-30,CM,NSE,STK,2514,INE142A01012,OSWALAGRO,EQ,,,,,OSWAL AGRO MILLS LTD,38.00,40.00,37.52,37.97,38.11,38.24,,37.97,,,61816,2374854.52,364,F1,1,,,,,
2026-07-30,2026-07-30,CM,NSE,STK,471,INE143A01010,OSWALGREEN,EQ,,,,,OSWAL GREENTECH LIMITED,20.49,22.80,20.36,21.35,21.24,20.13,,21.35,,,3091161,67999799.98,8679,F1,1,,,,,
2026-07-30,2026-07-30,CM,NSE,STK,756802,INE0BYP01024,OSWALPUMPS,EQ,,,,,OSWAL PUMPS LIMITED,343.55,344.00,331.10,334.00,332.00,344.50,,333.80,,,506755,170451047.65,10675,F1,1,,,,,
2026-07-30,2026-07-30,CM,NSE,STK,22914,INE0R8M01017,OWAIS,ST,,,,,OWAIS METAL & MINERAL,99.45,99.45,96.00,97.00,97.00,99.45,,97.00,,,7300,707920.00,36,F1,100,,,,,
2026-07-30,2026-07-30,CM,NSE,STK,25312,INE953R01016,PNGJL,EQ,,,,,P N GADGIL JEWELLERS LTD,674.80,684.00,660.00,666.15,661.30,670.15,,666.10,,,970169,653391662.90,28175,F1,1,,,,,
2026-07-30,2026-07-30,CM,NSE,STK,29665,INE0XUS01020,PSRAJ,ST,,,,,P S RAJ STEELS LIMITED,88.50,90.00,88.50,90.00,90.00,90.05,,90.00,,,27500,2459875.00,8,F1,2500,,,,,
2026-07-30,2026-07-30,CM,NSE,STK,2535,INE179A01014,PGHH,EQ,,,,,P&G HYGIENE & HEALTH CARE,8605.00,8645.50,8437.50,8477.00,8478.00,8598.50,,8477.00,,,72275,615234597.00,7490,F1,1,,,,,
2026-07-30,2026-07-30,CM,NSE,STK,8735,INE0KN801013,PROPEQUITY,SM,,,,,P. E. ANALYTICS LIMITED,212.20,212.20,212.00,212.00,212.00,216.00,,212.00,,,1800,381720.00,2,F1,600,,,,,
2026-07-30,2026-07-30,CM,NSE,STK,759342,INE0S3G01027,PACEDIGITK,EQ,,,,,PACE DIGITEK LIMITED,197.55,204.45,195.00,203.34,203.70,197.55,,203.35,,,1425288,286696948.75,15387,F1,1,,,,,
2026-07-30,2026-07-30,CM,NSE,STK,14413,INE761H01022,PAGEIND,EQ,,,,,PAGE INDUSTRIES LTD,40055.00,41590.00,40055.00,41085.00,41230.00,40270.00,,41085.00,,,34842,1431988020.00,16668,F1,1,,,,,
2026-07-30,2026-07-30,CM,NSE,STK,25468,INE420C01059,PAISALO,EQ,,,,,PAISALO DIGITAL LIMITED,71.46,71.78,69.83,71.06,70.87,71.39,,71.06,,,5986967,424116874.46,12411,F1,1,,,,,
2026-07-30,2026-07-30,CM,NSE,STK,17197,INE551D01018,PAKKA,EQ,,,,,PAKKA LIMITED,70.61,71.84,70.00,70.83,70.99,71.43,,70.82,,,26430,1865841.00,623,F1,1,,,,,
2026-07-30,2026-07-30,CM,NSE,STK,21383,INE471W01019,PALASHSECU,EQ,,,,,PALASH SECURITIES LTD,88.00,88.10,85.00,86.29,85.01,87.54,,86.27,,,773,67405.97,39,F1,1,,,,,
2026-07-30,2026-07-30,CM,NSE,STK,17059,INE218G01033,PALREDTEC,BE,,,,,PALRED TECHNOLOGIES LTD,44.00,46.00,42.60,46.00,46.00,44.80,,45.88,,,3044,136208.10,35,F1,1,,,,,
2026-07-30,2026-07-30,CM,NSE,STK,4055,INE922B01023,PANACEABIO,EQ,,,,,PANACEA BIOTEC LTD,425.00,429.40,406.40,414.45,416.85,423.85,,414.45,,,112177,46593550.75,3555,F1,1,,,,,
2026-07-30,2026-07-30,CM,NSE,STK,16355,INE895W01019,PANACHE,BE,,,,,PANACHE DIGILIFE LIMITED,428.00,428.00,403.30,427.45,428.00,420.00,,427.45,,,8018,3364021.70,1480,F1,1,,,,,
2026-07-30,2026-07-30,CM,NSE,STK,25392,INE305C01029,PANAMAPET,EQ,,,,,PANAMA PETROCHEM LTD,447.75,451.00,432.70,435.40,435.00,447.75,,435.40,,,112884,49766236.85,4012,F1,1,,,,,
2026-07-30,2026-07-30,CM,NSE,STK,6141,INE697V01011,PANSARI,EQ,,,,,PANSARI DEVELOPERS LTD,334.05,337.35,325.55,329.85,334.00,327.50,,329.85,,,4997,1654131.45,700,F1,1,,,,,
2026-07-30,2026-07-30,CM,NSE,STK,5631,INE04LG01015,PAR,EQ,,,,,PAR DRUGS AND CHEM LTD,95.84,102.98,94.01,99.30,99.71,95.84,,99.30,,,19898,1988954.72,439,F1,1,,,,,
2026-07-30,2026-07-30,CM,NSE,STK,9741,INE088F01024,PARADEEP,EQ,,,,,PARADEEP PHOSPHATES LTD,158.00,158.82,151.27,153.38,153.70,156.54,,153.37,,,18735903,2881580378.12,101248,F1,1,,,,,
2026-07-30,2026-07-30,CM,NSE,STK,17130,INE883N01014,PARAGMILK,EQ,,,,,PARAG MILK FOODS LTD.,217.00,217.49,213.00,213.92,214.75,216.56,,213.92,,,215230,46175142.30,4218,F1,1,,,,,
2026-07-30,2026-07-30,CM,NSE,STK,19779,INE0N4G01012,PARAGON,SM,,,,,PARAGON FINE S.C. LTD.,49.80,49.95,47.45,49.85,49.90,49.15,,49.85,,,25200,1237380.00,16,F1,1200,,,,,
2026-07-30,2026-07-30,CM,NSE,STK,13951,INE074B01023,PARACABLES,EQ,,,,,PARAMOUNT COMM LTD,63.35,64.50,62.50,62.69,62.75,63.48,,62.69,,,760767,48166366.11,4276,F1,1,,,,,
2026-07-30,2026-07-30,CM,NSE,STK,25431,INE0Q6001012,PSFL,SM,,,,,PARAMOUNT SPECIALI FORG L,31.50,31.50,31.10,31.10,31.10,31.10,,31.10,,,8000,251200.00,2,F1,2000,,,,,
2026-07-30,2026-07-30,CM,NSE,STK,5911,INE045601023,PARAS,EQ,,,,,PARAS DEF AND SPCE TECH L,1210.60,1222.00,1192.00,1212.40,1214.00,1212.40,,1212.40,,,581633,702285992.80,23974,F1,1,,,,,
2026-07-30,2026-07-30,CM,NSE,STK,3972,INE162C01024,PARASPETRO,EQ,,,,,PARAS PETROFILS LTD.,2.54,2.56,2.37,2.45,2.48,2.49,,2.45,,,538961,1306968.68,528,F1,1,,,,,
2026-07-30,2026-07-30,CM,NSE,STK,5460,INE00U801010,PARIN,SM,,,,,PARIN ENTERPRISES LIMITED,719.00,728.00,700.00,723.40,721.10,729.00,,723.40,,,10750,7658250.00,6,F1,250,,,,,
2026-07-30,2026-07-30,CM,NSE,STK,760351,INE119201023,PARKHOSPS,EQ,,,,,PARK MEDI WORLD LIMITED,279.00,283.85,278.05,279.30,279.30,279.25,,279.30,,,296062,83408354.80,7263,F1,1,,,,,
2026-07-30,2026-07-30,CM,NSE,STK,22649,INE988S01028,PARKHOTELS,EQ,,,,,PARKHOTELS,122.25,122.80,120.25,121.04,120.76,121.64,,121.01,,,139939,16920825.10,871,F1,1,,,,,
2026-07-30,2026-07-30,CM,NSE,STK,13795,INE561H01026,PARSVNATH,BE,,,,,PARSVNATH DEVELOPER LTD,1.83,1.83,1.83,1.83,1.83,1.86,,1.83,,,68320,125025.60,125,F1,1,,,,,
2026-07-30,2026-07-30,CM,NSE,STK,758217,INE1H7V01011,PARTH,SM,,,,,PARTH ELEC & ENG LTD,489.00,489.00,480.00,483.00,483.00,489.00,,483.00,,,2400,1164800.00,6,F1,400,,,,,
2026-07-30,2026-07-30,CM,NSE,STK,2599,INE06ZX01015,PARTYCRUS,SM,,,,,PARTY CRUISERS LIMITED,88.00,88.00,88.00,88.00,88.00,90.05,,88.00,,,2000,176000.00,2,F1,1000,,,,,
2026-07-30,2026-07-30,CM,NSE,STK,757955,INE124Y01028,PASHUPATI,EQ,,,,,PASHUPATI COTSPIN LIMITED,87.13,87.43,86.07,86.24,86.49,86.53,,86.24,,,13574,1174686.03,754,F1,1,,,,,
2026-07-30,2026-07-30,CM,NSE,STK,6048,INE818B01023,PASUPTAC,BE,,,,,PASUPATI ACRYLON LIMITED,58.69,60.19,58.00,58.08,58.70,58.02,,58.07,,,49196,2912986.50,330,F1,1,,,,,
2026-07-30,2026-07-30,CM,NSE,STK,17029,INE619A01035,PATANJALI,EQ,,,,,PATANJALI FOODS LIMITED,357.35,361.80,354.35,356.35,354.45,357.15,,356.35,,,5222468,1866705053.00,41882,F1,1,,,,,
2026-07-30,2026-07-30,CM,NSE,STK,11699,INE244B01030,PATELENG,EQ,,,,,PATEL ENGINEERING LTD.,27.83,27.87,27.28,27.38,27.44,27.80,,27.38,,,3434230,94495015.32,9683,F1,1,,,,,
2026-07-30,2026-07-30,CM,NSE,STK,15223,INE529D01014,PATINTLOG,BE,,,,,PATEL INT. LOG. LTD,14.30,14.30,13.86,13.96,14.00,14.34,,13.97,,,25425,356117.25,113,F1,1,,,,,
2026-07-30,2026-07-30,CM,NSE,STK,759439,INE0R8B01010,PATELRMART,EQ,,,,,PATEL RETAIL LIMITED,224.90,225.22,221.10,223.82,224.00,223.30,,223.96,,,67391,15055568.20,2265,F1,1,,,,,
2026-07-30,2026-07-30,CM,NSE,STK,756966,INE17GV01016,PATILAUTOM,ST,,,,,PATIL AUTOMATION LIMITED,188.00,190.00,185.00,187.30,187.00,188.00,,187.30,,,85200,15959340.00,64,F1,600,,,,,
2026-07-30,2026-07-30,CM,NSE,STK,762834,INE291E01019,PML,EQ,,,,,PAUL MERCHANTS LTD.,496.95,503.90,490.00,497.30,499.90,486.25,,496.90,,,83,41034.40,12,F1,1,,,,,
2026-07-30,2026-07-30,CM,NSE,STK,759969,INE111F01024,PAUSHAKLTD,EQ,,,,,PAUSHAK LIMITED,592.00,625.40,569.70,605.00,601.05,582.45,,604.90,,,126599,76898064.10,6528,F1,1,,,,,
2026-07-30,2026-07-30,CM,NSE,STK,16192,INE07S101038,PAVNAIND,EQ,,,,,PAVNA INDUSTRIES LIMITED,18.70,19.15,17.61,18.00,17.72,18.66,,18.00,,,63284,1149132.17,452,F1,1,,,,,
2026-07-30,2026-07-30,CM,NSE,STK,6656,INE417T01026,POLICYBZR,EQ,,,,,PB FINTECH LIMITED,1600.00,1606.30,1580.20,1593.50,1594.00,1611.20,,1593.50,,,745800,1187275034.80,32918,F1,1,,,,,
2026-07-30,2026-07-30,CM,NSE,STK,29124,INE785M01021,PCJEWELLER,EQ,,,,,PC JEWELLER LTD,9.14,9.18,8.98,9.12,9.13,9.10,,9.12,,,109510743,993636489.28,45499,F1,1,,,,,
2026-07-30,2026-07-30,CM,NSE,STK,2649,INE602A01031,PCBL,EQ,,,,,PCBL CHEMICAL LIMITED,362.95,363.10,325.75,328.00,326.90,365.70,,328.00,,,13415979,4570431623.35,175107,F1,1,,,,,
2026-07-30,2026-07-30,CM,NSE,STK,5264,INE111Q01021,PDSL,EQ,,,,,PDS LIMITED,363.95,363.95,340.35,345.05,347.25,350.30,,345.00,,,183823,63763147.75,4958,F1,1,,,,,
2026-07-30,2026-07-30,CM,NSE,STK,14260,INE940H01022,PGIL,EQ,,,,,PEARL GLOBAL IND LIMITED,2067.80,2072.00,2013.10,2028.00,2015.20,2060.60,,2028.00,,,40552,82800532.50,5040,F1,1,,,,,
2026-07-30,2026-07-30,CM,NSE,STK,8188,INE844A01013,PEARLPOLY,BE,,,,,PEARL POLYMERS LTD,17.13,17.87,16.56,17.20,17.30,17.13,,17.20,,,4034,68476.42,43,F1,1,,,,,
2026-07-30,2026-07-30,CM,NSE,STK,25408,INE0VG601013,PELATRO,SM,,,,,PELATRO LIMITED,269.45,273.00,269.45,270.00,270.00,260.50,,270.00,,,3300,891360.00,10,F1,300,,,,,
2026-07-30,2026-07-30,CM,NSE,STK,5358,INE138A01028,PENINLAND,BE,,,,,PENINSULA LAND LIMITED,15.80,15.87,15.77,15.80,15.80,16.09,,15.82,,,72142,1139806.96,76,F1,1,,,,,
2026-07-30,2026-07-30,CM,NSE,STK,20621,INE932A01024,PENIND,EQ,,,,,PENNAR INDUSTRIES LTD,168.45,169.85,164.22,166.62,165.86,167.67,,166.58,,,145946,24246007.91,3099,F1,1,,,,,
2026-07-30,2026-07-30,CM,NSE,STK,17132,INE0ORS01017,PENTAGON,SM,,,,,PENTAGON RUBBER LIMITED,54.95,54.95,54.95,54.95,54.95,52.95,,54.95,,,1000,54950.00,1,F1,1000,,,,,
2026-07-30,2026-07-30,CM,NSE,STK,18365,INE262H01021,PERSISTENT,EQ,,,,,PERSISTENT SYSTEMS LTD,5483.30,5698.00,5468.40,5514.70,5505.00,5483.30,,5514.60,,,1194100,6694729814.50,95055,F1,1,,,,,
2026-07-30,2026-07-30,CM,NSE,STK,24290,INE998U01015,PCCL,SM,,,,,PETRO CARBON AND CHEMI L,280.00,290.00,275.00,287.75,290.00,277.15,,287.75,,,18000,5130220.00,42,F1,400,,,,,
2026-07-30,2026-07-30,CM,NSE,STK,11351,INE347G01014,PETRONET,EQ,,,,,PETRONET LNG LIMITED,277.05,281.35,275.10,278.90,279.00,277.10,,278.90,,,1819061,507411973.90,28613,F1,1,,,,,
2026-07-30,2026-07-30,CM,NSE,STK,760801,INE134E07DP0,7PFCL31,N3,,,,,PFCL 7.00% 2031 SR I,975.01,975.01,975.01,975.01,975.01,975.01,,975.01,,,10,9750.10,1,F1,1,,,,,
2026-07-30,2026-07-30,CM,NSE,STK,760804,INE134E07DO3,720PFCL36,N6,,,,,PFCL 7.20% 2036 SR II,1021.00,1021.00,1010.00,1010.00,1010.00,1021.00,,1010.00,,,25,25272.00,2,F1,1,,,,,
2026-07-30,2026-07-30,CM,NSE,STK,760810,INE134E07DU0,730PFCL41,NC,,,,,PFCL 7.30% 2041 SR IV,977.06,980.00,977.06,980.00,980.00,980.00,,980.00,,,15,14670.60,3,F1,1,,,,,
2026-07-30,2026-07-30,CM,NSE,STK,2643,INE182A01018,PFIZER,EQ,,,,,PFIZER LTD,4750.00,4811.50,4728.90,4801.30,4800.00,4755.10,,4801.30,,,27710,132693778.40,7690,F1,1,,,,,
2026-07-30,2026-07-30,CM,NSE,STK,25358,INE457L01029,PGEL,EQ,,,,,PG ELECTROPLAST LTD,614.20,622.65,606.30,613.00,615.00,612.45,,613.00,,,1580725,969421216.50,29489,F1,1,,,,,
2026-07-30,2026-07-30,CM,NSE,STK,11612,INE0MLZ01019,PHANTOMFX,SM,,,,,PHANTOM DIGITAL EFF LTD,173.00,175.00,169.00,170.95,170.95,173.15,,170.95,,,18300,3141375.00,51,F1,300,,,,,
2026-07-30,2026-07-30,CM,NSE,STK,25513,INE0FPO01018,PHOGLOBAL,SM,,,,,PHOENIX OVERSEAS LIMITED,16.05,16.05,16.05,16.05,16.05,17.00,,16.05,,,2000,32100.00,1,F1,2000,,,,,
2026-07-30,2026-07-30,CM,NSE,STK,759723,INE0LP301011,PWL,EQ,,,,,PHYSICSWALLAH LIMITED,126.40,127.72,124.48,125.22,126.00,126.55,,125.22,,,1826073,229979761.01,18355,F1,1,,,,,
2026-07-30,2026-07-30,CM,NSE,STK,24184,INE603J01030,PIIND,EQ,,,,,PI INDUSTRIES LTD,2754.00,2783.00,2718.00,2777.30,2780.00,2753.90,,2777.60,,,124403,343136925.00,13525,F1,1,,,,,
2026-07-30,2026-07-30,CM,NSE,STK,757754,INE546C01010,PICCADIL,EQ,,,,,PICCADILY AGRO INDUSTRI L,731.25,734.50,715.65,719.45,721.00,731.25,,719.10,,,89979,65069718.90,8346,F1,1,,,,,
2026-07-30,2026-07-30,CM,NSE,STK,24785,INE0YAL01017,PPSL,SM,,,,,PICTUREPOST STUDIOS LTD,4.30,4.30,3.75,3.75,3.75,4.15,,3.75,,,741000,2898300.00,168,F1,3000,,,,,
2026-07-30,2026-07-30,CM,NSE,STK,2664,INE318A01026,PIDILITIND,EQ,,,,,PIDILITE INDUSTRIES LTD,1636.00,1636.00,1619.10,1629.90,1630.00,1629.90,,1629.70,,,1113810,1813265944.50,36702,F1,1,,,,,
2026-07-30,2026-07-30,CM,NSE,STK,30838,INE600A01035,PILITA,BE,,,,,PIL ITALICA LIFESTYLE LTD,8.59,8.91,8.59,8.63,8.63,8.60,,8.63,,,11794,102802.52,73,F1,1,,,,,
2026-07-30,2026-07-30,CM,NSE,STK,11445,INE417C01014,PILANIINVS,EQ,,,,,PILANI INV & IND COR LTD,4300.90,4335.00,4285.00,4317.70,4335.00,4309.40,,4317.70,,,1043,4488253.30,208,F1,1,,,,,
2026-07-30,2026-07-30,CM,NSE,STK,759820,INE15B701018,PINELABS,EQ,,,,,PINE LABS LIMITED,145.00,145.38,139.51,140.17,140.00,144.64,,140.17,,,13631307,1932526564.04,62951,F1,1,,,,,
2026-07-30,2026-07-30,CM,NSE,STK,13463,INE156C01018,PIONEEREMB,EQ,,,,,PIONEER EMBROIDERIES LTD,23.96,27.35,23.80,25.70,25.30,23.75,,25.69,,,255786,6645687.77,734,F1,1,,,,,
2026-07-30,2026-07-30,CM,NSE,STK,762832,INE746D01014,PIONRINV,BE,,,,,PIONEER INVESTCORP LTD.,86.00,88.67,84.24,85.10,85.10,88.67,,85.10,,,3940,338250.60,37,F1,1,,,,,
2026-07-30,2026-07-30,CM,NSE,STK,759551,INE202B01038,PIRAMALFIN,EQ,,,,,PIRAMAL FINANCE LIMITED,2035.00,2052.70,2014.10,2028.70,2028.10,2043.30,,2028.70,,,121471,246878837.00,19036,F1,1,,,,,
2026-07-30,2026-07-30,CM,NSE,STK,11571,INE0DK501011,PPLPHARMA,EQ,,,,,PIRAMAL PHARMA LIMITED,194.99,202.26,192.60,196.72,196.74,195.68,,196.73,,,22171172,4399093014.44,197829,F1,1,,,,,
2026-07-30,2026-07-30,CM,NSE,STK,14134,INE450D01021,PITTIENG,EQ,,,,,PITTI ENGINEERING LIMITED,978.00,978.00,924.10,928.25,932.80,951.20,,928.30,,,55036,52073615.45,3887,F1,1,,,,,
2026-07-30,2026-07-30,CM,NSE,STK,9087,INE751B01018,PIXTRANS,EQ,,,,,PIX TRANSMISSIONS LIMITED,1729.40,1729.40,1680.00,1690.60,1688.00,1722.40,,1690.60,,,7146,12185453.20,1142,F1,1,,,,,
2026-07-30,2026-07-30,CM,NSE,STK,13920,INE083C01022,PLASTIBLEN,EQ,,,,,PLASTIBLENDS INDIA LTD,188.06,188.19,182.82,184.76,185.50,187.56,,184.76,,,30547,5667591.55,1113,F1,1,,,,,
2026-07-30,2026-07-30,CM,NSE,STK,22930,INE0PT501018,PLATIND,EQ,,,,,PLATINUM INDUSTRIES LTD,239.57,239.99,225.00,226.88,228.90,238.37,,226.85,,,124225,28508278.13,2857,F1,1,,,,,
2026-07-30,2026-07-30,CM,NSE,STK,19461,INE0INJ01017,PLAZACABLE,BE,,,,,PLAZA WIRES LIMITED,42.57,43.00,41.41,42.33,41.41,42.57,,42.33,,,21814,925688.87,114,F1,1,,,,,
2026-07-30,2026-07-30,CM,NSE,STK,8736,INE859A01011,PNBGILTS,EQ,,,,,PNB GILTS LIMITED,83.78,84.20,82.26,82.65,82.26,83.78,,82.65,,,202052,16769453.76,2553,F1,1,,,,,
2026-07-30,2026-07-30,CM,NSE,STK,18908,INE572E01012,PNBHOUSING,EQ,,,,,PNB HOUSING FIN LTD.,1059.70,1061.80,1024.20,1033.10,1033.00,1056.30,,1033.10,,,903379,934651027.40,40952,F1,1,,,,,
2026-07-30,2026-07-30,CM,NSE,STK,9385,INE195J01029,PNCINFRA,EQ,,,,,PNC INFRATECH LTD.,240.00,243.00,237.21,239.63,239.47,240.52,,239.63,,,296798,71114090.63,16549,F1,1,,,,,
2026-07-30,2026-07-30,CM,NSE,STK,760242,INE1RDG01013,PNGSREVA,EQ,,,,,PNGS REVA DIAMOND JEWEL L,452.50,477.70,425.10,432.90,433.00,447.50,,432.90,,,948175,426494648.15,22398,F1,1,,,,,
2026-07-30,2026-07-30,CM,NSE,STK,19036,INE371C01013,PODDARMENT,EQ,,,,,PODDAR PIGMENTS LIMITED,252.00,264.94,252.00,261.11,255.25,255.41,,261.10,,,4736,1217437.51,192,F1,1,,,,,
2026-07-30,2026-07-30,CM,NSE,STK,17651,INE637C01025,POKARNA,EQ,,,,,POKARNA LIMITED,917.00,932.00,909.30,918.00,913.00,920.00,,918.00,,,19194,17635734.40,2368,F1,1,,,,,
2026-07-30,2026-07-30,CM,NSE,STK,25718,INE205C01021,POLYMED,EQ,,,,,POLY MEDICURE LIMITED,1675.00,1682.80,1660.00,1667.20,1660.10,1678.50,,1667.20,,,53413,89330309.80,11301,F1,1,,,,,
2026-07-30,2026-07-30,CM,NSE,STK,9590,INE455K01017,POLYCAB,EQ,,,,,POLYCAB INDIA LIMITED,9047.00,9065.00,8855.00,8896.00,8899.00,9047.00,,8896.00,,,366876,3271565652.00,37747,F1,1,,,,,
2026-07-30,2026-07-30,CM,NSE,STK,2687,INE633B01018,POLYPLEX,EQ,,,,,POLYPLEX CORPORATION LTD,1121.10,1128.75,1100.00,1103.45,1101.00,1121.10,,1103.40,,,46801,52013179.40,3106,F1,1,,,,,
2026-07-30,2026-07-30,CM,NSE,STK,22711,INE517M01028,POLYSIL,SM,,,,,POLYSIL IRRIGATION SYST L,110.00,120.00,110.00,114.90,114.00,112.10,,114.90,,,224000,25700175.00,36,F1,500,,,,,
2026-07-30,2026-07-30,CM,NSE,STK,14385,INE063E01061,POCL,EQ,,,,,PONDY OXIDES & CHEM LTD,530.70,531.80,514.50,527.60,525.00,527.70,,527.60,,,306471,160278267.20,8515,F1,1,,,,,
2026-07-30,2026-07-30,CM,NSE,STK,10661,INE838E01017,PONNIERODE,EQ,,,,,PONNIE SUGARS (ERODE) LTD,306.70,318.95,304.00,305.35,305.95,306.70,,305.40,,,10392,3172965.10,261,F1,1,,,,,
2026-07-30,2026-07-30,CM,NSE,STK,11403,INE511C01022,POONAWALLA,EQ,,,,,POONAWALLA FINCORP LTD,484.50,484.50,472.05,476.90,474.45,481.60,,476.90,,,823341,393273840.20,22386,F1,1,,,,,
2026-07-30,2026-07-30,CM,NSE,STK,23142,INE772T01024,PVSL,EQ,,,,,POPULAR VEHICLES N SER L,110.20,112.25,108.50,108.60,108.50,110.25,,108.59,,,20156,2215466.21,507,F1,1,,,,,
2026-07-30,2026-07-30,CM,NSE,STK,24864,INE0S3H01017,POSITRON,SM,,,,,POSITRON ENERGY LIMITED,173.00,179.00,168.00,169.70,170.00,173.00,,169.70,,,10200,1748670.00,30,F1,300,,,,,
2026-07-30,2026-07-30,CM,NSE,STK,14299,INE134E01011,PFC,EQ,,,,,POWER FIN CORP LTD.,427.10,429.10,423.40,426.25,426.80,427.10,,426.25,,,7767894,3309208339.55,49439,F1,1,,,,,
2026-07-30,2026-07-30,CM,NSE,STK,14977,INE752E01010,POWERGRID,EQ,,,,,POWER GRID CORP. LTD.,283.40,287.10,283.00,285.70,285.35,282.85,,285.70,,,7903593,2255039898.50,104360,F1,1,,,,,
2026-07-30,2026-07-30,CM,NSE,STK,15716,INE557Z01018,PIGL,EQ,,,,,POWER INSTRUMENT (G) LTD,106.42,106.42,100.60,102.23,102.01,105.44,,102.21,,,69086,7104266.39,2488,F1,1,,,,,
2026-07-30,2026-07-30,CM,NSE,STK,10473,INE211R01019,POWERMECH,EQ,,,,,POWER MECH PROJECTS LTD.,2651.00,2687.30,2622.10,2635.30,2632.00,2659.80,,2635.20,,,33159,87903364.60,5682,F1,1,,,,,
2026-07-30,2026-07-30,CM,NSE,STK,3494,INE0GGX23010,PGINVIT,IV,,,,,POWERGRID INFRA. INVITS,101.70,101.70,100.16,101.38,101.40,101.67,,101.38,,,2221863,225120404.61,8083,F1,1,,,,,
2026-07-30,2026-07-30,CM,NSE,STK,761680,INE921L01032,POWERICA,EQ,,,,,POWERICA LIMITED,532.15,538.25,522.55,524.60,525.25,533.70,,524.65,,,94942,50290541.30,4398,F1,1,,,,,
2026-07-30,2026-07-30,CM,NSE,STK,15213,INE095I01015,PPAP,BE,,,,,PPAP AUTOMOTIVE LIMITED,288.00,288.00,275.00,281.77,279.90,282.50,,281.65,,,6413,1802995.30,197,F1,1,,,,,
2026-07-30,2026-07-30,CM,NSE,STK,30134,INE0I0M01023,PRABHA,EQ,,,,,PRABHA ENERGY LIMITED,142.41,144.85,140.00,144.18,144.50,142.42,,144.34,,,14959,2145257.77,333,F1,1,,,,,
2026-07-30,2026-07-30,CM,NSE,STK,762842,INE770A01010,PRADPME,BE,,,,,PRADEEP METALS LTD.,510.00,520.00,506.00,516.80,519.90,515.60,,512.45,,,2360,1215410.95,65,F1,1,,,,,
2026-07-30,2026-07-30,CM,NSE,STK,2705,INE074A01025,PRAJIND,EQ,,,,,PRAJ INDUSTRIES LTD,310.00,311.50,306.70,309.00,308.70,310.15,,309.00,,,312946,96574545.00,8555,F1,1,,,,,
2026-07-30,2026-07-30,CM,NSE,STK,13941,INE505C01016,PRAENG,EQ,,,,,PRAJAY ENG. SYN. LTD.,20.78,20.88,20.00,20.14,20.10,20.78,,20.15,,,45946,933004.31,316,F1,1,,,,,
2026-07-30,2026-07-30,CM,NSE,STK,2708,INE603A01013,PRAKASH,EQ,,,,,PRAKASH INDUSTRIES LTD,125.35,125.89,123.19,123.55,123.90,125.92,,123.56,,,165297,20547625.74,3053,F1,1,,,,,
2026-07-30,2026-07-30,CM,NSE,STK,10299,INE050001010,PPL,BE,,,,,PRAKASH PIPES LIMITED,270.50,275.00,259.00,269.20,270.50,270.60,,269.20,,,29967,8023163.15,424,F1,1,,,,,
2026-07-30,2026-07-30,CM,NSE,STK,19599,INE696K01024,PRAKASHSTL,EQ,,,,,PRAKASH STEELAGE LTD,4.01,4.08,4.00,4.01,4.02,4.01,,4.01,,,65773,264550.05,205,F1,1,,,,,
2026-07-30,2026-07-30,CM,NSE,STK,18514,INE0O7A01017,PRAMARA,SM,,,,,PRAMARA PROMOTIONS LTD,120.85,127.85,120.85,127.85,127.85,122.30,,127.85,,,30000,3729650.00,44,F1,500,,,,,
2026-07-30,2026-07-30,CM,NSE,STK,21840,INE393P01035,DIAMONDYD,EQ,,,,,PRATAAP SNACKS LIMITED,1115.90,1129.80,1098.60,1125.20,1125.00,1126.60,,1125.20,,,16535,18386829.10,1153,F1,1,,,,,
2026-07-30,2026-07-30,CM,NSE,STK,23113,INE0QA601016,PRATHAM,SM,,,,,PRATHAM EPC PROJECTS LTD,114.00,114.00,114.00,114.00,114.00,114.00,,114.00,,,4000,456000.00,9,F1,400,,,,,
2026-07-30,2026-07-30,CM,NSE,STK,762844,INE722B01019,PRAVEG,EQ,,,,,PRAVEG LTD.,292.80,292.80,281.00,285.18,284.25,288.71,,285.18,,,30750,8751527.33,991,F1,1,,,,,
2026-07-30,2026-07-30,CM,NSE,STK,1216,INE546Y01022,PRAXIS,BE,,,,,PRAXIS HOME RETAIL LTD,6.75,6.94,6.40,6.44,6.44,6.62,,6.45,,,194223,1268625.35,157,F1,1,,,,,
2026-07-30,2026-07-30,CM,NSE,STK,12603,INE484I01029,PRECAM,EQ,,,,,PRECISION CAMSHAFTS LTD.,139.00,145.00,138.50,141.61,143.50,139.23,,141.65,,,335960,47843389.55,5775,F1,1,,,,,
2026-07-30,2026-07-30,CM,NSE,STK,7963,INE0HKW01018,PRECISION,ST,,,,,PRECISION METALIKS LTD,7.60,7.75,7.60,7.75,7.75,8.00,,7.75,,,4000,30700.00,2,F1,2000,,,,,
2026-07-30,2026-07-30,CM,NSE,STK,2717,INE372C01037,PRECWIRE,EQ,,,,,PRECISION WIRES INDIA LTD,365.00,366.70,352.30,354.30,357.50,360.20,,354.35,,,166552,59330771.80,7638,F1,1,,,,,
2026-07-30,2026-07-30,CM,NSE,STK,2711,INE283A01014,PRECOT,EQ,,,,,PRECOT LIMITED,770.70,783.00,754.30,771.15,760.00,793.95,,771.15,,,5206,4024361.80,275,F1,1,,,,,
2026-07-30,2026-07-30,CM,NSE,STK,762849,INE001E01012,PREMCO,EQ,,,,,PREMCO GLOBAL LTD.,376.75,376.75,363.10,367.10,369.85,366.05,,367.10,,,1089,399508.85,61,F1,1,,,,,
2026-07-30,2026-07-30,CM,NSE,STK,25049,INE0BS701011,PREMIERENE,EQ,,,,,PREMIER ENERGIES LIMITED,1018.00,1018.00,977.40,982.70,984.00,1036.20,,982.70,,,2265269,2240492929.50,55033,F1,1,,,,,
2026-07-30,2026-07-30,CM,NSE,STK,17397,INE863B01029,PREMEXPLN,EQ,,,,,PREMIER EXPLOSIVES LTD,662.05,662.50,655.10,655.25,655.55,662.15,,655.25,,,355520,233657353.65,3304,F1,1,,,,,
2026-07-30,2026-07-30,CM,NSE,STK,6248,INE342A01018,PREMIER,BE,,,,,PREMIER LIMITED,2.83,2.89,2.77,2.78,2.77,2.77,,2.78,,,591,1644.74,12,F1,1,,,,,
2026-07-30,2026-07-30,CM,NSE,STK,3908,INE309M01020,PREMIERPOL,EQ,,,,,PREMIER POLYFILM LTD,73.60,74.90,72.50,73.53,73.75,73.60,,73.50,,,136623,10019239.45,1379,F1,1,,,,,
2026-07-30,2026-07-30,CM,NSE,STK,23764,INE0CFG01012,PRLIND,SM,,,,,PREMIER ROADLINES LIMITED,44.50,44.70,44.00,44.00,44.00,45.30,,44.00,,,52000,2295100.00,37,F1,1000,,,,,
2026-07-30,2026-07-30,CM,NSE,STK,25898,INE0M1F01011,PREMIUM,SM,,,,,PREMIUM PLAST LIMITED,40.00,40.00,38.55,39.10,38.80,40.65,,39.10,,,12000,470400.00,4,F1,3000,,,,,
2026-07-30,2026-07-30,CM,NSE,STK,20498,INE0R1601012,PRESSTONIC,SM,,,,,PRESSTONIC ENGINEERING L,25.55,26.10,25.40,26.00,26.00,26.05,,26.00,,,24800,638240.00,25,F1,800,,,,,
2026-07-30,2026-07-30,CM,NSE,STK,20302,INE811K01011,PRESTIGE,EQ,,,,,PRESTIGE ESTATE LTD,1607.10,1631.70,1589.60,1594.80,1591.00,1673.00,,1594.80,,,1018205,1640396629.90,63122,F1,1,,,,,
2026-07-30,2026-07-30,CM,NSE,STK,19631,INE726V01018,PRICOLLTD,EQ,,,,,PRICOL LIMITED,658.05,700.00,654.45,681.05,688.90,660.55,,681.10,,,1870126,1277951707.75,64018,F1,1,,,,,
2026-07-30,2026-07-30,CM,NSE,STK,759075,INE0CQA01020,PRIMECAB,ST,,,,,PRIME CABLE INDUSTRIES L,199.80,200.20,191.00,193.95,191.00,199.80,,193.95,,,25600,5048480.00,16,F1,1600,,,,,
2026-07-30,2026-07-30,CM,NSE,STK,13496,INE367G01038,PFOCUS,EQ,,,,,PRIME FOCUS LIMITED,304.15,307.40,286.70,290.26,289.30,308.72,,290.27,,,829673,246989151.65,19609,F1,1,,,,,
2026-07-30,2026-07-30,CM,NSE,STK,11864,INE032B01021,PRIMESECU,EQ,,,,,PRIME SECURITIES LIMITED,276.85,278.00,275.00,277.20,278.00,276.05,,277.20,,,8579,2375768.80,428,F1,1,,,,,
2026-07-30,2026-07-30,CM,NSE,STK,756925,INE607A01022,PRIMO,EQ,,,,,PRIMO CHEMICALS LIMITED,22.70,26.17,22.45,25.07,25.00,22.69,,25.07,,,1333790,33469250.91,7135,F1,1,,,,,
2026-07-30,2026-07-30,CM,NSE,STK,16045,INE689W01016,PRINCEPIPE,EQ,,,,,PRINCE PIPES FITTINGS LTD,265.30,265.55,260.95,262.65,262.00,265.30,,262.60,,,75313,19844242.30,2514,F1,1,,,,,
2026-07-30,2026-07-30,CM,NSE,STK,2739,INE010A01011,PRSMJOHNSN,EQ,,,,,PRISM JOHNSON LIMITED,108.52,108.52,103.08,104.85,104.82,107.90,,104.86,,,284444,29887207.31,4868,F1,1,,,,,
2026-07-30,2026-07-30,CM,NSE,STK,8310,INE974Z01015,PRITI,BE,,,,,PRITI INTERNATIONAL LTD,36.90,36.90,35.35,36.76,36.79,36.89,,36.76,,,3257,118550.10,55,F1,1,,,,,
2026-07-30,2026-07-30,CM,NSE,STK,5296,INE583R01029,PRITIKAUTO,BE,,,,,PRITIKA AUTO INDUS LTD,17.65,18.00,17.40,17.65,17.96,17.65,,17.65,,,104169,1838474.69,273,F1,1,,,,,
2026-07-30,2026-07-30,CM,NSE,STK,12971,INE0MJQ01020,PRITIKA,SM,,,,,PRITIKA ENG COMPO LTD,52.05,57.40,52.00,57.00,57.00,57.90,,57.00,,,10000,550900.00,5,F1,2000,,,,,
2026-07-30,2026-07-30,CM,NSE,STK,9342,INE392B01011,PNC,EQ,,,,,PRITISH NANDY COMMUNICATI,20.50,20.50,19.10,20.47,20.49,19.92,,20.47,,,7183,144708.47,130,F1,1,,,,,
2026-07-30,2026-07-30,CM,NSE,STK,8825,INE959A01019,PRIVISCL,EQ,,,,,PRIVI SPECIALITY CHE LTD,3707.10,3730.00,3500.00,3573.00,3605.00,3707.30,,3573.00,,,390237,1411727442.80,41330,F1,1,,,,,
2026-07-30,2026-07-30,CM,NSE,STK,24511,INE0V9N01017,PRIZOR,ST,,,,,PRIZOR VIZTECH LIMITED,876.15,876.15,841.85,859.95,859.95,859.00,,859.95,,,16800,14535600.00,32,F1,400,,,,,
2026-07-30,2026-07-30,CM,NSE,STK,940,INE199A01012,PGHL,EQ,,,,,PROCTER & GAMBLE HEALTH L,6595.00,6620.00,6436.50,6502.00,6540.00,6615.50,,6502.00,,,19774,128394305.00,3407,F1,1,,,,,
2026-07-30,2026-07-30,CM,NSE,STK,758173,INE0BX301013,PROSTARM,EQ,,,,,PROSTARM INFO SYSTEMS LTD,124.20,124.95,121.51,122.01,122.64,124.25,,122.01,,,76197,9316130.61,1394,F1,1,,,,,
2026-07-30,2026-07-30,CM,NSE,STK,29472,INE004A01022,PROTEAN,EQ,,,,,PROTEAN EGOV TECHNO LTD,631.50,635.95,618.00,619.55,618.50,631.50,,619.55,,,160752,100649178.95,6246,F1,1,,,,,
2026-07-30,2026-07-30,CM,NSE,STK,28859,INE195N01013,PROZONER,EQ,,,,,PROZONE REALTY LIMITED,43.12,43.95,40.96,41.53,41.35,42.67,,41.53,,,252544,10549719.22,1578,F1,1,,,,,
2026-07-30,2026-07-30,CM,NSE,STK,9553,INE00F201020,PRUDENT,EQ,,,,,PRUDENT CORP ADV SER LTD,3157.60,3239.80,3090.10,3221.40,3206.00,3158.50,,3221.30,,,39201,125474441.40,9202,F1,1,,,,,
2026-07-30,2026-07-30,CM,NSE,STK,20528,INE024D01016,PRUDMOULI,BE,,,,,PRUDENTIAL SUGAR CORPORAT,13.38,13.38,12.51,12.90,12.90,12.77,,12.83,,,2465,31767.86,14,F1,1,,,,,
2026-07-30,2026-07-30,CM,NSE,STK,20877,INE488V01015,PSPPROJECT,EQ,,,,,PSP PROJECTS LIMITED,1017.00,1042.40,931.30,951.10,947.70,1023.70,,951.10,,,733349,715598629.00,35049,F1,1,,,,,
2026-07-30,2026-07-30,CM,NSE,STK,22602,INE560K01014,PFS,EQ,,,,,PTC INDIA FIN SERV LTD,27.80,28.00,27.37,27.44,27.41,27.78,,27.44,,,363298,9992049.07,1529,F1,1,,,,,
2026-07-30,2026-07-30,CM,NSE,STK,11355,INE877F01012,PTC,EQ,,,,,PTC INDIA LIMITED,168.11,169.60,166.40,169.13,169.00,167.81,,169.13,,,402504,67908571.29,5529,F1,1,,,,,
2026-07-30,2026-07-30,CM,NSE,STK,16682,INE596F01018,PTCIL,EQ,,,,,PTC INDUSTRIES LIMITED,17925.00,17964.00,17712.00,17795.00,17761.00,17971.00,,17795.00,,,6214,110637787.00,2420,F1,1,,,,,
2026-07-30,2026-07-30,CM,NSE,STK,14101,INE034D01049,PTL,EQ,,,,,PTL ENTERPRISES LTD,39.53,39.95,39.23,39.31,39.30,39.15,,39.31,,,21382,844226.15,599,F1,1,,,,,
2026-07-30,2026-07-30,CM,NSE,STK,15377,INE865T01018,PDMJEPAPER,EQ,,,,,PUDUMJEE PAPER PRO. LTD,98.86,99.85,96.15,96.56,96.86,98.37,,96.58,,,135517,13239679.43,1678,F1,1,,,,,
2026-07-30,2026-07-30,CM,NSE,STK,507,INE335X01014,PULZ,SM,,,,,PULZ ELECTRONICS LIMITED,24.00,24.35,24.00,24.25,24.35,23.30,,24.25,,,10000,242100.00,5,F1,2000,,,,,
2026-07-30,2026-07-30,CM,NSE,STK,21001,INE608A01012,PSB,EQ,,,,,PUNJAB & SIND BANK,23.67,23.67,22.88,22.97,22.99,23.67,,22.97,,,2837017,65651112.19,6703,F1,1,,,,,
2026-07-30,2026-07-30,CM,NSE,STK,4344,INE277B01014,PUNJABCHEM,EQ,,,,,PUNJAB CHEM & CROP PROT L,1147.00,1244.70,1132.70,1205.60,1201.00,1150.80,,1206.10,,,25828,30687580.30,2324,F1,1,,,,,
2026-07-30,2026-07-30,CM,NSE,STK,10666,INE160A01022,PNB,EQ,,,,,PUNJAB NATIONAL BANK,111.05,111.90,110.32,111.64,111.80,111.08,,111.64,,,10292180,1145601735.16,45571,F1,1,,,,,
2026-07-30,2026-07-30,CM,NSE,STK,14922,INE323I01011,PURVA,EQ,,,,,PURAVANKARA LIMITED,215.16,218.00,210.10,213.02,215.00,214.25,,212.84,,,140148,29699327.11,2148,F1,1,,,,,
2026-07-30,2026-07-30,CM,NSE,STK,28044,INE0P5R01014,PURPLEUTED,ST,,,,,PURPLE UNITED SALES LTD,351.25,351.30,335.60,351.30,351.30,334.60,,351.30,,,20250,7011887.50,73,F1,250,,,,,
2026-07-30,2026-07-30,CM,NSE,STK,22938,INE0R6C01012,PURVFLEXI,SM,,,,,PURV FLEXIPACK LIMITED,46.00,46.00,46.00,46.00,46.00,46.00,,46.00,,,800,36800.00,1,F1,800,,,,,
2026-07-30,2026-07-30,CM,NSE,STK,757683,INE154801018,PUSHPA,SM,,,,,PUSHPA JEWELLERS LIMITED,105.00,106.00,105.00,106.00,106.00,108.65,,106.00,,,3000,316000.00,3,F1,1000,,,,,
2026-07-30,2026-07-30,CM,NSE,STK,4010,INE362A01016,PVP,EQ,,,,,PVP VENTURES LIMITED,27.15,27.79,26.91,27.28,27.00,27.27,,27.28,,,126424,3438160.14,736,F1,1,,,,,
2026-07-30,2026-07-30,CM,NSE,STK,13147,INE191H01014,PVRINOX,EQ,,,,,PVR INOX LIMITED,1140.00,1150.75,1119.85,1131.45,1125.00,1140.00,,1131.45,,,371133,420345332.00,17954,F1,1,,,,,
2026-07-30,2026-07-30,CM,NSE,STK,18250,INE0MIS01010,PYRAMID,EQ,,,,,PYRAMID TECHNOPLAST LTD,183.00,189.00,179.03,180.85,182.49,185.88,,180.87,,,83598,15353711.52,1602,F1,1,,,,,
2026-07-30,2026-07-30,CM,NSE,STK,763594,INE1G2W01011,QLINE,SM,,,,,Q-LINE BIOTECH LIMITED,505.00,515.00,501.00,509.85,510.00,508.10,,509.85,,,62000,31455360.00,115,F1,400,,,,,
2026-07-30,2026-07-30,CM,NSE,STK,751607,INE0FMW01018,QMSMEDI,EQ,,,,,QMS MEDICAL ALLIED S LTD,114.21,116.79,112.80,113.43,112.99,116.34,,113.43,,,8375,957093.05,248,F1,1,,,,,
2026-07-30,2026-07-30,CM,NSE,STK,29087,INE0LRY01011,QUADFUTURE,EQ,,,,,QUADRANT FUTURE TEK LTD,351.95,353.45,343.10,344.40,344.90,351.20,,344.40,,,122043,42265596.80,3981,F1,1,,,,,
2026-07-30,2026-07-30,CM,NSE,STK,29713,INE0SII01026,QPOWER,BE,,,,,QUALITY POWER ELEC EQUP L,1100.00,1100.00,1060.60,1079.40,1082.00,1105.00,,1079.60,,,62444,67328244.40,2463,F1,1,,,,,
2026-07-30,2026-07-30,CM,NSE,STK,15330,INF082J01408,QGOLDHALF,EQ,,,,,QUANTUM GOLD FUND,117.09,125.00,117.05,118.13,117.70,117.08,,118.12,,,86487,10171503.82,941,F1,1,,,,,
2026-07-30,2026-07-30,CM,NSE,STK,16819,INF082J01499,QNIFTY,EQ,,,,,QUANTUM NIFTY 50 ETF,267.20,268.00,266.29,267.54,268.00,267.16,,267.54,,,1888,504712.00,61,F1,1,,,,,
2026-07-30,2026-07-30,CM,NSE,STK,17704,INE615P01015,QUESS,EQ,,,,,QUESS CORP LIMITED,315.20,319.95,301.55,309.70,309.70,307.40,,309.70,,,2273940,710085310.00,36131,F1,1,,,,,
2026-07-30,2026-07-30,CM,NSE,STK,13131,INE306L01010,QUICKHEAL,BE,,,,,QUICK HEAL TECH LTD,160.00,161.30,152.00,158.83,159.00,160.00,,158.77,,,46304,7215919.16,783,F1,1,,,,,
2026-07-30,2026-07-30,CM,NSE,STK,15285,INE0K4D01020,QUICKTOUCH,SM,,,,,QUICKTOUCH TECHNOLOGIES L,22.50,22.55,22.50,22.55,22.55,22.55,,22.55,,,1000,22525.00,2,F1,500,,,,,
2026-07-30,2026-07-30,CM,NSE,STK,762854,INE641R01017,QUINT,EQ,,,,,QUINT DIGITAL LTD.,38.70,39.00,38.40,38.99,39.00,38.70,,38.99,,,3092,119894.35,15,F1,1,,,,,
2026-07-30,2026-07-30,CM,NSE,STK,24957,INE0KZF01015,QVCEL,SM,,,,,QVC EXPORTS LIMITED,23.60,23.60,23.60,23.60,23.60,23.60,,23.60,,,1600,37760.00,1,F1,1600,,,,,
2026-07-30,2026-07-30,CM,NSE,STK,23043,INE0NQ801033,RKSWAMY,EQ,,,,,R K SWAMY LIMITED,105.49,105.49,103.01,104.39,104.98,103.49,,104.30,,,43952,4582397.78,1105,F1,1,,,,,
2026-07-30,2026-07-30,CM,NSE,STK,757836,INE219Y01026,RMDRIP,BE,,,,,R M DRIP & SPRINK SYS LTD,18.05,19.10,17.55,18.46,18.50,18.44,,18.44,,,357749,6586681.41,598,F1,1,,,,,
2026-07-30,2026-07-30,CM,NSE,STK,762864,INE951M01037,RRIL,EQ,,,,,R R I L LTD.,18.14,18.14,16.90,17.08,16.90,17.78,,17.28,,,26022,451128.19,165,F1,1,,,,,
2026-07-30,2026-07-30,CM,NSE,STK,18566,INE777K01022,RRKABEL,EQ,,,,,R R KABEL LIMITED,2558.90,2622.00,2541.10,2562.20,2562.00,2558.90,,2562.60,,,522489,1348203947.00,34317,F1,1,,,,,
2026-07-30,2026-07-30,CM,NSE,STK,762869,INE616F01022,RSDFIN,EQ,,,,,R S D FINANCE LTD.,77.25,92.29,77.00,92.29,92.29,76.91,,92.30,,,8794,779541.92,124,F1,1,,,,,
2026-07-30,2026-07-30,CM,NSE,STK,13414,INE411H01032,RSYSTEMS,EQ,,,,,R SYS INTERNATIONAL LTD,265.60,270.39,261.15,263.47,263.97,264.19,,263.45,,,530682,140883794.63,13213,F1,1,,,,,
2026-07-30,2026-07-30,CM,NSE,STK,758981,INE012Q01039,RNBDENIMS,EQ,,,,,R&B DENIMS LIMITED,9.22,9.22,9.00,9.04,9.01,9.08,,9.02,,,212237,1923862.35,798,F1,1,,,,,
2026-07-30,2026-07-30,CM,NSE,STK,8426,INE165B01029,RSSOFTWARE,BE,,,,,R. S. SOFTWARE (INDIA) LI,31.03,31.03,29.80,30.83,30.95,31.03,,30.83,,,15792,482818.31,110,F1,1,,,,,
2026-07-30,2026-07-30,CM,NSE,STK,20760,INE324L01013,RPPINFRA,EQ,,,,,R.P.P INFRA PROJECTS LTD,62.03,62.59,60.50,61.05,60.50,61.97,,61.05,,,18385,1131878.14,324,F1,1,,,,,
2026-07-30,2026-07-30,CM,NSE,STK,762244,INE2PB023011,RIIT,IV,,,,,RAAJMARG INFRA INVEST T,116.52,120.29,116.52,116.99,117.60,117.13,,116.99,,,1109554,129846057.98,5655,F1,1,,,,,
2026-07-30,2026-07-30,CM,NSE,STK,15391,INE084Q01012,RACE,EQ,,,,,RACE ECO CHAIN LIMITED,108.30,110.89,104.99,110.41,108.60,108.05,,110.14,,,18025,1961135.47,85,F1,1,,,,,
2026-07-30,2026-07-30,CM,NSE,STK,9854,INE02OY01016,RILINFRA,SM,,,,,RACHANA INFRA LTD,39.65,39.65,38.25,38.65,38.45,39.65,,38.65,,,10400,403780.00,62,F1,100,,,,,
2026-07-30,2026-07-30,CM,NSE,STK,27171,INE704B01017,RACLGEAR,EQ,,,,,RACL GEARTECH LIMITED,1291.40,1301.70,1232.50,1245.20,1248.10,1286.80,,1245.30,,,22058,27784094.40,2580,F1,1,,,,,
2026-07-30,2026-07-30,CM,NSE,STK,10932,INE874F01027,RADAAN,EQ,,,,,RADAAN MEDIAWORKS (I) LTD,3.40,3.40,3.21,3.24,3.27,3.31,,3.24,,,37632,122250.66,113,F1,1,,,,,
2026-07-30,2026-07-30,CM,NSE,STK,10343,INE583V01021,RADHIKAJWE,EQ,,,,,RADHIKA JEWELTECH LIMITED,66.95,70.49,65.17,68.51,68.20,67.11,,68.52,,,2881177,197322440.96,21481,F1,1,,,,,
2026-07-30,2026-07-30,CM,NSE,STK,13580,INE855R01021,RADIANTCMS,EQ,,,,,RADIANT CASH MGMT SER LTD,36.61,37.50,36.61,36.99,37.13,37.49,,36.99,,,25301,936459.55,438,F1,1,,,,,
2026-07-30,2026-07-30,CM,NSE,STK,10990,INE944F01028,RADICO,EQ,,,,,RADICO KHAITAN LTD,4374.50,4494.40,4341.00,4366.60,4364.00,4373.80,,4366.60,,,692504,3059456823.40,57485,F1,1,,,,,
2026-07-30,2026-07-30,CM,NSE,STK,24735,INE912T01018,RPEL,EQ,,,,,RAGHAV PRODUCTIVITY ENH L,1299.20,1299.20,1270.00,1274.80,1272.00,1299.20,,1274.90,,,21452,27444864.10,2875,F1,1,,,,,
2026-07-30,2026-07-30,CM,NSE,STK,9552,INE415G01027,RVNL,EQ,,,,,RAIL VIKAS NIGAM LIMITED,224.00,224.45,222.01,222.88,223.03,224.83,,222.88,,,3000955,668434934.41,26476,F1,1,,,,,
2026-07-30,2026-07-30,CM,NSE,STK,2431,INE0DD101019,RAILTEL,EQ,,,,,RAILTEL CORP OF IND LTD,293.50,296.00,290.00,294.25,294.00,293.50,,294.25,,,601299,176779437.85,17353,F1,1,,,,,
2026-07-30,2026-07-30,CM,NSE,STK,15337,INE855B01025,RAIN,EQ,,,,,RAIN INDUSTRIES LIMITED,223.88,224.85,219.60,221.67,221.10,224.57,,221.66,,,2121179,470865859.68,18163,F1,1,,,,,
2026-07-30,2026-07-30,CM,NSE,STK,9408,INE961O01016,RAINBOW,EQ,,,,,RAINBOW CHILDRENS MED LTD,1476.20,1535.00,1476.20,1520.60,1529.00,1496.70,,1520.40,,,134389,203462144.00,13829,F1,1,,,,,
2026-07-30,2026-07-30,CM,NSE,STK,359,INE294G01026,ROML,EQ,,,,,RAJ OIL MILLS LIMITED,44.85,45.20,44.07,45.19,45.20,44.85,,45.19,,,1661,74729.79,16,F1,1,,,,,
2026-07-30,2026-07-30,CM,NSE,STK,8428,INE533D01032,RAJRILTD,BE,,,,,RAJ RAYON INDUSTRIES LTD,20.80,20.80,20.12,20.41,20.50,20.52,,20.41,,,5989,121990.68,63,F1,1,,,,,
2026-07-30,2026-07-30,CM,NSE,STK,14403,INE952H01027,RAJTV,EQ,,,,,RAJ TV NETWORK LTD,11.90,12.04,11.62,11.91,11.81,11.95,,11.91,,,26071,312269.96,104,F1,1,,,,,
2026-07-30,2026-07-30,CM,NSE,STK,762859,INE296E01026,RAJPALAYAM,EQ,,,,,RAJAPALAYAM MILLS LTD.,815.00,815.00,801.20,813.95,810.00,819.90,,813.95,,,290,233866.15,18,F1,1,,,,,
2026-07-30,2026-07-30,CM,NSE,STK,181,INE610C01014,ARENTERP,EQ,,,,,RAJDARSHAN INDUSTRIES LTD,40.69,42.98,39.70,40.50,41.75,40.89,,40.50,,,27622,1132643.37,186,F1,1,,,,,
2026-07-30,2026-07-30,CM,NSE,STK,760461,INE343B01030,RAJESHEXPO,BZ,,,,,RAJESH EXPORTS LTD,85.06,87.00,84.90,85.04,85.00,86.73,,84.98,,,135714,11593946.66,1765,F1,1,,,,,
2026-07-30,2026-07-30,CM,NSE,STK,19681,INE0BZQ01011,RCDL,SM,,,,,RAJGOR CASTOR DERIVATI L,29.65,33.00,27.50,33.00,33.00,27.50,,33.00,,,435000,13906500.00,109,F1,3000,,,,,
2026-07-30,2026-07-30,CM,NSE,STK,2168,INE00KV01022,RAJMET,EQ,,,,,RAJNANDINI METAL LIMITED,3.37,3.37,3.11,3.21,3.18,3.31,,3.21,,,230805,753228.85,575,F1,1,,,,,
2026-07-30,2026-07-30,CM,NSE,STK,757052,INE535F01024,RAJOOENG,BE,,,,,RAJOO ENGINEERS LIMITED,51.02,52.78,51.02,51.75,52.15,52.18,,51.76,,,90922,4706231.76,548,F1,1,,,,,
2026-07-30,2026-07-30,CM,NSE,STK,27269,INE0VHU01019,RAJPUTANA,SM,,,,,RAJPUTANA BIODIESEL LTD,195.00,195.20,195.00,195.20,195.20,195.20,,195.20,,,3000,585500.00,5,F1,500,,,,,
2026-07-30,2026-07-30,CM,NSE,STK,24707,INE0PCU01012,RAJINDLTD,SM,,,,,RAJPUTANA INDUSTRIES LTD,70.10,71.40,70.10,70.75,70.10,70.05,,70.75,,,4500,317400.00,3,F1,1500,,,,,
2026-07-30,2026-07-30,CM,NSE,STK,761439,INE313L01016,RSL,EQ,,,,,RAJPUTANA STAINLESS LTD,142.95,144.00,140.00,142.01,141.87,140.53,,142.00,,,185935,26388829.10,2199,F1,1,,,,,
2026-07-30,2026-07-30,CM,NSE,STK,18962,INE451D01029,RAJRATAN,EQ,,,,,RAJRATAN GLOBAL WIRE LTD,498.90,499.40,476.85,482.05,482.15,498.90,,482.10,,,100302,49059486.20,3889,F1,1,,,,,
2026-07-30,2026-07-30,CM,NSE,STK,6913,INE760W01023,RPPL,EQ,,,,,RAJSHREE POLYPACK LTD,20.80,20.80,19.71,19.86,19.90,20.84,,19.86,,,54177,1085082.64,617,F1,1,,,,,
2026-07-30,2026-07-30,CM,NSE,STK,2809,INE562B01019,RAJSREESUG,EQ,,,,,RAJSHREE SUGAR & CHEMICAL,29.86,29.90,29.16,29.23,29.30,30.01,,29.21,,,18127,533273.34,179,F1,1,,,,,
2026-07-30,2026-07-30,CM,NSE,STK,2816,INE613A01020,RALLIS,EQ,,,,,RALLIS INDIA LTD,218.05,218.65,215.73,217.01,217.60,218.73,,217.01,,,614903,133318185.51,20403,F1,1,,,,,
2026-07-30,2026-07-30,CM,NSE,STK,10485,INE207E01023,RAMRAT,EQ,,,,,RAM RATNA WIRES LIMITED,456.50,462.60,450.10,460.25,458.05,456.50,,460.20,,,232210,106272161.50,6609,F1,1,,,,,
2026-07-30,2026-07-30,CM,NSE,STK,10568,INE809A01032,RAMAPHO,EQ,,,,,RAMA PHOSPHATES LIMITED,127.07,129.29,125.16,125.86,126.00,127.13,,125.88,,,22070,2814598.03,985,F1,1,,,,,
2026-07-30,2026-07-30,CM,NSE,STK,10304,INE230R01035,RAMASTEEL,BE,,,,,RAMA STEEL TUBES LIMITED,4.19,4.19,4.09,4.11,4.14,4.17,,4.11,,,1904606,7874320.83,3454,F1,1,,,,,
2026-07-30,2026-07-30,CM,NSE,STK,4587,INE614A01028,RAMCOIND,EQ,,,,,RAMCO INDUSTRIES LIMITED,332.70,337.20,326.30,329.10,330.00,333.40,,329.00,,,70452,23267753.30,2024,F1,1,,,,,
2026-07-30,2026-07-30,CM,NSE,STK,7851,INE246B01019,RAMCOSYS,EQ,,,,,RAMCO SYSTEMS LTD.,600.00,619.55,576.15,605.45,606.75,590.05,,605.40,,,956223,578723349.90,21113,F1,1,,,,,
2026-07-30,2026-07-30,CM,NSE,STK,23565,INE0RJH01010,RBS,SM,,,,,RAMDEVBABA SOLVENT LTD,82.50,82.50,76.40,82.00,82.00,80.35,,82.00,,,13600,1090680.00,12,F1,800,,,,,
2026-07-30,2026-07-30,CM,NSE,STK,11411,INE399G01023,RKFORGE,EQ,,,,,RAMKRISHNA FORGINGS LTD,642.25,642.25,623.30,626.40,625.60,642.25,,626.40,,,885269,558053906.05,23672,F1,1,,,,,
2026-07-30,2026-07-30,CM,NSE,STK,20134,INE874I01013,RAMKY,EQ,,,,,RAMKY INFRA LTD,372.30,376.10,367.00,369.15,368.20,370.05,,369.10,,,21232,7841491.30,1258,F1,1,,,,,
2026-07-30,2026-07-30,CM,NSE,STK,2837,INE625B01014,RANASUG,EQ,,,,,RANA SUGARS LTD.,12.00,12.00,11.75,11.76,11.77,11.91,,11.76,,,89445,1055921.86,260,F1,1,,,,,
2026-07-30,2026-07-30,CM,NSE,STK,11975,INE050H01012,RML,EQ,,,,,RANE (MADRAS) LIMITED,1117.90,1187.00,1114.00,1153.40,1152.20,1115.20,,1153.10,,,43414,50227727.90,4749,F1,1,,,,,
2026-07-30,2026-07-30,CM,NSE,STK,2844,INE384A01010,RANEHOLDIN,EQ,,,,,RANE HOLDINGS LIMITED,1735.00,1765.00,1725.00,1743.60,1746.00,1735.20,,1743.60,,,7537,13167992.70,1422,F1,1,,,,,
2026-07-30,2026-07-30,CM,NSE,STK,25610,INE0MVO01012,RAPPID,SM,,,,,RAPPID VALVES (INDIA) LTD,331.75,333.95,331.75,333.95,333.95,335.00,,333.95,,,3000,997800.00,5,F1,600,,,,,
2026-07-30,2026-07-30,CM,NSE,STK,22670,INE0J1F01024,RPTECH,EQ,,,,,RASHI PERIPHERALS LIMITED,767.55,842.00,764.00,813.00,812.10,773.55,,812.95,,,1871397,1530092849.60,79045,F1,1,,,,,
2026-07-30,2026-07-30,CM,NSE,STK,2866,INE027A01015,RCF,EQ,,,,,RASHTRIYA CHEMICALS & FER,127.10,127.44,124.95,125.54,126.00,127.92,,125.54,,,731162,92135736.16,6733,F1,1,,,,,
2026-07-30,2026-07-30,CM,NSE,STK,7177,INE0CLI01024,RATEGAIN,EQ,,,,,RATEGAIN TRAVEL TECHN LTD,923.15,923.15,892.05,896.45,896.10,923.15,,896.45,,,169028,153198122.10,9236,F1,1,,,,,
2026-07-30,2026-07-30,CM,NSE,STK,13451,INE703B01027,RATNAMANI,EQ,,,,,RATNAMANI MET & TUB LTD.,2397.60,2420.90,2356.10,2385.20,2388.00,2389.20,,2385.20,,,92754,221281896.20,6989,F1,1,,,,,
2026-07-30,2026-07-30,CM,NSE,STK,18423,INE05CZ01011,RATNAVEER,EQ,,,,,RATNAVEER PRECISION ENG L,185.00,186.95,182.31,184.74,183.78,186.00,,184.74,,,1420259,262209361.36,12481,F1,1,,,,,
2026-07-30,2026-07-30,CM,NSE,STK,27297,INE834M01019,RTNINDIA,EQ,,,,,RATTANINDIA ENT LIMITED,31.43,31.43,30.99,31.07,31.05,31.51,,31.07,,,809784,25242055.90,3791,F1,1,,,,,
2026-07-30,2026-07-30,CM,NSE,STK,17520,INE399K01017,RTNPOWER,EQ,,,,,RATTANINDIA POWER LIMITED,8.50,8.52,8.37,8.39,8.39,8.50,,8.39,,,7834482,65869666.40,9185,F1,1,,,,,
2026-07-30,2026-07-30,CM,NSE,STK,20950,INE722J01012,RKDL,EQ,,,,,RAVI KUMAR DIST. LTD.,19.74,19.74,19.01,19.26,19.14,19.14,,19.26,,,4435,86118.92,53,F1,1,,,,,
2026-07-30,2026-07-30,CM,NSE,STK,1565,INE09E501017,RVHL,EQ,,,,,RAVINDER HEIGHTS LIMITED,44.45,45.75,43.06,44.27,44.20,44.42,,44.27,,,4500,199788.31,81,F1,1,,,,,
2026-07-30,2026-07-30,CM,NSE,STK,24596,INE206N01018,RELTD,EQ,,,,,RAVINDRA ENERGY LIMITED,172.01,174.59,169.10,170.82,171.00,172.68,,170.82,,,266101,45669554.26,3827,F1,1,,,,,
2026-07-30,2026-07-30,CM,NSE,STK,25073,INE02ID01020,RAYMONDLSL,EQ,,,,,RAYMOND LIFESTYLE LIMITED,716.45,753.00,706.40,731.70,735.00,713.15,,731.80,,,333766,246160057.10,15143,F1,1,,,,,
2026-07-30,2026-07-30,CM,NSE,STK,2859,INE301A01014,RAYMOND,EQ,,,,,RAYMOND LTD,585.10,588.45,577.50,582.20,581.55,588.50,,582.20,,,177992,103706217.30,5512,F1,1,,,,,
2026-07-30,2026-07-30,CM,NSE,STK,758551,INE1SY401010,RAYMONDREL,EQ,,,,,RAYMOND REALTY LIMITED,651.60,656.00,642.00,644.60,643.00,657.85,,644.60,,,242749,157641513.60,6021,F1,1,,,,,
2026-07-30,2026-07-30,CM,NSE,STK,18391,INE976G01028,RBLBANK,EQ,,,,,RBL BANK LIMITED,371.15,383.45,367.35,378.05,377.70,371.15,,378.05,,,14577462,5507056040.65,181795,F1,1,,,,,
2026-07-30,2026-07-30,CM,NSE,STK,13570,INE0NA301016,RBMINFRA,SM,,,,,RBM INFRACON LIMITED,287.00,287.00,270.30,271.60,272.70,273.45,,271.60,,,11200,3074590.00,43,F1,200,,,,,
2026-07-30,2026-07-30,CM,NSE,STK,20874,INE0PEQ01016,RBZJEWEL,EQ,,,,,RBZ JEWELLERS LIMITED,141.33,142.63,139.65,141.50,141.01,141.08,,141.50,,,51730,7303941.77,1256,F1,1,,,,,
2026-07-30,2026-07-30,CM,NSE,STK,29561,INE10QL01011,READYMIX,SM,,,,,READYMIX CONSTRU MACHI L,96.00,105.00,96.00,102.40,103.80,101.10,,102.40,,,9000,918050.00,9,F1,1000,,,,,
2026-07-30,2026-07-30,CM,NSE,STK,15355,INE020B01018,RECLTD,EQ,,,,,REC LIMITED,372.80,377.25,371.15,374.90,375.10,374.25,,374.90,,,4027680,1509820166.35,42410,F1,1,,,,,
2026-07-30,2026-07-30,CM,NSE,STK,14255,INE891D01026,REDINGTON,EQ,,,,,REDINGTON LIMITED,307.95,338.50,307.95,310.95,310.00,287.45,,310.95,,,56111752,17977213461.65,509971,F1,1,,,,,
2026-07-30,2026-07-30,CM,NSE,STK,17859,INE0LXT01019,REDTAPE,EQ,,,,,REDTAPE LIMITED,132.29,135.45,130.90,133.80,133.06,131.78,,133.80,,,374761,50082610.71,5758,F1,1,,,,,
2026-07-30,2026-07-30,CM,NSE,STK,17764,INE056I01025,REFEX,EQ,,,,,REFEX INDUSTRIES LIMITED,316.80,318.90,296.55,298.65,302.50,314.95,,298.65,,,1088652,331622655.90,17615,F1,1,,,,,
2026-07-30,2026-07-30,CM,NSE,STK,23718,INE0TNX01015,REFRACTORY,SM,,,,,REFRACTORY SHAPES LIMITED,26.45,26.50,26.45,26.50,26.50,26.50,,26.50,,,4000,105900.00,3,F1,1000,,,,,
2026-07-30,2026-07-30,CM,NSE,STK,758682,INE0MHO01029,REGAAL,BE,,,,,REGAAL RESOURCES LIMITED,83.49,83.50,80.01,81.18,81.45,82.54,,81.18,,,60954,4960214.14,304,F1,1,,,,,
2026-07-30,2026-07-30,CM,NSE,STK,4130,INE277C01012,REGENCERAM,EQ,,,,,REGENCY CERAMICS LTD.,32.71,32.97,30.50,31.51,31.00,33.00,,31.51,,,1553,48600.24,95,F1,1,,,,,
2026-07-30,2026-07-30,CM,NSE,STK,24225,INE131B01039,RELAXO,EQ,,,,,RELAXO FOOT LTD.,411.40,417.00,401.15,408.15,407.00,409.10,,408.15,,,554287,226782441.30,16490,F1,1,,,,,
2026-07-30,2026-07-30,CM,NSE,STK,3172,INF204KC1030,GILT5YBEES,EQ,,,,,RELCAPAMC - NETFGILT5Y,67.03,67.03,65.87,65.99,66.03,66.05,,65.99,,,63713,4207951.34,272,F1,1,,,,,
2026-07-30,2026-07-30,CM,NSE,STK,24378,INE375Y01018,RELIABLE,EQ,,,,,RELIABLE DATA SERVICE LTD,141.00,141.00,135.01,140.07,141.00,137.78,,140.06,,,17831,2463179.32,241,F1,1,,,,,
2026-07-30,2026-07-30,CM,NSE,STK,9652,INE750D01016,RELCHEMQ,EQ,,,,,RELIANCE CHEMOTEX IND LTD,123.34,125.95,123.00,124.57,125.00,123.34,,124.52,,,1638,204068.13,74,F1,1,,,,,
2026-07-30,2026-07-30,CM,NSE,STK,13188,INE330H01018,RCOM,BE,,,,,RELIANCE COMMUNICATIONS L,0.83,0.84,0.82,0.82,0.83,0.83,,0.82,,,1740920,1436341.66,1275,F1,1,,,,,
2026-07-30,2026-07-30,CM,NSE,STK,759204,INE217K01011,RHFL,BZ,,,,,RELIANCE HOME FINANCE LTD,1.95,2.00,1.91,1.94,1.95,1.93,,1.94,,,357634,695555.24,510,F1,1,,,,,
2026-07-30,2026-07-30,CM,NSE,STK,2912,INE046A01015,RIIL,EQ,,,,,RELIANCE INDUSTRIAL INFRA,736.00,737.25,726.25,727.90,728.00,737.65,,727.90,,,36441,26619126.30,1631,F1,1,,,,,
2026-07-30,2026-07-30,CM,NSE,STK,2885,INE002A01018,RELIANCE,EQ,,,,,RELIANCE INDUSTRIES LTD,1279.80,1297.00,1275.30,1292.90,1289.40,1275.90,,1293.10,,,12158451,15689434967.60,209491,F1,1,,,,,
2026-07-30,2026-07-30,CM,NSE,STK,15259,INE614G01033,RPOWER,EQ,,,,,RELIANCE POWER LTD.,23.58,23.62,23.25,23.33,23.39,23.56,,23.33,,,12241770,286087602.33,20790,F1,1,,,,,
2026-07-30,2026-07-30,CM,NSE,STK,15068,INE621H01010,RELIGARE,EQ,,,,,RELIGARE ENTER. LTD.,249.40,253.80,246.95,252.40,253.80,250.30,,252.40,,,267117,66900800.55,4596,F1,1,,,,,
2026-07-30,2026-07-30,CM,NSE,STK,3965,INE474C01023,REMSONSIND,EQ,,,,,REMSONS INDUSTRIES LTD,79.00,85.01,78.55,83.80,84.00,80.05,,83.79,,,263650,21803525.20,2620,F1,1,,,,,
2026-07-30,2026-07-30,CM,NSE,STK,16154,INE0O5T01011,REMUS,SM,,,,,REMUS PHARMACEUTICALS L,730.00,730.00,715.00,717.65,715.00,719.00,,717.65,,,5300,3843250.00,22,F1,100,,,,,
2026-07-30,2026-07-30,CM,NSE,STK,15129,INE722H01024,RGL,EQ,,,,,RENAISSANCE GLOBAL LTD,120.75,121.50,118.76,119.55,120.00,121.06,,119.55,,,287658,34525337.82,2260,F1,1,,,,,
2026-07-30,2026-07-30,CM,NSE,STK,758157,INE0VZX01015,RNPL,SM,,,,,RENOL POLYCHEM LIMITED,85.75,85.95,80.15,80.15,80.15,81.90,,80.15,,,9600,817080.00,8,F1,1200,,,,,
2026-07-30,2026-07-30,CM,NSE,STK,29598,INE612J01015,REPCOHOME,EQ,,,,,REPCO HOME FINANCE LTD,391.95,392.00,386.00,387.05,387.20,394.75,,387.05,,,43388,16846221.65,1778,F1,1,,,,,
2026-07-30,2026-07-30,CM,NSE,STK,13126,INE461B01014,REPRO,EQ,,,,,REPRO INDIA LIMITED,369.85,387.00,362.35,380.60,383.00,362.20,,380.60,,,43127,16234242.95,766,F1,1,,,,,
2026-07-30,2026-07-30,CM,NSE,STK,20323,INE688D01026,RESPONIND,EQ,,,,,RESPONSIVE INDUSTRIES LTD,172.90,174.04,170.50,170.99,170.50,173.33,,171.01,,,111224,19158279.79,1741,F1,1,,,,,
2026-07-30,2026-07-30,CM,NSE,STK,1494,INE07T201019,RBA,EQ,,,,,RESTAURANT BRAND ASIA LTD,67.10,67.80,66.50,67.01,67.20,67.07,,67.01,,,1503963,100596941.11,5209,F1,1,,,,,
2026-07-30,2026-07-30,CM,NSE,STK,25157,INE0DAB01012,RVTH,EQ,,,,,REVATHI EQUIPMENT INDIA L,702.05,747.00,698.00,703.65,700.05,718.70,,703.70,,,320,228900.55,34,F1,1,,,,,
2026-07-30,2026-07-30,CM,NSE,STK,29270,INE113601012,REXPRO,SM,,,,,REXPRO ENTERPRISES LTD,39.05,39.50,39.05,39.15,39.15,40.45,,39.15,,,3000,117700.00,3,F1,1000,,,,,
2026-07-30,2026-07-30,CM,NSE,STK,763468,INE0V2V01015,RFBL,ST,,,,,RFBL FLEXI PACK LIMITED,90.95,90.95,90.95,90.95,90.95,95.70,,90.95,,,3000,272850.00,1,F1,3000,,,,,
2026-07-30,2026-07-30,CM,NSE,STK,759062,INE0KKN01029,RHETAN,EQ,,,,,RHETAN TMT LIMITED,30.30,32.40,30.25,30.26,30.25,29.87,,30.26,,,8364960,254872456.11,5472,F1,1,,,,,
2026-07-30,2026-07-30,CM,NSE,STK,31163,INE743M01012,RHIM,EQ,,,,,RHI MAGNESITA INDIA LTD,395.95,396.05,383.30,390.55,393.00,395.65,,390.55,,,334457,130551434.10,9102,F1,1,,,,,
2026-07-30,2026-07-30,CM,NSE,STK,8212,INE0J1P01015,RICHA,ST,,,,,RICHA INFO SYSTEMS LTD,93.00,93.00,90.00,91.50,90.00,93.00,,91.50,,,2000,183000.00,2,F1,1000,,,,,
2026-07-30,2026-07-30,CM,NSE,STK,2909,INE209B01025,RICOAUTO,EQ,,,,,RICO AUTO INDUSTRIES LTD,140.10,144.00,137.83,138.44,138.30,140.14,,138.44,,,1110678,155571407.68,9473,F1,1,,,,,
2026-07-30,2026-07-30,CM,NSE,STK,764121,INE302D01024,RIR,EQ,,,,,RIR POWER ELECTRONICS L,161.88,161.88,156.16,156.91,157.00,159.26,,156.98,,,40128,6345112.03,1418,F1,1,,,,,
2026-07-30,2026-07-30,CM,NSE,STK,18417,INE0N2P01017,RISHABH,EQ,,,,,RISHABH INSTRUMENTS LTD,609.20,618.50,597.00,610.50,607.00,608.25,,610.55,,,115963,70377227.25,5736,F1,1,,,,,
2026-07-30,2026-07-30,CM,NSE,STK,8944,INE01EG01016,RITCO,EQ,,,,,RITCO LOGISTICS LIMITED,300.00,302.90,288.55,293.05,289.90,299.50,,293.00,,,205479,60874626.00,4655,F1,1,,,,,
2026-07-30,2026-07-30,CM,NSE,STK,11917,INE0MRA01019,RITEZONE,ST,,,,,RITE ZONE CHEMCON IND LTD,18.85,18.85,18.85,18.85,18.85,19.50,,18.85,,,1600,30160.00,1,F1,1600,,,,,
2026-07-30,2026-07-30,CM,NSE,STK,3761,INE320J01015,RITES,EQ,,,,,RITES LIMITED,218.50,219.00,216.16,217.83,218.00,218.96,,217.84,,,329567,71595247.76,9069,F1,1,,,,,
2026-07-30,2026-07-30,CM,NSE,STK,1547,INE786W01010,RKEC,EQ,,,,,RKEC PROJECTS LIMITED,26.25,27.14,26.10,26.32,26.10,26.24,,26.32,,,9599,254743.96,102,F1,1,,,,,
2026-07-30,2026-07-30,CM,NSE,STK,762346,INE655V01019,RMC,EQ,,,,,RMC SWITCHGEARS LIMITED,258.60,276.65,258.20,259.90,259.00,258.65,,259.90,,,29210,7699259.25,1141,F1,1,,,,,
2026-07-30,2026-07-30,CM,NSE,STK,24589,INE0SA001017,RNFI,SM,,,,,RNFI SERVICES LIMITED,268.00,272.00,268.00,270.00,270.00,270.50,,270.00,,,25800,6976170.00,20,F1,600,,,,,
2026-07-30,2026-07-30,CM,NSE,STK,15157,INE508K01013,RHL,EQ,,,,,ROBUST HOTELS LIMITED,172.94,173.78,167.31,169.39,168.50,172.89,,169.39,,,1998,338970.14,140,F1,1,,,,,
2026-07-30,2026-07-30,CM,NSE,STK,20289,INE0PTR01012,ROCKINGDCE,SM,,,,,ROCKINGDEALS CIRCU ECO L,199.00,205.00,190.60,201.55,190.60,191.00,,201.55,,,6500,1302850.00,17,F1,250,,,,,
2026-07-30,2026-07-30,CM,NSE,STK,5279,INE645S01024,ROLEXRINGS,EQ,,,,,ROLEX RINGS LIMITED,138.99,140.00,136.40,136.99,137.07,138.99,,137.00,,,631287,87046482.88,7313,F1,1,,,,,
2026-07-30,2026-07-30,CM,NSE,STK,19108,INE927A01040,ROLLT,BE,,,,,ROLLATAINERS LIMITED,2.25,2.36,2.22,2.35,2.36,2.25,,2.35,,,188861,442255.48,115,F1,1,,,,,
2026-07-30,2026-07-30,CM,NSE,STK,19410,INE02A801020,ROSSARI,EQ,,,,,ROSSARI BIOTECH LIMITED,505.00,515.95,505.00,507.55,506.65,506.00,,507.55,,,34354,17512197.70,1802,F1,1,,,,,
2026-07-30,2026-07-30,CM,NSE,STK,28913,INE847C01020,ROSSELLIND,EQ,,,,,ROSSELL INDIA LIMITED,58.00,59.38,56.67,57.82,58.37,58.57,,57.82,,,23916,1382312.05,544,F1,1,,,,,
2026-07-30,2026-07-30,CM,NSE,STK,27353,INE0OJW01016,ROSSTECH,EQ,,,,,ROSSELL TECHSYS LIMITED,938.00,985.80,914.05,923.25,933.00,935.00,,923.25,,,273742,255606498.95,12941,F1,1,,,,,
2026-07-30,2026-07-30,CM,NSE,STK,9049,INE535D01037,ROTO,EQ,,,,,ROTO PUMPS LIMITED,69.25,69.94,68.11,68.79,68.60,69.07,,68.78,,,521127,35937602.75,4162,F1,1,,,,,
2026-07-30,2026-07-30,CM,NSE,STK,128,INE450U01017,ROUTE,EQ,,,,,ROUTE MOBILE LIMITED,550.00,571.00,545.55,549.30,547.30,548.55,,549.35,,,494682,274815426.70,13809,F1,1,,,,,
2026-07-30,2026-07-30,CM,NSE,STK,20167,INE0PDJ01013,ROXHITECH,SM,,,,,ROX HI TECH LIMITED,47.20,48.00,45.00,47.15,47.60,49.45,,47.15,,,65600,3083200.00,35,F1,1600,,,,,
2026-07-30,2026-07-30,CM,NSE,STK,13182,INE283H01019,ROHLTD,EQ,,,,,ROYAL ORCHID HOTELS LTD,317.00,323.90,309.75,311.60,310.15,318.25,,311.55,,,33773,10559745.00,822,F1,1,,,,,
2026-07-30,2026-07-30,CM,NSE,STK,16725,INE105J01010,RPGLIFE,EQ,,,,,RPG LIFE SCIENCES LTD,2863.40,2899.80,2770.00,2778.10,2787.50,2850.20,,2778.10,,,23373,65741442.10,2892,F1,1,,,,,
2026-07-30,2026-07-30,CM,NSE,STK,8119,INE425Y01011,RPSGVENT,EQ,,,,,RPSG VENTURES LIMITED,939.85,970.00,919.95,924.25,928.00,940.05,,924.20,,,41607,39175473.45,2135,F1,1,,,,,
2026-07-30,2026-07-30,CM,NSE,STK,7292,INE611A01016,RSWM,BE,,,,,RSWM LIMITED,212.01,216.00,209.00,210.54,210.00,215.71,,210.56,,,34001,7227889.83,182,F1,1,,,,,
2026-07-30,2026-07-30,CM,NSE,STK,24730,INE642C01025,RUBFILA,EQ,,,,,RUBFILA INTERNATIONAL LTD,71.10,72.95,70.77,71.52,71.79,70.76,,71.54,,,14431,1038944.69,203,F1,1,,,,,
2026-07-30,2026-07-30,CM,NSE,STK,759316,INE506V01022,RUBICON,EQ,,,,,RUBICON RESEARCH LIMITED,1530.50,1530.50,1485.00,1500.20,1488.00,1527.60,,1499.90,,,117679,176871049.70,10143,F1,1,,,,,
2026-07-30,2026-07-30,CM,NSE,STK,4566,INE413B01023,RUCHINFRA,EQ,,,,,RUCHI INFRASTRUCTURE LTD,5.90,6.06,5.72,5.79,5.73,5.87,,5.78,,,49574,291015.29,217,F1,1,,,,,
2026-07-30,2026-07-30,CM,NSE,STK,13821,INE803H01014,RUCHIRA,EQ,,,,,RUCHIRA PAPERS LIMITED,106.75,108.87,106.55,106.96,107.35,108.30,,106.96,,,10875,1167402.01,276,F1,1,,,,,
2026-07-30,2026-07-30,CM,NSE,STK,760392,INE027T01023,RUDRA,EQ,,,,,RUDRA GLOBAL INFRA PROD L,17.50,17.75,17.06,17.26,17.25,17.69,,17.26,,,22569,389010.25,135,F1,1,,,,,
2026-07-30,2026-07-30,CM,NSE,STK,1486,INE364Z01019,REPL,BE,,,,,RUDRABHISHEK ENTERP LTD,62.00,66.70,62.00,65.58,66.25,64.79,,65.58,,,3706,238337.02,91,F1,1,,,,,
2026-07-30,2026-07-30,CM,NSE,STK,23830,INE0R7301013,RULKA,SM,,,,,RULKA ELECTRICALS LIMITED,110.00,111.00,108.05,111.00,111.00,106.00,,111.00,,,3300,361215.00,10,F1,300,,,,,
2026-07-30,2026-07-30,CM,NSE,STK,25724,INE895B01021,RUPA,EQ,,,,,RUPA & COMPANY LTD,162.10,162.99,159.00,161.15,162.97,161.09,,161.15,,,69164,11104895.29,2795,F1,1,,,,,
2026-07-30,2026-07-30,CM,NSE,STK,24595,INE573K01025,RUSHIL,EQ,,,,,RUSHIL DECOR LIMITED,18.09,18.17,17.11,17.30,17.30,17.66,,17.30,,,513996,9031951.53,1468,F1,1,,,,,
2026-07-30,2026-07-30,CM,NSE,STK,24674,INE0BSN01013,SATECH,SM,,,,,S A TECH SOFTWARE INDIA L,33.25,34.95,33.25,34.60,34.95,33.40,,34.60,,,10000,343500.00,9,F1,1000,,,,,
2026-07-30,2026-07-30,CM,NSE,STK,20698,INE807K01035,SCHAND,EQ,,,,,S CHAND AND COMPANY LTD,144.01,146.67,144.01,144.55,144.45,146.01,,144.55,,,13259,1923803.87,705,F1,1,,,,,
2026-07-30,2026-07-30,CM,NSE,STK,25528,INE0X6F01017,SDREAMS,SM,,,,,S D RETAIL LIMITED,85.80,88.00,85.75,88.00,88.00,89.00,,88.00,,,9000,778200.00,6,F1,1000,,,,,
2026-07-30,2026-07-30,CM,NSE,STK,11212,INE500L01026,SHK,EQ,,,,,S H KELKAR AND CO. LTD.,164.22,173.10,161.71,170.01,170.60,163.44,,170.03,,,4051061,681506343.10,38934,F1,1,,,,,
2026-07-30,2026-07-30,CM,NSE,STK,20542,INE0F3301020,SJLOGISTIC,SM,,,,,S J LOGISTICS (INDIA) LTD,306.00,309.40,301.10,305.50,305.50,305.25,,305.50,,,7500,2288037.50,28,F1,250,,,,,
2026-07-30,2026-07-30,CM,NSE,STK,2951,INE902B01017,S&SPOWER,EQ,,,,,S&S POWER SWITCHGEARS LTD,316.60,328.00,315.00,317.35,319.95,317.85,,316.80,,,1699,544542.40,81,F1,1,,,,,
2026-07-30,2026-07-30,CM,NSE,STK,18252,INE212I01016,SPAL,EQ,,,,,S. P. APPARELS LIMITED,1014.00,1014.00,982.00,986.10,984.00,1009.00,,986.10,,,34966,34587692.30,2832,F1,1,,,,,
2026-07-30,2026-07-30,CM,NSE,STK,11637,INE658G01014,SALSTEEL,BE,,,,,S.A.L. STEEL LTD.,63.84,63.85,59.49,59.49,59.49,62.62,,59.36,,,107358,6505436.54,458,F1,1,,,,,
2026-07-30,2026-07-30,CM,NSE,STK,19112,INE0PSK01027,SAAKSHI,ST,,,,,SAAKSHI MEDTEC N PANELS L,290.00,302.00,287.85,294.40,302.00,303.00,,294.40,,,62400,18117630.00,74,F1,600,,,,,
2026-07-30,2026-07-30,CM,NSE,STK,759057,INE13B501022,SAATVIKGL,EQ,,,,,SAATVIK GREEN ENERGY LTD,437.85,437.85,428.15,431.10,431.35,438.00,,431.00,,,33078,14311242.85,1906,F1,1,,,,,
2026-07-30,2026-07-30,CM,NSE,STK,18497,INE860T01019,SABEVENTS,EQ,,,,,SAB EVENTS & GOVERNANCE,6.27,6.27,6.27,6.27,6.27,6.59,,6.16,,,3870,24264.90,18,F1,1,,,,,
2026-07-30,2026-07-30,CM,NSE,STK,10982,INE0DZ101013,SABAR,SM,,,,,SABAR FLEX INDIA LIMITED,5.95,6.35,5.95,6.10,6.10,6.10,,6.10,,,40000,247750.00,7,F1,5000,,,,,
2026-07-30,2026-07-30,CM,NSE,STK,757409,INE1ARD01016,SACHEEROME,SM,,,,,SACHEEROME LIMITED,428.00,428.00,416.60,417.00,416.60,417.45,,417.00,,,14700,6182715.00,40,F1,300,,,,,
2026-07-30,2026-07-30,CM,NSE,STK,13236,INE226H01026,SADBHAV,EQ,,,,,SADBHAV ENGINEERING LTD,10.05,10.54,9.55,9.55,9.55,10.05,,9.53,,,1058621,10575036.90,2331,F1,1,,,,,
2026-07-30,2026-07-30,CM,NSE,STK,10622,INE764L01010,SADBHIN,BE,,,,,SADBHAV INFRA PROJ LTD.,2.52,2.52,2.41,2.52,2.52,2.40,,2.52,,,219736,550848.73,132,F1,1,,,,,
2026-07-30,2026-07-30,CM,NSE,STK,15349,INE888C01040,SADHNANIQ,BE,,,,,SADHANA NITROCHEM LIMITED,2.60,2.61,2.60,2.61,2.61,2.61,,2.63,,,761484,1985949.40,270,F1,1,,,,,
2026-07-30,2026-07-30,CM,NSE,STK,22897,INE0K5H01010,SADHAV,SM,,,,,SADHAV SHIPPING LIMITED,113.50,118.00,113.50,118.00,118.00,116.00,,118.00,,,16200,1890870.00,25,F1,600,,,,,
2026-07-30,2026-07-30,CM,NSE,STK,13035,INE429E01023,SAFARI,EQ,,,,,SAFARI IND (INDIA) LTD,1600.00,1600.90,1556.00,1563.70,1569.00,1600.60,,1563.80,,,12088,19061306.00,2087,F1,1,,,,,
2026-07-30,2026-07-30,CM,NSE,STK,757583,INE17D601016,SAFEENTP,SM,,,,,SAFE ENTER RETAIL FIX LTD,250.00,253.90,250.00,250.90,250.00,249.95,,250.90,,,9500,2387475.00,17,F1,500,,,,,
2026-07-30,2026-07-30,CM,NSE,STK,14068,INE229C01021,SAGCEM,EQ,,,,,SAGAR CEMENTS LIMITED,176.05,176.59,175.01,175.64,175.45,175.39,,175.63,,,11976,2104967.16,518,F1,1,,,,,
2026-07-30,2026-07-30,CM,NSE,STK,8175,INE976T01013,SAGARDEEP,EQ,,,,,SAGARDEEP ALLOYS LIMITED,25.44,25.44,23.94,24.00,24.37,23.93,,24.00,,,1861,44921.69,70,F1,1,,,,,
2026-07-30,2026-07-30,CM,NSE,STK,27052,INE0W2G01015,SAGILITY,EQ,,,,,SAGILITY LIMITED,44.10,46.24,44.10,45.98,45.99,44.87,,45.98,,,54778788,2491681070.15,94721,F1,1,,,,,
2026-07-30,2026-07-30,CM,NSE,STK,24478,INE0P4701011,SAHAJSOLAR,SM,,,,,SAHAJ SOLAR LIMITED,116.05,117.75,113.00,113.25,113.00,115.45,,113.25,,,10400,1194080.00,25,F1,400,,,,,
2026-07-30,2026-07-30,CM,NSE,STK,16711,INE0LEX01011,SAHANA,SM,,,,,SAHANA SYSTEM LIMITED,940.00,969.00,930.00,940.45,949.00,935.40,,940.45,,,47375,44806431.25,196,F1,125,,,,,
2026-07-30,2026-07-30,CM,NSE,STK,25671,INE0RBQ01018,SAHASRA,ST,,,,,SAHASRA ELECTRONIC SOLU L,307.60,309.45,301.00,306.55,306.00,309.55,,306.55,,,10400,3171180.00,24,F1,400,,,,,
2026-07-30,2026-07-30,CM,NSE,STK,14900,INE280H01015,SAHYADRI,EQ,,,,,SAHYADRI INDUSTRIES LTD,299.90,314.00,298.00,303.90,304.25,298.40,,303.45,,,11230,3419022.50,595,F1,1,,,,,
2026-07-30,2026-07-30,CM,NSE,STK,27839,INE570L01029,SAILIFE,EQ,,,,,SAI LIFE SCIENCES LIMITED,1315.90,1320.00,1301.00,1315.20,1317.20,1315.90,,1315.20,,,319657,418660748.80,15258,F1,1,,,,,
2026-07-30,2026-07-30,CM,NSE,STK,761675,INE0H9F01037,SAIPARENT,EQ,,,,,SAI PARENTERALS LIMITED,554.90,554.90,533.00,534.95,533.10,552.65,,534.95,,,90005,48374550.55,3673,F1,1,,,,,
2026-07-30,2026-07-30,CM,NSE,STK,18755,INE438K01021,KALAMANDIR,EQ,,,,,SAI SILKS (KALAMANDIR) L,88.98,89.60,87.76,88.64,88.72,88.77,,88.64,,,449358,39798634.03,3357,F1,1,,,,,
2026-07-30,2026-07-30,CM,NSE,STK,25715,INE00MT01022,SAJHOTELS,ST,,,,,SAJ HOTELS LIMITED,35.70,35.70,35.00,35.00,35.00,36.80,,35.00,,,18000,631900.00,5,F1,2000,,,,,
2026-07-30,2026-07-30,CM,NSE,STK,9539,INE732S01012,SAKAR,EQ,,,,,SAKAR HEALTHCARE LIMITED,850.00,864.95,835.00,844.40,845.00,850.00,,844.40,,,59388,50503391.35,3698,F1,1,,,,,
2026-07-30,2026-07-30,CM,NSE,STK,11794,INE667G01023,SAKSOFT,EQ,,,,,SAKSOFT LIMITED,171.90,171.90,165.56,167.34,167.30,169.48,,167.34,,,559091,93823534.02,7800,F1,1,,,,,
2026-07-30,2026-07-30,CM,NSE,STK,2969,INE623A01011,SAKHTISUG,EQ,,,,,SAKTHI SUGARS LTD,17.05,17.05,16.67,16.77,16.75,16.78,,16.77,,,24397,410029.62,167,F1,1,,,,,
2026-07-30,2026-07-30,CM,NSE,STK,13251,INE190H01024,SAKUMA,EQ,,,,,SAKUMA EXPORTS LIMITED,1.65,1.65,1.61,1.62,1.61,1.63,,1.62,,,561469,918372.53,555,F1,1,,,,,
2026-07-30,2026-07-30,CM,NSE,STK,21362,INE170V01027,SALASAR,EQ,,,,,SALASAR TECHNO ENGG. LTD.,5.87,5.90,5.81,5.85,5.86,5.87,,5.85,,,2306849,13525727.12,2163,F1,1,,,,,
2026-07-30,2026-07-30,CM,NSE,STK,17351,INE498E01010,SALONA,EQ,,,,,SALONA COTSPIN LTD.,244.60,248.85,242.00,242.30,242.00,244.05,,241.80,,,894,216792.80,38,F1,1,,,,,
2026-07-30,2026-07-30,CM,NSE,STK,11399,INE457F01013,SALZERELEC,EQ,,,,,SALZER ELECTRONICS LTD,574.15,578.95,565.20,570.25,571.85,570.60,,570.35,,,46035,26295094.55,2382,F1,1,,,,,
2026-07-30,2026-07-30,CM,NSE,STK,756851,INE124101010,SAMAY,ST,,,,,SAMAY PROJECT SERVICES L,41.55,41.55,41.55,41.55,41.55,41.55,,41.55,,,4000,166200.00,1,F1,4000,,,,,
2026-07-30,2026-07-30,CM,NSE,STK,4127,INE699B01027,SAMBHAAV,EQ,,,,,SAMBHAAV MEDIA LTD,6.25,6.39,6.05,6.24,6.35,6.25,,6.24,,,13036,81410.31,74,F1,1,,,,,
2026-07-30,2026-07-30,CM,NSE,STK,757767,INE12NJ01018,SAMBHV,EQ,,,,,SAMBHV STEEL TUBES LTD,116.60,118.95,115.01,115.64,115.85,115.81,,115.64,,,1008338,117603566.07,6365,F1,1,,,,,
2026-07-30,2026-07-30,CM,NSE,STK,21096,INE0PZA01015,SAIFL,SM,,,,,SAMEERA AGRO AND INFRA L,5.05,5.10,4.95,5.05,5.05,5.05,,5.05,,,384000,1926800.00,61,F1,4000,,,,,
2026-07-30,2026-07-30,CM,NSE,STK,18614,INE08U801020,SAMHI,EQ,,,,,SAMHI HOTELS LIMITED,182.72,186.60,179.28,186.07,186.00,181.72,,186.04,,,1587375,292075142.68,14906,F1,1,,,,,
2026-07-30,2026-07-30,CM,NSE,STK,30125,INE148I01020,SAMMAANCAP,EQ,,,,,SAMMAAN CAPITAL LIMITED,162.00,162.10,159.60,160.00,160.02,162.07,,160.00,,,2954404,473469214.81,13564,F1,1,,,,,
2026-07-30,2026-07-30,CM,NSE,STK,27303,INE735M01018,SAMPANN,EQ,,,,,SAMPANN UTPADAN INDIA LTD,28.39,28.39,27.01,27.19,27.56,27.71,,27.20,,,19030,522975.10,191,F1,1,,,,,
2026-07-30,2026-07-30,CM,NSE,STK,4204,INE775A01035,MOTHERSON,EQ,,,,,SAMVRDHNA MTHRSN INTL LTD,146.00,147.39,144.83,146.72,146.69,146.00,,146.72,,,9499863,1390272987.74,41526,F1,1,,,,,
2026-07-30,2026-07-30,CM,NSE,STK,28805,INE0JPD01013,SANATHAN,EQ,,,,,SANATHAN TEXTILES LIMITED,480.80,480.80,461.00,464.35,462.10,471.75,,464.35,,,11500,5377825.50,814,F1,1,,,,,
2026-07-30,2026-07-30,CM,NSE,STK,2988,INE583B01015,SANDESH,EQ,,,,,SANDESH LTD,974.20,985.00,965.20,966.35,965.20,973.00,,966.35,,,227,220012.60,37,F1,1,,,,,
2026-07-30,2026-07-30,CM,NSE,STK,2397,INE278H01035,SANDHAR,EQ,,,,,SANDHAR TECHNOLOGIES LTD,589.15,609.95,583.25,599.85,602.50,590.90,,599.85,,,651689,390589032.25,26827,F1,1,,,,,
2026-07-30,2026-07-30,CM,NSE,STK,18359,INE149K01016,SANDUMA,EQ,,,,,SANDUR MANG & IRON ORES L,209.00,218.25,208.25,213.88,214.00,208.56,,213.88,,,2644630,569136735.04,36263,F1,1,,,,,
2026-07-30,2026-07-30,CM,NSE,STK,4184,INE495C01010,SANGAMIND,EQ,,,,,SANGAM (INDIA) LTD,601.75,624.30,598.00,615.65,619.90,598.75,,615.65,,,27405,16669663.45,1374,F1,1,,,,,
2026-07-30,2026-07-30,CM,NSE,STK,14058,INE989A01032,SANGHVIMOV,EQ,,,,,SANGHVI MOVERS LTD,438.00,443.95,431.00,433.95,435.00,438.10,,433.95,,,167950,73286151.10,5217,F1,1,,,,,
2026-07-30,2026-07-30,CM,NSE,STK,11033,INE753W01010,SANGINITA,BE,,,,,SANGINITA CHEMICALS LTD,66.69,66.69,66.69,66.69,66.69,65.39,,66.69,,,1093297,72911976.93,377,F1,1,,,,,
2026-07-30,2026-07-30,CM,NSE,STK,25222,INE0UOS01011,SANOFICONR,EQ,,,,,SANOFI CONS HEALTHC IND L,4745.00,4745.00,4600.00,4619.70,4603.00,4745.30,,4619.70,,,3161,14729528.80,1002,F1,1,,,,,
2026-07-30,2026-07-30,CM,NSE,STK,1442,INE058A01010,SANOFI,EQ,,,,,SANOFI INDIA LIMITED,3420.10,3420.10,3356.00,3366.30,3364.00,3419.90,,3366.30,,,20929,70743467.70,3937,F1,1,,,,,
2026-07-30,2026-07-30,CM,NSE,STK,5751,INE953O01021,SANSERA,EQ,,,,,SANSERA ENGINEERING LTD,3226.00,3252.00,3171.70,3235.20,3235.00,3233.10,,3235.30,,,102083,328925599.40,12023,F1,1,,,,,
2026-07-30,2026-07-30,CM,NSE,STK,24582,INE08NE01025,SANSTAR,EQ,,,,,SANSTAR LIMITED,112.15,113.59,108.93,113.01,113.00,111.53,,113.01,,,275252,30587174.61,4162,F1,1,,,,,
2026-07-30,2026-07-30,CM,NSE,STK,46,INE890C01046,SANWARIA,BZ,,,,,SANWARIA CONSUMER LIMITED,0.21,0.21,0.20,0.20,0.21,0.20,,0.20,,,602394,125013.35,120,F1,1,,,,,
2026-07-30,2026-07-30,CM,NSE,STK,6718,INE806T01020,SAPPHIRE,EQ,,,,,SAPPHIRE FOODS INDIA LTD,193.68,205.06,191.23,195.25,195.00,193.67,,195.25,,,3312566,651978553.10,59949,F1,1,,,,,
2026-07-30,2026-07-30,CM,NSE,STK,19863,INE0PUC01020,SARTELE,SM,,,,,SAR TELEVENTURE LIMITED,114.90,114.90,112.00,114.40,114.00,113.45,,114.40,,,25000,2847050.00,47,F1,500,,,,,
2026-07-30,2026-07-30,CM,NSE,STK,762985,INE967G01019,ZSARACOM,EQ,,,,,SARASWATI COMM (INDIA) L,12300.00,12300.00,11917.00,12299.00,12300.00,12238.50,,12317.00,,,22,269305.00,16,F1,1,,,,,
2026-07-30,2026-07-30,CM,NSE,STK,24856,INE0PQ101010,SSDL,EQ,,,,,SARASWATI SAREE DEPOT LTD,53.00,54.99,52.81,53.68,53.00,53.42,,53.66,,,38302,2053448.91,556,F1,1,,,,,
2026-07-30,2026-07-30,CM,NSE,STK,17758,INE385C01021,SARDAEN,EQ,,,,,SARDA ENERGY & MIN LTD,525.00,525.00,510.75,511.80,511.00,523.60,,511.80,,,201820,104120816.65,11890,F1,1,,,,,
2026-07-30,2026-07-30,CM,NSE,STK,4892,INE979A01025,SAREGAMA,EQ,,,,,SAREGAMA INDIA LIMITED,530.95,535.90,519.85,521.40,522.75,530.45,,521.40,,,270017,142282944.20,11490,F1,1,,,,,
2026-07-30,2026-07-30,CM,NSE,STK,14043,INE453D01025,SARLAPOLY,EQ,,,,,SARLA PERF. FIBERS LTD,99.20,99.50,97.00,97.84,97.00,99.17,,97.84,,,34711,3419152.66,1068,F1,1,,,,,
2026-07-30,2026-07-30,CM,NSE,STK,6843,INE017W01010,SMLT,EQ,,,,,SARTHAK METALS LIMITED,69.73,69.73,66.55,66.80,66.55,68.03,,66.75,,,4193,283949.65,177,F1,1,,,,,
2026-07-30,2026-07-30,CM,NSE,STK,12913,INE324X01026,SARVESHWAR,EQ,,,,,SARVESHWAR FOODS LIMITED,3.33,3.41,3.29,3.35,3.36,3.33,,3.35,,,828831,2769995.62,1365,F1,1,,,,,
2026-07-30,2026-07-30,CM,NSE,STK,11983,INE231F01020,SASKEN,EQ,,,,,SASKEN TECHNOLOGIES LTD,1818.90,1835.00,1744.00,1746.80,1749.00,1793.80,,1746.80,,,25198,44727002.80,2993,F1,1,,,,,
2026-07-30,2026-07-30,CM,NSE,STK,29154,INE0NB801022,SATKARTAR,ST,,,,,SAT KARTAR LIFE LIMITED,128.05,130.60,126.50,130.50,130.50,128.95,,130.50,,,6400,826240.00,8,F1,800,,,,,
2026-07-30,2026-07-30,CM,NSE,STK,24697,INE0RFP01011,SSEGL,SM,,,,,SATHLOKHAR SYN E&C GLOB L,331.00,340.00,313.50,316.90,314.05,327.50,,316.90,,,57000,18615880.00,207,F1,200,,,,,
2026-07-30,2026-07-30,CM,NSE,STK,24507,INE0RPM01017,SATIPOLY,ST,,,,,SATI POLY PLAST LIMITED,38.95,40.00,38.95,39.00,39.00,41.00,,39.00,,,1500,58975.00,3,F1,500,,,,,
2026-07-30,2026-07-30,CM,NSE,STK,11045,INE170E01023,SATIA,EQ,,,,,SATIA INDUSTRIES LIMITED,60.50,62.20,59.52,61.78,62.00,60.69,,61.78,,,85106,5183033.21,876,F1,1,,,,,
2026-07-30,2026-07-30,CM,NSE,STK,10453,INE836B01017,SATIN,EQ,,,,,SATIN CREDIT NET LTD,257.05,266.18,256.00,257.42,258.10,258.46,,257.53,,,516445,134926868.02,8611,F1,1,,,,,
2026-07-30,2026-07-30,CM,NSE,STK,758960,INE14DW01018,SATTVAENGG,SM,,,,,SATTVA ENGINEERING CSTN L,78.00,87.00,78.00,83.30,84.65,77.00,,83.30,,,107200,8972560.00,63,F1,1600,,,,,
2026-07-30,2026-07-30,CM,NSE,STK,3018,INE626A01014,SAURASHCEM,EQ,,,,,SAURASHTRA CEMENT LIMITED,57.52,57.68,56.10,56.77,56.79,57.76,,56.77,,,40959,2330221.77,700,F1,1,,,,,
2026-07-30,2026-07-30,CM,NSE,STK,3021,INE035D01020,SOTL,EQ,,,,,SAVITA OIL TECHNOLO. LTD,608.90,608.90,585.50,588.10,590.00,609.30,,588.05,,,195832,116606305.90,7696,F1,1,,,,,
2026-07-30,2026-07-30,CM,NSE,STK,757704,INE0UCN01017,SAVY,SM,,,,,SAVY INFRA AND LOGI LTD,116.50,120.00,116.50,118.00,118.00,118.80,,118.00,,,7200,852540.00,6,F1,1200,,,,,
2026-07-30,2026-07-30,CM,NSE,STK,758444,INE10VS01016,SAWALIYA,SM,,,,,SAWALIYA FOOD PRODUCTS L,298.00,298.00,290.00,291.00,291.00,291.00,,291.00,,,31200,9104220.00,32,F1,600,,,,,
2026-07-30,2026-07-30,CM,NSE,STK,762879,INE318C01014,SAYAJIHOTL,EQ,,,,,SAYAJI HOTELS LTD.,287.80,293.00,287.80,290.40,293.00,285.35,,290.40,,,55,15951.90,6,F1,1,,,,,
2026-07-30,2026-07-30,CM,NSE,STK,6792,INE04AK01028,SBC,EQ,,,,,SBC EXPORTS LIMITED,42.15,42.38,41.66,42.12,42.10,42.08,,42.11,,,9316491,392756262.98,4516,F1,1,,,,,
2026-07-30,2026-07-30,CM,NSE,STK,18026,INE423Y01016,SBFC,EQ,,,,,SBFC FINANCE LIMITED,90.01,90.97,88.96,90.16,90.25,90.19,,90.16,,,1135255,101956144.02,25396,F1,1,,,,,
2026-07-30,2026-07-30,CM,NSE,STK,17971,INE018E01016,SBICARD,EQ,,,,,SBI CARDS & PAY SER LTD,660.80,662.75,653.70,657.80,658.00,660.50,,657.80,,,1075151,708078609.40,20373,F1,1,,,,,
2026-07-30,2026-07-30,CM,NSE,STK,764173,INE640G01020,SBIFUNDS,EQ,,,,,SBI FUNDS MANAGEMENT LTD,576.05,579.90,565.05,570.20,571.00,576.05,,570.20,,,3789220,2158181153.90,100939,F1,1,,,,,
2026-07-30,2026-07-30,CM,NSE,STK,21808,INE123W01016,SBILIFE,EQ,,,,,SBI LIFE INSURANCE CO LTD,1882.20,1910.00,1862.60,1877.50,1867.10,1894.90,,1877.50,,,1513264,2858845318.90,51938,F1,1,,,,,
2026-07-30,2026-07-30,CM,NSE,STK,17272,INF200KA16D8,SETFGOLD,EQ,,,,,SBI-ETF GOLD,120.54,121.21,120.40,121.13,121.14,120.53,,121.13,,,1516352,183406771.90,7295,F1,1,,,,,
2026-07-30,2026-07-30,CM,NSE,STK,10176,INF200KA1FS1,SETFNIF50,EQ,,,,,SBI-ETF NIFTY 50,260.48,261.55,260.00,261.27,261.03,260.58,,261.26,,,873847,227870802.00,3109,F1,1,,,,,
2026-07-30,2026-07-30,CM,NSE,STK,7361,INF200KA1580,SETFNIFBK,EQ,,,,,SBI-ETF NIFTY BANK,587.10,587.10,583.11,586.02,586.20,587.10,,586.02,,,11620,6796415.78,1346,F1,1,,,,,
2026-07-30,2026-07-30,CM,NSE,STK,7353,INF200KA1598,SETFNN50,EQ,,,,,SBI-ETF NIFTY NEXT 50,778.54,779.49,774.64,778.64,779.48,779.76,,778.64,,,17608,13676600.03,1942,F1,1,,,,,
2026-07-30,2026-07-30,CM,NSE,STK,19705,INF200KA13Z8,LIQUIDSBI,EQ,,,,,SBIAMC - LIQUIDSBI,999.99,1000.01,999.99,1000.00,1000.01,1000.00,,1000.00,,,4039,4039028.01,28,F1,1,,,,,
2026-07-30,2026-07-30,CM,NSE,STK,30290,INF200KB1712,SBIBPB,EQ,,,,,SBIAMC - SBIBPB,48.64,48.64,47.91,48.26,48.30,48.28,,48.26,,,16389,789086.64,307,F1,1,,,,,
2026-07-30,2026-07-30,CM,NSE,STK,5168,INF200KA1X17,SBIETFCON,EQ,,,,,SBIAMC - SBIETFCON,123.95,125.48,122.09,124.70,124.90,123.95,,124.70,,,10672,1327334.38,102,F1,1,,,,,
2026-07-30,2026-07-30,CM,NSE,STK,740,INF200KA1S14,SBIETFIT,EQ,,,,,SBIAMC - SBIETFIT,355.00,355.00,345.00,346.06,345.98,344.61,,346.06,,,65655,23038048.08,570,F1,1,,,,,
2026-07-30,2026-07-30,CM,NSE,STK,722,INF200KA1S22,SBIETFPB,EQ,,,,,SBIAMC - SBIETFPB,283.94,283.94,279.00,281.09,279.01,281.45,,281.09,,,92706,25881321.91,132,F1,1,,,,,
2026-07-30,2026-07-30,CM,NSE,STK,7218,INF200KA1WX6,SBIETFQLTY,EQ,,,,,SBIAMC - SBIETFQLTY,225.95,226.42,224.84,225.25,226.07,225.95,,225.25,,,3492,788053.19,50,F1,1,,,,,
2026-07-30,2026-07-30,CM,NSE,STK,758496,INF200KB1969,SBILIQETF,EQ,,,,,SBIAMC - SBILIQETF,1049.63,1049.63,1049.61,1049.62,1049.63,1049.48,,1049.62,,,11130,11682375.85,31,F1,1,,,,,
2026-07-30,2026-07-30,CM,NSE,STK,761095,INF200KB1AJ0,SBIMIDMOM,EQ,,,,,SBIAMC - SBIMIDMOM,61.24,63.10,61.24,62.25,62.00,62.49,,62.25,,,22239,1382879.40,122,F1,1,,,,,
2026-07-30,2026-07-30,CM,NSE,STK,24524,INF200KB1282,SBINEQWETF,EQ,,,,,SBIAMC - SBINEQWETF,33.88,34.00,33.37,33.84,33.62,33.78,,33.84,,,57458,1941757.68,247,F1,1,,,,,
2026-07-30,2026-07-30,CM,NSE,STK,761741,INF200KB1AK8,SBINMID150,EQ,,,,,SBIAMC - SBINMID150,23.39,23.39,23.06,23.13,23.13,23.16,,23.13,,,17523,406377.89,101,F1,1,,,,,
2026-07-30,2026-07-30,CM,NSE,STK,24366,INF200KB1217,SBISILVER,EQ,,,,,SBIAMC - SBISILVER,210.88,212.10,210.05,211.92,211.99,211.87,,211.92,,,684499,144459106.20,6477,F1,1,,,,,
2026-07-30,2026-07-30,CM,NSE,STK,763543,INF200KB1AY9,SBISMLETF,EQ,,,,,SBIAMC - SBISMLETF,18.20,18.20,17.81,17.91,18.17,18.02,,17.91,,,26492,477674.56,144,F1,1,,,,,
2026-07-30,2026-07-30,CM,NSE,STK,763546,INF200KB1AX1,SBIVALETF,EQ,,,,,SBIAMC - SBIVALETF,14.88,15.00,14.85,14.92,15.00,14.74,,14.92,,,8274,122982.11,26,F1,1,,,,,
2026-07-30,2026-07-30,CM,NSE,STK,17395,INF200KA1JT1,SETF10GILT,EQ,,,,,SBIAMC - SETF10GILT,266.00,266.31,264.16,264.29,264.16,265.79,,264.29,,,2521,667358.95,29,F1,1,,,,,
2026-07-30,2026-07-30,CM,NSE,STK,762884,INE099G01011,SCANSTL,EQ,,,,,SCAN STEELS LTD.,58.46,63.00,58.00,60.65,60.70,59.38,,60.64,,,1301659,79340853.09,11789,F1,1,,,,,
2026-07-30,2026-07-30,CM,NSE,STK,1011,INE513A01022,SCHAEFFLER,EQ,,,,,SCHAEFFLER INDIA LIMITED,4168.60,4168.60,4025.00,4040.10,4043.00,4159.80,,4040.00,,,47869,194564879.10,12128,F1,1,,,,,
2026-07-30,2026-07-30,CM,NSE,STK,31234,INE839M01018,SCHNEIDER,EQ,,,,,SCHNEIDER ELECTRIC INFRA,1285.00,1305.00,1243.00,1298.40,1302.00,1280.90,,1298.40,,,382226,483164098.20,30767,F1,1,,,,,
2026-07-30,2026-07-30,CM,NSE,STK,757458,INE148I07YA9,9SCL27,N2,,,,,SCL 9.00% 2027 SR I,1000.00,1000.00,976.00,982.00,982.00,990.00,,982.00,,,127,126791.09,7,F1,1,,,,,
2026-07-30,2026-07-30,CM,NSE,STK,757464,INE148I07XP9,925SCL2028,N8,,,,,SCL 9.25% 2028 SR IV,1000.00,1000.00,1000.00,1000.00,1000.00,1000.00,,1000.00,,,25,25000.00,5,F1,1,,,,,
2026-07-30,2026-07-30,CM,NSE,STK,30220,INE148I07WH8,925SCL27B,N1,,,,,SCL 9.25% SR II,1001.00,1001.00,1001.00,1001.00,1001.00,1001.00,,1000.00,,,50,50050.00,1,F1,1,,,,,
2026-07-30,2026-07-30,CM,NSE,STK,30214,INE148I07WE5,965SCL27,N1,,,,,SCL 9.65% SR I,1020.20,1020.20,1020.20,1020.20,1020.20,1010.20,,1020.20,,,50,51010.00,1,F1,1,,,,,
2026-07-30,2026-07-30,CM,NSE,STK,30210,INE148I07WC9,SCL19325A,N1,,,,,SCL SR III,1104.00,1104.00,1086.30,1086.30,1086.30,1000.20,,1086.30,,,10,10898.40,2,F1,1,,,,,
2026-07-30,2026-07-30,CM,NSE,STK,757478,INE090501011,SCODATUBES,EQ,,,,,SCODA TUBES LIMITED,148.14,148.57,144.30,145.76,145.30,147.77,,145.76,,,61838,9035037.07,1427,F1,1,,,,,
2026-07-30,2026-07-30,CM,NSE,STK,10963,IN1020220506,745AP42,SG,,,,,SDL AP 7.45% 2042,96.00,96.00,94.05,94.05,94.05,99.00,,94.05,,,500,47220.00,2,F1,100,,,,,
2026-07-30,2026-07-30,CM,NSE,STK,762421,IN3520260016,737CG31,SG,,,,,SDL CG 7.37% 2031,101.00,101.00,101.00,101.00,101.00,96.50,,101.00,,,100,10100.00,1,F1,100,,,,,
2026-07-30,2026-07-30,CM,NSE,STK,25352,IN2220240260,71MH33,SG,,,,,SDL MH 7.1% 2033,95.80,95.80,95.80,95.80,95.80,92.00,,95.80,,,200,19160.00,1,F1,100,,,,,
2026-07-30,2026-07-30,CM,NSE,STK,5232,IN2220210206,71MH36,SG,,,,,SDL MH 7.1% 2036,96.25,96.25,96.25,96.25,96.25,96.25,,96.25,,,100,9625.00,1,F1,100,,,,,
2026-07-30,2026-07-30,CM,NSE,STK,24763,IN2220240138,726MH49,SG,,,,,SDL MH 7.26% 2049,92.00,93.00,92.00,92.00,92.00,96.52,,92.00,,,500,46100.00,3,F1,100,,,,,
2026-07-30,2026-07-30,CM,NSE,STK,2616,INE497B01018,SEAMECLTD,EQ,,,,,SEAMEC LIMITED,1432.70,1459.00,1421.20,1427.60,1421.20,1439.80,,1427.60,,,18478,26566652.40,2187,F1,1,,,,,
2026-07-30,2026-07-30,CM,NSE,STK,7674,INE477L07AS8,IIFLHF29,NE,,,,,SEC RE NCD 0% SR.VIII,1380.00,1390.00,1380.00,1390.00,1390.00,1447.01,,1390.00,,,50,69400.00,3,F1,1,,,,,
2026-07-30,2026-07-30,CM,NSE,STK,12465,INE741K07496,10CAGL27,N5,,,,,SEC RE NCD 10% SR. V,1014.00,1014.00,1014.00,1014.00,1014.00,1013.00,,1014.00,,,10,10140.00,1,F1,1,,,,,
2026-07-30,2026-07-30,CM,NSE,STK,20779,INE413U07269,1003ISFL28,N4,,,,,SEC RE NCD 10.03% SR 5,1010.00,1010.00,1003.00,1003.00,1003.00,1003.50,,1003.00,,,1283,1288400.75,13,F1,1,,,,,
2026-07-30,2026-07-30,CM,NSE,STK,15253,INE244L07523,890SFIL23A,NZ,,,,,SEC RE NCD 10.03% SR.VIII,380.10,414.99,380.10,410.00,410.00,420.00,,397.50,,,74,30065.91,6,F1,1,,,,,
2026-07-30,2026-07-30,CM,NSE,STK,25916,INE583D07513,1040UCL27B,N1,,,,,SEC RE NCD 10.40% SR III,1027.00,1027.00,1027.00,1027.00,1027.00,1006.00,,1024.17,,,5,5135.00,1,F1,1,,,,,
2026-07-30,2026-07-30,CM,NSE,STK,21026,INE148I07RR7,835SCL23A,YH,,,,,SEC RE NCD 10.5% SR IX,1062.70,1062.70,1062.70,1062.70,1062.70,1050.00,,1062.70,,,10,10627.00,1,F1,1,,,,,
2026-07-30,2026-07-30,CM,NSE,STK,20784,INE413U07251,1050ISFL28,N5,,,,,SEC RE NCD 10.50% SR 6,1050.00,1050.00,1050.00,1050.00,1050.00,1050.00,,1045.20,,,100,105000.00,2,F1,1,,,,,
2026-07-30,2026-07-30,CM,NSE,STK,23123,INE342T07460,1065NFL27,NC,,,,,SEC RE NCD 10.65% SR.IV,1012.05,1035.00,1012.05,1027.00,1035.00,1011.05,,1031.62,,,25,25525.50,3,F1,1,,,,,
2026-07-30,2026-07-30,CM,NSE,STK,23319,INE148I07SR5,1075SCFL34,Z6,,,,,SEC RE NCD 10.75% SR XI,1085.00,1085.00,1085.00,1085.00,1085.00,1089.00,,1042.65,,,40,43400.00,2,F1,1,,,,,
2026-07-30,2026-07-30,CM,NSE,STK,18902,INE148I07PT7,1075SCL33A,N2,,,,,SEC RE NCD 10.75% SR XI,861.00,952.00,861.00,952.00,952.00,850.30,,908.65,,,6,5530.00,2,F1,1,,,,,
2026-07-30,2026-07-30,CM,NSE,STK,23125,INE342T07445,1119NFL27,ND,,,,,SEC RE NCD 11.19% SR.V,1038.20,1038.20,1038.20,1038.20,1038.20,1050.00,,1038.20,,,1,1038.20,1,F1,1,,,,,
2026-07-30,2026-07-30,CM,NSE,STK,11658,INE0H7R07017,79NHIT35,N1,,,,,SEC RE NCD 7.90% STRPP A,309.00,311.50,309.00,310.50,310.50,312.00,,310.50,,,187,58033.00,5,F1,1,,,,,
2026-07-30,2026-07-30,CM,NSE,STK,11665,INE0H7R07025,79NHIT40,N2,,,,,SEC RE NCD 7.90% STRPP B,316.00,316.00,306.80,310.00,310.00,316.00,,309.25,,,188,57700.40,3,F1,1,,,,,
2026-07-30,2026-07-30,CM,NSE,STK,11669,INE0H7R07033,79NHIT47,N3,,,,,SEC RE NCD 7.90% STRPP C,419.99,419.99,414.35,419.48,419.48,418.87,,419.48,,,623,259381.10,9,F1,1,,,,,
2026-07-30,2026-07-30,CM,NSE,STK,3476,INE219X07280,797IGT31,NL,,,,,SEC RE NCD 7.97% SR.VI,1010.00,1010.00,1010.00,1010.00,1010.00,1010.00,,1010.00,,,40,40400.00,4,F1,1,,,,,
2026-07-30,2026-07-30,CM,NSE,STK,7648,INE477L07AN9,820IIFL27,N9,,,,,SEC RE NCD 8.20% SR.III,991.71,991.71,991.71,991.71,991.71,987.20,,991.71,,,312,309413.52,2,F1,1,,,,,
2026-07-30,2026-07-30,CM,NSE,STK,3464,INE219X07264,82IGT31,NJ,,,,,SEC RE NCD 8.20% SR.V,1027.20,1030.00,1027.01,1027.02,1027.01,1028.00,,1027.02,,,189,194423.71,9,F1,1,,,,,
2026-07-30,2026-07-30,CM,NSE,STK,15374,INE121A07QY9,840CIFCL28,N4,,,,,SEC RE NCD 8.40% SR.V,1025.00,1025.00,1025.00,1025.00,1025.00,1000.00,,1025.00,,,543,556575.00,5,F1,1,,,,,
2026-07-30,2026-07-30,CM,NSE,STK,6197,INE530B07161,842IIFL26,NL,,,,,SEC RE NCD 8.42% SR.V,995.25,999.97,995.25,998.95,996.50,997.00,,998.95,,,4850,4844576.63,23,F1,1,,,,,
2026-07-30,2026-07-30,CM,NSE,STK,7668,INE477L07AQ2,843IHFL29,NC,,,,,SEC RE NCD 8.43% SR.VI,976.00,978.00,976.00,978.00,978.00,976.00,,978.00,,,201,196576.00,2,F1,1,,,,,
2026-07-30,2026-07-30,CM,NSE,STK,17039,INE530B07385,865IFL28,NZ,,,,,SEC RE NCD 8.65% SR.V,986.50,986.50,986.50,986.50,986.50,1000.00,,986.50,,,72,71028.00,2,F1,1,,,,,
2026-07-30,2026-07-30,CM,NSE,STK,13852,INE530B07310,865IIFL28,NS,,,,,SEC RE NCD 8.65% SR.V,992.65,996.00,988.70,993.01,993.00,991.11,,993.01,,,650,644504.88,12,F1,1,,,,,
2026-07-30,2026-07-30,CM,NSE,STK,6200,INE530B07179,875IIFL26,NM,,,,,SEC RE NCD 8.75% SR.VI,1064.75,1064.75,1064.75,1064.75,1064.75,1060.00,,1064.75,,,88,93698.00,4,F1,1,,,,,
2026-07-30,2026-07-30,CM,NSE,STK,23706,INE338I07164,897MOFSL29,N4,,,,,SEC RE NCD 8.97% SR V,1029.99,1029.99,1020.00,1028.00,1028.00,1030.00,,1028.00,,,196,201639.65,8,F1,1,,,,,
2026-07-30,2026-07-30,CM,NSE,STK,28858,INE477L07BC0,9IHFL27,N1,,,,,SEC RE NCD 9% SR IV,1030.10,1030.10,1030.00,1030.00,1030.00,1046.96,,1036.00,,,127,130812.50,2,F1,1,,,,,
2026-07-30,2026-07-30,CM,NSE,STK,13854,INE530B07260,9IIFL28A,NT,,,,,SEC RE NCD 9% SR.VI,1027.23,1032.10,1027.23,1032.10,1032.10,1031.10,,1032.10,,,10,10296.86,4,F1,1,,,,,
2026-07-30,2026-07-30,CM,NSE,STK,7769,INE148I07LC2,925SCFL27,YA,,,,,SEC RE NCD 9.25% SR.VII,1044.50,1044.50,1044.50,1044.50,1044.50,1042.60,,1044.50,,,30,31335.00,1,F1,1,,,,,
2026-07-30,2026-07-30,CM,NSE,STK,20075,INE148I07QK4,948SCL26A,NN,,,,,SEC RE NCD 9.48% SR V,310.60,310.60,310.60,310.60,310.60,310.00,,310.60,,,18,5590.80,1,F1,1,,,,,
2026-07-30,2026-07-30,CM,NSE,STK,21000,INE148I07RJ4,948SCL26B,Y8,,,,,SEC RE NCD 9.48% SR V,995.00,995.00,995.00,995.00,995.00,995.00,,995.00,,,100,99500.00,1,F1,1,,,,,
2026-07-30,2026-07-30,CM,NSE,STK,25552,INE148I07UC3,948SCL27D,N1,,,,,SEC RE NCD 9.48% SR V,1002.00,1002.00,975.50,975.50,975.50,968.00,,989.25,,,7,6881.50,2,F1,1,,,,,
2026-07-30,2026-07-30,CM,NSE,STK,11361,INE148I07ME6,915SCL27,Z7,,,,,SEC RE NCD 9.55% SR.VII,1070.00,1070.00,1070.00,1070.00,1070.00,1065.80,,1070.00,,,58,62060.00,1,F1,1,,,,,
2026-07-30,2026-07-30,CM,NSE,STK,25287,INE423A07328,965AEL27,N4,,,,,SEC RE NCD 9.65% SR IV,1093.00,1095.00,1093.00,1095.00,1095.00,1096.51,,1095.00,,,153,167335.00,9,F1,1,,,,,
2026-07-30,2026-07-30,CM,NSE,STK,21024,INE148I07RP1,980SCL33D,YG,,,,,SEC RE NCD 9.71% SR VIII,1000.20,1000.20,1000.20,1000.20,1000.20,1050.00,,1000.20,,,190,190038.00,3,F1,1,,,,,
2026-07-30,2026-07-30,CM,NSE,STK,14718,INE148I07NV8,971SCL28,AN,,,,,SEC RE NCD 9.71% SR.VIII,459.90,459.90,459.90,459.90,459.90,460.75,,459.90,,,201,92439.90,1,F1,1,,,,,
2026-07-30,2026-07-30,CM,NSE,STK,25296,INE423A07344,99AEL29,N7,,,,,SEC RE NCD 9.90% SR VII,1100.01,1100.01,1100.01,1100.01,1100.01,1106.43,,1100.01,,,16,17600.16,1,F1,1,,,,,
2026-07-30,2026-07-30,CM,NSE,STK,17952,INE121A07RD1,CIFC26A,N9,,,,,SEC RE NCD SR 4,1261.50,1261.50,1261.50,1261.50,1261.50,1261.45,,1261.50,,,1012,1276638.00,8,F1,1,,,,,
2026-07-30,2026-07-30,CM,NSE,STK,19772,INE148I07QB3,SCLZC26C,NB,,,,,SEC RE NCD SR VI,1300.00,1300.00,1300.00,1300.00,1300.00,1300.00,,1299.98,,,1,1300.00,1,F1,1,,,,,
2026-07-30,2026-07-30,CM,NSE,STK,20088,INE148I07QO6,SCLZC26E,NP,,,,,SEC RE NCD SR VI,1290.00,1290.00,1290.00,1290.00,1290.00,1275.09,,1290.00,,,1,1290.00,1,F1,1,,,,,
2026-07-30,2026-07-30,CM,NSE,STK,15376,INE121A07QX1,CIFCZC28A,N5,,,,,SEC RE NCD SR.VI,1292.00,1292.00,1292.00,1292.00,1292.00,1291.36,,1292.00,,,58,74936.00,3,F1,1,,,,,
2026-07-30,2026-07-30,CM,NSE,STK,14219,INE00QS24043,IMC1,N1,,,,,SEC RE NCGB 8.25% STRPP B,257.00,257.00,256.50,256.50,256.50,256.50,,256.50,,,42,10778.00,3,F1,1,,,,,
2026-07-30,2026-07-30,CM,NSE,STK,14224,INE00QS24027,IMC1,N2,,,,,SEC RE NCGB 8.25% STRPP C,256.01,256.01,256.01,256.01,256.01,256.11,,256.01,,,42,10752.42,1,F1,1,,,,,
2026-07-30,2026-07-30,CM,NSE,STK,14228,INE00QS24035,IMC1,N3,,,,,SEC RE NCGB 8.25% STRPP D,255.20,255.20,255.20,255.20,255.20,255.10,,255.20,,,43,10973.60,2,F1,1,,,,,
2026-07-30,2026-07-30,CM,NSE,STK,7975,INE804IA7014,1015ECL29,NR,,,,,SEC RED NCD 10.15% SR. VI,1022.80,1022.90,1020.00,1022.90,1022.90,1020.05,,1021.45,,,175,178852.50,5,F1,1,,,,,
2026-07-30,2026-07-30,CM,NSE,STK,7986,INE804IA7022,1060ECL29,NS,,,,,SEC RED NCD 10.6% SR. VII,1092.00,1092.00,1092.00,1092.00,1092.00,1149.00,,1092.00,,,200,218400.00,1,F1,1,,,,,
2026-07-30,2026-07-30,CM,NSE,STK,16874,INE033L07GU2,84TCHF28,NA,,,,,SEC RED NCD 8.40% SR.V,1052.70,1060.00,1050.00,1060.00,1060.00,1050.00,,1060.00,,,1086,1140466.70,6,F1,1,,,,,
2026-07-30,2026-07-30,CM,NSE,STK,18624,INE148I07GJ7,865SCL26,N8,,,,,SEC RED NCD 8.65% SR. V,996.99,996.99,996.99,996.99,996.99,996.00,,996.99,,,10,9969.90,2,F1,1,,,,,
2026-07-30,2026-07-30,CM,NSE,STK,8625,INE721A07ON4,957ICCL25,YW,,,,,SEC RED NCD 9.30% SR. II,1071.00,1071.00,1033.00,1036.10,1036.10,1050.00,,1036.10,,,116,120591.10,9,F1,1,,,,,
2026-07-30,2026-07-30,CM,NSE,STK,12919,INE721A07PA8,931SFL26,Z5,,,,,SEC RED NCD 9.31% SR.III,1003.00,1003.00,974.31,974.31,974.31,1005.00,,974.31,,,448,445766.79,8,F1,1,,,,,
2026-07-30,2026-07-30,CM,NSE,STK,1001,INE721A07NX5,94SFL28,YL,,,,,SEC RED NCD 9.40% SR. V,1049.00,1049.00,1048.50,1048.50,1048.50,1044.00,,1044.01,,,300,314675.00,6,F1,1,,,,,
2026-07-30,2026-07-30,CM,NSE,STK,4288,INE804I078Y8,943ECL28,NJ,,,,,SEC RED NCD 9.43% SR. VI,1004.00,1004.00,1000.01,1000.02,1000.02,1003.99,,1000.02,,,306,306054.00,4,F1,1,,,,,
2026-07-30,2026-07-30,CM,NSE,STK,4292,INE804I079Y6,985ECL28,NK,,,,,SEC RED NCD 9.85% SR. VII,1019.00,1019.00,1002.00,1002.51,1002.00,1004.66,,1002.54,,,641,647573.09,8,F1,1,,,,,
2026-07-30,2026-07-30,CM,NSE,STK,19496,INE0BTM01013,SECMARK,EQ,,,,,SECMARK CONSULTANCY LTD,130.00,130.00,123.80,124.02,126.90,125.11,,124.02,,,4143,517801.76,42,F1,1,,,,,
2026-07-30,2026-07-30,CM,NSE,STK,11058,INE650K01021,SECURKLOUD,EQ,,,,,SECUREKLOUD TECH LIMITED,17.51,18.00,17.50,17.50,17.88,17.88,,17.51,,,13975,247722.19,76,F1,1,,,,,
2026-07-30,2026-07-30,CM,NSE,STK,761153,INE00XB01019,SEDEMAC,EQ,,,,,SEDEMAC MECHATRONICS LTD,2672.50,2709.90,2625.00,2648.80,2645.00,2657.80,,2648.80,,,102116,271820734.80,15083,F1,1,,,,,
2026-07-30,2026-07-30,CM,NSE,STK,7094,INE955I01044,SEJALLTD,BE,,,,,SEJAL GLASS LIMITED,764.95,780.10,735.25,757.10,766.95,745.85,,757.10,,,10985,8263112.50,183,F1,1,,,,,
2026-07-30,2026-07-30,CM,NSE,STK,6262,INE105I01020,SELMC,EQ,,,,,SEL MANUFACTURING CO LTD,27.36,27.91,27.20,27.59,27.82,27.33,,27.59,,,1622,44838.40,57,F1,1,,,,,
2026-07-30,2026-07-30,CM,NSE,STK,757982,INE0IJF01013,SELLOWRAP,SM,,,,,SELLOWRAP INDUSTRIES LTD,67.00,67.00,67.00,67.00,67.00,66.95,,67.00,,,1600,107200.00,1,F1,1600,,,,,
2026-07-30,2026-07-30,CM,NSE,STK,11964,INE617A01013,SEMAC,BE,,,,,SEMAC CONSTRUCTION LTD,307.30,315.00,307.30,307.80,307.30,323.45,,307.80,,,187,57607.05,16,F1,1,,,,,
2026-07-30,2026-07-30,CM,NSE,STK,17271,INE602W01027,SENCO,EQ,,,,,SENCO GOLD LIMITED,412.95,412.95,403.00,404.85,405.70,413.40,,404.85,,,1193415,486233292.80,27427,F1,1,,,,,
2026-07-30,2026-07-30,CM,NSE,STK,28888,INE0RB801010,SENORES,EQ,,,,,SENORES PHARMACEUTICALS L,1318.30,1321.50,1279.70,1292.40,1290.80,1318.30,,1292.30,,,199488,258409961.40,14104,F1,1,,,,,
2026-07-30,2026-07-30,CM,NSE,STK,15308,INE964H01014,SEPC,EQ,,,,,SEPC LIMITED,6.03,6.03,5.75,5.85,5.83,6.02,,5.85,,,12857508,75707734.53,8872,F1,1,,,,,
2026-07-30,2026-07-30,CM,NSE,STK,20715,INE027E07BC8,865LTF26,NN,,,,,SERENCD 8.65% SR.VI OP12,1060.00,1060.00,1060.00,1060.00,1060.00,1060.00,,1060.00,,,3,3180.00,2,F1,1,,,,,
2026-07-30,2026-07-30,CM,NSE,STK,20691,INE027E07AN7,87LTF27,NH,,,,,SERENCD 8.70% SR.VII OPII,1030.00,1030.00,1030.00,1030.00,1030.00,1030.00,,1030.00,,,15,15450.00,1,F1,1,,,,,
2026-07-30,2026-07-30,CM,NSE,STK,20655,INE027E07998,898LTF29,N7,,,,,SERENCD 8.98% SR.VI OP2,1071.99,1071.99,1071.99,1071.99,1071.99,1067.20,,1071.99,,,1,1071.99,1,F1,1,,,,,
2026-07-30,2026-07-30,CM,NSE,STK,20687,INE027E07AL1,905LTF27,NF,,,,,SERENCD 9.05% SR.VI OPII,1033.00,1033.00,1033.00,1033.00,1033.00,1032.66,,1033.00,,,688,710704.00,3,F1,1,,,,,
2026-07-30,2026-07-30,CM,NSE,STK,17399,INE0P1Q01015,SERVICE,SM,,,,,SERVICE CARE LIMITED,61.00,61.50,60.05,60.05,60.05,60.00,,60.05,,,14000,854600.00,7,F1,2000,,,,,
2026-07-30,2026-07-30,CM,NSE,STK,5507,INE782X01033,SERVOTECH,EQ,,,,,SERVOTECH REN POW SYS LTD,92.48,92.51,81.00,81.83,82.20,92.25,,81.83,,,3817006,322722911.60,31940,F1,1,,,,,
2026-07-30,2026-07-30,CM,NSE,STK,759934,INE04VU01023,STYL,EQ,,,,,SESHAASAI TECHNOLOGIES L,345.05,362.00,343.00,345.30,348.20,350.85,,345.45,,,187808,66363688.80,7078,F1,1,,,,,
2026-07-30,2026-07-30,CM,NSE,STK,3066,INE630A01024,SESHAPAPER,EQ,,,,,SESHASAYEE PAPER & BOARDS,234.54,239.35,229.00,237.37,234.55,233.36,,237.41,,,103933,24296959.56,2228,F1,1,,,,,
2026-07-30,2026-07-30,CM,NSE,STK,17518,INE878E01021,SETCO,BE,,,,,SETCO AUTOMOTIVE LTD,17.90,17.90,17.60,17.60,17.60,17.94,,17.91,,,44994,797269.76,73,F1,1,,,,,
2026-07-30,2026-07-30,CM,NSE,STK,18024,INE023M01027,SETUINFRA,BZ,,,,,SETUBANDHAN INFRA LTD,0.43,0.44,0.41,0.43,0.43,0.43,,0.43,,,50713,21853.51,31,F1,1,,,,,
2026-07-30,2026-07-30,CM,NSE,STK,10836,INE573R01012,SEYAIND,BE,,,,,SEYA INDUSTRIES LIMITED,12.54,12.54,12.18,12.18,12.18,12.42,,12.22,,,6288,76675.52,27,F1,1,,,,,
2026-07-30,2026-07-30,CM,NSE,STK,758853,INE618R01015,SGFIN,EQ,,,,,SG FINSERVE LIMITED,677.00,681.65,657.00,658.80,659.90,679.60,,658.85,,,215326,143536209.00,7817,F1,1,,,,,
2026-07-30,2026-07-30,CM,NSE,STK,758889,INE385F01024,SGMART,EQ,,,,,SG MART LIMITED,703.10,711.25,690.00,692.10,692.90,708.15,,692.15,,,330057,230100671.75,10877,F1,1,,,,,
2026-07-30,2026-07-30,CM,NSE,STK,761469,INE12UN01015,SHADOWFAX,EQ,,,,,SHADOWFAX TECHNOLOGIES L,216.19,221.54,214.40,220.17,220.32,216.19,,220.17,,,3921677,859981544.37,78789,F1,1,,,,,
2026-07-30,2026-07-30,CM,NSE,STK,11856,INE640C01011,SHAHALLOYS,EQ,,,,,SHAH ALLOYS LIMITED,67.01,67.99,66.00,66.56,67.84,66.23,,66.69,,,3546,236130.72,60,F1,1,,,,,
2026-07-30,2026-07-30,CM,NSE,STK,20296,INE482J01021,SHAH,EQ,,,,,SHAH METACORP LIMITED,3.68,3.94,3.67,3.91,3.91,3.71,,3.91,,,4192924,16091885.64,2687,F1,1,,,,,
2026-07-30,2026-07-30,CM,NSE,STK,8727,INE151G01028,SHAILY,EQ,,,,,SHAILY ENG PLASTICS LTD,3016.40,3050.90,2985.50,3029.10,3036.00,3044.20,,3029.10,,,94943,286766047.00,9200,F1,1,,,,,
2026-07-30,2026-07-30,CM,NSE,STK,25574,INE908D01010,SHAKTIPUMP,EQ,,,,,SHAKTI PUMPS (I) LTD,523.00,527.50,517.10,523.55,524.75,523.75,,523.55,,,458735,240368823.60,16279,F1,1,,,,,
2026-07-30,2026-07-30,CM,NSE,STK,714,INE597J01018,SHALBY,EQ,,,,,SHALBY LIMITED,162.00,164.98,160.00,161.04,164.00,162.62,,161.04,,,41002,6611327.46,1289,F1,1,,,,,
2026-07-30,2026-07-30,CM,NSE,STK,761688,INE861D01011,SAHLIBHFI,EQ,,,,,SHALIBHADRA FINANCE LTD,81.63,83.00,80.00,81.48,82.00,81.81,,81.48,,,8256,677413.38,129,F1,1,,,,,
2026-07-30,2026-07-30,CM,NSE,STK,15342,INE849C01026,SHALPAINTS,EQ,,,,,SHALIM PAINTS LTD,70.08,70.08,66.65,67.24,67.91,69.42,,67.23,,,289076,19959476.15,1666,F1,1,,,,,
2026-07-30,2026-07-30,CM,NSE,STK,25737,INE01NE01012,SRD,EQ,,,,,SHANKAR LAL RAMPAL LTD,37.92,37.92,37.12,37.72,37.92,37.92,,37.75,,,6349,238441.37,68,F1,1,,,,,
2026-07-30,2026-07-30,CM,NSE,STK,20321,INE274V01019,SHANKARA,EQ,,,,,SHANKARA BLDG PRODUCT LTD,140.66,142.90,139.01,139.31,139.13,140.30,,139.31,,,424322,59572312.40,1267,F1,1,,,,,
2026-07-30,2026-07-30,CM,NSE,STK,760594,INE24OJ01011,BUILDPRO,EQ,,,,,SHANKARA BUILDPRO LIMITED,1234.80,1235.00,1203.10,1212.20,1210.10,1230.20,,1212.20,,,25847,31530555.50,2350,F1,1,,,,,
2026-07-30,2026-07-30,CM,NSE,STK,19752,INE0Q9Q01017,SHANTHALA,SM,,,,,SHANTHALA FMCG PRODUCTS L,17.05,18.00,17.05,17.55,17.55,18.00,,17.55,,,4800,84180.00,4,F1,1200,,,,,
2026-07-30,2026-07-30,CM,NSE,STK,3078,INE631A01022,SHANTIGEAR,EQ,,,,,SHANTHI GEARS LTD,414.95,416.45,402.05,411.45,411.00,418.85,,411.35,,,20557,8448825.65,1317,F1,1,,,,,
2026-07-30,2026-07-30,CM,NSE,STK,762889,INE440T01028,SEIL,EQ,,,,,SHANTI EDU INITIATIVES L,208.02,211.00,203.37,204.29,204.45,208.03,,204.28,,,272556,56481024.53,4532,F1,1,,,,,
2026-07-30,2026-07-30,CM,NSE,STK,758002,INE06ZD01017,SHANTIGOLD,EQ,,,,,SHANTI GOLD INTERNATION L,223.16,223.16,215.00,216.26,215.50,223.32,,216.26,,,692497,150830972.20,8013,F1,1,,,,,
2026-07-30,2026-07-30,CM,NSE,STK,5650,INE933X01016,SHANTI,EQ,,,,,SHANTI OVERSEAS INDIA LTD,6.57,6.88,6.57,6.63,6.61,6.73,,6.63,,,16269,108520.57,77,F1,1,,,,,
2026-07-30,2026-07-30,CM,NSE,STK,762904,INE220Z01013,SHINDL,EQ,,,,,SHARAT INDUSTRIES LTD.,161.95,165.00,157.64,162.21,165.00,160.87,,162.09,,,101931,16328420.61,895,F1,1,,,,,
2026-07-30,2026-07-30,CM,NSE,STK,4992,INE221J01015,SHARDACROP,EQ,,,,,SHARDA CROPCHEM LTD.,820.00,840.00,815.65,820.00,822.00,824.70,,820.00,,,272280,224559554.60,16337,F1,1,,,,,
2026-07-30,2026-07-30,CM,NSE,STK,10530,INE597I01028,SHARDAMOTR,EQ,,,,,SHARDA MOTOR INDS LTD,843.60,894.55,831.55,855.55,857.85,843.60,,855.55,,,397070,343841682.70,17152,F1,1,,,,,
2026-07-30,2026-07-30,CM,NSE,STK,762897,INE037B01020,SHARDUL,BE,,,,,SHARDUL SECURITIES LTD.,43.69,43.69,43.69,43.69,43.69,45.98,,43.75,,,4275,186774.75,34,F1,1,,,,,
2026-07-30,2026-07-30,CM,NSE,STK,104,INE932X01026,SHAREINDIA,EQ,,,,,SHARE IND. SECURITIES LTD,172.07,175.87,170.90,171.67,171.43,174.81,,171.68,,,606084,105427757.70,4508,F1,1,,,,,
2026-07-30,2026-07-30,CM,NSE,STK,19469,INE460Q01014,SCML,SM,,,,,SHARP CHUCKS N MACHINES L,80.00,80.00,79.00,79.00,79.00,80.00,,79.00,,,17000,1353950.00,8,F1,1000,,,,,
2026-07-30,2026-07-30,CM,NSE,STK,759410,INE0YJV01017,SHEEL,ST,,,,,SHEEL BIOTECH LIMITED,70.00,70.00,68.00,68.00,68.00,69.95,,68.00,,,8000,555800.00,4,F1,2000,,,,,
2026-07-30,2026-07-30,CM,NSE,STK,19184,INE916U01025,SFL,EQ,,,,,SHEELA FOAM LIMITED,787.95,797.85,770.00,776.30,774.65,789.35,,776.55,,,104580,82090674.15,9272,F1,1,,,,,
2026-07-30,2026-07-30,CM,NSE,STK,12072,INE501Y01019,SCPL,EQ,,,,,SHEETAL COOL PRODUCTS LTD,570.00,575.05,545.00,551.15,549.00,575.00,,551.05,,,16926,9435255.65,900,F1,1,,,,,
2026-07-30,2026-07-30,CM,NSE,STK,20415,INE04VX01019,SHEETAL,SM,,,,,SHEETAL UNIVERSAL LIMITED,291.00,300.00,291.00,300.00,300.00,289.65,,300.00,,,1000,295500.00,2,F1,500,,,,,
2026-07-30,2026-07-30,CM,NSE,STK,21095,INE268L01046,SHEKHAWATI,EQ,,,,,SHEKHAWATI INDUSTRIES LTD,12.86,12.86,12.07,12.19,12.10,12.31,,12.19,,,14384,176344.48,97,F1,1,,,,,
2026-07-30,2026-07-30,CM,NSE,STK,5072,INE363M01019,SHEMAROO,BE,,,,,SHEMAROO ENTER. LTD.,120.00,120.00,115.00,117.16,117.16,118.38,,116.92,,,8753,1025041.30,76,F1,1,,,,,
2026-07-30,2026-07-30,CM,NSE,STK,14176,INE0MM001019,SHERA,ST,,,,,SHERA ENERGY LIMITED,160.05,165.00,160.05,165.00,165.00,164.30,,165.00,,,11000,1782150.00,9,F1,1000,,,,,
2026-07-30,2026-07-30,CM,NSE,STK,759847,INE024F01011,SHILCTECH,EQ,,,,,SHILCHAR TECHNOLOGIES LTD,4521.00,4521.30,4435.00,4492.20,4450.00,4534.40,,4491.90,,,16951,75885152.50,4621,F1,1,,,,,
2026-07-30,2026-07-30,CM,NSE,STK,17752,INE790G01031,SHILPAMED,EQ,,,,,SHILPA MEDICARE LTD,606.90,613.35,601.00,602.95,604.00,604.60,,602.95,,,242324,147065208.75,9548,F1,1,,,,,
2026-07-30,2026-07-30,CM,NSE,STK,23127,INE0PB301013,SCILAL,EQ,,,,,SHIPPING CORP OF ILA LTD,41.58,41.70,40.66,40.81,40.90,41.34,,40.81,,,178102,7302033.04,1336,F1,1,,,,,
2026-07-30,2026-07-30,CM,NSE,STK,3048,INE109A01011,SCI,EQ,,,,,SHIPPING CORP OF INDIA LT,278.55,281.25,275.35,278.45,278.50,278.60,,278.45,,,910358,253168628.25,15996,F1,1,,,,,
2026-07-30,2026-07-30,CM,NSE,STK,759747,INE719F01016,SHIVAUM,EQ,,,,,SHIV AUM STEELS LIMITED,437.20,442.55,431.00,431.00,431.00,442.20,,431.00,,,3879,1686873.20,116,F1,1,,,,,
2026-07-30,2026-07-30,CM,NSE,STK,1503,INE644Y01017,SHIVAMILLS,BE,,,,,SHIVA MILLS LIMITED,62.91,62.91,62.91,62.91,62.91,61.45,,61.91,,,1,62.91,1,F1,1,,,,,
2026-07-30,2026-07-30,CM,NSE,STK,804,INE705C01020,SHIVATEX,EQ,,,,,SHIVA TEXYARN LIMITED,161.05,167.64,161.05,164.43,166.00,161.05,,164.43,,,12846,2112689.90,223,F1,1,,,,,
2026-07-30,2026-07-30,CM,NSE,STK,24249,INE0T7B01010,SPCL,SM,,,,,SHIVALIC POWER CONTROL L,67.15,68.00,66.00,67.40,67.10,67.90,,67.40,,,13800,925650.00,21,F1,600,,,,,
2026-07-30,2026-07-30,CM,NSE,STK,4656,INE386D01027,SBCL,EQ,,,,,SHIVALIK BIMETAL CON. LTD,739.90,741.65,723.05,735.95,736.00,739.10,,735.80,,,126687,92648143.65,7157,F1,1,,,,,
2026-07-30,2026-07-30,CM,NSE,STK,7026,INE788J01021,SHIVALIK,BE,,,,,SHIVALIK RASAYAN LIMITED,253.00,255.79,246.00,251.08,251.99,257.88,,251.08,,,34621,8692336.37,213,F1,1,,,,,
2026-07-30,2026-07-30,CM,NSE,STK,13757,INE637H01024,SHIVAMAUTO,BE,,,,,SHIVAM AUTO.LTD,18.45,18.45,18.00,18.00,18.00,18.09,,18.12,,,34758,638976.60,50,F1,1,,,,,
2026-07-30,2026-07-30,CM,NSE,STK,758744,INE1DLF01018,SHIVASHRIT,SM,,,,,SHIVASHRIT FOODS LIMITED,121.00,122.50,118.35,122.50,122.50,121.00,,122.50,,,15000,1803850.00,9,F1,1000,,,,,
2026-07-30,2026-07-30,CM,NSE,STK,11813,INE498B01024,SHOPERSTOP,EQ,,,,,SHOPPERS STOP LIMITED,393.60,395.00,383.85,390.10,387.05,392.25,,390.10,,,30951,12080981.90,1095,F1,1,,,,,
2026-07-30,2026-07-30,CM,NSE,STK,708,INE715Y01031,SHRADHA,EQ,,,,,SHRADHA REALTY LIMITED,34.25,34.30,33.85,33.92,33.85,34.01,,33.92,,,20353,694246.67,78,F1,1,,,,,
2026-07-30,2026-07-30,CM,NSE,STK,10588,INE712K01011,SHREEPUSHK,EQ,,,,,SHRE PUSH CHEM & FERT LTD,386.40,396.10,385.10,394.05,394.00,389.20,,393.80,,,17830,6955566.55,834,F1,1,,,,,
2026-07-30,2026-07-30,CM,NSE,STK,762874,INE185C01017,SAPPL,EQ,,,,,SHREE AJIT PULP & PAPER L,305.95,305.95,291.00,293.20,291.30,288.05,,296.15,,,10,2960.00,7,F1,1,,,,,
2026-07-30,2026-07-30,CM,NSE,STK,3103,INE070A01015,SHREECEM,EQ,,,,,SHREE CEMENT LIMITED,26705.00,26800.00,25940.00,26455.00,26510.00,26825.00,,26455.00,,,10456,276836180.00,5360,F1,1,,,,,
2026-07-30,2026-07-30,CM,NSE,STK,3099,INE232A01011,SHREDIGCEM,EQ,,,,,SHREE DIGVIJAY CEM CO LTD,71.60,73.79,71.50,73.20,72.40,72.21,,73.20,,,133336,9717762.33,875,F1,1,,,,,
2026-07-30,2026-07-30,CM,NSE,STK,23074,INE0S4Y01010,SHREEKARNI,SM,,,,,SHREE KARNI FABCOM LTD,412.00,412.00,405.00,405.00,405.00,404.00,,405.00,,,900,366600.00,4,F1,150,,,,,
2026-07-30,2026-07-30,CM,NSE,STK,20603,INE02S501018,SHREEOSFM,SM,,,,,SHREE OSFM E-MOBILITY LTD,54.00,56.00,54.00,56.00,56.00,54.05,,56.00,,,7000,388000.00,6,F1,1000,,,,,
2026-07-30,2026-07-30,CM,NSE,STK,760188,INE19GK01015,SRTL,EQ,,,,,SHREE RAM TWISTEX LIMITED,40.41,40.90,39.20,39.53,39.90,40.80,,39.53,,,41525,1656242.40,462,F1,1,,,,,
2026-07-30,2026-07-30,CM,NSE,STK,7627,INE879A01019,SHREERAMA,EQ,,,,,SHREE RAMA MULTI TECH LTD,39.70,39.73,38.50,38.82,38.98,38.96,,38.82,,,29997,1176703.68,394,F1,1,,,,,
2026-07-30,2026-07-30,CM,NSE,STK,13565,INE278B01020,RAMANEWS,EQ,,,,,SHREE RAMA NEWSPRINT LTD,28.50,29.32,28.35,28.82,28.68,28.68,,28.91,,,7616,219539.43,72,F1,1,,,,,
2026-07-30,2026-07-30,CM,NSE,STK,12026,INE087H01022,RENUKA,EQ,,,,,SHREE RENUKA SUGARS LTD,21.85,21.89,21.56,21.64,21.64,21.81,,21.64,,,1585685,34305219.33,4639,F1,1,,,,,
2026-07-30,2026-07-30,CM,NSE,STK,21868,INE238Y01018,TIRUPATI,SM,,,,,SHREE TIRUPATI BALAJEE,377.70,377.70,377.70,377.70,377.70,397.55,,377.70,,,3500,1321950.00,10,F1,125,,,,,
2026-07-30,2026-07-30,CM,NSE,STK,25203,INE0S2G01011,BALAJEE,EQ,,,,,SHREE TIRUPATI BALAJEE L,27.49,27.49,26.78,27.06,26.78,26.91,,27.07,,,13026,351725.76,156,F1,1,,,,,
2026-07-30,2026-07-30,CM,NSE,STK,15126,INE00CE01017,SVLL,BE,,,,,SHREE VASU LOGISTICS LTD,731.65,735.00,731.65,735.00,735.00,746.55,,735.00,,,2502,1837891.30,25,F1,1,,,,,
2026-07-30,2026-07-30,CM,NSE,STK,762112,INE0K3301012,SHREEDHAR,SM,,,,,SHREEDHAR SPINNERS LTD,88.00,88.00,86.15,87.00,87.00,87.00,,87.00,,,14000,1226200.00,7,F1,2000,,,,,
2026-07-30,2026-07-30,CM,NSE,STK,759805,INE1FL101016,SHETHJI,ST,,,,,SHREEJI GLOBAL FMCG LTD,156.40,157.00,150.60,152.80,154.00,156.40,,152.80,,,13000,1999100.00,12,F1,1000,,,,,
2026-07-30,2026-07-30,CM,NSE,STK,759448,INE1B6101010,SHREEJISPG,EQ,,,,,SHREEJI SHIPPING GLOBAL L,628.00,647.00,622.50,643.45,641.00,624.15,,643.45,,,569364,362587079.75,8912,F1,1,,,,,
2026-07-30,2026-07-30,CM,NSE,STK,14305,INE00IK01029,OSWALSEEDS,EQ,,,,,SHREEOSWAL S AND CHE LTD,10.20,10.90,10.20,10.71,10.65,10.39,,10.71,,,59411,618967.66,152,F1,1,,,,,
2026-07-30,2026-07-30,CM,NSE,STK,5718,INE0GTI23014,SHREMINVIT,IV,,,,,SHREM INVIT,101.00,101.00,101.00,101.00,101.00,101.00,,101.00,,,25000,2525000.00,1,F1,25000,,,,,
2026-07-30,2026-07-30,CM,NSE,STK,760252,INE632X01030,SHRENIK,BZ,,,,,SHRENIK LIMITED,0.33,0.34,0.33,0.33,0.34,0.33,,0.33,,,241601,81099.09,127,F1,1,,,,,
2026-07-30,2026-07-30,CM,NSE,STK,3126,INE231C01019,SHREYANIND,EQ,,,,,SHREYANS INDUSTRIES LTD,141.50,143.70,138.51,139.09,140.00,140.80,,139.09,,,5262,734923.05,86,F1,1,,,,,
2026-07-30,2026-07-30,CM,NSE,STK,756409,INE0DM401012,SHRIAHIMSA,ST,,,,,SHRI AHIMSA NATURALS LTD,378.00,385.00,365.00,372.00,372.00,369.40,,372.00,,,12000,4469760.00,20,F1,600,,,,,
2026-07-30,2026-07-30,CM,NSE,STK,762899,INE402H01015,SHBAJRG,EQ,,,,,SHRI BAJRANG ALLIANCE L,183.00,185.00,181.01,183.10,185.00,183.75,,182.10,,,2268,413333.34,65,F1,1,,,,,
2026-07-30,2026-07-30,CM,NSE,STK,760202,INE1V4601019,SHRIKANHA,SM,,,,,SHRI KANHA STAINLESS LTD,22.00,22.00,21.95,22.00,22.00,22.10,,22.00,,,6400,140720.00,4,F1,1600,,,,,
2026-07-30,2026-07-30,CM,NSE,STK,762909,INE997I01012,SHRIKRISH,EQ,,,,,SHRI KRISHNA DEVCON LTD.,40.00,40.99,40.00,40.99,40.99,40.00,,40.99,,,25,1020.79,3,F1,1,,,,,
2026-07-30,2026-07-30,CM,NSE,STK,759093,INE1B3L01017,SHRINGARMS,EQ,,,,,SHRINGAR HOU OF MANGALS L,219.90,222.00,218.10,219.90,220.00,219.49,,219.89,,,178795,39373427.70,1283,F1,1,,,,,
2026-07-30,2026-07-30,CM,NSE,STK,24374,INF680P01422,LIQUIDSHRI,EQ,,,,,SHRIRAM - LIQUIDSHRI,1115.14,1115.14,1115.12,1115.13,1115.12,1114.99,,1115.13,,,32847,36628953.69,35,F1,1,,,,,
2026-07-30,2026-07-30,CM,NSE,STK,4306,INE721A01047,SHRIRAMFIN,EQ,,,,,SHRIRAM FINANCE LIMITED,1038.00,1051.00,1019.50,1027.20,1029.00,1044.70,,1027.20,,,5425880,5574735548.70,94602,F1,1,,,,,
2026-07-30,2026-07-30,CM,NSE,STK,7200,INE217L01019,SHRIRAMPPS,EQ,,,,,SHRIRAM PROPERTIES LTD,85.55,86.12,83.53,83.90,84.06,86.23,,83.91,,,469807,39630698.17,3475,F1,1,,,,,
2026-07-30,2026-07-30,CM,NSE,STK,6451,INE01Z401013,SHUBHLAXMI,SM,,,,,SHUBHLAXMI JEWEL ART LTD,19.00,19.00,18.05,18.45,18.45,19.00,,18.45,,,7000,128950.00,7,F1,1000,,,,,
2026-07-30,2026-07-30,CM,NSE,STK,10192,INE979R01011,SHYAMCENT,BE,,,,,SHYAM CENTURY FERROUS LTD,5.02,5.18,4.96,5.11,5.11,5.10,,5.11,,,34625,174601.61,91,F1,1,,,,,
2026-07-30,2026-07-30,CM,NSE,STK,761213,INE1CRP01016,SHYAMDHANI,ST,,,,,SHYAM DHANI INDUSTRIES L,55.30,56.00,55.10,56.00,56.00,58.00,,56.00,,,20000,1106300.00,10,F1,2000,,,,,
2026-07-30,2026-07-30,CM,NSE,STK,4693,INE810G01011,SHYAMMETL,EQ,,,,,SHYAM METALICS AND ENGY L,1033.00,1038.45,1013.95,1022.30,1020.00,1033.60,,1022.30,,,465618,475624953.05,12585,F1,1,,,,,
2026-07-30,2026-07-30,CM,NSE,STK,13741,INE635A01023,SHYAMTEL,BE,,,,,SHYAM TELECOM LIMITED,16.00,16.00,15.99,16.00,16.00,16.00,,16.00,,,1101,17606.00,3,F1,1,,,,,
2026-07-30,2026-07-30,CM,NSE,STK,16875,INE176J01011,SICAGEN,EQ,,,,,SICAGEN INDIA LIMITED,49.00,50.83,46.55,49.26,49.25,49.84,,49.23,,,14982,735855.53,120,F1,1,,,,,
2026-07-30,2026-07-30,CM,NSE,STK,19434,INE075B01020,SICALLOG,EQ,,,,,SICAL LOGISTICS LIMITED,111.50,117.07,111.50,117.07,117.07,111.50,,116.95,,,101791,11857018.91,634,F1,1,,,,,
2026-07-30,2026-07-30,CM,NSE,STK,759053,INE0SVO01019,SIDDHICOTS,SM,,,,,SIDDHI COTSPIN LIMITED,28.50,28.50,28.40,28.45,28.40,28.40,,28.45,,,2400,68280.00,2,F1,1200,,,,,
2026-07-30,2026-07-30,CM,NSE,STK,3148,INE0A1E01018,SIDDHIKA,SM,,,,,SIDDHIKA COATINGS LIMITED,205.05,211.00,204.55,211.00,211.00,209.10,,211.00,,,4000,822250.00,5,F1,500,,,,,
2026-07-30,2026-07-30,CM,NSE,STK,756871,INE1NPP01017,ENRIN,EQ,,,,,SIEMENS ENERGY INDIA LTD,3172.50,3178.00,3075.00,3121.70,3121.80,3170.70,,3121.70,,,701712,2178544429.80,47009,F1,1,,,,,
2026-07-30,2026-07-30,CM,NSE,STK,3150,INE003A01024,SIEMENS,EQ,,,,,SIEMENS LTD,3650.80,3665.00,3582.60,3658.80,3665.00,3650.80,,3658.80,,,214869,779202503.80,17564,F1,1,,,,,
2026-07-30,2026-07-30,CM,NSE,STK,6664,INE0D0K01022,SIGACHI,BE,,,,,SIGACHI INDUSTRIES LTD,26.44,26.44,26.44,26.44,26.44,25.93,,26.43,,,1381230,36519721.20,723,F1,1,,,,,
2026-07-30,2026-07-30,CM,NSE,STK,14797,INE933B01012,SIGMAADV,BE,,,,,SIGMA ADVANCED SYSTEM LTD,627.80,627.80,581.60,599.40,604.00,605.40,,599.75,,,854299,524710010.90,7503,F1,1,,,,,
2026-07-30,2026-07-30,CM,NSE,STK,16658,INE0A0S01028,SIGMA,EQ,,,,,SIGMA SOLVE LIMITED,48.00,52.58,47.20,48.30,47.48,45.04,,48.30,,,2791030,138059096.47,15290,F1,1,,,,,
2026-07-30,2026-07-30,CM,NSE,STK,18743,INE903U01023,SIGNATURE,EQ,,,,,SIGNATUREGLOBAL INDIA LTD,824.15,824.15,803.20,813.45,812.00,819.60,,813.50,,,218879,178787725.15,7863,F1,1,,,,,
2026-07-30,2026-07-30,CM,NSE,STK,4522,INE529F01035,SIGIND,EQ,,,,,SIGNET INDUSTRIES LIMITED,49.60,50.99,48.21,49.39,49.67,49.43,,49.38,,,77130,3818803.02,489,F1,1,,,,,
2026-07-30,2026-07-30,CM,NSE,STK,22656,INE0KGZ01021,SIGNPOST,EQ,,,,,SIGNPOST INDIA LIMITED,304.40,312.50,303.25,311.20,311.40,307.20,,311.20,,,66751,20542397.90,2286,F1,1,,,,,
2026-07-30,2026-07-30,CM,NSE,STK,762914,INE438E01032,SIKA,EQ,,,,,SIKA INTERPLANT SYSTEMS L,1099.30,1104.90,1065.20,1077.70,1072.00,1105.20,,1077.60,,,19275,20804754.80,2708,F1,1,,,,,
2026-07-30,2026-07-30,CM,NSE,STK,6218,INE112X01025,SIKKO,EQ,,,,,SIKKO INDUSTRIES LIMITED,5.13,5.38,5.13,5.24,5.25,5.11,,5.24,,,1563818,8240420.30,1198,F1,1,,,,,
2026-07-30,2026-07-30,CM,NSE,STK,4105,INE923A01015,SILINV,EQ,,,,,SIL INVESTMENTS LIMITED,423.00,429.95,413.00,427.60,427.85,414.55,,427.60,,,3507,1467020.20,69,F1,1,,,,,
2026-07-30,2026-07-30,CM,NSE,STK,2492,INE01II01013,SILGO,EQ,,,,,SILGO RETAIL LIMITED,71.56,72.49,69.50,70.37,72.48,70.72,,70.37,,,40021,2809252.39,934,F1,1,,,,,
2026-07-30,2026-07-30,CM,NSE,STK,23739,INE0STN01015,SILKFLEX,ST,,,,,SILKFLEX POLYMERS INDIA L,207.00,219.95,207.00,215.50,215.50,215.40,,215.50,,,10000,2150900.00,10,F1,1000,,,,,
2026-07-30,2026-07-30,CM,NSE,STK,757679,INE0SN801015,SILKY,SM,,,,,SILKY OVERSEAS LIMITED,73.90,74.85,70.65,74.85,74.85,70.50,,74.85,,,4000,290360.00,4,F1,800,,,,,
2026-07-30,2026-07-30,CM,NSE,STK,19097,INE203Y01012,SILLYMONKS,EQ,,,,,SILLY MONKS ENTERTAIN LTD,16.24,16.24,14.91,15.74,15.85,15.99,,15.74,,,17163,266763.41,150,F1,1,,,,,
2026-07-30,2026-07-30,CM,NSE,STK,9422,INE625X01026,SILVERTUC,EQ,,,,,SILVER TOUCH TECHNO LTD,211.03,216.80,203.40,206.80,204.89,209.99,,206.79,,,1089247,231244191.05,12999,F1,1,,,,,
2026-07-30,2026-07-30,CM,NSE,STK,758836,INE748T01016,SIMBHALS,BZ,,,,,SIMBHAOLI SUGARS LTD.,6.80,6.87,6.50,6.70,6.78,6.71,,6.71,,,3691,24476.74,40,F1,1,,,,,
2026-07-30,2026-07-30,CM,NSE,STK,763375,INE1K4J01018,SIMCA,SM,,,,,SIMCA ADVERTISING LIMITED,221.35,222.00,215.50,216.70,217.00,216.10,,216.70,,,16800,3681150.00,25,F1,600,,,,,
2026-07-30,2026-07-30,CM,NSE,STK,3162,INE059B01024,SIMPLEXINF,EQ,,,,,SIMPLEX INFRASTRUCTURES L,232.10,235.90,229.95,233.30,233.00,234.20,,233.30,,,36127,8413857.50,999,F1,1,,,,,
2026-07-30,2026-07-30,CM,NSE,STK,23480,INE985A01022,SINCLAIR,EQ,,,,,SINCLAIRS HOTELS LIMITED,74.01,74.79,73.31,73.76,73.99,74.15,,73.76,,,11946,883041.96,465,F1,1,,,,,
2026-07-30,2026-07-30,CM,NSE,STK,16859,INE325D01025,SINDHUTRAD,EQ,,,,,SINDHU TRADE LINKS LTD,24.80,24.80,23.70,24.16,24.10,24.93,,24.16,,,775612,18689311.40,2946,F1,1,,,,,
2026-07-30,2026-07-30,CM,NSE,STK,761420,INE638A01035,SINGERIND,EQ,,,,,SINGER INDIA LIMITED,65.70,66.00,64.00,64.37,64.69,65.22,,64.36,,,23427,1518751.32,471,F1,1,,,,,
2026-07-30,2026-07-30,CM,NSE,STK,381,INE129Z01016,SINTERCOM,EQ,,,,,SINTERCOM INDIA LIMITED,82.65,85.90,82.50,83.62,82.70,85.51,,83.62,,,105010,8864993.72,250,F1,1,,,,,
2026-07-30,2026-07-30,CM,NSE,STK,11050,INE792Z01011,SIRCA,EQ,,,,,SIRCA PAINT INDIA LIMITED,402.50,409.80,399.00,406.95,405.95,402.50,,407.00,,,292335,118820675.10,4426,F1,1,,,,,
2026-07-30,2026-07-30,CM,NSE,STK,21501,INE285J01028,SIS,EQ,,,,,SIS LIMITED,429.70,430.70,421.80,424.25,424.10,430.45,,424.30,,,79072,33753853.15,5213,F1,1,,,,,
2026-07-30,2026-07-30,CM,NSE,STK,29210,INE965H01011,SITINET,BZ,,,,,SITI NETWORKS LIMITED,0.31,0.31,0.30,0.30,0.31,0.30,,0.30,,,411667,125919.85,192,F1,1,,,,,
2026-07-30,2026-07-30,CM,NSE,STK,14096,INE076B01028,SIYSIL,EQ,,,,,SIYARAM SILK MILLS LTD,620.15,627.75,587.15,602.30,600.20,617.05,,602.35,,,56545,34481069.95,4138,F1,1,,,,,
2026-07-30,2026-07-30,CM,NSE,STK,6643,INE284S01014,SJS,EQ,,,,,SJS ENTERPRISES LIMITED,2347.70,2416.90,2347.70,2359.00,2365.00,2347.70,,2359.10,,,75434,179031794.50,8850,F1,1,,,,,
2026-07-30,2026-07-30,CM,NSE,STK,18883,INE002L01015,SJVN,EQ,,,,,SJVN LTD,69.25,69.25,68.32,68.45,68.55,69.02,,68.45,,,1086414,74509666.11,11470,F1,1,,,,,
2026-07-30,2026-07-30,CM,NSE,STK,760101,INE2J8701016,SKFINDUS,EQ,,,,,SKF IND (INDUSTRIAL) LTD,2679.90,2697.90,2647.60,2671.60,2658.30,2667.60,,2671.60,,,20449,54730569.50,5961,F1,1,,,,,
2026-07-30,2026-07-30,CM,NSE,STK,3186,INE640A01023,SKFINDIA,EQ,,,,,SKF INDIA LTD,1486.30,1493.80,1461.00,1472.40,1475.00,1479.40,,1472.40,,,24004,35433820.90,4810,F1,1,,,,,
2026-07-30,2026-07-30,CM,NSE,STK,9428,INE439E01022,SKIPPER,EQ,,,,,SKIPPER LIMITED,525.95,535.80,517.10,527.10,526.50,526.80,,527.10,,,571319,302441025.95,15892,F1,1,,,,,
2026-07-30,2026-07-30,CM,NSE,STK,4732,INE411D01023,SKMEGGPROD,EQ,,,,,SKM EGG PROD EXPORT(I) LT,268.00,272.10,246.15,249.90,250.00,273.50,,249.90,,,1080923,277987531.55,18640,F1,1,,,,,
2026-07-30,2026-07-30,CM,NSE,STK,10325,INE0KZA01016,SKP,SM,,,,,SKP BEARING INDUSTRI. LTD,159.00,159.10,153.00,156.30,157.00,159.20,,156.30,,,5500,860200.00,9,F1,500,,,,,
2026-07-30,2026-07-30,CM,NSE,STK,13631,INE01IU01018,SKYGOLD,EQ,,,,,SKY GOLD AND DIAMONDS LTD,657.50,663.85,632.55,638.25,638.00,653.50,,638.30,,,1042358,670838349.55,25126,F1,1,,,,,
2026-07-30,2026-07-30,CM,NSE,STK,23692,INE0SMA01017,SLONE,ST,,,,,SLONE INFOSYSTEMS LIMITED,138.00,138.00,132.10,136.30,138.00,132.10,,136.30,,,6000,808560.00,15,F1,400,,,,,
2026-07-30,2026-07-30,CM,NSE,STK,757622,INE14GK01016,SMARTEN,ST,,,,,SMARTEN POWER SYSTEMS LTD,57.50,58.05,53.30,54.00,54.00,55.30,,54.00,,,70800,3910560.00,39,F1,1200,,,,,
2026-07-30,2026-07-30,CM,NSE,STK,9893,INE178C01020,SMARTLINK,BE,,,,,SMARTLINK HOLDINGS LTD,207.28,207.28,198.00,204.93,204.70,203.23,,203.96,,,1589,320275.43,41,F1,1,,,,,
2026-07-30,2026-07-30,CM,NSE,STK,757965,INE0NAZ01010,SMARTWORKS,EQ,,,,,SMARTWORKS COWORKING SP L,482.00,485.50,464.15,469.05,467.00,480.00,,469.10,,,157302,73907918.15,5674,F1,1,,,,,
2026-07-30,2026-07-30,CM,NSE,STK,760219,INE05NX24031,8SMC30,N2,,,,,SMC 8% 2030 STRPP B,506.00,506.00,506.00,506.00,506.00,518.00,,506.00,,,5,2530.00,1,F1,1,,,,,
2026-07-30,2026-07-30,CM,NSE,STK,2320,INE103C01036,SMCGLOBAL,EQ,,,,,SMC GLOBAL SECURITIES LTD,79.90,82.60,78.40,81.54,81.20,80.03,,81.54,,,1418168,115539928.74,5780,F1,1,,,,,
2026-07-30,2026-07-30,CM,NSE,STK,3387,INE294B01019,SMLMAH,EQ,,,,,SML MAHINDRA LIMITED,5024.00,5479.20,5020.50,5479.20,5479.20,4566.00,,5479.20,,,1495350,7894340664.30,156858,F1,1,,,,,
2026-07-30,2026-07-30,CM,NSE,STK,14329,INE812G01025,SMSPHARMA,EQ,,,,,SMS PHARMACEUTICALS LTD.,395.25,399.95,372.60,374.65,374.00,396.65,,374.65,,,338998,129105675.05,10166,F1,1,,,,,
2026-07-30,2026-07-30,CM,NSE,STK,4843,INE734N01019,SNOWMAN,EQ,,,,,SNOWMAN LOGISTICS LTD.,36.10,37.00,35.90,36.60,36.35,36.19,,36.60,,,346504,12599981.35,1310,F1,1,,,,,
2026-07-30,2026-07-30,CM,NSE,STK,13826,INE671H01015,SOBHA,EQ,,,,,SOBHA LIMITED,1370.00,1372.70,1338.00,1344.40,1347.60,1363.70,,1344.40,,,95236,128291244.30,8399,F1,1,,,,,
2026-07-30,2026-07-30,CM,NSE,STK,8268,INE728Z01015,SOFTTECH,BE,,,,,SOFTTECH ENGINEERS LTD,411.00,429.95,411.00,413.00,413.00,411.00,,413.00,,,630,263126.50,4,F1,1,,,,,
2026-07-30,2026-07-30,CM,NSE,STK,13332,INE343H01029,SOLARINDS,EQ,,,,,SOLAR INDUSTRIES (I) LTD,18080.00,18120.00,17855.00,18053.00,18050.00,18080.00,,18053.00,,,89635,1613413567.00,20131,F1,1,,,,,
2026-07-30,2026-07-30,CM,NSE,STK,3672,INE624Z01016,SOLARA,EQ,,,,,SOLARA ACTIVE PHA SCI LTD,508.95,518.95,502.30,508.00,508.60,506.20,,508.00,,,155990,79828670.90,5657,F1,1,,,,,
2026-07-30,2026-07-30,CM,NSE,STK,759929,INE0TY101024,SOLARWORLD,EQ,,,,,SOLARWORLD ENERGY SOL LTD,196.14,197.58,189.00,189.33,189.00,196.14,,189.36,,,207485,39643617.73,4185,F1,1,,,,,
2026-07-30,2026-07-30,CM,NSE,STK,759397,INE880Y01017,SOLEX,EQ,,,,,SOLEX ENERGY LIMITED,910.00,926.60,901.80,905.10,906.80,917.80,,905.10,,,16939,15382972.30,1529,F1,1,,,,,
2026-07-30,2026-07-30,CM,NSE,STK,1338,INE480C01038,SDBL,EQ,,,,,SOM DIST & BREW LTD,71.33,71.42,70.00,70.24,70.30,71.15,,70.24,,,337014,23714236.40,3407,F1,1,,,,,
2026-07-30,2026-07-30,CM,NSE,STK,4201,INE314C01013,SOMATEX,EQ,,,,,SOMA TEXTILES & INDUST LT,97.45,100.70,96.06,98.67,98.97,96.05,,98.66,,,6616,652230.29,98,F1,1,,,,,
2026-07-30,2026-07-30,CM,NSE,STK,3880,INE355A01028,SOMANYCERA,EQ,,,,,SOMANY CERAMICS LIMITED,488.60,492.85,482.10,489.10,489.95,485.90,,489.10,,,62649,30640069.15,2893,F1,1,,,,,
2026-07-30,2026-07-30,CM,NSE,STK,17794,INE323J01019,SOMICONVEY,EQ,,,,,SOMI CONVEYOR BELT. LTD.,96.06,97.22,94.36,95.01,94.36,95.94,,95.01,,,11067,1052335.52,275,F1,1,,,,,
2026-07-30,2026-07-30,CM,NSE,STK,4684,INE073K01018,SONACOMS,EQ,,,,,SONA BLW PRECISION FRGS L,715.05,768.00,715.05,763.75,767.00,720.50,,763.70,,,7777881,5824690355.75,117426,F1,1,,,,,
2026-07-30,2026-07-30,CM,NSE,STK,23052,INE0Q6H01012,SONAMAC,SM,,,,,SONA MACHINERY LIMITED,33.50,35.50,33.50,35.25,35.25,35.25,,35.25,,,6000,208300.00,5,F1,1000,,,,,
2026-07-30,2026-07-30,CM,NSE,STK,762919,INE321M01017,SONAL,EQ,,,,,SONAL MERCANTILE LTD.,92.69,93.69,88.06,88.18,88.06,92.69,,88.18,,,452,39975.16,42,F1,1,,,,,
2026-07-30,2026-07-30,CM,NSE,STK,8806,INE00LM01029,SONAMLTD,EQ,,,,,SONAM LIMITED,62.25,62.25,53.00,54.39,55.30,55.10,,54.39,,,100898,5484409.98,1554,F1,1,,,,,
2026-07-30,2026-07-30,CM,NSE,STK,6596,INE269A01021,SONATSOFTW,EQ,,,,,SONATA SOFTWARE LTD,317.90,327.45,307.35,308.90,308.00,317.45,,308.90,,,3091015,988747960.45,42402,F1,1,,,,,
2026-07-30,2026-07-30,CM,NSE,STK,9463,INE0JZA01018,SONUINFRA,ST,,,,,SONU INFRATECH LIMITED,39.05,39.05,38.85,38.85,38.85,40.85,,38.85,,,13500,525450.00,7,F1,1500,,,,,
2026-07-30,2026-07-30,CM,NSE,STK,9678,INE980Y01015,SOUTHWEST,EQ,,,,,SOUTH WEST PINNACLE LTD,230.00,231.46,225.05,225.95,225.70,229.76,,225.96,,,70914,16084075.16,1863,F1,1,,,,,
2026-07-30,2026-07-30,CM,NSE,STK,19372,INE970N01027,SPCENET,EQ,,,,,SPACENET ENTERS IND LTD,3.38,3.40,3.21,3.26,3.29,3.34,,3.26,,,553288,1816706.32,661,F1,1,,,,,
2026-07-30,2026-07-30,CM,NSE,STK,758420,IN9572J01019,SSFLPP,E1,,,,,SPANDANA RS.5 PPD UP,140.75,143.45,136.65,142.45,142.45,141.45,,142.45,,,896,126049.10,24,F1,1,,,,,
2026-07-30,2026-07-30,CM,NSE,STK,11435,INE572J01011,SPANDANA,EQ,,,,,SPANDANA SPHOORTY FIN LTD,263.35,266.50,257.00,259.80,260.10,266.65,,259.75,,,350877,91438194.10,7522,F1,1,,,,,
2026-07-30,2026-07-30,CM,NSE,STK,760138,INE1CW901027,SPEB,ST,,,,,SPEB ADHESIVES LIMITED,82.50,82.50,82.50,82.50,82.50,83.10,,82.50,,,2000,165000.00,1,F1,2000,,,,,
2026-07-30,2026-07-30,CM,NSE,STK,27107,INE247M01014,SPECIALITY,EQ,,,,,SPECIALITY REST LTD,131.05,134.99,129.02,133.93,134.99,132.05,,133.77,,,24584,3256835.82,821,F1,1,,,,,
2026-07-30,2026-07-30,CM,NSE,STK,30455,INE01EO01010,SPECTRUM,EQ,,,,,SPECTRUM ELECTRIC IND LTD,2478.40,2478.40,2367.20,2440.00,2430.00,2444.80,,2439.90,,,21906,52992798.40,2573,F1,1,,,,,
2026-07-30,2026-07-30,CM,NSE,STK,16876,INE0OL001018,SPECTSTM,SM,,,,,SPECTRUM TALENT MGMT LTD,68.00,71.00,68.00,71.00,71.00,69.00,,71.00,,,3200,223080.00,4,F1,800,,,,,
2026-07-30,2026-07-30,CM,NSE,STK,8163,INE020801028,SPENCERS,EQ,,,,,SPENCER S RETAIL LIMITED,32.56,33.43,32.39,32.61,32.60,33.27,,32.61,,,38233,1249236.92,1014,F1,1,,,,,
2026-07-30,2026-07-30,CM,NSE,STK,3252,INE147A01011,SPIC,EQ,,,,,SPIC LTD,66.83,66.83,65.80,66.36,66.20,66.83,,66.37,,,131321,8697126.76,1642,F1,1,,,,,
2026-07-30,2026-07-30,CM,NSE,STK,11935,INE978G01016,SPLIL,EQ,,,,,SPL INDUSTRIES LIMITED,30.40,30.79,30.06,30.75,30.79,30.29,,30.75,,,1302,39259.61,38,F1,1,,,,,
2026-07-30,2026-07-30,CM,NSE,STK,3321,INE937A01023,SPMLINFRA,EQ,,,,,SPML INFRA LIMITED,196.19,196.19,189.99,192.32,193.00,196.19,,192.34,,,86301,16671506.34,1966,F1,1,,,,,
2026-07-30,2026-07-30,CM,NSE,STK,10733,INE885H01029,SPORTKING,EQ,,,,,SPORTKING INDIA LIMITED,212.41,215.89,194.40,196.36,196.90,213.93,,196.34,,,613021,123455474.44,10442,F1,1,,,,,
2026-07-30,2026-07-30,CM,NSE,STK,25306,INE0QR801013,SPPPOLY,SM,,,,,SPP POLYMER LIMITED,12.40,12.40,12.40,12.40,12.40,13.05,,12.40,,,2000,24800.00,1,F1,2000,,,,,
2026-07-30,2026-07-30,CM,NSE,STK,17186,INE526E01018,SHRIPISTON,EQ,,,,,SPR AUTO TECHNOLOGIES LTD,4285.50,4369.70,4258.10,4339.50,4343.70,4315.20,,4339.30,,,29052,125450694.10,7177,F1,1,,,,,
2026-07-30,2026-07-30,CM,NSE,STK,757865,INE19QH01010,SPUNWEB,SM,,,,,SPUNWEB NONWOVEN LIMITED,99.25,99.25,99.25,99.25,99.25,99.25,,99.25,,,1200,119100.00,1,F1,1200,,,,,
2026-07-30,2026-07-30,CM,NSE,STK,14582,INE917H01012,SRHHYPOLTD,EQ,,,,,SREE RAYALSEEMA HHP LTD.,475.50,487.90,475.50,486.50,487.90,481.45,,486.50,,,1801,868682.70,172,F1,1,,,,,
2026-07-30,2026-07-30,CM,NSE,STK,31837,INE099F01013,SREEL,EQ,,,,,SREELEATHERS LIMITED,217.02,218.46,211.86,215.03,217.10,216.24,,215.03,,,7971,1710453.67,356,F1,1,,,,,
2026-07-30,2026-07-30,CM,NSE,STK,3273,INE647A01010,SRF,EQ,,,,,SRF LTD,2640.00,2640.00,2595.70,2604.80,2607.00,2643.80,,2604.80,,,366977,958379337.40,20743,F1,1,,,,,
2026-07-30,2026-07-30,CM,NSE,STK,18119,INE559N01010,SRGHFL,EQ,,,,,SRG HOUSING FINANCE L,285.00,304.55,281.10,292.20,292.85,293.50,,292.20,,,17506,5025060.55,222,F1,1,,,,,
2026-07-30,2026-07-30,CM,NSE,STK,7457,INE293B01029,HAVISHA,EQ,,,,,SRI HAVISHA HOSP & INFR L,1.26,1.33,1.26,1.27,1.28,1.26,,1.26,,,21026,27007.80,90,F1,1,,,,,
2026-07-30,2026-07-30,CM,NSE,STK,758145,INE0V9Q01010,LOTUSDEV,EQ,,,,,SRI LOTUS DEVLPRS N RTY L,189.27,193.99,189.10,193.24,192.75,189.75,,193.24,,,5983858,1143071632.83,14225,F1,1,,,,,
2026-07-30,2026-07-30,CM,NSE,STK,18059,INE0ON201012,SSFL,ST,,,,,SRIVARI SPICES N FOODS L,244.05,252.00,242.00,248.65,251.95,253.50,,248.65,,,6000,1479925.00,11,F1,500,,,,,
2026-07-30,2026-07-30,CM,NSE,STK,23402,INE0R6Z01013,SRM,EQ,,,,,SRM CONTRACTORS LIMITED,505.00,508.75,496.00,498.20,500.00,505.20,,498.20,,,41337,20679526.20,1747,F1,1,,,,,
2026-07-30,2026-07-30,CM,NSE,STK,29204,INE0RYC01010,STALLION,EQ,,,,,STALLION IND FLUOROCHEM L,244.28,248.74,239.76,244.25,242.70,244.34,,244.25,,,1611510,393532334.79,19119,F1,1,,,,,
2026-07-30,2026-07-30,CM,NSE,STK,29075,INE0M4D01010,SETL,EQ,,,,,STANDARD ENGNG TCNLGY LTD,260.35,273.70,260.30,270.25,267.80,263.00,,270.20,,,268338,71291341.10,5264,F1,1,,,,,
2026-07-30,2026-07-30,CM,NSE,STK,11297,INE173A01025,SIL,EQ,,,,,STANDARD INDUSTRIES LTD.,16.70,17.21,16.30,16.77,16.65,16.45,,16.77,,,37376,628682.05,387,F1,1,,,,,
2026-07-30,2026-07-30,CM,NSE,STK,24226,INE01A001028,STANLEY,EQ,,,,,STANLEY LIFESTYLES LTD,157.24,157.79,154.10,154.64,154.10,156.72,,154.62,,,62272,9650277.18,1900,F1,1,,,,,
2026-07-30,2026-07-30,CM,NSE,STK,21091,INE460H01021,STARCEMENT,EQ,,,,,STAR CEMENT LIMITED,203.46,203.46,200.10,202.53,202.50,203.26,,202.52,,,123814,25044852.87,2168,F1,1,,,,,
2026-07-30,2026-07-30,CM,NSE,STK,7083,INE575P01011,STARHEALTH,EQ,,,,,STAR HEALTH & AL INS CO L,615.35,624.90,598.85,610.40,607.50,598.85,,610.35,,,2469630,1508842463.40,69602,F1,1,,,,,
2026-07-30,2026-07-30,CM,NSE,STK,3291,INE733A01018,STARPAPER,EQ,,,,,STAR PAPER MILLS LTD,146.20,150.30,146.20,148.59,148.00,148.61,,148.59,,,5715,849573.48,91,F1,1,,,,,
2026-07-30,2026-07-30,CM,NSE,STK,9305,INE992I01013,STARTECK,EQ,,,,,STARTECK FINANCE LIMITED,268.55,273.45,260.05,266.70,260.05,263.85,,266.70,,,7223,1920769.70,77,F1,1,,,,,
2026-07-30,2026-07-30,CM,NSE,STK,3045,INE062A01020,SBIN,EQ,,,,,STATE BANK OF INDIA,1013.50,1028.30,1007.60,1025.30,1024.00,1013.70,,1025.40,,,6847458,6986967139.00,137559,F1,1,,,,,
2026-07-30,2026-07-30,CM,NSE,STK,2963,INE114A01011,SAIL,EQ,,,,,STEEL AUTHORITY OF INDIA,170.70,171.36,167.60,169.05,169.00,170.96,,169.05,,,11779692,1992034916.98,51581,F1,1,,,,,
2026-07-30,2026-07-30,CM,NSE,STK,10406,INE395H01011,STEELCITY,EQ,,,,,STEEL CITY SECURITIES LTD,75.00,75.80,75.00,75.34,75.55,75.08,,75.34,,,1243,93669.88,76,F1,1,,,,,
2026-07-30,2026-07-30,CM,NSE,STK,21339,INE503B01021,STEELXIND,EQ,,,,,STEEL EXCHANGE INDIA LTD,11.23,11.27,11.10,11.12,11.15,11.23,,11.12,,,623957,6955444.40,1414,F1,1,,,,,
2026-07-30,2026-07-30,CM,NSE,STK,11829,INE802C01033,SSWL,EQ,,,,,STEEL STRIPS WHEELS LTD.,298.85,304.20,295.65,297.19,297.01,297.78,,297.18,,,616804,185075640.36,10024,F1,1,,,,,
2026-07-30,2026-07-30,CM,NSE,STK,6803,INE124E01038,STEELCAS,EQ,,,,,STEELCAST LIMITED,307.90,320.00,299.80,318.05,320.00,305.40,,318.05,,,221233,69439186.70,8201,F1,1,,,,,
2026-07-30,2026-07-30,CM,NSE,STK,21484,INE577L01016,STEL,EQ,,,,,STEL HOLDINGS LIMITED,540.10,565.70,540.10,560.05,560.00,551.25,,560.05,,,6617,3693417.10,274,F1,1,,,,,
2026-07-30,2026-07-30,CM,NSE,STK,6188,INE334A01023,STERTOOLS,BE,,,,,STERLING TOOLS LIMITED,241.00,249.00,235.00,246.24,249.00,239.27,,246.53,,,19137,4657874.13,344,F1,1,,,,,
2026-07-30,2026-07-30,CM,NSE,STK,9313,INE089C01029,STLTECH,BE,,,,,STERLITE TECHNOLOGIES LTD,516.90,534.80,497.30,530.55,526.30,519.95,,530.55,,,2210283,1146785964.85,27681,F1,1,,,,,
2026-07-30,2026-07-30,CM,NSE,STK,13367,INE353H01010,SGL,EQ,,,,,STL GLOBAL LIMITED,9.88,10.15,9.80,9.83,10.05,9.87,,9.84,,,3166,31273.30,39,F1,1,,,,,
2026-07-30,2026-07-30,CM,NSE,STK,758978,INE1VXE01018,STLNETWORK,BE,,,,,STL NETWORKS LIMITED,23.00,24.50,23.00,23.87,23.65,23.60,,23.88,,,544432,12945572.65,1111,F1,1,,,,,
2026-07-30,2026-07-30,CM,NSE,STK,2107,INE00IN01015,STOVEKRAFT,EQ,,,,,STOVE KRAFT LIMITED,814.65,815.05,796.50,801.20,802.00,807.20,,801.20,,,96982,78297566.45,5198,F1,1,,,,,
2026-07-30,2026-07-30,CM,NSE,STK,7374,INE939A01011,STAR,EQ,,,,,STRIDES PHARMA SCI LTD,1059.60,1094.40,1059.60,1072.80,1076.30,1060.00,,1072.80,,,136134,146998071.90,13503,F1,1,,,,,
2026-07-30,2026-07-30,CM,NSE,STK,12489,INE00M201021,SWSOLAR,EQ,,,,,STRLNG & WIL REN ENE LTD,208.67,208.67,203.16,203.98,203.90,209.27,,203.99,,,1007034,206170727.47,11398,F1,1,,,,,
2026-07-30,2026-07-30,CM,NSE,STK,759587,INE00Q601028,STUDDS,EQ,,,,,STUDDS ACCESSORIES LTD,441.90,451.70,435.35,441.20,441.00,443.00,,441.20,,,56026,24837022.85,2041,F1,1,,,,,
2026-07-30,2026-07-30,CM,NSE,STK,758527,INE17VO01028,STUDIOLSD,SM,,,,,STUDIO LSD LIMITED,9.10,9.10,9.10,9.10,9.10,9.00,,9.10,,,4000,36400.00,2,F1,2000,,,,,
2026-07-30,2026-07-30,CM,NSE,STK,5186,INE239C01020,STYLAMIND,EQ,,,,,STYLAM INDUSTRIES LIMITED,3340.00,3388.20,3291.90,3359.40,3364.20,3366.60,,3359.50,,,43831,145906644.50,9749,F1,1,,,,,
2026-07-30,2026-07-30,CM,NSE,STK,19,INE189B01011,STYRENIX,EQ,,,,,STYRENIX PERFORMANCE LTD,2476.00,2500.00,2423.00,2457.60,2430.00,2482.50,,2457.40,,,33718,83083167.70,5401,F1,1,,,,,
2026-07-30,2026-07-30,CM,NSE,STK,760112,INE0RYR01018,SUBAHOTELS,SM,,,,,SUBA HOTELS LIMITED,107.05,107.90,105.70,107.90,107.90,109.20,,107.90,,,12000,1285020.00,10,F1,1200,,,,,
2026-07-30,2026-07-30,CM,NSE,STK,959,INE754A01055,SUBEXLTD,BE,,,,,SUBEX LTD,12.00,12.24,11.50,11.75,11.77,12.03,,11.75,,,826487,9687545.66,1224,F1,1,,,,,
2026-07-30,2026-07-30,CM,NSE,STK,3324,INE287B01021,SUBROS,EQ,,,,,SUBROS LIMITED,784.00,788.25,777.10,783.30,780.00,786.55,,783.20,,,18824,14723835.30,1523,F1,1,,,,,
2026-07-30,2026-07-30,CM,NSE,STK,3327,INE659A01023,SUDARSCHEM,EQ,,,,,SUDARSHAN CHEMICAL INDS L,1029.70,1029.70,1004.10,1008.10,1009.45,1030.80,,1008.15,,,362237,367677682.65,6432,F1,1,,,,,
2026-07-30,2026-07-30,CM,NSE,STK,715,INE492A01029,SUDARCOLOR,EQ,,,,,SUDARSHAN COLORNT IND LTD,362.65,368.25,350.05,353.90,352.95,361.90,,353.90,,,6374,2294275.05,626,F1,1,,,,,
2026-07-30,2026-07-30,CM,NSE,STK,760039,INE0QPI01025,SUDEEPPHRM,EQ,,,,,SUDEEP PHARMA LIMITED,879.00,879.00,852.95,856.25,859.50,879.15,,856.30,,,108069,93521625.25,7461,F1,1,,,,,
2026-07-30,2026-07-30,CM,NSE,STK,11804,INE450E01029,SUKHJITS,EQ,,,,,SUKHJIT STARCH & CHEM LTD,163.00,165.44,159.05,160.31,159.98,157.90,,160.31,,,40691,6571700.53,737,F1,1,,,,,
2026-07-30,2026-07-30,CM,NSE,STK,13218,INE142Q01026,SULA,EQ,,,,,SULA VINEYARDS LIMITED,167.33,171.50,165.00,167.87,166.22,167.33,,167.88,,,783392,132507057.04,11834,F1,1,,,,,
2026-07-30,2026-07-30,CM,NSE,STK,20790,INE235C01036,SUMEETINDS,EQ,,,,,SUMEET IND LIMITED,23.46,23.46,23.46,23.46,23.46,24.69,,23.49,,,31773,745394.58,178,F1,1,,,,,
2026-07-30,2026-07-30,CM,NSE,STK,11141,INE748Z01013,SUMIT,BE,,,,,SUMIT WOODS LIMITED,51.50,53.00,51.50,52.48,52.48,51.90,,52.48,,,18835,979549.55,65,F1,1,,,,,
2026-07-30,2026-07-30,CM,NSE,STK,17105,INE258G01013,SUMICHEM,EQ,,,,,SUMITOMO CHEM INDIA LTD,497.80,510.40,488.25,508.40,508.00,501.70,,508.45,,,1278843,638940896.35,34437,F1,1,,,,,
2026-07-30,2026-07-30,CM,NSE,STK,21275,INE519C01017,SUMMITSEC,EQ,,,,,SUMMIT SECURITIES LTD,1507.00,1514.80,1497.20,1509.90,1512.00,1508.00,,1509.60,,,527,794319.60,159,F1,1,,,,,
2026-07-30,2026-07-30,CM,NSE,STK,14788,INE232I01014,SPARC,EQ,,,,,SUN PHARMA ADV.RES.CO.LTD,212.90,215.39,207.65,208.43,208.40,213.17,,208.43,,,953652,200601698.41,12621,F1,1,,,,,
2026-07-30,2026-07-30,CM,NSE,STK,3351,INE044A01036,SUNPHARMA,EQ,,,,,SUN PHARMACEUTICAL IND L,1993.10,2017.30,1988.00,2001.10,2005.00,1989.90,,2001.10,,,2224264,4464460165.70,125242,F1,1,,,,,
2026-07-30,2026-07-30,CM,NSE,STK,13404,INE424H01027,SUNTV,EQ,,,,,SUN TV NETWORK LIMITED,512.00,519.80,509.00,511.50,511.00,512.85,,511.50,,,199274,102540470.05,13065,F1,1,,,,,
2026-07-30,2026-07-30,CM,NSE,STK,20956,INE0Q3R01026,SUNCLAY,EQ,,,,,SUNDARAM CLAYTON LIMITED,1270.00,1282.30,1229.40,1235.90,1239.00,1277.80,,1235.20,,,8866,11050426.20,1096,F1,1,,,,,
2026-07-30,2026-07-30,CM,NSE,STK,3339,INE660A01013,SUNDARMFIN,EQ,,,,,SUNDARAM FINANCE LTD,4479.90,4504.50,4424.60,4490.90,4487.30,4480.10,,4490.90,,,31555,141168371.40,9077,F1,1,,,,,
2026-07-30,2026-07-30,CM,NSE,STK,18931,INE108E01023,SUNDARAM,EQ,,,,,SUNDARAM MULTI PAP LTD,1.28,1.28,1.20,1.24,1.24,1.28,,1.24,,,681232,848198.91,359,F1,1,,,,,
2026-07-30,2026-07-30,CM,NSE,STK,9848,INE073D01013,SUNDRMBRAK,BE,,,,,SUNDARAMBRAKE LININGS LTD,793.00,793.00,767.00,780.00,780.00,794.65,,780.00,,,375,290874.70,34,F1,1,,,,,
2026-07-30,2026-07-30,CM,NSE,STK,3345,INE387A01021,SUNDRMFAST,EQ,,,,,SUNDRAM FASTENERS LTD,968.15,976.40,957.35,966.15,960.70,960.95,,966.15,,,63391,61446078.30,4749,F1,1,,,,,
2026-07-30,2026-07-30,CM,NSE,STK,761205,INE0CTB01014,SOCL,ST,,,,,SUNDREX OIL COMPANY LTD,25.50,25.90,25.50,25.90,25.90,25.05,,25.90,,,3200,82240.00,2,F1,1600,,,,,
2026-07-30,2026-07-30,CM,NSE,STK,1663,INE209A01019,SUNDROP,EQ,,,,,SUNDROP BRANDS LIMITED,681.20,681.20,671.10,672.60,672.55,679.50,,673.05,,,4007,2697177.95,244,F1,1,,,,,
2026-07-30,2026-07-30,CM,NSE,STK,3348,INE947A01014,SUNFLAG,EQ,,,,,SUNFLAG IRON AND STEEL CO,363.00,364.80,355.05,357.80,356.25,359.40,,357.80,,,90632,32578726.35,2067,F1,1,,,,,
2026-07-30,2026-07-30,CM,NSE,STK,18264,INE0O3O01017,SEL,SM,,,,,SUNGARNER ENERGIES LTD,240.00,252.00,234.50,238.20,239.50,257.50,,238.20,,,4200,1012920.00,16,F1,200,,,,,
2026-07-30,2026-07-30,CM,NSE,STK,24872,INE0U2N01013,SUNLITE,ST,,,,,SUNLITE RECYCLING IND LTD,442.00,459.95,441.00,458.35,459.95,446.20,,458.35,,,11700,5290065.00,36,F1,300,,,,,
2026-07-30,2026-07-30,CM,NSE,STK,20213,INE0PLZ01012,SUNREST,SM,,,,,SUNREST LIFESCIENCE LTD,35.50,35.50,35.50,35.50,35.50,35.00,,35.50,,,1600,56800.00,1,F1,1600,,,,,
2026-07-30,2026-07-30,CM,NSE,STK,757766,INE0SGZ01016,SUNTECH,ST,,,,,SUNTECH INFRA SOLUTIONS L,30.30,33.35,30.30,33.00,33.00,31.80,,33.00,,,33600,1104240.00,14,F1,1600,,,,,
2026-07-30,2026-07-30,CM,NSE,STK,17641,INE805D01034,SUNTECK,EQ,,,,,SUNTECK REALTY LIMITED,310.90,310.90,302.15,303.50,303.70,309.10,,303.50,,,183160,55672318.00,3698,F1,1,,,,,
2026-07-30,2026-07-30,CM,NSE,STK,8931,INE662A01027,SUPERSPIN,BE,,,,,SUPER SPINNING MILLS LTD,5.90,5.91,5.89,5.91,5.91,5.80,,5.91,,,22488,132679.14,17,F1,1,,,,,
2026-07-30,2026-07-30,CM,NSE,STK,20616,INE712B01010,SUPERHOUSE,EQ,,,,,SUPERHOUSE LIMITED,159.57,159.57,156.50,157.11,156.50,158.24,,157.11,,,1911,302285.24,82,F1,1,,,,,
2026-07-30,2026-07-30,CM,NSE,STK,11689,INE399C01030,SUPRAJIT,EQ,,,,,SUPRAJIT ENGINEERING LTD,493.50,504.00,492.60,499.45,500.00,493.50,,499.45,,,120923,60366665.40,6030,F1,1,,,,,
2026-07-30,2026-07-30,CM,NSE,STK,758997,INE319Z01021,SUPREMEENG,BZ,,,,,SUPREME ENGINEERING LTD,2.05,2.05,2.05,2.05,2.05,2.01,,2.05,,,209461,429395.05,59,F1,1,,,,,
2026-07-30,2026-07-30,CM,NSE,STK,28069,INE0U6N01014,SFML,SM,,,,,SUPREME FACILITY MGMT LTD,23.00,23.05,23.00,23.05,23.05,23.20,,23.05,,,3200,73680.00,2,F1,1600,,,,,
2026-07-30,2026-07-30,CM,NSE,STK,29439,INE822E01011,SUPREME,EQ,,,,,SUPREME HOLDIN N HOSP I L,44.51,49.21,44.51,45.30,45.06,44.84,,45.31,,,184361,8633382.01,1383,F1,1,,,,,
2026-07-30,2026-07-30,CM,NSE,STK,3363,INE195A01028,SUPREMEIND,EQ,,,,,SUPREME INDUSTRIES LTD,3487.70,3534.00,3430.00,3459.90,3455.00,3479.30,,3459.90,,,127628,443614685.90,16530,F1,1,,,,,
2026-07-30,2026-07-30,CM,NSE,STK,15002,INE550H01011,SUPREMEINF,EQ,,,,,SUPREME INFRA. LTD.,82.15,86.00,81.00,85.34,85.95,82.78,,85.34,,,44597,3737289.38,1408,F1,1,,,,,
2026-07-30,2026-07-30,CM,NSE,STK,9617,INE663A01033,SPLPETRO,EQ,,,,,SUPREME PETROCHEM LIMITED,734.90,734.90,700.80,703.65,704.00,734.10,,703.75,,,198579,141582162.90,9917,F1,1,,,,,
2026-07-30,2026-07-30,CM,NSE,STK,21067,INE0QHG01026,SUPREMEPWR,SM,,,,,SUPREME POWER EQUIPMENT L,213.00,214.00,205.00,206.25,206.00,211.00,,206.25,,,28000,5809200.00,45,F1,500,,,,,
2026-07-30,2026-07-30,CM,NSE,STK,7390,INE07RO01027,SUPRIYA,EQ,,,,,SUPRIYA LIFESCIENCE LTD,859.60,874.00,850.50,859.90,859.70,859.60,,859.90,,,162481,140491300.20,13121,F1,1,,,,,
2026-07-30,2026-07-30,CM,NSE,STK,20822,INE843S01025,SURAJEST,EQ,,,,,SURAJ ESTATE DEVELOPERS L,196.00,196.90,194.00,194.85,194.00,195.32,,194.84,,,13103,2555638.47,428,F1,1,,,,,
2026-07-30,2026-07-30,CM,NSE,STK,24966,INE713C01016,SURAJLTD,EQ,,,,,SURAJ LIMITED,225.27,226.00,220.00,223.95,223.95,224.15,,223.95,,,43,9651.86,14,F1,1,,,,,
2026-07-30,2026-07-30,CM,NSE,STK,27334,INE877V01027,SURAKSHA,EQ,,,,,SURAKSHA DIAGNOSTIC LTD,248.85,252.85,246.05,247.10,246.50,248.85,,247.10,,,25705,6410383.15,1853,F1,1,,,,,
2026-07-30,2026-07-30,CM,NSE,STK,21077,INE272L01022,SURANASOL,EQ,,,,,SURANA SOLAR LIMITED,26.13,26.59,26.06,26.27,26.20,26.37,,26.27,,,70497,1851564.64,520,F1,1,,,,,
2026-07-30,2026-07-30,CM,NSE,STK,10700,INE130B01031,SURANAT&P,EQ,,,,,SURANA TELECOM AND POW LT,17.77,19.12,17.49,17.75,18.17,17.77,,17.77,,,75110,1360442.14,864,F1,1,,,,,
2026-07-30,2026-07-30,CM,NSE,STK,8513,INE01ZJ01015,SURANI,SM,,,,,SURANI STEEL TUBES LTD.,100.50,100.50,100.50,100.50,100.50,100.50,,100.50,,,200,20100.00,1,F1,200,,,,,
2026-07-30,2026-07-30,CM,NSE,STK,14139,INE05ST01028,SBGLP,EQ,,,,,SURATWWALA BUS GROUP LTD,24.97,25.69,24.50,24.62,24.73,24.97,,24.62,,,8157,203991.77,74,F1,1,,,,,
2026-07-30,2026-07-30,CM,NSE,STK,3375,INE335A01020,SURYAROSNI,EQ,,,,,SURYA ROSHNI LTD,237.40,241.00,237.10,239.10,239.90,239.35,,239.10,,,137318,32806436.50,3622,F1,1,,,,,
2026-07-30,2026-07-30,CM,NSE,STK,11852,INE713B01026,SURYALAXMI,EQ,,,,,SURYALAKSHMI COT MIL LTD,57.00,61.00,56.29,59.13,59.49,57.07,,59.13,,,6043,357138.60,86,F1,1,,,,,
2026-07-30,2026-07-30,CM,NSE,STK,762924,INE132C01027,SURYALA,EQ,,,,,SURYALATA SPINNING MILL L,427.50,429.60,403.25,406.50,407.80,429.60,,406.60,,,10413,4263208.40,263,F1,1,,,,,
2026-07-30,2026-07-30,CM,NSE,STK,2970,INE428Q01011,SURYODAY,EQ,,,,,SURYODAY SMALL FIN BK LTD,163.50,164.49,158.52,161.65,161.46,162.33,,161.65,,,1396933,224800598.71,12606,F1,1,,,,,
2026-07-30,2026-07-30,CM,NSE,STK,13804,INE645H01027,SUTLEJTEX,BE,,,,,SUTLEJ TEXT & INDUS LTD,38.28,38.98,38.00,38.03,38.00,38.09,,38.03,,,19663,748583.67,44,F1,1,,,,,
2026-07-30,2026-07-30,CM,NSE,STK,11233,INE495B01038,SUVEN,EQ,,,,,SUVEN LIFE SCIENCES LTD,311.95,311.95,297.55,299.25,298.10,313.35,,299.30,,,446827,135084099.30,11427,F1,1,,,,,
2026-07-30,2026-07-30,CM,NSE,STK,2998,INE018401013,SUVIDHAA,EQ,,,,,SUVIDHAA INFOSERVE LTD,2.54,2.58,2.47,2.55,2.58,2.54,,2.57,,,107270,270564.32,182,F1,1,,,,,
2026-07-30,2026-07-30,CM,NSE,STK,24851,INE442P01014,SUYOG,EQ,,,,,SUYOG TELEMATICS LIMITED,877.40,894.95,850.40,860.75,850.55,875.20,,861.60,,,12938,11163027.35,796,F1,1,,,,,
2026-07-30,2026-07-30,CM,NSE,STK,12018,INE040H01021,SUZLON,EQ,,,,,SUZLON ENERGY LIMITED,47.50,47.88,46.22,47.40,47.41,47.45,,47.40,,,116150327,5473018098.76,164112,F1,1,,,,,
2026-07-30,2026-07-30,CM,NSE,STK,5023,INE308E01029,SVPGLOB,BE,,,,,SVP GLOBAL TEXTILES LTD,3.74,3.88,3.52,3.71,3.72,3.70,,3.71,,,71102,256996.48,66,F1,1,,,,,
2026-07-30,2026-07-30,CM,NSE,STK,27095,INE665A01038,SWANCORP,EQ,,,,,SWAN CORP LIMITED,309.20,310.20,305.10,306.65,305.10,310.25,,306.60,,,733340,225659892.05,8396,F1,1,,,,,
2026-07-30,2026-07-30,CM,NSE,STK,29164,INE542F01020,SWANDEF,BE,,,,,SWAN DEFENCE N HEVY IND L,2339.00,2450.00,2260.00,2435.00,2440.00,2334.10,,2435.00,,,70824,171781125.10,915,F1,1,,,,,
2026-07-30,2026-07-30,CM,NSE,STK,3384,INE277A01016,SWARAJENG,EQ,,,,,SWARAJ ENGINES LTD,3567.80,3670.00,3560.00,3607.50,3605.00,3567.80,,3607.70,,,16356,59306555.70,2100,F1,1,,,,,
2026-07-30,2026-07-30,CM,NSE,STK,8608,INE0GMR01016,SWARAJ,SM,,,,,SWARAJ SUITING LIMITED,368.00,368.00,355.55,361.95,358.50,364.10,,361.95,,,79000,28457975.00,89,F1,500,,,,,
2026-07-30,2026-07-30,CM,NSE,STK,11497,INE0DGC01025,SWASTIK,ST,,,,,SWASTIK PIPE LIMITED,19.00,19.35,19.00,19.35,19.35,19.00,,19.35,,,2400,46020.00,2,F1,1200,,,,,
2026-07-30,2026-07-30,CM,NSE,STK,11909,INE409B01013,SWELECTES,EQ,,,,,SWELECT ENERGY SYS LTD,607.70,608.50,598.05,601.55,604.00,608.85,,601.55,,,7073,4264944.15,530,F1,1,,,,,
2026-07-30,2026-07-30,CM,NSE,STK,27066,INE00H001014,SWIGGY,EQ,,,,,SWIGGY LIMITED,285.99,298.85,281.23,295.91,293.80,287.34,,295.91,,,42221706,12274826999.07,248144,F1,1,,,,,
2026-07-30,2026-07-30,CM,NSE,STK,24190,INE225D01027,SYMPHONY,EQ,,,,,SYMPHONY LIMITED,694.05,695.95,678.00,683.50,680.00,693.95,,683.60,,,60700,41643785.60,4776,F1,1,,,,,
2026-07-30,2026-07-30,CM,NSE,STK,11992,INE312C01025,SYNCOMF,EQ,,,,,SYNCOM FORMU (I) LTD,13.20,13.26,12.98,13.01,13.05,13.21,,13.01,,,769068,10055169.01,3084,F1,1,,,,,
2026-07-30,2026-07-30,CM,NSE,STK,5114,INE00QT01015,SGIL,EQ,,,,,SYNERGY GREEN IND. LTD,590.10,599.85,590.10,596.20,598.00,593.15,,596.15,,,3538,2105519.10,114,F1,1,,,,,
2026-07-30,2026-07-30,CM,NSE,STK,10243,INE398R01022,SYNGENE,EQ,,,,,SYNGENE INTERNATIONAL LTD,391.00,405.00,375.25,399.20,400.00,414.25,,399.20,,,14967558,5810989787.00,240234,F1,1,,,,,
2026-07-30,2026-07-30,CM,NSE,STK,10793,INE0DYJ01015,SYRMA,EQ,,,,,SYRMA SGS TECHNOLOGY LTD,1379.00,1468.00,1361.00,1377.80,1372.80,1343.40,,1377.80,,,9950655,14038524690.90,313957,F1,1,,,,,
2026-07-30,2026-07-30,CM,NSE,STK,14506,INE0O7R01011,SYSTANGO,SM,,,,,SYSTANGO TECHNOLOGIES LTD,219.10,219.10,214.00,214.45,214.00,218.05,,214.45,,,8400,1805000.00,19,F1,400,,,,,
2026-07-30,2026-07-30,CM,NSE,STK,759358,INE356B01024,SYSTMTXC,BE,,,,,SYSTEMATIX CORP SERVICE L,60.00,60.80,59.00,60.10,60.10,58.62,,60.09,,,2012,119949.01,28,F1,1,,,,,
2026-07-30,2026-07-30,CM,NSE,STK,14314,INE592B01024,TTL,EQ,,,,,T T LIMITED,6.15,6.34,6.10,6.23,6.24,6.27,,6.21,,,66547,414530.47,140,F1,1,,,,,
2026-07-30,2026-07-30,CM,NSE,STK,762929,INE524T01011,TAALTECH,EQ,,,,,TAAL TECH LTD.,3966.90,3979.80,3930.00,3960.00,3962.00,3970.20,,3964.00,,,398,1573094.10,127,F1,1,,,,,
2026-07-30,2026-07-30,CM,NSE,STK,23438,INE0SOY01013,TAC,SM,,,,,TAC INFOSEC LIMITED,482.00,493.55,468.00,473.35,477.95,488.95,,473.35,,,41400,19770890.00,168,F1,200,,,,,
2026-07-30,2026-07-30,CM,NSE,STK,3396,INE123C01018,TAINWALCHM,EQ,,,,,TAINWALA CHEMICAL AND PLA,196.20,202.51,196.20,199.79,199.00,196.20,,199.79,,,2993,599467.49,100,F1,1,,,,,
2026-07-30,2026-07-30,CM,NSE,STK,9354,INE586B01026,TAJGVK,EQ,,,,,TAJ GVK HOTELS & RESORTS,359.95,367.30,357.65,360.85,361.80,359.95,,360.80,,,80891,29402749.85,3809,F1,1,,,,,
2026-07-30,2026-07-30,CM,NSE,STK,14917,INE142I01023,TAKE,EQ,,,,,TAKE SOLUTIONS LTD,21.20,21.20,19.82,20.57,20.80,20.75,,20.57,,,813788,16723329.49,1161,F1,1,,,,,
2026-07-30,2026-07-30,CM,NSE,STK,13648,INE187D01029,TALBROAUTO,EQ,,,,,TALBROS AUTO. COMP. LTD,398.10,401.85,393.65,399.05,398.30,398.10,,399.05,,,76151,30288348.90,2835,F1,1,,,,,
2026-07-30,2026-07-30,CM,NSE,STK,762937,INE864J01012,TAMBOLIIN,BE,,,,,TAMBOLI INDUSTRIES LTD.,210.05,220.80,210.05,216.00,216.00,220.85,,213.00,,,3754,810085.04,37,F1,1,,,,,
2026-07-30,2026-07-30,CM,NSE,STK,10945,INE668A01016,TMB,EQ,,,,,TAMILNAD MERCA BANK LTD,874.90,878.30,844.90,851.75,852.00,865.20,,851.75,,,414923,356533812.50,17567,F1,1,,,,,
2026-07-30,2026-07-30,CM,NSE,STK,3980,INE107A01015,TNPL,EQ,,,,,TAMILNADU NEWSPRT & PAPER,150.00,151.65,148.71,149.46,149.00,150.38,,149.45,,,150898,22653869.01,2000,F1,1,,,,,
2026-07-30,2026-07-30,CM,NSE,STK,3509,INE148A01019,TNPETRO,EQ,,,,,TAMILNADU PETROPRODUCTS L,94.12,98.50,93.70,97.97,98.10,94.12,,97.97,,,234325,22770165.29,3443,F1,1,,,,,
2026-07-30,2026-07-30,CM,NSE,STK,3512,INE141D01018,TNTELE,EQ,,,,,TAMILNADU TELECOMMUNICATI,9.28,9.28,8.96,9.01,8.98,8.88,,9.01,,,13821,124417.86,82,F1,1,,,,,
2026-07-30,2026-07-30,CM,NSE,STK,756338,INE0Z7N01017,TANKUP,ST,,,,,TANKUP ENGINEERS LIMITED,1180.00,1180.00,1150.00,1150.00,1150.00,1168.00,,1150.00,,,750,877500.00,3,F1,250,,,,,
2026-07-30,2026-07-30,CM,NSE,STK,13976,INE483C01032,TANLA,EQ,,,,,TANLA PLATFORMS LIMITED,610.00,626.85,591.00,593.05,593.90,610.90,,593.05,,,1203109,731968192.80,29727,F1,1,,,,,
2026-07-30,2026-07-30,CM,NSE,STK,10986,INE0M7001010,TAPIFRUIT,SM,,,,,TAPI FRUIT PROCESSING LTD,50.00,50.00,50.00,50.00,50.00,50.00,,50.00,,,750,37500.00,1,F1,750,,,,,
2026-07-30,2026-07-30,CM,NSE,STK,23512,INE555Z01020,TARACHAND,EQ,,,,,TARA CHAND INFRA SOLN LTD,54.02,55.00,53.96,54.59,55.00,54.02,,54.59,,,27043,1469240.17,568,F1,1,,,,,
2026-07-30,2026-07-30,CM,NSE,STK,18827,INE747K01017,TARAPUR,EQ,,,,,TARAPUR TRANSFORMERS LTD,16.28,16.87,15.80,15.82,15.81,16.34,,15.82,,,31710,508730.77,220,F1,1,,,,,
2026-07-30,2026-07-30,CM,NSE,STK,1581,INE0EK901012,TARC,EQ,,,,,TARC LIMITED,133.90,134.78,131.50,133.97,134.00,134.16,,133.96,,,335741,44728170.61,3693,F1,1,,,,,
2026-07-30,2026-07-30,CM,NSE,STK,14771,INE924H01018,TARMAT,EQ,,,,,TARMAT LIMITED,50.40,51.39,49.31,49.50,50.00,50.33,,49.65,,,2618,131306.58,46,F1,1,,,,,
2026-07-30,2026-07-30,CM,NSE,STK,6943,INE144Z01023,TARSONS,EQ,,,,,TARSONS PRODUCTS LIMITED,323.20,323.20,311.65,316.45,317.70,320.00,,316.55,,,47354,14972658.50,1462,F1,1,,,,,
2026-07-30,2026-07-30,CM,NSE,STK,20092,INE488B01017,TASTYBITE,EQ,,,,,TASTY BITE EATABLES LTD,9189.00,9299.00,9025.00,9052.50,9067.50,9300.00,,9052.50,,,1159,10594960.00,482,F1,1,,,,,
2026-07-30,2026-07-30,CM,NSE,STK,759265,INE976I01016,TATACAP,EQ,,,,,TATA CAPITAL LIMITED,361.05,362.75,355.25,360.90,361.15,361.80,,360.90,,,1349416,485463664.95,41265,F1,1,,,,,
2026-07-30,2026-07-30,CM,NSE,STK,3405,INE092A01019,TATACHEM,EQ,,,,,TATA CHEMICALS LTD,679.05,679.30,667.90,670.30,668.70,679.05,,670.30,,,272318,183315921.60,11399,F1,1,,,,,
2026-07-30,2026-07-30,CM,NSE,STK,3721,INE151A01013,TATACOMM,EQ,,,,,TATA COMMUNICATIONS LTD,1781.20,1805.00,1758.10,1773.70,1768.70,1780.70,,1773.70,,,176583,314143711.40,17935,F1,1,,,,,
2026-07-30,2026-07-30,CM,NSE,STK,11536,INE467B01029,TCS,EQ,,,,,TATA CONSULTANCY SERV LT,2440.00,2495.00,2423.00,2431.80,2434.00,2446.60,,2431.80,,,4901582,12055719188.10,168548,F1,1,,,,,
2026-07-30,2026-07-30,CM,NSE,STK,3432,INE192A01025,TATACONSUM,EQ,,,,,TATA CONSUMER PRODUCT LTD,1096.10,1108.90,1090.40,1094.20,1095.00,1096.10,,1094.20,,,1677784,1841641229.00,62865,F1,1,,,,,
2026-07-30,2026-07-30,CM,NSE,STK,3411,INE670A01012,TATAELXSI,EQ,,,,,TATA ELXSI LIMITED,3670.00,3721.10,3641.20,3658.30,3654.80,3673.40,,3658.30,,,376269,1383381654.50,28208,F1,1,,,,,
2026-07-30,2026-07-30,CM,NSE,STK,1621,INE672A01026,TATAINVEST,EQ,,,,,TATA INVESTMENT CORP LTD,678.00,683.35,673.60,678.65,676.00,675.75,,678.65,,,268304,181907126.35,21274,F1,1,,,,,
2026-07-30,2026-07-30,CM,NSE,STK,759782,INE1TAE01010,TMCV,EQ,,,,,TATA MOTORS LIMITED,411.00,417.00,409.20,414.95,415.50,411.40,,414.95,,,6362287,2627573661.75,72360,F1,1,,,,,
2026-07-30,2026-07-30,CM,NSE,STK,3456,INE155A01022,TMPV,EQ,,,,,TATA MOTORS PASS VEH LTD,328.20,335.00,328.05,334.20,334.90,329.80,,334.20,,,6078600,2019822616.30,73449,F1,1,,,,,
2026-07-30,2026-07-30,CM,NSE,STK,3426,INE245A01021,TATAPOWER,EQ,,,,,TATA POWER CO LTD,377.20,377.90,374.25,375.95,376.00,377.25,,375.95,,,2740317,1030456353.00,50721,F1,1,,,,,
2026-07-30,2026-07-30,CM,NSE,STK,3499,INE081A01020,TATASTEEL,EQ,,,,,TATA STEEL LIMITED,188.01,188.99,186.10,186.92,186.99,187.27,,186.92,,,13769746,2576831530.63,103471,F1,1,,,,,
2026-07-30,2026-07-30,CM,NSE,STK,20293,INE142M01025,TATATECH,EQ,,,,,TATA TECHNOLOGIES LIMITED,742.40,777.00,741.50,751.35,752.00,742.40,,751.35,,,2602699,1987781677.20,70374,F1,1,,,,,
2026-07-30,2026-07-30,CM,NSE,STK,8954,INE517B01013,TTML,EQ,,,,,TATA TELESERV(MAHARASTRA),40.60,40.60,39.30,39.57,39.33,39.75,,39.57,,,2420089,96570356.28,13093,F1,1,,,,,
2026-07-30,2026-07-30,CM,NSE,STK,7838,INF277K015R5,NETF,EQ,,,,,TATAAML - NETF,262.82,264.99,260.11,263.97,264.99,262.82,,263.97,,,2307,607647.70,91,F1,1,,,,,
2026-07-30,2026-07-30,CM,NSE,STK,12978,INF277K010X4,NPBET,EQ,,,,,TATAAML - NPBET,281.41,284.80,281.41,284.37,284.37,282.82,,284.37,,,340,96325.57,18,F1,1,,,,,
2026-07-30,2026-07-30,CM,NSE,STK,8882,INF277KA1364,TNIDETF,EQ,,,,,TATAAML - TNIDETF,89.20,89.70,88.03,88.95,89.20,89.20,,88.95,,,119419,10660978.51,838,F1,1,,,,,
2026-07-30,2026-07-30,CM,NSE,STK,21401,INF277KA1976,TATAGOLD,EQ,,,,,TATAAML-TATAGOLD,13.75,13.82,13.72,13.79,13.82,13.74,,13.79,,,35285680,485917232.84,50366,F1,1,,,,,
2026-07-30,2026-07-30,CM,NSE,STK,21428,INF277KA1984,TATSILV,EQ,,,,,TATAAML-TATSILV,21.00,21.03,20.83,21.00,21.02,21.00,,21.00,,,29002325,606763618.90,39305,F1,1,,,,,
2026-07-30,2026-07-30,CM,NSE,STK,5162,INE0GK401011,TATVA,EQ,,,,,TATVA CHIN PHARM CHEM LTD,1747.10,1747.10,1662.50,1680.20,1679.00,1744.40,,1680.20,,,66477,112708845.30,6884,F1,1,,,,,
2026-07-30,2026-07-30,CM,NSE,STK,759756,INE0XWS01018,TAURIAN,SM,,,,,TAURIAN MPS LIMITED,380.00,398.80,375.80,386.50,387.50,368.70,,386.50,,,50400,19490280.00,54,F1,800,,,,,
2026-07-30,2026-07-30,CM,NSE,STK,11754,INE053F07835,753IRFC30,NJ,,,,,TAX FREE  7.53% SR. 103 A,1129.11,1130.05,1129.06,1129.06,1129.06,1129.11,,1129.53,,,1673,1889374.57,13,F1,1,,,,,
2026-07-30,2026-07-30,CM,NSE,STK,15168,INE053F07900,764IRFC31,NO,,,,,TAX FREE  7.64% SR. 108A,1142.00,1143.00,1142.00,1143.00,1143.00,1142.00,,1143.00,,,680,776760.00,7,F1,1,,,,,
2026-07-30,2026-07-30,CM,NSE,STK,14529,INE906B07EP5,769NHAI31,NE,,,,,TAX FREE 7.69% SR. IIB,1146.10,1146.10,1145.01,1145.98,1146.10,1146.00,,1145.98,,,893,1023358.88,14,F1,1,,,,,
2026-07-30,2026-07-30,CM,NSE,STK,11757,INE053F07843,750IRFC35,NK,,,,,TAX FREE7.50% SR.104 A,1211.00,1211.00,1202.00,1210.01,1210.01,1211.00,,1210.84,,,879,1058981.88,6,F1,1,,,,,
2026-07-30,2026-07-30,CM,NSE,STK,12003,INE906B07EJ8,76NHAI31,NA,,,,,TAX FREE7.60% SR.IIB,1106.30,1110.00,1106.10,1110.00,1110.00,1106.59,,1114.00,,,5078,5618930.70,46,F1,1,,,,,
2026-07-30,2026-07-30,CM,NSE,STK,29111,INE020B07GX4,738REC27TF,N2,,,,,TAXFREE SEC NCD TR1 S2,1067.00,1067.00,1066.12,1066.12,1066.12,1070.00,,1066.12,,,13,13862.20,2,F1,1,,,,,
2026-07-30,2026-07-30,CM,NSE,STK,24019,INE0N2D01013,TBI,SM,,,,,TBI CORN LIMITED,61.25,62.85,61.10,62.60,62.50,61.35,,62.60,,,4800,298140.00,8,F1,600,,,,,
2026-07-30,2026-07-30,CM,NSE,STK,23740,INE673O01025,TBOTEK,EQ,,,,,TBO TEK LIMITED,1555.00,1555.00,1470.80,1498.50,1505.00,1522.60,,1498.50,,,1541761,2340038025.30,65246,F1,1,,,,,
2026-07-30,2026-07-30,CM,NSE,STK,761814,INE887D01016,TCC,EQ,,,,,TCC CONCEPT LIMITED,283.95,299.90,276.70,286.35,287.55,275.50,,286.35,,,102723,29923735.10,6000,F1,1,,,,,
2026-07-30,2026-07-30,CM,NSE,STK,19223,INE586V01016,TCIEXP,EQ,,,,,TCI EXPRESS LIMITED,545.95,549.15,530.60,535.60,537.80,545.95,,535.55,,,19995,10744967.65,1833,F1,1,,,,,
2026-07-30,2026-07-30,CM,NSE,STK,8722,INE911B01018,TCIFINANCE,BE,,,,,TCIFINANCELTD-ROLL SETT,14.85,15.44,14.60,14.99,15.00,15.15,,15.00,,,15320,231266.02,92,F1,1,,,,,
2026-07-30,2026-07-30,CM,NSE,STK,184,INE822C01015,TCPLPACK,EQ,,,,,TCPL PACKAGING LIMITED,3150.00,3230.40,3132.00,3155.40,3140.00,3183.10,,3155.40,,,2534,8011235.20,505,F1,1,,,,,
2026-07-30,2026-07-30,CM,NSE,STK,25178,INE419M01027,TDPOWERSYS,EQ,,,,,TD POWER SYSTEMS LTD.,1036.00,1068.50,930.00,1057.20,1060.60,1036.00,,1057.20,,,4896191,4947236157.60,226240,F1,1,,,,,
2026-07-30,2026-07-30,CM,NSE,STK,10717,INE289C01025,TEAMGTY,EQ,,,,,TEAM INDIA GUARANTY LTD,229.80,229.80,214.00,219.40,226.50,217.22,,219.40,,,2594,565445.98,85,F1,1,,,,,
2026-07-30,2026-07-30,CM,NSE,STK,12716,INE985S01024,TEAMLEASE,EQ,,,,,TEAMLEASE SERVICES LTD.,1299.00,1299.00,1261.70,1266.10,1270.00,1299.20,,1266.10,,,38297,48887572.40,4487,F1,1,,,,,
2026-07-30,2026-07-30,CM,NSE,STK,16996,INE065J01024,TPHQ,EQ,,,,,TEAMO PRODUCTIONS HQ LTD,0.42,0.43,0.41,0.42,0.43,0.41,,0.43,,,2313459,972322.22,285,F1,1,,,,,
2026-07-30,2026-07-30,CM,NSE,STK,763571,INE2OL601013,TEAMTECH,ST,,,,,TEAMTECH FORMWORK SOL LTD,115.00,120.00,114.00,119.00,119.00,116.10,,119.00,,,10000,1166000.00,5,F1,2000,,,,,
2026-07-30,2026-07-30,CM,NSE,STK,13538,INE669C01036,TECHM,EQ,,,,,TECH MAHINDRA LIMITED,1649.00,1686.60,1638.10,1669.00,1661.40,1644.20,,1669.00,,,4167643,6976965296.60,117264,F1,1,,,,,
2026-07-30,2026-07-30,CM,NSE,STK,759141,INE0Y5H01014,TECHD,ST,,,,,TECHD CYBERSECURITY LTD,606.00,618.65,604.05,604.05,604.05,606.00,,604.05,,,8700,5343345.00,29,F1,300,,,,,
2026-07-30,2026-07-30,CM,NSE,STK,25652,INE0JQS01019,TECHERA,SM,,,,,TECHERA ENGINEER (IND) L,149.65,149.95,144.05,144.95,144.05,147.25,,144.95,,,42400,6209320.00,47,F1,800,,,,,
2026-07-30,2026-07-30,CM,NSE,STK,6445,INE285K01026,TECHNOE,EQ,,,,,TECHNO ELEC & ENG CO. LTD,1001.00,1002.70,963.00,967.20,965.00,988.80,,967.20,,,169041,164505425.20,13870,F1,1,,,,,
2026-07-30,2026-07-30,CM,NSE,STK,14223,INE545H01011,TIIL,EQ,,,,,TECHNOCRAFT IND LTD,2550.60,2580.00,2522.00,2556.30,2548.50,2544.20,,2556.30,,,4110,10490379.60,857,F1,1,,,,,
2026-07-30,2026-07-30,CM,NSE,STK,762939,INE314H01012,TECHNVISN,EQ,,,,,TECHNVISION VENTURES LTD.,4673.80,4751.90,4620.10,4734.60,4672.00,4798.30,,4738.30,,,421,1973930.50,149,F1,1,,,,,
2026-07-30,2026-07-30,CM,NSE,STK,3453,INE014B01011,TECILCHEM,EQ,,,,,TECIL CHEMICALS,9.65,10.01,9.65,9.65,9.65,9.84,,9.63,,,1452,14267.46,32,F1,1,,,,,
2026-07-30,2026-07-30,CM,NSE,STK,23530,INE0K6601012,TGL,ST,,,,,TEERTH GOPICON LIMITED,19.30,19.85,18.40,18.50,18.40,19.35,,18.50,,,10000,185770.00,36,F1,200,,,,,
2026-07-30,2026-07-30,CM,NSE,STK,7105,INE011K01018,TEGA,EQ,,,,,TEGA INDUSTRIES LIMITED,1510.00,1522.50,1473.00,1477.40,1479.90,1504.40,,1477.40,,,91138,135656436.40,8810,F1,1,,,,,
2026-07-30,2026-07-30,CM,NSE,STK,763825,INE0R1301019,TEJA,SM,,,,,TEJA ENGINEERING IND L,666.00,668.00,652.00,654.45,653.00,658.10,,654.45,,,21600,14209770.00,30,F1,600,,,,,
2026-07-30,2026-07-30,CM,NSE,STK,21131,INE010J01012,TEJASNET,EQ,,,,,TEJAS NETWORKS LIMITED,518.00,518.05,505.25,507.10,506.50,520.00,,507.15,,,1031234,527562581.50,21569,F1,1,,,,,
2026-07-30,2026-07-30,CM,NSE,STK,3275,INE869Y01010,TEMBO,EQ,,,,,TEMBO GLOBAL IND LTD,559.90,571.00,559.90,565.80,564.25,559.90,,565.80,,,109167,61744218.55,2603,F1,1,,,,,
2026-07-30,2026-07-30,CM,NSE,STK,759880,INE19RI01016,TENNIND,EQ,,,,,TENNECO CLEAN AIR INDIA L,540.50,543.90,534.75,538.90,538.15,538.60,,538.90,,,165310,89107631.35,9536,F1,1,,,,,
2026-07-30,2026-07-30,CM,NSE,STK,19292,INE482B01010,TERASOFT,EQ,,,,,TERA SOFTWARE LIMITED,397.00,397.00,375.05,380.05,378.10,383.55,,380.05,,,6092,2328593.30,319,F1,1,,,,,
2026-07-30,2026-07-30,CM,NSE,STK,11549,INE435C01024,TEXINFRA,EQ,,,,,TEXMACO INFRA & HOLDG LTD,115.28,115.93,114.00,114.74,115.00,114.89,,114.74,,,41906,4794638.41,360,F1,1,,,,,
2026-07-30,2026-07-30,CM,NSE,STK,21828,INE621L01012,TEXRAIL,EQ,,,,,TEXMACO RAIL & ENG. LTD.,111.70,111.95,110.01,110.39,110.51,112.36,,110.40,,,728639,80643721.28,6475,F1,1,,,,,
2026-07-30,2026-07-30,CM,NSE,STK,18214,INE141K01013,TEXMOPIPES,EQ,,,,,TEXMO PIPE & PRODUCTS LTD,43.90,43.90,42.10,42.55,42.66,43.23,,42.55,,,16468,700257.38,222,F1,1,,,,,
2026-07-30,2026-07-30,CM,NSE,STK,10744,INE733E07JT8,737NTPC35C,NA,,,,,TFB 7.37% 2035 SR. 3A,1202.50,1202.50,1202.50,1202.50,1202.50,1378.00,,1202.50,,,96,115440.00,1,F1,1,,,,,
2026-07-30,2026-07-30,CM,NSE,STK,10751,INE733E07JW2,762NTPC35F,ND,,,,,TFB 7.62% 2035 SR. 3B,1212.00,1212.00,1212.00,1212.00,1212.00,1214.01,,1212.00,,,10,12120.00,1,F1,1,,,,,
2026-07-30,2026-07-30,CM,NSE,STK,14607,INE797H01018,TGBHOTELS,EQ,,,,,TGB BANQUETS&HOTELS LTD,9.62,9.79,9.35,9.63,9.66,9.62,,9.63,,,16451,158287.88,169,F1,1,,,,,
2026-07-30,2026-07-30,CM,NSE,STK,22777,INE0QJL01014,TCL,SM,,,,,THAAI CASTING LIMITED,112.75,115.30,110.00,114.65,115.00,110.00,,114.65,,,36800,4203040.00,22,F1,800,,,,,
2026-07-30,2026-07-30,CM,NSE,STK,762947,INE077P01034,THACKER,BE,,,,,THACKER & CO. LTD.,1030.00,1039.70,1000.00,1002.80,1039.70,1011.00,,1007.20,,,15,15069.70,5,F1,1,,,,,
2026-07-30,2026-07-30,CM,NSE,STK,18118,INE085J01014,THANGAMAYL,EQ,,,,,THANGAMAYIL JEWELLERY LTD,6100.00,6120.00,5807.00,5807.00,5807.00,6452.00,,5807.00,,,334882,1957035677.00,19558,F1,1,,,,,
2026-07-30,2026-07-30,CM,NSE,STK,9014,INE294Z01018,ANUP,EQ,,,,,THE ANUP ENGINEERING LTD,2090.60,2170.00,2065.00,2154.70,2170.00,2090.60,,2154.80,,,24201,51508727.30,4835,F1,1,,,,,
2026-07-30,2026-07-30,CM,NSE,STK,7930,INE319B01014,BYKE,BE,,,,,THE BYKE HOSPITALITY LTD,34.74,34.74,32.27,34.49,34.50,33.50,,34.48,,,94455,3227197.68,175,F1,1,,,,,
2026-07-30,2026-07-30,CM,NSE,STK,13776,INE017A01032,GESHIP,EQ,,,,,THE GE SHPG.LTD,1374.00,1399.90,1360.50,1371.30,1375.00,1370.70,,1371.30,,,315573,433027189.30,26319,F1,1,,,,,
2026-07-30,2026-07-30,CM,NSE,STK,17770,INE646C01018,GROBTEA,EQ,,,,,THE GROB TEA COMPANY LTD,902.30,902.30,900.00,900.00,900.00,917.20,,900.00,,,9,8110.30,3,F1,1,,,,,
2026-07-30,2026-07-30,CM,NSE,STK,8568,INE127B01011,HITECHGEAR,BE,,,,,THE HI-TECH GEARS LIMITED,572.00,580.00,558.05,573.70,565.30,562.50,,573.70,,,12910,7373052.50,73,F1,1,,,,,
2026-07-30,2026-07-30,CM,NSE,STK,1515,INE383A01012,INDIACEM,EQ,,,,,THE INDIA CEMENTS LIMITED,396.00,401.50,392.05,399.40,398.05,398.20,,399.40,,,185671,73892642.05,13659,F1,1,,,,,
2026-07-30,2026-07-30,CM,NSE,STK,1512,INE053A01029,INDHOTEL,EQ,,,,,THE INDIAN HOTELS CO. LTD,736.55,750.50,733.90,749.25,748.40,738.20,,749.25,,,2223747,1656491347.00,38551,F1,1,,,,,
2026-07-30,2026-07-30,CM,NSE,STK,21427,INE924D01017,THEINVEST,EQ,,,,,THE INVEST TRUST OF IND L,97.68,97.99,94.61,94.73,94.61,96.72,,94.73,,,7159,682992.86,133,F1,1,,,,,
2026-07-30,2026-07-30,CM,NSE,STK,399,INE470Y01017,NIACL,EQ,,,,,THE NEW INDIA ASSU CO LTD,164.94,167.50,162.21,165.89,165.10,164.13,,165.89,,,824835,135947268.25,13183,F1,1,,,,,
2026-07-30,2026-07-30,CM,NSE,STK,10321,INE431F01018,PKTEA,EQ,,,,,THE P K TEA PROD CO LTD,681.20,690.00,681.20,689.95,689.95,690.00,,689.95,,,34,23371.00,5,F1,1,,,,,
2026-07-30,2026-07-30,CM,NSE,STK,14552,INE211B01039,PHOENIXLTD,EQ,,,,,THE PHOENIX MILLS LTD,1886.40,1908.40,1877.30,1887.90,1888.10,1910.50,,1887.90,,,472335,892934242.10,26466,F1,1,,,,,
2026-07-30,2026-07-30,CM,NSE,STK,2043,INE331A01037,RAMCOCEM,EQ,,,,,THE RAMCO CEMENTS LIMITED,918.00,921.50,908.40,915.00,911.00,921.50,,915.00,,,588768,537653685.75,11145,F1,1,,,,,
2026-07-30,2026-07-30,CM,NSE,STK,10123,INE301D01026,RUBYMILLS,BE,,,,,THE RUBY MILLS LTD,400.00,400.00,385.20,386.70,389.00,394.20,,387.75,,,6428,2522912.20,137,F1,1,,,,,
2026-07-30,2026-07-30,CM,NSE,STK,5948,INE683A01023,SOUTHBANK,EQ,,,,,THE SOUTH INDIAN BANK LTD,46.60,47.10,46.28,46.89,46.90,46.49,,46.89,,,5193772,242819346.57,19417,F1,1,,,,,
2026-07-30,2026-07-30,CM,NSE,STK,10948,INE655A01013,STCINDIA,EQ,,,,,THE STATE TRADING CORPN,118.01,119.47,117.00,117.35,117.45,119.00,,117.36,,,14654,1730384.68,365,F1,1,,,,,
2026-07-30,2026-07-30,CM,NSE,STK,19578,INE071E01023,UGARSUGAR,EQ,,,,,THE UGAR SUGAR WORKS LTD,40.31,40.70,39.93,40.02,40.07,40.45,,40.02,,,60414,2429768.55,696,F1,1,,,,,
2026-07-30,2026-07-30,CM,NSE,STK,20481,INE215F01023,WIPL,EQ,,,,,THE WESTERN INDIA PLY LTD,165.61,171.90,165.61,168.55,168.50,167.00,,168.55,,,1945,328922.45,35,F1,1,,,,,
2026-07-30,2026-07-30,CM,NSE,STK,19279,INE121N01019,THEJO,EQ,,,,,THEJO ENGINEERING LIMITED,1880.50,1930.00,1870.20,1900.60,1874.00,1889.40,,1900.60,,,2254,4277277.50,485,F1,1,,,,,
2026-07-30,2026-07-30,CM,NSE,STK,14485,INE083B01024,THEMISMED,EQ,,,,,THEMIS MEDICARE LTD.,107.12,107.39,103.38,104.19,104.65,107.28,,104.19,,,37032,3891704.16,729,F1,1,,,,,
2026-07-30,2026-07-30,CM,NSE,STK,3475,INE152A01029,THERMAX,EQ,,,,,THERMAX LTD,4366.00,4366.00,4238.50,4251.50,4250.00,4378.00,,4251.50,,,119584,511671850.00,23137,F1,1,,,,,
2026-07-30,2026-07-30,CM,NSE,STK,25651,INE0SHE01019,THESL,ST,,,,,THINKING HATS ENTER SOL L,18.00,19.00,18.00,19.00,19.00,18.10,,19.00,,,12000,224100.00,4,F1,3000,,,,,
2026-07-30,2026-07-30,CM,NSE,STK,3496,INE338A01024,TIRUMALCHM,EQ,,,,,THIRUMALAI CHEMICALS LTD,169.46,172.00,167.68,168.87,168.00,169.46,,168.86,,,394790,66605031.65,2899,F1,1,,,,,
2026-07-30,2026-07-30,CM,NSE,STK,3481,INE332A01027,THOMASCOOK,EQ,,,,,THOMAS COOK (INDIA) LTD,99.89,100.30,98.75,99.33,99.00,99.84,,99.33,,,422620,42009449.86,3912,F1,1,,,,,
2026-07-30,2026-07-30,CM,NSE,STK,31017,INE480M01011,THOMASCOTT,EQ,,,,,THOMAS SCOTT (INDIA) LTD,303.60,309.45,295.10,298.10,302.80,302.05,,298.10,,,13673,4112066.25,822,F1,1,,,,,
2026-07-30,2026-07-30,CM,NSE,STK,17032,INE594H01019,THYROCARE,EQ,,,,,THYROCARE TECH LTD,579.00,599.00,579.00,591.45,590.00,580.00,,591.30,,,640060,379432611.90,23386,F1,1,,,,,
2026-07-30,2026-07-30,CM,NSE,STK,759179,INE906O01029,TIGERLOGS,BE,,,,,TIGER LOGISTICS (INDIA) L,30.01,30.01,28.83,28.98,29.00,30.01,,29.05,,,85002,2480850.87,479,F1,1,,,,,
2026-07-30,2026-07-30,CM,NSE,STK,25482,INE440L01017,TIJARIA,EQ,,,,,TIJARIA POLYPIPES LTD,4.76,4.95,4.56,4.58,4.63,4.74,,4.58,,,151700,715787.67,193,F1,1,,,,,
2026-07-30,2026-07-30,CM,NSE,STK,3484,INE806C01018,TIL,EQ,,,,,TIL LTD,269.00,271.94,238.20,241.56,242.00,262.48,,241.56,,,7263850,1867406593.06,78060,F1,1,,,,,
2026-07-30,2026-07-30,CM,NSE,STK,19196,INE133E01013,TI,EQ,,,,,TILAKNAGAR INDUSTRIES LTD,467.05,476.75,459.20,467.10,467.95,465.40,,467.10,,,1494239,700751528.15,30128,F1,1,,,,,
2026-07-30,2026-07-30,CM,NSE,STK,14707,INE508G01029,TIMETECHNO,EQ,,,,,TIME TECHNOPLAST LTD.,216.90,216.90,207.01,208.36,209.19,216.36,,208.36,,,3553226,759056412.81,29513,F1,1,,,,,
2026-07-30,2026-07-30,CM,NSE,STK,7800,INE0IJY01014,TIMESCAN,SM,,,,,TIMESCAN LOGISTICS IND L,38.05,40.35,38.05,40.35,40.35,39.00,,40.35,,,8000,314800.00,4,F1,2000,,,,,
2026-07-30,2026-07-30,CM,NSE,STK,762954,INE064A01026,TIMEX,EQ,,,,,TIMEX GROUP INDIA LTD.,533.80,553.00,515.00,530.50,531.00,553.75,,530.45,,,1081723,577293637.30,39867,F1,1,,,,,
2026-07-30,2026-07-30,CM,NSE,STK,14198,INE325A01013,TIMKEN,EQ,,,,,TIMKEN INDIA LTD.,3098.90,3148.00,3090.80,3097.60,3095.00,3096.60,,3097.60,,,27984,87299781.00,9247,F1,1,,,,,
2026-07-30,2026-07-30,CM,NSE,STK,756020,INE015C01016,TINNARUBR,EQ,,,,,TINNA RUBBER AND INFR LTD,1106.55,1110.80,1032.00,1042.15,1039.00,1101.05,,1042.25,,,132108,138769974.25,10888,F1,1,,,,,
2026-07-30,2026-07-30,CM,NSE,STK,11374,INE0LQS01015,TIPSFILMS,EQ,,,,,TIPS FILMS LIMITED,401.05,413.95,376.60,387.30,385.10,408.40,,387.30,,,55027,21526486.65,2083,F1,1,,,,,
2026-07-30,2026-07-30,CM,NSE,STK,9117,INE716B01029,TIPSMUSIC,EQ,,,,,TIPS MUSIC LIMITED,680.50,682.00,661.20,664.90,664.00,685.00,,664.90,,,284922,190433981.20,14743,F1,1,,,,,
2026-07-30,2026-07-30,CM,NSE,STK,22284,INE319Y01024,TIRUPATIFL,BE,,,,,TIRUPATI FORGE LIMITED,72.67,74.80,69.04,70.41,70.70,72.67,,70.41,,,319824,22461916.89,1509,F1,1,,,,,
2026-07-30,2026-07-30,CM,NSE,STK,15414,INE615H01020,TITAGARH,EQ,,,,,TITAGARH RAIL SYSTEMS LTD,832.25,833.00,822.20,824.80,825.00,833.85,,824.85,,,164724,136166319.80,10193,F1,1,,,,,
2026-07-30,2026-07-30,CM,NSE,STK,3506,INE280A01028,TITAN,EQ,,,,,TITAN COMPANY LIMITED,4820.90,4869.90,4820.90,4850.00,4843.90,4850.20,,4849.90,,,777361,3767504120.90,81317,F1,1,,,,,
2026-07-30,2026-07-30,CM,NSE,STK,9710,INE932C01012,TOKYOPLAST,BE,,,,,TOKYO PLAST  INTL LTD.,79.20,79.20,76.50,76.90,76.50,79.10,,76.90,,,137,10562.90,3,F1,1,,,,,
2026-07-30,2026-07-30,CM,NSE,STK,25262,INE0RWQ01014,TOLINS,EQ,,,,,TOLINS TYRES LIMITED,102.96,103.34,101.20,101.91,102.50,103.02,,101.82,,,30119,3077462.75,589,F1,1,,,,,
2026-07-30,2026-07-30,CM,NSE,STK,3518,INE685A01028,TORNTPHARM,EQ,,,,,TORRENT PHARMACEUTICALS L,4878.50,4951.80,4862.00,4872.10,4890.00,4878.50,,4872.10,,,790538,3876181382.60,53069,F1,1,,,,,
2026-07-30,2026-07-30,CM,NSE,STK,13786,INE813H01021,TORNTPOWER,EQ,,,,,TORRENT POWER LTD,1430.00,1430.00,1413.20,1423.50,1424.00,1431.10,,1423.50,,,496219,704432828.70,29725,F1,1,,,,,
2026-07-30,2026-07-30,CM,NSE,STK,22423,INE336X01012,TOTAL,EQ,,,,,TOTAL TRANSPORT SYS LTD,49.80,49.80,48.10,49.20,48.45,48.55,,49.20,,,1547,75589.78,45,F1,1,,,,,
2026-07-30,2026-07-30,CM,NSE,STK,16908,INE486Y01013,TOUCHWOOD,EQ,,,,,TOUCHWOOD ENTERTAIN LTD.,66.01,66.82,66.00,66.51,66.73,66.16,,66.51,,,676,44770.80,39,F1,1,,,,,
2026-07-30,2026-07-30,CM,NSE,STK,3466,INE305A01023,TFCILTD,EQ,,,,,TOURISM FINANCE CORP. OF,100.00,102.09,99.25,101.00,101.32,100.57,,101.01,,,7891848,794499477.33,18647,F1,1,,,,,
2026-07-30,2026-07-30,CM,NSE,STK,9219,INE413G01022,TPLPLASTEH,EQ,,,,,TPL PLASTECH LIMITED,79.43,79.90,78.25,79.41,79.90,79.04,,79.41,,,117078,9257460.67,1244,F1,1,,,,,
2026-07-30,2026-07-30,CM,NSE,STK,11582,INE0HMF01019,TRACXN,EQ,,,,,TRACXN TECHNOLOGIES LTD,29.93,30.28,29.70,29.99,29.86,29.95,,29.99,,,77192,2311905.41,395,F1,1,,,,,
2026-07-30,2026-07-30,CM,NSE,STK,15174,INE763I01026,TARIL,EQ,,,,,TRANS & RECTI. LTD,299.45,299.70,292.65,293.55,293.50,298.00,,293.50,,,640654,188871170.60,13324,F1,1,,,,,
2026-07-30,2026-07-30,CM,NSE,STK,17795,INE0O3901029,TREL,EQ,,,,,TRANSINDIA REAL ESTATE L,24.85,24.85,23.54,23.99,23.90,24.41,,23.98,,,71333,1722318.76,492,F1,1,,,,,
2026-07-30,2026-07-30,CM,NSE,STK,3531,INE687A01016,TRANSPEK,EQ,,,,,TRANSPEK INDUSTRY LTD,1042.90,1130.00,1025.00,1101.10,1128.00,1044.75,,1101.00,,,12541,13503025.55,1387,F1,1,,,,,
2026-07-30,2026-07-30,CM,NSE,STK,10580,INE688A01022,TCI,EQ,,,,,TRANSPORT CORPN OF INDIA,919.30,954.90,910.00,931.15,940.00,917.00,,931.20,,,269738,250850775.35,15741,F1,1,,,,,
2026-07-30,2026-07-30,CM,NSE,STK,28714,INE454P01035,TRANSRAILL,EQ,,,,,TRANSRAIL LIGHTING LTD,497.75,497.75,486.50,489.15,487.30,497.75,,489.20,,,184548,90698850.55,6665,F1,1,,,,,
2026-07-30,2026-07-30,CM,NSE,STK,19801,INE0NVI01020,TRANSTEEL,SM,,,,,TRANSTEEL SEATING TECH L,119.60,122.90,117.30,122.60,120.35,120.20,,122.60,,,134000,16397050.00,26,F1,1000,,,,,
2026-07-30,2026-07-30,CM,NSE,STK,14319,INE804H01012,TFL,EQ,,,,,TRANSWARRANTY FIN. LTD.,11.40,11.44,11.02,11.38,11.39,11.22,,11.38,,,5461,61843.86,35,F1,1,,,,,
2026-07-30,2026-07-30,CM,NSE,STK,8619,INE757B01015,TRANSWORLD,BE,,,,,TRANSWORLD SHIP LINES LTD,164.99,164.99,158.10,162.00,162.00,163.44,,162.00,,,1639,264714.61,35,F1,1,,,,,
2026-07-30,2026-07-30,CM,NSE,STK,757545,INE103V01028,TRAVELFOOD,EQ,,,,,TRAVEL FOOD SERVICES LTD,1297.00,1300.00,1275.00,1279.20,1285.00,1287.50,,1279.30,,,8162,10482282.20,2226,F1,1,,,,,
2026-07-30,2026-07-30,CM,NSE,STK,25082,INE040M01013,TREEHOUSE,EQ,,,,,TREE HOUSE EDU LTD,6.30,6.41,6.18,6.21,6.20,6.30,,6.21,,,5480,34173.31,47,F1,1,,,,,
2026-07-30,2026-07-30,CM,NSE,STK,7518,INE00CA01015,TREJHARA,EQ,,,,,TREJHARA SOLUTIONS LTD,138.90,138.90,134.49,134.85,135.00,136.82,,134.87,,,3313,447344.23,221,F1,1,,,,,
2026-07-30,2026-07-30,CM,NSE,STK,1964,INE849A01020,TRENT,EQ,,,,,TRENT LTD,3020.20,3042.60,2982.00,2999.20,3003.90,3005.20,,2999.20,,,806910,2423383652.50,53317,F1,1,,,,,
2026-07-30,2026-07-30,CM,NSE,STK,17987,INE391D01019,TRF,EQ,,,,,TRF LIMITED,229.25,233.59,224.38,225.50,224.88,230.36,,225.46,,,28930,6622311.04,1041,F1,1,,,,,
2026-07-30,2026-07-30,CM,NSE,STK,27037,INE760L01018,TBZ,EQ,,,,,TRIB BHIMJI ZAVERI LTD,274.90,286.89,271.32,279.57,276.67,274.48,,279.59,,,2094110,586525106.13,34645,F1,1,,,,,
2026-07-30,2026-07-30,CM,NSE,STK,9685,INE064C01022,TRIDENT,EQ,,,,,TRIDENT LIMITED,24.82,24.88,24.68,24.71,24.74,24.86,,24.71,,,2123829,52605896.11,11459,F1,1,,,,,
2026-07-30,2026-07-30,CM,NSE,STK,21093,INE0QD201012,TECHLABS,ST,,,,,TRIDENT TECHLABS LIMITED,123.15,127.95,122.25,127.00,127.00,126.90,,127.00,,,8500,1056681.25,39,F1,125,,,,,
2026-07-30,2026-07-30,CM,NSE,STK,5428,INE948A01012,TRIGYN,EQ,,,,,TRIGYN TECHNOLOGIES LTD,53.51,54.58,53.25,53.58,53.33,53.50,,53.59,,,10393,559578.79,333,F1,1,,,,,
2026-07-30,2026-07-30,CM,NSE,STK,13084,INE256C01024,TRIVENI,BE,,,,,TRIVENI ENGG. & INDS. LTD,236.80,236.80,225.05,226.40,227.00,233.85,,226.55,,,282226,64294010.75,2421,F1,1,,,,,
2026-07-30,2026-07-30,CM,NSE,STK,25584,INE152M01016,TRITURBINE,EQ,,,,,TRIVENI TURBINE LIMITED,615.40,616.05,604.10,607.50,605.00,615.90,,607.50,,,295448,179911262.60,21518,F1,1,,,,,
2026-07-30,2026-07-30,CM,NSE,STK,24645,INE0SYV01018,TROM,ST,,,,,TROM INDUSTRIES LIMITED,58.00,58.10,58.00,58.10,58.10,60.45,,58.10,,,1800,104520.00,3,F1,600,,,,,
2026-07-30,2026-07-30,CM,NSE,STK,759210,INE0MWH01014,TRUALT,EQ,,,,,TRUALT BIOENERGY LIMITED,435.00,444.00,427.25,435.80,437.00,430.15,,435.80,,,228674,99496609.75,6891,F1,1,,,,,
2026-07-30,2026-07-30,CM,NSE,STK,9378,INE615R01029,TRU,EQ,,,,,TRUCAP FINANCE LIMITED,4.68,4.90,4.56,4.67,4.62,4.67,,4.67,,,169375,796628.76,241,F1,1,,,,,
2026-07-30,2026-07-30,CM,NSE,STK,23417,INE0SWN01019,TRUST,SM,,,,,TRUST FINTECH LIMITED,27.60,29.50,26.25,29.50,29.50,27.55,,29.50,,,23400,644580.00,36,F1,600,,,,,
2026-07-30,2026-07-30,CM,NSE,STK,757858,INE16VK01010,TSC,SM,,,,,TSC INDIA LIMITED,33.05,35.70,33.05,35.70,35.70,34.00,,35.70,,,12000,416900.00,6,F1,2000,,,,,
2026-07-30,2026-07-30,CM,NSE,STK,2183,INE202Z01029,TSFINV,EQ,,,,,TSF INVESTMENTS LIMITED,443.25,449.90,436.20,442.95,442.15,443.25,,442.95,,,38272,16840946.10,2361,F1,1,,,,,
2026-07-30,2026-07-30,CM,NSE,STK,27537,INE1C3207057,935TSI27,N0,,,,,TSI 9.35% 27 SR I-A,101100.00,101200.00,101100.00,101200.00,101200.00,100830.77,,101200.00,,,5,505900.00,2,F1,1,,,,,
2026-07-30,2026-07-30,CM,NSE,STK,11369,INE910C01018,TTKHLTCARE,EQ,,,,,TTK HEALTHCARE LIMITED,1048.85,1056.25,992.05,1000.95,1000.00,1045.50,,1000.95,,,51611,51854130.75,4854,F1,1,,,,,
2026-07-30,2026-07-30,CM,NSE,STK,3546,INE690A01028,TTKPRESTIG,EQ,,,,,TTK PRESTIGE LTD,676.95,676.95,651.35,656.60,655.00,677.15,,656.85,,,258216,171750737.60,13488,F1,1,,,,,
2026-07-30,2026-07-30,CM,NSE,STK,312,INE974X01010,TIINDIA,EQ,,,,,TUBE INVEST OF INDIA LTD,2798.90,2798.90,2665.60,2688.80,2692.00,2786.70,,2688.80,,,818361,2225476946.60,56391,F1,1,,,,,
2026-07-30,2026-07-30,CM,NSE,STK,24520,INE0OXV01027,TUNWAL,SM,,,,,TUNWAL E-MOTORS LIMITED,26.60,26.75,26.30,26.65,26.75,26.30,,26.65,,,58000,1543800.00,23,F1,2000,,,,,
2026-07-30,2026-07-30,CM,NSE,STK,756090,INE0OC301013,TURTLEMINT,EQ,,,,,TURTLEMINT FINTECH SOLS L,117.19,120.19,115.25,115.71,116.00,117.73,,115.71,,,522982,61205021.62,9723,F1,1,,,,,
2026-07-30,2026-07-30,CM,NSE,STK,11275,INE038F01029,TVTODAY,EQ,,,,,TV TODAY NETWORK LTD,115.50,116.00,113.35,113.68,113.99,115.98,,113.67,,,23634,2703740.84,496,F1,1,,,,,
2026-07-30,2026-07-30,CM,NSE,STK,18504,INE871L01013,TVVISION,EQ,,,,,TV VISION LIMITED,4.66,4.86,4.63,4.79,4.80,4.75,,4.79,,,10909,51863.63,44,F1,1,,,,,
2026-07-30,2026-07-30,CM,NSE,STK,11265,INE236G01019,TVSELECT,EQ,,,,,TVS ELECTRONICS LTD,490.10,491.15,478.50,481.20,483.25,490.10,,481.40,,,22717,11016981.95,927,F1,1,,,,,
2026-07-30,2026-07-30,CM,NSE,STK,29008,INE105A01035,TVSHLTD,EQ,,,,,TVS HOLDINGS LIMITED,14878.00,15154.00,14752.00,14987.00,14949.00,14803.00,,14988.00,,,20821,312772406.00,7347,F1,1,,,,,
2026-07-30,2026-07-30,CM,NSE,STK,8479,INE494B01023,TVSMOTOR,EQ,,,,,TVS MOTOR COMPANY  LTD,4080.00,4219.00,4070.00,4208.40,4205.00,4075.60,,4208.70,,,2913373,12155631768.70,124985,F1,1,,,,,
2026-07-30,2026-07-30,CM,NSE,STK,761141,INE494B04019,TVSMNCRPS,P1,,,,,TVS MOTOR COMPANY LIMITED,10.45,10.55,10.40,10.50,10.50,10.40,,10.50,,,534682,5589176.85,400,F1,1,,,,,
2026-07-30,2026-07-30,CM,NSE,STK,14245,INE421C01016,TVSSRICHAK,EQ,,,,,TVS SRICHAKRA LIMITED,3951.50,3979.80,3865.90,3920.70,3882.00,3949.60,,3920.70,,,3446,13562052.00,762,F1,1,,,,,
2026-07-30,2026-07-30,CM,NSE,STK,18151,INE395N01027,TVSSCS,EQ,,,,,TVS SUPPLY CHAIN SOL L,137.85,137.85,135.20,135.65,135.20,137.15,,135.65,,,179716,24463205.14,2894,F1,1,,,,,
2026-07-30,2026-07-30,CM,NSE,STK,19503,INE388G01026,TICL,BE,,,,,TWAMEV CONS AND INFRA LTD,9.30,9.39,9.00,9.36,9.35,9.03,,9.36,,,54906,506983.17,109,F1,1,,,,,
2026-07-30,2026-07-30,CM,NSE,STK,25626,INE152C01025,UYFINCORP,EQ,,,,,U. Y. FINCORP LIMITED,19.51,19.96,19.13,19.79,19.94,19.66,,19.79,,,818595,16214458.31,1156,F1,1,,,,,
2026-07-30,2026-07-30,CM,NSE,STK,3570,INE139B01016,UCAL,EQ,,,,,UCAL LIMITED,116.08,116.08,114.82,115.09,114.93,117.01,,115.09,,,2771,319958.34,117,F1,1,,,,,
2026-07-30,2026-07-30,CM,NSE,STK,756000,INE583D07604,1015UCL27,NF,,,,,UCL 10.15% SR III,1027.00,1027.00,1027.00,1027.00,1027.00,989.50,,1019.33,,,5,5135.00,1,F1,1,,,,,
2026-07-30,2026-07-30,CM,NSE,STK,11223,INE691A01018,UCOBANK,EQ,,,,,UCO BANK,26.51,26.57,25.69,25.82,25.92,26.51,,25.82,,,7438918,193805642.20,15875,F1,1,,,,,
2026-07-30,2026-07-30,CM,NSE,STK,14871,INE0N0Y01013,USK,EQ,,,,,UDAYSHIVAKUMAR INFRA LTD,22.45,23.13,22.08,22.47,22.30,22.68,,22.47,,,17340,387608.48,193,F1,1,,,,,
2026-07-30,2026-07-30,CM,NSE,STK,1053,INE516A01017,UFLEX,EQ,,,,,UFLEX LIMITED,477.00,479.40,474.05,474.60,474.50,478.75,,474.60,,,46145,21956974.80,1750,F1,1,,,,,
2026-07-30,2026-07-30,CM,NSE,STK,9039,INE527H01019,UFO,EQ,,,,,UFO MOVIEZ INDIA LTD.,67.65,67.65,65.18,65.32,65.25,66.77,,65.33,,,44188,2911218.23,643,F1,1,,,,,
2026-07-30,2026-07-30,CM,NSE,STK,5313,INE583D01011,UGROCAP,EQ,,,,,UGRO CAPITAL LIMITED,96.00,96.16,94.50,95.28,94.61,95.99,,95.28,,,53689,5114057.32,957,F1,1,,,,,
2026-07-30,2026-07-30,CM,NSE,STK,23507,INE899L01030,UEL,EQ,,,,,UJAAS ENERGY LIMITED,122.20,139.99,119.60,128.11,133.00,119.41,,128.24,,,4834,606206.94,170,F1,1,,,,,
2026-07-30,2026-07-30,CM,NSE,STK,15228,INE551W01018,UJJIVANSFB,EQ,,,,,UJJIVAN SMALL FINANC BANK,70.45,71.32,69.72,70.33,70.32,70.37,,70.33,,,11155624,784965471.16,39144,F1,1,,,,,
2026-07-30,2026-07-30,CM,NSE,STK,762961,INE405A01021,ULTRAMAR,EQ,,,,,ULTRAMARINE & PIGMENTS L,372.10,378.00,368.30,373.75,375.50,372.45,,373.55,,,10259,3838585.95,840,F1,1,,,,,
2026-07-30,2026-07-30,CM,NSE,STK,11532,INE481G01011,ULTRACEMCO,EQ,,,,,ULTRATECH CEMENT LIMITED,11800.00,11861.00,11730.00,11847.00,11850.00,11998.00,,11847.00,,,291418,3440802212.00,45979,F1,1,,,,,
2026-07-30,2026-07-30,CM,NSE,STK,13349,INE067901012,UMA,SM,,,,,UMA CONVERTER LIMITED,15.40,15.40,15.40,15.40,15.40,15.50,,15.40,,,4000,61600.00,1,F1,4000,,,,,
2026-07-30,2026-07-30,CM,NSE,STK,8845,INE0GIU01018,UMAEXPORTS,BE,,,,,UMA EXPORTS LIMITED,20.00,20.80,19.75,19.91,20.28,20.07,,19.91,,,12886,258361.36,78,F1,1,,,,,
2026-07-30,2026-07-30,CM,NSE,STK,8998,INE398B01018,UMIYA-MRO,EQ,,,,,UMIYA BUILDCON LIMITED,90.50,90.50,88.61,89.55,89.02,90.05,,89.04,,,853,76718.91,27,F1,1,,,,,
2026-07-30,2026-07-30,CM,NSE,STK,3579,INE351A01035,UNICHEMLAB,EQ,,,,,UNICHEM LABORATORIES LTD,531.00,538.00,515.05,523.70,521.05,533.25,,523.65,,,77444,40889871.85,3753,F1,1,,,,,
2026-07-30,2026-07-30,CM,NSE,STK,24809,INE00U401027,UNIECOM,EQ,,,,,UNICOMMERCE ESOLUTIONS L,85.00,85.40,84.50,84.79,84.50,85.00,,84.78,,,144981,12310396.82,1866,F1,1,,,,,
2026-07-30,2026-07-30,CM,NSE,STK,18582,INE0PRF01011,UNIHEALTH,SM,,,,,UNIHEALTH HOSPITALS LTD,742.00,766.00,720.00,737.00,740.00,734.95,,737.00,,,29500,22064500.00,55,F1,500,,,,,
2026-07-30,2026-07-30,CM,NSE,STK,7797,INE481Z01011,UNIINFO,BE,,,,,UNIINFO TELECOM SERVI LTD,11.74,12.30,11.69,12.29,12.29,12.30,,12.29,,,1202,14076.64,19,F1,1,,,,,
2026-07-30,2026-07-30,CM,NSE,STK,25633,INE0B2801011,UNILEX,SM,,,,,UNILEX COLOURS AND CHEM L,26.75,26.75,26.75,26.75,26.75,26.00,,26.75,,,3200,85600.00,2,F1,1600,,,,,
2026-07-30,2026-07-30,CM,NSE,STK,28960,INE0U3I01011,UNIMECH,EQ,,,,,UNIMECH AEROSPACE N MFG L,1210.00,1210.00,1165.10,1173.40,1173.60,1191.20,,1173.50,,,58437,68729469.00,4443,F1,1,,,,,
2026-07-30,2026-07-30,CM,NSE,STK,10753,INE692A01016,UNIONBANK,EQ,,,,,UNION BANK OF INDIA,171.08,171.08,167.90,170.40,170.65,171.08,,170.40,,,9365956,1587490657.70,44491,F1,1,,,,,
2026-07-30,2026-07-30,CM,NSE,STK,29687,INF582M01KS4,UNIONGOLD,EQ,,,,,UNIONAMC - UNIONGOLD,139.25,139.55,138.45,139.25,139.05,137.95,,139.25,,,971,134979.35,35,F1,1,,,,,
2026-07-30,2026-07-30,CM,NSE,STK,13057,INE244O01017,UNIPARTS,EQ,,,,,UNIPARTS INDIA LIMITED,729.90,744.90,716.05,738.20,737.10,725.05,,738.20,,,217869,160471165.60,10519,F1,1,,,,,
2026-07-30,2026-07-30,CM,NSE,STK,11293,INE037A01022,UNIENTER,EQ,,,,,UNIPHOS ENTERPRISES LTD,96.00,97.04,95.05,95.38,95.85,95.08,,95.41,,,3587,342953.16,177,F1,1,,,,,
2026-07-30,2026-07-30,CM,NSE,STK,3594,INE694A01020,UNITECH,EQ,,,,,UNITECH LTD,4.28,4.33,4.18,4.19,4.20,4.28,,4.19,,,3178446,13468621.26,3113,F1,1,,,,,
2026-07-30,2026-07-30,CM,NSE,STK,16713,INE686F01025,UBL,EQ,,,,,UNITED BREWERIES LTD,1446.80,1459.90,1433.20,1436.10,1438.50,1440.20,,1436.20,,,146615,212311147.00,9903,F1,1,,,,,
2026-07-30,2026-07-30,CM,NSE,STK,204,INE961D01019,UNIDT,BE,,,,,UNITED DRILLING TOOLS LTD,221.01,225.70,221.01,222.09,223.00,221.88,,221.45,,,8599,1920540.15,63,F1,1,,,,,
2026-07-30,2026-07-30,CM,NSE,STK,3127,INE382M01027,UFBL,EQ,,,,,UNITED FOODBRANDS LIMITED,708.00,711.45,672.00,676.15,675.00,707.35,,676.25,,,75269,52557506.40,3229,F1,1,,,,,
2026-07-30,2026-07-30,CM,NSE,STK,25938,INE0SMR01011,UHTL,ST,,,,,UNITED HEAT TRANSFER LTD,109.00,109.00,108.90,108.90,108.90,107.55,,108.90,,,20000,2178400.00,10,F1,2000,,,,,
2026-07-30,2026-07-30,CM,NSE,STK,17999,INE458F01011,UNITEDTEA,EQ,,,,,UNITED NILGIRI TEA LTD,470.50,479.50,465.00,471.40,468.45,472.45,,471.40,,,781,368570.55,70,F1,1,,,,,
2026-07-30,2026-07-30,CM,NSE,STK,7564,INE368U01029,UNITEDPOLY,BE,,,,,UNITED POLYFAB GUJ. LTD.,30.49,30.80,29.15,29.80,29.78,30.49,,29.80,,,4487,133311.74,91,F1,1,,,,,
2026-07-30,2026-07-30,CM,NSE,STK,10447,INE854D01024,UNITDSPR,EQ,,,,,UNITED SPIRITS LIMITED,1507.00,1535.40,1507.00,1531.90,1532.00,1504.40,,1531.60,,,1362733,2077451564.20,39510,F1,1,,,,,
2026-07-30,2026-07-30,CM,NSE,STK,18979,INE562X01013,UNIVASTU,BE,,,,,UNIVASTU INDIA LIMITED,134.90,136.00,129.80,134.92,135.25,131.44,,134.92,,,131852,17615253.99,849,F1,1,,,,,
2026-07-30,2026-07-30,CM,NSE,STK,3607,INE279A01012,UNIVCABLES,EQ,,,,,UNIVERSAL CABLES LTD,1344.10,1350.30,1303.00,1331.30,1328.30,1347.30,,1331.20,,,92410,122251164.60,6657,F1,1,,,,,
2026-07-30,2026-07-30,CM,NSE,STK,17661,INE03V001013,UNIVPHOTO,BE,,,,,UNIVERSUS IMAGINGS LTD,446.20,488.00,445.00,474.40,474.05,468.35,,474.75,,,1709,813228.25,82,F1,1,,,,,
2026-07-30,2026-07-30,CM,NSE,STK,14154,INE405E01023,UNOMINDA,EQ,,,,,UNO MINDA LIMITED,1169.00,1183.00,1160.30,1172.80,1171.90,1168.70,,1172.80,,,634771,745847278.60,33054,F1,1,,,,,
2026-07-30,2026-07-30,CM,NSE,STK,18636,INE148I08256,915SCL26,NE,,,,,UNS RED NCD 9.15% SR.IX,1063.81,1074.50,1063.81,1074.50,1074.50,1068.19,,1074.50,,,107,114911.69,4,F1,1,,,,,
2026-07-30,2026-07-30,CM,NSE,STK,2883,INE530B08110,IIFLZC28,NG,,,,,UNSE RE NCD 0% SR.III,1652.00,1652.00,1652.00,1652.00,1652.00,1655.00,,1652.00,,,12,19824.00,7,F1,1,,,,,
2026-07-30,2026-07-30,CM,NSE,STK,2871,INE530B08094,10IIFL28A,NE,,,,,UNSE RE NCD 10% SR.I,1033.00,1033.00,1030.01,1030.01,1030.01,1033.00,,1030.01,,,101,104034.00,2,F1,1,,,,,
2026-07-30,2026-07-30,CM,NSE,STK,2877,INE530B08102,96IIFL28A,NF,,,,,UNSE RE NCD 9.6% SR.II,1003.11,1004.97,1003.00,1004.96,1004.96,1002.71,,1004.96,,,641,642970.98,13,F1,1,,,,,
2026-07-30,2026-07-30,CM,NSE,STK,5212,INE477L08147,10IIFL28,N4,,,,,UNSEC RE NCD 10% SR.I,999.00,1000.00,999.00,1000.00,1000.00,1000.00,,999.75,,,310,309700.00,9,F1,1,,,,,
2026-07-30,2026-07-30,CM,NSE,STK,5214,INE477L08154,96IIFL28,N5,,,,,UNSEC RE NCD 9.60% SR.II,1003.02,1003.99,1002.00,1003.50,1003.50,1002.02,,1002.93,,,1520,1524775.74,16,F1,1,,,,,
2026-07-30,2026-07-30,CM,NSE,STK,19047,INE866I08295,105IIFL29,N7,,,,,UNSEC RED NCD 10.5% SR.VI,1051.00,1053.00,1051.00,1053.00,1053.00,1099.00,,1053.00,,,250,262950.00,2,F1,1,,,,,
2026-07-30,2026-07-30,CM,NSE,STK,21225,INE306N08292,910TCAP28,NA,,,,,UNSERENCD9.1%SRIIICIII&IV,1106.00,1106.00,1106.00,1106.00,1106.00,1106.00,,1106.00,,,47,51982.00,3,F1,1,,,,,
2026-07-30,2026-07-30,CM,NSE,STK,19113,INE851I01011,UDS,EQ,,,,,UPDATER SERVICES LIMITED,201.81,201.81,194.71,196.25,196.00,200.21,,196.24,,,236437,46625793.75,4614,F1,1,,,,,
2026-07-30,2026-07-30,CM,NSE,STK,11287,INE628A01036,UPL,EQ,,,,,UPL LIMITED,609.95,610.00,600.35,602.55,602.65,609.15,,602.55,,,770756,464460109.40,24710,F1,1,,,,,
2026-07-30,2026-07-30,CM,NSE,STK,10610,INE0CBM01019,USASEEDS,SM,,,,,UPSURGE SEEDS OF AGRI LTD,80.85,86.80,80.85,86.00,86.00,85.10,,86.00,,,2140,181750.20,5,F1,428,,,,,
2026-07-30,2026-07-30,CM,NSE,STK,17081,INE568Z01015,URAVIDEF,BE,,,,,URAVI DEFENCE &TECH LTD,113.01,115.88,111.20,112.95,112.95,113.01,,112.95,,,4005,455793.10,66,F1,1,,,,,
2026-07-30,2026-07-30,CM,NSE,STK,759084,INE0CAZ01013,URBANCO,EQ,,,,,URBAN COMPANY LIMITED,131.14,131.98,129.61,130.50,130.79,131.25,,130.49,,,1001382,130788147.69,19738,F1,1,,,,,
2026-07-30,2026-07-30,CM,NSE,STK,16888,INE0O0201019,URBAN,SM,,,,,URBAN ENVIRO WASTE MGMT L,133.00,133.00,132.50,132.75,133.00,132.45,,132.75,,,13600,1807200.00,13,F1,800,,,,,
2026-07-30,2026-07-30,CM,NSE,STK,20203,INE550C01020,URJA,EQ,,,,,URJA GLOBAL LIMITED,8.98,9.11,8.98,9.00,9.03,9.02,,9.00,,,701231,6329817.60,2327,F1,1,,,,,
2026-07-30,2026-07-30,CM,NSE,STK,25952,INE0LS001014,USHAFIN,SM,,,,,USHA FINANCIAL SERVICES L,35.10,37.00,35.10,36.00,36.00,33.65,,36.00,,,28800,1044400.00,18,F1,1600,,,,,
2026-07-30,2026-07-30,CM,NSE,STK,19142,INE240C01028,UMESLTD,EQ,,,,,USHA MARTIN EDU & SOL LTD,5.70,5.70,5.50,5.50,5.50,5.62,,5.48,,,9007,49581.28,45,F1,1,,,,,
2026-07-30,2026-07-30,CM,NSE,STK,8840,INE228A01035,USHAMART,EQ,,,,,USHA MARTIN LTD.,509.50,513.00,500.00,502.40,507.00,511.35,,502.40,,,249482,126163053.20,9819,F1,1,,,,,
2026-07-30,2026-07-30,CM,NSE,STK,4214,INE00NI01015,UCL,ST,,,,,USHANTI COLOUR CHEM LTD,193.60,200.95,193.60,200.95,200.95,197.45,,200.95,,,4000,789100.00,2,F1,2000,,,,,
2026-07-30,2026-07-30,CM,NSE,STK,527,INE094J01016,UTIAMC,EQ,,,,,UTI ASSET MNGMT CO LTD,914.00,914.00,899.50,909.30,908.90,915.05,,909.30,,,82425,74707565.10,8554,F1,1,,,,,
2026-07-30,2026-07-30,CM,NSE,STK,764180,INF789F1AG68,LIQUIDBETA,EQ,,,,,UTIAMC - LIQUIDBETA,1002.13,1002.14,1002.11,1002.14,1002.14,1001.98,,1002.14,,,660,661406.12,6,F1,1,,,,,
2026-07-30,2026-07-30,CM,NSE,STK,22440,INF789F1AUV1,BANKBETA,EQ,,,,,UTIAMC-BANKBETA,59.00,59.20,58.71,59.02,59.15,59.26,,59.02,,,50953,2999343.73,447,F1,1,,,,,
2026-07-30,2026-07-30,CM,NSE,STK,22524,INF789F1AZF3,GILT10BETA,EQ,,,,,UTIAMC-GILT10BETA,26.88,26.88,26.36,26.54,26.54,26.44,,26.54,,,367,9678.58,7,F1,1,,,,,
2026-07-30,2026-07-30,CM,NSE,STK,22521,INF789F1AZE6,GILT5BETA,EQ,,,,,UTIAMC-GILT5BETA,66.70,66.92,65.53,66.07,66.00,66.70,,66.07,,,5016,329477.35,16,F1,1,,,,,
2026-07-30,2026-07-30,CM,NSE,STK,22488,INF789F1AZD8,ITBETA,EQ,,,,,UTIAMC-ITBETA,329.51,334.87,327.80,328.39,327.80,327.84,,328.39,,,3224,1069993.85,53,F1,1,,,,,
2026-07-30,2026-07-30,CM,NSE,STK,18347,INF789F1AYX9,MIDCAPBETA,EQ,,,,,UTIAMC-MIDCAPBETA,233.40,233.64,231.74,232.94,232.94,233.40,,232.94,,,2152,500671.40,29,F1,1,,,,,
2026-07-30,2026-07-30,CM,NSE,STK,21478,INF789F1AUW9,NEXT50BETA,EQ,,,,,UTIAMC-NEXT50BETA,78.27,78.49,77.98,78.29,78.25,77.89,,78.29,,,158746,12424305.28,470,F1,1,,,,,
2026-07-30,2026-07-30,CM,NSE,STK,10511,INF789F1AZC0,NIFTYBETA,EQ,,,,,UTIAMC-NIFTYBETA,268.00,269.86,268.00,269.26,269.86,268.65,,269.26,,,23955,6439844.54,414,F1,1,,,,,
2026-07-30,2026-07-30,CM,NSE,STK,10515,INF789FB1X58,SENSEXBETA,EQ,,,,,UTIAMC-SENSEXBETA,868.43,868.43,852.01,860.71,860.59,852.30,,859.89,,,1689,1451782.29,139,F1,1,,,,,
2026-07-30,2026-07-30,CM,NSE,STK,15085,INF789F1AYK6,SILVERBETA,EQ,,,,,UTIAMC-SILVERBETA,208.99,208.99,206.91,208.59,208.98,208.81,,208.59,,,271484,56434493.64,3477,F1,1,,,,,
2026-07-30,2026-07-30,CM,NSE,STK,9168,INF789F1AUU3,SNXT50BETA,EQ,,,,,UTIAMC-SNXT50BETA,94.70,94.70,93.00,94.56,93.00,94.49,,94.56,,,1491,141027.79,61,F1,1,,,,,
2026-07-30,2026-07-30,CM,NSE,STK,14535,INF789F1AUX7,GOLDBETA,EQ,,,,,UTIAMC-UTIGOLDBETA,119.00,119.95,118.85,119.45,119.60,118.85,,119.45,,,149040,17786896.25,1608,F1,1,,,,,
2026-07-30,2026-07-30,CM,NSE,STK,751580,INE1V1R01014,UTKAL,SM,,,,,UTKAL SPEC INDUS INDIA L,46.55,46.55,42.15,42.15,42.15,44.35,,42.15,,,190000,8251000.00,74,F1,2000,,,,,
2026-07-30,2026-07-30,CM,NSE,STK,17358,INE735W01017,UTKARSHBNK,EQ,,,,,UTKARSH SMALL FIN BANK L,14.49,14.49,14.23,14.31,14.36,14.45,,14.31,,,2411158,34495946.16,6856,F1,1,,,,,
2026-07-30,2026-07-30,CM,NSE,STK,24729,INE06IJ01010,UTSSAV,ST,,,,,UTSSAV CZ GOLD JEWELS LTD,510.10,510.50,510.00,510.50,510.50,510.00,,510.50,,,4800,2448720.00,6,F1,600,,,,,
2026-07-30,2026-07-30,CM,NSE,STK,13376,INE786F01031,UTTAMSUGAR,EQ,,,,,UTTAM SUGAR MILLS LTD.,221.41,225.80,219.42,225.07,225.00,222.47,,225.07,,,76986,17196206.03,1654,F1,1,,,,,
2026-07-30,2026-07-30,CM,NSE,STK,3188,INE0GXK01018,VMARCIND,SM,,,,,V MARC INDIA LIMITED,278.10,278.10,272.10,273.15,272.55,281.80,,273.15,,,117000,32206575.00,76,F1,1500,,,,,
2026-07-30,2026-07-30,CM,NSE,STK,15362,INE951I01027,VGUARD,EQ,,,,,V-GUARD IND LTD.,303.00,338.80,298.05,316.65,316.70,301.95,,316.65,,,26724401,8698504755.55,280700,F1,1,,,,,
2026-07-30,2026-07-30,CM,NSE,STK,24609,INE0QXL01015,VLINFRA,ST,,,,,V.L.INFRAPROJECTS LIMITED,27.40,28.75,27.40,28.75,28.75,27.40,,28.75,,,12000,341925.00,8,F1,1500,,,,,
2026-07-30,2026-07-30,CM,NSE,STK,14766,INE945H01021,V2RETAIL,EQ,,,,,V2 RETAIL LIMITED,221.15,222.39,217.60,218.69,219.43,222.05,,218.68,,,420385,92282159.51,8228,F1,1,,,,,
2026-07-30,2026-07-30,CM,NSE,STK,20188,INE956G01038,WABAG,EQ,,,,,VA TECH WABAG LTD,1872.00,1905.00,1860.00,1889.40,1903.00,1876.70,,1889.40,,,420910,794909417.00,30374,F1,1,,,,,
2026-07-30,2026-07-30,CM,NSE,STK,24196,INE694D01016,VADILALIND,EQ,,,,,VADILAL INDUSTRIES LTD,7250.00,7449.00,7212.00,7263.50,7300.00,7268.50,,7263.50,,,45499,333478700.50,11002,F1,1,,,,,
2026-07-30,2026-07-30,CM,NSE,STK,11364,INE884A01027,VAIBHAVGBL,EQ,,,,,VAIBHAV GLOBAL LIMITED,266.90,272.00,263.00,263.60,264.00,266.60,,263.60,,,285167,75810961.16,7071,F1,1,,,,,
2026-07-30,2026-07-30,CM,NSE,STK,8262,INE0JR301013,MADHAVBAUG,ST,,,,,VAIDYA SANE AYUR LAB LTD,191.90,191.90,191.90,191.90,191.90,191.90,,191.90,,,800,153520.00,2,F1,400,,,,,
2026-07-30,2026-07-30,CM,NSE,STK,16589,INE972X01022,VAISHALI,EQ,,,,,VAISHALI PHARMA LIMITED,7.47,7.49,7.24,7.35,7.35,7.47,,7.35,,,157128,1162305.54,141,F1,1,,,,,
2026-07-30,2026-07-30,CM,NSE,STK,13342,INE051B01021,VAKRANGEE,EQ,,,,,VAKRANGEE LIMITED,6.01,6.09,5.92,6.00,6.05,6.09,,6.00,,,761131,4542279.42,1580,F1,1,,,,,
2026-07-30,2026-07-30,CM,NSE,STK,19220,INE0JWS01017,VALIANTLAB,BE,,,,,VALIANT LABORATORIES LTD,62.70,62.70,60.33,60.33,60.33,61.74,,60.67,,,13201,816643.99,23,F1,1,,,,,
2026-07-30,2026-07-30,CM,NSE,STK,334,INE565V01010,VALIANTORG,BE,,,,,VALIANT ORGANICS LIMITED,271.00,271.85,263.10,266.05,265.40,269.45,,265.40,,,4223,1121371.10,108,F1,1,,,,,
2026-07-30,2026-07-30,CM,NSE,STK,18128,INE879I01012,DBREALTY,BE,,,,,VALOR ESTATE LIMITED,113.70,114.64,111.96,113.84,114.50,113.72,,113.78,,,191968,21709649.71,824,F1,1,,,,,
2026-07-30,2026-07-30,CM,NSE,STK,763304,INE1E7Y01018,VALUE360,SM,,,,,VALUE 360 COMMUNICATION L,74.00,74.00,74.00,74.00,74.00,75.60,,74.00,,,1200,88800.00,1,F1,1200,,,,,
2026-07-30,2026-07-30,CM,NSE,STK,13403,INE116G01013,VARDHACRLC,BE,,,,,VARDHAMAN ACRYLICS LTD,47.90,47.90,45.56,46.33,46.80,46.82,,46.33,,,57056,2635035.83,264,F1,1,,,,,
2026-07-30,2026-07-30,CM,NSE,STK,11892,INE701A01023,VHL,EQ,,,,,VARDHMAN HOLDINGS LIMITED,3435.20,3509.50,3301.00,3347.50,3301.00,3462.40,,3347.80,,,1278,4393745.90,289,F1,1,,,,,
2026-07-30,2026-07-30,CM,NSE,STK,3646,INE835A01029,VARDMNPOLY,EQ,,,,,VARDHMAN POLYTEX LTD.,6.10,6.10,5.90,5.93,5.90,5.99,,5.95,,,70993,424458.07,259,F1,1,,,,,
2026-07-30,2026-07-30,CM,NSE,STK,27067,INE050M01012,VSSL,EQ,,,,,VARDHMAN SPC STEEL LTD,305.85,305.85,298.20,300.10,300.00,306.15,,300.00,,,74609,22439281.30,1668,F1,1,,,,,
2026-07-30,2026-07-30,CM,NSE,STK,2073,INE825A01020,VTL,EQ,,,,,VARDHMAN TEXTILES LIMITED,630.70,650.00,596.90,602.10,605.65,629.55,,602.05,,,2725501,1706355355.85,81963,F1,1,,,,,
2026-07-30,2026-07-30,CM,NSE,STK,3857,INE665L01035,VARROC,EQ,,,,,VARROC ENGINEERING LTD.,662.00,677.80,656.70,664.60,663.00,664.55,,664.60,,,108941,72729926.90,8931,F1,1,,,,,
2026-07-30,2026-07-30,CM,NSE,STK,18921,INE200M01039,VBL,EQ,,,,,VARUN BEVERAGES LIMITED,448.20,455.15,446.60,451.35,451.00,447.20,,451.35,,,7069870,3189050663.25,63456,F1,1,,,,,
2026-07-30,2026-07-30,CM,NSE,STK,13771,INE273D01027,VGL,EQ,,,,,VARVEE GLOBAL LIMITED,60.10,62.72,59.00,62.29,62.47,61.07,,62.23,,,35780,2179811.18,396,F1,1,,,,,
2026-07-30,2026-07-30,CM,NSE,STK,16454,INE0N5801013,DENTALKART,SM,,,,,VASA DENTICITY LIMITED,411.60,412.00,393.00,396.55,393.00,413.05,,396.55,,,8500,3403237.50,30,F1,250,,,,,
2026-07-30,2026-07-30,CM,NSE,STK,18114,INE893I01013,VASCONEQ,BE,,,,,VASCON ENGINEERS LTD,31.95,32.39,31.50,31.60,31.99,31.88,,31.66,,,122235,3901040.38,411,F1,1,,,,,
2026-07-30,2026-07-30,CM,NSE,STK,25340,INE590L01019,VASWANI,EQ,,,,,VASWANI IND LTD,52.35,53.85,52.00,52.27,52.04,52.09,,52.27,,,7923,417281.99,244,F1,1,,,,,
2026-07-30,2026-07-30,CM,NSE,STK,9020,INE098201036,VCL,EQ,,,,,VAXTEX COTFAB LIMITED,1.00,1.02,1.00,1.02,1.02,0.98,,1.02,,,146133,148912.40,133,F1,1,,,,,
2026-07-30,2026-07-30,CM,NSE,STK,757413,INE04HY07294,1025VCCL28,N0,,,,,VCCL 10.25% 2028,96000.00,96000.00,96000.00,96000.00,96000.00,96090.82,,96000.00,,,1,96000.00,1,F1,1,,,,,
2026-07-30,2026-07-30,CM,NSE,STK,760047,INE04HY07351,1125VCCL27,N0,,,,,VCCL 11.25% 2027 SR B,110000.00,110000.00,110000.00,110000.00,110000.00,97000.00,,110000.00,,,1,110000.00,1,F1,1,,,,,
2026-07-30,2026-07-30,CM,NSE,STK,760049,INE04HY07377,115VCCL28,N0,,,,,VCCL 11.5% 2028 SR C,99100.00,99100.01,99100.00,99100.01,99100.01,98100.00,,99100.01,,,2,198200.01,2,F1,1,,,,,
2026-07-30,2026-07-30,CM,NSE,STK,759392,INE04HY07328,116VCCL27A,N0,,,,,VCCL 11.6% 2027 SR A,99390.00,99444.94,99390.00,99444.94,99444.94,99899.24,,99444.94,,,2,198834.94,2,F1,1,,,,,
2026-07-30,2026-07-30,CM,NSE,STK,29749,INE04HY07211,12VCCL27B,N0,,,,,VCCL 12% 2027,99999.00,99999.00,99999.00,99999.00,99999.00,97932.33,,99999.00,,,5,499995.00,4,F1,1,,,,,
2026-07-30,2026-07-30,CM,NSE,STK,756916,INE04HY07229,12VCCL29B,N0,,,,,VCCL 12% 2029,99100.00,99250.00,99000.00,99250.00,99250.00,100000.00,,99250.00,,,3,297350.00,3,F1,1,,,,,
2026-07-30,2026-07-30,CM,NSE,STK,760558,INE04HY08011,125VCCL31,N0,,,,,VCCL 12.5% 2031,97030.00,97399.00,97000.00,97385.33,97378.00,97000.00,,97385.33,,,22,2136855.00,13,F1,1,,,,,
2026-07-30,2026-07-30,CM,NSE,STK,29274,INE04HY07203,12VCCL29A,N0,,,,,VCCL12% 2029,99994.00,99994.00,99994.00,99994.00,99994.00,98160.00,,99994.00,,,2,199988.00,1,F1,1,,,,,
2026-07-30,2026-07-30,CM,NSE,STK,760451,INE04HY07385,115VCCL28A,N0,,,,,VCCL28A 11.5% 2028,98500.00,98500.00,98500.00,98500.00,98500.00,99500.00,,98500.00,,,1,98500.00,1,F1,1,,,,,
2026-07-30,2026-07-30,CM,NSE,STK,763380,INE04HY07401,115VCCL31A,N0,,,,,VCCL31A 11.5% 2031,9800.00,9800.00,9800.00,9800.00,9800.00,9800.00,,9800.00,,,1,9800.00,1,F1,1,,,,,
2026-07-30,2026-07-30,CM,NSE,STK,8167,INE825V01034,MANYAVAR,EQ,,,,,VEDANT FASHIONS LIMITED,402.90,419.35,400.15,417.70,418.65,402.85,,417.70,,,432159,177435928.10,18109,F1,1,,,,,
2026-07-30,2026-07-30,CM,NSE,STK,750174,INE1CDF01017,VAML,EQ,,,,,VEDANTA ALUMINIUM METAL L,440.60,463.65,432.90,457.05,456.75,439.60,,457.00,,,16805163,7507265632.30,172352,F1,1,,,,,
2026-07-30,2026-07-30,CM,NSE,STK,750290,INE1CLE01013,VISL,EQ,,,,,VEDANTA IRON AND STEEL L,31.48,31.63,30.10,30.75,30.75,30.78,,30.75,,,30861160,948214652.69,46993,F1,1,,,,,
2026-07-30,2026-07-30,CM,NSE,STK,3063,INE205A01025,VEDL,EQ,,,,,VEDANTA LIMITED,265.40,269.70,263.25,267.50,266.65,264.50,,267.50,,,9414948,2505882020.45,75094,F1,1,,,,,
2026-07-30,2026-07-30,CM,NSE,STK,750368,INE704J01044,VOGL,EQ,,,,,VEDANTA OIL AND GAS LTD,35.00,35.79,33.20,33.64,33.59,35.07,,33.64,,,46027628,1564589605.44,75255,F1,1,,,,,
2026-07-30,2026-07-30,CM,NSE,STK,750518,INE694L01019,VEDPOWER,EQ,,,,,VEDANTA POWER LIMITED,34.50,35.17,33.66,33.82,33.73,35.32,,33.82,,,32094523,1094179897.03,93945,F1,1,,,,,
2026-07-30,2026-07-30,CM,NSE,STK,14019,INE484C01030,VEEDOL,EQ,,,,,VEEDOL CORPORATION LTD,1392.20,1392.30,1373.00,1378.30,1375.70,1385.30,,1378.40,,,8550,11799444.90,1118,F1,1,,,,,
2026-07-30,2026-07-30,CM,NSE,STK,762969,INE232E01013,VELJAN,BE,,,,,VELJAN DENISON LTD.,1816.00,1816.00,1741.00,1767.00,1750.00,1830.00,,1767.00,,,366,642753.60,48,F1,1,,,,,
2026-07-30,2026-07-30,CM,NSE,STK,3757,INE398A01010,VENKEYS,EQ,,,,,VENKY S (INDIA) LIMITED,1500.00,1509.10,1491.20,1494.20,1496.00,1510.50,,1494.20,,,19306,28932695.20,1732,F1,1,,,,,
2026-07-30,2026-07-30,CM,NSE,STK,28847,INE781S01027,VENTIVE,EQ,,,,,VENTIVE HOSPITALITY LTD,635.05,635.60,626.75,632.15,630.00,635.05,,632.15,,,14304,9025015.25,891,F1,1,,,,,
2026-07-30,2026-07-30,CM,NSE,STK,9592,INE0JA001018,VENUSPIPES,EQ,,,,,VENUS PIPES & TUBES LTD,1674.00,1689.80,1648.40,1661.10,1655.00,1685.90,,1661.10,,,45369,75598738.70,4582,F1,1,,,,,
2026-07-30,2026-07-30,CM,NSE,STK,13856,INE411B01019,VENUSREM,BE,,,,,VENUS REMEDIES LIMITED,1603.40,1603.40,1526.20,1539.30,1539.00,1603.40,,1540.00,,,31886,49478883.20,1568,F1,1,,,,,
2026-07-30,2026-07-30,CM,NSE,STK,8890,INE0IQ001011,VERANDA,EQ,,,,,VERANDA LEARNING SOL LTD,229.90,234.89,228.65,231.97,234.00,229.39,,232.00,,,75723,17546367.78,1499,F1,1,,,,,
2026-07-30,2026-07-30,CM,NSE,STK,23775,INE0SRI01019,VERITAAS,SM,,,,,VERITAAS ADVERTISING LTD,35.00,35.00,35.00,35.00,35.00,36.30,,35.00,,,1200,42000.00,1,F1,1200,,,,,
2026-07-30,2026-07-30,CM,NSE,STK,10757,INE0KXY23015,VERTIS,IV,,,,,VERTIS INFRASTRUCTURE TST,112.20,113.00,112.20,113.00,113.00,112.80,,113.00,,,850000,95910000.00,28,F1,25000,,,,,
2026-07-30,2026-07-30,CM,NSE,STK,18865,INE188Y01031,VERTOZ,BE,,,,,VERTOZ LIMITED,36.27,36.27,35.11,35.70,35.75,35.79,,35.70,,,8989,320534.63,153,F1,1,,,,,
2026-07-30,2026-07-30,CM,NSE,STK,3676,INE386A01023,VESUVIUS,EQ,,,,,VESUVIUS INDIA LTD,454.20,454.25,444.40,446.70,447.30,452.75,,446.70,,,41833,18743323.45,2661,F1,1,,,,,
2026-07-30,2026-07-30,CM,NSE,STK,8660,INE918N01018,VETO,BE,,,,,VETO SWITCHGEAR CABLE LTD,122.00,124.95,120.05,121.92,122.90,120.84,,121.92,,,11130,1368056.35,168,F1,1,,,,,
2026-07-30,2026-07-30,CM,NSE,STK,22730,INE0QTF01015,VSTL,EQ,,,,,VIBHOR STEEL TUBES LTD,110.00,111.80,106.81,110.62,111.00,110.45,,110.42,,,17721,1944854.39,530,F1,1,,,,,
2026-07-30,2026-07-30,CM,NSE,STK,23386,INE048C01025,VHLTD,BE,,,,,VICEROY HOTELS LIMITED,135.50,135.50,130.01,130.09,130.01,133.28,,130.15,,,6435,845740.35,51,F1,1,,,,,
2026-07-30,2026-07-30,CM,NSE,STK,760694,INE0F8901022,VICTORYEV,ST,,,,,VICTORY ELEC VEHICL INT L,16.80,17.00,15.75,16.50,16.50,16.50,,16.50,,,45000,747300.00,15,F1,3000,,,,,
2026-07-30,2026-07-30,CM,NSE,STK,13536,INE632C01026,VIDHIING,EQ,,,,,VIDHI SPCLTY F INGRDNTS L,304.00,312.50,298.00,309.90,310.00,300.50,,309.90,,,348103,104966577.10,3215,F1,1,,,,,
2026-07-30,2026-07-30,CM,NSE,STK,760224,INE14UN01029,VIDYAWIRES,EQ,,,,,VIDYA WIRES LIMITED,89.40,90.45,88.26,89.47,89.30,89.30,,89.47,,,494499,44233654.41,4283,F1,1,,,,,
2026-07-30,2026-07-30,CM,NSE,STK,758908,INE1DM601016,VIGOR,ST,,,,,VIGOR PLAST INDIA LIMITED,100.50,100.50,95.50,95.50,95.50,100.50,,95.50,,,16000,1551920.00,10,F1,1600,,,,,
2026-07-30,2026-07-30,CM,NSE,STK,5585,INE043W01024,VIJAYA,EQ,,,,,VIJAYA DIAGNOSTIC CEN LTD,1369.10,1374.70,1351.10,1360.20,1352.60,1372.00,,1360.20,,,55890,76302680.60,7622,F1,1,,,,,
2026-07-30,2026-07-30,CM,NSE,STK,760121,INE0WL901019,VIJAYPD,SM,,,,,VIJAYPD CEUTICAL LIMITED,65.50,66.50,65.50,66.50,66.50,65.00,,66.50,,,4000,264000.00,2,F1,2000,,,,,
2026-07-30,2026-07-30,CM,NSE,STK,17695,INE159N01027,VIJIFIN,BE,,,,,VIJI FINANCE LIMITED,10.01,10.01,10.01,10.01,10.01,9.82,,10.08,,,112912,1130249.12,65,F1,1,,,,,
2026-07-30,2026-07-30,CM,NSE,STK,25756,INE806A01020,VIKASECO,EQ,,,,,VIKAS ECOTECH LIMITED,1.11,1.12,1.09,1.09,1.09,1.11,,1.09,,,2097964,2320902.62,1156,F1,1,,,,,
2026-07-30,2026-07-30,CM,NSE,STK,9931,INE161L01027,VIKASLIFE,EQ,,,,,VIKAS LIFECARE LIMITED,1.30,1.30,1.26,1.27,1.28,1.29,,1.27,,,2223195,2842219.01,8060,F1,1,,,,,
2026-07-30,2026-07-30,CM,NSE,STK,759453,INE078V01014,VIKRAMSOLR,EQ,,,,,VIKRAM SOLAR LIMITED,181.62,181.62,175.00,175.60,175.99,181.62,,175.61,,,2125230,374896012.63,21339,F1,1,,,,,
2026-07-30,2026-07-30,CM,NSE,STK,758973,INE01R501028,VIKRAN,EQ,,,,,VIKRAN ENGINEERING LTD,73.30,73.30,71.30,71.62,71.63,73.18,,71.62,,,896099,64245650.64,4435,F1,1,,,,,
2026-07-30,2026-07-30,CM,NSE,STK,23909,INE0AZY01017,VILAS,SM,,,,,VILAS TRANSCORE LIMITED,353.00,357.00,345.00,347.85,348.00,357.00,,347.85,,,35000,12206100.00,101,F1,250,,,,,
2026-07-30,2026-07-30,CM,NSE,STK,16954,INE0L4V01013,VILINBIO,SM,,,,,VILIN BIO MED LIMITED,40.50,40.50,40.50,40.50,40.50,42.60,,40.50,,,4000,162000.00,1,F1,4000,,,,,
2026-07-30,2026-07-30,CM,NSE,STK,13101,INE579C01029,VIMTALABS,EQ,,,,,VIMTA LABS LIMITED,600.90,608.00,585.70,605.45,604.00,599.05,,605.45,,,223605,134336727.60,8396,F1,1,,,,,
2026-07-30,2026-07-30,CM,NSE,STK,17364,INE410B01037,VINATIORGA,EQ,,,,,VINATI ORGANICS LTD,1315.00,1315.00,1286.00,1296.40,1297.00,1309.00,,1296.10,,,39451,51083770.90,6133,F1,1,,,,,
2026-07-30,2026-07-30,CM,NSE,STK,3694,INE707A01012,VINDHYATEL,EQ,,,,,VINDHYA TELELINKS LTD,1890.90,1978.70,1860.20,1951.20,1949.90,1885.20,,1951.30,,,36894,71970601.70,4918,F1,1,,,,,
2026-07-30,2026-07-30,CM,NSE,STK,3809,INE505Y01010,VINEETLAB,BE,,,,,VINEET LABORATORIES LTD,39.96,39.98,38.02,38.86,38.76,39.21,,38.86,,,65068,2556565.61,135,F1,1,,,,,
2026-07-30,2026-07-30,CM,NSE,STK,763821,INE27V201011,VMOBILE,SM,,,,,VINIT MOBILE LIMITED,78.30,78.30,73.00,78.30,78.30,74.60,,78.30,,,197600,15346120.00,183,F1,800,,,,,
2026-07-30,2026-07-30,CM,NSE,STK,12490,INE01KI01027,VINNY,EQ,,,,,VINNY OVERSEAS LIMITED,1.06,1.08,1.06,1.06,1.06,1.06,,1.06,,,86359,91800.06,116,F1,1,,,,,
2026-07-30,2026-07-30,CM,NSE,STK,17905,INE0OSJ01014,VINSYS,ST,,,,,VINSYS IT SERVICES IND LT,534.00,540.00,530.00,539.25,540.00,530.00,,539.25,,,9500,5084875.00,29,F1,250,,,,,
2026-07-30,2026-07-30,CM,NSE,STK,25835,INE498Q01014,VINCOFE,EQ,,,,,VINTAGE COFFEE N BVRGS L,155.00,158.32,146.80,148.08,148.00,155.13,,148.07,,,3999059,600415670.78,33683,F1,1,,,,,
2026-07-30,2026-07-30,CM,NSE,STK,19206,INE0OLS01010,VINYAS,SM,,,,,VINYAS INNOVATIVE TECH L,1241.00,1255.00,1200.00,1206.65,1205.50,1241.00,,1206.65,,,2800,3424505.00,25,F1,100,,,,,
2026-07-30,2026-07-30,CM,NSE,STK,16821,INE250B01029,VINYLINDIA,EQ,,,,,VINYL CHEMICALS (I) LTD.,244.05,266.90,235.00,238.05,235.35,246.05,,238.00,,,81202,20028420.55,1741,F1,1,,,,,
2026-07-30,2026-07-30,CM,NSE,STK,14847,INE450G01024,VIPCLOTHNG,BE,,,,,VIP CLOTHING LIMITED,21.60,21.60,21.00,21.05,21.18,21.21,,21.06,,,28337,598723.81,145,F1,1,,,,,
2026-07-30,2026-07-30,CM,NSE,STK,3703,INE054A01027,VIPIND,EQ,,,,,VIP INDUSTRIES LTD,296.40,300.00,294.00,296.10,295.10,296.40,,296.10,,,70312,20825488.15,1985,F1,1,,,,,
2026-07-30,2026-07-30,CM,NSE,STK,8437,INE946H01037,VIPULLTD,BE,,,,,VIPUL LIMITED,13.19,13.32,12.51,12.68,12.75,12.69,,12.65,,,338835,4418187.50,661,F1,1,,,,,
2026-07-30,2026-07-30,CM,NSE,STK,15295,INE539B01017,VIRINCHI,EQ,,,,,VIRINCHI LIMITED,15.58,15.69,15.36,15.49,15.48,15.57,,15.49,,,32255,502656.25,160,F1,1,,,,,
2026-07-30,2026-07-30,CM,NSE,STK,757060,INE0VRH01015,VGINFOTECH,SM,,,,,VIRTUAL GALAXY INFOTECH L,153.95,155.00,150.35,152.60,152.20,154.45,,152.60,,,20000,3064850.00,20,F1,1000,,,,,
2026-07-30,2026-07-30,CM,NSE,STK,761916,INE0I0T01010,VOEPL,EQ,,,,,VIRTUOSO OPTOELECTRONIC L,495.80,495.80,463.45,469.15,479.00,491.20,,469.15,,,67689,32212653.15,2491,F1,1,,,,,
2026-07-30,2026-07-30,CM,NSE,STK,13298,INE286H01012,VISACHROME,BE,,,,,VISA CHROME LIMITED,37.50,38.05,37.01,37.59,37.95,37.99,,37.59,,,7999,302369.88,60,F1,1,,,,,
2026-07-30,2026-07-30,CM,NSE,STK,29877,INE370E01029,VIVIDHA,EQ,,,,,VISAGAR POLYTEX LTD,0.51,0.53,0.51,0.51,0.52,0.51,,0.51,,,168689,87753.21,107,F1,1,,,,,
2026-07-30,2026-07-30,CM,NSE,STK,4221,INE392A01021,VISAKAIND,EQ,,,,,VISAKA INDUSTRIES LIMITED,82.43,83.96,80.50,81.61,81.79,83.23,,81.61,,,156606,12788457.05,1828,F1,1,,,,,
2026-07-30,2026-07-30,CM,NSE,STK,27969,INE01EA01019,VMM,EQ,,,,,VISHAL MEGA MART LIMITED,108.24,108.70,107.45,107.89,107.83,108.24,,107.88,,,5485227,592791635.23,27697,F1,1,,,,,
2026-07-30,2026-07-30,CM,NSE,STK,6908,INE270I01022,VISHNU,EQ,,,,,VISHNU CHEMICALS LIMITED,620.50,629.00,613.90,618.10,617.50,617.45,,617.95,,,155404,96575744.85,6986,F1,1,,,,,
2026-07-30,2026-07-30,CM,NSE,STK,18343,INE0AE001013,VPRPL,BE,,,,,VISHNU PRAKASH R PUNGLI L,26.25,26.50,25.60,25.78,26.00,26.33,,25.79,,,154727,4021861.13,753,F1,1,,,,,
2026-07-30,2026-07-30,CM,NSE,STK,19300,INE0PQ001012,VISHNUINFR,SM,,,,,VISHNUSURYA PROJ N INFR L,155.30,160.50,155.30,160.00,160.00,159.70,,160.00,,,13000,2073100.00,16,F1,500,,,,,
2026-07-30,2026-07-30,CM,NSE,STK,13702,INE430N01022,VISHWARAJ,EQ,,,,,VISHWARAJ SUGAR IND LTD,5.26,5.26,5.13,5.18,5.18,5.26,,5.18,,,121719,629538.40,423,F1,1,,,,,
2026-07-30,2026-07-30,CM,NSE,STK,25231,INE0TR001017,VIESL,SM,,,,,VISION INFRA EQUIP SOL L,301.65,302.00,285.00,291.30,290.95,301.65,,291.30,,,48000,14213400.00,31,F1,800,,,,,
2026-07-30,2026-07-30,CM,NSE,STK,761150,INE0L4K01016,VITAL,BE,,,,,VITAL CHEMTECH LIMITED,46.85,46.85,46.55,46.55,46.55,46.00,,46.55,,,1201,55906.85,5,F1,1,,,,,
2026-07-30,2026-07-30,CM,NSE,STK,763637,INE0MEG01014,VIVIANA,BE,,,,,VIVIANA POWER TECH LTD,725.00,741.90,710.00,719.25,724.00,727.60,,719.25,,,9508,6852399.25,295,F1,1,,,,,
2026-07-30,2026-07-30,CM,NSE,STK,761771,INE24H301028,VIVIDEL,ST,,,,,VIVID ELECTROMECH LIMITED,1151.60,1250.85,1131.75,1160.25,1160.00,1191.30,,1160.25,,,43200,50265072.00,141,F1,240,,,,,
2026-07-30,2026-07-30,CM,NSE,STK,11968,INE526G01021,VIVIMEDLAB,BE,,,,,VIVIMED LABS LIMITED,5.40,5.40,5.05,5.14,5.12,5.29,,5.14,,,69793,356228.14,91,F1,1,,,,,
2026-07-30,2026-07-30,CM,NSE,STK,7610,INE0IA701014,VIVO,SM,,,,,VIVO COLLAB SOLUTIONS LTD,89.50,89.50,89.50,89.50,89.50,85.25,,89.50,,,1600,143200.00,1,F1,1600,,,,,
2026-07-30,2026-07-30,CM,NSE,STK,14296,INE807F01027,VIYASH,EQ,,,,,VIYASH SCIENTIFIC LIMITED,256.30,256.30,249.20,251.90,251.00,256.75,,251.90,,,1128354,284423092.80,21197,F1,1,,,,,
2026-07-30,2026-07-30,CM,NSE,STK,18021,INE03HW01020,VLEGOV,BE,,,,,VL E GOV AND IT SOL LTD,10.67,10.67,10.48,10.48,10.48,10.69,,10.41,,,24610,258357.18,126,F1,1,,,,,
2026-07-30,2026-07-30,CM,NSE,STK,3715,INE709A01018,VLSFINANCE,EQ,,,,,VLS FINANCE LTD,252.00,255.40,251.05,251.85,252.00,253.55,,251.90,,,8348,2109334.45,268,F1,1,,,,,
2026-07-30,2026-07-30,CM,NSE,STK,29284,INE665J01013,VMART,EQ,,,,,VMART RETAIL LTD,725.75,768.25,725.75,764.20,758.00,748.00,,764.15,,,144069,108694744.35,13217,F1,1,,,,,
2026-07-30,2026-07-30,CM,NSE,STK,759153,INE0SJA01013,VMSTMT,BE,,,,,VMS TMT LIMITED,43.29,44.00,43.05,43.17,43.57,43.35,,43.19,,,15835,688249.71,176,F1,1,,,,,
2026-07-30,2026-07-30,CM,NSE,STK,14366,INE669E01016,IDEA,EQ,,,,,VODAFONE IDEA LIMITED,13.05,13.18,12.85,12.87,12.88,13.05,,12.87,,,230386335,2992258644.25,373517,F1,1,,,,,
2026-07-30,2026-07-30,CM,NSE,STK,29658,INE241X01014,VOLERCAR,SM,,,,,VOLER CAR LIMITED,221.00,224.95,219.00,222.50,222.50,223.00,,222.50,,,16000,3545000.00,10,F1,800,,,,,
2026-07-30,2026-07-30,CM,NSE,STK,13577,INE540H01012,VOLTAMP,EQ,,,,,VOLTAMP TRANSFORMERS LTD,9280.00,9342.00,9212.00,9302.00,9338.00,9319.00,,9302.00,,,16319,151699732.00,5818,F1,1,,,,,
2026-07-30,2026-07-30,CM,NSE,STK,3718,INE226A01021,VOLTAS,EQ,,,,,VOLTAS LTD,1316.70,1338.40,1297.50,1333.20,1338.00,1313.30,,1333.20,,,586337,776563542.90,26089,F1,1,,,,,
2026-07-30,2026-07-30,CM,NSE,STK,24321,INE0S2V01010,VRAJ,EQ,,,,,VRAJ IRON AND STEEL LTD,126.14,131.49,123.01,123.68,123.01,126.76,,123.68,,,42091,5328533.39,1274,F1,1,,,,,
2026-07-30,2026-07-30,CM,NSE,STK,8696,INE366I01010,VRLLOG,EQ,,,,,VRL LOGISTICS LIMITED,264.44,265.12,258.10,259.10,258.50,262.52,,259.15,,,143273,37502865.47,2770,F1,1,,,,,
2026-07-30,2026-07-30,CM,NSE,STK,3724,INE710A01016,VSTIND,EQ,,,,,VST INDUSTRIES LTD,220.00,220.80,217.65,219.40,219.00,220.00,,219.40,,,250515,54958352.05,6210,F1,1,,,,,
2026-07-30,2026-07-30,CM,NSE,STK,24292,INE764D01017,VSTTILLERS,EQ,,,,,VST TILLERS TRACTORS LTD,4389.80,4500.00,4389.80,4458.30,4478.00,4378.80,,4458.30,,,5846,25943046.60,1266,F1,1,,,,,
2026-07-30,2026-07-30,CM,NSE,STK,762978,INE765D01022,WPIL,EQ,,,,,W P I L LTD.,432.00,439.95,430.05,435.25,437.60,430.55,,435.30,,,40605,17663521.75,3593,F1,1,,,,,
2026-07-30,2026-07-30,CM,NSE,STK,14828,INE100D01014,WSI,EQ,,,,,W.S.INDUSTRIES (I) LTD.,61.20,62.38,60.00,60.23,60.95,61.20,,60.23,,,36464,2211195.77,1537,F1,1,,,,,
2026-07-30,2026-07-30,CM,NSE,STK,25907,INE377N01017,WAAREEENER,EQ,,,,,WAAREE ENERGIES LIMITED,2626.00,2650.00,2561.00,2624.90,2632.00,2736.20,,2624.90,,,4868001,12673437509.40,190323,F1,1,,,,,
2026-07-30,2026-07-30,CM,NSE,STK,756038,INE299N01021,WAAREERTL,EQ,,,,,WAAREE RENEWABLE TECH LTD,913.50,914.90,895.10,913.20,914.00,913.50,,913.20,,,214679,193994562.20,13650,F1,1,,,,,
2026-07-30,2026-07-30,CM,NSE,STK,760259,INE0E7301029,WAKEFIT,EQ,,,,,WAKEFIT INNOVATIONS LTD,127.30,130.43,123.51,125.46,125.49,127.47,,125.46,,,1870587,236675663.22,16420,F1,1,,,,,
2026-07-30,2026-07-30,CM,NSE,STK,3736,INE711A01022,WALCHANNAG,EQ,,,,,WALCHANDNAGAR INDUSTRIES,222.25,233.00,219.40,230.80,230.25,222.20,,230.80,,,1051394,239405403.05,15502,F1,1,,,,,
2026-07-30,2026-07-30,CM,NSE,STK,14063,INE107F01022,WANBURY,EQ,,,,,WANBURY LIMITED,307.35,318.00,295.70,297.65,296.50,305.90,,297.70,,,345815,105258909.60,9499,F1,1,,,,,
2026-07-30,2026-07-30,CM,NSE,STK,762163,INE0LZF01013,CORDELIA,EQ,,,,,WATERWAYS LEISURE TOUR L,799.10,805.05,784.15,787.15,785.00,806.20,,787.10,,,109049,86250809.50,5772,F1,1,,,,,
2026-07-30,2026-07-30,CM,NSE,STK,759215,INE0A3007065,1075WCA28,N0,,,,,WCAPL 10.75% 2028,9900.00,9900.00,9753.00,9826.50,9753.00,9752.60,,9826.50,,,2,19653.00,2,F1,1,,,,,
2026-07-30,2026-07-30,CM,NSE,STK,9865,INE082W01014,WEWIN,BE,,,,,WE WIN LIMITED,44.10,46.35,44.10,45.89,45.89,44.32,,45.11,,,138,6170.84,5,F1,1,,,,,
2026-07-30,2026-07-30,CM,NSE,STK,760482,INF2F0001370,TWCGOLDETF,EQ,,,,,WEALTH - TWCGOLDETF,141.50,142.00,141.31,141.93,142.00,141.16,,141.93,,,1104,156695.77,115,F1,1,,,,,
2026-07-30,2026-07-30,CM,NSE,STK,1923,INE658T01017,WEALTH,EQ,,,,,WEALTH FRST PORT. MG. LTD,946.15,948.85,911.00,924.75,926.00,946.15,,924.75,,,3793,3516902.05,662,F1,1,,,,,
2026-07-30,2026-07-30,CM,NSE,STK,14602,INE855C01023,WEBELSOLAR,EQ,,,,,WEBSOL ENERGY SYSTEM LTD,98.65,99.00,94.20,94.97,95.50,98.65,,94.97,,,1378991,133293422.21,12725,F1,1,,,,,
2026-07-30,2026-07-30,CM,NSE,STK,3748,INE080A01014,WEIZMANIND,EQ,,,,,WEIZMANN LTD,77.02,77.71,76.02,76.87,76.10,77.19,,76.90,,,2404,185071.39,78,F1,1,,,,,
2026-07-30,2026-07-30,CM,NSE,STK,11821,INE191B01025,WELCORP,EQ,,,,,WELSPUN CORP LIMITED,1700.00,1700.00,1651.90,1655.00,1655.50,1697.00,,1655.00,,,236845,394376455.10,16227,F1,1,,,,,
2026-07-30,2026-07-30,CM,NSE,STK,11626,INE625G01013,WELENT,EQ,,,,,WELSPUN ENTERPRISES LTD.,597.60,599.35,585.00,589.65,588.25,593.15,,589.65,,,92192,54323464.35,4549,F1,1,,,,,
2026-07-30,2026-07-30,CM,NSE,STK,19804,INE389K01018,WELINV,BE,,,,,WELSPUN INV & COMM LTD,1880.00,1880.00,1879.50,1879.90,1880.00,1890.00,,1879.90,,,6,11279.50,3,F1,1,,,,,
2026-07-30,2026-07-30,CM,NSE,STK,11253,INE192B01031,WELSPUNLIV,EQ,,,,,WELSPUN LIVING LIMITED,162.20,163.50,159.66,160.14,159.90,162.30,,160.16,,,624550,100956537.00,12225,F1,1,,,,,
2026-07-30,2026-07-30,CM,NSE,STK,762971,INE731F01037,WELSPLSOL,EQ,,,,,WELSPUN SPECIALTY SOL L,51.12,51.80,50.50,51.16,51.00,51.47,,51.16,,,146694,7512323.57,1206,F1,1,,,,,
2026-07-30,2026-07-30,CM,NSE,STK,4235,INE274C01019,WENDT,EQ,,,,,WENDT (INDIA) LIMITED,8226.00,8260.00,8060.00,8104.00,8107.00,8229.00,,8103.50,,,4692,38296104.50,1383,F1,1,,,,,
2026-07-30,2026-07-30,CM,NSE,STK,3799,INE976A01021,WSTCSTPAPR,EQ,,,,,WEST COAST PAPER MILLS LT,567.45,567.45,557.80,562.50,561.00,570.30,,562.50,,,59401,33434468.70,3941,F1,1,,,,,
2026-07-30,2026-07-30,CM,NSE,STK,25403,INE0CJF01024,WCIL,EQ,,,,,WESTERN CARRIERS (IND) L,89.50,89.70,88.60,88.86,89.18,89.71,,88.85,,,36455,3244711.17,673,F1,1,,,,,
2026-07-30,2026-07-30,CM,NSE,STK,11580,INE274F01020,WESTLIFE,EQ,,,,,WESTLIFE FOODWORLD LTD,489.00,505.85,472.00,486.95,490.00,489.05,,486.95,,,669351,325784827.30,33671,F1,1,,,,,
2026-07-30,2026-07-30,CM,NSE,STK,759434,INE085001019,WEWORK,EQ,,,,,WEWORK INDIA MANAGEMENT L,701.80,714.00,697.05,710.60,713.00,705.55,,710.60,,,76826,54246407.65,5857,F1,1,,,,,
2026-07-30,2026-07-30,CM,NSE,STK,3766,INE715A01015,WHEELS,EQ,,,,,WHEELS INDIA LTD,1434.50,1472.70,1405.10,1411.70,1416.60,1434.50,,1411.70,,,151028,216002104.30,10610,F1,1,,,,,
2026-07-30,2026-07-30,CM,NSE,STK,18011,INE716A01013,WHIRLPOOL,EQ,,,,,WHIRLPOOL OF INDIA LTD,792.95,824.95,784.80,805.70,809.00,788.85,,805.50,,,1399284,1125307373.20,48786,F1,1,,,,,
2026-07-30,2026-07-30,CM,NSE,STK,3772,INE210A01017,WILLAMAGOR,EQ,,,,,WILLIAMSON MAGOR,25.27,26.31,25.27,25.30,25.30,25.00,,25.30,,,111,2847.11,5,F1,1,,,,,
2026-07-30,2026-07-30,CM,NSE,STK,5366,INE0H5O01029,WINDLAS,EQ,,,,,WINDLAS BIOTECH LIMITED,862.85,879.70,849.80,859.90,855.00,858.55,,859.75,,,39154,33850705.75,3341,F1,1,,,,,
2026-07-30,2026-07-30,CM,NSE,STK,24969,INE052A01021,WINDMACHIN,EQ,,,,,WINDSOR MACHINES LIMITED,282.05,285.95,276.85,278.90,279.00,282.90,,278.90,,,35515,9938645.65,949,F1,1,,,,,
2026-07-30,2026-07-30,CM,NSE,STK,24173,INE0S9101013,WINNY,SM,,,,,WINNY IMMIGRA & EDU SER L,32.20,32.20,32.20,32.20,32.20,33.85,,32.20,,,1500,48300.00,3,F1,500,,,,,
2026-07-30,2026-07-30,CM,NSE,STK,23714,INE0S3D01016,WINSOL,SM,,,,,WINSOL ENGINEERS LIMITED,113.30,118.95,112.00,115.75,118.50,113.30,,115.75,,,12400,1419940.00,30,F1,400,,,,,
2026-07-30,2026-07-30,CM,NSE,STK,14757,INE784B01035,WINSOME,BZ,,,,,WINSOME YARNS LIMITED,2.51,2.51,2.51,2.51,2.51,2.47,,2.51,,,175840,441358.40,40,F1,1,,,,,
2026-07-30,2026-07-30,CM,NSE,STK,3787,INE075A01022,WIPRO,EQ,,,,,WIPRO LTD,183.40,191.34,183.40,186.33,186.41,183.61,,186.33,,,54015268,10162999903.44,252008,F1,1,,,,,
2026-07-30,2026-07-30,CM,NSE,STK,22725,INE623Y01011,WTICAB,SM,,,,,WISE TRAVEL INDIA LIMITED,112.25,113.90,112.00,113.00,113.00,112.25,,113.00,,,10000,1124575.00,15,F1,500,,,,,
2026-07-30,2026-07-30,CM,NSE,STK,7506,INE049B01025,WOCKPHARMA,EQ,,,,,WOCKHARDT LIMITED,1913.00,1921.60,1877.10,1904.00,1894.00,1916.50,,1904.20,,,422188,802054729.00,25275,F1,1,,,,,
2026-07-30,2026-07-30,CM,NSE,STK,25605,INE0OO201011,WOL3D,ST,,,,,WOL 3D INDIA LIMITED,122.00,128.00,121.10,128.00,128.00,126.55,,128.00,,,8000,979900.00,8,F1,1000,,,,,
2026-07-30,2026-07-30,CM,NSE,STK,7835,INE02WG01024,WEL,EQ,,,,,WONDER ELECTRICALS LTD,117.70,119.75,113.30,117.75,117.00,116.29,,117.73,,,322786,38135162.06,2270,F1,1,,,,,
2026-07-30,2026-07-30,CM,NSE,STK,3002,INE066O01014,WONDERLA,EQ,,,,,WONDERLA HOLIDAYS LTD.,470.60,474.85,464.05,472.85,471.55,469.00,,472.75,,,20346,9586347.25,1692,F1,1,,,,,
2026-07-30,2026-07-30,CM,NSE,STK,22277,INE196Y01018,WORTHPERI,EQ,,,,,WORTH PERIPHERALS LIMITED,147.99,147.99,142.21,144.65,147.65,145.16,,144.65,,,14735,2130660.42,130,F1,1,,,,,
2026-07-30,2026-07-30,CM,NSE,STK,11705,INE692G01013,XCHANGING,EQ,,,,,XCHANGING SOLUTIONS LTD,67.20,68.80,66.85,67.08,67.05,66.82,,67.08,,,162442,10978445.60,2044,F1,1,,,,,
2026-07-30,2026-07-30,CM,NSE,STK,8477,INE01P501012,XELPMOC,EQ,,,,,XELPMOC DESIGN & TECH LTD,78.70,80.40,78.70,80.14,80.20,79.02,,80.16,,,1978,157540.95,190,F1,1,,,,,
2026-07-30,2026-07-30,CM,NSE,STK,11407,INE445C01015,XPROINDIA,EQ,,,,,XPRO INDIA LIMITED,1365.00,1409.20,1351.00,1394.70,1375.90,1365.00,,1394.50,,,28633,39822319.50,2381,F1,1,,,,,
2026-07-30,2026-07-30,CM,NSE,STK,25235,INE547B01028,XTGLOBAL,EQ,,,,,XTGLOBAL INFOTECH LIMITED,31.45,32.29,31.00,32.03,32.00,31.45,,32.03,,,111562,3533957.27,787,F1,1,,,,,
2026-07-30,2026-07-30,CM,NSE,STK,764313,INE0NG701011,XTRANET,BE,,,,,XTRANET TECHNOLOGIES LTD,136.00,136.90,129.20,129.20,129.20,127.00,,124.95,,,2222115,299800287.15,9988,F1,1,,,,,
2026-07-30,2026-07-30,CM,NSE,STK,760873,INE0U0J01015,YAAP,ST,,,,,YAAP DIGITAL LIMITED,152.00,152.00,145.25,149.60,150.00,152.25,,149.60,,,33000,4933700.00,26,F1,1000,,,,,
2026-07-30,2026-07-30,CM,NSE,STK,23451,INE0TO601017,YASHOPTICS,SM,,,,,YASH OPTICS & LENS LTD,114.55,115.00,113.95,113.95,113.95,114.90,,113.95,,,4800,549680.00,6,F1,800,,,,,
2026-07-30,2026-07-30,CM,NSE,STK,18131,INE616Z01012,YASHO,EQ,,,,,YASHO INDUSTRIES LIMITED,3130.00,3275.00,3118.90,3215.60,3205.10,3121.10,,3215.80,,,18010,57527878.50,3388,F1,1,,,,,
2026-07-30,2026-07-30,CM,NSE,STK,17627,INE08S201019,YCCL,SM,,,,,YASONS CHEMEX CARE LTD,9.15,9.85,9.15,9.15,9.15,9.50,,9.15,,,27000,249750.00,9,F1,3000,,,,,
2026-07-30,2026-07-30,CM,NSE,STK,17738,INE0JO301016,YATHARTH,EQ,,,,,YATHARTH HOSP & TRA C S L,830.00,837.50,823.20,826.05,828.20,832.90,,826.05,,,104810,86793321.80,7347,F1,1,,,,,
2026-07-30,2026-07-30,CM,NSE,STK,18760,INE0JR601024,YATRA,EQ,,,,,YATRA ONLINE LIMITED,107.52,108.00,105.88,106.13,106.00,108.15,,106.13,,,299584,31881995.64,2909,F1,1,,,,,
2026-07-30,2026-07-30,CM,NSE,STK,11915,INE528G01035,YESBANK,EQ,,,,,YES BANK LIMITED,22.84,22.88,22.46,22.54,22.54,22.84,,22.54,,,56345653,1272936827.58,71788,F1,1,,,,,
2026-07-30,2026-07-30,CM,NSE,STK,18040,INE09FA01019,YUDIZ,SM,,,,,YUDIZ SOLUTIONS LIMITED,24.15,24.15,24.15,24.15,24.15,23.00,,24.15,,,1600,38640.00,2,F1,800,,,,,
2026-07-30,2026-07-30,CM,NSE,STK,5501,INE384C01016,YUKEN,EQ,,,,,YUKEN INDIA LIMITED,714.85,720.00,702.05,709.50,707.00,712.25,,709.50,,,5937,4225033.80,335,F1,1,,,,,
2026-07-30,2026-07-30,CM,NSE,STK,4229,INE116C01012,ZFSTEERING,EQ,,,,,Z F STEERING GEAR (I) LTD,672.00,687.75,660.00,663.80,660.10,679.00,,664.60,,,7419,4970451.45,583,F1,1,,,,,
2026-07-30,2026-07-30,CM,NSE,STK,23976,INE0ISZ01012,ZTECH,SM,,,,,Z-TECH (INDIA) LIMITED,525.00,527.50,517.00,518.05,517.00,525.80,,518.05,,,12300,6438510.00,25,F1,300,,,,,
2026-07-30,2026-07-30,CM,NSE,STK,18608,INE07K301024,ZAGGLE,EQ,,,,,ZAGGLE PREPA OCEAN SER L,207.74,208.60,204.29,204.77,204.90,207.74,,204.80,,,327702,67446747.81,5327,F1,1,,,,,
2026-07-30,2026-07-30,CM,NSE,STK,17766,INE0PPS01018,ZEAL,SM,,,,,ZEAL GLOBAL SERVICES LTD,62.00,62.00,62.00,62.00,62.00,61.00,,62.00,,,600,37200.00,1,F1,600,,,,,
2026-07-30,2026-07-30,CM,NSE,STK,3812,INE256A01028,ZEEL,EQ,,,,,ZEE ENTERTAINMENT ENT LTD,108.00,113.70,106.52,112.21,112.55,108.13,,112.21,,,27156787,3000789806.34,86146,F1,1,,,,,
2026-07-30,2026-07-30,CM,NSE,STK,20856,INE565L01011,ZEELEARN,BE,,,,,ZEE LEARN LIMITED,8.46,8.70,8.06,8.09,8.25,8.48,,8.10,,,596599,4916690.72,691,F1,1,,,,,
2026-07-30,2026-07-30,CM,NSE,STK,14003,INE966H01019,ZEEMEDIA,EQ,,,,,ZEE MEDIA CORPORATION LTD,7.63,7.80,7.40,7.46,7.42,7.65,,7.46,,,3076444,23178809.90,5682,F1,1,,,,,
2026-07-30,2026-07-30,CM,NSE,STK,7508,INE251B01027,ZENTEC,EQ,,,,,ZEN TECHNOLOGIES LIMITED,1660.00,1660.00,1600.00,1615.40,1605.00,1646.10,,1615.40,,,338635,549512677.60,20176,F1,1,,,,,
2026-07-30,2026-07-30,CM,NSE,STK,22803,INE0QWN01013,ZENITHDRUG,SM,,,,,ZENITH DRUGS LIMITED,47.90,47.90,45.05,45.95,46.00,47.90,,45.95,,,5600,257640.00,7,F1,800,,,,,
2026-07-30,2026-07-30,CM,NSE,STK,4176,INE058B01018,ZENITHEXPO,EQ,,,,,ZENITH EXPORTS LTD,196.47,196.53,196.46,196.53,196.53,196.46,,196.53,,,78,15326.12,5,F1,1,,,,,
2026-07-30,2026-07-30,CM,NSE,STK,14562,INE318D01020,ZENITHSTL,EQ,,,,,ZENITH STEEL PIP IND LTD,5.50,5.66,5.50,5.54,5.55,5.58,,5.54,,,23856,132662.12,157,F1,1,,,,,
2026-07-30,2026-07-30,CM,NSE,STK,1076,INE520A01027,ZENSARTECH,EQ,,,,,ZENSAR TECHNOLOGIES  LTD,529.70,540.45,519.50,520.90,521.95,534.95,,520.90,,,1978463,1046521930.30,34125,F1,1,,,,,
2026-07-30,2026-07-30,CM,NSE,STK,22901,INF0R8F01042,GOLDCASE,EQ,,,,,ZERODHAAMC - GOLDCASE,22.40,22.40,22.21,22.33,22.39,22.22,,22.33,,,6523574,145394421.90,7046,F1,1,,,,,
2026-07-30,2026-07-30,CM,NSE,STK,21750,INF0R8F01034,LIQUIDCASE,EQ,,,,,ZERODHAAMC - LIQUIDCASE,115.25,115.25,115.23,115.24,115.25,115.22,,115.24,,,16112461,1856831116.81,12739,F1,1,,,,,
2026-07-30,2026-07-30,CM,NSE,STK,758705,INF0R8F01133,LTGILTCASE,EQ,,,,,ZERODHAAMC - LTGILTCASE,29.93,31.15,29.93,30.48,30.45,30.54,,30.48,,,233980,7126073.69,121,F1,1,,,,,
2026-07-30,2026-07-30,CM,NSE,STK,24077,INF0R8F01059,MID150CASE,EQ,,,,,ZERODHAAMC - MID150CASE,11.73,11.73,11.54,11.57,11.59,11.62,,11.57,,,1011229,11705520.57,2662,F1,1,,,,,
2026-07-30,2026-07-30,CM,NSE,STK,759302,INF0R8F01166,NIFTYCASE,EQ,,,,,ZERODHAAMC - NIFTYCASE,9.72,9.76,9.70,9.74,9.73,9.72,,9.74,,,389923,3796549.49,1181,F1,1,,,,,
2026-07-30,2026-07-30,CM,NSE,STK,30274,INF0R8F01091,SILVERCASE,EQ,,,,,ZERODHAAMC - SILVERCASE,22.25,22.25,21.71,21.91,21.90,21.89,,21.91,,,5762993,125756092.62,6176,F1,1,,,,,
2026-07-30,2026-07-30,CM,NSE,STK,758955,INF0R8F01141,SML100CASE,EQ,,,,,ZERODHAAMC - SML100CASE,11.21,11.21,10.93,10.95,10.95,10.99,,10.95,,,721606,7917059.99,1023,F1,1,,,,,
2026-07-30,2026-07-30,CM,NSE,STK,24081,INF0R8F01067,TOP100CASE,EQ,,,,,ZERODHAAMC - TOP100CASE,10.71,10.71,10.48,10.66,10.68,10.61,,10.66,,,350450,3727524.51,795,F1,1,,,,,
2026-07-30,2026-07-30,CM,NSE,STK,16915,INE342J01019,ZFCVINDIA,EQ,,,,,ZF COM VE CTR SYS IND LTD,2398.60,2435.00,2368.00,2381.30,2399.30,2389.70,,2381.30,,,125071,300388411.10,19577,F1,1,,,,,
2026-07-30,2026-07-30,CM,NSE,STK,12412,INE518E01015,ZIMLAB,BE,,,,,ZIM LABORATORIES LIMITED,111.50,112.05,111.50,111.50,111.50,113.33,,113.25,,,14257,1590379.85,40,F1,1,,,,,
2026-07-30,2026-07-30,CM,NSE,STK,3821,INE206B01013,ZODIACLOTH,EQ,,,,,ZODIAC CLOTHING CO. LTD.,77.20,78.85,76.16,77.08,76.55,76.54,,77.08,,,2104,162895.55,64,F1,1,,,,,
2026-07-30,2026-07-30,CM,NSE,STK,7138,INE761Y01019,ZODIAC,BE,,,,,ZODIAC ENERGY LIMITED,242.20,242.20,236.20,239.70,239.90,242.10,,239.75,,,7114,1705677.70,314,F1,1,,,,,
2026-07-30,2026-07-30,CM,NSE,STK,11394,INE358U01012,ZOTA,EQ,,,,,ZOTA HEALTH CARE LIMITED,1242.60,1249.90,1213.00,1225.40,1213.00,1242.60,,1225.40,,,35156,43207725.50,1896,F1,1,,,,,
2026-07-30,2026-07-30,CM,NSE,STK,29050,INE840M01016,ZUARI,EQ,,,,,ZUARI AGRO CHEMICALS LTD,235.00,241.98,234.00,238.21,237.50,235.49,,238.18,,,207295,49366088.27,4535,F1,1,,,,,
2026-07-30,2026-07-30,CM,NSE,STK,3827,INE217A01012,ZUARIIND,EQ,,,,,ZUARI INDUSTRIES LIMITED,260.85,264.00,259.10,262.30,262.75,260.15,,262.30,,,15938,4166833.05,497,F1,1,,,,,
2026-07-30,2026-07-30,CM,NSE,STK,7929,INE010B01027,ZYDUSLIFE,EQ,,,,,ZYDUS LIFESCIENCES LTD,1122.70,1132.00,1111.90,1115.10,1118.70,1122.70,,1115.10,,,796939,891707154.20,25224,F1,1,,,,,
2026-07-30,2026-07-30,CM,NSE,STK,17635,INE768C01028,ZYDUSWELL,EQ,,,,,ZYDUS WELLNESS LIMITED,573.15,578.00,563.00,566.00,565.30,579.45,,566.00,,,136110,77557749.05,11046,F1,1,,,,,
