TradDt,BizDt,Sgmt,Src,FinInstrmTp,FinInstrmId,ISIN,TckrSymb,SctySrs,XpryDt,FininstrmActlXpryDt,StrkPric,OptnTp,FinInstrmNm,OpnPric,HghPric,LwPric,ClsPric,LastPric,PrvsClsgPric,UndrlygPric,SttlmPric,OpnIntrst,ChngInOpnIntrst,TtlTradgVol,TtlTrfVal,TtlNbOfTxsExctd,SsnId,NewBrdLotQty,Rmks,Rsvd1,Rsvd2,Rsvd3,Rsvd4
2026-08-20,2026-08-20,CM,NSE,STK,19078,IN0020200104,SGBJUN28,GB,,,,,2.5%GOLDBONDS2028SR-III,15540.65,15540.65,15330.00,15400.01,15400.01,15140.65,,15400.01,,,159,2454733.73,34,F1,1,,,,,
2026-08-20,2026-08-20,CM,NSE,STK,1342,IN0020200286,SGBN28VIII,GB,,,,,2.5%GOLDBONDS2028SR-VIII,15425.00,15530.00,15410.01,15470.44,15474.99,15193.88,,15470.44,,,98,1515667.31,38,F1,1,,,,,
2026-08-20,2026-08-20,CM,NSE,STK,3742,IN0020210053,SGBMAY29I,GB,,,,,2.5%GOLDBONDS2029SR-I,15400.00,15520.00,15400.00,15445.79,15420.00,15169.62,,15445.53,,,1061,16404129.67,102,F1,1,,,,,
2026-08-20,2026-08-20,CM,NSE,STK,3743,IN0020210061,SGBJUN29II,GB,,,,,2.5%GOLDBONDS2029SR-II,15400.00,15500.00,15400.00,15420.60,15413.02,15181.01,,15418.58,,,86,1325876.23,23,F1,1,,,,,
2026-08-20,2026-08-20,CM,NSE,STK,3800,IN0020210087,SGBJU29III,GB,,,,,2.5%GOLDBONDS2029SR-III,15500.00,15500.00,15351.00,15424.43,15402.00,15122.86,,15424.43,,,168,2590775.66,27,F1,1,,,,,
2026-08-20,2026-08-20,CM,NSE,STK,5575,IN0020210145,SGBSEP29VI,GB,,,,,2.5%GOLDBONDS2029SR-VI,15511.00,15740.00,15511.00,15620.01,15620.01,15364.81,,15673.47,,,148,2320891.04,39,F1,1,,,,,
2026-08-20,2026-08-20,CM,NSE,STK,6518,IN0020210178,SGBNV29VII,GB,,,,,2.5%GOLDBONDS2029SR-VII,15400.00,15500.00,15400.00,15425.28,15425.01,15175.00,,15425.84,,,245,3792581.46,32,F1,1,,,,,
2026-08-20,2026-08-20,CM,NSE,STK,5960,IN0020180249,SGBOCT26,GB,,,,,2.50%GOLDBONDS2026SR-II,15320.00,15465.00,15320.00,15465.00,15465.00,15124.00,,15465.00,,,5,77180.00,4,F1,1,,,,,
2026-08-20,2026-08-20,CM,NSE,STK,6355,IN0020180314,SGBNOV26,GB,,,,,2.50%GOLDBONDS2026SR-III,15400.01,15449.00,15400.01,15413.72,15410.00,15270.00,,15413.72,,,36,555041.15,12,F1,1,,,,,
2026-08-20,2026-08-20,CM,NSE,STK,7654,IN0020180389,SGBDEC26,GB,,,,,2.50%GOLDBONDS2026SR-IV,15311.00,15311.00,15311.00,15311.00,15311.00,15035.71,,15366.75,,,1,15311.00,1,F1,1,,,,,
2026-08-20,2026-08-20,CM,NSE,STK,10261,IN0020190073,SGBJUN27,GB,,,,,2.50%GOLDBONDS2027SR-I,15321.00,15499.99,15321.00,15499.99,15499.99,15221.00,,15450.00,,,55,849935.99,6,F1,1,,,,,
2026-08-20,2026-08-20,CM,NSE,STK,11154,IN0020190081,SGBJUL27,GB,,,,,2.50%GOLDBONDS2027SR-II,15375.00,15421.12,15355.01,15366.66,15361.12,15170.00,,15366.66,,,33,507024.50,6,F1,1,,,,,
2026-08-20,2026-08-20,CM,NSE,STK,12904,IN0020190107,SGBAUG27,GB,,,,,2.50%GOLDBONDS2027SR-III,15395.00,15799.00,15372.00,15394.09,15410.00,15200.00,,15391.11,,,230,3545507.96,59,F1,1,,,,,
2026-08-20,2026-08-20,CM,NSE,STK,13209,IN0020190115,SGBSEP27,GB,,,,,2.50%GOLDBONDS2027SR-IV,15555.00,15600.00,15555.00,15600.00,15600.00,15250.00,,15600.00,,,12,187115.00,6,F1,1,,,,,
2026-08-20,2026-08-20,CM,NSE,STK,8308,IN0020180462,SGBJAN27,GB,,,,,2.50%GOLDBONDS2027SR-V,15371.00,15400.00,15355.14,15377.57,15355.14,15196.90,,15377.57,,,5,76868.14,5,F1,1,,,,,
2026-08-20,2026-08-20,CM,NSE,STK,13981,IN0020190370,SGBOCT27,GB,,,,,2.50%GOLDBONDS2027SR-V,15489.00,15517.00,15416.01,15416.94,15417.00,15300.00,,15416.94,,,37,572134.05,10,F1,1,,,,,
2026-08-20,2026-08-20,CM,NSE,STK,8766,IN0020180561,SGBFEB27,GB,,,,,2.50%GOLDBONDS2027SR-VI,15450.00,15450.00,15450.00,15450.00,15450.00,15300.49,,15450.00,,,5,77250.00,2,F1,1,,,,,
2026-08-20,2026-08-20,CM,NSE,STK,14252,IN0020190388,SGBOCT27VI,GB,,,,,2.50%GOLDBONDS2027SR-VI,15500.00,15521.00,15410.00,15445.00,15445.00,15200.00,,15445.00,,,24,370949.00,10,F1,1,,,,,
2026-08-20,2026-08-20,CM,NSE,STK,15432,IN0020190461,SGBDC27VII,GB,,,,,2.50%GOLDBONDS2027SR-VII,15355.01,15450.00,15355.01,15430.00,15410.00,15100.00,,15424.99,,,12,185016.01,8,F1,1,,,,,
2026-08-20,2026-08-20,CM,NSE,STK,18862,IN0020200062,SGBAPR28I,GB,,,,,2.50%GOLDBONDS2028SR-I,15500.00,15599.99,15425.00,15455.32,15453.00,15214.16,,15453.08,,,246,3816004.70,48,F1,1,,,,,
2026-08-20,2026-08-20,CM,NSE,STK,18972,IN0020200088,SGBMAY28,GB,,,,,2.50%GOLDBONDS2028SR-II,15529.97,15530.01,15415.01,15425.60,15422.00,15199.97,,15425.60,,,412,6388886.90,35,F1,1,,,,,
2026-08-20,2026-08-20,CM,NSE,STK,22242,IN0020200146,SGBJUL28IV,GB,,,,,2.50%GOLDBONDS2028SR-IV,15350.00,15499.00,15350.00,15400.76,15390.00,15115.39,,15392.85,,,210,3237871.69,70,F1,1,,,,,
2026-08-20,2026-08-20,CM,NSE,STK,17664,IN0020190545,SGBFEB28IX,GB,,,,,2.50%GOLDBONDS2028SR-IX,15300.00,15500.00,15300.00,15462.33,15416.00,15198.00,,15462.33,,,25,386414.96,16,F1,1,,,,,
2026-08-20,2026-08-20,CM,NSE,STK,22385,IN0020200161,SGBAUG28V,GB,,,,,2.50%GOLDBONDS2028SR-V,15151.00,15475.00,15151.00,15420.42,15420.00,15149.48,,15421.80,,,1273,19662597.72,193,F1,1,,,,,
2026-08-20,2026-08-20,CM,NSE,STK,149,IN0020200195,SGBSEP28VI,GB,,,,,2.50%GOLDBONDS2028SR-VI,15500.00,15684.99,15500.00,15673.77,15620.01,15290.25,,15673.77,,,233,3639721.09,59,F1,1,,,,,
2026-08-20,2026-08-20,CM,NSE,STK,834,IN0020200203,SGBOC28VII,GB,,,,,2.50%GOLDBONDS2028SR-VII,15426.34,15550.01,15426.34,15466.02,15466.02,15198.30,,15466.02,,,294,4555190.48,18,F1,1,,,,,
2026-08-20,2026-08-20,CM,NSE,STK,17110,IN0020190537,SGBJ28VIII,GB,,,,,2.50%GOLDBONDS2028SR-VIII,15352.00,15454.00,15352.00,15353.05,15353.05,15030.01,,15352.03,,,18,277118.05,11,F1,1,,,,,
2026-08-20,2026-08-20,CM,NSE,STK,18451,IN0020190552,SGBMAR28X,GB,,,,,2.50%GOLDBONDS2028SR-X,15556.00,15560.00,15556.00,15560.00,15560.00,15329.00,,15560.00,,,20,311160.00,2,F1,1,,,,,
2026-08-20,2026-08-20,CM,NSE,STK,5113,IN0020210111,SGBJUL29IV,GB,,,,,2.50%GOLDBONDS2029SR-IV,15500.00,15539.00,15401.00,15415.31,15401.00,15131.00,,15414.64,,,125,1930787.89,38,F1,1,,,,,
2026-08-20,2026-08-20,CM,NSE,STK,1920,IN0020200377,SGBJAN29IX,GB,,,,,2.50%GOLDBONDS2029SR-IX,15205.00,15550.00,15105.00,15400.22,15400.01,15121.11,,15406.40,,,179,2757511.98,56,F1,1,,,,,
2026-08-20,2026-08-20,CM,NSE,STK,5455,IN0020210129,SGBAUG29V,GB,,,,,2.50%GOLDBONDS2029SR-V,15499.00,15500.00,15370.00,15458.23,15450.00,15142.95,,15448.09,,,225,3478694.82,81,F1,1,,,,,
2026-08-20,2026-08-20,CM,NSE,STK,7098,IN0020210228,SGBD29VIII,GB,,,,,2.50%GOLDBONDS2029SR-VIII,15399.00,15847.69,15399.00,15429.77,15402.00,15226.80,,15429.77,,,560,8649277.08,163,F1,1,,,,,
2026-08-20,2026-08-20,CM,NSE,STK,2003,IN0020200385,SGBJAN29X,GB,,,,,2.50%GOLDBONDS2029SR-X,15210.01,15504.99,15206.00,15412.58,15400.00,15144.56,,15412.58,,,244,3763139.33,36,F1,1,,,,,
2026-08-20,2026-08-20,CM,NSE,STK,2200,IN0020200393,SGBFEB29XI,GB,,,,,2.50%GOLDBONDS2029SR-XI,15210.01,15500.00,15111.00,15410.38,15418.00,15111.00,,15413.40,,,295,4532340.18,78,F1,1,,,,,
2026-08-20,2026-08-20,CM,NSE,STK,2810,IN0020200427,SGBMR29XII,GB,,,,,2.50%GOLDBONDS2029SR-XII,15500.00,15727.00,15500.00,15623.83,15621.14,15276.77,,15622.20,,,367,5733838.66,74,F1,1,,,,,
2026-08-20,2026-08-20,CM,NSE,STK,10232,IN0020220045,SGBJUN30,GB,,,,,2.50%GOLDBONDS2030SR-I,15500.00,15599.00,15475.00,15582.25,15535.00,15231.33,,15582.25,,,173,2690612.79,55,F1,1,,,,,
2026-08-20,2026-08-20,CM,NSE,STK,11192,IN0020220078,SGBAUG30,GB,,,,,2.50%GOLDBONDS2030SR-II,15898.99,15898.99,15351.01,15563.99,15555.00,15279.10,,15570.54,,,428,6659572.57,96,F1,1,,,,,
2026-08-20,2026-08-20,CM,NSE,STK,13642,IN0020220110,SGBDE30III,GB,,,,,2.50%GOLDBONDS2030SR-III,15312.02,15590.00,15312.02,15542.37,15520.00,15247.83,,15542.37,,,470,7290940.81,169,F1,1,,,,,
2026-08-20,2026-08-20,CM,NSE,STK,7879,IN0020210236,SGBJAN30IX,GB,,,,,2.50%GOLDBONDS2030SR-IX,15545.00,15600.00,15399.99,15425.71,15425.00,15165.92,,15425.71,,,262,4047817.30,79,F1,1,,,,,
2026-08-20,2026-08-20,CM,NSE,STK,8401,IN0020210319,SGBMAR30X,GB,,,,,2.50%GOLDBONDS2030SR-X,15500.00,15550.00,15400.00,15467.05,15453.50,15242.08,,15467.05,,,315,4867539.06,40,F1,1,,,,,
2026-08-20,2026-08-20,CM,NSE,STK,17202,IN0020230069,SGBJUN31I,GB,,,,,2.50%GOLDBONDS2031SR-I,15411.00,15650.99,15411.00,15591.55,15595.00,15307.25,,15591.55,,,359,5602142.88,125,F1,1,,,,,
2026-08-20,2026-08-20,CM,NSE,STK,19456,IN0020230093,SGBSEP31II,GB,,,,,2.50%GOLDBONDS2031SR-II,15601.00,15736.46,15552.01,15646.80,15650.00,15344.49,,15646.47,,,1225,19181301.95,198,F1,1,,,,,
2026-08-20,2026-08-20,CM,NSE,STK,22476,IN0020230168,SGBDE31III,GB,,,,,2.50%GOLDBONDS2031SR-III,15550.55,15848.55,15506.56,15820.04,15821.05,15448.55,,15818.90,,,2391,37754139.03,410,F1,1,,,,,
2026-08-20,2026-08-20,CM,NSE,STK,14598,IN0020220169,SGBMAR31IV,GB,,,,,2.50%GOLDBONDS2031SR-IV,15550.04,15674.00,15450.00,15600.01,15600.01,15325.00,,15595.26,,,210,3278729.03,73,F1,1,,,,,
2026-08-20,2026-08-20,CM,NSE,STK,22886,IN0020230184,SGBFEB32IV,GB,,,,,2.50%GOLDBONDS2032SR-IV,15700.00,16000.00,15685.01,15903.35,15890.00,15542.00,,15903.45,,,2101,33403629.71,327,F1,1,,,,,
2026-08-20,2026-08-20,CM,NSE,STK,16921,INE144J01027,20MICRONS,EQ,,,,,20 MICRONS LTD,197.50,208.75,197.08,203.96,204.30,196.04,,203.95,,,313823,64099702.49,6530,F1,1,,,,,
2026-08-20,2026-08-20,CM,NSE,STK,4,INE253B01015,21STCENMGM,EQ,,,,,21ST CENTURY MGMT SERVICE,45.00,45.00,43.92,43.92,43.92,44.81,,43.98,,,14023,621169.71,61,F1,1,,,,,
2026-08-20,2026-08-20,CM,NSE,STK,13061,INE466L01038,360ONE,EQ,,,,,360 ONE WAM LIMITED,1187.50,1222.90,1186.00,1203.00,1203.00,1180.50,,1203.01,,,1748431,2108179108.80,50280,F1,1,,,,,
2026-08-20,2026-08-20,CM,NSE,STK,30105,INF579M01BB5,GOLD360,EQ,,,,,360ONEAMC - GOLD360,151.60,155.00,150.60,151.80,151.85,148.30,,151.82,,,95578,14508494.75,416,F1,1,,,,,
2026-08-20,2026-08-20,CM,NSE,STK,763602,INF579M01BP5,MSCI360,EQ,,,,,360ONEAMC - MSCI360,10.45,10.45,10.15,10.24,10.24,10.40,,10.24,,,1458,14894.59,23,F1,1,,,,,
2026-08-20,2026-08-20,CM,NSE,STK,756150,INF579M01BC3,SILVER360,EQ,,,,,360ONEAMC - SILVER360,230.00,238.59,230.00,231.13,231.10,223.38,,231.13,,,35475,8238578.16,701,F1,1,,,,,
2026-08-20,2026-08-20,CM,NSE,STK,762518,INE994E01018,3BBLACKBIO,EQ,,,,,3B BLACKBIO DX LTD.,1150.00,1178.00,1099.50,1151.10,1159.00,1143.80,,1149.15,,,21992,24858283.70,2032,F1,1,,,,,
2026-08-20,2026-08-20,CM,NSE,STK,6240,INE748C01038,3IINFOLTD,BE,,,,,3I INFOTECH LIMITED,22.00,22.75,22.00,22.25,22.34,23.15,,22.11,,,451936,10044842.04,1999,F1,1,,,,,
2026-08-20,2026-08-20,CM,NSE,STK,474,INE470A01017,3MINDIA,EQ,,,,,3M INDIA LIMITED,33790.00,34205.00,33485.00,33550.00,33485.00,33505.00,,33548.31,,,1957,66009660.00,1241,F1,1,,,,,
2026-08-20,2026-08-20,CM,NSE,STK,2595,INE105C01023,3PLAND,EQ,,,,,3P LAND HOLDINGS LIMITED,31.50,32.49,31.50,31.60,31.53,31.96,,31.60,,,1128,35673.63,50,F1,1,,,,,
2026-08-20,2026-08-20,CM,NSE,STK,445,INE618L01018,5PAISA,EQ,,,,,5PAISA CAPITAL LIMITED,412.95,413.25,387.90,390.90,392.05,405.60,,390.85,,,117862,46727694.95,4244,F1,1,,,,,
2026-08-20,2026-08-20,CM,NSE,STK,11868,INE111B01023,63MOONS,EQ,,,,,63 MOONS TECHNOLOGIES LTD,794.75,805.00,768.25,770.80,769.90,788.85,,770.81,,,270704,213654313.55,10931,F1,1,,,,,
2026-08-20,2026-08-20,CM,NSE,STK,29323,INE053F07579,734IRFC28,N4,,,,,7.34 NCD 19FEB28 TR1 SR2,1086.01,1088.00,1086.01,1087.01,1087.01,1086.23,,1087.01,,,2000,2173198.20,4,F1,1,,,,,
2026-08-20,2026-08-20,CM,NSE,STK,20052,INE787H07156,740IIFCL33,N1,,,,,7.40% TAX FREETRI SRIII,1148.09,1148.09,1148.09,1148.09,1148.09,1148.03,,1149.55,,,1000,1148090.00,1,F1,1,,,,,
2026-08-20,2026-08-20,CM,NSE,STK,29312,INE031A07865,751HUDCO28,N5,,,,,7.51 NCD 16FEB28 TR1 SR2,1063.06,1065.00,1063.05,1065.00,1065.00,1064.00,,1065.00,,,3609,3840049.95,6,F1,1,,,,,
2026-08-20,2026-08-20,CM,NSE,STK,19976,INE134E07588,760PFCL35,N3,,,,,7.60% TAX FREE NCD,1214.75,1214.75,1214.75,1214.75,1214.75,1209.13,,1214.75,,,11,13362.25,1,F1,1,,,,,
2026-08-20,2026-08-20,CM,NSE,STK,20034,INE261F07032,764NABAR31,N2,,,,,7.64% TAX FREE TRI SRIIB,1110.00,1110.00,1110.00,1110.00,1110.00,1109.71,,1110.00,,,366,406260.00,3,F1,1,,,,,
2026-08-20,2026-08-20,CM,NSE,STK,19928,INE031A07AO5,764HUDCO31,N8,,,,,7.64% TAX FREETRI SR2B,1117.00,1117.00,1117.00,1117.00,1117.00,1132.89,,1116.50,,,30,33510.00,1,F1,1,,,,,
2026-08-20,2026-08-20,CM,NSE,STK,19930,INE031A07AT4,769HUDCO31,N9,,,,,7.69% TAX FREETRII SR2B,1131.50,1136.99,1131.50,1136.99,1136.99,1131.98,,1136.99,,,27,30555.99,3,F1,1,,,,,
2026-08-20,2026-08-20,CM,NSE,STK,20030,INE202E07229,774IREDA31,N7,,,,,7.74% TAX FREE NCD,1125.00,1125.00,1124.15,1124.65,1124.20,1124.15,,1124.65,,,78,87723.05,5,F1,1,,,,,
2026-08-20,2026-08-20,CM,NSE,STK,19924,INE020B07GH7,812REC27,NI,,,,,8.12/8.32% TAX FREE NCD,1023.50,1023.50,1023.50,1023.50,1023.50,1022.00,,1023.50,,,500,511750.00,1,F1,1,,,,,
2026-08-20,2026-08-20,CM,NSE,STK,31240,INE031A07840,82HUDCO27,N2,,,,,8.20 NCD05MAR27 FV 1000,1055.90,1055.90,1047.30,1054.00,1054.00,1055.50,,1054.00,,,885,929273.80,9,F1,1,,,,,
2026-08-20,2026-08-20,CM,NSE,STK,20022,INE134E07208,830PFCL27,N5,,,,,8.30% TAX FREE NCD,1078.55,1078.55,1078.50,1078.50,1078.50,1080.00,,1078.50,,,1500,1617775.60,3,F1,1,,,,,
2026-08-20,2026-08-20,CM,NSE,STK,186,INE906B07DE1,850NHAI29,N5,,,,,8.50% TAX FREE TR I S IIA,1103.05,1103.05,1103.05,1103.05,1103.05,1108.99,,1103.06,,,1,1103.05,1,F1,1,,,,,
2026-08-20,2026-08-20,CM,NSE,STK,192,INE906B07DF8,875NHAI29,N6,,,,,8.75% TAX FREE TR I S IIB,1112.01,1114.99,1111.00,1111.94,1111.90,1110.87,,1111.95,,,1565,1742428.55,54,F1,1,,,,,
2026-08-20,2026-08-20,CM,NSE,STK,19968,INE031A07949,876HUDCO28,ND,,,,,8.76% TAX FREETRI SR2B,1136.10,1136.10,1135.05,1135.49,1135.05,1135.99,,1135.40,,,371,421339.25,9,F1,1,,,,,
2026-08-20,2026-08-20,CM,NSE,STK,20028,INE134E07463,892PFCL33,N8,,,,,8.92% TAX FREE NCD,1284.00,1284.00,1284.00,1284.00,1284.00,1284.00,,1284.00,,,50,64200.00,1,F1,1,,,,,
2026-08-20,2026-08-20,CM,NSE,STK,759130,INE08PH01015,ABCOTS,EQ,,,,,A B COTSPIN INDIA LIMITED,219.01,223.00,208.00,211.10,213.99,218.07,,211.10,,,14231,3066955.62,480,F1,1,,,,,
2026-08-20,2026-08-20,CM,NSE,STK,27020,INE00YB01025,ABINFRA,EQ,,,,,A B INFRABUILD LIMITED,13.50,14.44,12.90,13.34,13.42,13.45,,13.34,,,42342705,579638356.70,48170,F1,1,,,,,
2026-08-20,2026-08-20,CM,NSE,STK,762528,INE850B01026,ABMKNO,EQ,,,,,A B M KNOWLEDGEWARE LTD.,192.00,192.20,191.00,191.41,191.00,191.07,,191.41,,,82,15740.00,12,F1,1,,,,,
2026-08-20,2026-08-20,CM,NSE,STK,762533,INE366C01021,ACSTECH,EQ,,,,,A C S TECHNOLOGIES LTD.,49.90,51.00,49.60,49.71,49.65,49.66,,49.70,,,103467,5182289.21,618,F1,1,,,,,
2026-08-20,2026-08-20,CM,NSE,STK,762538,INE701G01012,AKCAPIT,EQ,,,,,A K CAPITAL SERVICES LTD.,1754.20,1780.00,1750.00,1765.20,1773.90,1754.20,,1765.09,,,3295,5815502.60,372,F1,1,,,,,
2026-08-20,2026-08-20,CM,NSE,STK,20906,INE619I01012,A2ZINFRA,EQ,,,,,A2Z INFRA ENGINEERING LTD,14.70,15.19,14.33,15.19,15.19,14.47,,15.22,,,217976,3202823.25,358,F1,1,,,,,
2026-08-20,2026-08-20,CM,NSE,STK,12533,INE0D0U01013,AAATECH,EQ,,,,,AAA TECHNOLOGIES LIMITED,94.18,96.00,93.85,93.86,93.85,94.18,,93.87,,,18983,1788581.72,170,F1,1,,,,,
2026-08-20,2026-08-20,CM,NSE,STK,23729,INE883F01010,AADHARHFC,EQ,,,,,AADHAR HOUSING FINANCE L,474.95,479.80,472.50,474.95,475.00,474.40,,474.96,,,137921,65667294.45,8184,F1,1,,,,,
2026-08-20,2026-08-20,CM,NSE,STK,757579,INE1GYP01013,AAKAAR,SM,,,,,AAKAAR MEDICAL TECHNO LTD,58.35,58.40,58.35,58.40,58.40,55.65,,58.40,,,12800,747440.00,8,F1,1600,,,,,
2026-08-20,2026-08-20,CM,NSE,STK,235,INE087Z01024,AAKASH,EQ,,,,,AAKASH EXPLORATION SER L,8.45,8.77,8.40,8.54,8.58,8.45,,8.54,,,63954,546545.10,358,F1,1,,,,,
2026-08-20,2026-08-20,CM,NSE,STK,5245,INE198H01019,AAREYDRUGS,EQ,,,,,AAREY DRUGS & PHARM LTD,79.60,82.56,79.00,80.59,79.10,82.59,,80.59,,,17092,1389041.56,234,F1,1,,,,,
2026-08-20,2026-08-20,CM,NSE,STK,761821,INE750R01016,AARNAV,EQ,,,,,AARNAV FASHIONS LIMITED,33.50,35.65,33.50,33.71,34.05,34.19,,33.73,,,17501,601009.51,279,F1,1,,,,,
2026-08-20,2026-08-20,CM,NSE,STK,1030,INE721Z01010,AARON,EQ,,,,,AARON INDUSTRIES LIMITED,140.50,144.00,138.20,139.30,138.20,140.32,,139.30,,,10853,1526865.73,343,F1,1,,,,,
2026-08-20,2026-08-20,CM,NSE,STK,17164,INE01C001026,AARTECH,BE,,,,,AARTECH SOLONICS LIMITED,49.43,51.53,48.40,50.67,51.44,49.08,,50.60,,,464391,23109873.27,591,F1,1,,,,,
2026-08-20,2026-08-20,CM,NSE,STK,4481,INE767A01016,AARTIDRUGS,EQ,,,,,AARTI DRUGS LTD.,413.45,419.50,409.80,414.75,416.85,408.45,,414.72,,,142564,59360204.40,6260,F1,1,,,,,
2026-08-20,2026-08-20,CM,NSE,STK,7,INE769A01020,AARTIIND,EQ,,,,,AARTI INDUSTRIES LTD,530.00,537.90,516.20,520.05,518.50,527.05,,520.12,,,749736,395569775.70,21268,F1,1,,,,,
2026-08-20,2026-08-20,CM,NSE,STK,13868,INE0LRU01027,AARTIPHARM,EQ,,,,,AARTI PHARMALABS LIMITED,837.00,849.50,826.00,829.25,833.00,834.15,,829.25,,,224593,187324793.95,15359,F1,1,,,,,
2026-08-20,2026-08-20,CM,NSE,STK,19263,INE09EO01013,AARTISURF,BE,,,,,AARTI SURFACTANTS LIMITED,597.00,608.95,559.65,562.05,563.00,589.10,,562.63,,,24362,13949607.50,782,F1,1,,,,,
2026-08-20,2026-08-20,CM,NSE,STK,19073,INE754X01016,AARVI,EQ,,,,,AARVI ENCON LIMITED,155.81,159.80,153.11,153.96,155.12,155.81,,153.98,,,21670,3370075.82,699,F1,1,,,,,
2026-08-20,2026-08-20,CM,NSE,STK,763800,INE2FMX01012,AASTHA,EQ,,,,,AASTHA SPINTEX LIMITED,73.14,74.71,73.02,73.32,73.02,73.14,,73.33,,,283149,20895946.74,1846,F1,1,,,,,
2026-08-20,2026-08-20,CM,NSE,STK,16961,INE0OB201016,AATMAJ,SM,,,,,AATMAJ HEALTHCARE LIMITED,19.00,19.00,19.00,19.00,19.00,19.00,,19.00,,,8000,152000.00,2,F1,2000,,,,,
2026-08-20,2026-08-20,CM,NSE,STK,5385,INE216P01012,AAVAS,EQ,,,,,AAVAS FINANCIERS LIMITED,1373.10,1380.00,1355.00,1364.90,1355.10,1372.80,,1364.91,,,104899,143093067.70,10919,F1,1,,,,,
2026-08-20,2026-08-20,CM,NSE,STK,7759,INE421A01028,ABAN,BE,,,,,ABAN OFFSHORE LTD.,17.05,17.05,17.05,17.05,17.05,17.39,,17.00,,,6725,114661.25,36,F1,1,,,,,
2026-08-20,2026-08-20,CM,NSE,STK,762523,INE365O01028,ABANSENT,EQ,,,,,ABANS ENTERPRISES LTD.,28.79,29.99,27.36,27.36,27.36,28.79,,27.62,,,22519,621401.07,246,F1,1,,,,,
2026-08-20,2026-08-20,CM,NSE,STK,13288,INE00ZE01026,AFSL,EQ,,,,,ABANS FINANCIAL SRVCS LTD,201.27,203.90,201.27,202.14,202.10,201.43,,202.14,,,6326,1280876.97,155,F1,1,,,,,
2026-08-20,2026-08-20,CM,NSE,STK,13,INE117A01022,ABB,EQ,,,,,ABB INDIA LIMITED,7450.50,7481.50,7393.00,7479.00,7479.00,7430.00,,7478.77,,,195920,1458728568.00,32819,F1,1,,,,,
2026-08-20,2026-08-20,CM,NSE,STK,17903,INE358A01014,ABBOTINDIA,EQ,,,,,ABBOTT INDIA LIMITED,26500.00,26500.00,26080.00,26120.00,26150.00,26405.00,,26117.96,,,7487,196225170.00,3659,F1,1,,,,,
2026-08-20,2026-08-20,CM,NSE,STK,755942,INE860H07IR8,ABCL26,N3,,,,,ABCL SR II,1220.20,1220.20,1220.20,1220.20,1220.20,1220.20,,1220.20,,,25,30505.00,1,F1,1,,,,,
2026-08-20,2026-08-20,CM,NSE,STK,27284,INE0UYG01015,ABHAPOWER,SM,,,,,ABHA POWER N STEEL LTD,24.95,24.95,24.75,24.75,24.75,24.85,,24.75,,,4800,119120.00,3,F1,1600,,,,,
2026-08-20,2026-08-20,CM,NSE,STK,5551,INE251C01025,ABMINTLLTD,BE,,,,,ABM INTERNATIONAL LTD,50.00,53.26,48.20,53.26,53.26,50.73,,53.26,,,9033,438291.15,72,F1,1,,,,,
2026-08-20,2026-08-20,CM,NSE,STK,23786,INE0QRV01016,ABSMARINE,ST,,,,,ABS MARINE SERVICES LTD,249.95,249.95,235.00,238.45,245.00,239.65,,238.45,,,47000,11441500.00,84,F1,500,,,,,
2026-08-20,2026-08-20,CM,NSE,STK,22,INE012A01025,ACC,EQ,,,,,ACC LIMITED,1294.80,1312.10,1292.30,1301.10,1301.00,1288.70,,1301.08,,,97797,127520005.50,6798,F1,1,,,,,
2026-08-20,2026-08-20,CM,NSE,STK,7053,INE793A01012,ACCELYA,EQ,,,,,ACCELYA SOLN INDIA LTD,1134.60,1142.00,1131.10,1139.50,1142.00,1134.60,,1139.50,,,3221,3662279.40,393,F1,1,,,,,
2026-08-20,2026-08-20,CM,NSE,STK,20488,INE0Q5D01013,ACCENTMIC,SM,,,,,ACCENT MICROCELL LIMITED,599.00,607.65,594.00,598.30,598.10,598.60,,598.30,,,37000,22283675.00,68,F1,500,,,,,
2026-08-20,2026-08-20,CM,NSE,STK,757024,INE0T8T01010,ACCPL,ST,,,,,ACCRETION PHARMA LIMITED,214.70,214.70,208.00,208.00,208.00,205.50,,208.00,,,12000,2512200.00,9,F1,1200,,,,,
2026-08-20,2026-08-20,CM,NSE,STK,1472,INE648Z01023,ACCURACY,BE,,,,,ACCURACY SHIPPING LIMITED,4.60,4.75,4.53,4.68,4.60,4.60,,4.66,,,38096,177581.65,125,F1,1,,,,,
2026-08-20,2026-08-20,CM,NSE,STK,11779,INE543V01017,ACEINTEG,EQ,,,,,ACE INTEGRATED SOLU. LTD.,17.66,18.36,17.66,17.73,17.70,17.91,,17.73,,,276,4909.73,22,F1,1,,,,,
2026-08-20,2026-08-20,CM,NSE,STK,27061,INE622W01025,ACMESOLAR,EQ,,,,,ACME SOLAR HOLDINGS LTD,386.00,406.50,380.55,397.40,397.00,380.40,,397.40,,,9465771,3774663936.05,128165,F1,1,,,,,
2026-08-20,2026-08-20,CM,NSE,STK,13587,INE731H01025,ACE,EQ,,,,,ACTION CONST EQUIP LTD,1181.20,1188.60,1156.20,1164.40,1160.00,1181.20,,1163.85,,,221286,259773381.00,15472,F1,1,,,,,
2026-08-20,2026-08-20,CM,NSE,STK,30464,INE0KLO01025,ACTIVEINFR,SM,,,,,ACTIVE INFRASTRUCTURES L,175.00,177.85,175.00,177.80,177.80,175.00,,177.80,,,21600,3839040.00,6,F1,600,,,,,
2026-08-20,2026-08-20,CM,NSE,STK,5578,INE00FF01025,ACUTAAS,EQ,,,,,ACUTAAS CHEMICALS LIMITED,3280.00,3304.30,3195.00,3210.50,3210.10,3228.90,,3210.50,,,283295,915963738.80,39023,F1,1,,,,,
2026-08-20,2026-08-20,CM,NSE,STK,10217,INE931S01010,ADANIENSOL,EQ,,,,,ADANI ENERGY SOLUTION LTD,1550.00,1561.00,1538.60,1548.50,1548.50,1540.70,,1548.50,,,2182920,3380972520.40,79125,F1,1,,,,,
2026-08-20,2026-08-20,CM,NSE,STK,25,INE423A01024,ADANIENT,EQ,,,,,ADANI ENTERPRISES LIMITED,3000.00,3011.00,2990.00,2994.90,2994.90,2990.30,,2994.81,,,713687,2142751308.40,55183,F1,1,,,,,
2026-08-20,2026-08-20,CM,NSE,STK,3563,INE364U01010,ADANIGREEN,EQ,,,,,ADANI GREEN ENERGY LTD,1294.00,1310.30,1294.00,1301.80,1301.80,1293.00,,1301.79,,,1073912,1398905049.00,32856,F1,1,,,,,
2026-08-20,2026-08-20,CM,NSE,STK,15083,INE742F01042,ADANIPORTS,EQ,,,,,ADANI PORT & SEZ LTD,1690.00,1698.50,1680.40,1696.00,1696.00,1681.90,,1695.96,,,1661649,2810313424.10,55861,F1,1,,,,,
2026-08-20,2026-08-20,CM,NSE,STK,17388,INE814H01029,ADANIPOWER,EQ,,,,,ADANI POWER LTD,204.50,205.48,202.80,204.00,204.00,204.02,,203.98,,,10829931,2213097718.20,57227,F1,1,,,,,
2026-08-20,2026-08-20,CM,NSE,STK,6066,INE399L01023,ATGL,EQ,,,,,ADANI TOTAL GAS LIMITED,666.50,667.90,655.30,657.65,656.90,664.25,,657.72,,,664263,440450639.40,14641,F1,1,,,,,
2026-08-20,2026-08-20,CM,NSE,STK,764563,INE757C01021,ADDIND,EQ,,,,,ADDI INDUSTRIES LTD.,87.95,87.95,71.05,80.00,80.00,87.00,,84.00,,,612,45486.10,22,F1,1,,,,,
2026-08-20,2026-08-20,CM,NSE,STK,22468,INE0RDH01021,ADDICTIVE,SM,,,,,ADDICTIVE LEARNING TECH L,42.90,44.40,42.90,44.40,44.40,42.30,,44.40,,,14500,641325.00,19,F1,500,,,,,
2026-08-20,2026-08-20,CM,NSE,STK,19761,INE982B01027,ADFFOODS,EQ,,,,,ADF FOODS LIMITED,264.10,268.50,261.55,267.35,267.65,263.30,,267.36,,,64132,16970409.80,3248,F1,1,,,,,
2026-08-20,2026-08-20,CM,NSE,STK,763156,INE20PL01012,ADISOFT,SM,,,,,ADISOFT TECHNOLOGIES LTD,176.25,192.00,176.25,188.45,188.00,176.00,,188.45,,,155200,28877720.00,164,F1,800,,,,,
2026-08-20,2026-08-20,CM,NSE,STK,6018,INE404A01024,ABSLAMC,EQ,,,,,ADIT BIRL SUN LIF AMC LTD,1006.30,1010.80,990.30,995.40,996.60,1003.40,,995.41,,,180500,179834574.80,17106,F1,1,,,,,
2026-08-20,2026-08-20,CM,NSE,STK,21614,INE674K01013,ABCAPITAL,EQ,,,,,ADITYA BIRLA CAPITAL LTD.,399.80,410.20,398.85,409.00,409.00,396.00,,408.99,,,5467281,2225626644.70,54784,F1,1,,,,,
2026-08-20,2026-08-20,CM,NSE,STK,30108,INE647O01011,ABFRL,EQ,,,,,ADITYA BIRLA FASHION & RT,55.00,55.17,54.60,54.75,54.80,54.47,,54.74,,,2603367,142781424.43,14032,F1,1,,,,,
2026-08-20,2026-08-20,CM,NSE,STK,756843,INE14LE01019,ABLBL,EQ,,,,,ADITYA BIRLA LIFES BRAN L,87.00,87.86,86.00,86.50,86.50,86.89,,86.51,,,737180,63969628.40,8785,F1,1,,,,,
2026-08-20,2026-08-20,CM,NSE,STK,15239,INE865C01022,BIRLAMONEY,EQ,,,,,ADITYA BIRLA MONEY LTD,127.00,129.98,127.00,127.22,127.00,127.43,,127.22,,,27142,3465979.33,849,F1,1,,,,,
2026-08-20,2026-08-20,CM,NSE,STK,625,INE055A01016,ABREL,EQ,,,,,ADITYA BIRLA REAL EST LTD,1399.10,1460.00,1390.40,1445.50,1449.90,1395.10,,1445.55,,,524278,747150283.30,24859,F1,1,,,,,
2026-08-20,2026-08-20,CM,NSE,STK,758858,INE819V01029,CPPLUS,EQ,,,,,ADITYA INFOTECH LIMITED,3333.00,3468.60,3328.00,3468.60,3468.60,3303.50,,3470.04,,,306265,1049483494.10,35548,F1,1,,,,,
2026-08-20,2026-08-20,CM,NSE,STK,25984,INE679V01027,AVL,EQ,,,,,ADITYA VISION LIMITED,603.10,615.00,595.15,611.00,612.60,605.50,,611.04,,,125863,76520200.95,7270,F1,1,,,,,
2026-08-20,2026-08-20,CM,NSE,STK,23804,INF209KB18D3,BSLGOLDETF,EQ,,,,,ADITYBIRLA SL GOLD ETF-GR,137.44,137.44,136.51,137.00,136.51,133.97,,137.00,,,723325,99053044.46,2928,F1,1,,,,,
2026-08-20,2026-08-20,CM,NSE,STK,24781,INF209KB19D1,BSLNIFTY,EQ,,,,,ADITYBIRLA SL NIF ETF-GR,28.00,28.98,28.00,28.48,28.51,28.28,,28.48,,,787875,22439074.25,3570,F1,1,,,,,
2026-08-20,2026-08-20,CM,NSE,STK,34,INE045A01017,ADOR,EQ,,,,,ADOR WELDING LTD,1661.00,1701.90,1618.00,1684.00,1691.50,1634.60,,1684.03,,,121190,200822371.50,9198,F1,1,,,,,
2026-08-20,2026-08-20,CM,NSE,STK,4953,INE737B01033,ADROITINFO,EQ,,,,,ADROIT INFOTECH LIMITED,9.60,10.36,9.60,10.23,10.36,9.85,,10.23,,,36555,371634.80,205,F1,1,,,,,
2026-08-20,2026-08-20,CM,NSE,STK,760657,INE0ALI01010,ADVAIT,EQ,,,,,ADVAIT ENRGY TRANSITION L,2106.20,2135.00,2080.00,2115.40,2110.00,2096.20,,2115.05,,,27269,57609373.40,3572,F1,1,,,,,
2026-08-20,2026-08-20,CM,NSE,STK,759402,INE1B0W01010,ADVANCE,EQ,,,,,ADVANCE AGROLIFE LIMITED,117.51,118.59,112.51,115.93,115.20,116.62,,115.93,,,217817,25310850.21,2169,F1,1,,,,,
2026-08-20,2026-08-20,CM,NSE,STK,18039,INE837H01020,ADVENZYMES,EQ,,,,,ADVANCED ENZYME TECH LTD,304.35,310.00,299.95,303.00,304.90,305.20,,303.03,,,295139,90525632.35,5493,F1,1,,,,,
2026-08-20,2026-08-20,CM,NSE,STK,14745,INE199C01026,ADVANIHOTR,EQ,,,,,ADVANI HOT.& RES.(I) LTD,49.46,50.00,49.25,49.49,49.60,49.46,,49.48,,,15574,771051.09,362,F1,1,,,,,
2026-08-20,2026-08-20,CM,NSE,STK,759769,INE28GN01010,ADVENTHTL,EQ,,,,,ADVENT HOTELS INTERNATI L,135.00,137.00,134.11,135.54,136.00,133.95,,135.54,,,93005,12600503.13,1575,F1,1,,,,,
2026-08-20,2026-08-20,CM,NSE,STK,765015,INE178T01024,ADVIKCA,EQ,,,,,ADVIK CAPITAL LTD.,1.21,1.25,1.20,1.20,1.22,1.22,,1.20,,,192176,232357.36,219,F1,1,,,,,
2026-08-20,2026-08-20,CM,NSE,STK,762227,INE1SJO01012,RAMBHAJO,EQ,,,,,ADVIT JEWELS LIMITED,177.39,180.90,173.26,173.84,174.07,177.39,,173.91,,,151763,26813984.94,1654,F1,1,,,,,
2026-08-20,2026-08-20,CM,NSE,STK,40,INE208C01025,AEGISLOG,EQ,,,,,AEGIS LOGISTICS LIMITED,1370.00,1371.00,1325.00,1336.20,1330.30,1364.00,,1336.12,,,310007,418584441.60,19957,F1,1,,,,,
2026-08-20,2026-08-20,CM,NSE,STK,757336,INE0INX01018,AEGISVOPAK,EQ,,,,,AEGIS VOPAK TERMINALS LTD,273.90,274.50,265.05,266.60,267.00,270.15,,266.60,,,376144,101408423.60,8188,F1,1,,,,,
2026-08-20,2026-08-20,CM,NSE,STK,761347,INE423A07542,AEL1212026,NO,,,,,AEL 0% 2031 SR VIII,1052.00,1052.00,1052.00,1052.00,1052.00,1051.00,,1052.00,,,100,105200.00,2,F1,1,,,,,
2026-08-20,2026-08-20,CM,NSE,STK,761343,INE423A07534,875AEL29,NK,,,,,AEL 8.75% 2029 SR IV,1050.00,1050.00,1049.80,1049.80,1049.80,1040.00,,1049.80,,,60,62990.00,3,F1,1,,,,,
2026-08-20,2026-08-20,CM,NSE,STK,757871,INE423A07427,885AEL28,NB,,,,,AEL 8.85% 2028 SR III,1014.00,1014.00,1010.50,1010.50,1010.50,1014.00,,1010.50,,,90,91155.00,2,F1,1,,,,,
2026-08-20,2026-08-20,CM,NSE,STK,761346,INE423A07526,890AEL31,NN,,,,,AEL 8.90% 2031 SR VII,1055.99,1056.00,1054.55,1054.86,1054.55,1055.45,,1054.95,,,2194,2316703.43,17,F1,1,,,,,
2026-08-20,2026-08-20,CM,NSE,STK,757869,INE423A07450,895AEL27,N9,,,,,AEL 8.95% 2027 SR I,1005.01,1005.01,1005.01,1005.01,1005.01,1005.01,,1005.01,,,8,8040.08,1,F1,1,,,,,
2026-08-20,2026-08-20,CM,NSE,STK,757872,INE423A07435,915AEL28,NC,,,,,AEL 9.15% 2028 SR IV,1025.00,1044.00,1020.05,1025.00,1025.00,1020.00,,1024.75,,,128,131224.50,7,F1,1,,,,,
2026-08-20,2026-08-20,CM,NSE,STK,757875,INE423A07393,930AEL30,NF,,,,,AEL 9.3% 2030 SR VII,1045.00,1045.50,1045.00,1045.50,1045.50,1035.01,,1045.25,,,150,156800.00,4,F1,1,,,,,
2026-08-20,2026-08-20,CM,NSE,STK,760234,INE947N01017,AEQUS,EQ,,,,,AEQUS LIMITED,264.80,271.21,259.00,260.09,260.50,262.45,,260.09,,,3987470,1056814498.46,50523,F1,1,,,,,
2026-08-20,2026-08-20,CM,NSE,STK,12015,INE065D01027,AEROENTER,EQ,,,,,AEROFLEX ENTERPRISES LTD,132.90,133.90,128.00,130.65,131.00,130.14,,130.65,,,304509,39858889.24,2615,F1,1,,,,,
2026-08-20,2026-08-20,CM,NSE,STK,18268,INE024001021,AEROFLEX,EQ,,,,,AEROFLEX INDUSTRIES LTD,480.00,485.00,471.10,475.30,474.90,474.15,,475.22,,,690166,329859592.70,18455,F1,1,,,,,
2026-08-20,2026-08-20,CM,NSE,STK,13689,INE035801013,AERONEU,EQ,,,,,AEROFLEX NEU LIMITED,83.19,87.00,82.02,82.43,83.70,84.36,,82.43,,,55908,4702246.71,1330,F1,1,,,,,
2026-08-20,2026-08-20,CM,NSE,STK,25065,INE0WL801011,AERON,SM,,,,,AERON COMPOSITE LIMITED,77.40,77.40,73.05,74.00,74.00,75.95,,74.00,,,13000,969700.00,11,F1,1000,,,,,
2026-08-20,2026-08-20,CM,NSE,STK,9810,INE0BWX01014,AETHER,EQ,,,,,AETHER INDUSTRIES LIMITED,1640.00,1645.30,1618.50,1634.40,1627.80,1640.10,,1634.41,,,107437,175335670.20,13200,F1,1,,,,,
2026-08-20,2026-08-20,CM,NSE,STK,25977,INE101I01011,AFCONS,EQ,,,,,AFCONS INFRASTRUCTURE LTD,277.00,281.95,275.50,280.20,280.00,277.95,,280.19,,,430210,119948163.10,8051,F1,1,,,,,
2026-08-20,2026-08-20,CM,NSE,STK,11343,INE00WC01027,AFFLE,EQ,,,,,AFFLE 3I LIMITED,1693.90,1744.00,1693.90,1729.50,1725.00,1693.80,,1729.47,,,208189,359483720.90,25040,F1,1,,,,,
2026-08-20,2026-08-20,CM,NSE,STK,25857,INE692Z01013,AFFORDABLE,BE,,,,,AFFORD ROBO & AUTO LTD,171.00,171.00,164.00,164.71,164.90,170.00,,164.71,,,37564,6274882.19,353,F1,1,,,,,
2026-08-20,2026-08-20,CM,NSE,STK,764159,INE916Y07099,115AFIL28A,N0,,,,,AFIL 11.50% 2028,9964.00,9964.00,9964.00,9964.00,9964.00,9947.00,,9964.00,,,81,807084.00,1,F1,1,,,,,
2026-08-20,2026-08-20,CM,NSE,STK,760641,INE916Y07073,1150AFIL29,N0,,,,,AFIL 11.50% 2029,9868.99,9868.99,9835.00,9835.00,9835.00,9755.00,,9835.00,,,9,88582.98,4,F1,1,,,,,
2026-08-20,2026-08-20,CM,NSE,STK,759446,INE916Y07032,12AFIL27,N0,,,,,AFIL 12% 2027 SR 1,9956.04,9956.04,9956.04,9956.04,9956.04,9890.00,,9956.04,,,9,89604.36,3,F1,1,,,,,
2026-08-20,2026-08-20,CM,NSE,STK,759283,INE916Y07057,12AFIL28,N0,,,,,AFIL 12% 2028,9970.00,9977.00,9910.00,9910.00,9910.00,9960.00,,9910.00,,,191,1904522.12,9,F1,1,,,,,
2026-08-20,2026-08-20,CM,NSE,STK,3389,INE204E01012,AGARIND,EQ,,,,,AGARWAL INDS CORP LTD.,499.00,503.85,490.40,491.75,491.00,491.60,,491.79,,,12422,6166279.30,813,F1,1,,,,,
2026-08-20,2026-08-20,CM,NSE,STK,27309,INE0P8X01016,AGARWALTUF,SM,,,,,AGARWAL TOUGH GLASS IND L,140.20,143.00,138.25,141.90,142.00,139.50,,141.90,,,32400,4557780.00,26,F1,1200,,,,,
2026-08-20,2026-08-20,CM,NSE,STK,1412,INE415A01038,AGI,EQ,,,,,AGI GREENPAC LIMITED,707.25,723.60,707.25,711.65,712.60,706.20,,711.55,,,82113,58670117.95,3915,F1,1,,,,,
2026-08-20,2026-08-20,CM,NSE,STK,24445,INE976R01033,AGIIL,EQ,,,,,AGI INFRA LIMITED,298.00,300.90,290.70,293.70,298.25,294.25,,293.70,,,845522,249615438.10,8144,F1,1,,,,,
2026-08-20,2026-08-20,CM,NSE,STK,10491,INE0LF301013,AGNI,SM,,,,,AGNI GREEN POWER LTD,16.00,16.00,15.30,15.30,15.30,16.00,,15.30,,,7500,118250.00,3,F1,2500,,,,,
2026-08-20,2026-08-20,CM,NSE,STK,11072,INE449G01018,AGRITECH,EQ,,,,,AGRI-TECH (INDIA) LIMITED,102.88,103.40,100.21,102.16,101.64,100.38,,102.16,,,1627,165541.53,90,F1,1,,,,,
2026-08-20,2026-08-20,CM,NSE,STK,9046,INE740V01019,AGROPHOS,EQ,,,,,AGRO PHOS INDIA LIMITED,26.70,26.70,25.75,26.01,25.75,25.56,,26.01,,,16762,439853.80,148,F1,1,,,,,
2026-08-20,2026-08-20,CM,NSE,STK,759202,INE583L01014,AGSTRA,BZ,,,,,AGS TRANSACT TECH LTD,2.05,2.10,2.01,2.04,2.08,2.05,,2.04,,,108003,222853.62,289,F1,1,,,,,
2026-08-20,2026-08-20,CM,NSE,STK,2004,INE00PV01013,AHLADA,EQ,,,,,AHLADA ENGINEERS LIMITED,40.82,40.82,38.50,38.59,38.51,40.82,,38.59,,,42109,1667136.29,312,F1,1,,,,,
2026-08-20,2026-08-20,CM,NSE,STK,17833,INE758C01029,AHLUCONT,EQ,,,,,AHLUWALIA CONT IND LTD,699.55,709.70,692.00,693.50,694.90,698.55,,693.50,,,59772,41596038.80,4363,F1,1,,,,,
2026-08-20,2026-08-20,CM,NSE,STK,13086,INE212H01026,AIAENG,EQ,,,,,AIA ENGINEERING LIMITED,4384.90,4535.80,4350.00,4357.60,4351.50,4384.90,,4357.57,,,42922,190236318.30,10347,F1,1,,,,,
2026-08-20,2026-08-20,CM,NSE,STK,23984,INE0RUV01018,AIMTRON,SM,,,,,AIMTRON ELECTRONICS LTD,1720.00,1735.95,1670.00,1681.60,1680.00,1701.35,,1681.60,,,34800,58862570.00,136,F1,200,,,,,
2026-08-20,2026-08-20,CM,NSE,STK,9878,INE805A01014,GOLDTECH,BE,,,,,AION-TECH SOLUTIONS LTD,48.12,48.12,46.70,47.29,47.79,48.12,,47.30,,,7714,366116.50,88,F1,1,,,,,
2026-08-20,2026-08-20,CM,NSE,STK,9897,INE645W01026,AIRAN,EQ,,,,,AIRAN LIMITED,14.96,15.16,14.90,15.03,14.95,14.95,,15.03,,,39723,594802.80,218,F1,1,,,,,
2026-08-20,2026-08-20,CM,NSE,STK,6068,INE801L01010,AIROLAM,EQ,,,,,AIRO LAM LIMITED,88.00,89.25,88.00,88.99,89.00,88.50,,88.99,,,811,72101.32,20,F1,1,,,,,
2026-08-20,2026-08-20,CM,NSE,STK,8124,INE031B01049,AJANTPHARM,EQ,,,,,AJANTA PHARMA LIMITED,3708.50,3789.00,3615.00,3658.60,3690.00,3697.90,,3658.83,,,69455,254445929.00,17047,F1,1,,,,,
2026-08-20,2026-08-20,CM,NSE,STK,29624,INE274Y01021,AJAXENGG,EQ,,,,,AJAX ENGINEERING LIMITED,558.00,570.35,558.00,566.40,565.00,566.90,,566.40,,,32560,18421111.80,1899,F1,1,,,,,
2026-08-20,2026-08-20,CM,NSE,STK,17307,INE298G01035,AJMERA,EQ,,,,,AJMERA REALTY & INF I LTD,118.00,119.99,116.92,119.07,118.55,116.41,,119.07,,,184463,21946334.29,2974,F1,1,,,,,
2026-08-20,2026-08-20,CM,NSE,STK,3403,INE820Y01021,AJOONI,EQ,,,,,AJOONI BIOTECH LIMITED,3.84,3.85,3.72,3.75,3.75,3.78,,3.75,,,304357,1151859.73,440,F1,1,,,,,
2026-08-20,2026-08-20,CM,NSE,STK,21121,INE0PCY01014,AKANKSHA,SM,,,,,AKANKSHA POWER N INFRA L,118.10,118.20,115.55,115.65,115.75,118.10,,115.65,,,9000,1049250.00,8,F1,1000,,,,,
2026-08-20,2026-08-20,CM,NSE,STK,13510,INE737W01013,AKASH,EQ,,,,,AKASH INFRA-PROJECTS LTD,25.60,25.68,24.70,25.01,24.70,25.02,,25.01,,,1062,26680.21,26,F1,1,,,,,
2026-08-20,2026-08-20,CM,NSE,STK,2176,INE00Y801016,AKG,EQ,,,,,AKG EXIM LIMITED,8.88,9.37,8.87,8.87,8.87,8.87,,8.87,,,65849,590129.44,169,F1,1,,,,,
2026-08-20,2026-08-20,CM,NSE,STK,14890,INE642Z01026,AKI,EQ,,,,,AKI INDIA LIMITED,4.32,4.32,4.17,4.24,4.25,4.24,,4.24,,,113426,482453.76,196,F1,1,,,,,
2026-08-20,2026-08-20,CM,NSE,STK,24304,INE0PMR01017,AKIKO,SM,,,,,AKIKO GLOBAL SERVICES L,385.00,385.00,378.00,380.10,380.10,380.00,,380.10,,,8800,3357120.00,9,F1,800,,,,,
2026-08-20,2026-08-20,CM,NSE,STK,24159,INE916Y01027,AFIL,EQ,,,,,AKME FINTRADE (INDIA) LTD,9.48,9.55,9.24,9.41,9.36,9.36,,9.40,,,384508,3606240.55,369,F1,1,,,,,
2026-08-20,2026-08-20,CM,NSE,STK,8595,INE523B01011,AKSHOPTFBR,BE,,,,,AKSH OPTIFIBRE  LTD,7.88,7.88,7.30,7.30,7.30,7.68,,7.32,,,454664,3389614.94,459,F1,1,,,,,
2026-08-20,2026-08-20,CM,NSE,STK,9558,INE256Z01025,AKSHAR,EQ,,,,,AKSHAR SPINTEX LIMITED,0.41,0.43,0.41,0.41,0.42,0.41,,0.41,,,2135401,900325.29,320,F1,1,,,,,
2026-08-20,2026-08-20,CM,NSE,STK,20194,INE542B01011,AKSHARCHEM,BE,,,,,AKSHARCHEM INDIA LIMITED,295.09,303.00,292.05,301.95,300.00,299.94,,301.96,,,4533,1358890.38,114,F1,1,,,,,
2026-08-20,2026-08-20,CM,NSE,STK,24715,INE09XN01023,AKUMS,EQ,,,,,AKUMS DRUGS AND PHARMA L,756.55,774.00,750.00,752.90,750.25,753.30,,752.91,,,419530,318579144.15,24380,F1,1,,,,,
2026-08-20,2026-08-20,CM,NSE,STK,9921,INE914E01040,ALANKIT,EQ,,,,,ALANKIT LIMITED,8.05,8.42,8.05,8.15,8.13,8.18,,8.15,,,204420,1669771.42,520,F1,1,,,,,
2026-08-20,2026-08-20,CM,NSE,STK,17256,INE155C01010,ALBERTDAVD,EQ,,,,,ALBERT DAVID LIMITED,846.90,868.00,841.00,863.15,857.00,839.55,,863.19,,,13723,11744543.25,1093,F1,1,,,,,
2026-08-20,2026-08-20,CM,NSE,STK,79,INE426A01027,ALEMBICLTD,EQ,,,,,ALEMBIC LIMITED,88.00,92.60,88.00,91.63,91.60,88.43,,91.62,,,740114,67502435.34,5208,F1,1,,,,,
2026-08-20,2026-08-20,CM,NSE,STK,25328,INE901L01018,APLLTD,EQ,,,,,ALEMBIC PHARMA LTD,817.90,826.45,810.05,814.10,815.00,817.50,,814.10,,,47603,38937722.70,5644,F1,1,,,,,
2026-08-20,2026-08-20,CM,NSE,STK,764573,INE782D01027,ALFREDHE,EQ,,,,,ALFRED HERBERT INDIA L,3015.00,3015.00,2881.00,3000.00,3000.00,3034.90,,2998.96,,,112,333059.60,40,F1,1,,,,,
2026-08-20,2026-08-20,CM,NSE,STK,761270,INE598D01035,ALGOQUANT,EQ,,,,,ALGOQUANT FINTECH LIMITED,66.09,66.76,64.90,65.13,64.90,65.70,,65.13,,,1220012,79934820.39,2883,F1,1,,,,,
2026-08-20,2026-08-20,CM,NSE,STK,13656,INE062D01024,ALICON,EQ,,,,,ALICON CASTALLOY LIMITED,752.65,760.10,742.00,746.75,748.00,752.65,,746.75,,,20423,15327841.90,1323,F1,1,,,,,
2026-08-20,2026-08-20,CM,NSE,STK,5265,INE03Q201024,ALIVUS,EQ,,,,,ALIVUS LIFE SCIENCES LTD,1370.00,1402.50,1365.60,1370.00,1367.00,1369.00,,1370.01,,,43977,60796587.10,6061,F1,1,,,,,
2026-08-20,2026-08-20,CM,NSE,STK,16963,INE773I01017,ALKALI,BE,,,,,ALKALI METALS LTD,68.23,68.23,66.22,67.95,67.95,68.23,,67.95,,,3984,267081.24,53,F1,1,,,,,
2026-08-20,2026-08-20,CM,NSE,STK,11703,INE540L01014,ALKEM,EQ,,,,,ALKEM LABORATORIES LTD.,5400.00,5416.50,5381.50,5400.00,5400.00,5382.50,,5400.00,,,85369,461005032.50,8432,F1,1,,,,,
2026-08-20,2026-08-20,CM,NSE,STK,4487,INE150B01039,ALKYLAMINE,EQ,,,,,ALKYL AMINES CHEM. LTD,1962.00,1985.00,1916.00,1923.80,1929.00,1956.10,,1923.78,,,63490,123873563.40,9527,F1,1,,,,,
2026-08-20,2026-08-20,CM,NSE,STK,13212,INE0M2X01012,ALLETEC,ST,,,,,ALL E TECHNOLOGIES LTD,127.25,128.00,121.00,121.60,121.00,124.30,,121.60,,,50000,6142860.00,99,F1,400,,,,,
2026-08-20,2026-08-20,CM,NSE,STK,758448,INE0GV601021,ALLTIME,EQ,,,,,ALL TIME PLASTICS LIMITED,211.50,214.95,207.30,208.21,207.30,210.53,,208.21,,,55713,11690277.67,2003,F1,1,,,,,
2026-08-20,2026-08-20,CM,NSE,STK,763784,INE1YPB01014,AGL,EQ,,,,,ALLCARGO GLOBAL LIMITED,13.19,13.30,12.64,12.73,12.79,13.12,,12.73,,,3024664,39338231.88,11143,F1,1,,,,,
2026-08-20,2026-08-20,CM,NSE,STK,13501,INE418H01029,ALLCARGO,EQ,,,,,ALLCARGO LOGISTICS LTD,10.15,10.72,10.08,10.51,10.55,10.10,,10.51,,,20811897,218127926.92,21854,F1,1,,,,,
2026-08-20,2026-08-20,CM,NSE,STK,17778,INE0NN701020,ATL,EQ,,,,,ALLCARGO TERMINALS LTD,23.95,24.36,23.56,24.13,24.13,23.48,,24.13,,,189466,4546833.02,955,F1,1,,,,,
2026-08-20,2026-08-20,CM,NSE,STK,11798,INE835G01018,ALLDIGI,EQ,,,,,ALLDIGI TECH LIMITED,819.00,821.25,798.05,802.85,800.00,812.45,,802.96,,,11298,9108881.85,761,F1,1,,,,,
2026-08-20,2026-08-20,CM,NSE,STK,24308,INE552Z01027,ABDL,EQ,,,,,ALLIED BLEND N DISTILS L,600.90,604.45,587.95,595.45,589.80,598.05,,595.53,,,171993,102845801.90,6661,F1,1,,,,,
2026-08-20,2026-08-20,CM,NSE,STK,14813,INE102I01027,ADSL,EQ,,,,,ALLIED DIGITAL SERV. LTD,110.48,111.89,109.03,109.63,110.19,109.39,,109.63,,,85546,9410718.16,1950,F1,1,,,,,
2026-08-20,2026-08-20,CM,NSE,STK,16719,INE326B01035,ALMONDZ,EQ,,,,,ALMONDZ GLOBAL SEC LTD,13.45,13.92,13.45,13.55,13.51,13.72,,13.56,,,122236,1663876.87,332,F1,1,,,,,
2026-08-20,2026-08-20,CM,NSE,STK,17675,INE270A01029,ALOKINDS,EQ,,,,,ALOK INDUSTRIES LIMITED,11.40,11.66,11.40,11.54,11.62,11.38,,11.54,,,3849017,44424250.64,5944,F1,1,,,,,
2026-08-20,2026-08-20,CM,NSE,STK,14848,INE385I01010,ALPA,EQ,,,,,ALPA LABORATORIES LTD,62.00,62.96,62.00,62.10,62.75,61.08,,62.10,,,11084,691632.75,141,F1,1,,,,,
2026-08-20,2026-08-20,CM,NSE,STK,22688,INE0R4701017,ALPEXSOLAR,SM,,,,,ALPEX SOLAR LIMITED,864.90,864.90,824.00,828.95,824.00,857.55,,828.95,,,53500,45046790.00,384,F1,100,,,,,
2026-08-20,2026-08-20,CM,NSE,STK,14601,INE137C01018,ALPHAGEO,BE,,,,,ALPHAGEO (INDIA) LIMITED,359.50,359.50,328.14,328.66,330.00,345.41,,328.48,,,34455,11558182.29,502,F1,1,,,,,
2026-08-20,2026-08-20,CM,NSE,STK,764186,INE1JCQ01037,ALPINETEX,EQ,,,,,ALPINE TEXWORLD LIMITED,58.89,60.72,58.48,59.41,59.00,58.88,,59.44,,,204554,12157081.29,2643,F1,1,,,,,
2026-08-20,2026-08-20,CM,NSE,STK,764578,INE058F01019,ALUFLUOR,EQ,,,,,ALUFLUORIDE LTD.,450.35,452.00,437.90,443.95,441.05,446.60,,443.84,,,4695,2087951.70,142,F1,1,,,,,
2026-08-20,2026-08-20,CM,NSE,STK,23474,INE0STM01017,ALUWIND,SM,,,,,ALUWIND INFRA-TECH LTD,47.00,49.35,46.50,47.20,49.35,48.40,,47.20,,,33000,1564575.00,18,F1,1500,,,,,
2026-08-20,2026-08-20,CM,NSE,STK,760740,INE121R01077,AMAGI,EQ,,,,,AMAGI MEDIA LABS LIMITED,567.25,584.70,560.55,576.45,574.00,555.60,,576.48,,,658241,378486364.20,31587,F1,1,,,,,
2026-08-20,2026-08-20,CM,NSE,STK,764583,INE841D01013,AMAL,EQ,,,,,AMAL LTD.,741.15,822.00,741.00,793.60,798.00,740.15,,792.31,,,36666,29032360.30,1430,F1,1,,,,,
2026-08-20,2026-08-20,CM,NSE,STK,758910,INE084K01015,AMANTA,BE,,,,,AMANTA HEALTHCARE LIMITED,177.63,186.51,171.00,186.51,186.51,177.63,,186.51,,,228371,42064873.58,706,F1,1,,,,,
2026-08-20,2026-08-20,CM,NSE,STK,100,INE885A01032,ARE&M,EQ,,,,,AMARA RAJA ENERGY MOB LTD,933.20,937.80,928.45,930.85,935.00,928.55,,930.81,,,294307,274155650.05,16486,F1,1,,,,,
2026-08-20,2026-08-20,CM,NSE,STK,764588,INE484D01012,AMARJOTHI,EQ,,,,,AMARJOTHI SPINNING MILL L,161.00,166.00,160.00,163.61,162.00,155.16,,163.53,,,2874,466408.61,65,F1,1,,,,,
2026-08-20,2026-08-20,CM,NSE,STK,763256,INE293601014,AMBAAUTO,SM,,,,,AMBA AUTO SALES AND SER L,106.00,107.95,105.20,105.40,107.40,106.00,,105.40,,,55000,5813700.00,17,F1,1000,,,,,
2026-08-20,2026-08-20,CM,NSE,STK,762543,INE432A01017,AMBALALSA,EQ,,,,,AMBALAL SARABHAI ENT L,46.51,49.90,46.51,47.74,48.28,46.32,,47.71,,,245815,11914188.27,2491,F1,1,,,,,
2026-08-20,2026-08-20,CM,NSE,STK,1185,INE371P01015,AMBER,EQ,,,,,AMBER ENTERPRISES (I) LTD,7300.00,7345.00,7243.50,7275.00,7275.00,7250.00,,7275.97,,,181909,1326270709.00,14105,F1,1,,,,,
2026-08-20,2026-08-20,CM,NSE,STK,11496,INE792B01012,AMBICAAGAR,EQ,,,,,AMBICA AGAR & AROMAINDLTD,24.83,25.02,24.34,24.71,24.73,24.83,,24.48,,,3088,75660.08,38,F1,1,,,,,
2026-08-20,2026-08-20,CM,NSE,STK,15234,INE540G01014,AMBIKCO,EQ,,,,,AMBIKA COTTON MILL LTD.,1669.50,1669.50,1629.10,1647.80,1643.50,1648.10,,1647.82,,,16576,27311069.00,1410,F1,1,,,,,
2026-08-20,2026-08-20,CM,NSE,STK,1270,INE079A01024,AMBUJACEM,EQ,,,,,AMBUJA CEMENTS LTD,410.40,414.85,407.45,411.00,411.00,407.50,,411.00,,,3542288,1458241338.85,34385,F1,1,,,,,
2026-08-20,2026-08-20,CM,NSE,STK,14398,INE005I01014,AMDIND,EQ,,,,,AMD INDUSTRIES LIMITED,53.25,55.10,52.06,53.94,54.00,52.69,,53.96,,,25432,1377863.37,213,F1,1,,,,,
2026-08-20,2026-08-20,CM,NSE,STK,10898,INE0KT901015,AMEYA,SM,,,,,AMEYA PRECISION ENG LTD,110.10,110.10,109.50,109.50,109.50,115.00,,109.50,,,4000,439200.00,4,F1,1000,,,,,
2026-08-20,2026-08-20,CM,NSE,STK,19867,INE275D01022,AMNPLST,EQ,,,,,AMINES & PLASTICIZERS LTD,184.67,185.00,173.85,183.04,184.70,181.66,,183.05,,,24752,4450021.15,930,F1,1,,,,,
2026-08-20,2026-08-20,CM,NSE,STK,761670,INE05TO01019,AEROPLANE,EQ,,,,,AMIR CHAND JAG KUM (E) L,180.00,187.60,176.25,182.56,180.00,179.30,,182.56,,,932330,167260874.84,6381,F1,1,,,,,
2026-08-20,2026-08-20,CM,NSE,STK,2598,INE606A01024,AMJLAND,EQ,,,,,AMJ LAND HOLDINGS LIMITED,38.70,39.93,38.52,38.91,39.54,38.66,,38.91,,,18017,706474.33,91,F1,1,,,,,
2026-08-20,2026-08-20,CM,NSE,STK,17547,INE098F01031,AMRUTANJAN,EQ,,,,,AMRUTAJAN HEALTH LTD,498.80,542.40,495.60,521.65,524.00,498.80,,521.66,,,1420386,748172427.35,31060,F1,1,,,,,
2026-08-20,2026-08-20,CM,NSE,STK,759956,INE549H01021,ARSSBL,EQ,,,,,ANAND RATHI SH N STK BR L,502.00,502.15,494.80,497.65,497.20,497.45,,497.65,,,133424,66501243.75,5286,F1,1,,,,,
2026-08-20,2026-08-20,CM,NSE,STK,7145,INE463V01026,ANANDRATHI,EQ,,,,,ANAND RATHI WEALTH LTD,2189.20,2209.20,2165.00,2171.10,2168.90,2189.20,,2171.10,,,130108,284318373.00,13807,F1,1,,,,,
2026-08-20,2026-08-20,CM,NSE,STK,13620,INE242C01024,ANANTRAJ,EQ,,,,,ANANT RAJ LIMITED,633.70,649.00,630.55,633.85,633.00,631.55,,633.86,,,3857969,2466470747.80,59585,F1,1,,,,,
2026-08-20,2026-08-20,CM,NSE,STK,759363,INE1UA823019,ANANTAM,IV,,,,,ANANTAM HIGHWAYS TRUST,105.71,105.71,105.00,105.39,105.04,105.41,,105.39,,,111925,11767245.43,151,F1,1,,,,,
2026-08-20,2026-08-20,CM,NSE,STK,764449,INE1J5V01013,ANAWIL,ST,,,,,ANAWIL WIRE AND ENGIN LTD,429.70,443.00,412.00,443.00,443.00,421.95,,443.00,,,383200,167807120.00,668,F1,400,,,,,
2026-08-20,2026-08-20,CM,NSE,STK,758427,INE0VG001016,AMCL,SM,,,,,ANB METAL CAST LIMITED,380.05,380.05,370.05,370.05,370.05,374.80,,370.05,,,4000,1490700.00,10,F1,400,,,,,
2026-08-20,2026-08-20,CM,NSE,STK,15420,INE666E01020,ACL,EQ,,,,,ANDHRA CEMENTS LIMITED,46.32,46.94,45.60,45.77,45.90,46.08,,45.77,,,12406,569842.44,184,F1,1,,,,,
2026-08-20,2026-08-20,CM,NSE,STK,166,INE435A01051,ANDHRAPAP,EQ,,,,,ANDHRA PAPER LIMITED,61.24,61.24,60.02,60.34,60.75,61.07,,60.34,,,91952,5564410.45,1232,F1,1,,,,,
2026-08-20,2026-08-20,CM,NSE,STK,136,INE715B01021,ANDHRSUGAR,EQ,,,,,ANDHRA SUGARS LTD,100.52,104.84,100.10,102.74,102.94,99.53,,102.74,,,2286211,235032859.61,19867,F1,1,,,,,
2026-08-20,2026-08-20,CM,NSE,STK,5206,INE449C01025,ANDREWYU,EQ,,,,,ANDREW YULE & CO. LTD.,25.75,26.55,25.75,26.12,26.10,26.00,,26.09,,,27201,710005.29,287,F1,1,,,,,
2026-08-20,2026-08-20,CM,NSE,STK,324,INE732I01021,ANGELONE,EQ,,,,,ANGEL ONE LIMITED,290.60,296.30,289.05,289.50,289.50,289.50,,289.50,,,3677395,1076186767.65,48215,F1,1,,,,,
2026-08-20,2026-08-20,CM,NSE,STK,482,INE635Y01015,AISL,SM,,,,,ANI INTEGRATED SERV LTD.,55.10,59.85,55.10,55.10,55.10,58.00,,55.10,,,4800,269340.00,8,F1,600,,,,,
2026-08-20,2026-08-20,CM,NSE,STK,16657,INE087B01017,ANIKINDS,EQ,,,,,ANIK INDUSTRIES LTD,44.15,44.59,44.00,44.00,44.00,44.15,,44.00,,,1605,70728.60,25,F1,1,,,,,
2026-08-20,2026-08-20,CM,NSE,STK,20453,INE071F01012,APCL,EQ,,,,,ANJANI PORTLAND CEM LTD,105.00,106.05,102.25,103.77,102.60,103.07,,103.82,,,3026,315815.73,87,F1,1,,,,,
2026-08-20,2026-08-20,CM,NSE,STK,25878,INE106I01010,ANKITMETAL,BZ,,,,,ANKIT MET & POW LTD,1.57,1.60,1.52,1.57,1.60,1.53,,1.57,,,85916,136687.93,120,F1,1,,,,,
2026-08-20,2026-08-20,CM,NSE,STK,758968,INE0Y8W01025,AHCL,EQ,,,,,ANLON HEALTHCARE LIMITED,14.55,14.60,14.31,14.37,14.37,14.53,,14.37,,,2923088,42184165.26,2175,F1,1,,,,,
2026-08-20,2026-08-20,CM,NSE,STK,13657,INE0LR101013,ANLON,SM,,,,,ANLON TECHNOLOGY SOL LTD,678.35,678.35,673.95,677.95,677.95,657.00,,677.95,,,1600,1082100.00,4,F1,400,,,,,
2026-08-20,2026-08-20,CM,NSE,STK,3727,INE02AR01019,ANMOL,EQ,,,,,ANMOL INDIA LIMITED,9.92,10.20,9.92,10.11,10.11,9.98,,10.09,,,12075,121668.63,98,F1,1,,,,,
2026-08-20,2026-08-20,CM,NSE,STK,764471,INE0MGM01017,ANNAPURNA,EQ,,,,,ANNAPURNA SWADISHT LTD,156.50,162.40,150.10,152.10,152.75,153.35,,152.10,,,53356,8261611.20,601,F1,1,,,,,
2026-08-20,2026-08-20,CM,NSE,STK,758740,INE0VTV01012,ANONDITA,SM,,,,,ANONDITA MEDICARE LIMITED,1065.05,1089.90,1065.00,1075.00,1067.10,1067.75,,1075.00,,,7600,8171190.00,35,F1,200,,,,,
2026-08-20,2026-08-20,CM,NSE,STK,765020,INE030C01015,ANSALBU,EQ,,,,,ANSAL BUILDWELL LTD.,73.00,73.00,73.00,73.00,73.00,73.00,,72.76,,,1,73.00,1,F1,1,,,,,
2026-08-20,2026-08-20,CM,NSE,STK,19677,INE436A01026,ANSALAPI,BZ,,,,,ANSAL PROP & INFRA LTD,3.33,3.39,3.30,3.39,3.39,3.33,,3.39,,,34332,115845.26,39,F1,1,,,,,
2026-08-20,2026-08-20,CM,NSE,STK,5194,INE414B01021,ANTGRAPHIC,EQ,,,,,ANTARCTICA LTD,0.73,0.75,0.70,0.72,0.72,0.73,,0.72,,,221469,159705.08,191,F1,1,,,,,
2026-08-20,2026-08-20,CM,NSE,STK,13598,INE818A01017,ANTELOPUS,EQ,,,,,ANTELOPUS SELAN ENRGY LTD,808.00,809.80,786.60,796.65,795.00,798.35,,796.64,,,129926,103428436.25,5862,F1,1,,,,,
2026-08-20,2026-08-20,CM,NSE,STK,757885,INE0CZ201020,ANTHEM,EQ,,,,,ANTHEM BIOSCIENCES LTD,890.00,890.00,871.85,874.50,874.15,881.90,,874.50,,,286408,251145549.05,16317,F1,1,,,,,
2026-08-20,2026-08-20,CM,NSE,STK,1797,INE01BK01022,AWHCL,EQ,,,,,ANTONY WASTE HDG CELL LTD,381.65,384.45,380.00,381.15,380.00,381.60,,381.13,,,77008,29405554.45,3465,F1,1,,,,,
2026-08-20,2026-08-20,CM,NSE,STK,28314,INE489G01022,ANUHPHR,EQ,,,,,ANUH PHARMA LIMITED,76.86,76.86,75.50,75.91,76.00,75.86,,75.92,,,21955,1670212.34,480,F1,1,,,,,
2026-08-20,2026-08-20,CM,NSE,STK,2829,INE930P01018,ANURAS,EQ,,,,,ANUPAM RASAYAN INDIA LTD,1225.90,1245.00,1224.20,1239.40,1239.00,1225.40,,1239.40,,,341398,421263069.30,6234,F1,1,,,,,
2026-08-20,2026-08-20,CM,NSE,STK,28983,INE0SI601032,ANYA,SM,,,,,ANYA POLYTECH & FERTI LTD,15.00,15.15,14.70,14.70,14.70,15.00,,14.70,,,20000,299000.00,4,F1,5000,,,,,
2026-08-20,2026-08-20,CM,NSE,STK,758904,INF1J2R01114,AONEGOLD,EQ,,,,,AONEAMC - AONEGOLD,14.35,14.65,14.35,14.54,14.51,14.22,,14.54,,,758636,11030241.43,1758,F1,1,,,,,
2026-08-20,2026-08-20,CM,NSE,STK,30472,INF1J2R01056,AONELIQUID,EQ,,,,,AONEAMC - AONELIQUID,1073.35,1073.35,1073.33,1073.33,1073.35,1073.20,,1073.33,,,46734,50161583.10,139,F1,1,,,,,
2026-08-20,2026-08-20,CM,NSE,STK,757096,INF1J2R01064,AONENIFTY,EQ,,,,,AONEAMC - AONENIFTY,10.19,10.19,9.95,10.00,10.03,9.95,,10.00,,,182095,1822828.44,1063,F1,1,,,,,
2026-08-20,2026-08-20,CM,NSE,STK,760193,INF1J2R01171,AONESILVER,EQ,,,,,AONEAMC - AONESILVER,8.89,9.09,8.85,8.97,8.99,8.67,,8.97,,,1051301,9449996.97,1184,F1,1,,,,,
2026-08-20,2026-08-20,CM,NSE,STK,759992,INF1J2R01148,AONETMMQ50,EQ,,,,,AONEAMC - AONETMMQ50,10.37,10.40,10.33,10.35,10.35,10.32,,10.35,,,29615,307180.60,196,F1,1,,,,,
2026-08-20,2026-08-20,CM,NSE,STK,29975,INF1J2R01015,AONETOTAL,EQ,,,,,AONEAMC - AONETOTAL,11.68,12.15,11.68,11.98,11.97,11.92,,11.98,,,102165,1227436.90,1179,F1,1,,,,,
2026-08-20,2026-08-20,CM,NSE,STK,11491,INE372A01015,APARINDS,EQ,,,,,APAR INDUSTRIES LTD.,16730.00,16980.00,16605.00,16784.00,16790.00,16615.00,,16783.43,,,122284,2054658965.00,32273,F1,1,,,,,
2026-08-20,2026-08-20,CM,NSE,STK,154,INE116A01032,APCOTEXIND,EQ,,,,,APCOTEX INDUSTRIES LIMITE,623.95,623.95,607.10,613.65,614.60,620.25,,613.64,,,105837,64908490.65,4368,F1,1,,,,,
2026-08-20,2026-08-20,CM,NSE,STK,27291,INE0T4V01015,APEXECO,ST,,,,,APEX ECOTECH LIMITED,272.00,276.00,265.00,273.00,273.00,270.75,,273.00,,,5600,1521400.00,7,F1,800,,,,,
2026-08-20,2026-08-20,CM,NSE,STK,21623,INE346W01013,APEX,EQ,,,,,APEX FROZEN FOODS LIMITED,401.50,406.90,395.00,398.70,396.00,400.05,,398.87,,,236163,94510182.60,5772,F1,1,,,,,
2026-08-20,2026-08-20,CM,NSE,STK,25780,INE702C01027,APLAPOLLO,EQ,,,,,APL APOLLO TUBES LTD,2132.60,2153.70,2125.00,2140.00,2140.00,2121.80,,2140.02,,,445965,955509907.40,26645,F1,1,,,,,
2026-08-20,2026-08-20,CM,NSE,STK,757178,INE0TLC07085,930APMD27,N0,,,,,APMD 9.30% 2027 STRPP A,77500.00,77500.00,75401.00,75401.00,75401.00,75500.00,,75401.00,,,2,152901.00,2,F1,1,,,,,
2026-08-20,2026-08-20,CM,NSE,STK,757172,INE0TLC07028,930APMD33,N0,,,,,APMD 9.30% 2033 STRPP G,104791.52,106500.00,104791.51,106500.00,106500.00,106150.00,,106500.00,,,130,13631438.78,7,F1,1,,,,,
2026-08-20,2026-08-20,CM,NSE,STK,157,INE437A01024,APOLLOHOSP,EQ,,,,,APOLLO HOSPITALS ENTER. L,8788.00,8788.00,8679.50,8735.00,8735.00,8750.00,,8734.94,,,280417,2443162013.00,38286,F1,1,,,,,
2026-08-20,2026-08-20,CM,NSE,STK,1134,INE713T01028,APOLLO,EQ,,,,,APOLLO MICRO SYSTEMS LTD,388.75,395.90,385.00,386.75,386.30,386.70,,386.75,,,4153259,1621696228.20,37147,F1,1,,,,,
2026-08-20,2026-08-20,CM,NSE,STK,14361,INE126J01016,APOLLOPIPE,EQ,,,,,APOLLO PIPES LIMITED,576.80,606.00,572.70,603.25,601.50,576.45,,603.21,,,913626,539974337.85,21724,F1,1,,,,,
2026-08-20,2026-08-20,CM,NSE,STK,6302,INE451F01024,APOLSINHOT,EQ,,,,,APOLLO SINDOORI HOTEL LTD,1184.00,1234.80,1184.00,1213.30,1218.70,1184.70,,1213.30,,,643,776679.70,97,F1,1,,,,,
2026-08-20,2026-08-20,CM,NSE,STK,163,INE438A01022,APOLLOTYRE,EQ,,,,,APOLLO TYRES LTD,430.00,433.75,428.10,429.30,429.00,427.35,,429.30,,,898970,386398996.65,13652,F1,1,,,,,
2026-08-20,2026-08-20,CM,NSE,STK,764593,INE217S01014,APOORVA,EQ,,,,,APOORVA LEAS F & INV C L,28.05,28.05,26.51,26.51,26.51,27.50,,27.07,,,361,10124.51,7,F1,1,,,,,
2026-08-20,2026-08-20,CM,NSE,STK,24638,INE0LQG01010,APRAMEYA,SM,,,,,APRAMEYA ENGINEERING LTD,129.95,151.30,125.40,149.65,150.00,126.65,,149.65,,,56000,7851800.00,64,F1,500,,,,,
2026-08-20,2026-08-20,CM,NSE,STK,760364,INE0M2307321,915APSBC27,N0,,,,,APSBC 9.15% 2027 STRPP B,100101.00,100101.00,100101.00,100101.00,100101.00,100101.00,,100101.00,,,1,100101.00,1,F1,1,,,,,
2026-08-20,2026-08-20,CM,NSE,STK,760366,INE0M2307370,915APSBC28,N0,,,,,APSBC 9.15% 2028 STRPP C,101000.00,101000.00,101000.00,101000.00,101000.00,101000.00,,101000.00,,,1,101000.00,1,F1,1,,,,,
2026-08-20,2026-08-20,CM,NSE,STK,761435,INE1OOJ01011,APSISAERO,ST,,,,,APSIS AEROCOM LIMITED,530.25,530.25,530.25,530.25,530.25,519.90,,530.25,,,12000,6363000.00,8,F1,1200,,,,,
2026-08-20,2026-08-20,CM,NSE,STK,14074,INE266F01018,APTECHT,BE,,,,,APTECH LIMITED,93.50,94.50,92.00,93.05,93.50,92.85,,93.05,,,50113,4665920.25,374,F1,1,,,,,
2026-08-20,2026-08-20,CM,NSE,STK,5435,INE852O01025,APTUS,EQ,,,,,APTUS VALUE HSG FIN I LTD,254.90,258.30,251.90,253.30,254.95,253.05,,253.30,,,882923,224900461.00,21565,F1,1,,,,,
2026-08-20,2026-08-20,CM,NSE,STK,23365,INE416A01051,AQYLON,EQ,,,,,AQYLON NEXUS LIMITED,24.39,24.80,23.20,24.08,23.90,23.92,,24.08,,,1576557,37869768.66,3365,F1,1,,,,,
2026-08-20,2026-08-20,CM,NSE,STK,19253,INE08NJ01024,ARABIAN,SM,,,,,ARABIAN PETROLEUM LIMITED,87.00,87.00,82.00,84.95,84.95,86.00,,84.95,,,12000,1008100.00,6,F1,2000,,,,,
2026-08-20,2026-08-20,CM,NSE,STK,758670,INE0YDV01010,ARCIIL,SM,,,,,ARC INSULATION & INSU LTD,37.05,37.05,36.40,36.90,36.90,37.00,,36.90,,,5000,183850.00,5,F1,1000,,,,,
2026-08-20,2026-08-20,CM,NSE,STK,12024,INE128X01021,ACI,EQ,,,,,ARCHEAN CHEMICAL IND LTD,509.80,510.95,497.00,499.95,499.70,506.00,,499.98,,,129652,65131431.55,9395,F1,1,,,,,
2026-08-20,2026-08-20,CM,NSE,STK,245,INE0CHO01012,ADL,EQ,,,,,ARCHIDPLY DECOR LIMITED,71.98,71.99,70.00,71.99,71.99,71.98,,71.99,,,2678,189941.19,34,F1,1,,,,,
2026-08-20,2026-08-20,CM,NSE,STK,16795,INE877I01016,ARCHIDPLY,EQ,,,,,ARCHIDPLY IND. LTD,96.10,96.81,94.10,95.42,95.01,96.18,,95.42,,,5998,572823.58,170,F1,1,,,,,
2026-08-20,2026-08-20,CM,NSE,STK,5688,INE731A01020,ARCHIES,EQ,,,,,ARCHIES LTD,13.95,14.18,13.80,13.87,13.89,13.82,,13.86,,,20301,284769.82,95,F1,1,,,,,
2026-08-20,2026-08-20,CM,NSE,STK,764598,INE372M01010,ARCL,EQ,,,,,ARCL ORGANICS LTD.,230.00,230.00,229.84,229.84,229.84,230.99,,230.49,,,50,11492.16,5,F1,1,,,,,
2026-08-20,2026-08-20,CM,NSE,STK,764480,INE0XNF01022,ARDEE,EQ,,,,,ARDEE INDUSTRIES LIMITED,63.68,63.93,60.85,61.48,61.40,63.38,,61.48,,,6709975,414950189.79,23536,F1,1,,,,,
2026-08-20,2026-08-20,CM,NSE,STK,758700,INE784R01023,ARFIN,EQ,,,,,ARFIN INDIA LIMITED,84.38,84.50,81.77,82.71,81.81,83.62,,82.71,,,1207344,100240748.90,4327,F1,1,,,,,
2026-08-20,2026-08-20,CM,NSE,STK,13092,INE0L2Y01011,ARHAM,SM,,,,,ARHAM TECHNOLOGIES LTD,184.90,193.00,181.15,192.65,193.00,183.00,,192.65,,,42000,7884300.00,35,F1,1000,,,,,
2026-08-20,2026-08-20,CM,NSE,STK,15204,INE298I01015,ARIES,EQ,,,,,ARIES AGRO LTD.,442.60,455.00,435.00,435.10,435.25,438.40,,435.10,,,58300,26034127.15,1421,F1,1,,,,,
2026-08-20,2026-08-20,CM,NSE,STK,13340,INE0NCC01015,ARIHANTACA,SM,,,,,ARIHANT ACADEMY LIMITED,465.00,465.00,464.95,465.00,465.00,491.70,,465.00,,,1200,557980.00,3,F1,400,,,,,
2026-08-20,2026-08-20,CM,NSE,STK,3813,INE420B01036,ARIHANTCAP,EQ,,,,,ARIHANT CAPITAL MKTS LTD,78.70,79.79,75.70,75.95,76.14,77.68,,75.95,,,352578,27185998.61,2523,F1,1,,,,,
2026-08-20,2026-08-20,CM,NSE,STK,13885,INE413D01011,ARIHANT,EQ,,,,,ARIHANT FOUN & HOU LTD,1044.90,1054.00,1010.20,1035.40,1017.80,1029.50,,1035.55,,,3381,3501453.40,468,F1,1,,,,,
2026-08-20,2026-08-20,CM,NSE,STK,20159,INE643K01018,ARIHANTSUP,EQ,,,,,ARIHANT SUPERSTRUCT LTD,249.60,253.05,245.10,247.85,246.60,248.40,,247.82,,,6140,1522054.65,211,F1,1,,,,,
2026-08-20,2026-08-20,CM,NSE,STK,757614,INE0H9P01028,ARIS,EQ,,,,,ARISINFRA SOLUTIONS LTD,137.00,141.97,135.50,139.32,139.00,136.00,,139.32,,,1800098,251857645.93,13833,F1,1,,,,,
2026-08-20,2026-08-20,CM,NSE,STK,25398,INE0QRL01017,ARKADE,EQ,,,,,ARKADE DEVELOPERS LIMITED,128.98,131.90,127.68,131.01,130.10,127.65,,131.01,,,954010,123197047.88,5657,F1,1,,,,,
2026-08-20,2026-08-20,CM,NSE,STK,17263,INE109C01017,ARMANFIN,EQ,,,,,ARMAN FIN SERV LTD,1947.00,2018.00,1929.20,1973.10,1980.10,1931.60,,1972.69,,,31187,61785236.80,3416,F1,1,,,,,
2026-08-20,2026-08-20,CM,NSE,STK,760752,INE0TZX01019,ARMOUR,ST,,,,,ARMOUR SECURITY (INDIA) L,18.45,18.45,18.30,18.30,18.30,18.75,,18.30,,,4000,73500.00,2,F1,2000,,,,,
2026-08-20,2026-08-20,CM,NSE,STK,14557,INE210C01013,AROGRANITE,EQ,,,,,ARO GRANITE IND. LTD.,24.90,25.14,24.20,24.80,24.81,24.90,,24.80,,,1444,35813.50,52,F1,1,,,,,
2026-08-20,2026-08-20,CM,NSE,STK,9264,INE570D01018,ARROWGREEN,BE,,,,,ARROW GREENTECH LIMITED,696.00,707.90,678.50,692.35,692.15,714.15,,692.33,,,32473,22312936.55,902,F1,1,,,,,
2026-08-20,2026-08-20,CM,NSE,STK,29015,INE968D01022,ARSHIYA,BZ,,,,,ARSHIYA LIMITED,0.93,0.93,0.88,0.92,0.93,0.91,,0.91,,,303567,276546.28,89,F1,1,,,,,
2026-08-20,2026-08-20,CM,NSE,STK,6156,INE738V01013,ARTNIRMAN,EQ,,,,,ART NIRMAN LIMITED,43.19,43.19,41.16,41.49,41.40,43.19,,41.49,,,573,23851.66,22,F1,1,,,,,
2026-08-20,2026-08-20,CM,NSE,STK,761330,INE757T01025,AEPL,EQ,,,,,ARTEMIS ELECTRICALS & P L,14.75,15.49,14.75,14.99,14.90,14.89,,14.94,,,11451,172424.01,102,F1,1,,,,,
2026-08-20,2026-08-20,CM,NSE,STK,16913,INE025R01021,ARTEMISMED,EQ,,,,,ARTEMIS MED SERVICE LTD,314.15,326.55,312.60,321.30,321.20,313.95,,321.28,,,698991,224335110.60,14627,F1,1,,,,,
2026-08-20,2026-08-20,CM,NSE,STK,756896,INE0TTG01017,ARUNAYA,SM,,,,,ARUNAYA ORGANICS LIMITED,14.40,14.60,14.40,14.60,14.60,14.20,,14.60,,,8000,116000.00,4,F1,2000,,,,,
2026-08-20,2026-08-20,CM,NSE,STK,2814,INE006Z01016,ARVEE,EQ,,,,,ARVEE LABORATORIES I LTD,182.90,182.90,166.41,168.34,168.00,174.39,,168.34,,,1549,264497.23,129,F1,1,,,,,
2026-08-20,2026-08-20,CM,NSE,STK,9111,INE955V01021,ARVINDFASN,EQ,,,,,ARVIND FASHIONS LIMITED,437.40,437.40,425.20,428.30,430.40,429.30,,428.28,,,691657,298500646.20,18521,F1,1,,,,,
2026-08-20,2026-08-20,CM,NSE,STK,193,INE034A01011,ARVIND,EQ,,,,,ARVIND LIMITED,519.90,541.00,519.55,539.00,538.85,516.50,,538.98,,,811042,433911155.60,53005,F1,1,,,,,
2026-08-20,2026-08-20,CM,NSE,STK,19579,INE0P4T01013,ARVINDPORT,SM,,,,,ARVIND PORT AND INFRA LTD,33.05,33.40,31.05,33.15,33.40,34.00,,33.15,,,13500,440550.00,9,F1,1500,,,,,
2026-08-20,2026-08-20,CM,NSE,STK,10457,INE034S01021,ARVSMART,EQ,,,,,ARVIND SMARTSPACES LTD,662.60,671.45,651.55,659.10,661.90,662.60,,658.95,,,60812,40157342.25,3958,F1,1,,,,,
2026-08-20,2026-08-20,CM,NSE,STK,764603,INE032E01017,ARYAMAN,EQ,,,,,ARYAMAN FINANCIAL SERV L,593.00,593.00,570.00,585.00,585.00,587.00,,585.00,,,317,182349.50,20,F1,1,,,,,
2026-08-20,2026-08-20,CM,NSE,STK,5378,INE439A01020,ASAHIINDIA,EQ,,,,,ASAHI INDIA GLASS LIMITED,957.05,960.60,950.00,951.55,950.00,957.05,,951.14,,,97510,93071687.85,7601,F1,1,,,,,
2026-08-20,2026-08-20,CM,NSE,STK,25092,INE228I01012,ASAHISONG,BE,,,,,ASAHI SONGWON COLOR LTD,357.30,366.90,349.00,359.60,363.00,357.30,,360.12,,,5591,2020343.30,133,F1,1,,,,,
2026-08-20,2026-08-20,CM,NSE,STK,24711,INE0LAA01017,ASHALOG,SM,,,,,ASHAPURA LOGISTICS LTD,61.10,62.10,61.10,62.10,62.10,59.30,,62.10,,,3000,184700.00,3,F1,1000,,,,,
2026-08-20,2026-08-20,CM,NSE,STK,203,INE348A01023,ASHAPURMIN,EQ,,,,,ASHAPURA MINECHEM LTD,591.50,609.00,586.55,599.95,600.00,589.65,,599.92,,,437145,261864377.40,17620,F1,1,,,,,
2026-08-20,2026-08-20,CM,NSE,STK,24403,INE365D01021,ASHIANA,EQ,,,,,ASHIANA HOUSING LTD,370.20,372.20,361.85,367.30,363.80,368.25,,367.32,,,26312,9633969.80,1636,F1,1,,,,,
2026-08-20,2026-08-20,CM,NSE,STK,762551,INE094B01013,ASHIKAG,BE,,,,,ASHIKA GLOBAL SEC LTD,430.00,438.00,430.00,432.80,436.80,428.70,,432.90,,,19236,8292936.05,156,F1,1,,,,,
2026-08-20,2026-08-20,CM,NSE,STK,206,INE440A01010,ASHIMASYN,EQ,,,,,ASHIMA LTD,17.23,17.80,17.16,17.49,17.69,17.49,,17.48,,,92075,1615388.77,428,F1,1,,,,,
2026-08-20,2026-08-20,CM,NSE,STK,212,INE208A01029,ASHOKLEY,EQ,,,,,ASHOK LEYLAND LTD,174.70,175.57,172.61,173.80,173.80,173.10,,173.78,,,5408765,941947356.46,32440,F1,1,,,,,
2026-08-20,2026-08-20,CM,NSE,STK,20182,INE442H01029,ASHOKA,EQ,,,,,ASHOKA BUILDCON LTD,112.48,112.95,111.48,112.07,112.15,111.60,,112.08,,,498871,56045580.34,3713,F1,1,,,,,
2026-08-20,2026-08-20,CM,NSE,STK,16943,INE760Y01011,ASHOKAMET,EQ,,,,,ASHOKA METCAST LIMITED,13.52,13.93,13.40,13.82,13.85,13.39,,13.82,,,9081,124846.19,66,F1,1,,,,,
2026-08-20,2026-08-20,CM,NSE,STK,760418,INE1A6Q01010,ASHWINI,SM,,,,,ASHWINI CONTAINER MOVER L,190.00,190.00,183.00,184.50,185.00,190.60,,184.50,,,19000,3525450.00,19,F1,1000,,,,,
2026-08-20,2026-08-20,CM,NSE,STK,7030,INE276G01015,ASIANENE,EQ,,,,,ASIAN ENERGY SERVICES LTD,475.00,490.00,458.05,484.90,481.00,478.75,,484.92,,,863262,407490640.85,19091,F1,1,,,,,
2026-08-20,2026-08-20,CM,NSE,STK,14889,INE022I01019,ASIANTILES,EQ,,,,,ASIAN GRANITO IND. LTD.,46.01,46.50,43.10,45.42,45.55,46.04,,45.42,,,10272558,468459562.71,17772,F1,1,,,,,
2026-08-20,2026-08-20,CM,NSE,STK,19438,INE926K01017,AHLEAST,EQ,,,,,ASIAN HOTELS (EAST) LTD,140.51,143.96,140.51,142.79,142.90,139.73,,143.02,,,67,9589.91,7,F1,1,,,,,
2026-08-20,2026-08-20,CM,NSE,STK,18422,INE363A01022,ASIANHOTNR,EQ,,,,,ASIAN HOTELS (NORTH) LTD,303.05,303.05,292.70,301.70,296.90,297.80,,301.70,,,5106,1529602.50,424,F1,1,,,,,
2026-08-20,2026-08-20,CM,NSE,STK,19370,INE915K01010,AHLWEST,BE,,,,,ASIAN HOTELS (WEST) LTD,562.90,562.90,547.70,548.95,549.00,536.10,,548.95,,,218,120727.75,17,F1,1,,,,,
2026-08-20,2026-08-20,CM,NSE,STK,236,INE021A01026,ASIANPAINT,EQ,,,,,ASIAN PAINTS LIMITED,2635.10,2641.80,2607.00,2625.20,2625.20,2630.80,,2625.18,,,476939,1251558977.00,34147,F1,1,,,,,
2026-08-20,2026-08-20,CM,NSE,STK,762553,INE194D01017,ASTAR,EQ,,,,,ASIAN STAR CO. LTD.,583.05,614.00,583.05,592.35,590.00,583.05,,588.63,,,137,83306.55,12,F1,1,,,,,
2026-08-20,2026-08-20,CM,NSE,STK,765025,INE822B01017,ASIANTNE,EQ,,,,,ASIAN TEA & EXPORTS LTD.,9.49,9.49,9.06,9.42,9.43,9.03,,9.41,,,1174,11068.70,12,F1,1,,,,,
2026-08-20,2026-08-20,CM,NSE,STK,20152,INE491J01022,ASKAUTOLTD,EQ,,,,,ASK AUTOMOTIVE LIMITED,649.10,654.90,635.15,643.85,642.90,646.35,,643.85,,,603855,389697840.20,23150,F1,1,,,,,
2026-08-20,2026-08-20,CM,NSE,STK,17270,INE991I01015,ASPINWALL,EQ,,,,,ASPINWALL & CO LTD,235.00,252.00,235.00,246.55,246.22,235.41,,246.55,,,3430,829944.96,90,F1,1,,,,,
2026-08-20,2026-08-20,CM,NSE,STK,23396,INE0S7801010,ASPIRE,SM,,,,,ASPIRE & INNOVATIVE ADV L,13.90,13.90,13.25,13.25,13.25,13.90,,13.25,,,14000,186800.00,7,F1,2000,,,,,
2026-08-20,2026-08-20,CM,NSE,STK,765237,INE165G01010,ASSAMENT,EQ,,,,,ASSAM ENTRADE LIMITED,847.00,847.00,800.00,800.00,800.00,807.50,,803.75,,,14,11622.00,4,F1,1,,,,,
2026-08-20,2026-08-20,CM,NSE,STK,17598,INE073G01016,ASALCBR,EQ,,,,,ASSO ALCOHOLS & BREW LTD,723.10,729.35,716.55,722.80,728.50,718.15,,722.82,,,15658,11325947.35,1558,F1,1,,,,,
2026-08-20,2026-08-20,CM,NSE,STK,17728,INE563J01010,ASTEC,EQ,,,,,ASTEC LIFESCIENCES LTD,609.95,624.00,598.00,601.80,599.00,603.80,,601.80,,,34498,21033095.05,2521,F1,1,,,,,
2026-08-20,2026-08-20,CM,NSE,STK,1508,INE914M01019,ASTERDM,EQ,,,,,ASTER DM QUALITY CARE LTD,798.35,798.35,756.05,765.65,765.90,800.20,,764.42,,,9884475,7637655742.00,134730,F1,1,,,,,
2026-08-20,2026-08-20,CM,NSE,STK,11618,INE386C01029,ASTRAMICRO,EQ,,,,,ASTRA MICROWAVE LTD,1709.90,1714.70,1677.60,1684.20,1684.00,1701.10,,1684.15,,,313032,529880383.90,24341,F1,1,,,,,
2026-08-20,2026-08-20,CM,NSE,STK,14418,INE006I01046,ASTRAL,EQ,,,,,ASTRAL LIMITED,1550.00,1552.90,1532.00,1532.00,1532.00,1544.90,,1532.04,,,257504,397003184.40,21025,F1,1,,,,,
2026-08-20,2026-08-20,CM,NSE,STK,5610,INE203A01020,ASTRAZEN,EQ,,,,,ASTRAZENECA PHARMA IND LT,7500.50,7620.00,7485.00,7507.00,7500.00,7500.50,,7506.83,,,9211,69501794.00,4024,F1,1,,,,,
2026-08-20,2026-08-20,CM,NSE,STK,764445,INE646X01014,ASTRON,BZ,,,,,ASTRON PAPER BORD MIL LTD,3.20,3.20,3.03,3.10,3.16,3.18,,3.14,,,71813,218141.69,127,F1,1,,,,,
2026-08-20,2026-08-20,CM,NSE,STK,15649,INE0ALR01029,ATALREAL,EQ,,,,,ATAL REALTECH LIMITED,33.38,33.72,32.86,33.45,33.44,33.18,,33.45,,,4701647,156658659.93,3792,F1,1,,,,,
2026-08-20,2026-08-20,CM,NSE,STK,15404,INE09KD01013,ATAM,EQ,,,,,ATAM VALVES LIMITED,60.95,60.95,54.60,55.53,54.75,59.36,,55.53,,,88855,5050371.26,1034,F1,1,,,,,
2026-08-20,2026-08-20,CM,NSE,STK,756405,INE0V0Q01019,ATCENERGY,ST,,,,,ATC ENERGIES SYSTEM LTD,23.10,23.10,23.00,23.00,23.00,23.10,,23.00,,,2400,55320.00,2,F1,1200,,,,,
2026-08-20,2026-08-20,CM,NSE,STK,757645,INE0LEZ01016,ATHERENERG,EQ,,,,,ATHER ENERGY LIMITED,1445.50,1467.00,1421.70,1449.60,1458.00,1438.20,,1449.53,,,1720215,2477384900.10,62790,F1,1,,,,,
2026-08-20,2026-08-20,CM,NSE,STK,760953,IN90NN701011,ATLPP,E1,,,,,ATL RE.0.50 PPD UP,8.68,8.80,8.66,8.80,8.80,8.72,,8.59,,,1526,13378.99,10,F1,1,,,,,
2026-08-20,2026-08-20,CM,NSE,STK,759007,INE0Z4F01028,ATLANTAELE,EQ,,,,,ATLANTA ELECTRICALS LTD,1749.10,1765.00,1682.00,1688.60,1689.00,1716.50,,1688.65,,,98469,168684284.10,10228,F1,1,,,,,
2026-08-20,2026-08-20,CM,NSE,STK,13585,INE285H01022,ATLANTAA,EQ,,,,,ATLANTAA LIMITED,39.98,39.98,38.21,38.57,38.90,38.95,,38.57,,,33042,1290930.69,386,F1,1,,,,,
2026-08-20,2026-08-20,CM,NSE,STK,4568,INE446A01025,ATLASCYCLE,EQ,,,,,ATLAS CYCLE (HARYANA) LTD,99.49,99.49,96.50,97.95,98.00,97.00,,97.95,,,1942,190427.58,76,F1,1,,,,,
2026-08-20,2026-08-20,CM,NSE,STK,22785,INE05DH01017,ATMASTCO,SM,,,,,ATMASTCO LIMITED,141.75,145.00,138.00,140.55,140.00,145.05,,140.55,,,23200,3271840.00,54,F1,400,,,,,
2026-08-20,2026-08-20,CM,NSE,STK,30023,INE951D01028,ATULAUTO,EQ,,,,,ATUL AUTO LIMITED,490.00,495.80,485.10,487.35,487.95,489.10,,487.32,,,64611,31656093.40,2078,F1,1,,,,,
2026-08-20,2026-08-20,CM,NSE,STK,263,INE100A01010,ATUL,EQ,,,,,ATUL LTD,6675.00,6678.00,6491.50,6510.50,6501.50,6596.00,,6511.27,,,22004,144301971.00,6559,F1,1,,,,,
2026-08-20,2026-08-20,CM,NSE,STK,21238,INE949L01017,AUBANK,EQ,,,,,AU SMALL FINANCE BANK LTD,1076.90,1092.50,1076.00,1088.00,1088.00,1075.00,,1087.90,,,3678931,3993144126.40,62852,F1,1,,,,,
2026-08-20,2026-08-20,CM,NSE,STK,12022,INE132H01018,AURIONPRO,EQ,,,,,AURIONPRO SOLN LTD,690.00,706.95,680.15,691.40,690.90,684.45,,691.48,,,203511,141711967.70,12703,F1,1,,,,,
2026-08-20,2026-08-20,CM,NSE,STK,15869,INE0NUL01018,AUROIMPEX,SM,,,,,AURO IMPEX & CHEMICALS L,25.80,25.80,24.00,25.00,25.00,25.00,,25.00,,,4800,119680.00,3,F1,1600,,,,,
2026-08-20,2026-08-20,CM,NSE,STK,275,INE406A01037,AUROPHARMA,EQ,,,,,AUROBINDO PHARMA LTD,1631.00,1635.60,1602.50,1608.00,1608.00,1624.50,,1607.99,,,805856,1301481559.80,22203,F1,1,,,,,
2026-08-20,2026-08-20,CM,NSE,STK,10310,INE898S01029,AURUM,EQ,,,,,AURUM PROPTECH LIMITED,230.00,231.00,228.00,229.80,229.95,229.73,,229.78,,,60637,13921511.47,1361,F1,1,,,,,
2026-08-20,2026-08-20,CM,NSE,STK,31468,INE142K01011,AURUS,EQ,,,,,AURUS GEM CORP LIMITED,4.66,4.78,4.59,4.62,4.62,4.66,,4.62,,,11016,51141.49,125,F1,1,,,,,
2026-08-20,2026-08-20,CM,NSE,STK,4037,INE218C01016,AUSOMENT,EQ,,,,,AUSOM ENTERPRISE LIMITED,147.86,149.00,139.25,145.51,144.00,146.40,,145.21,,,13927,2027016.18,192,F1,1,,,,,
2026-08-20,2026-08-20,CM,NSE,STK,764608,INE759F01012,AUSTENG,EQ,,,,,AUSTIN ENGINEERING CO. L,130.00,133.80,125.02,126.70,129.00,121.30,,127.62,,,3439,441123.75,92,F1,1,,,,,
2026-08-20,2026-08-20,CM,NSE,STK,21451,INE0P0001010,APS,SM,,,,,AUSTRALIAN PREM SOLAR I L,237.05,243.50,234.75,242.25,243.50,235.60,,242.25,,,11750,2813162.50,40,F1,250,,,,,
2026-08-20,2026-08-20,CM,NSE,STK,23553,INE206F01022,AIIL,EQ,,,,,AUTHUM INVEST & INFRA LTD,551.00,553.75,527.25,532.30,535.00,550.50,,532.27,,,966550,518841836.55,22715,F1,1,,,,,
2026-08-20,2026-08-20,CM,NSE,STK,14110,INE718H01014,AUTOIND,BE,,,,,AUTOLINE INDUSTRIES LTD,85.04,89.29,85.00,89.29,89.29,85.04,,89.28,,,265491,23285086.75,1133,F1,1,,,,,
2026-08-20,2026-08-20,CM,NSE,STK,764558,INE451C01013,ACGL,EQ,,,,,AUTOMOBILE CORPN OF GOA L,1792.60,1829.80,1775.00,1802.00,1805.00,1793.00,,1798.23,,,592,1070509.30,109,F1,1,,,,,
2026-08-20,2026-08-20,CM,NSE,STK,278,INE449A01011,AUTOAXLES,EQ,,,,,AUTOMOTIVE AXLES LIMITED,1762.00,1777.90,1750.10,1754.20,1751.10,1759.70,,1754.19,,,5132,9013120.70,728,F1,1,,,,,
2026-08-20,2026-08-20,CM,NSE,STK,10634,INE900C01027,ASAL,EQ,,,,,AUTOMOTIVE STAMPINGS & AS,496.05,512.50,496.05,506.75,506.00,496.25,,506.79,,,36177,18310902.25,1308,F1,1,,,,,
2026-08-20,2026-08-20,CM,NSE,STK,21406,INE349W01017,AVADHSUGAR,EQ,,,,,AVADH SUG & ENERGY LTD,740.00,828.00,740.00,814.70,809.95,743.90,,814.64,,,2072315,1654398597.60,67884,F1,1,,,,,
2026-08-20,2026-08-20,CM,NSE,STK,15058,INE0LCL01028,AVALON,EQ,,,,,AVALON TECHNOLOGIES LTD,2190.00,2351.00,2180.00,2245.50,2252.00,2245.60,,2245.42,,,774181,1768449169.80,58852,F1,1,,,,,
2026-08-20,2026-08-20,CM,NSE,STK,760736,INE1KU201016,AVANA,ST,,,,,AVANA ELECTROSYSTEMS LTD,146.95,147.50,146.95,147.40,147.50,140.50,,147.40,,,24000,3534400.00,11,F1,2000,,,,,
2026-08-20,2026-08-20,CM,NSE,STK,765030,INE758A01072,AVANCE,EQ,,,,,AVANCE TECHNOLOGIES LTD.,0.90,0.91,0.88,0.88,0.89,0.90,,0.88,,,9386636,8401467.25,1331,F1,1,,,,,
2026-08-20,2026-08-20,CM,NSE,STK,24610,INE005B01027,AVANTEL,EQ,,,,,AVANTEL LIMITED,164.80,165.50,162.17,162.96,162.99,163.86,,162.94,,,695753,114095792.28,7007,F1,1,,,,,
2026-08-20,2026-08-20,CM,NSE,STK,7936,INE871C01038,AVANTIFEED,EQ,,,,,AVANTI FEEDS LIMITED,864.10,873.55,854.00,857.15,857.00,860.60,,857.14,,,161293,139268283.80,10917,F1,1,,,,,
2026-08-20,2026-08-20,CM,NSE,STK,20503,INE617I01024,AVATAR,ST,,,,,AVATAR INDUSTRIES LIMITED,239.00,249.95,238.50,248.85,248.85,248.85,,248.85,,,24000,5934100.00,12,F1,2000,,,,,
2026-08-20,2026-08-20,CM,NSE,STK,19913,INE192R01011,DMART,EQ,,,,,AVENUE SUPERMARTS LIMITED,3973.10,4070.00,3955.10,3960.00,3960.00,3965.00,,3960.00,,,399620,1599839075.60,29224,F1,1,,,,,
2026-08-20,2026-08-20,CM,NSE,STK,16249,INE483S01020,CCAVENUE,EQ,,,,,AVENUESAI LIMITED,14.97,15.16,14.90,14.95,14.98,14.89,,14.95,,,6595884,99020341.19,9522,F1,1,,,,,
2026-08-20,2026-08-20,CM,NSE,STK,15638,INE680Z01018,AVG,BE,,,,,AVG LOGISTICS LIMITED,198.99,198.99,190.00,190.57,192.00,196.23,,190.48,,,12322,2363366.71,146,F1,1,,,,,
2026-08-20,2026-08-20,CM,NSE,STK,25520,INE0TFB01017,AVIANSH,SM,,,,,AVI ANSH TEXTILE LIMITED,107.50,107.50,103.00,103.00,103.00,107.00,,103.00,,,2000,210500.00,2,F1,1000,,,,,
2026-08-20,2026-08-20,CM,NSE,STK,755092,INE0V9I01017,AVIENCE,SM,,,,,AVIENCE BIOMEDICALS LTD,239.25,242.90,233.00,240.00,240.00,234.90,,240.00,,,13800,3300420.00,22,F1,600,,,,,
2026-08-20,2026-08-20,CM,NSE,STK,14069,INE855F01042,ASMS,BE,,,,,AVIO SMART MRKT STACK LTD,6.93,7.13,6.93,7.00,7.00,7.03,,7.00,,,133870,935938.69,253,F1,1,,,,,
2026-08-20,2026-08-20,CM,NSE,STK,13557,INE323B01024,AVONMORE,EQ,,,,,AVONMORE CAP&MGT SERV LTD,13.29,13.90,13.14,13.30,13.24,13.03,,13.30,,,411628,5574375.27,741,F1,1,,,,,
2026-08-20,2026-08-20,CM,NSE,STK,23159,INE0R9401019,AVPINFRA,SM,,,,,AVP INFRACON LIMITED,58.05,59.90,56.40,57.45,58.00,58.90,,57.45,,,146400,8433840.00,95,F1,800,,,,,
2026-08-20,2026-08-20,CM,NSE,STK,8827,INE652Z01025,AVROIND,EQ,,,,,AVRO INDIA LIMITED,9.24,9.50,9.11,9.38,9.30,9.54,,9.45,,,295543,2762185.63,928,F1,1,,,,,
2026-08-20,2026-08-20,CM,NSE,STK,14008,INE488D01021,AVTNPL,EQ,,,,,AVT NATURAL PRODUCTS LTD,86.97,90.00,85.23,88.47,88.70,86.59,,88.46,,,379961,33263944.97,4233,F1,1,,,,,
2026-08-20,2026-08-20,CM,NSE,STK,23864,INE108V01019,AWFIS,EQ,,,,,AWFIS SPACE SOLUTIONS LTD,267.00,268.00,262.00,263.00,262.95,266.45,,263.01,,,149898,39586533.45,5248,F1,1,,,,,
2026-08-20,2026-08-20,CM,NSE,STK,8110,INE699H01024,AWL,EQ,,,,,AWL AGRI BUSINESS LIMITED,189.18,191.73,187.87,188.64,188.38,188.72,,188.64,,,2996778,567876505.79,34440,F1,1,,,,,
2026-08-20,2026-08-20,CM,NSE,STK,5900,INE238A01034,AXISBANK,EQ,,,,,AXIS BANK LIMITED,1237.50,1253.90,1236.20,1251.00,1251.00,1235.00,,1250.86,,,4163816,5199229796.80,101359,F1,1,,,,,
2026-08-20,2026-08-20,CM,NSE,STK,1044,INF846K01X63,BNKETFAXIS,EQ,,,,,AXISAMC-BNKETFAXIS,591.94,596.56,591.94,593.46,593.46,591.94,,593.46,,,74,43957.69,23,F1,1,,,,,
2026-08-20,2026-08-20,CM,NSE,STK,5732,INF846K016C7,CONSUMAXIS,EQ,,,,,AXISAMC-CONSUMAXIS,124.16,124.79,124.16,124.39,124.28,125.91,,124.39,,,775,96404.73,33,F1,1,,,,,
2026-08-20,2026-08-20,CM,NSE,STK,20532,INF846K01W80,GOLDAXIS,EQ,,,,,AXISAMC-GOLDAXIS,129.79,130.40,128.91,129.78,129.77,126.63,,129.78,,,4551401,590547756.28,5320,F1,1,,,,,
2026-08-20,2026-08-20,CM,NSE,STK,3608,INF846K01Z12,HEALTHAXIS,EQ,,,,,AXISAMC-HEALTHAXIS,167.77,178.00,167.04,168.91,168.00,166.94,,168.89,,,2461,413327.90,67,F1,1,,,,,
2026-08-20,2026-08-20,CM,NSE,STK,3010,INF846K01Y96,ITAXIS,EQ,,,,,AXISAMC-ITAXIS,339.33,341.55,335.00,335.63,335.01,335.05,,335.61,,,2617,885434.37,75,F1,1,,,,,
2026-08-20,2026-08-20,CM,NSE,STK,21252,INF846K01W98,NIFTYAXIS,EQ,,,,,AXISAMC-NIFTYAXIS,269.65,269.65,267.55,268.74,268.14,266.67,,268.74,,,385926,103708033.33,171,F1,1,,,,,
2026-08-20,2026-08-20,CM,NSE,STK,14742,INF846K010Q0,SENSEXAXIS,EQ,,,,,AXISAMC-SENSEXAXIS,81.00,83.00,80.25,80.56,80.29,79.69,,80.54,,,1451,116927.18,66,F1,1,,,,,
2026-08-20,2026-08-20,CM,NSE,STK,11193,INF846K011K1,SILVERAXIS,EQ,,,,,AXISAMC-SILVERAXIS,230.66,235.61,230.66,233.96,233.85,225.02,,233.96,,,306425,71862008.90,6523,F1,1,,,,,
2026-08-20,2026-08-20,CM,NSE,STK,30155,INF846KA1119,VALUEAXIS,EQ,,,,,AXISAMC-VALUEAXIS,33.41,33.41,32.50,32.57,32.50,32.60,,32.57,,,56022,1831911.20,308,F1,1,,,,,
2026-08-20,2026-08-20,CM,NSE,STK,9436,INE555B01013,AXISCADES,EQ,,,,,AXISCADES TECH LTD,1600.00,1615.20,1590.10,1600.60,1600.10,1592.80,,1600.60,,,99558,159405511.70,7670,F1,1,,,,,
2026-08-20,2026-08-20,CM,NSE,STK,9902,INE02EZ01022,AXITA,EQ,,,,,AXITA COTTON LIMITED,7.36,7.48,7.24,7.30,7.31,7.27,,7.30,,,566049,4135855.07,1013,F1,1,,,,,
2026-08-20,2026-08-20,CM,NSE,STK,764613,INE767C01012,AXTEL,EQ,,,,,AXTEL INDUSTRIES LTD.,406.60,410.00,400.00,404.10,404.25,406.60,,404.08,,,5087,2052823.65,159,F1,1,,,,,
2026-08-20,2026-08-20,CM,NSE,STK,760981,INE501X01029,AYE,EQ,,,,,AYE FINANCE LIMITED,170.00,173.70,169.00,169.69,170.00,170.34,,169.69,,,252600,43118350.18,4315,F1,1,,,,,
2026-08-20,2026-08-20,CM,NSE,STK,10285,INE193B01039,AYMSYNTEX,EQ,,,,,AYM SYNTEX LIMITED,268.95,271.35,261.10,262.50,263.70,265.20,,262.50,,,29461,7829427.05,832,F1,1,,,,,
2026-08-20,2026-08-20,CM,NSE,STK,20905,INE02IJ01035,AZAD,EQ,,,,,AZAD ENGINEERING LIMITED,2850.00,2878.90,2756.00,2766.60,2771.00,2828.40,,2766.49,,,381785,1067955058.30,26418,F1,1,,,,,
2026-08-20,2026-08-20,CM,NSE,STK,765035,INE566M01017,AZADIND,EQ,,,,,AZAD INDIA MOBILITY LTD.,92.00,93.55,88.60,89.76,89.00,91.74,,89.85,,,17242,1571133.61,222,F1,1,,,,,
2026-08-20,2026-08-20,CM,NSE,STK,762616,INE489D01011,BNALTD,BE,,,,,B & A LTD.,413.90,413.90,394.00,395.00,395.00,414.40,,397.50,,,129,51453.10,6,F1,1,,,,,
2026-08-20,2026-08-20,CM,NSE,STK,12153,INE01EE01011,BBTCL,EQ,,,,,B&B TRIPLEWALL CONT LTD,253.00,253.00,246.04,248.14,248.30,246.04,,248.03,,,24304,6049440.05,641,F1,1,,,,,
2026-08-20,2026-08-20,CM,NSE,STK,11226,INE116D01028,BAGFILMS,EQ,,,,,B.A.G FILMS AND MEDIA LTD,4.43,4.48,4.33,4.38,4.38,4.43,,4.38,,,51275,224755.66,150,F1,1,,,,,
2026-08-20,2026-08-20,CM,NSE,STK,759420,INE17CQ01015,BAGDIGITAL,SM,,,,,B.A.G.CONVERGENCE LIMITED,105.25,106.00,105.15,105.30,105.15,105.90,,105.30,,,9600,1011920.00,6,F1,1600,,,,,
2026-08-20,2026-08-20,CM,NSE,STK,13290,INE350H01032,BLKASHYAP,EQ,,,,,B.L.KASHYAP & SON LTD,52.29,54.89,52.06,53.98,54.10,52.04,,53.98,,,1719375,91850830.55,3938,F1,1,,,,,
2026-08-20,2026-08-20,CM,NSE,STK,25114,INE01FR01028,STYLEBAAZA,EQ,,,,,BAAZAR STYLE RETAIL LTD,431.05,443.85,426.10,439.60,441.00,422.75,,439.65,,,3975364,1733290133.35,34250,F1,1,,,,,
2026-08-20,2026-08-20,CM,NSE,STK,20141,INE0QW501012,BABAFP,SM,,,,,BABA FOOD PROCESSING,23.00,23.00,22.00,22.25,22.00,22.10,,22.25,,,6400,142400.00,4,F1,1600,,,,,
2026-08-20,2026-08-20,CM,NSE,STK,17735,INE878I01022,BAFNAPH,BE,,,,,BAFNA PHARMACEUTICALS LTD,237.70,237.70,237.70,237.70,237.70,242.55,,239.95,,,3210,763017.00,40,F1,1,,,,,
2026-08-20,2026-08-20,CM,NSE,STK,763363,INE2OVN25015,BAGMANE,RR,,,,,BAGMANE PRIME OFFICE REIT,107.75,107.75,106.89,107.04,107.05,107.28,,107.04,,,480990,51490582.44,9075,F1,1,,,,,
2026-08-20,2026-08-20,CM,NSE,STK,12989,INE029Q01017,BAHETI,SM,,,,,BAHETI RECYCLING IND LTD,802.00,809.90,790.00,801.20,801.95,800.60,,801.20,,,18375,14741550.00,35,F1,375,,,,,
2026-08-20,2026-08-20,CM,NSE,STK,13794,INE020D01022,BAIDFIN,EQ,,,,,BAID FINSERV LIMITED,9.69,10.00,9.63,9.76,9.87,9.69,,9.76,,,47142,463120.83,197,F1,1,,,,,
2026-08-20,2026-08-20,CM,NSE,STK,16669,INE917I01010,BAJAJ-AUTO,EQ,,,,,BAJAJ AUTO LIMITED,11700.00,11793.00,11620.00,11793.00,11793.00,11645.00,,11789.84,,,151383,1771570176.00,22938,F1,1,,,,,
2026-08-20,2026-08-20,CM,NSE,STK,19531,INE933K01021,BAJAJCON,EQ,,,,,BAJAJ CONSUMER CARE LTD,501.00,502.00,485.00,486.95,487.90,500.70,,486.97,,,387003,190472143.55,17243,F1,1,,,,,
2026-08-20,2026-08-20,CM,NSE,STK,15034,INE193E01025,BAJAJELEC,EQ,,,,,BAJAJ ELECT.LTD,353.80,357.90,352.50,354.35,353.80,353.55,,354.28,,,108217,38387291.60,3751,F1,1,,,,,
2026-08-20,2026-08-20,CM,NSE,STK,317,INE296A01032,BAJFINANCE,EQ,,,,,BAJAJ FINANCE LIMITED,1089.70,1102.30,1086.30,1095.00,1095.00,1080.20,,1095.00,,,6741475,7393630932.50,187033,F1,1,,,,,
2026-08-20,2026-08-20,CM,NSE,STK,16675,INE918I01026,BAJAJFINSV,EQ,,,,,BAJAJ FINSERV LTD.,2020.00,2030.10,2013.00,2016.00,2016.00,2012.00,,2016.01,,,417675,843220200.30,38278,F1,1,,,,,
2026-08-20,2026-08-20,CM,NSE,STK,6863,INE411U01027,BAJAJHCARE,EQ,,,,,BAJAJ HEALTHCARE LIMITED,320.00,328.00,320.00,325.95,325.70,319.25,,325.96,,,72801,23667029.20,2297,F1,1,,,,,
2026-08-20,2026-08-20,CM,NSE,STK,308,INE306A01021,BAJAJHIND,EQ,,,,,BAJAJ HINDUSTHAN SUGAR LT,20.74,23.98,20.59,23.33,23.76,20.38,,23.33,,,256556792,5728018373.88,337379,F1,1,,,,,
2026-08-20,2026-08-20,CM,NSE,STK,305,INE118A01012,BAJAJHLDNG,EQ,,,,,BAJAJ HOLDINGS & INVS LTD,11380.00,11423.00,11303.00,11368.00,11368.00,11380.00,,11368.00,,,26558,301778102.00,7176,F1,1,,,,,
2026-08-20,2026-08-20,CM,NSE,STK,25270,INE377Y01014,BAJAJHFL,EQ,,,,,BAJAJ HOUSING FINANCE LTD,86.00,86.82,85.32,85.59,85.66,85.01,,85.59,,,5039653,434242733.46,31244,F1,1,,,,,
2026-08-20,2026-08-20,CM,NSE,STK,762563,INE704G01024,BAJAJST,EQ,,,,,BAJAJ STEEL INDS. LTD.,359.95,360.00,348.00,349.55,353.00,355.95,,349.66,,,24607,8634989.95,1124,F1,1,,,,,
2026-08-20,2026-08-20,CM,NSE,STK,20531,INE0KQN01018,BAJEL,EQ,,,,,BAJEL PROJECTS LIMITED,181.20,185.90,179.41,180.58,181.00,180.22,,180.58,,,160272,29164662.16,3249,F1,1,,,,,
2026-08-20,2026-08-20,CM,NSE,STK,13441,INE083D01012,BALPHARMA,EQ,,,,,BAL PHARMA LTD.,85.15,87.74,85.14,86.66,85.91,84.82,,86.54,,,10705,922764.00,299,F1,1,,,,,
2026-08-20,2026-08-20,CM,NSE,STK,14501,INE050E01027,BALAMINES,EQ,,,,,BALAJI AMINES LIMITED,2100.00,2121.60,2050.10,2078.90,2074.90,2092.70,,2078.71,,,76918,161047568.90,7938,F1,1,,,,,
2026-08-20,2026-08-20,CM,NSE,STK,30030,INE0PQ601019,BALAJIPHOS,SM,,,,,BALAJI PHOSPHATES LIMITED,89.10,89.10,89.10,89.10,89.10,89.05,,89.10,,,1000,89100.00,1,F1,1000,,,,,
2026-08-20,2026-08-20,CM,NSE,STK,9158,INE794B01026,BALAJITELE,EQ,,,,,BALAJI TELEFILMS LIMITED.,92.00,93.65,90.35,91.47,90.65,91.46,,91.47,,,141831,13105993.88,1251,F1,1,,,,,
2026-08-20,2026-08-20,CM,NSE,STK,11309,INE618N01022,BALAXI,EQ,,,,,BALAXI PHARMA LTD,24.20,24.20,21.50,22.30,22.39,23.79,,22.30,,,139295,3175208.07,603,F1,1,,,,,
2026-08-20,2026-08-20,CM,NSE,STK,335,INE787D01026,BALKRISIND,EQ,,,,,BALKRISHNA IND. LTD,2366.50,2393.40,2345.90,2378.00,2380.10,2366.40,,2377.94,,,105038,248702209.30,18838,F1,1,,,,,
2026-08-20,2026-08-20,CM,NSE,STK,10181,INE875R01011,BALKRISHNA,EQ,,,,,BALKRISHNA PAPER MILLS L,17.48,17.50,17.25,17.30,17.30,17.23,,17.30,,,7409,129194.61,56,F1,1,,,,,
2026-08-20,2026-08-20,CM,NSE,STK,338,INE164A01016,BALMLAWRIE,EQ,,,,,BALMER LAWRIE & CO LTD,173.61,174.69,173.02,174.00,173.90,173.61,,173.99,,,93408,16230589.11,1955,F1,1,,,,,
2026-08-20,2026-08-20,CM,NSE,STK,762603,INE525F01025,BLIL,EQ,,,,,BALMER LAWRIE INVSTS. L,71.58,71.60,70.61,71.44,71.58,71.14,,71.43,,,48538,3460667.98,965,F1,1,,,,,
2026-08-20,2026-08-20,CM,NSE,STK,341,INE119A01028,BALRAMCHIN,EQ,,,,,BALRAMPUR CHINI MILLS LTD,658.25,780.95,655.05,767.10,778.00,650.80,,767.08,,,33514941,24705211826.35,457880,F1,1,,,,,
2026-08-20,2026-08-20,CM,NSE,STK,23607,INE011E01029,BALUFORGE,EQ,,,,,BALU FORGE INDUSTRIES LTD,540.15,554.50,531.15,546.75,548.00,537.50,,546.68,,,1416472,770743325.35,28488,F1,1,,,,,
2026-08-20,2026-08-20,CM,NSE,STK,347,INE655B01011,BANARBEADS,EQ,,,,,BANARAS BEADS LTD,112.45,114.01,112.45,114.00,114.00,112.41,,114.00,,,822,93369.85,22,F1,1,,,,,
2026-08-20,2026-08-20,CM,NSE,STK,13880,INE213C01025,BANCOINDIA,EQ,,,,,BANCO PRODUCTS (I) LTD,625.00,632.85,621.00,625.45,627.00,622.75,,625.47,,,95250,59754469.35,7614,F1,1,,,,,
2026-08-20,2026-08-20,CM,NSE,STK,2263,INE545U01014,BANDHANBNK,EQ,,,,,BANDHAN BANK LIMITED,170.10,175.95,170.10,174.16,174.16,169.20,,174.16,,,8020125,1399534971.87,39900,F1,1,,,,,
2026-08-20,2026-08-20,CM,NSE,STK,760325,INF194KB1KJ7,GOLDBND,EQ,,,,,BANDHANAMC - GOLDBND,153.51,156.45,152.05,155.49,155.00,151.78,,155.49,,,94606,14705993.87,723,F1,1,,,,,
2026-08-20,2026-08-20,CM,NSE,STK,18783,INF194KA1U07,IDFNIFTYET,EQ,,,,,BANDHANAMC - IDFNIFTYET,271.89,271.89,267.04,268.98,270.00,268.75,,268.98,,,2056,550592.68,44,F1,1,,,,,
2026-08-20,2026-08-20,CM,NSE,STK,760328,INF194KB1KI9,SILVERBND,EQ,,,,,BANDHANAMC - SILVERBND,235.12,238.00,235.12,235.88,235.42,227.39,,235.80,,,50646,11977544.74,301,F1,1,,,,,
2026-08-20,2026-08-20,CM,NSE,STK,15303,INE863I01016,BANG,EQ,,,,,BANG OVERSEAS LTD.,29.01,29.55,28.50,28.65,29.29,29.06,,28.65,,,8114,234757.83,75,F1,1,,,,,
2026-08-20,2026-08-20,CM,NSE,STK,4668,INE028A01039,BANKBARODA,EQ,,,,,BANK OF BARODA,246.50,247.15,244.25,244.50,244.50,245.00,,244.47,,,5598278,1375896771.66,34292,F1,1,,,,,
2026-08-20,2026-08-20,CM,NSE,STK,4745,INE084A01016,BANKINDIA,EQ,,,,,BANK OF INDIA,142.70,143.70,141.97,142.80,142.80,141.70,,142.80,,,6127372,874611763.68,29663,F1,1,,,,,
2026-08-20,2026-08-20,CM,NSE,STK,11377,INE457A01014,MAHABANK,EQ,,,,,BANK OF MAHARASHTRA,80.50,81.85,79.99,80.28,80.44,79.82,,80.28,,,10855447,878814779.16,52295,F1,1,,,,,
2026-08-20,2026-08-20,CM,NSE,STK,822,INE862Y01015,BANKA,EQ,,,,,BANKA BIOLOO LIMITED,78.40,79.89,77.25,79.30,79.30,78.40,,79.30,,,4055,321765.81,44,F1,1,,,,,
2026-08-20,2026-08-20,CM,NSE,STK,12037,INE186H01022,BASML,BE,,,,,BANNARI AM SPIN MILL LTD.,25.48,25.48,24.80,24.90,25.15,24.76,,24.90,,,24116,605686.97,103,F1,1,,,,,
2026-08-20,2026-08-20,CM,NSE,STK,350,INE459A01010,BANARISUG,EQ,,,,,BANNARI AMMAN SUGARS LTD,3635.00,4338.00,3635.00,4240.70,4142.50,3617.40,,4240.57,,,71353,295707720.90,7241,F1,1,,,,,
2026-08-20,2026-08-20,CM,NSE,STK,24386,INE0B9K01025,BANSALWIRE,EQ,,,,,BANSAL WIRE INDUSTRIES L,323.05,325.00,319.15,322.75,324.10,322.85,,322.75,,,66027,21236925.50,3136,F1,1,,,,,
2026-08-20,2026-08-20,CM,NSE,STK,14511,INE629D01020,BANSWRAS,EQ,,,,,BANSWARA SYNTEX LIMITED,118.00,122.00,116.51,120.34,120.40,115.45,,120.34,,,56499,6765101.80,1138,F1,1,,,,,
2026-08-20,2026-08-20,CM,NSE,STK,15073,INE139I01011,BVCL,EQ,,,,,BARAK VALLEY CEM. LTD.,40.42,42.50,40.42,41.77,41.42,40.41,,41.77,,,17434,723662.51,131,F1,1,,,,,
2026-08-20,2026-08-20,CM,NSE,STK,29176,INE0QX401014,BARFLEX,SM,,,,,BARFLEX POLYFILMS LIMITED,59.50,60.00,59.00,60.00,60.00,57.10,,60.00,,,14000,836200.00,7,F1,2000,,,,,
2026-08-20,2026-08-20,CM,NSE,STK,24117,INF251K01TL6,BBNPNBETF,EQ,,,,,BARODABNP - BBNPNBETF,57.98,58.34,57.81,57.81,57.81,57.40,,57.81,,,546,31657.80,25,F1,1,,,,,
2026-08-20,2026-08-20,CM,NSE,STK,20547,INF251K01SU9,BBNPPGOLD,EQ,,,,,BARODABNP - BBNPPGOLD,151.00,151.95,149.05,150.95,150.30,146.95,,150.95,,,6988,1054256.30,122,F1,1,,,,,
2026-08-20,2026-08-20,CM,NSE,STK,368,INE373A01013,BASF,EQ,,,,,BASF INDIA LTD,3959.00,3974.00,3840.00,3856.20,3856.00,3930.00,,3856.22,,,24285,94627797.20,5419,F1,1,,,,,
2026-08-20,2026-08-20,CM,NSE,STK,18442,INE0OCC01013,BASILIC,SM,,,,,BASILIC FLY STUDIO LTD,189.95,191.90,182.30,189.90,188.10,188.20,,189.90,,,55800,10566840.00,76,F1,300,,,,,
2026-08-20,2026-08-20,CM,NSE,STK,371,INE176A01028,BATAINDIA,EQ,,,,,BATA INDIA LTD,721.95,726.85,707.60,711.20,710.35,721.30,,711.12,,,295367,211212958.30,10610,F1,1,,,,,
2026-08-20,2026-08-20,CM,NSE,STK,762568,INE177C01022,BATLIBOI,EQ,,,,,BATLIBOI LTD.,86.55,87.09,84.01,84.81,84.95,85.53,,84.74,,,32818,2799096.19,1260,F1,1,,,,,
2026-08-20,2026-08-20,CM,NSE,STK,22574,INE0JFJ01011,BAWEJA,ST,,,,,BAWEJA STUDIOS LIMITED,22.15,23.25,21.70,23.20,23.20,22.25,,23.20,,,12800,288840.00,15,F1,800,,,,,
2026-08-20,2026-08-20,CM,NSE,STK,17927,INE462A01022,BAYERCROP,EQ,,,,,BAYER CROPSCIENCE LTD,4099.00,4099.40,4059.00,4066.80,4079.00,4069.90,,4066.83,,,12419,50587703.20,2417,F1,1,,,,,
2026-08-20,2026-08-20,CM,NSE,STK,2513,INE412G01024,BCLIND,EQ,,,,,BCL INDUSTRIES LIMITED,36.20,37.55,35.76,37.19,37.08,35.82,,37.21,,,1176947,43416149.97,4962,F1,1,,,,,
2026-08-20,2026-08-20,CM,NSE,STK,761494,INE00SW01015,BCPL,EQ,,,,,BCPL RAILWAY INFRA LTD,69.52,71.00,69.52,70.71,70.07,69.52,,70.62,,,6615,465899.62,130,F1,1,,,,,
2026-08-20,2026-08-20,CM,NSE,STK,23922,INE639X01027,BEACON,SM,,,,,BEACON TRUSTEESHIP LTD,85.15,86.50,85.15,86.50,86.50,85.90,,86.50,,,2000,171650.00,2,F1,1000,,,,,
2026-08-20,2026-08-20,CM,NSE,STK,17933,INE520H01022,BEARDSELL,EQ,,,,,BEARDSELL LIMITED,25.20,26.90,25.20,25.76,25.55,25.05,,25.76,,,19842,517588.61,352,F1,1,,,,,
2026-08-20,2026-08-20,CM,NSE,STK,20196,INE844K01012,BEDMUTHA,EQ,,,,,BEDMUTHA INDUST LTD,112.14,113.87,108.00,108.96,108.55,112.05,,109.14,,,5429,592742.42,87,F1,1,,,,,
2026-08-20,2026-08-20,CM,NSE,STK,762573,INE213D01015,BEEKAY,EQ,,,,,BEEKAY STEEL INDS. LTD.,425.20,435.00,423.10,423.25,423.25,427.30,,427.09,,,1734,741686.15,110,F1,1,,,,,
2026-08-20,2026-08-20,CM,NSE,STK,765291,INE1EEM01017,BLEL,EQ,,,,,BEHARI LAL ENGINEERING L,525.10,548.00,497.20,504.25,506.00,502.20,,504.23,,,23599466,12542710752.40,317269,F1,1,,,,,
2026-08-20,2026-08-20,CM,NSE,STK,757938,INE344T01014,BELLACASA,EQ,,,,,BELLA CASA FASH AND RET L,227.50,227.50,223.00,224.48,224.50,223.98,,224.48,,,5014,1127757.28,221,F1,1,,,,,
2026-08-20,2026-08-20,CM,NSE,STK,757102,INE894V01022,BELRISE,EQ,,,,,BELRISE INDUSTRIES LTD,234.01,241.12,232.50,234.08,234.40,233.01,,234.09,,,4779128,1135321869.65,66647,F1,1,,,,,
2026-08-20,2026-08-20,CM,NSE,STK,15067,INE0N7W01012,BLAL,EQ,,,,,BEML LAND ASSETS LIMITED,170.98,171.28,169.01,169.63,169.60,168.45,,169.63,,,7942,1350120.63,338,F1,1,,,,,
2026-08-20,2026-08-20,CM,NSE,STK,395,INE258A01024,BEML,EQ,,,,,BEML LIMITED,1977.00,1977.00,1950.00,1962.80,1959.10,1966.90,,1962.81,,,232167,455287229.40,16732,F1,1,,,,,
2026-08-20,2026-08-20,CM,NSE,STK,764618,INE664D01019,BENARAS,EQ,,,,,BENARES HOTELS LTD.,10200.00,10250.00,10200.00,10200.00,10200.00,10189.00,,10200.00,,,86,878124.00,29,F1,1,,,,,
2026-08-20,2026-08-20,CM,NSE,STK,762578,INE083K01017,BENGALASM,EQ,,,,,BENGAL & ASSAM CO. LTD.,6201.00,6289.50,6120.00,6201.00,6200.00,6201.50,,6201.00,,,218,1349642.00,46,F1,1,,,,,
2026-08-20,2026-08-20,CM,NSE,STK,404,INE463A01038,BERGEPAINT,EQ,,,,,BERGER PAINTS (I) LTD,536.90,539.55,525.00,528.55,525.00,535.90,,528.54,,,291505,154567429.50,15041,F1,1,,,,,
2026-08-20,2026-08-20,CM,NSE,STK,2306,INE052T01021,BESTAGRO,EQ,,,,,BEST AGROLIFE LIMITED,18.24,18.50,18.00,18.12,18.08,18.31,,18.12,,,654452,11879758.40,1966,F1,1,,,,,
2026-08-20,2026-08-20,CM,NSE,STK,759842,INE351Y01019,BETA,EQ,,,,,BETA DRUGS LIMITED,2446.00,2446.00,2270.00,2295.00,2305.00,2399.20,,2295.00,,,34219,79669077.30,4505,F1,1,,,,,
2026-08-20,2026-08-20,CM,NSE,STK,5662,INE0HQI01014,BEWLTD,SM,,,,,BEW ENGINEERING LIMITED,52.30,55.00,47.95,49.95,50.00,51.40,,49.95,,,41000,2075625.00,66,F1,500,,,,,
2026-08-20,2026-08-20,CM,NSE,STK,21113,INE878K01010,BFINVEST,EQ,,,,,BF INVESTMENT LIMITED,449.90,454.40,449.90,451.50,450.55,447.15,,451.53,,,18997,8588291.15,1063,F1,1,,,,,
2026-08-20,2026-08-20,CM,NSE,STK,14567,INE243D01012,BFUTILITIE,EQ,,,,,BF UTILITIES LIMITED,536.00,540.05,525.50,528.45,528.50,530.65,,528.52,,,18949,10096585.05,1199,F1,1,,,,,
2026-08-20,2026-08-20,CM,NSE,STK,764183,INF0QA701CI0,BANK10BETF,EQ,,,,,BFAM - BANK10BETF,20.76,20.88,20.76,20.86,20.86,20.62,,21.00,,,1249,25957.61,11,F1,1,,,,,
2026-08-20,2026-08-20,CM,NSE,STK,21986,INF0QA701714,BANKBETF,EQ,,,,,BFAM - BANKBETF,58.98,58.98,58.43,58.45,58.45,58.17,,58.48,,,6227,364806.70,171,F1,1,,,,,
2026-08-20,2026-08-20,CM,NSE,STK,23915,INF0QA701854,LIQUIDBETF,EQ,,,,,BFAM - LIQUIDBETF,1095.34,1095.35,1095.33,1095.34,1095.35,1095.20,,1095.34,,,402825,441230300.54,119,F1,1,,,,,
2026-08-20,2026-08-20,CM,NSE,STK,21959,INF0QA701722,NIFTYBETF,EQ,,,,,BFAM - NIFTYBETF,248.85,250.58,248.82,249.27,249.21,248.28,,249.07,,,897,223716.59,64,F1,1,,,,,
2026-08-20,2026-08-20,CM,NSE,STK,15193,INE661I01014,BGRENERGY,BE,,,,,BGR ENERGY SYSTEMS LTD,245.05,255.00,241.55,243.65,243.95,246.55,,243.73,,,27978,6881851.45,402,F1,1,,,,,
2026-08-20,2026-08-20,CM,NSE,STK,758228,INE0ZRC01017,BHADORA,ST,,,,,BHADORA INDUSTRIES LTD,118.05,118.05,118.05,118.05,118.05,112.45,,118.05,,,21600,2549880.00,13,F1,1200,,,,,
2026-08-20,2026-08-20,CM,NSE,STK,13427,INE354C01027,BHAGERIA,BE,,,,,BHAGERIA INDUSTRIES LTD,207.50,210.00,200.00,206.71,205.00,204.40,,206.71,,,26302,5422085.60,206,F1,1,,,,,
2026-08-20,2026-08-20,CM,NSE,STK,6164,INE414D01027,BHAGCHEM,EQ,,,,,BHAGIRADHA CHEM & INDS L,288.90,288.90,283.05,283.90,286.00,287.40,,283.90,,,20476,5842836.45,659,F1,1,,,,,
2026-08-20,2026-08-20,CM,NSE,STK,20776,INE458B01036,BHAGYANGR,EQ,,,,,BHAGYANAGAR INDIA LIMITED,382.95,390.90,379.60,384.00,384.00,382.40,,383.87,,,89881,34661640.15,2382,F1,1,,,,,
2026-08-20,2026-08-20,CM,NSE,STK,19556,INE474E01029,BHANDARI,EQ,,,,,BHANDARI HOSIERY EXP LTD,3.10,3.10,3.02,3.02,3.03,3.04,,3.02,,,102382,313232.92,238,F1,1,,,,,
2026-08-20,2026-08-20,CM,NSE,STK,419,INE922A01025,BEPL,EQ,,,,,BHANSALI ENG. POLYMERS LT,119.50,123.70,119.50,123.23,123.22,119.05,,123.22,,,924134,113064216.67,11788,F1,1,,,,,
2026-08-20,2026-08-20,CM,NSE,STK,13761,INE464A01036,BBL,EQ,,,,,BHARAT BIJLEE LTD,2310.00,2368.20,2294.00,2353.90,2355.00,2304.40,,2353.90,,,40243,93675677.40,4412,F1,1,,,,,
2026-08-20,2026-08-20,CM,NSE,STK,760726,INE05XR01022,BHARATCOAL,EQ,,,,,BHARAT COKING COAL LTD,33.18,33.60,33.10,33.27,33.28,32.94,,33.27,,,4137857,138004432.09,11175,F1,1,,,,,
2026-08-20,2026-08-20,CM,NSE,STK,2144,INE171Z01026,BDL,EQ,,,,,BHARAT DYNAMICS LIMITED,1356.80,1356.80,1308.20,1317.00,1317.00,1349.00,,1316.60,,,2094679,2776002798.10,49024,F1,1,,,,,
2026-08-20,2026-08-20,CM,NSE,STK,383,INE263A01024,BEL,EQ,,,,,BHARAT ELECTRONICS LTD,411.80,412.20,406.30,409.40,409.40,409.20,,409.27,,,6984638,2863453133.20,83904,F1,1,,,,,
2026-08-20,2026-08-20,CM,NSE,STK,422,INE465A01025,BHARATFORG,EQ,,,,,BHARAT FORGE LTD,2071.10,2084.00,2045.20,2062.00,2062.00,2069.00,,2061.99,,,417329,858291617.40,17578,F1,1,,,,,
2026-08-20,2026-08-20,CM,NSE,STK,9397,INE561C01019,BHARATGEAR,BE,,,,,BHARAT GEARS LTD,101.17,102.49,100.00,101.65,101.55,101.96,,101.65,,,17852,1801432.26,157,F1,1,,,,,
2026-08-20,2026-08-20,CM,NSE,STK,764623,INE365Y01019,BPLPHARMA,EQ,,,,,BHARAT PARENTERALS LTD.,1476.00,1476.00,1290.00,1294.70,1318.90,1274.30,,1294.70,,,1380,1793837.40,54,F1,1,,,,,
2026-08-20,2026-08-20,CM,NSE,STK,526,INE029A01011,BPCL,EQ,,,,,BHARAT PETROLEUM CORP  LT,307.50,311.00,304.80,308.70,308.70,307.00,,308.70,,,5132147,1584779134.65,45084,F1,1,,,,,
2026-08-20,2026-08-20,CM,NSE,STK,3834,INE838B01021,BHARATRAS,EQ,,,,,BHARAT RASAYAN LTD,1285.50,1308.80,1280.40,1303.40,1301.50,1278.40,,1302.89,,,5898,7665429.90,1073,F1,1,,,,,
2026-08-20,2026-08-20,CM,NSE,STK,21683,INE727S01012,BRNL,EQ,,,,,BHARAT ROAD NETWORK LTD,17.79,17.79,17.25,17.35,17.30,17.45,,17.35,,,17402,303194.56,205,F1,1,,,,,
2026-08-20,2026-08-20,CM,NSE,STK,30244,INE415D01024,BHARATSE,EQ,,,,,BHARAT SEATS LIMITED,228.50,231.51,227.22,230.26,230.63,227.19,,230.26,,,135399,31164412.59,2992,F1,1,,,,,
2026-08-20,2026-08-20,CM,NSE,STK,16123,INE316L01019,BHARATWIRE,EQ,,,,,BHARAT WIRE ROPES LTD.,186.25,189.80,186.25,187.76,188.49,186.33,,187.77,,,67736,12728860.74,1572,F1,1,,,,,
2026-08-20,2026-08-20,CM,NSE,STK,10604,INE397D01024,BHARTIARTL,EQ,,,,,BHARTI AIRTEL LIMITED,1944.00,1952.20,1933.00,1941.70,1941.70,1922.00,,1941.91,,,4390604,8540140969.60,93564,F1,1,,,,,
2026-08-20,2026-08-20,CM,NSE,STK,23489,INE343G01021,BHARTIHEXA,EQ,,,,,BHARTI HEXACOM LIMITED,1596.30,1631.40,1589.70,1615.60,1609.40,1596.30,,1615.45,,,122763,198348134.60,23353,F1,1,,,,,
2026-08-20,2026-08-20,CM,NSE,STK,7848,INE828A01016,BIL,EQ,,,,,BHARTIYA INTERNATIONAL,855.10,855.10,830.10,834.55,830.90,842.60,,834.49,,,10992,9138508.15,222,F1,1,,,,,
2026-08-20,2026-08-20,CM,NSE,STK,438,INE257A01026,BHEL,EQ,,,,,BHEL,422.90,423.75,412.40,413.50,413.50,419.80,,413.51,,,4572719,1910118668.00,42565,F1,1,,,,,
2026-08-20,2026-08-20,CM,NSE,STK,762621,INE274K01012,BTTL,BE,,,,,BHILWARA TECHNICAL TEXT L,44.20,45.00,42.55,44.59,44.48,43.12,,44.16,,,2919,128459.77,31,F1,1,,,,,
2026-08-20,2026-08-20,CM,NSE,STK,18431,INE412U01025,BIGBLOC,EQ,,,,,BIGBLOC CONSTRUCTION LTD,43.59,43.59,42.00,42.60,43.00,43.39,,42.60,,,56951,2435991.98,770,F1,1,,,,,
2026-08-20,2026-08-20,CM,NSE,STK,11966,INE00E101023,BIKAJI,EQ,,,,,BIKAJI FOODS INTERN LTD,609.30,612.95,606.00,607.00,606.50,609.15,,606.92,,,37540,22880050.65,2581,F1,1,,,,,
2026-08-20,2026-08-20,CM,NSE,STK,25527,INE0SQH01013,BIKEWO,ST,,,,,BIKEWO GREEN TECH LIMITED,101.00,101.00,99.60,99.60,99.60,104.80,,99.60,,,104000,10388000.00,48,F1,2000,,,,,
2026-08-20,2026-08-20,CM,NSE,STK,13622,INE071A01013,BILVYAPAR,BE,,,,,BIL VYAPAR LIMITED,4.12,4.23,4.01,4.06,4.01,4.10,,4.06,,,3526,14505.34,18,F1,1,,,,,
2026-08-20,2026-08-20,CM,NSE,STK,762586,INE986A01012,BI,BE,,,,,BILCARE LTD.,87.08,96.24,87.08,96.24,96.24,91.66,,96.25,,,100474,9299488.50,424,F1,1,,,,,
2026-08-20,2026-08-20,CM,NSE,STK,759806,INE0HOQ01053,GROWW,EQ,,,,,BILLIONBRAINS GARAGE VN L,195.24,202.00,193.71,200.72,201.20,194.14,,200.72,,,49550959,9825865171.04,174116,F1,1,,,,,
2026-08-20,2026-08-20,CM,NSE,STK,762588,INE469A01019,BIMETAL,EQ,,,,,BIMETAL BEARINGS LTD.,643.75,643.75,622.50,623.00,623.00,624.55,,621.85,,,275,173090.40,20,F1,1,,,,,
2026-08-20,2026-08-20,CM,NSE,STK,763598,INE1BKA01015,BMLL,SM,,,,,BIO MEDICA LABORATORIES L,156.05,158.95,155.00,155.00,155.00,159.35,,155.00,,,15000,2341000.00,6,F1,1000,,,,,
2026-08-20,2026-08-20,CM,NSE,STK,11373,INE376G01013,BIOCON,EQ,,,,,BIOCON LIMITED.,414.00,415.95,411.00,412.50,412.50,412.75,,412.49,,,1981150,818594552.85,18810,F1,1,,,,,
2026-08-20,2026-08-20,CM,NSE,STK,4136,INE829A01014,BIOFILCHEM,EQ,,,,,BIOFIL CHEM & PHARMA LTD,30.96,31.49,30.53,30.78,30.97,30.91,,30.78,,,4994,154116.32,109,F1,1,,,,,
2026-08-20,2026-08-20,CM,NSE,STK,760942,INE0XW001014,BIOPOL,SM,,,,,BIOPOL CHEMICALS LIMITED,97.15,101.70,95.00,97.90,99.90,97.65,,97.90,,,111600,11069160.00,64,F1,1200,,,,,
2026-08-20,2026-08-20,CM,NSE,STK,6815,INE800A01015,BIRLACABLE,BE,,,,,BIRLA CABLE LIMITED,284.77,290.00,280.00,283.17,284.00,284.77,,283.11,,,67750,19403732.46,1131,F1,1,,,,,
2026-08-20,2026-08-20,CM,NSE,STK,480,INE340A01012,BIRLACORPN,EQ,,,,,BIRLA CORPORATION LTD,885.00,895.00,884.80,891.50,895.00,884.90,,891.47,,,19977,17784481.80,2300,F1,1,,,,,
2026-08-20,2026-08-20,CM,NSE,STK,762593,INE372E01025,BIRLAPREC,EQ,,,,,BIRLA PRECISION TECH L,36.63,39.99,36.22,39.11,39.85,36.63,,39.08,,,119628,4590272.55,525,F1,1,,,,,
2026-08-20,2026-08-20,CM,NSE,STK,1455,INE557A01011,BIRLANU,EQ,,,,,BIRLANU LIMITED,1584.00,1585.00,1530.20,1535.40,1531.00,1560.50,,1535.14,,,8818,13704105.80,1028,F1,1,,,,,
2026-08-20,2026-08-20,CM,NSE,STK,24404,INF209KC1134,ABGSEC,EQ,,,,,BIRLASLAMC - ABGSEC,114.32,114.32,114.32,114.32,114.32,114.55,,114.32,,,13,1486.16,1,F1,1,,,,,
2026-08-20,2026-08-20,CM,NSE,STK,760247,INF209KC1670,ABSL10BANK,EQ,,,,,BIRLASLAMC - ABSL10BANK,168.72,169.58,168.33,168.47,168.33,168.33,,168.47,,,92223,15543726.15,40,F1,1,,,,,
2026-08-20,2026-08-20,CM,NSE,STK,13987,INF209KB17D5,ABSLBANETF,EQ,,,,,BIRLASLAMC - ABSLBANETF,59.11,59.29,58.89,59.08,59.08,58.67,,59.08,,,6270,370716.71,153,F1,1,,,,,
2026-08-20,2026-08-20,CM,NSE,STK,14518,INF209KB18T9,ABSLLIQUID,EQ,,,,,BIRLASLAMC - ABSLLIQUID,1000.00,1000.01,999.99,999.99,999.99,999.99,,999.99,,,1484,1483995.86,18,F1,1,,,,,
2026-08-20,2026-08-20,CM,NSE,STK,761066,INF209KC1662,ABSLMSCIN,EQ,,,,,BIRLASLAMC - ABSLMSCIN,29.62,29.89,29.62,29.75,29.73,29.62,,29.72,,,3328,99229.50,25,F1,1,,,,,
2026-08-20,2026-08-20,CM,NSE,STK,7339,INF209KB16D7,ABSLNN50ET,EQ,,,,,BIRLASLAMC - ABSLNN50ET,78.01,78.35,77.94,78.29,78.31,77.75,,78.29,,,3067,239637.05,170,F1,1,,,,,
2026-08-20,2026-08-20,CM,NSE,STK,5957,INF209KB10E8,BSLSENETFG,EQ,,,,,BIRLASLAMC - BSLSENETFG,79.00,79.00,77.99,78.32,78.21,79.47,,78.32,,,2351,183974.65,135,F1,1,,,,,
2026-08-20,2026-08-20,CM,NSE,STK,6297,INF209KB10C2,HEALTHY,EQ,,,,,BIRLASLAMC - HEALTHY,16.85,17.06,16.84,16.93,16.86,16.86,,16.93,,,132274,2241614.06,749,F1,1,,,,,
2026-08-20,2026-08-20,CM,NSE,STK,10693,INF209KB14K7,MOMENTUM,EQ,,,,,BIRLASLAMC - MOMENTUM,31.18,31.43,31.17,31.29,31.42,31.17,,31.28,,,117179,3673056.97,156,F1,1,,,,,
2026-08-20,2026-08-20,CM,NSE,STK,10690,INF209KB15K4,NIFTYQLITY,EQ,,,,,BIRLASLAMC - NIFTYQLITY,21.57,21.84,21.52,21.62,21.59,21.52,,21.60,,,39517,855302.46,169,F1,1,,,,,
2026-08-20,2026-08-20,CM,NSE,STK,8003,INF209KB19F6,SILVER,EQ,,,,,BIRLASLAMC - SILVER,229.84,236.86,229.84,235.20,235.06,226.09,,235.20,,,2294375,540601746.02,14186,F1,1,,,,,
2026-08-20,2026-08-20,CM,NSE,STK,6462,INF209KB11D8,TECH,EQ,,,,,BIRLASLAMC - TECH,34.29,34.29,33.41,33.65,33.85,34.16,,33.65,,,19738,665256.63,252,F1,1,,,,,
2026-08-20,2026-08-20,CM,NSE,STK,23806,INF209KB19Z4,ABSLPSE,EQ,,,,,BIRLASLAMC-ABSLPSE,10.10,10.29,10.10,10.15,10.18,10.13,,10.15,,,126249,1280313.91,373,F1,1,,,,,
2026-08-20,2026-08-20,CM,NSE,STK,6994,INE836A01035,BSOFT,EQ,,,,,BIRLASOFT LIMITED,309.00,314.00,307.50,309.00,308.95,305.90,,308.98,,,657560,203627278.70,19357,F1,1,,,,,
2026-08-20,2026-08-20,CM,NSE,STK,3435,INE676A01027,BBOX,EQ,,,,,BLACK BOX LIMITED,771.55,776.20,750.00,751.55,751.50,767.75,,751.54,,,209975,159662499.40,10773,F1,1,,,,,
2026-08-20,2026-08-20,CM,NSE,STK,762601,INE761G01016,BLACKROSE,BE,,,,,BLACK ROSE INDS. LTD.,114.90,114.90,108.00,113.56,114.00,110.88,,112.77,,,9251,1038037.03,122,F1,1,,,,,
2026-08-20,2026-08-20,CM,NSE,STK,27144,INE0UIZ01018,BLACKBUCK,EQ,,,,,BLACKBUCK LIMITED,616.35,635.00,610.75,631.05,629.00,616.35,,631.05,,,1130283,707695951.90,39309,F1,1,,,,,
2026-08-20,2026-08-20,CM,NSE,STK,8132,INE791A01024,BLBLIMITED,EQ,,,,,BLB LIMITED,16.20,16.30,15.75,16.03,16.05,16.16,,16.03,,,324533,5209074.13,194,F1,1,,,,,
2026-08-20,2026-08-20,CM,NSE,STK,19269,INE416D01022,BLISSGVS,BE,,,,,BLISS GVS PHARMA LTD,579.95,602.45,572.00,580.15,582.00,573.80,,580.00,,,810528,479075449.60,6457,F1,1,,,,,
2026-08-20,2026-08-20,CM,NSE,STK,22566,INE0NLT01010,BLSE,EQ,,,,,BLS E-SERVICES LIMITED,314.00,328.10,312.80,321.10,321.00,314.10,,321.08,,,1500843,483465945.80,13982,F1,1,,,,,
2026-08-20,2026-08-20,CM,NSE,STK,17279,INE153T01027,BLS,EQ,,,,,BLS INTL SERVS LTD,274.10,275.83,271.50,273.92,273.00,271.37,,273.91,,,856501,234341876.13,18030,F1,1,,,,,
2026-08-20,2026-08-20,CM,NSE,STK,4681,INE657B01025,BLUECHIP,EQ,,,,,BLUE CHIP INDIA LIMITED,1.93,1.93,1.93,1.93,1.93,1.90,,2.09,,,4366,8426.38,13,F1,1,,,,,
2026-08-20,2026-08-20,CM,NSE,STK,765040,INE373T01047,BLUECLOUDS,EQ,,,,,BLUE CLOUD SOFTECH SOLU L,22.40,23.21,22.26,22.47,22.38,22.36,,22.47,,,1406731,31927553.28,3240,F1,1,,,,,
2026-08-20,2026-08-20,CM,NSE,STK,8552,INE472B01011,BLUECOAST,BE,,,,,BLUE COAST HOTELS LIMITED,25.48,25.48,23.50,23.99,23.99,24.30,,24.11,,,1306,31273.95,29,F1,1,,,,,
2026-08-20,2026-08-20,CM,NSE,STK,495,INE233B01017,BLUEDART,EQ,,,,,BLUE DART EXPRESS LTD,5075.00,5130.00,5020.00,5077.00,5041.00,5067.00,,5076.81,,,5551,28298390.50,1566,F1,1,,,,,
2026-08-20,2026-08-20,CM,NSE,STK,19686,INE0KBH01020,BLUEJET,EQ,,,,,BLUE JET HEALTHCARE LTD,596.45,604.00,593.30,595.30,596.40,592.30,,595.27,,,370165,221287301.25,14009,F1,1,,,,,
2026-08-20,2026-08-20,CM,NSE,STK,23410,INE0SAK01011,BLUEPEBBLE,SM,,,,,BLUE PEBBLE LIMITED,70.50,70.50,70.50,70.50,70.50,70.50,,70.50,,,400,28200.00,1,F1,400,,,,,
2026-08-20,2026-08-20,CM,NSE,STK,8311,INE472A01039,BLUESTARCO,EQ,,,,,BLUE STAR LIMITED,1495.10,1526.00,1490.50,1510.00,1510.00,1493.20,,1510.38,,,642269,971800869.20,32150,F1,1,,,,,
2026-08-20,2026-08-20,CM,NSE,STK,758185,INE0X3M01010,BLUEWATER,ST,,,,,BLUE WATER LOGISTICS LTD,428.90,429.00,424.00,429.00,429.00,408.60,,429.00,,,24000,10268300.00,24,F1,1000,,,,,
2026-08-20,2026-08-20,CM,NSE,STK,759291,INE304W01038,BLUESTONE,EQ,,,,,BLUESTONE JEWEL LFSTL LTD,820.25,838.55,817.00,821.50,826.50,816.20,,821.49,,,627502,519471057.65,16406,F1,1,,,,,
2026-08-20,2026-08-20,CM,NSE,STK,757520,INE0U4101014,BLUSPRING,EQ,,,,,BLUSPRING ENTERPRISES LTD,118.07,121.89,116.89,117.96,117.60,119.86,,117.98,,,315322,37751283.37,3905,F1,1,,,,,
2026-08-20,2026-08-20,CM,NSE,STK,759256,INE965W01036,BMWVENTLTD,EQ,,,,,BMW VENTURES LIMITED,57.90,58.00,57.02,57.23,57.10,57.18,,57.23,,,61200,3514501.49,1857,F1,1,,,,,
2026-08-20,2026-08-20,CM,NSE,STK,762608,INE00HZ01011,BNAGROCHEM,EQ,,,,,BN AGROCHEM LTD.,240.00,240.00,233.00,237.45,238.00,238.75,,239.66,,,477,113510.70,25,F1,1,,,,,
2026-08-20,2026-08-20,CM,NSE,STK,25021,INE338D01028,BODALCHEM,BE,,,,,BODAL CHEMICALS LTD,72.50,75.33,72.50,75.33,75.33,71.75,,75.33,,,430917,32163184.96,1681,F1,1,,,,,
2026-08-20,2026-08-20,CM,NSE,STK,14150,INE0EEJ01023,BTML,EQ,,,,,BODHI TREE MULTIMEDIA LTD,8.79,8.80,7.85,7.92,8.00,8.72,,7.92,,,1261909,10342725.98,1958,F1,1,,,,,
2026-08-20,2026-08-20,CM,NSE,STK,11640,INE802W01023,BOHRAIND,EQ,,,,,BOHRA INDUSTRIES LIMITED,14.10,14.70,14.10,14.15,14.15,14.74,,14.15,,,11313,161200.03,34,F1,1,,,,,
2026-08-20,2026-08-20,CM,NSE,STK,380,INE050A01025,BBTC,EQ,,,,,BOMBAY BURMAH TRADING COR,1459.50,1459.50,1430.30,1436.00,1432.00,1445.00,,1436.02,,,27826,40110705.70,4563,F1,1,,,,,
2026-08-20,2026-08-20,CM,NSE,STK,513,INE032A01023,BOMDYEING,EQ,,,,,BOMBAY DYEING & MFG. CO L,113.24,113.45,112.20,112.60,112.75,111.57,,112.60,,,340942,38496931.27,3252,F1,1,,,,,
2026-08-20,2026-08-20,CM,NSE,STK,6052,INE0I3Y01014,BMETRICS,SM,,,,,BOMBAY METRICS S C LTD,34.25,34.25,34.25,34.25,34.25,34.25,,34.25,,,1600,54800.00,2,F1,800,,,,,
2026-08-20,2026-08-20,CM,NSE,STK,809,INE032Z01020,BSHSL,EQ,,,,,BOMBAY SUPER HYBRID SEEDS,88.70,89.50,86.85,88.07,88.10,88.72,,88.07,,,4906,432443.70,130,F1,1,,,,,
2026-08-20,2026-08-20,CM,NSE,STK,29650,INE031A07881,719HUDCO28,N7,,,,,BOND 7.19% PA TAX FREE S2,1051.05,1051.27,1051.05,1051.27,1051.27,1051.05,,1051.27,,,1551,1630299.77,2,F1,1,,,,,
2026-08-20,2026-08-20,CM,NSE,STK,31128,INE053F07538,810IRFC27,N2,,,,,BOND 8.10% PA TAX FREE S2,1078.20,1079.00,1078.10,1079.00,1079.00,1080.25,,1079.01,,,509,548763.90,5,F1,1,,,,,
2026-08-20,2026-08-20,CM,NSE,STK,31040,INE906B07CB9,830NHAI27,N2,,,,,BOND 8.30% PA TAX FREE S2,1084.00,1085.00,1083.01,1083.99,1083.06,1083.00,,1083.99,,,5464,5921439.60,38,F1,1,,,,,
2026-08-20,2026-08-20,CM,NSE,STK,591,INE053F07660,840IRFC29,N8,,,,,BOND 8.40% PA TF TI-SIIA,1249.99,1249.99,1249.99,1249.99,1249.99,1250.00,,1249.99,,,1,1249.99,1,F1,1,,,,,
2026-08-20,2026-08-20,CM,NSE,STK,30984,INE020B07HP8,846REC28,N6,,,,,BOND 8.46% TAX FREE S2A,1122.00,1122.00,1122.00,1122.00,1122.00,1120.00,,1122.00,,,1,1122.00,1,F1,1,,,,,
2026-08-20,2026-08-20,CM,NSE,STK,603,INE053F07686,865IRFC29,NA,,,,,BOND 8.65% PA TF TI-SIIB,1110.00,1110.00,1106.00,1107.00,1107.00,1104.00,,1108.00,,,176,194833.00,7,F1,1,,,,,
2026-08-20,2026-08-20,CM,NSE,STK,30990,INE020B07HS2,871REC28,N9,,,,,BOND 8.71% TAX FREE S2B,1120.05,1122.45,1117.50,1117.55,1117.55,1120.00,,1118.28,,,1115,1246900.75,9,F1,1,,,,,
2026-08-20,2026-08-20,CM,NSE,STK,1999,INE053F07744,888IRFC29,NE,,,,,BOND 8.88% PA TF TII-SIIB,1118.15,1122.70,1118.12,1118.12,1118.12,1118.12,,1118.12,,,171,191323.04,8,F1,1,,,,,
2026-08-20,2026-08-20,CM,NSE,STK,31970,INE557F07132,901NHB34,N6,,,,,BOND 9.01%PA TF TR-I S 3B,6399.00,6400.00,6316.00,6361.45,6350.00,6361.07,,6361.45,,,226,1438930.29,17,F1,1,,,,,
2026-08-20,2026-08-20,CM,NSE,STK,2933,INE020B07ID2,863REC29,NC,,,,,BOND8.63% PA TF TR II S2A,1135.10,1135.10,1135.10,1135.10,1135.10,1134.00,,1135.10,,,1,1135.10,1,F1,1,,,,,
2026-08-20,2026-08-20,CM,NSE,STK,761056,INE0B9A01018,BONLON,EQ,,,,,BONLON INDUSTRIES LIMITED,42.00,42.00,40.57,40.88,40.99,41.54,,40.87,,,11308,463741.30,111,F1,1,,,,,
2026-08-20,2026-08-20,CM,NSE,STK,757919,INE16SF01016,BORANA,EQ,,,,,BORANA WEAVES LIMITED,313.05,313.05,306.80,308.20,307.40,309.15,,308.33,,,19946,6157987.65,1053,F1,1,,,,,
2026-08-20,2026-08-20,CM,NSE,STK,19401,INE02PY01013,BOROLTD,EQ,,,,,BOROSIL LIMITED,251.28,262.00,251.27,257.82,255.40,248.11,,257.83,,,213495,54845057.74,7320,F1,1,,,,,
2026-08-20,2026-08-20,CM,NSE,STK,3149,INE666D01022,BORORENEW,EQ,,,,,BOROSIL RENEWABLES LTD,552.40,556.75,537.90,543.00,543.40,549.70,,543.04,,,402195,221180372.45,10955,F1,1,,,,,
2026-08-20,2026-08-20,CM,NSE,STK,24014,INE02L001032,BOROSCI,EQ,,,,,BOROSIL SCIENTIFIC LTD,130.99,131.00,127.50,127.70,127.50,128.96,,127.71,,,51364,6610495.02,1340,F1,1,,,,,
2026-08-20,2026-08-20,CM,NSE,STK,4491,INE782A01015,BOSCH-HCIL,EQ,,,,,BOSCH HOME COMFRT IND LTD,1779.00,1801.70,1736.20,1772.00,1770.10,1762.60,,1772.10,,,80071,141895365.90,9520,F1,1,,,,,
2026-08-20,2026-08-20,CM,NSE,STK,2181,INE323A01026,BOSCHLTD,EQ,,,,,BOSCH LIMITED,48545.00,48750.00,47900.00,48750.00,48750.00,48460.00,,48722.96,,,47793,2308432805.00,17858,F1,1,,,,,
2026-08-20,2026-08-20,CM,NSE,STK,25119,INE0QNI01012,BOSS,SM,,,,,BOSS PACKAGING SOLU LTD,54.50,54.50,54.50,54.50,54.50,52.05,,54.50,,,2000,109000.00,1,F1,2000,,,,,
2026-08-20,2026-08-20,CM,NSE,STK,530,INE110A01019,BPL,EQ,,,,,BPL LTD,50.90,50.92,48.30,49.19,49.21,50.33,,49.21,,,58852,2932890.43,1042,F1,1,,,,,
2026-08-20,2026-08-20,CM,NSE,STK,24905,INE0R4Z01018,BRACEPORT,SM,,,,,BRACE PORT LOGISTICS LTD,66.10,66.10,64.50,65.00,65.00,66.10,,65.00,,,12800,833200.00,6,F1,1600,,,,,
2026-08-20,2026-08-20,CM,NSE,STK,764628,INE320I01017,BRAHMINFRA,EQ,,,,,BRAHMAPUTRA INFRA L,174.90,174.90,162.00,167.66,169.80,170.50,,167.86,,,32398,5503840.50,472,F1,1,,,,,
2026-08-20,2026-08-20,CM,NSE,STK,24814,INE02RE01045,FIRSTCRY,EQ,,,,,BRAINBEES SOLUTIONS LTD,197.90,201.53,196.11,196.67,197.70,196.50,,196.67,,,903785,179297556.45,12580,F1,1,,,,,
2026-08-20,2026-08-20,CM,NSE,STK,7780,INE977Y01011,BCONCEPTS,EQ,,,,,BRAND CONCEPTS LIMITED,157.05,162.88,152.84,155.29,155.95,159.70,,155.32,,,16041,2532459.74,855,F1,1,,,,,
2026-08-20,2026-08-20,CM,NSE,STK,760972,INE0XUD01014,BRANDMAN,SM,,,,,BRANDMAN RETAIL LIMITED,176.80,176.80,154.00,158.70,154.00,169.90,,158.70,,,124000,20310440.00,90,F1,800,,,,,
2026-08-20,2026-08-20,CM,NSE,STK,15184,INE791I01019,BRIGADE,EQ,,,,,BRIGADE ENTER. LTD,590.00,629.45,588.85,625.75,627.70,587.70,,625.78,,,1512316,932949000.90,35825,F1,1,,,,,
2026-08-20,2026-08-20,CM,NSE,STK,757794,INE03NU01014,BRIGHOTEL,EQ,,,,,BRIGADE HOTEL VENTURE LTD,60.43,60.82,59.50,59.91,60.00,60.65,,59.87,,,103748,6236722.81,2411,F1,1,,,,,
2026-08-20,2026-08-20,CM,NSE,STK,764633,INE630D01010,BRIGHTBR,EQ,,,,,BRIGHT BROTHERS LTD.,245.01,258.97,245.01,251.23,251.25,242.35,,248.82,,,1243,312490.62,38,F1,1,,,,,
2026-08-20,2026-08-20,CM,NSE,STK,8833,INE425B01027,BCG,EQ,,,,,BRIGHTCOM GROUP LIMITED,9.19,9.48,9.15,9.36,9.36,9.15,,9.36,,,5254458,48872946.58,4402,F1,1,,,,,
2026-08-20,2026-08-20,CM,NSE,STK,547,INE216A01030,BRITANNIA,EQ,,,,,BRITANNIA INDUSTRIES LTD,5454.50,5555.00,5454.50,5548.00,5548.00,5453.00,,5548.00,,,200063,1103968902.00,15206,F1,1,,,,,
2026-08-20,2026-08-20,CM,NSE,STK,2203,INE0FDU25010,BIRET,RR,,,,,BROOKFIELD INDIA RET,342.90,344.50,341.70,343.91,344.47,342.32,,343.91,,,93481,32099425.72,4765,F1,1,,,,,
2026-08-20,2026-08-20,CM,NSE,STK,25140,INE650L01011,BROOKS,BE,,,,,BROOKS LAB LIMITED,61.20,61.20,59.25,60.30,60.30,59.08,,60.30,,,7481,448125.12,52,F1,1,,,,,
2026-08-20,2026-08-20,CM,NSE,STK,19585,INE118H01025,BSE,EQ,,,,,BSE LIMITED,3384.00,3412.00,3280.00,3291.10,3291.10,3352.00,,3291.10,,,5391606,18041441179.20,199676,F1,1,,,,,
2026-08-20,2026-08-20,CM,NSE,STK,559,INE594B01012,BSL,EQ,,,,,BSL LTD,121.89,123.50,121.10,121.52,121.50,121.23,,121.52,,,1568,190965.79,61,F1,1,,,,,
2026-08-20,2026-08-20,CM,NSE,STK,2716,INE295F01017,BUTTERFLY,EQ,,,,,BTRFLY GANDHI APPL LTD,658.95,660.60,646.00,647.05,647.15,654.50,,647.03,,,8562,5577847.20,814,F1,1,,,,,
2026-08-20,2026-08-20,CM,NSE,STK,24701,INE0SZ301012,BULKCORP,SM,,,,,BULKCORP INTERNATIONAL L,69.50,70.85,69.50,70.85,70.85,68.60,,70.85,,,8400,593280.00,3,F1,1200,,,,,
2026-08-20,2026-08-20,CM,NSE,STK,15198,INE817H01022,BURNPUR,BE,,,,,BURNPUR CEMENT LIMITED,14.94,14.94,14.94,14.94,14.94,15.72,,14.94,,,6271,93688.74,85,F1,1,,,,,
2026-08-20,2026-08-20,CM,NSE,STK,764643,INE084D01010,CGVAK,EQ,,,,,C G V A K SOFTWARE & EX L,159.00,162.55,152.01,158.58,155.00,140.73,,158.11,,,13494,2123076.07,586,F1,1,,,,,
2026-08-20,2026-08-20,CM,NSE,STK,760854,INE0SMX01019,CKKRETAIL,SM,,,,,C K K RETAIL MART LIMITED,148.95,149.00,148.95,149.00,149.00,146.00,,149.00,,,1600,238360.00,2,F1,800,,,,,
2026-08-20,2026-08-20,CM,NSE,STK,18372,INE0QBU01012,CPS,SM,,,,,C P S SHAPERS LIMITED,1161.00,1161.00,1120.00,1122.00,1122.00,1113.00,,1122.00,,,900,1018050.00,5,F1,150,,,,,
2026-08-20,2026-08-20,CM,NSE,STK,7227,INE0BV301023,MAPMYINDIA,EQ,,,,,C.E. INFO SYSTEMS LIMITED,1010.00,1021.10,1001.00,1007.20,1006.00,1007.60,,1007.16,,,67167,68010542.20,6047,F1,1,,,,,
2026-08-20,2026-08-20,CM,NSE,STK,27274,INE0U7V01015,C2C,SM,,,,,C2C ADVANCED SYSTEMS LTD,212.00,245.50,212.00,239.45,239.10,213.50,,239.45,,,254250,60251407.50,1079,F1,150,,,,,
2026-08-20,2026-08-20,CM,NSE,STK,764255,INE11XY01018,CMLL,EQ,,,,,CALIBER MINING AND LOG L,514.50,521.85,498.25,506.95,508.00,514.50,,506.98,,,363355,186255107.75,7513,F1,1,,,,,
2026-08-20,2026-08-20,CM,NSE,STK,8341,INE526B01014,CALSOFT,EQ,,,,,CALIFORNIA SOFTWARE CO LT,29.89,29.89,27.05,27.05,27.05,28.47,,26.99,,,1232418,34384778.52,2403,F1,1,,,,,
2026-08-20,2026-08-20,CM,NSE,STK,14218,INE627H01017,CTE,EQ,,,,,CAMBRIDGE TECH ENTER LTD,47.18,47.18,45.61,47.18,47.18,44.94,,47.18,,,63342,2977927.01,301,F1,1,,,,,
2026-08-20,2026-08-20,CM,NSE,STK,6216,INE052I01032,CAMLINFINE,EQ,,,,,CAMLIN FINE SCIENCES LTD,107.90,109.44,107.15,108.38,108.05,106.15,,108.37,,,578966,62587035.36,4151,F1,1,,,,,
2026-08-20,2026-08-20,CM,NSE,STK,9362,INE278Y01022,CAMPUS,EQ,,,,,CAMPUS ACTIVEWEAR LIMITED,224.45,225.13,222.19,223.11,223.00,222.54,,223.10,,,385105,86029483.03,7246,F1,1,,,,,
2026-08-20,2026-08-20,CM,NSE,STK,583,INE477A01020,CANFINHOME,EQ,,,,,CAN FIN HOMES LTD,821.40,852.00,816.80,842.90,852.00,817.65,,842.86,,,431403,358553566.10,19173,F1,1,,,,,
2026-08-20,2026-08-20,CM,NSE,STK,10794,INE476A01022,CANBK,EQ,,,,,CANARA BANK,129.53,130.49,129.05,129.60,129.60,129.08,,129.58,,,9575025,1242961933.93,45460,F1,1,,,,,
2026-08-20,2026-08-20,CM,NSE,STK,759477,INE01TY01017,CANHLIFE,EQ,,,,,CANARA HSBC LIFE INS CO L,152.69,155.80,150.74,151.69,151.90,151.63,,151.67,,,828226,126561803.56,14413,F1,1,,,,,
2026-08-20,2026-08-20,CM,NSE,STK,759311,INE218I01013,CRAMC,EQ,,,,,CANARA ROBECO AMC LIMITED,251.50,265.35,251.50,264.30,263.90,250.75,,264.28,,,667871,173632120.30,11429,F1,1,,,,,
2026-08-20,2026-08-20,CM,NSE,STK,19368,INE0QG301017,CANARYS,SM,,,,,CANARYS AUTOMATIONS LTD,22.05,23.05,22.05,22.70,22.70,22.40,,22.70,,,24000,541200.00,6,F1,4000,,,,,
2026-08-20,2026-08-20,CM,NSE,STK,20160,INE068L01024,CANTABIL,EQ,,,,,CANTABIL RETAIL LTD,233.04,255.00,233.04,247.31,245.50,232.12,,247.29,,,1148793,286186526.11,23049,F1,1,,,,,
2026-08-20,2026-08-20,CM,NSE,STK,21749,INE264T01014,CAPACITE,EQ,,,,,CAPACITE INFRAPROJECT LTD,207.00,208.39,202.10,203.73,204.90,205.53,,203.73,,,208898,42870236.07,3944,F1,1,,,,,
2026-08-20,2026-08-20,CM,NSE,STK,759867,INE0ILV01024,CAPILLARY,EQ,,,,,CAPILLARY TECHNO INDIA L,511.60,519.25,506.00,506.95,507.80,510.15,,506.93,,,132995,67767909.10,5519,F1,1,,,,,
2026-08-20,2026-08-20,CM,NSE,STK,756015,INE345H01024,CIFL,EQ,,,,,CAPITAL INDIA FINANCE LTD,20.02,20.96,20.02,20.87,20.88,20.40,,20.87,,,30035,623506.86,188,F1,1,,,,,
2026-08-20,2026-08-20,CM,NSE,STK,29157,INE0Z8Z23013,CAPINVIT,IV,,,,,CAPITAL INFRA TRUST,77.39,77.45,76.53,77.00,77.01,77.00,,77.00,,,943573,72683306.55,2558,F1,1,,,,,
2026-08-20,2026-08-20,CM,NSE,STK,22675,INE646H01017,CAPITALSFB,EQ,,,,,CAPITAL SMALL FIN BANK L,291.90,291.95,285.25,287.45,288.65,287.60,,287.28,,,8510,2445225.45,732,F1,1,,,,,
2026-08-20,2026-08-20,CM,NSE,STK,19451,INE707C01018,CAPTRUST,BE,,,,,CAPITAL TRUST LIMITED,20.67,20.67,19.61,20.24,20.00,20.49,,20.34,,,34488,691129.80,83,F1,1,,,,,
2026-08-20,2026-08-20,CM,NSE,STK,3906,INE475E01026,CAPLIPOINT,EQ,,,,,CAPLIN POINT LAB LTD.,2600.00,2600.00,2520.10,2529.70,2530.80,2571.00,,2529.77,,,47100,120380392.90,8130,F1,1,,,,,
2026-08-20,2026-08-20,CM,NSE,STK,20329,INE180C01042,CGCL,EQ,,,,,CAPRI GLOBAL CAPITAL LTD,227.90,229.00,223.10,225.11,225.90,226.23,,225.12,,,4030776,910060174.35,15540,F1,1,,,,,
2026-08-20,2026-08-20,CM,NSE,STK,764203,INE536P01021,CPL,EQ,,,,,CAPTAIN POLYPLAST LIMITED,68.66,68.66,66.71,67.77,66.94,68.06,,67.77,,,115207,7819809.04,569,F1,1,,,,,
2026-08-20,2026-08-20,CM,NSE,STK,595,INE120A01034,CARBORUNIV,EQ,,,,,CARBORUNDUM UNIVERSAL LTD,1088.00,1142.00,1081.40,1137.60,1129.10,1087.20,,1137.58,,,266570,299095164.10,18635,F1,1,,,,,
2026-08-20,2026-08-20,CM,NSE,STK,29113,INE752H01013,CARERATING,EQ,,,,,CARE RATINGS LIMITED,1724.90,1735.40,1694.00,1698.90,1700.00,1706.70,,1698.90,,,56861,97322826.10,7208,F1,1,,,,,
2026-08-20,2026-08-20,CM,NSE,STK,758941,INE0P6P01016,CPEDU,EQ,,,,,CAREER POINT EDUTECH LTD,205.37,205.37,200.49,201.54,200.90,205.47,,201.54,,,14048,2843084.64,201,F1,1,,,,,
2026-08-20,2026-08-20,CM,NSE,STK,28879,INE0V7W01012,CARRARO,EQ,,,,,CARRARO INDIA LIMITED,523.90,529.60,518.85,525.75,525.25,518.85,,525.73,,,89443,46873590.45,5735,F1,1,,,,,
2026-08-20,2026-08-20,CM,NSE,STK,5407,INE290S01011,CARTRADE,EQ,,,,,CARTRADE TECH LIMITED,2800.00,2935.00,2786.40,2895.20,2893.00,2783.50,,2895.20,,,594647,1718394304.00,51397,F1,1,,,,,
2026-08-20,2026-08-20,CM,NSE,STK,1879,INE482D01024,CARYSIL,EQ,,,,,CARYSIL LIMITED,1186.70,1188.20,1152.70,1158.10,1155.00,1181.90,,1158.10,,,56704,66222952.80,3143,F1,1,,,,,
2026-08-20,2026-08-20,CM,NSE,STK,758156,INE0WL201014,CUDML,ST,,,,,CASH UR DRIVE MARKETING L,106.00,106.00,103.35,103.35,103.40,107.00,,103.35,,,38000,4000800.00,9,F1,1000,,,,,
2026-08-20,2026-08-20,CM,NSE,STK,1250,INE172A01027,CASTROLIND,EQ,,,,,CASTROL INDIA LIMITED,189.20,189.49,188.05,188.57,188.35,188.75,,188.57,,,1114315,209978352.35,20435,F1,1,,,,,
2026-08-20,2026-08-20,CM,NSE,STK,11452,INE421D01022,CCL,EQ,,,,,CCL PRODUCTS (I) LTD,1133.00,1140.30,1108.30,1112.40,1116.00,1124.60,,1112.41,,,124510,139092067.10,10499,F1,1,,,,,
2026-08-20,2026-08-20,CM,NSE,STK,15254,INE482A01020,CEATLTD,EQ,,,,,CEAT LIMITED,3552.40,3604.10,3532.30,3588.20,3567.10,3534.80,,3588.07,,,42088,150405601.90,6049,F1,1,,,,,
2026-08-20,2026-08-20,CM,NSE,STK,757690,INE11J101017,CEDAAR,ST,,,,,CEDAAR TEXTILE LIMITED,13.20,13.90,13.15,13.15,13.15,13.80,,13.15,,,26000,346100.00,25,F1,1000,,,,,
2026-08-20,2026-08-20,CM,NSE,STK,24742,INE0AG901020,CEIGALL,EQ,,,,,CEIGALL INDIA LIMITED,322.35,333.80,310.00,312.80,313.20,313.65,,312.82,,,828707,264199333.75,14763,F1,1,,,,,
2026-08-20,2026-08-20,CM,NSE,STK,761037,INE016Q01014,CEINSYS,EQ,,,,,CEINSYS TECH LIMITED,770.95,777.95,759.05,761.00,760.05,763.70,,761.13,,,26383,20254531.30,2114,F1,1,,,,,
2026-08-20,2026-08-20,CM,NSE,STK,13162,INE185H01016,CELEBRITY,EQ,,,,,CELEBRITY FASHIONS LTD,6.95,6.95,6.56,6.72,6.84,6.86,,6.72,,,11583,78754.52,99,F1,1,,,,,
2026-08-20,2026-08-20,CM,NSE,STK,16950,INE0O0001013,CELLPOINT,SM,,,,,CELL POINT (INDIA) LTD,16.00,16.00,15.00,15.00,15.00,16.00,,15.00,,,4800,73260.00,3,F1,1200,,,,,
2026-08-20,2026-08-20,CM,NSE,STK,18806,INE0OMO01025,CELLECOR,SM,,,,,CELLECOR GADGETS LIMITED,32.55,32.55,31.00,31.60,31.50,31.60,,31.60,,,186000,5837550.00,53,F1,3000,,,,,
2026-08-20,2026-08-20,CM,NSE,STK,19795,INE0LMW01024,CELLO,EQ,,,,,CELLO WORLD LIMITED,362.90,367.70,359.05,363.60,362.00,358.80,,363.55,,,246818,89767634.10,9177,F1,1,,,,,
2026-08-20,2026-08-20,CM,NSE,STK,5622,INE686A01026,CEMPRO,EQ,,,,,CEMINDIA PROJECTS LIMITED,1271.20,1286.90,1265.00,1273.90,1270.00,1265.70,,1273.94,,,147458,188193801.90,11336,F1,1,,,,,
2026-08-20,2026-08-20,CM,NSE,STK,14894,INE483A01010,CENTRALBK,EQ,,,,,CENTRAL BANK OF INDIA,30.92,31.25,30.92,31.07,31.15,30.91,,31.07,,,2992043,93163190.27,8571,F1,1,,,,,
2026-08-20,2026-08-20,CM,NSE,STK,21174,INE736A01011,CDSL,EQ,,,,,CENTRAL DEPO SER (I) LTD,1335.00,1358.00,1330.10,1345.90,1345.90,1329.00,,1345.90,,,1113440,1503902964.90,40150,F1,1,,,,,
2026-08-20,2026-08-20,CM,NSE,STK,761581,INE05HV01027,CMPDI,EQ,,,,,CENTRAL MINE P N D INST L,242.00,247.50,233.60,234.49,234.20,238.14,,234.49,,,2891303,699968625.71,29097,F1,1,,,,,
2026-08-20,2026-08-20,CM,NSE,STK,2454,INE660C01027,CENTRUM,EQ,,,,,CENTRUM CAPITAL LIMITED,24.25,24.55,23.38,23.56,23.51,23.90,,23.55,,,387149,9159527.19,1025,F1,1,,,,,
2026-08-20,2026-08-20,CM,NSE,STK,14982,INE320B01020,CENTUM,EQ,,,,,CENTUM ELECTRONICS LTD,3404.70,3482.70,3368.30,3446.00,3458.00,3368.90,,3446.21,,,50765,173543096.70,8401,F1,1,,,,,
2026-08-20,2026-08-20,CM,NSE,STK,619,INE485A01015,CENTENKA,EQ,,,,,CENTURY ENKA LTD,568.05,577.30,562.10,567.00,568.00,569.90,,566.98,,,39200,22266464.00,2407,F1,1,,,,,
2026-08-20,2026-08-20,CM,NSE,STK,11511,INE281A01026,CENTEXT,EQ,,,,,CENTURY EXTRUSIONS LTD,21.95,22.10,20.40,20.64,20.67,22.08,,20.65,,,441134,9346974.95,1480,F1,1,,,,,
2026-08-20,2026-08-20,CM,NSE,STK,13305,INE348B01021,CENTURYPLY,EQ,,,,,CENTURY PLYBOARDS (I) LTD,747.00,780.00,747.00,772.75,775.70,747.00,,772.74,,,83854,64687237.70,8099,F1,1,,,,,
2026-08-20,2026-08-20,CM,NSE,STK,15039,INE739E01017,CERA,EQ,,,,,CERA SANITARYWARE LTD,5745.00,5899.50,5700.50,5858.50,5883.50,5691.50,,5858.83,,,8219,47841004.00,2986,F1,1,,,,,
2026-08-20,2026-08-20,CM,NSE,STK,29016,INE345B01019,CEREBRAINT,BZ,,,,,CEREBRA INT TECH LTD,2.83,2.83,2.75,2.83,2.83,2.70,,2.83,,,201446,570053.71,114,F1,1,,,,,
2026-08-20,2026-08-20,CM,NSE,STK,628,INE486A01021,CESC,EQ,,,,,CESC LTD,159.21,160.20,155.90,156.61,156.49,159.66,,156.61,,,1965934,309070089.30,23409,F1,1,,,,,
2026-08-20,2026-08-20,CM,NSE,STK,760,INE067A01029,CGPOWER,EQ,,,,,CG POWER AND IND SOL LTD,868.55,876.30,862.65,876.30,876.30,863.05,,876.30,,,2197796,1913297514.20,39691,F1,1,,,,,
2026-08-20,2026-08-20,CM,NSE,STK,8546,INE427F01016,CHALET,EQ,,,,,CHALET HOTELS LIMITED,851.60,859.00,840.00,852.90,856.00,848.05,,853.02,,,66506,56268377.80,8705,F1,1,,,,,
2026-08-20,2026-08-20,CM,NSE,STK,3482,INE419D01026,CLSEL,EQ,,,,,CHAMAN LAL SETIA EXP LTD,280.25,285.20,277.30,278.45,277.30,279.20,,278.46,,,29017,8132299.30,1137,F1,1,,,,,
2026-08-20,2026-08-20,CM,NSE,STK,13731,INE06PV01010,CMNL,SM,,,,,CHAMAN METALLICS LIMITED,106.00,107.00,106.00,107.00,107.00,106.90,,107.00,,,2250,239250.00,2,F1,750,,,,,
2026-08-20,2026-08-20,CM,NSE,STK,637,INE085A01013,CHAMBLFERT,EQ,,,,,CHAMBAL FERTILIZERS LTD,439.00,439.10,433.50,433.95,434.80,434.85,,433.95,,,283276,123283174.05,11144,F1,1,,,,,
2026-08-20,2026-08-20,CM,NSE,STK,29541,INE11HG01018,CHAMUNDA,SM,,,,,CHAMUNDA ELECTRICAL LTD,43.95,43.95,43.95,43.95,43.95,41.40,,43.95,,,3000,131850.00,1,F1,3000,,,,,
2026-08-20,2026-08-20,CM,NSE,STK,29633,INE0B2N01016,CHANDAN,SM,,,,,CHANDAN HEALTHCARE LTD,242.30,242.30,234.00,235.60,235.00,240.00,,235.60,,,41600,9860480.00,50,F1,800,,,,,
2026-08-20,2026-08-20,CM,NSE,STK,18654,INE0PT101017,CHAVDA,SM,,,,,CHAVDA INFRA LIMITED,135.60,136.70,135.00,135.00,135.00,135.05,,135.00,,,19000,2573200.00,17,F1,1000,,,,,
2026-08-20,2026-08-20,CM,NSE,STK,757991,INE0TGX01019,CHEMBONDCH,BE,,,,,CHEMBOND CHEMICAL LIMITED,269.78,283.26,269.78,282.00,283.26,269.78,,282.07,,,21659,6076958.46,334,F1,1,,,,,
2026-08-20,2026-08-20,CM,NSE,STK,14618,INE995D01025,CHEMBOND,EQ,,,,,CHEMBOND MATERIALTECH LTD,169.00,176.99,163.50,167.47,167.00,166.00,,167.47,,,9118,1544785.62,246,F1,1,,,,,
2026-08-20,2026-08-20,CM,NSE,STK,276,INE03YM01018,CHEMCON,BE,,,,,CHEMCON SPECIAL CHEM LTD,185.00,189.50,185.00,187.73,188.00,187.80,,187.73,,,6510,1215620.54,172,F1,1,,,,,
2026-08-20,2026-08-20,CM,NSE,STK,765045,INE298W01016,CHEMCRUX,EQ,,,,,CHEMCRUX ENTERPRISES LTD.,85.80,87.00,85.00,86.62,87.00,85.25,,85.98,,,925,79134.68,35,F1,1,,,,,
2026-08-20,2026-08-20,CM,NSE,STK,2799,INE783X01023,CHEMFAB,EQ,,,,,CHEMFAB ALKALIS LIMITED,380.00,380.00,362.00,366.00,375.00,372.55,,366.25,,,3791,1420324.60,143,F1,1,,,,,
2026-08-20,2026-08-20,CM,NSE,STK,5449,INE488A01050,CHEMPLASTS,EQ,,,,,CHEMPLAST SANMAR LIMITED,180.68,181.43,174.50,175.14,175.00,179.68,,175.14,,,255786,45037644.73,5481,F1,1,,,,,
2026-08-20,2026-08-20,CM,NSE,STK,2049,INE178A01016,CHENNPETRO,EQ,,,,,CHENNAI PETROLEUM CORP LT,1457.00,1466.00,1379.60,1390.50,1386.30,1440.30,,1390.44,,,2227820,3122934576.90,67180,F1,1,,,,,
2026-08-20,2026-08-20,CM,NSE,STK,24625,INE0U1T01012,CHETANA,SM,,,,,CHETANA EDUCATION LIMITED,43.00,45.95,43.00,44.95,44.95,44.00,,44.95,,,19200,854320.00,9,F1,1600,,,,,
2026-08-20,2026-08-20,CM,NSE,STK,9879,INE974B01016,CHEVIOT,EQ,,,,,CHEVIOT COMPANY LIMITED,1143.10,1204.10,1143.10,1176.30,1180.00,1141.10,,1176.15,,,2845,3351103.00,500,F1,1,,,,,
2026-08-20,2026-08-20,CM,NSE,STK,8866,INE102B01014,CHOICEIN,EQ,,,,,CHOICE INTERNATIONAL LTD,802.80,819.00,802.80,809.70,808.00,800.45,,809.71,,,796294,647116712.05,13858,F1,1,,,,,
2026-08-20,2026-08-20,CM,NSE,STK,759610,INF2KCX01012,CHOICEGOLD,EQ,,,,,CHOICEAMC - CHOICEGOLD,155.00,155.00,152.72,154.25,154.59,150.73,,154.25,,,15587,2405268.18,162,F1,1,,,,,
2026-08-20,2026-08-20,CM,NSE,STK,21740,INE149A01033,CHOLAHLDNG,EQ,,,,,CHOLAMANDALAM FIN HOL LTD,1574.20,1583.00,1560.70,1574.20,1565.20,1557.30,,1574.21,,,52328,82410081.80,10414,F1,1,,,,,
2026-08-20,2026-08-20,CM,NSE,STK,685,INE121A01024,CHOLAFIN,EQ,,,,,CHOLAMANDALAM IN & FIN CO,1889.80,1907.00,1877.20,1888.90,1888.90,1873.50,,1888.95,,,624966,1183347603.10,25333,F1,1,,,,,
2026-08-20,2026-08-20,CM,NSE,STK,14937,INE536H01010,CIEINDIA,EQ,,,,,CIE AUTOMOTIVE INDIA LTD,407.50,410.20,403.00,403.80,404.00,406.65,,403.77,,,326973,133071448.05,11560,F1,1,,,,,
2026-08-20,2026-08-20,CM,NSE,STK,27161,INE704H01022,CINELINE,EQ,,,,,CINELINE INDIA LIMITED,87.50,89.48,85.40,86.71,86.60,87.33,,86.71,,,12808,1117407.32,254,F1,1,,,,,
2026-08-20,2026-08-20,CM,NSE,STK,8024,INE039B01026,CINEVISTA,EQ,,,,,CINEVISTA LIMITED,14.39,14.53,14.10,14.12,14.10,14.07,,14.12,,,5686,80619.37,58,F1,1,,,,,
2026-08-20,2026-08-20,CM,NSE,STK,694,INE059A01026,CIPLA,EQ,,,,,CIPLA LTD,1430.00,1439.40,1427.50,1438.00,1438.00,1422.00,,1438.00,,,327752,470168195.40,26001,F1,1,,,,,
2026-08-20,2026-08-20,CM,NSE,STK,763149,INE2Q7823014,CITIUSINVT,IV,,,,,CITIUS TRANSNET INV TRUST,113.00,115.36,113.00,113.60,113.51,112.51,,113.60,,,1147048,131488398.13,2122,F1,1,,,,,
2026-08-20,2026-08-20,CM,NSE,STK,5701,INE491A01021,CUB,EQ,,,,,CITY UNION BANK LTD,225.00,225.23,218.00,219.35,218.00,221.03,,219.33,,,1274243,281476690.64,25484,F1,1,,,,,
2026-08-20,2026-08-20,CM,NSE,STK,20233,INE201M01029,CLEDUCATE,BE,,,,,CL EDUCATE LIMITED,60.00,61.00,58.60,60.12,60.99,60.33,,60.06,,,13790,826790.69,84,F1,1,,,,,
2026-08-20,2026-08-20,CM,NSE,STK,758736,INE0UQ601012,CLASSICEIL,SM,,,,,CLASSIC ELECTRODE (IND) L,45.90,46.95,45.90,46.95,46.95,45.35,,46.95,,,3200,148560.00,2,F1,1600,,,,,
2026-08-20,2026-08-20,CM,NSE,STK,754695,INE1QGM01024,CLAYCRAFT,SM,,,,,CLAY CRAFT INDIA LIMITED,157.00,168.00,155.00,164.20,162.50,155.25,,164.20,,,156600,25435650.00,178,F1,600,,,,,
2026-08-20,2026-08-20,CM,NSE,STK,760183,INE647U01026,CLEANMAX,EQ,,,,,CLEAN MAX ENVIRO EN SOL L,1256.90,1259.50,1191.10,1220.10,1226.00,1243.80,,1219.38,,,233933,286409399.70,18911,F1,1,,,,,
2026-08-20,2026-08-20,CM,NSE,STK,5049,INE227W01023,CLEAN,EQ,,,,,CLEAN SCIENCE & TECH LTD,821.70,848.90,821.70,834.70,832.00,819.30,,834.68,,,453366,379655337.95,19700,F1,1,,,,,
2026-08-20,2026-08-20,CM,NSE,STK,760143,INE1EF801010,CSSL,SM,,,,,CLEAR SECURED SERVICES L,98.00,98.00,90.00,92.05,94.50,99.00,,92.05,,,42000,3966000.00,38,F1,1000,,,,,
2026-08-20,2026-08-20,CM,NSE,STK,30893,INE00WV01027,CMRGREEN,EQ,,,,,CMR GREEN TECHNOLOGIES L,215.25,215.80,212.00,213.75,214.50,213.08,,213.75,,,469947,100651674.29,16253,F1,1,,,,,
2026-08-20,2026-08-20,CM,NSE,STK,7603,INE925R01014,CMSINFO,EQ,,,,,CMS INFO SYSTEMS LIMITED,246.05,253.20,244.50,249.55,250.00,246.00,,249.55,,,760725,189508778.55,32031,F1,1,,,,,
2026-08-20,2026-08-20,CM,NSE,STK,20374,INE522F01014,COALINDIA,EQ,,,,,COAL INDIA LTD,400.05,403.45,395.80,402.50,402.50,400.00,,402.52,,,5070984,2032003650.55,89806,F1,1,,,,,
2026-08-20,2026-08-20,CM,NSE,STK,6006,INE377E01024,COASTCORP,EQ,,,,,COASTAL CORPORATION LTD,42.04,42.33,38.75,40.57,40.60,42.04,,40.57,,,551226,22149466.96,3826,F1,1,,,,,
2026-08-20,2026-08-20,CM,NSE,STK,21508,INE704P01025,COCHINSHIP,EQ,,,,,COCHIN SHIPYARD LIMITED,1490.30,1496.80,1478.20,1489.00,1489.00,1485.00,,1489.04,,,458250,681632398.30,17246,F1,1,,,,,
2026-08-20,2026-08-20,CM,NSE,STK,11169,INE335K01011,COFFEEDAY,BE,,,,,COFFEE DAY ENTERPRISE LTD,29.35,29.90,28.75,29.26,29.02,29.35,,29.25,,,345554,10094182.67,943,F1,1,,,,,
2026-08-20,2026-08-20,CM,NSE,STK,11543,INE591G01025,COFORGE,EQ,,,,,COFORGE LIMITED,1835.00,1888.50,1826.50,1882.00,1882.00,1813.10,,1881.90,,,4002215,7491131106.40,107309,F1,1,,,,,
2026-08-20,2026-08-20,CM,NSE,STK,17945,INE03QK01018,COHANCE,EQ,,,,,COHANCE LIFESCIENCES LTD,450.00,484.00,448.35,475.55,475.20,446.85,,475.55,,,6561470,3113010585.95,143769,F1,1,,,,,
2026-08-20,2026-08-20,CM,NSE,STK,15141,INE259A01022,COLPAL,EQ,,,,,COLGATE PALMOLIVE LTD.,1889.80,1914.90,1875.00,1910.00,1910.00,1879.60,,1909.98,,,555231,1053934282.60,31721,F1,1,,,,,
2026-08-20,2026-08-20,CM,NSE,STK,762628,INE819A01049,COMFINTE,EQ,,,,,COMFORT INTECH LTD.,6.60,6.60,6.41,6.46,6.45,6.57,,6.44,,,75833,493652.17,304,F1,1,,,,,
2026-08-20,2026-08-20,CM,NSE,STK,21578,INE073V01015,COMSYN,EQ,,,,,COMMERCIAL SYN BAGS LTD,282.90,293.00,279.55,289.77,288.80,280.55,,289.76,,,115630,33461170.37,2428,F1,1,,,,,
2026-08-20,2026-08-20,CM,NSE,STK,19513,INE597Z01014,COMMITTED,SM,,,,,COMMITTED CARGO CARE LTD,347.40,347.40,347.40,347.40,347.40,347.00,,347.40,,,800,277920.00,1,F1,800,,,,,
2026-08-20,2026-08-20,CM,NSE,STK,764648,INE823B01015,COMPEAU,EQ,,,,,COMPETENT AUTOMOB CO. L,354.00,354.00,345.00,353.60,354.00,344.05,,353.78,,,818,288647.60,15,F1,1,,,,,
2026-08-20,2026-08-20,CM,NSE,STK,19670,INE070C01037,COMPINFO,BZ,,,,,COMPUAGE INFOCOM LTD,1.03,1.09,1.03,1.07,1.07,1.04,,1.07,,,15934,17165.66,25,F1,1,,,,,
2026-08-20,2026-08-20,CM,NSE,STK,31138,INE453B01029,COMPUSOFT,EQ,,,,,COMPUCOM SOFTWARE LTD,14.23,15.00,13.37,14.12,14.34,13.87,,14.15,,,187895,2684501.42,772,F1,1,,,,,
2026-08-20,2026-08-20,CM,NSE,STK,342,INE596I01020,CAMS,EQ,,,,,COMPUTER AGE MNGT SER LTD,759.00,761.00,747.75,749.25,749.25,754.30,,749.26,,,1370564,1034784256.35,44077,F1,1,,,,,
2026-08-20,2026-08-20,CM,NSE,STK,18060,INE338H01029,CONCORDBIO,EQ,,,,,CONCORD BIOTECH LIMITED,1594.80,1615.00,1568.10,1576.70,1576.90,1587.50,,1576.66,,,146782,233253334.70,17601,F1,1,,,,,
2026-08-20,2026-08-20,CM,NSE,STK,28764,INE037Z01029,CEWATER,EQ,,,,,CONCORD ENVIRO SYSTEMS L,277.05,278.45,262.05,271.75,269.00,275.70,,271.68,,,175590,47155299.40,5314,F1,1,,,,,
2026-08-20,2026-08-20,CM,NSE,STK,764638,INE700F01024,CFEL,EQ,,,,,CONFIDENCE FUTURIST ENE L,31.95,31.95,30.12,31.13,30.33,30.50,,30.49,,,6062,187150.38,62,F1,1,,,,,
2026-08-20,2026-08-20,CM,NSE,STK,10238,INE552D01024,CONFIPET,EQ,,,,,CONFIDENCE PETRO IND LTD.,73.00,73.64,71.60,72.16,72.00,72.49,,72.17,,,1976323,143135888.97,5200,F1,1,,,,,
2026-08-20,2026-08-20,CM,NSE,STK,758453,INE0EAS01014,CONNPLEX,SM,,,,,CONNPLEX CINEMAS LIMITED,224.00,225.00,214.10,214.85,214.10,220.00,,214.85,,,30400,6641920.00,31,F1,800,,,,,
2026-08-20,2026-08-20,CM,NSE,STK,14992,INE429I01024,CCCL,EQ,,,,,CONS. CONST. CONSORT LTD,15.32,15.40,15.10,15.22,15.25,15.16,,15.22,,,76845,1171469.63,365,F1,1,,,,,
2026-08-20,2026-08-20,CM,NSE,STK,11732,INE025A01027,CONSOFINVT,BE,,,,,CONSO. FIN. & HOLD. LTD.,283.00,283.00,270.00,271.30,272.00,282.45,,271.30,,,1821,496747.25,57,F1,1,,,,,
2026-08-20,2026-08-20,CM,NSE,STK,4749,INE111A01025,CONCOR,EQ,,,,,CONTAINER CORP OF IND LTD,517.20,524.40,513.80,519.00,519.00,514.35,,518.98,,,696568,362244130.20,14438,F1,1,,,,,
2026-08-20,2026-08-20,CM,NSE,STK,2531,INE340Z01019,CONTI,SM,,,,,CONTINENTAL SEED CHEM LTD,11.60,11.60,11.05,11.10,11.05,11.60,,11.10,,,19998,226977.30,6,F1,3333,,,,,
2026-08-20,2026-08-20,CM,NSE,STK,17477,INE663B01015,CONTROLPR,EQ,,,,,CONTROL PRINT LIMITED,571.10,575.80,565.00,565.90,565.05,570.10,,565.98,,,11348,6442988.70,1219,F1,1,,,,,
2026-08-20,2026-08-20,CM,NSE,STK,8567,INE0HS001028,COOLCAPS,ST,,,,,COOL CAPS INDUSTRIES LTD,20.05,20.85,20.00,20.85,20.85,20.95,,20.85,,,18750,383062.50,11,F1,1250,,,,,
2026-08-20,2026-08-20,CM,NSE,STK,4007,INE558D01021,CORALFINAC,EQ,,,,,CORAL INDIA FIN & HOUS LT,33.35,35.49,33.14,34.11,33.90,33.82,,34.10,,,415404,14310783.91,2510,F1,1,,,,,
2026-08-20,2026-08-20,CM,NSE,STK,15275,INE792I01017,CORDSCABLE,BE,,,,,CORDS CABLE INDUS LTD.,247.77,247.77,235.10,241.06,241.00,235.98,,241.11,,,146811,35927686.19,1041,F1,1,,,,,
2026-08-20,2026-08-20,CM,NSE,STK,739,INE169A01031,COROMANDEL,EQ,,,,,COROMANDEL INTERNTL. LTD,2048.00,2055.00,1995.00,2004.80,1997.00,2038.10,,2004.84,,,86412,174409679.60,16439,F1,1,,,,,
2026-08-20,2026-08-20,CM,NSE,STK,760254,INE02ZQ01018,CORONA,EQ,,,,,CORONA REMEDIES LIMITED,2124.90,2192.80,2124.90,2165.80,2175.00,2121.40,,2165.75,,,27029,58409364.40,5824,F1,1,,,,,
2026-08-20,2026-08-20,CM,NSE,STK,742,INE757A01017,COSMOFIRST,EQ,,,,,COSMO FIRST LIMITED,947.55,951.95,927.65,938.45,941.95,930.70,,938.25,,,56461,53094468.60,3721,F1,1,,,,,
2026-08-20,2026-08-20,CM,NSE,STK,6385,INE652F01027,CCHHL,EQ,,,,,COUNTRY CLUB HOSP HOL LTD,12.55,12.68,12.36,12.54,12.54,12.34,,12.54,,,7182,90029.17,66,F1,1,,,,,
2026-08-20,2026-08-20,CM,NSE,STK,16989,INE695B01025,COUNCODOS,BE,,,,,COUNTRY CONDO S LIMITED,6.99,7.00,6.65,6.80,6.85,6.99,,6.79,,,251651,1727887.30,533,F1,1,,,,,
2026-08-20,2026-08-20,CM,NSE,STK,20086,INE521J01018,CPCAP,EQ,,,,,CP CAPITAL LIMITED,122.10,128.00,121.99,123.56,124.88,123.46,,123.56,,,21228,2670371.38,1078,F1,1,,,,,
2026-08-20,2026-08-20,CM,NSE,STK,2328,INF457M01133,CPSEETF,EQ,,,,,CPSE ETF,93.14,94.01,92.79,93.54,93.57,93.14,,93.54,,,594814,55508540.30,6329,F1,1,,,,,
2026-08-20,2026-08-20,CM,NSE,STK,2854,INE00LO01017,CRAFTSMAN,EQ,,,,,CRAFTSMAN AUTOMATION LTD,10810.00,10852.50,10669.00,10690.50,10693.50,10779.00,,10690.08,,,14764,158157340.50,4739,F1,1,,,,,
2026-08-20,2026-08-20,CM,NSE,STK,764653,INE145E01017,CRAVATEX,EQ,,,,,CRAVATEX LTD.,349.00,355.50,341.25,355.25,355.50,347.90,,355.25,,,217,76332.00,15,F1,1,,,,,
2026-08-20,2026-08-20,CM,NSE,STK,16419,INE0OFK01019,CRAYONS,SM,,,,,CRAYONS ADVERTISING LTD,26.85,28.00,26.80,28.00,28.00,28.20,,28.00,,,6000,162050.00,4,F1,1000,,,,,
2026-08-20,2026-08-20,CM,NSE,STK,9384,INE230B01021,CREATIVEYE,EQ,,,,,CREATIVE EYE LIMITED,6.10,6.33,5.96,6.10,6.15,6.15,,6.10,,,18261,109782.77,53,F1,1,,,,,
2026-08-20,2026-08-20,CM,NSE,STK,23468,INE0R7401011,CGRAPHICS,SM,,,,,CREATIVE GRAPHICS S IND L,138.25,140.00,134.50,138.10,137.00,138.35,,138.10,,,44000,6082280.00,39,F1,800,,,,,
2026-08-20,2026-08-20,CM,NSE,STK,11155,INE985W01018,CNL,EQ,,,,,CREATIVE NEWTECH LIMITED,1251.15,1256.00,1227.30,1248.15,1255.90,1226.35,,1247.82,,,15504,19301751.30,1892,F1,1,,,,,
2026-08-20,2026-08-20,CM,NSE,STK,765306,INE1KPX01025,CREDENT,ST,,,,,CREDENT CONNECT N CARE L,359.10,377.05,359.10,377.05,377.05,189.00,,377.05,,,2511000,919687230.00,2328,F1,600,,,,,
2026-08-20,2026-08-20,CM,NSE,STK,4421,INE741K01010,CREDITACC,EQ,,,,,CREDITACCESS GRAMEEN LTD,1520.00,1543.00,1520.00,1534.50,1538.00,1519.40,,1534.50,,,57712,88645488.70,10010,F1,1,,,,,
2026-08-20,2026-08-20,CM,NSE,STK,20878,INE220Q01020,MUFTI,EQ,,,,,CREDO BRANDS MARKETING L,78.20,78.90,77.00,77.19,77.40,77.46,,77.19,,,99190,7676697.14,791,F1,1,,,,,
2026-08-20,2026-08-20,CM,NSE,STK,765050,INE716D01033,CRSL,EQ,,,,,CRESSANDA RAILWAY SOLUT L,2.79,3.09,2.70,3.09,3.09,2.58,,3.09,,,8160299,24420507.68,5321,F1,1,,,,,
2026-08-20,2026-08-20,CM,NSE,STK,13900,INE559D01011,CREST,EQ,,,,,CREST VENTURES LIMITED,355.75,368.00,355.65,364.95,359.25,363.85,,364.68,,,8032,2922282.10,155,F1,1,,,,,
2026-08-20,2026-08-20,CM,NSE,STK,757,INE007A01025,CRISIL,EQ,,,,,CRISIL LTD,4499.90,4559.30,4470.10,4478.60,4471.70,4499.40,,4478.61,,,22401,100930958.90,6297,F1,1,,,,,
2026-08-20,2026-08-20,CM,NSE,STK,757850,INE0S4R01014,CRIZAC,EQ,,,,,CRIZAC LIMITED,172.00,174.99,170.46,171.34,171.80,171.62,,171.36,,,213906,36951241.95,5877,F1,1,,,,,
2026-08-20,2026-08-20,CM,NSE,STK,17094,INE299U01018,CROMPTON,EQ,,,,,CROMPT GREA CON ELEC LTD,246.00,255.25,246.00,252.00,252.00,245.50,,252.00,,,4143736,1042192097.60,37494,F1,1,,,,,
2026-08-20,2026-08-20,CM,NSE,STK,18263,INE00NH01017,CLSL,ST,,,,,CROP LIFE SCIENCE LIMITED,82.70,83.20,77.00,82.65,83.00,79.40,,82.65,,,28000,2290900.00,14,F1,2000,,,,,
2026-08-20,2026-08-20,CM,NSE,STK,8083,INE491V01019,CROWN,EQ,,,,,CROWN LIFTERS LIMITED,103.10,104.99,103.00,104.17,104.25,103.68,,104.17,,,4396,456033.81,145,F1,1,,,,,
2026-08-20,2026-08-20,CM,NSE,STK,14966,INE679A01013,CSBBANK,EQ,,,,,CSB BANK LIMITED,321.00,330.60,317.25,320.90,321.25,314.60,,320.90,,,1467715,474546231.50,21944,F1,1,,,,,
2026-08-20,2026-08-20,CM,NSE,STK,10350,INE718F01018,CSLFINANCE,EQ,,,,,CSL FINANCE LIMITED,225.00,226.21,224.21,225.29,225.00,223.47,,225.29,,,24831,5589529.09,356,F1,1,,,,,
2026-08-20,2026-08-20,CM,NSE,STK,763753,INE0ZK601013,CSM,EQ,,,,,CSM TECHNOLOGIES LIMITED,99.25,100.00,97.32,99.37,99.03,99.25,,99.34,,,285697,28338813.38,1778,F1,1,,,,,
2026-08-20,2026-08-20,CM,NSE,STK,15078,INE0NR623014,CUBEINVIT,IV,,,,,CUBE HIGHWAYS TRUST,157.45,157.95,156.90,157.20,156.90,157.44,,157.20,,,261544,41175816.00,4087,F1,1,,,,,
2026-08-20,2026-08-20,CM,NSE,STK,4064,INE144D01012,CUBEXTUB,EQ,,,,,CUBEX TUBINGS LTD,79.90,79.90,78.41,78.80,78.44,78.06,,78.80,,,46952,3713205.52,1993,F1,1,,,,,
2026-08-20,2026-08-20,CM,NSE,STK,1901,INE298A01020,CUMMINSIND,EQ,,,,,CUMMINS INDIA LTD,5250.00,5252.50,5192.50,5205.00,5205.00,5220.00,,5204.99,,,253759,1322599860.00,32363,F1,1,,,,,
2026-08-20,2026-08-20,CM,NSE,STK,18520,INE509F01029,CUPID,EQ,,,,,CUPID LIMITED,286.10,286.10,280.00,282.43,282.30,284.56,,282.43,,,25940605,7322886489.70,153919,F1,1,,,,,
2026-08-20,2026-08-20,CM,NSE,STK,30189,INE117B01020,CURAA,EQ,,,,,CURA TECHNOLOGIES LIMITED,63.00,77.99,63.00,77.47,77.70,72.00,,77.06,,,923,67741.42,52,F1,1,,,,,
2026-08-20,2026-08-20,CM,NSE,STK,759825,INE1BZN01016,CURIS,SM,,,,,CURIS LIFESCIENCES LTD,112.50,124.00,112.50,124.00,124.00,111.00,,124.00,,,11000,1288550.00,11,F1,1000,,,,,
2026-08-20,2026-08-20,CM,NSE,STK,758964,INE1CRQ01014,CURRENT,SM,,,,,CURRENT INFRAPROJECTS LTD,100.00,100.00,100.00,100.00,100.00,101.20,,100.00,,,1600,160000.00,1,F1,1600,,,,,
2026-08-20,2026-08-20,CM,NSE,STK,11842,INE278G01037,CYBERMEDIA,EQ,,,,,CYBER MEDIA (INDIA) LTD.,16.27,16.95,16.26,16.56,16.56,16.70,,16.56,,,11591,191054.24,35,F1,1,,,,,
2026-08-20,2026-08-20,CM,NSE,STK,11447,INE075Z01011,CMRSL,SM,,,,,CYBER MEDIA RES & SER LTD,70.85,71.20,69.00,69.00,69.00,69.85,,69.00,,,3200,225640.00,4,F1,800,,,,,
2026-08-20,2026-08-20,CM,NSE,STK,6054,INE214A01019,CYBERTECH,BE,,,,,CYBERTECH SYSTEMS & SOFTW,138.41,138.41,132.51,133.05,135.00,135.54,,133.05,,,8874,1187813.09,165,F1,1,,,,,
2026-08-20,2026-08-20,CM,NSE,STK,17187,INE055S01018,CYIENTDLM,EQ,,,,,CYIENT DLM LIMITED,719.95,743.65,719.00,730.25,729.00,715.60,,730.27,,,516587,379417420.50,24508,F1,1,,,,,
2026-08-20,2026-08-20,CM,NSE,STK,5748,INE136B01020,CYIENT,EQ,,,,,CYIENT LIMITED,897.85,911.00,890.00,903.05,903.00,894.50,,903.03,,,600510,541602948.95,28632,F1,1,,,,,
2026-08-20,2026-08-20,CM,NSE,STK,16902,INE864X01013,DPWIRES,BE,,,,,D P WIRES LIMITED,157.90,162.88,157.00,158.07,159.00,160.07,,158.09,,,5303,841928.62,135,F1,1,,,,,
2026-08-20,2026-08-20,CM,NSE,STK,17851,INE250K01012,DLINKINDIA,EQ,,,,,D-LINK INDIA LTD,443.00,447.00,436.20,438.40,438.00,445.75,,438.37,,,158780,70173928.95,6524,F1,1,,,,,
2026-08-20,2026-08-20,CM,NSE,STK,936,INE266Y01019,DPABHUSHAN,EQ,,,,,D. P. ABHUSHAN LIMITED,1490.00,1494.00,1450.00,1461.70,1450.50,1467.90,,1461.86,,,21050,31001738.10,2042,F1,1,,,,,
2026-08-20,2026-08-20,CM,NSE,STK,17881,INE950I01011,DBCORP,EQ,,,,,D.B.CORP LTD,208.10,210.78,205.65,206.31,206.90,207.42,,206.29,,,146053,30345800.43,2989,F1,1,,,,,
2026-08-20,2026-08-20,CM,NSE,STK,772,INE016A01026,DABUR,EQ,,,,,DABUR INDIA LTD,402.10,402.10,398.70,400.00,400.00,399.75,,400.01,,,913960,365806810.60,17616,F1,1,,,,,
2026-08-20,2026-08-20,CM,NSE,STK,762633,INE928C01010,DAICHI,EQ,,,,,DAI-ICHI KARKARIA LTD.,332.00,332.00,315.10,316.35,315.10,322.00,,316.35,,,2503,794233.95,71,F1,1,,,,,
2026-08-20,2026-08-20,CM,NSE,STK,8075,INE00R701025,DALBHARAT,EQ,,,,,DALMIA BHARAT LIMITED,1875.00,1925.00,1864.00,1897.00,1897.00,1875.00,,1897.00,,,582875,1109919798.10,31128,F1,1,,,,,
2026-08-20,2026-08-20,CM,NSE,STK,781,INE495A01022,DALMIASUG,EQ,,,,,DALMIA BHARAT SUG IN LTD,475.85,517.00,469.20,508.10,506.00,475.55,,508.11,,,2265448,1142371592.45,53022,F1,1,,,,,
2026-08-20,2026-08-20,CM,NSE,STK,28662,INE284H01025,DAMCAPITAL,EQ,,,,,DAM CAPITAL ADVISORS LTD,145.11,148.40,144.25,145.54,144.70,144.85,,145.54,,,214405,31333624.30,2806,F1,1,,,,,
2026-08-20,2026-08-20,CM,NSE,STK,17569,INE497D01022,DAMODARIND,BE,,,,,DAMODAR INDUSTRIES LTD,27.49,27.49,27.00,27.49,27.49,27.60,,27.49,,,1028,27838.25,26,F1,1,,,,,
2026-08-20,2026-08-20,CM,NSE,STK,1110,INE688Y01022,DANGEE,EQ,,,,,DANGEE DUMS LIMITED,2.90,2.96,2.88,2.91,2.92,2.87,,2.91,,,19006,55364.21,79,F1,1,,,,,
2026-08-20,2026-08-20,CM,NSE,STK,25927,INE0YU901016,DANISH,SM,,,,,DANISH POWER LIMITED,804.00,804.00,778.50,781.05,785.50,790.10,,781.05,,,7050,5568142.50,42,F1,150,,,,,
2026-08-20,2026-08-20,CM,NSE,STK,757107,INE04Q901010,DCCL,SM,,,,,DAR CREDIT & CAPITAL LTD,46.40,46.40,46.40,46.40,46.40,46.40,,46.40,,,2000,92800.00,1,F1,2000,,,,,
2026-08-20,2026-08-20,CM,NSE,STK,7358,INE0IX101010,DATAPATTNS,EQ,,,,,DATA PATTERNS INDIA LTD,4810.00,4918.00,4652.10,4700.20,4681.40,4774.20,,4700.05,,,1272241,6114959371.30,117623,F1,1,,,,,
2026-08-20,2026-08-20,CM,NSE,STK,11423,INE365B01017,DATAMATICS,EQ,,,,,DATAMATICS GLOBAL SER LTD,829.00,836.50,818.20,820.90,818.55,817.10,,820.90,,,39461,32735857.05,2061,F1,1,,,,,
2026-08-20,2026-08-20,CM,NSE,STK,21794,INE179G01029,DAVANGERE,EQ,,,,,DAVANGERE SUGAR COMPANY L,3.06,3.06,2.96,2.99,3.00,2.99,,2.99,,,18598691,55781968.90,6126,F1,1,,,,,
2026-08-20,2026-08-20,CM,NSE,STK,31111,INE921B01025,DBSTOCKBRO,BE,,,,,DB (INT) STOCK BROKERS,33.99,33.99,31.19,31.77,33.48,32.48,,31.77,,,8198,263136.39,58,F1,1,,,,,
2026-08-20,2026-08-20,CM,NSE,STK,11566,INE0A1101019,DCI,EQ,,,,,DC INFOTECH AND COMUN LTD,365.90,382.50,365.90,376.85,373.00,366.85,,376.57,,,13651,5104957.70,776,F1,1,,,,,
2026-08-20,2026-08-20,CM,NSE,STK,13725,INE503A01015,DCBBANK,EQ,,,,,DCB BANK LIMITED,182.99,189.90,182.99,188.61,189.60,181.81,,188.59,,,2176082,409872507.27,26391,F1,1,,,,,
2026-08-20,2026-08-20,CM,NSE,STK,23520,INE0S8401018,DCG,SM,,,,,DCG CABLES & WIRES LTD,53.00,54.00,52.20,54.00,54.00,53.00,,54.00,,,13200,701340.00,10,F1,1200,,,,,
2026-08-20,2026-08-20,CM,NSE,STK,4775,INE891B01012,DCMFINSERV,EQ,,,,,DCM FINANCIAL SERVICES LT,5.50,5.80,5.14,5.50,5.57,5.50,,5.51,,,48142,266481.21,249,F1,1,,,,,
2026-08-20,2026-08-20,CM,NSE,STK,7323,INE498A01018,DCM,BE,,,,,DCM LIMITED,82.36,83.00,77.81,79.41,77.90,81.10,,79.56,,,15279,1254254.79,58,F1,1,,,,,
2026-08-20,2026-08-20,CM,NSE,STK,11039,INE08KP01019,DCMNVL,EQ,,,,,DCM NOUVELLE LIMITED,178.98,180.72,173.00,175.62,177.00,175.89,,175.65,,,15099,2668830.13,794,F1,1,,,,,
2026-08-20,2026-08-20,CM,NSE,STK,760893,INE0OFM01015,DSFCL,BE,,,,,DCM SHRIRAM FINE CHEM LTD,27.06,27.06,27.06,27.06,27.06,26.53,,27.03,,,47126,1275229.56,74,F1,1,,,,,
2026-08-20,2026-08-20,CM,NSE,STK,7325,INE843D01027,DCMSRIND,EQ,,,,,DCM SHRIRAM IND LTD,49.95,54.75,49.95,52.84,52.80,49.89,,52.89,,,1407124,73970215.94,6712,F1,1,,,,,
2026-08-20,2026-08-20,CM,NSE,STK,760896,INE0OU201013,DCMSIL,EQ,,,,,DCM SHRIRAM INTERNATNL L,76.90,78.49,75.10,76.10,76.00,74.58,,76.10,,,84590,6507571.39,710,F1,1,,,,,
2026-08-20,2026-08-20,CM,NSE,STK,811,INE499A01024,DCMSHRIRAM,EQ,,,,,DCM SHRIRAM LIMITED,1050.70,1083.90,1048.00,1079.70,1079.00,1049.40,,1079.54,,,239612,256364471.90,15693,F1,1,,,,,
2026-08-20,2026-08-20,CM,NSE,STK,817,INE500A01029,DCW,EQ,,,,,DCW LTD,43.47,44.38,43.33,44.01,44.12,43.26,,44.01,,,579389,25435907.29,2850,F1,1,,,,,
2026-08-20,2026-08-20,CM,NSE,STK,11895,INE0KL801015,DCXINDIA,EQ,,,,,DCX SYSTEMS LIMITED,174.67,176.74,173.25,173.71,173.85,174.67,,173.72,,,332449,58104174.71,5607,F1,1,,,,,
2026-08-20,2026-08-20,CM,NSE,STK,29098,INE0HR601026,DDEVPLSTIK,EQ,,,,,DDEV PLASTIKS IND LTD,281.00,285.00,275.20,276.50,277.00,280.20,,276.50,,,100944,28263028.40,3285,F1,1,,,,,
2026-08-20,2026-08-20,CM,NSE,STK,15449,INE0JWV01011,DENEERS,SM,,,,,DE NEERS TOOLS LIMITED,170.25,175.90,166.55,174.45,174.50,171.60,,174.45,,,14400,2481390.00,18,F1,600,,,,,
2026-08-20,2026-08-20,CM,NSE,STK,4279,INE244A01016,DENORA,EQ,,,,,DE NORA INDIA LIMITED,838.65,859.50,835.00,839.85,842.70,835.65,,839.78,,,1756,1485113.90,242,F1,1,,,,,
2026-08-20,2026-08-20,CM,NSE,STK,14838,INE583C01021,DECCANCE,EQ,,,,,DECCAN CEMENTS LIMITED,568.50,568.55,547.80,556.10,550.50,549.90,,556.08,,,31685,17613787.45,910,F1,1,,,,,
2026-08-20,2026-08-20,CM,NSE,STK,762638,INE945F01025,DECNGOLD,EQ,,,,,DECCAN GOLD MINES LTD.,238.49,248.80,238.00,242.66,242.70,233.21,,242.68,,,2916403,710961322.48,27068,F1,1,,,,,
2026-08-20,2026-08-20,CM,NSE,STK,25421,INE0S7C01019,DECCANTRAN,SM,,,,,DECCAN TRANSCON LEASING L,21.75,22.75,21.75,22.75,22.75,22.75,,22.75,,,2400,53400.00,2,F1,1200,,,,,
2026-08-20,2026-08-20,CM,NSE,STK,24154,INE841L01016,DEEDEV,EQ,,,,,DEE DEVELOPMENT ENG LTD,650.55,651.05,617.60,622.25,624.00,644.60,,622.18,,,196135,123056076.80,6767,F1,1,,,,,
2026-08-20,2026-08-20,CM,NSE,STK,3292,INE0FHS01024,DEEPINDS,EQ,,,,,DEEP INDUSTRIES LIMITED,661.55,680.00,642.05,658.45,659.95,667.35,,658.48,,,512601,339195339.05,18545,F1,1,,,,,
2026-08-20,2026-08-20,CM,NSE,STK,765055,INE00IY01012,DEEP,EQ,,,,,DEEP POLYMERS LTD.,38.66,38.90,35.11,37.18,37.36,37.90,,36.86,,,10108,378182.97,133,F1,1,,,,,
2026-08-20,2026-08-20,CM,NSE,STK,25894,INE0OPA01027,DBEIL,BE,,,,,DEEPAK BUILDERS & ENG I L,6.74,6.85,6.60,6.66,6.68,6.74,,6.66,,,182196,1210502.13,399,F1,1,,,,,
2026-08-20,2026-08-20,CM,NSE,STK,827,INE501A01019,DEEPAKFERT,EQ,,,,,DEEPAK FERTILIZERS & PETR,1487.90,1487.90,1454.00,1464.20,1464.20,1476.20,,1463.92,,,121797,179111077.90,10079,F1,1,,,,,
2026-08-20,2026-08-20,CM,NSE,STK,19943,INE288B01029,DEEPAKNTR,EQ,,,,,DEEPAK NITRITE LTD,1769.90,1778.90,1745.00,1750.40,1745.50,1768.30,,1750.38,,,127283,224384362.80,9691,F1,1,,,,,
2026-08-20,2026-08-20,CM,NSE,STK,22527,INE0SK801018,DELAPLEX,SM,,,,,DELAPLEX LIMITED,84.25,84.25,82.80,82.80,82.80,85.00,,82.80,,,20400,1709880.00,32,F1,600,,,,,
2026-08-20,2026-08-20,CM,NSE,STK,9599,INE148O01028,DELHIVERY,EQ,,,,,DELHIVERY LIMITED,453.00,457.00,449.35,450.10,450.10,450.00,,450.10,,,1139987,516734209.75,17160,F1,1,,,,,
2026-08-20,2026-08-20,CM,NSE,STK,24395,INE726L01027,DELPHIFX,BE,,,,,DELPHI WORLD MONEY LTD,6.82,6.82,6.51,6.55,6.55,6.63,,6.55,,,68992,461796.65,156,F1,1,,,,,
2026-08-20,2026-08-20,CM,NSE,STK,29092,INE0XRN01019,DELTIC,SM,,,,,DELTA AUTOCORP LIMITED,35.00,35.60,34.50,35.40,35.25,34.50,,35.40,,,20000,702850.00,16,F1,1000,,,,,
2026-08-20,2026-08-20,CM,NSE,STK,15044,INE124G01033,DELTACORP,EQ,,,,,DELTA CORP LIMITED,59.55,60.39,59.45,59.52,59.55,59.68,,59.51,,,552700,33028773.23,4712,F1,1,,,,,
2026-08-20,2026-08-20,CM,NSE,STK,1214,INE393A01011,DELTAMAGNT,EQ,,,,,DELTA MANUFACTURING LTD,59.70,59.70,57.10,58.27,58.99,57.28,,58.20,,,651,37727.30,34,F1,1,,,,,
2026-08-20,2026-08-20,CM,NSE,STK,17722,INE947J01015,DEN,EQ,,,,,DEN NETWORKS LTD,27.28,28.17,27.20,27.75,27.84,27.38,,27.75,,,468961,12991679.18,1680,F1,1,,,,,
2026-08-20,2026-08-20,CM,NSE,STK,29256,INE0R4L01018,DENTA,EQ,,,,,DENTA WATER N INFRA SOL L,291.80,294.15,289.15,290.50,289.75,289.00,,290.50,,,92337,26918670.15,2965,F1,1,,,,,
2026-08-20,2026-08-20,CM,NSE,STK,759079,INE0VOV01021,DEVX,EQ,,,,,DEV ACCELERATOR LIMITED,34.00,35.50,33.00,34.72,34.32,33.96,,34.63,,,78870,2713179.56,1952,F1,1,,,,,
2026-08-20,2026-08-20,CM,NSE,STK,8146,INE060X01034,DEVIT,EQ,,,,,DEV INFO TECHNOLOGY LTD,25.04,26.50,24.00,24.66,24.95,24.97,,24.66,,,96886,2433839.07,812,F1,1,,,,,
2026-08-20,2026-08-20,CM,NSE,STK,5373,INE872J01023,DEVYANI,EQ,,,,,DEVYANI INTERNATIONAL LTD,144.06,148.00,143.50,147.79,147.80,142.90,,147.79,,,7212958,1056831236.69,37318,F1,1,,,,,
2026-08-20,2026-08-20,CM,NSE,STK,764658,INE260R01016,DHABRIYA,EQ,,,,,DHABRIYA POLYWOOD LTD.,600.00,600.00,548.00,555.25,550.00,587.00,,555.66,,,59063,33449655.25,2193,F1,1,,,,,
2026-08-20,2026-08-20,CM,NSE,STK,10893,INE0I3401014,DBOL,EQ,,,,,DHAMPUR BIO ORGANICS LTD,131.89,139.00,128.21,135.61,135.30,129.26,,135.62,,,1418477,189808536.45,16835,F1,1,,,,,
2026-08-20,2026-08-20,CM,NSE,STK,857,INE041A01016,DHAMPURSUG,EQ,,,,,DHAMPUR SUGAR MILLS LTD.,179.70,192.89,178.97,189.76,189.50,176.18,,189.74,,,6615935,1243559982.58,68751,F1,1,,,,,
2026-08-20,2026-08-20,CM,NSE,STK,11359,INE680A01011,DHANBANK,EQ,,,,,DHANLAXMI BANK LIMITED,32.56,32.68,32.20,32.49,32.31,32.22,,32.50,,,391482,12673058.67,1798,F1,1,,,,,
2026-08-20,2026-08-20,CM,NSE,STK,27723,INE0V9V01010,DHANLAXMI,SM,,,,,DHANLAXMI CROP SCIENCE L,24.30,25.70,24.30,25.00,25.00,24.40,,25.00,,,8000,201200.00,4,F1,2000,,,,,
2026-08-20,2026-08-20,CM,NSE,STK,24415,INE0M3I01029,DHANSA,SM,,,,,DHANSA LABS LIMITED,21.20,21.30,20.30,21.30,21.30,20.30,,21.30,,,16000,338600.00,8,F1,2000,,,,,
2026-08-20,2026-08-20,CM,NSE,STK,24409,INE435G01025,DHANUKA,EQ,,,,,DHANUKA AGRITECH LTD,995.20,1000.00,994.10,996.30,999.10,994.10,,996.28,,,9266,9236163.60,1506,F1,1,,,,,
2026-08-20,2026-08-20,CM,NSE,STK,760492,INE2HJL01019,DHARARAIL,ST,,,,,DHARA RAIL PROJECTS LTD,141.95,145.95,141.95,145.95,145.95,139.00,,145.95,,,24000,3480000.00,21,F1,1000,,,,,
2026-08-20,2026-08-20,CM,NSE,STK,759203,INE278R01034,DHARAN,BZ,,,,,DHARAN INFRA-EPC LIMITED,0.16,0.16,0.15,0.15,0.16,0.15,,0.15,,,8970516,1408844.08,1221,F1,1,,,,,
2026-08-20,2026-08-20,CM,NSE,STK,24747,INE0YRN01025,DHARIWAL,SM,,,,,DHARIWALCORP LIMITED,17.80,18.20,17.15,17.95,17.95,18.05,,17.95,,,282000,4932450.00,65,F1,3000,,,,,
2026-08-20,2026-08-20,CM,NSE,STK,13001,INE00OQ01016,DHARMAJ,EQ,,,,,DHARMAJ CROP GUARD LTD,269.40,273.00,268.35,270.05,272.00,269.20,,270.05,,,26000,7031485.75,1281,F1,1,,,,,
2026-08-20,2026-08-20,CM,NSE,STK,765060,INE715T01031,DHATRE,EQ,,,,,DHATRE UDYOG LTD.,4.50,4.71,3.85,4.60,4.61,4.37,,4.61,,,72001,324066.77,215,F1,1,,,,,
2026-08-20,2026-08-20,CM,NSE,STK,764553,INE01NH01023,DHOOTTRANS,EQ,,,,,DHOOT TRANSMISSION LTD,1400.00,1495.00,1355.00,1468.65,1470.85,1404.05,,1468.55,,,14246563,20664733104.25,454679,F1,1,,,,,
2026-08-20,2026-08-20,CM,NSE,STK,6858,INE506Z01015,DHRUV,EQ,,,,,DHRUV CONSULTANCY SER LTD,24.75,25.95,24.75,25.29,24.81,25.62,,25.29,,,10498,264612.38,86,F1,1,,,,,
2026-08-20,2026-08-20,CM,NSE,STK,22233,INE320L01011,DHUNINV,EQ,,,,,DHUNSERI INVESTMENTS LTD,980.00,1016.00,960.30,963.20,960.30,955.45,,963.33,,,503,497235.00,102,F1,1,,,,,
2026-08-20,2026-08-20,CM,NSE,STK,6227,INE341R01014,DTIL,EQ,,,,,DHUNSERI TEA & IND. LTD.,134.88,137.99,134.88,134.95,135.03,134.88,,134.95,,,2739,373544.43,118,F1,1,,,,,
2026-08-20,2026-08-20,CM,NSE,STK,15214,INE477B01010,DVL,EQ,,,,,DHUNSERI VENTURES LIMITED,265.40,267.99,261.37,263.34,261.37,263.83,,263.34,,,8027,2120178.05,277,F1,1,,,,,
2026-08-20,2026-08-20,CM,NSE,STK,18644,INE591D01014,DIAMINESQ,EQ,,,,,DIAMINES & CHEMICALS LTD,238.00,242.00,234.17,236.46,234.17,238.98,,236.46,,,1877,445071.32,181,F1,1,,,,,
2026-08-20,2026-08-20,CM,NSE,STK,18545,INE989C01038,DIACABS,BE,,,,,DIAMOND POWER INFRA LTD,366.00,366.00,345.35,353.90,354.00,359.40,,353.91,,,615201,218324211.35,5798,F1,1,,,,,
2026-08-20,2026-08-20,CM,NSE,STK,703,INE303A01010,DICIND,EQ,,,,,DIC INDIA LIMITED,584.75,599.40,580.00,589.60,590.00,576.90,,589.62,,,7117,4206837.10,274,F1,1,,,,,
2026-08-20,2026-08-20,CM,NSE,STK,24313,INE0JRD01019,DTL,SM,,,,,DIENSTEN TECH LIMITED,117.10,129.95,115.00,120.00,125.00,116.00,,120.00,,,4800,584460.00,4,F1,1200,,,,,
2026-08-20,2026-08-20,CM,NSE,STK,25672,INE184O01015,DIFFNKG,EQ,,,,,DIFFUSION ENGINEERS LTD,409.95,409.95,398.10,401.80,403.80,406.20,,401.82,,,79391,32007195.10,2995,F1,1,,,,,
2026-08-20,2026-08-20,CM,NSE,STK,10346,INE03JI01017,DGCONTENT,EQ,,,,,DIGICONTENT LIMITED,23.80,24.77,23.54,24.12,24.25,23.80,,24.12,,,598,14391.98,37,F1,1,,,,,
2026-08-20,2026-08-20,CM,NSE,STK,21247,INE0PSC01024,DIGIDRIVE,EQ,,,,,DIGIDRIVE DISTRIBUTORS L,17.88,17.88,17.20,17.26,17.55,17.21,,17.43,,,10914,191740.77,113,F1,1,,,,,
2026-08-20,2026-08-20,CM,NSE,STK,19138,INE0QJ901011,DIGIKORE,SM,,,,,DIGIKORE STUDIOS LIMITED,37.00,37.00,34.50,35.15,35.10,35.75,,35.15,,,38000,1346000.00,73,F1,400,,,,,
2026-08-20,2026-08-20,CM,NSE,STK,16683,INE927C01020,DIGISPICE,EQ,,,,,DIGISPICE TECHNOLOGIES LT,17.02,17.49,16.36,17.19,17.19,17.02,,17.20,,,79348,1354077.70,349,F1,1,,,,,
2026-08-20,2026-08-20,CM,NSE,STK,757515,INE0U4701011,DIGITIDE,EQ,,,,,DIGITIDE SOLUTIONS LTD,95.15,97.26,95.15,96.57,96.99,94.69,,96.57,,,143595,13828656.77,1494,F1,1,,,,,
2026-08-20,2026-08-20,CM,NSE,STK,6127,INE731U01028,DIGJAMLMTD,EQ,,,,,DIGJAM LTD,52.00,52.44,50.79,51.55,51.55,51.30,,51.55,,,4395,227635.99,84,F1,1,,,,,
2026-08-20,2026-08-20,CM,NSE,STK,641,INE016M01021,DNAMEDIA,EQ,,,,,DILIGENT MEDIA CORP LTD.,2.55,2.79,2.40,2.51,2.72,2.49,,2.51,,,99935,251716.24,305,F1,1,,,,,
2026-08-20,2026-08-20,CM,NSE,STK,18086,INE917M01012,DBL,EQ,,,,,DILIP BUILDCON LIMITED,420.05,420.85,413.00,415.00,415.25,416.20,,414.97,,,127166,52987277.15,3413,F1,1,,,,,
2026-08-20,2026-08-20,CM,NSE,STK,762643,INE131C01011,DISAQ,EQ,,,,,DISA INDIA LTD.,11985.00,12010.00,11152.00,11508.00,11550.00,11803.00,,11512.24,,,686,8042091.00,463,F1,1,,,,,
2026-08-20,2026-08-20,CM,NSE,STK,14537,INE836F01026,DISHTV,EQ,,,,,DISH TV INDIA LTD.,2.79,2.82,2.75,2.79,2.80,2.78,,2.79,,,1205674,3342675.97,1034,F1,1,,,,,
2026-08-20,2026-08-20,CM,NSE,STK,21704,INE385W01011,DCAL,EQ,,,,,DISHMAN CARBO AMCIS LTD,172.30,175.80,171.32,172.41,172.00,172.40,,172.38,,,354953,61466071.82,5674,F1,1,,,,,
2026-08-20,2026-08-20,CM,NSE,STK,14479,INE753U01022,DIVGIITTS,EQ,,,,,DIVGI TORQTRANSFER SYST L,1288.05,1292.95,1257.20,1263.45,1261.00,1267.40,,1263.60,,,67192,85715380.60,6175,F1,1,,,,,
2026-08-20,2026-08-20,CM,NSE,STK,10940,INE361B01024,DIVISLAB,EQ,,,,,DIVI S LABORATORIES LTD,8590.00,8597.50,8532.00,8570.00,8570.00,8560.00,,8570.18,,,198190,1697954416.50,23057,F1,1,,,,,
2026-08-20,2026-08-20,CM,NSE,STK,30262,INE0NA501011,DIVINEHIRA,ST,,,,,DIVINE HIRA JEWELLERS LTD,111.60,111.95,111.60,111.95,111.95,111.60,,111.95,,,9600,1072860.00,5,F1,1200,,,,,
2026-08-20,2026-08-20,CM,NSE,STK,24286,INE0SCO01019,DPEL,SM,,,,,DIVINE POWER ENERGY LTD,580.00,585.55,562.15,576.95,575.00,578.45,,576.95,,,30500,17545600.00,59,F1,500,,,,,
2026-08-20,2026-08-20,CM,NSE,STK,21690,INE935N01020,DIXON,EQ,,,,,DIXON TECHNO (INDIA) LTD,14510.00,14953.00,14470.00,14850.00,14850.00,14462.00,,14850.00,,,639826,9434791683.00,64221,F1,1,,,,,
2026-08-20,2026-08-20,CM,NSE,STK,12749,INE0B1K01014,DJML,EQ,,,,,DJ MEDIAPRINT & LOG LTD,104.30,106.27,101.00,101.95,104.20,104.92,,101.95,,,180671,18833922.25,4583,F1,1,,,,,
2026-08-20,2026-08-20,CM,NSE,STK,14732,INE271C01023,DLF,EQ,,,,,DLF LIMITED,674.00,682.45,671.95,676.15,676.15,669.90,,676.17,,,2371022,1608011913.50,40464,F1,1,,,,,
2026-08-20,2026-08-20,CM,NSE,STK,6973,INE505A01010,DMCC,EQ,,,,,DMCC SPECIALITY CHEMICALS,293.65,293.65,285.40,287.30,287.75,291.10,,287.29,,,23820,6873647.15,1190,F1,1,,,,,
2026-08-20,2026-08-20,CM,NSE,STK,22533,INE0OGG01015,DHTL,SM,,,,,DOCMODE HEALTH TECH LTD,33.10,33.10,33.10,33.10,33.10,31.55,,33.10,,,800,26480.00,1,F1,800,,,,,
2026-08-20,2026-08-20,CM,NSE,STK,4822,INE021O01019,DODLA,EQ,,,,,DODLA DAIRY LIMITED,1100.80,1156.40,1089.90,1138.00,1143.30,1102.00,,1138.02,,,66486,75401146.60,7238,F1,1,,,,,
2026-08-20,2026-08-20,CM,NSE,STK,12124,INE966A01022,DOLATALGO,EQ,,,,,DOLAT ALGOTECH LIMITED,76.64,77.30,74.20,74.90,74.94,75.13,,74.90,,,373333,28311460.53,3428,F1,1,,,,,
2026-08-20,2026-08-20,CM,NSE,STK,20560,INE325C01035,DOLLAR,EQ,,,,,DOLLAR INDUSTRIES LIMITED,268.90,275.00,265.85,272.15,275.00,268.00,,272.21,,,118163,31928158.80,3591,F1,1,,,,,
2026-08-20,2026-08-20,CM,NSE,STK,13323,INE0JHH01011,DOLLEX,SM,,,,,DOLLEX AGROTECH LIMITED,34.00,34.00,32.55,33.30,33.90,32.80,,33.30,,,120000,3944200.00,20,F1,4000,,,,,
2026-08-20,2026-08-20,CM,NSE,STK,18139,INE920A01037,DOLPHIN,EQ,,,,,DOLPHIN OFF ENT (IND) L,613.00,656.25,604.95,621.60,617.30,619.25,,621.53,,,130726,83329581.35,5204,F1,1,,,,,
2026-08-20,2026-08-20,CM,NSE,STK,20551,INE321T01012,DOMS,EQ,,,,,DOMS INDUSTRIES LIMITED,2199.40,2239.60,2195.10,2209.90,2212.80,2193.10,,2209.91,,,22213,49209487.10,5189,F1,1,,,,,
2026-08-20,2026-08-20,CM,NSE,STK,13839,INE668D01028,DONEAR,EQ,,,,,DONEAR IND. LIMITED,89.10,90.31,87.66,88.95,88.75,88.60,,89.20,,,9154,813493.37,267,F1,1,,,,,
2026-08-20,2026-08-20,CM,NSE,STK,15423,INE360C01024,DPSCLTD,BE,,,,,DPSC LIMITED,7.01,7.22,7.01,7.16,7.15,7.14,,7.16,,,52546,375090.85,349,F1,1,,,,,
2026-08-20,2026-08-20,CM,NSE,STK,29452,INE943P01029,AGARWALEYE,EQ,,,,,DR AGARWALS HEALTH CARE L,502.95,505.00,491.70,503.10,500.20,501.85,,503.10,,,309690,154592404.60,11924,F1,1,,,,,
2026-08-20,2026-08-20,CM,NSE,STK,762648,INE934C01018,DRAGARWQ,EQ,,,,,DR. AGARWAL'S EYE HOSP L,5301.00,5333.50,5278.00,5307.00,5305.00,5327.50,,5307.94,,,606,3213954.50,168,F1,1,,,,,
2026-08-20,2026-08-20,CM,NSE,STK,11654,INE600L01024,LALPATHLAB,EQ,,,,,DR. LAL PATH LABS LTD.,1901.30,1908.00,1873.40,1889.40,1888.00,1887.20,,1889.39,,,308167,582400120.20,42300,F1,1,,,,,
2026-08-20,2026-08-20,CM,NSE,STK,881,INE089A01031,DRREDDY,EQ,,,,,DR. REDDY S LABORATORIES,1171.20,1183.80,1171.20,1180.00,1180.00,1170.00,,1180.00,,,1031107,1214777346.10,43167,F1,1,,,,,
2026-08-20,2026-08-20,CM,NSE,STK,2645,INE03RS01027,DRCSYSTEMS,EQ,,,,,DRC SYSTEMS INDIA LIMITED,12.95,13.05,12.61,12.76,12.75,12.83,,12.76,,,59131,755941.56,342,F1,1,,,,,
2026-08-20,2026-08-20,CM,NSE,STK,10859,INE0JS101016,DREAMFOLKS,EQ,,,,,DREAMFOLKS SERVICES LTD,65.98,68.78,65.52,68.41,68.60,65.35,,68.40,,,68632,4674270.20,1718,F1,1,,,,,
2026-08-20,2026-08-20,CM,NSE,STK,11271,INE506A01018,DREDGECORP,EQ,,,,,DREDGING CORP OF INDIA,1199.00,1204.00,1111.50,1118.30,1126.00,1189.20,,1118.34,,,253900,292284106.40,15616,F1,1,,,,,
2026-08-20,2026-08-20,CM,NSE,STK,17372,INE0P7201019,DRONE,SM,,,,,DRONE DESTINATION LIMITED,38.60,39.40,38.10,38.20,38.25,38.60,,38.20,,,18500,713825.00,20,F1,500,,,,,
2026-08-20,2026-08-20,CM,NSE,STK,778,INE055C01020,KEEPLEARN,EQ,,,,,DSJ KEEP LEARNING LTD,1.92,2.00,1.75,1.81,1.86,1.91,,1.82,,,65231,121109.34,102,F1,1,,,,,
2026-08-20,2026-08-20,CM,NSE,STK,1927,INF740KA1EU7,LIQUIDETF,EQ,,,,,DSP LIQUID ETF,1000.00,1000.01,999.99,999.99,1000.00,999.99,,999.99,,,1717983,1717982940.64,388,F1,1,,,,,
2026-08-20,2026-08-20,CM,NSE,STK,761364,INF740KA1YH2,BANK10ADD,EQ,,,,,DSPAMC - BANK10ADD,16.90,16.97,16.88,16.91,16.92,16.81,,16.91,,,3781,64018.99,53,F1,1,,,,,
2026-08-20,2026-08-20,CM,NSE,STK,13644,INF740KA1RX3,BANKADD,EQ,,,,,DSPAMC - DSPBANK,59.03,59.21,58.84,59.01,59.04,58.70,,59.01,,,4268,252144.87,82,F1,1,,,,,
2026-08-20,2026-08-20,CM,NSE,STK,15356,INF740KA1SW3,GOLDADD,EQ,,,,,DSPAMC - DSPGOLD,150.50,152.05,150.50,151.56,151.50,147.89,,151.56,,,368055,55757769.59,6372,F1,1,,,,,
2026-08-20,2026-08-20,CM,NSE,STK,17207,INF740KA1SX1,ITADD,EQ,,,,,DSPAMC - DSPIT,32.64,32.76,32.50,32.62,32.50,32.14,,32.63,,,74643,2436784.37,70,F1,1,,,,,
2026-08-20,2026-08-20,CM,NSE,STK,6606,INF740KA1QK2,EQUAL50ADD,EQ,,,,,DSPAMC - DSPNEWETF,346.52,351.00,345.50,347.46,345.60,345.44,,347.44,,,5223,1809903.86,226,F1,1,,,,,
2026-08-20,2026-08-20,CM,NSE,STK,7451,INF740KA1CL0,NIFTYADD,EQ,,,,,DSPAMC - DSPNIFTY,255.50,256.08,254.94,255.67,255.23,254.07,,255.67,,,2616,668413.73,97,F1,1,,,,,
2026-08-20,2026-08-20,CM,NSE,STK,17616,INF740KA1SY9,PSUBANKADD,EQ,,,,,DSPAMC - DSPPSBKETF,88.64,88.64,86.74,86.98,86.75,86.90,,86.85,,,12393,1082388.32,230,F1,1,,,,,
2026-08-20,2026-08-20,CM,NSE,STK,17576,INF740KA1TA7,PVTBANKADD,EQ,,,,,DSPAMC - DSPPVBKETF,27.76,27.99,27.76,27.94,27.95,27.76,,27.94,,,26859,750404.92,91,F1,1,,,,,
2026-08-20,2026-08-20,CM,NSE,STK,7456,INF740KA1ZF3,MIDQ50ADD,EQ,,,,,DSPAMC - DSPQ50ETF,25.68,25.69,25.54,25.58,25.60,25.46,,25.57,,,3705,94857.66,69,F1,1,,,,,
2026-08-20,2026-08-20,CM,NSE,STK,17613,INF740KA1SZ6,SENSEXADD,EQ,,,,,DSPAMC - DSPSENXETF,79.68,80.23,79.68,80.18,80.15,79.55,,80.18,,,1380,110309.44,132,F1,1,,,,,
2026-08-20,2026-08-20,CM,NSE,STK,10761,INF740KA1RE3,SILVERADD,EQ,,,,,DSPAMC - DSPSILVETF,224.95,228.77,222.10,227.26,227.55,218.13,,227.26,,,529833,120655267.28,5360,F1,1,,,,,
2026-08-20,2026-08-20,CM,NSE,STK,759368,INF740KA1WU9,FLEXIADD,EQ,,,,,DSPAMC - FLEXIADD,10.29,10.33,10.21,10.22,10.21,10.18,,10.22,,,56593,581834.46,216,F1,1,,,,,
2026-08-20,2026-08-20,CM,NSE,STK,763530,INF740KA1ZA4,FMCGADD,EQ,,,,,DSPAMC - FMCGADD,48.00,48.31,47.81,48.07,48.31,47.73,,48.07,,,53421,2565687.74,165,F1,1,,,,,
2026-08-20,2026-08-20,CM,NSE,STK,765310,INF740KA1ZI7,GSEC10ADD,EQ,,,,,DSPAMC - GSEC10ADD,27.50,27.50,27.13,27.20,27.20,26.79,,27.19,,,73,1984.58,11,F1,1,,,,,
2026-08-20,2026-08-20,CM,NSE,STK,22592,INF740KA1ZG1,HEALTHADD,EQ,,,,,DSPAMC - HEALTHADD,16.62,16.67,16.51,16.54,16.64,16.57,,16.56,,,18148,301217.75,73,F1,1,,,,,
2026-08-20,2026-08-20,CM,NSE,STK,23407,INF740KA1UM0,LIQUIDADD,EQ,,,,,DSPAMC - LIQUIDADD,1141.07,1141.09,1141.07,1141.08,1141.08,1140.92,,1141.08,,,299844,342146846.63,388,F1,1,,,,,
2026-08-20,2026-08-20,CM,NSE,STK,764428,INF740KA1ZH9,MIDBANKADD,EQ,,,,,DSPAMC - MIDBANKADD,17.56,17.83,17.50,17.51,17.57,17.47,,17.51,,,4010,70315.97,21,F1,1,,,,,
2026-08-20,2026-08-20,CM,NSE,STK,760356,INF740KA1WW5,MIDCAPADD,EQ,,,,,DSPAMC - MIDCAPADD,23.52,23.54,23.39,23.39,23.39,23.37,,23.39,,,4331,101583.29,26,F1,1,,,,,
2026-08-20,2026-08-20,CM,NSE,STK,759978,INF740KA1WV7,MSCIADD,EQ,,,,,DSPAMC - MSCIADD,29.80,29.90,29.78,29.90,29.90,29.70,,29.90,,,634,18908.48,92,F1,1,,,,,
2026-08-20,2026-08-20,CM,NSE,STK,29464,INF740KA1VE5,NEXT30ADD,EQ,,,,,DSPAMC - NEXT30ADD,43.40,43.64,43.34,43.49,43.49,43.31,,43.49,,,6171,268623.71,53,F1,1,,,,,
2026-08-20,2026-08-20,CM,NSE,STK,760599,INF740KA1XU7,NEXT50ADD,EQ,,,,,DSPAMC - NEXT50ADD,74.72,74.85,74.52,74.72,74.72,74.43,,74.79,,,2030,151802.92,19,F1,1,,,,,
2026-08-20,2026-08-20,CM,NSE,STK,760359,INF740KA1WX3,SMALLADD,EQ,,,,,DSPAMC - SMALLADD,18.44,18.54,18.41,18.49,18.50,18.30,,18.49,,,15626,288999.03,84,F1,1,,,,,
2026-08-20,2026-08-20,CM,NSE,STK,25171,INF740KA1UR9,TOP10ADD,EQ,,,,,DSPAMC - TOP10ADD,87.86,88.11,87.63,87.99,88.10,86.76,,87.95,,,86222,7582360.42,437,F1,1,,,,,
2026-08-20,2026-08-20,CM,NSE,STK,13766,INE0LZO01015,DUCOL,SM,,,,,DUCOL ORGS AND COLOURS LT,102.00,106.50,102.00,106.20,106.50,103.55,,106.20,,,17600,1847480.00,14,F1,800,,,,,
2026-08-20,2026-08-20,CM,NSE,STK,28952,INE741L01018,DUCON,EQ,,,,,DUCON INFRATECHNOLOGIES L,3.48,3.50,3.20,3.35,3.36,3.40,,3.35,,,1565029,5211904.56,908,F1,1,,,,,
2026-08-20,2026-08-20,CM,NSE,STK,5457,INE0HPK01020,DUGLOBAL,SM,,,,,DUDIGITAL GLOBAL LIMITED,23.60,24.00,23.60,23.80,23.80,23.60,,23.80,,,12500,297375.00,4,F1,2500,,,,,
2026-08-20,2026-08-20,CM,NSE,STK,24164,INE0OUW01013,DURLAX,SM,,,,,DURLAX TOP SURFACE LTD,60.00,62.90,60.00,61.40,61.40,59.20,,61.40,,,28000,1709600.00,14,F1,2000,,,,,
2026-08-20,2026-08-20,CM,NSE,STK,11667,INE366A01041,DWARKESH,EQ,,,,,DWARIKESH SUGAR IND LTD,48.77,56.45,48.70,55.38,55.90,48.28,,55.38,,,42670090,2304086451.69,117095,F1,1,,,,,
2026-08-20,2026-08-20,CM,NSE,STK,25690,INE417B01040,DSSL,EQ,,,,,DYNACONS SYS & SOLN LTD,1110.10,1129.40,1072.90,1093.70,1093.90,1116.30,,1093.98,,,57055,62759978.00,4935,F1,1,,,,,
2026-08-20,2026-08-20,CM,NSE,STK,4525,INE221B01012,DYNAMATECH,EQ,,,,,DYNAMATIC TECHNOLOGIES,11794.00,12050.00,11650.00,11765.00,11743.00,11735.00,,11764.67,,,20615,244830800.00,6591,F1,1,,,,,
2026-08-20,2026-08-20,CM,NSE,STK,10417,INE600Y01019,DYCL,EQ,,,,,DYNAMIC CABLES LIMITED,446.05,463.00,445.10,453.60,452.95,445.95,,453.62,,,343273,156546288.35,8478,F1,1,,,,,
2026-08-20,2026-08-20,CM,NSE,STK,6082,INE0DZ701010,DYNAMIC,ST,,,,,DYNAMIC SRVCS & SEC LTD,137.15,141.80,137.10,140.05,141.80,140.50,,140.05,,,6500,900125.00,9,F1,500,,,,,
2026-08-20,2026-08-20,CM,NSE,STK,21314,INE256H01015,DYNPRO,EQ,,,,,DYNEMIC PRODUCTS LIMITED,233.90,238.30,218.00,232.15,230.70,226.45,,232.13,,,49303,11308207.00,1099,F1,1,,,,,
2026-08-20,2026-08-20,CM,NSE,STK,760531,INE1CEJ01017,E2ERAIL,SM,,,,,E TO E TRANS INFRA LTD,292.20,305.00,292.20,297.80,295.00,299.20,,297.80,,,74400,22382800.00,48,F1,800,,,,,
2026-08-20,2026-08-20,CM,NSE,STK,8940,INE255Z01027,E2E,BE,,,,,E2E NETWORKS LIMITED,613.00,650.00,601.30,623.85,625.00,631.35,,623.83,,,861719,542522817.25,12065,F1,1,,,,,
2026-08-20,2026-08-20,CM,NSE,STK,765065,INE595R01023,EASTWEST,EQ,,,,,EAST WEST FREIGHT CARRI L,2.42,2.45,2.30,2.43,2.44,2.38,,2.43,,,45169,108006.48,108,F1,1,,,,,
2026-08-20,2026-08-20,CM,NSE,STK,9769,INE962C01035,EASTSILK,BE,,,,,EASTERN SILK INDUSTRIES L,64.80,64.80,58.81,64.20,64.20,61.90,,63.60,,,1193,71501.70,21,F1,1,,,,,
2026-08-20,2026-08-20,CM,NSE,STK,2792,INE07O001026,EASEMYTRIP,EQ,,,,,EASY TRIP PLANNERS LTD,6.19,6.19,6.03,6.09,6.12,6.11,,6.09,,,18622451,113695514.82,8159,F1,1,,,,,
2026-08-20,2026-08-20,CM,NSE,STK,765070,INE432F01032,EBIX,EQ,,,,,EBIX LIMITED,18.80,18.80,18.80,18.80,18.80,17.91,,18.92,,,1568,29478.40,11,F1,1,,,,,
2026-08-20,2026-08-20,CM,NSE,STK,759974,INE528S07110,888ECL28,N1,,,,,ECL 8.88% 2028 SR V,989.00,989.00,989.00,989.00,989.00,988.05,,989.00,,,3,2967.00,1,F1,1,,,,,
2026-08-20,2026-08-20,CM,NSE,STK,15179,INE738I01010,ECLERX,EQ,,,,,ECLERX SERVICES LTD,1835.00,1840.80,1797.00,1804.80,1806.00,1832.90,,1804.80,,,158765,288370115.70,21279,F1,1,,,,,
2026-08-20,2026-08-20,CM,NSE,STK,764663,INE316A01038,ECORECO,EQ,,,,,ECO RECYCLING LTD.,469.90,473.80,460.00,461.25,465.00,458.75,,461.48,,,6674,3101729.05,552,F1,1,,,,,
2026-08-20,2026-08-20,CM,NSE,STK,759964,INE0VBS01016,ECOLINE,ST,,,,,ECOLINE EXIM LIMITED,180.00,185.00,177.10,182.05,185.00,184.00,,182.05,,,16000,2897300.00,10,F1,1000,,,,,
2026-08-20,2026-08-20,CM,NSE,STK,25062,INE06HJ01020,ECOSMOBLTY,BE,,,,,ECOS (INDIA) MOB & HOSP L,112.45,114.75,111.50,112.31,112.00,112.45,,112.31,,,67281,7603866.62,486,F1,1,,,,,
2026-08-20,2026-08-20,CM,NSE,STK,7196,INF754K01OB1,BBETF0432,EQ,,,,,EDELAMC - BBETF0432,1356.86,1356.87,1349.00,1350.36,1349.00,1357.42,,1350.21,,,1899,2568446.41,52,F1,1,,,,,
2026-08-20,2026-08-20,CM,NSE,STK,764378,INF754K01XH9,EBANK10,EQ,,,,,EDELAMC - EBANK10,17.25,17.90,16.75,17.10,17.20,17.08,,17.14,,,1157,19606.90,26,F1,1,,,,,
2026-08-20,2026-08-20,CM,NSE,STK,25258,INF754K01TE4,EBANKNIFTY,EQ,,,,,EDELAMC - EBANKNIFTY,58.07,58.40,58.07,58.13,58.13,57.93,,58.13,,,607,35311.57,21,F1,1,,,,,
2026-08-20,2026-08-20,CM,NSE,STK,16253,INF754K01KO2,EBBETF0430,EQ,,,,,EDELAMC - EBBETF0430,1617.87,1617.88,1610.40,1610.79,1610.50,1613.51,,1610.73,,,7628,12302432.85,320,F1,1,,,,,
2026-08-20,2026-08-20,CM,NSE,STK,22239,INF754K01LE1,EBBETF0431,EQ,,,,,EDELAMC - EBBETF0431,1448.88,1448.88,1440.10,1442.56,1441.00,1443.17,,1442.56,,,5630,8116248.53,66,F1,1,,,,,
2026-08-20,2026-08-20,CM,NSE,STK,13139,INF754K01QX0,EBBETF0433,EQ,,,,,EDELAMC - EBBETF0433,1321.36,1322.29,1315.01,1317.95,1317.96,1316.42,,1317.95,,,1766,2328485.70,56,F1,1,,,,,
2026-08-20,2026-08-20,CM,NSE,STK,29019,INF754K01TX4,ECAPINSURE,EQ,,,,,EDELAMC - ECAPINSURE,23.88,24.20,23.87,24.18,24.08,23.80,,24.18,,,69682,1676993.74,224,F1,1,,,,,
2026-08-20,2026-08-20,CM,NSE,STK,19933,INF754K01SE6,EGOLD,EQ,,,,,EDELAMC - EGOLD,154.20,156.10,154.20,155.80,155.05,151.95,,155.80,,,33084,5153178.25,459,F1,1,,,,,
2026-08-20,2026-08-20,CM,NSE,STK,759466,INF754K01VW2,ELIQUID,EQ,,,,,EDELAMC - ELIQUID,1044.36,1044.36,1044.34,1044.36,1044.36,1044.21,,1044.36,,,12428,12979205.07,19,F1,1,,,,,
2026-08-20,2026-08-20,CM,NSE,STK,758952,INF754K01VV4,ELM250,EQ,,,,,EDELAMC - ELM250,16.80,17.11,16.75,16.87,16.88,16.75,,16.87,,,307563,5188845.59,270,F1,1,,,,,
2026-08-20,2026-08-20,CM,NSE,STK,764367,INF754K01XI7,ELMDIV,EQ,,,,,EDELAMC - ELMDIV,36.85,37.53,36.75,36.78,36.75,36.49,,36.78,,,1535,56791.46,22,F1,1,,,,,
2026-08-20,2026-08-20,CM,NSE,STK,764288,INF754K01XG1,EMETAL,EQ,,,,,EDELAMC - EMETAL,13.00,13.15,12.96,12.97,13.07,12.97,,12.97,,,23729,309681.77,41,F1,1,,,,,
2026-08-20,2026-08-20,CM,NSE,STK,25996,INF754K01TF1,EMULTIMQ,EQ,,,,,EDELAMC - EMULTIMQ,41.82,42.31,41.55,41.72,41.56,41.82,,41.72,,,40709,1713763.56,124,F1,1,,,,,
2026-08-20,2026-08-20,CM,NSE,STK,763540,INF754K01XF3,ENEXT50,EQ,,,,,EDELAMC - ENEXT50,75.00,75.00,73.83,74.19,74.16,75.00,,74.19,,,680,50425.77,23,F1,1,,,,,
2026-08-20,2026-08-20,CM,NSE,STK,759998,INF754K01VX0,ENIFTY,EQ,,,,,EDELAMC - ENIFTY,24.33,24.50,24.33,24.38,24.47,24.28,,24.38,,,1100,26858.26,57,F1,1,,,,,
2026-08-20,2026-08-20,CM,NSE,STK,759995,INF754K01VY8,ESENSEX,EQ,,,,,EDELAMC - ESENSEX,77.91,77.91,77.91,77.91,77.91,77.68,,77.91,,,150,11686.50,1,F1,1,,,,,
2026-08-20,2026-08-20,CM,NSE,STK,20257,INF754K01SF3,ESILVER,EQ,,,,,EDELAMC - ESILVER,232.00,236.60,232.00,235.29,234.92,226.44,,235.29,,,95809,22559202.61,4195,F1,1,,,,,
2026-08-20,2026-08-20,CM,NSE,STK,15119,INE532F01054,EDELWEISS,EQ,,,,,EDELWEISS FIN SERV LTD,122.76,130.40,122.76,126.62,126.49,122.27,,126.62,,,11818085,1514026491.68,74708,F1,1,,,,,
2026-08-20,2026-08-20,CM,NSE,STK,758675,INE886D01026,EFCIL,EQ,,,,,EFC (I) LIMITED,184.80,191.49,184.00,190.66,189.10,184.89,,190.67,,,309139,58386671.69,4462,F1,1,,,,,
2026-08-20,2026-08-20,CM,NSE,STK,24438,INE0U9101019,EFFWA,ST,,,,,EFFWA INFRA & RESEARCH L,350.45,352.00,350.00,350.20,350.20,350.00,,350.20,,,18000,6319060.00,18,F1,400,,,,,
2026-08-20,2026-08-20,CM,NSE,STK,910,INE066A01021,EICHERMOT,EQ,,,,,EICHER MOTORS LTD,8047.00,8097.50,7983.00,8042.00,8042.00,7990.50,,8042.06,,,323672,2606291095.50,43868,F1,1,,,,,
2026-08-20,2026-08-20,CM,NSE,STK,916,INE126A01031,EIDPARRY,EQ,,,,,EID PARRY INDIA LTD,793.80,814.85,787.55,810.25,811.00,787.05,,810.22,,,2199690,1767358269.20,68103,F1,1,,,,,
2026-08-20,2026-08-20,CM,NSE,STK,15399,INE276C01014,EIHAHOTELS,EQ,,,,,EIH ASSOCIATED HOTELS LTD,296.20,300.40,294.00,294.65,294.00,294.40,,294.65,,,12346,3654312.95,712,F1,1,,,,,
2026-08-20,2026-08-20,CM,NSE,STK,919,INE230A01023,EIHOTEL,EQ,,,,,EIH LIMITED,298.35,302.95,298.00,299.90,301.95,297.65,,299.91,,,111627,33558136.90,5285,F1,1,,,,,
2026-08-20,2026-08-20,CM,NSE,STK,4040,INE158B01016,EIMCOELECO,EQ,,,,,EIMCO ELECON (INDIA) LTD,2198.00,2257.50,2124.20,2180.00,2175.00,2170.80,,2180.06,,,66761,145750016.50,7934,F1,1,,,,,
2026-08-20,2026-08-20,CM,NSE,STK,764668,INE0CPR01018,EKI,EQ,,,,,EKI ENERGY SERVICES LTD,82.49,82.50,78.00,78.19,78.80,79.82,,78.23,,,11068,874628.18,340,F1,1,,,,,
2026-08-20,2026-08-20,CM,NSE,STK,762653,INE280B01018,ELANTAS,EQ,,,,,ELANTAS BECK INDIA LTD.,11720.50,11999.00,11523.00,11599.50,11744.50,11600.50,,11599.30,,,2603,30647330.00,1671,F1,1,,,,,
2026-08-20,2026-08-20,CM,NSE,STK,762658,INE927X01018,ELCIDIN,EQ,,,,,ELCID INVESTMENTS LTD.,109000.00,109100.00,109000.00,109000.00,109000.00,108465.00,,109050.00,,,4,436100.00,4,F1,1,,,,,
2026-08-20,2026-08-20,CM,NSE,STK,8953,INE668G01021,ELDEHSG,EQ,,,,,ELDECO HSG & IND LTD.,821.00,838.20,809.00,823.30,834.00,828.45,,823.20,,,2150,1773402.60,112,F1,1,,,,,
2026-08-20,2026-08-20,CM,NSE,STK,13643,INE205B01031,ELECON,EQ,,,,,ELECON ENG. CO. LTD,430.95,457.00,430.05,451.70,452.20,428.85,,451.70,,,900303,403198099.80,25265,F1,1,,,,,
2026-08-20,2026-08-20,CM,NSE,STK,20899,INE0Q1W01012,EFORCE,SM,,,,,ELECTRO FORCE (INDIA) LTD,21.00,22.30,21.00,22.10,22.10,21.00,,22.10,,,7200,155280.00,5,F1,1200,,,,,
2026-08-20,2026-08-20,CM,NSE,STK,11530,INE02YR01019,EMIL,EQ,,,,,ELECTRONICS MART IND LTD,192.95,194.00,188.50,191.06,189.99,191.24,,191.06,,,1422548,272753193.29,24017,F1,1,,,,,
2026-08-20,2026-08-20,CM,NSE,STK,928,INE086A01029,ELECTCAST,EQ,,,,,ELECTROSTEEL CASTINGS LTD,71.95,72.99,71.51,71.89,72.00,71.76,,71.89,,,602611,43522221.30,7670,F1,1,,,,,
2026-08-20,2026-08-20,CM,NSE,STK,4469,INE822G01016,ELECTHERM,EQ,,,,,ELECTROTHERM (I) LTD.,1033.90,1053.80,1003.00,1012.90,1025.00,1033.90,,1012.93,,,8554,8807320.20,485,F1,1,,,,,
2026-08-20,2026-08-20,CM,NSE,STK,29595,INE0R9101015,ELGNZ,SM,,,,,ELEGANZ INTERIORS LIMITED,86.10,88.80,84.00,84.60,84.40,86.00,,84.60,,,28000,2380900.00,28,F1,1000,,,,,
2026-08-20,2026-08-20,CM,NSE,STK,937,INE285A01027,ELGIEQUIP,EQ,,,,,ELGI EQUIPMENTS LTD,644.00,644.00,629.15,632.45,632.00,637.80,,632.36,,,802720,508964882.45,28886,F1,1,,,,,
2026-08-20,2026-08-20,CM,NSE,STK,24924,INE819L01012,ELGIRUBCO,EQ,,,,,ELGI RUBBER CO. LTD,57.74,60.50,56.98,59.20,60.25,57.05,,59.20,,,40394,2353149.63,796,F1,1,,,,,
2026-08-20,2026-08-20,CM,NSE,STK,13423,INE050401020,ELIN,EQ,,,,,ELIN ELECTRONICS LIMITED,99.21,101.20,99.00,99.62,99.00,99.65,,99.62,,,65245,6530831.59,1240,F1,1,,,,,
2026-08-20,2026-08-20,CM,NSE,STK,762663,INE669R01026,ELITECON,EQ,,,,,ELITECON INTERNATIONAL L,16.97,17.22,16.70,16.79,16.70,16.85,,16.79,,,1793355,30416958.93,2627,F1,1,,,,,
2026-08-20,2026-08-20,CM,NSE,STK,758563,INE236E01022,ELLEN,EQ,,,,,ELLENBARRIE INDUS GASES L,336.00,338.20,319.80,324.35,324.00,328.50,,324.37,,,406512,134019450.35,9383,F1,1,,,,,
2026-08-20,2026-08-20,CM,NSE,STK,4471,INE579B01039,ELPROINTL,EQ,,,,,ELPRO INTERNATIONAL LTD,175.81,176.80,175.00,176.44,175.21,175.10,,176.36,,,33053,5807717.60,148,F1,1,,,,,
2026-08-20,2026-08-20,CM,NSE,STK,29229,INE0ZOL01023,EMAPARTNER,SM,,,,,EMA PARTNERS INDIA LTD,85.90,85.90,84.20,84.20,84.20,83.50,,84.20,,,2000,170100.00,2,F1,1000,,,,,
2026-08-20,2026-08-20,CM,NSE,STK,13517,INE548C01032,EMAMILTD,EQ,,,,,EMAMI LIMITED,401.10,413.00,400.65,407.40,406.30,400.60,,407.44,,,1301558,530570235.70,34631,F1,1,,,,,
2026-08-20,2026-08-20,CM,NSE,STK,10084,INE830C01026,EMAMIPAP,BE,,,,,EMAMI PAPER MILLS LIMITED,114.00,114.85,111.00,114.56,113.50,113.73,,114.56,,,29290,3341986.72,200,F1,1,,,,,
2026-08-20,2026-08-20,CM,NSE,STK,19277,INE778K01012,EMAMIREAL,EQ,,,,,EMAMI REALTY LIMITED,71.25,73.38,71.10,71.46,71.98,71.06,,71.46,,,9172,658778.05,66,F1,1,,,,,
2026-08-20,2026-08-20,CM,NSE,STK,14450,INE069I01010,EMBDL,EQ,,,,,EMBASSY DEVELOPMENTS LTD,62.29,63.50,62.29,63.08,63.01,62.29,,63.09,,,1425950,89852492.70,7344,F1,1,,,,,
2026-08-20,2026-08-20,CM,NSE,STK,9383,INE041025011,EMBASSY,RR,,,,,EMBASSY OFFICE PARKS REIT,435.50,436.99,432.21,435.24,435.01,435.68,,435.24,,,889073,386694057.56,34639,F1,1,,,,,
2026-08-20,2026-08-20,CM,NSE,STK,24398,INE168P01015,EMCURE,EQ,,,,,EMCURE PHARMACEUTICALS L,1909.00,1926.40,1878.00,1881.40,1880.80,1891.00,,1881.32,,,126940,240572353.40,13407,F1,1,,,,,
2026-08-20,2026-08-20,CM,NSE,STK,13421,INE296H01011,EMKAY,EQ,,,,,EMKAY GLOBAL FIN SERV LTD,240.19,243.92,236.60,239.09,241.00,240.19,,239.09,,,12526,2991505.67,569,F1,1,,,,,
2026-08-20,2026-08-20,CM,NSE,STK,10253,INE332S01011,EMKAYTOOLS,SM,,,,,EMKAY TAP & CUT. TOOL LTD,91.80,94.70,91.80,93.00,93.00,89.00,,93.00,,,1950,182160.00,11,F1,150,,,,,
2026-08-20,2026-08-20,CM,NSE,STK,758591,INE0PXC01024,ETL,SM,,,,,EMKAY TOOLS LIMITED,1005.00,1015.00,1005.00,1015.00,1015.00,981.95,,1015.00,,,450,454500.00,3,F1,150,,,,,
2026-08-20,2026-08-20,CM,NSE,STK,18146,INE753K01015,EMMBI,BE,,,,,EMMBI INDUSTRIES LIMITED,81.57,83.99,81.57,83.14,83.19,81.97,,83.14,,,1945,160145.25,43,F1,1,,,,,
2026-08-20,2026-08-20,CM,NSE,STK,759728,INE1C6T01020,EMMVEE,EQ,,,,,EMMVEE PHOTOVOLTAIC PWR L,326.90,339.60,324.10,325.60,326.50,316.95,,325.59,,,7476809,2480798491.60,85105,F1,1,,,,,
2026-08-20,2026-08-20,CM,NSE,STK,764673,INE515H01014,EMPIND,EQ,,,,,EMPIRE INDUSTRIES LTD.,1186.00,1234.00,1178.00,1182.90,1190.00,1173.30,,1183.28,,,3879,4641265.00,416,F1,1,,,,,
2026-08-20,2026-08-20,CM,NSE,STK,762670,INE507F01023,EMPOWER,EQ,,,,,EMPOWER INDIA LTD.,2.28,2.31,2.22,2.30,2.30,2.23,,2.30,,,3245966,7352809.22,1654,F1,1,,,,,
2026-08-20,2026-08-20,CM,NSE,STK,18593,INE0OV601013,EMSLIMITED,EQ,,,,,EMS LIMITED,409.00,413.05,398.80,405.00,402.35,394.95,,405.04,,,1731215,703615570.15,28145,F1,1,,,,,
2026-08-20,2026-08-20,CM,NSE,STK,9756,INE01QM01018,EMUDHRA,EQ,,,,,EMUDHRA LIMITED,558.95,563.00,539.05,550.00,545.90,545.20,,550.02,,,166554,92089799.30,8018,F1,1,,,,,
2026-08-20,2026-08-20,CM,NSE,STK,760321,INE433T01015,ENCOMPAS,SM,,,,,ENCOMPASS DESIGN INDIA L,243.00,246.45,235.05,242.40,244.75,241.50,,242.40,,,12400,3032840.00,19,F1,400,,,,,
2026-08-20,2026-08-20,CM,NSE,STK,18822,INE913H01037,ENDURANCE,EQ,,,,,ENDURANCE TECHNO. LTD.,2992.00,3025.00,2976.40,3001.70,2999.60,2988.60,,3001.65,,,143442,430370236.50,17048,F1,1,,,,,
2026-08-20,2026-08-20,CM,NSE,STK,15049,INE306C01019,ENERGYDEV,EQ,,,,,ENERGY DEVE. CO.LTD,16.45,16.75,16.30,16.50,16.69,16.45,,16.50,,,21059,346211.70,189,F1,1,,,,,
2026-08-20,2026-08-20,CM,NSE,STK,23745,INE0S1L01013,EMMIL,SM,,,,,ENERGY MISSION MACH IND L,119.20,125.00,119.20,124.00,124.00,124.15,,124.00,,,4500,554675.00,16,F1,250,,,,,
2026-08-20,2026-08-20,CM,NSE,STK,4907,INE510A01028,ENGINERSIN,EQ,,,,,ENGINEERS INDIA LTD,237.49,240.60,235.34,237.21,236.20,236.90,,237.19,,,1205398,286503153.13,18488,F1,1,,,,,
2026-08-20,2026-08-20,CM,NSE,STK,764678,INE130L01014,ENKEIWHEL,EQ,,,,,ENKEI WHEELS (INDIA) LTD.,409.95,416.90,402.00,402.85,403.00,415.65,,402.88,,,2199,887591.70,105,F1,1,,,,,
2026-08-20,2026-08-20,CM,NSE,STK,23230,INE0R9I01021,ENSER,SM,,,,,ENSER COMMUNICATIONS LTD,15.30,15.50,14.20,15.10,15.35,15.15,,15.10,,,70000,1059000.00,14,F1,5000,,,,,
2026-08-20,2026-08-20,CM,NSE,STK,22717,INE010601016,ENTERO,EQ,,,,,ENTERO HEALTHCARE SOLU L,1388.50,1416.90,1388.50,1408.40,1408.20,1386.80,,1408.41,,,59397,83463659.20,7991,F1,1,,,,,
2026-08-20,2026-08-20,CM,NSE,STK,13192,INE265F01028,ENIL,EQ,,,,,ENTERTAIN NET. IND. LTD.,103.99,103.99,101.00,101.60,101.60,101.49,,101.72,,,23930,2425204.12,579,F1,1,,,,,
2026-08-20,2026-08-20,CM,NSE,STK,27213,INE0LLY01014,EIEL,EQ,,,,,ENVIRO INFRA ENGINEERS L,197.94,201.48,197.94,199.01,199.80,196.12,,199.01,,,504822,100956386.48,8012,F1,1,,,,,
2026-08-20,2026-08-20,CM,NSE,STK,25412,INE0SUH01015,ENVIRO,SM,,,,,ENVIROTECH SYSTEMS LTD,74.00,74.95,73.05,73.20,73.10,73.30,,73.20,,,15000,1102900.00,15,F1,1000,,,,,
2026-08-20,2026-08-20,CM,NSE,STK,22463,INE0G5901015,EPACK,EQ,,,,,EPACK DURABLE LIMITED,208.00,208.66,202.05,203.06,204.25,206.14,,203.06,,,565976,115920873.90,7514,F1,1,,,,,
2026-08-20,2026-08-20,CM,NSE,STK,759251,INE0MLS01022,EPACKPEB,EQ,,,,,EPACK PREFAB TECHN LTD,226.85,235.00,223.15,232.90,232.40,223.05,,232.90,,,876912,202010994.10,14654,F1,1,,,,,
2026-08-20,2026-08-20,CM,NSE,STK,5382,INE071N01016,EPIGRAL,EQ,,,,,EPIGRAL LIMITED,1087.00,1159.00,1087.00,1120.50,1119.30,1082.20,,1120.50,,,240958,273333307.50,14210,F1,1,,,,,
2026-08-20,2026-08-20,CM,NSE,STK,981,INE255A01020,EPL,EQ,,,,,EPL LIMITED,252.00,273.00,251.00,270.10,269.00,250.80,,270.07,,,6480002,1712024907.51,113193,F1,1,,,,,
2026-08-20,2026-08-20,CM,NSE,STK,758346,INE11HF01010,EEPL,SM,,,,,EPPELTONE ENGINEERS LTD,143.50,144.50,136.05,136.65,136.05,142.55,,136.65,,,81000,11231900.00,68,F1,1000,,,,,
2026-08-20,2026-08-20,CM,NSE,STK,761217,INE1KEC01023,EPWINDIA,ST,,,,,EPW INDIA LIMITED,248.85,248.85,248.85,248.85,248.85,237.00,,248.85,,,1200,298620.00,1,F1,1200,,,,,
2026-08-20,2026-08-20,CM,NSE,STK,3553,INE217G01035,EQUIPPP,BE,,,,,EQUIPPP SOC IMP TECH LTD,23.40,24.00,22.51,23.93,24.00,23.39,,23.96,,,21473,513132.48,41,F1,1,,,,,
2026-08-20,2026-08-20,CM,NSE,STK,913,INE063P01018,EQUITASBNK,EQ,,,,,EQUITAS SMALL FIN BNK LTD,75.00,78.80,74.92,76.99,77.00,74.69,,76.99,,,3665571,283829764.09,20817,F1,1,,,,,
2026-08-20,2026-08-20,CM,NSE,STK,21154,INE406M01024,ERIS,EQ,,,,,ERIS LIFESCIENCES LIMITED,1350.00,1351.30,1322.60,1326.00,1325.10,1348.30,,1325.99,,,80602,107640392.00,18840,F1,1,,,,,
2026-08-20,2026-08-20,CM,NSE,STK,955,INE284A01012,ESABINDIA,EQ,,,,,ESAB INDIA LTD,6157.00,6241.00,6051.50,6154.00,6170.00,6057.50,,6153.42,,,6715,41076152.50,1824,F1,1,,,,,
2026-08-20,2026-08-20,CM,NSE,STK,19884,INE818W01011,ESAFSFB,BE,,,,,ESAF SMALL FINANCE BANK L,42.00,43.89,41.65,43.27,43.45,41.92,,43.33,,,1506844,64689032.09,3117,F1,1,,,,,
2026-08-20,2026-08-20,CM,NSE,STK,22764,INE0RQZ01017,ESCONET,SM,,,,,ESCONET TECHNOLOGIES LTD,165.00,187.35,165.00,187.35,187.35,170.35,,187.35,,,103600,19185120.00,168,F1,400,,,,,
2026-08-20,2026-08-20,CM,NSE,STK,958,INE042A01014,ESCORTS,EQ,,,,,ESCORTS KUBOTA LIMITED,3059.60,3110.00,3059.00,3092.10,3100.00,3054.90,,3092.00,,,76434,235883987.90,10988,F1,1,,,,,
2026-08-20,2026-08-20,CM,NSE,STK,759296,INE818W08149,113ESFB31,N0,,,,,ESFB 11.3% 2031 SR 2,101000.00,101000.00,101000.00,101000.00,101000.00,101000.00,,101000.00,,,2,202000.00,2,F1,1,,,,,
2026-08-20,2026-08-20,CM,NSE,STK,24678,INE0SBP01018,ESPRIT,SM,,,,,ESPRIT STONES LIMITED,67.00,67.00,67.00,67.00,67.00,68.00,,67.00,,,1600,107200.00,1,F1,1600,,,,,
2026-08-20,2026-08-20,CM,NSE,STK,25634,INE122M01019,ESSARSHPNG,EQ,,,,,ESSAR SHIPPING LTD,15.76,16.20,15.76,15.90,15.97,15.81,,15.87,,,176963,2822580.66,880,F1,1,,,,,
2026-08-20,2026-08-20,CM,NSE,STK,17084,INE0ITO01014,ESFL,SM,,,,,ESSEN SPECIALITY FILMS L,127.70,128.70,125.00,125.95,125.00,127.00,,125.95,,,16560,2104560.00,37,F1,360,,,,,
2026-08-20,2026-08-20,CM,NSE,STK,24265,INE778B01029,ESTER,EQ,,,,,ESTER INDUSTRIES LTD,97.85,97.85,95.10,96.16,96.00,96.08,,96.15,,,73870,7128748.05,1177,F1,1,,,,,
2026-08-20,2026-08-20,CM,NSE,STK,5097,INE758T01015,ETERNAL,EQ,,,,,ETERNAL LIMITED,323.85,328.50,321.35,327.95,327.95,320.00,,327.94,,,36661268,11989629322.25,251891,F1,1,,,,,
2026-08-20,2026-08-20,CM,NSE,STK,9750,INE04TZ01018,ETHOSLTD,EQ,,,,,ETHOS LIMITED,2905.00,2919.90,2849.10,2867.60,2850.00,2899.90,,2867.53,,,27807,80130080.20,7321,F1,1,,,,,
2026-08-20,2026-08-20,CM,NSE,STK,25162,INE0KCE01017,EUREKAFORB,EQ,,,,,EUREKA FORBES LIMITED,426.60,426.60,415.10,416.20,418.00,419.85,,416.25,,,205550,86468428.20,10004,F1,1,,,,,
2026-08-20,2026-08-20,CM,NSE,STK,6042,INE546V01010,EIFFL,BE,,,,,EURO (I) FRESH FOODS LTD,251.20,255.95,250.00,251.80,250.50,256.30,,251.80,,,2435,612163.45,72,F1,1,,,,,
2026-08-20,2026-08-20,CM,NSE,STK,757953,INE505V01016,EUROBOND,EQ,,,,,EURO PANEL PRODUCTS LTD,159.00,159.88,154.30,158.25,158.00,157.35,,158.25,,,3333,526602.69,87,F1,1,,,,,
2026-08-20,2026-08-20,CM,NSE,STK,759797,INE198501012,EUROPRATIK,EQ,,,,,EURO PRATIK SALES LIMITED,267.15,271.90,265.00,265.75,266.80,268.15,,265.75,,,140925,37824160.75,3627,F1,1,,,,,
2026-08-20,2026-08-20,CM,NSE,STK,11782,INE128A01029,EVEREADY,EQ,,,,,EVEREADY INDS. IND.  LTD.,357.40,358.75,352.05,355.05,354.00,357.15,,355.06,,,73097,26006899.10,1986,F1,1,,,,,
2026-08-20,2026-08-20,CM,NSE,STK,6017,INE295A01018,EVERESTIND,BE,,,,,EVEREST INDUSTRIES LTD,430.00,444.00,430.00,437.95,438.45,427.70,,437.95,,,3872,1689628.25,117,F1,1,,,,,
2026-08-20,2026-08-20,CM,NSE,STK,13091,INE184H01027,EKC,EQ,,,,,EVEREST KANTO CYLINDERLTD,111.30,114.39,111.00,112.80,112.33,111.93,,112.80,,,164179,18479448.21,2129,F1,1,,,,,
2026-08-20,2026-08-20,CM,NSE,STK,11471,INE369A01029,EXCELINDUS,EQ,,,,,EXCEL INDUSTRIES LTD,1133.25,1139.50,1096.00,1114.50,1114.95,1133.25,,1114.45,,,106521,118249661.15,7960,F1,1,,,,,
2026-08-20,2026-08-20,CM,NSE,STK,760007,INE606N01019,EXCELSOFT,EQ,,,,,EXCELSOFT TECHNOLOGIES L,72.37,72.77,70.31,70.88,71.22,71.09,,70.88,,,755532,53979303.62,7030,F1,1,,,,,
2026-08-20,2026-08-20,CM,NSE,STK,22947,INE777F01014,EXICOM,EQ,,,,,EXICOM TELE SYSTEMS LTD,160.50,162.39,156.01,157.03,157.89,155.71,,157.03,,,1064473,169900237.65,12363,F1,1,,,,,
2026-08-20,2026-08-20,CM,NSE,STK,676,INE302A01020,EXIDEIND,EQ,,,,,EXIDE INDUSTRIES LTD,464.90,467.95,457.05,464.10,462.00,459.50,,464.10,,,2283813,1057615109.90,47321,F1,1,,,,,
2026-08-20,2026-08-20,CM,NSE,STK,17486,INE201K01015,EXPLEOSOL,EQ,,,,,EXPLEO SOLUTIONS LIMITED,892.95,899.15,877.00,883.15,882.30,887.05,,883.15,,,32605,28874091.55,2449,F1,1,,,,,
2026-08-20,2026-08-20,CM,NSE,STK,5352,INE0GFE01026,EXXARO,EQ,,,,,EXXARO TILES LIMITED,6.20,6.20,6.00,6.04,6.12,6.10,,6.04,,,121565,738679.13,276,F1,1,,,,,
2026-08-20,2026-08-20,CM,NSE,STK,760125,INE0HF201011,FABTECH,EQ,,,,,FABTECH TECHNOLOGIES LTD,147.10,149.82,146.00,146.33,148.00,145.48,,146.33,,,198234,29378281.72,1861,F1,1,,,,,
2026-08-20,2026-08-20,CM,NSE,STK,1008,INE188A01015,FACT,EQ,,,,,FACT LTD,794.50,797.65,771.00,772.95,772.00,787.15,,773.05,,,110822,86893860.20,8143,F1,1,,,,,
2026-08-20,2026-08-20,CM,NSE,STK,1619,INE0DNW01011,FAIRCHEMOR,BE,,,,,FAIRCHEM ORGANICS LIMITED,647.05,647.05,647.05,647.05,647.05,660.25,,647.05,,,3748,2425143.40,93,F1,1,,,,,
2026-08-20,2026-08-20,CM,NSE,STK,24150,INE0PQK01013,FALCONTECH,SM,,,,,FALCON TECHNOPROJ IND LTD,12.20,12.85,12.20,12.85,12.85,12.45,,12.85,,,2400,30060.00,2,F1,1200,,,,,
2026-08-20,2026-08-20,CM,NSE,STK,12000,INE963C01033,FAZE3Q,EQ,,,,,FAZE THREE LIMITED,489.00,506.95,486.60,490.70,490.05,488.95,,490.83,,,72508,35645344.25,1766,F1,1,,,,,
2026-08-20,2026-08-20,CM,NSE,STK,11999,INE512B01022,FCSSOFT,EQ,,,,,FCS SOFTWARE SOLN. LTD.,1.48,1.50,1.46,1.46,1.46,1.47,,1.47,,,1305745,1932540.58,856,F1,1,,,,,
2026-08-20,2026-08-20,CM,NSE,STK,4898,INE258B01022,FDC,EQ,,,,,FDC LIMITED,346.35,351.35,346.35,350.15,350.90,344.70,,350.16,,,85687,29942504.45,4676,F1,1,,,,,
2026-08-20,2026-08-20,CM,NSE,STK,20322,INE007N01010,FEDFINA,EQ,,,,,FEDBANK FINANCIAL SER L,150.44,154.85,150.44,154.03,154.00,149.80,,154.02,,,1343074,206079683.57,14039,F1,1,,,,,
2026-08-20,2026-08-20,CM,NSE,STK,762675,INE417D01020,FEDDERSHOL,EQ,,,,,FEDDERS HOLDING LTD.,40.48,40.80,39.95,40.20,40.50,39.90,,40.21,,,48921,1966300.44,452,F1,1,,,,,
2026-08-20,2026-08-20,CM,NSE,STK,1023,INE171A01029,FEDERALBNK,EQ,,,,,FEDERAL BANK LTD,361.90,364.20,355.30,355.30,355.30,358.80,,355.32,,,4349435,1566863073.35,52994,F1,1,,,,,
2026-08-20,2026-08-20,CM,NSE,STK,1190,INE529A01010,FMGOETZE,EQ,,,,,FEDERAL-MOGUL GOETZE (IND,471.65,480.45,464.10,474.00,474.75,471.65,,473.94,,,44409,21005812.05,1454,F1,1,,,,,
2026-08-20,2026-08-20,CM,NSE,STK,573,INE901X01013,FELIX,SM,,,,,FELIX INDUSTRIES LTD.,184.00,185.45,180.50,181.65,183.50,183.65,,181.65,,,32000,5820900.00,55,F1,500,,,,,
2026-08-20,2026-08-20,CM,NSE,STK,762680,INE225B01021,FERMENTA,EQ,,,,,FERMENTA BIOTECH LTD.,456.10,465.00,454.50,460.10,464.10,456.10,,460.05,,,39498,18175899.10,2074,F1,1,,,,,
2026-08-20,2026-08-20,CM,NSE,STK,8159,INE296C01020,FIBERWEB,EQ,,,,,FIBERWEB INDIA LIMITED,27.29,27.29,25.50,26.11,26.09,26.43,,26.11,,,98363,2581481.18,448,F1,1,,,,,
2026-08-20,2026-08-20,CM,NSE,STK,9858,INE0LQQ01019,FIDEL,SM,,,,,FIDEL SOFTECH LIMITED,136.90,136.90,134.00,134.00,134.00,133.60,,134.00,,,4000,541800.00,4,F1,1000,,,,,
2026-08-20,2026-08-20,CM,NSE,STK,13710,INE737H01014,FIEMIND,EQ,,,,,FIEM INDUSTRIES LIMITED,2242.00,2253.50,2187.00,2190.60,2190.20,2241.00,,2190.65,,,113025,249468246.00,12604,F1,1,,,,,
2026-08-20,2026-08-20,CM,NSE,STK,23647,INE185E01021,FILATFASH,EQ,,,,,FILATEX FASHIONS LIMITED,0.18,0.19,0.17,0.18,0.19,0.18,,0.18,,,64582811,11690098.52,2310,F1,1,,,,,
2026-08-20,2026-08-20,CM,NSE,STK,24532,INE816B01035,FILATEX,EQ,,,,,FILATEX INDIA LTD,83.82,83.94,81.10,81.51,81.50,83.15,,81.51,,,1202243,98980022.08,5906,F1,1,,,,,
2026-08-20,2026-08-20,CM,NSE,STK,759776,INE0EDU01014,FINBUD,SM,,,,,FINBUD FINANCIAL SERV LTD,141.50,142.00,137.50,139.00,139.00,139.00,,139.00,,,9000,1261800.00,8,F1,1000,,,,,
2026-08-20,2026-08-20,CM,NSE,STK,3744,INE686Y01026,FINEORG,EQ,,,,,FINE ORGANIC IND. LTD.,5130.10,5387.50,5058.60,5066.20,5065.00,5130.10,,5066.07,,,73574,381064288.70,21285,F1,1,,,,,
2026-08-20,2026-08-20,CM,NSE,STK,6198,INE045J01034,FCL,EQ,,,,,FINEOTEX CHEMICAL LIMITED,45.10,45.48,43.21,43.55,43.33,44.98,,43.55,,,9825095,432645810.05,22277,F1,1,,,,,
2026-08-20,2026-08-20,CM,NSE,STK,759239,INE734I01027,FINKURVE,EQ,,,,,FINKURVE FINANCIAL SERV L,72.40,77.91,72.05,76.32,75.92,71.36,,76.29,,,244731,18506842.68,1841,F1,1,,,,,
2026-08-20,2026-08-20,CM,NSE,STK,6579,INE02NC01014,FINOPB,EQ,,,,,FINO PAYMENTS BANK LTD,148.00,149.66,145.25,146.16,146.50,147.03,,146.17,,,169628,24979020.05,2430,F1,1,,,,,
2026-08-20,2026-08-20,CM,NSE,STK,1038,INE235A01022,FINCABLES,EQ,,,,,FINOLEX CABLES LTD,1313.70,1331.00,1250.00,1291.20,1287.00,1313.70,,1290.63,,,513137,670818556.05,22025,F1,1,,,,,
2026-08-20,2026-08-20,CM,NSE,STK,1041,INE183A01024,FINPIPE,EQ,,,,,FINOLEX INDUSTRIES LTD,158.98,159.29,158.00,158.61,158.40,158.26,,158.61,,,263509,41800290.73,14158,F1,1,,,,,
2026-08-20,2026-08-20,CM,NSE,STK,14304,INE684F01012,FSL,EQ,,,,,FIRSTSOURCE SOLU. LTD.,275.75,277.75,271.10,272.25,272.05,273.05,,272.22,,,1163379,319615453.45,20529,F1,1,,,,,
2026-08-20,2026-08-20,CM,NSE,STK,757658,INE771F01041,FISCHER,EQ,,,,,FISCHER MEDICAL VENTURE L,39.50,39.70,38.50,38.95,39.15,38.96,,38.91,,,586697,23010679.47,2957,F1,1,,,,,
2026-08-20,2026-08-20,CM,NSE,STK,12032,INE128S01021,FIVESTAR,EQ,,,,,FIVE-STAR BUS FIN LTD,520.00,533.00,520.00,527.45,529.00,521.25,,527.45,,,336607,178004800.65,21494,F1,1,,,,,
2026-08-20,2026-08-20,CM,NSE,STK,20372,INE00Y201027,FLAIR,EQ,,,,,FLAIR WRITING INDUST LTD,248.90,254.00,248.85,253.00,254.00,248.95,,253.00,,,69352,17455796.00,1179,F1,1,,,,,
2026-08-20,2026-08-20,CM,NSE,STK,25516,INE060J01017,FLEXITUFF,BE,,,,,FLEXITUFF VENTURES INT L,2.81,2.81,2.71,2.75,2.79,2.81,,2.75,,,105874,290999.94,137,F1,1,,,,,
2026-08-20,2026-08-20,CM,NSE,STK,758208,INE0VCK01011,FLYSBS,SM,,,,,FLYSBS AVIATION LIMITED,579.10,594.00,569.50,574.95,575.00,579.10,,574.95,,,140000,80855130.00,451,F1,200,,,,,
2026-08-20,2026-08-20,CM,NSE,STK,760331,INE0SQZ01015,FWSTC,SM,,,,,FLYWINGS SIMULAT T C LTD,191.00,192.10,190.50,190.50,190.50,193.00,,190.50,,,48000,9182700.00,3,F1,600,,,,,
2026-08-20,2026-08-20,CM,NSE,STK,6839,INE593W01028,FOCUS,BE,,,,,FOCUS LIGHTG & FIXTRS LTD,68.01,71.01,67.50,70.02,69.85,67.63,,70.02,,,59526,4163124.80,366,F1,1,,,,,
2026-08-20,2026-08-20,CM,NSE,STK,22517,INE0Q4701019,FONEBOX,SM,,,,,FONEBOX RETAIL LIMITED,99.55,99.75,99.55,99.65,99.75,95.00,,99.65,,,3000,298900.00,3,F1,1000,,,,,
2026-08-20,2026-08-20,CM,NSE,STK,6673,INE976E01023,FOODSIN,EQ,,,,,FOODS & INNS LIMITED,54.75,55.40,53.56,54.96,55.39,53.86,,54.96,,,171401,9353277.54,879,F1,1,,,,,
2026-08-20,2026-08-20,CM,NSE,STK,24917,INE0U2501017,FORCAS,ST,,,,,FORCAS STUDIO LIMITED,216.00,216.00,205.00,205.40,205.00,211.05,,205.40,,,24000,5067360.00,15,F1,1600,,,,,
2026-08-20,2026-08-20,CM,NSE,STK,11573,INE451A01017,FORCEMOT,EQ,,,,,FORCE MOTORS LIMITED,17951.00,18149.00,17815.00,17885.00,17885.00,17837.00,,17879.54,,,43534,782153788.00,14317,F1,1,,,,,
2026-08-20,2026-08-20,CM,NSE,STK,25664,INE0YKW01013,FORGEAUTO,SM,,,,,FORGE AUTO INTERNATION L,100.70,100.80,100.70,100.70,100.70,106.00,,100.70,,,20400,2054400.00,17,F1,1200,,,,,
2026-08-20,2026-08-20,CM,NSE,STK,14592,INE061F01013,FORTIS,EQ,,,,,FORTIS HEALTHCARE LTD,915.00,920.95,911.05,916.80,916.80,911.30,,916.74,,,654971,600464613.45,22508,F1,1,,,,,
2026-08-20,2026-08-20,CM,NSE,STK,1073,INE519A01011,FOSECOIND,EQ,,,,,FOSECO INDIA LTD,5473.00,5730.00,5431.00,5506.00,5500.00,5467.00,,5507.42,,,10733,59054766.50,2313,F1,1,,,,,
2026-08-20,2026-08-20,CM,NSE,STK,760961,INE212S01015,FRACTAL,EQ,,,,,FRACTAL ANALYTICS LIMITED,835.00,873.90,834.50,855.25,856.50,834.20,,855.24,,,507096,435885988.60,22430,F1,1,,,,,
2026-08-20,2026-08-20,CM,NSE,STK,18175,INF090I01WB7,IF3GPD,MF,,,,,FRANTEMAMC - IF3GPD,2.10,2.10,2.10,2.10,2.10,1.95,,2.10,,,1,2.10,1,F1,1,,,,,
2026-08-20,2026-08-20,CM,NSE,STK,764683,INE194R01017,FREDUN,EQ,,,,,FREDUN PHARMACEUTICALS L,1422.70,1499.00,1422.70,1471.80,1461.00,1428.00,,1471.75,,,19545,28682780.40,1898,F1,1,,,,,
2026-08-20,2026-08-20,CM,NSE,STK,25871,INE0SFW01015,FRESHARA,ST,,,,,FRESHARA AGRO EXPORTS LTD,370.50,388.95,370.50,388.95,388.95,370.45,,388.95,,,71400,27193080.00,81,F1,600,,,,,
2026-08-20,2026-08-20,CM,NSE,STK,11504,INE385O01018,FROG,ST,,,,,FROG INNOVATIONS LIMITED,211.00,211.75,211.00,211.60,211.60,211.60,,211.60,,,3600,761940.00,9,F1,400,,,,,
2026-08-20,2026-08-20,CM,NSE,STK,762685,INE572D01014,FRONTSP,EQ,,,,,FRONTIER SPRINGS LTD.,1310.00,1310.00,1279.40,1293.80,1294.00,1281.40,,1293.86,,,10736,13848844.40,1286,F1,1,,,,,
2026-08-20,2026-08-20,CM,NSE,STK,6545,INE388Y01029,NYKAA,EQ,,,,,FSN E COMMERCE VENTURES,329.95,332.45,325.40,330.35,330.35,327.35,,330.35,,,6631141,2189307603.60,49176,F1,1,,,,,
2026-08-20,2026-08-20,CM,NSE,STK,759876,INE12UR01024,UTLSOLAR,EQ,,,,,FUJIYAMA POWER SYSTEMS L,489.50,494.25,468.00,477.50,475.40,483.95,,477.50,,,383781,183868385.30,17841,F1,1,,,,,
2026-08-20,2026-08-20,CM,NSE,STK,11932,INE139R01012,FUSION,EQ,,,,,FUSION FINANCE LIMITED,195.00,206.49,193.24,203.32,203.50,192.08,,203.33,,,864777,174795663.66,15818,F1,1,,,,,
2026-08-20,2026-08-20,CM,NSE,STK,14868,INE452O01016,FLFL,BZ,,,,,FUT LIFESTYLE FASH LTD,1.15,1.19,1.11,1.17,1.17,1.15,,1.16,,,37587,43131.65,90,F1,1,,,,,
2026-08-20,2026-08-20,CM,NSE,STK,13812,INE623B01027,FEL,BZ,,,,,FUTURE ENTERPRISES LTD,0.42,0.42,0.40,0.40,0.40,0.41,,0.40,,,243489,98457.41,145,F1,1,,,,,
2026-08-20,2026-08-20,CM,NSE,STK,30491,IN9623B01058,FELDVR,BZ,,,,,FUTURE ENTERPRISES LTD,2.43,2.43,2.30,2.39,2.40,2.32,,2.37,,,14381,34505.03,20,F1,1,,,,,
2026-08-20,2026-08-20,CM,NSE,STK,21021,INE360L01017,FMNL,BE,,,,,FUTURE MKT NETWORKS LTD,8.75,8.85,8.30,8.49,8.50,8.51,,8.49,,,39845,341061.30,80,F1,1,,,,,
2026-08-20,2026-08-20,CM,NSE,STK,1168,INE075D01018,GMBREW,EQ,,,,,G M BREWERIES LTD,877.85,886.00,877.55,883.20,884.90,873.50,,883.20,,,17059,15055727.40,1268,F1,1,,,,,
2026-08-20,2026-08-20,CM,NSE,STK,5054,INE201P01022,GRINFRA,EQ,,,,,G R INFRAPROJECTS LIMITED,882.75,888.00,876.60,884.00,883.95,883.30,,883.92,,,7641,6746548.95,1263,F1,1,,,,,
2026-08-20,2026-08-20,CM,NSE,STK,1135,INE586X01012,GTECJAINX,BE,,,,,G-TEC JAINX EDUCATION LTD,28.99,29.20,27.58,29.00,29.00,29.00,,29.00,,,2240,63026.93,29,F1,1,,,,,
2026-08-20,2026-08-20,CM,NSE,STK,1085,INE524A01029,GABRIEL,EQ,,,,,GABRIEL INDIA LTD,1450.00,1475.00,1426.20,1436.80,1429.90,1438.60,,1436.78,,,128573,186991001.90,11317,F1,1,,,,,
2026-08-20,2026-08-20,CM,NSE,STK,18018,INE224E01028,GATECH,BE,,,,,GACM TECHNOLOGIES LIMITED,0.87,0.87,0.86,0.87,0.87,0.83,,0.88,,,28111712,24448553.39,4322,F1,1,,,,,
2026-08-20,2026-08-20,CM,NSE,STK,27,INE224E01036,GATECHDVR,BE,,,,,GACM TECHNOLOGIES LIMITED,0.53,0.53,0.51,0.52,0.52,0.51,,0.52,,,409410,216533.10,238,F1,1,,,,,
2026-08-20,2026-08-20,CM,NSE,STK,4717,INE129A01019,GAIL,EQ,,,,,GAIL (INDIA) LTD,172.50,173.59,172.06,172.50,172.50,172.50,,172.50,,,3895715,672476898.47,39861,F1,1,,,,,
2026-08-20,2026-08-20,CM,NSE,STK,25244,INE0QTE01018,GAJANAND,SM,,,,,GAJANAND INTERNATIONAL L,8.00,8.00,8.00,8.00,8.00,8.00,,8.00,,,3000,24000.00,1,F1,3000,,,,,
2026-08-20,2026-08-20,CM,NSE,STK,25134,INE0RE001014,GALAPREC,EQ,,,,,GALA PRECISION ENG LTD,1032.90,1040.90,1004.00,1029.60,1036.00,1017.60,,1029.62,,,35781,36539828.40,2780,F1,1,,,,,
2026-08-20,2026-08-20,CM,NSE,STK,1315,INE600K01018,GALAXYSURF,EQ,,,,,GALAXY SURFACTANTS LTD,2392.00,2416.70,2295.00,2318.20,2315.40,2361.30,,2318.33,,,63878,149408207.60,8333,F1,1,,,,,
2026-08-20,2026-08-20,CM,NSE,STK,13337,INE297H01019,GALLANTT,EQ,,,,,GALLANTT ISPAT LIMITED,585.00,595.00,577.55,582.40,582.00,575.70,,582.37,,,50154,29369126.75,5366,F1,1,,,,,
2026-08-20,2026-08-20,CM,NSE,STK,20303,INE717W01049,GANDHAR,EQ,,,,,GANDHAR OIL REFINE IND L,252.50,255.79,246.30,254.09,254.80,250.15,,254.09,,,963327,241131676.84,16829,F1,1,,,,,
2026-08-20,2026-08-20,CM,NSE,STK,14116,INE524B01027,GANDHITUBE,EQ,,,,,GANDHI SPL. TUBES LTD,886.00,908.20,886.00,894.95,894.00,886.60,,894.73,,,7506,6701849.60,612,F1,1,,,,,
2026-08-20,2026-08-20,CM,NSE,STK,5617,INE388A01029,GANESHBE,BE,,,,,GANESH BENZOPLAST LIMITED,114.60,118.06,113.03,118.06,118.06,112.44,,118.05,,,116981,13627128.52,372,F1,1,,,,,
2026-08-20,2026-08-20,CM,NSE,STK,759012,INE652V01016,GANESHCP,EQ,,,,,GANESH CONSUMER PRODUCT L,165.99,165.99,161.95,162.35,162.00,164.02,,162.35,,,92665,15125240.61,1342,F1,1,,,,,
2026-08-20,2026-08-20,CM,NSE,STK,24439,INE0R8C01018,GGBL,SM,,,,,GANESH GREEN BHARAT LTD,244.80,248.00,236.00,238.95,239.95,240.85,,238.95,,,24600,5904240.00,69,F1,300,,,,,
2026-08-20,2026-08-20,CM,NSE,STK,14339,INE460C01014,GANESHHOU,EQ,,,,,GANESH HOUSING LIMITED,825.90,835.00,819.30,826.80,828.00,825.90,,826.73,,,18320,15150530.10,1321,F1,1,,,,,
2026-08-20,2026-08-20,CM,NSE,STK,27351,INE0TVT01024,GANESHIN,ST,,,,,GANESH INFRAWORLD LIMITED,114.80,116.95,113.00,113.75,113.75,114.80,,113.75,,,24000,2755440.00,23,F1,800,,,,,
2026-08-20,2026-08-20,CM,NSE,STK,6944,INE845D01014,GANECOS,EQ,,,,,GANESHA ECOSPHERE LIMITED,1081.40,1107.00,1063.30,1095.50,1087.10,1065.90,,1095.36,,,87773,95231291.90,7855,F1,1,,,,,
2026-08-20,2026-08-20,CM,NSE,STK,757525,INE0ZI101018,GANGABATH,SM,,,,,GANGA BATH FITTINGS LTD,22.70,22.70,22.00,22.55,22.55,21.95,,22.55,,,12000,268050.00,4,F1,3000,,,,,
2026-08-20,2026-08-20,CM,NSE,STK,4957,INE691Z01023,GANGAFORGE,EQ,,,,,GANGA FORGING LIMITED,2.15,2.15,2.15,2.15,2.15,2.26,,2.15,,,968342,2081935.30,844,F1,1,,,,,
2026-08-20,2026-08-20,CM,NSE,STK,21399,INE335W01016,GANGESSECU,EQ,,,,,GANGES SECURITIES LIMITED,123.90,123.90,120.10,122.07,121.10,118.98,,122.07,,,6826,832591.42,74,F1,1,,,,,
2026-08-20,2026-08-20,CM,NSE,STK,5475,INE382Z01011,GRSE,EQ,,,,,GARDEN REACH SHIP&ENG LTD,2651.00,2655.60,2612.00,2617.80,2616.50,2638.30,,2617.59,,,279800,735825462.90,18746,F1,1,,,,,
2026-08-20,2026-08-20,CM,NSE,STK,25800,INE0JVO01026,GARUDA,EQ,,,,,GARUDA CONSTRUCT N ENG L,181.50,184.77,181.10,182.25,183.18,180.78,,182.26,,,248706,45365555.12,3498,F1,1,,,,,
2026-08-20,2026-08-20,CM,NSE,STK,7982,INE291A01017,GRWRHITECH,EQ,,,,,GARWARE HI-TECH FILMS LTD,7060.00,7130.00,7031.50,7109.50,7120.00,7080.50,,7109.51,,,23070,163612956.00,6321,F1,1,,,,,
2026-08-20,2026-08-20,CM,NSE,STK,1100,INE276A01018,GARFIBRES,EQ,,,,,GARWARE TECH FIBRES LTD,760.00,776.05,751.20,760.25,767.90,759.85,,760.42,,,45144,34520563.20,6346,F1,1,,,,,
2026-08-20,2026-08-20,CM,NSE,STK,8510,INE079J01017,GATEWAY,EQ,,,,,GATEWAY DISTRIPARKS LTD,54.55,55.63,54.05,55.10,54.60,54.43,,55.10,,,959261,52582587.98,12452,F1,1,,,,,
2026-08-20,2026-08-20,CM,NSE,STK,760179,INE0P8B01020,GAUDIUMIVF,BE,,,,,GAUDIUM IVF N WOMEN H L,113.68,113.68,113.68,113.68,113.68,116.00,,113.80,,,49006,5571002.08,299,F1,1,,,,,
2026-08-20,2026-08-20,CM,NSE,STK,3693,INE287Z01012,GAYAHWS,EQ,,,,,GAYATRI HIGHWAYS LIMITED,1.98,2.00,1.88,1.92,1.92,1.93,,1.92,,,274240,527115.14,284,F1,1,,,,,
2026-08-20,2026-08-20,CM,NSE,STK,25027,INE336H01023,GAYAPROJ,BE,,,,,GAYATRI PROJECTS LTD,21.59,21.80,20.66,20.77,20.75,21.59,,20.78,,,325159,6845594.00,1246,F1,1,,,,,
2026-08-20,2026-08-20,CM,NSE,STK,14052,INE0LVM01018,GRCL,SM,,,,,GAYATRI RUBB AND CHEM LTD,505.95,505.95,505.95,505.95,505.95,505.95,,505.95,,,750,379462.50,2,F1,250,,,,,
2026-08-20,2026-08-20,CM,NSE,STK,7862,INE878A01011,GVPIL,EQ,,,,,GE POWER INDIA LIMITED,690.05,698.95,663.00,666.70,665.50,685.00,,666.70,,,273811,185321760.95,12193,F1,1,,,,,
2026-08-20,2026-08-20,CM,NSE,STK,16783,INE200A01026,GVT&D,EQ,,,,,GE VERNOVA T&D INDIA LTD,4140.00,4143.00,4050.10,4050.10,4050.10,4100.00,,4050.17,,,992560,4046863823.60,62359,F1,1,,,,,
2026-08-20,2026-08-20,CM,NSE,STK,13662,INE916G01016,GEECEE,BE,,,,,GEECEE VENTURES LIMITED,375.95,375.95,368.50,368.85,369.00,370.85,,368.85,,,3069,1137819.75,22,F1,1,,,,,
2026-08-20,2026-08-20,CM,NSE,STK,17922,INE669X01032,GEEKAYWIRE,EQ,,,,,GEEKAY WIRES LIMITED,22.62,23.23,22.18,22.31,22.30,22.62,,22.31,,,160106,3608983.81,2176,F1,1,,,,,
2026-08-20,2026-08-20,CM,NSE,STK,759461,INE06XZ01023,GEMAROMA,EQ,,,,,GEM AROMATICS LIMITED,178.44,182.00,176.20,177.39,179.50,175.55,,177.16,,,75965,13577078.50,1405,F1,1,,,,,
2026-08-20,2026-08-20,CM,NSE,STK,277,INE481Y01014,GICRE,EQ,,,,,GENERAL INS CORP OF INDIA,361.50,363.00,358.40,359.80,359.90,359.60,,359.80,,,675306,243241415.10,16704,F1,1,,,,,
2026-08-20,2026-08-20,CM,NSE,STK,2188,INE854S01022,GENCON,EQ,,,,,GENERIC ENG CONS PROJ LTD,39.06,42.90,38.25,41.06,40.93,38.39,,41.06,,,433879,17525380.96,2721,F1,1,,,,,
2026-08-20,2026-08-20,CM,NSE,STK,10905,INE727B01026,GENESYS,EQ,,,,,GENESYS INTL CORPN LTD,182.20,187.30,180.00,183.55,183.60,182.45,,183.55,,,267467,49431382.35,5920,F1,1,,,,,
2026-08-20,2026-08-20,CM,NSE,STK,758842,INE06H201014,GENSOL,BZ,,,,,GENSOL ENGINEERING LTD,18.70,19.16,18.22,18.22,18.22,19.17,,18.22,,,100725,1848795.70,859,F1,1,,,,,
2026-08-20,2026-08-20,CM,NSE,STK,6600,INE949P01018,GENUSPAPER,EQ,,,,,GENUS P&B LIMITED,11.43,11.70,11.22,11.32,11.30,11.43,,11.32,,,42860,490521.69,310,F1,1,,,,,
2026-08-20,2026-08-20,CM,NSE,STK,11905,INE955D01029,GENUSPOWER,EQ,,,,,GENUS POWER INFRASTRU LTD,310.90,340.90,310.90,334.25,336.70,309.30,,334.25,,,16393463,5460022688.25,171739,F1,1,,,,,
2026-08-20,2026-08-20,CM,NSE,STK,31942,INE1W0N01014,GENXAI,SM,,,,,GENXAI ANALYTICS LIMITED,77.90,79.45,77.15,79.45,79.45,78.00,,79.45,,,6000,470280.00,5,F1,1200,,,,,
2026-08-20,2026-08-20,CM,NSE,STK,11896,INE007B01023,GEOJITFSL,EQ,,,,,GEOJIT FINANCIAL SER L,79.86,82.90,79.80,80.79,81.00,80.01,,80.78,,,378872,30926676.66,3460,F1,1,,,,,
2026-08-20,2026-08-20,CM,NSE,STK,1289,INE538A01037,GFLLIMITED,EQ,,,,,GFL LIMITED,57.95,57.95,55.00,56.38,56.40,56.76,,56.38,,,236111,13277471.64,2954,F1,1,,,,,
2026-08-20,2026-08-20,CM,NSE,STK,1127,INE539A01019,GHCL,EQ,,,,,GHCL LIMITED,438.70,444.30,437.00,443.15,442.00,438.70,,443.14,,,121421,53552011.40,6282,F1,1,,,,,
2026-08-20,2026-08-20,CM,NSE,STK,16696,INE0PA801013,GHCLTEXTIL,EQ,,,,,GHCL TEXTILES LIMITED,129.44,129.44,122.50,123.77,123.00,126.40,,123.78,,,453721,56818560.84,6595,F1,1,,,,,
2026-08-20,2026-08-20,CM,NSE,STK,1139,INE289B01019,GICHSGFIN,EQ,,,,,GIC HOUSING FINANCE LTD,137.50,138.26,137.10,137.64,137.95,137.25,,137.64,,,58018,7989081.66,1171,F1,1,,,,,
2026-08-20,2026-08-20,CM,NSE,STK,17839,INE047B01011,GILLANDERS,EQ,,,,,GILLANDERS ARBUTHNOT LTD,90.00,95.90,90.00,94.61,95.00,89.05,,94.58,,,24790,2313734.99,227,F1,1,,,,,
2026-08-20,2026-08-20,CM,NSE,STK,1576,INE322A01010,GILLETTE,EQ,,,,,GILLETTE INDIA LTD,7530.00,7582.50,7456.00,7512.00,7520.00,7505.00,,7510.98,,,14426,108287280.50,4939,F1,1,,,,,
2026-08-20,2026-08-20,CM,NSE,STK,9294,INE424C01010,GINNIFILA,BE,,,,,GINNIFILAMENTS LTD.,44.90,46.00,44.00,45.51,45.50,44.42,,45.23,,,40128,1816134.08,141,F1,1,,,,,
2026-08-20,2026-08-20,CM,NSE,STK,2365,INE614Z01017,GIRIRAJ,SM,,,,,GIRIRAJ CIVIL DEVP LTD,79.55,79.55,79.55,79.55,79.55,75.80,,79.55,,,1000,79550.00,4,F1,250,,,,,
2026-08-20,2026-08-20,CM,NSE,STK,759048,INE1AG301022,GKENERGY,EQ,,,,,GK ENERGY LIMITED,122.90,124.61,122.00,123.99,123.66,122.13,,124.02,,,273067,33675495.81,5569,F1,1,,,,,
2026-08-20,2026-08-20,CM,NSE,STK,764688,INE265D01015,GKB,EQ,,,,,GKB OPHTHALMICS LTD.,61.75,61.75,61.75,61.75,61.75,60.90,,61.89,,,10,617.50,1,F1,1,,,,,
2026-08-20,2026-08-20,CM,NSE,STK,17357,INE528A01020,GKWLIMITED,EQ,,,,,GKW LIMITED,1628.00,1628.00,1610.00,1610.20,1610.00,1604.00,,1610.20,,,238,384444.20,19,F1,1,,,,,
2026-08-20,2026-08-20,CM,NSE,STK,1186,INE068V01023,GLAND,EQ,,,,,GLAND PHARMA LIMITED,2857.80,2869.80,2811.00,2820.00,2848.00,2841.30,,2820.10,,,563338,1590978653.70,35499,F1,1,,,,,
2026-08-20,2026-08-20,CM,NSE,STK,1153,INE159A01016,GLAXO,EQ,,,,,GLAXOSMITHKLINE PHARMA LT,3020.00,3049.40,2982.60,2999.70,3005.00,3032.40,,2999.72,,,304052,913292009.60,29753,F1,1,,,,,
2026-08-20,2026-08-20,CM,NSE,STK,7406,INE935A01035,GLENMARK,EQ,,,,,GLENMARK PHARMACEUTICALS,2264.00,2342.00,2252.10,2332.90,2332.90,2246.50,,2332.12,,,552157,1276707415.30,35182,F1,1,,,,,
2026-08-20,2026-08-20,CM,NSE,STK,1415,INE291W01037,GLOBAL,EQ,,,,,GLOBAL EDUCATION LIMITED,107.00,107.50,105.00,106.29,107.50,107.58,,106.29,,,26366,2801141.48,665,F1,1,,,,,
2026-08-20,2026-08-20,CM,NSE,STK,11956,INE474Q01031,MEDANTA,EQ,,,,,GLOBAL HEALTH LIMITED,1420.00,1429.60,1401.00,1408.20,1410.00,1417.20,,1408.22,,,120892,170702975.70,12449,F1,1,,,,,
2026-08-20,2026-08-20,CM,NSE,STK,14599,INE0JSX01015,GSLSU,EQ,,,,,GLOBAL SURFACES LIMITED,38.35,38.35,34.78,34.78,34.93,36.61,,34.79,,,113525,4021622.19,747,F1,1,,,,,
2026-08-20,2026-08-20,CM,NSE,STK,13735,INE792H01019,GLOBALVECT,EQ,,,,,GLOBAL VEC HELICORP LTD,149.02,151.79,147.32,149.37,149.98,149.02,,149.42,,,3267,488879.09,192,F1,1,,,,,
2026-08-20,2026-08-20,CM,NSE,STK,24932,INE0URU01010,GLOBALE,EQ,,,,,GLOBALE TESSILE LIMITED,11.50,11.94,11.15,11.60,11.60,11.45,,11.48,,,3127,35571.95,16,F1,1,,,,,
2026-08-20,2026-08-20,CM,NSE,STK,758572,INE0V3U01015,GLOBECIVIL,EQ,,,,,GLOBE CIVIL PROJECTS LTD,45.46,45.46,41.50,42.34,42.40,44.97,,42.33,,,102837,4440179.93,888,F1,1,,,,,
2026-08-20,2026-08-20,CM,NSE,STK,393,INE581X01021,GLOBE,EQ,,,,,GLOBE ENTERPRISE (I) LTD,1.98,2.02,1.98,2.00,2.00,1.99,,2.00,,,271164,541760.25,211,F1,1,,,,,
2026-08-20,2026-08-20,CM,NSE,STK,761025,INE947T01022,GICL,EQ,,,,,GLOBE INTL CARRIERS LTD,24.49,24.49,23.73,23.99,24.26,23.99,,23.99,,,215889,5183770.45,472,F1,1,,,,,
2026-08-20,2026-08-20,CM,NSE,STK,9764,INE00WS01056,GSTL,SM,,,,,GLOBESECURE TECHNO LTD,13.95,13.95,13.90,13.90,13.90,14.60,,13.90,,,6000,83450.00,6,F1,1000,,,,,
2026-08-20,2026-08-20,CM,NSE,STK,17424,INE615I01010,GLOBUSSPR,EQ,,,,,GLOBUS SPIRITS LTD,910.05,915.90,900.00,905.10,905.75,905.20,,905.09,,,61994,56115468.60,5923,F1,1,,,,,
2026-08-20,2026-08-20,CM,NSE,STK,23590,INE350Z01018,GLOSTERLTD,EQ,,,,,GLOSTER LIMITED,596.00,602.10,588.00,591.35,592.00,596.00,,591.84,,,3191,1887894.40,291,F1,1,,,,,
2026-08-20,2026-08-20,CM,NSE,STK,760118,INE0TQE01026,GLOTTIS,BE,,,,,GLOTTIS LIMITED,65.39,66.35,65.20,66.01,66.01,65.39,,66.01,,,25936,1712549.78,225,F1,1,,,,,
2026-08-20,2026-08-20,CM,NSE,STK,1570,INE541A01023,GMMPFAUDLR,EQ,,,,,GMM PFAUDLER LIMITED,1030.00,1031.20,1014.00,1018.20,1015.00,1019.85,,1018.28,,,96998,99073835.00,6052,F1,1,,,,,
2026-08-20,2026-08-20,CM,NSE,STK,13528,INE776C01039,GMRAIRPORT,EQ,,,,,GMR AIRPORTS LIMITED,103.02,103.38,100.41,100.41,100.41,102.50,,100.38,,,7419821,753160657.98,27414,F1,1,,,,,
2026-08-20,2026-08-20,CM,NSE,STK,8529,INE0CU601026,GMRP&UI,EQ,,,,,GMR POW AND URBAN INFRA L,97.50,99.44,97.24,98.56,97.56,98.67,,98.56,,,1103564,108480121.26,16767,F1,1,,,,,
2026-08-20,2026-08-20,CM,NSE,STK,18571,INE934S01014,GNA,EQ,,,,,GNA AXLES LIMITED,572.05,580.00,556.35,566.15,560.00,577.15,,566.23,,,391082,223306526.30,12455,F1,1,,,,,
2026-08-20,2026-08-20,CM,NSE,STK,757862,INE18JU01028,EBGNG,EQ,,,,,GNG ELECTRONICS LIMITED,594.00,634.50,589.15,624.75,624.75,588.40,,624.75,,,1449004,902984335.85,38386,F1,1,,,,,
2026-08-20,2026-08-20,CM,NSE,STK,23799,INE03JT01014,GODIGIT,EQ,,,,,GO DIGIT GENERAL INS LTD,252.50,259.85,252.50,256.70,256.50,252.05,,256.69,,,228758,58771939.05,6673,F1,1,,,,,
2026-08-20,2026-08-20,CM,NSE,STK,6964,INE0BJS01011,GOCOLORS,EQ,,,,,GO FASHION INDIA LTD,335.00,338.15,328.30,330.15,331.95,333.60,,330.13,,,81230,26979063.00,2160,F1,1,,,,,
2026-08-20,2026-08-20,CM,NSE,STK,14687,INE426D01013,GOACARBON,EQ,,,,,GOA CARBON LIMITED,355.65,359.55,351.05,353.45,356.00,355.65,,353.57,,,7746,2754053.60,490,F1,1,,,,,
2026-08-20,2026-08-20,CM,NSE,STK,3963,INE077F01035,GOCLCORP,EQ,,,,,GOCL CORPORATION LIMITED,398.00,403.45,397.50,398.25,399.40,398.55,,398.24,,,32853,13140182.45,1605,F1,1,,,,,
2026-08-20,2026-08-20,CM,NSE,STK,25941,INE497S01012,GODAVARIB,EQ,,,,,GODAVARI BIOREFINERIES L,247.15,252.15,245.00,245.80,246.95,247.15,,245.91,,,122156,30164284.90,2782,F1,1,,,,,
2026-08-20,2026-08-20,CM,NSE,STK,13409,INE177H01039,GPIL,EQ,,,,,GODAWARI POW & ISP LTD,246.51,249.10,244.72,247.88,247.71,246.10,,247.86,,,1275437,315219907.24,17202,F1,1,,,,,
2026-08-20,2026-08-20,CM,NSE,STK,1181,INE260B01028,GODFRYPHLP,EQ,,,,,GODFREY PHILLIPS INDIA LT,2127.40,2163.80,2095.00,2103.10,2103.10,2117.60,,2103.18,,,351124,746545209.50,23046,F1,1,,,,,
2026-08-20,2026-08-20,CM,NSE,STK,144,INE850D01014,GODREJAGRO,EQ,,,,,GODREJ AGROVET LIMITED,579.90,584.95,572.05,581.65,583.75,573.35,,581.69,,,162280,93841923.75,11153,F1,1,,,,,
2026-08-20,2026-08-20,CM,NSE,STK,10099,INE102D01028,GODREJCP,EQ,,,,,GODREJ CONSUMER PRODUCTS,937.00,948.00,934.00,947.00,947.00,930.00,,946.75,,,1961370,1849981436.90,42307,F1,1,,,,,
2026-08-20,2026-08-20,CM,NSE,STK,10925,INE233A01035,GODREJIND,EQ,,,,,GODREJ INDUSTRIES LTD,1214.90,1243.90,1204.50,1223.40,1226.10,1218.00,,1223.63,,,179646,220317565.40,8976,F1,1,,,,,
2026-08-20,2026-08-20,CM,NSE,STK,17875,INE484J01027,GODREJPROP,EQ,,,,,GODREJ PROPERTIES LTD,2011.00,2041.90,2001.30,2020.00,2020.00,2007.30,,2020.02,,,285777,578304375.20,16833,F1,1,,,,,
2026-08-20,2026-08-20,CM,NSE,STK,765280,IN0020260058,620GS2029,GS,,,,,GOI LOAN   6.20% 2029,99.00,99.90,98.91,99.23,99.23,100.00,,99.23,,,2969,294738.18,18,F1,1,,,,,
2026-08-20,2026-08-20,CM,NSE,STK,765281,IN0020260066,657GS2033A,GS,,,,,GOI LOAN   6.57% 2033,100.00,100.00,98.41,98.41,98.41,100.00,,98.41,,,4600,452845.00,4,F1,1,,,,,
2026-08-20,2026-08-20,CM,NSE,STK,27405,IN0020240167,664GS2027,GS,,,,,GOI LOAN   6.64% 2027,102.00,102.00,102.00,102.00,102.00,101.25,,102.00,,,200,20400.00,2,F1,1,,,,,
2026-08-20,2026-08-20,CM,NSE,STK,27273,IN0020240159,679GS2034A,GS,,,,,GOI LOAN   6.79% 2034,96.00,96.00,96.00,96.00,96.00,96.87,,96.00,,,200,19200.00,2,F1,1,,,,,
2026-08-20,2026-08-20,CM,NSE,STK,27170,IN0020240142,709GS2074,GS,,,,,GOI LOAN   7.09% 2074,96.50,96.50,96.20,96.25,96.25,96.49,,96.25,,,50383,4860352.28,18,F1,1,,,,,
2026-08-20,2026-08-20,CM,NSE,STK,6695,IN0020210186,574GS2026,GS,,,,,GOI LOAN  5.74% 2026,100.85,100.85,100.85,100.85,100.85,100.93,,100.85,,,2,201.70,1,F1,1,,,,,
2026-08-20,2026-08-20,CM,NSE,STK,757983,IN0020250067,601GS2030,GS,,,,,GOI LOAN  6.01% 2030,98.00,98.21,98.00,98.21,98.21,98.00,,98.21,,,199,19522.79,2,F1,1,,,,,
2026-08-20,2026-08-20,CM,NSE,STK,760622,IN0020250125,603GS2029,GS,,,,,GOI LOAN  6.03% 2029,103.68,103.68,103.68,103.68,103.68,98.75,,103.68,,,1,103.68,1,F1,1,,,,,
2026-08-20,2026-08-20,CM,NSE,STK,5012,IN0020210095,610GS2031,GS,,,,,GOI LOAN  6.10% 2031,101.00,101.00,101.00,101.00,101.00,101.50,,101.00,,,1,101.00,1,F1,1,,,,,
2026-08-20,2026-08-20,CM,NSE,STK,953,IN0020200245,622GS2035,GS,,,,,GOI LOAN  6.22% 2035,98.95,98.95,98.95,98.95,98.95,96.00,,98.95,,,1,98.95,1,F1,1,,,,,
2026-08-20,2026-08-20,CM,NSE,STK,757994,IN0020250059,628GS2032,GS,,,,,GOI LOAN  6.28% 2032,98.26,98.26,98.26,98.26,98.26,99.00,,98.26,,,100,9826.00,1,F1,1,,,,,
2026-08-20,2026-08-20,CM,NSE,STK,756890,IN0020250026,633GS2035,GS,,,,,GOI LOAN  6.33% 2035,99.00,99.00,99.00,99.00,99.00,97.31,,99.00,,,4600,455400.00,1,F1,1,,,,,
2026-08-20,2026-08-20,CM,NSE,STK,761020,IN0020250141,636GS2031,GS,,,,,GOI LOAN  6.36% 2031,100.00,102.00,99.99,101.24,99.99,100.00,,101.24,,,502,50701.99,6,F1,1,,,,,
2026-08-20,2026-08-20,CM,NSE,STK,759396,IN0020250091,648GS2035,GS,,,,,GOI LOAN  6.48% 2035,99.31,99.31,99.31,99.31,99.31,100.75,,99.31,,,14,1390.34,1,F1,1,,,,,
2026-08-20,2026-08-20,CM,NSE,STK,7843,IN0020210244,654GS2032,GS,,,,,GOI LOAN  6.54% 2032,99.51,99.51,99.51,99.51,99.51,99.50,,99.51,,,1,99.51,1,F1,1,,,,,
2026-08-20,2026-08-20,CM,NSE,STK,956,IN0020200252,667GS2050,GS,,,,,GOI LOAN  6.67% 2050,93.00,93.00,92.44,92.44,92.44,92.15,,92.44,,,5592,516925.73,12,F1,1,,,,,
2026-08-20,2026-08-20,CM,NSE,STK,760623,IN0020250133,668GS2033,GS,,,,,GOI LOAN  6.68% 2033,99.55,99.70,99.55,99.62,99.62,99.90,,99.62,,,2400,238971.00,3,F1,1,,,,,
2026-08-20,2026-08-20,CM,NSE,STK,757847,IN0020250042,668GS2040,GS,,,,,GOI LOAN  6.68% 2040,99.30,99.30,97.40,98.06,98.06,97.25,,98.06,,,20150,1975918.42,18,F1,1,,,,,
2026-08-20,2026-08-20,CM,NSE,STK,2317,IN0020200401,676GS2061,GS,,,,,GOI LOAN  6.76% 2061,93.85,94.38,93.85,94.38,94.38,94.00,,94.38,,,12824,1208989.06,16,F1,1,,,,,
2026-08-20,2026-08-20,CM,NSE,STK,22438,IN0020200187,68GS2060,GS,,,,,GOI LOAN  6.8% 2060,93.09,93.55,93.09,93.10,93.10,93.50,,93.10,,,7058,657263.22,25,F1,1,,,,,
2026-08-20,2026-08-20,CM,NSE,STK,756014,IN0020250018,690GS2065,GS,,,,,GOI LOAN  6.90% 2065,94.50,94.70,94.50,94.69,94.69,94.80,,94.69,,,1636,154729.17,6,F1,1,,,,,
2026-08-20,2026-08-20,CM,NSE,STK,6817,IN0020210202,695GS2061,GS,,,,,GOI LOAN  6.95% 2061,94.50,94.50,94.00,94.00,94.00,94.79,,94.00,,,2601,244962.09,11,F1,1,,,,,
2026-08-20,2026-08-20,CM,NSE,STK,6696,IN0020210194,699GS2051,GS,,,,,GOI LOAN  6.99% 2051,96.60,96.60,94.48,96.25,96.25,96.60,,96.25,,,9800,940264.00,10,F1,1,,,,,
2026-08-20,2026-08-20,CM,NSE,STK,23854,IN0020240043,702GS2027,GS,,,,,GOI LOAN  7.02% 2027,101.71,101.71,101.71,101.71,101.71,101.71,,101.71,,,1,101.71,1,F1,1,,,,,
2026-08-20,2026-08-20,CM,NSE,STK,23919,IN0020240050,704GS2029,GS,,,,,GOI LOAN  7.04% 2029,102.46,102.47,102.46,102.47,102.47,102.01,,102.47,,,175,17931.25,2,F1,1,,,,,
2026-08-20,2026-08-20,CM,NSE,STK,24949,IN0020240118,709GS2054,GS,,,,,GOI LOAN  7.09% 2054,97.49,97.49,97.00,97.00,97.19,96.70,,97.00,,,7849,762249.71,8,F1,1,,,,,
2026-08-20,2026-08-20,CM,NSE,STK,23463,IN0020240019,71GS2034,GS,,,,,GOI LOAN  7.1% 2034,104.00,104.98,104.00,104.98,104.98,104.90,,103.59,,,102,10609.86,3,F1,1,,,,,
2026-08-20,2026-08-20,CM,NSE,STK,15050,IN0020230036,717GS2030,GS,,,,,GOI LOAN  7.17% 2030,104.00,104.50,104.00,104.50,104.50,103.26,,104.50,,,61450,6392909.00,9,F1,1,,,,,
2026-08-20,2026-08-20,CM,NSE,STK,17398,IN0020230077,718GS2037,GS,,,,,GOI LOAN  7.18% 2037,103.00,108.05,103.00,104.82,104.82,103.30,,103.91,,,3677,378757.87,6,F1,1,,,,,
2026-08-20,2026-08-20,CM,NSE,STK,758674,IN0020250075,724GS2055,GS,,,,,GOI LOAN  7.24% 2055,98.65,98.70,98.19,98.20,98.19,98.65,,98.20,,,70695,6951754.20,79,F1,1,,,,,
2026-08-20,2026-08-20,CM,NSE,STK,16733,IN0020230044,725GS2063,GS,,,,,GOI LOAN  7.25% 2063,99.00,99.00,98.15,98.15,98.15,98.50,,98.15,,,791544,77708984.89,351,F1,1,,,,,
2026-08-20,2026-08-20,CM,NSE,STK,10722,IN0020220060,726GS2032,GS,,,,,GOI LOAN  7.26% 2032,107.00,107.00,107.00,107.00,107.00,106.50,,107.00,,,100,10700.00,1,F1,1,,,,,
2026-08-20,2026-08-20,CM,NSE,STK,16865,IN0020230051,73GS2053,GS,,,,,GOI LOAN  7.3% 2053,100.00,100.00,100.00,100.00,100.00,100.00,,100.54,,,1650,165000.00,2,F1,1,,,,,
2026-08-20,2026-08-20,CM,NSE,STK,19685,IN0020230119,733GS2026,GS,,,,,GOI LOAN  7.33% 2026,102.00,102.00,102.00,102.00,102.00,103.50,,102.00,,,100,10200.00,1,F1,1,,,,,
2026-08-20,2026-08-20,CM,NSE,STK,23558,IN0020240035,734GS2064,GS,,,,,GOI LOAN  7.34% 2064,100.39,100.39,100.11,100.27,100.29,100.41,,100.27,,,114929,11525085.21,54,F1,1,,,,,
2026-08-20,2026-08-20,CM,NSE,STK,10931,IN0020220086,736GS2052,GS,,,,,GOI LOAN  7.36% 2052,103.99,103.99,103.99,103.99,103.99,104.00,,103.99,,,60,6239.40,1,F1,1,,,,,
2026-08-20,2026-08-20,CM,NSE,STK,19566,IN0020230101,737GS2028,GS,,,,,GOI LOAN  7.37% 2028,104.50,104.50,104.50,104.50,104.50,104.50,,104.50,,,100,10450.00,1,F1,1,,,,,
2026-08-20,2026-08-20,CM,NSE,STK,10981,IN0020220094,74GS2062,GS,,,,,GOI LOAN  7.4% 2062,102.34,102.34,101.60,101.99,101.99,101.99,,101.99,,,2741,279866.10,9,F1,1,,,,,
2026-08-20,2026-08-20,CM,NSE,STK,13194,IN0020220102,741GS2036,GS,,,,,GOI LOAN  7.41% 2036,105.40,106.75,105.00,106.65,106.75,105.49,,106.65,,,38301,4043754.25,16,F1,1,,,,,
2026-08-20,2026-08-20,CM,NSE,STK,760649,IN0020250117,743GS2076,GS,,,,,GOI LOAN  7.43% 2076,101.50,101.50,100.50,100.50,100.50,100.99,,100.50,,,99781,10033026.50,35,F1,1,,,,,
2026-08-20,2026-08-20,CM,NSE,STK,19808,IN0020230127,746GS2073,GS,,,,,GOI LOAN  7.46% 2073,101.74,101.74,100.85,101.44,101.45,101.35,,101.44,,,757,76627.54,7,F1,1,,,,,
2026-08-20,2026-08-20,CM,NSE,STK,763146,IN0020260017,750GS2056,GS,,,,,GOI LOAN  7.50% 2056,102.72,103.00,101.10,102.90,102.90,102.72,,102.90,,,3502,359047.17,15,F1,1,,,,,
2026-08-20,2026-08-20,CM,NSE,STK,9585,IN0020220029,754GS2036,GS,,,,,GOI LOAN  7.54% 2036,106.65,106.98,106.40,106.74,106.70,106.78,,106.74,,,260665,27807939.12,147,F1,1,,,,,
2026-08-20,2026-08-20,CM,NSE,STK,763489,IN0020260033,771GS2066,GS,,,,,GOI LOAN  7.71% 2066,104.55,104.75,104.00,104.60,104.00,104.55,,104.59,,,18168,1901573.90,16,F1,1,,,,,
2026-08-20,2026-08-20,CM,NSE,STK,18973,IN0020200096,619GS2034,GS,,,,,GOI LOAN 6.19% 2034,99.20,99.20,99.20,99.20,99.20,96.71,,99.20,,,1,99.20,1,F1,1,,,,,
2026-08-20,2026-08-20,CM,NSE,STK,7184,IN0020160068,706GS2046,GS,,,,,GOI LOAN 7.06% 2046,107.00,107.00,107.00,107.00,107.00,106.99,,107.00,,,1,107.00,1,F1,1,,,,,
2026-08-20,2026-08-20,CM,NSE,STK,9047,IN0020220011,710GS2029,GS,,,,,GOI LOAN 7.10% 2029,103.01,103.68,103.01,103.68,103.68,104.02,,103.68,,,2379,245810.79,4,F1,1,,,,,
2026-08-20,2026-08-20,CM,NSE,STK,9913,IN0020220037,738GS2027,GS,,,,,GOI LOAN 7.38% 2027,102.25,102.45,102.25,102.28,102.28,102.18,,102.28,,,25711,2629136.15,11,F1,1,,,,,
2026-08-20,2026-08-20,CM,NSE,STK,6835,IN0020020106,795GS2032,GS,,,,,GOI LOAN 7.95% 2032,112.00,112.00,112.00,112.00,112.00,109.50,,112.00,,,500,56000.00,1,F1,1,,,,,
2026-08-20,2026-08-20,CM,NSE,STK,7124,IN0020150044,813GS2045,GS,,,,,GOI LOAN 8.13% 2045,113.99,113.99,113.99,113.99,113.99,113.99,,113.99,,,1,113.99,1,F1,1,,,,,
2026-08-20,2026-08-20,CM,NSE,STK,6884,IN0020060078,824GS2027,GS,,,,,GOI LOAN 8.24%2027,104.00,104.00,101.10,103.00,103.00,105.90,,103.00,,,2923,301920.75,6,F1,1,,,,,
2026-08-20,2026-08-20,CM,NSE,STK,6885,IN0020060086,828GS2032,GS,,,,,GOI LOAN 8.28%2032,107.00,107.00,107.00,107.00,107.00,110.00,,107.00,,,2000,214000.00,2,F1,1,,,,,
2026-08-20,2026-08-20,CM,NSE,STK,7013,IN0020110063,883GS2041,GS,,,,,GOI LOAN 8.83% 2041,115.25,115.25,115.25,115.25,115.25,115.01,,115.25,,,50,5762.50,1,F1,1,,,,,
2026-08-20,2026-08-20,CM,NSE,STK,7011,IN0020110055,897GS2030,GS,,,,,GOI LOAN 8.97% 2030,112.00,112.48,112.00,112.48,112.48,112.00,,112.48,,,320,35969.60,2,F1,1,,,,,
2026-08-20,2026-08-20,CM,NSE,STK,7039,IN0020130053,92GS2030,GS,,,,,GOI LOAN 9.20% 2030,114.95,115.25,114.50,114.68,114.75,114.95,,113.92,,,29611,3406638.55,38,F1,1,,,,,
2026-08-20,2026-08-20,CM,NSE,STK,761480,IN002025Y503,182D180926,TB,,,,,GOI TBILL 182D-18/09/26,98.86,99.05,98.86,99.05,99.05,98.86,,99.05,,,200,19791.00,2,F1,100,,,,,
2026-08-20,2026-08-20,CM,NSE,STK,763526,IN002026Y071,182D191126,TB,,,,,GOI TBILL 182D-19/11/26,97.57,98.00,97.57,97.78,98.00,97.22,,97.78,,,1200,117342.00,2,F1,100,,,,,
2026-08-20,2026-08-20,CM,NSE,STK,759831,IN002025Z336,364D121126,TB,,,,,GOI TBILL 364D-12/11/26,98.76,98.76,98.76,98.76,98.76,98.55,,98.76,,,145000,14320200.00,1,F1,100,,,,,
2026-08-20,2026-08-20,CM,NSE,STK,764152,IN002026X156,91D151026,TB,,,,,GOI TBILL 91D-15/10/26,98.93,98.93,98.80,98.80,98.80,98.25,,98.80,,,2800,276653.00,6,F1,100,,,,,
2026-08-20,2026-08-20,CM,NSE,STK,763624,IN002026X081,91D280826,TB,,,,,GOI TBILL 91D-28/08/26,99.82,99.85,99.82,99.85,99.85,99.80,,99.85,,,200,19967.00,2,F1,100,,,,,
2026-08-20,2026-08-20,CM,NSE,STK,764328,IN002026X172,91D291026,TB,,,,,GOI TBILL 91D-29/10/26,98.45,98.45,98.45,98.45,98.45,98.45,,98.45,,,300,29535.00,2,F1,100,,,,,
2026-08-20,2026-08-20,CM,NSE,STK,11778,INE887G01027,GOKEX,EQ,,,,,GOKALDAS EXPORTS LTD.,797.70,809.90,795.00,799.90,800.80,797.20,,799.90,,,169085,135748887.10,8307,F1,1,,,,,
2026-08-20,2026-08-20,CM,NSE,STK,14480,INE314T01033,GOKULAGRO,EQ,,,,,GOKUL AGRO RESOURCES LTD,246.30,257.99,241.60,243.69,242.60,243.02,,243.74,,,4090016,1016079166.90,55998,F1,1,,,,,
2026-08-20,2026-08-20,CM,NSE,STK,16705,INE020J01029,GOKUL,EQ,,,,,GOKUL REFOILS & SOLV LTD,39.82,40.98,39.82,40.43,40.55,40.12,,40.41,,,156742,6352809.16,1493,F1,1,,,,,
2026-08-20,2026-08-20,CM,NSE,STK,11619,INE973A01010,GOLDENTOBC,BZ,,,,,GOLDEN TOBACCO LIMITED,24.56,25.49,24.50,25.33,25.33,24.56,,25.33,,,1390,34216.42,21,F1,1,,,,,
2026-08-20,2026-08-20,CM,NSE,STK,11971,INE025B01025,GOLDIAM,EQ,,,,,GOLDIAM INTERNATIONAL LTD,366.10,370.00,361.00,363.15,363.00,363.70,,363.14,,,413817,151564090.35,8448,F1,1,,,,,
2026-08-20,2026-08-20,CM,NSE,STK,13616,INE06MH01016,GOLDKART,SM,,,,,GOLDKART JEWELS LIMITED,81.70,81.70,81.70,81.70,81.70,86.00,,81.70,,,1875,153187.50,3,F1,625,,,,,
2026-08-20,2026-08-20,CM,NSE,STK,1,INE405Y01021,GOLDSTAR,SM,,,,,GOLDSTAR POWER LIMITED,8.20,8.20,8.20,8.20,8.20,8.60,,8.20,,,22500,184500.00,2,F1,11250,,,,,
2026-08-20,2026-08-20,CM,NSE,STK,6125,INE127I01024,GOODLUCK,EQ,,,,,GOODLUCK INDIA LIMITED,1385.00,1477.00,1370.00,1439.40,1435.50,1363.30,,1439.40,,,723396,1044106806.70,34204,F1,1,,,,,
2026-08-20,2026-08-20,CM,NSE,STK,1205,INE533A01012,GOODYEAR,EQ,,,,,GOODYEAR INDIA LIMITED,767.80,780.00,756.05,762.90,760.50,761.40,,762.63,,,4513,3442274.55,545,F1,1,,,,,
2026-08-20,2026-08-20,CM,NSE,STK,23066,INE0L9R01028,GOPAL,EQ,,,,,GOPAL SNACKS LIMITED,289.70,289.70,279.55,282.75,281.20,288.45,,282.74,,,228388,64462937.05,6190,F1,1,,,,,
2026-08-20,2026-08-20,CM,NSE,STK,11787,INE705X01026,GOYALALUM,EQ,,,,,GOYAL ALUMINIUMS LIMITED,6.31,6.49,6.31,6.42,6.43,6.35,,6.43,,,39276,251568.62,245,F1,1,,,,,
2026-08-20,2026-08-20,CM,NSE,STK,19356,INE0QFE01017,GOYALSALT,SM,,,,,GOYAL SALT LIMITED,108.90,110.00,108.90,109.95,110.00,105.20,,109.95,,,2400,262680.00,4,F1,600,,,,,
2026-08-20,2026-08-20,CM,NSE,STK,24113,INE0S7E01015,GPECO,ST,,,,,GP ECO SOLUTIONS INDIA L,372.00,389.70,355.00,380.80,380.00,371.15,,380.80,,,28600,10518730.00,128,F1,200,,,,,
2026-08-20,2026-08-20,CM,NSE,STK,11584,INE586G01017,GULFPETRO,BE,,,,,GP PETROLEUMS LIMITED,64.79,67.84,63.01,67.53,67.60,64.61,,67.53,,,275742,18297337.77,1114,F1,1,,,,,
2026-08-20,2026-08-20,CM,NSE,STK,22846,INE486R01017,GPTHEALTH,EQ,,,,,GPT HEALTHCARE LIMITED,153.98,154.19,151.00,151.41,151.00,154.06,,151.42,,,107851,16440877.87,3995,F1,1,,,,,
2026-08-20,2026-08-20,CM,NSE,STK,17685,INE390G01014,GPTINFRA,EQ,,,,,GPT INFRAPROJECTS LTD,112.50,116.03,111.35,112.87,112.91,113.03,,112.88,,,139183,15662499.76,1661,F1,1,,,,,
2026-08-20,2026-08-20,CM,NSE,STK,763299,INE361K01017,GRADIENTE,EQ,,,,,GRADIENTE INFOTAINMENT L,2.95,2.97,2.83,2.90,2.92,2.86,,2.90,,,1689207,4916749.55,227,F1,1,,,,,
2026-08-20,2026-08-20,CM,NSE,STK,30289,INE12E301017,GCHOTELS,ST,,,,,GRAND CONTINENT HOTELS L,99.00,101.70,96.30,98.30,96.85,99.65,,98.30,,,26400,2639310.00,38,F1,600,,,,,
2026-08-20,2026-08-20,CM,NSE,STK,762695,INE926B01016,GRANDOAK,EQ,,,,,GRAND OAK CANYONS DIST L,37.04,37.99,35.92,36.25,37.80,37.81,,36.25,,,15803,574608.90,160,F1,1,,,,,
2026-08-20,2026-08-20,CM,NSE,STK,11872,INE101D01020,GRANULES,EQ,,,,,GRANULES INDIA LIMITED,841.70,859.65,838.15,841.60,845.00,841.15,,841.60,,,421049,357728892.40,21675,F1,1,,,,,
2026-08-20,2026-08-20,CM,NSE,STK,20454,INE0POU01017,GRAPHISAD,SM,,,,,GRAPHISADS LIMITED,27.75,27.75,27.25,27.50,27.50,27.00,,27.50,,,4800,132000.00,4,F1,1200,,,,,
2026-08-20,2026-08-20,CM,NSE,STK,592,INE371A01025,GRAPHITE,EQ,,,,,GRAPHITE INDIA LTD,721.05,728.25,715.00,717.05,718.20,717.55,,717.03,,,360563,259503853.10,12686,F1,1,,,,,
2026-08-20,2026-08-20,CM,NSE,STK,1232,INE047A01021,GRASIM,EQ,,,,,GRASIM INDUSTRIES LTD,3280.00,3310.00,3250.00,3300.00,3300.00,3270.00,,3299.77,,,1182213,3875953205.50,70742,F1,1,,,,,
2026-08-20,2026-08-20,CM,NSE,STK,5200,INE266D01021,GRAUWEIL,EQ,,,,,GRAUER & WEIL IND LTD,66.66,67.98,66.00,66.25,66.95,66.59,,66.26,,,195562,13059173.22,5831,F1,1,,,,,
2026-08-20,2026-08-20,CM,NSE,STK,762700,INE214F01026,GRAVISSHO,EQ,,,,,GRAVISS HOSPITALITY LTD.,31.80,31.80,28.91,29.89,29.90,28.72,,29.89,,,2777,85637.96,31,F1,1,,,,,
2026-08-20,2026-08-20,CM,NSE,STK,20534,INE024L01027,GRAVITA,EQ,,,,,GRAVITA INDIA LIMITED,1814.00,1832.80,1786.10,1792.80,1789.60,1793.10,,1792.82,,,174577,315838553.40,16247,F1,1,,,,,
2026-08-20,2026-08-20,CM,NSE,STK,1235,INE224A01026,GREAVESCOT,EQ,,,,,GREAVES COTTON LTD.,196.15,196.55,190.30,191.00,191.00,195.03,,191.00,,,984850,189777373.83,12678,F1,1,,,,,
2026-08-20,2026-08-20,CM,NSE,STK,17092,INE0O7P01015,GREENCHEF,SM,,,,,GREENCHEF APPLIANCES LTD,51.00,51.80,49.00,51.80,51.80,50.30,,51.80,,,12800,639680.00,15,F1,800,,,,,
2026-08-20,2026-08-20,CM,NSE,STK,6848,INE544R01021,GREENLAM,EQ,,,,,GREENLAM INDUSTRIES LTD.,256.20,256.95,253.00,256.20,256.50,254.70,,256.06,,,36365,9290575.00,1093,F1,1,,,,,
2026-08-20,2026-08-20,CM,NSE,STK,759427,INE0PLX01017,GREENLEAF,ST,,,,,GREENLEAF ENVIROTECH LTD,120.80,121.80,120.80,121.80,121.80,116.00,,121.80,,,10000,1214450.00,9,F1,1000,,,,,
2026-08-20,2026-08-20,CM,NSE,STK,13810,INE08ZM01014,GREENPANEL,EQ,,,,,GREENPANEL INDUSTRIES LTD,162.30,164.10,157.68,160.26,160.20,160.66,,160.26,,,927002,148552570.03,12268,F1,1,,,,,
2026-08-20,2026-08-20,CM,NSE,STK,3987,INE461C01038,GREENPLY,EQ,,,,,GREENPLY INDUSTRIES LTD,282.95,287.60,281.00,287.15,287.60,283.90,,287.13,,,71001,20245296.95,2108,F1,1,,,,,
2026-08-20,2026-08-20,CM,NSE,STK,758986,INE199P01028,GCSL,EQ,,,,,GRETEX CORPORATE SERVICES,526.30,540.95,470.00,482.05,484.90,521.70,,482.08,,,615899,310089202.65,9297,F1,1,,,,,
2026-08-20,2026-08-20,CM,NSE,STK,13560,INE536A01023,GRINDWELL,EQ,,,,,GRINDWELL NORTON LIMITED,2053.00,2082.50,2052.50,2059.30,2061.30,2052.50,,2059.24,,,17398,35977948.80,3993,F1,1,,,,,
2026-08-20,2026-08-20,CM,NSE,STK,10871,INE192H01020,GRMOVER,EQ,,,,,GRM OVERSEAS LIMITED,88.25,89.10,86.00,86.53,86.10,88.79,,86.53,,,1318507,114790267.93,12850,F1,1,,,,,
2026-08-20,2026-08-20,CM,NSE,STK,760971,INE1TY801010,GJL,ST,,,,,GROVER JEWELLS LIMITED,232.00,234.90,232.00,234.00,234.00,225.00,,234.00,,,2400,560720.00,3,F1,800,,,,,
2026-08-20,2026-08-20,CM,NSE,STK,764285,INF666M01PH7,CEMNTGROWW,EQ,,,,,GROWWAMC - CEMNTGROWW,14.93,15.19,14.83,14.94,14.95,14.89,,14.94,,,61089,909790.35,376,F1,1,,,,,
2026-08-20,2026-08-20,CM,NSE,STK,760051,INF666M01MM4,GROWWCAPM,EQ,,,,,GROWWAMC - GROWWCAPM,11.26,11.47,11.26,11.42,11.44,11.26,,11.42,,,882472,10071468.26,805,F1,1,,,,,
2026-08-20,2026-08-20,CM,NSE,STK,760673,INF666M01NP5,GROWWCHEM,EQ,,,,,GROWWAMC - GROWWCHEM,30.45,30.73,30.15,30.26,30.21,30.44,,30.26,,,108832,3306611.75,282,F1,1,,,,,
2026-08-20,2026-08-20,CM,NSE,STK,25758,INF666M01IO8,GROWWDEFNC,EQ,,,,,GROWWAMC - GROWWDEFNC,99.09,99.09,97.51,97.91,97.82,98.11,,97.91,,,178862,17552865.96,2693,F1,1,,,,,
2026-08-20,2026-08-20,CM,NSE,STK,24798,INF666M01IH2,GROWWEV,EQ,,,,,GROWWAMC - GROWWEV,33.70,34.08,33.60,33.84,33.87,33.69,,33.84,,,215205,7293139.49,1594,F1,1,,,,,
2026-08-20,2026-08-20,CM,NSE,STK,25872,INF666M01OE7,GROWWGOLD,EQ,,,,,GROWWAMC - GROWWGOLD,15.22,15.28,15.15,15.21,15.22,14.84,,15.21,,,3645390,55487634.08,3525,F1,1,,,,,
2026-08-20,2026-08-20,CM,NSE,STK,760874,INF666M01OD9,GROWWHOSPI,EQ,,,,,GROWWAMC - GROWWHOSPI,52.84,52.84,51.81,51.88,52.00,52.19,,51.88,,,515141,26771517.43,1947,F1,1,,,,,
2026-08-20,2026-08-20,CM,NSE,STK,25447,INF666M01IP5,GROWWLIQID,EQ,,,,,GROWWAMC - GROWWLIQID,110.41,110.42,110.41,110.41,110.41,110.40,,110.41,,,143693,15866075.84,218,F1,1,,,,,
2026-08-20,2026-08-20,CM,NSE,STK,758300,INF666M01LB9,GROWWLOVOL,EQ,,,,,GROWWAMC - GROWWLOVOL,10.56,10.56,10.43,10.46,10.48,10.44,,10.46,,,16754,174972.10,85,F1,1,,,,,
2026-08-20,2026-08-20,CM,NSE,STK,759719,INF666M01MV5,GROWWMC150,EQ,,,,,GROWWAMC - GROWWMC150,233.76,236.38,233.76,236.25,236.25,232.56,,236.25,,,1214,285034.71,43,F1,1,,,,,
2026-08-20,2026-08-20,CM,NSE,STK,760438,INF666M01NI0,GROWWMETAL,EQ,,,,,GROWWAMC - GROWWMETAL,12.32,12.55,12.20,12.38,12.34,12.32,,12.38,,,787343,9787022.03,1739,F1,1,,,,,
2026-08-20,2026-08-20,CM,NSE,STK,756086,INF666M01KJ4,GROWWMOM50,EQ,,,,,GROWWAMC - GROWWMOM50,11.19,11.19,10.92,10.94,10.98,10.94,,10.94,,,354470,3881130.23,375,F1,1,,,,,
2026-08-20,2026-08-20,CM,NSE,STK,29872,INF666M01JV1,GROWWN200,EQ,,,,,GROWWAMC - GROWWN200,11.40,11.50,11.40,11.46,11.47,11.35,,11.46,,,9834,112720.54,180,F1,1,,,,,
2026-08-20,2026-08-20,CM,NSE,STK,757814,INF666M01LI4,GROWWNET,EQ,,,,,GROWWAMC - GROWWNET,10.67,10.80,10.51,10.76,10.75,10.56,,10.76,,,318459,3417567.92,600,F1,1,,,,,
2026-08-20,2026-08-20,CM,NSE,STK,758697,INF666M01LL8,GROWWNIFTY,EQ,,,,,GROWWAMC - GROWWNIFTY,9.74,9.89,9.74,9.79,9.79,9.74,,9.79,,,397812,3897640.55,3228,F1,1,,,,,
2026-08-20,2026-08-20,CM,NSE,STK,759458,INF666M01LZ8,GROWWNXT50,EQ,,,,,GROWWAMC - GROWWNXT50,75.30,75.30,74.25,74.67,74.64,74.44,,74.67,,,5538,413390.70,76,F1,1,,,,,
2026-08-20,2026-08-20,CM,NSE,STK,758165,INF666M01LM6,GROWWPOWER,EQ,,,,,GROWWAMC - GROWWPOWER,11.37,11.50,11.28,11.34,11.39,11.29,,11.34,,,3353017,37982520.82,2205,F1,1,,,,,
2026-08-20,2026-08-20,CM,NSE,STK,760976,INF666M01NQ3,GROWWPSE,EQ,,,,,GROWWAMC - GROWWPSE,98.00,98.69,96.25,97.63,97.63,98.23,,97.63,,,2700,263787.74,56,F1,1,,,,,
2026-08-20,2026-08-20,CM,NSE,STK,761514,INF666M01OG2,GROWWPSUBK,EQ,,,,,GROWWAMC - GROWWPSUBK,86.94,87.05,86.00,86.27,86.50,86.51,,86.27,,,2784,241014.85,58,F1,1,,,,,
2026-08-20,2026-08-20,CM,NSE,STK,29527,INF666M01JJ6,GROWWRAIL,EQ,,,,,GROWWAMC - GROWWRAIL,28.88,29.11,28.73,28.82,28.80,28.73,,28.82,,,934035,27100860.30,1879,F1,1,,,,,
2026-08-20,2026-08-20,CM,NSE,STK,759428,INF666M01MN2,GROWWRLTY,EQ,,,,,GROWWAMC - GROWWRLTY,9.75,10.24,9.75,10.18,10.18,10.01,,10.18,,,281099,2859535.70,403,F1,1,,,,,
2026-08-20,2026-08-20,CM,NSE,STK,759522,INF666M01MO0,GROWWSC250,EQ,,,,,GROWWAMC - GROWWSC250,10.81,10.81,10.54,10.63,10.64,10.57,,10.63,,,163951,1743957.58,795,F1,1,,,,,
2026-08-20,2026-08-20,CM,NSE,STK,756827,INF666M01OF4,GROWWSLVR,EQ,,,,,GROWWAMC - GROWWSLVR,23.02,23.25,23.02,23.07,23.07,22.18,,23.07,,,3082223,71286118.07,2739,F1,1,,,,,
2026-08-20,2026-08-20,CM,NSE,STK,763572,INF666M01OT5,PVTBKGROWW,EQ,,,,,GROWWAMC - PVTBKGROWW,27.55,27.83,27.21,27.64,27.57,27.47,,27.64,,,11046,304401.29,94,F1,1,,,,,
2026-08-20,2026-08-20,CM,NSE,STK,751745,INF666M01PG9,SMALLGROWW,EQ,,,,,GROWWAMC - SMALLGROWW,49.00,49.13,48.51,48.54,48.80,48.76,,48.54,,,9490,462937.50,77,F1,1,,,,,
2026-08-20,2026-08-20,CM,NSE,STK,6543,INE137I01015,GRPLTD,EQ,,,,,GRP LIMITED,1985.10,2012.00,1973.10,1998.20,2012.00,1985.40,,1998.20,,,3101,6192291.70,197,F1,1,,,,,
2026-08-20,2026-08-20,CM,NSE,STK,23888,INE0SQY01018,GSMFOILS,SM,,,,,GSM FOILS LIMITED,79.70,88.00,79.70,87.90,88.00,83.85,,87.90,,,4245500,354130675.00,3495,F1,500,,,,,
2026-08-20,2026-08-20,CM,NSE,STK,762239,INE713R01022,GSPCROP,EQ,,,,,GSP CROP SCIENCE LIMITED,594.55,604.00,586.50,590.50,590.90,594.10,,590.47,,,169475,101335939.20,4268,F1,1,,,,,
2026-08-20,2026-08-20,CM,NSE,STK,15347,INE871H01011,GSS,EQ,,,,,GSS INFOTECH LIMITED,12.50,12.98,12.48,12.50,12.50,12.50,,12.50,,,11076,138865.30,108,F1,1,,,,,
2026-08-20,2026-08-20,CM,NSE,STK,13745,INE221H01019,GTLINFRA,EQ,,,,,GTL INFRA.LTD,1.22,1.22,1.21,1.21,1.21,1.21,,1.21,,,13456695,16345377.55,9894,F1,1,,,,,
2026-08-20,2026-08-20,CM,NSE,STK,1162,INE043A01012,GTL,EQ,,,,,GTL LTD,7.48,7.48,7.06,7.22,7.25,7.25,,7.22,,,157130,1137868.97,575,F1,1,,,,,
2026-08-20,2026-08-20,CM,NSE,STK,21195,INE869I01013,GTPL,EQ,,,,,GTPL HATHWAY LIMITED,54.40,55.35,54.01,54.51,54.34,53.78,,54.51,,,50128,2747299.47,993,F1,1,,,,,
2026-08-20,2026-08-20,CM,NSE,STK,11606,INE742B01025,GUFICBIO,EQ,,,,,GUFIC BIOSCIENCES LTD.,421.75,424.35,407.70,413.70,418.00,421.75,,413.71,,,72972,30410516.95,3627,F1,1,,,,,
2026-08-20,2026-08-20,CM,NSE,STK,1145,INE162A01010,GIPCL,EQ,,,,,GUJ IND POW CO. LTD,172.00,176.00,167.24,170.18,172.90,171.96,,170.16,,,634121,107950977.42,5600,F1,1,,,,,
2026-08-20,2026-08-20,CM,NSE,STK,1174,INE113A01013,GNFC,EQ,,,,,GUJ NAR VAL FER & CHEM L,603.00,606.25,591.10,592.80,592.55,602.30,,592.82,,,393002,234754424.95,13458,F1,1,,,,,
2026-08-20,2026-08-20,CM,NSE,STK,1247,INE026A01025,GSFC,EQ,,,,,GUJ STATE FERT & CHEM LTD,162.40,163.56,160.25,160.61,160.45,161.98,,160.62,,,1010861,163178685.90,9918,F1,1,,,,,
2026-08-20,2026-08-20,CM,NSE,STK,14677,INE826C01016,GUJAPOLLO,EQ,,,,,GUJ. APOLLO IND. LTD.,364.90,365.00,349.90,350.70,351.05,365.05,,350.49,,,6092,2168709.65,434,F1,1,,,,,
2026-08-20,2026-08-20,CM,NSE,STK,1267,INE186A01019,GUJALKALI,EQ,,,,,GUJARAT ALKALIES & CHEM,668.00,683.00,665.15,676.85,682.80,664.45,,676.88,,,44751,30117831.00,2743,F1,1,,,,,
2026-08-20,2026-08-20,CM,NSE,STK,8828,INE036B01030,GAEL,EQ,,,,,GUJARAT AMBUJA EXPORTS LT,174.00,184.67,172.56,183.36,184.00,173.83,,183.36,,,2211342,398526427.31,22083,F1,1,,,,,
2026-08-20,2026-08-20,CM,NSE,STK,10599,INE844O01030,GUJENERGY,EQ,,,,,GUJARAT ENERGY LIMITED,268.25,272.90,266.40,267.20,267.80,266.10,,267.20,,,1202030,322669895.90,31542,F1,1,,,,,
2026-08-20,2026-08-20,CM,NSE,STK,13750,INE09N301011,FLUOROCHEM,EQ,,,,,GUJARAT FLUOROCHEM LTD,4721.10,4760.00,4670.10,4682.70,4685.00,4689.10,,4682.60,,,263293,1239008355.00,24715,F1,1,,,,,
2026-08-20,2026-08-20,CM,NSE,STK,761197,INE0V0W01025,GKSL,EQ,,,,,GUJARAT KIDNEY N SUP SP L,158.95,162.22,155.33,156.41,156.90,157.25,,156.49,,,1155077,183160166.10,11235,F1,1,,,,,
2026-08-20,2026-08-20,CM,NSE,STK,1156,INE540A01017,GLFL,EQ,,,,,GUJARAT LEASE FINANCING L,6.00,6.00,5.64,5.78,5.81,5.82,,5.83,,,1628,9317.91,13,F1,1,,,,,
2026-08-20,2026-08-20,CM,NSE,STK,5204,INE131A01031,GMDCLTD,EQ,,,,,GUJARAT MINERAL DEV CORP,562.00,567.00,558.85,561.95,562.00,557.75,,561.94,,,738582,415412098.65,20176,F1,1,,,,,
2026-08-20,2026-08-20,CM,NSE,STK,762690,INE207H01018,GNRL,EQ,,,,,GUJARAT NATURAL RES L,104.20,105.90,103.81,104.02,104.00,105.40,,104.02,,,77754,8115573.67,1106,F1,1,,,,,
2026-08-20,2026-08-20,CM,NSE,STK,19731,INE517F01014,GPPL,EQ,,,,,GUJARAT PIPAVAV PORT LTD,166.00,168.27,164.16,164.81,164.80,165.13,,164.81,,,1659212,274566118.28,22608,F1,1,,,,,
2026-08-20,2026-08-20,CM,NSE,STK,4548,INE610B01024,GUJRAFFIA,EQ,,,,,GUJARAT RAFFIA INDUST LTD,40.66,41.50,39.70,41.01,41.00,40.66,,41.01,,,2250,91728.72,31,F1,1,,,,,
2026-08-20,2026-08-20,CM,NSE,STK,29731,INE942C01045,GUJTHEM,EQ,,,,,GUJARAT THEMIS BIOSYN LTD,376.00,376.05,364.00,369.25,370.00,372.30,,369.13,,,82978,30577071.70,2943,F1,1,,,,,
2026-08-20,2026-08-20,CM,NSE,STK,4391,INE635Q01029,GULFOILLUB,EQ,,,,,GULF OIL LUB. IND. LTD.,1161.20,1165.00,1141.20,1151.30,1150.00,1153.70,,1151.52,,,43877,50413447.90,5309,F1,1,,,,,
2026-08-20,2026-08-20,CM,NSE,STK,6286,INE255D01024,GULPOLY,EQ,,,,,GULSHAN POLYOLS LIMITED,185.19,192.50,183.51,191.92,191.46,182.18,,191.92,,,371893,70521391.79,8933,F1,1,,,,,
2026-08-20,2026-08-20,CM,NSE,STK,759261,INE1CCX01012,GURUNANAK,SM,,,,,GURUNANAK AGRICULTUR IN L,36.75,36.90,35.25,35.25,35.25,35.30,,35.25,,,8000,291840.00,5,F1,1600,,,,,
2026-08-20,2026-08-20,CM,NSE,STK,13229,INE251H01024,GVKPIL,BE,,,,,GVK POW. & INFRA LTD.,2.36,2.36,2.28,2.28,2.28,2.32,,2.28,,,882970,2026653.10,1112,F1,1,,,,,
2026-08-20,2026-08-20,CM,NSE,STK,10865,INE382T01030,GVPTECH,EQ,,,,,GVP INFOTECH LIMITED,6.95,7.10,6.60,6.79,6.75,7.01,,6.79,,,72432,496599.47,420,F1,1,,,,,
2026-08-20,2026-08-20,CM,NSE,STK,764050,INE724A01017,GYFTR,EQ,,,,,GYFTR LIMITED,153.40,172.17,152.00,159.08,157.55,151.90,,159.06,,,178155,28736265.63,1892,F1,1,,,,,
2026-08-20,2026-08-20,CM,NSE,STK,762712,INE640B01021,HBESD,EQ,,,,,H B ESTATE DEVELOPERS L,77.99,78.00,75.15,75.62,75.15,74.80,,74.88,,,1865,144237.34,46,F1,1,,,,,
2026-08-20,2026-08-20,CM,NSE,STK,1672,INE926X01010,HGINFRA,EQ,,,,,H.G.INFRA ENGINEERING LTD,515.00,521.00,512.00,513.70,516.00,518.55,,513.69,,,150916,78048891.85,4745,F1,1,,,,,
2026-08-20,2026-08-20,CM,NSE,STK,760715,INE115S01010,HALDER,EQ,,,,,HALDER VENTURE LIMITED,280.00,297.58,280.00,288.82,287.00,290.77,,288.69,,,27724,7926532.17,273,F1,1,,,,,
2026-08-20,2026-08-20,CM,NSE,STK,762708,INE506D01020,HALDYNGL,BE,,,,,HALDYN GLASS LTD.,130.98,136.00,130.00,132.67,133.04,129.67,,132.67,,,77182,10267377.40,439,F1,1,,,,,
2026-08-20,2026-08-20,CM,NSE,STK,765075,INE299D01022,HAMPTON,EQ,,,,,HAMPTON SKY REALTY LTD.,8.20,8.29,7.05,8.09,8.00,7.93,,8.14,,,28841,227104.56,110,F1,1,,,,,
2026-08-20,2026-08-20,CM,NSE,STK,13592,INE596H01014,HGM,EQ,,,,,HANDSON GBL MNGMNT LTD,45.00,45.79,43.99,44.96,45.00,44.00,,45.01,,,1939,86514.45,46,F1,1,,,,,
2026-08-20,2026-08-20,CM,NSE,STK,48,INE419U01012,HAPPSTMNDS,EQ,,,,,HAPPIEST MINDS TECHNO LTD,412.65,431.45,411.35,414.30,414.10,410.40,,414.29,,,3342671,1411067342.55,73654,F1,1,,,,,
2026-08-20,2026-08-20,CM,NSE,STK,20854,INE330T01021,HAPPYFORGE,EQ,,,,,HAPPY FORGINGS LIMITED,2334.90,2339.40,2307.70,2328.20,2331.60,2307.90,,2328.15,,,86326,200673642.00,10367,F1,1,,,,,
2026-08-20,2026-08-20,CM,NSE,STK,757665,INE0TLP01015,WHITEFORCE,SM,,,,,HAPPY SQUARE OUTSOURC S L,38.70,39.00,37.55,39.00,39.00,38.00,,39.00,,,120000,4648400.00,7,F1,1600,,,,,
2026-08-20,2026-08-20,CM,NSE,STK,764131,INE1GFG01011,HAPPY,SM,,,,,HAPPY STEELS LIMITED,78.40,84.45,73.30,77.70,78.00,73.45,,77.70,,,402000,31889700.00,185,F1,2000,,,,,
2026-08-20,2026-08-20,CM,NSE,STK,8962,INE626Z01029,HARDWYN,EQ,,,,,HARDWYN INDIA LIMITED,9.29,9.38,9.23,9.31,9.34,9.21,,9.31,,,839477,7801916.60,1433,F1,1,,,,,
2026-08-20,2026-08-20,CM,NSE,STK,8968,INE00EV01017,HARIOMPIPE,EQ,,,,,HARIOM PIPE INDUSTRIES L,348.15,350.90,345.25,347.50,346.75,348.00,,347.52,,,54567,19016848.20,1633,F1,1,,,,,
2026-08-20,2026-08-20,CM,NSE,STK,764703,INE400G01011,HRYNSHP,EQ,,,,,HARIYANA SHIP BREAKERS L,104.00,104.00,101.00,101.00,101.00,99.01,,100.31,,,381,38660.64,27,F1,1,,,,,
2026-08-20,2026-08-20,CM,NSE,STK,1313,INE544A01019,HARRMALAYA,EQ,,,,,HARRISON MALAYALAM LTD,192.61,199.00,189.00,196.08,196.00,192.53,,196.09,,,26719,5206306.77,968,F1,1,,,,,
2026-08-20,2026-08-20,CM,NSE,STK,11162,INE0JUS01029,HARSHA,EQ,,,,,HARSHA ENGINEERS INT LTD,439.00,451.00,435.00,438.05,436.50,436.55,,437.96,,,192462,85358968.20,7738,F1,1,,,,,
2026-08-20,2026-08-20,CM,NSE,STK,18154,INE982F01036,HATHWAY,EQ,,,,,HATHWAY CABLE & DATACOM,10.46,10.62,10.41,10.54,10.56,10.43,,10.54,,,1514460,15922417.50,2368,F1,1,,,,,
2026-08-20,2026-08-20,CM,NSE,STK,3892,INE473B01035,HATSUN,EQ,,,,,HATSUN AGRO PRODUCT LTD.,943.00,977.45,927.55,963.70,959.05,930.30,,963.77,,,53300,51088991.85,5330,F1,1,,,,,
2026-08-20,2026-08-20,CM,NSE,STK,9819,INE176B01034,HAVELLS,EQ,,,,,HAVELLS INDIA LIMITED,1287.90,1289.70,1267.60,1278.00,1278.00,1287.00,,1277.92,,,401500,512815590.60,28956,F1,1,,,,,
2026-08-20,2026-08-20,CM,NSE,STK,4444,INE979B01015,HAWKINCOOK,EQ,,,,,HAWKINS COOKERS LTD,8149.50,8181.00,7990.00,8087.50,8099.50,8049.00,,8087.16,,,1699,13682454.00,560,F1,1,,,,,
2026-08-20,2026-08-20,CM,NSE,STK,764693,INE550F01049,HAZOOR,EQ,,,,,HAZOOR MULTI PROJECTS LTD,21.30,21.38,21.00,21.17,21.03,21.20,,21.16,,,46548,987481.69,232,F1,1,,,,,
2026-08-20,2026-08-20,CM,NSE,STK,765080,INE638B01025,HBPOR,EQ,,,,,HB PORTFOLIO LTD.,61.79,62.00,60.05,61.92,62.00,60.00,,61.92,,,1183,72361.75,37,F1,1,,,,,
2026-08-20,2026-08-20,CM,NSE,STK,4116,INE550B01022,HBSL,EQ,,,,,HB STOCKHOLDINGS LIMITED,55.00,56.89,54.11,55.07,54.28,55.08,,55.07,,,2646,144702.49,75,F1,1,,,,,
2026-08-20,2026-08-20,CM,NSE,STK,13966,INE292B01021,HBLENGINE,EQ,,,,,HBL ENGINEERING LTD,674.90,727.05,674.90,712.90,713.00,671.85,,712.90,,,3829874,2713452545.25,87750,F1,1,,,,,
2026-08-20,2026-08-20,CM,NSE,STK,1327,INE236A01020,HCL-INSYS,EQ,,,,,HCL INFOSYSTEMS LTD,11.27,11.40,10.94,11.09,11.10,11.26,,11.09,,,309802,3459488.74,838,F1,1,,,,,
2026-08-20,2026-08-20,CM,NSE,STK,7229,INE860A01027,HCLTECH,EQ,,,,,HCL TECHNOLOGIES LTD,1339.70,1345.30,1318.40,1318.40,1318.40,1324.80,,1318.54,,,1510868,2004663327.00,62256,F1,1,,,,,
2026-08-20,2026-08-20,CM,NSE,STK,757772,INE756I01012,HDBFS,EQ,,,,,HDB FINANCIAL SERVICES L,693.00,712.10,688.10,692.35,690.30,681.10,,692.33,,,1759224,1234871377.00,55715,F1,1,,,,,
2026-08-20,2026-08-20,CM,NSE,STK,4244,INE127D01025,HDFCAMC,EQ,,,,,HDFC AMC LIMITED,2558.70,2624.00,2553.00,2624.00,2624.00,2551.70,,2623.55,,,1149185,2979557581.00,41638,F1,1,,,,,
2026-08-20,2026-08-20,CM,NSE,STK,1333,INE040A01034,HDFCBANK,EQ,,,,,HDFC BANK LTD,725.50,728.30,724.30,725.05,725.05,720.00,,725.13,,,17603805,12782234279.05,210154,F1,1,,,,,
2026-08-20,2026-08-20,CM,NSE,STK,19543,INF179KC1981,HDFCGOLD,EQ,,,,,HDFC GOLD ETF,131.10,133.90,130.07,133.07,133.08,130.07,,133.07,,,3550590,472484708.46,10345,F1,1,,,,,
2026-08-20,2026-08-20,CM,NSE,STK,467,INE795G01014,HDFCLIFE,EQ,,,,,HDFC LIFE INS CO LTD,539.90,543.20,536.65,542.00,542.00,536.30,,541.99,,,1684071,911063164.15,28468,F1,1,,,,,
2026-08-20,2026-08-20,CM,NSE,STK,14230,INF179KC1EZ4,HDFCBSE500,EQ,,,,,HDFCAMC - HDFCBSE500,37.50,38.00,37.50,37.93,38.00,37.71,,37.93,,,341237,12950429.67,173,F1,1,,,,,
2026-08-20,2026-08-20,CM,NSE,STK,11241,INF179KC1DJ0,HDFCGROWTH,EQ,,,,,HDFCAMC - HDFCGROWTH,121.55,121.55,120.78,121.17,120.78,120.44,,121.17,,,15223,1845575.06,116,F1,1,,,,,
2026-08-20,2026-08-20,CM,NSE,STK,18279,INF179KC1JG3,HDFCLIQUID,EQ,,,,,HDFCAMC - HDFCLIQUID,1074.45,1074.45,1074.43,1074.43,1074.43,1074.30,,1074.43,,,14504,15583712.00,41,F1,1,,,,,
2026-08-20,2026-08-20,CM,NSE,STK,11547,INF179KC1HU8,HDFCLOWVOL,EQ,,,,,HDFCAMC - HDFCLOWVOL,20.87,20.88,20.79,20.83,20.86,20.77,,20.83,,,27790,578225.59,53,F1,1,,,,,
2026-08-20,2026-08-20,CM,NSE,STK,14236,INF179KC1HT0,HDFCMID150,EQ,,,,,HDFCAMC - HDFCMID150,23.92,23.92,23.62,23.74,23.62,23.63,,23.73,,,419346,9952616.20,1286,F1,1,,,,,
2026-08-20,2026-08-20,CM,NSE,STK,11538,INF179KC1HV6,HDFCMOMENT,EQ,,,,,HDFCAMC - HDFCMOMENT,31.83,31.83,31.12,31.19,31.25,31.06,,31.19,,,111577,3480648.58,465,F1,1,,,,,
2026-08-20,2026-08-20,CM,NSE,STK,10619,INF179KC1HS2,HDFCNEXT50,EQ,,,,,HDFCAMC - HDFCNEXT50,75.71,76.10,75.44,75.57,75.45,75.43,,75.57,,,77712,5895349.45,589,F1,1,,,,,
2026-08-20,2026-08-20,CM,NSE,STK,10633,INF179KC1HR4,HDFCNIF100,EQ,,,,,HDFCAMC - HDFCNIF100,25.39,26.32,25.39,26.22,26.30,26.05,,26.22,,,29305,769232.90,204,F1,1,,,,,
2026-08-20,2026-08-20,CM,NSE,STK,22433,INF179KC1HY0,HDFCNIFBAN,EQ,,,,,HDFCAMC - HDFCNIFBAN,59.08,59.50,59.08,59.20,59.35,59.00,,59.20,,,38674,2294374.79,315,F1,1,,,,,
2026-08-20,2026-08-20,CM,NSE,STK,12101,INF179KC1IA8,HDFCNIFIT,EQ,,,,,HDFCAMC - HDFCNIFIT,32.55,33.90,32.55,32.70,32.62,32.37,,32.70,,,106070,3486967.92,290,F1,1,,,,,
2026-08-20,2026-08-20,CM,NSE,STK,11591,INF179KC1965,HDFCNIFTY,EQ,,,,,HDFCAMC - HDFCNIFTY,273.27,273.95,272.90,273.58,273.10,271.65,,273.58,,,512210,140134866.29,712,F1,1,,,,,
2026-08-20,2026-08-20,CM,NSE,STK,764336,INF179KC1KT4,HDFCNIMEG,EQ,,,,,HDFCAMC - HDFCNIMEG,130.72,131.53,130.00,130.43,130.42,130.07,,130.43,,,62596,8165170.19,39,F1,1,,,,,
2026-08-20,2026-08-20,CM,NSE,STK,12108,INF179KC1HZ7,HDFCPVTBAN,EQ,,,,,HDFCAMC - HDFCPVTBAN,28.04,28.10,27.90,27.98,27.90,27.77,,27.98,,,128096,3594225.23,307,F1,1,,,,,
2026-08-20,2026-08-20,CM,NSE,STK,11255,INF179KC1DL6,HDFCQUAL,EQ,,,,,HDFCAMC - HDFCQUAL,59.50,59.70,59.28,59.34,59.70,59.10,,59.34,,,2762,163950.58,63,F1,1,,,,,
2026-08-20,2026-08-20,CM,NSE,STK,11593,INF179KC1HX2,HDFCSENSEX,EQ,,,,,HDFCAMC - HDFCSENSEX,87.58,88.35,87.50,87.93,87.52,87.23,,87.93,,,82308,7227679.14,521,F1,1,,,,,
2026-08-20,2026-08-20,CM,NSE,STK,10876,INF179KC1DI2,HDFCSILVER,EQ,,,,,HDFCAMC - HDFCSILVER,224.55,227.10,224.55,225.70,225.31,216.41,,225.70,,,6685957,1511243095.50,22173,F1,1,,,,,
2026-08-20,2026-08-20,CM,NSE,STK,14233,INF179KC1FB2,HDFCSML250,EQ,,,,,HDFCAMC - HDFCSML250,184.15,185.82,183.50,185.25,185.27,184.15,,185.25,,,2012314,373437451.08,6063,F1,1,,,,,
2026-08-20,2026-08-20,CM,NSE,STK,11260,INF179KC1DK8,HDFCVALUE,EQ,,,,,HDFCAMC - HDFCVALUE,125.47,125.96,125.47,125.92,125.49,124.97,,125.92,,,16160,2034372.21,102,F1,1,,,,,
2026-08-20,2026-08-20,CM,NSE,STK,22595,INF179KC1HW4,HDFCPSUBK,EQ,,,,,HDFCAMC HDFCPSUBK,87.00,87.73,86.79,87.03,86.79,86.53,,87.03,,,74435,6511447.51,231,F1,1,,,,,
2026-08-20,2026-08-20,CM,NSE,STK,19205,INE759V01019,HEADSUP,EQ,,,,,HEADS UP VENTURES LIMITED,6.70,6.90,6.52,6.87,6.89,6.78,,6.91,,,3960,26570.77,145,F1,1,,,,,
2026-08-20,2026-08-20,CM,NSE,STK,20063,INE019J01013,HEALTHX,EQ,,,,,HEALTH X PLATFORM LIMITED,319.70,319.70,298.25,302.40,298.50,313.70,,302.41,,,5144,1575873.45,186,F1,1,,,,,
2026-08-20,2026-08-20,CM,NSE,STK,15555,INE075I01017,HCG,EQ,,,,,HEALTHCARE GLOB. ENT. LTD,743.00,743.00,728.00,730.45,731.00,745.25,,730.46,,,120624,88331153.40,13261,F1,1,,,,,
2026-08-20,2026-08-20,CM,NSE,STK,7425,INE558R01013,HECPROJECT,EQ,,,,,HEC INFRA PROJECTS LTD,118.00,121.47,116.02,117.89,119.60,116.80,,117.89,,,8957,1060256.12,232,F1,1,,,,,
2026-08-20,2026-08-20,CM,NSE,STK,1336,INE545A01024,HEG,EQ,,,,,HEG LTD,710.00,718.65,696.10,711.95,712.50,708.05,,711.95,,,1404434,993241756.80,31043,F1,1,,,,,
2026-08-20,2026-08-20,CM,NSE,STK,2316,INE578A01017,HEIDELBERG,EQ,,,,,HEIDELBERGCEMENT (I) LTD,158.80,160.49,158.80,160.22,160.12,158.10,,160.22,,,82692,13222318.47,1014,F1,1,,,,,
2026-08-20,2026-08-20,CM,NSE,STK,701,INE0AJG01018,HEMIPROP,EQ,,,,,HEMISPHERE PROP IND LTD,131.05,131.69,130.65,130.91,131.09,130.39,,130.91,,,313273,41105141.46,2011,F1,1,,,,,
2026-08-20,2026-08-20,CM,NSE,STK,2614,INE694N01015,HERANBA,EQ,,,,,HERANBA INDUSTRIES LTD,163.10,164.99,158.23,160.39,160.80,162.99,,160.42,,,95355,15378501.77,2563,F1,1,,,,,
2026-08-20,2026-08-20,CM,NSE,STK,4598,INE978A01027,HERITGFOOD,EQ,,,,,HERITAGE FOODS LTD,361.05,381.40,359.60,378.75,379.95,360.00,,378.74,,,595614,222112194.30,15099,F1,1,,,,,
2026-08-20,2026-08-20,CM,NSE,STK,1348,INE158A01026,HEROMOTOCO,EQ,,,,,HERO MOTOCORP LIMITED,5740.00,5740.50,5670.00,5740.50,5740.50,5709.50,,5740.35,,,298317,1704000896.00,30403,F1,1,,,,,
2026-08-20,2026-08-20,CM,NSE,STK,7048,INE782E01017,HESTERBIO,EQ,,,,,HESTER BIOSCIENCES LTD,2413.00,2445.00,2391.20,2413.10,2405.50,2412.30,,2413.10,,,2033,4908020.30,396,F1,1,,,,,
2026-08-20,2026-08-20,CM,NSE,STK,27008,INE750M01017,HEXATRADEX,EQ,,,,,HEXA TRADEX LIMITED,160.01,162.80,160.00,160.27,160.00,161.94,,160.27,,,1219,196848.84,45,F1,1,,,,,
2026-08-20,2026-08-20,CM,NSE,STK,750116,INE0JUI01012,HEXAGON,BE,,,,,HEXAGON NUTRITION LIMITED,67.80,72.05,67.27,70.11,70.05,68.97,,70.00,,,479308,33519112.20,1814,F1,1,,,,,
2026-08-20,2026-08-20,CM,NSE,STK,29666,INE093A01041,HEXT,EQ,,,,,HEXAWARE TECHNOLOGIES LTD,553.05,560.95,541.20,544.20,545.00,553.30,,544.19,,,117060,64589044.30,7373,F1,1,,,,,
2026-08-20,2026-08-20,CM,NSE,STK,21951,INE548A01028,HFCL,EQ,,,,,HFCL LIMITED,227.95,229.80,222.51,223.90,223.25,226.53,,223.89,,,10056116,2267277286.36,53097,F1,1,,,,,
2026-08-20,2026-08-20,CM,NSE,STK,18794,INE0PIC01017,HIGREEN,SM,,,,,HI GREEN CARBON LIMITED,130.15,130.50,125.20,126.70,126.95,129.25,,126.70,,,24000,3060240.00,30,F1,800,,,,,
2026-08-20,2026-08-20,CM,NSE,STK,2868,INE106T01025,HITECH,EQ,,,,,HI-TECH PIPES LIMITED,77.45,78.25,76.88,77.89,78.20,77.06,,77.89,,,411642,31961889.71,2969,F1,1,,,,,
2026-08-20,2026-08-20,CM,NSE,STK,759103,INE00RL01028,HILINFRA,EQ,,,,,HIGHWAY INFRASTRUCTURE L,46.50,46.50,45.51,45.69,45.96,45.68,,45.69,,,58634,2691258.98,581,F1,1,,,,,
2026-08-20,2026-08-20,CM,NSE,STK,9668,INE475B01022,HIKAL,EQ,,,,,HIKAL LIMITED,214.46,215.55,211.53,212.26,211.80,214.11,,212.27,,,166366,35473770.43,2633,F1,1,,,,,
2026-08-20,2026-08-20,CM,NSE,STK,14631,INE788H01017,HILTON,BE,,,,,HILTON METAL FORGING LTD,20.40,20.40,19.19,19.63,19.95,20.20,,19.64,,,69526,1372865.79,275,F1,1,,,,,
2026-08-20,2026-08-20,CM,NSE,STK,14334,INE019C01026,HSCL,EQ,,,,,HIMADRI SPECIALITY CHEM L,755.00,767.60,695.50,704.20,702.90,750.25,,704.17,,,12482496,9009493515.85,157082,F1,1,,,,,
2026-08-20,2026-08-20,CM,NSE,STK,1360,INE049A01027,HIMATSEIDE,EQ,,,,,HIMATSINGKA SEIDE LTD,70.10,72.90,69.06,71.48,71.70,69.75,,71.48,,,709984,50317788.13,6953,F1,1,,,,,
2026-08-20,2026-08-20,CM,NSE,STK,765085,INE227B01019,HINDALUMI,EQ,,,,,HIND ALUMINIUM INDS. LTD.,96.00,99.90,96.00,98.81,99.29,98.46,,98.75,,,2283,224182.18,85,F1,1,,,,,
2026-08-20,2026-08-20,CM,NSE,STK,1363,INE038A01020,HINDALCO,EQ,,,,,HINDALCO  INDUSTRIES  LTD,1044.00,1048.00,1013.00,1029.85,1029.85,1038.95,,1029.82,,,4321761,4433774177.90,120902,F1,1,,,,,
2026-08-20,2026-08-20,CM,NSE,STK,4920,INE642Y01029,HINDCON,EQ,,,,,HINDCON CHEMICALS LIMITED,21.60,22.40,20.90,22.18,22.30,21.55,,22.18,,,30965,676295.64,221,F1,1,,,,,
2026-08-20,2026-08-20,CM,NSE,STK,11796,INE05X901010,HPIL,EQ,,,,,HINDPRAKASH INDUSTRY LTD,131.04,131.04,127.40,130.35,130.77,131.04,,130.35,,,228,29450.00,18,F1,1,,,,,
2026-08-20,2026-08-20,CM,NSE,STK,14712,INE170I01016,HGS,EQ,,,,,HINDUJA GLOBAL SOLS. LTD.,408.00,414.90,405.00,406.50,409.80,408.00,,406.51,,,13488,5508241.15,658,F1,1,,,,,
2026-08-20,2026-08-20,CM,NSE,STK,764698,INE074C01013,HINDADH,EQ,,,,,HINDUSTAN ADHESIVES LTD.,372.65,373.95,342.00,351.00,355.00,369.95,,351.91,,,20039,7200112.05,978,F1,1,,,,,
2026-08-20,2026-08-20,CM,NSE,STK,2303,INE066F01020,HAL,EQ,,,,,HINDUSTAN AERONAUTICS LTD,5049.00,5049.00,4972.00,4998.00,4998.00,5017.00,,4997.83,,,421506,2107027153.80,43025,F1,1,,,,,
2026-08-20,2026-08-20,CM,NSE,STK,1372,INE310C01029,HINDCOMPOS,EQ,,,,,HINDUSTAN COMPOSITES LTD.,411.90,420.00,403.80,412.50,416.65,407.30,,412.50,,,2052,843410.60,170,F1,1,,,,,
2026-08-20,2026-08-20,CM,NSE,STK,1375,INE549A01026,HCC,EQ,,,,,HINDUSTAN CONSTRUCTION CO,20.00,21.47,19.99,21.22,21.23,19.83,,21.22,,,66092291,1385948444.03,74429,F1,1,,,,,
2026-08-20,2026-08-20,CM,NSE,STK,17939,INE531E01026,HINDCOPPER,EQ,,,,,HINDUSTAN COPPER LTD,565.00,574.70,553.60,560.10,558.70,554.85,,560.10,,,9758301,5477080482.05,110224,F1,1,,,,,
2026-08-20,2026-08-20,CM,NSE,STK,12173,INE254N01026,HNDFDS,EQ,,,,,HINDUSTAN FOODS LIMITED,648.10,664.35,645.30,653.25,651.50,643.25,,653.28,,,101122,65991870.90,7931,F1,1,,,,,
2026-08-20,2026-08-20,CM,NSE,STK,19215,INE871K01015,HMVL,BE,,,,,HINDUSTAN MEDIA VENT LTD,95.00,95.00,90.55,94.72,94.00,95.05,,94.72,,,27484,2552019.77,113,F1,1,,,,,
2026-08-20,2026-08-20,CM,NSE,STK,1403,INE345A01011,HINDOILEXP,EQ,,,,,HINDUSTAN OIL EXPLORATION,154.50,160.20,154.05,158.20,158.98,153.71,,158.20,,,959115,151701116.30,8993,F1,1,,,,,
2026-08-20,2026-08-20,CM,NSE,STK,1406,INE094A01015,HINDPETRO,EQ,,,,,HINDUSTAN PETROLEUM CORP,367.50,368.85,363.20,363.20,363.20,366.45,,363.17,,,3121502,1142975551.85,39627,F1,1,,,,,
2026-08-20,2026-08-20,CM,NSE,STK,1394,INE030A01027,HINDUNILVR,EQ,,,,,HINDUSTAN UNILEVER LTD.,2022.90,2043.60,2018.20,2028.00,2028.00,2020.70,,2028.37,,,1401471,2849972474.20,73684,F1,1,,,,,
2026-08-20,2026-08-20,CM,NSE,STK,1424,INE267A01025,HINDZINC,EQ,,,,,HINDUSTAN ZINC LIMITED,570.00,575.00,566.75,573.90,573.90,557.00,,573.87,,,6427834,3667468359.70,60220,F1,1,,,,,
2026-08-20,2026-08-20,CM,NSE,STK,15883,INE05AN01011,HINDWAREAP,EQ,,,,,HINDWARE HME INOVATON LTD,199.19,202.68,197.00,198.45,198.00,199.19,,198.46,,,95088,18939708.77,1949,F1,1,,,,,
2026-08-20,2026-08-20,CM,NSE,STK,13890,INE835D01023,HIRECT,EQ,,,,,HIRECT LIMITED,1263.80,1292.00,1261.20,1278.40,1287.90,1263.80,,1278.48,,,38594,49396284.00,3048,F1,1,,,,,
2026-08-20,2026-08-20,CM,NSE,STK,19322,INE598C01011,HISARMETAL,EQ,,,,,HISAR METAL IND. LIMITED,151.00,154.89,148.12,149.66,148.12,152.05,,149.66,,,2843,428208.95,92,F1,1,,,,,
2026-08-20,2026-08-20,CM,NSE,STK,18457,INE07Y701011,POWERINDIA,EQ,,,,,HITACHI ENERGY INDIA LTD,34045.00,34045.00,33305.00,33510.00,33510.00,33800.00,,33511.00,,,67131,2254347075.00,24523,F1,1,,,,,
2026-08-20,2026-08-20,CM,NSE,STK,15165,INE120D01012,HITECHCORP,BE,,,,,HITECH CORPORATION LTD,330.05,335.90,328.20,330.15,330.15,332.00,,330.15,,,26396,8738485.65,64,F1,1,,,,,
2026-08-20,2026-08-20,CM,NSE,STK,2289,INE461D01028,HLEGLAS,EQ,,,,,HLE GLASCOAT LIMITED,321.00,321.90,311.00,311.80,312.50,315.95,,311.87,,,202377,63684081.00,4964,F1,1,,,,,
2026-08-20,2026-08-20,CM,NSE,STK,1448,INE102A01024,HLVLTD,EQ,,,,,HLV LIMITED,6.70,6.70,6.50,6.59,6.59,6.63,,6.59,,,258630,1707934.67,502,F1,1,,,,,
2026-08-20,2026-08-20,CM,NSE,STK,17053,INE0ECP01024,HMAAGRO,EQ,,,,,HMA AGRO INDUSTRIES LTD,22.06,22.21,21.80,21.94,22.00,21.94,,21.94,,,1337093,29368626.63,3459,F1,1,,,,,
2026-08-20,2026-08-20,CM,NSE,STK,763705,INE2T2Q07345,850HMDA32,N0,,,,,HMDA 8.50% 2032 STRPP C,103515.27,103515.27,103515.27,103515.27,103515.27,102250.68,,103515.27,,,6,621091.62,1,F1,1,,,,,
2026-08-20,2026-08-20,CM,NSE,STK,19698,INE262A01018,HMT,BZ,,,,,HMT LTD -,61.89,62.00,60.20,60.51,60.60,61.37,,60.56,,,12854,786211.17,138,F1,1,,,,,
2026-08-20,2026-08-20,CM,NSE,STK,23826,INE0S6S01017,HOACFOODS,ST,,,,,HOAC FOODS INDIA LIMITED,819.00,829.95,810.05,829.00,829.00,810.00,,829.00,,,4875,4004306.25,13,F1,375,,,,,
2026-08-20,2026-08-20,CM,NSE,STK,2056,INE481N01025,HOMEFIRST,EQ,,,,,HOME FIRST FIN CO IND LTD,1184.80,1193.80,1177.90,1187.40,1184.00,1184.40,,1187.39,,,75365,89282769.30,9127,F1,1,,,,,
2026-08-20,2026-08-20,CM,NSE,STK,19813,INE0J5401028,HONASA,EQ,,,,,HONASA CONSUMER LIMITED,479.00,486.30,473.65,483.80,484.95,476.60,,483.85,,,851602,409254535.50,21636,F1,1,,,,,
2026-08-20,2026-08-20,CM,NSE,STK,3138,INE634A01018,HONDAPOWER,EQ,,,,,HONDA I POWER PRODUCT LTD,2081.80,2099.90,2071.00,2073.70,2084.00,2082.40,,2073.78,,,3033,6309473.10,451,F1,1,,,,,
2026-08-20,2026-08-20,CM,NSE,STK,3417,INE671A01010,HONAUT,EQ,,,,,HONEYWELL AUTOMATION IND,36545.00,37180.00,35850.00,36715.00,36780.00,36140.00,,36716.79,,,3035,110638795.00,1735,F1,1,,,,,
2026-08-20,2026-08-20,CM,NSE,STK,17920,INE191I01012,HDIL,BZ,,,,,HOUSING DEV & INFRA LTD,1.53,1.53,1.48,1.49,1.51,1.52,,1.49,,,162482,242928.93,184,F1,1,,,,,
2026-08-20,2026-08-20,CM,NSE,STK,7376,INE0GSL01024,HPAL,EQ,,,,,HP ADHESIVES LIMITED,34.51,35.00,33.60,34.48,34.40,34.51,,34.49,,,60851,2105937.75,815,F1,1,,,,,
2026-08-20,2026-08-20,CM,NSE,STK,29875,INE0VA601019,HPTL,SM,,,,,HP TELECOM INDIA LIMITED,324.90,324.90,324.90,324.90,324.90,309.45,,324.90,,,3000,974700.00,4,F1,600,,,,,
2026-08-20,2026-08-20,CM,NSE,STK,18679,INE495S01016,HPL,EQ,,,,,HPL ELECTRIC & POWER LTD,312.95,325.00,312.95,314.65,316.50,310.80,,314.66,,,178853,56984695.70,4585,F1,1,,,,,
2026-08-20,2026-08-20,CM,NSE,STK,21107,INE0R3501012,HRHNEXT,SM,,,,,HRH NEXT SERVICES LIMITED,28.45,28.45,27.40,27.40,27.40,27.25,,27.40,,,4500,124950.00,3,F1,1500,,,,,
2026-08-20,2026-08-20,CM,NSE,STK,761506,INF336L01RX2,HSBCGOLD,EQ,,,,,HSBCAMC - HSBCGOLD,135.00,136.00,134.43,135.63,135.97,132.56,,135.63,,,133681,18130929.61,87,F1,1,,,,,
2026-08-20,2026-08-20,CM,NSE,STK,20825,INE031A01017,HUDCO,EQ,,,,,HSG & URBAN DEV CORPN LTD,189.00,189.99,184.48,186.05,185.00,188.32,,186.07,,,1804933,337793797.18,16888,F1,1,,,,,
2026-08-20,2026-08-20,CM,NSE,STK,11979,INE501G01024,HTMEDIA,EQ,,,,,HT MEDIA LIMITED,26.22,26.99,26.00,26.73,26.94,26.09,,26.75,,,141290,3733259.06,484,F1,1,,,,,
2026-08-20,2026-08-20,CM,NSE,STK,14203,INE703H01016,HUBTOWN,EQ,,,,,HUBTOWN LIMITED,180.45,205.70,180.01,198.81,199.75,180.12,,198.79,,,4731451,941238333.39,43448,F1,1,,,,,
2026-08-20,2026-08-20,CM,NSE,STK,2562,INE275B01026,HUHTAMAKI,EQ,,,,,HUHTAMAKI INDIA LIMITED,271.20,277.35,269.25,274.60,273.80,268.05,,274.59,,,124731,34188347.35,3990,F1,1,,,,,
2026-08-20,2026-08-20,CM,NSE,STK,25708,INE0TO501019,HVAX,SM,,,,,HVAX TECHNOLOGIES LIMITED,650.00,661.50,650.00,661.50,661.50,630.00,,661.50,,,900,593550.00,6,F1,150,,,,,
2026-08-20,2026-08-20,CM,NSE,STK,12814,INE965B01022,HYBRIDFIN,BE,,,,,HYBRID FINANCIAL SERVICE,17.08,17.63,17.00,17.22,17.20,17.00,,17.22,,,3929,67553.85,40,F1,1,,,,,
2026-08-20,2026-08-20,CM,NSE,STK,25844,INE0V6F01027,HYUNDAI,EQ,,,,,HYUNDAI MOTOR INDIA LTD,2200.00,2233.70,2180.40,2227.00,2227.00,2174.50,,2226.96,,,682793,1509386150.20,32028,F1,1,,,,,
2026-08-20,2026-08-20,CM,NSE,STK,14086,INE204A01010,IGPL,EQ,,,,,I G PETROCHEMICALS LTD,479.00,483.00,469.00,471.05,473.00,476.40,,471.01,,,38072,18085833.10,2015,F1,1,,,,,
2026-08-20,2026-08-20,CM,NSE,STK,764718,INE684B01029,ISTLTD,EQ,,,,,I S T LTD.,737.50,749.95,645.00,667.10,676.00,637.10,,667.07,,,3071,2129284.30,204,F1,1,,,,,
2026-08-20,2026-08-20,CM,NSE,STK,764064,INE0XE501015,ICELCO,SM,,,,,IC ELECTRICALS COMPANY L,135.20,138.35,135.20,136.75,137.00,135.75,,136.75,,,24000,3283980.00,19,F1,1200,,,,,
2026-08-20,2026-08-20,CM,NSE,STK,6977,INE613B01010,ICDSLTD,EQ,,,,,ICDS LTD,40.00,42.00,40.00,42.00,42.00,40.00,,41.99,,,322,13172.49,5,F1,1,,,,,
2026-08-20,2026-08-20,CM,NSE,STK,489,INE520Y01019,ICEMAKE,EQ,,,,,ICE MAKE REFRIGERAT LTD,734.90,734.90,721.10,726.05,727.00,728.25,,726.05,,,19241,13966267.95,1408,F1,1,,,,,
2026-08-20,2026-08-20,CM,NSE,STK,4963,INE090A01021,ICICIBANK,EQ,,,,,ICICI BANK LTD.,1407.80,1413.00,1403.30,1411.90,1411.90,1402.00,,1411.88,,,8425049,11867275973.20,108431,F1,1,,,,,
2026-08-20,2026-08-20,CM,NSE,STK,21770,INE765G01017,ICICIGI,EQ,,,,,ICICI LOMBARD GIC LIMITED,1617.00,1650.00,1617.00,1625.00,1625.00,1615.70,,1625.01,,,667664,1091180226.10,27105,F1,1,,,,,
2026-08-20,2026-08-20,CM,NSE,STK,21254,INF109KC19U5,LOWVOLIETF,EQ,,,,,ICICI PR NIF LW VL 30 ETF,22.46,22.46,22.29,22.36,22.39,22.22,,22.36,,,1904644,42582924.84,731,F1,1,,,,,
2026-08-20,2026-08-20,CM,NSE,STK,18652,INE726G01019,ICICIPRULI,EQ,,,,,ICICI PRU LIFE INS CO LTD,501.00,506.35,499.85,502.00,502.00,499.50,,502.01,,,637727,321351604.90,18210,F1,1,,,,,
2026-08-20,2026-08-20,CM,NSE,STK,17702,INF109KC10W0,MIDSELIETF,EQ,,,,,ICICI PRUD MIDCAP SEL ETF,19.87,20.03,19.87,19.96,20.03,19.87,,19.96,,,245127,4897992.87,623,F1,1,,,,,
2026-08-20,2026-08-20,CM,NSE,STK,30392,INF109KC16V9,NIF100IETF,EQ,,,,,ICICI PRUD NIFTY 100 ETF,28.92,28.92,28.25,28.39,28.39,28.22,,28.39,,,47778,1353784.08,762,F1,1,,,,,
2026-08-20,2026-08-20,CM,NSE,STK,29553,INF109K012R6,NIFTYIETF,EQ,,,,,ICICI PRUD NIFTY ETF,273.41,275.81,273.41,275.22,275.50,273.27,,275.21,,,2064160,568321868.20,6013,F1,1,,,,,
2026-08-20,2026-08-20,CM,NSE,STK,4378,INF346A01034,SENSEXIETF,EQ,,,,,ICICI PRUD SENSEX ETF,889.40,893.80,887.05,890.14,888.00,886.40,,890.36,,,59341,52915548.34,341,F1,1,,,,,
2026-08-20,2026-08-20,CM,NSE,STK,760407,INE346A01027,ICICIAMC,EQ,,,,,ICICI PRUDENTIAL AMC LTD,3262.90,3313.50,3211.10,3228.90,3215.00,3260.90,,3228.88,,,381699,1244133335.80,32690,F1,1,,,,,
2026-08-20,2026-08-20,CM,NSE,STK,19679,INF109KC1NT3,GOLDIETF,EQ,,,,,ICICI PRUDENTIAL GOLD ETF,135.00,135.00,132.39,133.70,133.67,130.18,,133.70,,,6459583,862740411.12,26155,F1,1,,,,,
2026-08-20,2026-08-20,CM,NSE,STK,17475,INF109KC11V0,NV20IETF,EQ,,,,,ICICI PRUDENTIAL NV20 ETF,13.58,13.70,13.58,13.60,13.63,13.54,,13.60,,,248845,3388141.85,1401,F1,1,,,,,
2026-08-20,2026-08-20,CM,NSE,STK,522,INF109KB15Y7,ICICIB22,EQ,,,,,ICICIPRAMC - BHARATIWIN,114.62,115.47,114.52,115.02,115.15,114.39,,115.01,,,351667,40407080.14,2307,F1,1,,,,,
2026-08-20,2026-08-20,CM,NSE,STK,30139,INF109K1A021,CASHIETF,EQ,,,,,ICICIPRAMC - CASHIETF,1076.96,1076.96,1075.01,1076.02,1076.02,1075.87,,1076.02,,,148294,159568238.67,111,F1,1,,,,,
2026-08-20,2026-08-20,CM,NSE,STK,755881,INF109K1A153,EVIETF,EQ,,,,,ICICIPRAMC - EVIETF,34.25,34.25,33.76,33.94,33.85,33.88,,33.94,,,135967,4622888.86,613,F1,1,,,,,
2026-08-20,2026-08-20,CM,NSE,STK,13143,INF109KC18O0,GSEC10IETF,EQ,,,,,ICICIPRAMC - ICICI10GS,266.81,266.81,266.38,266.38,266.38,266.89,,266.38,,,27,7192.69,3,F1,1,,,,,
2026-08-20,2026-08-20,CM,NSE,STK,3001,INF109KC1V59,BSE500IETF,EQ,,,,,ICICIPRAMC - ICICI500,39.64,39.95,39.64,39.84,39.88,39.64,,39.84,,,44778,1785862.53,636,F1,1,,,,,
2026-08-20,2026-08-20,CM,NSE,STK,8342,INF109KC14A8,GSEC5IETF,EQ,,,,,ICICIPRAMC - ICICI5GSEC,66.71,67.00,66.07,66.92,66.85,66.72,,66.92,,,898,59741.16,29,F1,1,,,,,
2026-08-20,2026-08-20,CM,NSE,STK,22344,INF109KC17V7,ALPL30IETF,EQ,,,,,ICICIPRAMC - ICICIALPLV,28.14,28.39,28.05,28.23,28.05,28.06,,28.23,,,1891779,53383459.01,686,F1,1,,,,,
2026-08-20,2026-08-20,CM,NSE,STK,7844,INF109KC10V2,AUTOIETF,EQ,,,,,ICICIPRAMC - ICICIAUTO,30.54,30.71,30.22,30.40,30.42,30.13,,30.40,,,455757,13849165.34,1659,F1,1,,,,,
2026-08-20,2026-08-20,CM,NSE,STK,11386,INF109KC18U7,PVTBANIETF,EQ,,,,,ICICIPRAMC - ICICIBANKP,28.23,28.23,27.61,27.70,27.67,27.55,,27.70,,,1772011,49233180.94,1355,F1,1,,,,,
2026-08-20,2026-08-20,CM,NSE,STK,13198,INF109KC19O8,COMMOIETF,EQ,,,,,ICICIPRAMC - ICICICOMMO,99.98,99.98,99.05,99.58,99.20,99.15,,99.58,,,47136,4688100.41,419,F1,1,,,,,
2026-08-20,2026-08-20,CM,NSE,STK,6446,INF109KC1V42,CONSUMIETF,EQ,,,,,ICICIPRAMC - ICICICONSU,124.84,125.32,124.66,125.03,124.66,124.09,,125.03,,,6130,766390.15,155,F1,1,,,,,
2026-08-20,2026-08-20,CM,NSE,STK,5306,INF109KC19V3,FMCGIETF,EQ,,,,,ICICIPRAMC - ICICIFMCG,52.32,52.32,51.13,51.56,51.59,51.05,,51.56,,,1034772,53193599.18,2802,F1,1,,,,,
2026-08-20,2026-08-20,CM,NSE,STK,10723,INF109KC16E5,INFRAIETF,EQ,,,,,ICICIPRAMC - ICICIINFRA,96.12,96.84,95.80,96.48,96.75,95.56,,96.48,,,88556,8534222.69,804,F1,1,,,,,
2026-08-20,2026-08-20,CM,NSE,STK,4838,INF109KC1KT9,LIQUIDIETF,EQ,,,,,ICICIPRAMC - ICICILIQ,1000.00,1000.01,999.99,999.99,1000.00,999.99,,999.99,,,637840,637839799.63,324,F1,1,,,,,
2026-08-20,2026-08-20,CM,NSE,STK,17152,INF109KC11W8,MIDCAPIETF,EQ,,,,,ICICIPRAMC - ICICIM150,24.27,24.36,24.20,24.27,24.28,24.15,,24.27,,,1460625,35521419.69,1789,F1,1,,,,,
2026-08-20,2026-08-20,CM,NSE,STK,10585,INF109KC17C7,MOM30IETF,EQ,,,,,ICICIPRAMC - ICICIMOM30,31.40,31.67,31.35,31.43,31.45,31.27,,31.43,,,481239,15150246.37,1238,F1,1,,,,,
2026-08-20,2026-08-20,CM,NSE,STK,4529,INF109KC1NS5,NEXT50IETF,EQ,,,,,ICICIPRAMC - ICICINXT50,78.73,78.73,78.17,78.38,78.38,78.08,,78.38,,,348668,27351181.33,3417,F1,1,,,,,
2026-08-20,2026-08-20,CM,NSE,STK,3626,INF109KC1Q72,HEALTHIETF,EQ,,,,,ICICIPRAMC - ICICIPHARM,169.65,169.89,168.60,169.28,169.88,168.86,,169.29,,,53048,8970809.77,1069,F1,1,,,,,
2026-08-20,2026-08-20,CM,NSE,STK,17808,INF109KC18V5,QUAL30IETF,EQ,,,,,ICICIPRAMC - ICICIQTY30,21.53,21.65,21.32,21.36,21.32,21.27,,21.36,,,34877,747030.34,168,F1,1,,,,,
2026-08-20,2026-08-20,CM,NSE,STK,7942,INF109KC1Y56,SILVERIETF,EQ,,,,,ICICIPRAMC - ICICISILVE,230.12,236.60,230.12,235.12,235.00,226.20,,235.12,,,6110834,1439435938.56,22892,F1,1,,,,,
2026-08-20,2026-08-20,CM,NSE,STK,22365,INF109KC16I6,ITIETF,EQ,,,,,ICICIPRAMC - ICICITECH,34.55,34.55,33.94,34.03,33.94,33.71,,34.03,,,3591697,122438877.49,1277,F1,1,,,,,
2026-08-20,2026-08-20,CM,NSE,STK,764364,INF109K1A567,INSUREIETF,EQ,,,,,ICICIPRAMC - INSUREIETF,15.47,15.64,15.43,15.49,15.56,15.47,,15.54,,,21523,334113.94,54,F1,1,,,,,
2026-08-20,2026-08-20,CM,NSE,STK,11037,INF109KC15I8,BANKIETF,EQ,,,,,ICICIPRAMC - IPRU5008,58.87,59.35,58.87,59.14,59.10,58.82,,59.14,,,264964,15690639.26,890,F1,1,,,,,
2026-08-20,2026-08-20,CM,NSE,STK,24861,INF109KC19W1,METALIETF,EQ,,,,,ICICIPRAMC - METALIETF,13.30,13.30,12.95,13.11,13.11,13.05,,13.11,,,4506792,59279821.47,7393,F1,1,,,,,
2026-08-20,2026-08-20,CM,NSE,STK,24533,INF109KC18W3,OILIETF,EQ,,,,,ICICIPRAMC - OILIETF,11.38,11.42,11.28,11.37,11.37,11.33,,11.37,,,4009560,45585264.43,1902,F1,1,,,,,
2026-08-20,2026-08-20,CM,NSE,STK,14584,INF109KC10S8,PSUBNKIETF,EQ,,,,,ICICIPRAMC - PSUBANKICI,87.59,88.00,87.03,87.32,87.16,87.37,,87.32,,,40717,3568644.66,590,F1,1,,,,,
2026-08-20,2026-08-20,CM,NSE,STK,754612,INF109K1A476,SMALLIETF,EQ,,,,,ICICIPRAMC - SMALLIETF,18.62,18.62,18.33,18.42,18.47,18.32,,18.42,,,22386,412029.94,81,F1,1,,,,,
2026-08-20,2026-08-20,CM,NSE,STK,757781,INF109K1A344,TOP15IETF,EQ,,,,,ICICIPRAMC - TOP15IETF,9.98,9.99,9.91,9.98,9.91,9.89,,9.98,,,45536,453761.26,153,F1,1,,,,,
2026-08-20,2026-08-20,CM,NSE,STK,25851,INF109KC16X5,VAL30IETF,EQ,,,,,ICICIPRAMC - VAL30IETF,15.33,15.33,15.14,15.18,15.14,15.19,,15.18,,,270498,4105800.82,527,F1,1,,,,,
2026-08-20,2026-08-20,CM,NSE,STK,12578,INF109KC17L8,FINIETF,EQ,,,,,ICICIPRAMC-ICICIFIN,33.24,33.65,32.98,33.38,33.49,33.00,,33.38,,,315962,10559361.76,1308,F1,1,,,,,
2026-08-20,2026-08-20,CM,NSE,STK,14523,INE725G01011,ICRA,EQ,,,,,ICRA LIMITED,4900.00,5000.00,4850.60,4867.20,4862.00,4893.30,,4867.25,,,24805,121931751.20,5477,F1,1,,,,,
2026-08-20,2026-08-20,CM,NSE,STK,1476,INE008A01015,IDBI,EQ,,,,,IDBI BANK LIMITED,81.30,82.25,81.16,81.74,81.77,80.72,,81.73,,,2802897,229183935.47,16161,F1,1,,,,,
2026-08-20,2026-08-20,CM,NSE,STK,17140,INE349Y01013,IDEAFORGE,EQ,,,,,IDEAFORGE TECHNO LTD,836.00,836.00,791.20,806.60,806.00,825.20,,806.64,,,328076,266681540.60,14416,F1,1,,,,,
2026-08-20,2026-08-20,CM,NSE,STK,28574,INE0TD101011,IDENTICAL,SM,,,,,IDENTICAL BRAINS STUDIO L,17.25,17.55,16.50,17.55,17.55,16.25,,17.55,,,8000,137100.00,4,F1,2000,,,,,
2026-08-20,2026-08-20,CM,NSE,STK,11184,INE092T01019,IDFCFIRSTB,EQ,,,,,IDFC FIRST BANK LIMITED,85.66,86.50,85.60,85.84,85.84,85.49,,85.84,,,13363445,1150809204.02,42870,F1,1,,,,,
2026-08-20,2026-08-20,CM,NSE,STK,1482,INE076C01018,IFBAGRO,EQ,,,,,IFB AGRO INDUSTRIES LTD,1010.00,1035.00,996.10,1007.90,1016.00,992.10,,1008.87,,,5747,5828134.35,552,F1,1,,,,,
2026-08-20,2026-08-20,CM,NSE,STK,1485,INE559A01017,IFBIND,EQ,,,,,IFB INDUSTRIES LTD,1409.00,1418.00,1393.00,1402.90,1406.00,1398.40,,1402.88,,,37571,52865498.70,4359,F1,1,,,,,
2026-08-20,2026-08-20,CM,NSE,STK,1491,INE039A01010,IFCI,EQ,,,,,IFCI LTD,82.00,82.53,80.37,81.76,81.05,81.68,,81.76,,,23214744,1887238120.41,63466,F1,1,,,,,
2026-08-20,2026-08-20,CM,NSE,STK,436,INE133Y01011,IFGLEXPOR,EQ,,,,,IFGL REFRACTORIES LIMITED,222.47,223.79,213.99,215.92,216.74,220.69,,215.95,,,26012,5665799.57,924,F1,1,,,,,
2026-08-20,2026-08-20,CM,NSE,STK,759897,INE01XO07017,1225IFL27,N0,,,,,IFL 12.25% 2027,6241.34,6241.34,6241.34,6241.34,6241.34,6700.00,,6241.34,,,10,62413.40,2,F1,1,,,,,
2026-08-20,2026-08-20,CM,NSE,STK,760656,INE01XO07025,1225IFL28,N0,,,,,IFL 12.25% 2028,7560.00,7561.00,7400.00,7400.00,7400.00,7550.00,,7400.00,,,8,59831.00,5,F1,1,,,,,
2026-08-20,2026-08-20,CM,NSE,STK,634,INE188B01013,IGARASHI,EQ,,,,,IGARASHI MOTORS INDIA LTD,440.00,449.85,439.10,446.80,447.00,438.90,,446.80,,,53057,23626470.50,1772,F1,1,,,,,
2026-08-20,2026-08-20,CM,NSE,STK,761116,INE530B07658,837IIFL28,Y4,,,,,IIFL 8.37% TR I SR I,990.00,990.00,990.00,990.00,990.00,990.00,,990.00,,,52,51480.00,2,F1,1,,,,,
2026-08-20,2026-08-20,CM,NSE,STK,761118,INE530B07633,865IIFL31,Y6,,,,,IIFL 8.65% TR I SR III,990.00,990.00,990.00,990.00,990.00,990.00,,990.00,,,55,54450.00,2,F1,1,,,,,
2026-08-20,2026-08-20,CM,NSE,STK,761120,INE530B07575,885IIFL29,Y8,,,,,IIFL 8.85% TR I SR V,1010.00,1010.00,1005.00,1005.00,1005.00,1005.00,,1005.00,,,100,100550.00,4,F1,1,,,,,
2026-08-20,2026-08-20,CM,NSE,STK,756153,INE530B07484,960IIFL30,Y2,,,,,IIFL 9.60% TR I SR VIII,1000.00,1000.00,1000.00,1000.00,1000.00,1000.00,,1000.00,,,100,100000.00,1,F1,1,,,,,
2026-08-20,2026-08-20,CM,NSE,STK,13072,INE489L01022,IIFLCAPS,EQ,,,,,IIFL CAPITAL SERVICES LTD,334.15,336.70,333.05,333.15,333.05,334.05,,333.15,,,402498,134337558.80,6652,F1,1,,,,,
2026-08-20,2026-08-20,CM,NSE,STK,11809,INE530B01024,IIFL,EQ,,,,,IIFL FINANCE LIMITED,639.00,649.85,634.00,636.70,634.00,630.85,,636.71,,,1236843,794060162.05,29656,F1,1,,,,,
2026-08-20,2026-08-20,CM,NSE,STK,761124,INE530B07641,IIFL06326,YC,,,,,IIFL TR I SR IX,1000.00,1000.00,999.00,1000.00,1000.00,1000.00,,1000.00,,,3550,3549985.00,4,F1,1,,,,,
2026-08-20,2026-08-20,CM,NSE,STK,761122,INE530B07583,IIFL060326,YA,,,,,IIFL TR I SR VII,1005.00,1005.00,1005.00,1005.00,1005.00,1005.00,,1005.00,,,10,10050.00,1,F1,1,,,,,
2026-08-20,2026-08-20,CM,NSE,STK,16822,INE0LOJ01019,IKIO,EQ,,,,,IKIO TECHNOLOGIES LIMITED,195.50,198.80,194.36,195.70,195.45,195.17,,195.67,,,97159,19080502.98,2157,F1,1,,,,,
2026-08-20,2026-08-20,CM,NSE,STK,9380,INE369I01014,IL&FSENGG,BZ,,,,,IL&FS ENG AND CONS CO LTD,38.89,39.39,36.50,36.64,37.00,37.54,,36.90,,,648369,24003922.01,84,F1,1,,,,,
2026-08-20,2026-08-20,CM,NSE,STK,6711,INE050B01023,IVC,EQ,,,,,IL&FS INVESTMENT MANAGERS,8.50,8.50,8.18,8.21,8.23,8.22,,8.20,,,120220,997973.45,643,F1,1,,,,,
2026-08-20,2026-08-20,CM,NSE,STK,9381,INE975G01012,IL&FSTRANS,BZ,,,,,IL&FS TRANS NET LTD,2.09,2.09,1.99,2.01,2.01,2.01,,2.01,,,32332,65381.37,81,F1,1,,,,,
2026-08-20,2026-08-20,CM,NSE,STK,7672,INE172N01012,IMAGICAA,EQ,,,,,IMAGICAAWORLD ENT LTD,48.59,48.65,47.21,47.45,47.50,48.52,,47.46,,,280807,13484220.09,2150,F1,1,,,,,
2026-08-20,2026-08-20,CM,NSE,STK,25881,INE691G01015,IMPEXFERRO,BZ,,,,,IMPEX FERRO TECH LIMITED,3.85,3.85,3.85,3.85,3.85,3.78,,3.86,,,18250,70262.50,12,F1,1,,,,,
2026-08-20,2026-08-20,CM,NSE,STK,17507,INE452L01012,INCREDIBLE,EQ,,,,,INCREDIBLE INDUSTRIES LTD,32.78,33.85,32.03,33.77,33.78,31.99,,33.77,,,4742,157714.32,69,F1,1,,,,,
2026-08-20,2026-08-20,CM,NSE,STK,12009,INE547E01014,IMPAL,EQ,,,,,IND MOTOR PART & ACC LTD,1105.00,1110.50,1056.10,1106.60,1108.00,1096.00,,1106.60,,,2143,2342986.70,399,F1,1,,,,,
2026-08-20,2026-08-20,CM,NSE,STK,4870,INE915B01019,INDSWFTLAB,EQ,,,,,IND SWIFT LABORATORIES LT,326.00,339.00,323.24,333.51,333.02,322.06,,333.50,,,784970,260520088.72,13897,F1,1,,,,,
2026-08-20,2026-08-20,CM,NSE,STK,21957,INE611L01021,INDTERRAIN,EQ,,,,,IND TERRAIN FASHIONS LTD,31.10,31.25,30.12,30.85,30.86,30.55,,30.67,,,13064,401306.98,133,F1,1,,,,,
2026-08-20,2026-08-20,CM,NSE,STK,16933,INE841B01017,INDBANK,EQ,,,,,INDBANK MERCH BANK,31.70,32.00,31.00,31.56,31.57,31.58,,31.56,,,28002,882928.33,399,F1,1,,,,,
2026-08-20,2026-08-20,CM,NSE,STK,29678,INE0O9T01021,BAJAJINDEF,EQ,,,,,INDEF MANUFACTURING LTD,216.10,218.39,213.00,213.45,213.00,215.04,,213.45,,,18375,3948824.27,386,F1,1,,,,,
2026-08-20,2026-08-20,CM,NSE,STK,23693,INE065X01017,INDGN,EQ,,,,,INDEGENE LIMITED,569.95,576.00,562.00,566.70,570.00,565.60,,566.69,,,1256695,711328802.20,18495,F1,1,,,,,
2026-08-20,2026-08-20,CM,NSE,STK,1521,INE560A01023,INDIAGLYCO,EQ,,,,,INDIA GLYCOLS LTD,1108.40,1140.00,1096.00,1101.90,1100.00,1106.30,,1101.89,,,137213,153263595.80,9981,F1,1,,,,,
2026-08-20,2026-08-20,CM,NSE,STK,4747,INE092B01025,INDNIPPON,EQ,,,,,INDIA NIPPON ELECT  LTD,1110.10,1125.00,1090.80,1100.80,1105.00,1110.10,,1100.27,,,16632,18423573.40,2267,F1,1,,,,,
2026-08-20,2026-08-20,CM,NSE,STK,4934,INE0D6701023,IPL,EQ,,,,,INDIA PESTICIDES LIMITED,138.15,139.09,137.35,138.06,138.55,137.29,,138.07,,,68547,9486729.62,1426,F1,1,,,,,
2026-08-20,2026-08-20,CM,NSE,STK,20556,INE922K01024,INDIASHLTR,EQ,,,,,INDIA SHELTER FIN CORP L,660.00,680.00,652.70,675.30,678.55,655.25,,675.30,,,212079,142607877.85,13176,F1,1,,,,,
2026-08-20,2026-08-20,CM,NSE,STK,19299,INE353K01014,ITDC,EQ,,,,,INDIA TOUR. DEV. CO. LTD.,685.85,695.60,683.05,687.55,688.40,683.00,,687.54,,,62131,42855952.60,4663,F1,1,,,,,
2026-08-20,2026-08-20,CM,NSE,STK,24999,INE126M01010,IBULLSLTD,EQ,,,,,INDIABULLS LIMITED,26.50,26.60,25.54,25.75,25.80,26.47,,25.75,,,8152445,212288627.60,12726,F1,1,,,,,
2026-08-20,2026-08-20,CM,NSE,STK,10726,INE933S01016,INDIAMART,EQ,,,,,INDIAMART INTERMESH LTD,1736.00,1761.90,1736.00,1749.20,1752.00,1734.30,,1749.23,,,64542,112976589.20,6952,F1,1,,,,,
2026-08-20,2026-08-20,CM,NSE,STK,14309,INE562A01011,INDIANB,EQ,,,,,INDIAN BANK,877.15,883.80,871.00,871.00,871.00,873.15,,871.08,,,530224,466114775.70,16398,F1,1,,,,,
2026-08-20,2026-08-20,CM,NSE,STK,4422,INE061A01014,INDIANCARD,EQ,,,,,INDIAN CARD CLOTHING CO.,214.04,219.90,208.56,210.39,209.20,214.04,,210.47,,,2591,547951.85,104,F1,1,,,,,
2026-08-20,2026-08-20,CM,NSE,STK,23789,INE0RRU01016,IEML,SM,,,,,INDIAN EMULSIFIERS LTD,40.00,41.10,39.55,40.60,40.50,40.20,,40.60,,,39500,1590550.00,46,F1,500,,,,,
2026-08-20,2026-08-20,CM,NSE,STK,220,INE022Q01020,IEX,EQ,,,,,INDIAN ENERGY EXC LTD,123.89,125.05,122.48,123.35,123.35,123.00,,123.38,,,2988591,368462040.52,24341,F1,1,,,,,
2026-08-20,2026-08-20,CM,NSE,STK,1530,INE323C01030,INDIANHUME,EQ,,,,,INDIAN HUME PIPE CO. LTD.,364.30,371.05,359.60,368.35,370.80,363.20,,368.34,,,26977,9896554.95,1323,F1,1,,,,,
2026-08-20,2026-08-20,CM,NSE,STK,19235,INE919H01018,IMFA,EQ,,,,,INDIAN METALS & FERRO,1465.00,1482.00,1406.30,1421.90,1415.00,1457.90,,1422.17,,,135405,196736753.90,13468,F1,1,,,,,
2026-08-20,2026-08-20,CM,NSE,STK,1624,INE242A01010,IOC,EQ,,,,,INDIAN OIL CORP LTD,137.00,137.12,135.28,135.90,135.90,136.30,,135.90,,,7026471,955014245.21,59823,F1,1,,,,,
2026-08-20,2026-08-20,CM,NSE,STK,9348,INE565A01014,IOB,EQ,,,,,INDIAN OVERSEAS BANK,33.23,33.40,33.14,33.16,33.25,33.18,,33.16,,,1140193,37885050.56,6127,F1,1,,,,,
2026-08-20,2026-08-20,CM,NSE,STK,25033,INE0DHF01018,IPHL,SM,,,,,INDIAN PHOSPHATE LIMITED,67.00,69.50,65.00,67.20,66.50,71.90,,67.20,,,27600,1852080.00,23,F1,1200,,,,,
2026-08-20,2026-08-20,CM,NSE,STK,13611,INE335Y01020,IRCTC,EQ,,,,,INDIAN RAIL TOUR CORP LTD,490.00,495.00,485.15,485.90,487.20,488.35,,485.91,,,1104983,539066308.90,24979,F1,1,,,,,
2026-08-20,2026-08-20,CM,NSE,STK,2029,INE053F01010,IRFC,EQ,,,,,INDIAN RAILWAY FIN CORP L,85.45,87.20,85.30,86.47,86.47,85.18,,86.47,,,8434193,728818168.65,40554,F1,1,,,,,
2026-08-20,2026-08-20,CM,NSE,STK,20261,INE202E01016,IREDA,EQ,,,,,INDIAN RENEWABLE ENERGY,114.49,115.80,114.33,114.90,114.90,113.92,,114.91,,,3039801,349803905.78,20005,F1,1,,,,,
2026-08-20,2026-08-20,CM,NSE,STK,762727,INE586E01020,IWP,EQ,,,,,INDIAN WOOD PRODUCTS CO L,33.80,34.85,33.25,34.84,34.85,34.16,,34.84,,,1338,46026.09,28,F1,1,,,,,
2026-08-20,2026-08-20,CM,NSE,STK,2048,INE09VQ01012,INDIGOPNTS,EQ,,,,,INDIGO PAINTS LIMITED,1151.10,1167.00,1124.10,1130.70,1126.00,1148.80,,1130.70,,,117388,134993727.10,10469,F1,1,,,,,
2026-08-20,2026-08-20,CM,NSE,STK,20988,INE219X23014,INDIGRID,IV,,,,,INDIGRID INFRASTRUCT TRST,177.00,177.00,174.02,175.51,175.25,176.63,,175.51,,,1271960,223628525.44,11939,F1,1,,,,,
2026-08-20,2026-08-20,CM,NSE,STK,757845,INE06ST01018,INDIQUBE,EQ,,,,,INDIQUBE SPACES LIMITED,196.20,198.20,184.49,189.15,190.00,192.17,,189.15,,,196417,37790746.60,3601,F1,1,,,,,
2026-08-20,2026-08-20,CM,NSE,STK,9120,INE760F01028,INDOAMIN,BE,,,,,INDO AMINES LIMITED,124.85,125.85,119.81,120.35,122.25,124.85,,120.52,,,51943,6318010.47,657,F1,1,,,,,
2026-08-20,2026-08-20,CM,NSE,STK,8614,INE803D01021,INDOBORAX,EQ,,,,,INDO BORAX & CHEMICAL LTD,439.00,509.90,431.00,498.15,498.10,433.85,,498.09,,,6099644,2964119426.70,127698,F1,1,,,,,
2026-08-20,2026-08-20,CM,NSE,STK,11987,INE483B01026,ICIL,EQ,,,,,INDO COUNT INDUSTRIES LTD,441.40,453.25,430.55,435.10,434.85,443.80,,435.10,,,1040983,458417760.50,30591,F1,1,,,,,
2026-08-20,2026-08-20,CM,NSE,STK,29025,INE622H01018,INDOFARM,EQ,,,,,INDO FARM EQUIPMENT LTD,138.00,140.00,137.00,138.06,139.19,137.16,,138.06,,,124867,17291734.13,2061,F1,1,,,,,
2026-08-20,2026-08-20,CM,NSE,STK,10993,INE156A01020,INDORAMA,EQ,,,,,INDO RAMA SYNTHETICS LTD,56.91,63.45,56.02,61.29,61.45,56.29,,61.29,,,1356536,82123548.64,8400,F1,1,,,,,
2026-08-20,2026-08-20,CM,NSE,STK,13275,INE332H01014,INDOTECH,EQ,,,,,INDO TECH TRANSFORM LTD.,3750.00,3895.20,3601.00,3727.80,3734.00,3709.80,,3727.54,,,67204,252824154.90,5300,F1,1,,,,,
2026-08-20,2026-08-20,CM,NSE,STK,25608,INE337M01021,INDOTHAI,EQ,,,,,INDO THAI SEC LTD,62.80,62.80,62.80,62.80,62.80,66.10,,62.77,,,45140,2834792.00,525,F1,1,,,,,
2026-08-20,2026-08-20,CM,NSE,STK,25503,INE250Z01010,INDOUS,EQ,,,,,INDO US BIOTECH LTD,87.00,89.00,84.34,85.96,87.49,86.86,,85.96,,,11032,950223.55,332,F1,1,,,,,
2026-08-20,2026-08-20,CM,NSE,STK,764301,INE084101034,INDOMIM,EQ,,,,,INDO-MIM LIMITED,965.00,965.00,907.30,919.55,916.70,967.95,,919.52,,,3493814,3218222317.80,118219,F1,1,,,,,
2026-08-20,2026-08-20,CM,NSE,STK,6782,INE567A01028,NIPPOBATRY,EQ,,,,,INDO-NATIONAL LIMITED,335.00,335.00,323.50,325.85,324.60,327.80,,325.85,,,2059,671779.95,184,F1,1,,,,,
2026-08-20,2026-08-20,CM,NSE,STK,11677,INE873D01024,INDOCO,EQ,,,,,INDOCO REMEDIES LTD.,217.51,226.78,217.51,222.68,223.00,217.19,,222.67,,,158487,35083800.87,3918,F1,1,,,,,
2026-08-20,2026-08-20,CM,NSE,STK,757801,INE05J901018,IGCL,EQ,,,,,INDOGULF CROPSCIENCES LTD,71.87,73.76,71.25,72.68,72.40,72.13,,72.69,,,86717,6282950.72,1147,F1,1,,,,,
2026-08-20,2026-08-20,CM,NSE,STK,764708,INE716F01012,INDOKEM,EQ,,,,,INDOKEM LTD.,587.55,594.55,585.20,590.40,590.95,587.35,,588.49,,,769,454261.95,107,F1,1,,,,,
2026-08-20,2026-08-20,CM,NSE,STK,19955,INE866K01023,WAAREEINDO,EQ,,,,,INDOSOLAR LIMITED,293.00,295.95,285.30,290.45,291.00,293.15,,290.44,,,79172,22883720.10,2207,F1,1,,,,,
2026-08-20,2026-08-20,CM,NSE,STK,3088,INE896L01010,INDOSTAR,EQ,,,,,INDOSTAR CAPITAL FIN LTD,252.00,252.95,248.05,251.40,252.00,250.55,,251.40,,,79226,19848410.70,1502,F1,1,,,,,
2026-08-20,2026-08-20,CM,NSE,STK,14952,INE227G01018,INDOWIND,EQ,,,,,INDOWIND ENERGY LTD,8.50,9.09,8.49,9.06,9.04,8.53,,9.06,,,300575,2685725.51,793,F1,1,,,,,
2026-08-20,2026-08-20,CM,NSE,STK,11262,INE203G01027,IGL,EQ,,,,,INDRAPRASTHA GAS LTD,153.69,153.69,150.20,150.55,150.62,152.64,,150.55,,,1967131,298174543.52,29483,F1,1,,,,,
2026-08-20,2026-08-20,CM,NSE,STK,4751,INE681B01017,INDRAMEDCO,EQ,,,,,INDRAPRASTHA MEDICAL CORP,375.00,378.25,371.65,376.80,375.20,374.45,,376.81,,,167041,62592757.85,5843,F1,1,,,,,
2026-08-20,2026-08-20,CM,NSE,STK,23036,INE0NHL23019,INDUSINVIT,IV,,,,,INDUS INFRA TRUST,135.00,135.00,133.81,134.06,134.06,134.51,,134.05,,,640533,86129891.07,5545,F1,1,,,,,
2026-08-20,2026-08-20,CM,NSE,STK,29135,INE121J01017,INDUSTOWER,EQ,,,,,INDUS TOWERS LIMITED,373.75,373.85,367.35,368.80,368.80,372.40,,368.81,,,3258892,1205622250.20,63584,F1,1,,,,,
2026-08-20,2026-08-20,CM,NSE,STK,5258,INE095A01012,INDUSINDBK,EQ,,,,,INDUSIND BANK LIMITED,1013.00,1014.50,1002.00,1008.00,1008.00,1016.70,,1007.97,,,858064,864726688.30,30061,F1,1,,,,,
2026-08-20,2026-08-20,CM,NSE,STK,762717,INE620D01011,INDPRUD,EQ,,,,,INDUSTRIAL & PRU INV CO L,6155.00,6273.00,6113.00,6178.50,6220.00,6175.00,,6176.31,,,65,399025.50,30,F1,1,,,,,
2026-08-20,2026-08-20,CM,NSE,STK,19525,INE886A01014,IITL,EQ,,,,,INDUSTRIAL INV TRUST LTD,146.68,154.54,145.74,149.97,153.00,145.86,,149.96,,,120277,18071684.15,1028,F1,1,,,,,
2026-08-20,2026-08-20,CM,NSE,STK,15036,INE0MRE01011,INFINIUM,SM,,,,,INFINIUM PHARMACHEM LTD,230.00,230.00,217.00,220.00,220.00,225.00,,220.00,,,6000,1346900.00,12,F1,500,,,,,
2026-08-20,2026-08-20,CM,NSE,STK,757602,INE0MYZ01012,INFLUX,SM,,,,,INFLUX HEALTHTECH LIMITED,291.00,291.20,288.00,288.55,288.00,292.75,,288.55,,,6000,1738530.00,10,F1,600,,,,,
2026-08-20,2026-08-20,CM,NSE,STK,13751,INE663F01032,NAUKRI,EQ,,,,,INFO EDGE (I) LTD,1385.30,1390.10,1355.30,1360.90,1360.90,1378.40,,1360.87,,,1278109,1746462775.60,36800,F1,1,,,,,
2026-08-20,2026-08-20,CM,NSE,STK,11027,INE344S01016,INFOBEAN,EQ,,,,,INFOBEANS TECHNO. LTD.,159.34,167.23,155.10,156.78,156.01,157.76,,156.80,,,614030,99487630.56,8884,F1,1,,,,,
2026-08-20,2026-08-20,CM,NSE,STK,16588,INE0NNZ01013,INFOLLION,SM,,,,,INFOLLION RESEARCH SER L,160.00,163.30,160.00,160.00,160.00,160.00,,160.00,,,26000,4172840.00,35,F1,400,,,,,
2026-08-20,2026-08-20,CM,NSE,STK,13693,INE669A01022,INFOMEDIA,EQ,,,,,INFOMEDIA PRESS LIMITED,5.65,5.65,5.09,5.19,5.39,5.09,,5.19,,,15136,80797.43,81,F1,1,,,,,
2026-08-20,2026-08-20,CM,NSE,STK,1594,INE009A01021,INFY,EQ,,,,,INFOSYS LIMITED,1143.00,1144.70,1125.70,1130.00,1130.00,1119.80,,1130.00,,,8559841,9708437176.30,170960,F1,1,,,,,
2026-08-20,2026-08-20,CM,NSE,STK,1597,INE177A01018,INGERRAND,EQ,,,,,INGERSOLL-RAND INDIA LTD,4688.00,4714.00,4641.10,4705.60,4700.00,4641.40,,4705.90,,,19418,91049149.10,3540,F1,1,,,,,
2026-08-20,2026-08-20,CM,NSE,STK,25323,INE0S1D01010,INNOMET,ST,,,,,INNOMET ADVANCED MATERI L,227.45,227.45,227.45,227.45,227.45,223.00,,227.45,,,31800,7232910.00,26,F1,600,,,,,
2026-08-20,2026-08-20,CM,NSE,STK,21062,INE0DUT01020,INNOVACAP,EQ,,,,,INNOVA CAPTAB LIMITED,1039.55,1105.00,1039.55,1084.20,1079.95,1039.75,,1084.07,,,125053,134148599.55,9864,F1,1,,,,,
2026-08-20,2026-08-20,CM,NSE,STK,27754,INE403Y01018,INNOVANA,EQ,,,,,INNOVANA THINKLABS LTD,311.00,319.75,309.00,318.85,319.00,310.05,,318.85,,,10361,3229136.55,64,F1,1,,,,,
2026-08-20,2026-08-20,CM,NSE,STK,761528,INE0ADB01012,INNOVISION,EQ,,,,,INNOVISION LIMITED,267.35,270.20,266.05,269.45,268.75,266.35,,269.26,,,11475,3084097.15,675,F1,1,,,,,
2026-08-20,2026-08-20,CM,NSE,STK,12188,INE510W01014,INOXGREEN,EQ,,,,,INOX GREEN ENERGY SER LTD,174.51,178.30,173.00,175.08,174.00,175.89,,175.09,,,348910,61220468.96,3550,F1,1,,,,,
2026-08-20,2026-08-20,CM,NSE,STK,20607,INE616N01034,INOXINDIA,EQ,,,,,INOX INDIA LIMITED,1929.50,1950.00,1914.00,1923.60,1919.80,1930.30,,1923.55,,,49691,96044019.70,7343,F1,1,,,,,
2026-08-20,2026-08-20,CM,NSE,STK,7852,INE066P01011,INOXWIND,EQ,,,,,INOX WIND LIMITED,74.00,75.14,73.56,73.90,73.90,73.74,,73.90,,,5913003,439109262.86,22921,F1,1,,,,,
2026-08-20,2026-08-20,CM,NSE,STK,14657,INE070I01018,INSECTICID,EQ,,,,,INSECTICIDES (I) LTD,616.50,619.95,603.70,606.55,608.00,613.55,,606.55,,,18087,11046679.75,1285,F1,1,,,,,
2026-08-20,2026-08-20,CM,NSE,STK,761099,INE0LGX01024,INA,EQ,,,,,INSOLATION ENERGY LIMITED,95.40,98.29,92.78,93.42,94.15,93.31,,93.42,,,1494245,141864393.66,12550,F1,1,,,,,
2026-08-20,2026-08-20,CM,NSE,STK,19154,INE0NDX01019,INSPIRE,SM,,,,,INSPIRE FILMS LIMITED,9.00,9.00,9.00,9.00,9.00,8.60,,9.00,,,10000,90000.00,5,F1,2000,,,,,
2026-08-20,2026-08-20,CM,NSE,STK,13734,INE020G01017,INSPIRISYS,BE,,,,,INSPIRISYS SOLUTIONS LTD,91.40,94.80,89.02,93.34,94.74,91.49,,93.30,,,6523,592384.70,73,F1,1,,,,,
2026-08-20,2026-08-20,CM,NSE,STK,30323,INE418N01035,ESSENTIA,EQ,,,,,INTEGRA ESSENTIA LIMITED,1.18,1.25,1.14,1.14,1.14,1.20,,1.14,,,7538111,8837831.41,1791,F1,1,,,,,
2026-08-20,2026-08-20,CM,NSE,STK,11903,INE02EE01019,IPSL,SM,,,,,INTEGRATED PERSO SER LTD,215.00,216.00,215.00,216.00,216.00,215.00,,216.00,,,1000,215500.00,2,F1,500,,,,,
2026-08-20,2026-08-20,CM,NSE,STK,757905,INE0YSH01017,INTEGRITY,ST,,,,,INTEGRITY INFRABUILD DE L,159.00,159.00,159.00,159.00,159.00,158.00,,159.00,,,1200,190800.00,1,F1,1200,,,,,
2026-08-20,2026-08-20,CM,NSE,STK,5926,INE306R01017,INTELLECT,EQ,,,,,INTELLECT DESIGN ARENA,684.10,695.90,684.00,685.70,686.70,678.45,,685.69,,,252166,173782318.55,12188,F1,1,,,,,
2026-08-20,2026-08-20,CM,NSE,STK,20071,INE781A01025,INTENTECH,EQ,,,,,INTENSE TECHNOLOGIES LTD,80.25,82.15,80.25,81.73,82.10,80.22,,81.72,,,18244,1481191.72,1069,F1,1,,,,,
2026-08-20,2026-08-20,CM,NSE,STK,24909,INE00M901018,INTERARCH,EQ,,,,,INTERARCH BLDNG SOLTN LTD,1720.00,1726.60,1685.00,1688.30,1689.90,1703.40,,1688.19,,,53432,90477398.60,5813,F1,1,,,,,
2026-08-20,2026-08-20,CM,NSE,STK,11195,INE646L01027,INDIGO,EQ,,,,,INTERGLOBE AVIATION LTD,5235.00,5235.00,5152.00,5165.00,5165.00,5193.00,,5165.00,,,380687,1970629130.50,49806,F1,1,,,,,
2026-08-20,2026-08-20,CM,NSE,STK,5606,INE575C01027,INTLCONV,EQ,,,,,INTL CONVEYORS LIMITED,75.63,77.70,75.63,76.78,76.63,75.63,,76.78,,,34352,2639763.03,977,F1,1,,,,,
2026-08-20,2026-08-20,CM,NSE,STK,28378,INE0Q9301021,IGIL,EQ,,,,,INTL GEMOLOGICAL INST LTD,342.00,344.40,335.20,335.80,336.50,338.40,,335.80,,,330862,112110272.30,9854,F1,1,,,,,
2026-08-20,2026-08-20,CM,NSE,STK,18479,INE566K01011,ISFT,EQ,,,,,INTRASOFT TECH. LTD,85.00,88.87,82.40,86.43,85.63,84.76,,86.43,,,96596,8358190.08,828,F1,1,,,,,
2026-08-20,2026-08-20,CM,NSE,STK,24870,INE878H01024,INVENTURE,EQ,,,,,INVENTURE GRO & SEC LTD,0.90,0.90,0.72,0.86,0.87,0.89,,0.86,,,3357022,2835461.97,784,F1,1,,,,,
2026-08-20,2026-08-20,CM,NSE,STK,28125,INE115Q01022,IKS,EQ,,,,,INVENTURUS KNOWLEDGE SO L,1826.90,1836.00,1771.70,1791.60,1793.00,1812.30,,1791.63,,,87771,158128267.90,11106,F1,1,,,,,
2026-08-20,2026-08-20,CM,NSE,STK,18292,INF205KA1BP1,IVZINGOLD,EQ,,,,,INVESCO INDIA GOLD ETF,134.15,135.85,133.30,135.60,135.40,132.40,,135.58,,,35595,4818826.10,391,F1,1,,,,,
2026-08-20,2026-08-20,CM,NSE,STK,24217,INF205KA1CC7,IVZINNIFTY,EQ,,,,,INVESCO INDIA NIFTY ETF,278.18,278.86,277.92,278.50,278.49,276.07,,278.50,,,4991,1390198.82,37,F1,1,,,,,
2026-08-20,2026-08-20,CM,NSE,STK,762725,INE155E01016,INVPRECQ,BE,,,,,INVESTMENT & PREC CAST L,1344.00,1358.00,1309.50,1341.50,1342.00,1316.60,,1341.70,,,6446,8662208.70,301,F1,1,,,,,
2026-08-20,2026-08-20,CM,NSE,STK,760139,INE0XJ501010,INVICTA,SM,,,,,INVICTA DIAGNOSTIC LTD,69.50,69.50,69.50,69.50,69.50,69.65,,69.50,,,6400,444800.00,4,F1,1600,,,,,
2026-08-20,2026-08-20,CM,NSE,STK,20413,INE485C01029,IOLCP,EQ,,,,,IOL CHEM AND PHARMA LTD,158.45,164.70,158.35,163.75,164.14,156.92,,163.75,,,2054870,334659441.86,23894,F1,1,,,,,
2026-08-20,2026-08-20,CM,NSE,STK,1630,INE570A01022,IONEXCHANG,EQ,,,,,ION EXCHANGE (INDIA) LTD,376.00,376.50,370.80,373.10,372.70,372.95,,373.10,,,302628,112907621.85,10034,F1,1,,,,,
2026-08-20,2026-08-20,CM,NSE,STK,764713,INE558A01019,IPRINGLTD,EQ,,,,,IP RINGS LTD.,143.11,149.60,142.00,142.25,142.50,147.67,,143.90,,,1213,175324.41,49,F1,1,,,,,
2026-08-20,2026-08-20,CM,NSE,STK,1633,INE571A01038,IPCALAB,EQ,,,,,IPCA LABORATORIES LTD,1922.00,1928.40,1880.40,1900.10,1900.00,1903.70,,1900.10,,,236586,449885309.80,17712,F1,1,,,,,
2026-08-20,2026-08-20,CM,NSE,STK,15313,INE821I01022,IRB,EQ,,,,,IRB INFRA DEV LTD.,19.10,19.12,18.91,18.95,18.94,18.98,,18.95,,,5795433,110262265.38,13463,F1,1,,,,,
2026-08-20,2026-08-20,CM,NSE,STK,20817,INE183W23014,IRBINVIT,IV,,,,,IRB INVIT FUND,64.65,64.90,63.41,63.51,63.50,64.45,,63.51,,,1139700,73118762.71,7571,F1,1,,,,,
2026-08-20,2026-08-20,CM,NSE,STK,4986,INE962Y01021,IRCON,EQ,,,,,IRCON INTERNATIONAL LTD,123.00,128.00,123.00,126.54,126.43,122.62,,126.54,,,2980868,377299434.81,28577,F1,1,,,,,
2026-08-20,2026-08-20,CM,NSE,STK,1383,INE202E07146,855IREDA34,N3,,,,,IREDA 8.55NCDTR I SR IIIA,1225.05,1225.05,1225.05,1225.05,1225.05,1237.08,,1225.05,,,1,1225.05,1,F1,1,,,,,
2026-08-20,2026-08-20,CM,NSE,STK,1391,INE202E07138,880IREDA29,N5,,,,,IREDA 8.80NCDTR I SR II B,1119.00,1119.00,1118.90,1119.00,1119.00,1119.02,,1122.00,,,113,126446.20,11,F1,1,,,,,
2026-08-20,2026-08-20,CM,NSE,STK,2275,INE01GN01025,IRISDOREME,EQ,,,,,IRIS CLOTHINGS LIMITED,59.71,60.00,58.13,59.27,59.69,58.62,,59.27,,,2295138,135651819.42,4516,F1,1,,,,,
2026-08-20,2026-08-20,CM,NSE,STK,6489,INE864K01010,IRIS,EQ,,,,,IRIS REGTECH SOLUTION LTD,248.75,251.99,246.00,248.12,247.50,244.92,,248.31,,,8018,1993985.30,355,F1,1,,,,,
2026-08-20,2026-08-20,CM,NSE,STK,19597,INE07U701015,IRMENERGY,EQ,,,,,IRM ENERGY LIMITED,287.10,289.95,284.00,285.60,286.55,286.80,,285.61,,,52716,15113370.20,1971,F1,1,,,,,
2026-08-20,2026-08-20,CM,NSE,STK,760991,INE413U07467,925ISF29,N0,,,,,ISF 9.25% 2029 SR B,9801.00,9801.00,9801.00,9801.00,9801.00,9794.00,,9801.00,,,19,186219.00,2,F1,1,,,,,
2026-08-20,2026-08-20,CM,NSE,STK,757708,INE413U07426,950ISF27C,N0,,,,,ISF 9.50% 2027,9988.77,9988.77,9988.77,9988.77,9988.77,9995.00,,9988.77,,,8,79910.16,1,F1,1,,,,,
2026-08-20,2026-08-20,CM,NSE,STK,3329,INE858B01029,ISGEC,EQ,,,,,ISGEC HEAVY ENG LTD,756.65,778.10,756.25,761.75,760.00,756.60,,761.60,,,81430,62159680.65,11190,F1,1,,,,,
2026-08-20,2026-08-20,CM,NSE,STK,30249,INE561M01018,ISHANCH,EQ,,,,,ISHAN DYES N CHEMICALS L,48.15,49.50,47.61,48.25,48.40,47.82,,48.28,,,116051,5605324.27,772,F1,1,,,,,
2026-08-20,2026-08-20,CM,NSE,STK,10995,INE0LCW01025,ISHAN,SM,,,,,ISHAN INTERNATIONAL LTD,0.50,0.50,0.50,0.50,0.50,0.45,,0.50,,,240000,120000.00,5,F1,48000,,,,,
2026-08-20,2026-08-20,CM,NSE,STK,22645,INE0R7R01018,ITALIANE,SM,,,,,ITALIAN EDIBLES LIMITED,32.05,32.05,32.05,32.05,32.05,30.55,,32.05,,,4000,128200.00,2,F1,2000,,,,,
2026-08-20,2026-08-20,CM,NSE,STK,29251,INE379A01028,ITCHOTELS,EQ,,,,,ITC HOTELS LIMITED,164.00,167.90,162.50,166.12,165.91,163.49,,166.14,,,1264187,210334403.58,18091,F1,1,,,,,
2026-08-20,2026-08-20,CM,NSE,STK,1660,INE154A01025,ITC,EQ,,,,,ITC LTD,268.20,271.65,265.00,271.65,271.65,267.05,,271.57,,,28272797,7585811234.85,238619,F1,1,,,,,
2026-08-20,2026-08-20,CM,NSE,STK,1675,INE248A01017,ITI,EQ,,,,,ITI LTD,279.75,281.80,278.10,279.50,278.15,279.95,,279.50,,,187734,52651949.65,5722,F1,1,,,,,
2026-08-20,2026-08-20,CM,NSE,STK,764723,INE478D01014,ITL,EQ,,,,,ITL INDUSTRIES LTD.,326.90,326.90,311.10,317.85,317.85,326.90,,317.54,,,1440,461625.60,31,F1,1,,,,,
2026-08-20,2026-08-20,CM,NSE,STK,759041,INE056801025,IVALUE,EQ,,,,,IVALUE INFOSOLUTIONS LTD,277.90,287.20,277.80,279.65,278.15,278.65,,279.65,,,194572,55126364.65,4290,F1,1,,,,,
2026-08-20,2026-08-20,CM,NSE,STK,8857,INE043C01018,IVP,BE,,,,,IVP LIMITED,184.10,185.00,181.20,183.62,183.99,182.68,,183.64,,,14885,2728416.05,167,F1,1,,,,,
2026-08-20,2026-08-20,CM,NSE,STK,757644,INE1AII01014,IWARE,ST,,,,,IWARE SUPPLYCHAIN SER LTD,450.00,455.00,435.50,452.85,452.85,444.00,,452.85,,,15600,6965250.00,26,F1,600,,,,,
2026-08-20,2026-08-20,CM,NSE,STK,14174,INE848A01014,IZMO,EQ,,,,,IZMO LIMITED,873.95,889.90,862.05,866.45,873.70,871.55,,866.42,,,79506,69297896.50,5713,F1,1,,,,,
2026-08-20,2026-08-20,CM,NSE,STK,5633,INE168A01041,J&KBANK,EQ,,,,,J & K BANK LTD.,149.18,152.30,147.80,148.19,148.33,148.95,,148.19,,,1401703,209797269.93,22993,F1,1,,,,,
2026-08-20,2026-08-20,CM,NSE,STK,23056,INE0MB501011,JGCHEM,EQ,,,,,J.G.CHEMICALS LIMITED,629.00,639.90,604.10,619.90,610.00,627.95,,620.00,,,194256,121780798.10,7446,F1,1,,,,,
2026-08-20,2026-08-20,CM,NSE,STK,13211,INE199G01027,JAGRAN,EQ,,,,,JAGRAN PRAKASHAN LIMITED,62.19,62.30,61.23,61.79,61.44,61.54,,61.79,,,248883,15355046.03,2396,F1,1,,,,,
2026-08-20,2026-08-20,CM,NSE,STK,4410,INE048B01035,JAGSNPHARM,EQ,,,,,JAGSONPAL PHARMACEUTICALS,229.54,234.13,229.54,232.99,232.80,230.28,,232.99,,,68008,15820205.93,1895,F1,1,,,,,
2026-08-20,2026-08-20,CM,NSE,STK,11256,INE091G01026,JAIBALAJI,EQ,,,,,JAI BALAJI INDUSTRIES LTD,66.50,67.89,64.80,66.08,65.70,66.39,,66.03,,,887363,58703958.24,2896,F1,1,,,,,
2026-08-20,2026-08-20,CM,NSE,STK,5143,INE070D01027,JAICORPLTD,EQ,,,,,JAI CORP LIMITED,99.56,101.17,99.56,100.53,100.40,98.68,,100.53,,,218911,21986830.56,2522,F1,1,,,,,
2026-08-20,2026-08-20,CM,NSE,STK,25684,IN9175A01010,JISLDVREQS,EQ,,,,,JAIN DVR EQUITY SHARES,21.58,21.99,20.85,21.35,21.15,21.58,,21.35,,,14971,319396.90,106,F1,1,,,,,
2026-08-20,2026-08-20,CM,NSE,STK,10397,INE175A01038,JISLJALEQS,EQ,,,,,JAIN IRRIGATION SYSTEMS,28.25,28.42,27.91,28.22,28.25,28.05,,28.22,,,1167609,32894172.59,4447,F1,1,,,,,
2026-08-20,2026-08-20,CM,NSE,STK,759244,INE0YD401026,JAINREC,EQ,,,,,JAIN RESOURCE RECYCLING L,290.15,307.50,290.15,299.75,298.15,288.85,,299.77,,,2350232,706680642.20,40440,F1,1,,,,,
2026-08-20,2026-08-20,CM,NSE,STK,6012,INE02KC01010,JAINAM,SM,,,,,JAINAM FER ALLOYS (I) LTD,234.00,234.00,234.00,234.00,234.00,235.00,,234.00,,,500,117000.00,1,F1,500,,,,,
2026-08-20,2026-08-20,CM,NSE,STK,758303,INE0XIL01012,JAINIK,SM,,,,,JAINIK POWER CABLES LTD,210.00,212.50,210.00,212.50,212.50,208.00,,212.50,,,6000,1269060.00,5,F1,1200,,,,,
2026-08-20,2026-08-20,CM,NSE,STK,11763,INE351F01018,JPPOWER,EQ,,,,,JAIPRAKASH POWER VEN. LTD,17.24,17.29,17.07,17.10,17.12,17.03,,17.10,,,22273783,382174263.57,32830,F1,1,,,,,
2026-08-20,2026-08-20,CM,NSE,STK,20930,INE349X01015,JALAN,ST,,,,,JALAN TRANSOLU. INDIA LTD,1.85,1.85,1.85,1.85,1.85,1.80,,1.85,,,6000,11100.00,2,F1,3000,,,,,
2026-08-20,2026-08-20,CM,NSE,STK,20778,INE039C01032,JAMNAAUTO,EQ,,,,,JAMNA AUTO IND LTD,121.50,122.39,120.12,121.43,121.11,120.50,,121.43,,,875237,106299537.43,11288,F1,1,,,,,
2026-08-20,2026-08-20,CM,NSE,STK,22663,INE953L01027,JSFB,EQ,,,,,JANA SMALL FIN BANK LTD,578.00,584.00,561.15,562.85,564.80,571.15,,562.84,,,262665,150457044.45,10382,F1,1,,,,,
2026-08-20,2026-08-20,CM,NSE,STK,759951,INE00YJ01010,JARO,EQ,,,,,JARO INS OF TEC MG N RE L,437.05,446.75,437.05,440.05,440.00,439.50,,440.04,,,105011,46559276.05,1908,F1,1,,,,,
2026-08-20,2026-08-20,CM,NSE,STK,13982,INE039O01029,JASH,EQ,,,,,JASH ENGINEERING LIMITED,485.90,488.15,480.00,481.50,484.00,485.15,,481.48,,,34442,16669518.45,3608,F1,1,,,,,
2026-08-20,2026-08-20,CM,NSE,STK,25037,INE0SMY01017,JAYBEE,SM,,,,,JAY BEE LAMINATIONS LTD,84.00,87.75,84.00,87.10,86.95,83.15,,87.10,,,8000,691000.00,15,F1,500,,,,,
2026-08-20,2026-08-20,CM,NSE,STK,1708,INE571B01036,JAYBARMARU,EQ,,,,,JAY BHARAT MARUTI LTD,127.00,128.28,126.71,127.19,127.25,125.60,,127.18,,,110672,14109873.42,1754,F1,1,,,,,
2026-08-20,2026-08-20,CM,NSE,STK,10889,INE0J6801010,KORE,SM,,,,,JAY JALARAM TECHNO LTD,159.90,160.00,134.00,141.85,134.00,158.50,,141.85,,,4750,691862.50,17,F1,250,,,,,
2026-08-20,2026-08-20,CM,NSE,STK,4041,INE785A01026,JAYAGROGN,EQ,,,,,JAYANT AGRO ORGANICS LTD,221.10,221.68,217.00,220.19,218.10,220.45,,220.23,,,9488,2078832.11,262,F1,1,,,,,
2026-08-20,2026-08-20,CM,NSE,STK,2331,INE854B01010,JAYNECOIND,EQ,,,,,JAYASWAL NECO INDUSTR LTD,92.10,95.45,91.34,93.68,93.61,91.22,,93.68,,,7622640,715141649.69,39176,F1,1,,,,,
2026-08-20,2026-08-20,CM,NSE,STK,759159,INE1AE401014,JAYESH,SM,,,,,JAYESH LOGISTICS LIMITED,131.65,137.70,131.65,137.50,137.50,137.55,,137.50,,,157000,21257500.00,89,F1,1000,,,,,
2026-08-20,2026-08-20,CM,NSE,STK,760073,INE903A01025,JAYKAY,EQ,,,,,JAYKAY ENTERPRISES LTD,148.57,149.92,145.00,145.68,146.90,147.61,,145.71,,,175805,25774356.61,4183,F1,1,,,,,
2026-08-20,2026-08-20,CM,NSE,STK,1720,INE364A01020,JAYSREETEA,EQ,,,,,JAYSHREE TEA & INDUSTRIES,94.53,102.40,94.00,100.81,101.00,93.88,,100.71,,,419574,41565386.72,4395,F1,1,,,,,
2026-08-20,2026-08-20,CM,NSE,STK,11655,INE927D01051,JBMA,EQ,,,,,JBM AUTO LIMITED,620.00,631.20,620.00,623.35,623.40,618.65,,623.35,,,165006,103127076.75,7885,F1,1,,,,,
2026-08-20,2026-08-20,CM,NSE,STK,758115,INE0J5801029,JSLL,EQ,,,,,JEENA SIKHO LIFECARE LTD,499.50,518.95,499.40,506.20,510.00,497.60,,506.21,,,618638,316395068.65,20702,F1,1,,,,,
2026-08-20,2026-08-20,CM,NSE,STK,764728,INE354A01013,JENBURPH,EQ,,,,,JENBURKT PHARMACEUTICAL L,1050.20,1059.90,1045.00,1045.50,1050.00,1054.40,,1045.58,,,1147,1202221.20,58,F1,1,,,,,
2026-08-20,2026-08-20,CM,NSE,STK,7211,INE982V01025,JETFREIGHT,EQ,,,,,JET FREIGHT LOGISTICS LTD,22.55,22.70,21.20,22.12,22.10,21.86,,22.12,,,151490,3293477.41,515,F1,1,,,,,
2026-08-20,2026-08-20,CM,NSE,STK,25150,INE0RXB01022,JEYYAM,ST,,,,,JEYYAM GLOBAL FOODS LTD,22.90,23.00,22.90,22.90,22.90,23.00,,22.90,,,8000,183500.00,4,F1,2000,,,,,
2026-08-20,2026-08-20,CM,NSE,STK,10885,INE0LA901015,JFLLIFE,SM,,,,,JFL LIFE SCIENCES LIMITED,11.20,11.20,11.20,11.20,11.20,11.75,,11.20,,,6000,67200.00,1,F1,6000,,,,,
2026-08-20,2026-08-20,CM,NSE,STK,13720,INE544H01014,JHS,EQ,,,,,JHS SVEND. LAB. LTD,8.58,8.58,8.01,8.15,8.12,8.41,,8.15,,,47088,387397.33,309,F1,1,,,,,
2026-08-20,2026-08-20,CM,NSE,STK,24145,INE03DD01011,RETAIL,EQ,,,,,JHS SVENDGAARD RETAIL V L,17.55,17.96,17.01,17.64,17.74,17.45,,17.59,,,3408,58581.97,47,F1,1,,,,,
2026-08-20,2026-08-20,CM,NSE,STK,31507,INE147P01019,JPOLYINVST,EQ,,,,,JIND POL INV & FIN CO LTD,995.00,1009.90,950.00,954.40,950.00,987.70,,954.39,,,23981,23355408.40,2246,F1,1,,,,,
2026-08-20,2026-08-20,CM,NSE,STK,13875,INE742C01031,JINDRILL,EQ,,,,,JINDAL DRILLING IND. LTD,639.00,639.00,618.00,628.70,632.00,635.10,,628.78,,,520104,327438752.85,14396,F1,1,,,,,
2026-08-20,2026-08-20,CM,NSE,STK,11743,INE796G01012,JINDALPHOT,EQ,,,,,JINDAL PHOTO LIMITED,1087.70,1087.70,1044.20,1049.40,1051.20,1053.30,,1049.37,,,1875,1976189.50,203,F1,1,,,,,
2026-08-20,2026-08-20,CM,NSE,STK,1756,INE197D01010,JINDALPOLY,EQ,,,,,JINDAL POLY FILMS LIMITED,639.95,644.85,634.60,637.00,635.00,638.35,,636.94,,,7268,4635131.95,552,F1,1,,,,,
2026-08-20,2026-08-20,CM,NSE,STK,3024,INE324A01032,JINDALSAW,EQ,,,,,JINDAL SAW LIMITED,268.95,275.55,268.95,269.75,269.05,268.70,,269.74,,,717361,194985018.65,23426,F1,1,,,,,
2026-08-20,2026-08-20,CM,NSE,STK,11236,INE220G01021,JSL,EQ,,,,,JINDAL STAINLESS LIMITED,729.90,731.20,716.00,718.40,716.25,724.00,,718.40,,,238908,172477810.10,16252,F1,1,,,,,
2026-08-20,2026-08-20,CM,NSE,STK,6733,INE749A01030,JINDALSTEL,EQ,,,,,JINDAL STEEL LIMITED,1120.10,1142.00,1108.40,1118.90,1118.90,1115.00,,1118.89,,,992910,1118806826.10,37236,F1,1,,,,,
2026-08-20,2026-08-20,CM,NSE,STK,20642,INE247D01039,JINDWORLD,EQ,,,,,JINDAL WORLDWIDE LTD,35.59,36.00,34.85,35.10,35.12,35.58,,35.10,,,966589,34218137.25,4250,F1,1,,,,,
2026-08-20,2026-08-20,CM,NSE,STK,759205,INE1FF001016,JKIPL,EQ,,,,,JINKUSHAL INDUSTRIES LTD,97.99,100.07,95.51,99.77,99.01,95.31,,99.71,,,87871,8659605.47,480,F1,1,,,,,
2026-08-20,2026-08-20,CM,NSE,STK,18143,INE758E01017,JIOFIN,EQ,,,,,JIO FIN SERVICES LTD,244.00,247.25,243.75,244.60,244.60,243.15,,244.61,,,8819149,2165318041.65,60107,F1,1,,,,,
2026-08-20,2026-08-20,CM,NSE,STK,765307,INF22M001184,NIFTYJBLK,EQ,,,,,JIOBLACKROCKAMC-NIFTYJBLK,12.35,12.96,12.35,12.50,12.50,12.50,,12.50,,,306540,3811612.87,469,F1,1,,,,,
2026-08-20,2026-08-20,CM,NSE,STK,19691,INE863T01013,JITFINFRA,EQ,,,,,JITF INFRALOGISTICS LTD,311.00,318.15,306.00,308.05,307.00,312.20,,308.04,,,22921,7106312.35,850,F1,1,,,,,
2026-08-20,2026-08-20,CM,NSE,STK,18558,INE0N5H01017,JIWANRAM,SM,,,,,JIWANRAM SHEODUTTRA IND L,5.10,5.15,4.65,4.75,4.75,4.90,,4.75,,,54000,267000.00,9,F1,6000,,,,,
2026-08-20,2026-08-20,CM,NSE,STK,13270,INE823G01014,JKCEMENT,EQ,,,,,JK CEMENT LIMITED,5302.00,5349.00,5243.00,5266.00,5248.50,5276.00,,5265.83,,,21168,111700140.50,5254,F1,1,,,,,
2026-08-20,2026-08-20,CM,NSE,STK,13491,INE786A01032,JKLAKSHMI,EQ,,,,,JK LAKSHMI CEMENT LTD,558.25,563.85,555.05,557.90,556.65,558.25,,557.89,,,95721,53428971.45,11424,F1,1,,,,,
2026-08-20,2026-08-20,CM,NSE,STK,11860,INE789E01012,JKPAPER,EQ,,,,,JK PAPER LIMITED,382.00,391.80,379.30,389.60,387.25,379.00,,389.60,,,328859,127448212.80,9668,F1,1,,,,,
2026-08-20,2026-08-20,CM,NSE,STK,14435,INE573A01042,JKTYRE,EQ,,,,,JK TYRE & INDUSTRIES LTD,377.00,379.70,372.50,373.40,374.55,374.85,,373.45,,,440312,165072332.00,11047,F1,1,,,,,
2026-08-20,2026-08-20,CM,NSE,STK,15266,INE576I01022,JKIL,EQ,,,,,JKUMAR INFR.LTD.,504.85,509.75,501.00,503.65,504.00,504.70,,503.65,,,45956,23231292.20,2122,F1,1,,,,,
2026-08-20,2026-08-20,CM,NSE,STK,13637,INE780C01023,JMFINANCIL,EQ,,,,,JM FINANCIAL LIMITED,127.00,130.69,127.00,129.16,129.20,126.30,,129.16,,,3167777,410296042.71,27536,F1,1,,,,,
2026-08-20,2026-08-20,CM,NSE,STK,23621,INE0OAF01028,JNKINDIA,EQ,,,,,JNK INDIA LIMITED,454.05,459.20,445.00,450.35,451.00,454.00,,450.36,,,109022,49043993.45,3564,F1,1,,,,,
2026-08-20,2026-08-20,CM,NSE,STK,16931,INE839G01010,JOCIL,BE,,,,,JOCIL LIMITED,150.00,150.55,146.80,150.00,150.00,149.92,,150.00,,,761,113323.20,13,F1,1,,,,,
2026-08-20,2026-08-20,CM,NSE,STK,762623,INE515A01019,COCKERILL,EQ,,,,,JOHN COCKERILL INDIA LTD.,8091.00,8225.50,7762.50,7834.00,7821.00,8010.50,,7834.75,,,15478,123187026.00,4225,F1,1,,,,,
2026-08-20,2026-08-20,CM,NSE,STK,758460,INE718I01012,JSWCEMENT,EQ,,,,,JSW CEMENT LIMITED,124.19,126.48,123.98,125.13,125.16,123.66,,125.13,,,656733,82350220.58,8630,F1,1,,,,,
2026-08-20,2026-08-20,CM,NSE,STK,1467,INE133A01011,JSWDULUX,EQ,,,,,JSW DULUX LIMITED,3145.00,3145.00,3076.00,3086.10,3086.00,3094.20,,3086.10,,,14813,45712374.30,3655,F1,1,,,,,
2026-08-20,2026-08-20,CM,NSE,STK,17869,INE121E01018,JSWENERGY,EQ,,,,,JSW ENERGY LIMITED,545.95,547.00,540.10,542.00,542.00,543.95,,542.01,,,1459729,792801557.65,35800,F1,1,,,,,
2026-08-20,2026-08-20,CM,NSE,STK,11880,INE824G01012,JSWHL,EQ,,,,,JSW HOLDINGS LIMITED,11450.00,11682.00,11401.00,11465.00,11461.00,11329.00,,11466.92,,,1878,21642984.00,969,F1,1,,,,,
2026-08-20,2026-08-20,CM,NSE,STK,19020,INE880J01026,JSWINFRA,EQ,,,,,JSW INFRASTRUCTURE LTD,332.00,334.70,328.75,329.85,330.00,329.90,,329.85,,,1462459,483878863.05,31922,F1,1,,,,,
2026-08-20,2026-08-20,CM,NSE,STK,11723,INE019A01038,JSWSTEEL,EQ,,,,,JSW STEEL LIMITED,1298.50,1310.60,1281.50,1299.70,1299.70,1285.80,,1299.39,,,3416352,4426097612.20,134917,F1,1,,,,,
2026-08-20,2026-08-20,CM,NSE,STK,3237,INE643A01035,JTEKTINDIA,EQ,,,,,JTEKT INDIA LIMITED,129.05,131.44,128.50,129.27,129.30,128.73,,129.27,,,82567,10747252.18,1384,F1,1,,,,,
2026-08-20,2026-08-20,CM,NSE,STK,7287,INE391J01032,JTLIND,EQ,,,,,JTL INDUSTRIES LIMITED,73.00,74.95,72.69,74.61,74.90,72.18,,74.60,,,1430095,105305720.61,9699,F1,1,,,,,
2026-08-20,2026-08-20,CM,NSE,STK,29590,INE03CC01015,JUBLCPL,EQ,,,,,JUBILANT AGRI N CON PRO L,2312.30,2362.30,2270.00,2284.00,2296.00,2312.30,,2284.07,,,3781,8669780.40,504,F1,1,,,,,
2026-08-20,2026-08-20,CM,NSE,STK,18096,INE797F01020,JUBLFOOD,EQ,,,,,JUBILANT FOODWORKS LTD,504.85,510.90,499.10,507.30,507.30,498.30,,507.39,,,1576256,797353004.80,32997,F1,1,,,,,
2026-08-20,2026-08-20,CM,NSE,STK,2783,INE0BY001018,JUBLINGREA,EQ,,,,,JUBILANT INGREVIA LIMITED,710.00,729.50,704.80,720.40,718.30,708.40,,720.42,,,257222,185226383.85,13185,F1,1,,,,,
2026-08-20,2026-08-20,CM,NSE,STK,3637,INE700A01033,JUBLPHARMA,EQ,,,,,JUBILANT PHARMOVA LTD,871.00,886.35,863.85,871.05,865.00,868.00,,871.25,,,181295,159287115.65,18916,F1,1,,,,,
2026-08-20,2026-08-20,CM,NSE,STK,7109,INE412C01023,JMA,EQ,,,,,JULLUNDUR MOT AGENCY LTD,91.90,91.90,90.00,91.11,91.45,90.28,,91.11,,,10731,976569.84,190,F1,1,,,,,
2026-08-20,2026-08-20,CM,NSE,STK,764408,INE05C901015,JNPR,EQ,,,,,JUNIPER GREEN ENERGY LTD,252.81,275.52,251.73,273.76,272.72,253.71,,273.77,,,7029425,1887532314.22,80558,F1,1,,,,,
2026-08-20,2026-08-20,CM,NSE,STK,22824,INE696F01016,JUNIPER,EQ,,,,,JUNIPER HOTELS LIMITED,194.00,207.00,194.00,205.21,205.74,197.79,,205.21,,,509829,103462910.12,9483,F1,1,,,,,
2026-08-20,2026-08-20,CM,NSE,STK,18553,INE682M01020,JLHL,EQ,,,,,JUPITER LIFE LINE HOSP L,324.00,324.00,315.00,317.70,317.00,320.55,,317.64,,,45839,14622437.90,2324,F1,1,,,,,
2026-08-20,2026-08-20,CM,NSE,STK,20224,INE209L01016,JWL,EQ,,,,,JUPITER WAGONS LIMITED,249.40,253.95,247.10,248.10,248.00,248.50,,248.11,,,783978,196484721.25,13861,F1,1,,,,,
2026-08-20,2026-08-20,CM,NSE,STK,29962,INE599M01018,JUSTDIAL,EQ,,,,,JUSTDIAL LTD.,660.50,686.60,659.20,680.65,682.90,660.45,,680.63,,,232249,156780695.65,9072,F1,1,,,,,
2026-08-20,2026-08-20,CM,NSE,STK,15146,INE668F01031,JYOTHYLAB,EQ,,,,,JYOTHY LABS LIMITED,207.89,210.37,207.00,208.46,207.90,207.88,,208.47,,,491369,102489330.79,16082,F1,1,,,,,
2026-08-20,2026-08-20,CM,NSE,STK,21334,INE980O01024,JYOTICNC,EQ,,,,,JYOTI CNC AUTOMATION LTD,949.00,965.85,943.05,949.75,951.50,950.65,,949.69,,,879075,838433405.45,26173,F1,1,,,,,
2026-08-20,2026-08-20,CM,NSE,STK,758221,INE1M3T01017,JYOTIGLOBL,SM,,,,,JYOTI GLOBAL PLAST LTD,40.80,40.80,37.65,37.80,37.65,38.95,,37.80,,,16000,639200.00,7,F1,2000,,,,,
2026-08-20,2026-08-20,CM,NSE,STK,764733,INE577D01013,JYOTIRES,EQ,,,,,JYOTI RESINS & ADHESIVE L,877.70,877.70,840.05,849.90,849.95,864.55,,849.54,,,36308,30863803.70,1312,F1,1,,,,,
2026-08-20,2026-08-20,CM,NSE,STK,1802,INE197A01024,JYOTISTRUC,EQ,,,,,JYOTI STRUCTURES LTD,10.78,10.87,10.62,10.69,10.74,10.71,,10.69,,,2692648,28822354.01,2305,F1,1,,,,,
2026-08-20,2026-08-20,CM,NSE,STK,764743,INE533C01018,KJMCFIN,EQ,,,,,K J M C FINANCIAL SERV L,66.35,66.42,61.90,66.42,66.42,55.35,,71.77,,,3326,217498.34,62,F1,1,,,,,
2026-08-20,2026-08-20,CM,NSE,STK,764748,INE879K01018,KMCSHIL,EQ,,,,,K M C SPECIALITY HOSP I L,138.32,139.79,136.00,136.94,139.00,136.95,,136.94,,,116875,16097380.99,1697,F1,1,,,,,
2026-08-20,2026-08-20,CM,NSE,STK,14667,INE157H01023,KMSUGAR,EQ,,,,,K M SUGAR MILLS LTD,33.01,36.00,33.01,35.30,35.30,32.63,,35.29,,,1974656,68847915.25,8818,F1,1,,,,,
2026-08-20,2026-08-20,CM,NSE,STK,27079,INE127T01021,KPEL,EQ,,,,,K.P. ENERGY LIMITED,268.20,271.00,255.15,256.65,256.00,268.20,,256.66,,,442666,116129407.85,12030,F1,1,,,,,
2026-08-20,2026-08-20,CM,NSE,STK,23462,INE0DEZ01013,K2INFRA,ST,,,,,K2 INFRAGEN LIMITED,49.60,52.00,49.50,50.25,50.25,51.00,,50.25,,,12600,637260.00,19,F1,600,,,,,
2026-08-20,2026-08-20,CM,NSE,STK,1805,INE900B01029,KABRAEXTRU,EQ,,,,,KABRA EXTRUSION TECHNIK L,506.10,541.00,506.10,529.10,529.55,500.80,,529.09,,,491124,260339792.85,12367,F1,1,,,,,
2026-08-20,2026-08-20,CM,NSE,STK,29192,INE0XOW01017,KKJEWELS,SM,,,,,KABRA JEWELS LIMITED,106.55,106.55,100.00,102.05,104.90,102.50,,102.05,,,8000,820850.00,7,F1,1000,,,,,
2026-08-20,2026-08-20,CM,NSE,STK,1808,INE217B01036,KAJARIACER,EQ,,,,,KAJARIA CERAMICS LTD,1212.50,1227.40,1208.00,1220.70,1224.00,1208.90,,1220.70,,,87721,106893163.80,7974,F1,1,,,,,
2026-08-20,2026-08-20,CM,NSE,STK,1811,INE437B01014,KAKATCEM,EQ,,,,,KAKATIYA CEM SUGAR &IND L,116.89,120.72,113.10,118.82,118.00,114.98,,118.43,,,12942,1540584.29,238,F1,1,,,,,
2026-08-20,2026-08-20,CM,NSE,STK,25443,INE0T0L01014,KALANA,SM,,,,,KALANA ISPAT LIMITED,23.15,23.15,22.60,23.15,23.15,22.05,,23.15,,,56000,1286000.00,22,F1,2000,,,,,
2026-08-20,2026-08-20,CM,NSE,STK,758558,INE227J01012,KALPATARU,EQ,,,,,KALPATARU LIMITED,275.70,290.00,274.30,288.35,287.60,273.60,,288.34,,,88463,25150256.55,2393,F1,1,,,,,
2026-08-20,2026-08-20,CM,NSE,STK,1814,INE220B01022,KPIL,EQ,,,,,KALPATARU PROJECT INT LTD,1382.50,1404.00,1378.20,1387.60,1393.00,1376.60,,1387.62,,,159374,221443251.40,15200,F1,1,,,,,
2026-08-20,2026-08-20,CM,NSE,STK,2955,INE303R01014,KALYANKJIL,EQ,,,,,KALYAN JEWELLERS IND LTD,600.70,605.05,592.65,596.00,596.00,595.20,,595.98,,,5139528,3072491878.75,48342,F1,1,,,,,
2026-08-20,2026-08-20,CM,NSE,STK,15156,INE314G01014,KALYANIFRG,EQ,,,,,KALYANI FORGE LIMITED,686.00,715.00,676.00,691.05,687.00,675.55,,692.01,,,7390,5146635.30,713,F1,1,,,,,
2026-08-20,2026-08-20,CM,NSE,STK,21119,INE029L01018,KICL,EQ,,,,,KALYANI INVEST CO LTD,5300.00,5300.00,5228.00,5258.00,5251.00,5222.50,,5258.00,,,448,2356412.00,171,F1,1,,,,,
2026-08-20,2026-08-20,CM,NSE,STK,18889,INE907A01026,KSL,EQ,,,,,KALYANI STEELS LIMITED,884.00,884.00,851.20,856.65,856.00,875.55,,856.61,,,36688,31779834.85,2724,F1,1,,,,,
2026-08-20,2026-08-20,CM,NSE,STK,762732,INE411F01010,KAMAHOLD,EQ,,,,,KAMA HOLDINGS LTD.,2454.90,2454.90,2419.00,2424.80,2438.30,2442.70,,2424.51,,,3319,8054611.10,769,F1,1,,,,,
2026-08-20,2026-08-20,CM,NSE,STK,764738,INE344D01018,KAMANWALA,EQ,,,,,KAMANWALA HOUSING CONST L,18.59,18.59,16.11,16.68,16.99,18.63,,16.69,,,56343,963705.89,484,F1,1,,,,,
2026-08-20,2026-08-20,CM,NSE,STK,1826,INE967C01018,KAMATHOTEL,EQ,,,,,KAMAT HOTELS (I) LTD,193.00,193.50,187.52,190.83,193.20,189.42,,190.74,,,73533,14020646.72,1691,F1,1,,,,,
2026-08-20,2026-08-20,CM,NSE,STK,13461,INE390H01020,KAMDHENU,BE,,,,,KAMDHENU LIMITED,33.93,34.77,33.15,33.66,33.73,33.78,,33.66,,,313830,10577791.74,2080,F1,1,,,,,
2026-08-20,2026-08-20,CM,NSE,STK,13814,INE0BTI01037,KAMOPAINTS,EQ,,,,,KAMDHENU VENTURES LIMITED,4.35,5.15,4.25,4.55,4.54,4.35,,4.55,,,633467,2899780.57,990,F1,1,,,,,
2026-08-20,2026-08-20,CM,NSE,STK,25786,INE879E01037,KANANIIND,EQ,,,,,KANANI INDUSTRIES LTD,1.50,1.51,1.46,1.48,1.51,1.47,,1.48,,,80258,119512.42,183,F1,1,,,,,
2026-08-20,2026-08-20,CM,NSE,STK,762737,INE081G01019,KANCHI,EQ,,,,,KANCHI KARPOORAM LTD.,379.75,379.75,364.55,372.00,372.00,374.60,,370.20,,,1610,600353.30,51,F1,1,,,,,
2026-08-20,2026-08-20,CM,NSE,STK,765090,INE398L01017,KANCOTEA,EQ,,,,,KANCO TEA & INDS. LTD.,52.95,52.95,50.90,52.78,52.79,51.64,,52.62,,,2150,112831.52,14,F1,1,,,,,
2026-08-20,2026-08-20,CM,NSE,STK,11208,INE0MOT01016,KANDARP,SM,,,,,KANDARP DG SMART BPO LTD,100.00,100.00,100.00,100.00,100.00,101.00,,100.00,,,3000,300000.00,1,F1,1000,,,,,
2026-08-20,2026-08-20,CM,NSE,STK,9805,INE138C01024,KANORICHEM,BE,,,,,KANORIACHEMICALS-,152.00,155.50,150.20,153.43,152.68,151.60,,153.41,,,26300,4038009.38,175,F1,1,,,,,
2026-08-20,2026-08-20,CM,NSE,STK,1782,INE694E01014,KANPRPLA,EQ,,,,,KANPUR PLASTIPACK LIMITED,255.60,269.00,242.20,266.18,265.00,256.59,,266.19,,,77323,19937242.39,1871,F1,1,,,,,
2026-08-20,2026-08-20,CM,NSE,STK,1196,INE531A01024,KANSAINER,EQ,,,,,KANSAI NEROLAC PAINTS LTD,202.37,204.59,200.53,201.51,202.00,201.37,,201.51,,,151212,30602362.96,6693,F1,1,,,,,
2026-08-20,2026-08-20,CM,NSE,STK,18967,INE542Z01028,KAPSTON,EQ,,,,,KAPSTON SERVICES LIMITED,523.40,534.30,522.00,524.80,524.00,523.40,,524.80,,,28644,15116907.95,1634,F1,1,,,,,
2026-08-20,2026-08-20,CM,NSE,STK,24385,INE725L01011,KARMAENG,EQ,,,,,KARMA ENERGY LIMITED,38.30,39.39,38.30,39.22,39.26,38.26,,39.22,,,2030,78431.85,55,F1,1,,,,,
2026-08-20,2026-08-20,CM,NSE,STK,8054,INE614B01018,KTKBANK,EQ,,,,,KARNATAKA BANK LIMITED,324.75,337.90,320.60,335.05,337.00,324.05,,335.03,,,6192277,2048950885.15,54021,F1,1,,,,,
2026-08-20,2026-08-20,CM,NSE,STK,19465,INE0MGA01012,KARNIKA,SM,,,,,KARNIKA INDUSTRIES LTD,115.50,116.90,112.50,115.00,115.00,114.85,,115.00,,,37000,4261350.00,19,F1,1000,,,,,
2026-08-20,2026-08-20,CM,NSE,STK,1838,INE036D01028,KARURVYSYA,EQ,,,,,KARUR VYSYA BANK LTD,331.20,341.95,331.20,334.10,334.40,331.05,,334.11,,,2334666,787754853.00,47485,F1,1,,,,,
2026-08-20,2026-08-20,CM,NSE,STK,24528,INE0SVY01018,KATARIA,SM,,,,,KATARIA INDUSTRIES LTD,103.80,110.00,103.80,105.25,105.00,102.50,,105.25,,,27600,2957970.00,41,F1,600,,,,,
2026-08-20,2026-08-20,CM,NSE,STK,15140,INE234I01028,KAUSHALYA,BE,,,,,KAUSHALYA INFRA DEV LTD.,876.35,906.00,871.00,886.30,904.00,876.35,,886.30,,,372,331425.95,46,F1,1,,,,,
2026-08-20,2026-08-20,CM,NSE,STK,21186,INE0Q2V01012,KLL,SM,,,,,KAUSHALYA LOGISTICS LTD,23.25,23.25,21.80,21.80,21.80,22.95,,21.80,,,22400,507160.00,20,F1,800,,,,,
2026-08-20,2026-08-20,CM,NSE,STK,14972,INE455I01029,KSCL,EQ,,,,,KAVERI SEED CO. LTD.,768.00,775.85,766.00,773.40,769.00,771.35,,773.21,,,102004,78801622.05,3300,F1,1,,,,,
2026-08-20,2026-08-20,CM,NSE,STK,15244,INE641C01019,KAVDEFENCE,EQ,,,,,KAVVERI DFS & WIR TEC LTD,57.10,58.86,56.21,57.22,57.88,57.07,,57.21,,,69338,3958532.03,998,F1,1,,,,,
2026-08-20,2026-08-20,CM,NSE,STK,21173,INE0RCG01017,KCEIL,SM,,,,,KAY CEE ENERGY & INFRA L,76.00,77.90,74.00,75.85,76.30,76.45,,75.85,,,33500,2517450.00,55,F1,500,,,,,
2026-08-20,2026-08-20,CM,NSE,STK,10276,INE587G01015,KAYA,EQ,,,,,KAYA LIMITED,339.95,385.00,336.55,374.10,378.00,338.45,,374.12,,,245362,90887309.95,7685,F1,1,,,,,
2026-08-20,2026-08-20,CM,NSE,STK,12092,INE918Z01012,KAYNES,EQ,,,,,KAYNES TECHNOLOGY IND LTD,3826.10,3897.00,3800.00,3815.00,3815.00,3823.30,,3815.38,,,1015464,3914664884.10,61917,F1,1,,,,,
2026-08-20,2026-08-20,CM,NSE,STK,758868,INE13ZD01013,KAYTEX,SM,,,,,KAYTEX FABRICS LIMITED,54.00,59.70,53.60,58.75,58.80,54.00,,58.75,,,17600,1007120.00,22,F1,800,,,,,
2026-08-20,2026-08-20,CM,NSE,STK,10296,INE0J1E01027,KCK,ST,,,,,KCK INDUSTRIES LTD,14.80,15.10,14.65,15.05,15.10,14.80,,15.05,,,50000,747000.00,18,F1,2500,,,,,
2026-08-20,2026-08-20,CM,NSE,STK,1841,INE805C01028,KCP,EQ,,,,,KCP LTD,151.00,167.35,150.60,165.08,164.80,151.39,,165.05,,,1075019,174711563.82,13354,F1,1,,,,,
2026-08-20,2026-08-20,CM,NSE,STK,8849,INE790B01024,KCPSUGIND,BE,,,,,KCPSUGARINDUS,32.01,33.63,31.50,33.63,33.63,32.03,,33.63,,,531196,17507155.59,1329,F1,1,,,,,
2026-08-20,2026-08-20,CM,NSE,STK,14908,INE291D01011,KDDL,EQ,,,,,KDDL LIMITED,3950.10,4000.00,3910.00,3942.70,3970.00,3950.10,,3943.16,,,17812,70593053.20,3359,F1,1,,,,,
2026-08-20,2026-08-20,CM,NSE,STK,13260,INE389H01022,KEC,EQ,,,,,KEC INTL. LIMITED,425.00,435.95,418.00,424.10,425.00,423.50,,424.11,,,1571646,675863387.05,29817,F1,1,,,,,
2026-08-20,2026-08-20,CM,NSE,STK,13310,INE878B01027,KEI,EQ,,,,,KEI INDUSTRIES LTD.,5720.00,5779.00,5643.50,5675.00,5675.00,5681.10,,5674.93,,,316302,1797690260.10,34748,F1,1,,,,,
2026-08-20,2026-08-20,CM,NSE,STK,13430,INE164B01030,KELLTONTEC,EQ,,,,,KELLTON TECH SOL LTD,13.40,13.76,13.40,13.60,13.60,13.34,,13.60,,,1145893,15577167.51,2801,F1,1,,,,,
2026-08-20,2026-08-20,CM,NSE,STK,29547,INE15DO01012,KEN,SM,,,,,KEN ENTERPRISES LIMITED,40.70,40.70,40.40,40.60,40.60,41.50,,40.60,,,4800,194760.00,4,F1,1200,,,,,
2026-08-20,2026-08-20,CM,NSE,STK,11841,INE717A01029,KENNAMET,EQ,,,,,KENNAMETAL INDIA LIMITED,3634.20,3749.80,3617.00,3719.60,3719.40,3616.10,,3719.41,,,75652,277266289.30,7852,F1,1,,,,,
2026-08-20,2026-08-20,CM,NSE,STK,13121,INE202H01019,KERNEX,EQ,,,,,KERNEX MICROSYS(I) LTD,1890.00,1895.40,1830.00,1837.00,1836.00,1875.00,,1836.99,,,276618,511798110.80,20871,F1,1,,,,,
2026-08-20,2026-08-20,CM,NSE,STK,4981,INE087A01019,KESORAMIND,BE,,,,,KESORAM INDUSTRIES LTD,11.53,11.69,11.53,11.68,11.68,11.72,,11.62,,,229670,2665908.28,214,F1,1,,,,,
2026-08-20,2026-08-20,CM,NSE,STK,13381,INE401H01017,KKCL,EQ,,,,,KEWAL KIRAN CLOTHING LTD,520.25,524.00,516.55,518.60,518.00,517.95,,518.60,,,17949,9331009.30,1237,F1,1,,,,,
2026-08-20,2026-08-20,CM,NSE,STK,4157,INE681C01015,KEYFINSERV,EQ,,,,,KEYNOTE FIN SERV LTD.,260.00,274.95,252.00,261.10,261.00,254.10,,261.06,,,1197,310983.20,56,F1,1,,,,,
2026-08-20,2026-08-20,CM,NSE,STK,12219,INE263M01029,RUSTOMJEE,EQ,,,,,KEYSTONE REALTORS LIMITED,373.95,373.95,370.00,370.95,370.20,369.85,,370.90,,,12576,4664082.95,606,F1,1,,,,,
2026-08-20,2026-08-20,CM,NSE,STK,13364,INE138Y01010,KFINTECH,BL,,,,,KFIN TECHNOLOGIES LIMITED,925.00,925.00,925.00,925.00,925.00,366.00,,925.00,,,15135135,13999999875.00,12,F1,999999999,,,,,
2026-08-20,2026-08-20,CM,NSE,STK,13359,INE138Y01010,KFINTECH,EQ,,,,,KFIN TECHNOLOGIES LIMITED,963.00,973.70,936.80,961.00,961.00,948.00,,961.01,,,2182939,2099599351.20,48749,F1,1,,,,,
2026-08-20,2026-08-20,CM,NSE,STK,433,INE834I01025,KHADIM,BE,,,,,KHADIM INDIA LIMITED,97.00,97.90,93.56,94.91,95.00,97.00,,94.94,,,16569,1576650.17,216,F1,1,,,,,
2026-08-20,2026-08-20,CM,NSE,STK,3912,INE731C01018,KHAITANLTD,EQ,,,,,KHAITAN (INDIA)LTD.,144.60,149.90,144.60,146.94,145.50,148.80,,146.94,,,1849,273587.58,45,F1,1,,,,,
2026-08-20,2026-08-20,CM,NSE,STK,896,INE745B01028,KHAICHEM,EQ,,,,,KHAITAN CHEM & FERT LTD,57.70,58.50,55.60,56.65,56.50,57.65,,56.65,,,163630,9290157.14,1255,F1,1,,,,,
2026-08-20,2026-08-20,CM,NSE,STK,9641,INE060B01014,KHANDSE,EQ,,,,,KHANDWALA SECURITIES LTD,17.03,17.96,16.50,16.63,16.50,17.18,,16.63,,,6933,117631.43,35,F1,1,,,,,
2026-08-20,2026-08-20,CM,NSE,STK,9570,INE00UG01014,KHFM,SM,,,,,KHFM HOS FAC MANA SER LTD,42.00,46.70,42.00,46.70,46.70,46.90,,46.70,,,4650,208785.00,3,F1,1550,,,,,
2026-08-20,2026-08-20,CM,NSE,STK,762747,INE338F01015,KLBRENG-B,EQ,,,,,KILBURN ENGINEERING LTD.,365.00,366.95,354.05,357.65,357.00,363.50,,357.63,,,175275,62835367.40,5042,F1,1,,,,,
2026-08-20,2026-08-20,CM,NSE,STK,19941,INE729D01010,KILITCH,BE,,,,,KILITCH DRUGS INDIA LTD,157.15,166.00,156.00,162.54,162.53,158.10,,162.46,,,98322,16005867.68,477,F1,1,,,,,
2026-08-20,2026-08-20,CM,NSE,STK,18944,INE473D01015,KINGFA,EQ,,,,,KINGFA SCI & TEC IND LTD.,5859.50,5924.50,5704.50,5857.50,5823.50,5780.00,,5857.76,,,19945,116330864.50,6556,F1,1,,,,,
2026-08-20,2026-08-20,CM,NSE,STK,19126,INE880L01014,KIOCL,EQ,,,,,KIOCL LIMITED,379.10,395.60,379.10,385.40,383.10,377.50,,385.38,,,161795,62699412.25,5725,F1,1,,,,,
2026-08-20,2026-08-20,CM,NSE,STK,762742,INE555P01013,KIRANVYPAR,EQ,,,,,KIRAN VYAPAR LTD.,201.50,203.00,195.50,202.52,202.90,201.99,,202.07,,,1844,371017.49,62,F1,1,,,,,
2026-08-20,2026-08-20,CM,NSE,STK,16639,INE415I01015,KIRIINDUS,EQ,,,,,KIRI INDUSTRIES LIMITED,435.00,479.95,434.00,461.30,460.50,431.30,,461.29,,,5952449,2776108791.55,103429,F1,1,,,,,
2026-08-20,2026-08-20,CM,NSE,STK,18581,INE732A01036,KIRLOSBROS,EQ,,,,,KIRLOSKAR BROTHERS LTD,1954.30,1978.00,1915.00,1918.20,1916.00,1951.40,,1918.41,,,34360,66582603.40,5574,F1,1,,,,,
2026-08-20,2026-08-20,CM,NSE,STK,18220,INE134B01017,KECL,EQ,,,,,KIRLOSKAR ELECTRIC CO LTD,132.70,134.08,129.12,130.69,131.00,131.63,,130.70,,,156586,20548992.10,2216,F1,1,,,,,
2026-08-20,2026-08-20,CM,NSE,STK,14466,INE884B01025,KIRLFER,EQ,,,,,KIRLOSKAR FERROUS IND LTD,431.00,445.45,428.30,444.05,444.00,430.15,,444.03,,,85355,37562754.45,3831,F1,1,,,,,
2026-08-20,2026-08-20,CM,NSE,STK,19025,INE250A01039,KIRLOSIND,EQ,,,,,KIRLOSKAR INDUSTRIES LTD,3747.10,3768.10,3701.40,3714.10,3705.10,3729.70,,3714.47,,,4073,15196681.20,798,F1,1,,,,,
2026-08-20,2026-08-20,CM,NSE,STK,20936,INE146L01010,KIRLOSENG,EQ,,,,,KIRLOSKAR OIL ENG LTD,2094.00,2177.00,2080.30,2150.10,2150.20,2079.90,,2150.05,,,429267,918476869.30,45373,F1,1,,,,,
2026-08-20,2026-08-20,CM,NSE,STK,15180,INE811A01038,KIRLPNU,EQ,,,,,KIRLOSKAR PNEUMATIC COM L,737.10,748.40,722.50,739.80,743.70,736.70,,739.65,,,317105,233362882.60,25302,F1,1,,,,,
2026-08-20,2026-08-20,CM,NSE,STK,28899,INE602G01020,KITEX,EQ,,,,,KITEX GARMENTS LTD,124.50,127.58,123.15,124.73,125.30,124.28,,124.72,,,688856,86062793.88,8081,F1,1,,,,,
2026-08-20,2026-08-20,CM,NSE,STK,760923,INE0KNW01016,KNAGRI,EQ,,,,,KN AGRI RESOURCES LIMITED,215.00,221.40,206.60,212.61,206.60,214.88,,212.61,,,21572,4655326.95,227,F1,1,,,,,
2026-08-20,2026-08-20,CM,NSE,STK,763839,INE17QZ01016,KNACK,EQ,,,,,KNACK PACKAGING LIMITED,201.00,210.94,199.00,209.17,209.10,199.60,,209.17,,,1733969,357251403.09,18577,F1,1,,,,,
2026-08-20,2026-08-20,CM,NSE,STK,27084,INE0CJD01029,KMEW,EQ,,,,,KNOWLEDGE MARINE & EN W L,2765.00,2765.00,2677.00,2691.80,2704.50,2748.40,,2691.91,,,53170,144343188.80,7541,F1,1,,,,,
2026-08-20,2026-08-20,CM,NSE,STK,758431,INE1JAR25012,KRT,RR,,,,,KNOWLEDGE REALTY TRUST,116.40,116.60,115.35,116.30,116.49,115.90,,116.30,,,237801,27613172.12,4445,F1,1,,,,,
2026-08-20,2026-08-20,CM,NSE,STK,15283,INE634I01029,KNRCON,EQ,,,,,KNR CONSTRU LTD.,127.95,129.09,126.50,127.14,127.00,127.37,,127.13,,,1147370,146309103.04,11450,F1,1,,,,,
2026-08-20,2026-08-20,CM,NSE,STK,18754,INE0Q7P01013,KODYTECH,ST,,,,,KODY TECHNOLAB LIMITED,1399.90,1435.00,1399.90,1431.20,1428.00,1401.15,,1431.20,,,6200,8828765.00,46,F1,100,,,,,
2026-08-20,2026-08-20,CM,NSE,STK,3009,INE080B01012,KOHINOOR,EQ,,,,,KOHINOOR FOODS LIMITED,32.10,35.75,30.95,34.81,34.50,31.27,,34.83,,,1740167,60045446.25,9723,F1,1,,,,,
2026-08-20,2026-08-20,CM,NSE,STK,16827,INE760A01029,KOKUYOCMLN,EQ,,,,,KOKUYO CAMLIN LIMITED,80.69,81.48,79.40,79.80,80.00,80.24,,79.80,,,83699,6705996.04,1268,F1,1,,,,,
2026-08-20,2026-08-20,CM,NSE,STK,15124,INE094I01018,KOLTEPATIL,EQ,,,,,KOLTE PATIL DEV. LTD.,462.90,499.95,462.90,465.90,465.00,456.70,,465.90,,,752542,360955022.30,22028,F1,1,,,,,
2026-08-20,2026-08-20,CM,NSE,STK,22475,INE0QEI01011,KONSTELEC,ST,,,,,KONSTELEC ENGINEERS LTD,56.00,57.75,56.00,56.00,56.00,58.90,,56.00,,,21000,1180700.00,20,F1,1000,,,,,
2026-08-20,2026-08-20,CM,NSE,STK,4951,INE082A01010,KOPRAN,BE,,,,,KOPRAN LTD,207.46,207.46,197.09,199.72,200.00,207.46,,199.74,,,113587,23031339.75,944,F1,1,,,,,
2026-08-20,2026-08-20,CM,NSE,STK,16758,INE0O4R01018,KDL,SM,,,,,KORE DIGITAL LIMITED,91.00,92.60,87.20,88.55,88.30,88.55,,88.55,,,21750,1959937.50,80,F1,150,,,,,
2026-08-20,2026-08-20,CM,NSE,STK,14858,INF174KA1HJ8,GOLD1,EQ,,,,,KOTAK GOLD ETF,128.91,131.99,128.70,130.38,130.27,127.05,,130.38,,,2805228,365380544.56,9783,F1,1,,,,,
2026-08-20,2026-08-20,CM,NSE,STK,1922,INE237A01036,KOTAKBANK,EQ,,,,,KOTAK MAHINDRA BANK LTD,393.60,399.55,393.15,397.35,397.35,390.25,,397.60,,,9258923,3675482829.60,97164,F1,1,,,,,
2026-08-20,2026-08-20,CM,NSE,STK,18102,INF174K014P6,NIFTY1,EQ,,,,,KOTAK NIFTY ETF,269.00,270.20,268.26,269.27,269.70,267.50,,269.27,,,427473,115173782.35,1276,F1,1,,,,,
2026-08-20,2026-08-20,CM,NSE,STK,15061,INF174KA1A86,PSUBANK,EQ,,,,,KOTAK PSU BANK,86.66,86.99,85.88,86.02,86.24,86.23,,86.03,,,49609,4289135.91,347,F1,1,,,,,
2026-08-20,2026-08-20,CM,NSE,STK,759885,INF174KA1XV0,CHEMICAL,EQ,,,,,KOTAKMAMC - CHEMICAL,30.64,30.77,30.26,30.40,30.48,30.48,,30.40,,,176680,5390530.72,941,F1,1,,,,,
2026-08-20,2026-08-20,CM,NSE,STK,7412,INF174KA1IA5,ALPHA,EQ,,,,,KOTAKMAMC - KOTAKALPHA,53.60,54.07,53.60,53.84,53.73,53.48,,53.84,,,780031,42041926.71,1819,F1,1,,,,,
2026-08-20,2026-08-20,CM,NSE,STK,10512,INF174KA1ZF8,CONS,EQ,,,,,KOTAKMAMC - KOTAKCONS,12.43,12.48,12.38,12.45,12.48,12.37,,12.45,,,9986,124067.01,100,F1,1,,,,,
2026-08-20,2026-08-20,CM,NSE,STK,2627,INF174KA1GC5,IT,EQ,,,,,KOTAKMAMC - KOTAKIT,34.24,34.39,33.91,34.00,34.26,33.67,,34.00,,,318543,10885995.17,661,F1,1,,,,,
2026-08-20,2026-08-20,CM,NSE,STK,13950,INF174KA1LV5,LIQUID1,EQ,,,,,KOTAKMAMC - KOTAKLIQ,1120.55,1121.99,1118.82,1118.97,1118.97,1118.81,,1118.97,,,670389,750150218.21,834,F1,1,,,,,
2026-08-20,2026-08-20,CM,NSE,STK,8632,INF174KA1IY5,LOWVOL1,EQ,,,,,KOTAKMAMC - KOTAKLOVOL,21.40,21.43,21.25,21.31,21.25,21.30,,21.31,,,1458491,31165357.42,136,F1,1,,,,,
2026-08-20,2026-08-20,CM,NSE,STK,8077,INF174KA1ZC5,MIDCAP,EQ,,,,,KOTAKMAMC - KOTAKMID50,18.93,18.94,18.68,18.76,18.72,18.58,,18.76,,,293476,5504982.46,678,F1,1,,,,,
2026-08-20,2026-08-20,CM,NSE,STK,10676,INF174KA1JF2,MNC,EQ,,,,,KOTAKMAMC - KOTAKMNC,34.39,34.39,34.19,34.37,34.38,34.09,,34.37,,,53788,1846679.46,258,F1,1,,,,,
2026-08-20,2026-08-20,CM,NSE,STK,13082,INF174KA1ZD3,SILVER1,EQ,,,,,KOTAKMAMC - KOTAKSILVE,22.60,23.40,22.60,22.85,22.85,21.99,,22.85,,,10844593,248420614.24,5866,F1,1,,,,,
2026-08-20,2026-08-20,CM,NSE,STK,11457,INF174KA1ZE1,NV20,EQ,,,,,KOTAKMAMC - KTKNV20ETF,14.02,14.02,13.87,13.89,13.87,13.90,,13.89,,,21358,298311.88,150,F1,1,,,,,
2026-08-20,2026-08-20,CM,NSE,STK,30469,INF174KA1VW2,MID150,EQ,,,,,KOTAKMAMC - MID150,23.90,23.90,23.66,23.73,23.81,23.70,,23.73,,,25358,604137.17,162,F1,1,,,,,
2026-08-20,2026-08-20,CM,NSE,STK,759488,INF174KA1XS6,MOMENTUM30,EQ,,,,,KOTAKMAMC - MOMENTUM30,30.94,31.00,30.70,30.88,30.90,30.79,,30.88,,,365736,11318724.43,87,F1,1,,,,,
2026-08-20,2026-08-20,CM,NSE,STK,29758,INF174KA1VD2,MSCIINDIA,EQ,,,,,KOTAKMAMC - MSCIINDIA,30.24,30.24,30.08,30.13,30.14,29.98,,30.13,,,15012,453075.20,54,F1,1,,,,,
2026-08-20,2026-08-20,CM,NSE,STK,760709,INF174KA1YO3,NEXT50ETF,EQ,,,,,KOTAKMAMC - NEXT50ETF,74.75,75.07,74.32,74.84,75.00,74.60,,74.84,,,7788,583596.97,73,F1,1,,,,,
2026-08-20,2026-08-20,CM,NSE,STK,29944,INF174KA1UW4,NIFTY100EW,EQ,,,,,KOTAKMAMC - NIFTY100EW,35.58,35.58,35.44,35.55,35.57,35.40,,35.55,,,66588,2361437.48,220,F1,1,,,,,
2026-08-20,2026-08-20,CM,NSE,STK,764195,INF174KA1A94,PVTBANK,EQ,,,,,KOTAKMAMC - PVTBANK,27.50,27.63,27.49,27.49,27.63,27.28,,27.49,,,4244,116810.89,18,F1,1,,,,,
2026-08-20,2026-08-20,CM,NSE,STK,757946,INF174KA1WT6,QUALITY30,EQ,,,,,KOTAKMAMC - QUALITY30,21.04,21.13,20.94,21.06,21.13,20.84,,21.06,,,2844,59662.20,17,F1,1,,,,,
2026-08-20,2026-08-20,CM,NSE,STK,5851,INF174KA1ZB7,BANKNIFTY1,EQ,,,,,KOTAKMAMC-KOTAKBKETF,60.00,60.00,59.63,59.78,59.63,59.44,,59.78,,,208605,12483114.26,566,F1,1,,,,,
2026-08-20,2026-08-20,CM,NSE,STK,762752,INE972A01020,KOTIC,EQ,,,,,KOTHARI INDUSTRIAL CORP L,141.90,147.43,141.90,144.50,144.15,144.80,,144.45,,,1412,204223.26,81,F1,1,,,,,
2026-08-20,2026-08-20,CM,NSE,STK,4594,INE720A01015,KOTHARIPET,EQ,,,,,KOTHARI PETROCHEM LTD,135.61,135.61,132.12,134.30,134.49,133.39,,134.30,,,41114,5505686.09,1218,F1,1,,,,,
2026-08-20,2026-08-20,CM,NSE,STK,5528,INE823A01017,KOTHARIPRO,EQ,,,,,KOTHARI PRODUCTS LTD,69.85,69.85,67.22,67.78,67.75,68.13,,67.84,,,4348,294875.24,85,F1,1,,,,,
2026-08-20,2026-08-20,CM,NSE,STK,11647,INE419A01022,KOTARISUG,EQ,,,,,KOTHARI SUG & CHEM LTD.,27.88,31.40,27.68,30.25,30.30,27.22,,30.25,,,1120926,33569250.80,3870,F1,1,,,,,
2026-08-20,2026-08-20,CM,NSE,STK,761337,INE0J0B01017,KOTYARK,BE,,,,,KOTYARK INDUSTRIES LTD,33.61,36.27,33.61,36.27,36.27,34.55,,36.27,,,290371,10107319.87,260,F1,1,,,,,
2026-08-20,2026-08-20,CM,NSE,STK,5192,INE177F01017,KOVAI,EQ,,,,,KOVAI MEDICAL CENTER & HO,6020.50,6086.50,5968.00,6066.50,6071.00,5999.50,,6068.50,,,3630,21825727.50,757,F1,1,,,,,
2026-08-20,2026-08-20,CM,NSE,STK,5108,INE542W01025,KPIGREEN,EQ,,,,,KPI GREEN ENERGY LIMITED,309.20,314.55,306.00,307.05,307.20,308.35,,307.06,,,1086522,336533080.45,20223,F1,1,,,,,
2026-08-20,2026-08-20,CM,NSE,STK,9683,INE04I401011,KPITTECH,EQ,,,,,KPIT TECHNOLOGIES LIMITED,595.00,601.25,590.05,592.90,592.90,589.10,,592.91,,,641737,382356092.60,15647,F1,1,,,,,
2026-08-20,2026-08-20,CM,NSE,STK,14912,INE930H01031,KPRMILL,EQ,,,,,KPR MILL LTD.,1132.80,1160.00,1126.10,1153.20,1152.20,1126.20,,1153.25,,,245826,282320117.70,18209,F1,1,,,,,
2026-08-20,2026-08-20,CM,NSE,STK,10577,INE001B01026,KRBL,EQ,,,,,KRBL LIMITED,401.00,405.10,392.00,397.25,396.65,399.60,,397.28,,,591855,235202825.35,19786,F1,1,,,,,
2026-08-20,2026-08-20,CM,NSE,STK,1937,INE268B01013,KREBSBIO,EQ,,,,,KREBS BIOCHEMICALS & IND,54.51,55.80,53.00,55.20,54.20,54.13,,55.20,,,4422,240135.52,127,F1,1,,,,,
2026-08-20,2026-08-20,CM,NSE,STK,11488,INE524L01026,KRIDHANINF,BE,,,,,KRIDHAN INFRA LIMITED,2.25,2.25,2.12,2.16,2.16,2.18,,2.16,,,121574,266303.07,43,F1,1,,,,,
2026-08-20,2026-08-20,CM,NSE,STK,12847,INE506W01020,KRISHANA,EQ,,,,,KRISHANA PHOSCHEM LIMITED,194.90,199.99,193.80,196.52,198.00,194.30,,196.52,,,874324,172491210.84,10975,F1,1,,,,,
2026-08-20,2026-08-20,CM,NSE,STK,16133,INE0NR701018,KRISHCA,SM,,,,,KRISHCA STRAPPING SLTN L,165.05,166.00,162.00,163.70,164.45,165.00,,163.70,,,13000,2128150.00,23,F1,500,,,,,
2026-08-20,2026-08-20,CM,NSE,STK,756782,INE0GGO01015,KRISHIVAL,EQ,,,,,KRISHIVAL FOODS LIMITED,368.20,398.70,368.20,393.55,394.90,366.25,,393.58,,,110332,42368262.10,1903,F1,1,,,,,
2026-08-20,2026-08-20,CM,NSE,STK,761192,INE0J5601015,KRISHNADEF,EQ,,,,,KRISHNA DEF AND ALD IND L,1083.90,1094.90,1026.00,1037.90,1048.00,1077.80,,1037.90,,,152475,160729499.90,12198,F1,1,,,,,
2026-08-20,2026-08-20,CM,NSE,STK,4847,INE967H01025,KIMS,EQ,,,,,KRISHNA INST OF MED SCI L,800.50,800.50,787.00,790.00,787.85,788.65,,790.00,,,225534,178134102.30,11371,F1,1,,,,,
2026-08-20,2026-08-20,CM,NSE,STK,6417,INE479D01038,KRITI,EQ,,,,,KRITI INDUSTRIES IND LTD,66.50,67.00,63.65,65.74,65.31,66.43,,65.74,,,9991,654249.12,217,F1,1,,,,,
2026-08-20,2026-08-20,CM,NSE,STK,11432,INE798K01010,KRITINUT,EQ,,,,,KRITI NUTRIENTS LIMITED,85.95,85.95,82.00,83.92,84.00,84.27,,83.92,,,22369,1867760.23,451,F1,1,,,,,
2026-08-20,2026-08-20,CM,NSE,STK,9288,INE00Z501029,KRITIKA,EQ,,,,,KRITIKA WIRES LIMITED,5.56,5.71,5.56,5.62,5.63,5.62,,5.62,,,54271,305749.94,272,F1,1,,,,,
2026-08-20,2026-08-20,CM,NSE,STK,760624,INE1MTV01019,KRMAYURVED,SM,,,,,KRM AYURVEDA LIMITED,283.95,294.95,275.60,289.15,289.00,279.75,,289.15,,,52000,14874750.00,43,F1,1000,,,,,
2026-08-20,2026-08-20,CM,NSE,STK,25643,INE0Q3J01015,KRN,EQ,,,,,KRN HEAT EXCHANGE N REF L,1544.00,1546.00,1511.00,1518.30,1519.00,1501.20,,1518.02,,,128046,195704310.60,8649,F1,1,,,,,
2026-08-20,2026-08-20,CM,NSE,STK,24025,INE0ATZ01017,KRONOX,EQ,,,,,KRONOX LAB SCIENCES LTD,155.01,186.19,155.01,186.19,186.19,155.16,,186.26,,,5889347,1046900148.24,43002,F1,1,,,,,
2026-08-20,2026-08-20,CM,NSE,STK,25252,INE0O6601022,KROSS,EQ,,,,,KROSS LIMITED,199.25,214.89,199.25,210.36,209.61,198.27,,210.36,,,773961,162416812.89,13971,F1,1,,,,,
2026-08-20,2026-08-20,CM,NSE,STK,5359,INE08LI01020,KRSNAA,EQ,,,,,KRSNAA DIAGNOSTICS LTD,535.00,551.50,535.00,550.00,551.45,536.00,,550.00,,,43673,23748700.10,4076,F1,1,,,,,
2026-08-20,2026-08-20,CM,NSE,STK,23175,INE0QN801017,KRYSTAL,EQ,,,,,KRYSTAL INTEGRATED SER L,635.00,689.00,620.70,681.35,680.25,629.45,,681.36,,,688365,446029432.55,3788,F1,1,,,,,
2026-08-20,2026-08-20,CM,NSE,STK,1949,INE999A01023,KSB,EQ,,,,,KSB LIMITED,807.10,813.85,789.90,802.50,798.00,807.10,,802.41,,,125490,100522150.80,10599,F1,1,,,,,
2026-08-20,2026-08-20,CM,NSE,STK,764753,INE953E01022,KSE,EQ,,,,,KSE LTD.,198.50,198.50,193.21,196.80,198.00,197.69,,196.79,,,119471,23425747.99,1672,F1,1,,,,,
2026-08-20,2026-08-20,CM,NSE,STK,760433,INE987S01020,KSHINTL,EQ,,,,,KSH INTERNATIONAL LIMITED,1019.00,1027.80,1002.15,1011.30,1011.20,1006.05,,1011.34,,,137591,139433843.80,8821,F1,1,,,,,
2026-08-20,2026-08-20,CM,NSE,STK,10407,INE013801027,KSHITIJPOL,EQ,,,,,KSHITIJ POLYLINE LIMITED,2.93,2.93,2.80,2.85,2.88,2.89,,2.85,,,503444,1444569.15,781,F1,1,,,,,
2026-08-20,2026-08-20,CM,NSE,STK,11060,INE0D6I01023,KSOLVES,EQ,,,,,KSOLVES INDIA LIMITED,272.65,278.95,266.90,270.40,269.70,272.65,,270.39,,,46156,12476393.85,1700,F1,1,,,,,
2026-08-20,2026-08-20,CM,NSE,STK,759987,INE1SPP01016,KSR,EQ,,,,,KSR FOOTWEAR LIMITED,28.51,30.00,27.00,27.42,27.32,28.84,,27.42,,,77843,2131465.64,394,F1,1,,,,,
2026-08-20,2026-08-20,CM,NSE,STK,13870,INE529I01021,KUANTUM,EQ,,,,,KUANTUM PAPERS LIMITED,76.25,77.50,74.21,74.99,75.22,78.70,,74.99,,,345202,25945301.44,2725,F1,1,,,,,
2026-08-20,2026-08-20,CM,NSE,STK,764116,INE0ISX01025,KUSUMGAR,EQ,,,,,KUSUMGAR LIMITED,569.90,577.50,556.05,572.50,577.00,566.35,,572.55,,,520667,294633674.95,21172,F1,1,,,,,
2026-08-20,2026-08-20,CM,NSE,STK,762757,INE552U01010,KPL,EQ,,,,,KWALITY PHARMACEUTICALS L,3490.00,3708.90,3474.70,3630.30,3634.80,3452.40,,3629.77,,,71712,260295948.40,9258,F1,1,,,,,
2026-08-20,2026-08-20,CM,NSE,STK,760946,INE2KCE01013,KWIL,EQ,,,,,KWALITY WALL'S (INDIA) L,38.00,44.30,37.75,43.47,43.35,37.71,,43.47,,,101299688,4254323916.86,173426,F1,1,,,,,
2026-08-20,2026-08-20,CM,NSE,STK,765100,INE341H01023,LKPSEC,EQ,,,,,L K P SECURITIES LTD.,16.26,17.20,16.24,17.20,17.20,16.25,,17.37,,,7740,127371.88,87,F1,1,,,,,
2026-08-20,2026-08-20,CM,NSE,STK,24948,INE498L01015,LTF,EQ,,,,,L&T FINANCE LIMITED,317.05,320.00,313.70,314.75,314.75,315.40,,314.75,,,3115446,986870345.40,36721,F1,1,,,,,
2026-08-20,2026-08-20,CM,NSE,STK,18564,INE010V01017,LTTS,EQ,,,,,L&T TECHNOLOGY SER. LTD.,3594.60,3663.90,3570.00,3579.10,3580.00,3540.90,,3579.08,,,157113,568232399.60,28217,F1,1,,,,,
2026-08-20,2026-08-20,CM,NSE,STK,14423,INE059D01020,LAOPALA,EQ,,,,,LA OPALA RG LIMITED,182.05,182.05,176.50,178.35,179.10,187.24,,178.34,,,396333,70722293.76,13907,F1,1,,,,,
2026-08-20,2026-08-20,CM,NSE,STK,764758,INE519D01015,LADDERUP,EQ,,,,,LADDERUP FINANCE LTD.,49.50,49.50,49.00,49.25,49.25,49.69,,48.13,,,487,23988.50,8,F1,1,,,,,
2026-08-20,2026-08-20,CM,NSE,STK,5865,INE548Z01017,LAGNAM,EQ,,,,,LAGNAM SPINTEX LIMITED,78.31,78.31,76.50,77.15,76.65,77.93,,77.15,,,9602,743952.33,85,F1,1,,,,,
2026-08-20,2026-08-20,CM,NSE,STK,762762,INE515C01023,LAHOTIOV,EQ,,,,,LAHOTI OVERSEAS LTD.,42.05,42.99,39.31,40.81,39.32,41.16,,41.03,,,16047,658804.84,104,F1,1,,,,,
2026-08-20,2026-08-20,CM,NSE,STK,7902,INE850E01012,LFIC,EQ,,,,,LAKSHMI FIN IND CORP LTD,140.80,145.00,137.00,138.24,137.90,140.18,,138.24,,,1084,151522.24,51,F1,1,,,,,
2026-08-20,2026-08-20,CM,NSE,STK,764763,INE938C01019,LAKSHMIMIL,EQ,,,,,LAKSHMI MILLS CO. LTD.,8200.00,8500.00,8200.00,8300.00,8300.00,8059.00,,8359.10,,,49,411207.50,27,F1,1,,,,,
2026-08-20,2026-08-20,CM,NSE,STK,4774,INE651C01018,LAKPRE,BZ,,,,,LAKSHMI PRE SCRE LTD,4.36,4.36,4.25,4.25,4.25,4.36,,4.25,,,700,2984.50,7,F1,1,,,,,
2026-08-20,2026-08-20,CM,NSE,STK,25860,INE0VZS01015,LAKSHYA,SM,,,,,LAKSHYA POWERTECH LIMITED,83.25,85.90,82.50,82.50,82.50,82.30,,82.50,,,4800,401920.00,6,F1,800,,,,,
2026-08-20,2026-08-20,CM,NSE,STK,6407,INE112F01022,LAMBODHARA,EQ,,,,,LAMBODHARA TEXTILES LTD.,108.35,111.98,106.14,107.63,108.00,110.18,,107.79,,,14217,1536215.92,257,F1,1,,,,,
2026-08-20,2026-08-20,CM,NSE,STK,27225,INE0R0201012,LAMOSAIC,ST,,,,,LAMOSAIC INDIA LIMITED,56.35,56.85,54.75,55.80,54.75,55.95,,55.80,,,19200,1075500.00,24,F1,600,,,,,
2026-08-20,2026-08-20,CM,NSE,STK,9392,INE359U01028,LANCER,EQ,,,,,LANCER CONTAINER LINES L,10.55,10.70,10.10,10.38,10.67,10.40,,10.37,,,370610,3825301.39,820,F1,1,,,,,
2026-08-20,2026-08-20,CM,NSE,STK,23027,INE572G01025,LANCORHOL,EQ,,,,,LANCOR HOLDINGS LIMITED,27.76,29.30,27.21,28.91,29.30,27.22,,28.90,,,303280,8662001.83,2296,F1,1,,,,,
2026-08-20,2026-08-20,CM,NSE,STK,13276,INE559R01029,LANDMARK,EQ,,,,,LANDMARK CARS LIMITED,512.15,519.20,503.00,509.20,506.35,510.25,,509.13,,,109831,56053185.60,5050,F1,1,,,,,
2026-08-20,2026-08-20,CM,NSE,STK,16863,INE197J01017,LPDC,EQ,,,,,LANDMARK PR.DEV.CO.LTD,7.01,7.60,7.01,7.17,7.19,7.26,,7.17,,,28251,203578.89,150,F1,1,,,,,
2026-08-20,2026-08-20,CM,NSE,STK,17376,INE688J01023,LANDSMILL,EQ,,,,,LANDSMILL GREEN LIMITED,0.75,0.76,0.74,0.74,0.74,0.75,,0.74,,,2915296,2179207.40,790,F1,1,,,,,
2026-08-20,2026-08-20,CM,NSE,STK,11483,INE018A01030,LT,EQ,,,,,LARSEN & TOUBRO LTD.,4050.50,4084.90,4048.30,4081.00,4081.00,4041.30,,4080.92,,,1056060,4296541317.20,66205,F1,1,,,,,
2026-08-20,2026-08-20,CM,NSE,STK,21713,INE670X01014,LASA,EQ,,,,,LASA SUPERGENERICS LTD,7.23,7.33,6.42,6.99,6.88,7.09,,6.99,,,87284,605753.40,423,F1,1,,,,,
2026-08-20,2026-08-20,CM,NSE,STK,764126,INE17IR01028,LASERPOWER,EQ,,,,,LASER POWER & INFRA LTD,324.90,335.40,321.30,328.40,329.00,322.50,,328.43,,,1655795,544553482.40,34403,F1,1,,,,,
2026-08-20,2026-08-20,CM,NSE,STK,6818,INE0I7C01011,LATENTVIEW,EQ,,,,,LATENT VIEW ANALYTICS LTD,277.30,285.50,277.30,281.75,281.00,276.50,,281.75,,,452578,128098979.30,13250,F1,1,,,,,
2026-08-20,2026-08-20,CM,NSE,STK,15840,INE262Z01023,LATTEYS,EQ,,,,,LATTEYS INDUSTRIES LTD,22.84,23.50,22.51,22.80,22.89,22.84,,22.80,,,91269,2102277.97,325,F1,1,,,,,
2026-08-20,2026-08-20,CM,NSE,STK,19234,INE947Q01028,LAURUSLABS,EQ,,,,,LAURUS LABS LIMITED,1819.00,1832.00,1813.80,1825.00,1825.00,1801.80,,1824.99,,,1315065,2397902264.80,34397,F1,1,,,,,
2026-08-20,2026-08-20,CM,NSE,STK,6568,INE801V01019,LAXMICOT,EQ,,,,,LAXMI COTSPIN LIMITED,15.26,15.29,13.91,13.96,13.92,14.89,,13.96,,,64570,929257.62,246,F1,1,,,,,
2026-08-20,2026-08-20,CM,NSE,STK,29171,INE0WO601020,LAXMIDENTL,EQ,,,,,LAXMI DENTAL LIMITED,197.99,202.43,195.57,198.18,196.25,195.77,,198.20,,,119295,23757207.49,4567,F1,1,,,,,
2026-08-20,2026-08-20,CM,NSE,STK,19876,INE258Y01016,LGHL,EQ,,,,,LAXMI GOLDORNA HOUSE LTD,175.00,180.00,171.90,174.15,175.00,173.69,,174.15,,,4537,790741.25,316,F1,1,,,,,
2026-08-20,2026-08-20,CM,NSE,STK,758863,INE06WU01026,LAXMIINDIA,EQ,,,,,LAXMI INDIA FINANCE LTD,132.50,136.62,131.00,132.90,133.75,130.89,,132.87,,,230885,30961270.21,1780,F1,1,,,,,
2026-08-20,2026-08-20,CM,NSE,STK,2841,INE576O01020,LXCHEM,EQ,,,,,LAXMI ORGANIC INDUS LTD,175.09,177.50,174.00,174.51,174.26,174.31,,174.55,,,394248,69289606.96,4607,F1,1,,,,,
2026-08-20,2026-08-20,CM,NSE,STK,7529,INE938A01021,LCCINFOTEC,EQ,,,,,LCC INFOTECH LTD,3.75,4.12,3.50,3.67,3.67,3.75,,3.69,,,87884,339011.74,118,F1,1,,,,,
2026-08-20,2026-08-20,CM,NSE,STK,760300,INE0G1L01025,LEMERITE,EQ,,,,,LE MERITE EXPORTS LIMITED,23.77,23.77,23.32,23.45,23.50,23.54,,23.45,,,287461,6771943.64,480,F1,1,,,,,
2026-08-20,2026-08-20,CM,NSE,STK,24067,INE0HV901016,IXIGO,EQ,,,,,LE TRAVENUES TECHNOLOGY L,170.50,172.59,168.11,170.45,170.50,168.79,,170.45,,,1166478,198330397.13,39202,F1,1,,,,,
2026-08-20,2026-08-20,CM,NSE,STK,14204,INE0H4B01011,LRRPL,SM,,,,,LEAD REC AND RUB PROD LTD,85.95,87.65,85.50,87.65,87.65,83.50,,87.65,,,10500,909900.00,7,F1,1500,,,,,
2026-08-20,2026-08-20,CM,NSE,STK,764523,INE00GO01025,LEAPIND,EQ,,,,,LEAP INDIA LIMITED,162.78,169.80,162.50,166.66,167.00,159.69,,166.66,,,18931621,3152473840.54,131049,F1,1,,,,,
2026-08-20,2026-08-20,CM,NSE,STK,765095,INE791B01014,LEENEE,EQ,,,,,LEE & NEE SOFTWARES (E) L,8.73,8.73,7.95,8.36,8.37,7.77,,8.36,,,44101,365567.48,196,F1,1,,,,,
2026-08-20,2026-08-20,CM,NSE,STK,757014,INE0AQ201015,THELEELA,EQ,,,,,LEELA PALACES HOTEL LTD,540.35,544.35,528.15,539.70,536.00,532.80,,539.70,,,1415946,763537166.85,73002,F1,1,,,,,
2026-08-20,2026-08-20,CM,NSE,STK,2606,INE970X01018,LEMONTREE,EQ,,,,,LEMON TREE HOTELS LTD,108.70,109.10,107.58,107.96,107.70,108.08,,107.96,,,3172639,343299491.62,47921,F1,1,,,,,
2026-08-20,2026-08-20,CM,NSE,STK,759605,INE956O01016,LENSKART,EQ,,,,,LENSKART SOLUTIONS LTD,646.70,657.90,638.85,654.80,656.55,639.60,,654.79,,,6214546,4014559059.45,95087,F1,1,,,,,
2026-08-20,2026-08-20,CM,NSE,STK,14459,INE500X01013,LEXUS,EQ,,,,,LEXUS GRANITO (INDIA) LTD,14.57,14.57,13.78,13.88,13.83,14.13,,13.88,,,6267,88711.43,171,F1,1,,,,,
2026-08-20,2026-08-20,CM,NSE,STK,18321,INE337A01034,LGBBROSLTD,EQ,,,,,LG BALAKRISHNAN & BROS,1603.00,1609.00,1585.00,1599.60,1602.00,1603.00,,1599.81,,,20738,33079836.10,2761,F1,1,,,,,
2026-08-20,2026-08-20,CM,NSE,STK,760213,INE324D01010,LGEINDIA,EQ,,,,,LG ELECTRONICS INDIA LTD,1660.00,1687.30,1628.00,1632.80,1632.00,1645.10,,1632.81,,,590189,970535081.40,52621,F1,1,,,,,
2026-08-20,2026-08-20,CM,NSE,STK,11082,INE908V01012,LIBAS,EQ,,,,,LIBAS CONSU PRODUCTS LTD,9.94,9.94,9.63,9.83,9.85,9.68,,9.83,,,23562,231127.65,109,F1,1,,,,,
2026-08-20,2026-08-20,CM,NSE,STK,1994,INE557B01019,LIBERTSHOE,EQ,,,,,LIBERTY SHOES LTD,243.95,245.80,240.10,241.10,240.60,244.25,,241.10,,,18238,4416302.70,665,F1,1,,,,,
2026-08-20,2026-08-20,CM,NSE,STK,1997,INE115A01026,LICHSGFIN,EQ,,,,,LIC HOUSING FINANCE LTD,500.00,511.45,498.20,508.05,508.05,497.00,,508.04,,,2938868,1487603452.30,39755,F1,1,,,,,
2026-08-20,2026-08-20,CM,NSE,STK,25640,INF767K01SM1,LICMFGOLD,EQ,,,,,LIC MF - LIC GOLD ETF,140.25,140.75,138.05,139.60,139.60,136.80,,139.60,,,420995,58931831.40,1100,F1,1,,,,,
2026-08-20,2026-08-20,CM,NSE,STK,11319,INF767K01OS7,LICNETFN50,EQ,,,,,LICNAMC - LICNFENGP,272.60,272.64,271.26,271.82,271.79,271.00,,271.87,,,747,202833.25,28,F1,1,,,,,
2026-08-20,2026-08-20,CM,NSE,STK,15229,INF767K01PC8,LICNFNHGP,EQ,,,,,LICNAMC - LICNFNHGP,277.38,280.05,277.38,280.05,280.05,276.87,,280.05,,,320,89075.88,6,F1,1,,,,,
2026-08-20,2026-08-20,CM,NSE,STK,6062,INF767K01MV5,LICNETFGSC,EQ,,,,,LICNAMC - LICNMFET,30.53,30.53,29.41,29.56,29.53,29.79,,29.56,,,31178,921875.30,89,F1,1,,,,,
2026-08-20,2026-08-20,CM,NSE,STK,22722,INF767K01RN1,LICNMID100,EQ,,,,,LICNAMC - LICNMID100,64.03,64.46,63.95,63.99,63.99,63.64,,63.95,,,3614,232541.49,58,F1,1,,,,,
2026-08-20,2026-08-20,CM,NSE,STK,9480,INE0J1Y01017,LICI,EQ,,,,,LIFE INSURA CORP OF INDIA,415.05,424.40,412.95,419.00,419.00,413.10,,419.02,,,19032512,7995498083.30,146715,F1,1,,,,,
2026-08-20,2026-08-20,CM,NSE,STK,578,INE060901027,LIKHITHA,EQ,,,,,LIKHITHA INFRASTRUC LTD,210.00,215.95,205.00,213.08,213.59,207.48,,213.40,,,40046,8406416.55,855,F1,1,,,,,
2026-08-20,2026-08-20,CM,NSE,STK,6951,INE802B01027,LINC,EQ,,,,,LINC LIMITED,97.10,97.86,94.50,95.04,95.01,96.33,,95.04,,,16342,1565786.74,440,F1,1,,,,,
2026-08-20,2026-08-20,CM,NSE,STK,11596,INE405C01035,LINCOLN,EQ,,,,,LINCOLN PHARMA LTD,612.55,625.00,612.55,622.60,621.60,609.50,,622.59,,,18263,11338637.10,1350,F1,1,,,,,
2026-08-20,2026-08-20,CM,NSE,STK,1627,INE473A01011,LINDEINDIA,EQ,,,,,LINDE INDIA LIMITED,6780.00,6782.50,6679.50,6695.00,6690.00,6702.50,,6694.99,,,8643,58005941.50,2310,F1,1,,,,,
2026-08-20,2026-08-20,CM,NSE,STK,17801,INE093R01011,LLOYDSENGG,EQ,,,,,LLOYDS ENGG WORK LIMITED,93.55,93.70,91.62,92.25,92.20,92.90,,92.25,,,4581955,423318312.93,19023,F1,1,,,,,
2026-08-20,2026-08-20,CM,NSE,STK,25807,INE080I01025,LLOYDSENT,EQ,,,,,LLOYDS ENTERPRISES LTD,78.99,79.98,77.92,78.55,79.08,78.57,,78.54,,,3763919,296226155.31,10117,F1,1,,,,,
2026-08-20,2026-08-20,CM,NSE,STK,11472,INE0DTQ01028,LLOYDS,SM,,,,,LLOYDS LUXURIES LIMITED,63.15,63.15,63.15,63.15,63.15,63.00,,63.15,,,1000,63150.00,1,F1,1000,,,,,
2026-08-20,2026-08-20,CM,NSE,STK,17313,INE281B01032,LLOYDSME,EQ,,,,,LLOYDS METALS N ENERGY L,1928.00,1931.00,1885.10,1891.40,1890.00,1919.00,,1891.38,,,298075,567340254.70,13630,F1,1,,,,,
2026-08-20,2026-08-20,CM,NSE,STK,1979,INE269B01029,LMW,EQ,,,,,LMW LIMITED,19650.00,19800.00,19363.00,19570.00,19600.00,19665.00,,19568.37,,,3197,62490902.00,1284,F1,1,,,,,
2026-08-20,2026-08-20,CM,NSE,STK,3220,INE670K01029,LODHA,EQ,,,,,LODHA DEVELOPERS LIMITED,1220.00,1246.50,1215.50,1240.00,1240.00,1210.00,,1240.01,,,952802,1178770436.30,24294,F1,1,,,,,
2026-08-20,2026-08-20,CM,NSE,STK,764296,INE0QJW01029,LCL,EQ,,,,,LOHIA CORP LIMITED,552.00,576.95,536.30,539.85,540.00,561.30,,539.85,,,1614885,898451892.95,42702,F1,1,,,,,
2026-08-20,2026-08-20,CM,NSE,STK,13439,INE397H01017,LOKESHMACH,BE,,,,,LOKESH MACHINES LTD,321.35,333.00,307.25,329.40,329.80,321.40,,329.40,,,16193,5185360.95,260,F1,1,,,,,
2026-08-20,2026-08-20,CM,NSE,STK,18232,INE846D01012,LORDSCHLO,EQ,,,,,LORDS CHLORO ALKALI LTD,133.10,137.40,132.40,134.22,137.25,133.04,,134.23,,,8204,1100481.79,552,F1,1,,,,,
2026-08-20,2026-08-20,CM,NSE,STK,14924,INE740X01023,LAL,EQ,,,,,LORENZINI APPARELS LTD,8.60,8.74,8.52,8.52,8.52,8.58,,8.52,,,13351,114830.79,56,F1,1,,,,,
2026-08-20,2026-08-20,CM,NSE,STK,764768,INE026D01011,LOTUSCHO,EQ,,,,,LOTUS CHOCOLATE CO. LTD.,623.00,623.00,612.00,615.00,617.95,623.25,,615.09,,,2405,1482573.20,173,F1,1,,,,,
2026-08-20,2026-08-20,CM,NSE,STK,16807,INE947I01017,LOTUSEYE,EQ,,,,,LOTUS EYE HOSP & INST L,117.82,119.00,115.25,117.11,117.94,115.51,,117.07,,,15842,1859404.31,153,F1,1,,,,,
2026-08-20,2026-08-20,CM,NSE,STK,22415,INE597L01014,LOVABLE,EQ,,,,,LOVABLE LINGERIE LTD,70.76,72.15,70.66,70.94,71.96,70.76,,70.94,,,4778,341791.05,112,F1,1,,,,,
2026-08-20,2026-08-20,CM,NSE,STK,10590,INE970D01010,LOYALTEX,EQ,,,,,LOYAL TEXTILE MILLS LTD,231.98,231.98,201.08,211.05,212.50,215.62,,211.05,,,992,214622.23,71,F1,1,,,,,
2026-08-20,2026-08-20,CM,NSE,STK,13816,INE818H01020,LTFOODS,EQ,,,,,LT FOODS LIMITED,432.60,437.00,423.50,431.00,430.15,429.50,,430.97,,,440235,190086037.70,19583,F1,1,,,,,
2026-08-20,2026-08-20,CM,NSE,STK,17818,INE214T01019,LTM,EQ,,,,,LTM LIMITED,4600.00,4657.00,4517.00,4553.00,4553.00,4564.40,,4552.95,,,767531,3519247732.40,49186,F1,1,,,,,
2026-08-20,2026-08-20,CM,NSE,STK,14014,INE872H01027,LUMAXTECH,EQ,,,,,LUMAX AUTO TECH LTD,2008.00,2053.00,1996.30,2043.70,2046.00,1987.10,,2043.79,,,143581,291906077.60,14651,F1,1,,,,,
2026-08-20,2026-08-20,CM,NSE,STK,2018,INE162B01018,LUMAXIND,EQ,,,,,LUMAX INDUSTRIES LTD,5629.00,5877.00,5629.00,5808.00,5820.00,5629.00,,5807.76,,,21992,127762824.50,5109,F1,1,,,,,
2026-08-20,2026-08-20,CM,NSE,STK,10440,INE326A01037,LUPIN,EQ,,,,,LUPIN LIMITED,2228.30,2237.70,2201.50,2201.50,2201.50,2225.00,,2201.51,,,531963,1181717100.90,34752,F1,1,,,,,
2026-08-20,2026-08-20,CM,NSE,STK,11301,INE150G01020,LUXIND,EQ,,,,,LUX INDUSTRIES LIMITED,1225.00,1237.00,1196.10,1201.00,1202.00,1217.40,,1201.01,,,16766,20362870.20,1633,F1,1,,,,,
2026-08-20,2026-08-20,CM,NSE,STK,7248,INE933A01014,LYKALABS,BE,,,,,LYKA LABS LTD.,72.18,72.18,72.18,72.18,72.18,70.77,,72.02,,,10045,725048.10,39,F1,1,,,,,
2026-08-20,2026-08-20,CM,NSE,STK,758150,INE08N601015,MBEL,EQ,,,,,M AND B ENGINEERING LTD,281.95,283.50,275.30,278.10,277.75,278.50,,278.09,,,76415,21357416.90,5521,F1,1,,,,,
2026-08-20,2026-08-20,CM,NSE,STK,765120,INE227F01010,MKEXIM,EQ,,,,,M K EXIM (INDIA) LTD.,59.89,62.90,55.61,56.69,56.31,56.13,,56.96,,,19022,1094811.36,198,F1,1,,,,,
2026-08-20,2026-08-20,CM,NSE,STK,16736,INE964W01021,MKPL,EQ,,,,,M K PROTEINS LIMITED,4.20,4.25,4.11,4.14,4.19,4.16,,4.14,,,31026,129377.77,240,F1,1,,,,,
2026-08-20,2026-08-20,CM,NSE,STK,22360,INE813V01022,MCL,EQ,,,,,M TEK COPPER LIMITED,58.41,59.49,58.00,58.46,58.80,58.36,,58.46,,,68331,4020420.90,1853,F1,1,,,,,
2026-08-20,2026-08-20,CM,NSE,STK,13285,INE774D01024,M&MFIN,EQ,,,,,M&M FIN. SERVICES LTD,392.00,397.50,379.55,382.45,383.50,389.60,,382.45,,,2120381,816749064.60,35151,F1,1,,,,,
2026-08-20,2026-08-20,CM,NSE,STK,22976,INE0SGC01015,MVKAGRO,SM,,,,,M.V.K. AGRO FOOD PROD LTD,186.60,186.60,186.60,186.60,186.60,196.40,,186.60,,,155400,28997640.00,175,F1,300,,,,,
2026-08-20,2026-08-20,CM,NSE,STK,15017,INE215I01027,MAANALU,EQ,,,,,MAAN ALUMINIUM LIMITED,121.00,121.00,118.00,118.52,118.98,118.85,,118.51,,,39814,4720104.92,975,F1,1,,,,,
2026-08-20,2026-08-20,CM,NSE,STK,762782,INE435D01014,MCCHRLS-B,EQ,,,,,MAC CHARLES (INDIA) LTD.,675.00,675.00,660.00,675.00,675.00,679.55,,687.55,,,68,45307.65,20,F1,1,,,,,
2026-08-20,2026-08-20,CM,NSE,STK,24545,INE0R0J01010,MACOBSTECH,SM,,,,,MACOBS TECHNOLOGIES LTD,201.00,205.70,199.05,200.80,205.70,201.40,,200.80,,,4800,963360.00,6,F1,800,,,,,
2026-08-20,2026-08-20,CM,NSE,STK,22347,INE155Z01011,MACPOWER,EQ,,,,,MACPOWER CNC MACHINES LTD,1979.80,1979.80,1912.20,1945.90,1940.00,1943.20,,1945.90,,,45193,87931593.50,3569,F1,1,,,,,
2026-08-20,2026-08-20,CM,NSE,STK,762767,INE631R01026,MADHAVIPL,EQ,,,,,MADHAV INFRA PROJECTS L,7.03,7.31,7.00,7.24,7.31,7.02,,7.23,,,106876,766276.06,445,F1,1,,,,,
2026-08-20,2026-08-20,CM,NSE,STK,15151,INE925C01016,MADHAV,EQ,,,,,MADHAV MARBLE & GRANITE,35.35,36.90,35.05,35.51,35.51,35.38,,35.51,,,3330,117537.64,50,F1,1,,,,,
2026-08-20,2026-08-20,CM,NSE,STK,13668,INE378D01032,MADHUCON,BE,,,,,MADHUCON PROJECTS LTD.,5.19,5.40,5.17,5.26,5.25,5.19,,5.24,,,3805,19936.64,28,F1,1,,,,,
2026-08-20,2026-08-20,CM,NSE,STK,18738,INE0P6701019,MADHUSUDAN,ST,,,,,MADHUSUDAN MASALA LIMITED,227.00,228.00,221.10,223.25,222.55,223.65,,223.25,,,31000,6994750.00,20,F1,1000,,,,,
2026-08-20,2026-08-20,CM,NSE,STK,12686,INE900L01028,MBAPL,EQ,,,,,MADHYA BHARAT AGRO P. LTD,163.36,166.80,162.14,163.41,162.79,163.63,,163.41,,,307438,50517667.72,6086,F1,1,,,,,
2026-08-20,2026-08-20,CM,NSE,STK,4911,INE414A01015,MADRASFERT,EQ,,,,,MADRAS FERTILISERS LTD,65.00,66.44,64.80,65.04,64.80,65.36,,65.04,,,34217,2230993.45,421,F1,1,,,,,
2026-08-20,2026-08-20,CM,NSE,STK,762772,INE270B01035,MAFATIND,EQ,,,,,MAFATLAL INDUSTRIES LTD.,123.06,125.00,122.60,124.61,123.25,122.40,,124.61,,,23254,2881479.83,713,F1,1,,,,,
2026-08-20,2026-08-20,CM,NSE,STK,21392,INE347W01011,MAGADSUGAR,EQ,,,,,MAGADH SUGAR & ENERGY LTD,594.90,632.00,583.25,620.60,623.40,580.55,,620.56,,,275973,170061728.75,15500,F1,1,,,,,
2026-08-20,2026-08-20,CM,NSE,STK,29482,INE613C01026,MCLOUD,EQ,,,,,MAGELLANIC CLOUD LIMITED,29.89,30.34,29.23,29.57,29.62,29.72,,29.57,,,2470919,73489089.95,6690,F1,1,,,,,
2026-08-20,2026-08-20,CM,NSE,STK,14957,INE387I01016,MAGNUM,EQ,,,,,MAGNUM VENTURES LTD.,18.80,19.64,18.80,19.25,19.02,19.26,,19.25,,,13465,261562.83,102,F1,1,,,,,
2026-08-20,2026-08-20,CM,NSE,STK,5239,INE843B01013,MAHAPEXLTD,EQ,,,,,MAHA RASHTRA APEX COPR. L,57.75,59.48,56.25,58.59,59.00,57.08,,58.59,,,59030,3458312.56,532,F1,1,,,,,
2026-08-20,2026-08-20,CM,NSE,STK,24937,INE0US801024,MFML,EQ,,,,,MAHALAXMI FABRIC MILLS LT,18.56,19.90,18.20,19.66,19.80,18.55,,19.77,,,10167,196338.68,136,F1,1,,,,,
2026-08-20,2026-08-20,CM,NSE,STK,7889,INE112D01035,MHLXMIRU,BE,,,,,MAHALAXMI RUBTECH LIMITED,190.00,192.00,185.50,187.50,187.50,190.05,,187.65,,,6042,1137994.57,114,F1,1,,,,,
2026-08-20,2026-08-20,CM,NSE,STK,17531,INE451L01014,MAHASTEEL,BE,,,,,MAHAMAYA STEEL INDS LTD,1135.00,1150.00,1125.00,1144.80,1148.00,1140.70,,1144.68,,,31935,36166564.80,288,F1,1,,,,,
2026-08-20,2026-08-20,CM,NSE,STK,17534,INE002S01010,MGL,EQ,,,,,MAHANAGAR GAS LTD.,1140.00,1153.70,1130.00,1137.80,1136.00,1128.00,,1137.63,,,230805,263840340.30,10074,F1,1,,,,,
2026-08-20,2026-08-20,CM,NSE,STK,2294,INE153A01019,MTNL,EQ,,,,,MAHANAGAR TELEPHONE NIGAM,26.85,27.06,26.70,26.79,26.84,26.71,,26.79,,,392398,10549352.74,2003,F1,1,,,,,
2026-08-20,2026-08-20,CM,NSE,STK,2085,INE288A01013,MAHSCOOTER,EQ,,,,,MAHARASHTRA SCOOTERS LTD,13347.00,13404.00,13044.00,13138.00,13107.00,13347.00,,13136.40,,,2806,37086445.00,1159,F1,1,,,,,
2026-08-20,2026-08-20,CM,NSE,STK,2088,INE271B01025,MAHSEAMLES,EQ,,,,,MAHARASHTRA SEAMLESS LTD,617.20,618.60,608.20,610.60,613.00,613.90,,610.60,,,187917,114984462.20,10914,F1,1,,,,,
2026-08-20,2026-08-20,CM,NSE,STK,758688,INE632Q01018,MRIL,ST,,,,,MAHENDRA REALTO & INFRA L,65.95,66.15,63.25,63.25,63.25,63.00,,63.25,,,12800,836800.00,8,F1,1600,,,,,
2026-08-20,2026-08-20,CM,NSE,STK,9577,INE263W01010,MAHESHWARI,BE,,,,,MAHESHWARI LOGISTICS LTD.,71.02,74.19,71.02,73.02,73.02,72.40,,73.02,,,16749,1228013.99,48,F1,1,,,,,
2026-08-20,2026-08-20,CM,NSE,STK,2839,INE961Y01015,MAHICKRA,SM,,,,,MAHICKRA CHEMICAL LIMITED,256.00,273.95,255.00,258.35,257.00,259.65,,258.35,,,137250,35469300.00,18,F1,750,,,,,
2026-08-20,2026-08-20,CM,NSE,STK,2031,INE101A01026,M&M,EQ,,,,,MAHINDRA & MAHINDRA LTD,3424.00,3456.40,3401.00,3424.80,3424.80,3415.00,,3425.56,,,1279093,4394004213.50,63420,F1,1,,,,,
2026-08-20,2026-08-20,CM,NSE,STK,17603,INE215D01010,MAHEPC,EQ,,,,,MAHINDRA EPC IRRIG LTD,109.19,109.19,107.02,107.75,107.14,107.40,,107.75,,,14687,1590105.72,420,F1,1,,,,,
2026-08-20,2026-08-20,CM,NSE,STK,17333,INE998I01010,MHRIL,EQ,,,,,MAHINDRA HOLIDAYS LTD,220.00,223.08,212.65,221.05,222.00,219.48,,221.00,,,60451,13289116.50,2393,F1,1,,,,,
2026-08-20,2026-08-20,CM,NSE,STK,8050,INE813A01018,MAHLIFE,EQ,,,,,MAHINDRA LIFESPACE DEVLTD,373.70,380.85,372.20,377.20,376.40,373.70,,377.18,,,56452,21291102.40,3461,F1,1,,,,,
2026-08-20,2026-08-20,CM,NSE,STK,385,INE766P01016,MAHLOG,EQ,,,,,MAHINDRA LOGISTIC LIMITED,405.00,409.90,402.00,406.65,404.15,406.25,,406.65,,,93516,37988627.80,4366,F1,1,,,,,
2026-08-20,2026-08-20,CM,NSE,STK,24538,INE683C01011,MAITHANALL,EQ,,,,,MAITHAN ALLOYS LTD,994.00,994.20,975.00,978.00,976.00,989.25,,978.02,,,18187,17877534.90,1414,F1,1,,,,,
2026-08-20,2026-08-20,CM,NSE,STK,19809,INE0PLQ01011,MAITREYA,SM,,,,,MAITREYA MEDICARE LIMITED,118.50,118.50,118.50,118.50,118.50,111.00,,118.50,,,400,47400.00,1,F1,400,,,,,
2026-08-20,2026-08-20,CM,NSE,STK,762780,INE201B01022,MAJESAUT,BE,,,,,MAJESTIC AUTO LTD.,354.95,364.00,350.05,361.35,360.00,355.00,,361.33,,,3683,1333102.65,167,F1,1,,,,,
2026-08-20,2026-08-20,CM,NSE,STK,764773,INE987A01010,MAKERSL,EQ,,,,,MAKERS LABORATORIES LTD.,168.72,183.99,168.72,173.78,172.50,168.72,,173.96,,,6660,1178879.09,109,F1,1,,,,,
2026-08-20,2026-08-20,CM,NSE,STK,11218,INE0CDK01019,MAKS,SM,,,,,MAKS ENERGY SOL INDIA LTD,14.75,14.75,14.75,14.75,14.75,15.50,,14.75,,,1500,22125.00,1,F1,1500,,,,,
2026-08-20,2026-08-20,CM,NSE,STK,7965,INE389C01015,MALLCOM,EQ,,,,,MALLCOM (INDIA) LIMITED,964.30,980.90,962.25,975.25,973.00,964.65,,975.36,,,1831,1786940.25,188,F1,1,,,,,
2026-08-20,2026-08-20,CM,NSE,STK,13352,INE383H01017,MALUPAPER,EQ,,,,,MALU PAPER MILLS LIMITED,31.00,32.00,30.83,31.11,31.49,30.82,,31.11,,,6683,209727.66,65,F1,1,,,,,
2026-08-20,2026-08-20,CM,NSE,STK,28687,INE0TO701015,MAMATA,EQ,,,,,MAMATA MACHINERY LIMITED,403.95,410.00,403.00,405.50,405.00,401.45,,405.44,,,28082,11378869.75,1066,F1,1,,,,,
2026-08-20,2026-08-20,CM,NSE,STK,7413,INE830Q01018,MANAKCOAT,EQ,,,,,MAN COAT METAL & IND LTD,126.50,129.00,123.31,126.91,126.05,124.74,,126.91,,,406006,51488789.77,4962,F1,1,,,,,
2026-08-20,2026-08-20,CM,NSE,STK,11884,INE993A01026,MANINDS,EQ,,,,,MAN INDUSTRIES (I) LTD.,646.00,699.00,643.00,676.90,679.25,643.05,,676.95,,,1829823,1248913127.15,54482,F1,1,,,,,
2026-08-20,2026-08-20,CM,NSE,STK,18226,INE949H01023,MANINFRA,EQ,,,,,MAN INFRA LTD,110.59,111.11,108.51,110.29,110.00,109.99,,110.28,,,1279267,140815398.23,9292,F1,1,,,,,
2026-08-20,2026-08-20,CM,NSE,STK,7420,INE859Q01017,MANAKALUCO,EQ,,,,,MANAK ALUMINIUM CO. LTD.,38.20,38.80,37.00,37.19,37.35,37.72,,37.19,,,51147,1928683.93,1009,F1,1,,,,,
2026-08-20,2026-08-20,CM,NSE,STK,15199,INE015D01022,MANAKSIA,EQ,,,,,MANAKSIA LTD.,59.49,59.50,58.21,58.70,58.60,58.72,,58.70,,,12630,741401.29,198,F1,1,,,,,
2026-08-20,2026-08-20,CM,NSE,STK,7463,INE824Q01011,MANAKSTEEL,EQ,,,,,MANAKSIA STEELS LTD,87.80,87.80,85.01,85.16,85.05,85.55,,85.16,,,24353,2084656.58,309,F1,1,,,,,
2026-08-20,2026-08-20,CM,NSE,STK,13796,INE201A01024,MANALIPETC,EQ,,,,,MANALI PETROCHEMICALS LT,74.18,78.50,72.92,77.73,77.75,72.80,,77.74,,,4389603,334111509.60,24738,F1,1,,,,,
2026-08-20,2026-08-20,CM,NSE,STK,19061,INE522D01027,MANAPPURAM,EQ,,,,,MANAPPURAM FINANCE LTD,346.05,351.60,345.00,349.25,349.25,340.00,,349.24,,,8327416,2896640155.35,62130,F1,1,,,,,
2026-08-20,2026-08-20,CM,NSE,STK,21697,INE104Y01012,MANAV,SM,,,,,MANAV INFRA PROJECTS LTD,27.00,28.85,27.00,28.40,28.85,28.20,,28.40,,,20000,562200.00,4,F1,4000,,,,,
2026-08-20,2026-08-20,CM,NSE,STK,25597,INE939X01013,MANBA,EQ,,,,,MANBA FINANCE LIMITED,129.22,132.91,129.00,130.52,131.98,129.86,,130.52,,,65202,8525199.29,1111,F1,1,,,,,
2026-08-20,2026-08-20,CM,NSE,STK,765105,INE348N01042,MANBRO,EQ,,,,,MANBRO INDUSTRIES LTD.,58.40,59.90,56.21,59.37,59.31,58.41,,59.44,,,174240,10201799.39,777,F1,1,,,,,
2026-08-20,2026-08-20,CM,NSE,STK,23779,INE0R3T01013,MANDEEP,SM,,,,,MANDEEP AUTO INDUSTRIES L,17.90,17.90,17.85,17.85,17.85,18.75,,17.85,,,14000,250000.00,7,F1,2000,,,,,
2026-08-20,2026-08-20,CM,NSE,STK,24823,INE545L01039,MANCREDIT,EQ,,,,,MANGAL CREDIT N FINCORP L,228.62,232.50,222.09,224.55,225.00,222.03,,224.56,,,201867,45526582.18,1914,F1,1,,,,,
2026-08-20,2026-08-20,CM,NSE,STK,758748,INE0PKD01011,MEIL,EQ,,,,,MANGAL ELECTRICAL IND L,271.75,272.15,262.50,263.10,262.50,266.40,,263.22,,,29223,7789053.50,1265,F1,1,,,,,
2026-08-20,2026-08-20,CM,NSE,STK,19134,INE00C401011,MAL,SM,,,,,MANGALAM ALLOYS LIMITED,31.00,33.00,30.95,32.00,32.00,31.20,,32.00,,,104000,3288160.00,48,F1,1600,,,,,
2026-08-20,2026-08-20,CM,NSE,STK,2106,INE347A01017,MANGLMCEM,EQ,,,,,MANGALAM CEMENT LTD,903.70,1018.90,903.70,981.85,991.20,894.80,,981.86,,,2731231,2697566018.20,89622,F1,1,,,,,
2026-08-20,2026-08-20,CM,NSE,STK,11817,INE584F01014,MANGALAM,EQ,,,,,MANGALAM DRUG & CHEM LTD,27.69,27.97,26.65,26.95,26.87,26.94,,26.92,,,17065,461901.71,235,F1,1,,,,,
2026-08-20,2026-08-20,CM,NSE,STK,1598,INE0APB01032,MGEL,BE,,,,,MANGALAM GLOBAL ENT LTD,14.65,15.10,14.16,14.97,14.98,14.80,,14.97,,,113476,1683543.43,163,F1,1,,,,,
2026-08-20,2026-08-20,CM,NSE,STK,6422,INE370D01013,MANORG,EQ,,,,,MANGALAM ORGANICS LIMITED,444.90,462.00,444.65,460.35,462.00,440.35,,460.34,,,5384,2438276.45,268,F1,1,,,,,
2026-08-20,2026-08-20,CM,NSE,STK,764783,INE829S01016,MSL,EQ,,,,,MANGALAM SEEDS LTD.,144.00,144.00,144.00,144.00,144.00,144.90,,146.00,,,1,144.00,1,F1,1,,,,,
2026-08-20,2026-08-20,CM,NSE,STK,759169,INE0JYY01029,MWL,EQ,,,,,MANGALAM WORLDWIDE LTD,42.00,42.00,41.01,41.17,41.05,41.25,,41.17,,,73479,3024161.93,567,F1,1,,,,,
2026-08-20,2026-08-20,CM,NSE,STK,24629,INE0R3101011,MIEL,SM,,,,,MANGLAM INFRA & ENG LTD,12.40,13.00,12.40,12.70,13.00,12.95,,12.70,,,4000,50800.00,2,F1,2000,,,,,
2026-08-20,2026-08-20,CM,NSE,STK,764357,INE459N01021,MANIPALHOS,EQ,,,,,MANIPAL HEALTH ENTERPRI L,754.00,757.70,719.00,724.35,725.85,744.80,,724.44,,,1425175,1052319241.80,30720,F1,1,,,,,
2026-08-20,2026-08-20,CM,NSE,STK,15380,INE634S01028,MANKIND,EQ,,,,,MANKIND PHARMA LIMITED,2413.00,2413.00,2373.40,2385.00,2385.00,2394.00,,2385.00,,,307625,737040568.20,14222,F1,1,,,,,
2026-08-20,2026-08-20,CM,NSE,STK,19015,INE0KNT01012,MVGJL,EQ,,,,,MANOJ VAIBHAV GEM N JEW L,148.25,151.06,146.15,146.84,146.55,148.21,,146.89,,,60047,8893503.69,1607,F1,1,,,,,
2026-08-20,2026-08-20,CM,NSE,STK,13753,INE784W01015,MANOMAY,EQ,,,,,MANOMAY TEX INDIA LTD,218.27,218.30,207.02,211.44,213.95,214.11,,211.38,,,109296,23290671.39,2946,F1,1,,,,,
2026-08-20,2026-08-20,CM,NSE,STK,10227,INE00VM01036,MANORAMA,EQ,,,,,MANORAMA INDUSTRIES LTD,1935.00,1974.90,1911.10,1958.70,1950.20,1935.00,,1958.66,,,433399,844817616.40,26206,F1,1,,,,,
2026-08-20,2026-08-20,CM,NSE,STK,13575,INE867A01022,MANUGRAPH,BE,,,,,MANUGRAPH INDIA LIMITED,16.00,16.50,15.50,15.70,15.59,15.81,,15.70,,,9217,145466.99,94,F1,1,,,,,
2026-08-20,2026-08-20,CM,NSE,STK,2112,INE882A01013,MARALOVER,EQ,,,,,MARAL OVERSEAS LTD,53.27,56.80,52.21,55.37,55.00,52.02,,55.37,,,71644,3933981.77,612,F1,1,,,,,
2026-08-20,2026-08-20,CM,NSE,STK,18659,INE182D01020,MARATHON,EQ,,,,,MARATHON NXTGEN REALT LTD,359.65,365.00,352.10,354.60,352.15,359.30,,354.60,,,90486,32550227.95,2348,F1,1,,,,,
2026-08-20,2026-08-20,CM,NSE,STK,760453,INE0TD401015,MARC,SM,,,,,MARC TECHNOCRATS LIMITED,127.00,142.95,127.00,136.45,139.95,127.00,,136.45,,,63600,8654460.00,50,F1,1200,,,,,
2026-08-20,2026-08-20,CM,NSE,STK,18773,INE0QP001012,MARCO,SM,,,,,MARCO CABLE & CONDUCTOR L,31.50,31.50,30.00,31.50,31.50,31.90,,31.50,,,7500,229500.00,5,F1,1500,,,,,
2026-08-20,2026-08-20,CM,NSE,STK,4067,INE196A01026,MARICO,EQ,,,,,MARICO LIMITED,859.00,861.00,849.80,858.35,858.35,850.00,,858.34,,,970867,829689303.35,26862,F1,1,,,,,
2026-08-20,2026-08-20,CM,NSE,STK,1328,INE01JE01028,MARINE,EQ,,,,,MARINE ELECTRICAL (I) LTD,376.45,395.00,370.50,373.25,372.80,371.45,,373.25,,,1145153,438005238.25,30381,F1,1,,,,,
2026-08-20,2026-08-20,CM,NSE,STK,760204,INE0FW001016,MARKOLINES,EQ,,,,,MARKOLINES PAVEMENT TEC L,172.85,174.75,170.90,171.93,171.55,172.85,,171.93,,,74698,12914643.13,864,F1,1,,,,,
2026-08-20,2026-08-20,CM,NSE,STK,10579,INE750C01026,MARKSANS,EQ,,,,,MARKSANS PHARMA LIMITED,328.50,328.55,318.50,320.85,320.50,327.00,,320.84,,,1960211,633184245.90,29066,F1,1,,,,,
2026-08-20,2026-08-20,CM,NSE,STK,761386,INE415B01044,MARSONS,EQ,,,,,MARSONS LIMITED,109.30,113.40,107.55,112.15,112.65,108.37,,112.18,,,5140606,564480533.95,21864,F1,1,,,,,
2026-08-20,2026-08-20,CM,NSE,STK,10999,INE585B01010,MARUTI,EQ,,,,,MARUTI SUZUKI INDIA LTD.,13758.00,13826.00,13681.00,13809.00,13809.00,13690.00,,13807.83,,,186272,2565994022.00,29837,F1,1,,,,,
2026-08-20,2026-08-20,CM,NSE,STK,2133,INE575Z01010,MDL,ST,,,,,MARVEL DECOR LIMITED,53.70,53.70,53.70,53.70,53.70,56.50,,53.70,,,2000,107400.00,2,F1,1000,,,,,
2026-08-20,2026-08-20,CM,NSE,STK,199,INE348L01012,MASFIN,EQ,,,,,MAS FINANCIAL SERV LTD,300.00,301.95,299.90,300.25,300.05,300.45,,300.25,,,105580,31726000.65,6891,F1,1,,,,,
2026-08-20,2026-08-20,CM,NSE,STK,18727,INE885F01015,MASKINVEST,EQ,,,,,MASK INVESTMENTS LIMITED,146.66,146.66,146.66,146.66,146.66,146.66,,146.66,,,2,293.32,2,F1,1,,,,,
2026-08-20,2026-08-20,CM,NSE,STK,24278,INE0SH001010,MASON,SM,,,,,MASON INFRATECH LIMITED,120.00,122.00,116.55,117.65,116.55,119.70,,117.65,,,127500,15479700.00,28,F1,500,,,,,
2026-08-20,2026-08-20,CM,NSE,STK,2124,INE759A01021,MASTEK,EQ,,,,,MASTEK LTD,1726.90,1760.50,1690.00,1693.50,1703.90,1716.80,,1693.50,,,102319,176654333.40,17685,F1,1,,,,,
2026-08-20,2026-08-20,CM,NSE,STK,19011,INE0OJM01017,MASTER,SM,,,,,MASTER COMPONENTS LIMITED,465.00,465.00,465.00,465.00,465.00,465.00,,465.00,,,500,232500.00,1,F1,500,,,,,
2026-08-20,2026-08-20,CM,NSE,STK,27047,INE677D01037,MASTERTR,EQ,,,,,MASTER TRUST LIMITED,79.40,79.45,77.37,78.00,78.51,78.92,,78.00,,,149956,11755272.26,795,F1,1,,,,,
2026-08-20,2026-08-20,CM,NSE,STK,21726,INE866R01028,MATRIMONY,EQ,,,,,MATRIMONY.COM LIMITED,553.25,561.95,551.35,558.20,558.00,552.35,,558.05,,,32581,18101553.65,824,F1,1,,,,,
2026-08-20,2026-08-20,CM,NSE,STK,759945,INE132901013,MGSL,SM,,,,,MATRIX GEO SOLUTIONS LTD,78.00,97.00,78.00,92.00,92.00,81.40,,92.00,,,52800,4795620.00,38,F1,1200,,,,,
2026-08-20,2026-08-20,CM,NSE,STK,17022,INE636A01039,MAWANASUG,EQ,,,,,MAWANA SUGARS LIMITED,130.99,143.15,129.30,140.10,140.90,128.72,,140.13,,,1919177,265924131.31,22962,F1,1,,,,,
2026-08-20,2026-08-20,CM,NSE,STK,19646,INE03EI01018,MAXESTATES,EQ,,,,,MAX ESTATES LIMITED,504.95,505.00,491.10,499.85,503.00,490.15,,499.84,,,199846,99725804.55,8824,F1,1,,,,,
2026-08-20,2026-08-20,CM,NSE,STK,2142,INE180A01020,MFSL,EQ,,,,,MAX FINANCIAL SERV LTD,1550.10,1585.30,1550.10,1575.00,1575.00,1546.10,,1575.00,,,434782,684520417.70,24011,F1,1,,,,,
2026-08-20,2026-08-20,CM,NSE,STK,22377,INE027H01010,MAXHEALTH,EQ,,,,,MAX HEALTHCARE INS LTD,998.00,1001.80,987.70,997.90,997.90,997.00,,997.90,,,1658842,1650798162.60,42797,F1,1,,,,,
2026-08-20,2026-08-20,CM,NSE,STK,22428,INE0CG601016,MAXIND,EQ,,,,,MAX INDIA LIMITED,150.99,152.44,149.00,152.11,152.00,148.46,,152.11,,,115269,17453733.30,2267,F1,1,,,,,
2026-08-20,2026-08-20,CM,NSE,STK,21691,INE0ECC01022,MAXPOSURE,SM,,,,,MAXPOSURE LIMITED,31.10,31.10,31.10,31.10,31.10,31.85,,31.10,,,1000,31100.00,1,F1,1000,,,,,
2026-08-20,2026-08-20,CM,NSE,STK,29645,INE10A501018,MAXVOLT,SM,,,,,MAXVOLT ENERGY INDUS L,337.90,344.90,335.60,336.45,336.00,337.90,,336.45,,,16400,5547300.00,37,F1,400,,,,,
2026-08-20,2026-08-20,CM,NSE,STK,28906,INE040D01038,MAYURUNIQ,EQ,,,,,MAYUR UNIQUOTERS LTD,761.95,801.65,760.00,776.05,773.10,758.15,,776.25,,,183467,144180631.15,10315,F1,1,,,,,
2026-08-20,2026-08-20,CM,NSE,STK,509,INE249Z01020,MAZDOCK,EQ,,,,,MAZAGON DOCK SHIPBUIL LTD,2567.50,2583.20,2552.00,2570.00,2570.00,2563.80,,2569.91,,,467904,1202267152.90,23714,F1,1,,,,,
2026-08-20,2026-08-20,CM,NSE,STK,18870,INE885E01042,MAZDA,BE,,,,,MAZDA LIMITED,238.00,240.00,232.69,235.09,233.60,237.47,,235.42,,,9824,2319261.39,236,F1,1,,,,,
2026-08-20,2026-08-20,CM,NSE,STK,18029,INE912H01013,MBLINFRA,EQ,,,,,MBL INFRASTRUCTURE LTD,24.50,24.81,24.01,24.01,24.34,24.28,,24.03,,,24289,588424.60,304,F1,1,,,,,
2026-08-20,2026-08-20,CM,NSE,STK,11943,INE942G01012,MCLEODRUSS,EQ,,,,,MCLEOD RUSSEL INDIA LTD.,49.95,49.95,47.10,49.95,49.95,47.58,,49.99,,,657587,32048417.52,2947,F1,1,,,,,
2026-08-20,2026-08-20,CM,NSE,STK,21705,INE456Z01021,MEDIASSIST,EQ,,,,,MEDI ASSIST HEALTH SER L,351.50,359.95,348.55,355.90,355.50,349.80,,355.90,,,166900,59031249.20,5834,F1,1,,,,,
2026-08-20,2026-08-20,CM,NSE,STK,765110,INE442D01010,MEDICAPQ,EQ,,,,,MEDI CAPS LTD.,25.40,27.49,23.75,25.28,26.88,23.56,,25.27,,,7427,189169.01,67,F1,1,,,,,
2026-08-20,2026-08-20,CM,NSE,STK,762802,INE200D01020,MMWL,EQ,,,,,MEDIA MATRIX WORLDWIDE L,14.44,14.69,14.00,14.05,14.24,14.37,,14.05,,,21062,297220.79,308,F1,1,,,,,
2026-08-20,2026-08-20,CM,NSE,STK,6278,INE646B01010,MEDICAMEQ,EQ,,,,,MEDICAMEN BIOTECH LIMITED,229.87,244.40,227.61,243.75,244.00,228.73,,243.85,,,49191,11749947.58,1381,F1,1,,,,,
2026-08-20,2026-08-20,CM,NSE,STK,9667,INE630Y01024,MEDICO,EQ,,,,,MEDICO REMEDIES LIMITED,43.21,43.21,41.55,42.07,41.75,42.67,,42.07,,,99564,4217760.90,1125,F1,1,,,,,
2026-08-20,2026-08-20,CM,NSE,STK,758423,INE0UOY01019,MEDISTEP,SM,,,,,MEDISTEP HEALTHCARE LTD,19.00,19.00,18.55,18.55,18.55,18.85,,18.55,,,6000,112650.00,2,F1,3000,,,,,
2026-08-20,2026-08-20,CM,NSE,STK,7254,INE804L01022,MEDPLUS,EQ,,,,,MEDPLUS HEALTH SERV LTD,650.00,663.00,648.00,656.30,661.00,649.30,,656.31,,,1206024,787083644.75,18389,F1,1,,,,,
2026-08-20,2026-08-20,CM,NSE,STK,760229,INE0VDM01015,MEESHO,EQ,,,,,MEESHO LIMITED,197.07,210.00,195.58,209.51,209.98,196.88,,209.50,,,34035188,6984736045.80,216589,F1,1,,,,,
2026-08-20,2026-08-20,CM,NSE,STK,10971,INE0G1D01014,MEGAFLEX,SM,,,,,MEGA FLEX PLASTICS LTD,95.00,95.00,95.00,95.00,95.00,99.75,,95.00,,,1000,95000.00,1,F1,1000,,,,,
2026-08-20,2026-08-20,CM,NSE,STK,8153,INE00EM01016,MEGASTAR,EQ,,,,,MEGASTAR FOODS LIMITED,300.00,316.80,300.00,312.40,311.00,308.45,,312.40,,,2912,912317.45,111,F1,1,,,,,
2026-08-20,2026-08-20,CM,NSE,STK,22560,INE531R01010,MEGATHERM,SM,,,,,MEGATHERM INDUCTION LTD,194.50,204.35,191.85,202.15,202.00,190.40,,202.15,,,21200,4189780.00,48,F1,400,,,,,
2026-08-20,2026-08-20,CM,NSE,STK,5394,INE0CT101020,MOL,EQ,,,,,MEGHMANI ORGANICS LIMITED,62.14,62.85,61.26,61.43,61.40,61.87,,61.43,,,785132,48652669.59,3865,F1,1,,,,,
2026-08-20,2026-08-20,CM,NSE,STK,764778,INE898Q01015,MIIL,EQ,,,,,MEGHNA INFRACON INFRA L,709.20,713.95,687.40,704.95,712.50,701.05,,705.42,,,59632,41961446.70,1206,F1,1,,,,,
2026-08-20,2026-08-20,CM,NSE,STK,6971,INE071D01033,MENONBE,BE,,,,,MENON BEARINGS LIMITED,277.45,279.16,253.21,279.15,279.16,265.87,,280.17,,,187898,51551395.10,1744,F1,1,,,,,
2026-08-20,2026-08-20,CM,NSE,STK,762787,INE650G01029,MENNPIS,EQ,,,,,MENON PISTONS LTD.,71.97,72.80,71.41,71.73,71.55,71.61,,71.72,,,52070,3753558.71,838,F1,1,,,,,
2026-08-20,2026-08-20,CM,NSE,STK,25882,INE776I01010,MEP,BZ,,,,,MEP INFRA. DEVELOPERS LTD,0.66,0.66,0.66,0.66,0.66,0.65,,0.66,,,74217,48983.22,16,F1,1,,,,,
2026-08-20,2026-08-20,CM,NSE,STK,762792,INE689O01013,MERCANTILE,EQ,,,,,MERCANTILE VENTURES LTD.,24.50,24.73,24.00,24.49,24.50,24.37,,24.49,,,890,21432.74,10,F1,1,,,,,
2026-08-20,2026-08-20,CM,NSE,STK,763663,INE763M01028,MERCURYEV,EQ,,,,,MERCURY EV-TECH LIMITED,37.99,41.39,37.61,39.47,39.17,37.63,,39.49,,,638614,25617189.11,3587,F1,1,,,,,
2026-08-20,2026-08-20,CM,NSE,STK,764275,INE1II801013,METALIC,SM,,,,,METALIC TECHNOFORGE LTD,133.40,152.50,131.55,151.50,151.70,127.10,,151.50,,,633600,91806480.00,372,F1,1600,,,,,
2026-08-20,2026-08-20,CM,NSE,STK,7242,INE317I01021,METROBRAND,EQ,,,,,METRO BRANDS LIMITED,925.00,932.30,912.00,914.30,912.60,924.70,,914.35,,,15690,14432362.40,3288,F1,1,,,,,
2026-08-20,2026-08-20,CM,NSE,STK,762797,INE085D01033,METROGLOBL,EQ,,,,,METROGLOBAL LTD.,141.00,147.00,138.40,145.41,146.99,142.27,,145.40,,,2368,339768.48,187,F1,1,,,,,
2026-08-20,2026-08-20,CM,NSE,STK,9581,INE112L01020,METROPOLIS,EQ,,,,,METROPOLIS HEALTHCARE LTD,554.90,554.90,536.60,540.80,541.00,555.00,,540.80,,,597186,323963562.70,28395,F1,1,,,,,
2026-08-20,2026-08-20,CM,NSE,STK,7165,INE287C01037,MICEL,BE,,,,,MIC ELECTRONICS LTD,35.30,36.01,35.30,35.65,35.88,35.92,,35.65,,,170150,6074667.68,1011,F1,1,,,,,
2026-08-20,2026-08-20,CM,NSE,STK,759517,INE0XAD01024,MIDWESTLTD,EQ,,,,,MIDWEST LIMITED,1162.10,1165.90,1140.00,1154.00,1152.00,1150.00,,1153.84,,,17776,20526642.40,1060,F1,1,,,,,
2026-08-20,2026-08-20,CM,NSE,STK,765125,INE588G01021,MLKFOOD,EQ,,,,,MILKFOOD LTD.,78.10,91.90,78.10,87.01,85.00,80.10,,86.72,,,22749,1942114.99,349,F1,1,,,,,
2026-08-20,2026-08-20,CM,NSE,STK,765272,INE00IT01020,MILKYMIST,EQ,,,,,MILKY MIST DAIRY FOOD L,207.80,211.80,181.50,184.89,186.11,199.65,,184.84,,,56542171,11110795151.04,389104,F1,1,,,,,
2026-08-20,2026-08-20,CM,NSE,STK,765115,INE097E01028,MINALIND,EQ,,,,,MINAL INDUSTRIES LTD.,2.24,2.65,2.23,2.65,2.65,2.21,,2.65,,,312753,794264.91,356,F1,1,,,,,
2026-08-20,2026-08-20,CM,NSE,STK,25897,INE842C01021,MINDACORP,EQ,,,,,MINDA CORPORATION LTD,742.50,756.60,740.00,743.30,740.85,738.90,,743.26,,,554064,414128947.25,33070,F1,1,,,,,
2026-08-20,2026-08-20,CM,NSE,STK,22308,INE0CCU25019,MINDSPACE,RR,,,,,MINDSPACE BUSINESS P REIT,499.00,499.80,497.05,497.96,497.91,497.25,,497.97,,,37765,18815045.34,2516,F1,1,,,,,
2026-08-20,2026-08-20,CM,NSE,STK,18049,INE110B01017,MINDTECK,EQ,,,,,MINDTECK (INDIA) LIMITED,173.09,176.98,172.00,174.14,172.00,171.82,,174.14,,,21560,3767329.14,747,F1,1,,,,,
2026-08-20,2026-08-20,CM,NSE,STK,19640,INF769K01KU7,ALPHAETF,EQ,,,,,MIRAEAMC - ALPHAETF,25.78,26.74,25.78,26.57,26.57,26.45,,26.57,,,773262,20601874.81,728,F1,1,,,,,
2026-08-20,2026-08-20,CM,NSE,STK,17419,INF769K01KR3,BANKETF,EQ,,,,,MIRAEAMC - BANKETF,586.72,589.00,585.75,586.64,587.00,583.92,,586.65,,,14357,8438437.55,993,F1,1,,,,,
2026-08-20,2026-08-20,CM,NSE,STK,25725,INF769K01LZ4,BANKPSU,EQ,,,,,MIRAEAMC - BANKPSU,87.19,87.51,86.86,86.86,86.86,86.76,,86.85,,,14336,1248070.67,68,F1,1,,,,,
2026-08-20,2026-08-20,CM,NSE,STK,28969,INF769K01NS5,CONSUMER,EQ,,,,,MIRAEAMC - CONSUMER,12.29,12.35,12.26,12.31,12.30,12.21,,12.31,,,347721,4283020.10,263,F1,1,,,,,
2026-08-20,2026-08-20,CM,NSE,STK,761046,INF769K01QC2,DEFENCE,EQ,,,,,MIRAEAMC - DEFENCE,84.02,84.02,82.10,82.31,82.20,82.37,,82.31,,,326101,26856101.05,749,F1,1,,,,,
2026-08-20,2026-08-20,CM,NSE,STK,760412,INF769K01PY8,DIVIDEND,EQ,,,,,MIRAEAMC - DIVIDEND,35.69,35.75,35.61,35.68,35.70,35.53,,35.68,,,2004,71514.19,46,F1,1,,,,,
2026-08-20,2026-08-20,CM,NSE,STK,759780,INF769K01PR2,ENERGY,EQ,,,,,MIRAEAMC - ENERGY,38.42,38.56,38.18,38.35,38.44,38.32,,38.35,,,463853,17841478.35,982,F1,1,,,,,
2026-08-20,2026-08-20,CM,NSE,STK,30121,INF769K01OA1,EQUAL200,EQ,,,,,MIRAEAMC - EQUAL200,13.71,14.04,13.71,13.99,14.02,13.91,,14.00,,,17015,238032.73,53,F1,1,,,,,
2026-08-20,2026-08-20,CM,NSE,STK,757142,INF769K01OO2,EQUAL50,EQ,,,,,MIRAEAMC - EQUAL50,333.86,335.25,333.84,333.96,333.96,332.71,,333.96,,,670,224015.82,26,F1,1,,,,,
2026-08-20,2026-08-20,CM,NSE,STK,24461,INF769K01LQ3,EVINDIA,EQ,,,,,MIRAEAMC - EVINDIA,34.23,34.23,33.88,33.91,33.97,33.89,,33.91,,,128752,4379328.20,1478,F1,1,,,,,
2026-08-20,2026-08-20,CM,NSE,STK,760986,INF769K01QA6,HEALTHCARE,EQ,,,,,MIRAEAMC - HEALTHCARE,21.58,21.58,21.49,21.51,21.54,21.47,,21.52,,,15262,328684.47,143,F1,1,,,,,
2026-08-20,2026-08-20,CM,NSE,STK,764333,INF769K01RJ5,HYBRIDETF,EQ,,,,,MIRAEAMC - HYBRIDETF,10.13,10.13,10.07,10.11,10.11,10.06,,10.11,,,5253,53095.09,28,F1,1,,,,,
2026-08-20,2026-08-20,CM,NSE,STK,761030,INF769K01QB4,INFRA,EQ,,,,,MIRAEAMC - INFRA,12.20,12.20,12.13,12.16,12.17,12.11,,12.16,,,24065,292724.07,117,F1,1,,,,,
2026-08-20,2026-08-20,CM,NSE,STK,758595,INF769K01PB6,INTERNET,EQ,,,,,MIRAEAMC - INTERNET,14.15,14.55,14.15,14.51,14.48,14.32,,14.51,,,114609,1659139.65,198,F1,1,,,,,
2026-08-20,2026-08-20,CM,NSE,STK,19633,INF769K01KV5,ITETF,EQ,,,,,MIRAEAMC - ITETF,32.69,32.80,32.48,32.52,32.57,32.18,,32.49,,,185760,6063005.08,464,F1,1,,,,,
2026-08-20,2026-08-20,CM,NSE,STK,765313,INF769K01RK3,LARGEMID50,EQ,,,,,MIRAEAMC - LARGEMID50,36.88,38.00,36.82,36.90,36.88,36.70,,36.90,,,1363,50292.57,35,F1,1,,,,,
2026-08-20,2026-08-20,CM,NSE,STK,17572,INF769K01KS1,LIQUID,EQ,,,,,MIRAEAMC - LIQUID,999.99,1000.00,999.99,999.99,1000.00,999.99,,1000.00,,,23902,23901857.17,117,F1,1,,,,,
2026-08-20,2026-08-20,CM,NSE,STK,27075,INF769K01MY5,LIQUIDPLUS,EQ,,,,,MIRAEAMC - LIQUIDPLUS,1099.63,1099.82,1099.63,1099.63,1099.63,1099.49,,1099.63,,,1035486,1138670346.44,389,F1,1,,,,,
2026-08-20,2026-08-20,CM,NSE,STK,1200,INF769K01GS9,ESG,EQ,,,,,MIRAEAMC - MAESGETF,41.78,41.84,41.69,41.80,41.81,41.53,,41.80,,,25425,1061458.43,49,F1,1,,,,,
2026-08-20,2026-08-20,CM,NSE,STK,3507,INF769K01HF4,MAFANG,EQ,,,,,MIRAEAMC - MAFANG,205.40,205.40,205.40,205.40,205.40,207.48,,205.40,,,51808,10641363.20,382,F1,1,,,,,
2026-08-20,2026-08-20,CM,NSE,STK,5220,INF769K01HI8,BFSI,EQ,,,,,MIRAEAMC - MAFSETF,27.07,27.35,27.07,27.24,27.26,27.08,,27.24,,,397612,10848318.73,681,F1,1,,,,,
2026-08-20,2026-08-20,CM,NSE,STK,14286,INF769K01JP9,GOLDETF,EQ,,,,,MIRAEAMC - MAGOLDETF,148.01,152.00,148.01,151.29,151.20,148.06,,151.29,,,2355890,356618942.16,5461,F1,1,,,,,
2026-08-20,2026-08-20,CM,NSE,STK,14938,INF769K01KF8,GSEC10YEAR,EQ,,,,,MIRAEAMC - MAGS813ETF,30.64,30.69,30.40,30.45,30.45,30.64,,30.45,,,1266,38793.89,17,F1,1,,,,,
2026-08-20,2026-08-20,CM,NSE,STK,7074,INF769K01HS7,MAHKTECH,EQ,,,,,MIRAEAMC - MAHKTECH,23.32,23.32,23.11,23.22,23.20,23.19,,23.22,,,1412491,32834114.85,4280,F1,1,,,,,
2026-08-20,2026-08-20,CM,NSE,STK,8413,INF769K01IC9,MIDCAPETF,EQ,,,,,MIRAEAMC - MAM150ETF,23.86,24.15,23.86,23.95,23.96,23.81,,23.95,,,1934001,46409618.63,3934,F1,1,,,,,
2026-08-20,2026-08-20,CM,NSE,STK,7979,INF769K01IB1,MAKEINDIA,EQ,,,,,MIRAEAMC - MAMFGETF,168.76,168.76,167.78,167.92,167.78,167.71,,167.92,,,29781,5010580.02,356,F1,1,,,,,
2026-08-20,2026-08-20,CM,NSE,STK,6353,INF769K01EG9,NIFTYETF,EQ,,,,,MIRAEAMC - MAN50ETF,263.19,264.39,263.19,264.01,263.96,262.19,,264.01,,,355259,93749365.54,1181,F1,1,,,,,
2026-08-20,2026-08-20,CM,NSE,STK,14786,INF769K01JU9,LOWVOL,EQ,,,,,MIRAEAMC - MANV30F,208.53,208.90,207.43,208.53,208.53,207.71,,208.53,,,25008,5206958.48,17,F1,1,,,,,
2026-08-20,2026-08-20,CM,NSE,STK,17181,INF769K01FN2,NEXT50,EQ,,,,,MIRAEAMC - MANXT50,767.39,768.70,764.76,765.81,764.76,762.25,,766.04,,,14645,11240221.75,484,F1,1,,,,,
2026-08-20,2026-08-20,CM,NSE,STK,16777,INF769K01KG6,SILVERAG,EQ,,,,,MIRAEAMC - MASILVER,226.90,230.50,226.90,229.65,229.21,220.56,,229.65,,,501135,115138171.51,3144,F1,1,,,,,
2026-08-20,2026-08-20,CM,NSE,STK,5782,INF769K01HP3,MASPTOP50,EQ,,,,,MIRAEAMC - MASPTOP50,80.28,80.28,80.28,80.28,80.28,80.83,,80.28,,,60390,4848109.20,167,F1,1,,,,,
2026-08-20,2026-08-20,CM,NSE,STK,25744,INF769K01LY7,METAL,EQ,,,,,MIRAEAMC - METAL,13.36,13.36,13.12,13.15,13.16,13.13,,13.15,,,1532845,20222914.20,3044,F1,1,,,,,
2026-08-20,2026-08-20,CM,NSE,STK,23855,INF769K01LJ8,MIDSMALL,EQ,,,,,MIRAEAMC - MIDSMALL,52.25,52.46,52.06,52.18,52.21,51.85,,52.18,,,492894,25798022.34,2102,F1,1,,,,,
2026-08-20,2026-08-20,CM,NSE,STK,764198,INF769K01RC0,MOMMIDCAP,EQ,,,,,MIRAEAMC - MOMMIDCAP,13.06,13.09,13.02,13.03,13.03,12.95,,13.03,,,992507,12956380.72,276,F1,1,,,,,
2026-08-20,2026-08-20,CM,NSE,STK,25080,INF769K01LX9,MULTICAP,EQ,,,,,MIRAEAMC - MULTICAP,16.87,16.93,16.86,16.89,16.89,16.76,,16.89,,,118559,2003911.12,479,F1,1,,,,,
2026-08-20,2026-08-20,CM,NSE,STK,30109,INF769K01ON4,SELECTIPO,EQ,,,,,MIRAEAMC - SELECTIPO,48.40,49.01,48.40,48.80,48.80,48.32,,48.80,,,14787,722016.85,110,F1,1,,,,,
2026-08-20,2026-08-20,CM,NSE,STK,19224,INF769K01KT9,SENSEXETF,EQ,,,,,MIRAEAMC - SENSEXETF,79.00,80.20,77.92,80.06,79.89,79.51,,80.06,,,11340,907124.54,181,F1,1,,,,,
2026-08-20,2026-08-20,CM,NSE,STK,759814,INF769K01PQ4,SMALL250,EQ,,,,,MIRAEAMC - SMALL250,18.44,18.47,18.37,18.39,18.42,18.31,,18.40,,,233322,4300952.39,574,F1,1,,,,,
2026-08-20,2026-08-20,CM,NSE,STK,22832,INF769K01LC3,SMALLCAP,EQ,,,,,MIRAEAMC - SMALLCAP,48.54,48.90,48.49,48.61,48.49,48.54,,48.61,,,1198591,58453977.32,2391,F1,1,,,,,
2026-08-20,2026-08-20,CM,NSE,STK,760415,INF769K01PZ5,TOP20,EQ,,,,,MIRAEAMC - TOP20,9.01,9.04,9.00,9.02,9.02,8.94,,9.02,,,186126,1679399.34,115,F1,1,,,,,
2026-08-20,2026-08-20,CM,NSE,STK,761511,INF769K01QV2,VALUE,EQ,,,,,MIRAEAMC - VALUE,16.06,16.15,16.05,16.09,16.08,16.05,,16.06,,,39031,628732.38,43,F1,1,,,,,
2026-08-20,2026-08-20,CM,NSE,STK,4394,INE771A01026,MIRZAINT,EQ,,,,,MIRZA INTERNATIONAL LIMIT,31.00,31.85,31.00,31.07,31.02,31.07,,31.07,,,114680,3579303.60,1366,F1,1,,,,,
2026-08-20,2026-08-20,CM,NSE,STK,2463,INE099Z01011,MIDHANI,EQ,,,,,MISHRA DHATU NIGAM LTD,432.00,432.55,419.25,420.50,420.75,428.15,,420.51,,,498944,212464958.50,13384,F1,1,,,,,
2026-08-20,2026-08-20,CM,NSE,STK,8475,INE828O01033,MITCON,BE,,,,,MITCON CON & ENG SER LTD,76.03,80.00,76.02,79.70,79.70,79.03,,79.70,,,2922,226756.74,32,F1,1,,,,,
2026-08-20,2026-08-20,CM,NSE,STK,18562,INE997Y01027,MITTAL,EQ,,,,,MITTAL LIFE STYLE LIMITED,0.90,0.91,0.89,0.90,0.91,0.89,,0.90,,,283970,256588.54,228,F1,1,,,,,
2026-08-20,2026-08-20,CM,NSE,STK,13844,INE227C01017,MMFL,EQ,,,,,MM FORGINGS LTD,660.10,669.45,635.00,638.95,640.00,657.80,,638.97,,,176799,114626082.90,10834,F1,1,,,,,
2026-08-20,2026-08-20,CM,NSE,STK,16395,INE511Y01018,MMP,EQ,,,,,MMP INDUSTRIES LIMITED,394.00,413.00,386.65,406.35,402.15,391.50,,406.35,,,223373,90095470.05,8533,F1,1,,,,,
2026-08-20,2026-08-20,CM,NSE,STK,17957,INE123F01029,MMTC,EQ,,,,,MMTC LIMITED,62.84,67.58,62.75,66.27,66.39,62.15,,66.27,,,42448877,2818908366.87,114830,F1,1,,,,,
2026-08-20,2026-08-20,CM,NSE,STK,760196,INE1YNB01019,MOBILISE,SM,,,,,MOBILISE APP LAB LIMITED,101.40,110.00,100.70,105.25,105.10,106.00,,105.25,,,16000,1642800.00,10,F1,1600,,,,,
2026-08-20,2026-08-20,CM,NSE,STK,2241,INE794W01014,MODTHREAD,EQ,,,,,MODERN THREADS INDIA LTD,52.99,62.10,51.85,53.90,53.52,52.28,,53.90,,,103279,5883771.29,1105,F1,1,,,,,
2026-08-20,2026-08-20,CM,NSE,STK,760280,INE537F01012,MODINATUR,BE,,,,,MODI NATURALS LIMITED,352.85,365.85,337.00,342.50,340.00,354.60,,342.46,,,18335,6351318.95,293,F1,1,,,,,
2026-08-20,2026-08-20,CM,NSE,STK,2229,INE832A01018,MODIRUBBER,EQ,,,,,MODI RUBBER LTD,117.75,121.95,117.75,120.07,120.63,117.75,,120.07,,,1489,177773.46,65,F1,1,,,,,
2026-08-20,2026-08-20,CM,NSE,STK,759752,INE0L0L01012,MODIS,EQ,,,,,MODIS NAVNIRMAN LTD,414.00,420.00,399.15,402.70,400.00,410.15,,402.79,,,54317,22057859.85,1357,F1,1,,,,,
2026-08-20,2026-08-20,CM,NSE,STK,3325,INE737D01021,MODISONLTD,BE,,,,,MODISON LIMITED,390.00,411.00,372.75,405.95,408.00,392.35,,405.67,,,359804,140369935.05,3298,F1,1,,,,,
2026-08-20,2026-08-20,CM,NSE,STK,1426,INE450S01011,MHHL,SM,,,,,MOHINI HEALTH&HYGIENE LTD,35.15,36.60,35.15,36.60,36.60,37.00,,36.60,,,4500,160350.00,3,F1,1500,,,,,
2026-08-20,2026-08-20,CM,NSE,STK,29423,INE954E01012,MOHITIND,EQ,,,,,MOHIT INDUSTRIES LTD,24.45,25.40,22.80,24.50,24.49,23.37,,24.50,,,40381,991037.62,205,F1,1,,,,,
2026-08-20,2026-08-20,CM,NSE,STK,765130,INE154B01023,MOHITE,EQ,,,,,MOHITE INDUSTRIES LTD.,2.49,2.65,2.31,2.52,2.58,2.39,,2.52,,,57243,142098.35,127,F1,1,,,,,
2026-08-20,2026-08-20,CM,NSE,STK,20830,INE490G01020,MOIL,EQ,,,,,MOIL LIMITED,254.50,256.25,252.00,252.75,252.10,253.05,,252.76,,,806367,204726908.80,22254,F1,1,,,,,
2026-08-20,2026-08-20,CM,NSE,STK,3586,INE514Y01020,MOKSH,EQ,,,,,MOKSH ORNAMENTS LIMITED,10.64,10.77,10.15,10.30,10.23,10.43,,10.30,,,80485,844618.83,177,F1,1,,,,,
2026-08-20,2026-08-20,CM,NSE,STK,764548,INE869T01028,MOLBIO,EQ,,,,,MOLBIO DIAGNOSTICS LTD,1046.90,1083.50,1020.05,1036.65,1035.20,1036.65,,1035.96,,,2213704,2338565503.80,76818,F1,1,,,,,
2026-08-20,2026-08-20,CM,NSE,STK,6713,INE893J01029,MOLDTKPAC,EQ,,,,,MOLD-TEK PACKAGING LTD,672.95,685.00,671.10,682.40,684.50,669.85,,682.52,,,19033,12926749.65,1666,F1,1,,,,,
2026-08-20,2026-08-20,CM,NSE,STK,17629,INE835B01035,MOLDTECH,BE,,,,,MOLD-TEK TECHNOLOGIES LTD,187.70,189.07,183.80,189.07,189.07,180.07,,189.07,,,46130,8706193.52,412,F1,1,,,,,
2026-08-20,2026-08-20,CM,NSE,STK,7679,INE903D01011,MONARCH,EQ,,,,,MONARCH NETWORTH CAP LTD,386.00,393.30,384.05,391.85,391.00,385.15,,391.83,,,93355,36398952.25,2025,F1,1,,,,,
2026-08-20,2026-08-20,CM,NSE,STK,759381,INE296Q01012,MONEYBOXX,EQ,,,,,MONEYBOXX FINANCE LIMITED,56.00,56.80,54.00,55.00,55.00,55.16,,55.01,,,20683,1150028.79,260,F1,1,,,,,
2026-08-20,2026-08-20,CM,NSE,STK,18392,INE0OIP01012,MONOPHARMA,SM,,,,,MONO PHARMACARE LIMITED,8.60,8.60,7.85,8.40,8.40,8.20,,8.40,,,74000,613300.00,17,F1,2000,,,,,
2026-08-20,2026-08-20,CM,NSE,STK,756958,INE1DV401010,MONOLITH,SM,,,,,MONOLITHISCH INDIA LTD,1011.00,1025.00,995.00,1007.60,1007.00,997.10,,1007.60,,,61750,62413025.00,147,F1,250,,,,,
2026-08-20,2026-08-20,CM,NSE,STK,5938,INE950M01013,MONTECARLO,EQ,,,,,MONTE CARLO FASHIONS LTD.,545.50,549.25,540.00,541.50,543.00,545.45,,541.51,,,50853,27668872.65,2329,F1,1,,,,,
2026-08-20,2026-08-20,CM,NSE,STK,2259,INE083A01026,MOREPENLAB,EQ,,,,,MOREPEN LAB. LTD,88.66,97.50,88.30,96.47,96.15,88.42,,96.47,,,47564139,4469988233.85,132376,F1,1,,,,,
2026-08-20,2026-08-20,CM,NSE,STK,15057,INE0N7S01028,MOS,ST,,,,,MOS UTILITY LIMITED,12.25,12.25,12.25,12.25,12.25,11.70,,12.25,,,416000,5096000.00,51,F1,4000,,,,,
2026-08-20,2026-08-20,CM,NSE,STK,29459,INE935B01025,MOSCHIP,EQ,,,,,MOSCHIP TECHNOLOGIES LTD,207.89,209.15,205.80,206.31,206.30,206.24,,206.31,,,599323,124425821.14,8559,F1,1,,,,,
2026-08-20,2026-08-20,CM,NSE,STK,8596,INE0FS801015,MSUMI,EQ,,,,,MOTHERSON SUMI WRNG IND L,39.73,39.73,38.70,39.18,39.13,39.26,,39.18,,,10128988,395619787.03,43896,F1,1,,,,,
2026-08-20,2026-08-20,CM,NSE,STK,21423,INF247L01023,MOM100,EQ,,,,,MOTILAL OS MIDCAP100 ETF,68.50,69.13,68.50,68.80,68.95,68.39,,68.80,,,176107,12138947.60,1693,F1,1,,,,,
2026-08-20,2026-08-20,CM,NSE,STK,22739,INF247L01AP3,MON100,EQ,,,,,MOTILAL OS NASDAQ100 ETF,330.99,330.99,330.99,330.99,330.99,336.38,,330.99,,,335996,111211316.04,806,F1,1,,,,,
2026-08-20,2026-08-20,CM,NSE,STK,14947,INE338I01027,MOTILALOFS,EQ,,,,,MOTILAL OSWAL FIN LTD,946.90,989.55,942.15,973.40,973.40,942.10,,973.34,,,2367401,2313501201.20,57351,F1,1,,,,,
2026-08-20,2026-08-20,CM,NSE,STK,19289,INF247L01536,MOM50,EQ,,,,,MOTILAL OSWAL M50 ETF,251.75,254.99,251.75,254.62,254.95,252.25,,254.62,,,3924,997205.60,102,F1,1,,,,,
2026-08-20,2026-08-20,CM,NSE,STK,1507,INF247L01AK4,MOGSEC,EQ,,,,,MOTILALAMC - G5,65.70,65.70,65.19,65.20,65.21,65.19,,65.08,,,3008,196499.88,54,F1,1,,,,,
2026-08-20,2026-08-20,CM,NSE,STK,757669,INF247L01FR8,MOALPHA50,EQ,,,,,MOTILALAMC - MOALPHA50,56.78,56.78,55.05,55.30,55.21,55.67,,55.30,,,41589,2309880.38,85,F1,1,,,,,
2026-08-20,2026-08-20,CM,NSE,STK,761693,INF247L01GV8,MOBANK10,EQ,,,,,MOTILALAMC - MOBANK10,16.75,16.97,16.75,16.95,16.97,16.87,,16.95,,,625,10571.92,45,F1,1,,,,,
2026-08-20,2026-08-20,CM,NSE,STK,30065,INF247L01EV3,MOCAPITAL,EQ,,,,,MOTILALAMC - MOCAPITAL,53.43,54.57,53.43,54.14,54.00,53.43,,54.14,,,1202713,65229138.08,2867,F1,1,,,,,
2026-08-20,2026-08-20,CM,NSE,STK,24944,INF247L01DJ0,MODEFENCE,EQ,,,,,MOTILALAMC - MODEFENCE,109.03,109.03,107.25,107.43,107.25,107.95,,107.41,,,1364950,147180200.77,7568,F1,1,,,,,
2026-08-20,2026-08-20,CM,NSE,STK,759374,INF247L01GH7,MOENERGY,EQ,,,,,MOTILALAMC - MOENERGY,39.11,39.11,38.05,38.33,38.45,38.34,,38.33,,,93874,3595244.28,738,F1,1,,,,,
2026-08-20,2026-08-20,CM,NSE,STK,757791,INF247L01FY4,MOGOLD,EQ,,,,,MOTILALAMC - MOGOLD,154.05,154.60,153.40,153.85,154.25,150.30,,153.86,,,64362,9906532.45,837,F1,1,,,,,
2026-08-20,2026-08-20,CM,NSE,STK,10508,INF247L01BB1,MOHEALTH,EQ,,,,,MOTILALAMC - MOHEALTH,52.25,52.25,51.25,51.56,51.63,51.25,,51.56,,,17510,902866.86,431,F1,1,,,,,
2026-08-20,2026-08-20,CM,NSE,STK,757031,INF247L01FL1,MOINFRA,EQ,,,,,MOTILALAMC - MOINFRA,59.41,59.99,58.98,59.25,59.99,59.31,,59.25,,,3859,228812.91,89,F1,1,,,,,
2026-08-20,2026-08-20,CM,NSE,STK,759891,INF247L01GI5,MOIPO,EQ,,,,,MOTILALAMC - MOIPO,48.82,51.01,48.64,48.97,48.98,48.46,,48.97,,,31790,1567940.71,86,F1,1,,,,,
2026-08-20,2026-08-20,CM,NSE,STK,8654,INF247L01BL0,MOLOWVOL,EQ,,,,,MOTILALAMC - MOLOWVOL,37.21,37.46,36.35,36.87,36.96,36.67,,36.87,,,11842,435817.58,82,F1,1,,,,,
2026-08-20,2026-08-20,CM,NSE,STK,25606,INF247L01DK8,MOMENTUM50,EQ,,,,,MOTILALAMC - MOMENTUM50,54.36,54.36,53.96,54.07,54.28,53.81,,54.07,,,153429,8304834.19,983,F1,1,,,,,
2026-08-20,2026-08-20,CM,NSE,STK,764402,INF247L01HG7,MOMETAL,EQ,,,,,MOTILALAMC - MOMETAL,13.09,13.16,12.98,13.08,13.08,13.02,,13.08,,,20157,264078.91,14,F1,1,,,,,
2026-08-20,2026-08-20,CM,NSE,STK,757099,INF247L01FK3,MOMGF,EQ,,,,,MOTILALAMC - MOMGF,165.78,165.78,164.43,165.18,165.00,164.96,,165.18,,,602,99284.27,17,F1,1,,,,,
2026-08-20,2026-08-20,CM,NSE,STK,757817,INF247L01FQ0,MOMIDMTM,EQ,,,,,MOTILALAMC - MOMIDMTM,64.50,65.15,64.18,64.48,64.50,64.50,,64.48,,,32217,2083836.92,266,F1,1,,,,,
2026-08-20,2026-08-20,CM,NSE,STK,760054,INF247L01GK1,MOMNC,EQ,,,,,MOTILALAMC - MOMNC,33.33,33.33,33.11,33.26,33.27,33.02,,33.26,,,1952,64809.63,10,F1,1,,,,,
2026-08-20,2026-08-20,CM,NSE,STK,8182,INF247L01BK2,MOMOMENTUM,EQ,,,,,MOTILALAMC - MOMOMENTUM,62.98,62.98,62.03,62.27,62.16,62.28,,62.27,,,55757,3483165.25,285,F1,1,,,,,
2026-08-20,2026-08-20,CM,NSE,STK,756900,INF247L01FC0,MON50EQUAL,EQ,,,,,MOTILALAMC - MON50EQUAL,34.21,34.21,33.47,33.64,33.65,33.51,,33.64,,,7379,248520.61,48,F1,1,,,,,
2026-08-20,2026-08-20,CM,NSE,STK,757167,INF247L01FD8,MONEXT50,EQ,,,,,MOTILALAMC - MONEXT50,74.16,74.45,73.78,74.34,74.45,74.16,,74.34,,,2531,187919.85,58,F1,1,,,,,
2026-08-20,2026-08-20,CM,NSE,STK,759371,INF247L01GG9,MONIFTY100,EQ,,,,,MOTILALAMC - MONIFTY100,25.50,25.66,25.50,25.61,25.61,25.44,,25.61,,,2286,58426.97,42,F1,1,,,,,
2026-08-20,2026-08-20,CM,NSE,STK,19237,INF247L01BU1,MONIFTY500,EQ,,,,,MOTILALAMC - MONIFTY500,24.61,24.61,23.76,24.07,24.13,24.01,,24.07,,,344622,8312214.83,1123,F1,1,,,,,
2026-08-20,2026-08-20,CM,NSE,STK,7422,INF247L01AU3,MONQ50,EQ,,,,,MOTILALAMC - MONQ50,148.77,148.77,148.77,148.77,148.77,151.65,,148.77,,,14093,2096615.61,128,F1,1,,,,,
2026-08-20,2026-08-20,CM,NSE,STK,764405,INF247L01HH5,MOOILGAS,EQ,,,,,MOTILALAMC - MOOILGAS,11.34,11.34,11.11,11.21,11.25,11.12,,11.21,,,2525,28229.87,29,F1,1,,,,,
2026-08-20,2026-08-20,CM,NSE,STK,757431,INF247L01FO5,MOPSE,EQ,,,,,MOTILALAMC - MOPSE,99.10,99.59,98.68,99.51,99.51,99.38,,99.51,,,504,50013.86,15,F1,1,,,,,
2026-08-20,2026-08-20,CM,NSE,STK,10822,INF247L01BH8,MOQUALITY,EQ,,,,,MOTILALAMC - MOQUALITY,203.42,203.91,203.31,203.71,203.71,202.92,,203.67,,,94,19133.29,11,F1,1,,,,,
2026-08-20,2026-08-20,CM,NSE,STK,23184,INF247L01CI4,MOREALTY,EQ,,,,,MOTILALAMC - MOREALTY,90.00,91.40,89.43,91.19,91.14,89.43,,91.19,,,664563,60352955.34,1754,F1,1,,,,,
2026-08-20,2026-08-20,CM,NSE,STK,760001,INF247L01GJ3,MOSERVICE,EQ,,,,,MOTILALAMC - MOSERVICE,31.19,31.22,31.07,31.07,31.07,30.92,,31.07,,,10218,318628.45,24,F1,1,,,,,
2026-08-20,2026-08-20,CM,NSE,STK,758457,INF247L01FZ1,MOSILVER,EQ,,,,,MOTILALAMC - MOSILVER,232.20,234.07,232.00,232.43,232.00,223.89,,232.42,,,72359,16862030.18,2062,F1,1,,,,,
2026-08-20,2026-08-20,CM,NSE,STK,23181,INF247L01CH6,MOSMALL250,EQ,,,,,MOTILALAMC - MOSMALL250,18.70,18.70,18.32,18.48,18.43,18.25,,18.48,,,953050,17597274.61,1660,F1,1,,,,,
2026-08-20,2026-08-20,CM,NSE,STK,757443,INF247L01FP2,MOTOUR,EQ,,,,,MOTILALAMC - MOTOUR,80.10,80.48,79.24,79.59,79.57,79.44,,79.59,,,25088,2005227.74,138,F1,1,,,,,
2026-08-20,2026-08-20,CM,NSE,STK,10825,INF247L01BE5,MOVALUE,EQ,,,,,MOTILALAMC - MOVALUE,113.60,113.60,112.80,112.93,113.03,113.04,,112.92,,,59791,6762077.55,717,F1,1,,,,,
2026-08-20,2026-08-20,CM,NSE,STK,20788,INE0FRK01020,MOTISONS,EQ,,,,,MOTISONS JEWELLERS LTD,16.73,16.84,16.40,16.59,16.65,16.62,,16.59,,,34860502,578796299.57,21107,F1,1,,,,,
2026-08-20,2026-08-20,CM,NSE,STK,8793,INE861B01023,MOTOGENFIN,BE,,,,,MOTOR & GENERAL FINANCE L,26.99,26.99,26.01,26.01,26.01,26.59,,26.01,,,1539,40473.90,13,F1,1,,,,,
2026-08-20,2026-08-20,CM,NSE,STK,757810,INE0XM301010,MMEL,SM,,,,,MOVING MEDIA ENTER LTD,24.80,25.00,24.70,24.80,24.80,24.80,,24.80,,,84000,2097800.00,7,F1,2000,,,,,
2026-08-20,2026-08-20,CM,NSE,STK,13502,INE0N6D01014,MOXSH,SM,,,,,MOXSH OVERSEAS EDUCON LTD,109.00,109.00,109.00,109.00,109.00,104.00,,109.00,,,1600,174400.00,1,F1,1600,,,,,
2026-08-20,2026-08-20,CM,NSE,STK,765135,INE493H01014,MPDL,EQ,,,,,MPDL LTD.,34.30,34.32,23.26,34.32,34.32,28.60,,34.32,,,8795,290705.92,135,F1,1,,,,,
2026-08-20,2026-08-20,CM,NSE,STK,4503,INE356A01018,MPHASIS,EQ,,,,,MPHASIS LIMITED,2452.10,2468.70,2415.30,2430.00,2430.00,2424.50,,2429.99,,,422908,1034228589.80,33642,F1,1,,,,,
2026-08-20,2026-08-20,CM,NSE,STK,10578,INE943D01017,MPSLTD,EQ,,,,,MPS LIMITED,2949.90,2974.00,2884.10,2917.40,2908.00,2929.60,,2918.13,,,32852,96399723.30,6011,F1,1,,,,,
2026-08-20,2026-08-20,CM,NSE,STK,2277,INE883A01011,MRF,EQ,,,,,MRF LTD,133660.00,134185.00,133285.00,134000.00,134000.00,133630.00,,133998.89,,,2616,350304080.00,2029,F1,1,,,,,
2026-08-20,2026-08-20,CM,NSE,STK,2283,INE103A01014,MRPL,EQ,,,,,MRPL,176.00,177.20,169.34,173.98,174.00,176.51,,173.99,,,17133882,2976796522.28,79486,F1,1,,,,,
2026-08-20,2026-08-20,CM,NSE,STK,1628,INE495P01020,BECTORFOOD,EQ,,,,,MRS BECTORS FOOD SPE LTD,263.32,265.65,255.46,258.02,257.91,263.32,,258.02,,,1462711,380453805.36,28031,F1,1,,,,,
2026-08-20,2026-08-20,CM,NSE,STK,11919,INE752G01015,MSPL,EQ,,,,,MSP STEEL & POWER LTD.,34.55,34.99,33.75,33.96,33.86,34.55,,33.96,,,401591,13782073.53,1851,F1,1,,,,,
2026-08-20,2026-08-20,CM,NSE,STK,9356,INE255X01014,MSTCLTD,EQ,,,,,MSTC LIMITED,699.00,716.00,690.00,692.35,692.00,703.75,,692.33,,,349334,244268404.65,13137,F1,1,,,,,
2026-08-20,2026-08-20,CM,NSE,STK,31413,INE472M01018,MTEDUCARE,BE,,,,,MT EDUCARE LTD,1.87,1.92,1.78,1.80,1.80,1.87,,1.80,,,22019,40254.79,92,F1,1,,,,,
2026-08-20,2026-08-20,CM,NSE,STK,2715,INE864I01014,MTARTECH,BE,,,,,MTAR TECHNOLOGIES LIMITED,7040.00,7148.00,6800.00,7113.50,7120.00,6918.50,,7113.10,,,88824,624608590.50,14195,F1,1,,,,,
2026-08-20,2026-08-20,CM,NSE,STK,19783,INE08KJ01020,MUFIN,EQ,,,,,MUFIN GREEN FINANCE LTD,136.39,140.46,135.11,139.51,139.00,135.11,,139.50,,,2108839,293101359.26,8504,F1,1,,,,,
2026-08-20,2026-08-20,CM,NSE,STK,11325,INE304A01026,MUKANDLTD,EQ,,,,,MUKAND LTD.,134.60,138.51,133.11,136.96,138.50,134.57,,137.02,,,84378,11452458.83,2058,F1,1,,,,,
2026-08-20,2026-08-20,CM,NSE,STK,22980,INE0CG401037,MUKKA,EQ,,,,,MUKKA PROTEINS LIMITED,26.55,26.70,25.96,26.29,26.50,26.38,,26.30,,,373767,9845777.51,1582,F1,1,,,,,
2026-08-20,2026-08-20,CM,NSE,STK,8691,INE374B01019,MUKTAARTS,BE,,,,,MUKTA ARTS LIMITED,56.00,58.49,56.00,58.07,58.49,56.00,,57.69,,,700,40367.93,7,F1,1,,,,,
2026-08-20,2026-08-20,CM,NSE,STK,31181,INE745G01043,MCX,EQ,,,,,MULTI COMMODITY EXCHANGE,3020.00,3133.20,3006.00,3126.00,3126.00,2973.00,,3125.83,,,3923221,12110135315.70,170543,F1,1,,,,,
2026-08-20,2026-08-20,CM,NSE,STK,759416,INE1K8Y01018,MUNISH,SM,,,,,MUNISH FORGE LIMITED,76.50,76.50,74.95,75.00,75.00,76.00,,75.00,,,12000,901680.00,8,F1,1200,,,,,
2026-08-20,2026-08-20,CM,NSE,STK,13511,INE672B01032,MUNJALAU,EQ,,,,,MUNJAL AUTO IND. LTD.,115.70,117.99,112.21,115.13,114.80,114.85,,115.12,,,1295673,149097111.12,12506,F1,1,,,,,
2026-08-20,2026-08-20,CM,NSE,STK,2307,INE577A01027,MUNJALSHOW,EQ,,,,,MUNJAL SHOWA LTD,133.09,133.80,132.35,132.67,133.05,132.35,,132.67,,,22019,2931047.52,556,F1,1,,,,,
2026-08-20,2026-08-20,CM,NSE,STK,2313,INE692B01014,MURUDCERA,EQ,,,,,MURUDESHWAR CERAMICS LTD,30.43,31.20,30.12,30.37,30.50,30.43,,30.39,,,15710,479295.05,186,F1,1,,,,,
2026-08-20,2026-08-20,CM,NSE,STK,19877,INE919I01024,RADIOCITY,EQ,,,,,MUSIC BROADCAST LIMITED,6.66,6.80,6.66,6.69,6.74,6.70,,6.69,,,87847,587381.27,108,F1,1,,,,,
2026-08-20,2026-08-20,CM,NSE,STK,10415,INE296G01013,MUTHOOTCAP,EQ,,,,,MUTHOOT CAP SERV LTD,252.50,259.79,245.14,252.76,253.40,249.94,,252.74,,,11008,2802991.66,315,F1,1,,,,,
2026-08-20,2026-08-20,CM,NSE,STK,23650,INE414G01012,MUTHOOTFIN,EQ,,,,,MUTHOOT FINANCE LIMITED,2910.00,2997.80,2905.40,2970.00,2970.00,2859.00,,2970.37,,,2309964,6863717731.50,91390,F1,1,,,,,
2026-08-20,2026-08-20,CM,NSE,STK,20831,INE046W01019,MUTHOOTMF,EQ,,,,,MUTHOOT MICROFIN LIMITED,210.01,214.34,209.10,213.21,213.50,208.61,,213.19,,,190087,40323317.32,4083,F1,1,,,,,
2026-08-20,2026-08-20,CM,NSE,STK,764397,INE0OWZ01020,MVELECTRO,EQ,,,,,MV ELECTROSYSTEMS LIMITED,570.95,578.80,564.40,568.30,565.75,570.20,,568.32,,,471669,268965922.45,9963,F1,1,,,,,
2026-08-20,2026-08-20,CM,NSE,STK,25208,INE0RVQ01016,MYMUDRA,SM,,,,,MY MUDRA FINCORP LIMITED,75.50,75.50,74.40,74.50,74.50,75.95,,74.50,,,8400,626940.00,7,F1,1200,,,,,
2026-08-20,2026-08-20,CM,NSE,STK,4377,INE741A01011,MYSORPETRO,EQ,,,,,MYSORE PETRO CHEMICALS L,160.00,165.49,155.30,165.49,165.49,137.91,,165.56,,,383979,62631373.39,4421,F1,1,,,,,
2026-08-20,2026-08-20,CM,NSE,STK,20314,INE740D01017,NRAIL,EQ,,,,,N R AGARWAL INDS LTD,509.20,510.00,501.50,503.60,505.00,499.15,,503.55,,,4966,2511195.20,327,F1,1,,,,,
2026-08-20,2026-08-20,CM,NSE,STK,764798,INE920C01017,NTCIND,EQ,,,,,N T C INDUSTRIES LTD.,140.00,145.00,136.02,139.66,140.50,140.11,,139.45,,,2443,340902.06,110,F1,1,,,,,
2026-08-20,2026-08-20,CM,NSE,STK,19111,INE365I01020,NBIFIN,EQ,,,,,N.B.I. IND. FIN. CO. LTD,2000.00,2060.00,2000.00,2002.00,2000.00,2000.00,,2002.00,,,169,340519.30,34,F1,1,,,,,
2026-08-20,2026-08-20,CM,NSE,STK,20425,INE295D01020,NACLIND,EQ,,,,,NACL INDUSTRIES LIMITED,175.50,175.51,169.52,170.10,169.97,173.99,,170.08,,,225795,38982146.38,6483,F1,1,,,,,
2026-08-20,2026-08-20,CM,NSE,STK,18371,INE756C01015,NDGL,EQ,,,,,NAGA DHUNSERI GROUP LTD,2720.00,2747.10,2681.50,2712.00,2707.10,2711.00,,2712.00,,,130,351617.40,32,F1,1,,,,,
2026-08-20,2026-08-20,CM,NSE,STK,14942,INE245I01016,NAGREEKCAP,EQ,,,,,NAGREEKA CAP & INFR.LTD,24.30,24.30,22.51,22.99,23.00,23.31,,22.99,,,3487,79999.27,45,F1,1,,,,,
2026-08-20,2026-08-20,CM,NSE,STK,14702,INE123B01028,NAGREEKEXP,EQ,,,,,NAGREEKA EXPORTS LTD.,23.01,23.95,22.60,22.81,22.88,23.01,,22.84,,,258512,5966108.34,615,F1,1,,,,,
2026-08-20,2026-08-20,CM,NSE,STK,15360,INE049I01012,NAHARCAP,EQ,,,,,NAHAR CAP & FIN.,259.38,260.49,254.00,255.09,255.10,256.81,,255.09,,,3165,814169.98,50,F1,1,,,,,
2026-08-20,2026-08-20,CM,NSE,STK,13106,INE289A01011,NAHARINDUS,EQ,,,,,NAHAR INDS ENT LTD,117.67,118.99,117.01,117.95,117.84,117.62,,117.95,,,20593,2433964.73,393,F1,1,,,,,
2026-08-20,2026-08-20,CM,NSE,STK,14445,INE308A01027,NAHARPOLY,EQ,,,,,NAHAR POLY FILMS LIMITED,238.00,242.95,228.65,233.85,237.00,237.60,,233.86,,,20946,4917477.35,845,F1,1,,,,,
2026-08-20,2026-08-20,CM,NSE,STK,14440,INE290A01027,NAHARSPING,EQ,,,,,NAHAR SPINNING MILLS LTD.,303.70,303.70,289.00,292.15,293.00,298.75,,292.18,,,40996,12012049.10,1036,F1,1,,,,,
2026-08-20,2026-08-20,CM,NSE,STK,5404,INE236Y01012,NGIL,BE,,,,,NAKODA GROUP OF IND. LTD,40.80,40.80,39.50,40.60,40.61,40.80,,40.60,,,3011,120289.28,24,F1,1,,,,,
2026-08-20,2026-08-20,CM,NSE,STK,11239,INE023A01030,NSIL,EQ,,,,,NALWA SONS INVESTMENT LTD,5519.50,5671.50,5519.50,5631.00,5638.00,5518.50,,5630.74,,,2247,12617257.50,404,F1,1,,,,,
2026-08-20,2026-08-20,CM,NSE,STK,23379,INE0RJM01010,NAMAN,SM,,,,,NAMAN INDUSTRE PRXIMA LTD,40.35,43.10,40.35,43.10,43.10,41.15,,43.10,,,1600,66760.00,2,F1,800,,,,,
2026-08-20,2026-08-20,CM,NSE,STK,25170,INE08NZ01012,NAMOEWASTE,ST,,,,,NAMO EWASTE MANAGEMENT L,280.00,280.00,273.50,279.45,279.45,278.45,,279.45,,,24800,6831720.00,29,F1,800,,,,,
2026-08-20,2026-08-20,CM,NSE,STK,31258,INE875G01048,NDL,EQ,,,,,NANDAN DENIM LIMITED,2.26,2.29,2.24,2.26,2.27,2.25,,2.26,,,715452,1619631.61,905,F1,1,,,,,
2026-08-20,2026-08-20,CM,NSE,STK,5516,INE696V01013,JAIPURKURT,EQ,,,,,NANDANI CREATION LIMITED,27.95,27.95,27.06,27.26,27.66,27.03,,27.26,,,11658,317057.40,45,F1,1,,,,,
2026-08-20,2026-08-20,CM,NSE,STK,11840,INE410P01011,NH,EQ,,,,,NARAYANA HRUDAYALAYA LTD.,1790.00,1812.40,1790.00,1799.30,1797.00,1785.70,,1799.23,,,197588,355609151.90,24598,F1,1,,,,,
2026-08-20,2026-08-20,CM,NSE,STK,11627,INE117Z01029,NARMADA,EQ,,,,,NARMADA AGROBASE LIMITED,14.75,14.80,14.30,14.42,14.50,14.63,,14.42,,,297044,4343941.31,1038,F1,1,,,,,
2026-08-20,2026-08-20,CM,NSE,STK,3918,INE987B01026,NATCOPHARM,EQ,,,,,NATCO PHARMA LTD.,890.50,895.35,874.55,877.50,878.30,886.85,,877.52,,,275997,243698076.30,18100,F1,1,,,,,
2026-08-20,2026-08-20,CM,NSE,STK,11065,INE448G01010,NATHBIOGEN,EQ,,,,,NATH BIO-GENES (I) LTD,155.55,155.80,153.00,153.93,155.80,153.83,,153.93,,,9924,1529860.35,167,F1,1,,,,,
2026-08-20,2026-08-20,CM,NSE,STK,6364,INE139A01034,NATIONALUM,EQ,,,,,NATIONAL ALUMINIUM CO LTD,392.00,395.75,385.10,385.60,385.60,386.55,,385.60,,,5349753,2081614251.35,51146,F1,1,,,,,
2026-08-20,2026-08-20,CM,NSE,STK,13925,INE870D01012,NFL,EQ,,,,,NATIONAL FERT. LTD,70.30,70.78,70.21,70.30,70.28,70.07,,70.30,,,306169,21571407.21,2037,F1,1,,,,,
2026-08-20,2026-08-20,CM,NSE,STK,6531,INE0H7R23014,NHIT,IV,,,,,NATIONAL HIGHW INFRA TRUS,168.00,168.00,168.00,168.00,168.00,168.00,,168.00,,,450000,75600000.00,5,F1,25000,,,,,
2026-08-20,2026-08-20,CM,NSE,STK,762807,INE166R01015,NATIONSTD,EQ,,,,,NATIONAL STAND (INDIA) L,120.94,133.66,120.94,133.66,133.66,127.30,,134.06,,,130220,16728693.54,1712,F1,1,,,,,
2026-08-20,2026-08-20,CM,NSE,STK,29583,INE936B01015,NATCAPSUQ,EQ,,,,,NATURAL CAPSULES LIMITED,149.35,159.90,148.01,151.40,151.12,149.70,,151.40,,,26517,4098833.29,1120,F1,1,,,,,
2026-08-20,2026-08-20,CM,NSE,STK,4014,INE725A01030,NAVA,EQ,,,,,NAVA LIMITED,550.00,558.00,550.00,556.75,556.80,549.20,,556.74,,,150377,83440878.50,9428,F1,1,,,,,
2026-08-20,2026-08-20,CM,NSE,STK,14672,INE048G01026,NAVINFLUOR,EQ,,,,,NAVIN FLUORINE INT. LTD,8300.00,8395.00,8222.00,8256.00,8254.00,8277.50,,8255.75,,,59427,492380295.50,14858,F1,1,,,,,
2026-08-20,2026-08-20,CM,NSE,STK,10557,INE278M01019,NAVKARCORP,EQ,,,,,NAVKAR CORPORATION LTD.,99.00,99.00,96.18,96.88,97.00,97.40,,96.87,,,268827,26156307.99,2365,F1,1,,,,,
2026-08-20,2026-08-20,CM,NSE,STK,29149,INE268H01044,NAVKARURB,BE,,,,,NAVKAR URBANSTRUCTURE LTD,0.97,0.99,0.95,0.96,0.97,0.96,,0.97,,,158592,154013.32,223,F1,1,,,,,
2026-08-20,2026-08-20,CM,NSE,STK,2385,INE060A01024,NAVNETEDUL,EQ,,,,,NAVNEET EDUCATION LTD,133.88,134.45,132.20,133.79,132.96,133.88,,133.83,,,50792,6773279.76,1300,F1,1,,,,,
2026-08-20,2026-08-20,CM,NSE,STK,2987,INE418L01047,NAZARA,EQ,,,,,NAZARA TECHNOLOGIES LTD,357.00,365.00,356.20,357.50,357.10,357.35,,357.57,,,1774614,639049833.75,16799,F1,1,,,,,
2026-08-20,2026-08-20,CM,NSE,STK,31415,INE095N01031,NBCC,EQ,,,,,NBCC (INDIA) LIMITED,87.90,89.03,87.74,88.25,88.25,87.19,,88.26,,,4634300,410139180.06,20868,F1,1,,,,,
2026-08-20,2026-08-20,CM,NSE,STK,2319,INE868B01028,NCC,EQ,,,,,NCC LIMITED,139.60,142.89,139.60,140.07,140.80,139.57,,140.07,,,2224258,313089662.97,20046,F1,1,,,,,
2026-08-20,2026-08-20,CM,NSE,STK,14490,INE732C01016,NCLIND,EQ,,,,,NCL INDUSTRIES LIMITED,173.19,178.00,172.12,174.05,173.30,173.19,,174.05,,,27106,4709150.16,2422,F1,1,,,,,
2026-08-20,2026-08-20,CM,NSE,STK,14547,INE353A01023,NDLVENTURE,EQ,,,,,NDL VENTURES LIMITED,116.00,125.00,116.00,119.01,119.50,116.08,,118.89,,,4535,538387.17,162,F1,1,,,,,
2026-08-20,2026-08-20,CM,NSE,STK,22255,INE07OG01012,NDRAUTO,EQ,,,,,NDR AUTO COMPONENTS LTD,780.00,792.30,771.00,773.80,775.00,781.05,,773.85,,,20149,15662666.85,1468,F1,1,,,,,
2026-08-20,2026-08-20,CM,NSE,STK,11427,INE155G01029,NDTV,EQ,,,,,NDTV LTD,73.55,76.57,73.55,75.50,75.30,73.34,,75.50,,,101522,7632660.99,1267,F1,1,,,,,
2026-08-20,2026-08-20,CM,NSE,STK,11927,INE023H01027,NECLIFE,EQ,,,,,NECTAR LIFESCIENCES LTD.,10.70,10.70,10.26,10.29,10.30,10.52,,10.29,,,189669,1981676.93,533,F1,1,,,,,
2026-08-20,2026-08-20,CM,NSE,STK,27123,INE0N1401016,NEELAM,SM,,,,,NEELAM LINENS & GAR (I) L,8.00,8.00,8.00,8.00,8.00,8.15,,8.00,,,6000,48000.00,1,F1,6000,,,,,
2026-08-20,2026-08-20,CM,NSE,STK,762812,INE605D01012,NEAGI,EQ,,,,,NEELAMALAI AGRO INDS. L,3339.00,3433.00,3303.30,3303.30,3303.30,3420.80,,3335.65,,,49,165452.10,12,F1,1,,,,,
2026-08-20,2026-08-20,CM,NSE,STK,14761,INE189I01024,NELCAST,EQ,,,,,NELCAST LIMITED,119.10,119.21,115.92,116.63,116.40,117.33,,116.63,,,199257,23383650.33,2632,F1,1,,,,,
2026-08-20,2026-08-20,CM,NSE,STK,2388,INE045B01015,NELCO,EQ,,,,,NELCO LTD,925.90,936.40,902.40,912.00,906.00,910.10,,912.17,,,300639,277403698.00,10895,F1,1,,,,,
2026-08-20,2026-08-20,CM,NSE,STK,760931,INE21UM01018,NEOCHEM,ST,,,,,NEOCHEM BIO SOLUTIONS LTD,97.65,100.00,97.65,99.55,100.00,97.65,,99.55,,,20400,2033160.00,17,F1,1200,,,,,
2026-08-20,2026-08-20,CM,NSE,STK,9917,INE136S01016,NEOGEN,EQ,,,,,NEOGEN CHEMICALS LIMITED,2358.90,2368.70,2250.00,2259.10,2252.00,2328.80,,2258.94,,,137421,314513440.90,18904,F1,1,,,,,
2026-08-20,2026-08-20,CM,NSE,STK,24353,INE0SUN01013,NEPHROCARE,ST,,,,,NEPHRO CARE INDIA LIMITED,86.90,86.90,86.90,86.90,86.90,82.80,,86.90,,,34000,2954600.00,50,F1,400,,,,,
2026-08-20,2026-08-20,CM,NSE,STK,760346,INE428V01029,NEPHROPLUS,EQ,,,,,NEPHROCARE HEALTH SERV L,698.00,698.00,673.00,674.15,674.25,691.00,,674.17,,,205120,138914935.10,14975,F1,1,,,,,
2026-08-20,2026-08-20,CM,NSE,STK,757493,INE156901014,NEPTUNE,SM,,,,,NEPTUNE PETROCHEMICALS L,174.50,179.00,174.50,179.00,179.00,173.50,,179.00,,,9500,1676425.00,11,F1,500,,,,,
2026-08-20,2026-08-20,CM,NSE,STK,15409,INE317F01035,NESCO,EQ,,,,,NESCO LTD.,1030.90,1044.90,1028.70,1032.60,1035.00,1033.00,,1032.44,,,17421,18043448.20,2786,F1,1,,,,,
2026-08-20,2026-08-20,CM,NSE,STK,17963,INE239A01024,NESTLEIND,EQ,,,,,NESTLE INDIA LIMITED,1482.00,1482.00,1454.60,1458.00,1458.00,1465.00,,1458.00,,,1910719,2796035331.60,43920,F1,1,,,,,
2026-08-20,2026-08-20,CM,NSE,STK,17433,INE0NT901020,NETWEB,EQ,,,,,NETWEB TECH INDIA LTD,5095.70,5449.90,5093.00,5419.80,5411.00,5065.00,,5419.74,,,4457308,23850137885.10,304930,F1,1,,,,,
2026-08-20,2026-08-20,CM,NSE,STK,756324,INE0FFK01017,NPST,EQ,,,,,NETWORK PEOPLE SRV TECH L,1582.50,1630.40,1582.50,1606.90,1614.70,1594.20,,1606.98,,,19960,32047776.20,2744,F1,1,,,,,
2026-08-20,2026-08-20,CM,NSE,STK,14111,INE870H01013,NETWORK18,EQ,,,,,NETWORK18 MEDIA & INV LTD,28.24,31.24,28.05,30.59,30.90,28.07,,30.59,,,45466707,1383477653.62,114547,F1,1,,,,,
2026-08-20,2026-08-20,CM,NSE,STK,30554,INE333I01044,NEUEON,BE,,,,,NEUEON CORPORATION LTD,17.45,17.45,15.91,16.04,16.20,16.74,,16.10,,,54549,881209.64,116,F1,1,,,,,
2026-08-20,2026-08-20,CM,NSE,STK,2406,INE794A01010,NEULANDLAB,EQ,,,,,NEULAND LAB LTD.,23154.00,23735.00,23154.00,23568.00,23569.00,23290.00,,23567.88,,,50063,1180125653.00,19617,F1,1,,,,,
2026-08-20,2026-08-20,CM,NSE,STK,1164,INE619B01017,NEWGEN,EQ,,,,,NEWGEN SOFTWARE TECH LTD,524.55,547.30,524.55,527.35,527.35,519.95,,527.36,,,1546773,827700400.60,44509,F1,1,,,,,
2026-08-20,2026-08-20,CM,NSE,STK,19161,INE0PW501021,NEWJAISA,ST,,,,,NEWJAISA TECHNOLOGIES LTD,17.00,17.00,16.85,16.85,16.85,17.15,,16.85,,,7500,127050.00,5,F1,1500,,,,,
2026-08-20,2026-08-20,CM,NSE,STK,28801,INE0TP801012,NMSTEEL,SM,,,,,NEWMALAYALAM STEEL LTD,22.75,23.85,22.75,23.75,23.75,22.70,,23.75,,,4800,112560.00,3,F1,1600,,,,,
2026-08-20,2026-08-20,CM,NSE,STK,9867,INE747B01016,NEXTMEDIA,EQ,,,,,NEXT MEDIAWORKS LIMITED,3.98,3.98,3.61,3.74,3.73,3.87,,3.74,,,2851,10583.24,42,F1,1,,,,,
2026-08-20,2026-08-20,CM,NSE,STK,15815,INE0NDH25011,NXST,RR,,,,,NEXUS SELECT TRUST,169.28,169.28,167.30,167.98,167.90,168.67,,167.98,,,117596,19800715.59,2212,F1,1,,,,,
2026-08-20,2026-08-20,CM,NSE,STK,763536,INE0T1501010,NFPSAMPOOR,SM,,,,,NFP SAMPOORNA FOODS LTD,23.80,23.90,22.45,22.50,22.50,22.50,,22.50,,,18000,418900.00,9,F1,2000,,,,,
2026-08-20,2026-08-20,CM,NSE,STK,10277,INE887E01022,NGLFINE,EQ,,,,,NGL FINE CHEM LIMITED,3086.00,3140.00,3000.10,3033.30,3024.90,3040.40,,3037.36,,,7553,22970453.30,1516,F1,1,,,,,
2026-08-20,2026-08-20,CM,NSE,STK,17400,INE848E01016,NHPC,EQ,,,,,NHPC LTD,76.35,76.95,75.90,76.35,76.35,76.17,,76.35,,,6144287,468099381.65,24631,F1,1,,,,,
2026-08-20,2026-08-20,CM,NSE,STK,29487,INE149O01018,NIBE,EQ,,,,,NIBE LIMITED,1435.00,1542.80,1421.00,1503.60,1505.00,1411.10,,1503.45,,,361383,545549444.00,26817,F1,1,,,,,
2026-08-20,2026-08-20,CM,NSE,STK,764793,INE653C01022,NICCOPAR,EQ,,,,,NICCO PARKS & RESORTS LTD,78.00,82.00,72.08,79.85,79.50,76.52,,79.69,,,1850,146925.55,52,F1,1,,,,,
2026-08-20,2026-08-20,CM,NSE,STK,6592,INE0J6L01013,NIDAN,SM,,,,,NIDAN LABS AND HEALTH LTD,13.80,13.85,13.10,13.85,13.85,13.85,,13.85,,,7000,94400.00,7,F1,1000,,,,,
2026-08-20,2026-08-20,CM,NSE,STK,17747,INE342G01023,NIITMTS,EQ,,,,,NIIT LEARNING SYSTEMS LTD,235.39,236.79,230.04,231.46,231.25,236.34,,231.49,,,136311,31822301.55,4847,F1,1,,,,,
2026-08-20,2026-08-20,CM,NSE,STK,11522,INE161A01038,NIITLTD,EQ,,,,,NIIT LIMITED,92.40,93.10,91.80,92.58,92.89,92.32,,92.58,,,188843,17469715.73,2194,F1,1,,,,,
2026-08-20,2026-08-20,CM,NSE,STK,758178,INE0FLF01015,NIKITA,SM,,,,,NIKITA GRENTEC RECYCL LTD,74.65,74.65,74.65,74.65,74.65,74.65,,74.65,,,1200,89580.00,1,F1,1200,,,,,
2026-08-20,2026-08-20,CM,NSE,STK,9253,INE937C01029,NILAINFRA,EQ,,,,,NILA INFRASTRUCTURES LTD,6.97,7.14,6.92,6.96,6.96,6.96,,6.96,,,135557,950538.51,318,F1,1,,,,,
2026-08-20,2026-08-20,CM,NSE,STK,7411,INE00S901012,NILASPACES,EQ,,,,,NILA SPACES LIMITED,12.63,12.87,12.23,12.77,12.86,12.65,,12.77,,,946141,11938527.50,1692,F1,1,,,,,
2026-08-20,2026-08-20,CM,NSE,STK,762817,INE445D01013,NILE,EQ,,,,,NILE LTD.,1556.70,1556.70,1513.40,1529.50,1522.30,1544.40,,1529.30,,,3383,5180727.60,545,F1,1,,,,,
2026-08-20,2026-08-20,CM,NSE,STK,2421,INE310A01015,NILKAMAL,EQ,,,,,NILKAMAL LIMITED,2051.20,2074.00,1982.00,2043.70,2048.50,2033.80,,2043.74,,,245878,498533821.60,22604,F1,1,,,,,
2026-08-20,2026-08-20,CM,NSE,STK,761720,INE875B01015,NIMBSPROJ,EQ,,,,,NIMBUS PROJECTS LIMITED,176.00,184.80,175.99,180.00,180.00,176.00,,180.00,,,83244,15064568.09,148,F1,1,,,,,
2026-08-20,2026-08-20,CM,NSE,STK,14194,INE395U01014,NINSYS,EQ,,,,,NINTEC SYSTEMS LIMITED,703.55,737.00,703.55,729.20,732.95,720.40,,728.84,,,4823,3461353.00,299,F1,1,,,,,
2026-08-20,2026-08-20,CM,NSE,STK,11439,INF204KB15I9,BANKBEES,EQ,,,,,NIP IND ETF BANK BEES,594.00,598.27,593.65,596.06,596.00,593.26,,596.10,,,482011,287893561.47,4568,F1,1,,,,,
2026-08-20,2026-08-20,CM,NSE,STK,2435,INF204KA1LD7,CONSUMBEES,EQ,,,,,NIP IND ETF CONSUMPTION,133.83,134.81,133.08,134.55,134.79,133.42,,134.55,,,46099,6196970.25,681,F1,1,,,,,
2026-08-20,2026-08-20,CM,NSE,STK,2636,INF204KA1MS3,DIVOPPBEES,EQ,,,,,NIP IND ETF DIV OPP,78.24,78.24,77.53,77.80,78.05,77.39,,77.80,,,57328,4459617.06,526,F1,1,,,,,
2026-08-20,2026-08-20,CM,NSE,STK,9847,INF204KB18I3,NV20BEES,EQ,,,,,NIP IND ETF ETF NV20,139.75,140.42,138.46,139.60,139.70,139.75,,139.60,,,30350,4232006.91,294,F1,1,,,,,
2026-08-20,2026-08-20,CM,NSE,STK,14428,INF204KB17I5,GOLDBEES,EQ,,,,,NIP IND ETF GOLD BEES,127.83,129.37,127.83,128.88,128.83,125.73,,128.88,,,36486441,4701568473.19,101369,F1,1,,,,,
2026-08-20,2026-08-20,CM,NSE,STK,18284,INF204KB19I1,HNGSNGBEES,EQ,,,,,NIP IND ETF HANGSENG BEES,483.87,485.00,480.55,481.33,481.10,479.18,,481.31,,,60640,29209617.37,2660,F1,1,,,,,
2026-08-20,2026-08-20,CM,NSE,STK,20072,INF732E01268,INFRABEES,EQ,,,,,NIP IND ETF INFRA BEES,964.82,969.65,963.99,968.01,969.50,963.99,,968.01,,,3920,3788601.98,370,F1,1,,,,,
2026-08-20,2026-08-20,CM,NSE,STK,19084,INF204KB15V2,ITBEES,EQ,,,,,NIP IND ETF IT,34.52,34.52,34.00,34.07,34.15,33.68,,34.07,,,7079695,241907608.81,11123,F1,1,,,,,
2026-08-20,2026-08-20,CM,NSE,STK,10939,INF732E01045,JUNIORBEES,EQ,,,,,NIP IND ETF JUNIOR BEES,808.22,808.22,802.20,803.11,804.32,799.85,,803.11,,,319972,257345684.41,6220,F1,1,,,,,
2026-08-20,2026-08-20,CM,NSE,STK,11006,INF732E01037,LIQUIDBEES,EQ,,,,,NIP IND ETF LIQUID BEES,1000.00,1000.88,999.99,999.99,1000.01,999.99,,999.99,,,2354078,2354073651.24,3491,F1,1,,,,,
2026-08-20,2026-08-20,CM,NSE,STK,17700,INF204KB1882,LTGILTBEES,EQ,,,,,NIP IND ETF LONGTERM GILT,30.06,30.06,29.93,29.98,29.99,30.01,,29.98,,,1164823,34941966.16,671,F1,1,,,,,
2026-08-20,2026-08-20,CM,NSE,STK,8506,INF204KB1V68,MID150BEES,EQ,,,,,NIP IND ETF MIDCAP 150,245.95,245.95,240.12,242.30,242.45,241.32,,242.30,,,887678,215399475.08,5432,F1,1,,,,,
2026-08-20,2026-08-20,CM,NSE,STK,29577,INF204K014N5,NIF100BEES,EQ,,,,,NIP IND ETF NIFTY 100,268.80,270.10,268.76,269.46,270.00,267.57,,269.78,,,33459,9015926.56,686,F1,1,,,,,
2026-08-20,2026-08-20,CM,NSE,STK,10576,INF204KB14I2,NIFTYBEES,EQ,,,,,NIP IND ETF NIFTY BEES,278.00,278.00,275.52,276.57,276.55,274.62,,276.57,,,3634535,1005031717.91,27868,F1,1,,,,,
2026-08-20,2026-08-20,CM,NSE,STK,15032,INF204KB16I7,PSUBNKBEES,EQ,,,,,NIP IND ETF PSU BANK BEES,97.00,97.09,96.00,96.28,96.40,96.13,,96.28,,,761096,73544331.93,3581,F1,1,,,,,
2026-08-20,2026-08-20,CM,NSE,STK,17044,INF732E01128,SHARIABEES,EQ,,,,,NIP IND ETF SHARIAH BEES,462.23,463.80,457.62,460.85,461.40,457.62,,460.85,,,4715,2174764.85,324,F1,1,,,,,
2026-08-20,2026-08-20,CM,NSE,STK,357,INE298J01013,NAM-INDIA,EQ,,,,,NIPPON L I A M LTD,1225.00,1266.20,1221.00,1232.50,1232.50,1217.00,,1232.43,,,3152919,3926029729.10,100440,F1,1,,,,,
2026-08-20,2026-08-20,CM,NSE,STK,757725,INF204KC1FU1,LIQGRWBEES,EQ,,,,,NIPPONAMC - LIQGRWBEES,1052.20,1054.80,1051.15,1052.33,1052.33,1052.20,,1052.33,,,32379,34074527.35,179,F1,1,,,,,
2026-08-20,2026-08-20,CM,NSE,STK,758667,INF204KC1GH6,MANUFGBEES,EQ,,,,,NIPPONAMC - MANUFGBEES,166.20,166.67,165.49,166.58,166.67,166.02,,166.76,,,2537,421491.17,53,F1,1,,,,,
2026-08-20,2026-08-20,CM,NSE,STK,7880,INF204KC1337,AUTOBEES,EQ,,,,,NIPPONAMC - NETFAUTO,303.44,304.22,302.13,303.77,304.00,301.93,,303.77,,,135854,41239009.05,1802,F1,1,,,,,
2026-08-20,2026-08-20,CM,NSE,STK,4973,INF204KC1089,PHARMABEES,EQ,,,,,NIPPONAMC - NETFPHARMA,27.60,27.60,27.07,27.19,27.22,27.04,,27.19,,,2906416,78928748.82,7269,F1,1,,,,,
2026-08-20,2026-08-20,CM,NSE,STK,8080,INF204KC1402,SILVERBEES,EQ,,,,,NIPPONAMC - NETFSILVER,225.13,226.56,224.20,225.43,225.37,216.43,,225.43,,,36624820,8269468644.29,86733,F1,1,,,,,
2026-08-20,2026-08-20,CM,NSE,STK,757455,INF204KC1EZ3,SNXT30BEES,EQ,,,,,NIPPONAMC - SNXT30BEES,43.40,43.53,43.13,43.43,43.53,43.29,,43.43,,,2318,100600.67,60,F1,1,,,,,
2026-08-20,2026-08-20,CM,NSE,STK,255,INE368I01016,NIRAJ,EQ,,,,,NIRAJ CEMENT STRUC LTD,27.78,28.50,27.26,28.05,28.50,27.78,,28.04,,,41940,1171900.59,211,F1,1,,,,,
2026-08-20,2026-08-20,CM,NSE,STK,18840,INE326T01011,NIRAJISPAT,EQ,,,,,NIRAJ ISPAT IND LTD,219.52,224.00,202.00,216.00,216.00,224.00,,216.00,,,81,17783.54,11,F1,1,,,,,
2026-08-20,2026-08-20,CM,NSE,STK,2433,INE910A01012,NIRLON,EQ,,,,,NIRLON LTD,623.60,630.00,623.00,624.60,623.70,621.60,,624.61,,,3875,2423969.05,240,F1,1,,,,,
2026-08-20,2026-08-20,CM,NSE,STK,14722,INE0OK701014,NIRMAN,SM,,,,,NIRMAN AGRI GENTICS LTD,32.60,32.60,30.60,30.95,30.95,32.35,,30.95,,,21300,660975.00,62,F1,300,,,,,
2026-08-20,2026-08-20,CM,NSE,STK,13300,INE858F01012,NITCO,EQ,,,,,NITCO LIMITED,90.00,91.89,89.33,89.61,89.90,90.15,,89.61,,,747518,67346712.43,4482,F1,1,,,,,
2026-08-20,2026-08-20,CM,NSE,STK,13175,INE229H01012,NITINSPIN,EQ,,,,,NITIN SPINNERS LIMITED,592.00,596.00,580.55,586.05,588.70,583.55,,586.05,,,96700,56954034.95,4448,F1,1,,,,,
2026-08-20,2026-08-20,CM,NSE,STK,3247,INE439T01012,NITIRAJ,EQ,,,,,NITIRAJ ENGINEERS LTD,204.00,205.00,193.80,204.44,205.00,199.28,,204.44,,,3475,706631.21,93,F1,1,,,,,
2026-08-20,2026-08-20,CM,NSE,STK,762824,INE265B01019,NITTAGELA,EQ,,,,,NITTA GELATIN INDIA LTD.,1565.00,1598.90,1561.00,1577.60,1580.00,1559.50,,1578.16,,,2908,4569122.70,411,F1,1,,,,,
2026-08-20,2026-08-20,CM,NSE,STK,27097,INE995S01015,NIVABUPA,EQ,,,,,NIVA BUPA HEALTH INS CO L,83.96,84.21,82.50,82.88,82.90,83.96,,82.89,,,575760,47908111.60,10221,F1,1,,,,,
2026-08-20,2026-08-20,CM,NSE,STK,2439,INE542C01019,NKIND,EQ,,,,,NK INDUSTRIES LTD,60.99,60.99,56.50,56.60,58.80,61.55,,56.54,,,183,10605.59,16,F1,1,,,,,
2026-08-20,2026-08-20,CM,NSE,STK,8585,INE589A01014,NLCINDIA,EQ,,,,,NLC INDIA LIMITED,267.45,273.50,267.10,272.05,272.15,268.05,,272.05,,,1473017,399758353.35,28366,F1,1,,,,,
2026-08-20,2026-08-20,CM,NSE,STK,15332,INE584A01023,NMDC,EQ,,,,,NMDC LTD.,83.88,85.15,83.50,83.95,83.95,83.35,,83.95,,,16534911,1393225157.28,38127,F1,1,,,,,
2026-08-20,2026-08-20,CM,NSE,STK,14180,INE0NNS01018,NSLNISP,EQ,,,,,NMDC STEEL LIMITED,40.50,40.65,39.30,39.52,39.40,40.15,,39.52,,,5711367,227928006.32,20148,F1,1,,,,,
2026-08-20,2026-08-20,CM,NSE,STK,2442,INE163A01018,NOCIL,EQ,,,,,NOCIL LIMITED,162.19,163.69,161.10,161.66,161.84,161.57,,161.66,,,264224,42926623.79,3628,F1,1,,,,,
2026-08-20,2026-08-20,CM,NSE,STK,11214,INE781B01015,NOIDATOLL,BE,,,,,NOIDA TOLL BRIDGE CO LTD,4.19,4.19,4.05,4.13,4.14,4.14,,4.12,,,17387,71173.12,149,F1,1,,,,,
2026-08-20,2026-08-20,CM,NSE,STK,4160,INE369C01017,NORBTEAEXP,EQ,,,,,NORBEN TEA & EXPORTS LTD,67.10,69.75,67.10,67.73,67.50,69.14,,67.73,,,889,60165.18,20,F1,1,,,,,
2026-08-20,2026-08-20,CM,NSE,STK,13533,INE553C01016,NECCLTD,BE,,,,,NORTH EAST CARRY CORP LTD,14.30,15.08,14.10,15.08,15.08,14.37,,15.02,,,93239,1394794.40,281,F1,1,,,,,
2026-08-20,2026-08-20,CM,NSE,STK,25426,INE850M01015,NORTHARC,EQ,,,,,NORTHERN ARC CAPITAL LTD,286.00,293.80,282.00,292.60,292.65,284.35,,292.61,,,651296,188225909.65,11352,F1,1,,,,,
2026-08-20,2026-08-20,CM,NSE,STK,22478,INE02H701025,NOVAAGRI,BE,,,,,NOVA AGRITECH LIMITED,24.76,25.39,24.60,24.79,24.85,24.76,,24.78,,,36394,903829.18,194,F1,1,,,,,
2026-08-20,2026-08-20,CM,NSE,STK,9007,INE234A01025,NOVARTIND,EQ,,,,,NOVARTIS INDIA LIMITED,1540.00,1574.90,1476.00,1482.20,1483.00,1531.70,,1482.21,,,16240,24506918.80,1824,F1,1,,,,,
2026-08-20,2026-08-20,CM,NSE,STK,7553,INE349A01021,NRBBEARING,EQ,,,,,NRB BEARING LIMITED,488.95,489.70,478.15,483.20,485.00,483.15,,483.10,,,233232,112541494.65,6689,F1,1,,,,,
2026-08-20,2026-08-20,CM,NSE,STK,29733,INE047O01014,NIBL,EQ,,,,,NRB INDUS. BEARINGS LTD.,32.24,32.24,30.76,31.78,31.90,31.24,,31.78,,,9932,314322.06,155,F1,1,,,,,
2026-08-20,2026-08-20,CM,NSE,STK,27176,INE0ONG01011,NTPCGREEN,EQ,,,,,NTPC GREEN ENERGY LIMITED,92.00,92.35,91.62,91.88,91.77,91.70,,91.88,,,996071,91526764.45,10146,F1,1,,,,,
2026-08-20,2026-08-20,CM,NSE,STK,11630,INE733E01010,NTPC,EQ,,,,,NTPC LTD,337.10,339.55,334.40,337.50,337.50,336.55,,337.50,,,4185077,1413920417.90,69295,F1,1,,,,,
2026-08-20,2026-08-20,CM,NSE,STK,10791,INE096B01018,NUCLEUS,EQ,,,,,NUCLEUS SOFTWARE EXPORTS,732.65,747.00,728.00,736.60,735.65,727.80,,736.55,,,28376,20986663.45,1831,F1,1,,,,,
2026-08-20,2026-08-20,CM,NSE,STK,13680,INE0JM501013,NRL,BE,,,,,NUPUR RECYCLERS LIMITED,113.10,115.36,113.10,115.36,115.36,113.10,,115.36,,,38910,4472747.20,163,F1,1,,,,,
2026-08-20,2026-08-20,CM,NSE,STK,2353,INE0DSF01015,NURECA,BE,,,,,NURECA LIMITED,317.10,326.80,317.10,319.50,317.50,317.00,,319.66,,,2208,710115.95,96,F1,1,,,,,
2026-08-20,2026-08-20,CM,NSE,STK,18721,INE531F01023,NUVAMA,EQ,,,,,NUVAMA WEALTH MANAGE LTD,1738.80,1749.90,1715.10,1727.90,1720.00,1733.40,,1727.92,,,143618,249091809.60,12330,F1,1,,,,,
2026-08-20,2026-08-20,CM,NSE,STK,5426,INE118D01016,NUVOCO,EQ,,,,,NUVOCO VISTAS CORP LTD,317.80,322.60,317.00,321.70,320.55,318.50,,321.70,,,204635,65717284.55,9404,F1,1,,,,,
2026-08-20,2026-08-20,CM,NSE,STK,24301,INE0SF023016,NXT-INFRA,BL,,,,,NXT-INFRA TRUST,93.85,93.85,93.85,93.85,93.85,100.00,,93.85,,,19125000,1794881250.00,2,F1,25000,,,,,
2026-08-20,2026-08-20,CM,NSE,STK,24298,INE0SF023016,NXT-INFRA,IV,,,,,NXT-INFRA TRUST,95.60,95.60,95.60,95.60,95.60,96.19,,95.60,,,75000,7170000.00,3,F1,25000,,,,,
2026-08-20,2026-08-20,CM,NSE,STK,8797,INE426Z01016,OBCL,EQ,,,,,OBCL LIMITED,55.25,55.25,54.00,54.20,54.50,54.19,,54.20,,,17083,934196.17,64,F1,1,,,,,
2026-08-20,2026-08-20,CM,NSE,STK,20242,INE093I01010,OBEROIRLTY,EQ,,,,,OBEROI REALTY LIMITED,1880.00,1914.80,1866.30,1904.70,1904.70,1869.70,,1904.70,,,500903,950223257.50,37486,F1,1,,,,,
2026-08-20,2026-08-20,CM,NSE,STK,25923,INE0YHV01011,OBSCP,SM,,,,,OBSC PERFECTION LIMITED,845.60,862.00,844.00,855.85,858.60,840.60,,855.85,,,22400,19102000.00,42,F1,400,,,,,
2026-08-20,2026-08-20,CM,NSE,STK,25920,INE0PK601023,OCCLLTD,BE,,,,,OCCL LIMITED,165.14,168.00,157.05,165.41,166.99,165.14,,165.45,,,38502,6322576.38,387,F1,1,,,,,
2026-08-20,2026-08-20,CM,NSE,STK,27571,INE054301028,ODIGMA,EQ,,,,,ODIGMA CONSULTANCY SOL L,22.89,22.89,22.10,22.26,22.50,22.51,,22.26,,,11572,259433.03,344,F1,1,,,,,
2026-08-20,2026-08-20,CM,NSE,STK,764803,INE839E01023,ODYCORP,EQ,,,,,ODYSSEY CORPORATION LTD.,7.75,7.85,7.10,7.23,7.14,7.03,,7.24,,,47368,347991.66,125,F1,1,,,,,
2026-08-20,2026-08-20,CM,NSE,STK,2475,INE213A01029,ONGC,EQ,,,,,OIL AND NATURAL GAS CORP.,239.24,239.24,233.64,238.50,238.50,238.00,,238.50,,,11886277,2819169806.30,101832,F1,1,,,,,
2026-08-20,2026-08-20,CM,NSE,STK,8109,INE591A01010,OILCOUNTUB,BE,,,,,OIL COUNTRY TUBULAR LTD.,59.00,59.80,58.28,58.75,58.80,58.97,,58.75,,,20613,1225045.51,76,F1,1,,,,,
2026-08-20,2026-08-20,CM,NSE,STK,17438,INE274J01014,OIL,EQ,,,,,OIL INDIA LTD,475.40,481.50,465.00,480.90,480.90,474.85,,480.86,,,1364701,645215148.20,23160,F1,1,,,,,
2026-08-20,2026-08-20,CM,NSE,STK,24777,INE0LXG01040,OLAELEC,EQ,,,,,OLA ELECTRIC MOBILITY LTD,37.50,38.20,37.50,37.82,37.89,37.28,,37.82,,,21869017,829470831.27,51679,F1,1,,,,,
2026-08-20,2026-08-20,CM,NSE,STK,10637,INE260D01016,OLECTRA,EQ,,,,,OLECTRA GREENTECH LIMITED,1312.30,1326.00,1284.00,1291.20,1290.00,1305.60,,1291.22,,,218474,285156443.60,13569,F1,1,,,,,
2026-08-20,2026-08-20,CM,NSE,STK,759412,INE1BZC01019,OMFREIGHT,BE,,,,,OM FREIGHT FORWARDERS LTD,92.02,95.00,92.02,93.91,93.50,93.69,,93.91,,,5844,543788.12,89,F1,1,,,,,
2026-08-20,2026-08-20,CM,NSE,STK,24231,INE239D01028,OMINFRAL,EQ,,,,,OM INFRA LIMITED,86.40,86.46,84.29,84.67,85.00,85.04,,84.67,,,64339,5484776.33,1568,F1,1,,,,,
2026-08-20,2026-08-20,CM,NSE,STK,762432,INE25E901019,OMPOWER,EQ,,,,,OM POWER TRANSMISSION LTD,165.28,169.34,160.05,162.70,162.05,165.28,,162.79,,,73680,12043298.32,1116,F1,1,,,,,
2026-08-20,2026-08-20,CM,NSE,STK,10922,INE090B01011,OMAXAUTO,EQ,,,,,OMAX AUTOS LTD,196.00,204.00,192.00,199.74,199.50,195.27,,199.65,,,54186,10833445.32,1398,F1,1,,,,,
2026-08-20,2026-08-20,CM,NSE,STK,14853,INE800H01010,OMAXE,EQ,,,,,OMAXE LIMITED,99.58,104.00,99.02,103.16,103.10,99.41,,103.16,,,1399624,142912224.90,9685,F1,1,,,,,
2026-08-20,2026-08-20,CM,NSE,STK,117,INE338Y01016,OMFURN,SM,,,,,OMFURN INDIA LIMITED,59.35,59.45,59.20,59.45,59.45,59.50,,59.45,,,42000,2490300.00,9,F1,1200,,,,,
2026-08-20,2026-08-20,CM,NSE,STK,760865,INE0UH301010,OMNI,EQ,,,,,OMNITECH ENGINEERING LTD,588.80,615.00,570.00,574.00,573.90,586.65,,574.04,,,1188002,705791418.55,37117,F1,1,,,,,
2026-08-20,2026-08-20,CM,NSE,STK,19692,INE00ER01015,ONDOOR,SM,,,,,ON DOOR CONCEPTS LIMITED,249.00,249.00,241.95,246.05,246.00,248.80,,246.05,,,6300,1550355.00,18,F1,300,,,,,
2026-08-20,2026-08-20,CM,NSE,STK,6705,INE982J01020,PAYTM,EQ,,,,,ONE 97 COMMUNICATIONS LTD,1590.00,1622.80,1587.10,1603.60,1603.60,1583.50,,1603.61,,,4831205,7772123184.90,91166,F1,1,,,,,
2026-08-20,2026-08-20,CM,NSE,STK,765242,INE670O01013,ONEGLOBAL,EQ,,,,,ONE GLOBAL SERVICE PROV L,575.00,575.00,544.05,564.10,567.00,560.65,,564.66,,,18280,10269947.60,881,F1,1,,,,,
2026-08-20,2026-08-20,CM,NSE,STK,28046,INE0HLU01028,MOBIKWIK,EQ,,,,,ONE MOBIKWIK SYSTEMS LTD,195.61,198.39,194.20,195.66,195.35,195.61,,195.65,,,894001,175266765.59,12389,F1,1,,,,,
2026-08-20,2026-08-20,CM,NSE,STK,9939,INE840Y01029,ONEPOINT,EQ,,,,,ONE POINT ONE SOL LTD,56.89,57.00,55.47,56.61,56.50,56.31,,56.60,,,1161837,65411644.66,3899,F1,1,,,,,
2026-08-20,2026-08-20,CM,NSE,STK,19386,INE0OPS01011,OLIL,SM,,,,,ONECLICK LOGISTICS IND L,401.85,409.90,391.20,399.10,405.70,400.15,,399.10,,,32800,13063380.00,63,F1,400,,,,,
2026-08-20,2026-08-20,CM,NSE,STK,25496,INE912L01015,ONELIFECAP,BE,,,,,ONELIFE CAP ADVISORS LTD,34.40,34.40,31.67,33.68,33.88,33.00,,33.69,,,9768,320791.21,43,F1,1,,,,,
2026-08-20,2026-08-20,CM,NSE,STK,763294,INE12F801023,KISSHT,EQ,,,,,ONEMI TECHNOLOGY SOL LTD,302.00,314.25,301.00,302.65,303.90,300.25,,302.63,,,1666918,513409948.55,27068,F1,1,,,,,
2026-08-20,2026-08-20,CM,NSE,STK,29224,INE013P01021,ONESOURCE,EQ,,,,,ONESOURCE SPECL PHARMA L,1524.50,1555.70,1518.20,1534.50,1535.10,1520.50,,1534.57,,,73142,112795923.60,13033,F1,1,,,,,
2026-08-20,2026-08-20,CM,NSE,STK,2202,INE831A01028,ONIDA,EQ,,,,,ONIDA ELECTRONICS LIMITED,37.60,37.60,36.05,36.67,36.60,36.93,,36.66,,,236597,8645283.23,1438,F1,1,,,,,
2026-08-20,2026-08-20,CM,NSE,STK,764808,INE173M01012,ONIXSOLAR,EQ,,,,,ONIX SOLAR ENERGY LTD.,321.95,321.95,321.95,321.95,321.95,338.85,,321.95,,,12425,4000228.75,93,F1,1,,,,,
2026-08-20,2026-08-20,CM,NSE,STK,15282,INE809I01019,ONMOBILE,BE,,,,,ONMOBILE GLOBAL LTD.,58.15,58.15,58.15,58.15,58.15,59.33,,58.24,,,62243,3619430.45,254,F1,1,,,,,
2026-08-20,2026-08-20,CM,NSE,STK,2481,INE229A01017,ONWARDTEC,EQ,,,,,ONWARD TECHNOLOGIES LTD,281.65,295.20,281.65,292.25,292.00,282.40,,292.42,,,50388,14645239.60,1690,F1,1,,,,,
2026-08-20,2026-08-20,CM,NSE,STK,21469,INE350C01017,OPTIEMUS,EQ,,,,,OPTIEMUS INFRACOM LTD,559.95,563.50,547.55,551.75,553.35,546.70,,551.72,,,89560,49772424.45,3907,F1,1,,,,,
2026-08-20,2026-08-20,CM,NSE,STK,764813,INE031G01022,OPTIFIN,EQ,,,,,OPTIMUS FINANCE LTD.,11.91,12.31,11.56,12.06,11.97,11.91,,12.16,,,39428,471962.79,129,F1,1,,,,,
2026-08-20,2026-08-20,CM,NSE,STK,764531,INE1JZB01022,OPTIMYSTIX,ST,,,,,OPTIMYSTIX ENT INDIA LTD,179.50,182.00,175.00,179.95,176.45,179.95,,179.95,,,59200,10589440.00,43,F1,800,,,,,
2026-08-20,2026-08-20,CM,NSE,STK,758903,INE15B101011,OPTIVALUE,ST,,,,,OPTIVALUE TEK CONSULT LTD,181.80,188.00,180.00,180.00,180.00,182.90,,180.00,,,49600,9028240.00,25,F1,1600,,,,,
2026-08-20,2026-08-20,CM,NSE,STK,10738,INE881D01027,OFSS,EQ,,,,,ORACLE FIN SERV SOFT LTD.,11825.00,11917.00,11680.00,11826.00,11826.00,11774.00,,11828.55,,,188774,2236608468.00,27533,F1,1,,,,,
2026-08-20,2026-08-20,CM,NSE,STK,31479,INE231G01010,ORBTEXP,BE,,,,,ORBIT EXPORTS LIMITED,230.50,232.20,228.00,229.36,230.00,230.12,,229.29,,,5944,1368834.81,95,F1,1,,,,,
2026-08-20,2026-08-20,CM,NSE,STK,29492,INE215B01022,ORCHASP,EQ,,,,,ORCHASP LIMITED,1.38,1.45,1.30,1.36,1.36,1.39,,1.36,,,414560,563319.77,475,F1,1,,,,,
2026-08-20,2026-08-20,CM,NSE,STK,926,INE191A01027,ORCHPHARMA,EQ,,,,,ORCHID PHARMA LIMITED,981.35,994.60,971.10,980.05,981.00,979.50,,980.01,,,54874,53779287.95,5521,F1,1,,,,,
2026-08-20,2026-08-20,CM,NSE,STK,17882,INE0OUT01019,ORIANA,SM,,,,,ORIANA POWER LIMITED,1219.00,1255.00,1190.00,1194.40,1191.90,1212.40,,1194.40,,,88200,106742550.00,899,F1,75,,,,,
2026-08-20,2026-08-20,CM,NSE,STK,10159,INE730A01022,ORICONENT,EQ,,,,,ORICON ENTERPRISES LTD,57.43,59.70,55.12,58.12,58.00,56.71,,58.09,,,288622,16699692.39,665,F1,1,,,,,
2026-08-20,2026-08-20,CM,NSE,STK,14278,INE607D01018,ORIENTBELL,EQ,,,,,ORIENT BELL LIMITED,345.40,348.10,335.90,339.20,344.00,343.35,,339.20,,,24640,8389430.35,1262,F1,1,,,,,
2026-08-20,2026-08-20,CM,NSE,STK,30089,INE876N01018,ORIENTCEM,EQ,,,,,ORIENT CEMENT LTD.,131.89,132.30,129.60,130.86,130.10,129.47,,130.86,,,259124,34006592.95,3002,F1,1,,,,,
2026-08-20,2026-08-20,CM,NSE,STK,13111,INE569C01020,ORIENTCER,EQ,,,,,ORIENT CERATECH LIMITED,43.00,47.23,42.52,46.73,47.00,43.12,,46.72,,,353057,16172993.07,3978,F1,1,,,,,
2026-08-20,2026-08-20,CM,NSE,STK,2972,INE142Z01019,ORIENTELEC,EQ,,,,,ORIENT ELECTRIC LIMITED,181.20,187.28,181.20,186.03,186.40,180.59,,186.00,,,194567,36069219.22,4773,F1,1,,,,,
2026-08-20,2026-08-20,CM,NSE,STK,20110,INE999K01014,GREENPOWER,EQ,,,,,ORIENT GREEN POWER CO LTD,9.44,9.64,9.41,9.54,9.54,9.43,,9.54,,,2060320,19545605.37,3541,F1,1,,,,,
2026-08-20,2026-08-20,CM,NSE,STK,2493,INE750A01020,ORIENTHOT,EQ,,,,,ORIENT HOTELS LTD,138.00,139.00,131.02,137.29,136.60,139.50,,137.26,,,5169194,697259000.09,27956,F1,1,,,,,
2026-08-20,2026-08-20,CM,NSE,STK,2496,INE592A01026,ORIENTPPR,EQ,,,,,ORIENT PAPER AND INDS LTD,17.45,17.45,16.87,17.10,17.13,16.85,,17.10,,,218697,3722342.94,644,F1,1,,,,,
2026-08-20,2026-08-20,CM,NSE,STK,18211,INE609C01024,ORIENTLTD,BE,,,,,ORIENT PRESS LIMITED,82.00,82.00,79.50,81.97,81.97,79.30,,81.24,,,2628,213192.64,28,F1,1,,,,,
2026-08-20,2026-08-20,CM,NSE,STK,24961,INE0PPK01015,ORIENTTECH,EQ,,,,,ORIENT TECHNOLOGIES LTD,242.05,247.00,242.05,243.15,242.05,240.65,,243.09,,,100778,24566305.05,2350,F1,1,,,,,
2026-08-20,2026-08-20,CM,NSE,STK,10768,INE959C01023,OAL,EQ,,,,,ORIENTAL AROMATICS LTD,342.10,344.45,332.80,334.90,334.10,341.90,,334.94,,,9156,3090596.35,692,F1,1,,,,,
2026-08-20,2026-08-20,CM,NSE,STK,764818,INE457G01029,ORIRAIL,EQ,,,,,ORIENTAL RAIL INFRA L,104.95,106.79,102.80,103.63,103.40,105.09,,103.55,,,51219,5338559.67,773,F1,1,,,,,
2026-08-20,2026-08-20,CM,NSE,STK,14346,INE998H01012,ORIENTALTL,EQ,,,,,ORIENTAL TRIMEX LTD,5.08,5.13,4.90,5.02,5.07,5.06,,5.03,,,66753,334763.23,291,F1,1,,,,,
2026-08-20,2026-08-20,CM,NSE,STK,19931,INE725E01024,ORISSAMINE,EQ,,,,,ORISSA MIN DEV CO LTD,4650.00,4712.30,4620.00,4651.50,4669.90,4637.00,,4651.64,,,21008,97944746.60,4413,F1,1,,,,,
2026-08-20,2026-08-20,CM,NSE,STK,759569,INE16NZ01023,ORKLAINDIA,EQ,,,,,ORKLA INDIA LIMITED,551.95,562.00,548.05,550.35,550.00,551.00,,550.38,,,67217,37454552.85,5178,F1,1,,,,,
2026-08-20,2026-08-20,CM,NSE,STK,2979,INE749B01020,ORTINGLOBE,EQ,,,,,ORTIN GLOBAL LIMITED,15.49,15.99,15.25,15.95,15.95,15.48,,15.95,,,6986,107900.52,36,F1,1,,,,,
2026-08-20,2026-08-20,CM,NSE,STK,25386,INE0RMF01018,OSELDEVICE,SM,,,,,OSEL DEVICES LIMITED,375.80,390.00,357.15,384.15,386.80,364.20,,384.15,,,68200,25444840.00,236,F1,200,,,,,
2026-08-20,2026-08-20,CM,NSE,STK,12643,INE06IR01021,OSIAHYPER,BE,,,,,OSIA HYPER RETAIL LIMITED,2.97,2.97,2.83,2.96,2.97,2.83,,2.96,,,1827260,5400442.34,920,F1,1,,,,,
2026-08-20,2026-08-20,CM,NSE,STK,2514,INE142A01012,OSWALAGRO,EQ,,,,,OSWAL AGRO MILLS LTD,37.83,37.83,36.90,37.57,37.59,37.46,,37.57,,,22762,849784.31,420,F1,1,,,,,
2026-08-20,2026-08-20,CM,NSE,STK,471,INE143A01010,OSWALGREEN,EQ,,,,,OSWAL GREENTECH LIMITED,20.99,21.38,20.99,21.27,21.38,20.89,,21.26,,,57261,1215768.69,522,F1,1,,,,,
2026-08-20,2026-08-20,CM,NSE,STK,756802,INE0BYP01024,OSWALPUMPS,EQ,,,,,OSWAL PUMPS LIMITED,293.00,307.65,291.30,304.75,306.40,292.10,,304.76,,,1646644,499354883.35,25678,F1,1,,,,,
2026-08-20,2026-08-20,CM,NSE,STK,22914,INE0R8M01017,OWAIS,ST,,,,,OWAIS METAL & MINERAL,64.35,65.40,64.35,64.35,64.35,67.70,,64.35,,,31300,2014725.00,115,F1,100,,,,,
2026-08-20,2026-08-20,CM,NSE,STK,25312,INE953R01016,PNGJL,EQ,,,,,P N GADGIL JEWELLERS LTD,609.50,613.70,602.00,609.45,610.00,603.45,,609.45,,,491130,297991047.60,11832,F1,1,,,,,
2026-08-20,2026-08-20,CM,NSE,STK,764845,INE035S01028,POEL,EQ,,,,,P O C L ENTERPRISES LTD.,159.30,165.00,159.30,163.80,165.00,162.15,,163.95,,,39953,6543127.31,373,F1,1,,,,,
2026-08-20,2026-08-20,CM,NSE,STK,29665,INE0XUS01020,PSRAJ,ST,,,,,P S RAJ STEELS LIMITED,82.25,82.25,82.25,82.25,82.25,82.25,,82.25,,,2500,205625.00,1,F1,2500,,,,,
2026-08-20,2026-08-20,CM,NSE,STK,2535,INE179A01014,PGHH,EQ,,,,,P&G HYGIENE & HEALTH CARE,8260.00,8309.00,8220.00,8248.00,8243.00,8239.00,,8248.02,,,8760,72321584.00,2065,F1,1,,,,,
2026-08-20,2026-08-20,CM,NSE,STK,8735,INE0KN801013,PROPEQUITY,SM,,,,,P. E. ANALYTICS LIMITED,216.35,220.00,216.35,220.00,220.00,220.00,,220.00,,,1800,391620.00,2,F1,600,,,,,
2026-08-20,2026-08-20,CM,NSE,STK,759342,INE0S3G01027,PACEDIGITK,EQ,,,,,PACE DIGITEK LIMITED,177.20,177.89,175.01,175.37,175.40,175.81,,175.37,,,371337,65608530.00,3698,F1,1,,,,,
2026-08-20,2026-08-20,CM,NSE,STK,764823,INE883C01025,PACIFICI,EQ,,,,,PACIFIC INDUSTRIES LTD.,133.55,159.00,133.55,150.98,152.90,133.55,,151.02,,,8374,1241811.31,223,F1,1,,,,,
2026-08-20,2026-08-20,CM,NSE,STK,14413,INE761H01022,PAGEIND,EQ,,,,,PAGE INDUSTRIES LTD,35660.00,35845.00,35150.00,35505.00,35505.00,35240.00,,35508.75,,,40743,1447298340.00,18914,F1,1,,,,,
2026-08-20,2026-08-20,CM,NSE,STK,25468,INE420C01059,PAISALO,EQ,,,,,PAISALO DIGITAL LIMITED,69.55,70.30,69.00,69.95,70.20,69.37,,69.95,,,3401041,236925624.66,11095,F1,1,,,,,
2026-08-20,2026-08-20,CM,NSE,STK,17197,INE551D01018,PAKKA,EQ,,,,,PAKKA LIMITED,89.00,92.00,85.71,88.69,88.15,88.54,,88.67,,,321273,28751458.06,5392,F1,1,,,,,
2026-08-20,2026-08-20,CM,NSE,STK,21383,INE471W01019,PALASHSECU,EQ,,,,,PALASH SECURITIES LTD,87.90,92.00,86.60,88.20,89.84,86.37,,88.20,,,1297,115518.94,23,F1,1,,,,,
2026-08-20,2026-08-20,CM,NSE,STK,17059,INE218G01033,PALREDTEC,BE,,,,,PALRED TECHNOLOGIES LTD,55.00,57.75,54.00,57.24,57.75,55.00,,57.24,,,3337,187913.30,45,F1,1,,,,,
2026-08-20,2026-08-20,CM,NSE,STK,4055,INE922B01023,PANACEABIO,EQ,,,,,PANACEA BIOTEC LTD,409.05,420.35,405.70,413.65,411.20,402.65,,413.66,,,187436,77570067.20,5947,F1,1,,,,,
2026-08-20,2026-08-20,CM,NSE,STK,16355,INE895W01019,PANACHE,BE,,,,,PANACHE DIGILIFE LIMITED,554.95,554.95,522.90,527.85,539.50,541.10,,527.85,,,10727,5712166.60,200,F1,1,,,,,
2026-08-20,2026-08-20,CM,NSE,STK,25392,INE305C01029,PANAMAPET,EQ,,,,,PANAMA PETROCHEM LTD,492.00,493.00,480.95,486.25,485.00,489.65,,486.25,,,259975,126495725.85,6717,F1,1,,,,,
2026-08-20,2026-08-20,CM,NSE,STK,764828,INE798F01010,PANCHMAHQ,EQ,,,,,PANCHMAHAL STEEL LTD.,286.00,299.00,286.00,299.00,299.00,294.45,,298.65,,,93,27160.50,7,F1,1,,,,,
2026-08-20,2026-08-20,CM,NSE,STK,765140,INE258R01028,PANORAMA,EQ,,,,,PANORAMA STUDIOS INTL. L,45.88,47.50,44.98,45.95,45.52,45.95,,45.90,,,163879,7562698.54,635,F1,1,,,,,
2026-08-20,2026-08-20,CM,NSE,STK,6141,INE697V01011,PANSARI,EQ,,,,,PANSARI DEVELOPERS LTD,329.80,329.80,305.00,318.20,318.25,312.60,,318.20,,,572,181126.90,37,F1,1,,,,,
2026-08-20,2026-08-20,CM,NSE,STK,5631,INE04LG01015,PAR,EQ,,,,,PAR DRUGS AND CHEM LTD,100.86,103.40,100.01,102.48,103.35,100.86,,102.48,,,5149,523642.80,108,F1,1,,,,,
2026-08-20,2026-08-20,CM,NSE,STK,9741,INE088F01024,PARADEEP,EQ,,,,,PARADEEP PHOSPHATES LTD,151.00,151.70,147.78,148.64,148.28,150.89,,148.65,,,1528159,229421639.69,15089,F1,1,,,,,
2026-08-20,2026-08-20,CM,NSE,STK,17130,INE883N01014,PARAGMILK,EQ,,,,,PARAG MILK FOODS LTD.,209.99,212.38,206.00,207.94,208.08,208.95,,207.94,,,1038835,216013204.25,6698,F1,1,,,,,
2026-08-20,2026-08-20,CM,NSE,STK,19779,INE0N4G01012,PARAGON,SM,,,,,PARAGON FINE S.C. LTD.,47.90,49.00,47.90,48.20,48.20,47.70,,48.20,,,15600,756600.00,11,F1,1200,,,,,
2026-08-20,2026-08-20,CM,NSE,STK,13951,INE074B01023,PARACABLES,EQ,,,,,PARAMOUNT COMM LTD,62.81,64.00,62.52,63.05,63.15,62.73,,63.05,,,714562,45103185.52,4526,F1,1,,,,,
2026-08-20,2026-08-20,CM,NSE,STK,25716,INE0TG801013,PARAMOUNT,SM,,,,,PARAMOUNT DYE TEC LIMITED,33.55,33.55,32.05,32.05,32.05,33.55,,32.05,,,2400,78720.00,2,F1,1200,,,,,
2026-08-20,2026-08-20,CM,NSE,STK,25431,INE0Q6001012,PSFL,SM,,,,,PARAMOUNT SPECIALI FORG L,31.05,32.50,31.05,32.50,32.50,31.05,,32.50,,,6000,189200.00,3,F1,2000,,,,,
2026-08-20,2026-08-20,CM,NSE,STK,5911,INE045601023,PARAS,EQ,,,,,PARAS DEF AND SPCE TECH L,1496.00,1536.40,1476.00,1502.00,1500.00,1496.40,,1502.03,,,1211454,1823345089.20,51262,F1,1,,,,,
2026-08-20,2026-08-20,CM,NSE,STK,3972,INE162C01024,PARASPETRO,EQ,,,,,PARAS PETROFILS LTD.,2.25,2.28,2.14,2.17,2.14,2.21,,2.17,,,96909,214094.22,246,F1,1,,,,,
2026-08-20,2026-08-20,CM,NSE,STK,760351,INE119201023,PARKHOSPS,EQ,,,,,PARK MEDI WORLD LIMITED,273.00,276.00,266.50,272.60,274.00,270.65,,272.60,,,533049,144423006.35,9761,F1,1,,,,,
2026-08-20,2026-08-20,CM,NSE,STK,22649,INE988S01028,PARKHOTELS,EQ,,,,,PARKHOTELS,116.85,118.50,116.03,116.40,116.45,116.85,,116.40,,,69241,8083357.22,2055,F1,1,,,,,
2026-08-20,2026-08-20,CM,NSE,STK,764833,INE383L01019,PARNAXLAB,EQ,,,,,PARNAX LAB LTD.,120.80,130.00,120.00,122.09,125.00,120.24,,122.51,,,4373,549132.76,47,F1,1,,,,,
2026-08-20,2026-08-20,CM,NSE,STK,13795,INE561H01026,PARSVNATH,BE,,,,,PARSVNATH DEVELOPER LTD,1.41,1.41,1.41,1.41,1.41,1.43,,1.41,,,149298,210510.18,163,F1,1,,,,,
2026-08-20,2026-08-20,CM,NSE,STK,758217,INE1H7V01011,PARTH,SM,,,,,PARTH ELEC & ENG LTD,483.80,500.00,470.00,485.40,480.00,475.70,,485.40,,,12800,6223960.00,26,F1,400,,,,,
2026-08-20,2026-08-20,CM,NSE,STK,2599,INE06ZX01015,PARTYCRUS,SM,,,,,PARTY CRUISERS LIMITED,78.00,78.00,78.00,78.00,78.00,78.00,,78.00,,,1000,78000.00,1,F1,1000,,,,,
2026-08-20,2026-08-20,CM,NSE,STK,757955,INE124Y01028,PASHUPATI,EQ,,,,,PASHUPATI COTSPIN LIMITED,88.50,88.90,85.80,86.73,87.45,86.31,,86.79,,,31331,2715701.11,2059,F1,1,,,,,
2026-08-20,2026-08-20,CM,NSE,STK,6048,INE818B01023,PASUPTAC,BE,,,,,PASUPATI ACRYLON LIMITED,62.65,63.80,60.71,62.39,63.10,61.56,,62.39,,,115108,7204589.88,302,F1,1,,,,,
2026-08-20,2026-08-20,CM,NSE,STK,17029,INE619A01035,PATANJALI,EQ,,,,,PATANJALI FOODS LIMITED,352.95,354.40,349.70,352.30,352.30,350.95,,352.50,,,1623228,570783597.60,40793,F1,1,,,,,
2026-08-20,2026-08-20,CM,NSE,STK,11699,INE244B01030,PATELENG,EQ,,,,,PATEL ENGINEERING LTD.,27.86,28.30,27.86,28.14,28.24,27.80,,28.14,,,2403763,67506483.67,5852,F1,1,,,,,
2026-08-20,2026-08-20,CM,NSE,STK,15223,INE529D01014,PATINTLOG,BE,,,,,PATEL INT. LOG. LTD,13.60,13.95,13.60,13.82,13.83,13.76,,13.81,,,99570,1366258.16,119,F1,1,,,,,
2026-08-20,2026-08-20,CM,NSE,STK,759439,INE0R8B01010,PATELRMART,EQ,,,,,PATEL RETAIL LIMITED,238.00,239.90,230.63,232.32,231.00,238.23,,232.30,,,89598,21134146.68,2852,F1,1,,,,,
2026-08-20,2026-08-20,CM,NSE,STK,756963,INE17GV01016,PATILAUTOM,SM,,,,,PATIL AUTOMATION LIMITED,240.05,245.05,237.00,237.25,237.00,239.50,,237.25,,,42600,10268100.00,64,F1,600,,,,,
2026-08-20,2026-08-20,CM,NSE,STK,762834,INE291E01019,PML,EQ,,,,,PAUL MERCHANTS LTD.,499.90,500.50,486.40,490.50,499.45,492.10,,490.75,,,371,182965.30,26,F1,1,,,,,
2026-08-20,2026-08-20,CM,NSE,STK,759969,INE111F01024,PAUSHAKLTD,EQ,,,,,PAUSHAK LIMITED,776.80,803.95,776.75,787.40,783.00,777.80,,787.63,,,56944,45166573.25,5041,F1,1,,,,,
2026-08-20,2026-08-20,CM,NSE,STK,16192,INE07S101038,PAVNAIND,EQ,,,,,PAVNA INDUSTRIES LIMITED,18.55,19.31,18.31,18.72,18.60,18.87,,18.72,,,48102,907328.07,284,F1,1,,,,,
2026-08-20,2026-08-20,CM,NSE,STK,6656,INE417T01026,POLICYBZR,EQ,,,,,PB FINTECH LIMITED,1792.00,1803.40,1764.00,1779.60,1779.60,1782.10,,1779.45,,,1101007,1964109988.20,48919,F1,1,,,,,
2026-08-20,2026-08-20,CM,NSE,STK,29124,INE785M01021,PCJEWELLER,EQ,,,,,PC JEWELLER LTD,9.68,9.82,9.55,9.61,9.60,9.68,,9.61,,,78831265,764433279.91,28767,F1,1,,,,,
2026-08-20,2026-08-20,CM,NSE,STK,2649,INE602A01031,PCBL,EQ,,,,,PCBL CHEMICAL LIMITED,328.00,328.00,318.55,319.85,319.50,326.70,,319.84,,,740842,240204322.10,14498,F1,1,,,,,
2026-08-20,2026-08-20,CM,NSE,STK,5264,INE111Q01021,PDSL,EQ,,,,,PDS LIMITED,363.90,376.85,362.10,370.15,370.00,361.90,,370.17,,,130129,48143624.75,6131,F1,1,,,,,
2026-08-20,2026-08-20,CM,NSE,STK,14260,INE940H01022,PGIL,EQ,,,,,PEARL GLOBAL IND LIMITED,2438.00,2454.00,2360.80,2377.60,2387.10,2413.70,,2377.70,,,40967,98551928.00,6441,F1,1,,,,,
2026-08-20,2026-08-20,CM,NSE,STK,2610,INE844A01013,PEARLPOLY,EQ,,,,,PEARL POLYMERS LTD,15.99,16.56,15.70,16.01,16.00,15.90,,16.08,,,9611,156593.92,57,F1,1,,,,,
2026-08-20,2026-08-20,CM,NSE,STK,25408,INE0VG601013,PELATRO,SM,,,,,PELATRO LIMITED,329.90,387.00,329.90,358.80,355.15,327.50,,358.80,,,42000,14782560.00,86,F1,300,,,,,
2026-08-20,2026-08-20,CM,NSE,STK,5358,INE138A01028,PENINLAND,BE,,,,,PENINSULA LAND LIMITED,14.92,15.20,14.92,15.20,15.20,14.91,,15.18,,,32084,481576.42,61,F1,1,,,,,
2026-08-20,2026-08-20,CM,NSE,STK,20621,INE932A01024,PENIND,EQ,,,,,PENNAR INDUSTRIES LTD,159.33,164.40,157.17,163.29,163.59,158.23,,163.29,,,763245,123841526.77,9945,F1,1,,,,,
2026-08-20,2026-08-20,CM,NSE,STK,17132,INE0ORS01017,PENTAGON,SM,,,,,PENTAGON RUBBER LIMITED,52.95,53.00,49.60,53.00,53.00,51.95,,53.00,,,3000,155550.00,3,F1,1000,,,,,
2026-08-20,2026-08-20,CM,NSE,STK,758121,INE925S01012,PERFECT,SZ,,,,,PERFECT INFRAENGINEER LTD,2.20,2.20,2.20,2.20,2.20,2.20,,2.20,,,6000,13200.00,1,F1,3000,,,,,
2026-08-20,2026-08-20,CM,NSE,STK,764838,INE418E01018,PERMAGN,EQ,,,,,PERMANENT MAGNETS LTD.,882.20,905.00,855.00,881.55,884.00,882.20,,881.77,,,6952,6134159.40,567,F1,1,,,,,
2026-08-20,2026-08-20,CM,NSE,STK,18365,INE262H01021,PERSISTENT,EQ,,,,,PERSISTENT SYSTEMS LTD,5572.00,5706.00,5534.00,5674.00,5674.00,5510.00,,5674.17,,,701333,3966287075.00,41903,F1,1,,,,,
2026-08-20,2026-08-20,CM,NSE,STK,24290,INE998U01015,PCCL,SM,,,,,PETRO CARBON AND CHEMI L,335.00,342.00,325.00,341.10,341.00,335.00,,341.10,,,24000,8087620.00,36,F1,400,,,,,
2026-08-20,2026-08-20,CM,NSE,STK,11351,INE347G01014,PETRONET,EQ,,,,,PETRONET LNG LIMITED,290.00,293.75,286.60,291.40,291.40,288.15,,291.40,,,3197045,929624810.50,41060,F1,1,,,,,
2026-08-20,2026-08-20,CM,NSE,STK,2643,INE182A01018,PFIZER,EQ,,,,,PFIZER LTD,4961.30,4969.00,4870.10,4920.00,4921.20,4919.50,,4920.09,,,297497,1458672790.10,8904,F1,1,,,,,
2026-08-20,2026-08-20,CM,NSE,STK,759562,INE140A07740,905PFL26,N1,,,,,PFL 9.05% SR II 2026,1058.20,1071.00,1000.00,1069.00,1069.00,1072.00,,1069.00,,,491,500898.40,15,F1,1,,,,,
2026-08-20,2026-08-20,CM,NSE,STK,759564,INE140A07773,935PFL33,N3,,,,,PFL 9.35% SR IV 20233,1068.57,1098.00,1068.57,1091.50,1085.00,1110.00,,1091.50,,,60,65031.40,4,F1,1,,,,,
2026-08-20,2026-08-20,CM,NSE,STK,25358,INE457L01029,PGEL,EQ,,,,,PG ELECTROPLAST LTD,606.40,613.70,602.05,602.05,602.05,601.90,,602.00,,,1434531,871557968.20,30070,F1,1,,,,,
2026-08-20,2026-08-20,CM,NSE,STK,11612,INE0MLZ01019,PHANTOMFX,SM,,,,,PHANTOM DIGITAL EFF LTD,135.00,138.00,133.00,136.00,136.00,133.45,,136.00,,,16800,2285400.00,37,F1,300,,,,,
2026-08-20,2026-08-20,CM,NSE,STK,2658,INE245B01011,PHOENXINTL,EQ,,,,,PHOENIX INTERNATIONAL LTD,31.40,31.40,29.99,30.53,31.00,30.76,,30.87,,,956,29131.69,31,F1,1,,,,,
2026-08-20,2026-08-20,CM,NSE,STK,25513,INE0FPO01018,PHOGLOBAL,SM,,,,,PHOENIX OVERSEAS LIMITED,15.60,16.00,15.60,16.00,16.00,15.50,,16.00,,,10000,157500.00,5,F1,2000,,,,,
2026-08-20,2026-08-20,CM,NSE,STK,759723,INE0LP301011,PWL,EQ,,,,,PHYSICSWALLAH LIMITED,122.99,124.09,121.50,121.95,122.00,121.92,,121.95,,,7546593,925685465.07,29800,F1,1,,,,,
2026-08-20,2026-08-20,CM,NSE,STK,24184,INE603J01030,PIIND,EQ,,,,,PI INDUSTRIES LTD,2510.00,2522.50,2482.50,2482.50,2482.50,2505.00,,2482.53,,,96187,240773640.90,8057,F1,1,,,,,
2026-08-20,2026-08-20,CM,NSE,STK,757754,INE546C01010,PICCADIL,EQ,,,,,PICCADILY AGRO INDUSTRI L,705.65,723.00,700.15,709.40,707.20,705.85,,709.42,,,167379,119217945.60,8500,F1,1,,,,,
2026-08-20,2026-08-20,CM,NSE,STK,24785,INE0YAL01017,PPSL,SM,,,,,PICTUREPOST STUDIOS LTD,3.00,3.00,2.85,3.00,3.00,2.90,,3.00,,,39000,115350.00,13,F1,3000,,,,,
2026-08-20,2026-08-20,CM,NSE,STK,2664,INE318A01026,PIDILITIND,EQ,,,,,PIDILITE INDUSTRIES LTD,1658.50,1666.90,1647.50,1660.00,1660.00,1650.00,,1660.00,,,419940,695577761.40,18352,F1,1,,,,,
2026-08-20,2026-08-20,CM,NSE,STK,30835,INE600A01035,PILITA,EQ,,,,,PIL ITALICA LIFESTYLE LTD,7.91,8.27,7.91,8.20,8.20,8.00,,8.19,,,14746,120013.56,104,F1,1,,,,,
2026-08-20,2026-08-20,CM,NSE,STK,11445,INE417C01014,PILANIINVS,EQ,,,,,PILANI INV & IND COR LTD,4314.10,4331.40,4282.00,4309.50,4301.00,4291.80,,4311.47,,,805,3475871.00,309,F1,1,,,,,
2026-08-20,2026-08-20,CM,NSE,STK,759820,INE15B701018,PINELABS,EQ,,,,,PINE LABS LIMITED,158.53,163.70,158.53,159.73,160.20,157.62,,159.75,,,16569121,2674057015.02,66046,F1,1,,,,,
2026-08-20,2026-08-20,CM,NSE,STK,13463,INE156C01018,PIONEEREMB,EQ,,,,,PIONEER EMBROIDERIES LTD,22.40,22.40,21.41,21.76,21.80,22.03,,21.77,,,21808,473827.07,164,F1,1,,,,,
2026-08-20,2026-08-20,CM,NSE,STK,762832,INE746D01014,PIONRINV,BE,,,,,PIONEER INVESTCORP LTD.,80.05,80.39,76.39,79.98,79.98,80.41,,81.71,,,2551,198321.94,45,F1,1,,,,,
2026-08-20,2026-08-20,CM,NSE,STK,759551,INE202B01038,PIRAMALFIN,EQ,,,,,PIRAMAL FINANCE LIMITED,2068.00,2135.40,2053.30,2128.10,2125.90,2057.40,,2128.00,,,278225,585171572.60,20771,F1,1,,,,,
2026-08-20,2026-08-20,CM,NSE,STK,11571,INE0DK501011,PPLPHARMA,EQ,,,,,PIRAMAL PHARMA LIMITED,209.64,217.00,209.33,216.66,216.15,209.64,,216.65,,,4134099,886116973.97,44484,F1,1,,,,,
2026-08-20,2026-08-20,CM,NSE,STK,14134,INE450D01021,PITTIENG,EQ,,,,,PITTI ENGINEERING LIMITED,1074.00,1083.00,1037.70,1051.65,1051.00,1069.35,,1051.58,,,86184,90678833.85,7638,F1,1,,,,,
2026-08-20,2026-08-20,CM,NSE,STK,9087,INE751B01018,PIXTRANS,EQ,,,,,PIX TRANSMISSIONS LIMITED,1816.00,1832.90,1802.30,1820.30,1823.60,1815.20,,1820.33,,,10418,18962260.90,1747,F1,1,,,,,
2026-08-20,2026-08-20,CM,NSE,STK,19492,INE0PXD01014,PLADAINFO,SM,,,,,PLADA INFOTECH SERVICES L,9.85,9.90,9.85,9.90,9.90,9.45,,9.90,,,15000,148350.00,5,F1,3000,,,,,
2026-08-20,2026-08-20,CM,NSE,STK,13920,INE083C01022,PLASTIBLEN,EQ,,,,,PLASTIBLENDS INDIA LTD,187.00,190.04,187.00,188.93,189.30,187.13,,189.04,,,15361,2904437.43,464,F1,1,,,,,
2026-08-20,2026-08-20,CM,NSE,STK,22930,INE0PT501018,PLATIND,EQ,,,,,PLATINUM INDUSTRIES LTD,206.38,213.00,205.00,211.07,211.46,206.38,,211.13,,,79154,16525430.07,1716,F1,1,,,,,
2026-08-20,2026-08-20,CM,NSE,STK,19458,INE0INJ01017,PLAZACABLE,EQ,,,,,PLAZA WIRES LIMITED,48.25,52.35,48.25,52.18,52.35,49.86,,52.17,,,62656,3216176.84,1035,F1,1,,,,,
2026-08-20,2026-08-20,CM,NSE,STK,8736,INE859A01011,PNBGILTS,EQ,,,,,PNB GILTS LIMITED,79.20,80.47,78.90,79.11,78.91,78.78,,79.12,,,153598,12184721.85,1934,F1,1,,,,,
2026-08-20,2026-08-20,CM,NSE,STK,18908,INE572E01012,PNBHOUSING,EQ,,,,,PNB HOUSING FIN LTD.,1187.70,1207.00,1170.10,1175.50,1175.50,1174.00,,1175.48,,,2261483,2686551373.30,58688,F1,1,,,,,
2026-08-20,2026-08-20,CM,NSE,STK,9385,INE195J01029,PNCINFRA,EQ,,,,,PNC INFRATECH LTD.,212.03,214.00,208.82,209.34,209.05,212.01,,209.34,,,564710,118641374.30,21348,F1,1,,,,,
2026-08-20,2026-08-20,CM,NSE,STK,760242,INE1RDG01013,PNGSREVA,EQ,,,,,PNGS REVA DIAMOND JEWEL L,574.90,574.90,545.20,552.50,555.00,564.35,,552.00,,,139730,78215848.55,8472,F1,1,,,,,
2026-08-20,2026-08-20,CM,NSE,STK,19036,INE371C01013,PODDARMENT,EQ,,,,,PODDAR PIGMENTS LIMITED,250.00,258.90,249.50,251.10,251.25,248.90,,251.26,,,4182,1049409.30,102,F1,1,,,,,
2026-08-20,2026-08-20,CM,NSE,STK,17651,INE637C01025,POKARNA,EQ,,,,,POKARNA LIMITED,904.05,913.90,884.95,889.55,890.00,901.85,,889.57,,,38590,34665339.35,2552,F1,1,,,,,
2026-08-20,2026-08-20,CM,NSE,STK,25718,INE205C01021,POLYMED,EQ,,,,,POLY MEDICURE LIMITED,1775.00,1784.80,1756.00,1769.60,1771.00,1770.30,,1769.55,,,93919,165937022.90,8443,F1,1,,,,,
2026-08-20,2026-08-20,CM,NSE,STK,9590,INE455K01017,POLYCAB,EQ,,,,,POLYCAB INDIA LIMITED,9169.00,9180.00,9076.50,9125.00,9125.00,9140.00,,9125.04,,,270245,2466795271.00,39454,F1,1,,,,,
2026-08-20,2026-08-20,CM,NSE,STK,2687,INE633B01018,POLYPLEX,EQ,,,,,POLYPLEX CORPORATION LTD,1185.00,1191.20,1163.90,1170.90,1178.00,1171.90,,1170.88,,,31166,36675774.40,2198,F1,1,,,,,
2026-08-20,2026-08-20,CM,NSE,STK,22711,INE517M01028,POLYSIL,SM,,,,,POLYSIL IRRIGATION SYST L,57.90,57.90,57.90,57.90,57.90,60.90,,57.90,,,5500,318450.00,7,F1,500,,,,,
2026-08-20,2026-08-20,CM,NSE,STK,765150,INE914G01029,POLYSPIN,EQ,,,,,POLYSPIN EXPORTS LTD.,29.00,32.28,29.00,29.29,29.29,30.48,,29.65,,,29,894.68,6,F1,1,,,,,
2026-08-20,2026-08-20,CM,NSE,STK,14385,INE063E01061,POCL,EQ,,,,,PONDY OXIDES & CHEM LTD,505.00,512.00,497.85,503.25,505.10,500.60,,503.25,,,380466,192501726.75,10280,F1,1,,,,,
2026-08-20,2026-08-20,CM,NSE,STK,10661,INE838E01017,PONNIERODE,EQ,,,,,PONNIE SUGARS (ERODE) LTD,380.50,433.50,380.50,421.35,418.10,384.15,,421.29,,,439118,183725247.70,19468,F1,1,,,,,
2026-08-20,2026-08-20,CM,NSE,STK,11403,INE511C01022,POONAWALLA,EQ,,,,,POONAWALLA FINCORP LTD,496.30,506.00,492.40,494.05,494.85,493.30,,494.06,,,890599,443365180.75,19539,F1,1,,,,,
2026-08-20,2026-08-20,CM,NSE,STK,23142,INE772T01024,PVSL,EQ,,,,,POPULAR VEHICLES N SER L,116.00,116.26,111.92,114.67,114.00,113.43,,114.67,,,21107,2405805.04,643,F1,1,,,,,
2026-08-20,2026-08-20,CM,NSE,STK,24864,INE0S3H01017,POSITRON,SM,,,,,POSITRON ENERGY LIMITED,168.90,168.90,160.00,162.95,160.00,165.55,,162.95,,,3300,544320.00,11,F1,300,,,,,
2026-08-20,2026-08-20,CM,NSE,STK,14299,INE134E01011,PFC,EQ,,,,,POWER FIN CORP LTD.,374.45,375.10,363.20,363.80,363.80,374.45,,363.81,,,13375984,4896438023.65,129321,F1,1,,,,,
2026-08-20,2026-08-20,CM,NSE,STK,14977,INE752E01010,POWERGRID,EQ,,,,,POWER GRID CORP. LTD.,264.00,267.10,262.80,264.80,264.80,263.50,,264.82,,,7029993,1865952801.35,64250,F1,1,,,,,
2026-08-20,2026-08-20,CM,NSE,STK,15716,INE557Z01018,PIGL,EQ,,,,,POWER INSTRUMENT (G) LTD,105.00,107.00,102.21,103.80,104.37,105.00,,103.89,,,39587,4140191.23,964,F1,1,,,,,
2026-08-20,2026-08-20,CM,NSE,STK,10473,INE211R01019,POWERMECH,EQ,,,,,POWER MECH PROJECTS LTD.,2439.90,2466.30,2433.00,2455.60,2457.00,2427.70,,2455.53,,,28884,70829656.20,4578,F1,1,,,,,
2026-08-20,2026-08-20,CM,NSE,STK,3494,INE0GGX23010,PGINVIT,IV,,,,,POWERGRID INFRA. INVITS,100.20,100.20,99.58,99.64,99.60,99.73,,99.64,,,1009243,100743797.40,5907,F1,1,,,,,
2026-08-20,2026-08-20,CM,NSE,STK,761680,INE921L01032,POWERICA,EQ,,,,,POWERICA LIMITED,534.25,546.75,531.00,533.90,536.95,532.85,,533.91,,,138971,74803404.05,4201,F1,1,,,,,
2026-08-20,2026-08-20,CM,NSE,STK,15213,INE095I01015,PPAP,BE,,,,,PPAP AUTOMOTIVE LIMITED,277.80,277.80,271.05,274.00,275.00,271.70,,274.05,,,11297,3081573.60,197,F1,1,,,,,
2026-08-20,2026-08-20,CM,NSE,STK,30134,INE0I0M01023,PRABHA,EQ,,,,,PRABHA ENERGY LIMITED,209.95,214.80,198.02,212.89,214.00,199.79,,212.91,,,1362684,281750783.76,20551,F1,1,,,,,
2026-08-20,2026-08-20,CM,NSE,STK,762842,INE770A01010,PRADPME,BE,,,,,PRADEEP METALS LTD.,532.50,539.95,524.80,532.30,534.70,534.55,,532.30,,,4061,2164913.10,99,F1,1,,,,,
2026-08-20,2026-08-20,CM,NSE,STK,2705,INE074A01025,PRAJIND,EQ,,,,,PRAJ INDUSTRIES LTD,342.85,361.45,341.05,358.45,359.30,340.50,,358.44,,,2946324,1046516716.95,53122,F1,1,,,,,
2026-08-20,2026-08-20,CM,NSE,STK,13941,INE505C01016,PRAENG,EQ,,,,,PRAJAY ENG. SYN. LTD.,19.04,19.95,19.03,19.40,19.45,19.04,,19.40,,,49764,973450.88,149,F1,1,,,,,
2026-08-20,2026-08-20,CM,NSE,STK,2708,INE603A01013,PRAKASH,EQ,,,,,PRAKASH INDUSTRIES LTD,131.85,132.80,128.40,129.45,129.20,131.38,,129.46,,,290553,37908671.31,3750,F1,1,,,,,
2026-08-20,2026-08-20,CM,NSE,STK,10299,INE050001010,PPL,BE,,,,,PRAKASH PIPES LIMITED,273.00,275.00,268.20,270.75,272.00,271.50,,270.62,,,37498,10227812.35,334,F1,1,,,,,
2026-08-20,2026-08-20,CM,NSE,STK,19599,INE696K01024,PRAKASHSTL,EQ,,,,,PRAKASH STEELAGE LTD,3.99,3.99,3.88,3.93,3.94,3.92,,3.93,,,57670,225889.79,313,F1,1,,,,,
2026-08-20,2026-08-20,CM,NSE,STK,18514,INE0O7A01017,PRAMARA,SM,,,,,PRAMARA PROMOTIONS LTD,124.95,126.00,122.00,122.00,122.00,122.65,,122.00,,,11500,1429125.00,18,F1,500,,,,,
2026-08-20,2026-08-20,CM,NSE,STK,765290,INE2JG601017,PRAMODINI,ST,,,,,PRAMODINI MEDICARE LTD,119.05,122.00,116.00,118.10,116.85,121.65,,118.10,,,310800,36843600.00,155,F1,1200,,,,,
2026-08-20,2026-08-20,CM,NSE,STK,21840,INE393P01035,DIAMONDYD,EQ,,,,,PRATAAP SNACKS LIMITED,1181.20,1189.90,1167.10,1175.00,1178.00,1179.20,,1175.53,,,8151,9590602.90,813,F1,1,,,,,
2026-08-20,2026-08-20,CM,NSE,STK,23113,INE0QA601016,PRATHAM,SM,,,,,PRATHAM EPC PROJECTS LTD,115.10,121.80,115.10,118.00,118.00,120.00,,118.00,,,13200,1590400.00,10,F1,400,,,,,
2026-08-20,2026-08-20,CM,NSE,STK,762844,INE722B01019,PRAVEG,EQ,,,,,PRAVEG LTD.,267.50,274.00,260.65,262.10,262.00,267.50,,262.12,,,43704,11687991.35,1950,F1,1,,,,,
2026-08-20,2026-08-20,CM,NSE,STK,1204,INE546Y01022,PRAXIS,EQ,,,,,PRAXIS HOME RETAIL LTD,5.65,5.77,5.31,5.41,5.35,5.51,,5.41,,,211359,1163343.99,326,F1,1,,,,,
2026-08-20,2026-08-20,CM,NSE,STK,12603,INE484I01029,PRECAM,EQ,,,,,PRECISION CAMSHAFTS LTD.,131.90,134.50,130.20,130.68,130.45,131.02,,130.72,,,131552,17316148.02,2253,F1,1,,,,,
2026-08-20,2026-08-20,CM,NSE,STK,7963,INE0HKW01018,PRECISION,ST,,,,,PRECISION METALIKS LTD,7.30,7.30,7.30,7.30,7.30,7.60,,7.30,,,4000,29200.00,2,F1,2000,,,,,
2026-08-20,2026-08-20,CM,NSE,STK,2717,INE372C01037,PRECWIRE,EQ,,,,,PRECISION WIRES INDIA LTD,435.00,441.40,429.45,435.70,435.80,429.70,,435.67,,,296412,129102511.75,13114,F1,1,,,,,
2026-08-20,2026-08-20,CM,NSE,STK,2711,INE283A01014,PRECOT,EQ,,,,,PRECOT LIMITED,721.65,726.70,671.50,709.50,706.00,721.60,,709.50,,,10476,7359289.60,488,F1,1,,,,,
2026-08-20,2026-08-20,CM,NSE,STK,762849,INE001E01012,PREMCO,EQ,,,,,PREMCO GLOBAL LTD.,386.00,394.00,377.20,391.45,393.95,376.60,,390.96,,,1259,488807.60,90,F1,1,,,,,
2026-08-20,2026-08-20,CM,NSE,STK,25049,INE0BS701011,PREMIERENE,EQ,,,,,PREMIER ENERGIES LIMITED,1012.90,1049.60,1007.50,1040.00,1040.00,1002.00,,1039.62,,,1306864,1355348606.70,39424,F1,1,,,,,
2026-08-20,2026-08-20,CM,NSE,STK,17397,INE863B01029,PREMEXPLN,EQ,,,,,PREMIER EXPLOSIVES LTD,667.95,667.95,662.10,663.55,664.70,663.10,,663.55,,,75130,49857420.60,1845,F1,1,,,,,
2026-08-20,2026-08-20,CM,NSE,STK,6248,INE342A01018,PREMIER,BE,,,,,PREMIER LIMITED,2.70,2.83,2.70,2.72,2.81,2.72,,2.72,,,2934,8113.37,16,F1,1,,,,,
2026-08-20,2026-08-20,CM,NSE,STK,3908,INE309M01020,PREMIERPOL,EQ,,,,,PREMIER POLYFILM LTD,91.61,92.59,87.87,88.99,89.50,91.61,,88.99,,,897576,80500559.24,9273,F1,1,,,,,
2026-08-20,2026-08-20,CM,NSE,STK,23764,INE0CFG01012,PRLIND,SM,,,,,PREMIER ROADLINES LIMITED,42.95,43.45,42.60,42.80,42.60,42.60,,42.80,,,13000,560100.00,10,F1,1000,,,,,
2026-08-20,2026-08-20,CM,NSE,STK,25898,INE0M1F01011,PREMIUM,SM,,,,,PREMIUM PLAST LIMITED,38.00,38.00,38.00,38.00,38.00,37.90,,38.00,,,3000,114000.00,1,F1,3000,,,,,
2026-08-20,2026-08-20,CM,NSE,STK,20498,INE0R1601012,PRESSTONIC,SM,,,,,PRESSTONIC ENGINEERING L,36.00,36.50,32.40,33.95,33.75,34.60,,33.95,,,68800,2393080.00,74,F1,800,,,,,
2026-08-20,2026-08-20,CM,NSE,STK,20302,INE811K01011,PRESTIGE,EQ,,,,,PRESTIGE ESTATE LTD,1588.00,1610.00,1581.00,1585.50,1585.50,1581.80,,1585.48,,,175197,279750675.90,9465,F1,1,,,,,
2026-08-20,2026-08-20,CM,NSE,STK,19631,INE726V01018,PRICOLLTD,EQ,,,,,PRICOL LIMITED,809.00,823.00,798.70,803.65,804.00,804.60,,803.67,,,335901,271840874.05,16020,F1,1,,,,,
2026-08-20,2026-08-20,CM,NSE,STK,759075,INE0CQA01020,PRIMECAB,ST,,,,,PRIME CABLE INDUSTRIES L,187.00,190.00,184.45,190.00,190.00,187.00,,190.00,,,25600,4825360.00,13,F1,1600,,,,,
2026-08-20,2026-08-20,CM,NSE,STK,13496,INE367G01038,PFOCUS,EQ,,,,,PRIME FOCUS LIMITED,280.85,290.00,279.00,282.60,280.25,279.20,,282.60,,,686504,195214920.00,12172,F1,1,,,,,
2026-08-20,2026-08-20,CM,NSE,STK,11864,INE032B01021,PRIMESECU,EQ,,,,,PRIME SECURITIES LIMITED,281.70,281.70,274.00,275.15,277.00,278.35,,275.15,,,5463,1519089.25,368,F1,1,,,,,
2026-08-20,2026-08-20,CM,NSE,STK,756925,INE607A01022,PRIMO,EQ,,,,,PRIMO CHEMICALS LIMITED,22.89,22.89,21.25,21.46,21.30,22.16,,21.46,,,339560,7419997.88,2135,F1,1,,,,,
2026-08-20,2026-08-20,CM,NSE,STK,16045,INE689W01016,PRINCEPIPE,EQ,,,,,PRINCE PIPES FITTINGS LTD,283.95,286.90,282.10,283.10,284.50,282.80,,283.05,,,98750,28023589.65,4568,F1,1,,,,,
2026-08-20,2026-08-20,CM,NSE,STK,2739,INE010A01011,PRSMJOHNSN,EQ,,,,,PRISM JOHNSON LIMITED,110.30,112.80,108.25,109.88,108.70,110.27,,109.89,,,1814639,200013137.77,15351,F1,1,,,,,
2026-08-20,2026-08-20,CM,NSE,STK,765155,INE286N01028,PRISMX,EQ,,,,,PRISMX GLOBAL VENTURES L,0.53,0.55,0.53,0.54,0.55,0.53,,0.53,,,104720,56521.96,100,F1,1,,,,,
2026-08-20,2026-08-20,CM,NSE,STK,8310,INE974Z01015,PRITI,BE,,,,,PRITI INTERNATIONAL LTD,32.51,33.95,32.51,33.56,33.94,33.55,,33.56,,,13007,432579.47,126,F1,1,,,,,
2026-08-20,2026-08-20,CM,NSE,STK,5296,INE583R01029,PRITIKAUTO,BE,,,,,PRITIKA AUTO INDUS LTD,17.50,17.75,17.30,17.42,17.35,17.58,,17.45,,,51852,907473.05,234,F1,1,,,,,
2026-08-20,2026-08-20,CM,NSE,STK,9342,INE392B01011,PNC,EQ,,,,,PRITISH NANDY COMMUNICATI,19.25,19.39,18.08,18.33,18.47,18.20,,18.33,,,9448,175807.97,130,F1,1,,,,,
2026-08-20,2026-08-20,CM,NSE,STK,8825,INE959A01019,PRIVISCL,EQ,,,,,PRIVI SPECIALITY CHE LTD,3467.80,3493.80,3440.00,3450.30,3454.70,3467.80,,3450.30,,,53011,183393066.10,8122,F1,1,,,,,
2026-08-20,2026-08-20,CM,NSE,STK,24511,INE0V9N01017,PRIZOR,ST,,,,,PRIZOR VIZTECH LIMITED,900.00,925.50,900.00,925.50,925.50,881.45,,925.50,,,16800,15513540.00,38,F1,400,,,,,
2026-08-20,2026-08-20,CM,NSE,STK,757806,INE0VJT01017,PROFX,SM,,,,,PRO FX TECH LIMITED,81.50,81.50,78.60,78.60,78.60,81.50,,78.60,,,3200,256160.00,2,F1,1600,,,,,
2026-08-20,2026-08-20,CM,NSE,STK,940,INE199A01012,PGHL,EQ,,,,,PROCTER & GAMBLE HEALTH L,5781.50,5913.00,5780.00,5832.50,5844.50,5781.00,,5837.48,,,22508,131047966.00,4291,F1,1,,,,,
2026-08-20,2026-08-20,CM,NSE,STK,19352,INE994V01012,PROLIFE,SM,,,,,PROLIFE INDUSTRIES LTD,83.60,83.60,83.60,83.60,83.60,88.00,,83.60,,,1000,83600.00,2,F1,500,,,,,
2026-08-20,2026-08-20,CM,NSE,STK,764345,INE1FFX01018,PROPSHOP,SM,,,,,PROPSHOP EVENTS AND EXH L,69.20,69.80,68.60,69.50,69.80,69.10,,69.50,,,282000,19585900.00,56,F1,2000,,,,,
2026-08-20,2026-08-20,CM,NSE,STK,758173,INE0BX301013,PROSTARM,EQ,,,,,PROSTARM INFO SYSTEMS LTD,135.95,139.75,135.31,138.53,138.00,134.96,,138.58,,,241456,33252427.41,3199,F1,1,,,,,
2026-08-20,2026-08-20,CM,NSE,STK,29472,INE004A01022,PROTEAN,EQ,,,,,PROTEAN EGOV TECHNO LTD,550.00,555.00,546.20,548.15,548.00,545.70,,548.15,,,143035,78725344.80,5971,F1,1,,,,,
2026-08-20,2026-08-20,CM,NSE,STK,16483,INE0ONE01016,PROV,SM,,,,,PROVENTUS AGROCOM LIMITED,1925.00,1925.00,1910.00,1910.00,1910.00,1925.00,,1910.00,,,160,306800.00,2,F1,80,,,,,
2026-08-20,2026-08-20,CM,NSE,STK,28859,INE195N01013,PROZONER,EQ,,,,,PROZONE REALTY LIMITED,41.32,42.89,41.03,41.96,41.75,41.52,,41.96,,,83043,3486834.73,514,F1,1,,,,,
2026-08-20,2026-08-20,CM,NSE,STK,9553,INE00F201020,PRUDENT,EQ,,,,,PRUDENT CORP ADV SER LTD,3455.00,3455.00,3350.10,3363.50,3377.20,3393.60,,3363.62,,,10856,36732852.70,3522,F1,1,,,,,
2026-08-20,2026-08-20,CM,NSE,STK,20528,INE024D01016,PRUDMOULI,BE,,,,,PRUDENTIAL SUGAR CORPORAT,14.70,14.72,13.55,14.69,14.69,14.02,,14.65,,,22799,331401.55,126,F1,1,,,,,
2026-08-20,2026-08-20,CM,NSE,STK,20877,INE488V01015,PSPPROJECT,EQ,,,,,PSP PROJECTS LIMITED,919.95,937.45,917.40,923.35,919.95,918.85,,923.29,,,44546,41185935.40,2217,F1,1,,,,,
2026-08-20,2026-08-20,CM,NSE,STK,22602,INE560K01014,PFS,EQ,,,,,PTC INDIA FIN SERV LTD,27.92,28.20,27.75,27.82,27.84,27.92,,27.82,,,148973,4159773.62,1140,F1,1,,,,,
2026-08-20,2026-08-20,CM,NSE,STK,11355,INE877F01012,PTC,EQ,,,,,PTC INDIA LIMITED,156.00,158.19,156.00,157.05,156.86,155.50,,157.05,,,1448112,227279618.65,19827,F1,1,,,,,
2026-08-20,2026-08-20,CM,NSE,STK,16682,INE596F01018,PTCIL,EQ,,,,,PTC INDUSTRIES LIMITED,19540.00,19796.00,19500.00,19623.00,19576.00,19475.00,,19618.96,,,14005,275231262.00,5563,F1,1,,,,,
2026-08-20,2026-08-20,CM,NSE,STK,14101,INE034D01049,PTL,EQ,,,,,PTL ENTERPRISES LTD,38.55,38.65,37.98,38.24,38.40,38.60,,38.25,,,55477,2123872.19,668,F1,1,,,,,
2026-08-20,2026-08-20,CM,NSE,STK,15377,INE865T01018,PDMJEPAPER,EQ,,,,,PUDUMJEE PAPER PRO. LTD,87.63,88.79,86.58,87.68,87.80,87.52,,87.68,,,73902,6492013.73,1740,F1,1,,,,,
2026-08-20,2026-08-20,CM,NSE,STK,507,INE335X01014,PULZ,SM,,,,,PULZ ELECTRONICS LIMITED,23.50,23.50,23.50,23.50,23.50,22.40,,23.50,,,2000,47000.00,1,F1,2000,,,,,
2026-08-20,2026-08-20,CM,NSE,STK,21001,INE608A01012,PSB,EQ,,,,,PUNJAB & SIND BANK,23.25,23.50,23.25,23.38,23.35,23.24,,23.38,,,646724,15128186.00,2056,F1,1,,,,,
2026-08-20,2026-08-20,CM,NSE,STK,4344,INE277B01014,PUNJABCHEM,EQ,,,,,PUNJAB CHEM & CROP PROT L,1157.70,1180.40,1146.90,1167.00,1170.00,1156.30,,1166.99,,,9477,11103363.20,1115,F1,1,,,,,
2026-08-20,2026-08-20,CM,NSE,STK,10666,INE160A01022,PNB,EQ,,,,,PUNJAB NATIONAL BANK,117.90,119.10,117.44,118.00,118.00,117.48,,118.00,,,8551120,1010834109.52,35182,F1,1,,,,,
2026-08-20,2026-08-20,CM,NSE,STK,14922,INE323I01011,PURVA,EQ,,,,,PURAVANKARA LIMITED,218.00,219.92,215.55,216.40,217.48,218.74,,216.42,,,187511,40850469.32,5199,F1,1,,,,,
2026-08-20,2026-08-20,CM,NSE,STK,28044,INE0P5R01014,PURPLEUTED,ST,,,,,PURPLE UNITED SALES LTD,392.00,397.50,384.00,391.65,390.00,384.60,,391.65,,,29500,11536337.50,97,F1,250,,,,,
2026-08-20,2026-08-20,CM,NSE,STK,22938,INE0R6C01012,PURVFLEXI,SM,,,,,PURV FLEXIPACK LIMITED,48.50,48.50,48.50,48.50,48.50,50.20,,48.50,,,5600,271600.00,1,F1,800,,,,,
2026-08-20,2026-08-20,CM,NSE,STK,757683,INE154801018,PUSHPA,SM,,,,,PUSHPA JEWELLERS LIMITED,110.05,115.00,108.00,114.00,114.00,115.00,,114.00,,,34000,3813000.00,32,F1,1000,,,,,
2026-08-20,2026-08-20,CM,NSE,STK,4010,INE362A01016,PVP,EQ,,,,,PVP VENTURES LIMITED,39.97,43.70,39.46,43.15,43.70,39.13,,43.15,,,3957968,166584755.34,14253,F1,1,,,,,
2026-08-20,2026-08-20,CM,NSE,STK,13147,INE191H01014,PVRINOX,EQ,,,,,PVR INOX LIMITED,1205.70,1224.40,1185.00,1219.50,1220.00,1200.90,,1219.49,,,195196,236287463.00,19254,F1,1,,,,,
2026-08-20,2026-08-20,CM,NSE,STK,18250,INE0MIS01010,PYRAMID,EQ,,,,,PYRAMID TECHNOPLAST LTD,163.55,164.99,162.00,163.18,162.31,161.50,,163.18,,,23694,3870164.85,845,F1,1,,,,,
2026-08-20,2026-08-20,CM,NSE,STK,763594,INE1G2W01011,QLINE,SM,,,,,Q-LINE BIOTECH LIMITED,514.00,518.95,505.20,512.00,510.20,516.20,,512.00,,,62400,31903820.00,141,F1,400,,,,,
2026-08-20,2026-08-20,CM,NSE,STK,751653,INE0FMW01018,QMSMEDI,BE,,,,,QMS MEDICAL ALLIED S LTD,136.00,141.33,134.10,141.33,141.33,134.60,,141.33,,,69221,9625803.17,208,F1,1,,,,,
2026-08-20,2026-08-20,CM,NSE,STK,29087,INE0LRY01011,QUADFUTURE,EQ,,,,,QUADRANT FUTURE TEK LTD,343.80,346.70,336.50,337.80,337.00,339.75,,337.91,,,315657,107542308.40,7210,F1,1,,,,,
2026-08-20,2026-08-20,CM,NSE,STK,29711,INE0SII01026,QPOWER,EQ,,,,,QUALITY POWER ELEC EQUP L,1307.00,1356.00,1286.10,1334.90,1335.00,1295.30,,1334.80,,,308535,410327453.70,12971,F1,1,,,,,
2026-08-20,2026-08-20,CM,NSE,STK,15330,INF082J01408,QGOLDHALF,EQ,,,,,QUANTUM GOLD ETF,128.29,133.00,128.28,130.07,129.40,126.03,,130.06,,,166013,21528940.30,1288,F1,1,,,,,
2026-08-20,2026-08-20,CM,NSE,STK,16819,INF082J01499,QNIFTY,EQ,,,,,QUANTUM NIFTY 50 ETF,267.40,267.80,265.80,267.00,267.10,265.20,,267.00,,,4258,1135807.29,131,F1,1,,,,,
2026-08-20,2026-08-20,CM,NSE,STK,17704,INE615P01015,QUESS,EQ,,,,,QUESS CORP LIMITED,334.90,342.40,334.90,338.25,338.00,336.55,,338.04,,,277396,94039330.85,16324,F1,1,,,,,
2026-08-20,2026-08-20,CM,NSE,STK,23793,INE0TNW01017,QUESTLAB,SM,,,,,QUEST LABORATORIES LTD,88.00,88.00,86.90,86.90,86.90,89.00,,86.90,,,6000,522900.00,5,F1,1200,,,,,
2026-08-20,2026-08-20,CM,NSE,STK,13131,INE306L01010,QUICKHEAL,BE,,,,,QUICK HEAL TECH LTD,142.80,142.90,140.45,141.62,141.98,140.31,,141.55,,,46798,6644290.48,620,F1,1,,,,,
2026-08-20,2026-08-20,CM,NSE,STK,15285,INE0K4D01020,QUICKTOUCH,SM,,,,,QUICKTOUCH TECHNOLOGIES L,15.60,17.05,15.60,15.95,16.15,16.40,,15.95,,,45000,707900.00,48,F1,500,,,,,
2026-08-20,2026-08-20,CM,NSE,STK,762854,INE641R01017,QUINT,EQ,,,,,QUINT DIGITAL LTD.,38.00,39.64,35.58,36.51,36.99,36.18,,36.36,,,26656,1008155.70,172,F1,1,,,,,
2026-08-20,2026-08-20,CM,NSE,STK,24957,INE0KZF01015,QVCEL,SM,,,,,QVC EXPORTS LIMITED,27.90,27.90,26.00,26.75,26.75,27.00,,26.75,,,12800,338000.00,8,F1,1600,,,,,
2026-08-20,2026-08-20,CM,NSE,STK,23043,INE0NQ801033,RKSWAMY,EQ,,,,,R K SWAMY LIMITED,96.80,96.80,93.82,95.83,95.90,94.79,,95.83,,,60171,5714416.33,1476,F1,1,,,,,
2026-08-20,2026-08-20,CM,NSE,STK,757836,INE219Y01026,RMDRIP,BE,,,,,R M DRIP & SPRINK SYS LTD,17.55,18.54,17.50,18.00,18.00,17.67,,18.02,,,289016,5231478.62,545,F1,1,,,,,
2026-08-20,2026-08-20,CM,NSE,STK,762864,INE951M01037,RRIL,EQ,,,,,R R I L LTD.,16.66,17.17,15.50,16.34,16.22,17.03,,16.34,,,110116,1766493.21,342,F1,1,,,,,
2026-08-20,2026-08-20,CM,NSE,STK,18566,INE777K01022,RRKABEL,EQ,,,,,R R KABEL LIMITED,2911.80,2920.00,2860.00,2894.20,2890.00,2898.80,,2894.18,,,248912,718566970.10,24774,F1,1,,,,,
2026-08-20,2026-08-20,CM,NSE,STK,762872,INE616F01022,RSDFIN,BE,,,,,R S D FINANCE LTD.,91.53,91.53,91.53,91.53,91.53,96.34,,91.53,,,2704,247497.12,33,F1,1,,,,,
2026-08-20,2026-08-20,CM,NSE,STK,13414,INE411H01032,RSYSTEMS,EQ,,,,,R SYS INTERNATIONAL LTD,238.00,245.00,238.00,241.60,243.30,238.90,,241.60,,,132916,32193976.00,3415,F1,1,,,,,
2026-08-20,2026-08-20,CM,NSE,STK,764855,INE005C01017,RTSPOWR,EQ,,,,,R T S POWER CORPN. LTD.,99.00,99.00,93.99,98.52,98.50,94.56,,96.44,,,6797,641167.87,76,F1,1,,,,,
2026-08-20,2026-08-20,CM,NSE,STK,758981,INE012Q01039,RNBDENIMS,EQ,,,,,R&B DENIMS LIMITED,8.20,8.40,7.82,7.93,8.00,8.17,,7.93,,,395279,3179076.25,1181,F1,1,,,,,
2026-08-20,2026-08-20,CM,NSE,STK,6429,INE165B01029,RSSOFTWARE,EQ,,,,,R. S. SOFTWARE (INDIA) LI,31.31,31.90,30.60,30.94,30.95,31.31,,30.52,,,13009,404175.03,128,F1,1,,,,,
2026-08-20,2026-08-20,CM,NSE,STK,20760,INE324L01013,RPPINFRA,EQ,,,,,R.P.P INFRA PROJECTS LTD,57.72,58.09,56.20,56.45,56.45,57.47,,56.45,,,60206,3440893.27,1006,F1,1,,,,,
2026-08-20,2026-08-20,CM,NSE,STK,762244,INE2PB023011,RIIT,IV,,,,,RAAJMARG INFRA INVEST T,123.40,123.50,119.35,121.88,120.65,123.20,,121.88,,,351515,43034137.20,2976,F1,1,,,,,
2026-08-20,2026-08-20,CM,NSE,STK,15391,INE084Q01012,RACE,EQ,,,,,RACE ECO CHAIN LIMITED,103.00,114.38,99.51,102.12,102.48,100.03,,102.77,,,96507,10381864.80,1095,F1,1,,,,,
2026-08-20,2026-08-20,CM,NSE,STK,9854,INE02OY01016,RILINFRA,SM,,,,,RACHANA INFRA LTD,37.75,37.85,36.00,36.85,37.40,36.75,,36.85,,,15100,559130.00,65,F1,100,,,,,
2026-08-20,2026-08-20,CM,NSE,STK,27171,INE704B01017,RACLGEAR,EQ,,,,,RACL GEARTECH LIMITED,1449.70,1464.90,1417.10,1435.50,1449.70,1438.70,,1435.50,,,19110,27495290.90,2535,F1,1,,,,,
2026-08-20,2026-08-20,CM,NSE,STK,10932,INE874F01027,RADAAN,EQ,,,,,RADAAN MEDIAWORKS (I) LTD,3.06,3.06,2.91,2.96,2.93,2.94,,2.96,,,39892,118424.75,92,F1,1,,,,,
2026-08-20,2026-08-20,CM,NSE,STK,10343,INE583V01021,RADHIKAJWE,EQ,,,,,RADHIKA JEWELTECH LIMITED,65.19,66.18,65.19,65.67,65.60,64.90,,65.65,,,161526,10602875.61,1958,F1,1,,,,,
2026-08-20,2026-08-20,CM,NSE,STK,13580,INE855R01021,RADIANTCMS,EQ,,,,,RADIANT CASH MGMT SER LTD,34.00,34.45,33.99,34.18,34.30,34.10,,34.18,,,109839,3756378.26,1015,F1,1,,,,,
2026-08-20,2026-08-20,CM,NSE,STK,10990,INE944F01028,RADICO,EQ,,,,,RADICO KHAITAN LTD,4710.80,4734.70,4676.90,4696.00,4696.00,4696.00,,4696.00,,,416872,1959696453.20,31111,F1,1,,,,,
2026-08-20,2026-08-20,CM,NSE,STK,23445,INE430U01019,RADIOWALLA,ST,,,,,RADIOWALLA NETWORK LTD,24.55,24.55,24.55,24.55,24.55,24.55,,24.55,,,3200,78560.00,2,F1,1600,,,,,
2026-08-20,2026-08-20,CM,NSE,STK,24735,INE912T01018,RPEL,EQ,,,,,RAGHAV PRODUCTIVITY ENH L,1650.00,1664.30,1590.00,1614.70,1613.60,1637.40,,1614.65,,,108075,174904757.40,12307,F1,1,,,,,
2026-08-20,2026-08-20,CM,NSE,STK,9552,INE415G01027,RVNL,EQ,,,,,RAIL VIKAS NIGAM LIMITED,225.00,231.20,224.67,227.90,227.90,223.50,,227.90,,,4866054,1110697280.27,37153,F1,1,,,,,
2026-08-20,2026-08-20,CM,NSE,STK,2431,INE0DD101019,RAILTEL,EQ,,,,,RAILTEL CORP OF IND LTD,285.00,285.80,280.00,280.75,281.20,287.25,,280.75,,,949361,268269851.50,15133,F1,1,,,,,
2026-08-20,2026-08-20,CM,NSE,STK,15337,INE855B01025,RAIN,EQ,,,,,RAIN INDUSTRIES LIMITED,206.38,207.79,204.40,204.92,204.40,205.54,,204.92,,,2390827,492829680.88,14175,F1,1,,,,,
2026-08-20,2026-08-20,CM,NSE,STK,9408,INE961O01016,RAINBOW,EQ,,,,,RAINBOW CHILDRENS MED LTD,1475.00,1481.30,1444.00,1453.50,1459.40,1461.80,,1453.76,,,90078,132020023.10,11547,F1,1,,,,,
2026-08-20,2026-08-20,CM,NSE,STK,359,INE294G01026,ROML,EQ,,,,,RAJ OIL MILLS LIMITED,43.94,44.97,43.51,43.77,43.87,43.93,,43.76,,,1635,71544.04,39,F1,1,,,,,
2026-08-20,2026-08-20,CM,NSE,STK,8428,INE533D01032,RAJRILTD,BE,,,,,RAJ RAYON INDUSTRIES LTD,22.90,22.90,22.30,22.90,22.90,22.46,,22.87,,,15174,346062.30,131,F1,1,,,,,
2026-08-20,2026-08-20,CM,NSE,STK,14403,INE952H01027,RAJTV,EQ,,,,,RAJ TV NETWORK LTD,10.59,10.67,10.25,10.29,10.39,10.58,,10.29,,,15853,164540.37,133,F1,1,,,,,
2026-08-20,2026-08-20,CM,NSE,STK,762859,INE296E01026,RAJPALAYAM,EQ,,,,,RAJAPALAYAM MILLS LTD.,810.10,833.70,810.00,812.65,810.00,812.50,,812.65,,,891,726429.15,61,F1,1,,,,,
2026-08-20,2026-08-20,CM,NSE,STK,181,INE610C01014,ARENTERP,EQ,,,,,RAJDARSHAN INDUSTRIES LTD,38.10,39.80,37.26,37.44,38.30,37.90,,37.44,,,1319,49975.05,40,F1,1,,,,,
2026-08-20,2026-08-20,CM,NSE,STK,760461,INE343B01030,RAJESHEXPO,BZ,,,,,RAJESH EXPORTS LTD,81.20,82.00,79.75,79.91,79.94,80.95,,79.96,,,137479,11047121.79,1550,F1,1,,,,,
2026-08-20,2026-08-20,CM,NSE,STK,19681,INE0BZQ01011,RCDL,SM,,,,,RAJGOR CASTOR DERIVATI L,27.30,28.45,27.30,28.45,28.45,27.00,,28.45,,,54000,1498500.00,18,F1,3000,,,,,
2026-08-20,2026-08-20,CM,NSE,STK,2168,INE00KV01022,RAJMET,EQ,,,,,RAJNANDINI METAL LIMITED,3.26,3.30,3.21,3.22,3.21,3.26,,3.22,,,191513,622545.03,580,F1,1,,,,,
2026-08-20,2026-08-20,CM,NSE,STK,757052,INE535F01024,RAJOOENG,BE,,,,,RAJOO ENGINEERS LIMITED,50.98,51.11,49.75,50.26,50.44,50.98,,50.26,,,193291,9729040.44,689,F1,1,,,,,
2026-08-20,2026-08-20,CM,NSE,STK,27269,INE0VHU01019,RAJPUTANA,SM,,,,,RAJPUTANA BIODIESEL LTD,217.80,219.50,215.75,218.00,218.00,208.00,,218.00,,,13000,2820200.00,21,F1,500,,,,,
2026-08-20,2026-08-20,CM,NSE,STK,24707,INE0PCU01012,RAJINDLTD,SM,,,,,RAJPUTANA INDUSTRIES LTD,70.65,70.65,70.65,70.65,70.65,70.65,,70.65,,,1500,105975.00,1,F1,1500,,,,,
2026-08-20,2026-08-20,CM,NSE,STK,761439,INE313L01016,RSL,EQ,,,,,RAJPUTANA STAINLESS LTD,166.15,168.19,163.02,165.55,166.50,165.37,,165.55,,,217549,35928937.05,2519,F1,1,,,,,
2026-08-20,2026-08-20,CM,NSE,STK,18962,INE451D01029,RAJRATAN,EQ,,,,,RAJRATAN GLOBAL WIRE LTD,508.00,513.85,501.00,505.35,505.70,506.20,,505.37,,,52703,26734206.05,3043,F1,1,,,,,
2026-08-20,2026-08-20,CM,NSE,STK,6915,INE760W01023,RPPL,BE,,,,,RAJSHREE POLYPACK LTD,22.72,23.49,22.06,22.94,23.35,22.72,,22.94,,,47225,1091963.66,124,F1,1,,,,,
2026-08-20,2026-08-20,CM,NSE,STK,2809,INE562B01019,RAJSREESUG,EQ,,,,,RAJSHREE SUGAR & CHEMICAL,37.01,40.79,37.00,40.38,40.60,36.90,,40.39,,,747168,29667001.82,4195,F1,1,,,,,
2026-08-20,2026-08-20,CM,NSE,STK,2816,INE613A01020,RALLIS,EQ,,,,,RALLIS INDIA LTD,212.10,215.50,211.30,212.85,212.70,211.72,,212.84,,,747075,159075486.75,24567,F1,1,,,,,
2026-08-20,2026-08-20,CM,NSE,STK,10485,INE207E01023,RAMRAT,EQ,,,,,RAM RATNA WIRES LIMITED,487.00,493.85,480.55,486.50,485.00,484.65,,486.44,,,141890,68826275.15,3951,F1,1,,,,,
2026-08-20,2026-08-20,CM,NSE,STK,10568,INE809A01032,RAMAPHO,EQ,,,,,RAMA PHOSPHATES LIMITED,120.55,123.99,119.68,122.83,122.78,121.43,,122.84,,,53280,6507397.10,842,F1,1,,,,,
2026-08-20,2026-08-20,CM,NSE,STK,10304,INE230R01035,RAMASTEEL,BE,,,,,RAMA STEEL TUBES LIMITED,4.09,4.09,4.09,4.09,4.09,4.17,,4.07,,,1190616,4869619.44,2197,F1,1,,,,,
2026-08-20,2026-08-20,CM,NSE,STK,4587,INE614A01028,RAMCOIND,EQ,,,,,RAMCO INDUSTRIES LIMITED,342.20,357.00,339.55,354.00,354.70,339.90,,354.00,,,354756,124106890.50,8334,F1,1,,,,,
2026-08-20,2026-08-20,CM,NSE,STK,7851,INE246B01019,RAMCOSYS,EQ,,,,,RAMCO SYSTEMS LTD.,569.00,573.90,547.15,552.35,551.60,552.40,,552.39,,,157995,88792611.20,7343,F1,1,,,,,
2026-08-20,2026-08-20,CM,NSE,STK,23565,INE0RJH01010,RBS,SM,,,,,RAMDEVBABA SOLVENT LTD,90.00,94.90,90.00,94.90,94.90,90.05,,94.90,,,5600,515000.00,6,F1,800,,,,,
2026-08-20,2026-08-20,CM,NSE,STK,11411,INE399G01023,RKFORGE,EQ,,,,,RAMKRISHNA FORGINGS LTD,750.00,751.35,738.50,745.40,744.45,749.20,,745.38,,,492946,367240274.65,19587,F1,1,,,,,
2026-08-20,2026-08-20,CM,NSE,STK,20134,INE874I01013,RAMKY,EQ,,,,,RAMKY INFRA LTD,393.90,394.50,390.00,391.15,391.00,391.00,,391.14,,,18229,7139807.95,461,F1,1,,,,,
2026-08-20,2026-08-20,CM,NSE,STK,2837,INE625B01014,RANASUG,EQ,,,,,RANA SUGARS LTD.,13.86,15.50,13.86,15.21,15.19,13.76,,15.21,,,3647306,54234588.22,7313,F1,1,,,,,
2026-08-20,2026-08-20,CM,NSE,STK,11975,INE050H01012,RML,EQ,,,,,RANE (MADRAS) LIMITED,1088.50,1094.90,1072.00,1078.20,1080.00,1080.30,,1077.65,,,8609,9301446.00,1511,F1,1,,,,,
2026-08-20,2026-08-20,CM,NSE,STK,2844,INE384A01010,RANEHOLDIN,EQ,,,,,RANE HOLDINGS LIMITED,1568.50,1600.20,1565.00,1581.10,1585.00,1566.50,,1581.13,,,7884,12489059.40,992,F1,1,,,,,
2026-08-20,2026-08-20,CM,NSE,STK,30460,INE0QX901013,RAPIDFLEET,SM,,,,,RAPID FLEET MGT SERVICE L,168.00,168.00,168.00,168.00,168.00,169.00,,168.00,,,600,100800.00,1,F1,600,,,,,
2026-08-20,2026-08-20,CM,NSE,STK,25610,INE0MVO01012,RAPPID,SM,,,,,RAPPID VALVES (INDIA) LTD,320.40,320.40,320.40,320.40,320.40,314.00,,320.40,,,600,192240.00,1,F1,600,,,,,
2026-08-20,2026-08-20,CM,NSE,STK,22670,INE0J1F01024,RPTECH,EQ,,,,,RASHI PERIPHERALS LIMITED,857.00,874.00,851.70,856.15,856.90,838.25,,856.15,,,350341,303329498.50,19777,F1,1,,,,,
2026-08-20,2026-08-20,CM,NSE,STK,2866,INE027A01015,RCF,EQ,,,,,RASHTRIYA CHEMICALS & FER,119.79,119.98,118.10,118.42,118.11,119.03,,118.42,,,1019354,121102271.47,11081,F1,1,,,,,
2026-08-20,2026-08-20,CM,NSE,STK,7177,INE0CLI01024,RATEGAIN,EQ,,,,,RATEGAIN TRAVEL TECHN LTD,930.60,955.00,922.95,943.75,941.00,930.60,,943.73,,,342166,323221414.35,18856,F1,1,,,,,
2026-08-20,2026-08-20,CM,NSE,STK,13451,INE703B01027,RATNAMANI,EQ,,,,,RATNAMANI MET & TUB LTD.,2315.00,2329.40,2280.00,2289.60,2299.60,2307.30,,2289.42,,,16177,37060044.80,4757,F1,1,,,,,
2026-08-20,2026-08-20,CM,NSE,STK,18423,INE05CZ01011,RATNAVEER,EQ,,,,,RATNAVEER PRECISION ENG L,253.23,270.50,252.00,269.24,268.70,250.40,,269.24,,,11344542,2992282722.43,82299,F1,1,,,,,
2026-08-20,2026-08-20,CM,NSE,STK,27297,INE834M01019,RTNINDIA,EQ,,,,,RATTANINDIA ENT LIMITED,30.67,30.72,28.50,30.03,30.19,30.10,,30.03,,,1711208,51249001.75,5475,F1,1,,,,,
2026-08-20,2026-08-20,CM,NSE,STK,17520,INE399K01017,RTNPOWER,EQ,,,,,RATTANINDIA POWER LIMITED,7.85,7.87,7.70,7.77,7.83,7.81,,7.77,,,20014966,155581139.01,20801,F1,1,,,,,
2026-08-20,2026-08-20,CM,NSE,STK,20950,INE722J01012,RKDL,EQ,,,,,RAVI KUMAR DIST. LTD.,18.00,18.76,17.90,18.27,18.37,18.19,,18.27,,,10344,186921.19,95,F1,1,,,,,
2026-08-20,2026-08-20,CM,NSE,STK,1565,INE09E501017,RVHL,EQ,,,,,RAVINDER HEIGHTS LIMITED,41.76,43.90,40.90,42.43,42.88,41.72,,42.91,,,16412,687615.29,191,F1,1,,,,,
2026-08-20,2026-08-20,CM,NSE,STK,24596,INE206N01018,RELTD,EQ,,,,,RAVINDRA ENERGY LIMITED,159.51,171.34,158.60,166.71,165.10,160.07,,166.71,,,409471,68359578.65,6956,F1,1,,,,,
2026-08-20,2026-08-20,CM,NSE,STK,25073,INE02ID01020,RAYMONDLSL,EQ,,,,,RAYMOND LIFESTYLE LIMITED,732.00,740.50,724.90,730.85,732.20,727.50,,730.83,,,69172,50656364.90,4790,F1,1,,,,,
2026-08-20,2026-08-20,CM,NSE,STK,2859,INE301A01014,RAYMOND,EQ,,,,,RAYMOND LTD,633.00,658.95,630.00,656.65,650.30,630.50,,656.70,,,734695,477465741.40,25601,F1,1,,,,,
2026-08-20,2026-08-20,CM,NSE,STK,758551,INE1SY401010,RAYMONDREL,EQ,,,,,RAYMOND REALTY LIMITED,575.00,588.80,575.00,578.05,577.00,572.60,,578.04,,,158317,92319947.00,5313,F1,1,,,,,
2026-08-20,2026-08-20,CM,NSE,STK,18391,INE976G01028,RBLBANK,EQ,,,,,RBL BANK LIMITED,383.00,393.90,382.05,392.30,392.30,381.50,,392.45,,,2729409,1065755404.45,30230,F1,1,,,,,
2026-08-20,2026-08-20,CM,NSE,STK,13570,INE0NA301016,RBMINFRA,SM,,,,,RBM INFRACON LIMITED,230.00,258.50,230.00,249.55,249.05,223.15,,249.55,,,32400,8015510.00,151,F1,200,,,,,
2026-08-20,2026-08-20,CM,NSE,STK,20874,INE0PEQ01016,RBZJEWEL,EQ,,,,,RBZ JEWELLERS LIMITED,138.78,139.39,134.94,135.46,135.10,137.38,,135.55,,,41193,5598633.79,854,F1,1,,,,,
2026-08-20,2026-08-20,CM,NSE,STK,764850,INE0AK901016,RRECL,EQ,,,,,RDB REAL ESTATE CONS L,136.00,143.25,133.00,143.25,143.25,143.50,,135.60,,,414,56388.50,10,F1,1,,,,,
2026-08-20,2026-08-20,CM,NSE,STK,29561,INE10QL01011,READYMIX,SM,,,,,READYMIX CONSTRU MACHI L,99.90,104.45,92.00,95.80,93.90,98.30,,95.80,,,75000,7298300.00,65,F1,1000,,,,,
2026-08-20,2026-08-20,CM,NSE,STK,15355,INE020B01018,RECLTD,EQ,,,,,REC LIMITED,338.00,338.60,327.50,328.10,328.10,337.00,,328.16,,,7840724,2583499465.70,73638,F1,1,,,,,
2026-08-20,2026-08-20,CM,NSE,STK,14255,INE891D01026,REDINGTON,EQ,,,,,REDINGTON LIMITED,337.60,355.00,335.60,348.10,348.75,335.05,,348.10,,,12384643,4330309688.15,203685,F1,1,,,,,
2026-08-20,2026-08-20,CM,NSE,STK,17859,INE0LXT01019,REDTAPE,EQ,,,,,REDTAPE LIMITED,126.40,126.40,123.21,123.98,124.54,126.04,,123.98,,,168504,21008556.83,3631,F1,1,,,,,
2026-08-20,2026-08-20,CM,NSE,STK,17764,INE056I01025,REFEX,EQ,,,,,REFEX INDUSTRIES LIMITED,297.05,299.90,293.05,293.60,293.25,297.05,,293.60,,,185902,55118277.60,3730,F1,1,,,,,
2026-08-20,2026-08-20,CM,NSE,STK,758680,INE0MHO01029,REGAAL,EQ,,,,,REGAAL RESOURCES LIMITED,97.51,100.52,94.00,95.84,96.51,97.65,,95.83,,,649814,62940097.99,4304,F1,1,,,,,
2026-08-20,2026-08-20,CM,NSE,STK,4130,INE277C01012,REGENCERAM,EQ,,,,,REGENCY CERAMICS LTD.,35.11,36.00,34.21,34.53,34.53,35.74,,34.53,,,5202,180937.99,70,F1,1,,,,,
2026-08-20,2026-08-20,CM,NSE,STK,24225,INE131B01039,RELAXO,EQ,,,,,RELAXO FOOT LTD.,373.50,378.35,372.45,374.10,373.00,373.20,,374.07,,,104520,39216714.95,4532,F1,1,,,,,
2026-08-20,2026-08-20,CM,NSE,STK,3172,INF204KC1030,GILT5YBEES,EQ,,,,,RELCAPAMC - NETFGILT5Y,66.34,66.34,65.90,66.07,66.12,66.23,,66.07,,,401640,26533463.20,614,F1,1,,,,,
2026-08-20,2026-08-20,CM,NSE,STK,24378,INE375Y01018,RELIABLE,EQ,,,,,RELIABLE DATA SERVICE LTD,137.54,141.90,136.25,138.44,138.69,137.54,,138.44,,,25432,3504607.58,684,F1,1,,,,,
2026-08-20,2026-08-20,CM,NSE,STK,9652,INE750D01016,RELCHEMQ,EQ,,,,,RELIANCE CHEMOTEX IND LTD,115.00,116.99,113.01,113.53,113.89,113.65,,113.53,,,5839,670314.88,110,F1,1,,,,,
2026-08-20,2026-08-20,CM,NSE,STK,13188,INE330H01018,RCOM,BE,,,,,RELIANCE COMMUNICATIONS L,0.80,0.81,0.79,0.80,0.81,0.79,,0.80,,,2188798,1757424.77,1541,F1,1,,,,,
2026-08-20,2026-08-20,CM,NSE,STK,759204,INE217K01011,RHFL,BZ,,,,,RELIANCE HOME FINANCE LTD,1.70,1.74,1.70,1.72,1.73,1.73,,1.73,,,610571,1051859.07,942,F1,1,,,,,
2026-08-20,2026-08-20,CM,NSE,STK,2912,INE046A01015,RIIL,EQ,,,,,RELIANCE INDUSTRIAL INFRA,736.90,755.95,736.20,737.80,737.00,731.45,,737.77,,,33712,24948264.05,1488,F1,1,,,,,
2026-08-20,2026-08-20,CM,NSE,STK,2885,INE002A01018,RELIANCE,EQ,,,,,RELIANCE INDUSTRIES LTD,1315.50,1316.50,1307.00,1313.20,1313.20,1311.00,,1313.47,,,5546227,7278168655.00,125718,F1,1,,,,,
2026-08-20,2026-08-20,CM,NSE,STK,4791,INE036A01016,RELINFRA,BE,,,,,RELIANCE INFRASTRUCTU LTD,61.93,61.93,61.93,61.93,61.93,63.19,,61.87,,,91093,5641389.49,385,F1,1,,,,,
2026-08-20,2026-08-20,CM,NSE,STK,15259,INE614G01033,RPOWER,EQ,,,,,RELIANCE POWER LTD.,21.99,22.63,21.90,22.15,22.29,21.70,,22.15,,,27889519,619595119.37,39411,F1,1,,,,,
2026-08-20,2026-08-20,CM,NSE,STK,15068,INE621H01010,RELIGARE,EQ,,,,,RELIGARE ENTER. LTD.,231.10,235.00,229.40,231.65,231.65,230.70,,231.65,,,425880,98699283.60,7174,F1,1,,,,,
2026-08-20,2026-08-20,CM,NSE,STK,3965,INE474C01023,REMSONSIND,EQ,,,,,REMSONS INDUSTRIES LTD,82.32,84.90,82.32,84.24,84.65,82.75,,84.24,,,81505,6812254.15,2094,F1,1,,,,,
2026-08-20,2026-08-20,CM,NSE,STK,16154,INE0O5T01011,REMUS,SM,,,,,REMUS PHARMACEUTICALS L,883.00,967.05,879.00,949.80,965.00,878.95,,949.80,,,47400,44019630.00,281,F1,100,,,,,
2026-08-20,2026-08-20,CM,NSE,STK,15129,INE722H01024,RGL,EQ,,,,,RENAISSANCE GLOBAL LTD,130.50,133.00,128.66,130.51,131.07,130.13,,130.50,,,568435,74095077.62,5421,F1,1,,,,,
2026-08-20,2026-08-20,CM,NSE,STK,758157,INE0VZX01015,RNPL,SM,,,,,RENOL POLYCHEM LIMITED,80.00,81.25,80.00,81.25,81.25,80.50,,81.25,,,6000,484140.00,5,F1,1200,,,,,
2026-08-20,2026-08-20,CM,NSE,STK,29598,INE612J01015,REPCOHOME,EQ,,,,,REPCO HOME FINANCE LTD,366.00,370.00,360.50,362.80,362.30,360.85,,362.80,,,121496,44403402.30,3788,F1,1,,,,,
2026-08-20,2026-08-20,CM,NSE,STK,13126,INE461B01014,REPRO,EQ,,,,,REPRO INDIA LIMITED,333.15,333.15,323.15,324.90,324.90,329.20,,324.90,,,11026,3590187.20,625,F1,1,,,,,
2026-08-20,2026-08-20,CM,NSE,STK,20323,INE688D01026,RESPONIND,EQ,,,,,RESPONSIVE INDUSTRIES LTD,157.01,161.06,155.56,156.37,156.90,156.54,,156.38,,,73771,11592822.33,1934,F1,1,,,,,
2026-08-20,2026-08-20,CM,NSE,STK,1494,INE07T201019,RBA,EQ,,,,,RESTAURANT BRAND ASIA LTD,101.30,105.64,100.57,105.21,105.30,101.06,,105.20,,,6256579,649795815.52,25610,F1,1,,,,,
2026-08-20,2026-08-20,CM,NSE,STK,25157,INE0DAB01012,RVTH,EQ,,,,,REVATHI EQUIPMENT INDIA L,731.40,772.80,730.00,753.00,761.00,731.40,,752.76,,,6158,4649722.50,202,F1,1,,,,,
2026-08-20,2026-08-20,CM,NSE,STK,763468,INE0V2V01015,RFBL,ST,,,,,RFBL FLEXI PACK LIMITED,95.70,95.70,95.70,95.70,95.70,100.70,,95.70,,,93000,8900100.00,5,F1,3000,,,,,
2026-08-20,2026-08-20,CM,NSE,STK,759062,INE0KKN01029,RHETAN,EQ,,,,,RHETAN TMT LIMITED,21.87,22.20,21.81,22.03,22.02,21.62,,22.03,,,16273107,356110922.42,5171,F1,1,,,,,
2026-08-20,2026-08-20,CM,NSE,STK,31163,INE743M01012,RHIM,EQ,,,,,RHI MAGNESITA INDIA LTD,378.00,379.90,373.10,374.75,374.70,374.90,,374.78,,,233464,87928527.75,8725,F1,1,,,,,
2026-08-20,2026-08-20,CM,NSE,STK,2909,INE209B01025,RICOAUTO,EQ,,,,,RICO AUTO INDUSTRIES LTD,130.40,132.50,129.34,131.54,131.50,129.13,,131.54,,,1083304,141402137.94,9910,F1,1,,,,,
2026-08-20,2026-08-20,CM,NSE,STK,764121,INE302D01024,RIR,EQ,,,,,RIR POWER ELECTRONICS L,169.00,169.00,163.10,164.38,165.00,166.23,,164.39,,,135274,22306368.32,2979,F1,1,,,,,
2026-08-20,2026-08-20,CM,NSE,STK,18417,INE0N2P01017,RISHABH,EQ,,,,,RISHABH INSTRUMENTS LTD,704.00,729.85,672.75,684.20,685.85,695.00,,684.28,,,1696705,1193783726.60,58023,F1,1,,,,,
2026-08-20,2026-08-20,CM,NSE,STK,8944,INE01EG01016,RITCO,EQ,,,,,RITCO LOGISTICS LIMITED,311.95,327.50,311.95,322.70,324.00,313.00,,322.69,,,197378,63446450.25,4989,F1,1,,,,,
2026-08-20,2026-08-20,CM,NSE,STK,11910,INE0MRA01019,RITEZONE,SM,,,,,RITE ZONE CHEMCON IND LTD,18.00,18.55,17.60,18.55,18.55,18.25,,18.55,,,4800,86640.00,3,F1,1600,,,,,
2026-08-20,2026-08-20,CM,NSE,STK,3761,INE320J01015,RITES,EQ,,,,,RITES LIMITED,219.00,221.20,216.56,218.44,218.18,216.94,,218.45,,,300266,65929131.08,8941,F1,1,,,,,
2026-08-20,2026-08-20,CM,NSE,STK,1547,INE786W01010,RKEC,EQ,,,,,RKEC PROJECTS LIMITED,23.81,24.60,21.55,22.60,22.41,23.23,,22.60,,,195036,4581282.70,617,F1,1,,,,,
2026-08-20,2026-08-20,CM,NSE,STK,762346,INE655V01019,RMC,EQ,,,,,RMC SWITCHGEARS LIMITED,252.45,256.85,250.05,251.00,250.60,251.35,,250.97,,,41336,10435992.15,1147,F1,1,,,,,
2026-08-20,2026-08-20,CM,NSE,STK,24589,INE0SA001017,RNFI,SM,,,,,RNFI SERVICES LIMITED,271.05,273.25,268.00,270.75,270.00,274.80,,270.75,,,34800,9403260.00,32,F1,600,,,,,
2026-08-20,2026-08-20,CM,NSE,STK,15157,INE508K01013,RHL,EQ,,,,,ROBUST HOTELS LIMITED,166.00,170.00,166.00,166.75,166.75,166.00,,166.75,,,2078,348714.65,25,F1,1,,,,,
2026-08-20,2026-08-20,CM,NSE,STK,20289,INE0PTR01012,ROCKINGDCE,SM,,,,,ROCKINGDEALS CIRCU ECO L,163.00,190.60,154.20,180.40,190.50,158.85,,180.40,,,17250,3055000.00,47,F1,250,,,,,
2026-08-20,2026-08-20,CM,NSE,STK,5279,INE645S01024,ROLEXRINGS,EQ,,,,,ROLEX RINGS LIMITED,175.10,187.38,175.00,185.82,186.30,174.70,,185.83,,,4338157,794522380.77,42276,F1,1,,,,,
2026-08-20,2026-08-20,CM,NSE,STK,19108,INE927A01040,ROLLT,BE,,,,,ROLLATAINERS LIMITED,3.43,3.47,3.43,3.47,3.47,3.31,,3.47,,,341615,1184063.44,246,F1,1,,,,,
2026-08-20,2026-08-20,CM,NSE,STK,19410,INE02A801020,ROSSARI,EQ,,,,,ROSSARI BIOTECH LIMITED,499.90,528.60,496.55,511.70,510.60,496.25,,511.61,,,302443,156476139.10,13796,F1,1,,,,,
2026-08-20,2026-08-20,CM,NSE,STK,28913,INE847C01020,ROSSELLIND,EQ,,,,,ROSSELL INDIA LIMITED,55.52,58.02,55.15,56.65,56.79,56.15,,56.66,,,80408,4563913.80,1410,F1,1,,,,,
2026-08-20,2026-08-20,CM,NSE,STK,27353,INE0OJW01016,ROSSTECH,EQ,,,,,ROSSELL TECHSYS LIMITED,1090.00,1093.70,1057.95,1076.60,1079.00,1079.70,,1076.50,,,115710,124645130.10,7470,F1,1,,,,,
2026-08-20,2026-08-20,CM,NSE,STK,9049,INE535D01037,ROTO,EQ,,,,,ROTO PUMPS LIMITED,66.68,66.68,65.34,65.53,65.45,66.00,,65.53,,,344246,22700861.80,2722,F1,1,,,,,
2026-08-20,2026-08-20,CM,NSE,STK,128,INE450U01017,ROUTE,EQ,,,,,ROUTE MOBILE LIMITED,502.50,513.30,500.10,503.35,502.00,501.50,,503.41,,,176913,89500433.00,6914,F1,1,,,,,
2026-08-20,2026-08-20,CM,NSE,STK,20167,INE0PDJ01013,ROXHITECH,SM,,,,,ROX HI TECH LIMITED,52.00,55.90,52.00,53.20,53.10,51.90,,53.20,,,36800,1995040.00,23,F1,1600,,,,,
2026-08-20,2026-08-20,CM,NSE,STK,29727,INE0EO401019,ROYALARC,SM,,,,,ROYAL ARC ELECTRODES LTD,178.00,178.00,178.00,178.00,178.00,178.00,,178.00,,,1200,213600.00,1,F1,1200,,,,,
2026-08-20,2026-08-20,CM,NSE,STK,13182,INE283H01019,ROHLTD,EQ,,,,,ROYAL ORCHID HOTELS LTD,308.00,308.00,301.10,302.85,303.60,301.50,,302.86,,,8126,2464449.95,525,F1,1,,,,,
2026-08-20,2026-08-20,CM,NSE,STK,16725,INE105J01010,RPGLIFE,EQ,,,,,RPG LIFE SCIENCES LTD,2699.00,2699.00,2646.20,2654.80,2653.10,2667.70,,2655.20,,,4053,10808044.30,937,F1,1,,,,,
2026-08-20,2026-08-20,CM,NSE,STK,8119,INE425Y01011,RPSGVENT,EQ,,,,,RPSG VENTURES LIMITED,860.35,895.90,856.60,868.40,866.00,864.10,,868.41,,,27172,23757236.40,1671,F1,1,,,,,
2026-08-20,2026-08-20,CM,NSE,STK,7292,INE611A01016,RSWM,BE,,,,,RSWM LIMITED,197.00,200.60,194.10,197.47,196.00,199.73,,197.48,,,35905,7087129.44,295,F1,1,,,,,
2026-08-20,2026-08-20,CM,NSE,STK,24730,INE642C01025,RUBFILA,EQ,,,,,RUBFILA INTERNATIONAL LTD,69.27,69.89,67.51,68.43,68.05,69.27,,68.22,,,16990,1165850.19,213,F1,1,,,,,
2026-08-20,2026-08-20,CM,NSE,STK,759316,INE506V01022,RUBICON,EQ,,,,,RUBICON RESEARCH LIMITED,1798.80,1816.00,1750.00,1760.60,1763.90,1798.80,,1760.65,,,299837,532992315.80,30648,F1,1,,,,,
2026-08-20,2026-08-20,CM,NSE,STK,4566,INE413B01023,RUCHINFRA,EQ,,,,,RUCHI INFRASTRUCTURE LTD,5.97,5.97,5.71,5.78,5.79,5.79,,5.77,,,13411,77826.64,110,F1,1,,,,,
2026-08-20,2026-08-20,CM,NSE,STK,13821,INE803H01014,RUCHIRA,EQ,,,,,RUCHIRA PAPERS LIMITED,103.86,104.37,102.00,102.63,102.25,101.93,,102.65,,,22072,2264654.11,561,F1,1,,,,,
2026-08-20,2026-08-20,CM,NSE,STK,760392,INE027T01023,RUDRA,EQ,,,,,RUDRA GLOBAL INFRA PROD L,22.49,22.49,21.70,21.70,21.70,21.89,,21.71,,,101523,2208684.36,262,F1,1,,,,,
2026-08-20,2026-08-20,CM,NSE,STK,1486,INE364Z01019,REPL,BE,,,,,RUDRABHISHEK ENTERP LTD,63.18,63.18,61.45,63.18,63.18,60.18,,63.18,,,8403,527836.49,65,F1,1,,,,,
2026-08-20,2026-08-20,CM,NSE,STK,23830,INE0R7301013,RULKA,SM,,,,,RULKA ELECTRICALS LIMITED,106.00,106.00,102.20,104.00,104.00,105.00,,104.00,,,3900,404985.00,12,F1,300,,,,,
2026-08-20,2026-08-20,CM,NSE,STK,25724,INE895B01021,RUPA,EQ,,,,,RUPA & COMPANY LTD,150.60,160.00,148.56,155.29,154.70,150.27,,155.29,,,263476,40990058.35,5992,F1,1,,,,,
2026-08-20,2026-08-20,CM,NSE,STK,24595,INE573K01025,RUSHIL,EQ,,,,,RUSHIL DECOR LIMITED,17.50,17.54,16.80,16.92,17.10,17.30,,16.92,,,301202,5114768.81,1162,F1,1,,,,,
2026-08-20,2026-08-20,CM,NSE,STK,764860,INE137M01017,SAB,EQ,,,,,S A B INDUSTRIES LTD.,170.00,170.00,170.00,170.00,170.00,170.00,,170.00,,,40,6800.00,1,F1,1,,,,,
2026-08-20,2026-08-20,CM,NSE,STK,24674,INE0BSN01013,SATECH,SM,,,,,S A TECH SOFTWARE INDIA L,32.10,33.30,32.00,33.30,33.30,32.00,,33.30,,,10000,321800.00,10,F1,1000,,,,,
2026-08-20,2026-08-20,CM,NSE,STK,20698,INE807K01035,SCHAND,EQ,,,,,S CHAND AND COMPANY LTD,137.35,137.97,133.81,135.03,134.80,137.14,,134.97,,,61859,8359406.77,1331,F1,1,,,,,
2026-08-20,2026-08-20,CM,NSE,STK,25528,INE0X6F01017,SDREAMS,SM,,,,,S D RETAIL LIMITED,81.00,82.10,81.00,81.55,82.10,81.60,,81.55,,,4000,325150.00,3,F1,1000,,,,,
2026-08-20,2026-08-20,CM,NSE,STK,11212,INE500L01026,SHK,EQ,,,,,S H KELKAR AND CO. LTD.,162.00,162.90,157.10,158.54,158.53,160.00,,158.55,,,263948,42216310.70,4045,F1,1,,,,,
2026-08-20,2026-08-20,CM,NSE,STK,20542,INE0F3301020,SJLOGISTIC,SM,,,,,S J LOGISTICS (INDIA) LTD,339.00,344.00,333.00,337.45,337.00,340.70,,337.45,,,50500,16999575.00,153,F1,250,,,,,
2026-08-20,2026-08-20,CM,NSE,STK,764940,INE159L01013,SVGLOBAL,EQ,,,,,S V GLOBAL MILL LTD.,139.50,143.49,120.93,123.53,127.00,130.00,,125.43,,,363,48272.67,15,F1,1,,,,,
2026-08-20,2026-08-20,CM,NSE,STK,2951,INE902B01017,S&SPOWER,EQ,,,,,S&S POWER SWITCHGEARS LTD,286.40,290.00,270.10,271.70,270.10,277.35,,271.63,,,3411,940718.65,151,F1,1,,,,,
2026-08-20,2026-08-20,CM,NSE,STK,18252,INE212I01016,SPAL,EQ,,,,,S. P. APPARELS LIMITED,934.70,955.50,916.55,923.85,921.30,920.90,,923.81,,,102367,95278983.05,5354,F1,1,,,,,
2026-08-20,2026-08-20,CM,NSE,STK,11634,INE658G01014,SALSTEEL,EQ,,,,,S.A.L. STEEL LTD.,79.60,81.80,77.82,79.13,79.00,79.22,,79.11,,,798937,63400558.83,6985,F1,1,,,,,
2026-08-20,2026-08-20,CM,NSE,STK,19112,INE0PSK01027,SAAKSHI,ST,,,,,SAAKSHI MEDTEC N PANELS L,292.30,295.00,286.15,288.75,295.00,301.20,,288.75,,,19200,5563890.00,24,F1,600,,,,,
2026-08-20,2026-08-20,CM,NSE,STK,759057,INE13B501022,SAATVIKGL,EQ,,,,,SAATVIK GREEN ENERGY LTD,405.55,405.55,397.10,401.00,401.50,399.45,,400.95,,,43480,17403205.35,1258,F1,1,,,,,
2026-08-20,2026-08-20,CM,NSE,STK,10982,INE0DZ101013,SABAR,SM,,,,,SABAR FLEX INDIA LIMITED,6.65,6.65,6.65,6.65,6.65,6.95,,6.65,,,5000,33250.00,1,F1,5000,,,,,
2026-08-20,2026-08-20,CM,NSE,STK,757409,INE1ARD01016,SACHEEROME,SM,,,,,SACHEEROME LIMITED,489.00,511.00,486.00,508.55,510.00,490.15,,508.55,,,48000,24225630.00,143,F1,300,,,,,
2026-08-20,2026-08-20,CM,NSE,STK,13236,INE226H01026,SADBHAV,EQ,,,,,SADBHAV ENGINEERING LTD,8.04,8.34,8.04,8.30,8.34,7.99,,8.30,,,145568,1195021.44,406,F1,1,,,,,
2026-08-20,2026-08-20,CM,NSE,STK,10622,INE764L01010,SADBHIN,BE,,,,,SADBHAV INFRA PROJ LTD.,2.75,2.84,2.67,2.75,2.75,2.76,,2.75,,,74904,205555.95,126,F1,1,,,,,
2026-08-20,2026-08-20,CM,NSE,STK,15349,INE888C01040,SADHNANIQ,BE,,,,,SADHANA NITROCHEM LIMITED,2.92,2.92,2.92,2.92,2.92,2.97,,2.95,,,1105938,3229338.96,432,F1,1,,,,,
2026-08-20,2026-08-20,CM,NSE,STK,22897,INE0K5H01010,SADHAV,SM,,,,,SADHAV SHIPPING LIMITED,119.95,119.95,116.95,116.95,116.95,117.35,,116.95,,,4800,567390.00,8,F1,600,,,,,
2026-08-20,2026-08-20,CM,NSE,STK,13035,INE429E01023,SAFARI,EQ,,,,,SAFARI IND (INDIA) LTD,1483.00,1507.90,1483.00,1490.20,1494.50,1483.00,,1490.16,,,17163,25666515.70,3210,F1,1,,,,,
2026-08-20,2026-08-20,CM,NSE,STK,757583,INE17D601016,SAFEENTP,SM,,,,,SAFE ENTER RETAIL FIX LTD,257.00,258.00,254.20,254.20,254.20,255.70,,254.20,,,30000,7670425.00,37,F1,500,,,,,
2026-08-20,2026-08-20,CM,NSE,STK,14068,INE229C01021,SAGCEM,EQ,,,,,SAGAR CEMENTS LIMITED,162.52,163.95,161.00,162.45,162.07,162.07,,162.46,,,26196,4254693.28,873,F1,1,,,,,
2026-08-20,2026-08-20,CM,NSE,STK,8175,INE976T01013,SAGARDEEP,EQ,,,,,SAGARDEEP ALLOYS LIMITED,24.10,24.10,23.41,23.53,23.80,23.96,,23.53,,,7354,173648.35,72,F1,1,,,,,
2026-08-20,2026-08-20,CM,NSE,STK,27052,INE0W2G01015,SAGILITY,EQ,,,,,SAGILITY LIMITED,42.64,42.98,41.97,42.64,42.56,42.44,,42.64,,,18542246,786924136.35,37568,F1,1,,,,,
2026-08-20,2026-08-20,CM,NSE,STK,24478,INE0P4701011,SAHAJSOLAR,SM,,,,,SAHAJ SOLAR LIMITED,107.00,108.00,102.00,106.50,107.00,106.00,,106.50,,,15200,1617800.00,32,F1,400,,,,,
2026-08-20,2026-08-20,CM,NSE,STK,16711,INE0LEX01011,SAHANA,SM,,,,,SAHANA SYSTEM LIMITED,839.50,847.00,838.00,839.95,838.00,839.65,,839.95,,,32100,27029550.00,127,F1,150,,,,,
2026-08-20,2026-08-20,CM,NSE,STK,25671,INE0RBQ01018,SAHASRA,ST,,,,,SAHASRA ELECTRONIC SOLU L,301.25,322.75,301.25,321.00,321.00,307.40,,321.00,,,51600,16357060.00,103,F1,400,,,,,
2026-08-20,2026-08-20,CM,NSE,STK,14900,INE280H01015,SAHYADRI,EQ,,,,,SAHYADRI INDUSTRIES LTD,384.60,386.40,372.80,374.90,374.30,378.90,,374.96,,,17597,6623390.60,919,F1,1,,,,,
2026-08-20,2026-08-20,CM,NSE,STK,27839,INE570L01029,SAILIFE,EQ,,,,,SAI LIFE SCIENCES LIMITED,1436.60,1484.20,1436.40,1471.60,1468.30,1422.20,,1471.66,,,513940,753946559.80,30087,F1,1,,,,,
2026-08-20,2026-08-20,CM,NSE,STK,761675,INE0H9F01037,SAIPARENT,EQ,,,,,SAI PARENTERALS LIMITED,545.00,547.45,540.00,543.40,545.30,540.40,,543.38,,,55120,29965338.15,2188,F1,1,,,,,
2026-08-20,2026-08-20,CM,NSE,STK,18755,INE438K01021,KALAMANDIR,EQ,,,,,SAI SILKS (KALAMANDIR) L,85.03,87.50,85.03,86.48,86.62,84.70,,86.48,,,353153,30452622.73,3185,F1,1,,,,,
2026-08-20,2026-08-20,CM,NSE,STK,764880,INE068B01017,SEKURITIND,EQ,,,,,SAINT GOBAIN SEKUR IND L,119.85,122.96,118.26,119.05,118.55,119.69,,119.01,,,16757,2016531.09,244,F1,1,,,,,
2026-08-20,2026-08-20,CM,NSE,STK,9539,INE732S01012,SAKAR,EQ,,,,,SAKAR HEALTHCARE LIMITED,879.90,894.45,876.00,884.65,887.95,871.00,,884.65,,,36441,32261861.45,2697,F1,1,,,,,
2026-08-20,2026-08-20,CM,NSE,STK,11794,INE667G01023,SAKSOFT,EQ,,,,,SAKSOFT LIMITED,164.00,168.19,163.30,163.72,165.00,164.37,,163.73,,,270696,44650049.76,4315,F1,1,,,,,
2026-08-20,2026-08-20,CM,NSE,STK,2969,INE623A01011,SAKHTISUG,EQ,,,,,SAKTHI SUGARS LTD,19.76,22.06,19.76,21.77,21.89,19.70,,21.78,,,1961083,41721195.13,6250,F1,1,,,,,
2026-08-20,2026-08-20,CM,NSE,STK,13251,INE190H01024,SAKUMA,EQ,,,,,SAKUMA EXPORTS LIMITED,1.55,1.57,1.51,1.51,1.52,1.55,,1.51,,,1148036,1760123.72,1003,F1,1,,,,,
2026-08-20,2026-08-20,CM,NSE,STK,21362,INE170V01027,SALASAR,EQ,,,,,SALASAR TECHNO ENGG. LTD.,6.05,6.09,6.00,6.01,6.01,6.06,,6.01,,,1868417,11249894.35,2122,F1,1,,,,,
2026-08-20,2026-08-20,CM,NSE,STK,17351,INE498E01010,SALONA,EQ,,,,,SALONA COTSPIN LTD.,272.00,277.95,261.05,273.53,277.95,265.34,,273.50,,,2985,812308.91,83,F1,1,,,,,
2026-08-20,2026-08-20,CM,NSE,STK,11399,INE457F01013,SALZERELEC,EQ,,,,,SALZER ELECTRONICS LTD,573.00,577.15,566.00,568.55,567.90,572.60,,568.55,,,34493,19662882.50,1601,F1,1,,,,,
2026-08-20,2026-08-20,CM,NSE,STK,756851,INE124101010,SAMAY,ST,,,,,SAMAY PROJECT SERVICES L,44.10,44.20,44.00,44.20,44.20,42.25,,44.20,,,12000,529200.00,3,F1,4000,,,,,
2026-08-20,2026-08-20,CM,NSE,STK,764870,INE304D01012,SAMBANDAM,EQ,,,,,SAMBANDAM SPINNING MILL L,114.00,126.00,113.99,126.00,126.00,105.00,,126.00,,,8931,1094542.05,145,F1,1,,,,,
2026-08-20,2026-08-20,CM,NSE,STK,4127,INE699B01027,SAMBHAAV,EQ,,,,,SAMBHAAV MEDIA LTD,6.60,6.60,6.18,6.27,6.25,6.35,,6.27,,,33730,211947.14,86,F1,1,,,,,
2026-08-20,2026-08-20,CM,NSE,STK,757767,INE12NJ01018,SAMBHV,EQ,,,,,SAMBHV STEEL TUBES LTD,123.80,133.40,123.52,131.38,131.00,122.91,,131.39,,,5353974,696034523.25,41761,F1,1,,,,,
2026-08-20,2026-08-20,CM,NSE,STK,21096,INE0PZA01015,SAIFL,SM,,,,,SAMEERA AGRO AND INFRA L,5.15,5.15,5.05,5.05,5.05,5.10,,5.05,,,120000,609800.00,27,F1,4000,,,,,
2026-08-20,2026-08-20,CM,NSE,STK,18614,INE08U801020,SAMHI,EQ,,,,,SAMHI HOTELS LIMITED,158.90,162.99,158.90,160.39,160.98,159.48,,160.39,,,315796,50854883.30,5105,F1,1,,,,,
2026-08-20,2026-08-20,CM,NSE,STK,30125,INE148I01020,SAMMAANCAP,EQ,,,,,SAMMAAN CAPITAL LIMITED,154.50,155.40,149.49,150.23,150.10,153.63,,150.23,,,9159542,1387557287.89,30815,F1,1,,,,,
2026-08-20,2026-08-20,CM,NSE,STK,27303,INE735M01018,SAMPANN,EQ,,,,,SAMPANN UTPADAN INDIA LTD,26.69,27.75,26.01,26.11,26.68,26.02,,26.11,,,15436,406455.03,120,F1,1,,,,,
2026-08-20,2026-08-20,CM,NSE,STK,4204,INE775A01035,MOTHERSON,EQ,,,,,SAMVRDHNA MTHRSN INTL LTD,171.15,171.80,168.84,169.58,169.58,170.29,,169.58,,,11213969,1903724840.99,97939,F1,1,,,,,
2026-08-20,2026-08-20,CM,NSE,STK,28805,INE0JPD01013,SANATHAN,EQ,,,,,SANATHAN TEXTILES LIMITED,450.90,469.55,442.25,461.25,460.00,447.80,,461.19,,,40896,18633727.80,2891,F1,1,,,,,
2026-08-20,2026-08-20,CM,NSE,STK,2988,INE583B01015,SANDESH,EQ,,,,,SANDESH LTD,1059.00,1073.85,1026.20,1030.45,1027.00,1051.50,,1030.45,,,1817,1889542.65,300,F1,1,,,,,
2026-08-20,2026-08-20,CM,NSE,STK,2397,INE278H01035,SANDHAR,EQ,,,,,SANDHAR TECHNOLOGIES LTD,639.70,651.00,630.00,648.00,648.10,636.65,,647.99,,,188625,121272878.65,7156,F1,1,,,,,
2026-08-20,2026-08-20,CM,NSE,STK,18359,INE149K01016,SANDUMA,EQ,,,,,SANDUR MANG & IRON ORES L,198.40,200.14,196.00,196.95,196.90,196.45,,196.96,,,383955,76168690.32,7098,F1,1,,,,,
2026-08-20,2026-08-20,CM,NSE,STK,4184,INE495C01010,SANGAMIND,EQ,,,,,SANGAM (INDIA) LTD,572.40,581.90,571.35,578.05,575.20,576.75,,577.99,,,19851,11462299.30,1063,F1,1,,,,,
2026-08-20,2026-08-20,CM,NSE,STK,18035,INE0OVI01010,SANGANI,SM,,,,,SANGANI HOSPITALS LIMITED,52.25,52.25,52.25,52.25,52.25,55.00,,52.25,,,4500,235125.00,3,F1,1500,,,,,
2026-08-20,2026-08-20,CM,NSE,STK,14058,INE989A01032,SANGHVIMOV,EQ,,,,,SANGHVI MOVERS LTD,503.75,507.95,489.00,490.70,490.70,498.75,,490.69,,,231013,115086642.30,7540,F1,1,,,,,
2026-08-20,2026-08-20,CM,NSE,STK,11033,INE753W01010,SANGINITA,BE,,,,,SANGINITA CHEMICALS LTD,65.62,65.62,59.38,59.38,59.38,62.50,,59.38,,,3334910,206536395.98,3689,F1,1,,,,,
2026-08-20,2026-08-20,CM,NSE,STK,25222,INE0UOS01011,SANOFICONR,EQ,,,,,SANOFI CONS HEALTHC IND L,4263.90,4263.90,4203.10,4213.10,4214.00,4221.70,,4213.12,,,12255,51795476.80,2056,F1,1,,,,,
2026-08-20,2026-08-20,CM,NSE,STK,1442,INE058A01010,SANOFI,EQ,,,,,SANOFI INDIA LIMITED,3299.00,3330.00,3258.10,3321.00,3311.80,3271.30,,3321.06,,,17046,56172403.10,3283,F1,1,,,,,
2026-08-20,2026-08-20,CM,NSE,STK,5751,INE953O01021,SANSERA,EQ,,,,,SANSERA ENGINEERING LTD,3938.10,3961.10,3860.00,3900.20,3885.20,3894.30,,3899.76,,,91741,357710857.80,16833,F1,1,,,,,
2026-08-20,2026-08-20,CM,NSE,STK,24582,INE08NE01025,SANSTAR,EQ,,,,,SANSTAR LIMITED,106.99,107.22,105.05,105.23,105.57,106.19,,105.23,,,172435,18263842.73,2656,F1,1,,,,,
2026-08-20,2026-08-20,CM,NSE,STK,46,INE890C01046,SANWARIA,BZ,,,,,SANWARIA CONSUMER LIMITED,0.19,0.20,0.19,0.19,0.20,0.19,,0.19,,,566641,109662.44,140,F1,1,,,,,
2026-08-20,2026-08-20,CM,NSE,STK,6718,INE806T01020,SAPPHIRE,EQ,,,,,SAPPHIRE FOODS INDIA LTD,234.50,245.45,234.50,241.35,242.00,233.71,,241.34,,,2320015,558529774.38,35000,F1,1,,,,,
2026-08-20,2026-08-20,CM,NSE,STK,19863,INE0PUC01020,SARTELE,SM,,,,,SAR TELEVENTURE LIMITED,101.30,104.95,101.00,101.95,101.00,102.75,,101.95,,,47000,4829350.00,71,F1,500,,,,,
2026-08-20,2026-08-20,CM,NSE,STK,762985,INE967G01019,ZSARACOM,EQ,,,,,SARASWATI COMM (INDIA) L,12454.00,12620.00,12230.00,12416.00,12416.00,12454.00,,12300.00,,,31,383980.00,17,F1,1,,,,,
2026-08-20,2026-08-20,CM,NSE,STK,24856,INE0PQ101010,SSDL,EQ,,,,,SARASWATI SAREE DEPOT LTD,59.66,61.00,58.90,59.30,59.75,59.76,,59.29,,,16511,983681.53,433,F1,1,,,,,
2026-08-20,2026-08-20,CM,NSE,STK,17758,INE385C01021,SARDAEN,EQ,,,,,SARDA ENERGY & MIN LTD,512.00,516.50,507.15,509.35,507.75,512.05,,509.15,,,301570,154000991.80,8330,F1,1,,,,,
2026-08-20,2026-08-20,CM,NSE,STK,4892,INE979A01025,SAREGAMA,EQ,,,,,SAREGAMA INDIA LIMITED,508.55,523.80,508.55,520.20,518.75,508.50,,520.20,,,279399,144554905.15,12665,F1,1,,,,,
2026-08-20,2026-08-20,CM,NSE,STK,14043,INE453D01025,SARLAPOLY,EQ,,,,,SARLA PERF. FIBERS LTD,100.45,100.50,98.60,98.85,98.60,100.10,,98.86,,,25697,2557034.48,690,F1,1,,,,,
2026-08-20,2026-08-20,CM,NSE,STK,6843,INE017W01010,SMLT,EQ,,,,,SARTHAK METALS LIMITED,70.40,71.20,68.55,70.18,70.00,68.53,,70.18,,,5469,384308.65,161,F1,1,,,,,
2026-08-20,2026-08-20,CM,NSE,STK,12913,INE324X01026,SARVESHWAR,EQ,,,,,SARVESHWAR FOODS LIMITED,3.40,3.44,3.39,3.39,3.40,3.40,,3.39,,,1057591,3597707.42,1262,F1,1,,,,,
2026-08-20,2026-08-20,CM,NSE,STK,11983,INE231F01020,SASKEN,EQ,,,,,SASKEN TECHNOLOGIES LTD,1954.80,1954.80,1861.20,1874.10,1875.00,1913.40,,1874.48,,,15905,30300286.60,2226,F1,1,,,,,
2026-08-20,2026-08-20,CM,NSE,STK,29151,INE0NB801022,SATKARTAR,SM,,,,,SAT KARTAR LIFE LIMITED,118.95,118.95,116.00,117.00,117.00,116.80,,117.00,,,10400,1218000.00,12,F1,800,,,,,
2026-08-20,2026-08-20,CM,NSE,STK,24697,INE0RFP01011,SSEGL,SM,,,,,SATHLOKHAR SYN E&C GLOB L,364.00,375.00,349.50,355.70,355.90,365.15,,355.70,,,25200,9155660.00,98,F1,200,,,,,
2026-08-20,2026-08-20,CM,NSE,STK,24507,INE0RPM01017,SATIPOLY,ST,,,,,SATI POLY PLAST LIMITED,44.85,44.85,42.65,42.65,42.65,44.85,,42.65,,,7500,330875.00,6,F1,500,,,,,
2026-08-20,2026-08-20,CM,NSE,STK,11045,INE170E01023,SATIA,EQ,,,,,SATIA INDUSTRIES LIMITED,58.04,58.37,56.85,57.71,57.30,57.74,,57.71,,,98276,5668511.51,992,F1,1,,,,,
2026-08-20,2026-08-20,CM,NSE,STK,10453,INE836B01017,SATIN,EQ,,,,,SATIN CREDIT NET LTD,227.70,231.00,226.00,226.98,227.50,225.09,,226.98,,,163566,37324789.24,3375,F1,1,,,,,
2026-08-20,2026-08-20,CM,NSE,STK,758960,INE14DW01018,SATTVAENGG,SM,,,,,SATTVA ENGINEERING CSTN L,76.25,84.65,74.00,76.00,76.00,74.90,,76.00,,,44800,3522320.00,24,F1,1600,,,,,
2026-08-20,2026-08-20,CM,NSE,STK,3018,INE626A01014,SAURASHCEM,EQ,,,,,SAURASHTRA CEMENT LIMITED,57.84,59.20,57.51,58.25,58.00,57.70,,58.28,,,63428,3715325.38,916,F1,1,,,,,
2026-08-20,2026-08-20,CM,NSE,STK,3021,INE035D01020,SOTL,EQ,,,,,SAVITA OIL TECHNOLO. LTD,702.00,704.45,682.10,688.55,689.00,699.40,,688.55,,,249090,172776095.00,8764,F1,1,,,,,
2026-08-20,2026-08-20,CM,NSE,STK,758444,INE10VS01016,SAWALIYA,SM,,,,,SAWALIYA FOOD PRODUCTS L,277.00,283.75,274.00,280.70,280.00,278.95,,280.70,,,72600,20319600.00,63,F1,600,,,,,
2026-08-20,2026-08-20,CM,NSE,STK,762879,INE318C01014,SAYAJIHOTL,EQ,,,,,SAYAJI HOTELS LTD.,327.50,338.00,322.00,322.35,322.35,323.60,,324.00,,,338,113055.90,14,F1,1,,,,,
2026-08-20,2026-08-20,CM,NSE,STK,764875,INE327G01032,SAYAJIIND,EQ,,,,,SAYAJI INDUSTRIES LTD.,111.90,116.00,106.50,114.64,116.00,111.90,,114.57,,,2666,297002.51,28,F1,1,,,,,
2026-08-20,2026-08-20,CM,NSE,STK,6792,INE04AK01028,SBC,EQ,,,,,SBC EXPORTS LIMITED,38.98,40.20,38.89,39.86,39.85,38.88,,39.86,,,11579386,456724484.19,10015,F1,1,,,,,
2026-08-20,2026-08-20,CM,NSE,STK,18026,INE423Y01016,SBFC,EQ,,,,,SBFC FINANCE LIMITED,92.77,94.25,92.77,93.99,94.18,92.77,,93.99,,,836056,78404469.82,12623,F1,1,,,,,
2026-08-20,2026-08-20,CM,NSE,STK,17971,INE018E01016,SBICARD,EQ,,,,,SBI CARDS & PAY SER LTD,626.80,654.35,626.75,647.05,647.05,623.65,,647.03,,,5399356,3485533837.20,112077,F1,1,,,,,
2026-08-20,2026-08-20,CM,NSE,STK,764173,INE640G01020,SBIFUNDS,EQ,,,,,SBI FUNDS MANAGEMENT LTD,557.00,563.00,552.25,555.50,554.70,553.95,,555.51,,,2461681,1370860998.95,62368,F1,1,,,,,
2026-08-20,2026-08-20,CM,NSE,STK,21808,INE123W01016,SBILIFE,EQ,,,,,SBI LIFE INSURANCE CO LTD,1790.00,1792.50,1775.40,1782.00,1782.00,1780.40,,1782.00,,,687833,1227340991.80,35300,F1,1,,,,,
2026-08-20,2026-08-20,CM,NSE,STK,17272,INF200KA16D8,SETFGOLD,EQ,,,,,SBI-ETF GOLD,132.98,133.49,132.07,133.01,132.70,129.74,,133.01,,,4964766,659911932.10,14023,F1,1,,,,,
2026-08-20,2026-08-20,CM,NSE,STK,10176,INF200KA1FS1,SETFNIF50,EQ,,,,,SBI-ETF NIFTY 50,261.84,261.84,260.27,261.22,261.48,259.51,,261.22,,,2237839,584987936.54,4038,F1,1,,,,,
2026-08-20,2026-08-20,CM,NSE,STK,7361,INF200KA1580,SETFNIFBK,EQ,,,,,SBI-ETF NIFTY BANK,590.93,593.95,590.93,591.82,592.75,588.77,,591.85,,,10474,6207217.64,1148,F1,1,,,,,
2026-08-20,2026-08-20,CM,NSE,STK,7353,INF200KA1598,SETFNN50,EQ,,,,,SBI-ETF NIFTY NEXT 50,801.20,801.20,794.86,796.19,795.24,793.19,,796.19,,,16350,13024634.19,862,F1,1,,,,,
2026-08-20,2026-08-20,CM,NSE,STK,19705,INF200KA13Z8,LIQUIDSBI,EQ,,,,,SBIAMC - LIQUIDSBI,1000.00,1000.01,999.99,1000.01,1000.01,1000.00,,1000.01,,,1479,1479008.03,15,F1,1,,,,,
2026-08-20,2026-08-20,CM,NSE,STK,30290,INF200KB1712,SBIBPB,EQ,,,,,SBIAMC - SBIBPB,49.85,50.33,49.76,50.09,50.21,49.85,,50.09,,,18245,915060.32,266,F1,1,,,,,
2026-08-20,2026-08-20,CM,NSE,STK,5168,INF200KA1X17,SBIETFCON,EQ,,,,,SBIAMC - SBIETFCON,120.27,125.36,120.27,124.63,124.63,123.36,,124.63,,,2225,277236.70,91,F1,1,,,,,
2026-08-20,2026-08-20,CM,NSE,STK,740,INF200KA1S14,SBIETFIT,EQ,,,,,SBIAMC - SBIETFIT,338.01,343.46,338.01,340.66,340.20,336.74,,340.66,,,4393,1499612.32,163,F1,1,,,,,
2026-08-20,2026-08-20,CM,NSE,STK,722,INF200KA1S22,SBIETFPB,EQ,,,,,SBIAMC - SBIETFPB,280.95,281.16,279.01,279.35,279.01,278.82,,279.35,,,7243,2033894.79,82,F1,1,,,,,
2026-08-20,2026-08-20,CM,NSE,STK,7218,INF200KA1WX6,SBIETFQLTY,EQ,,,,,SBIAMC - SBIETFQLTY,224.87,226.02,224.63,225.02,226.02,224.63,,225.02,,,367,82514.06,32,F1,1,,,,,
2026-08-20,2026-08-20,CM,NSE,STK,758496,INF200KB1969,SBILIQETF,EQ,,,,,SBIAMC - SBILIQETF,1052.53,1052.53,1052.51,1052.53,1052.53,1052.40,,1052.53,,,10403,10949398.64,32,F1,1,,,,,
2026-08-20,2026-08-20,CM,NSE,STK,761095,INF200KB1AJ0,SBIMIDMOM,EQ,,,,,SBIAMC - SBIMIDMOM,64.19,64.21,63.64,63.92,63.95,63.66,,63.92,,,139703,8931280.01,266,F1,1,,,,,
2026-08-20,2026-08-20,CM,NSE,STK,24524,INF200KB1282,SBINEQWETF,EQ,,,,,SBIAMC - SBINEQWETF,33.99,34.12,33.52,33.55,33.69,33.45,,33.56,,,15445,519345.10,204,F1,1,,,,,
2026-08-20,2026-08-20,CM,NSE,STK,761741,INF200KB1AK8,SBINMID150,EQ,,,,,SBIAMC - SBINMID150,23.53,23.60,23.42,23.53,23.57,23.38,,23.53,,,35609,837694.84,101,F1,1,,,,,
2026-08-20,2026-08-20,CM,NSE,STK,24366,INF200KB1217,SBISILVER,EQ,,,,,SBIAMC - SBISILVER,229.82,232.63,229.82,230.80,230.76,221.77,,230.80,,,2365422,546847953.86,9796,F1,1,,,,,
2026-08-20,2026-08-20,CM,NSE,STK,763543,INF200KB1AY9,SBISMLETF,EQ,,,,,SBIAMC - SBISMLETF,18.44,18.46,18.33,18.35,18.44,18.26,,18.35,,,19210,353907.46,123,F1,1,,,,,
2026-08-20,2026-08-20,CM,NSE,STK,763546,INF200KB1AX1,SBIVALETF,EQ,,,,,SBIAMC - SBIVALETF,15.03,15.03,14.72,14.75,15.00,15.03,,14.75,,,31246,461226.35,137,F1,1,,,,,
2026-08-20,2026-08-20,CM,NSE,STK,17395,INF200KA1JT1,SETF10GILT,EQ,,,,,SBIAMC - SETF10GILT,258.76,266.36,258.76,265.19,265.20,265.40,,265.19,,,1967,521380.80,33,F1,1,,,,,
2026-08-20,2026-08-20,CM,NSE,STK,762887,INE099G01011,SCANSTL,BE,,,,,SCAN STEELS LTD.,63.54,65.89,63.00,64.16,64.15,63.54,,64.38,,,67615,4377914.71,224,F1,1,,,,,
2026-08-20,2026-08-20,CM,NSE,STK,1011,INE513A01022,SCHAEFFLER,EQ,,,,,SCHAEFFLER INDIA LIMITED,4152.40,4202.60,4041.00,4049.30,4041.00,4104.90,,4049.25,,,51211,209913916.00,10438,F1,1,,,,,
2026-08-20,2026-08-20,CM,NSE,STK,31234,INE839M01018,SCHNEIDER,EQ,,,,,SCHNEIDER ELECTRIC INFRA,1270.00,1271.70,1236.00,1242.60,1245.00,1253.80,,1242.57,,,433570,543757720.20,25996,F1,1,,,,,
2026-08-20,2026-08-20,CM,NSE,STK,757462,INE148I07XX3,SCL01825,N6,,,,,SCL 0% 2027 SR III,1076.80,1078.00,1071.42,1078.00,1078.00,1076.80,,1078.00,,,121,130360.20,3,F1,1,,,,,
2026-08-20,2026-08-20,CM,NSE,STK,757460,INE148I07XG8,865SCL27,N4,,,,,SCL 8.65% 2027 SR II,992.00,995.00,992.00,995.00,995.00,992.00,,995.00,,,25,24826.00,8,F1,1,,,,,
2026-08-20,2026-08-20,CM,NSE,STK,28921,INE148I07VH0,948SCL27R,N1,,,,,SCL 9.48% 2027 SR V,950.00,950.00,950.00,950.00,950.00,996.75,,950.00,,,87,82650.00,1,F1,1,,,,,
2026-08-20,2026-08-20,CM,NSE,STK,30222,INE148I07WI6,990SCL28,N1,,,,,SCL 9.90% SR IV,1039.00,1039.00,1039.00,1039.00,1039.00,1039.98,,1039.00,,,31,32209.00,1,F1,1,,,,,
2026-08-20,2026-08-20,CM,NSE,STK,30210,INE148I07WC9,SCL19325A,N1,,,,,SCL SR III,1103.00,1120.00,1103.00,1120.00,1120.00,1100.40,,1120.00,,,95,105550.00,3,F1,1,,,,,
2026-08-20,2026-08-20,CM,NSE,STK,757478,INE090501011,SCODATUBES,EQ,,,,,SCODA TUBES LIMITED,126.07,129.00,125.25,126.68,129.00,126.07,,126.71,,,172945,21900341.74,1841,F1,1,,,,,
2026-08-20,2026-08-20,CM,NSE,STK,21494,IN1020230703,764AP31,SG,,,,,SDL AP 7.64% 2031,95.85,95.85,95.85,95.85,95.85,95.85,,95.85,,,100,9585.00,1,F1,100,,,,,
2026-08-20,2026-08-20,CM,NSE,STK,17322,IN1320230015,737BR30,SG,,,,,SDL BR 7.37% 2030,95.82,95.82,95.82,95.82,95.82,100.00,,95.82,,,100,9582.00,1,F1,100,,,,,
2026-08-20,2026-08-20,CM,NSE,STK,759385,IN1520250151,706GJ33,SG,,,,,SDL GJ 7.06% 2033,95.00,95.00,95.00,95.00,95.00,100.00,,95.00,,,800,76000.00,1,F1,100,,,,,
2026-08-20,2026-08-20,CM,NSE,STK,21133,IN1520230161,743GJ27,SG,,,,,SDL GJ 7.43% 2027,100.30,100.30,100.30,100.30,100.30,100.30,,100.30,,,200,20060.00,1,F1,100,,,,,
2026-08-20,2026-08-20,CM,NSE,STK,763197,IN2020260047,783KL49,SG,,,,,SDL KL 7.83% 2049,98.00,98.00,98.00,98.00,98.00,98.00,,98.00,,,100,9800.00,1,F1,100,,,,,
2026-08-20,2026-08-20,CM,NSE,STK,22751,IN2220230238,746MH35,SG,,,,,SDL MH 7.46% 2035,95.00,95.00,95.00,95.00,95.00,95.00,,95.00,,,100,9500.00,1,F1,100,,,,,
2026-08-20,2026-08-20,CM,NSE,STK,21271,IN2220230170,772MH35,SG,,,,,SDL MH 7.72% 2035,98.00,98.00,98.00,98.00,98.00,98.20,,98.00,,,100,9800.00,1,F1,100,,,,,
2026-08-20,2026-08-20,CM,NSE,STK,763523,IN2820260049,792PN44,SG,,,,,SDL PN 7.92% 2044,99.89,99.90,99.89,99.90,99.90,100.00,,99.90,,,500,49946.00,2,F1,100,,,,,
2026-08-20,2026-08-20,CM,NSE,STK,15109,IN2920230033,759RJ48,SG,,,,,SDL RJ 7.59% 2048,95.00,95.00,95.00,95.00,95.00,100.00,,95.00,,,100,9500.00,1,F1,100,,,,,
2026-08-20,2026-08-20,CM,NSE,STK,20399,IN3420230150,772WB37,SG,,,,,SDL WB 7.72% 2037,94.81,94.81,94.81,94.81,94.81,90.30,,94.81,,,1000,94810.00,2,F1,100,,,,,
2026-08-20,2026-08-20,CM,NSE,STK,20643,INE027E07972,935LTF29,N5,,,,,SE RE NCD 9.35% SR.V OP2,1100.00,1110.00,1100.00,1100.00,1100.00,1091.10,,1100.00,,,60,66400.00,6,F1,1,,,,,
2026-08-20,2026-08-20,CM,NSE,STK,2616,INE497B01018,SEAMECLTD,EQ,,,,,SEAMEC LIMITED,1650.00,1719.90,1633.20,1699.00,1685.20,1635.70,,1699.01,,,636074,1076624665.70,33518,F1,1,,,,,
2026-08-20,2026-08-20,CM,NSE,STK,6207,INE530B07187,IIFLZC26,NN,,,,,SEC RE NCD 0% SR.VII,1495.00,1495.00,1495.00,1495.00,1495.00,1495.00,,1495.00,,,40,59800.00,1,F1,1,,,,,
2026-08-20,2026-08-20,CM,NSE,STK,20771,INE413U07277,10ISFL26,N3,,,,,SEC RE NCD 10% SR 4,1058.70,1058.75,1058.70,1058.75,1058.75,1058.75,,1058.75,,,30,31762.00,2,F1,1,,,,,
2026-08-20,2026-08-20,CM,NSE,STK,12465,INE741K07496,10CAGL27,N5,,,,,SEC RE NCD 10% SR. V,1020.00,1021.00,1020.00,1021.00,1021.00,1013.00,,1021.00,,,200,204100.00,2,F1,1,,,,,
2026-08-20,2026-08-20,CM,NSE,STK,25566,INE148I07UR1,1003SCL31A,N1,,,,,SEC RE NCD 10.03% SR X,1027.86,1027.86,1027.86,1027.86,1027.86,995.00,,1025.01,,,50,51393.00,1,F1,1,,,,,
2026-08-20,2026-08-20,CM,NSE,STK,15253,INE244L07523,890SFIL23A,NZ,,,,,SEC RE NCD 10.03% SR.VIII,400.30,400.30,400.30,400.30,400.30,400.30,,420.20,,,100,40030.00,1,F1,1,,,,,
2026-08-20,2026-08-20,CM,NSE,STK,18859,INE148I07PL4,925SCL28C,BS,,,,,SEC RE NCD 10.15% SR VII,630.30,640.00,630.30,630.33,630.33,781.61,,630.33,,,92,58395.75,3,F1,1,,,,,
2026-08-20,2026-08-20,CM,NSE,STK,23323,INE148I07SQ7,1025SCL34,Z8,,,,,SEC RE NCD 10.25% SR XII,1015.00,1015.00,1014.93,1014.93,1014.93,1005.00,,1014.93,,,50,50749.30,2,F1,1,,,,,
2026-08-20,2026-08-20,CM,NSE,STK,21056,INE148I07RZ0,835SCL23B,YM,,,,,SEC RE NCD 10.25% SR XII,1020.00,1020.00,1017.99,1017.99,1017.99,1047.00,,1014.00,,,1000,1018995.00,2,F1,1,,,,,
2026-08-20,2026-08-20,CM,NSE,STK,25916,INE583D07513,1040UCL27B,N1,,,,,SEC RE NCD 10.40% SR III,1002.65,1002.65,1002.61,1002.61,1002.61,1008.00,,1002.61,,,12,12031.40,4,F1,1,,,,,
2026-08-20,2026-08-20,CM,NSE,STK,20784,INE413U07251,1050ISFL28,N5,,,,,SEC RE NCD 10.50% SR 6,1066.10,1066.10,1066.10,1066.10,1066.10,1060.00,,1066.10,,,75,79957.50,1,F1,1,,,,,
2026-08-20,2026-08-20,CM,NSE,STK,20120,INE148I07QZ2,980SCL33,NX,,,,,SEC RE NCD 10.75% SR XI,948.00,948.00,948.00,948.00,948.00,948.00,,948.00,,,2,1896.00,1,F1,1,,,,,
2026-08-20,2026-08-20,CM,NSE,STK,23125,INE342T07445,1119NFL27,ND,,,,,SEC RE NCD 11.19% SR.V,1052.00,1053.80,1052.00,1052.00,1052.00,1051.73,,1052.40,,,496,521828.00,10,F1,1,,,,,
2026-08-20,2026-08-20,CM,NSE,STK,11658,INE0H7R07017,79NHIT35,N1,,,,,SEC RE NCD 7.90% STRPP A,310.22,311.50,310.00,310.19,310.19,310.40,,312.58,,,501,155463.83,5,F1,1,,,,,
2026-08-20,2026-08-20,CM,NSE,STK,11665,INE0H7R07025,79NHIT40,N2,,,,,SEC RE NCD 7.90% STRPP B,311.05,311.06,310.11,310.48,310.11,311.45,,310.48,,,79,24567.28,6,F1,1,,,,,
2026-08-20,2026-08-20,CM,NSE,STK,11669,INE0H7R07033,79NHIT47,N3,,,,,SEC RE NCD 7.90% STRPP C,417.00,418.00,417.00,418.00,418.00,416.60,,418.00,,,208,86824.86,6,F1,1,,,,,
2026-08-20,2026-08-20,CM,NSE,STK,3476,INE219X07280,797IGT31,NL,,,,,SEC RE NCD 7.97% SR.VI,1010.00,1010.00,1002.00,1006.49,1009.99,1020.00,,1006.49,,,165,166404.40,9,F1,1,,,,,
2026-08-20,2026-08-20,CM,NSE,STK,7648,INE477L07AN9,820IIFL27,N9,,,,,SEC RE NCD 8.20% SR.III,991.00,993.00,990.01,990.01,990.01,990.00,,990.01,,,531,525895.56,5,F1,1,,,,,
2026-08-20,2026-08-20,CM,NSE,STK,3464,INE219X07264,82IGT31,NJ,,,,,SEC RE NCD 8.20% SR.V,1031.00,1031.00,1031.00,1031.00,1031.00,1028.76,,1031.00,,,20,20620.00,1,F1,1,,,,,
2026-08-20,2026-08-20,CM,NSE,STK,6197,INE530B07161,842IIFL26,NL,,,,,SEC RE NCD 8.42% SR.V,995.02,995.02,994.00,994.00,994.00,999.97,,994.00,,,151,150114.20,7,F1,1,,,,,
2026-08-20,2026-08-20,CM,NSE,STK,7668,INE477L07AQ2,843IHFL29,NC,,,,,SEC RE NCD 8.43% SR.VI,981.98,982.50,980.16,980.16,980.16,980.25,,980.16,,,665,652327.50,7,F1,1,,,,,
2026-08-20,2026-08-20,CM,NSE,STK,20435,INE121A07RO8,850CIFCL26,NE,,,,,SEC RE NCD 8.50% SR 3,1060.00,1060.00,1060.00,1060.00,1060.00,1055.00,,1060.00,,,13,13780.00,1,F1,1,,,,,
2026-08-20,2026-08-20,CM,NSE,STK,22551,INE121A07RT7,85CIFC27,NL,,,,,SEC RE NCD 8.50% SR 3,1040.59,1040.59,1040.59,1040.59,1040.59,1040.19,,1040.59,,,923,960464.57,1,F1,1,,,,,
2026-08-20,2026-08-20,CM,NSE,STK,28856,INE477L07BB2,865IHFL27,N1,,,,,SEC RE NCD 8.65% SR III,985.86,985.86,985.86,985.86,985.86,951.00,,985.86,,,17,16759.62,1,F1,1,,,,,
2026-08-20,2026-08-20,CM,NSE,STK,17039,INE530B07385,865IFL28,NZ,,,,,SEC RE NCD 8.65% SR.V,985.55,990.00,985.55,990.00,990.00,985.55,,990.00,,,102,100935.50,4,F1,1,,,,,
2026-08-20,2026-08-20,CM,NSE,STK,13852,INE530B07310,865IIFL28,NS,,,,,SEC RE NCD 8.65% SR.V,992.54,992.54,986.25,988.04,986.25,989.26,,988.04,,,175,173582.13,5,F1,1,,,,,
2026-08-20,2026-08-20,CM,NSE,STK,28869,INE477L07BG1,89IHFL29,N1,,,,,SEC RE NCD 8.90% SR VI,985.00,985.00,985.00,985.00,985.00,978.10,,985.00,,,95,93575.00,4,F1,1,,,,,
2026-08-20,2026-08-20,CM,NSE,STK,28858,INE477L07BC0,9IHFL27,N1,,,,,SEC RE NCD 9% SR IV,1040.00,1040.00,1033.00,1040.00,1040.00,1053.62,,1040.00,,,501,518307.00,6,F1,1,,,,,
2026-08-20,2026-08-20,CM,NSE,STK,23702,INE338I07149,91MOFSL27,N2,,,,,SEC RE NCD 9.10% SR III,1025.00,1025.00,1025.00,1025.00,1025.00,1023.00,,1025.00,,,25,25625.00,1,F1,1,,,,,
2026-08-20,2026-08-20,CM,NSE,STK,25277,INE423A07351,925AEL26,N1,,,,,SEC RE NCD 9.25% SR I,1085.00,1085.00,1085.00,1085.00,1085.00,1078.00,,1085.00,,,44,47740.00,1,F1,1,,,,,
2026-08-20,2026-08-20,CM,NSE,STK,5855,INE148I07KN1,889SCL26,NS,,,,,SEC RE NCD 9.25% SR.VII,1067.70,1067.70,1067.70,1067.70,1067.70,1070.95,,1067.70,,,10,10677.00,2,F1,1,,,,,
2026-08-20,2026-08-20,CM,NSE,STK,23710,INE338I07115,93MOFSL34,N6,,,,,SEC RE NCD 9.30% SR VII,1160.50,1160.50,1160.50,1160.50,1160.50,1068.99,,1115.25,,,90,104445.00,1,F1,1,,,,,
2026-08-20,2026-08-20,CM,NSE,STK,23708,INE338I07107,935MOFSL29,N5,,,,,SEC RE NCD 9.35% SR VI,1013.00,1035.10,1013.00,1035.10,1035.10,1047.00,,1035.10,,,80,81924.00,2,F1,1,,,,,
2026-08-20,2026-08-20,CM,NSE,STK,13497,INE148I07ND6,965SCL25C,N0,,,,,SEC RE NCD 9.39% SR.VIII,415.00,415.00,415.00,415.00,415.00,415.00,,415.00,,,3,1245.00,1,F1,1,,,,,
2026-08-20,2026-08-20,CM,NSE,STK,25552,INE148I07UC3,948SCL27D,N1,,,,,SEC RE NCD 9.48% SR V,990.00,990.00,990.00,990.00,990.00,990.00,,990.00,,,200,198000.00,1,F1,1,,,,,
2026-08-20,2026-08-20,CM,NSE,STK,11361,INE148I07ME6,915SCL27,Z7,,,,,SEC RE NCD 9.55% SR.VII,1076.66,1076.66,1076.66,1076.66,1076.66,1070.10,,1076.66,,,10,10766.60,1,F1,1,,,,,
2026-08-20,2026-08-20,CM,NSE,STK,25534,INE148I07US9,965SCL26F,N1,,,,,SEC RE NCD 9.65% SR I,1075.70,1075.70,1075.70,1075.70,1075.70,1080.00,,1075.70,,,10,10757.00,3,F1,1,,,,,
2026-08-20,2026-08-20,CM,NSE,STK,18487,INE741K07579,970CAGL28,ND,,,,,SEC RE NCD 9.70% SR VII,1024.20,1024.99,1024.20,1024.99,1024.99,1022.20,,1024.99,,,31,31750.99,6,F1,1,,,,,
2026-08-20,2026-08-20,CM,NSE,STK,14038,INE244L07416,985SFIL28,NO,,,,,SEC RE NCD 9.85% SR.VIII,375.30,390.50,375.30,390.50,390.50,400.50,,390.50,,,67,25783.50,3,F1,1,,,,,
2026-08-20,2026-08-20,CM,NSE,STK,20088,INE148I07QO6,SCLZC26E,NP,,,,,SEC RE NCD SR VI,1292.00,1292.00,1292.00,1292.00,1292.00,1292.00,,1292.00,,,10,12920.00,1,F1,1,,,,,
2026-08-20,2026-08-20,CM,NSE,STK,18498,INE741K07546,CAGL28,NE,,,,,SEC RE NCD SR VIII,1350.00,1350.00,1350.00,1350.00,1350.00,1330.00,,1350.00,,,25,33750.00,1,F1,1,,,,,
2026-08-20,2026-08-20,CM,NSE,STK,15376,INE121A07QX1,CIFCZC28A,N5,,,,,SEC RE NCD SR.VI,1298.99,1298.99,1271.01,1290.00,1290.00,1270.00,,1290.00,,,518,671805.43,14,F1,1,,,,,
2026-08-20,2026-08-20,CM,NSE,STK,14228,INE00QS24035,IMC1,N3,,,,,SEC RE NCGB 8.25% STRPP D,252.00,252.00,252.00,252.00,252.00,252.00,,252.00,,,135,34020.00,3,F1,1,,,,,
2026-08-20,2026-08-20,CM,NSE,STK,7975,INE804IA7014,1015ECL29,NR,,,,,SEC RED NCD 10.15% SR. VI,1016.01,1016.01,1012.60,1013.10,1013.10,1016.99,,1012.75,,,32,32445.91,7,F1,1,,,,,
2026-08-20,2026-08-20,CM,NSE,STK,7986,INE804IA7022,1060ECL29,NS,,,,,SEC RED NCD 10.6% SR. VII,1064.00,1064.00,1064.00,1064.00,1064.00,1062.00,,1064.00,,,125,133000.00,1,F1,1,,,,,
2026-08-20,2026-08-20,CM,NSE,STK,16870,INE033L07GS6,81TCHF28,N8,,,,,SEC RED NCD 8.10% SR.IV,1010.10,1010.10,1002.00,1002.00,1002.00,1010.76,,1002.00,,,195,196618.20,11,F1,1,,,,,
2026-08-20,2026-08-20,CM,NSE,STK,17159,INE721A07PK7,875SFL27,ZF,,,,,SEC RED NCD 8.75% SR.III,1021.99,1021.99,1021.99,1021.99,1021.99,1025.00,,1013.50,,,10,10219.90,1,F1,1,,,,,
2026-08-20,2026-08-20,CM,NSE,STK,18626,INE148I07GK5,885SCL26,N9,,,,,SEC RED NCD 8.85% SR. VI,1074.00,1074.00,1073.80,1074.00,1074.00,1074.00,,1074.00,,,108,115986.00,4,F1,1,,,,,
2026-08-20,2026-08-20,CM,NSE,STK,18628,INE148I07GL3,9SCL26BA,NA,,,,,SEC RED NCD 9.0% SR. VI,1079.00,1080.05,1077.00,1079.97,1080.00,1071.25,,1079.80,,,17189,18562826.69,79,F1,1,,,,,
2026-08-20,2026-08-20,CM,NSE,STK,8625,INE721A07ON4,957ICCL25,YW,,,,,SEC RED NCD 9.30% SR. II,1068.95,1068.95,1068.95,1068.95,1068.95,1050.00,,1068.95,,,2,2137.90,1,F1,1,,,,,
2026-08-20,2026-08-20,CM,NSE,STK,6168,INE721A07OF0,97SFL28,YS,,,,,SEC RED NCD 9.70% SR. V,1100.00,1100.00,1100.00,1100.00,1100.00,1100.00,,1100.00,,,10,11000.00,1,F1,1,,,,,
2026-08-20,2026-08-20,CM,NSE,STK,4292,INE804I079Y6,985ECL28,NK,,,,,SEC RED NCD 9.85% SR. VII,1004.00,1004.00,1003.00,1003.02,1003.00,1002.00,,1003.02,,,28,28095.00,5,F1,1,,,,,
2026-08-20,2026-08-20,CM,NSE,STK,19496,INE0BTM01013,SECMARK,EQ,,,,,SECMARK CONSULTANCY LTD,133.00,133.00,123.30,125.00,125.00,128.00,,125.00,,,2516,320783.54,46,F1,1,,,,,
2026-08-20,2026-08-20,CM,NSE,STK,11058,INE650K01021,SECURKLOUD,EQ,,,,,SECUREKLOUD TECH LIMITED,17.85,18.35,17.50,18.24,18.09,17.85,,18.24,,,11807,213732.62,94,F1,1,,,,,
2026-08-20,2026-08-20,CM,NSE,STK,761153,INE00XB01019,SEDEMAC,EQ,,,,,SEDEMAC MECHATRONICS LTD,3267.00,3349.70,3227.60,3261.40,3295.00,3222.70,,3261.71,,,136798,448720617.80,19416,F1,1,,,,,
2026-08-20,2026-08-20,CM,NSE,STK,7091,INE955I01044,SEJALLTD,EQ,,,,,SEJAL GLASS LIMITED,687.75,688.00,650.10,662.85,664.25,684.30,,662.98,,,11409,7580991.25,645,F1,1,,,,,
2026-08-20,2026-08-20,CM,NSE,STK,6262,INE105I01020,SELMC,EQ,,,,,SEL MANUFACTURING CO LTD,26.55,30.00,26.55,28.00,28.01,27.09,,28.00,,,11544,327392.67,130,F1,1,,,,,
2026-08-20,2026-08-20,CM,NSE,STK,757982,INE0IJF01013,SELLOWRAP,SM,,,,,SELLOWRAP INDUSTRIES LTD,71.00,71.00,68.00,68.00,68.00,71.00,,68.00,,,27200,1880320.00,11,F1,1600,,,,,
2026-08-20,2026-08-20,CM,NSE,STK,11961,INE617A01013,SEMAC,EQ,,,,,SEMAC CONSTRUCTION LTD,298.10,298.10,282.00,284.70,285.00,296.65,,284.82,,,1576,451753.60,169,F1,1,,,,,
2026-08-20,2026-08-20,CM,NSE,STK,17271,INE602W01027,SENCO,EQ,,,,,SENCO GOLD LIMITED,335.45,340.40,333.05,336.30,337.30,331.60,,336.29,,,867529,291829158.35,17503,F1,1,,,,,
2026-08-20,2026-08-20,CM,NSE,STK,28888,INE0RB801010,SENORES,EQ,,,,,SENORES PHARMACEUTICALS L,1568.80,1569.00,1484.50,1513.30,1513.00,1550.90,,1513.38,,,147284,225781895.50,9167,F1,1,,,,,
2026-08-20,2026-08-20,CM,NSE,STK,15308,INE964H01014,SEPC,EQ,,,,,SEPC LIMITED,5.75,6.09,5.73,5.97,5.96,5.71,,5.97,,,17431090,102935781.86,6997,F1,1,,,,,
2026-08-20,2026-08-20,CM,NSE,STK,20691,INE027E07AN7,87LTF27,NH,,,,,SERENCD 8.70% SR.VII OPII,1039.60,1039.60,1029.60,1029.60,1029.60,1005.00,,1034.80,,,37,38251.20,4,F1,1,,,,,
2026-08-20,2026-08-20,CM,NSE,STK,20655,INE027E07998,898LTF29,N7,,,,,SERENCD 8.98% SR.VI OP2,1083.99,1083.99,1080.99,1080.99,1080.99,1084.80,,1080.99,,,140,151638.60,11,F1,1,,,,,
2026-08-20,2026-08-20,CM,NSE,STK,21197,INE306N07LM5,865TCAPS27,N8,,,,,SERENCD8.65%SR.IIICIII&IV,1012.00,1012.00,1003.00,1008.03,1008.00,1016.00,,1006.98,,,1396,1407722.58,54,F1,1,,,,,
2026-08-20,2026-08-20,CM,NSE,STK,17399,INE0P1Q01015,SERVICE,SM,,,,,SERVICE CARE LIMITED,61.05,61.05,61.05,61.05,61.05,62.00,,61.05,,,2000,122100.00,1,F1,2000,,,,,
2026-08-20,2026-08-20,CM,NSE,STK,5507,INE782X01033,SERVOTECH,EQ,,,,,SERVOTECH REN POW SYS LTD,81.00,82.90,81.00,82.56,82.70,81.14,,82.56,,,294919,24269538.23,3544,F1,1,,,,,
2026-08-20,2026-08-20,CM,NSE,STK,759934,INE04VU01023,STYL,EQ,,,,,SESHAASAI TECHNOLOGIES L,384.00,408.00,380.00,401.35,401.20,379.50,,401.36,,,302275,120443539.50,10265,F1,1,,,,,
2026-08-20,2026-08-20,CM,NSE,STK,3066,INE630A01024,SESHAPAPER,EQ,,,,,SESHASAYEE PAPER & BOARDS,229.94,233.39,228.21,230.36,229.30,226.75,,230.36,,,29610,6821616.56,764,F1,1,,,,,
2026-08-20,2026-08-20,CM,NSE,STK,17518,INE878E01021,SETCO,BE,,,,,SETCO AUTOMOTIVE LTD,16.85,17.00,16.83,17.00,17.00,16.83,,16.80,,,51453,867806.75,74,F1,1,,,,,
2026-08-20,2026-08-20,CM,NSE,STK,18024,INE023M01027,SETUINFRA,BZ,,,,,SETUBANDHAN INFRA LTD,0.46,0.46,0.42,0.45,0.46,0.44,,0.45,,,40459,18342.04,65,F1,1,,,,,
2026-08-20,2026-08-20,CM,NSE,STK,10836,INE573R01012,SEYAIND,BE,,,,,SEYA INDUSTRIES LIMITED,12.91,12.91,12.42,12.42,12.42,12.67,,12.42,,,1427,18027.66,27,F1,1,,,,,
2026-08-20,2026-08-20,CM,NSE,STK,758853,INE618R01015,SGFIN,EQ,,,,,SG FINSERVE LIMITED,698.50,708.75,682.00,684.65,685.00,692.75,,684.54,,,219085,152480873.30,8529,F1,1,,,,,
2026-08-20,2026-08-20,CM,NSE,STK,758889,INE385F01024,SGMART,EQ,,,,,SG MART LIMITED,801.00,824.00,782.40,805.20,801.55,803.20,,805.20,,,779409,630721152.55,19982,F1,1,,,,,
2026-08-20,2026-08-20,CM,NSE,STK,765247,INE967B01028,SGLRES,EQ,,,,,SGL RESOURCES LIMITED,2.40,2.51,2.28,2.45,2.51,2.40,,2.45,,,46364,112095.17,114,F1,1,,,,,
2026-08-20,2026-08-20,CM,NSE,STK,761469,INE12UN01015,SHADOWFAX,EQ,,,,,SHADOWFAX TECHNOLOGIES L,265.00,268.65,234.00,258.00,258.00,264.84,,257.50,,,4019033,1062381397.17,53598,F1,1,,,,,
2026-08-20,2026-08-20,CM,NSE,STK,11856,INE640C01011,SHAHALLOYS,EQ,,,,,SHAH ALLOYS LIMITED,81.90,82.80,76.01,77.30,77.99,80.68,,77.24,,,45869,3615569.97,714,F1,1,,,,,
2026-08-20,2026-08-20,CM,NSE,STK,20296,INE482J01021,SHAH,EQ,,,,,SHAH METACORP LIMITED,4.03,4.05,3.90,3.95,3.95,3.91,,3.95,,,3308394,13063486.38,1917,F1,1,,,,,
2026-08-20,2026-08-20,CM,NSE,STK,8727,INE151G01028,SHAILY,EQ,,,,,SHAILY ENG PLASTICS LTD,3384.30,3406.30,3330.10,3350.00,3350.10,3367.20,,3349.98,,,68817,231384324.90,13957,F1,1,,,,,
2026-08-20,2026-08-20,CM,NSE,STK,25574,INE908D01010,SHAKTIPUMP,EQ,,,,,SHAKTI PUMPS (I) LTD,494.20,512.10,492.70,506.20,506.00,492.40,,506.17,,,762551,385971176.10,26517,F1,1,,,,,
2026-08-20,2026-08-20,CM,NSE,STK,714,INE597J01018,SHALBY,EQ,,,,,SHALBY LIMITED,155.36,157.60,153.20,154.57,153.20,155.45,,154.57,,,73225,11393325.98,966,F1,1,,,,,
2026-08-20,2026-08-20,CM,NSE,STK,761688,INE861D01011,SAHLIBHFI,EQ,,,,,SHALIBHADRA FINANCE LTD,72.49,74.05,71.09,73.90,74.00,71.09,,73.87,,,10148,742840.56,139,F1,1,,,,,
2026-08-20,2026-08-20,CM,NSE,STK,15346,INE849C01026,SHALPAINTS,BE,,,,,SHALIM PAINTS LTD,79.55,83.40,79.50,82.81,83.00,82.54,,82.44,,,138664,11282500.83,746,F1,1,,,,,
2026-08-20,2026-08-20,CM,NSE,STK,25737,INE01NE01012,SRD,EQ,,,,,SHANKAR LAL RAMPAL LTD,40.94,41.00,38.50,39.42,39.10,40.94,,39.44,,,38815,1535434.72,241,F1,1,,,,,
2026-08-20,2026-08-20,CM,NSE,STK,20321,INE274V01019,SHANKARA,EQ,,,,,SHANKARA BLDG PRODUCT LTD,142.40,143.64,142.00,142.21,142.99,142.54,,142.21,,,114230,16282340.91,711,F1,1,,,,,
2026-08-20,2026-08-20,CM,NSE,STK,760594,INE24OJ01011,BUILDPRO,EQ,,,,,SHANKARA BUILDPRO LIMITED,1279.00,1281.40,1254.50,1263.10,1265.00,1273.00,,1263.08,,,31185,39418403.00,2400,F1,1,,,,,
2026-08-20,2026-08-20,CM,NSE,STK,3078,INE631A01022,SHANTIGEAR,EQ,,,,,SHANTHI GEARS LTD,388.70,393.05,385.50,386.90,386.15,386.65,,386.93,,,23336,9086893.90,1413,F1,1,,,,,
2026-08-20,2026-08-20,CM,NSE,STK,762889,INE440T01028,SEIL,EQ,,,,,SHANTI EDU INITIATIVES L,211.30,215.60,209.10,210.81,209.97,210.93,,210.79,,,348672,73714970.70,2628,F1,1,,,,,
2026-08-20,2026-08-20,CM,NSE,STK,758002,INE06ZD01017,SHANTIGOLD,EQ,,,,,SHANTI GOLD INTERNATION L,246.00,255.97,242.22,254.06,254.20,241.75,,254.08,,,2410206,601448556.05,29304,F1,1,,,,,
2026-08-20,2026-08-20,CM,NSE,STK,5650,INE933X01016,SHANTI,EQ,,,,,SHANTI OVERSEAS INDIA LTD,6.12,6.40,6.12,6.38,6.40,6.28,,6.38,,,41012,260045.41,90,F1,1,,,,,
2026-08-20,2026-08-20,CM,NSE,STK,762904,INE220Z01013,SHINDL,EQ,,,,,SHARAT INDUSTRIES LTD.,168.00,168.00,160.05,162.12,163.00,165.38,,162.12,,,56691,9243495.44,477,F1,1,,,,,
2026-08-20,2026-08-20,CM,NSE,STK,4992,INE221J01015,SHARDACROP,EQ,,,,,SHARDA CROPCHEM LTD.,774.00,783.45,762.10,763.45,764.45,770.70,,763.44,,,172419,133252953.85,9977,F1,1,,,,,
2026-08-20,2026-08-20,CM,NSE,STK,10530,INE597I01028,SHARDAMOTR,EQ,,,,,SHARDA MOTOR INDS LTD,951.00,958.15,917.10,922.40,918.80,943.00,,922.41,,,42487,39932225.60,4930,F1,1,,,,,
2026-08-20,2026-08-20,CM,NSE,STK,762897,INE037B01020,SHARDUL,BE,,,,,SHARDUL SECURITIES LTD.,53.08,54.13,52.20,52.73,52.95,53.07,,52.82,,,44833,2369264.72,194,F1,1,,,,,
2026-08-20,2026-08-20,CM,NSE,STK,104,INE932X01026,SHAREINDIA,EQ,,,,,SHARE IND. SECURITIES LTD,174.67,178.85,173.81,175.28,177.00,175.26,,175.28,,,432413,76096513.00,3284,F1,1,,,,,
2026-08-20,2026-08-20,CM,NSE,STK,19469,INE460Q01014,SCML,SM,,,,,SHARP CHUCKS N MACHINES L,84.10,86.75,82.65,82.65,82.65,84.00,,82.65,,,38000,3190600.00,37,F1,1000,,,,,
2026-08-20,2026-08-20,CM,NSE,STK,759410,INE0YJV01017,SHEEL,ST,,,,,SHEEL BIOTECH LIMITED,62.05,62.05,62.05,62.05,62.05,63.90,,62.05,,,6000,372300.00,3,F1,2000,,,,,
2026-08-20,2026-08-20,CM,NSE,STK,19184,INE916U01025,SFL,EQ,,,,,SHEELA FOAM LIMITED,681.00,685.10,665.00,666.20,665.60,678.45,,666.21,,,104292,70071929.15,9407,F1,1,,,,,
2026-08-20,2026-08-20,CM,NSE,STK,12072,INE501Y01019,SCPL,EQ,,,,,SHEETAL COOL PRODUCTS LTD,689.00,689.00,665.00,670.55,669.40,678.20,,670.52,,,23872,16217306.80,1659,F1,1,,,,,
2026-08-20,2026-08-20,CM,NSE,STK,20415,INE04VX01019,SHEETAL,SM,,,,,SHEETAL UNIVERSAL LIMITED,318.00,335.00,318.00,327.10,326.15,323.45,,327.10,,,5500,1803350.00,11,F1,500,,,,,
2026-08-20,2026-08-20,CM,NSE,STK,21099,INE268L01046,SHEKHAWATI,BE,,,,,SHEKHAWATI INDUSTRIES LTD,17.60,19.00,17.55,18.21,18.95,18.43,,18.11,,,17942,320756.95,137,F1,1,,,,,
2026-08-20,2026-08-20,CM,NSE,STK,5072,INE363M01019,SHEMAROO,BE,,,,,SHEMAROO ENTER. LTD.,137.00,137.00,130.51,134.65,132.10,133.32,,134.64,,,12065,1613635.38,105,F1,1,,,,,
2026-08-20,2026-08-20,CM,NSE,STK,14176,INE0MM001019,SHERA,ST,,,,,SHERA ENERGY LIMITED,178.00,178.00,172.25,173.20,173.20,179.20,,173.20,,,12000,2103550.00,12,F1,1000,,,,,
2026-08-20,2026-08-20,CM,NSE,STK,764890,INE011D01013,SHERVANI,EQ,,,,,SHERVANI INDUSTRIAL SYN L,338.00,349.95,338.00,349.95,349.95,342.15,,349.95,,,34,11537.20,8,F1,1,,,,,
2026-08-20,2026-08-20,CM,NSE,STK,8394,INE03KJ01013,SHIGAN,SM,,,,,SHIGAN QUANTUM TECH LTD,68.00,68.00,68.00,68.00,68.00,69.00,,68.00,,,4500,306000.00,3,F1,1500,,,,,
2026-08-20,2026-08-20,CM,NSE,STK,759847,INE024F01011,SHILCTECH,EQ,,,,,SHILCHAR TECHNOLOGIES LTD,3939.00,3961.70,3846.10,3867.20,3880.00,3913.30,,3867.21,,,19425,75523903.40,4554,F1,1,,,,,
2026-08-20,2026-08-20,CM,NSE,STK,764895,INE960A01017,SHILGRAVQ,EQ,,,,,SHILP GRAVURES LTD.,175.00,175.00,158.60,162.51,173.00,169.49,,163.23,,,9977,1606305.29,189,F1,1,,,,,
2026-08-20,2026-08-20,CM,NSE,STK,17752,INE790G01031,SHILPAMED,EQ,,,,,SHILPA MEDICARE LTD,814.00,834.10,808.35,820.95,820.05,807.75,,820.95,,,1309015,1079072353.55,41755,F1,1,,,,,
2026-08-20,2026-08-20,CM,NSE,STK,23127,INE0PB301013,SCILAL,EQ,,,,,SHIPPING CORP OF ILA LTD,40.22,40.46,39.80,40.01,40.07,40.21,,40.02,,,202309,8107939.59,1164,F1,1,,,,,
2026-08-20,2026-08-20,CM,NSE,STK,3048,INE109A01011,SCI,EQ,,,,,SHIPPING CORP OF INDIA LT,296.85,296.85,290.15,291.15,291.50,295.35,,291.15,,,1187896,348535933.05,18860,F1,1,,,,,
2026-08-20,2026-08-20,CM,NSE,STK,765282,INE0FOO01011,SHIPROCKET,EQ,,,,,SHIPROCKET LIMITED,149.90,156.90,137.86,141.65,138.01,143.45,,141.68,,,110197387,16532870741.12,459884,F1,1,,,,,
2026-08-20,2026-08-20,CM,NSE,STK,759747,INE719F01016,SHIVAUM,EQ,,,,,SHIV AUM STEELS LIMITED,447.00,450.00,445.00,445.00,445.00,447.15,,445.00,,,1969,878290.50,29,F1,1,,,,,
2026-08-20,2026-08-20,CM,NSE,STK,765160,INE555C01029,SHIVACEM,EQ,,,,,SHIVA CEMENT LTD.,16.71,17.00,16.55,16.68,16.63,16.97,,16.66,,,73171,1222242.01,174,F1,1,,,,,
2026-08-20,2026-08-20,CM,NSE,STK,764900,INE960E01019,SHIVAAGRO,EQ,,,,,SHIVA GLOBAL AGRO INDS. L,41.00,43.30,40.35,41.82,42.00,40.39,,41.68,,,4493,186922.73,40,F1,1,,,,,
2026-08-20,2026-08-20,CM,NSE,STK,1497,INE644Y01017,SHIVAMILLS,EQ,,,,,SHIVA MILLS LIMITED,59.60,62.12,59.60,60.01,60.00,61.40,,60.01,,,2051,124784.26,48,F1,1,,,,,
2026-08-20,2026-08-20,CM,NSE,STK,804,INE705C01020,SHIVATEX,EQ,,,,,SHIVA TEXYARN LIMITED,168.13,168.13,163.20,164.58,163.51,166.10,,164.58,,,1501,248151.08,52,F1,1,,,,,
2026-08-20,2026-08-20,CM,NSE,STK,24249,INE0T7B01010,SPCL,SM,,,,,SHIVALIC POWER CONTROL L,60.05,61.95,58.95,60.15,60.00,61.30,,60.15,,,31200,1887090.00,47,F1,600,,,,,
2026-08-20,2026-08-20,CM,NSE,STK,4656,INE386D01027,SBCL,EQ,,,,,SHIVALIK BIMETAL CON. LTD,1039.35,1059.80,1020.05,1025.35,1022.00,1025.55,,1025.35,,,336648,348373353.85,19568,F1,1,,,,,
2026-08-20,2026-08-20,CM,NSE,STK,7026,INE788J01021,SHIVALIK,BE,,,,,SHIVALIK RASAYAN LIMITED,257.10,268.91,254.00,268.91,268.91,256.11,,268.91,,,61584,16345497.70,521,F1,1,,,,,
2026-08-20,2026-08-20,CM,NSE,STK,13757,INE637H01024,SHIVAMAUTO,BE,,,,,SHIVAM AUTO.LTD,15.39,16.08,15.39,16.08,16.08,15.32,,16.08,,,12983,207075.39,46,F1,1,,,,,
2026-08-20,2026-08-20,CM,NSE,STK,758744,INE1DLF01018,SHIVASHRIT,SM,,,,,SHIVASHRIT FOODS LIMITED,120.80,121.50,118.10,118.10,118.10,119.00,,118.10,,,15000,1794250.00,14,F1,1000,,,,,
2026-08-20,2026-08-20,CM,NSE,STK,11813,INE498B01024,SHOPERSTOP,EQ,,,,,SHOPPERS STOP LIMITED,420.50,428.40,416.05,419.90,416.50,417.15,,419.86,,,19326,8140448.50,1989,F1,1,,,,,
2026-08-20,2026-08-20,CM,NSE,STK,764905,INE311M01018,SHRADDHA,EQ,,,,,SHRADDHA PRIME PROJECTS L,158.70,158.70,150.50,155.82,155.83,154.14,,154.23,,,2012,307517.87,48,F1,1,,,,,
2026-08-20,2026-08-20,CM,NSE,STK,708,INE715Y01031,SHRADHA,EQ,,,,,SHRADHA REALTY LIMITED,31.00,33.50,31.00,33.38,33.49,33.88,,33.38,,,35134,1140234.23,183,F1,1,,,,,
2026-08-20,2026-08-20,CM,NSE,STK,10588,INE712K01011,SHREEPUSHK,EQ,,,,,SHRE PUSH CHEM & FERT LTD,381.95,410.00,381.90,406.65,404.25,385.80,,406.63,,,92655,37007695.20,3075,F1,1,,,,,
2026-08-20,2026-08-20,CM,NSE,STK,762874,INE185C01017,SAPPL,EQ,,,,,SHREE AJIT PULP & PAPER L,287.00,291.85,278.00,284.10,281.00,289.55,,284.10,,,785,221448.10,34,F1,1,,,,,
2026-08-20,2026-08-20,CM,NSE,STK,3103,INE070A01015,SHREECEM,EQ,,,,,SHREE CEMENT LIMITED,24700.00,24700.00,24245.00,24300.00,24300.00,24340.00,,24305.24,,,18766,457136465.00,9246,F1,1,,,,,
2026-08-20,2026-08-20,CM,NSE,STK,3099,INE232A01011,SHREDIGCEM,EQ,,,,,SHREE DIGVIJAY CEM CO LTD,71.00,71.50,70.00,70.21,70.20,70.36,,70.18,,,31256,2199884.59,627,F1,1,,,,,
2026-08-20,2026-08-20,CM,NSE,STK,764885,INE414Y01015,SGRL,EQ,,,,,SHREE GANESH REMEDIES LTD,521.05,525.50,493.50,501.05,501.95,518.35,,501.20,,,7823,3959591.20,562,F1,1,,,,,
2026-08-20,2026-08-20,CM,NSE,STK,23074,INE0S4Y01010,SHREEKARNI,SM,,,,,SHREE KARNI FABCOM LTD,355.00,355.00,320.00,340.00,340.00,363.95,,340.00,,,12300,4094242.50,74,F1,150,,,,,
2026-08-20,2026-08-20,CM,NSE,STK,20603,INE02S501018,SHREEOSFM,SM,,,,,SHREE OSFM E-MOBILITY LTD,60.00,60.30,59.00,60.30,60.30,57.90,,60.30,,,10000,599800.00,7,F1,1000,,,,,
2026-08-20,2026-08-20,CM,NSE,STK,760188,INE19GK01015,SRTL,EQ,,,,,SHREE RAM TWISTEX LIMITED,38.65,41.00,38.00,39.35,39.60,38.84,,39.35,,,40176,1590560.81,353,F1,1,,,,,
2026-08-20,2026-08-20,CM,NSE,STK,7627,INE879A01019,SHREERAMA,EQ,,,,,SHREE RAMA MULTI TECH LTD,45.14,45.22,43.11,44.93,45.00,44.37,,44.93,,,99067,4384569.65,1084,F1,1,,,,,
2026-08-20,2026-08-20,CM,NSE,STK,13565,INE278B01020,RAMANEWS,EQ,,,,,SHREE RAMA NEWSPRINT LTD,32.50,32.95,30.70,31.66,32.08,32.40,,31.66,,,17981,573250.17,177,F1,1,,,,,
2026-08-20,2026-08-20,CM,NSE,STK,12026,INE087H01022,RENUKA,EQ,,,,,SHREE RENUKA SUGARS LTD,24.70,26.43,24.50,26.13,26.34,24.24,,26.13,,,95136169,2449452267.90,135202,F1,1,,,,,
2026-08-20,2026-08-20,CM,NSE,STK,25203,INE0S2G01011,BALAJEE,EQ,,,,,SHREE TIRUPATI BALAJEE L,27.40,27.40,26.00,26.77,26.38,26.26,,26.77,,,103545,2763850.92,398,F1,1,,,,,
2026-08-20,2026-08-20,CM,NSE,STK,15126,INE00CE01017,SVLL,BE,,,,,SHREE VASU LOGISTICS LTD,761.00,785.40,761.00,770.15,770.15,770.00,,770.15,,,702,547325.50,17,F1,1,,,,,
2026-08-20,2026-08-20,CM,NSE,STK,762159,INE0K3301012,SHREEDHAR,ST,,,,,SHREEDHAR SPINNERS LTD,111.55,117.10,111.55,116.55,117.10,111.55,,116.55,,,10000,1151300.00,5,F1,2000,,,,,
2026-08-20,2026-08-20,CM,NSE,STK,759805,INE1FL101016,SHETHJI,ST,,,,,SHREEJI GLOBAL FMCG LTD,163.00,169.95,162.05,163.70,164.00,163.10,,163.70,,,41000,6716200.00,26,F1,1000,,,,,
2026-08-20,2026-08-20,CM,NSE,STK,759448,INE1B6101010,SHREEJISPG,EQ,,,,,SHREEJI SHIPPING GLOBAL L,657.00,661.95,609.85,613.35,616.00,649.45,,613.34,,,1441163,918230127.45,19892,F1,1,,,,,
2026-08-20,2026-08-20,CM,NSE,STK,14305,INE00IK01029,OSWALSEEDS,EQ,,,,,SHREEOSWAL S AND CHE LTD,13.35,13.60,13.05,13.16,13.18,13.30,,13.16,,,126163,1676838.80,409,F1,1,,,,,
2026-08-20,2026-08-20,CM,NSE,STK,760252,INE632X01030,SHRENIK,BZ,,,,,SHRENIK LIMITED,0.31,0.31,0.29,0.29,0.30,0.30,,0.29,,,734005,216782.57,269,F1,1,,,,,
2026-08-20,2026-08-20,CM,NSE,STK,3126,INE231C01019,SHREYANIND,EQ,,,,,SHREYANS INDUSTRIES LTD,131.00,131.00,125.00,126.07,129.10,127.83,,126.08,,,4867,619809.04,162,F1,1,,,,,
2026-08-20,2026-08-20,CM,NSE,STK,756409,INE0DM401012,SHRIAHIMSA,ST,,,,,SHRI AHIMSA NATURALS LTD,400.00,410.00,400.00,405.00,405.00,395.00,,405.00,,,12000,4866030.00,17,F1,600,,,,,
2026-08-20,2026-08-20,CM,NSE,STK,762899,INE402H01015,SHBAJRG,EQ,,,,,SHRI BAJRANG ALLIANCE L,174.90,174.90,171.00,171.50,174.00,173.58,,171.57,,,882,153057.08,27,F1,1,,,,,
2026-08-20,2026-08-20,CM,NSE,STK,758568,INE0NON01025,SHKSIL,SM,,,,,SHRI HARE-KRI SPO IRON L,35.00,35.00,35.00,35.00,35.00,34.85,,35.00,,,2000,70000.00,1,F1,2000,,,,,
2026-08-20,2026-08-20,CM,NSE,STK,764910,INE564J01026,SHRJAGP,EQ,,,,,SHRI JAGDAMBA POLYMERS L,712.00,716.00,672.00,689.40,690.00,709.20,,689.39,,,532,366480.20,64,F1,1,,,,,
2026-08-20,2026-08-20,CM,NSE,STK,760202,INE1V4601019,SHRIKANHA,SM,,,,,SHRI KANHA STAINLESS LTD,22.45,22.45,22.45,22.45,22.45,22.60,,22.45,,,1600,35920.00,1,F1,1600,,,,,
2026-08-20,2026-08-20,CM,NSE,STK,762909,INE997I01012,SHRIKRISH,EQ,,,,,SHRI KRISHNA DEVCON LTD.,38.46,38.46,38.00,38.00,38.00,38.46,,38.00,,,168,6442.88,8,F1,1,,,,,
2026-08-20,2026-08-20,CM,NSE,STK,17684,INE0OMF01015,SHRITECH,SM,,,,,SHRI TECHTEX LIMITED,56.70,56.70,56.70,56.70,56.70,59.65,,56.70,,,2000,113400.00,1,F1,2000,,,,,
2026-08-20,2026-08-20,CM,NSE,STK,765210,INE574G01013,VASUPRADA,EQ,,,,,SHRI VASUPRADA PLANTATI L,96.07,96.07,96.07,96.07,96.07,96.06,,96.07,,,15,1441.05,2,F1,1,,,,,
2026-08-20,2026-08-20,CM,NSE,STK,759093,INE1B3L01017,SHRINGARMS,EQ,,,,,SHRINGAR HOU OF MANGALS L,226.80,227.70,223.50,223.98,224.44,224.48,,223.99,,,136632,30831269.21,1617,F1,1,,,,,
2026-08-20,2026-08-20,CM,NSE,STK,24374,INF680P01422,LIQUIDSHRI,EQ,,,,,SHRIRAM - LIQUIDSHRI,1118.05,1118.05,1118.03,1118.04,1118.05,1117.89,,1118.04,,,11363,12704355.33,18,F1,1,,,,,
2026-08-20,2026-08-20,CM,NSE,STK,4306,INE721A01047,SHRIRAMFIN,EQ,,,,,SHRIRAM FINANCE LIMITED,1118.90,1135.40,1115.50,1128.20,1128.20,1106.00,,1128.19,,,3313774,3735881014.60,75049,F1,1,,,,,
2026-08-20,2026-08-20,CM,NSE,STK,7200,INE217L01019,SHRIRAMPPS,EQ,,,,,SHRIRAM PROPERTIES LTD,77.89,78.30,77.25,77.67,77.50,77.31,,77.67,,,302221,23472394.67,3103,F1,1,,,,,
2026-08-20,2026-08-20,CM,NSE,STK,25240,INE0UL701015,SHUBHSHREE,SM,,,,,SHUBHSHREE BIOFUELS ENE L,326.75,350.00,326.75,349.75,350.00,328.35,,349.75,,,9300,3181710.00,17,F1,300,,,,,
2026-08-20,2026-08-20,CM,NSE,STK,764537,INE551C01044,SHUKRAPHAR,EQ,,,,,SHUKRA PHARMACEUTICALS L,43.73,45.78,42.89,43.33,43.22,42.67,,43.33,,,416182,18029196.30,2733,F1,1,,,,,
2026-08-20,2026-08-20,CM,NSE,STK,10192,INE979R01011,SHYAMCENT,BE,,,,,SHYAM CENTURY FERROUS LTD,4.99,5.10,4.93,4.97,5.06,4.98,,5.01,,,21514,107799.95,101,F1,1,,,,,
2026-08-20,2026-08-20,CM,NSE,STK,761213,INE1CRP01016,SHYAMDHANI,ST,,,,,SHYAM DHANI INDUSTRIES L,52.40,54.60,52.30,54.60,54.60,54.60,,54.60,,,20000,1064600.00,8,F1,2000,,,,,
2026-08-20,2026-08-20,CM,NSE,STK,4693,INE810G01011,SHYAMMETL,EQ,,,,,SHYAM METALICS AND ENGY L,1000.00,1000.00,986.60,996.80,997.10,989.90,,996.80,,,80716,80251090.40,5893,F1,1,,,,,
2026-08-20,2026-08-20,CM,NSE,STK,13740,INE635A01023,SHYAMTEL,EQ,,,,,SHYAM TELECOM LIMITED,15.45,15.45,14.33,15.00,15.00,14.19,,15.00,,,5739,85073.52,35,F1,1,,,,,
2026-08-20,2026-08-20,CM,NSE,STK,16875,INE176J01011,SICAGEN,EQ,,,,,SICAGEN INDIA LIMITED,55.85,57.50,55.11,55.85,55.66,55.85,,55.85,,,133078,7467248.15,638,F1,1,,,,,
2026-08-20,2026-08-20,CM,NSE,STK,19440,INE075B01020,SICALLOG,BE,,,,,SICAL LOGISTICS LIMITED,108.65,114.17,108.65,110.35,110.11,109.85,,110.35,,,19635,2193975.29,158,F1,1,,,,,
2026-08-20,2026-08-20,CM,NSE,STK,759053,INE0SVO01019,SIDDHICOTS,SM,,,,,SIDDHI COTSPIN LIMITED,27.50,27.55,27.50,27.55,27.55,27.50,,27.55,,,6000,165060.00,4,F1,1200,,,,,
2026-08-20,2026-08-20,CM,NSE,STK,3148,INE0A1E01018,SIDDHIKA,SM,,,,,SIDDHIKA COATINGS LIMITED,213.00,213.00,202.40,203.10,202.80,213.00,,203.10,,,15500,3171050.00,21,F1,500,,,,,
2026-08-20,2026-08-20,CM,NSE,STK,756871,INE1NPP01017,ENRIN,EQ,,,,,SIEMENS ENERGY INDIA LTD,3509.00,3529.00,3426.80,3435.30,3429.00,3483.00,,3435.37,,,277750,959992088.50,33107,F1,1,,,,,
2026-08-20,2026-08-20,CM,NSE,STK,3150,INE003A01024,SIEMENS,EQ,,,,,SIEMENS LTD,3935.10,3954.80,3880.00,3880.00,3880.00,3898.90,,3882.18,,,189186,740061006.10,17055,F1,1,,,,,
2026-08-20,2026-08-20,CM,NSE,STK,6663,INE0D0K01022,SIGACHI,EQ,,,,,SIGACHI INDUSTRIES LTD,29.00,31.82,29.00,30.31,30.20,28.88,,30.31,,,8442916,261353845.04,18333,F1,1,,,,,
2026-08-20,2026-08-20,CM,NSE,STK,14793,INE933B01012,SIGMAADV,EQ,,,,,SIGMA ADVANCED SYSTEM LTD,714.90,714.90,661.20,664.45,664.00,691.35,,664.50,,,701713,480190280.90,21111,F1,1,,,,,
2026-08-20,2026-08-20,CM,NSE,STK,16658,INE0A0S01028,SIGMA,EQ,,,,,SIGMA SOLVE LIMITED,47.00,48.25,46.59,46.76,46.64,46.12,,46.75,,,101107,4800244.88,1937,F1,1,,,,,
2026-08-20,2026-08-20,CM,NSE,STK,18743,INE903U01023,SIGNATURE,EQ,,,,,SIGNATUREGLOBAL INDIA LTD,787.20,804.90,786.95,801.00,804.90,784.90,,801.00,,,188536,149854042.45,5684,F1,1,,,,,
2026-08-20,2026-08-20,CM,NSE,STK,4522,INE529F01035,SIGIND,EQ,,,,,SIGNET INDUSTRIES LIMITED,70.98,73.80,69.71,73.29,73.80,70.32,,73.30,,,101314,7372868.33,1271,F1,1,,,,,
2026-08-20,2026-08-20,CM,NSE,STK,23150,INE0RDE01010,SIGNORIA,ST,,,,,SIGNORIA CREATION LIMITED,160.00,162.00,160.00,162.00,162.00,165.50,,162.00,,,26000,4210000.00,7,F1,1000,,,,,
2026-08-20,2026-08-20,CM,NSE,STK,22656,INE0KGZ01021,SIGNPOST,EQ,,,,,SIGNPOST INDIA LIMITED,268.50,273.50,263.30,266.35,265.50,266.15,,266.35,,,41646,11086502.40,2014,F1,1,,,,,
2026-08-20,2026-08-20,CM,NSE,STK,762914,INE438E01032,SIKA,EQ,,,,,SIKA INTERPLANT SYSTEMS L,1040.30,1047.60,990.00,999.80,1003.00,1035.10,,999.64,,,58658,59270757.50,4547,F1,1,,,,,
2026-08-20,2026-08-20,CM,NSE,STK,6226,INE112X01025,SIKKO,BE,,,,,SIKKO INDUSTRIES LIMITED,5.23,5.45,5.06,5.20,5.19,5.27,,5.20,,,368410,1923984.34,534,F1,1,,,,,
2026-08-20,2026-08-20,CM,NSE,STK,4105,INE923A01015,SILINV,EQ,,,,,SIL INVESTMENTS LIMITED,440.00,462.75,438.05,449.90,450.00,438.05,,449.90,,,6807,3079767.25,309,F1,1,,,,,
2026-08-20,2026-08-20,CM,NSE,STK,2492,INE01II01013,SILGO,EQ,,,,,SILGO RETAIL LIMITED,71.19,71.19,69.42,70.00,70.80,69.89,,70.00,,,198672,13937175.99,948,F1,1,,,,,
2026-08-20,2026-08-20,CM,NSE,STK,23736,INE0STN01015,SILKFLEX,SM,,,,,SILKFLEX POLYMERS INDIA L,200.30,203.95,200.00,200.00,200.00,204.25,,200.00,,,12000,2414100.00,12,F1,1000,,,,,
2026-08-20,2026-08-20,CM,NSE,STK,19097,INE203Y01012,SILLYMONKS,EQ,,,,,SILLY MONKS ENTERTAIN LTD,15.70,15.88,15.05,15.60,15.59,15.89,,15.60,,,37190,582065.53,86,F1,1,,,,,
2026-08-20,2026-08-20,CM,NSE,STK,9422,INE625X01026,SILVERTUC,EQ,,,,,SILVER TOUCH TECHNO LTD,197.90,197.90,193.05,195.33,194.20,196.52,,195.48,,,362021,70646795.64,4457,F1,1,,,,,
2026-08-20,2026-08-20,CM,NSE,STK,758836,INE748T01016,SIMBHALS,BZ,,,,,SIMBHAOLI SUGARS LTD.,7.80,7.89,7.80,7.89,7.89,7.52,,7.89,,,12853,101029.28,30,F1,1,,,,,
2026-08-20,2026-08-20,CM,NSE,STK,763375,INE1K4J01018,SIMCA,SM,,,,,SIMCA ADVERTISING LIMITED,242.10,246.05,242.10,245.85,244.80,242.60,,245.85,,,35400,8686170.00,26,F1,600,,,,,
2026-08-20,2026-08-20,CM,NSE,STK,3162,INE059B01024,SIMPLEXINF,EQ,,,,,SIMPLEX INFRASTRUCTURES L,264.90,264.90,258.30,259.45,260.00,261.65,,259.45,,,24427,6381408.78,779,F1,1,,,,,
2026-08-20,2026-08-20,CM,NSE,STK,764915,INE167H01014,SIMPLXREA,EQ,,,,,SIMPLEX REALTY LTD.,130.10,130.10,117.76,121.77,119.00,123.92,,135.93,,,613,73116.15,16,F1,1,,,,,
2026-08-20,2026-08-20,CM,NSE,STK,23480,INE985A01022,SINCLAIR,EQ,,,,,SINCLAIRS HOTELS LIMITED,76.00,76.38,74.02,75.37,75.50,75.22,,75.37,,,21656,1628602.09,213,F1,1,,,,,
2026-08-20,2026-08-20,CM,NSE,STK,16859,INE325D01025,SINDHUTRAD,EQ,,,,,SINDHU TRADE LINKS LTD,24.24,24.27,23.75,23.90,24.05,24.11,,23.90,,,294319,7059929.74,916,F1,1,,,,,
2026-08-20,2026-08-20,CM,NSE,STK,761420,INE638A01035,SINGERIND,EQ,,,,,SINGER INDIA LIMITED,85.80,89.87,82.30,83.99,82.30,83.36,,84.00,,,228438,19747785.73,1906,F1,1,,,,,
2026-08-20,2026-08-20,CM,NSE,STK,381,INE129Z01016,SINTERCOM,EQ,,,,,SINTERCOM INDIA LIMITED,86.99,86.99,79.06,79.39,79.11,85.00,,79.39,,,5959,474956.09,72,F1,1,,,,,
2026-08-20,2026-08-20,CM,NSE,STK,11050,INE792Z01011,SIRCA,EQ,,,,,SIRCA PAINT INDIA LIMITED,444.90,451.00,436.00,449.75,448.00,442.30,,449.75,,,1246131,552927986.90,15091,F1,1,,,,,
2026-08-20,2026-08-20,CM,NSE,STK,21501,INE285J01028,SIS,EQ,,,,,SIS LIMITED,412.40,417.70,410.20,413.20,413.00,414.50,,413.09,,,146530,60758886.70,6271,F1,1,,,,,
2026-08-20,2026-08-20,CM,NSE,STK,29210,INE965H01011,SITINET,BZ,,,,,SITI NETWORKS LIMITED,0.28,0.29,0.27,0.28,0.29,0.28,,0.28,,,1073679,304020.03,282,F1,1,,,,,
2026-08-20,2026-08-20,CM,NSE,STK,14096,INE076B01028,SIYSIL,EQ,,,,,SIYARAM SILK MILLS LTD,640.00,652.00,634.55,647.55,650.00,632.80,,647.58,,,96914,62438900.60,4082,F1,1,,,,,
2026-08-20,2026-08-20,CM,NSE,STK,6643,INE284S01014,SJS,EQ,,,,,SJS ENTERPRISES LIMITED,2540.00,2551.00,2482.00,2497.90,2497.00,2508.00,,2496.93,,,86267,217007589.10,18212,F1,1,,,,,
2026-08-20,2026-08-20,CM,NSE,STK,18883,INE002L01015,SJVN,EQ,,,,,SJVN LTD,66.11,66.70,65.82,65.91,66.00,66.04,,65.91,,,1684377,111369156.70,14113,F1,1,,,,,
2026-08-20,2026-08-20,CM,NSE,STK,760101,INE2J8701016,SKFINDUS,EQ,,,,,SKF IND (INDUSTRIAL) LTD,2815.00,2907.10,2725.80,2753.70,2765.00,2800.40,,2753.75,,,92399,260712564.80,18097,F1,1,,,,,
2026-08-20,2026-08-20,CM,NSE,STK,3186,INE640A01023,SKFINDIA,EQ,,,,,SKF INDIA LTD,1645.50,1683.20,1590.00,1601.70,1608.70,1629.70,,1601.81,,,102843,168361628.30,10531,F1,1,,,,,
2026-08-20,2026-08-20,CM,NSE,STK,9428,INE439E01022,SKIPPER,EQ,,,,,SKIPPER LIMITED,553.95,558.90,546.70,555.45,552.00,550.85,,555.57,,,794407,441021817.75,21046,F1,1,,,,,
2026-08-20,2026-08-20,CM,NSE,STK,4732,INE411D01023,SKMEGGPROD,EQ,,,,,SKM EGG PROD EXPORT(I) LT,256.00,260.80,253.15,255.48,254.28,253.26,,255.46,,,241678,62167123.83,4689,F1,1,,,,,
2026-08-20,2026-08-20,CM,NSE,STK,10325,INE0KZA01016,SKP,SM,,,,,SKP BEARING INDUSTRI. LTD,151.05,156.00,151.00,155.00,155.00,153.20,,155.00,,,5000,764200.00,10,F1,500,,,,,
2026-08-20,2026-08-20,CM,NSE,STK,13631,INE01IU01018,SKYGOLD,EQ,,,,,SKY GOLD AND DIAMONDS LTD,784.30,796.50,775.00,778.55,778.95,777.75,,778.54,,,518661,405539077.50,14797,F1,1,,,,,
2026-08-20,2026-08-20,CM,NSE,STK,23692,INE0SMA01017,SLONE,ST,,,,,SLONE INFOSYSTEMS LIMITED,148.00,149.90,140.40,148.60,149.90,147.60,,148.60,,,4800,702880.00,12,F1,400,,,,,
2026-08-20,2026-08-20,CM,NSE,STK,757622,INE14GK01016,SMARTEN,ST,,,,,SMARTEN POWER SYSTEMS LTD,57.80,58.30,57.80,58.30,58.30,55.55,,58.30,,,25200,1467300.00,12,F1,1200,,,,,
2026-08-20,2026-08-20,CM,NSE,STK,9893,INE178C01020,SMARTLINK,BE,,,,,SMARTLINK HOLDINGS LTD,222.62,231.50,222.62,224.42,224.30,227.16,,224.52,,,3412,776953.45,73,F1,1,,,,,
2026-08-20,2026-08-20,CM,NSE,STK,757965,INE0NAZ01010,SMARTWORKS,EQ,,,,,SMARTWORKS COWORKING SP L,510.50,517.70,500.50,511.30,512.90,502.35,,511.31,,,95737,48993728.90,5807,F1,1,,,,,
2026-08-20,2026-08-20,CM,NSE,STK,2320,INE103C01036,SMCGLOBAL,EQ,,,,,SMC GLOBAL SECURITIES LTD,81.90,83.59,80.00,81.13,81.30,81.33,,81.13,,,1113126,90826899.08,4775,F1,1,,,,,
2026-08-20,2026-08-20,CM,NSE,STK,3387,INE294B01019,SMLMAH,EQ,,,,,SML MAHINDRA LIMITED,5279.00,5304.50,5135.00,5159.50,5185.00,5228.50,,5159.79,,,47627,248726071.00,6099,F1,1,,,,,
2026-08-20,2026-08-20,CM,NSE,STK,14329,INE812G01025,SMSPHARMA,EQ,,,,,SMS PHARMACEUTICALS LTD.,357.50,364.15,355.00,356.50,357.00,356.05,,356.51,,,111900,40127975.90,2213,F1,1,,,,,
2026-08-20,2026-08-20,CM,NSE,STK,4843,INE734N01019,SNOWMAN,EQ,,,,,SNOWMAN LOGISTICS LTD.,37.66,38.00,37.49,37.55,37.50,37.61,,37.55,,,69435,2615127.08,681,F1,1,,,,,
2026-08-20,2026-08-20,CM,NSE,STK,13826,INE671H01015,SOBHA,EQ,,,,,SOBHA LIMITED,1289.00,1308.90,1275.90,1303.60,1308.00,1274.10,,1303.69,,,64406,83434704.80,7749,F1,1,,,,,
2026-08-20,2026-08-20,CM,NSE,STK,8266,INE728Z01015,SOFTTECH,EQ,,,,,SOFTTECH ENGINEERS LTD,421.45,433.20,420.00,424.40,424.45,421.45,,424.40,,,1131,482479.65,34,F1,1,,,,,
2026-08-20,2026-08-20,CM,NSE,STK,13332,INE343H01029,SOLARINDS,EQ,,,,,SOLAR INDUSTRIES (I) LTD,19190.00,19865.00,19190.00,19760.00,19760.00,19721.00,,19759.50,,,93860,1850465406.00,22962,F1,1,,,,,
2026-08-20,2026-08-20,CM,NSE,STK,3672,INE624Z01016,SOLARA,EQ,,,,,SOLARA ACTIVE PHA SCI LTD,551.95,654.40,551.95,640.00,631.50,550.05,,639.93,,,6915687,4326611130.80,140674,F1,1,,,,,
2026-08-20,2026-08-20,CM,NSE,STK,759929,INE0TY101024,SOLARWORLD,EQ,,,,,SOLARWORLD ENERGY SOL LTD,153.81,155.39,149.50,149.82,150.50,153.57,,149.83,,,316478,47819794.89,7810,F1,1,,,,,
2026-08-20,2026-08-20,CM,NSE,STK,759397,INE880Y01017,SOLEX,EQ,,,,,SOLEX ENERGY LIMITED,800.95,802.60,766.15,772.30,775.25,789.10,,771.95,,,39230,30650556.05,2786,F1,1,,,,,
2026-08-20,2026-08-20,CM,NSE,STK,24879,INE0U0201016,BALCO,SM,,,,,SOLVE PLASTIC PRODUCTS L,18.00,18.90,18.00,18.85,18.85,18.90,,18.85,,,3600,66900.00,3,F1,1200,,,,,
2026-08-20,2026-08-20,CM,NSE,STK,1338,INE480C01038,SDBL,EQ,,,,,SOM DIST & BREW LTD,73.30,74.90,73.30,73.57,73.51,73.11,,73.57,,,454140,33618258.26,3170,F1,1,,,,,
2026-08-20,2026-08-20,CM,NSE,STK,4201,INE314C01013,SOMATEX,EQ,,,,,SOMA TEXTILES & INDUST LT,84.00,88.44,83.06,87.37,87.50,85.94,,87.43,,,8404,725138.04,104,F1,1,,,,,
2026-08-20,2026-08-20,CM,NSE,STK,3880,INE355A01028,SOMANYCERA,EQ,,,,,SOMANY CERAMICS LIMITED,515.90,517.25,507.00,511.10,514.45,509.25,,511.09,,,182132,93337920.80,7563,F1,1,,,,,
2026-08-20,2026-08-20,CM,NSE,STK,17794,INE323J01019,SOMICONVEY,EQ,,,,,SOMI CONVEYOR BELT. LTD.,96.00,103.93,95.00,100.07,101.00,86.61,,100.10,,,687119,68598381.11,6775,F1,1,,,,,
2026-08-20,2026-08-20,CM,NSE,STK,4684,INE073K01018,SONACOMS,EQ,,,,,SONA BLW PRECISION FRGS L,827.50,844.00,820.40,821.90,821.90,823.50,,821.96,,,2824539,2346549734.40,61660,F1,1,,,,,
2026-08-20,2026-08-20,CM,NSE,STK,23052,INE0Q6H01012,SONAMAC,SM,,,,,SONA MACHINERY LIMITED,33.50,34.95,31.85,34.95,34.95,33.50,,34.95,,,6000,200800.00,6,F1,1000,,,,,
2026-08-20,2026-08-20,CM,NSE,STK,8806,INE00LM01029,SONAMLTD,EQ,,,,,SONAM LIMITED,66.00,67.90,65.11,67.16,66.95,67.19,,67.16,,,280714,18623093.70,2308,F1,1,,,,,
2026-08-20,2026-08-20,CM,NSE,STK,6596,INE269A01021,SONATSOFTW,EQ,,,,,SONATA SOFTWARE LTD,308.65,318.15,305.10,306.00,306.00,307.80,,306.00,,,1344862,419417757.85,28046,F1,1,,,,,
2026-08-20,2026-08-20,CM,NSE,STK,9463,INE0JZA01018,SONUINFRA,ST,,,,,SONU INFRATECH LIMITED,34.20,35.00,33.75,35.00,35.00,34.75,,35.00,,,13500,460500.00,9,F1,1500,,,,,
2026-08-20,2026-08-20,CM,NSE,STK,14993,INE0O2D01012,SOTAC,SM,,,,,SOTAC PHARMACEUTICALS LTD,90.05,90.05,90.05,90.05,90.05,87.40,,90.05,,,1200,108060.00,1,F1,1200,,,,,
2026-08-20,2026-08-20,CM,NSE,STK,9678,INE980Y01015,SOUTHWEST,EQ,,,,,SOUTH WEST PINNACLE LTD,219.00,220.87,214.00,215.37,215.85,216.75,,215.39,,,309533,66989690.53,6045,F1,1,,,,,
2026-08-20,2026-08-20,CM,NSE,STK,8521,INE0JW501011,SPRL,SM,,,,,SP REFRACTORIES LIMITED,107.00,107.00,102.50,102.50,102.50,102.00,,102.50,,,1600,167600.00,2,F1,800,,,,,
2026-08-20,2026-08-20,CM,NSE,STK,19372,INE970N01027,SPCENET,EQ,,,,,SPACENET ENTERS IND LTD,3.40,3.69,3.35,3.36,3.35,3.36,,3.36,,,1102368,3777956.46,890,F1,1,,,,,
2026-08-20,2026-08-20,CM,NSE,STK,11435,INE572J01011,SPANDANA,EQ,,,,,SPANDANA SPHOORTY FIN LTD,239.35,247.40,239.35,243.45,244.45,239.30,,243.45,,,173370,42353823.85,4714,F1,1,,,,,
2026-08-20,2026-08-20,CM,NSE,STK,760138,INE1CW901027,SPEB,ST,,,,,SPEB ADHESIVES LIMITED,87.65,87.65,87.65,87.65,87.65,87.65,,87.65,,,2000,175300.00,1,F1,2000,,,,,
2026-08-20,2026-08-20,CM,NSE,STK,27111,INE247M01014,SPECIALITY,BE,,,,,SPECIALITY REST LTD,140.00,141.27,135.55,138.58,139.50,141.37,,138.59,,,27832,3820397.35,266,F1,1,,,,,
2026-08-20,2026-08-20,CM,NSE,STK,30457,INE01EO01010,SPECTRUM,BE,,,,,SPECTRUM ELECTRIC IND LTD,2310.00,2325.00,2180.00,2212.50,2215.00,2284.80,,2213.33,,,8073,17901994.70,545,F1,1,,,,,
2026-08-20,2026-08-20,CM,NSE,STK,764920,INE252A01019,SPELS,EQ,,,,,SPEL SEMICONDUCTOR LTD,147.13,153.80,147.00,150.22,149.90,147.13,,150.27,,,39568,5945282.18,928,F1,1,,,,,
2026-08-20,2026-08-20,CM,NSE,STK,8163,INE020801028,SPENCERS,EQ,,,,,SPENCER S RETAIL LIMITED,30.71,31.20,30.50,30.53,30.60,30.57,,30.53,,,21094,650861.45,615,F1,1,,,,,
2026-08-20,2026-08-20,CM,NSE,STK,3252,INE147A01011,SPIC,EQ,,,,,SPIC LTD,68.30,68.57,67.70,68.03,68.11,68.05,,68.03,,,225701,15356109.05,1695,F1,1,,,,,
2026-08-20,2026-08-20,CM,NSE,STK,11935,INE978G01016,SPLIL,EQ,,,,,SPL INDUSTRIES LIMITED,29.50,31.80,29.50,30.79,30.75,29.42,,30.79,,,8362,256152.09,107,F1,1,,,,,
2026-08-20,2026-08-20,CM,NSE,STK,3321,INE937A01023,SPMLINFRA,EQ,,,,,SPML INFRA LIMITED,197.90,197.90,190.25,190.89,190.55,195.56,,190.86,,,183694,35508247.21,2589,F1,1,,,,,
2026-08-20,2026-08-20,CM,NSE,STK,10733,INE885H01029,SPORTKING,EQ,,,,,SPORTKING INDIA LIMITED,211.55,218.50,209.25,212.34,211.65,209.62,,212.35,,,578400,124173412.83,12464,F1,1,,,,,
2026-08-20,2026-08-20,CM,NSE,STK,25306,INE0QR801013,SPPPOLY,SM,,,,,SPP POLYMER LIMITED,12.35,12.35,11.75,11.75,11.75,12.35,,11.75,,,8000,96500.00,4,F1,2000,,,,,
2026-08-20,2026-08-20,CM,NSE,STK,17186,INE526E01018,SHRIPISTON,EQ,,,,,SPR AUTO TECHNOLOGIES LTD,4510.90,4525.20,4450.10,4513.80,4520.00,4454.00,,4514.07,,,70958,319266934.40,14453,F1,1,,,,,
2026-08-20,2026-08-20,CM,NSE,STK,757865,INE19QH01010,SPUNWEB,SM,,,,,SPUNWEB NONWOVEN LIMITED,99.00,99.50,99.00,99.50,99.50,99.00,,99.50,,,8400,832980.00,6,F1,1200,,,,,
2026-08-20,2026-08-20,CM,NSE,STK,14582,INE917H01012,SRHHYPOLTD,EQ,,,,,SREE RAYALSEEMA HHP LTD.,479.15,485.45,471.50,473.20,472.50,479.20,,473.90,,,10656,5079412.95,723,F1,1,,,,,
2026-08-20,2026-08-20,CM,NSE,STK,31837,INE099F01013,SREEL,EQ,,,,,SREELEATHERS LIMITED,255.06,255.06,243.00,244.24,245.20,248.27,,244.24,,,9862,2429515.06,467,F1,1,,,,,
2026-08-20,2026-08-20,CM,NSE,STK,3273,INE647A01010,SRF,EQ,,,,,SRF LTD,2595.00,2595.20,2570.00,2574.50,2574.50,2578.60,,2574.40,,,81501,210539606.50,9469,F1,1,,,,,
2026-08-20,2026-08-20,CM,NSE,STK,18119,INE559N01010,SRGHFL,EQ,,,,,SRG HOUSING FINANCE L,265.00,265.00,262.00,262.45,262.50,260.10,,262.45,,,538,141083.70,9,F1,1,,,,,
2026-08-20,2026-08-20,CM,NSE,STK,7457,INE293B01029,HAVISHA,EQ,,,,,SRI HAVISHA HOSP & INFR L,1.55,1.55,1.36,1.40,1.40,1.40,,1.40,,,36887,51458.34,106,F1,1,,,,,
2026-08-20,2026-08-20,CM,NSE,STK,765165,INE009C01019,SRIKPRIND,EQ,,,,,SRI KPR INDUSTRIES LTD.,20.99,21.14,19.42,19.90,20.71,20.20,,19.77,,,3501,70556.90,40,F1,1,,,,,
2026-08-20,2026-08-20,CM,NSE,STK,758147,INE0V9Q01010,LOTUSDEV,BE,,,,,SRI LOTUS DEVLPRS N RTY L,164.83,169.88,163.95,166.16,165.50,164.02,,166.22,,,335886,55847451.99,4229,F1,1,,,,,
2026-08-20,2026-08-20,CM,NSE,STK,761393,INE0TPJ01019,SPCON,SM,,,,,SRINIBAS PRADHAN CONST L,149.00,149.00,149.00,149.00,149.00,145.50,,149.00,,,1200,178800.00,1,F1,1200,,,,,
2026-08-20,2026-08-20,CM,NSE,STK,18059,INE0ON201012,SSFL,ST,,,,,SRIVARI SPICES N FOODS L,234.00,241.90,234.00,240.00,240.00,230.80,,240.00,,,15500,3709650.00,21,F1,500,,,,,
2026-08-20,2026-08-20,CM,NSE,STK,14416,INE0NPI01014,SRIVASAVI,ST,,,,,SRIVASAVI ADHESIVE TAPE L,81.00,83.15,81.00,83.15,83.15,83.00,,83.15,,,4000,330450.00,2,F1,1000,,,,,
2026-08-20,2026-08-20,CM,NSE,STK,23402,INE0R6Z01013,SRM,EQ,,,,,SRM CONTRACTORS LIMITED,497.40,498.40,480.00,481.10,482.70,493.75,,481.11,,,68207,33130094.85,2430,F1,1,,,,,
2026-08-20,2026-08-20,CM,NSE,STK,29205,INE0RYC01010,STALLION,BE,,,,,STALLION IND FLUOROCHEM L,218.00,232.00,218.00,226.85,226.60,225.15,,226.79,,,460314,103883889.00,3718,F1,1,,,,,
2026-08-20,2026-08-20,CM,NSE,STK,29075,INE0M4D01010,SETL,EQ,,,,,STANDARD ENGNG TCNLGY LTD,312.00,315.60,301.20,304.95,306.30,309.60,,305.05,,,474162,145375686.25,6546,F1,1,,,,,
2026-08-20,2026-08-20,CM,NSE,STK,11297,INE173A01025,SIL,EQ,,,,,STANDARD INDUSTRIES LTD.,19.56,19.94,19.00,19.11,19.00,19.56,,19.11,,,89205,1723192.10,449,F1,1,,,,,
2026-08-20,2026-08-20,CM,NSE,STK,24226,INE01A001028,STANLEY,EQ,,,,,STANLEY LIFESTYLES LTD,135.94,143.91,135.94,139.60,139.69,136.09,,139.60,,,260821,36674853.46,6648,F1,1,,,,,
2026-08-20,2026-08-20,CM,NSE,STK,21091,INE460H01021,STARCEMENT,EQ,,,,,STAR CEMENT LIMITED,193.94,196.04,191.50,194.37,193.10,193.94,,194.37,,,384194,74472850.08,11723,F1,1,,,,,
2026-08-20,2026-08-20,CM,NSE,STK,7083,INE575P01011,STARHEALTH,EQ,,,,,STAR HEALTH & AL INS CO L,585.00,588.45,573.00,575.50,574.50,582.80,,575.50,,,268454,155560588.90,20726,F1,1,,,,,
2026-08-20,2026-08-20,CM,NSE,STK,3291,INE733A01018,STARPAPER,EQ,,,,,STAR PAPER MILLS LTD,146.55,149.00,143.05,145.12,147.30,146.22,,145.12,,,11301,1639807.41,153,F1,1,,,,,
2026-08-20,2026-08-20,CM,NSE,STK,9305,INE992I01013,STARTECK,EQ,,,,,STARTECK FINANCE LIMITED,256.95,260.10,250.55,251.10,251.05,257.05,,251.22,,,7816,2021896.45,119,F1,1,,,,,
2026-08-20,2026-08-20,CM,NSE,STK,3045,INE062A01020,SBIN,EQ,,,,,STATE BANK OF INDIA,1052.90,1052.90,1045.70,1048.00,1048.00,1048.60,,1047.99,,,5879949,6165712413.30,118558,F1,1,,,,,
2026-08-20,2026-08-20,CM,NSE,STK,2963,INE114A01011,SAIL,EQ,,,,,STEEL AUTHORITY OF INDIA,174.10,176.43,173.41,174.90,174.90,172.75,,174.90,,,14055438,2456317219.39,55611,F1,1,,,,,
2026-08-20,2026-08-20,CM,NSE,STK,10406,INE395H01011,STEELCITY,EQ,,,,,STEEL CITY SECURITIES LTD,82.18,83.00,80.30,81.29,81.49,82.18,,81.29,,,8811,718838.27,137,F1,1,,,,,
2026-08-20,2026-08-20,CM,NSE,STK,21339,INE503B01021,STEELXIND,EQ,,,,,STEEL EXCHANGE INDIA LTD,10.73,10.87,10.25,10.54,10.63,10.67,,10.54,,,2639587,27708117.10,2868,F1,1,,,,,
2026-08-20,2026-08-20,CM,NSE,STK,765170,INE205F01016,STLSTRINF,EQ,,,,,STEEL STRIPS INFRA L,19.88,19.88,18.00,18.23,19.58,19.09,,18.34,,,453,8426.00,8,F1,1,,,,,
2026-08-20,2026-08-20,CM,NSE,STK,11829,INE802C01033,SSWL,EQ,,,,,STEEL STRIPS WHEELS LTD.,316.25,319.60,303.00,304.80,304.75,315.85,,304.81,,,530501,163875159.65,8687,F1,1,,,,,
2026-08-20,2026-08-20,CM,NSE,STK,6803,INE124E01038,STEELCAS,EQ,,,,,STEELCAST LIMITED,363.65,363.65,353.00,358.70,359.00,357.35,,358.72,,,137308,49152844.00,2425,F1,1,,,,,
2026-08-20,2026-08-20,CM,NSE,STK,21484,INE577L01016,STEL,EQ,,,,,STEL HOLDINGS LIMITED,591.10,591.10,581.50,584.35,581.50,581.00,,584.24,,,2076,1216426.40,123,F1,1,,,,,
2026-08-20,2026-08-20,CM,NSE,STK,6188,INE334A01023,STERTOOLS,BE,,,,,STERLING TOOLS LIMITED,223.50,227.90,222.00,223.00,222.00,223.50,,223.00,,,9758,2193524.65,243,F1,1,,,,,
2026-08-20,2026-08-20,CM,NSE,STK,9313,INE089C01029,STLTECH,BE,,,,,STERLITE TECHNOLOGIES LTD,622.20,634.00,614.00,621.40,621.90,621.20,,621.39,,,1078671,672047252.60,25648,F1,1,,,,,
2026-08-20,2026-08-20,CM,NSE,STK,13367,INE353H01010,SGL,EQ,,,,,STL GLOBAL LIMITED,9.62,9.97,9.62,9.72,9.95,9.76,,9.72,,,2414,23473.88,18,F1,1,,,,,
2026-08-20,2026-08-20,CM,NSE,STK,758958,INE1VXE01018,STLNETWORK,EQ,,,,,STL NETWORKS LIMITED,25.23,25.75,24.65,25.25,25.47,24.97,,25.25,,,742593,18650352.16,1567,F1,1,,,,,
2026-08-20,2026-08-20,CM,NSE,STK,2107,INE00IN01015,STOVEKRAFT,EQ,,,,,STOVE KRAFT LIMITED,764.10,793.90,761.25,775.95,777.00,756.55,,775.60,,,116334,90448880.80,6759,F1,1,,,,,
2026-08-20,2026-08-20,CM,NSE,STK,7374,INE939A01011,STAR,EQ,,,,,STRIDES PHARMA SCI LTD,986.50,1056.00,970.00,993.00,995.00,957.50,,992.96,,,4948966,4993989683.00,161208,F1,1,,,,,
2026-08-20,2026-08-20,CM,NSE,STK,12489,INE00M201021,SWSOLAR,EQ,,,,,STRLNG & WIL REN ENE LTD,196.00,198.99,195.90,196.48,196.48,195.99,,196.49,,,438874,86714866.22,6620,F1,1,,,,,
2026-08-20,2026-08-20,CM,NSE,STK,759587,INE00Q601028,STUDDS,EQ,,,,,STUDDS ACCESSORIES LTD,445.90,449.90,444.50,448.00,448.00,448.00,,448.04,,,18024,8067765.55,946,F1,1,,,,,
2026-08-20,2026-08-20,CM,NSE,STK,758527,INE17VO01028,STUDIOLSD,SM,,,,,STUDIO LSD LIMITED,8.80,9.15,8.80,9.10,9.10,8.80,,9.10,,,28000,250300.00,10,F1,2000,,,,,
2026-08-20,2026-08-20,CM,NSE,STK,5186,INE239C01020,STYLAMIND,EQ,,,,,STYLAM INDUSTRIES LIMITED,3706.90,3706.90,3599.60,3617.30,3602.40,3664.30,,3617.47,,,25975,94245805.60,6999,F1,1,,,,,
2026-08-20,2026-08-20,CM,NSE,STK,19,INE189B01011,STYRENIX,EQ,,,,,STYRENIX PERFORMANCE LTD,2140.00,2146.50,2090.60,2108.50,2095.00,2126.60,,2108.66,,,47030,99400725.40,5812,F1,1,,,,,
2026-08-20,2026-08-20,CM,NSE,STK,760112,INE0RYR01018,SUBAHOTELS,SM,,,,,SUBA HOTELS LIMITED,110.70,113.45,104.95,108.75,108.10,112.00,,108.75,,,73200,7953060.00,57,F1,1200,,,,,
2026-08-20,2026-08-20,CM,NSE,STK,967,INE754A01055,SUBEXLTD,EQ,,,,,SUBEX LTD,15.99,17.18,15.26,17.08,17.06,15.92,,17.08,,,11625575,189609620.87,17588,F1,1,,,,,
2026-08-20,2026-08-20,CM,NSE,STK,3324,INE287B01021,SUBROS,EQ,,,,,SUBROS LIMITED,735.50,746.25,734.00,735.55,736.00,737.20,,735.50,,,35692,26385644.35,2577,F1,1,,,,,
2026-08-20,2026-08-20,CM,NSE,STK,3327,INE659A01023,SUDARSCHEM,EQ,,,,,SUDARSHAN CHEMICAL INDS L,1144.80,1195.00,1134.90,1186.50,1187.00,1134.90,,1186.50,,,828785,974395551.60,29871,F1,1,,,,,
2026-08-20,2026-08-20,CM,NSE,STK,715,INE492A01029,SUDARCOLOR,EQ,,,,,SUDARSHAN COLORNT IND LTD,405.75,406.00,399.80,402.15,401.90,405.75,,402.68,,,5508,2214255.65,322,F1,1,,,,,
2026-08-20,2026-08-20,CM,NSE,STK,760039,INE0QPI01025,SUDEEPPHRM,EQ,,,,,SUDEEP PHARMA LIMITED,1178.00,1180.00,1098.60,1107.80,1106.00,1156.40,,1108.01,,,297022,337830150.75,15552,F1,1,,,,,
2026-08-20,2026-08-20,CM,NSE,STK,11804,INE450E01029,SUKHJITS,EQ,,,,,SUKHJIT STARCH & CHEM LTD,156.00,165.18,156.00,159.93,160.90,156.21,,159.93,,,19795,3197667.80,449,F1,1,,,,,
2026-08-20,2026-08-20,CM,NSE,STK,13218,INE142Q01026,SULA,EQ,,,,,SULA VINEYARDS LIMITED,146.34,146.49,144.00,145.21,144.50,145.43,,145.22,,,228399,33210741.51,4230,F1,1,,,,,
2026-08-20,2026-08-20,CM,NSE,STK,765175,INE886B01012,SUMEDHA,EQ,,,,,SUMEDHA FISCAL SERVICES L,39.87,39.87,38.00,38.27,38.00,39.87,,38.27,,,3791,145523.10,23,F1,1,,,,,
2026-08-20,2026-08-20,CM,NSE,STK,20790,INE235C01036,SUMEETINDS,EQ,,,,,SUMEET IND LIMITED,12.64,13.38,12.24,13.38,13.38,12.75,,13.38,,,10931355,143226234.05,10373,F1,1,,,,,
2026-08-20,2026-08-20,CM,NSE,STK,11140,INE748Z01013,SUMIT,EQ,,,,,SUMIT WOODS LIMITED,53.04,54.95,52.70,53.64,53.95,53.51,,53.64,,,27806,1499530.97,742,F1,1,,,,,
2026-08-20,2026-08-20,CM,NSE,STK,17105,INE258G01013,SUMICHEM,EQ,,,,,SUMITOMO CHEM INDIA LTD,552.00,556.20,550.00,551.80,552.75,554.20,,551.80,,,133958,73990742.55,6692,F1,1,,,,,
2026-08-20,2026-08-20,CM,NSE,STK,21275,INE519C01017,SUMMITSEC,EQ,,,,,SUMMIT SECURITIES LTD,1429.90,1451.90,1421.00,1427.20,1430.00,1430.20,,1427.22,,,2440,3501918.70,506,F1,1,,,,,
2026-08-20,2026-08-20,CM,NSE,STK,14788,INE232I01014,SPARC,EQ,,,,,SUN PHARMA ADV.RES.CO.LTD,192.92,203.23,192.90,199.59,200.39,193.11,,199.58,,,842175,168118677.27,15927,F1,1,,,,,
2026-08-20,2026-08-20,CM,NSE,STK,3351,INE044A01036,SUNPHARMA,EQ,,,,,SUN PHARMACEUTICAL IND L,1905.00,1911.60,1890.30,1904.00,1904.00,1900.00,,1903.99,,,893691,1697676546.20,58449,F1,1,,,,,
2026-08-20,2026-08-20,CM,NSE,STK,13404,INE424H01027,SUNTV,EQ,,,,,SUN TV NETWORK LIMITED,481.00,483.20,474.00,477.55,476.45,480.90,,477.54,,,330340,157691469.20,13462,F1,1,,,,,
2026-08-20,2026-08-20,CM,NSE,STK,20956,INE0Q3R01026,SUNCLAY,EQ,,,,,SUNDARAM CLAYTON LIMITED,1288.80,1290.00,1270.60,1275.90,1275.00,1281.10,,1275.90,,,3320,4244274.70,246,F1,1,,,,,
2026-08-20,2026-08-20,CM,NSE,STK,3339,INE660A01013,SUNDARMFIN,EQ,,,,,SUNDARAM FINANCE LTD,4488.50,4525.00,4479.20,4503.40,4512.30,4485.10,,4503.55,,,14929,67237275.60,5059,F1,1,,,,,
2026-08-20,2026-08-20,CM,NSE,STK,18931,INE108E01023,SUNDARAM,EQ,,,,,SUNDARAM MULTI PAP LTD,1.34,1.34,1.26,1.26,1.26,1.29,,1.26,,,775865,998467.62,467,F1,1,,,,,
2026-08-20,2026-08-20,CM,NSE,STK,9848,INE073D01013,SUNDRMBRAK,BE,,,,,SUNDARAMBRAKE LININGS LTD,861.00,862.95,808.55,808.55,808.55,851.10,,811.27,,,3084,2544337.75,127,F1,1,,,,,
2026-08-20,2026-08-20,CM,NSE,STK,3345,INE387A01021,SUNDRMFAST,EQ,,,,,SUNDRAM FASTENERS LTD,1249.90,1249.90,1223.00,1228.40,1230.00,1242.20,,1228.39,,,95563,118062662.35,9096,F1,1,,,,,
2026-08-20,2026-08-20,CM,NSE,STK,761202,INE0CTB01014,SOCL,SM,,,,,SUNDREX OIL COMPANY LTD,28.10,29.40,28.10,29.15,29.00,28.10,,29.15,,,9600,277440.00,6,F1,1600,,,,,
2026-08-20,2026-08-20,CM,NSE,STK,1663,INE209A01019,SUNDROP,EQ,,,,,SUNDROP BRANDS LIMITED,646.70,655.25,646.00,652.35,648.60,649.95,,652.35,,,7510,4900146.25,429,F1,1,,,,,
2026-08-20,2026-08-20,CM,NSE,STK,3348,INE947A01014,SUNFLAG,EQ,,,,,SUNFLAG IRON AND STEEL CO,354.15,365.50,353.00,358.15,357.90,353.55,,358.14,,,140449,50534379.65,3825,F1,1,,,,,
2026-08-20,2026-08-20,CM,NSE,STK,18264,INE0O3O01017,SEL,SM,,,,,SUNGARNER ENERGIES LTD,324.00,324.00,302.00,312.15,318.00,309.00,,312.15,,,4600,1419820.00,19,F1,200,,,,,
2026-08-20,2026-08-20,CM,NSE,STK,765180,INE671C01016,SUNLOC,EQ,,,,,SUNIL HEALTHCARE LTD.,67.50,68.00,67.50,68.00,68.00,68.38,,68.00,,,26,1755.50,2,F1,1,,,,,
2026-08-20,2026-08-20,CM,NSE,STK,24868,INE0U2N01013,SUNLITE,SM,,,,,SUNLITE RECYCLING IND LTD,491.20,508.90,490.00,495.25,495.50,490.70,,495.25,,,15600,7797180.00,51,F1,300,,,,,
2026-08-20,2026-08-20,CM,NSE,STK,764925,INE671K01027,SUNRAKSHAK,EQ,,,,,SUNRAKSHAKK INDUS IND L,377.00,377.60,371.00,375.40,377.50,377.25,,374.59,,,7222,2709122.40,245,F1,1,,,,,
2026-08-20,2026-08-20,CM,NSE,STK,765264,INE0PLZ20020,SUN-RE,ST,,,,,SUNREST LIFE LTD,2.10,2.10,2.10,2.10,2.10,3.50,,2.10,,,121600,255360.00,29,F1,1600,,,,,
2026-08-20,2026-08-20,CM,NSE,STK,20213,INE0PLZ01012,SUNREST,SM,,,,,SUNREST LIFESCIENCE LTD,41.10,42.40,41.10,42.15,42.10,40.90,,42.15,,,35200,1472160.00,14,F1,1600,,,,,
2026-08-20,2026-08-20,CM,NSE,STK,764930,INE199E01014,SUNSHIEL,EQ,,,,,SUNSHIELD CHEMICALS LTD.,1243.30,1279.90,1243.30,1264.00,1270.00,1273.40,,1258.57,,,1195,1512103.60,110,F1,1,,,,,
2026-08-20,2026-08-20,CM,NSE,STK,757766,INE0SGZ01016,SUNTECH,ST,,,,,SUNTECH INFRA SOLUTIONS L,35.00,35.05,35.00,35.05,35.05,36.35,,35.05,,,6400,224080.00,3,F1,1600,,,,,
2026-08-20,2026-08-20,CM,NSE,STK,17641,INE805D01034,SUNTECK,EQ,,,,,SUNTECK REALTY LIMITED,296.20,298.00,293.05,294.35,293.35,296.20,,294.34,,,174440,51374977.60,5539,F1,1,,,,,
2026-08-20,2026-08-20,CM,NSE,STK,8931,INE662A01027,SUPERSPIN,BE,,,,,SUPER SPINNING MILLS LTD,6.00,6.00,5.99,5.99,5.99,5.91,,5.98,,,8160,48888.61,16,F1,1,,,,,
2026-08-20,2026-08-20,CM,NSE,STK,764935,INE460D01038,SUPTANERY,EQ,,,,,SUPER TANNERY LTD.,7.90,7.90,7.17,7.31,7.50,7.81,,7.32,,,97254,727535.52,363,F1,1,,,,,
2026-08-20,2026-08-20,CM,NSE,STK,20616,INE712B01010,SUPERHOUSE,EQ,,,,,SUPERHOUSE LIMITED,164.00,170.74,164.00,164.53,164.10,164.00,,164.53,,,3735,622903.50,81,F1,1,,,,,
2026-08-20,2026-08-20,CM,NSE,STK,3147,INE843L01012,SIEL,EQ,,,,,SUPERIOR INDUSTRIAL ENT L,44.54,44.54,40.30,40.30,40.30,42.42,,40.30,,,8968,383790.61,133,F1,1,,,,,
2026-08-20,2026-08-20,CM,NSE,STK,11689,INE399C01030,SUPRAJIT,EQ,,,,,SUPRAJIT ENGINEERING LTD,520.20,522.35,509.45,511.35,513.40,517.65,,511.24,,,91532,47142834.95,4370,F1,1,,,,,
2026-08-20,2026-08-20,CM,NSE,STK,758997,INE319Z01021,SUPREMEENG,BZ,,,,,SUPREME ENGINEERING LTD,2.49,2.49,2.49,2.49,2.49,2.45,,2.49,,,133053,331301.97,81,F1,1,,,,,
2026-08-20,2026-08-20,CM,NSE,STK,28069,INE0U6N01014,SFML,SM,,,,,SUPREME FACILITY MGMT LTD,20.35,22.00,20.35,22.00,22.00,21.50,,22.00,,,11200,240480.00,5,F1,1600,,,,,
2026-08-20,2026-08-20,CM,NSE,STK,29439,INE822E01011,SUPREME,EQ,,,,,SUPREME HOLDIN N HOSP I L,43.50,43.50,38.55,39.28,39.21,39.53,,39.27,,,46159,1883912.02,524,F1,1,,,,,
2026-08-20,2026-08-20,CM,NSE,STK,3363,INE195A01028,SUPREMEIND,EQ,,,,,SUPREME INDUSTRIES LTD,3611.00,3674.90,3602.00,3650.00,3650.00,3610.00,,3650.56,,,143243,522528698.90,13941,F1,1,,,,,
2026-08-20,2026-08-20,CM,NSE,STK,15002,INE550H01011,SUPREMEINF,EQ,,,,,SUPREME INFRA. LTD.,87.90,87.90,85.01,85.36,85.75,86.15,,85.37,,,45741,3946859.49,1075,F1,1,,,,,
2026-08-20,2026-08-20,CM,NSE,STK,9617,INE663A01033,SPLPETRO,EQ,,,,,SUPREME PETROCHEM LIMITED,709.90,709.90,696.10,700.70,699.00,702.60,,700.65,,,28299,19843933.60,3674,F1,1,,,,,
2026-08-20,2026-08-20,CM,NSE,STK,21067,INE0QHG01026,SUPREMEPWR,SM,,,,,SUPREME POWER EQUIPMENT L,238.40,241.95,225.00,227.40,226.50,238.40,,227.40,,,57500,13210800.00,106,F1,500,,,,,
2026-08-20,2026-08-20,CM,NSE,STK,7390,INE07RO01027,SUPRIYA,EQ,,,,,SUPRIYA LIFESCIENCE LTD,788.50,826.00,788.50,811.70,810.00,787.80,,811.80,,,304269,248079913.60,15903,F1,1,,,,,
2026-08-20,2026-08-20,CM,NSE,STK,20822,INE843S01025,SURAJEST,EQ,,,,,SURAJ ESTATE DEVELOPERS L,206.21,206.91,198.00,198.56,199.25,205.87,,198.57,,,168263,33839977.25,1397,F1,1,,,,,
2026-08-20,2026-08-20,CM,NSE,STK,24966,INE713C01016,SURAJLTD,EQ,,,,,SURAJ LIMITED,201.00,204.70,192.00,195.94,196.01,203.32,,196.09,,,8854,1756858.65,282,F1,1,,,,,
2026-08-20,2026-08-20,CM,NSE,STK,27334,INE877V01027,SURAKSHA,EQ,,,,,SURAKSHA DIAGNOSTIC LTD,307.20,313.00,295.85,305.15,305.70,308.50,,305.09,,,142607,43346342.10,9361,F1,1,,,,,
2026-08-20,2026-08-20,CM,NSE,STK,21077,INE272L01022,SURANASOL,EQ,,,,,SURANA SOLAR LIMITED,26.54,26.54,25.70,25.74,25.76,26.11,,25.74,,,25901,669950.66,384,F1,1,,,,,
2026-08-20,2026-08-20,CM,NSE,STK,10700,INE130B01031,SURANAT&P,EQ,,,,,SURANA TELECOM AND POW LT,16.50,16.60,16.15,16.29,16.30,16.15,,16.28,,,31203,509172.12,269,F1,1,,,,,
2026-08-20,2026-08-20,CM,NSE,STK,8513,INE01ZJ01015,SURANI,SM,,,,,SURANI STEEL TUBES LTD.,102.50,114.95,95.00,95.70,96.00,102.10,,95.70,,,19800,1944340.00,70,F1,200,,,,,
2026-08-20,2026-08-20,CM,NSE,STK,14139,INE05ST01028,SBGLP,EQ,,,,,SURATWWALA BUS GROUP LTD,24.11,25.07,24.11,24.62,24.65,24.36,,24.60,,,7781,193013.74,85,F1,1,,,,,
2026-08-20,2026-08-20,CM,NSE,STK,3375,INE335A01020,SURYAROSNI,EQ,,,,,SURYA ROSHNI LTD,219.90,222.09,216.80,218.53,219.00,218.71,,218.53,,,949259,208048817.18,10814,F1,1,,,,,
2026-08-20,2026-08-20,CM,NSE,STK,11852,INE713B01026,SURYALAXMI,EQ,,,,,SURYALAKSHMI COT MIL LTD,57.21,58.95,56.66,57.60,58.27,56.37,,58.55,,,7942,456044.90,66,F1,1,,,,,
2026-08-20,2026-08-20,CM,NSE,STK,762924,INE132C01027,SURYALA,EQ,,,,,SURYALATA SPINNING MILL L,374.00,390.00,374.00,385.00,385.00,380.10,,385.00,,,67,25724.50,15,F1,1,,,,,
2026-08-20,2026-08-20,CM,NSE,STK,2970,INE428Q01011,SURYODAY,EQ,,,,,SURYODAY SMALL FIN BK LTD,151.00,157.44,150.78,154.54,154.40,151.73,,154.46,,,453556,70294771.66,6950,F1,1,,,,,
2026-08-20,2026-08-20,CM,NSE,STK,13804,INE645H01027,SUTLEJTEX,BE,,,,,SUTLEJ TEXT & INDUS LTD,38.95,38.95,38.06,38.18,38.44,38.09,,38.18,,,8202,314016.02,49,F1,1,,,,,
2026-08-20,2026-08-20,CM,NSE,STK,11233,INE495B01038,SUVEN,EQ,,,,,SUVEN LIFE SCIENCES LTD,335.00,377.45,335.00,373.60,375.50,332.55,,373.64,,,3256478,1181415781.90,56521,F1,1,,,,,
2026-08-20,2026-08-20,CM,NSE,STK,2998,INE018401013,SUVIDHAA,EQ,,,,,SUVIDHAA INFOSERVE LTD,2.48,2.48,2.37,2.41,2.37,2.38,,2.41,,,97764,236408.93,197,F1,1,,,,,
2026-08-20,2026-08-20,CM,NSE,STK,24851,INE442P01014,SUYOG,EQ,,,,,SUYOG TELEMATICS LIMITED,759.25,766.00,730.00,740.50,734.80,759.25,,740.49,,,36225,27146943.45,2606,F1,1,,,,,
2026-08-20,2026-08-20,CM,NSE,STK,12018,INE040H01021,SUZLON,EQ,,,,,SUZLON ENERGY LIMITED,46.82,47.55,46.80,47.00,47.00,46.77,,47.00,,,31120638,1468545044.80,51123,F1,1,,,,,
2026-08-20,2026-08-20,CM,NSE,STK,5020,INE308E01029,SVPGLOB,EQ,,,,,SVP GLOBAL TEXTILES LTD,3.68,3.85,3.68,3.78,3.79,3.72,,3.78,,,28148,105887.09,68,F1,1,,,,,
2026-08-20,2026-08-20,CM,NSE,STK,27095,INE665A01038,SWANCORP,EQ,,,,,SWAN CORP LIMITED,303.50,307.90,301.60,305.55,306.00,303.20,,305.58,,,749117,227748923.70,9567,F1,1,,,,,
2026-08-20,2026-08-20,CM,NSE,STK,29164,INE542F01020,SWANDEF,BE,,,,,SWAN DEFENCE N HEVY IND L,2353.20,2389.00,2320.00,2361.90,2340.00,2348.20,,2361.35,,,2782,6526535.00,359,F1,1,,,,,
2026-08-20,2026-08-20,CM,NSE,STK,3384,INE277A01016,SWARAJENG,EQ,,,,,SWARAJ ENGINES LTD,3590.90,3635.00,3576.10,3602.60,3595.00,3588.80,,3602.49,,,3898,14008578.00,1163,F1,1,,,,,
2026-08-20,2026-08-20,CM,NSE,STK,764494,INE0GMR01016,SWARAJ,EQ,,,,,SWARAJ SUITING LIMITED,369.00,375.90,366.00,372.00,372.30,367.05,,372.02,,,388491,144006868.45,2660,F1,1,,,,,
2026-08-20,2026-08-20,CM,NSE,STK,765185,INE967A01012,SWARNSAR,EQ,,,,,SWARNSARITA JEWELS IND L,36.00,36.25,34.50,34.56,34.85,34.25,,34.79,,,3168,112479.37,25,F1,1,,,,,
2026-08-20,2026-08-20,CM,NSE,STK,11497,INE0DGC01025,SWASTIK,ST,,,,,SWASTIK PIPE LIMITED,18.65,18.65,18.65,18.65,18.65,19.00,,18.65,,,2400,44760.00,2,F1,1200,,,,,
2026-08-20,2026-08-20,CM,NSE,STK,11909,INE409B01013,SWELECTES,EQ,,,,,SWELECT ENERGY SYS LTD,604.60,623.90,604.60,608.80,608.00,606.55,,608.91,,,29736,18240320.55,1380,F1,1,,,,,
2026-08-20,2026-08-20,CM,NSE,STK,27066,INE00H001014,SWIGGY,EQ,,,,,SWIGGY LIMITED,275.10,285.40,273.75,279.00,279.00,272.40,,279.01,,,18244359,5121862657.40,253467,F1,1,,,,,
2026-08-20,2026-08-20,CM,NSE,STK,765190,INE010C01025,SWISSMLTRY,EQ,,,,,SWISS MILITARY CON GOOD L,15.19,16.80,14.00,16.44,16.50,14.75,,16.44,,,870159,13558742.00,1741,F1,1,,,,,
2026-08-20,2026-08-20,CM,NSE,STK,24190,INE225D01027,SYMPHONY,EQ,,,,,SYMPHONY LIMITED,603.75,620.00,603.75,616.15,617.10,602.05,,616.12,,,52306,32039260.65,3504,F1,1,,,,,
2026-08-20,2026-08-20,CM,NSE,STK,11992,INE312C01025,SYNCOMF,EQ,,,,,SYNCOM FORMU (I) LTD,15.48,15.75,15.40,15.46,15.52,15.33,,15.46,,,2713220,42159614.75,6120,F1,1,,,,,
2026-08-20,2026-08-20,CM,NSE,STK,5114,INE00QT01015,SGIL,EQ,,,,,SYNERGY GREEN IND. LTD,545.00,564.00,545.00,562.05,561.70,555.25,,562.04,,,3017,1688813.45,154,F1,1,,,,,
2026-08-20,2026-08-20,CM,NSE,STK,10243,INE398R01022,SYNGENE,EQ,,,,,SYNGENE INTERNATIONAL LTD,400.00,402.85,394.90,395.50,395.70,396.85,,395.48,,,1883583,747944830.75,63710,F1,1,,,,,
2026-08-20,2026-08-20,CM,NSE,STK,10793,INE0DYJ01015,SYRMA,EQ,,,,,SYRMA SGS TECHNOLOGY LTD,1504.80,1525.80,1415.70,1443.70,1437.90,1494.80,,1443.67,,,1342162,1976690285.60,52773,F1,1,,,,,
2026-08-20,2026-08-20,CM,NSE,STK,14506,INE0O7R01011,SYSTANGO,SM,,,,,SYSTANGO TECHNOLOGIES LTD,215.90,215.90,211.85,213.75,214.05,210.50,,213.75,,,12800,2739580.00,32,F1,400,,,,,
2026-08-20,2026-08-20,CM,NSE,STK,759358,INE356B01024,SYSTMTXC,BE,,,,,SYSTEMATIX CORP SERVICE L,57.74,59.09,57.00,57.85,57.80,58.03,,57.57,,,7717,444713.03,47,F1,1,,,,,
2026-08-20,2026-08-20,CM,NSE,STK,764955,INE284B01028,TGVSL,EQ,,,,,T G V SRAAC LTD.,106.40,108.00,104.60,105.68,105.90,105.40,,105.70,,,134805,14250334.83,1383,F1,1,,,,,
2026-08-20,2026-08-20,CM,NSE,STK,14314,INE592B01024,TTL,EQ,,,,,T T LIMITED,6.46,6.60,6.11,6.22,6.30,6.33,,6.22,,,321646,2030659.71,450,F1,1,,,,,
2026-08-20,2026-08-20,CM,NSE,STK,762929,INE524T01011,TAALTECH,EQ,,,,,TAAL TECH LTD.,4283.10,4283.10,4200.00,4218.00,4246.90,4227.70,,4218.42,,,2077,8793824.70,219,F1,1,,,,,
2026-08-20,2026-08-20,CM,NSE,STK,23441,INE0SOY01013,TAC,ST,,,,,TAC INFOSEC LIMITED,440.05,446.10,420.00,424.75,428.50,440.05,,424.75,,,44400,19084660.00,199,F1,200,,,,,
2026-08-20,2026-08-20,CM,NSE,STK,3396,INE123C01018,TAINWALCHM,EQ,,,,,TAINWALA CHEMICAL AND PLA,222.10,238.90,212.30,223.76,224.90,218.22,,223.76,,,64173,14874922.75,1515,F1,1,,,,,
2026-08-20,2026-08-20,CM,NSE,STK,9354,INE586B01026,TAJGVK,EQ,,,,,TAJ GVK HOTELS & RESORTS,346.55,349.85,344.70,347.90,349.30,344.05,,347.91,,,35916,12464982.80,1831,F1,1,,,,,
2026-08-20,2026-08-20,CM,NSE,STK,14917,INE142I01023,TAKE,EQ,,,,,TAKE LIMITED,23.37,23.37,21.75,21.84,22.50,22.89,,21.85,,,689149,15204090.10,2406,F1,1,,,,,
2026-08-20,2026-08-20,CM,NSE,STK,13648,INE187D01029,TALBROAUTO,EQ,,,,,TALBROS AUTO. COMP. LTD,423.10,428.15,409.00,412.00,409.05,423.05,,412.02,,,291141,121325015.25,11138,F1,1,,,,,
2026-08-20,2026-08-20,CM,NSE,STK,762937,INE864J01012,TAMBOLIIN,BE,,,,,TAMBOLI INDUSTRIES LTD.,255.00,255.00,242.29,242.51,242.30,255.04,,243.29,,,34631,8476168.48,171,F1,1,,,,,
2026-08-20,2026-08-20,CM,NSE,STK,10945,INE668A01016,TMB,EQ,,,,,TAMILNAD MERCA BANK LTD,840.10,872.55,840.10,869.70,871.50,838.85,,869.71,,,202411,174965583.95,15835,F1,1,,,,,
2026-08-20,2026-08-20,CM,NSE,STK,3980,INE107A01015,TNPL,EQ,,,,,TAMILNADU NEWSPRT & PAPER,138.85,140.16,138.20,139.85,139.70,138.69,,139.84,,,114229,15891777.64,1727,F1,1,,,,,
2026-08-20,2026-08-20,CM,NSE,STK,3509,INE148A01019,TNPETRO,EQ,,,,,TAMILNADU PETROPRODUCTS L,114.90,118.70,113.00,114.88,115.32,113.47,,114.88,,,777539,89986449.37,9000,F1,1,,,,,
2026-08-20,2026-08-20,CM,NSE,STK,3512,INE141D01018,TNTELE,EQ,,,,,TAMILNADU TELECOMMUNICATI,9.10,9.10,8.81,8.91,8.90,8.99,,8.91,,,9066,81645.04,57,F1,1,,,,,
2026-08-20,2026-08-20,CM,NSE,STK,764945,INE692C01020,TANAA,EQ,,,,,TANEJA AEROSPACE & AVIA L,320.00,320.00,304.90,307.85,308.00,310.20,,308.66,,,6494,2013825.40,322,F1,1,,,,,
2026-08-20,2026-08-20,CM,NSE,STK,756338,INE0Z7N01017,TANKUP,ST,,,,,TANKUP ENGINEERS LIMITED,1230.00,1250.00,1230.00,1250.00,1250.00,1225.00,,1250.00,,,750,932250.00,3,F1,250,,,,,
2026-08-20,2026-08-20,CM,NSE,STK,13976,INE483C01032,TANLA,EQ,,,,,TANLA PLATFORMS LIMITED,573.25,592.55,570.85,572.80,571.80,571.20,,572.80,,,434502,252398219.10,19517,F1,1,,,,,
2026-08-20,2026-08-20,CM,NSE,STK,23512,INE555Z01020,TARACHAND,EQ,,,,,TARA CHAND INFRA SOLN LTD,48.67,48.67,47.30,47.82,48.00,47.95,,47.82,,,40055,1922135.12,993,F1,1,,,,,
2026-08-20,2026-08-20,CM,NSE,STK,18827,INE747K01017,TARAPUR,EQ,,,,,TARAPUR TRANSFORMERS LTD,15.72,16.06,14.50,15.18,15.17,15.34,,15.07,,,83203,1283836.28,282,F1,1,,,,,
2026-08-20,2026-08-20,CM,NSE,STK,1581,INE0EK901012,TARC,EQ,,,,,TARC LIMITED,120.90,123.45,119.31,121.74,123.01,119.84,,121.74,,,1174606,141631438.77,6817,F1,1,,,,,
2026-08-20,2026-08-20,CM,NSE,STK,14771,INE924H01018,TARMAT,EQ,,,,,TARMAT LIMITED,52.10,53.15,50.80,51.31,51.25,52.78,,51.34,,,18233,947385.98,206,F1,1,,,,,
2026-08-20,2026-08-20,CM,NSE,STK,6943,INE144Z01023,TARSONS,EQ,,,,,TARSONS PRODUCTS LIMITED,345.10,346.60,336.00,337.30,337.05,343.10,,337.32,,,142634,48609656.95,3780,F1,1,,,,,
2026-08-20,2026-08-20,CM,NSE,STK,20092,INE488B01017,TASTYBITE,EQ,,,,,TASTY BITE EATABLES LTD,10392.00,10448.50,10000.00,10104.50,10093.50,10392.00,,10104.37,,,5824,59479507.50,2182,F1,1,,,,,
2026-08-20,2026-08-20,CM,NSE,STK,759265,INE976I01016,TATACAP,EQ,,,,,TATA CAPITAL LIMITED,365.00,372.40,363.50,366.15,366.25,365.55,,365.87,,,1117288,410141406.10,31820,F1,1,,,,,
2026-08-20,2026-08-20,CM,NSE,STK,3405,INE092A01019,TATACHEM,EQ,,,,,TATA CHEMICALS LTD,639.90,648.00,630.35,634.50,634.50,636.30,,634.37,,,403433,257348155.55,15945,F1,1,,,,,
2026-08-20,2026-08-20,CM,NSE,STK,3721,INE151A01013,TATACOMM,EQ,,,,,TATA COMMUNICATIONS LTD,1675.70,1704.10,1670.50,1677.50,1674.00,1660.00,,1677.51,,,202057,340319266.60,18934,F1,1,,,,,
2026-08-20,2026-08-20,CM,NSE,STK,11536,INE467B01029,TCS,EQ,,,,,TATA CONSULTANCY SERV LT,2319.40,2329.00,2288.10,2298.00,2298.00,2289.00,,2297.98,,,2047848,4710859154.30,77501,F1,1,,,,,
2026-08-20,2026-08-20,CM,NSE,STK,3432,INE192A01025,TATACONSUM,EQ,,,,,TATA CONSUMER PRODUCT LTD,1068.60,1074.70,1056.30,1056.30,1056.30,1068.00,,1056.31,,,1684035,1797367364.80,34217,F1,1,,,,,
2026-08-20,2026-08-20,CM,NSE,STK,3411,INE670A01012,TATAELXSI,EQ,,,,,TATA ELXSI LIMITED,3681.80,3777.60,3660.00,3660.00,3660.00,3659.70,,3661.28,,,270105,1006076728.60,26495,F1,1,,,,,
2026-08-20,2026-08-20,CM,NSE,STK,1621,INE672A01026,TATAINVEST,EQ,,,,,TATA INVESTMENT CORP LTD,653.90,656.90,648.00,649.35,649.00,652.90,,649.39,,,116909,76287201.05,6883,F1,1,,,,,
2026-08-20,2026-08-20,CM,NSE,STK,759782,INE1TAE01010,TMCV,EQ,,,,,TATA MOTORS LIMITED,478.35,487.80,476.00,477.60,477.20,478.30,,477.60,,,7569561,3646617829.00,143670,F1,1,,,,,
2026-08-20,2026-08-20,CM,NSE,STK,3456,INE155A01022,TMPV,EQ,,,,,TATA MOTORS PASS VEH LTD,323.40,324.55,318.45,320.25,320.25,321.30,,320.23,,,10475953,3366401578.70,90431,F1,1,,,,,
2026-08-20,2026-08-20,CM,NSE,STK,3426,INE245A01021,TATAPOWER,EQ,,,,,TATA POWER CO LTD,379.30,379.90,375.00,375.25,375.25,378.90,,375.26,,,4261349,1606449808.30,41590,F1,1,,,,,
2026-08-20,2026-08-20,CM,NSE,STK,3499,INE081A01020,TATASTEEL,EQ,,,,,TATA STEEL LIMITED,185.00,185.60,182.95,183.50,183.50,184.00,,183.49,,,21782667,4006332381.46,190735,F1,1,,,,,
2026-08-20,2026-08-20,CM,NSE,STK,20293,INE142M01025,TATATECH,EQ,,,,,TATA TECHNOLOGIES LIMITED,815.90,836.35,815.90,823.95,823.00,812.55,,823.94,,,979044,809196829.65,35676,F1,1,,,,,
2026-08-20,2026-08-20,CM,NSE,STK,8954,INE517B01013,TTML,EQ,,,,,TATA TELESERV(MAHARASTRA),37.67,37.96,37.40,37.45,37.41,37.67,,37.45,,,863062,32484708.40,4870,F1,1,,,,,
2026-08-20,2026-08-20,CM,NSE,STK,7838,INF277K015R5,NETF,EQ,,,,,TATAAML - NETF,264.28,265.00,261.01,263.23,265.00,262.18,,263.23,,,1880,496013.41,153,F1,1,,,,,
2026-08-20,2026-08-20,CM,NSE,STK,12978,INF277K010X4,NPBET,EQ,,,,,TATAAML - NPBET,285.55,285.55,284.17,284.17,284.17,281.95,,284.17,,,105,29839.74,4,F1,1,,,,,
2026-08-20,2026-08-20,CM,NSE,STK,8882,INF277KA1364,TNIDETF,EQ,,,,,TATAAML - TNIDETF,88.20,91.26,88.20,90.80,90.77,90.06,,90.80,,,41944,3817323.46,422,F1,1,,,,,
2026-08-20,2026-08-20,CM,NSE,STK,21401,INF277KA1976,TATAGOLD,EQ,,,,,TATAAML-TATAGOLD,14.90,15.20,14.77,15.12,15.12,14.77,,15.12,,,74592702,1128548342.90,71906,F1,1,,,,,
2026-08-20,2026-08-20,CM,NSE,STK,21428,INF277KA1984,TATSILV,EQ,,,,,TATAAML-TATSILV,22.65,23.06,22.65,22.90,22.89,21.96,,22.90,,,81115670,1860964691.39,57372,F1,1,,,,,
2026-08-20,2026-08-20,CM,NSE,STK,5162,INE0GK401011,TATVA,EQ,,,,,TATVA CHIN PHARM CHEM LTD,1670.80,1709.70,1621.60,1638.40,1638.00,1647.80,,1638.38,,,65673,109798165.40,6098,F1,1,,,,,
2026-08-20,2026-08-20,CM,NSE,STK,759756,INE0XWS01018,TAURIAN,SM,,,,,TAURIAN MPS LIMITED,453.90,463.00,452.00,457.25,459.90,449.60,,457.25,,,15200,6968120.00,19,F1,800,,,,,
2026-08-20,2026-08-20,CM,NSE,STK,11754,INE053F07835,753IRFC30,NJ,,,,,TAX FREE  7.53% SR. 103 A,1137.50,1137.50,1137.50,1137.50,1137.50,1135.00,,1137.50,,,1,1137.50,1,F1,1,,,,,
2026-08-20,2026-08-20,CM,NSE,STK,15168,INE053F07900,764IRFC31,NO,,,,,TAX FREE  7.64% SR. 108A,1146.60,1146.60,1145.00,1146.50,1146.50,1140.01,,1146.50,,,94,107758.50,6,F1,1,,,,,
2026-08-20,2026-08-20,CM,NSE,STK,14529,INE906B07EP5,769NHAI31,NE,,,,,TAX FREE 7.69% SR. IIB,1149.00,1151.00,1148.05,1148.79,1149.00,1150.50,,1148.79,,,461,529865.55,10,F1,1,,,,,
2026-08-20,2026-08-20,CM,NSE,STK,11954,INE906B07EI0,735NHAI31,N9,,,,,TAX FREE7.35% SR.IIA,1111.00,1127.99,1111.00,1127.99,1127.99,1104.00,,1127.99,,,2,2238.99,2,F1,1,,,,,
2026-08-20,2026-08-20,CM,NSE,STK,12003,INE906B07EJ8,76NHAI31,NA,,,,,TAX FREE7.60% SR.IIB,1116.01,1117.95,1115.05,1117.00,1117.00,1117.01,,1116.54,,,3379,3773527.48,31,F1,1,,,,,
2026-08-20,2026-08-20,CM,NSE,STK,29111,INE020B07GX4,738REC27TF,N2,,,,,TAXFREE SEC NCD TR1 S2,1072.00,1072.00,1069.08,1069.08,1069.08,1072.00,,1070.54,,,815,872254.20,5,F1,1,,,,,
2026-08-20,2026-08-20,CM,NSE,STK,24019,INE0N2D01013,TBI,SM,,,,,TBI CORN LIMITED,60.25,60.30,58.40,59.05,59.05,59.85,,59.05,,,16200,964770.00,27,F1,600,,,,,
2026-08-20,2026-08-20,CM,NSE,STK,23740,INE673O01025,TBOTEK,EQ,,,,,TBO TEK LIMITED,1669.80,1731.90,1669.70,1702.60,1714.00,1661.40,,1702.49,,,147883,252494638.50,13107,F1,1,,,,,
2026-08-20,2026-08-20,CM,NSE,STK,761814,INE887D01016,TCC,EQ,,,,,TCC CONCEPT LIMITED,252.35,255.80,250.25,252.85,252.45,252.35,,252.85,,,19647,4965016.15,1022,F1,1,,,,,
2026-08-20,2026-08-20,CM,NSE,STK,19223,INE586V01016,TCIEXP,EQ,,,,,TCI EXPRESS LIMITED,547.50,560.95,541.25,544.65,546.90,547.20,,544.62,,,13373,7370025.90,1084,F1,1,,,,,
2026-08-20,2026-08-20,CM,NSE,STK,8722,INE911B01018,TCIFINANCE,BE,,,,,TCIFINANCELTD-ROLL SETT,15.85,15.85,15.03,15.21,15.21,15.38,,15.20,,,10425,159168.00,67,F1,1,,,,,
2026-08-20,2026-08-20,CM,NSE,STK,184,INE822C01015,TCPLPACK,EQ,,,,,TCPL PACKAGING LIMITED,4094.20,4228.80,4023.90,4100.90,4091.60,4094.20,,4100.67,,,7136,29410819.10,1533,F1,1,,,,,
2026-08-20,2026-08-20,CM,NSE,STK,25178,INE419M01027,TDPOWERSYS,EQ,,,,,TD POWER SYSTEMS LTD.,1545.60,1549.30,1495.40,1507.50,1505.00,1545.60,,1507.54,,,1106295,1673937503.40,51470,F1,1,,,,,
2026-08-20,2026-08-20,CM,NSE,STK,10717,INE289C01025,TEAMGTY,EQ,,,,,TEAM INDIA GUARANTY LTD,236.65,236.70,226.99,227.93,227.11,229.99,,228.16,,,4744,1103359.44,112,F1,1,,,,,
2026-08-20,2026-08-20,CM,NSE,STK,12716,INE985S01024,TEAMLEASE,EQ,,,,,TEAMLEASE SERVICES LTD.,1232.10,1256.60,1230.00,1242.10,1237.00,1235.20,,1242.09,,,11396,14187981.40,2645,F1,1,,,,,
2026-08-20,2026-08-20,CM,NSE,STK,16996,INE065J01024,TPHQ,EQ,,,,,TEAMO PRODUCTIONS HQ LTD,0.70,0.72,0.67,0.68,0.69,0.69,,0.68,,,10965405,7664620.73,1843,F1,1,,,,,
2026-08-20,2026-08-20,CM,NSE,STK,763571,INE2OL601013,TEAMTECH,ST,,,,,TEAMTECH FORMWORK SOL LTD,125.95,128.95,125.50,128.95,128.95,122.85,,128.95,,,34000,4353100.00,15,F1,2000,,,,,
2026-08-20,2026-08-20,CM,NSE,STK,13538,INE669C01036,TECHM,EQ,,,,,TECH MAHINDRA LIMITED,1601.60,1610.00,1588.70,1592.10,1592.10,1589.80,,1592.10,,,1676285,2675464685.00,49213,F1,1,,,,,
2026-08-20,2026-08-20,CM,NSE,STK,759141,INE0Y5H01014,TECHD,ST,,,,,TECHD CYBERSECURITY LTD,570.00,589.00,569.65,580.95,581.90,569.65,,580.95,,,4200,2440290.00,14,F1,300,,,,,
2026-08-20,2026-08-20,CM,NSE,STK,25652,INE0JQS01019,TECHERA,SM,,,,,TECHERA ENGINEER (IND) L,179.20,180.00,176.15,177.25,177.00,180.50,,177.25,,,22400,3986600.00,27,F1,800,,,,,
2026-08-20,2026-08-20,CM,NSE,STK,6445,INE285K01026,TECHNOE,EQ,,,,,TECHNO ELEC & ENG CO. LTD,999.75,1006.60,983.10,985.45,990.00,996.95,,985.50,,,219276,217233101.25,12936,F1,1,,,,,
2026-08-20,2026-08-20,CM,NSE,STK,14223,INE545H01011,TIIL,EQ,,,,,TECHNOCRAFT IND LTD,3129.90,3225.00,3069.00,3200.20,3200.00,3127.50,,3200.06,,,43128,136410673.70,7729,F1,1,,,,,
2026-08-20,2026-08-20,CM,NSE,STK,764532,INE1D0W01018,TECHNOCRAF,EQ,,,,,TECHNOCRAFT VENTURES LTD,317.99,337.00,314.00,330.37,328.90,314.80,,330.35,,,3376892,1105745463.56,42465,F1,1,,,,,
2026-08-20,2026-08-20,CM,NSE,STK,762939,INE314H01012,TECHNVISN,EQ,,,,,TECHNVISION VENTURES LTD.,5100.00,5100.00,4950.00,4973.50,4950.00,5083.80,,4973.52,,,303,1516395.70,104,F1,1,,,,,
2026-08-20,2026-08-20,CM,NSE,STK,3453,INE014B01011,TECILCHEM,EQ,,,,,TECIL CHEMICALS,11.29,11.55,9.00,9.14,9.05,10.24,,9.14,,,306274,3049706.61,1160,F1,1,,,,,
2026-08-20,2026-08-20,CM,NSE,STK,23530,INE0K6601012,TGL,ST,,,,,TEERTH GOPICON LIMITED,16.35,16.35,16.35,16.35,16.35,17.20,,16.35,,,19400,317190.00,52,F1,200,,,,,
2026-08-20,2026-08-20,CM,NSE,STK,7105,INE011K01018,TEGA,EQ,,,,,TEGA INDUSTRIES LIMITED,1730.00,1837.00,1725.10,1776.50,1775.00,1726.60,,1776.50,,,937653,1691123989.40,67587,F1,1,,,,,
2026-08-20,2026-08-20,CM,NSE,STK,763825,INE0R1301019,TEJA,SM,,,,,TEJA ENGINEERING IND L,352.15,352.15,352.15,352.15,352.15,370.65,,352.15,,,1200,422580.00,2,F1,600,,,,,
2026-08-20,2026-08-20,CM,NSE,STK,21131,INE010J01012,TEJASNET,EQ,,,,,TEJAS NETWORKS LIMITED,510.50,519.00,507.30,509.20,508.65,509.55,,509.20,,,659389,338287470.35,17481,F1,1,,,,,
2026-08-20,2026-08-20,CM,NSE,STK,3275,INE869Y01028,TEMBO,EQ,,,,,TEMBO GLOBAL IND LTD,60.20,60.75,57.60,58.20,58.20,59.75,,58.20,,,1037585,61300339.85,3309,F1,1,,,,,
2026-08-20,2026-08-20,CM,NSE,STK,759880,INE19RI01016,TENNIND,EQ,,,,,TENNECO CLEAN AIR INDIA L,559.00,575.00,555.25,568.60,571.90,556.85,,568.60,,,4980274,2820126711.55,99453,F1,1,,,,,
2026-08-20,2026-08-20,CM,NSE,STK,19292,INE482B01010,TERASOFT,EQ,,,,,TERA SOFTWARE LIMITED,343.00,343.00,318.45,326.80,325.50,329.45,,327.11,,,20831,6889769.30,999,F1,1,,,,,
2026-08-20,2026-08-20,CM,NSE,STK,11549,INE435C01024,TEXINFRA,EQ,,,,,TEXMACO INFRA & HOLDG LTD,109.61,109.62,107.61,108.61,108.50,107.46,,108.61,,,50551,5490724.54,634,F1,1,,,,,
2026-08-20,2026-08-20,CM,NSE,STK,21828,INE621L01012,TEXRAIL,EQ,,,,,TEXMACO RAIL & ENG. LTD.,103.59,106.70,103.55,105.48,105.40,102.65,,105.48,,,1737743,182853439.60,12507,F1,1,,,,,
2026-08-20,2026-08-20,CM,NSE,STK,18214,INE141K01013,TEXMOPIPES,EQ,,,,,TEXMO PIPE & PRODUCTS LTD,44.38,44.95,43.80,44.08,44.35,44.38,,44.08,,,49271,2182053.73,459,F1,1,,,,,
2026-08-20,2026-08-20,CM,NSE,STK,10744,INE733E07JT8,737NTPC35C,NA,,,,,TFB 7.37% 2035 SR. 3A,1378.00,1378.00,1378.00,1378.00,1378.00,1204.00,,1378.00,,,38,52364.00,1,F1,1,,,,,
2026-08-20,2026-08-20,CM,NSE,STK,10749,INE733E07JV4,753NTPC30E,NC,,,,,TFB 7.53% 2030 SR. 2B,1139.00,1139.00,1139.00,1139.00,1139.00,1138.00,,1139.00,,,100,113900.00,1,F1,1,,,,,
2026-08-20,2026-08-20,CM,NSE,STK,10751,INE733E07JW2,762NTPC35F,ND,,,,,TFB 7.62% 2035 SR. 3B,1225.00,1226.00,1213.01,1225.70,1225.70,1230.00,,1225.70,,,527,644042.57,9,F1,1,,,,,
2026-08-20,2026-08-20,CM,NSE,STK,14607,INE797H01018,TGBHOTELS,EQ,,,,,TGB BANQUETS&HOTELS LTD,9.15,9.35,9.11,9.34,9.35,9.18,,9.34,,,15246,141855.56,31,F1,1,,,,,
2026-08-20,2026-08-20,CM,NSE,STK,22777,INE0QJL01014,TCL,SM,,,,,THAAI CASTING LIMITED,138.00,145.05,126.50,142.90,142.90,131.00,,142.90,,,137600,18722400.00,109,F1,800,,,,,
2026-08-20,2026-08-20,CM,NSE,STK,762947,INE077P01034,THACKER,BE,,,,,THACKER & CO. LTD.,1100.00,1107.00,1100.00,1100.00,1100.00,1054.70,,1100.00,,,20,22035.00,9,F1,1,,,,,
2026-08-20,2026-08-20,CM,NSE,STK,762949,INE403F01017,THAKDEV,EQ,,,,,THAKKERS DEVELOPERS LTD.,149.25,157.99,149.25,157.74,149.25,150.00,,157.74,,,225,34217.85,7,F1,1,,,,,
2026-08-20,2026-08-20,CM,NSE,STK,18118,INE085J01014,THANGAMAYL,EQ,,,,,THANGAMAYIL JEWELLERY LTD,5521.50,5598.00,5440.00,5457.00,5451.00,5514.50,,5457.00,,,58274,321267707.00,9510,F1,1,,,,,
2026-08-20,2026-08-20,CM,NSE,STK,9014,INE294Z01018,ANUP,EQ,,,,,THE ANUP ENGINEERING LTD,1814.90,1838.00,1802.70,1811.80,1815.00,1804.80,,1811.76,,,16838,30597673.30,2650,F1,1,,,,,
2026-08-20,2026-08-20,CM,NSE,STK,7930,INE319B01014,BYKE,BE,,,,,THE BYKE HOSPITALITY LTD,31.50,33.00,31.00,32.74,32.21,31.50,,32.71,,,22117,711383.13,75,F1,1,,,,,
2026-08-20,2026-08-20,CM,NSE,STK,13776,INE017A01032,GESHIP,EQ,,,,,THE GE SHPG.LTD,1315.50,1315.70,1291.50,1299.00,1298.70,1315.50,,1298.99,,,455590,592229317.70,31489,F1,1,,,,,
2026-08-20,2026-08-20,CM,NSE,STK,17770,INE646C01018,GROBTEA,EQ,,,,,THE GROB TEA COMPANY LTD,924.20,988.95,924.15,938.65,947.35,915.00,,938.65,,,415,390397.90,48,F1,1,,,,,
2026-08-20,2026-08-20,CM,NSE,STK,8568,INE127B01011,HITECHGEAR,BE,,,,,THE HI-TECH GEARS LIMITED,533.00,545.00,533.00,535.75,535.50,530.90,,535.75,,,2478,1326054.75,84,F1,1,,,,,
2026-08-20,2026-08-20,CM,NSE,STK,1515,INE383A01012,INDIACEM,EQ,,,,,THE INDIA CEMENTS LIMITED,366.50,375.10,366.50,370.65,371.40,369.70,,370.65,,,81021,30132670.40,4286,F1,1,,,,,
2026-08-20,2026-08-20,CM,NSE,STK,1512,INE053A01029,INDHOTEL,EQ,,,,,THE INDIAN HOTELS CO. LTD,729.00,737.10,725.75,735.85,735.85,723.35,,735.84,,,1766030,1294473189.50,32803,F1,1,,,,,
2026-08-20,2026-08-20,CM,NSE,STK,21427,INE924D01017,THEINVEST,EQ,,,,,THE INVEST TRUST OF IND L,98.00,100.49,97.22,97.87,97.55,98.18,,97.73,,,1876,185449.26,66,F1,1,,,,,
2026-08-20,2026-08-20,CM,NSE,STK,399,INE470Y01017,NIACL,EQ,,,,,THE NEW INDIA ASSU CO LTD,186.99,186.99,182.29,183.08,182.70,185.68,,183.08,,,801368,147976816.14,10676,F1,1,,,,,
2026-08-20,2026-08-20,CM,NSE,STK,10321,INE431F01018,PKTEA,EQ,,,,,THE P K TEA PROD CO LTD,749.00,751.00,716.00,731.90,727.15,728.35,,731.90,,,1755,1301766.20,50,F1,1,,,,,
2026-08-20,2026-08-20,CM,NSE,STK,14552,INE211B01039,PHOENIXLTD,EQ,,,,,THE PHOENIX MILLS LTD,1928.50,1934.50,1907.90,1925.00,1925.00,1919.00,,1924.97,,,180062,346706694.70,18620,F1,1,,,,,
2026-08-20,2026-08-20,CM,NSE,STK,2043,INE331A01037,RAMCOCEM,EQ,,,,,THE RAMCO CEMENTS LIMITED,907.00,915.00,901.20,906.95,907.90,902.20,,906.95,,,202421,183233073.55,10897,F1,1,,,,,
2026-08-20,2026-08-20,CM,NSE,STK,10123,INE301D01026,RUBYMILLS,BE,,,,,THE RUBY MILLS LTD,395.80,419.00,395.80,403.60,413.95,410.25,,404.39,,,9589,3919070.65,199,F1,1,,,,,
2026-08-20,2026-08-20,CM,NSE,STK,5948,INE683A01023,SOUTHBANK,EQ,,,,,THE SOUTH INDIAN BANK LTD,45.15,46.16,45.01,45.16,45.36,45.00,,45.16,,,9571667,436006578.24,24155,F1,1,,,,,
2026-08-20,2026-08-20,CM,NSE,STK,10948,INE655A01013,STCINDIA,EQ,,,,,THE STATE TRADING CORPN,116.65,125.50,116.65,121.44,121.05,116.06,,121.45,,,303826,37260153.76,4971,F1,1,,,,,
2026-08-20,2026-08-20,CM,NSE,STK,19578,INE071E01023,UGARSUGAR,EQ,,,,,THE UGAR SUGAR WORKS LTD,51.40,57.64,50.76,56.07,56.78,50.41,,56.07,,,3789593,209898051.39,27823,F1,1,,,,,
2026-08-20,2026-08-20,CM,NSE,STK,20481,INE215F01023,WIPL,EQ,,,,,THE WESTERN INDIA PLY LTD,170.00,170.00,164.32,164.32,164.32,168.98,,164.32,,,2869,480028.00,46,F1,1,,,,,
2026-08-20,2026-08-20,CM,NSE,STK,19279,INE121N01019,THEJO,EQ,,,,,THEJO ENGINEERING LIMITED,2130.00,2246.40,2062.30,2101.20,2097.00,2124.60,,2101.20,,,36102,78431150.40,4165,F1,1,,,,,
2026-08-20,2026-08-20,CM,NSE,STK,14485,INE083B01024,THEMISMED,EQ,,,,,THEMIS MEDICARE LTD.,106.40,106.40,102.01,102.77,102.97,104.21,,102.77,,,68545,7126938.85,882,F1,1,,,,,
2026-08-20,2026-08-20,CM,NSE,STK,3475,INE152A01029,THERMAX,EQ,,,,,THERMAX LTD,4025.00,4066.00,4025.00,4034.00,4041.00,4025.50,,4034.06,,,59596,240902807.10,12130,F1,1,,,,,
2026-08-20,2026-08-20,CM,NSE,STK,25651,INE0SHE01019,THESL,ST,,,,,THINKING HATS ENTER SOL L,18.75,19.65,18.00,19.60,19.60,18.75,,19.60,,,15000,282000.00,5,F1,3000,,,,,
2026-08-20,2026-08-20,CM,NSE,STK,3496,INE338A01024,TIRUMALCHM,EQ,,,,,THIRUMALAI CHEMICALS LTD,144.44,157.80,144.44,156.41,156.20,144.28,,156.40,,,1691648,255929463.19,19204,F1,1,,,,,
2026-08-20,2026-08-20,CM,NSE,STK,3481,INE332A01027,THOMASCOOK,EQ,,,,,THOMAS COOK (INDIA) LTD,100.50,103.50,100.50,101.58,103.00,100.55,,101.58,,,811291,82407497.12,5469,F1,1,,,,,
2026-08-20,2026-08-20,CM,NSE,STK,31017,INE480M01011,THOMASCOTT,EQ,,,,,THOMAS SCOTT (INDIA) LTD,293.55,295.30,288.20,290.90,292.00,288.80,,290.95,,,36101,10537851.75,1680,F1,1,,,,,
2026-08-20,2026-08-20,CM,NSE,STK,17032,INE594H01019,THYROCARE,EQ,,,,,THYROCARE TECH LTD,586.90,590.00,564.05,566.70,567.00,582.50,,566.71,,,682087,391796747.65,34007,F1,1,,,,,
2026-08-20,2026-08-20,CM,NSE,STK,759176,INE906O01029,TIGERLOGS,EQ,,,,,TIGER LOGISTICS (INDIA) L,29.13,29.86,29.00,29.41,29.50,28.98,,29.41,,,450232,13235884.64,1057,F1,1,,,,,
2026-08-20,2026-08-20,CM,NSE,STK,25482,INE440L01017,TIJARIA,EQ,,,,,TIJARIA POLYPIPES LTD,6.12,6.29,5.62,5.79,5.75,6.12,,5.79,,,209055,1240377.16,384,F1,1,,,,,
2026-08-20,2026-08-20,CM,NSE,STK,9802,INE806C01018,TIL,BE,,,,,TIL LTD,228.90,235.00,226.65,231.60,231.40,227.00,,231.60,,,109868,25322440.75,513,F1,1,,,,,
2026-08-20,2026-08-20,CM,NSE,STK,19196,INE133E01013,TI,EQ,,,,,TILAKNAGAR INDUSTRIES LTD,576.45,586.30,575.00,582.45,585.00,573.85,,582.44,,,683273,396266368.30,31104,F1,1,,,,,
2026-08-20,2026-08-20,CM,NSE,STK,14707,INE508G01029,TIMETECHNO,EQ,,,,,TIME TECHNOPLAST LTD.,190.95,194.75,190.95,191.63,192.25,190.89,,191.61,,,3015407,582314533.53,25804,F1,1,,,,,
2026-08-20,2026-08-20,CM,NSE,STK,7800,INE0IJY01014,TIMESCAN,SM,,,,,TIMESCAN LOGISTICS IND L,38.95,39.40,38.95,39.25,39.00,40.95,,39.25,,,16000,627000.00,7,F1,2000,,,,,
2026-08-20,2026-08-20,CM,NSE,STK,762954,INE064A01026,TIMEX,EQ,,,,,TIMEX GROUP INDIA LTD.,562.95,594.90,560.10,591.05,591.00,563.00,,590.85,,,582819,340040192.05,22971,F1,1,,,,,
2026-08-20,2026-08-20,CM,NSE,STK,14198,INE325A01013,TIMKEN,EQ,,,,,TIMKEN INDIA LTD.,3230.00,3250.00,3170.00,3176.30,3170.00,3231.80,,3176.17,,,14938,47886012.40,4598,F1,1,,,,,
2026-08-20,2026-08-20,CM,NSE,STK,756020,INE015C01016,TINNARUBR,EQ,,,,,TINNA RUBBER AND INFR LTD,1053.90,1059.70,1040.00,1047.40,1040.90,1049.40,,1047.14,,,20782,21792025.20,1900,F1,1,,,,,
2026-08-20,2026-08-20,CM,NSE,STK,11374,INE0LQS01015,TIPSFILMS,EQ,,,,,TIPS FILMS LIMITED,349.75,375.90,349.75,359.15,356.10,349.75,,359.13,,,8637,3131861.65,746,F1,1,,,,,
2026-08-20,2026-08-20,CM,NSE,STK,9117,INE716B01029,TIPSMUSIC,EQ,,,,,TIPS MUSIC LIMITED,650.10,657.00,647.00,651.05,650.00,651.70,,651.07,,,166210,108343224.85,14490,F1,1,,,,,
2026-08-20,2026-08-20,CM,NSE,STK,22284,INE319Y01024,TIRUPATIFL,BE,,,,,TIRUPATI FORGE LIMITED,66.50,67.00,64.36,66.38,66.25,64.88,,66.38,,,111952,7375320.29,545,F1,1,,,,,
2026-08-20,2026-08-20,CM,NSE,STK,15414,INE615H01020,TITAGARH,EQ,,,,,TITAGARH RAIL SYSTEMS LTD,839.00,858.80,837.70,849.30,850.00,831.75,,849.26,,,565109,479945494.00,22009,F1,1,,,,,
2026-08-20,2026-08-20,CM,NSE,STK,3506,INE280A01028,TITAN,EQ,,,,,TITAN COMPANY LIMITED,5084.90,5110.00,5060.10,5068.00,5068.00,5068.00,,5067.99,,,614435,3124421167.10,53541,F1,1,,,,,
2026-08-20,2026-08-20,CM,NSE,STK,3837,INE932C01012,TOKYOPLAST,EQ,,,,,TOKYO PLAST INTL LTD,77.10,79.78,77.10,77.50,77.50,77.01,,77.53,,,951,73788.86,19,F1,1,,,,,
2026-08-20,2026-08-20,CM,NSE,STK,25262,INE0RWQ01014,TOLINS,EQ,,,,,TOLINS TYRES LIMITED,96.35,97.10,95.81,96.27,96.50,95.95,,96.34,,,27595,2663077.79,744,F1,1,,,,,
2026-08-20,2026-08-20,CM,NSE,STK,3518,INE685A01028,TORNTPHARM,EQ,,,,,TORRENT PHARMACEUTICALS L,5044.50,5044.50,4964.50,5005.00,5005.00,5013.00,,5004.97,,,244562,1222425897.00,26353,F1,1,,,,,
2026-08-20,2026-08-20,CM,NSE,STK,13786,INE813H01021,TORNTPOWER,EQ,,,,,TORRENT POWER LTD,1255.00,1255.00,1238.90,1248.70,1246.00,1243.70,,1248.73,,,231776,288673791.40,15960,F1,1,,,,,
2026-08-20,2026-08-20,CM,NSE,STK,22423,INE336X01012,TOTAL,EQ,,,,,TOTAL TRANSPORT SYS LTD,70.43,72.99,69.61,71.39,71.00,70.43,,71.39,,,13924,995647.33,258,F1,1,,,,,
2026-08-20,2026-08-20,CM,NSE,STK,16908,INE486Y01013,TOUCHWOOD,EQ,,,,,TOUCHWOOD ENTERTAIN LTD.,63.24,63.24,61.70,61.80,61.80,61.71,,61.80,,,474,29663.42,22,F1,1,,,,,
2026-08-20,2026-08-20,CM,NSE,STK,3466,INE305A01023,TFCILTD,EQ,,,,,TOURISM FINANCE CORP. OF,133.25,134.92,127.10,132.76,133.80,131.41,,132.75,,,27831241,3662706905.30,61591,F1,1,,,,,
2026-08-20,2026-08-20,CM,NSE,STK,765195,INE457P01020,TOYAMSL,EQ,,,,,TOYAM SPORTS LTD.,0.68,0.68,0.65,0.66,0.67,0.66,,0.66,,,381834,255068.83,201,F1,1,,,,,
2026-08-20,2026-08-20,CM,NSE,STK,9219,INE413G01022,TPLPLASTEH,EQ,,,,,TPL PLASTECH LIMITED,79.80,79.99,77.24,78.31,78.05,78.89,,78.31,,,140586,11090420.03,1512,F1,1,,,,,
2026-08-20,2026-08-20,CM,NSE,STK,11582,INE0HMF01019,TRACXN,EQ,,,,,TRACXN TECHNOLOGIES LTD,27.92,28.53,27.92,28.28,28.30,28.23,,28.28,,,129303,3645226.20,938,F1,1,,,,,
2026-08-20,2026-08-20,CM,NSE,STK,15174,INE763I01026,TARIL,EQ,,,,,TRANS & RECTI. LTD,293.00,294.15,284.00,285.15,286.00,291.25,,285.18,,,1531697,441814578.90,27869,F1,1,,,,,
2026-08-20,2026-08-20,CM,NSE,STK,765200,INE330E01023,TRANSCOR,EQ,,,,,TRANSCORP INTERNATIONAL L,25.25,25.25,23.60,24.75,24.84,24.64,,24.75,,,1549,37507.06,38,F1,1,,,,,
2026-08-20,2026-08-20,CM,NSE,STK,17795,INE0O3901029,TREL,EQ,,,,,TRANSINDIA REAL ESTATE L,26.86,27.75,26.25,26.93,27.30,26.86,,26.91,,,90855,2424637.29,626,F1,1,,,,,
2026-08-20,2026-08-20,CM,NSE,STK,7669,INE687A01016,TRANSPEK,BE,,,,,TRANSPEK INDUSTRIES LTD,1220.00,1248.50,1200.00,1244.50,1244.00,1189.40,,1238.91,,,3774,4654352.20,305,F1,1,,,,,
2026-08-20,2026-08-20,CM,NSE,STK,10580,INE688A01022,TCI,EQ,,,,,TRANSPORT CORPN OF INDIA,907.80,913.40,905.00,906.55,905.20,907.80,,906.55,,,4924,4468562.00,897,F1,1,,,,,
2026-08-20,2026-08-20,CM,NSE,STK,28714,INE454P01035,TRANSRAILL,EQ,,,,,TRANSRAIL LIGHTING LTD,459.25,464.60,459.10,459.85,459.40,457.60,,459.84,,,221645,102343021.50,7586,F1,1,,,,,
2026-08-20,2026-08-20,CM,NSE,STK,19801,INE0NVI01020,TRANSTEEL,SM,,,,,TRANSTEEL SEATING TECH L,84.00,89.90,83.40,89.20,89.00,83.00,,89.20,,,52000,4515900.00,46,F1,1000,,,,,
2026-08-20,2026-08-20,CM,NSE,STK,14319,INE804H01012,TFL,EQ,,,,,TRANSWARRANTY FIN. LTD.,11.67,11.67,11.21,11.30,11.44,11.41,,11.30,,,3580,40500.76,31,F1,1,,,,,
2026-08-20,2026-08-20,CM,NSE,STK,21260,INE792X01016,TRANSWIND,SM,,,,,TRANSWIND INFRA LIMITED,13.15,13.15,12.50,12.50,12.50,13.15,,12.50,,,40000,523400.00,4,F1,4000,,,,,
2026-08-20,2026-08-20,CM,NSE,STK,8619,INE757B01015,TRANSWORLD,BE,,,,,TRANSWORLD SHIP LINES LTD,173.21,173.21,173.21,173.21,173.21,164.97,,173.21,,,18200,3152422.00,64,F1,1,,,,,
2026-08-20,2026-08-20,CM,NSE,STK,757545,INE103V01028,TRAVELFOOD,EQ,,,,,TRAVEL FOOD SERVICES LTD,1311.10,1330.30,1305.10,1316.20,1316.00,1321.70,,1316.17,,,40731,53578787.10,6737,F1,1,,,,,
2026-08-20,2026-08-20,CM,NSE,STK,25082,INE040M01013,TREEHOUSE,EQ,,,,,TREE HOUSE EDU LTD,6.27,6.27,5.86,6.22,6.13,6.08,,6.21,,,4995,30808.43,57,F1,1,,,,,
2026-08-20,2026-08-20,CM,NSE,STK,7518,INE00CA01015,TREJHARA,EQ,,,,,TREJHARA SOLUTIONS LTD,164.99,167.00,158.10,159.13,158.50,162.56,,159.57,,,12883,2075814.82,326,F1,1,,,,,
2026-08-20,2026-08-20,CM,NSE,STK,1964,INE849A01020,TRENT,EQ,,,,,TRENT LTD,2960.00,2978.00,2947.10,2970.00,2970.00,2953.00,,2969.99,,,325293,964443580.50,23342,F1,1,,,,,
2026-08-20,2026-08-20,CM,NSE,STK,17987,INE391D01019,TRF,EQ,,,,,TRF LIMITED,229.19,233.00,229.14,231.15,229.50,229.05,,231.15,,,8528,1969364.05,449,F1,1,,,,,
2026-08-20,2026-08-20,CM,NSE,STK,27037,INE760L01018,TBZ,EQ,,,,,TRIB BHIMJI ZAVERI LTD,251.05,251.50,248.00,248.85,249.00,248.05,,248.85,,,267092,66673968.25,3599,F1,1,,,,,
2026-08-20,2026-08-20,CM,NSE,STK,9685,INE064C01022,TRIDENT,EQ,,,,,TRIDENT LIMITED,24.76,24.95,24.55,24.63,24.60,24.49,,24.63,,,2541012,62817491.69,10213,F1,1,,,,,
2026-08-20,2026-08-20,CM,NSE,STK,21078,INE0QD201012,TECHLABS,SM,,,,,TRIDENT TECHLABS LIMITED,117.00,120.30,116.10,118.00,117.00,117.85,,118.00,,,28750,3404943.75,67,F1,125,,,,,
2026-08-20,2026-08-20,CM,NSE,STK,5428,INE948A01012,TRIGYN,EQ,,,,,TRIGYN TECHNOLOGIES LTD,55.00,55.59,54.32,54.97,55.25,54.70,,54.97,,,22000,1207858.51,1269,F1,1,,,,,
2026-08-20,2026-08-20,CM,NSE,STK,764960,INE440G01017,TRITONV,EQ,,,,,TRITON VALVES LTD.,1199.80,1199.80,1151.20,1173.50,1168.30,1179.70,,1169.97,,,4875,5745435.80,686,F1,1,,,,,
2026-08-20,2026-08-20,CM,NSE,STK,13081,INE256C01024,TRIVENI,EQ,,,,,TRIVENI ENGG. & INDS. LTD,294.12,314.90,288.61,300.05,299.35,289.23,,300.08,,,5176199,1569037973.38,72788,F1,1,,,,,
2026-08-20,2026-08-20,CM,NSE,STK,25584,INE152M01016,TRITURBINE,EQ,,,,,TRIVENI TURBINE LIMITED,569.65,586.05,569.65,580.05,581.00,569.65,,580.06,,,439834,255387601.00,35772,F1,1,,,,,
2026-08-20,2026-08-20,CM,NSE,STK,24642,INE0SYV01018,TROM,SM,,,,,TROM INDUSTRIES LIMITED,56.50,59.25,56.45,59.10,59.20,53.90,,59.10,,,24000,1404450.00,38,F1,600,,,,,
2026-08-20,2026-08-20,CM,NSE,STK,759210,INE0MWH01014,TRUALT,EQ,,,,,TRUALT BIOENERGY LIMITED,474.95,474.95,460.00,462.60,464.25,472.00,,462.60,,,166763,77846418.45,4725,F1,1,,,,,
2026-08-20,2026-08-20,CM,NSE,STK,9378,INE615R01029,TRU,EQ,,,,,TRUCAP FINANCE LIMITED,4.36,4.52,4.15,4.19,4.15,4.30,,4.20,,,173428,748103.59,406,F1,1,,,,,
2026-08-20,2026-08-20,CM,NSE,STK,23417,INE0SWN01019,TRUST,SM,,,,,TRUST FINTECH LIMITED,25.50,26.25,24.95,24.95,24.95,24.50,,24.95,,,11400,291030.00,17,F1,600,,,,,
2026-08-20,2026-08-20,CM,NSE,STK,757861,INE16VK01010,TSC,ST,,,,,TSC INDIA LIMITED,50.75,51.00,47.60,47.60,47.60,50.00,,47.60,,,6000,298700.00,3,F1,2000,,,,,
2026-08-20,2026-08-20,CM,NSE,STK,2183,INE202Z01029,TSFINV,EQ,,,,,TSF INVESTMENTS LIMITED,414.70,427.50,414.50,424.70,425.00,414.70,,424.70,,,47263,20011716.80,2732,F1,1,,,,,
2026-08-20,2026-08-20,CM,NSE,STK,11369,INE910C01018,TTKHLTCARE,EQ,,,,,TTK HEALTHCARE LIMITED,1093.60,1103.70,1075.00,1082.10,1079.00,1099.10,,1081.99,,,13495,14655898.60,2227,F1,1,,,,,
2026-08-20,2026-08-20,CM,NSE,STK,3546,INE690A01028,TTKPRESTIG,EQ,,,,,TTK PRESTIGE LTD,585.10,597.85,582.65,592.65,597.80,585.10,,592.57,,,54789,32496817.05,4357,F1,1,,,,,
2026-08-20,2026-08-20,CM,NSE,STK,312,INE974X01010,TIINDIA,EQ,,,,,TUBE INVEST OF INDIA LTD,2949.40,2967.60,2910.20,2930.00,2930.00,2961.00,,2930.00,,,203143,596373421.00,21035,F1,1,,,,,
2026-08-20,2026-08-20,CM,NSE,STK,24520,INE0OXV01027,TUNWAL,SM,,,,,TUNWAL E-MOTORS LIMITED,26.15,26.50,26.15,26.20,26.25,26.00,,26.20,,,34000,892900.00,14,F1,2000,,,,,
2026-08-20,2026-08-20,CM,NSE,STK,756090,INE0OC301013,TURTLEMINT,EQ,,,,,TURTLEMINT FINTECH SOLS L,146.00,146.50,141.50,144.60,144.90,138.92,,144.60,,,2111610,304993286.01,16185,F1,1,,,,,
2026-08-20,2026-08-20,CM,NSE,STK,765205,INE400A01014,TUTIALKA,EQ,,,,,TUTICORIN ALKAL CH & FE L,54.50,55.99,53.00,53.33,53.00,55.62,,53.41,,,13799,746818.56,165,F1,1,,,,,
2026-08-20,2026-08-20,CM,NSE,STK,11275,INE038F01029,TVTODAY,EQ,,,,,TV TODAY NETWORK LTD,115.10,118.78,115.06,116.63,116.15,117.41,,116.63,,,23941,2791451.97,599,F1,1,,,,,
2026-08-20,2026-08-20,CM,NSE,STK,18508,INE871L01013,TVVISION,BE,,,,,TV VISION LIMITED,4.12,4.12,3.75,3.75,3.75,3.94,,3.75,,,55641,212261.66,93,F1,1,,,,,
2026-08-20,2026-08-20,CM,NSE,STK,11265,INE236G01019,TVSELECT,EQ,,,,,TVS ELECTRONICS LTD,446.95,446.95,440.00,443.35,444.65,438.95,,443.46,,,24082,10687980.50,1076,F1,1,,,,,
2026-08-20,2026-08-20,CM,NSE,STK,29008,INE105A01035,TVSHLTD,EQ,,,,,TVS HOLDINGS LIMITED,14055.00,14143.00,13910.00,13968.00,13960.00,13946.00,,13967.92,,,3459,48518087.00,1256,F1,1,,,,,
2026-08-20,2026-08-20,CM,NSE,STK,8479,INE494B01023,TVSMOTOR,EQ,,,,,TVS MOTOR COMPANY  LTD,4383.90,4408.00,4356.10,4390.00,4390.00,4361.10,,4389.75,,,463670,2033923778.50,29576,F1,1,,,,,
2026-08-20,2026-08-20,CM,NSE,STK,761141,INE494B04019,TVSMNCRPS,P1,,,,,TVS MOTOR COMPANY LIMITED,10.60,10.60,10.50,10.55,10.55,10.55,,10.55,,,358503,3779652.20,361,F1,1,,,,,
2026-08-20,2026-08-20,CM,NSE,STK,14245,INE421C01016,TVSSRICHAK,EQ,,,,,TVS SRICHAKRA LIMITED,4817.10,5050.00,4817.10,4922.70,4940.00,4821.80,,4922.71,,,59206,291809373.40,11362,F1,1,,,,,
2026-08-20,2026-08-20,CM,NSE,STK,18151,INE395N01027,TVSSCS,EQ,,,,,TVS SUPPLY CHAIN SOL L,121.14,124.52,121.00,123.33,123.10,120.84,,123.32,,,382985,47253432.26,8713,F1,1,,,,,
2026-08-20,2026-08-20,CM,NSE,STK,19503,INE388G01026,TICL,BE,,,,,TWAMEV CONS AND INFRA LTD,9.70,9.92,9.50,9.84,9.92,9.64,,9.88,,,23229,226553.31,57,F1,1,,,,,
2026-08-20,2026-08-20,CM,NSE,STK,764970,INE726E01014,UPHOT,EQ,,,,,U P HOTELS LTD.,1445.00,1448.00,1445.00,1448.00,1448.00,1448.00,,1404.00,,,12,17346.00,3,F1,1,,,,,
2026-08-20,2026-08-20,CM,NSE,STK,25629,INE152C01025,UYFINCORP,BE,,,,,U. Y. FINCORP LIMITED,20.80,21.09,20.00,20.22,20.35,20.22,,20.22,,,73001,1498890.65,209,F1,1,,,,,
2026-08-20,2026-08-20,CM,NSE,STK,7739,INE139B01016,UCAL,BE,,,,,UCAL LIMITED,147.90,147.90,138.88,140.77,139.95,146.18,,140.62,,,31798,4439647.54,332,F1,1,,,,,
2026-08-20,2026-08-20,CM,NSE,STK,756004,INE583D07596,1050UCL28,NH,,,,,UCL 10.50% SR V,1033.69,1033.70,1033.69,1033.70,1033.70,1009.00,,1033.70,,,200,206738.70,2,F1,1,,,,,
2026-08-20,2026-08-20,CM,NSE,STK,11223,INE691A01018,UCOBANK,EQ,,,,,UCO BANK,25.70,25.94,25.70,25.81,25.80,25.68,,25.81,,,1587371,41052243.41,6855,F1,1,,,,,
2026-08-20,2026-08-20,CM,NSE,STK,764965,INE551B01012,UDAYJEW,EQ,,,,,UDAY JEWELLERY INDS. LTD.,144.22,149.50,115.04,138.90,145.50,143.80,,136.85,,,5762,813555.74,232,F1,1,,,,,
2026-08-20,2026-08-20,CM,NSE,STK,14871,INE0N0Y01013,USK,EQ,,,,,UDAYSHIVAKUMAR INFRA LTD,21.95,22.34,21.42,21.49,21.45,21.95,,21.48,,,19983,431599.18,157,F1,1,,,,,
2026-08-20,2026-08-20,CM,NSE,STK,1053,INE516A01017,UFLEX,EQ,,,,,UFLEX LIMITED,618.00,624.25,606.40,611.05,610.00,620.95,,611.02,,,335895,206958187.00,10886,F1,1,,,,,
2026-08-20,2026-08-20,CM,NSE,STK,9039,INE527H01019,UFO,EQ,,,,,UFO MOVIEZ INDIA LTD.,67.00,67.00,64.82,66.19,66.05,64.82,,66.19,,,22455,1476626.35,363,F1,1,,,,,
2026-08-20,2026-08-20,CM,NSE,STK,5313,INE583D01011,UGROCAP,EQ,,,,,UGRO CAPITAL LIMITED,88.63,89.62,86.81,87.03,87.00,88.18,,87.03,,,345952,30334454.62,3759,F1,1,,,,,
2026-08-20,2026-08-20,CM,NSE,STK,23507,INE899L01030,UEL,EQ,,,,,UJAAS ENERGY LIMITED,190.76,190.76,190.76,190.76,190.76,200.80,,190.76,,,6358,1212852.08,248,F1,1,,,,,
2026-08-20,2026-08-20,CM,NSE,STK,15228,INE551W01018,UJJIVANSFB,EQ,,,,,UJJIVAN SMALL FINANC BANK,72.55,73.94,71.52,71.93,71.70,71.80,,71.93,,,23704583,1724513852.81,72455,F1,1,,,,,
2026-08-20,2026-08-20,CM,NSE,STK,762961,INE405A01021,ULTRAMAR,EQ,,,,,ULTRAMARINE & PIGMENTS L,397.30,424.00,395.55,419.20,418.00,399.05,,419.05,,,163816,67908680.75,6317,F1,1,,,,,
2026-08-20,2026-08-20,CM,NSE,STK,11532,INE481G01011,ULTRACEMCO,EQ,,,,,ULTRATECH CEMENT LIMITED,11500.00,11643.00,11422.00,11575.00,11575.00,11450.00,,11575.33,,,209955,2422984152.00,30028,F1,1,,,,,
2026-08-20,2026-08-20,CM,NSE,STK,13349,INE067901012,UMA,SM,,,,,UMA CONVERTER LIMITED,14.80,14.80,14.60,14.60,14.60,14.80,,14.60,,,16000,235200.00,4,F1,4000,,,,,
2026-08-20,2026-08-20,CM,NSE,STK,8845,INE0GIU01018,UMAEXPORTS,BE,,,,,UMA EXPORTS LIMITED,22.49,23.25,22.49,22.75,23.15,22.49,,23.03,,,47474,1097094.10,89,F1,1,,,,,
2026-08-20,2026-08-20,CM,NSE,STK,8998,INE398B01018,UMIYA-MRO,EQ,,,,,UMIYA BUILDCON LIMITED,88.55,90.99,88.55,90.66,90.03,88.55,,90.76,,,6967,627644.63,34,F1,1,,,,,
2026-08-20,2026-08-20,CM,NSE,STK,16894,INE033L08270,TCHF30,NB,,,,,UN SE RE NCD 8.55% SR.VI,1094.00,1094.00,1094.00,1094.00,1094.00,1094.00,,1094.00,,,20,21880.00,1,F1,1,,,,,
2026-08-20,2026-08-20,CM,NSE,STK,3579,INE351A01035,UNICHEMLAB,EQ,,,,,UNICHEM LABORATORIES LTD,515.45,524.00,512.05,516.55,516.50,512.90,,516.57,,,78461,40694376.50,3576,F1,1,,,,,
2026-08-20,2026-08-20,CM,NSE,STK,24809,INE00U401027,UNIECOM,EQ,,,,,UNICOMMERCE ESOLUTIONS L,86.83,90.49,86.83,88.64,88.75,86.83,,88.61,,,652776,58068859.36,5771,F1,1,,,,,
2026-08-20,2026-08-20,CM,NSE,STK,18582,INE0PRF01011,UNIHEALTH,SM,,,,,UNIHEALTH HOSPITALS LTD,757.20,757.20,730.10,748.90,748.90,753.45,,748.90,,,10500,7820225.00,19,F1,500,,,,,
2026-08-20,2026-08-20,CM,NSE,STK,7791,INE481Z01011,UNIINFO,EQ,,,,,UNIINFO TELECOM SERVI LTD,11.30,11.76,11.30,11.32,11.32,11.29,,11.32,,,223,2581.14,18,F1,1,,,,,
2026-08-20,2026-08-20,CM,NSE,STK,28960,INE0U3I01011,UNIMECH,EQ,,,,,UNIMECH AEROSPACE N MFG L,1509.00,1530.90,1470.00,1508.30,1499.00,1498.40,,1506.82,,,163116,246720801.80,9989,F1,1,,,,,
2026-08-20,2026-08-20,CM,NSE,STK,10753,INE692A01016,UNIONBANK,EQ,,,,,UNION BANK OF INDIA,187.93,189.46,184.39,184.68,184.68,186.90,,184.68,,,9632097,1797479146.90,38527,F1,1,,,,,
2026-08-20,2026-08-20,CM,NSE,STK,29687,INF582M01KS4,UNIONGOLD,EQ,,,,,UNIONAMC - UNIONGOLD,149.40,153.30,149.40,152.30,152.80,148.90,,152.30,,,82730,12651244.00,115,F1,1,,,,,
2026-08-20,2026-08-20,CM,NSE,STK,13057,INE244O01017,UNIPARTS,EQ,,,,,UNIPARTS INDIA LIMITED,834.00,834.00,806.85,810.15,808.00,820.00,,810.13,,,70088,57215518.15,5400,F1,1,,,,,
2026-08-20,2026-08-20,CM,NSE,STK,11293,INE037A01022,UNIENTER,EQ,,,,,UNIPHOS ENTERPRISES LTD,97.21,97.99,93.50,94.65,94.50,95.49,,94.59,,,6123,583187.11,154,F1,1,,,,,
2026-08-20,2026-08-20,CM,NSE,STK,3594,INE694A01020,UNITECH,EQ,,,,,UNITECH LTD,3.99,3.99,3.92,3.97,3.97,3.95,,3.97,,,4419593,17440711.31,2645,F1,1,,,,,
2026-08-20,2026-08-20,CM,NSE,STK,16713,INE686F01025,UBL,EQ,,,,,UNITED BREWERIES LTD,1364.60,1367.30,1333.00,1338.50,1335.00,1354.80,,1338.50,,,94218,126308470.80,10887,F1,1,,,,,
2026-08-20,2026-08-20,CM,NSE,STK,204,INE961D01019,UNIDT,BE,,,,,UNITED DRILLING TOOLS LTD,227.00,227.00,220.00,225.51,225.40,220.77,,225.51,,,1986,442443.71,62,F1,1,,,,,
2026-08-20,2026-08-20,CM,NSE,STK,3133,INE382M01027,UFBL,BE,,,,,UNITED FOODBRANDS LIMITED,779.30,818.25,779.30,807.50,815.00,779.30,,807.50,,,154770,124900218.20,5924,F1,1,,,,,
2026-08-20,2026-08-20,CM,NSE,STK,25938,INE0SMR01011,UHTL,ST,,,,,UNITED HEAT TRANSFER LTD,123.95,123.95,123.95,123.95,123.95,118.05,,123.95,,,66000,8180700.00,16,F1,2000,,,,,
2026-08-20,2026-08-20,CM,NSE,STK,17999,INE458F01011,UNITEDTEA,EQ,,,,,UNITED NILGIRI TEA LTD,450.00,459.60,450.00,452.90,456.75,451.65,,452.90,,,1587,721440.65,145,F1,1,,,,,
2026-08-20,2026-08-20,CM,NSE,STK,7564,INE368U01029,UNITEDPOLY,BE,,,,,UNITED POLYFAB GUJ. LTD.,35.70,36.99,34.50,36.26,36.90,35.23,,36.32,,,92650,3313980.66,192,F1,1,,,,,
2026-08-20,2026-08-20,CM,NSE,STK,10447,INE854D01024,UNITDSPR,EQ,,,,,UNITED SPIRITS LIMITED,1530.00,1546.90,1517.20,1544.00,1544.00,1524.00,,1544.00,,,965600,1483772328.10,34576,F1,1,,,,,
2026-08-20,2026-08-20,CM,NSE,STK,18979,INE562X01013,UNIVASTU,BE,,,,,UNIVASTU INDIA LIMITED,159.65,176.45,159.65,172.45,172.90,168.05,,172.45,,,290973,48282626.24,1496,F1,1,,,,,
2026-08-20,2026-08-20,CM,NSE,STK,3607,INE279A01012,UNIVCABLES,EQ,,,,,UNIVERSAL CABLES LTD,1662.00,1687.00,1635.00,1644.20,1639.00,1662.00,,1644.18,,,68034,112800844.70,6414,F1,1,,,,,
2026-08-20,2026-08-20,CM,NSE,STK,17661,INE03V001013,UNIVPHOTO,BE,,,,,UNIVERSUS IMAGINGS LTD,456.25,456.30,442.50,451.95,455.00,456.20,,452.72,,,403,181314.75,48,F1,1,,,,,
2026-08-20,2026-08-20,CM,NSE,STK,14154,INE405E01023,UNOMINDA,EQ,,,,,UNO MINDA LIMITED,1278.30,1282.60,1260.50,1260.50,1260.50,1272.00,,1260.52,,,448426,571452416.90,18485,F1,1,,,,,
2026-08-20,2026-08-20,CM,NSE,STK,18636,INE148I08256,915SCL26,NE,,,,,UNS RED NCD 9.15% SR.IX,1079.00,1079.00,1076.00,1076.00,1076.00,1075.00,,1076.00,,,125,134575.00,3,F1,1,,,,,
2026-08-20,2026-08-20,CM,NSE,STK,2883,INE530B08110,IIFLZC28,NG,,,,,UNSE RE NCD 0% SR.III,1663.11,1665.00,1660.00,1660.00,1660.00,1662.69,,1660.00,,,210,349131.10,3,F1,1,,,,,
2026-08-20,2026-08-20,CM,NSE,STK,2871,INE530B08094,10IIFL28A,NE,,,,,UNSE RE NCD 10% SR.I,1040.05,1040.05,1039.00,1039.00,1039.00,1040.05,,1039.00,,,20,20790.50,2,F1,1,,,,,
2026-08-20,2026-08-20,CM,NSE,STK,2877,INE530B08102,96IIFL28A,NF,,,,,UNSE RE NCD 9.6% SR.II,1003.00,1003.00,1000.00,1000.94,1000.99,1002.00,,1000.92,,,4941,4942510.65,49,F1,1,,,,,
2026-08-20,2026-08-20,CM,NSE,STK,5859,INE148I08322,889SCL28,NU,,,,,UNSE RE NCD 9.75% SR.IX,1050.00,1050.00,1050.00,1050.00,1050.00,1050.00,,1050.00,,,20,21000.00,1,F1,1,,,,,
2026-08-20,2026-08-20,CM,NSE,STK,5217,INE477L08162,IIFLZC28C,N6,,,,,UNSEC RE NCD 0% SR.III,1595.80,1595.80,1594.00,1595.80,1595.80,1595.80,,1595.80,,,118,188124.40,3,F1,1,,,,,
2026-08-20,2026-08-20,CM,NSE,STK,5212,INE477L08147,10IIFL28,N4,,,,,UNSEC RE NCD 10% SR.I,1004.00,1004.00,1004.00,1004.00,1004.00,1004.00,,989.50,,,181,181724.00,5,F1,1,,,,,
2026-08-20,2026-08-20,CM,NSE,STK,5214,INE477L08154,96IIFL28,N5,,,,,UNSEC RE NCD 9.60% SR.II,1001.48,1001.48,999.21,1001.16,1001.00,1001.00,,1001.16,,,710,710473.25,15,F1,1,,,,,
2026-08-20,2026-08-20,CM,NSE,STK,19047,INE866I08295,105IIFL29,N7,,,,,UNSEC RED NCD 10.5% SR.VI,1098.00,1098.00,1098.00,1098.00,1098.00,1060.00,,1098.00,,,60,65880.00,1,F1,1,,,,,
2026-08-20,2026-08-20,CM,NSE,STK,21229,INE306N08342,885TCAPS29,NC,,,,,UNSERENCD8.85%SRIVCIII&IV,1044.75,1044.75,1044.74,1044.74,1044.74,1020.00,,1044.37,,,30,31342.40,3,F1,1,,,,,
2026-08-20,2026-08-20,CM,NSE,STK,21225,INE306N08292,910TCAP28,NA,,,,,UNSERENCD9.1%SRIIICIII&IV,1110.00,1130.00,1110.00,1120.89,1120.89,1111.00,,1125.45,,,35,39168.40,5,F1,1,,,,,
2026-08-20,2026-08-20,CM,NSE,STK,19113,INE851I01011,UDS,EQ,,,,,UPDATER SERVICES LIMITED,219.00,221.09,210.20,212.75,212.00,216.63,,212.75,,,303194,65298708.99,10204,F1,1,,,,,
2026-08-20,2026-08-20,CM,NSE,STK,11287,INE628A01036,UPL,EQ,,,,,UPL LIMITED,569.10,575.20,568.20,571.90,571.90,568.00,,571.88,,,2830644,1620972891.15,46192,F1,1,,,,,
2026-08-20,2026-08-20,CM,NSE,STK,10610,INE0CBM01019,USASEEDS,SM,,,,,UPSURGE SEEDS OF AGRI LTD,91.50,91.50,91.50,91.50,91.50,92.40,,91.50,,,1712,156648.00,1,F1,428,,,,,
2026-08-20,2026-08-20,CM,NSE,STK,17081,INE568Z01015,URAVIDEF,BE,,,,,URAVI DEFENCE &TECH LTD,102.50,108.68,102.00,108.20,108.39,103.51,,108.18,,,6022,645607.98,135,F1,1,,,,,
2026-08-20,2026-08-20,CM,NSE,STK,759084,INE0CAZ01013,URBANCO,EQ,,,,,URBAN COMPANY LIMITED,148.00,150.70,145.00,145.49,145.38,147.83,,145.49,,,5120359,757055532.80,37533,F1,1,,,,,
2026-08-20,2026-08-20,CM,NSE,STK,16888,INE0O0201019,URBAN,SM,,,,,URBAN ENVIRO WASTE MGMT L,147.00,147.30,144.00,144.00,144.00,144.25,,144.00,,,42400,6160360.00,37,F1,800,,,,,
2026-08-20,2026-08-20,CM,NSE,STK,20203,INE550C01020,URJA,EQ,,,,,URJA GLOBAL LIMITED,9.30,9.40,9.30,9.32,9.34,9.30,,9.32,,,371644,3475559.75,1442,F1,1,,,,,
2026-08-20,2026-08-20,CM,NSE,STK,25952,INE0LS001014,USHAFIN,SM,,,,,USHA FINANCIAL SERVICES L,45.80,45.95,44.00,44.00,44.00,44.00,,44.00,,,11200,508080.00,5,F1,1600,,,,,
2026-08-20,2026-08-20,CM,NSE,STK,19142,INE240C01028,UMESLTD,EQ,,,,,USHA MARTIN EDU & SOL LTD,5.80,6.06,5.76,5.96,6.06,5.80,,5.97,,,20066,117985.84,61,F1,1,,,,,
2026-08-20,2026-08-20,CM,NSE,STK,8840,INE228A01035,USHAMART,EQ,,,,,USHA MARTIN LTD.,504.05,507.00,489.70,495.65,494.70,501.55,,495.65,,,639709,317644322.10,18367,F1,1,,,,,
2026-08-20,2026-08-20,CM,NSE,STK,527,INE094J01016,UTIAMC,EQ,,,,,UTI ASSET MNGMT CO LTD,892.55,899.90,892.55,896.50,897.40,892.45,,896.53,,,50826,45552462.05,5331,F1,1,,,,,
2026-08-20,2026-08-20,CM,NSE,STK,764180,INF789F1AG68,LIQUIDBETA,EQ,,,,,UTIAMC - LIQUIDBETA,1009.78,1009.78,1004.91,1004.91,1004.91,1004.76,,1004.91,,,3,3019.69,3,F1,1,,,,,
2026-08-20,2026-08-20,CM,NSE,STK,22440,INF789F1AUV1,BANKBETA,EQ,,,,,UTIAMC-BANKBETA,59.60,59.75,59.47,59.48,59.48,59.23,,59.48,,,20815,1240848.18,248,F1,1,,,,,
2026-08-20,2026-08-20,CM,NSE,STK,22524,INF789F1AZF3,GILT10BETA,EQ,,,,,UTIAMC-GILT10BETA,26.93,26.94,26.41,26.87,26.87,26.80,,26.87,,,588,15713.23,19,F1,1,,,,,
2026-08-20,2026-08-20,CM,NSE,STK,22521,INF789F1AZE6,GILT5BETA,EQ,,,,,UTIAMC-GILT5BETA,65.90,66.89,65.90,66.34,66.34,65.85,,66.34,,,6122,406086.67,9,F1,1,,,,,
2026-08-20,2026-08-20,CM,NSE,STK,22488,INF789F1AZD8,ITBETA,EQ,,,,,UTIAMC-ITBETA,319.72,325.37,319.72,323.34,323.34,322.95,,323.34,,,1344,435366.44,35,F1,1,,,,,
2026-08-20,2026-08-20,CM,NSE,STK,18347,INF789F1AYX9,MIDCAPBETA,EQ,,,,,UTIAMC-MIDCAPBETA,236.29,237.73,236.02,236.37,236.02,236.00,,236.37,,,3740,885131.47,24,F1,1,,,,,
2026-08-20,2026-08-20,CM,NSE,STK,21478,INF789F1AUW9,NEXT50BETA,EQ,,,,,UTIAMC-NEXT50BETA,80.27,80.54,79.45,79.91,80.10,79.84,,79.91,,,81117,6497162.18,491,F1,1,,,,,
2026-08-20,2026-08-20,CM,NSE,STK,10511,INF789F1AZC0,NIFTYBETA,EQ,,,,,UTIAMC-NIFTYBETA,274.14,274.14,267.63,269.39,269.75,267.46,,269.39,,,221393,59617437.96,346,F1,1,,,,,
2026-08-20,2026-08-20,CM,NSE,STK,10515,INF789FB1X58,SENSEXBETA,EQ,,,,,UTIAMC-SENSEXBETA,863.42,863.42,856.10,861.25,861.74,863.42,,861.25,,,8199,7041158.37,166,F1,1,,,,,
2026-08-20,2026-08-20,CM,NSE,STK,15085,INF789F1AYK6,SILVERBETA,EQ,,,,,UTIAMC-SILVERBETA,224.90,229.11,224.90,227.73,227.00,218.66,,227.71,,,1032971,235597410.57,6903,F1,1,,,,,
2026-08-20,2026-08-20,CM,NSE,STK,9168,INF789F1AUU3,SNXT50BETA,EQ,,,,,UTIAMC-SNXT50BETA,96.76,97.30,95.35,96.63,96.68,96.28,,96.65,,,4091,394244.60,94,F1,1,,,,,
2026-08-20,2026-08-20,CM,NSE,STK,14535,INF789F1AUX7,GOLDBETA,EQ,,,,,UTIAMC-UTIGOLDBETA,131.25,131.60,130.75,131.15,131.15,128.00,,131.15,,,647736,85000288.85,2440,F1,1,,,,,
2026-08-20,2026-08-20,CM,NSE,STK,751580,INE1V1R01014,UTKAL,SM,,,,,UTKAL SPEC INDUS INDIA L,53.55,55.30,53.55,55.30,55.30,53.80,,55.30,,,20000,1090500.00,10,F1,2000,,,,,
2026-08-20,2026-08-20,CM,NSE,STK,17358,INE735W01017,UTKARSHBNK,EQ,,,,,UTKARSH SMALL FIN BANK L,13.93,14.00,13.88,13.92,13.90,13.88,,13.92,,,2091696,29171689.01,3493,F1,1,,,,,
2026-08-20,2026-08-20,CM,NSE,STK,24729,INE06IJ01010,UTSSAV,ST,,,,,UTSSAV CZ GOLD JEWELS LTD,501.00,501.00,460.05,468.75,470.00,478.05,,468.75,,,30000,14186190.00,38,F1,600,,,,,
2026-08-20,2026-08-20,CM,NSE,STK,13376,INE786F01031,UTTAMSUGAR,EQ,,,,,UTTAM SUGAR MILLS LTD.,303.09,344.00,301.85,336.22,335.90,300.99,,336.15,,,2301215,749856664.53,49034,F1,1,,,,,
2026-08-20,2026-08-20,CM,NSE,STK,3188,INE0GXK01018,VMARCIND,SM,,,,,V MARC INDIA LIMITED,390.90,400.00,381.50,386.60,384.00,386.45,,386.60,,,321000,126424050.00,209,F1,1500,,,,,
2026-08-20,2026-08-20,CM,NSE,STK,765220,INE222F01029,VTMLTD,EQ,,,,,V T M LTD.,46.06,47.00,44.50,46.17,46.05,46.34,,46.10,,,31479,1447738.00,219,F1,1,,,,,
2026-08-20,2026-08-20,CM,NSE,STK,15362,INE951I01027,VGUARD,EQ,,,,,V-GUARD IND LTD.,338.00,338.25,332.70,336.85,336.00,333.35,,336.86,,,349617,117185448.65,9469,F1,1,,,,,
2026-08-20,2026-08-20,CM,NSE,STK,24606,INE0QXL01015,VLINFRA,SM,,,,,V.L.INFRAPROJECTS LIMITED,25.85,25.85,25.85,25.85,25.85,26.65,,25.85,,,1500,38775.00,1,F1,1500,,,,,
2026-08-20,2026-08-20,CM,NSE,STK,14766,INE945H01021,V2RETAIL,EQ,,,,,V2 RETAIL LIMITED,221.94,226.30,219.11,220.05,220.90,220.27,,220.04,,,889076,198173439.31,13182,F1,1,,,,,
2026-08-20,2026-08-20,CM,NSE,STK,20188,INE956G01038,WABAG,EQ,,,,,VA TECH WABAG LTD,1988.00,2068.00,1977.30,2057.90,2055.00,1977.30,,2057.95,,,1397595,2855868677.70,64317,F1,1,,,,,
2026-08-20,2026-08-20,CM,NSE,STK,764975,INE693D01018,VADILENT,EQ,,,,,VADILAL ENTERPRISES LTD.,10352.00,10352.00,9401.00,9700.00,9700.00,10100.00,,9951.28,,,8,78245.00,8,F1,1,,,,,
2026-08-20,2026-08-20,CM,NSE,STK,24196,INE694D01016,VADILALIND,EQ,,,,,VADILAL INDUSTRIES LTD,7385.00,7528.00,7350.50,7402.00,7400.00,7401.50,,7401.92,,,33931,252428811.00,6386,F1,1,,,,,
2026-08-20,2026-08-20,CM,NSE,STK,20973,INE551Q01028,VSCL,SM,,,,,VADIVARHE SPCLTY CHEM LTD,21.00,21.00,20.65,20.65,20.65,21.65,,20.65,,,6000,124950.00,2,F1,3000,,,,,
2026-08-20,2026-08-20,CM,NSE,STK,11364,INE884A01027,VAIBHAVGBL,EQ,,,,,VAIBHAV GLOBAL LIMITED,225.00,232.50,223.05,226.85,228.40,221.00,,226.86,,,421520,96200489.75,7400,F1,1,,,,,
2026-08-20,2026-08-20,CM,NSE,STK,8262,INE0JR301013,MADHAVBAUG,ST,,,,,VAIDYA SANE AYUR LAB LTD,166.00,166.00,165.90,165.95,165.90,165.50,,165.95,,,800,132760.00,2,F1,400,,,,,
2026-08-20,2026-08-20,CM,NSE,STK,16589,INE972X01022,VAISHALI,EQ,,,,,VAISHALI PHARMA LIMITED,8.42,8.45,7.92,7.95,7.99,8.25,,7.95,,,223296,1812774.93,393,F1,1,,,,,
2026-08-20,2026-08-20,CM,NSE,STK,13342,INE051B01021,VAKRANGEE,EQ,,,,,VAKRANGEE LIMITED,5.83,5.85,5.75,5.82,5.80,5.78,,5.82,,,766557,4444239.82,1265,F1,1,,,,,
2026-08-20,2026-08-20,CM,NSE,STK,19218,INE0JWS01017,VALIANTLAB,EQ,,,,,VALIANT LABORATORIES LTD,94.80,95.00,88.40,91.66,91.50,91.96,,91.58,,,295912,27386870.32,1927,F1,1,,,,,
2026-08-20,2026-08-20,CM,NSE,STK,334,INE565V01010,VALIANTORG,BE,,,,,VALIANT ORGANICS LIMITED,312.85,323.70,303.55,310.95,311.00,316.55,,311.09,,,33057,10448524.05,401,F1,1,,,,,
2026-08-20,2026-08-20,CM,NSE,STK,18124,INE879I01012,DBREALTY,EQ,,,,,VALOR ESTATE LIMITED,102.30,106.05,98.02,104.70,105.84,101.79,,104.71,,,3830787,392686598.80,25188,F1,1,,,,,
2026-08-20,2026-08-20,CM,NSE,STK,763304,INE1E7Y01018,VALUE360,SM,,,,,VALUE 360 COMMUNICATION L,78.00,81.95,76.00,76.65,76.65,78.00,,76.65,,,26400,2074200.00,18,F1,1200,,,,,
2026-08-20,2026-08-20,CM,NSE,STK,13403,INE116G01013,VARDHACRLC,BE,,,,,VARDHAMAN ACRYLICS LTD,44.48,44.48,43.98,44.20,44.11,43.98,,44.20,,,34657,1528985.17,142,F1,1,,,,,
2026-08-20,2026-08-20,CM,NSE,STK,11892,INE701A01023,VHL,EQ,,,,,VARDHMAN HOLDINGS LIMITED,3402.00,3524.90,3402.00,3510.00,3522.90,3412.40,,3509.44,,,502,1753739.80,154,F1,1,,,,,
2026-08-20,2026-08-20,CM,NSE,STK,3646,INE835A01029,VARDMNPOLY,EQ,,,,,VARDHMAN POLYTEX LTD.,6.00,6.23,6.00,6.14,6.20,6.12,,6.13,,,113754,697068.00,290,F1,1,,,,,
2026-08-20,2026-08-20,CM,NSE,STK,27067,INE050M01012,VSSL,EQ,,,,,VARDHMAN SPC STEEL LTD,362.00,362.10,350.00,356.00,357.00,358.65,,356.00,,,110166,39068660.85,4624,F1,1,,,,,
2026-08-20,2026-08-20,CM,NSE,STK,2073,INE825A01020,VTL,EQ,,,,,VARDHMAN TEXTILES LIMITED,596.15,603.85,593.55,600.50,600.95,596.15,,600.43,,,105812,63491680.25,8127,F1,1,,,,,
2026-08-20,2026-08-20,CM,NSE,STK,3857,INE665L01035,VARROC,EQ,,,,,VARROC ENGINEERING LTD.,830.70,843.80,819.10,824.25,825.00,830.90,,824.26,,,192941,160291016.10,13156,F1,1,,,,,
2026-08-20,2026-08-20,CM,NSE,STK,18921,INE200M01039,VBL,EQ,,,,,VARUN BEVERAGES LIMITED,436.00,440.70,433.85,438.30,438.30,431.85,,438.30,,,2004715,879308537.10,35297,F1,1,,,,,
2026-08-20,2026-08-20,CM,NSE,STK,13771,INE273D01027,VGL,EQ,,,,,VARVEE GLOBAL LIMITED,58.70,59.50,56.00,58.09,58.50,58.06,,57.97,,,25230,1448410.40,348,F1,1,,,,,
2026-08-20,2026-08-20,CM,NSE,STK,16454,INE0N5801013,DENTALKART,SM,,,,,VASA DENTICITY LIMITED,398.70,401.00,390.00,400.00,400.00,396.75,,400.00,,,41250,16418537.50,126,F1,250,,,,,
2026-08-20,2026-08-20,CM,NSE,STK,18110,INE893I01013,VASCONEQ,EQ,,,,,VASCON ENGINEERS LTD,31.06,31.26,30.70,30.74,30.90,30.93,,30.75,,,202724,6268875.81,1047,F1,1,,,,,
2026-08-20,2026-08-20,CM,NSE,STK,25340,INE590L01019,VASWANI,EQ,,,,,VASWANI IND LTD,48.00,48.46,46.15,46.62,46.70,48.36,,46.62,,,135779,6436308.39,1022,F1,1,,,,,
2026-08-20,2026-08-20,CM,NSE,STK,9027,INE098201036,VCL,BE,,,,,VAXTEX COTFAB LIMITED,2.03,2.03,2.03,2.03,2.03,1.94,,2.03,,,2112624,4288626.72,259,F1,1,,,,,
2026-08-20,2026-08-20,CM,NSE,STK,757413,INE04HY07294,1025VCCL28,N0,,,,,VCCL 10.25% 2028,95600.00,95600.00,95600.00,95600.00,95600.00,95600.00,,95600.00,,,1,95600.00,1,F1,1,,,,,
2026-08-20,2026-08-20,CM,NSE,STK,761599,INE04HY07393,115VCCL31,N0,,,,,VCCL 11.5% 2031,97500.00,97500.00,97500.00,97500.00,97500.00,98000.00,,97500.00,,,1,97500.00,1,F1,1,,,,,
2026-08-20,2026-08-20,CM,NSE,STK,758531,INE04HY07310,116VCCL27,N0,,,,,VCCL 11.6% 2027 SR A,99755.97,99755.97,99755.97,99755.97,99755.97,100114.80,,99755.97,,,8,798047.76,1,F1,1,,,,,
2026-08-20,2026-08-20,CM,NSE,STK,758533,INE04HY07302,118VCCL27A,N0,,,,,VCCL 11.8% 2027 SR B,96000.00,96000.00,96000.00,96000.00,96000.00,100000.00,,96000.00,,,1,96000.00,1,F1,1,,,,,
2026-08-20,2026-08-20,CM,NSE,STK,759394,INE04HY07336,118VCCL27B,N0,,,,,VCCL 11.8% 2027 SR B,97000.00,97000.00,97000.00,97000.00,97000.00,97000.00,,97000.00,,,2,194000.00,2,F1,1,,,,,
2026-08-20,2026-08-20,CM,NSE,STK,25812,INE04HY07179,12VCCL27A,N0,,,,,VCCL 12% 2027 SR C,99040.14,99040.14,99040.14,99040.14,99040.14,99949.99,,99040.14,,,1,99040.14,1,F1,1,,,,,
2026-08-20,2026-08-20,CM,NSE,STK,756916,INE04HY07229,12VCCL29B,N0,,,,,VCCL 12% 2029,99989.99,99989.99,99989.99,99989.99,99989.99,98500.00,,99989.99,,,1,99989.99,1,F1,1,,,,,
2026-08-20,2026-08-20,CM,NSE,STK,760558,INE04HY08011,125VCCL31,N0,,,,,VCCL 12.5% 2031,98449.00,98449.00,98449.00,98449.00,98449.00,97999.00,,98449.00,,,1,98449.00,1,F1,1,,,,,
2026-08-20,2026-08-20,CM,NSE,STK,29274,INE04HY07203,12VCCL29A,N0,,,,,VCCL12% 2029,99010.00,99010.00,99010.00,99010.00,99010.00,99000.00,,99010.00,,,1,99010.00,1,F1,1,,,,,
2026-08-20,2026-08-20,CM,NSE,STK,763380,INE04HY07401,115VCCL31A,N0,,,,,VCCL31A 11.5% 2031,9712.00,9712.00,9712.00,9712.00,9712.00,9712.00,,9712.00,,,5,48560.00,1,F1,1,,,,,
2026-08-20,2026-08-20,CM,NSE,STK,25054,INE0U2M01015,VDEAL,SM,,,,,VDEAL SYSTEM LIMITED,157.00,164.90,152.00,153.40,155.00,156.40,,153.40,,,5400,837510.00,9,F1,600,,,,,
2026-08-20,2026-08-20,CM,NSE,STK,8167,INE825V01034,MANYAVAR,EQ,,,,,VEDANT FASHIONS LIMITED,544.00,550.65,536.50,547.35,547.25,542.60,,547.31,,,374440,203986472.30,16704,F1,1,,,,,
2026-08-20,2026-08-20,CM,NSE,STK,750174,INE1CDF01017,VAML,EQ,,,,,VEDANTA ALUMINIUM METAL L,439.50,445.40,435.10,435.75,436.15,436.20,,435.75,,,5001851,2201027294.60,59302,F1,1,,,,,
2026-08-20,2026-08-20,CM,NSE,STK,750290,INE1CLE01013,VISL,EQ,,,,,VEDANTA IRON AND STEEL L,36.68,37.20,36.00,36.20,36.50,36.11,,36.20,,,24465120,895853513.62,57730,F1,1,,,,,
2026-08-20,2026-08-20,CM,NSE,STK,3063,INE205A01025,VEDL,EQ,,,,,VEDANTA LIMITED,265.20,271.95,265.20,268.00,268.00,262.60,,268.03,,,9569566,2574201872.00,64335,F1,1,,,,,
2026-08-20,2026-08-20,CM,NSE,STK,750368,INE704J01044,VOGL,EQ,,,,,VEDANTA OIL AND GAS LTD,36.40,37.10,36.03,36.69,36.77,36.08,,36.69,,,17796931,652892639.57,34996,F1,1,,,,,
2026-08-20,2026-08-20,CM,NSE,STK,750518,INE694L01019,VEDPOWER,EQ,,,,,VEDANTA POWER LIMITED,36.09,36.40,35.65,36.04,36.02,35.87,,36.04,,,14747662,531280714.64,74391,F1,1,,,,,
2026-08-20,2026-08-20,CM,NSE,STK,764980,INE359B01010,VEDAVAAG,EQ,,,,,VEDAVAAG SYSTEMS LTD.,18.41,18.94,18.06,18.47,18.41,18.47,,18.48,,,45864,848301.71,108,F1,1,,,,,
2026-08-20,2026-08-20,CM,NSE,STK,14019,INE484C01030,VEEDOL,EQ,,,,,VEEDOL CORPORATION LTD,1542.00,1542.00,1503.00,1510.40,1503.00,1517.80,,1510.40,,,6958,10569117.10,843,F1,1,,,,,
2026-08-20,2026-08-20,CM,NSE,STK,10710,INE0KTW01013,VEEKAYEM,SM,,,,,VEEKAYEM FASH & APP LTD,108.30,108.30,108.30,108.30,108.30,114.00,,108.30,,,2000,216600.00,3,F1,500,,,,,
2026-08-20,2026-08-20,CM,NSE,STK,762969,INE232E01013,VELJAN,BE,,,,,VELJAN DENISON LTD.,1750.30,1860.00,1750.30,1840.60,1800.10,1800.60,,1840.31,,,697,1267955.80,76,F1,1,,,,,
2026-08-20,2026-08-20,CM,NSE,STK,3757,INE398A01010,VENKEYS,EQ,,,,,VENKY S (INDIA) LIMITED,1510.00,1557.00,1499.10,1512.00,1515.00,1502.20,,1511.95,,,25417,38492820.80,1808,F1,1,,,,,
2026-08-20,2026-08-20,CM,NSE,STK,28847,INE781S01027,VENTIVE,EQ,,,,,VENTIVE HOSPITALITY LTD,587.00,588.00,571.00,574.50,577.90,586.75,,574.85,,,43014,24907007.50,2771,F1,1,,,,,
2026-08-20,2026-08-20,CM,NSE,STK,9592,INE0JA001018,VENUSPIPES,EQ,,,,,VENUS PIPES & TUBES LTD,1564.00,1564.00,1538.10,1540.90,1540.00,1549.40,,1540.88,,,128904,199918151.50,8267,F1,1,,,,,
2026-08-20,2026-08-20,CM,NSE,STK,13856,INE411B01019,VENUSREM,BE,,,,,VENUS REMEDIES LIMITED,1750.10,1783.90,1681.40,1765.60,1769.90,1769.80,,1765.55,,,34500,59898575.10,1280,F1,1,,,,,
2026-08-20,2026-08-20,CM,NSE,STK,8890,INE0IQ001011,VERANDA,EQ,,,,,VERANDA LEARNING SOL LTD,236.90,265.85,236.00,255.90,257.00,233.70,,255.86,,,9972226,2587169497.65,98193,F1,1,,,,,
2026-08-20,2026-08-20,CM,NSE,STK,14491,INE0NLB01018,VERTEXPLUS,SM,,,,,VERTEXPLUS TECHNOLOGIES L,50.40,50.40,50.40,50.40,50.40,50.40,,50.40,,,1800,90720.00,2,F1,600,,,,,
2026-08-20,2026-08-20,CM,NSE,STK,10757,INE0KXY23015,VERTIS,IV,,,,,VERTIS INFRASTRUCTURE TST,117.00,117.00,117.00,117.00,117.00,117.00,,117.00,,,50000,5850000.00,2,F1,25000,,,,,
2026-08-20,2026-08-20,CM,NSE,STK,18865,INE188Y01031,VERTOZ,BE,,,,,VERTOZ LIMITED,35.89,36.00,35.21,35.68,35.90,35.84,,35.68,,,20963,750246.51,200,F1,1,,,,,
2026-08-20,2026-08-20,CM,NSE,STK,3676,INE386A01023,VESUVIUS,EQ,,,,,VESUVIUS INDIA LTD,435.00,436.85,428.60,429.30,430.00,433.65,,429.30,,,48372,20902005.45,1869,F1,1,,,,,
2026-08-20,2026-08-20,CM,NSE,STK,8660,INE918N01018,VETO,BE,,,,,VETO SWITCHGEAR CABLE LTD,123.90,126.50,122.00,124.97,125.87,122.51,,125.12,,,41126,5130956.18,261,F1,1,,,,,
2026-08-20,2026-08-20,CM,NSE,STK,14316,INE0MO401019,VIAZ,SM,,,,,VIAZ TYRES LIMITED,69.90,69.90,69.80,69.80,69.80,67.00,,69.80,,,6000,419000.00,3,F1,2000,,,,,
2026-08-20,2026-08-20,CM,NSE,STK,22730,INE0QTF01015,VSTL,EQ,,,,,VIBHOR STEEL TUBES LTD,106.39,109.00,105.50,108.94,109.00,106.39,,109.12,,,11961,1294735.83,250,F1,1,,,,,
2026-08-20,2026-08-20,CM,NSE,STK,765252,INE761Q01015,VGCL,EQ,,,,,VIBRANT GLOBAL CAPITAL L,60.70,60.70,58.95,59.85,59.85,57.92,,59.85,,,1700,101393.44,19,F1,1,,,,,
2026-08-20,2026-08-20,CM,NSE,STK,23386,INE048C01025,VHLTD,BE,,,,,VICEROY HOTELS LIMITED,125.05,125.06,118.52,119.13,118.52,133.11,,118.80,,,191972,23646971.47,515,F1,1,,,,,
2026-08-20,2026-08-20,CM,NSE,STK,760694,INE0F8901022,VICTORYEV,ST,,,,,VICTORY ELEC VEHICL INT L,16.25,16.30,16.25,16.30,16.30,16.25,,16.30,,,6000,97650.00,2,F1,3000,,,,,
2026-08-20,2026-08-20,CM,NSE,STK,13536,INE632C01026,VIDHIING,EQ,,,,,VIDHI SPCLTY F INGRDNTS L,318.80,324.80,313.35,319.50,323.90,315.70,,319.50,,,18525,5930293.20,908,F1,1,,,,,
2026-08-20,2026-08-20,CM,NSE,STK,760224,INE14UN01029,VIDYAWIRES,EQ,,,,,VIDYA WIRES LIMITED,89.00,89.73,87.21,87.40,87.47,88.25,,87.39,,,558168,49172550.50,4420,F1,1,,,,,
2026-08-20,2026-08-20,CM,NSE,STK,758908,INE1DM601016,VIGOR,ST,,,,,VIGOR PLAST INDIA LIMITED,87.55,89.80,87.55,89.80,89.80,89.00,,89.80,,,14400,1277520.00,9,F1,1600,,,,,
2026-08-20,2026-08-20,CM,NSE,STK,764985,INE362D01010,VIJSOLX,EQ,,,,,VIJAY SOLVEX LTD.,706.00,706.00,701.05,701.05,701.05,706.00,,701.05,,,150,105730.40,26,F1,1,,,,,
2026-08-20,2026-08-20,CM,NSE,STK,5585,INE043W01024,VIJAYA,EQ,,,,,VIJAYA DIAGNOSTIC CEN LTD,1495.00,1509.90,1486.20,1498.40,1500.00,1490.00,,1498.36,,,54963,82210532.30,8711,F1,1,,,,,
2026-08-20,2026-08-20,CM,NSE,STK,760121,INE0WL901019,VIJAYPD,SM,,,,,VIJAYPD CEUTICAL LIMITED,59.80,59.80,57.20,57.20,57.20,57.65,,57.20,,,4000,234000.00,2,F1,2000,,,,,
2026-08-20,2026-08-20,CM,NSE,STK,17695,INE159N01027,VIJIFIN,BE,,,,,VIJI FINANCE LIMITED,13.39,13.39,13.39,13.39,13.39,13.13,,13.48,,,82604,1106067.56,44,F1,1,,,,,
2026-08-20,2026-08-20,CM,NSE,STK,25756,INE806A01020,VIKASECO,EQ,,,,,VIKAS ECOTECH LIMITED,1.08,1.10,1.08,1.08,1.09,1.08,,1.08,,,1404787,1528240.32,883,F1,1,,,,,
2026-08-20,2026-08-20,CM,NSE,STK,9931,INE161L01027,VIKASLIFE,EQ,,,,,VIKAS LIFECARE LIMITED,1.21,1.21,1.20,1.20,1.21,1.21,,1.20,,,1800262,2167314.99,8243,F1,1,,,,,
2026-08-20,2026-08-20,CM,NSE,STK,759453,INE078V01014,VIKRAMSOLR,EQ,,,,,VIKRAM SOLAR LIMITED,171.80,175.90,169.84,171.99,172.23,170.84,,171.99,,,3958094,684770059.61,31701,F1,1,,,,,
2026-08-20,2026-08-20,CM,NSE,STK,758973,INE01R501028,VIKRAN,EQ,,,,,VIKRAN ENGINEERING LTD,60.91,63.45,60.91,62.62,62.80,60.78,,62.62,,,1665930,103906636.65,7591,F1,1,,,,,
2026-08-20,2026-08-20,CM,NSE,STK,23909,INE0AZY01017,VILAS,SM,,,,,VILAS TRANSCORE LIMITED,354.00,360.00,350.55,352.05,352.00,354.25,,352.05,,,19000,6764837.50,64,F1,250,,,,,
2026-08-20,2026-08-20,CM,NSE,STK,16954,INE0L4V01013,VILINBIO,SM,,,,,VILIN BIO MED LIMITED,41.10,41.10,41.10,41.10,41.10,42.50,,41.10,,,4000,164400.00,1,F1,4000,,,,,
2026-08-20,2026-08-20,CM,NSE,STK,13101,INE579C01029,VIMTALABS,EQ,,,,,VIMTA LABS LIMITED,625.00,650.00,622.15,640.40,641.50,621.65,,640.36,,,218903,140360295.00,9841,F1,1,,,,,
2026-08-20,2026-08-20,CM,NSE,STK,17364,INE410B01037,VINATIORGA,EQ,,,,,VINATI ORGANICS LTD,1349.90,1349.90,1321.10,1330.50,1327.00,1326.70,,1330.52,,,31879,42557699.30,4176,F1,1,,,,,
2026-08-20,2026-08-20,CM,NSE,STK,3694,INE707A01012,VINDHYATEL,EQ,,,,,VINDHYA TELELINKS LTD,2459.00,2498.00,2421.90,2436.00,2450.00,2438.80,,2435.99,,,19015,46379020.10,2589,F1,1,,,,,
2026-08-20,2026-08-20,CM,NSE,STK,3807,INE505Y01010,VINEETLAB,EQ,,,,,VINEET LABORATORIES LTD,37.80,39.45,37.06,38.49,38.29,37.74,,38.64,,,95196,3635355.26,982,F1,1,,,,,
2026-08-20,2026-08-20,CM,NSE,STK,763821,INE27V201011,VMOBILE,SM,,,,,VINIT MOBILE LIMITED,60.90,64.90,60.90,62.70,62.70,63.40,,62.70,,,4800,302000.00,5,F1,800,,,,,
2026-08-20,2026-08-20,CM,NSE,STK,12490,INE01KI01027,VINNY,EQ,,,,,VINNY OVERSEAS LIMITED,1.07,1.07,1.05,1.06,1.07,1.06,,1.06,,,242645,256797.11,101,F1,1,,,,,
2026-08-20,2026-08-20,CM,NSE,STK,17905,INE0OSJ01014,VINSYS,ST,,,,,VINSYS IT SERVICES IND LT,600.00,600.00,590.00,590.00,590.00,585.70,,590.00,,,3000,1791925.00,12,F1,250,,,,,
2026-08-20,2026-08-20,CM,NSE,STK,25835,INE498Q01014,VINCOFE,EQ,,,,,VINTAGE COFFEE N BVRGS L,154.15,154.90,151.40,152.82,153.40,152.91,,152.81,,,1565218,238952260.55,13451,F1,1,,,,,
2026-08-20,2026-08-20,CM,NSE,STK,19206,INE0OLS01010,VINYAS,SM,,,,,VINYAS INNOVATIVE TECH L,1532.00,1535.05,1466.00,1475.05,1466.30,1526.25,,1475.05,,,6900,10266530.00,63,F1,100,,,,,
2026-08-20,2026-08-20,CM,NSE,STK,16821,INE250B01029,VINYLINDIA,EQ,,,,,VINYL CHEMICALS (I) LTD.,240.90,240.90,234.16,234.78,234.20,235.75,,234.80,,,7259,1717703.17,461,F1,1,,,,,
2026-08-20,2026-08-20,CM,NSE,STK,14843,INE450G01024,VIPCLOTHNG,EQ,,,,,VIP CLOTHING LIMITED,21.35,21.35,21.00,21.11,21.11,20.81,,21.11,,,39223,830240.24,137,F1,1,,,,,
2026-08-20,2026-08-20,CM,NSE,STK,3703,INE054A01027,VIPIND,EQ,,,,,VIP INDUSTRIES LTD,312.00,313.00,298.95,302.60,304.30,310.80,,302.61,,,768509,232706416.10,10944,F1,1,,,,,
2026-08-20,2026-08-20,CM,NSE,STK,8437,INE946H01037,VIPULLTD,BE,,,,,VIPUL LIMITED,15.46,15.46,15.46,15.46,15.46,15.16,,15.47,,,36944,571154.24,55,F1,1,,,,,
2026-08-20,2026-08-20,CM,NSE,STK,764990,INE467D01017,VIRAT,EQ,,,,,VIRAT INDUSTRIES LTD.,333.95,342.50,321.20,334.75,336.75,333.95,,332.28,,,1032,345504.55,25,F1,1,,,,,
2026-08-20,2026-08-20,CM,NSE,STK,15295,INE539B01017,VIRINCHI,EQ,,,,,VIRINCHI LIMITED,15.59,15.59,14.99,15.16,15.05,15.02,,15.16,,,38065,576539.79,158,F1,1,,,,,
2026-08-20,2026-08-20,CM,NSE,STK,757060,INE0VRH01015,VGINFOTECH,SM,,,,,VIRTUAL GALAXY INFOTECH L,150.90,151.00,147.10,149.95,151.00,148.90,,149.95,,,21000,3126900.00,21,F1,1000,,,,,
2026-08-20,2026-08-20,CM,NSE,STK,765215,INE247C01023,VIRTUALG,EQ,,,,,VIRTUAL GLOBAL EDU LTD,0.45,0.51,0.44,0.51,0.51,0.43,,0.53,,,1278374,615872.46,382,F1,1,,,,,
2026-08-20,2026-08-20,CM,NSE,STK,761916,INE0I0T01010,VOEPL,EQ,,,,,VIRTUOSO OPTOELECTRONIC L,499.00,500.05,478.60,485.55,485.00,494.35,,485.62,,,30463,14824986.20,1149,F1,1,,,,,
2026-08-20,2026-08-20,CM,NSE,STK,13295,INE286H01012,VISACHROME,EQ,,,,,VISA CHROME LIMITED,38.49,38.49,36.30,36.52,36.89,37.78,,36.56,,,13563,498424.27,109,F1,1,,,,,
2026-08-20,2026-08-20,CM,NSE,STK,29877,INE370E01029,VIVIDHA,EQ,,,,,VISAGAR POLYTEX LTD,0.55,0.56,0.53,0.54,0.55,0.54,,0.54,,,274027,149620.47,207,F1,1,,,,,
2026-08-20,2026-08-20,CM,NSE,STK,4221,INE392A01021,VISAKAIND,EQ,,,,,VISAKA INDUSTRIES LIMITED,94.00,97.50,93.76,96.05,96.22,93.29,,96.04,,,183084,17403344.02,1667,F1,1,,,,,
2026-08-20,2026-08-20,CM,NSE,STK,18708,INE0OWX01025,VISDEM,SM,,,,,VISDEM TECHNOSYS LIMITED,83.50,84.00,83.50,84.00,84.00,82.15,,84.00,,,2400,201000.00,2,F1,1200,,,,,
2026-08-20,2026-08-20,CM,NSE,STK,11773,INE755Q01025,VISHAL,EQ,,,,,VISHAL FABRICS LTD.,18.50,18.99,18.07,18.49,18.52,18.06,,18.50,,,35959,665764.97,584,F1,1,,,,,
2026-08-20,2026-08-20,CM,NSE,STK,27969,INE01EA01019,VMM,EQ,,,,,VISHAL MEGA MART LIMITED,103.63,104.35,102.60,102.60,102.60,103.40,,102.60,,,12835229,1322638844.48,38916,F1,1,,,,,
2026-08-20,2026-08-20,CM,NSE,STK,6908,INE270I01022,VISHNU,EQ,,,,,VISHNU CHEMICALS LIMITED,623.25,630.70,621.20,625.20,625.40,622.10,,625.20,,,45708,28588959.60,2514,F1,1,,,,,
2026-08-20,2026-08-20,CM,NSE,STK,18341,INE0AE001013,VPRPL,EQ,,,,,VISHNU PRAKASH R PUNGLI L,34.50,34.84,33.05,33.52,33.70,33.40,,33.52,,,241919,8207077.65,2466,F1,1,,,,,
2026-08-20,2026-08-20,CM,NSE,STK,19300,INE0PQ001012,VISHNUINFR,SM,,,,,VISHNUSURYA PROJ N INFR L,148.70,148.70,148.70,148.70,148.70,155.00,,148.70,,,500,74350.00,1,F1,500,,,,,
2026-08-20,2026-08-20,CM,NSE,STK,13702,INE430N01022,VISHWARAJ,EQ,,,,,VISHWARAJ SUGAR IND LTD,5.64,5.86,5.56,5.76,5.75,5.50,,5.76,,,2968868,16928389.40,2812,F1,1,,,,,
2026-08-20,2026-08-20,CM,NSE,STK,25231,INE0TR001017,VIESL,SM,,,,,VISION INFRA EQUIP SOL L,305.00,316.20,303.10,311.20,313.70,304.70,,311.20,,,35200,10926200.00,42,F1,800,,,,,
2026-08-20,2026-08-20,CM,NSE,STK,761150,INE0L4K01016,VITAL,BE,,,,,VITAL CHEMTECH LIMITED,50.03,52.52,48.10,52.33,52.52,50.03,,52.33,,,10423,536210.92,32,F1,1,,,,,
2026-08-20,2026-08-20,CM,NSE,STK,763637,INE0MEG01014,VIVIANA,BE,,,,,VIVIANA POWER TECH LTD,685.30,714.00,685.00,705.00,711.90,690.25,,705.00,,,18579,12870277.65,364,F1,1,,,,,
2026-08-20,2026-08-20,CM,NSE,STK,761771,INE24H301028,VIVIDEL,ST,,,,,VIVID ELECTROMECH LIMITED,1500.00,1590.00,1500.00,1571.00,1560.00,1543.40,,1571.00,,,5760,8975988.00,23,F1,240,,,,,
2026-08-20,2026-08-20,CM,NSE,STK,11968,INE526G01021,VIVIMEDLAB,BE,,,,,VIVIMED LABS LIMITED,5.93,5.95,5.60,5.95,5.95,5.67,,5.95,,,132367,784772.19,215,F1,1,,,,,
2026-08-20,2026-08-20,CM,NSE,STK,764995,INE380K01017,VIVOBIOT,EQ,,,,,VIVO BIO TECH LTD.,18.65,20.44,18.65,19.29,19.30,19.05,,19.29,,,36236,695120.55,130,F1,1,,,,,
2026-08-20,2026-08-20,CM,NSE,STK,7620,INE0IA701014,VIVO,ST,,,,,VIVO COLLAB SOLUTIONS LTD,157.00,157.00,157.00,157.00,157.00,149.90,,157.00,,,3200,502400.00,2,F1,1600,,,,,
2026-08-20,2026-08-20,CM,NSE,STK,14296,INE807F01027,VIYASH,EQ,,,,,VIYASH SCIENTIFIC LIMITED,272.00,272.25,265.10,265.85,266.00,271.40,,265.85,,,1454866,391534623.75,22840,F1,1,,,,,
2026-08-20,2026-08-20,CM,NSE,STK,18021,INE03HW01020,VLEGOV,BE,,,,,VL E GOV AND IT SOL LTD,9.22,9.53,9.22,9.53,9.53,9.35,,9.72,,,166440,1547365.54,85,F1,1,,,,,
2026-08-20,2026-08-20,CM,NSE,STK,3715,INE709A01018,VLSFINANCE,EQ,,,,,VLS FINANCE LTD,250.20,254.85,247.90,249.30,249.10,250.70,,249.35,,,12553,3146893.90,424,F1,1,,,,,
2026-08-20,2026-08-20,CM,NSE,STK,29284,INE665J01013,VMART,EQ,,,,,VMART RETAIL LTD,815.00,815.00,801.60,806.70,808.40,806.95,,806.65,,,59697,48281024.45,6075,F1,1,,,,,
2026-08-20,2026-08-20,CM,NSE,STK,759152,INE0SJA01013,VMSTMT,EQ,,,,,VMS TMT LIMITED,48.89,49.44,47.50,48.47,48.95,48.38,,48.47,,,26569,1287297.71,300,F1,1,,,,,
2026-08-20,2026-08-20,CM,NSE,STK,14366,INE669E01016,IDEA,EQ,,,,,VODAFONE IDEA LIMITED,14.14,14.19,13.93,14.03,14.03,14.07,,14.03,,,232109943,3258343255.96,434796,F1,1,,,,,
2026-08-20,2026-08-20,CM,NSE,STK,765000,INE285C01015,VOITHPAPR,EQ,,,,,VOITH PAPER FABRICS IND L,1574.00,1574.00,1478.30,1517.40,1526.00,1489.00,,1512.59,,,335,507540.30,29,F1,1,,,,,
2026-08-20,2026-08-20,CM,NSE,STK,29658,INE241X01014,VOLERCAR,SM,,,,,VOLER CAR LIMITED,216.90,222.70,216.90,222.00,222.00,223.40,,222.00,,,48800,10830360.00,7,F1,800,,,,,
2026-08-20,2026-08-20,CM,NSE,STK,13577,INE540H01012,VOLTAMP,EQ,,,,,VOLTAMP TRANSFORMERS LTD,10200.00,10369.00,10055.50,10313.50,10340.00,10000.00,,10314.03,,,57670,589773338.50,18672,F1,1,,,,,
2026-08-20,2026-08-20,CM,NSE,STK,3718,INE226A01021,VOLTAS,EQ,,,,,VOLTAS LTD,1234.00,1235.90,1215.60,1219.50,1219.50,1223.00,,1219.52,,,1054580,1290170990.80,30746,F1,1,,,,,
2026-08-20,2026-08-20,CM,NSE,STK,24321,INE0S2V01010,VRAJ,EQ,,,,,VRAJ IRON AND STEEL LTD,120.95,124.00,120.95,122.45,123.39,120.84,,122.46,,,7073,864757.59,378,F1,1,,,,,
2026-08-20,2026-08-20,CM,NSE,STK,8696,INE366I01010,VRLLOG,EQ,,,,,VRL LOGISTICS LIMITED,295.00,297.85,293.20,295.45,294.40,295.10,,295.45,,,98235,29085803.30,6649,F1,1,,,,,
2026-08-20,2026-08-20,CM,NSE,STK,3724,INE710A01016,VSTIND,EQ,,,,,VST INDUSTRIES LTD,211.50,213.85,211.34,212.86,213.50,211.33,,212.82,,,100010,21241698.31,2633,F1,1,,,,,
2026-08-20,2026-08-20,CM,NSE,STK,24292,INE764D01017,VSTTILLERS,EQ,,,,,VST TILLERS TRACTORS LTD,4450.00,4490.00,4421.00,4432.20,4439.80,4442.20,,4432.19,,,4736,21085008.80,1138,F1,1,,,,,
2026-08-20,2026-08-20,CM,NSE,STK,765005,INE855A01019,WHBRADY,EQ,,,,,W H BRADY & CO. LTD.,494.10,589.90,477.00,490.20,490.20,507.00,,490.20,,,409,206777.20,67,F1,1,,,,,
2026-08-20,2026-08-20,CM,NSE,STK,762978,INE765D01022,WPIL,EQ,,,,,W P I L LTD.,455.00,468.00,454.00,461.50,462.90,452.00,,461.49,,,137426,63200482.20,7888,F1,1,,,,,
2026-08-20,2026-08-20,CM,NSE,STK,14828,INE100D01014,WSI,EQ,,,,,W.S.INDUSTRIES (I) LTD.,60.50,61.00,59.00,60.47,60.75,60.11,,60.47,,,89458,5394125.08,2835,F1,1,,,,,
2026-08-20,2026-08-20,CM,NSE,STK,25907,INE377N01017,WAAREEENER,EQ,,,,,WAAREE ENERGIES LIMITED,2699.20,2712.00,2664.40,2675.00,2675.00,2679.00,,2675.35,,,444611,1196008437.80,26855,F1,1,,,,,
2026-08-20,2026-08-20,CM,NSE,STK,756038,INE299N01021,WAAREERTL,EQ,,,,,WAAREE RENEWABLE TECH LTD,882.40,887.95,880.00,880.40,880.00,881.05,,880.44,,,67355,59469341.10,4551,F1,1,,,,,
2026-08-20,2026-08-20,CM,NSE,STK,760259,INE0E7301029,WAKEFIT,EQ,,,,,WAKEFIT INNOVATIONS LTD,133.00,137.20,132.04,136.64,136.55,133.14,,136.60,,,1032361,139857925.78,7496,F1,1,,,,,
2026-08-20,2026-08-20,CM,NSE,STK,3736,INE711A01022,WALCHANNAG,EQ,,,,,WALCHANDNAGAR INDUSTRIES,224.00,228.30,221.02,223.91,224.30,221.86,,223.90,,,732638,164514050.30,10326,F1,1,,,,,
2026-08-20,2026-08-20,CM,NSE,STK,14063,INE107F01022,WANBURY,EQ,,,,,WANBURY LIMITED,270.00,273.70,265.25,268.50,266.50,269.55,,268.45,,,251816,67813706.05,5082,F1,1,,,,,
2026-08-20,2026-08-20,CM,NSE,STK,765225,INE945P01024,WARDINMOBI,EQ,,,,,WARDWIZARD INNO & MOB L,6.30,6.40,6.11,6.17,6.17,6.32,,6.17,,,235132,1464367.64,977,F1,1,,,,,
2026-08-20,2026-08-20,CM,NSE,STK,3745,INE054C01015,WATERBASE,EQ,,,,,WATERBASE LTD.,49.21,52.00,48.10,50.22,50.80,49.21,,50.26,,,63234,3191793.44,672,F1,1,,,,,
2026-08-20,2026-08-20,CM,NSE,STK,762163,INE0LZF01013,CORDELIA,EQ,,,,,WATERWAYS LEISURE TOUR L,820.55,907.75,820.55,907.75,907.75,825.25,,908.19,,,700284,614724253.20,22224,F1,1,,,,,
2026-08-20,2026-08-20,CM,NSE,STK,759215,INE0A3007065,1075WCA28,N0,,,,,WCAPL 10.75% 2028,9791.17,9791.17,9791.17,9791.17,9791.17,9598.00,,9791.17,,,5,48955.85,1,F1,1,,,,,
2026-08-20,2026-08-20,CM,NSE,STK,758995,INE0A3007057,1075WCAP28,N0,,,,,WCAPL 10.75% 2028,99899.00,99899.00,99898.00,99898.00,99898.00,99900.00,,99898.00,,,5,499491.00,3,F1,1,,,,,
2026-08-20,2026-08-20,CM,NSE,STK,9862,INE082W01014,WEWIN,EQ,,,,,WE WIN LIMITED,47.48,47.49,45.50,46.13,45.50,46.55,,46.13,,,1537,71597.58,26,F1,1,,,,,
2026-08-20,2026-08-20,CM,NSE,STK,760482,INF2F0001370,TWCGOLDETF,EQ,,,,,WEALTH - TWCGOLDETF,152.80,155.99,152.80,155.32,155.24,151.59,,155.32,,,1726,268078.91,218,F1,1,,,,,
2026-08-20,2026-08-20,CM,NSE,STK,1923,INE658T01017,WEALTH,EQ,,,,,WEALTH FRST PORT. MG. LTD,846.80,875.95,842.10,864.65,860.35,850.95,,864.31,,,3817,3278224.00,352,F1,1,,,,,
2026-08-20,2026-08-20,CM,NSE,STK,14602,INE855C01023,WEBELSOLAR,EQ,,,,,WEBSOL ENERGY SYSTEM LTD,82.72,84.50,82.01,82.85,82.75,82.72,,82.86,,,1581836,131804785.64,19347,F1,1,,,,,
2026-08-20,2026-08-20,CM,NSE,STK,3748,INE080A01014,WEIZMANIND,EQ,,,,,WEIZMANN LTD,76.46,77.85,74.10,76.01,77.85,75.90,,76.01,,,662,50430.72,51,F1,1,,,,,
2026-08-20,2026-08-20,CM,NSE,STK,11821,INE191B01025,WELCORP,EQ,,,,,WELSPUN CORP LIMITED,1990.00,2017.50,1968.20,2005.20,2009.10,1973.90,,2005.16,,,748752,1499060619.50,36112,F1,1,,,,,
2026-08-20,2026-08-20,CM,NSE,STK,11626,INE625G01013,WELENT,EQ,,,,,WELSPUN ENTERPRISES LTD.,580.00,588.30,574.90,584.65,582.10,579.80,,584.66,,,87408,50835268.70,4509,F1,1,,,,,
2026-08-20,2026-08-20,CM,NSE,STK,19804,INE389K01018,WELINV,BE,,,,,WELSPUN INV & COMM LTD,1905.00,1944.90,1840.00,1925.80,1875.00,1905.00,,1925.80,,,22593,41839763.90,29,F1,1,,,,,
2026-08-20,2026-08-20,CM,NSE,STK,11253,INE192B01031,WELSPUNLIV,EQ,,,,,WELSPUN LIVING LIMITED,182.00,191.47,179.67,188.69,188.75,181.24,,188.70,,,21775505,4096948075.63,145073,F1,1,,,,,
2026-08-20,2026-08-20,CM,NSE,STK,762971,INE731F01037,WELSPLSOL,EQ,,,,,WELSPUN SPECIALTY SOL L,48.42,49.68,48.00,48.41,48.00,48.28,,48.43,,,160537,7771995.08,1447,F1,1,,,,,
2026-08-20,2026-08-20,CM,NSE,STK,4235,INE274C01019,WENDT,EQ,,,,,WENDT (INDIA) LIMITED,7966.50,8174.50,7966.00,8109.50,8100.00,7967.50,,8109.88,,,4181,33770149.50,1158,F1,1,,,,,
2026-08-20,2026-08-20,CM,NSE,STK,3799,INE976A01021,WSTCSTPAPR,EQ,,,,,WEST COAST PAPER MILLS LT,615.00,640.60,615.00,636.25,634.15,615.05,,636.23,,,228397,144845789.25,9273,F1,1,,,,,
2026-08-20,2026-08-20,CM,NSE,STK,25403,INE0CJF01024,WCIL,EQ,,,,,WESTERN CARRIERS (IND) L,86.50,87.50,86.00,86.58,86.00,86.09,,86.57,,,55213,4792155.78,930,F1,1,,,,,
2026-08-20,2026-08-20,CM,NSE,STK,11580,INE274F01020,WESTLIFE,EQ,,,,,WESTLIFE FOODWORLD LTD,572.35,602.00,572.30,594.50,590.50,574.45,,594.47,,,276447,163284355.40,15930,F1,1,,,,,
2026-08-20,2026-08-20,CM,NSE,STK,759434,INE085001019,WEWORK,EQ,,,,,WEWORK INDIA MANAGEMENT L,695.00,695.50,686.60,688.15,686.60,691.65,,688.15,,,112770,77943438.90,8199,F1,1,,,,,
2026-08-20,2026-08-20,CM,NSE,STK,3766,INE715A01015,WHEELS,EQ,,,,,WHEELS INDIA LTD,1480.00,1494.70,1450.10,1483.80,1480.00,1466.10,,1483.75,,,113279,166641930.80,9037,F1,1,,,,,
2026-08-20,2026-08-20,CM,NSE,STK,18011,INE716A01013,WHIRLPOOL,EQ,,,,,WHIRLPOOL OF INDIA LTD,755.60,780.95,754.40,775.75,775.70,753.45,,775.75,,,398043,305908902.40,17052,F1,1,,,,,
2026-08-20,2026-08-20,CM,NSE,STK,3772,INE210A01017,WILLAMAGOR,EQ,,,,,WILLIAMSON MAGOR,25.10,25.72,24.50,24.85,24.85,24.52,,25.03,,,1880,47283.64,41,F1,1,,,,,
2026-08-20,2026-08-20,CM,NSE,STK,5366,INE0H5O01029,WINDLAS,EQ,,,,,WINDLAS BIOTECH LIMITED,970.90,996.00,950.30,988.20,990.00,964.95,,988.12,,,148500,144242575.35,11252,F1,1,,,,,
2026-08-20,2026-08-20,CM,NSE,STK,24969,INE052A01021,WINDMACHIN,EQ,,,,,WINDSOR MACHINES LIMITED,318.00,325.00,314.80,320.50,325.00,314.30,,320.51,,,306105,97888837.55,2616,F1,1,,,,,
2026-08-20,2026-08-20,CM,NSE,STK,24173,INE0S9101013,WINNY,SM,,,,,WINNY IMMIGRA & EDU SER L,33.65,33.70,33.65,33.70,33.70,32.10,,33.70,,,1000,33675.00,2,F1,500,,,,,
2026-08-20,2026-08-20,CM,NSE,STK,23714,INE0S3D01016,WINSOL,SM,,,,,WINSOL ENGINEERS LIMITED,115.40,115.40,115.40,115.40,115.40,113.75,,115.40,,,800,92320.00,2,F1,400,,,,,
2026-08-20,2026-08-20,CM,NSE,STK,3787,INE075A01022,WIPRO,EQ,,,,,WIPRO LTD,181.56,182.46,180.51,181.00,181.00,179.55,,181.00,,,5364164,972044920.39,53548,F1,1,,,,,
2026-08-20,2026-08-20,CM,NSE,STK,22725,INE623Y01011,WTICAB,SM,,,,,WISE TRAVEL INDIA LIMITED,103.05,107.75,101.65,103.60,103.15,103.05,,103.60,,,13500,1408150.00,25,F1,500,,,,,
2026-08-20,2026-08-20,CM,NSE,STK,7506,INE049B01025,WOCKPHARMA,EQ,,,,,WOCKHARDT LIMITED,1844.00,1852.40,1825.00,1830.60,1832.00,1826.00,,1830.59,,,258015,473277802.70,18103,F1,1,,,,,
2026-08-20,2026-08-20,CM,NSE,STK,19627,INE0Q9601016,WOMANCART,SM,,,,,WOMANCART LIMITED,113.85,116.50,109.70,114.40,115.00,109.85,,114.40,,,80000,9136160.00,157,F1,400,,,,,
2026-08-20,2026-08-20,CM,NSE,STK,7835,INE02WG01024,WEL,EQ,,,,,WONDER ELECTRICALS LTD,148.40,149.78,132.00,136.04,133.80,146.26,,136.05,,,1505698,213479586.05,10764,F1,1,,,,,
2026-08-20,2026-08-20,CM,NSE,STK,3002,INE066O01014,WONDERLA,EQ,,,,,WONDERLA HOLIDAYS LTD.,484.90,498.90,480.35,490.10,488.00,480.95,,490.06,,,509660,248770115.20,10636,F1,1,,,,,
2026-08-20,2026-08-20,CM,NSE,STK,22277,INE196Y01018,WORTHPERI,EQ,,,,,WORTH PERIPHERALS LIMITED,152.66,159.00,152.66,157.85,158.00,152.59,,157.85,,,50138,7862591.64,1880,F1,1,,,,,
2026-08-20,2026-08-20,CM,NSE,STK,11705,INE692G01013,XCHANGING,EQ,,,,,XCHANGING SOLUTIONS LTD,61.90,62.19,61.05,61.28,61.05,61.19,,61.36,,,42060,2588607.59,700,F1,1,,,,,
2026-08-20,2026-08-20,CM,NSE,STK,8477,INE01P501012,XELPMOC,EQ,,,,,XELPMOC DESIGN & TECH LTD,81.60,81.60,75.50,76.22,76.00,77.97,,76.23,,,35811,2760502.89,417,F1,1,,,,,
2026-08-20,2026-08-20,CM,NSE,STK,11407,INE445C01015,XPROINDIA,EQ,,,,,XPRO INDIA LIMITED,1123.40,1139.50,1091.20,1121.10,1124.00,1106.80,,1121.10,,,75034,83458671.40,5491,F1,1,,,,,
2026-08-20,2026-08-20,CM,NSE,STK,25235,INE547B01028,XTGLOBAL,EQ,,,,,XTGLOBAL INFOTECH LIMITED,29.49,29.49,28.55,28.67,28.98,29.02,,28.70,,,40422,1180291.91,296,F1,1,,,,,
2026-08-20,2026-08-20,CM,NSE,STK,764312,INE0NG701011,XTRANET,EQ,,,,,XTRANET TECHNOLOGIES LTD,161.00,166.54,155.61,160.18,160.30,169.11,,160.17,,,961012,155387377.49,13007,F1,1,,,,,
2026-08-20,2026-08-20,CM,NSE,STK,760870,INE0U0J01015,YAAP,SM,,,,,YAAP DIGITAL LIMITED,138.00,138.75,138.00,138.00,138.00,138.55,,138.00,,,7000,967900.00,7,F1,1000,,,,,
2026-08-20,2026-08-20,CM,NSE,STK,23451,INE0TO601017,YASHOPTICS,SM,,,,,YASH OPTICS & LENS LTD,111.20,111.20,109.50,109.50,109.50,111.20,,109.50,,,3200,353160.00,4,F1,800,,,,,
2026-08-20,2026-08-20,CM,NSE,STK,18131,INE616Z01012,YASHO,EQ,,,,,YASHO INDUSTRIES LIMITED,4500.00,4500.00,4230.00,4284.20,4284.80,4470.80,,4283.62,,,123163,536653605.80,26639,F1,1,,,,,
2026-08-20,2026-08-20,CM,NSE,STK,17738,INE0JO301016,YATHARTH,EQ,,,,,YATHARTH HOSP & TRA C S L,849.60,859.00,844.00,847.85,848.15,852.35,,847.90,,,193401,164545614.80,13189,F1,1,,,,,
2026-08-20,2026-08-20,CM,NSE,STK,18760,INE0JR601024,YATRA,EQ,,,,,YATRA ONLINE LIMITED,114.00,116.99,113.10,114.64,114.51,113.35,,114.64,,,961985,110854555.07,8108,F1,1,,,,,
2026-08-20,2026-08-20,CM,NSE,STK,11915,INE528G01035,YESBANK,EQ,,,,,YES BANK LIMITED,22.80,22.96,22.73,22.74,22.74,22.74,,22.74,,,34376881,784997723.71,62613,F1,1,,,,,
2026-08-20,2026-08-20,CM,NSE,STK,765010,INE290E01011,YOGI,EQ,,,,,YOGI LTD.,164.50,169.90,160.00,160.00,160.00,164.00,,160.71,,,294,49210.78,9,F1,1,,,,,
2026-08-20,2026-08-20,CM,NSE,STK,18040,INE09FA01019,YUDIZ,SM,,,,,YUDIZ SOLUTIONS LIMITED,23.30,23.35,22.25,22.95,22.95,22.25,,22.95,,,8000,182240.00,9,F1,800,,,,,
2026-08-20,2026-08-20,CM,NSE,STK,5501,INE384C01016,YUKEN,EQ,,,,,YUKEN INDIA LIMITED,949.00,978.00,934.05,952.35,950.00,937.90,,952.32,,,60793,58179351.85,2831,F1,1,,,,,
2026-08-20,2026-08-20,CM,NSE,STK,4229,INE116C01012,ZFSTEERING,EQ,,,,,Z F STEERING GEAR (I) LTD,685.00,685.00,665.40,668.00,668.00,673.75,,668.00,,,25700,17200944.40,426,F1,1,,,,,
2026-08-20,2026-08-20,CM,NSE,STK,23976,INE0ISZ01012,ZTECH,SM,,,,,Z-TECH (INDIA) LIMITED,495.00,509.00,490.00,502.60,504.05,494.85,,502.60,,,28800,14409900.00,59,F1,300,,,,,
2026-08-20,2026-08-20,CM,NSE,STK,18608,INE07K301024,ZAGGLE,EQ,,,,,ZAGGLE PREPA OCEAN SER L,186.88,199.67,184.01,197.56,198.52,186.04,,197.54,,,26112983,5069848089.19,173188,F1,1,,,,,
2026-08-20,2026-08-20,CM,NSE,STK,17766,INE0PPS01018,ZEAL,SM,,,,,ZEAL GLOBAL SERVICES LTD,63.00,63.00,60.70,61.75,62.00,64.05,,61.75,,,6600,409830.00,9,F1,600,,,,,
2026-08-20,2026-08-20,CM,NSE,STK,3812,INE256A01028,ZEEL,EQ,,,,,ZEE ENTERTAINMENT ENT LTD,103.20,109.49,102.75,108.03,108.20,102.22,,108.03,,,45642965,4899673608.28,138087,F1,1,,,,,
2026-08-20,2026-08-20,CM,NSE,STK,20856,INE565L01011,ZEELEARN,BE,,,,,ZEE LEARN LIMITED,7.79,8.00,7.68,7.75,7.80,7.76,,7.75,,,281953,2199507.19,388,F1,1,,,,,
2026-08-20,2026-08-20,CM,NSE,STK,14003,INE966H01019,ZEEMEDIA,EQ,,,,,ZEE MEDIA CORPORATION LTD,9.25,9.50,9.20,9.40,9.41,9.26,,9.40,,,4191629,39131758.18,2848,F1,1,,,,,
2026-08-20,2026-08-20,CM,NSE,STK,7508,INE251B01027,ZENTEC,EQ,,,,,ZEN TECHNOLOGIES LIMITED,1940.00,1945.00,1882.50,1909.10,1910.00,1932.60,,1909.07,,,488261,931529858.10,30274,F1,1,,,,,
2026-08-20,2026-08-20,CM,NSE,STK,22803,INE0QWN01013,ZENITHDRUG,SM,,,,,ZENITH DRUGS LIMITED,42.60,44.00,42.50,44.00,44.00,42.60,,44.00,,,6400,273360.00,8,F1,800,,,,,
2026-08-20,2026-08-20,CM,NSE,STK,4176,INE058B01018,ZENITHEXPO,EQ,,,,,ZENITH EXPORTS LTD,217.68,217.68,204.00,207.24,205.00,207.32,,207.25,,,1071,227075.70,69,F1,1,,,,,
2026-08-20,2026-08-20,CM,NSE,STK,14562,INE318D01020,ZENITHSTL,EQ,,,,,ZENITH STEEL PIP IND LTD,5.40,5.52,5.30,5.36,5.36,5.40,,5.36,,,89484,483756.97,314,F1,1,,,,,
2026-08-20,2026-08-20,CM,NSE,STK,1076,INE520A01027,ZENSARTECH,EQ,,,,,ZENSAR TECHNOLOGIES  LTD,480.30,493.75,480.30,484.95,484.30,477.85,,484.92,,,602002,293924316.95,17558,F1,1,,,,,
2026-08-20,2026-08-20,CM,NSE,STK,22901,INF0R8F01042,GOLDCASE,EQ,,,,,ZERODHAAMC - GOLDCASE,24.41,24.61,24.34,24.56,24.55,23.93,,24.56,,,10970966,269413832.43,9461,F1,1,,,,,
2026-08-20,2026-08-20,CM,NSE,STK,21750,INF0R8F01034,LIQUIDCASE,EQ,,,,,ZERODHAAMC - LIQUIDCASE,115.54,115.56,115.54,115.55,115.56,115.53,,115.55,,,11632648,1344131972.69,14139,F1,1,,,,,
2026-08-20,2026-08-20,CM,NSE,STK,758705,INF0R8F01133,LTGILTCASE,EQ,,,,,ZERODHAAMC - LTGILTCASE,30.70,30.70,30.48,30.55,30.49,30.58,,30.55,,,51519,1574384.38,138,F1,1,,,,,
2026-08-20,2026-08-20,CM,NSE,STK,24077,INF0R8F01059,MID150CASE,EQ,,,,,ZERODHAAMC - MID150CASE,11.93,11.93,11.72,11.77,11.76,11.70,,11.76,,,711010,8389612.12,2820,F1,1,,,,,
2026-08-20,2026-08-20,CM,NSE,STK,759302,INF0R8F01166,NIFTYCASE,EQ,,,,,ZERODHAAMC - NIFTYCASE,9.77,9.77,9.70,9.74,9.76,9.67,,9.74,,,606633,5907594.92,1312,F1,1,,,,,
2026-08-20,2026-08-20,CM,NSE,STK,30274,INF0R8F01091,SILVERCASE,EQ,,,,,ZERODHAAMC - SILVERCASE,23.80,24.08,23.80,23.90,23.88,22.97,,23.90,,,12583213,301276495.36,7785,F1,1,,,,,
2026-08-20,2026-08-20,CM,NSE,STK,758955,INF0R8F01141,SML100CASE,EQ,,,,,ZERODHAAMC - SML100CASE,11.41,11.41,11.23,11.31,11.28,11.19,,11.31,,,914092,10335338.32,1151,F1,1,,,,,
2026-08-20,2026-08-20,CM,NSE,STK,24081,INF0R8F01067,TOP100CASE,EQ,,,,,ZERODHAAMC - TOP100CASE,10.80,10.80,10.48,10.67,10.69,10.59,,10.67,,,500622,5341025.93,847,F1,1,,,,,
2026-08-20,2026-08-20,CM,NSE,STK,16915,INE342J01019,ZFCVINDIA,EQ,,,,,ZF COM VE CTR SYS IND LTD,2648.00,2670.10,2618.40,2621.50,2621.00,2616.90,,2621.48,,,37817,99740492.60,9315,F1,1,,,,,
2026-08-20,2026-08-20,CM,NSE,STK,12384,INE518E01015,ZIMLAB,EQ,,,,,ZIM LABORATORIES LIMITED,120.00,124.90,117.55,121.00,119.00,118.04,,121.00,,,92524,11216057.64,2799,F1,1,,,,,
2026-08-20,2026-08-20,CM,NSE,STK,3821,INE206B01013,ZODIACLOTH,EQ,,,,,ZODIAC CLOTHING CO. LTD.,74.01,76.36,74.01,74.21,74.89,74.49,,74.21,,,5674,425577.95,82,F1,1,,,,,
2026-08-20,2026-08-20,CM,NSE,STK,7129,INE761Y01019,ZODIAC,EQ,,,,,ZODIAC ENERGY LIMITED,245.30,251.75,238.00,242.55,242.00,245.25,,242.80,,,12697,3109432.40,878,F1,1,,,,,
2026-08-20,2026-08-20,CM,NSE,STK,11394,INE358U01012,ZOTA,EQ,,,,,ZOTA HEALTH CARE LIMITED,1115.20,1115.20,1075.00,1076.70,1077.00,1114.90,,1076.70,,,74555,81250994.80,3814,F1,1,,,,,
2026-08-20,2026-08-20,CM,NSE,STK,29050,INE840M01016,ZUARI,EQ,,,,,ZUARI AGRO CHEMICALS LTD,225.09,230.00,223.75,225.89,225.50,225.50,,225.89,,,138468,31518395.66,3624,F1,1,,,,,
2026-08-20,2026-08-20,CM,NSE,STK,3827,INE217A01012,ZUARIIND,EQ,,,,,ZUARI INDUSTRIES LIMITED,268.90,287.90,261.85,285.15,287.30,262.10,,285.19,,,505086,141552316.05,9158,F1,1,,,,,
2026-08-20,2026-08-20,CM,NSE,STK,7929,INE010B01027,ZYDUSLIFE,EQ,,,,,ZYDUS LIFESCIENCES LTD,1117.00,1124.00,1105.80,1107.70,1107.70,1104.50,,1107.70,,,987960,1099171341.50,22387,F1,1,,,,,
2026-08-20,2026-08-20,CM,NSE,STK,17635,INE768C01028,ZYDUSWELL,EQ,,,,,ZYDUS WELLNESS LIMITED,493.00,505.70,493.00,501.30,505.00,492.70,,501.35,,,141793,71015872.85,11917,F1,1,,,,,
