TradDt,BizDt,Sgmt,Src,FinInstrmTp,FinInstrmId,ISIN,TckrSymb,SctySrs,XpryDt,FininstrmActlXpryDt,StrkPric,OptnTp,FinInstrmNm,OpnPric,HghPric,LwPric,ClsPric,LastPric,PrvsClsgPric,UndrlygPric,SttlmPric,OpnIntrst,ChngInOpnIntrst,TtlTradgVol,TtlTrfVal,TtlNbOfTxsExctd,SsnId,NewBrdLotQty,Rmks,Rsvd1,Rsvd2,Rsvd3,Rsvd4
2026-08-18,2026-08-18,CM,NSE,STK,19078,IN0020200104,SGBJUN28,GB,,,,,2.5%GOLDBONDS2028SR-III,15145.00,15250.00,15101.00,15222.45,15250.00,15145.98,,15222.45,,,91,1383390.97,29,F1,1,,,,,
2026-08-18,2026-08-18,CM,NSE,STK,1342,IN0020200286,SGBN28VIII,GB,,,,,2.5%GOLDBONDS2028SR-VIII,15150.00,15269.85,15150.00,15232.99,15240.00,15157.00,,15232.99,,,91,1385912.01,29,F1,1,,,,,
2026-08-18,2026-08-18,CM,NSE,STK,3742,IN0020210053,SGBMAY29I,GB,,,,,2.5%GOLDBONDS2029SR-I,15171.80,15259.98,15166.00,15244.54,15241.00,15170.88,,15244.56,,,534,8128250.73,94,F1,1,,,,,
2026-08-18,2026-08-18,CM,NSE,STK,3743,IN0020210061,SGBJUN29II,GB,,,,,2.5%GOLDBONDS2029SR-II,15168.90,15249.00,15153.00,15241.50,15249.00,15168.89,,15240.71,,,118,1794800.76,14,F1,1,,,,,
2026-08-18,2026-08-18,CM,NSE,STK,3800,IN0020210087,SGBJU29III,GB,,,,,2.5%GOLDBONDS2029SR-III,15111.00,15270.00,15111.00,15233.51,15200.01,15154.50,,15228.90,,,144,2193186.51,25,F1,1,,,,,
2026-08-18,2026-08-18,CM,NSE,STK,5575,IN0020210145,SGBSEP29VI,GB,,,,,2.5%GOLDBONDS2029SR-VI,15305.02,15398.00,15305.02,15384.33,15390.00,15342.27,,15384.33,,,278,4267544.26,32,F1,1,,,,,
2026-08-18,2026-08-18,CM,NSE,STK,6518,IN0020210178,SGBNV29VII,GB,,,,,2.5%GOLDBONDS2029SR-VII,15175.00,15272.40,15151.00,15259.90,15260.00,15186.83,,15259.90,,,360,5480279.17,30,F1,1,,,,,
2026-08-18,2026-08-18,CM,NSE,STK,5960,IN0020180249,SGBOCT26,GB,,,,,2.50%GOLDBONDS2026SR-II,15200.00,15225.00,15200.00,15225.00,15225.00,15200.00,,15225.00,,,17,258440.00,6,F1,1,,,,,
2026-08-18,2026-08-18,CM,NSE,STK,6355,IN0020180314,SGBNOV26,GB,,,,,2.50%GOLDBONDS2026SR-III,15150.00,15270.00,15125.00,15270.00,15270.00,15150.00,,15185.01,,,13,197550.00,6,F1,1,,,,,
2026-08-18,2026-08-18,CM,NSE,STK,10261,IN0020190073,SGBJUN27,GB,,,,,2.50%GOLDBONDS2027SR-I,15221.00,15221.00,15221.00,15221.00,15221.00,15148.68,,15221.00,,,1,15221.00,1,F1,1,,,,,
2026-08-18,2026-08-18,CM,NSE,STK,11154,IN0020190081,SGBJUL27,GB,,,,,2.50%GOLDBONDS2027SR-II,15020.00,15170.00,15020.00,15170.00,15170.00,15189.99,,15170.00,,,2,30190.00,2,F1,1,,,,,
2026-08-18,2026-08-18,CM,NSE,STK,12904,IN0020190107,SGBAUG27,GB,,,,,2.50%GOLDBONDS2027SR-III,15165.00,15250.00,15165.00,15200.00,15200.00,15168.26,,15200.00,,,44,670020.50,17,F1,1,,,,,
2026-08-18,2026-08-18,CM,NSE,STK,13209,IN0020190115,SGBSEP27,GB,,,,,2.50%GOLDBONDS2027SR-IV,15398.99,15399.00,15398.99,15399.00,15399.00,15360.00,,15399.00,,,42,646757.78,2,F1,1,,,,,
2026-08-18,2026-08-18,CM,NSE,STK,8308,IN0020180462,SGBJAN27,GB,,,,,2.50%GOLDBONDS2027SR-V,15196.90,15196.90,15196.90,15196.90,15196.90,15074.50,,15196.90,,,3,45590.70,2,F1,1,,,,,
2026-08-18,2026-08-18,CM,NSE,STK,13981,IN0020190370,SGBOCT27,GB,,,,,2.50%GOLDBONDS2027SR-V,15250.01,15300.00,15250.01,15300.00,15300.00,15250.00,,15300.00,,,3,45849.01,3,F1,1,,,,,
2026-08-18,2026-08-18,CM,NSE,STK,8766,IN0020180561,SGBFEB27,GB,,,,,2.50%GOLDBONDS2027SR-VI,15149.00,15149.00,15149.00,15149.00,15149.00,15169.55,,15100.00,,,3,45447.00,2,F1,1,,,,,
2026-08-18,2026-08-18,CM,NSE,STK,18862,IN0020200062,SGBAPR28I,GB,,,,,2.50%GOLDBONDS2028SR-I,15239.09,15300.00,15239.09,15259.27,15252.01,15239.09,,15265.63,,,152,2319299.65,38,F1,1,,,,,
2026-08-18,2026-08-18,CM,NSE,STK,18972,IN0020200088,SGBMAY28,GB,,,,,2.50%GOLDBONDS2028SR-II,15101.00,15270.00,15101.00,15256.99,15257.00,15187.78,,15256.99,,,956,14567432.82,55,F1,1,,,,,
2026-08-18,2026-08-18,CM,NSE,STK,22242,IN0020200146,SGBJUL28IV,GB,,,,,2.50%GOLDBONDS2028SR-IV,15137.98,15239.00,15101.00,15222.75,15239.00,15137.98,,15222.75,,,235,3565105.03,42,F1,1,,,,,
2026-08-18,2026-08-18,CM,NSE,STK,17664,IN0020190545,SGBFEB28IX,GB,,,,,2.50%GOLDBONDS2028SR-IX,15148.00,15200.00,15148.00,15199.00,15199.00,15148.00,,15199.00,,,5,75942.00,4,F1,1,,,,,
2026-08-18,2026-08-18,CM,NSE,STK,22385,IN0020200161,SGBAUG28V,GB,,,,,2.50%GOLDBONDS2028SR-V,15131.00,15235.00,15121.00,15207.10,15201.00,15161.04,,15207.10,,,1161,17624028.70,136,F1,1,,,,,
2026-08-18,2026-08-18,CM,NSE,STK,149,IN0020200195,SGBSEP28VI,GB,,,,,2.50%GOLDBONDS2028SR-VI,15367.00,15480.00,15350.00,15369.00,15355.00,15367.63,,15362.80,,,426,6545099.56,59,F1,1,,,,,
2026-08-18,2026-08-18,CM,NSE,STK,834,IN0020200203,SGBOC28VII,GB,,,,,2.50%GOLDBONDS2028SR-VII,15250.00,15300.00,15201.00,15250.01,15250.01,15260.00,,15225.51,,,605,9221857.19,50,F1,1,,,,,
2026-08-18,2026-08-18,CM,NSE,STK,18451,IN0020190552,SGBMAR28X,GB,,,,,2.50%GOLDBONDS2028SR-X,15379.99,15397.00,15350.00,15397.00,15397.00,15335.00,,15397.00,,,162,2492121.99,6,F1,1,,,,,
2026-08-18,2026-08-18,CM,NSE,STK,5113,IN0020210111,SGBJUL29IV,GB,,,,,2.50%GOLDBONDS2029SR-IV,15149.68,15240.00,15149.68,15187.55,15200.00,15149.68,,15194.49,,,175,2659587.40,32,F1,1,,,,,
2026-08-18,2026-08-18,CM,NSE,STK,1920,IN0020200377,SGBJAN29IX,GB,,,,,2.50%GOLDBONDS2029SR-IX,15199.00,15250.00,15126.00,15242.79,15250.00,15141.84,,15242.79,,,153,2325330.92,24,F1,1,,,,,
2026-08-18,2026-08-18,CM,NSE,STK,5455,IN0020210129,SGBAUG29V,GB,,,,,2.50%GOLDBONDS2029SR-V,15148.26,15276.00,15113.01,15230.00,15230.00,15148.26,,15230.00,,,106,1611951.79,34,F1,1,,,,,
2026-08-18,2026-08-18,CM,NSE,STK,7098,IN0020210228,SGBD29VIII,GB,,,,,2.50%GOLDBONDS2029SR-VIII,15177.00,15255.00,15177.00,15218.75,15216.01,15177.54,,15218.75,,,162,2466144.06,35,F1,1,,,,,
2026-08-18,2026-08-18,CM,NSE,STK,2003,IN0020200385,SGBJAN29X,GB,,,,,2.50%GOLDBONDS2029SR-X,15135.00,15259.00,15135.00,15248.63,15259.00,15135.00,,15248.63,,,64,972835.67,17,F1,1,,,,,
2026-08-18,2026-08-18,CM,NSE,STK,2200,IN0020200393,SGBFEB29XI,GB,,,,,2.50%GOLDBONDS2029SR-XI,15105.01,15202.66,15105.01,15202.66,15202.66,15142.34,,15202.66,,,79,1197192.89,20,F1,1,,,,,
2026-08-18,2026-08-18,CM,NSE,STK,2810,IN0020200427,SGBMR29XII,GB,,,,,2.50%GOLDBONDS2029SR-XII,15310.00,15400.00,15310.00,15393.21,15390.00,15362.85,,15392.90,,,284,4368723.66,31,F1,1,,,,,
2026-08-18,2026-08-18,CM,NSE,STK,10232,IN0020220045,SGBJUN30,GB,,,,,2.50%GOLDBONDS2030SR-I,15201.00,15296.00,15165.00,15285.12,15251.00,15201.00,,15285.12,,,222,3384336.46,53,F1,1,,,,,
2026-08-18,2026-08-18,CM,NSE,STK,11192,IN0020220078,SGBAUG30,GB,,,,,2.50%GOLDBONDS2030SR-II,15224.00,15299.99,15216.00,15286.37,15299.99,15224.00,,15286.37,,,198,3020975.31,63,F1,1,,,,,
2026-08-18,2026-08-18,CM,NSE,STK,13642,IN0020220110,SGBDE30III,GB,,,,,2.50%GOLDBONDS2030SR-III,15232.77,15294.00,15111.00,15250.50,15250.00,15232.77,,15220.10,,,232,3534683.24,50,F1,1,,,,,
2026-08-18,2026-08-18,CM,NSE,STK,7879,IN0020210236,SGBJAN30IX,GB,,,,,2.50%GOLDBONDS2030SR-IX,15188.00,15263.94,15120.99,15200.55,15201.01,15187.88,,15200.55,,,194,2948431.01,44,F1,1,,,,,
2026-08-18,2026-08-18,CM,NSE,STK,8401,IN0020210319,SGBMAR30X,GB,,,,,2.50%GOLDBONDS2030SR-X,15225.00,15300.00,15165.00,15241.48,15240.00,15225.00,,15241.48,,,481,7324035.00,46,F1,1,,,,,
2026-08-18,2026-08-18,CM,NSE,STK,17202,IN0020230069,SGBJUN31I,GB,,,,,2.50%GOLDBONDS2031SR-I,15171.00,15350.00,15171.00,15337.48,15350.00,15281.84,,15333.28,,,340,5197272.58,98,F1,1,,,,,
2026-08-18,2026-08-18,CM,NSE,STK,19456,IN0020230093,SGBSEP31II,GB,,,,,2.50%GOLDBONDS2031SR-II,15330.00,15445.00,15301.01,15414.46,15428.99,15336.62,,15419.05,,,959,14722294.82,186,F1,1,,,,,
2026-08-18,2026-08-18,CM,NSE,STK,22476,IN0020230168,SGBDE31III,GB,,,,,2.50%GOLDBONDS2031SR-III,15474.11,15474.11,15350.00,15431.58,15443.99,15397.12,,15431.58,,,1399,21573942.71,178,F1,1,,,,,
2026-08-18,2026-08-18,CM,NSE,STK,14598,IN0020220169,SGBMAR31IV,GB,,,,,2.50%GOLDBONDS2031SR-IV,15289.00,15360.00,15260.00,15345.06,15350.00,15283.42,,15345.06,,,117,1793877.76,27,F1,1,,,,,
2026-08-18,2026-08-18,CM,NSE,STK,22886,IN0020230184,SGBFEB32IV,GB,,,,,2.50%GOLDBONDS2032SR-IV,15386.32,15554.00,15386.32,15551.35,15554.00,15463.64,,15550.19,,,1687,26137357.00,267,F1,1,,,,,
2026-08-18,2026-08-18,CM,NSE,STK,16921,INE144J01027,20MICRONS,EQ,,,,,20 MICRONS LTD,197.26,198.40,195.20,197.16,197.15,197.26,,197.18,,,72434,14241165.65,1693,F1,1,,,,,
2026-08-18,2026-08-18,CM,NSE,STK,4,INE253B01015,21STCENMGM,EQ,,,,,21ST CENTURY MGMT SERVICE,45.82,45.82,45.11,45.64,45.81,44.93,,45.48,,,6929,316571.30,117,F1,1,,,,,
2026-08-18,2026-08-18,CM,NSE,STK,13061,INE466L01038,360ONE,EQ,,,,,360 ONE WAM LIMITED,1169.00,1185.00,1154.00,1163.60,1163.60,1173.00,,1163.60,,,683646,800157303.30,29376,F1,1,,,,,
2026-08-18,2026-08-18,CM,NSE,STK,30105,INF579M01BB5,GOLD360,EQ,,,,,360ONEAMC - GOLD360,148.90,149.40,148.90,149.00,148.95,148.90,,149.01,,,11623,1732854.65,394,F1,1,,,,,
2026-08-18,2026-08-18,CM,NSE,STK,763602,INF579M01BP5,MSCI360,EQ,,,,,360ONEAMC - MSCI360,10.24,10.39,10.16,10.35,10.39,10.30,,10.34,,,6139,62886.28,14,F1,1,,,,,
2026-08-18,2026-08-18,CM,NSE,STK,756150,INF579M01BC3,SILVER360,EQ,,,,,360ONEAMC - SILVER360,229.47,229.47,227.21,228.08,228.63,229.72,,228.08,,,7406,1689853.21,390,F1,1,,,,,
2026-08-18,2026-08-18,CM,NSE,STK,762518,INE994E01018,3BBLACKBIO,EQ,,,,,3B BLACKBIO DX LTD.,1154.20,1167.80,1142.00,1148.40,1150.00,1148.40,,1147.76,,,7528,8670806.70,507,F1,1,,,,,
2026-08-18,2026-08-18,CM,NSE,STK,6240,INE748C01038,3IINFOLTD,BE,,,,,3I INFOTECH LIMITED,25.00,25.25,24.36,24.36,24.36,25.64,,24.35,,,253855,6214288.70,1140,F1,1,,,,,
2026-08-18,2026-08-18,CM,NSE,STK,474,INE470A01017,3MINDIA,EQ,,,,,3M INDIA LIMITED,35085.00,35290.00,34900.00,34945.00,34900.00,34910.00,,34944.89,,,1635,57359220.00,1040,F1,1,,,,,
2026-08-18,2026-08-18,CM,NSE,STK,2595,INE105C01023,3PLAND,EQ,,,,,3P LAND HOLDINGS LIMITED,32.40,32.50,31.75,32.03,32.00,32.35,,32.03,,,1902,61363.71,64,F1,1,,,,,
2026-08-18,2026-08-18,CM,NSE,STK,445,INE618L01018,5PAISA,EQ,,,,,5PAISA CAPITAL LIMITED,380.80,403.80,380.80,388.30,385.00,380.80,,388.31,,,191663,75747591.00,6273,F1,1,,,,,
2026-08-18,2026-08-18,CM,NSE,STK,11868,INE111B01023,63MOONS,EQ,,,,,63 MOONS TECHNOLOGIES LTD,778.05,780.20,753.00,757.65,757.00,780.25,,757.59,,,274671,209925866.30,10381,F1,1,,,,,
2026-08-18,2026-08-18,CM,NSE,STK,20032,INE261F07057,735NABAR31,N1,,,,,7.35% TAX FREE TRI SRIIA,1115.00,1115.00,1115.00,1115.00,1115.00,1115.00,,1115.00,,,100,111500.00,1,F1,1,,,,,
2026-08-18,2026-08-18,CM,NSE,STK,20034,INE261F07032,764NABAR31,N2,,,,,7.64% TAX FREE TRI SRIIB,1111.00,1111.00,1109.00,1109.00,1109.00,1112.00,,1109.00,,,10,11092.00,2,F1,1,,,,,
2026-08-18,2026-08-18,CM,NSE,STK,19928,INE031A07AO5,764HUDCO31,N8,,,,,7.64% TAX FREETRI SR2B,1133.99,1133.99,1120.00,1125.00,1125.00,1124.00,,1125.00,,,107,120284.49,10,F1,1,,,,,
2026-08-18,2026-08-18,CM,NSE,STK,19930,INE031A07AT4,769HUDCO31,N9,,,,,7.69% TAX FREETRII SR2B,1133.00,1133.00,1131.55,1131.56,1131.55,1130.59,,1131.55,,,251,284094.97,12,F1,1,,,,,
2026-08-18,2026-08-18,CM,NSE,STK,20030,INE202E07229,774IREDA31,N7,,,,,7.74% TAX FREE NCD,1125.01,1125.01,1125.00,1125.00,1125.00,1125.51,,1125.00,,,101,113626.00,2,F1,1,,,,,
2026-08-18,2026-08-18,CM,NSE,STK,31240,INE031A07840,82HUDCO27,N2,,,,,8.20 NCD05MAR27 FV 1000,1054.97,1055.50,1054.97,1055.50,1055.50,1054.14,,1055.50,,,2775,2927603.35,11,F1,1,,,,,
2026-08-18,2026-08-18,CM,NSE,STK,20022,INE134E07208,830PFCL27,N5,,,,,8.30% TAX FREE NCD,1079.12,1080.00,1079.11,1080.00,1080.00,1082.00,,1080.00,,,318,343173.75,3,F1,1,,,,,
2026-08-18,2026-08-18,CM,NSE,STK,192,INE906B07DF8,875NHAI29,N6,,,,,8.75% TAX FREE TR I S IIB,1118.00,1119.00,1111.51,1111.99,1111.51,1112.00,,1111.99,,,693,771492.57,24,F1,1,,,,,
2026-08-18,2026-08-18,CM,NSE,STK,19968,INE031A07949,876HUDCO28,ND,,,,,8.76% TAX FREETRI SR2B,1138.00,1138.00,1138.00,1138.00,1138.00,1137.50,,1138.00,,,278,316364.00,8,F1,1,,,,,
2026-08-18,2026-08-18,CM,NSE,STK,20058,INE787H07370,891IIFCL34,N4,,,,,8.91% TAX FREE NCD,1250.25,1250.25,1250.25,1250.25,1250.25,1267.90,,1250.25,,,3,3750.75,1,F1,1,,,,,
2026-08-18,2026-08-18,CM,NSE,STK,31768,INE733E07JJ9,891NTPC33,N6,,,,,8.91%S-R-NCD SERIES 3B,1280.00,1280.00,1280.00,1280.00,1280.00,1280.00,,1280.00,,,199,254720.00,3,F1,1,,,,,
2026-08-18,2026-08-18,CM,NSE,STK,31487,INE848E07567,892NHPC33,N6,,,,,8.92% SEC RED BOND S3B,1265.00,1265.00,1262.00,1262.00,1262.00,1264.00,,1262.00,,,360,454960.00,3,F1,1,,,,,
2026-08-18,2026-08-18,CM,NSE,STK,20028,INE134E07463,892PFCL33,N8,,,,,8.92% TAX FREE NCD,1280.42,1280.42,1275.10,1275.10,1275.10,1280.42,,1277.05,,,213,272106.16,6,F1,1,,,,,
2026-08-18,2026-08-18,CM,NSE,STK,19970,INE031A07AB2,901HUDCO34,NE,,,,,9.01% TAX FREETRII SR3B,1288.00,1288.00,1288.00,1288.00,1288.00,1288.00,,1288.00,,,90,115920.00,2,F1,1,,,,,
2026-08-18,2026-08-18,CM,NSE,STK,759130,INE08PH01015,ABCOTS,EQ,,,,,A B COTSPIN INDIA LIMITED,202.48,225.00,201.88,217.40,217.35,199.66,,217.39,,,152579,32881988.55,4222,F1,1,,,,,
2026-08-18,2026-08-18,CM,NSE,STK,27020,INE00YB01025,ABINFRA,EQ,,,,,A B INFRABUILD LIMITED,11.33,12.99,10.98,12.57,12.88,11.36,,12.58,,,25170295,299764082.46,134759,F1,1,,,,,
2026-08-18,2026-08-18,CM,NSE,STK,762528,INE850B01026,ABMKNO,EQ,,,,,A B M KNOWLEDGEWARE LTD.,195.00,200.00,190.00,192.10,192.10,197.00,,192.10,,,2037,395789.78,37,F1,1,,,,,
2026-08-18,2026-08-18,CM,NSE,STK,762533,INE366C01021,ACSTECH,EQ,,,,,A C S TECHNOLOGIES LTD.,52.00,52.20,49.61,49.92,49.74,50.92,,49.93,,,343255,17385904.04,1765,F1,1,,,,,
2026-08-18,2026-08-18,CM,NSE,STK,762538,INE701G01012,AKCAPIT,EQ,,,,,A K CAPITAL SERVICES LTD.,1750.70,1800.00,1740.10,1762.70,1750.00,1747.90,,1753.09,,,1966,3453301.80,436,F1,1,,,,,
2026-08-18,2026-08-18,CM,NSE,STK,20906,INE619I01012,A2ZINFRA,EQ,,,,,A2Z INFRA ENGINEERING LTD,14.21,14.64,14.21,14.26,14.34,14.49,,14.27,,,101272,1450492.31,313,F1,1,,,,,
2026-08-18,2026-08-18,CM,NSE,STK,12533,INE0D0U01013,AAATECH,EQ,,,,,AAA TECHNOLOGIES LIMITED,92.18,94.00,91.00,92.81,92.70,91.98,,92.78,,,14270,1319769.94,309,F1,1,,,,,
2026-08-18,2026-08-18,CM,NSE,STK,23729,INE883F01010,AADHARHFC,EQ,,,,,AADHAR HOUSING FINANCE L,487.65,493.85,482.00,487.40,486.00,487.65,,487.40,,,286979,140029916.20,19334,F1,1,,,,,
2026-08-18,2026-08-18,CM,NSE,STK,757579,INE1GYP01013,AAKAAR,SM,,,,,AAKAAR MEDICAL TECHNO LTD,50.60,53.05,50.60,53.05,53.05,50.55,,53.05,,,14400,752880.00,8,F1,1600,,,,,
2026-08-18,2026-08-18,CM,NSE,STK,235,INE087Z01024,AAKASH,EQ,,,,,AAKASH EXPLORATION SER L,8.71,9.59,8.71,9.13,9.17,8.77,,9.13,,,400049,3674256.03,924,F1,1,,,,,
2026-08-18,2026-08-18,CM,NSE,STK,5245,INE198H01019,AAREYDRUGS,EQ,,,,,AAREY DRUGS & PHARM LTD,83.01,85.46,81.31,82.16,83.01,85.58,,82.16,,,668238,55481356.35,459,F1,1,,,,,
2026-08-18,2026-08-18,CM,NSE,STK,761821,INE750R01016,AARNAV,EQ,,,,,AARNAV FASHIONS LIMITED,31.35,36.04,30.70,35.37,35.74,31.23,,35.38,,,220800,7530905.96,2863,F1,1,,,,,
2026-08-18,2026-08-18,CM,NSE,STK,1030,INE721Z01010,AARON,EQ,,,,,AARON INDUSTRIES LIMITED,142.20,146.00,141.63,143.78,143.80,138.85,,143.78,,,35017,5048069.02,1192,F1,1,,,,,
2026-08-18,2026-08-18,CM,NSE,STK,17164,INE01C001026,AARTECH,BE,,,,,AARTECH SOLONICS LIMITED,50.00,53.36,49.00,51.38,51.29,50.82,,51.38,,,261953,13518057.97,478,F1,1,,,,,
2026-08-18,2026-08-18,CM,NSE,STK,4481,INE767A01016,AARTIDRUGS,EQ,,,,,AARTI DRUGS LTD.,410.75,415.20,404.50,412.80,413.00,410.75,,412.82,,,98898,40768875.15,4057,F1,1,,,,,
2026-08-18,2026-08-18,CM,NSE,STK,7,INE769A01020,AARTIIND,EQ,,,,,AARTI INDUSTRIES LTD,526.00,533.80,520.85,530.10,532.00,526.70,,530.08,,,830422,437596621.45,23267,F1,1,,,,,
2026-08-18,2026-08-18,CM,NSE,STK,13868,INE0LRU01027,AARTIPHARM,EQ,,,,,AARTI PHARMALABS LIMITED,861.95,892.00,850.00,874.55,874.50,861.95,,874.29,,,316783,277767444.50,17793,F1,1,,,,,
2026-08-18,2026-08-18,CM,NSE,STK,19263,INE09EO01013,AARTISURF,BE,,,,,AARTI SURFACTANTS LIMITED,594.40,594.40,594.40,594.40,594.40,625.65,,594.40,,,6862,4078772.80,257,F1,1,,,,,
2026-08-18,2026-08-18,CM,NSE,STK,19073,INE754X01016,AARVI,EQ,,,,,AARVI ENCON LIMITED,152.00,157.00,150.10,151.93,151.25,152.60,,151.93,,,42604,6476758.81,826,F1,1,,,,,
2026-08-18,2026-08-18,CM,NSE,STK,763800,INE2FMX01012,AASTHA,EQ,,,,,AASTHA SPINTEX LIMITED,74.00,74.20,73.00,73.03,73.28,73.21,,73.03,,,433445,31749741.13,2090,F1,1,,,,,
2026-08-18,2026-08-18,CM,NSE,STK,16961,INE0OB201016,AATMAJ,SM,,,,,AATMAJ HEALTHCARE LIMITED,20.50,20.50,19.00,19.00,19.00,18.10,,19.00,,,10000,197000.00,5,F1,2000,,,,,
2026-08-18,2026-08-18,CM,NSE,STK,5385,INE216P01012,AAVAS,EQ,,,,,AAVAS FINANCIERS LIMITED,1375.00,1393.90,1375.00,1388.30,1388.00,1389.80,,1388.19,,,49386,68457770.20,8366,F1,1,,,,,
2026-08-18,2026-08-18,CM,NSE,STK,7759,INE421A01028,ABAN,BE,,,,,ABAN OFFSHORE LTD.,17.74,17.74,17.74,17.74,17.74,18.10,,17.56,,,2547,45183.78,26,F1,1,,,,,
2026-08-18,2026-08-18,CM,NSE,STK,762523,INE365O01028,ABANSENT,EQ,,,,,ABANS ENTERPRISES LTD.,32.79,32.79,30.30,30.30,30.30,31.89,,30.30,,,28145,862085.42,241,F1,1,,,,,
2026-08-18,2026-08-18,CM,NSE,STK,13288,INE00ZE01026,AFSL,EQ,,,,,ABANS FINANCIAL SRVCS LTD,202.95,206.70,201.12,205.55,204.31,201.20,,205.88,,,6846,1388379.79,219,F1,1,,,,,
2026-08-18,2026-08-18,CM,NSE,STK,13,INE117A01022,ABB,EQ,,,,,ABB INDIA LIMITED,7660.00,7734.00,7528.50,7546.00,7546.00,7660.00,,7546.20,,,126259,961408357.00,17246,F1,1,,,,,
2026-08-18,2026-08-18,CM,NSE,STK,17903,INE358A01014,ABBOTINDIA,EQ,,,,,ABBOTT INDIA LIMITED,26900.00,26900.00,26510.00,26580.00,26520.00,26905.00,,26580.92,,,4509,120013140.00,2161,F1,1,,,,,
2026-08-18,2026-08-18,CM,NSE,STK,27284,INE0UYG01015,ABHAPOWER,SM,,,,,ABHA POWER N STEEL LTD,25.00,25.50,25.00,25.50,25.50,25.20,,25.50,,,3200,80800.00,2,F1,1600,,,,,
2026-08-18,2026-08-18,CM,NSE,STK,5551,INE251C01025,ABMINTLLTD,BE,,,,,ABM INTERNATIONAL LTD,53.39,53.39,53.39,53.39,53.39,56.20,,53.39,,,906,48371.34,20,F1,1,,,,,
2026-08-18,2026-08-18,CM,NSE,STK,23786,INE0QRV01016,ABSMARINE,ST,,,,,ABS MARINE SERVICES LTD,240.10,247.95,236.90,238.05,239.95,246.05,,238.05,,,43000,10350675.00,73,F1,500,,,,,
2026-08-18,2026-08-18,CM,NSE,STK,22,INE012A01025,ACC,EQ,,,,,ACC LIMITED,1317.00,1319.20,1301.10,1303.80,1304.50,1316.60,,1303.89,,,116554,152708571.50,8357,F1,1,,,,,
2026-08-18,2026-08-18,CM,NSE,STK,7053,INE793A01012,ACCELYA,EQ,,,,,ACCELYA SOLN INDIA LTD,1139.90,1140.00,1126.00,1130.80,1135.00,1134.30,,1130.70,,,4118,4660681.40,578,F1,1,,,,,
2026-08-18,2026-08-18,CM,NSE,STK,20488,INE0Q5D01013,ACCENTMIC,SM,,,,,ACCENT MICROCELL LIMITED,588.50,602.00,587.15,594.55,597.50,587.60,,594.55,,,55000,32714150.00,99,F1,500,,,,,
2026-08-18,2026-08-18,CM,NSE,STK,757024,INE0T8T01010,ACCPL,ST,,,,,ACCRETION PHARMA LIMITED,195.00,200.05,195.00,200.00,200.05,195.00,,200.00,,,16800,3341340.00,13,F1,1200,,,,,
2026-08-18,2026-08-18,CM,NSE,STK,1472,INE648Z01023,ACCURACY,BE,,,,,ACCURACY SHIPPING LIMITED,4.77,4.79,4.63,4.65,4.66,4.75,,4.65,,,38884,182367.45,166,F1,1,,,,,
2026-08-18,2026-08-18,CM,NSE,STK,11779,INE543V01017,ACEINTEG,EQ,,,,,ACE INTEGRATED SOLU. LTD.,17.50,18.75,17.50,18.27,18.30,17.78,,18.27,,,4121,75547.31,80,F1,1,,,,,
2026-08-18,2026-08-18,CM,NSE,STK,27061,INE622W01025,ACMESOLAR,EQ,,,,,ACME SOLAR HOLDINGS LTD,363.70,372.95,361.80,371.75,372.25,364.90,,371.74,,,609731,224327368.50,17914,F1,1,,,,,
2026-08-18,2026-08-18,CM,NSE,STK,13587,INE731H01025,ACE,EQ,,,,,ACTION CONST EQUIP LTD,1117.10,1188.00,1117.00,1184.80,1184.00,1113.70,,1184.81,,,1694531,1982359517.70,68991,F1,1,,,,,
2026-08-18,2026-08-18,CM,NSE,STK,30464,INE0KLO01025,ACTIVEINFR,SM,,,,,ACTIVE INFRASTRUCTURES L,170.00,170.00,170.00,170.00,170.00,170.00,,170.00,,,600,102000.00,1,F1,600,,,,,
2026-08-18,2026-08-18,CM,NSE,STK,5578,INE00FF01025,ACUTAAS,EQ,,,,,ACUTAAS CHEMICALS LIMITED,3190.00,3399.80,3189.90,3391.40,3391.00,3198.20,,3391.23,,,423370,1405152355.90,45584,F1,1,,,,,
2026-08-18,2026-08-18,CM,NSE,STK,10217,INE931S01010,ADANIENSOL,EQ,,,,,ADANI ENERGY SOLUTION LTD,1589.00,1630.00,1583.10,1603.00,1603.00,1589.10,,1602.96,,,2294009,3688047384.40,43684,F1,1,,,,,
2026-08-18,2026-08-18,CM,NSE,STK,25,INE423A01024,ADANIENT,EQ,,,,,ADANI ENTERPRISES LIMITED,3014.00,3036.00,3002.50,3002.50,3002.50,3007.30,,3002.54,,,721988,2183006634.20,31926,F1,1,,,,,
2026-08-18,2026-08-18,CM,NSE,STK,3563,INE364U01010,ADANIGREEN,EQ,,,,,ADANI GREEN ENERGY LTD,1327.60,1336.40,1308.00,1308.00,1308.00,1327.60,,1308.04,,,925260,1223797712.40,24553,F1,1,,,,,
2026-08-18,2026-08-18,CM,NSE,STK,15083,INE742F01042,ADANIPORTS,EQ,,,,,ADANI PORT & SEZ LTD,1691.60,1693.70,1667.00,1682.40,1682.40,1691.00,,1682.40,,,1298165,2181818449.50,48597,F1,1,,,,,
2026-08-18,2026-08-18,CM,NSE,STK,17388,INE814H01029,ADANIPOWER,EQ,,,,,ADANI POWER LTD,203.80,208.67,203.57,205.58,205.58,203.56,,205.44,,,19181716,3965981703.70,94945,F1,1,,,,,
2026-08-18,2026-08-18,CM,NSE,STK,6066,INE399L01023,ATGL,EQ,,,,,ADANI TOTAL GAS LIMITED,646.90,655.00,645.80,647.30,647.55,646.90,,647.35,,,343489,223214436.60,12888,F1,1,,,,,
2026-08-18,2026-08-18,CM,NSE,STK,764563,INE757C01021,ADDIND,EQ,,,,,ADDI INDUSTRIES LTD.,86.00,89.90,86.00,89.50,89.50,86.00,,84.99,,,103,9215.80,6,F1,1,,,,,
2026-08-18,2026-08-18,CM,NSE,STK,22468,INE0RDH01021,ADDICTIVE,SM,,,,,ADDICTIVE LEARNING TECH L,43.25,45.40,43.25,44.40,43.85,43.25,,44.40,,,31500,1416825.00,33,F1,500,,,,,
2026-08-18,2026-08-18,CM,NSE,STK,19761,INE982B01027,ADFFOODS,EQ,,,,,ADF FOODS LIMITED,261.90,270.00,260.35,269.60,269.00,262.85,,269.60,,,143285,38039519.60,5015,F1,1,,,,,
2026-08-18,2026-08-18,CM,NSE,STK,763156,INE20PL01012,ADISOFT,SM,,,,,ADISOFT TECHNOLOGIES LTD,180.00,182.95,175.05,176.45,175.05,181.00,,176.45,,,28000,4977800.00,32,F1,800,,,,,
2026-08-18,2026-08-18,CM,NSE,STK,6018,INE404A01024,ABSLAMC,EQ,,,,,ADIT BIRL SUN LIF AMC LTD,1011.00,1022.60,1005.00,1013.30,1017.00,1019.00,,1013.29,,,108162,109366199.10,17137,F1,1,,,,,
2026-08-18,2026-08-18,CM,NSE,STK,21614,INE674K01013,ABCAPITAL,EQ,,,,,ADITYA BIRLA CAPITAL LTD.,399.00,402.80,393.80,402.00,402.00,398.70,,402.00,,,4314550,1719379957.35,44687,F1,1,,,,,
2026-08-18,2026-08-18,CM,NSE,STK,30108,INE647O01011,ABFRL,EQ,,,,,ADITYA BIRLA FASHION & RT,55.29,55.86,54.82,54.97,55.00,55.29,,54.97,,,2804136,154331418.58,16754,F1,1,,,,,
2026-08-18,2026-08-18,CM,NSE,STK,756843,INE14LE01019,ABLBL,EQ,,,,,ADITYA BIRLA LIFES BRAN L,90.01,90.65,88.60,88.72,88.73,89.92,,88.72,,,427800,38142689.90,6291,F1,1,,,,,
2026-08-18,2026-08-18,CM,NSE,STK,15239,INE865C01022,BIRLAMONEY,EQ,,,,,ADITYA BIRLA MONEY LTD,128.60,131.00,128.60,129.42,129.11,129.87,,129.42,,,42360,5492872.73,532,F1,1,,,,,
2026-08-18,2026-08-18,CM,NSE,STK,625,INE055A01016,ABREL,EQ,,,,,ADITYA BIRLA REAL EST LTD,1400.00,1401.60,1378.70,1390.80,1390.70,1402.10,,1390.76,,,89905,124716886.00,7295,F1,1,,,,,
2026-08-18,2026-08-18,CM,NSE,STK,758858,INE819V01029,CPPLUS,EQ,,,,,ADITYA INFOTECH LIMITED,3260.10,3388.00,3260.00,3342.00,3355.00,3343.10,,3341.99,,,412214,1371042169.10,39832,F1,1,,,,,
2026-08-18,2026-08-18,CM,NSE,STK,25984,INE679V01027,AVL,EQ,,,,,ADITYA VISION LIMITED,608.65,616.95,600.00,614.15,614.70,608.65,,614.15,,,182795,111993970.85,11722,F1,1,,,,,
2026-08-18,2026-08-18,CM,NSE,STK,23804,INF209KB18D3,BSLGOLDETF,EQ,,,,,ADITYBIRLA SL GOLD ETF-GR,137.85,137.85,134.25,134.68,134.44,134.49,,134.68,,,2453893,330322246.14,1840,F1,1,,,,,
2026-08-18,2026-08-18,CM,NSE,STK,24781,INF209KB19D1,BSLNIFTY,EQ,,,,,ADITYBIRLA SL NIF ETF-GR,28.20,28.64,28.20,28.44,28.46,28.62,,28.44,,,865957,24627478.29,3792,F1,1,,,,,
2026-08-18,2026-08-18,CM,NSE,STK,34,INE045A01017,ADOR,EQ,,,,,ADOR WELDING LTD,1525.30,1574.00,1520.60,1562.30,1551.30,1525.30,,1562.38,,,35829,55574123.50,3657,F1,1,,,,,
2026-08-18,2026-08-18,CM,NSE,STK,4953,INE737B01033,ADROITINFO,EQ,,,,,ADROIT INFOTECH LIMITED,10.30,10.50,9.83,10.36,10.10,9.99,,10.35,,,45723,466272.43,275,F1,1,,,,,
2026-08-18,2026-08-18,CM,NSE,STK,760657,INE0ALI01010,ADVAIT,EQ,,,,,ADVAIT ENRGY TRANSITION L,2077.00,2140.00,2070.00,2126.10,2137.40,2079.20,,2126.43,,,52562,111142406.30,7479,F1,1,,,,,
2026-08-18,2026-08-18,CM,NSE,STK,759402,INE1B0W01010,ADVANCE,EQ,,,,,ADVANCE AGROLIFE LIMITED,117.06,120.06,115.81,117.96,118.50,117.06,,117.95,,,194213,22920924.93,2370,F1,1,,,,,
2026-08-18,2026-08-18,CM,NSE,STK,18039,INE837H01020,ADVENZYMES,EQ,,,,,ADVANCED ENZYME TECH LTD,303.00,307.20,302.00,303.00,302.95,305.60,,303.00,,,212986,64942787.60,3683,F1,1,,,,,
2026-08-18,2026-08-18,CM,NSE,STK,14745,INE199C01026,ADVANIHOTR,EQ,,,,,ADVANI HOT.& RES.(I) LTD,50.00,51.40,49.61,50.06,49.85,49.91,,50.06,,,26513,1327398.08,416,F1,1,,,,,
2026-08-18,2026-08-18,CM,NSE,STK,759769,INE28GN01010,ADVENTHTL,EQ,,,,,ADVENT HOTELS INTERNATI L,135.56,136.83,135.00,135.64,135.00,134.90,,135.61,,,104247,14130511.43,1694,F1,1,,,,,
2026-08-18,2026-08-18,CM,NSE,STK,765015,INE178T01024,ADVIKCA,EQ,,,,,ADVIK CAPITAL LTD.,1.24,1.26,1.18,1.23,1.25,1.21,,1.22,,,179534,220536.61,244,F1,1,,,,,
2026-08-18,2026-08-18,CM,NSE,STK,762227,INE1SJO01012,RAMBHAJO,EQ,,,,,ADVIT JEWELS LIMITED,181.50,183.50,178.00,179.25,178.50,180.97,,179.24,,,95052,17116171.89,1425,F1,1,,,,,
2026-08-18,2026-08-18,CM,NSE,STK,40,INE208C01025,AEGISLOG,EQ,,,,,AEGIS LOGISTICS LIMITED,1305.00,1378.00,1303.10,1367.70,1371.00,1287.20,,1367.70,,,3097867,4180437146.70,115529,F1,1,,,,,
2026-08-18,2026-08-18,CM,NSE,STK,757336,INE0INX01018,AEGISVOPAK,EQ,,,,,AEGIS VOPAK TERMINALS LTD,267.10,280.00,267.10,274.80,274.00,269.50,,274.81,,,883444,243131748.25,17096,F1,1,,,,,
2026-08-18,2026-08-18,CM,NSE,STK,757873,INE423A07419,AEL170725,ND,,,,,AEL 0% 2028 SR V,1095.00,1095.00,1095.00,1095.00,1095.00,1095.00,,1095.00,,,12,13140.00,1,F1,1,,,,,
2026-08-18,2026-08-18,CM,NSE,STK,757876,INE423A07468,AEL170725A,NG,,,,,AEL 0% 2030 SR VIII,1100.00,1100.00,1100.00,1100.00,1100.00,1100.00,,1100.00,,,8,8800.00,1,F1,1,,,,,
2026-08-18,2026-08-18,CM,NSE,STK,761340,INE423A07484,860AEL28,NH,,,,,AEL 8.60% 2028 SR I,1050.00,1065.00,1050.00,1060.00,1060.00,1044.00,,1060.00,,,27,28660.00,3,F1,1,,,,,
2026-08-18,2026-08-18,CM,NSE,STK,761345,INE423A07518,862AEL31,NM,,,,,AEL 8.62% 2031 SR VI,1020.00,1025.00,1010.10,1011.66,1024.99,1010.00,,1011.66,,,278,283225.59,8,F1,1,,,,,
2026-08-18,2026-08-18,CM,NSE,STK,761346,INE423A07526,890AEL31,NN,,,,,AEL 8.90% 2031 SR VII,1054.50,1058.90,1054.00,1058.90,1058.90,1052.96,,1057.90,,,257,270900.90,9,F1,1,,,,,
2026-08-18,2026-08-18,CM,NSE,STK,757874,INE423A07443,9AEL30,NE,,,,,AEL 9% 2030 SR VI,1028.05,1028.05,1028.05,1028.05,1028.05,1025.85,,1028.05,,,8,8224.40,1,F1,1,,,,,
2026-08-18,2026-08-18,CM,NSE,STK,757875,INE423A07393,930AEL30,NF,,,,,AEL 9.3% 2030 SR VII,1034.00,1034.00,1034.00,1034.00,1034.00,1034.00,,1034.00,,,14,14476.00,1,F1,1,,,,,
2026-08-18,2026-08-18,CM,NSE,STK,760234,INE947N01017,AEQUS,EQ,,,,,AEQUS LIMITED,249.40,263.45,248.23,259.85,259.12,249.58,,259.85,,,6595637,1698685164.80,69191,F1,1,,,,,
2026-08-18,2026-08-18,CM,NSE,STK,12015,INE065D01027,AEROENTER,EQ,,,,,AEROFLEX ENTERPRISES LTD,125.75,133.40,122.00,130.89,130.70,125.73,,130.88,,,1139049,147644571.27,12678,F1,1,,,,,
2026-08-18,2026-08-18,CM,NSE,STK,18268,INE024001021,AEROFLEX,EQ,,,,,AEROFLEX INDUSTRIES LTD,454.00,488.00,449.40,485.85,485.95,455.85,,485.82,,,3213334,1534007569.05,62931,F1,1,,,,,
2026-08-18,2026-08-18,CM,NSE,STK,13689,INE035801013,AERONEU,EQ,,,,,AEROFLEX NEU LIMITED,86.26,86.26,80.01,81.57,83.25,84.49,,81.59,,,17969,1495796.46,1235,F1,1,,,,,
2026-08-18,2026-08-18,CM,NSE,STK,25065,INE0WL801011,AERON,SM,,,,,AERON COMPOSITE LIMITED,75.00,75.00,75.00,75.00,75.00,75.00,,75.00,,,2000,150000.00,2,F1,1000,,,,,
2026-08-18,2026-08-18,CM,NSE,STK,24830,INE0TSF01011,AESTHETIK,SM,,,,,AESTHETIK ENGINEERS LTD,72.00,72.00,71.60,71.60,71.60,74.00,,71.60,,,4000,286950.00,4,F1,1000,,,,,
2026-08-18,2026-08-18,CM,NSE,STK,9810,INE0BWX01014,AETHER,EQ,,,,,AETHER INDUSTRIES LIMITED,1606.00,1692.00,1604.30,1633.60,1635.00,1605.70,,1633.56,,,308349,510350363.70,28150,F1,1,,,,,
2026-08-18,2026-08-18,CM,NSE,STK,25977,INE101I01011,AFCONS,EQ,,,,,AFCONS INFRASTRUCTURE LTD,269.85,281.45,269.85,280.25,280.00,271.70,,280.23,,,1053486,292405454.45,16454,F1,1,,,,,
2026-08-18,2026-08-18,CM,NSE,STK,11343,INE00WC01027,AFFLE,EQ,,,,,AFFLE 3I LIMITED,1715.00,1717.00,1692.80,1711.30,1710.80,1703.90,,1711.27,,,124757,213069875.20,13154,F1,1,,,,,
2026-08-18,2026-08-18,CM,NSE,STK,25857,INE692Z01013,AFFORDABLE,BE,,,,,AFFORD ROBO & AUTO LTD,172.50,172.50,164.16,164.16,164.16,172.80,,164.17,,,52609,8663597.12,657,F1,1,,,,,
2026-08-18,2026-08-18,CM,NSE,STK,760641,INE916Y07073,1150AFIL29,N0,,,,,AFIL 11.50% 2029,9801.33,9820.00,9750.00,9755.00,9755.00,9800.40,,9755.00,,,65,634910.95,11,F1,1,,,,,
2026-08-18,2026-08-18,CM,NSE,STK,14263,INE0MLA01012,AGARWALFT,SM,,,,,AGARWAL FLOAT GLASS I LTD,36.80,36.80,36.80,36.80,36.80,35.95,,36.80,,,3000,110400.00,2,F1,1500,,,,,
2026-08-18,2026-08-18,CM,NSE,STK,3389,INE204E01012,AGARIND,EQ,,,,,AGARWAL INDS CORP LTD.,496.55,502.40,493.30,501.10,500.45,499.60,,501.08,,,19464,9675676.75,1206,F1,1,,,,,
2026-08-18,2026-08-18,CM,NSE,STK,27309,INE0P8X01016,AGARWALTUF,SM,,,,,AGARWAL TOUGH GLASS IND L,144.80,144.80,143.00,143.50,144.00,144.35,,143.50,,,16800,2412480.00,7,F1,1200,,,,,
2026-08-18,2026-08-18,CM,NSE,STK,1412,INE415A01038,AGI,EQ,,,,,AGI GREENPAC LIMITED,710.55,720.00,707.00,711.70,710.80,716.50,,711.70,,,42716,30377501.55,2597,F1,1,,,,,
2026-08-18,2026-08-18,CM,NSE,STK,24445,INE976R01033,AGIIL,EQ,,,,,AGI INFRA LIMITED,299.00,299.95,291.15,292.85,294.40,301.50,,292.86,,,400576,118499390.25,6349,F1,1,,,,,
2026-08-18,2026-08-18,CM,NSE,STK,10491,INE0LF301013,AGNI,SM,,,,,AGNI GREEN POWER LTD,16.45,16.45,15.15,15.25,15.20,15.90,,15.25,,,27500,422875.00,10,F1,2500,,,,,
2026-08-18,2026-08-18,CM,NSE,STK,11072,INE449G01018,AGRITECH,EQ,,,,,AGRI-TECH (INDIA) LIMITED,103.50,103.50,100.99,101.84,102.40,103.49,,101.84,,,3463,354316.04,137,F1,1,,,,,
2026-08-18,2026-08-18,CM,NSE,STK,9046,INE740V01019,AGROPHOS,EQ,,,,,AGRO PHOS INDIA LIMITED,27.35,27.35,26.00,26.07,26.05,26.39,,26.07,,,30499,799857.39,214,F1,1,,,,,
2026-08-18,2026-08-18,CM,NSE,STK,759202,INE583L01014,AGSTRA,BZ,,,,,AGS TRANSACT TECH LTD,2.00,2.07,2.00,2.02,2.01,2.02,,2.02,,,105301,212917.11,276,F1,1,,,,,
2026-08-18,2026-08-18,CM,NSE,STK,2004,INE00PV01013,AHLADA,EQ,,,,,AHLADA ENGINEERS LIMITED,37.40,37.99,36.00,36.43,36.80,37.00,,36.43,,,7675,284086.99,214,F1,1,,,,,
2026-08-18,2026-08-18,CM,NSE,STK,17833,INE758C01029,AHLUCONT,EQ,,,,,AHLUWALIA CONT IND LTD,776.00,782.40,702.50,707.70,710.00,793.85,,707.73,,,545925,395829503.70,34981,F1,1,,,,,
2026-08-18,2026-08-18,CM,NSE,STK,13086,INE212H01026,AIAENG,EQ,,,,,AIA ENGINEERING LIMITED,4383.60,4479.00,4326.10,4447.60,4443.00,4383.60,,4447.57,,,52134,229209596.40,10576,F1,1,,,,,
2026-08-18,2026-08-18,CM,NSE,STK,23984,INE0RUV01018,AIMTRON,SM,,,,,AIMTRON ELECTRONICS LTD,1644.50,1780.00,1642.35,1742.60,1747.00,1662.70,,1742.60,,,54600,94751780.00,246,F1,200,,,,,
2026-08-18,2026-08-18,CM,NSE,STK,9878,INE805A01014,GOLDTECH,BE,,,,,AION-TECH SOLUTIONS LTD,48.50,48.70,46.67,47.12,47.40,48.04,,47.13,,,30510,1453919.16,214,F1,1,,,,,
2026-08-18,2026-08-18,CM,NSE,STK,9897,INE645W01026,AIRAN,EQ,,,,,AIRAN LIMITED,15.21,15.23,15.04,15.12,15.05,15.23,,15.12,,,33026,499508.63,235,F1,1,,,,,
2026-08-18,2026-08-18,CM,NSE,STK,6068,INE801L01010,AIROLAM,EQ,,,,,AIRO LAM LIMITED,89.99,91.25,87.18,87.91,87.29,87.42,,87.91,,,15448,1382301.53,89,F1,1,,,,,
2026-08-18,2026-08-18,CM,NSE,STK,8124,INE031B01049,AJANTPHARM,EQ,,,,,AJANTA PHARMA LIMITED,3736.00,3796.00,3694.00,3706.40,3710.00,3718.20,,3706.11,,,145440,544348874.90,20225,F1,1,,,,,
2026-08-18,2026-08-18,CM,NSE,STK,29624,INE274Y01021,AJAXENGG,EQ,,,,,AJAX ENGINEERING LIMITED,565.00,570.00,552.00,558.40,556.65,567.25,,558.41,,,53577,29892580.85,4992,F1,1,,,,,
2026-08-18,2026-08-18,CM,NSE,STK,17307,INE298G01035,AJMERA,EQ,,,,,AJMERA REALTY & INF I LTD,117.10,120.80,116.00,116.58,116.40,118.70,,116.58,,,208462,24568872.66,2819,F1,1,,,,,
2026-08-18,2026-08-18,CM,NSE,STK,3403,INE820Y01021,AJOONI,EQ,,,,,AJOONI BIOTECH LIMITED,3.65,3.85,3.65,3.82,3.80,3.81,,3.82,,,264805,991548.98,448,F1,1,,,,,
2026-08-18,2026-08-18,CM,NSE,STK,21121,INE0PCY01014,AKANKSHA,SM,,,,,AKANKSHA POWER N INFRA L,124.00,127.45,119.30,119.65,119.30,123.70,,119.65,,,18000,2230000.00,16,F1,1000,,,,,
2026-08-18,2026-08-18,CM,NSE,STK,13510,INE737W01013,AKASH,EQ,,,,,AKASH INFRA-PROJECTS LTD,25.00,25.77,24.71,25.08,25.00,25.43,,25.08,,,377,9477.19,32,F1,1,,,,,
2026-08-18,2026-08-18,CM,NSE,STK,2176,INE00Y801016,AKG,EQ,,,,,AKG EXIM LIMITED,9.15,9.30,8.81,8.99,8.85,8.98,,8.99,,,44658,401704.71,137,F1,1,,,,,
2026-08-18,2026-08-18,CM,NSE,STK,14890,INE642Z01026,AKI,EQ,,,,,AKI INDIA LIMITED,4.13,4.38,4.05,4.19,4.26,4.13,,4.20,,,241941,1019807.77,462,F1,1,,,,,
2026-08-18,2026-08-18,CM,NSE,STK,24304,INE0PMR01017,AKIKO,SM,,,,,AKIKO GLOBAL SERVICES L,369.00,382.45,362.00,378.70,382.45,361.85,,378.70,,,47200,17536560.00,59,F1,800,,,,,
2026-08-18,2026-08-18,CM,NSE,STK,24159,INE916Y01027,AFIL,EQ,,,,,AKME FINTRADE (INDIA) LTD,9.20,9.50,9.20,9.36,9.36,9.40,,9.36,,,361615,3381123.89,382,F1,1,,,,,
2026-08-18,2026-08-18,CM,NSE,STK,8595,INE523B01011,AKSHOPTFBR,BE,,,,,AKSH OPTIFIBRE  LTD,7.32,7.32,7.32,7.32,7.32,6.98,,7.36,,,173111,1267172.52,107,F1,1,,,,,
2026-08-18,2026-08-18,CM,NSE,STK,9558,INE256Z01025,AKSHAR,EQ,,,,,AKSHAR SPINTEX LIMITED,0.41,0.42,0.41,0.41,0.41,0.41,,0.41,,,475644,196650.33,192,F1,1,,,,,
2026-08-18,2026-08-18,CM,NSE,STK,20194,INE542B01011,AKSHARCHEM,BE,,,,,AKSHARCHEM INDIA LIMITED,302.90,305.00,293.00,301.07,301.00,303.07,,301.07,,,5107,1527716.12,87,F1,1,,,,,
2026-08-18,2026-08-18,CM,NSE,STK,24715,INE09XN01023,AKUMS,EQ,,,,,AKUMS DRUGS AND PHARMA L,753.85,766.85,740.90,744.15,745.25,744.00,,744.12,,,263636,198031890.75,18374,F1,1,,,,,
2026-08-18,2026-08-18,CM,NSE,STK,9921,INE914E01040,ALANKIT,EQ,,,,,ALANKIT LIMITED,8.10,8.40,8.10,8.13,8.14,8.17,,8.13,,,120928,992677.52,420,F1,1,,,,,
2026-08-18,2026-08-18,CM,NSE,STK,17256,INE155C01010,ALBERTDAVD,EQ,,,,,ALBERT DAVID LIMITED,805.00,839.00,791.20,833.05,831.05,806.10,,833.08,,,17562,14409560.15,1250,F1,1,,,,,
2026-08-18,2026-08-18,CM,NSE,STK,18762,INE448V01019,ALCODIS,SM,,,,,ALCOKRAFT DISTILLERIE LTD,63.50,63.50,63.50,63.50,63.50,63.50,,63.50,,,1250,79375.00,2,F1,625,,,,,
2026-08-18,2026-08-18,CM,NSE,STK,79,INE426A01027,ALEMBICLTD,EQ,,,,,ALEMBIC LIMITED,90.31,90.40,87.80,89.87,89.60,90.15,,89.85,,,276330,24661549.39,3134,F1,1,,,,,
2026-08-18,2026-08-18,CM,NSE,STK,25328,INE901L01018,APLLTD,EQ,,,,,ALEMBIC PHARMA LTD,820.00,838.00,820.00,824.55,826.50,822.45,,824.58,,,51271,42548774.80,7691,F1,1,,,,,
2026-08-18,2026-08-18,CM,NSE,STK,764573,INE782D01027,ALFREDHE,EQ,,,,,ALFRED HERBERT INDIA L,3151.00,3151.00,2980.00,2985.60,2985.00,3151.20,,2985.68,,,22,66139.80,10,F1,1,,,,,
2026-08-18,2026-08-18,CM,NSE,STK,761270,INE598D01035,ALGOQUANT,EQ,,,,,ALGOQUANT FINTECH LIMITED,66.20,67.49,65.26,66.27,66.05,66.29,,66.27,,,1039258,68446175.80,1352,F1,1,,,,,
2026-08-18,2026-08-18,CM,NSE,STK,13656,INE062D01024,ALICON,EQ,,,,,ALICON CASTALLOY LIMITED,729.70,764.00,718.05,756.95,755.00,726.10,,756.94,,,171517,128473742.45,11004,F1,1,,,,,
2026-08-18,2026-08-18,CM,NSE,STK,5265,INE03Q201024,ALIVUS,EQ,,,,,ALIVUS LIFE SCIENCES LTD,1392.20,1413.00,1373.20,1398.70,1400.00,1394.40,,1398.70,,,141640,197586183.20,20389,F1,1,,,,,
2026-08-18,2026-08-18,CM,NSE,STK,16963,INE773I01017,ALKALI,BE,,,,,ALKALI METALS LTD,67.71,69.79,65.60,67.22,68.38,67.71,,67.22,,,2884,194258.85,32,F1,1,,,,,
2026-08-18,2026-08-18,CM,NSE,STK,11703,INE540L01014,ALKEM,EQ,,,,,ALKEM LABORATORIES LTD.,5374.00,5510.00,5374.00,5475.00,5475.00,5374.00,,5475.00,,,127028,695048129.00,19675,F1,1,,,,,
2026-08-18,2026-08-18,CM,NSE,STK,4487,INE150B01039,ALKYLAMINE,EQ,,,,,ALKYL AMINES CHEM. LTD,1920.10,1928.80,1885.10,1894.60,1901.40,1920.10,,1894.64,,,33643,63991414.80,6676,F1,1,,,,,
2026-08-18,2026-08-18,CM,NSE,STK,13212,INE0M2X01012,ALLETEC,ST,,,,,ALL E TECHNOLOGIES LTD,128.00,130.00,126.05,127.55,127.00,132.65,,127.55,,,36400,4645100.00,73,F1,400,,,,,
2026-08-18,2026-08-18,CM,NSE,STK,758448,INE0GV601021,ALLTIME,EQ,,,,,ALL TIME PLASTICS LIMITED,210.98,216.43,208.00,213.99,215.00,213.14,,213.99,,,217555,46530126.14,3129,F1,1,,,,,
2026-08-18,2026-08-18,CM,NSE,STK,763784,INE1YPB01014,AGL,EQ,,,,,ALLCARGO GLOBAL LIMITED,14.00,14.01,13.03,13.25,13.31,14.01,,13.25,,,3444947,46470480.47,7750,F1,1,,,,,
2026-08-18,2026-08-18,CM,NSE,STK,13501,INE418H01029,ALLCARGO,EQ,,,,,ALLCARGO LOGISTICS LTD,10.05,10.12,9.85,9.97,9.90,10.06,,9.97,,,11044531,110126526.81,9178,F1,1,,,,,
2026-08-18,2026-08-18,CM,NSE,STK,17778,INE0NN701020,ATL,EQ,,,,,ALLCARGO TERMINALS LTD,23.91,24.48,23.36,23.68,23.61,23.91,,23.68,,,246036,5848268.36,1962,F1,1,,,,,
2026-08-18,2026-08-18,CM,NSE,STK,11798,INE835G01018,ALLDIGI,EQ,,,,,ALLDIGI TECH LIMITED,809.25,817.30,801.00,814.75,810.05,809.25,,814.86,,,8265,6702729.85,803,F1,1,,,,,
2026-08-18,2026-08-18,CM,NSE,STK,24308,INE552Z01027,ABDL,EQ,,,,,ALLIED BLEND N DISTILS L,612.95,617.90,607.80,612.60,613.00,610.65,,612.64,,,266137,163123528.25,10013,F1,1,,,,,
2026-08-18,2026-08-18,CM,NSE,STK,14813,INE102I01027,ADSL,EQ,,,,,ALLIED DIGITAL SERV. LTD,111.20,112.48,110.00,110.38,110.88,111.06,,110.37,,,82917,9187023.54,1633,F1,1,,,,,
2026-08-18,2026-08-18,CM,NSE,STK,16719,INE326B01035,ALMONDZ,EQ,,,,,ALMONDZ GLOBAL SEC LTD,14.22,14.40,14.01,14.08,14.05,14.20,,14.09,,,17474,247642.58,122,F1,1,,,,,
2026-08-18,2026-08-18,CM,NSE,STK,17675,INE270A01029,ALOKINDS,EQ,,,,,ALOK INDUSTRIES LIMITED,11.53,11.57,11.42,11.48,11.47,11.53,,11.48,,,2920830,33542481.19,4660,F1,1,,,,,
2026-08-18,2026-08-18,CM,NSE,STK,14848,INE385I01010,ALPA,EQ,,,,,ALPA LABORATORIES LTD,65.20,65.20,62.24,62.56,63.30,63.72,,62.61,,,8310,523358.73,195,F1,1,,,,,
2026-08-18,2026-08-18,CM,NSE,STK,22688,INE0R4701017,ALPEXSOLAR,SM,,,,,ALPEX SOLAR LIMITED,788.95,900.00,781.15,871.35,873.00,772.95,,871.35,,,270500,229671095.00,1744,F1,100,,,,,
2026-08-18,2026-08-18,CM,NSE,STK,14597,INE137C01018,ALPHAGEO,EQ,,,,,ALPHAGEO (INDIA) LIMITED,344.00,368.00,329.00,352.26,348.00,338.36,,352.35,,,199945,70393114.30,6240,F1,1,,,,,
2026-08-18,2026-08-18,CM,NSE,STK,764186,INE1JCQ01037,ALPINETEX,EQ,,,,,ALPINE TEXWORLD LIMITED,56.55,63.56,56.55,60.46,60.57,57.14,,60.46,,,561798,34001547.88,7797,F1,1,,,,,
2026-08-18,2026-08-18,CM,NSE,STK,764578,INE058F01019,ALUFLUOR,EQ,,,,,ALUFLUORIDE LTD.,442.00,455.00,438.05,440.30,443.00,434.05,,438.11,,,5718,2547157.90,397,F1,1,,,,,
2026-08-18,2026-08-18,CM,NSE,STK,23474,INE0STM01017,ALUWIND,SM,,,,,ALUWIND INFRA-TECH LTD,48.30,48.50,48.20,48.40,48.20,48.90,,48.40,,,7500,362475.00,5,F1,1500,,,,,
2026-08-18,2026-08-18,CM,NSE,STK,760740,INE121R01077,AMAGI,EQ,,,,,AMAGI MEDIA LABS LIMITED,580.00,592.20,566.40,579.15,576.55,581.00,,579.11,,,1013729,587436777.10,23989,F1,1,,,,,
2026-08-18,2026-08-18,CM,NSE,STK,764583,INE841D01013,AMAL,EQ,,,,,AMAL LTD.,751.25,770.00,730.30,740.45,743.70,751.25,,740.17,,,2234,1659915.20,155,F1,1,,,,,
2026-08-18,2026-08-18,CM,NSE,STK,758910,INE084K01015,AMANTA,BE,,,,,AMANTA HEALTHCARE LIMITED,162.30,172.33,159.50,172.29,172.33,164.13,,172.25,,,307363,52258275.50,971,F1,1,,,,,
2026-08-18,2026-08-18,CM,NSE,STK,100,INE885A01032,ARE&M,EQ,,,,,AMARA RAJA ENERGY MOB LTD,945.70,952.80,929.10,935.80,938.05,945.70,,935.78,,,415621,389119810.80,21470,F1,1,,,,,
2026-08-18,2026-08-18,CM,NSE,STK,764588,INE484D01012,AMARJOTHI,EQ,,,,,AMARJOTHI SPINNING MILL L,162.30,162.30,157.05,157.57,160.00,162.00,,158.13,,,2196,351673.55,35,F1,1,,,,,
2026-08-18,2026-08-18,CM,NSE,STK,763256,INE293601014,AMBAAUTO,SM,,,,,AMBA AUTO SALES AND SER L,106.00,106.00,102.00,106.00,106.00,105.45,,106.00,,,21000,2210050.00,16,F1,1000,,,,,
2026-08-18,2026-08-18,CM,NSE,STK,762543,INE432A01017,AMBALALSA,EQ,,,,,AMBALAL SARABHAI ENT L,45.93,49.50,45.75,47.61,47.87,45.70,,47.63,,,549703,26565940.67,3368,F1,1,,,,,
2026-08-18,2026-08-18,CM,NSE,STK,4083,INE00C501018,AMBANIORGO,SM,,,,,AMBANI ORGOCHEM LIMITED,115.00,115.00,115.00,115.00,115.00,115.00,,115.00,,,1000,115000.00,1,F1,1000,,,,,
2026-08-18,2026-08-18,CM,NSE,STK,1185,INE371P01015,AMBER,EQ,,,,,AMBER ENTERPRISES (I) LTD,7265.00,7408.00,7252.00,7350.00,7350.00,7259.00,,7350.00,,,578175,4231723825.50,33962,F1,1,,,,,
2026-08-18,2026-08-18,CM,NSE,STK,11496,INE792B01012,AMBICAAGAR,EQ,,,,,AMBICA AGAR & AROMAINDLTD,23.81,24.73,23.81,24.29,24.00,23.78,,24.29,,,6006,146553.96,65,F1,1,,,,,
2026-08-18,2026-08-18,CM,NSE,STK,15234,INE540G01014,AMBIKCO,EQ,,,,,AMBIKA COTTON MILL LTD.,1603.00,1622.90,1593.20,1610.70,1608.00,1615.90,,1610.77,,,5742,9242778.20,742,F1,1,,,,,
2026-08-18,2026-08-18,CM,NSE,STK,1270,INE079A01024,AMBUJACEM,EQ,,,,,AMBUJA CEMENTS LTD,414.00,416.90,409.90,412.40,412.40,415.25,,412.40,,,2377631,980910348.30,24941,F1,1,,,,,
2026-08-18,2026-08-18,CM,NSE,STK,14398,INE005I01014,AMDIND,EQ,,,,,AMD INDUSTRIES LIMITED,51.41,54.99,51.41,53.35,53.01,51.41,,53.41,,,37894,2042610.64,607,F1,1,,,,,
2026-08-18,2026-08-18,CM,NSE,STK,19867,INE275D01022,AMNPLST,EQ,,,,,AMINES & PLASTICIZERS LTD,185.35,188.85,184.75,185.83,185.10,185.55,,185.83,,,3663,680992.67,215,F1,1,,,,,
2026-08-18,2026-08-18,CM,NSE,STK,761670,INE05TO01019,AEROPLANE,EQ,,,,,AMIR CHAND JAG KUM (E) L,181.90,187.00,173.72,181.19,180.10,182.85,,181.16,,,699230,127313188.27,3584,F1,1,,,,,
2026-08-18,2026-08-18,CM,NSE,STK,2598,INE606A01024,AMJLAND,EQ,,,,,AMJ LAND HOLDINGS LIMITED,39.39,39.40,38.07,38.73,38.13,38.62,,38.70,,,1419,54835.97,89,F1,1,,,,,
2026-08-18,2026-08-18,CM,NSE,STK,17547,INE098F01031,AMRUTANJAN,EQ,,,,,AMRUTAJAN HEALTH LTD,491.10,500.80,487.25,488.25,488.50,491.85,,488.27,,,61907,30620030.35,2446,F1,1,,,,,
2026-08-18,2026-08-18,CM,NSE,STK,759956,INE549H01021,ARSSBL,EQ,,,,,ANAND RATHI SH N STK BR L,511.00,517.00,505.50,512.00,507.10,509.20,,511.95,,,165394,84405756.50,4425,F1,1,,,,,
2026-08-18,2026-08-18,CM,NSE,STK,7145,INE463V01026,ANANDRATHI,EQ,,,,,ANAND RATHI WEALTH LTD,2174.00,2199.00,2172.70,2194.80,2196.00,2176.00,,2194.80,,,132277,289667945.50,13601,F1,1,,,,,
2026-08-18,2026-08-18,CM,NSE,STK,13620,INE242C01024,ANANTRAJ,EQ,,,,,ANANT RAJ LIMITED,623.00,633.00,621.95,627.05,626.90,627.55,,627.05,,,1119254,703148790.55,23068,F1,1,,,,,
2026-08-18,2026-08-18,CM,NSE,STK,759363,INE1UA823019,ANANTAM,IV,,,,,ANANTAM HIGHWAYS TRUST,105.64,105.64,104.75,105.21,105.44,104.98,,105.21,,,185893,19520410.12,131,F1,1,,,,,
2026-08-18,2026-08-18,CM,NSE,STK,764449,INE1J5V01013,ANAWIL,ST,,,,,ANAWIL WIRE AND ENGIN LTD,419.90,444.60,407.00,444.15,435.00,423.45,,444.15,,,273200,118619800.00,432,F1,400,,,,,
2026-08-18,2026-08-18,CM,NSE,STK,758427,INE0VG001016,AMCL,SM,,,,,ANB METAL CAST LIMITED,386.00,386.00,386.00,386.00,386.00,379.90,,386.00,,,800,308800.00,1,F1,400,,,,,
2026-08-18,2026-08-18,CM,NSE,STK,15420,INE666E01020,ACL,EQ,,,,,ANDHRA CEMENTS LIMITED,45.16,46.85,45.16,46.37,46.30,45.94,,46.38,,,4303,198524.19,89,F1,1,,,,,
2026-08-18,2026-08-18,CM,NSE,STK,166,INE435A01051,ANDHRAPAP,EQ,,,,,ANDHRA PAPER LIMITED,59.96,62.10,59.76,61.93,61.50,59.96,,61.93,,,252494,15521060.31,1998,F1,1,,,,,
2026-08-18,2026-08-18,CM,NSE,STK,136,INE715B01021,ANDHRSUGAR,EQ,,,,,ANDHRA SUGARS LTD,102.59,103.96,99.52,100.46,100.17,101.98,,100.46,,,730940,74508690.08,7389,F1,1,,,,,
2026-08-18,2026-08-18,CM,NSE,STK,5206,INE449C01025,ANDREWYU,EQ,,,,,ANDREW YULE & CO. LTD.,27.28,27.28,25.35,25.98,25.86,26.23,,25.99,,,36629,956712.52,450,F1,1,,,,,
2026-08-18,2026-08-18,CM,NSE,STK,324,INE732I01021,ANGELONE,EQ,,,,,ANGEL ONE LIMITED,293.40,293.40,281.60,291.75,291.75,293.50,,291.69,,,7260733,2090896575.50,55990,F1,1,,,,,
2026-08-18,2026-08-18,CM,NSE,STK,16657,INE087B01017,ANIKINDS,EQ,,,,,ANIK INDUSTRIES LTD,44.04,44.04,41.00,43.07,43.65,42.76,,43.07,,,11453,487872.59,230,F1,1,,,,,
2026-08-18,2026-08-18,CM,NSE,STK,20453,INE071F01012,APCL,EQ,,,,,ANJANI PORTLAND CEM LTD,106.87,107.95,103.10,106.23,103.10,106.87,,106.23,,,4528,480306.45,215,F1,1,,,,,
2026-08-18,2026-08-18,CM,NSE,STK,25878,INE106I01010,ANKITMETAL,BZ,,,,,ANKIT MET & POW LTD,1.53,1.57,1.50,1.51,1.51,1.53,,1.51,,,32035,49343.67,46,F1,1,,,,,
2026-08-18,2026-08-18,CM,NSE,STK,758968,INE0Y8W01025,AHCL,EQ,,,,,ANLON HEALTHCARE LIMITED,14.50,14.72,14.35,14.63,14.53,14.51,,14.63,,,1995227,29099869.45,3689,F1,1,,,,,
2026-08-18,2026-08-18,CM,NSE,STK,13657,INE0LR101013,ANLON,SM,,,,,ANLON TECHNOLOGY SOL LTD,676.35,676.35,669.90,669.90,669.90,676.35,,669.90,,,2800,1890060.00,5,F1,400,,,,,
2026-08-18,2026-08-18,CM,NSE,STK,3727,INE02AR01019,ANMOL,EQ,,,,,ANMOL INDIA LIMITED,10.02,10.24,10.01,10.17,10.24,10.02,,10.17,,,24876,252225.33,150,F1,1,,,,,
2026-08-18,2026-08-18,CM,NSE,STK,764471,INE0MGM01017,ANNAPURNA,EQ,,,,,ANNAPURNA SWADISHT LTD,165.40,165.40,155.35,157.60,155.60,163.00,,157.60,,,63430,10120262.10,1276,F1,1,,,,,
2026-08-18,2026-08-18,CM,NSE,STK,758740,INE0VTV01012,ANONDITA,SM,,,,,ANONDITA MEDICARE LIMITED,1082.00,1089.95,1064.05,1074.60,1074.00,1086.65,,1074.60,,,5400,5817640.00,25,F1,200,,,,,
2026-08-18,2026-08-18,CM,NSE,STK,765020,INE030C01015,ANSALBU,EQ,,,,,ANSAL BUILDWELL LTD.,76.00,76.00,73.00,73.00,73.00,72.80,,73.23,,,145,10695.64,8,F1,1,,,,,
2026-08-18,2026-08-18,CM,NSE,STK,19677,INE436A01026,ANSALAPI,BZ,,,,,ANSAL PROP & INFRA LTD,3.34,3.45,3.33,3.39,3.33,3.39,,3.39,,,34059,114988.16,54,F1,1,,,,,
2026-08-18,2026-08-18,CM,NSE,STK,5194,INE414B01021,ANTGRAPHIC,EQ,,,,,ANTARCTICA LTD,0.74,0.75,0.72,0.73,0.74,0.74,,0.73,,,163088,119976.53,161,F1,1,,,,,
2026-08-18,2026-08-18,CM,NSE,STK,13598,INE818A01017,ANTELOPUS,EQ,,,,,ANTELOPUS SELAN ENRGY LTD,813.90,866.85,802.50,856.55,862.50,800.90,,856.67,,,386388,326320720.20,17089,F1,1,,,,,
2026-08-18,2026-08-18,CM,NSE,STK,757885,INE0CZ201020,ANTHEM,EQ,,,,,ANTHEM BIOSCIENCES LTD,899.00,899.00,883.85,891.05,892.00,898.00,,891.02,,,477452,425186702.05,22300,F1,1,,,,,
2026-08-18,2026-08-18,CM,NSE,STK,1797,INE01BK01022,AWHCL,EQ,,,,,ANTONY WASTE HDG CELL LTD,385.90,388.85,377.00,378.40,378.00,385.90,,378.43,,,97976,37123716.50,5154,F1,1,,,,,
2026-08-18,2026-08-18,CM,NSE,STK,28314,INE489G01022,ANUHPHR,EQ,,,,,ANUH PHARMA LIMITED,75.72,76.83,75.50,75.80,76.00,75.72,,75.80,,,39872,3028407.26,829,F1,1,,,,,
2026-08-18,2026-08-18,CM,NSE,STK,2829,INE930P01018,ANURAS,EQ,,,,,ANUPAM RASAYAN INDIA LTD,1197.50,1219.00,1196.00,1210.50,1215.00,1196.90,,1210.52,,,500190,603124489.40,6498,F1,1,,,,,
2026-08-18,2026-08-18,CM,NSE,STK,11945,INE0MIZ23019,ANZEN,IV,,,,,ANZEN IND ENE YLD PLU TRU,130.00,132.90,130.00,132.90,132.90,132.40,,131.95,,,150000,19807500.00,6,F1,25000,,,,,
2026-08-18,2026-08-18,CM,NSE,STK,758904,INF1J2R01114,AONEGOLD,EQ,,,,,AONEAMC - AONEGOLD,14.25,14.30,14.22,14.28,14.28,14.25,,14.28,,,172094,2456531.10,1138,F1,1,,,,,
2026-08-18,2026-08-18,CM,NSE,STK,30472,INF1J2R01056,AONELIQUID,EQ,,,,,AONEAMC - AONELIQUID,1073.07,1073.07,1073.05,1073.05,1073.05,1072.91,,1073.05,,,10870,11664184.71,103,F1,1,,,,,
2026-08-18,2026-08-18,CM,NSE,STK,757096,INF1J2R01064,AONENIFTY,EQ,,,,,AONEAMC - AONENIFTY,10.18,10.18,10.00,10.01,10.02,10.05,,10.01,,,154170,1544548.57,1103,F1,1,,,,,
2026-08-18,2026-08-18,CM,NSE,STK,760193,INF1J2R01171,AONESILVER,EQ,,,,,AONEAMC - AONESILVER,9.15,9.15,8.84,8.85,8.85,8.93,,8.85,,,424906,3767623.99,1204,F1,1,,,,,
2026-08-18,2026-08-18,CM,NSE,STK,759992,INF1J2R01148,AONETMMQ50,EQ,,,,,AONEAMC - AONETMMQ50,10.49,10.49,10.38,10.43,10.42,10.44,,10.43,,,39185,408397.23,221,F1,1,,,,,
2026-08-18,2026-08-18,CM,NSE,STK,29975,INF1J2R01015,AONETOTAL,EQ,,,,,AONEAMC - AONETOTAL,12.04,12.15,11.80,12.00,12.02,12.04,,12.00,,,113322,1361473.72,1093,F1,1,,,,,
2026-08-18,2026-08-18,CM,NSE,STK,11491,INE372A01015,APARINDS,EQ,,,,,APAR INDUSTRIES LTD.,16650.00,17295.00,16199.00,17214.00,17250.00,16524.00,,17213.56,,,338500,5697248316.00,73303,F1,1,,,,,
2026-08-18,2026-08-18,CM,NSE,STK,154,INE116A01032,APCOTEXIND,EQ,,,,,APCOTEX INDUSTRIES LIMITE,605.45,634.50,605.45,632.55,633.75,605.45,,632.70,,,404224,251976379.70,13928,F1,1,,,,,
2026-08-18,2026-08-18,CM,NSE,STK,27291,INE0T4V01015,APEXECO,ST,,,,,APEX ECOTECH LIMITED,276.05,286.95,276.05,285.00,281.15,290.20,,285.00,,,13600,3822720.00,11,F1,800,,,,,
2026-08-18,2026-08-18,CM,NSE,STK,21623,INE346W01013,APEX,EQ,,,,,APEX FROZEN FOODS LIMITED,424.00,427.80,395.40,398.50,399.00,422.55,,398.63,,,944431,388194557.70,24059,F1,1,,,,,
2026-08-18,2026-08-18,CM,NSE,STK,25780,INE702C01027,APLAPOLLO,EQ,,,,,APL APOLLO TUBES LTD,2082.00,2122.00,2075.10,2115.00,2115.00,2081.30,,2115.00,,,418384,880377394.00,22987,F1,1,,,,,
2026-08-18,2026-08-18,CM,NSE,STK,757176,INE0TLC07036,930APMD35,N0,,,,,APMD 9.30% 2035 STRPP I,107199.00,107199.00,106999.00,107000.00,107000.00,106999.00,,107000.00,,,9,963198.00,6,F1,1,,,,,
2026-08-18,2026-08-18,CM,NSE,STK,157,INE437A01024,APOLLOHOSP,EQ,,,,,APOLLO HOSPITALS ENTER. L,8825.50,8907.00,8786.50,8817.00,8817.00,8825.50,,8817.00,,,474997,4199784214.50,53645,F1,1,,,,,
2026-08-18,2026-08-18,CM,NSE,STK,1134,INE713T01028,APOLLO,EQ,,,,,APOLLO MICRO SYSTEMS LTD,387.50,390.50,384.00,387.85,389.00,387.05,,387.83,,,2866177,1107449314.65,31736,F1,1,,,,,
2026-08-18,2026-08-18,CM,NSE,STK,14361,INE126J01016,APOLLOPIPE,EQ,,,,,APOLLO PIPES LIMITED,545.30,560.00,544.95,551.30,555.00,545.30,,551.31,,,368105,203483807.15,11026,F1,1,,,,,
2026-08-18,2026-08-18,CM,NSE,STK,6302,INE451F01024,APOLSINHOT,EQ,,,,,APOLLO SINDOORI HOTEL LTD,1201.00,1223.30,1153.50,1190.00,1185.00,1205.80,,1190.00,,,1071,1279132.00,110,F1,1,,,,,
2026-08-18,2026-08-18,CM,NSE,STK,163,INE438A01022,APOLLOTYRE,EQ,,,,,APOLLO TYRES LTD,435.50,438.95,434.25,436.00,435.55,436.70,,435.94,,,236230,103193779.90,10063,F1,1,,,,,
2026-08-18,2026-08-18,CM,NSE,STK,24638,INE0LQG01010,APRAMEYA,SM,,,,,APRAMEYA ENGINEERING LTD,130.50,131.00,114.25,118.60,118.60,130.70,,118.60,,,24000,2987450.00,42,F1,500,,,,,
2026-08-18,2026-08-18,CM,NSE,STK,761435,INE1OOJ01011,APSISAERO,ST,,,,,APSIS AEROCOM LIMITED,509.40,509.75,509.40,509.75,509.75,499.80,,509.75,,,4800,2445960.00,4,F1,1200,,,,,
2026-08-18,2026-08-18,CM,NSE,STK,14074,INE266F01018,APTECHT,BE,,,,,APTECH LIMITED,95.00,95.89,93.53,94.48,94.07,94.78,,94.55,,,24960,2363003.24,335,F1,1,,,,,
2026-08-18,2026-08-18,CM,NSE,STK,5435,INE852O01025,APTUS,EQ,,,,,APTUS VALUE HSG FIN I LTD,256.60,261.70,255.20,257.00,256.30,255.20,,257.00,,,706252,182121388.55,45169,F1,1,,,,,
2026-08-18,2026-08-18,CM,NSE,STK,23365,INE416A01051,AQYLON,EQ,,,,,AQYLON NEXUS LIMITED,21.50,22.87,20.87,22.86,22.87,21.79,,22.86,,,3402192,77020920.09,4356,F1,1,,,,,
2026-08-18,2026-08-18,CM,NSE,STK,19253,INE08NJ01024,ARABIAN,SM,,,,,ARABIAN PETROLEUM LIMITED,86.00,86.00,86.00,86.00,86.00,86.55,,86.00,,,2000,172000.00,1,F1,2000,,,,,
2026-08-18,2026-08-18,CM,NSE,STK,758670,INE0YDV01010,ARCIIL,SM,,,,,ARC INSULATION & INSU LTD,38.20,38.20,38.20,38.20,38.20,38.20,,38.20,,,1000,38200.00,1,F1,1000,,,,,
2026-08-18,2026-08-18,CM,NSE,STK,12024,INE128X01021,ACI,EQ,,,,,ARCHEAN CHEMICAL IND LTD,517.35,517.35,508.55,512.90,514.95,515.35,,512.90,,,82390,42238950.30,6748,F1,1,,,,,
2026-08-18,2026-08-18,CM,NSE,STK,245,INE0CHO01012,ADL,EQ,,,,,ARCHIDPLY DECOR LIMITED,69.00,73.00,68.99,69.07,69.00,68.65,,69.07,,,365,25245.40,15,F1,1,,,,,
2026-08-18,2026-08-18,CM,NSE,STK,16795,INE877I01016,ARCHIDPLY,EQ,,,,,ARCHIDPLY IND. LTD,97.89,97.89,93.80,95.32,96.25,95.91,,95.29,,,14039,1333586.87,219,F1,1,,,,,
2026-08-18,2026-08-18,CM,NSE,STK,5688,INE731A01020,ARCHIES,EQ,,,,,ARCHIES LTD,13.26,13.56,13.26,13.52,13.55,13.49,,13.52,,,10691,143962.01,69,F1,1,,,,,
2026-08-18,2026-08-18,CM,NSE,STK,764598,INE372M01010,ARCL,EQ,,,,,ARCL ORGANICS LTD.,236.40,236.40,224.58,233.75,233.75,236.40,,237.85,,,667,154120.58,20,F1,1,,,,,
2026-08-18,2026-08-18,CM,NSE,STK,764480,INE0XNF01022,ARDEE,EQ,,,,,ARDEE INDUSTRIES LIMITED,62.15,64.86,60.61,63.89,63.97,62.34,,63.89,,,12405716,779323755.14,45705,F1,1,,,,,
2026-08-18,2026-08-18,CM,NSE,STK,758700,INE784R01023,ARFIN,EQ,,,,,ARFIN INDIA LIMITED,83.00,83.45,82.00,82.50,82.40,83.69,,82.51,,,982288,81429928.86,1858,F1,1,,,,,
2026-08-18,2026-08-18,CM,NSE,STK,13092,INE0L2Y01011,ARHAM,SM,,,,,ARHAM TECHNOLOGIES LTD,183.00,187.00,180.00,185.05,187.00,185.85,,185.05,,,78000,14325200.00,46,F1,1000,,,,,
2026-08-18,2026-08-18,CM,NSE,STK,15204,INE298I01015,ARIES,EQ,,,,,ARIES AGRO LTD.,429.30,450.00,421.00,442.70,447.40,434.65,,442.69,,,173328,76397326.90,6420,F1,1,,,,,
2026-08-18,2026-08-18,CM,NSE,STK,3813,INE420B01036,ARIHANTCAP,EQ,,,,,ARIHANT CAPITAL MKTS LTD,73.47,74.80,73.10,73.77,73.41,73.47,,73.76,,,104567,7693921.04,898,F1,1,,,,,
2026-08-18,2026-08-18,CM,NSE,STK,13885,INE413D01011,ARIHANT,EQ,,,,,ARIHANT FOUN & HOU LTD,1030.00,1046.80,975.20,1021.50,1029.90,1031.60,,1021.96,,,3544,3594430.70,550,F1,1,,,,,
2026-08-18,2026-08-18,CM,NSE,STK,20159,INE643K01018,ARIHANTSUP,EQ,,,,,ARIHANT SUPERSTRUCT LTD,259.05,259.20,248.30,251.45,255.50,257.60,,251.46,,,7697,1957682.50,307,F1,1,,,,,
2026-08-18,2026-08-18,CM,NSE,STK,757614,INE0H9P01028,ARIS,EQ,,,,,ARISINFRA SOLUTIONS LTD,136.00,136.50,134.32,135.97,135.60,136.25,,135.95,,,390567,52986881.04,3602,F1,1,,,,,
2026-08-18,2026-08-18,CM,NSE,STK,25398,INE0QRL01017,ARKADE,EQ,,,,,ARKADE DEVELOPERS LIMITED,130.94,131.97,129.24,130.02,129.84,129.99,,130.02,,,191083,24867643.55,2003,F1,1,,,,,
2026-08-18,2026-08-18,CM,NSE,STK,17263,INE109C01017,ARMANFIN,EQ,,,,,ARMAN FIN SERV LTD,1976.80,1978.00,1932.00,1936.80,1943.50,1962.90,,1936.88,,,33991,66151801.50,3467,F1,1,,,,,
2026-08-18,2026-08-18,CM,NSE,STK,760752,INE0TZX01019,ARMOUR,ST,,,,,ARMOUR SECURITY (INDIA) L,18.45,18.45,18.45,18.45,18.45,18.50,,18.45,,,4000,73800.00,2,F1,2000,,,,,
2026-08-18,2026-08-18,CM,NSE,STK,14557,INE210C01013,AROGRANITE,EQ,,,,,ARO GRANITE IND. LTD.,24.75,24.95,24.21,24.68,24.90,24.57,,24.68,,,3848,95038.35,61,F1,1,,,,,
2026-08-18,2026-08-18,CM,NSE,STK,9264,INE570D01018,ARROWGREEN,BE,,,,,ARROW GREENTECH LIMITED,730.25,730.25,730.25,730.25,730.25,768.65,,730.29,,,8357,6102699.25,372,F1,1,,,,,
2026-08-18,2026-08-18,CM,NSE,STK,29015,INE968D01022,ARSHIYA,BZ,,,,,ARSHIYA LIMITED,0.94,0.96,0.90,0.92,0.92,0.93,,0.92,,,99163,91047.03,76,F1,1,,,,,
2026-08-18,2026-08-18,CM,NSE,STK,6156,INE738V01013,ARTNIRMAN,EQ,,,,,ART NIRMAN LIMITED,42.44,43.68,41.00,43.02,42.53,42.23,,43.02,,,1154,49352.49,29,F1,1,,,,,
2026-08-18,2026-08-18,CM,NSE,STK,761330,INE757T01025,AEPL,EQ,,,,,ARTEMIS ELECTRICALS & P L,14.80,15.41,14.63,14.90,15.15,14.93,,14.94,,,20978,310909.38,169,F1,1,,,,,
2026-08-18,2026-08-18,CM,NSE,STK,16913,INE025R01021,ARTEMISMED,EQ,,,,,ARTEMIS MED SERVICE LTD,314.40,315.40,309.40,312.15,311.00,314.40,,312.15,,,224408,70008105.95,5227,F1,1,,,,,
2026-08-18,2026-08-18,CM,NSE,STK,756896,INE0TTG01017,ARUNAYA,SM,,,,,ARUNAYA ORGANICS LIMITED,14.50,14.85,14.50,14.85,14.85,14.55,,14.85,,,4000,58700.00,2,F1,2000,,,,,
2026-08-18,2026-08-18,CM,NSE,STK,2814,INE006Z01016,ARVEE,EQ,,,,,ARVEE LABORATORIES I LTD,165.55,171.89,165.55,170.55,170.54,165.55,,170.55,,,962,163823.90,53,F1,1,,,,,
2026-08-18,2026-08-18,CM,NSE,STK,9111,INE955V01021,ARVINDFASN,EQ,,,,,ARVIND FASHIONS LIMITED,441.00,443.60,434.00,438.05,435.20,444.15,,437.98,,,289683,127150780.15,23186,F1,1,,,,,
2026-08-18,2026-08-18,CM,NSE,STK,193,INE034A01011,ARVIND,EQ,,,,,ARVIND LIMITED,554.45,555.20,522.60,526.50,524.15,552.30,,526.51,,,928757,495998714.25,32927,F1,1,,,,,
2026-08-18,2026-08-18,CM,NSE,STK,19579,INE0P4T01013,ARVINDPORT,SM,,,,,ARVIND PORT AND INFRA LTD,31.50,33.50,30.55,33.50,33.50,31.95,,33.50,,,36000,1177500.00,14,F1,1500,,,,,
2026-08-18,2026-08-18,CM,NSE,STK,10457,INE034S01021,ARVSMART,EQ,,,,,ARVIND SMARTSPACES LTD,667.95,676.95,651.10,665.55,663.00,670.35,,665.51,,,84696,56171598.80,4352,F1,1,,,,,
2026-08-18,2026-08-18,CM,NSE,STK,764603,INE032E01017,ARYAMAN,EQ,,,,,ARYAMAN FINANCIAL SERV L,599.90,599.90,570.00,599.90,599.90,599.90,,570.00,,,12,6899.80,3,F1,1,,,,,
2026-08-18,2026-08-18,CM,NSE,STK,5378,INE439A01020,ASAHIINDIA,EQ,,,,,ASAHI INDIA GLASS LIMITED,938.00,970.85,934.85,962.80,962.70,931.20,,962.75,,,736543,704669248.70,33109,F1,1,,,,,
2026-08-18,2026-08-18,CM,NSE,STK,25092,INE228I01012,ASAHISONG,BE,,,,,ASAHI SONGWON COLOR LTD,348.10,351.50,340.00,345.20,346.50,357.00,,345.23,,,23392,8078233.45,331,F1,1,,,,,
2026-08-18,2026-08-18,CM,NSE,STK,24711,INE0LAA01017,ASHALOG,SM,,,,,ASHAPURA LOGISTICS LTD,61.05,61.05,60.50,60.50,60.50,61.25,,60.50,,,11000,667050.00,5,F1,1000,,,,,
2026-08-18,2026-08-18,CM,NSE,STK,203,INE348A01023,ASHAPURMIN,EQ,,,,,ASHAPURA MINECHEM LTD,615.80,616.40,594.00,596.30,597.30,612.20,,596.30,,,344374,206996690.95,12860,F1,1,,,,,
2026-08-18,2026-08-18,CM,NSE,STK,24403,INE365D01021,ASHIANA,EQ,,,,,ASHIANA HOUSING LTD,365.00,367.20,362.00,365.75,366.00,365.00,,365.84,,,23957,8756349.15,810,F1,1,,,,,
2026-08-18,2026-08-18,CM,NSE,STK,762551,INE094B01013,ASHIKAG,BE,,,,,ASHIKA GLOBAL SEC LTD,440.00,440.00,428.05,432.45,438.00,444.10,,433.25,,,23028,10004423.10,226,F1,1,,,,,
2026-08-18,2026-08-18,CM,NSE,STK,206,INE440A01010,ASHIMASYN,EQ,,,,,ASHIMA LTD,17.51,17.94,16.95,17.38,17.50,17.51,,17.39,,,82670,1433850.08,333,F1,1,,,,,
2026-08-18,2026-08-18,CM,NSE,STK,212,INE208A01029,ASHOKLEY,EQ,,,,,ASHOK LEYLAND LTD,177.00,177.59,174.50,176.35,176.35,177.10,,176.35,,,14208948,2504652375.12,56877,F1,1,,,,,
2026-08-18,2026-08-18,CM,NSE,STK,20182,INE442H01029,ASHOKA,EQ,,,,,ASHOKA BUILDCON LTD,113.00,113.00,111.50,111.83,111.70,113.27,,111.83,,,355486,39884409.34,3668,F1,1,,,,,
2026-08-18,2026-08-18,CM,NSE,STK,16943,INE760Y01011,ASHOKAMET,EQ,,,,,ASHOKA METCAST LIMITED,13.63,13.70,13.37,13.40,13.37,13.77,,13.40,,,10576,143205.60,106,F1,1,,,,,
2026-08-18,2026-08-18,CM,NSE,STK,760418,INE1A6Q01010,ASHWINI,SM,,,,,ASHWINI CONTAINER MOVER L,190.05,190.80,190.00,190.80,190.80,190.50,,190.80,,,4000,760850.00,4,F1,1000,,,,,
2026-08-18,2026-08-18,CM,NSE,STK,7030,INE276G01015,ASIANENE,EQ,,,,,ASIAN ENERGY SERVICES LTD,426.90,465.10,419.80,463.05,460.40,425.25,,463.07,,,3647876,1649903943.80,84007,F1,1,,,,,
2026-08-18,2026-08-18,CM,NSE,STK,14889,INE022I01019,ASIANTILES,EQ,,,,,ASIAN GRANITO IND. LTD.,47.97,47.97,45.50,45.81,45.60,47.97,,45.81,,,9346225,433290223.02,15247,F1,1,,,,,
2026-08-18,2026-08-18,CM,NSE,STK,19438,INE926K01017,AHLEAST,EQ,,,,,ASIAN HOTELS (EAST) LTD,140.95,144.00,139.05,139.54,139.05,140.95,,139.60,,,1675,236780.55,59,F1,1,,,,,
2026-08-18,2026-08-18,CM,NSE,STK,18422,INE363A01022,ASIANHOTNR,EQ,,,,,ASIAN HOTELS (NORTH) LTD,296.95,303.50,296.30,302.00,297.05,300.00,,302.00,,,5841,1752838.15,737,F1,1,,,,,
2026-08-18,2026-08-18,CM,NSE,STK,19370,INE915K01010,AHLWEST,BE,,,,,ASIAN HOTELS (WEST) LTD,535.80,571.05,535.80,536.00,536.00,563.95,,529.53,,,460,252028.80,19,F1,1,,,,,
2026-08-18,2026-08-18,CM,NSE,STK,236,INE021A01026,ASIANPAINT,EQ,,,,,ASIAN PAINTS LIMITED,2663.10,2670.10,2610.10,2628.40,2628.40,2687.50,,2628.41,,,1017022,2683041988.30,54425,F1,1,,,,,
2026-08-18,2026-08-18,CM,NSE,STK,762553,INE194D01017,ASTAR,EQ,,,,,ASIAN STAR CO. LTD.,619.50,619.50,590.30,590.60,590.30,585.05,,590.30,,,268,160158.40,152,F1,1,,,,,
2026-08-18,2026-08-18,CM,NSE,STK,765025,INE822B01017,ASIANTNE,EQ,,,,,ASIAN TEA & EXPORTS LTD.,9.50,9.69,9.11,9.46,9.11,9.73,,9.46,,,3285,31151.96,48,F1,1,,,,,
2026-08-18,2026-08-18,CM,NSE,STK,20152,INE491J01022,ASKAUTOLTD,EQ,,,,,ASK AUTOMOTIVE LIMITED,651.00,654.95,633.00,638.25,643.00,649.20,,638.29,,,260634,167664188.05,12496,F1,1,,,,,
2026-08-18,2026-08-18,CM,NSE,STK,17270,INE991I01015,ASPINWALL,EQ,,,,,ASPINWALL & CO LTD,236.24,239.00,232.22,234.93,234.00,236.24,,234.93,,,734,173148.73,44,F1,1,,,,,
2026-08-18,2026-08-18,CM,NSE,STK,23396,INE0S7801010,ASPIRE,SM,,,,,ASPIRE & INNOVATIVE ADV L,14.25,14.25,13.65,13.70,13.70,14.35,,13.70,,,122000,1707700.00,11,F1,2000,,,,,
2026-08-18,2026-08-18,CM,NSE,STK,765237,INE165G01010,ASSAMENT,EQ,,,,,ASSAM ENTRADE LIMITED,807.50,807.50,807.50,807.50,807.50,850.00,,807.50,,,7,5652.50,4,F1,1,,,,,
2026-08-18,2026-08-18,CM,NSE,STK,17598,INE073G01016,ASALCBR,EQ,,,,,ASSO ALCOHOLS & BREW LTD,731.50,731.50,719.00,721.90,720.00,733.25,,721.91,,,24739,17934216.25,1708,F1,1,,,,,
2026-08-18,2026-08-18,CM,NSE,STK,17728,INE563J01010,ASTEC,EQ,,,,,ASTEC LIFESCIENCES LTD,580.80,606.05,564.30,585.55,586.40,580.80,,585.55,,,61911,36645385.95,4237,F1,1,,,,,
2026-08-18,2026-08-18,CM,NSE,STK,1508,INE914M01019,ASTERDM,EQ,,,,,ASTER DM QUALITY CARE LTD,824.70,828.80,815.95,818.00,820.00,819.75,,818.00,,,605701,496422355.70,26787,F1,1,,,,,
2026-08-18,2026-08-18,CM,NSE,STK,11618,INE386C01029,ASTRAMICRO,EQ,,,,,ASTRA MICROWAVE LTD,1707.00,1800.00,1706.50,1767.40,1782.00,1707.10,,1767.37,,,312448,547682149.20,18844,F1,1,,,,,
2026-08-18,2026-08-18,CM,NSE,STK,14418,INE006I01046,ASTRAL,EQ,,,,,ASTRAL LIMITED,1538.40,1545.00,1517.10,1520.00,1520.00,1538.30,,1520.01,,,176344,268902428.10,13612,F1,1,,,,,
2026-08-18,2026-08-18,CM,NSE,STK,5610,INE203A01020,ASTRAZEN,EQ,,,,,ASTRAZENECA PHARMA IND LT,7640.50,7759.50,7595.00,7645.00,7621.00,7640.50,,7645.10,,,7588,58127099.50,2250,F1,1,,,,,
2026-08-18,2026-08-18,CM,NSE,STK,764445,INE646X01014,ASTRON,BZ,,,,,ASTRON PAPER BORD MIL LTD,3.36,3.39,3.32,3.34,3.34,3.38,,3.34,,,8350,28032.69,46,F1,1,,,,,
2026-08-18,2026-08-18,CM,NSE,STK,15649,INE0ALR01029,ATALREAL,EQ,,,,,ATAL REALTECH LIMITED,36.10,36.33,31.42,33.93,34.00,35.85,,33.93,,,20814653,719878838.87,22420,F1,1,,,,,
2026-08-18,2026-08-18,CM,NSE,STK,15404,INE09KD01013,ATAM,EQ,,,,,ATAM VALVES LIMITED,60.06,61.89,57.57,59.75,61.00,60.67,,59.75,,,6078,362868.89,231,F1,1,,,,,
2026-08-18,2026-08-18,CM,NSE,STK,756405,INE0V0Q01019,ATCENERGY,ST,,,,,ATC ENERGIES SYSTEM LTD,23.55,23.55,23.55,23.55,23.55,24.00,,23.55,,,1200,28260.00,1,F1,1200,,,,,
2026-08-18,2026-08-18,CM,NSE,STK,757645,INE0LEZ01016,ATHERENERG,EQ,,,,,ATHER ENERGY LIMITED,1484.70,1504.00,1455.00,1465.80,1468.00,1485.20,,1465.79,,,2760706,4072524443.10,135850,F1,1,,,,,
2026-08-18,2026-08-18,CM,NSE,STK,760953,IN90NN701011,ATLPP,E1,,,,,ATL RE.0.50 PPD UP,8.50,8.51,8.00,8.48,8.48,8.67,,8.48,,,10042,82777.42,34,F1,1,,,,,
2026-08-18,2026-08-18,CM,NSE,STK,759007,INE0Z4F01028,ATLANTAELE,EQ,,,,,ATLANTA ELECTRICALS LTD,1828.90,1849.80,1759.00,1774.40,1770.70,1788.20,,1774.42,,,224377,403920642.00,25746,F1,1,,,,,
2026-08-18,2026-08-18,CM,NSE,STK,13585,INE285H01022,ATLANTAA,EQ,,,,,ATLANTAA LIMITED,39.51,40.70,37.71,38.68,38.99,39.64,,38.71,,,49094,1906887.15,722,F1,1,,,,,
2026-08-18,2026-08-18,CM,NSE,STK,4568,INE446A01025,ATLASCYCLE,EQ,,,,,ATLAS CYCLE (HARYANA) LTD,97.60,98.00,96.01,97.19,96.60,97.61,,96.61,,,916,88618.88,68,F1,1,,,,,
2026-08-18,2026-08-18,CM,NSE,STK,22785,INE05DH01017,ATMASTCO,SM,,,,,ATMASTCO LIMITED,151.00,151.00,141.00,145.55,145.95,147.00,,145.55,,,16000,2310760.00,38,F1,400,,,,,
2026-08-18,2026-08-18,CM,NSE,STK,30023,INE951D01028,ATULAUTO,EQ,,,,,ATUL AUTO LIMITED,494.25,501.05,491.00,493.30,496.00,498.00,,493.25,,,74007,36585766.80,2795,F1,1,,,,,
2026-08-18,2026-08-18,CM,NSE,STK,263,INE100A01010,ATUL,EQ,,,,,ATUL LTD,6769.50,6770.50,6585.00,6608.50,6618.00,6721.00,,6608.65,,,23328,155065502.00,5899,F1,1,,,,,
2026-08-18,2026-08-18,CM,NSE,STK,21238,INE949L01017,AUBANK,EQ,,,,,AU SMALL FINANCE BANK LTD,1071.00,1079.60,1064.50,1075.70,1075.70,1072.20,,1075.71,,,450491,483795705.80,16787,F1,1,,,,,
2026-08-18,2026-08-18,CM,NSE,STK,12022,INE132H01018,AURIONPRO,EQ,,,,,AURIONPRO SOLN LTD,726.40,727.60,711.00,712.55,712.00,722.75,,712.55,,,136690,98036950.05,7255,F1,1,,,,,
2026-08-18,2026-08-18,CM,NSE,STK,15869,INE0NUL01018,AUROIMPEX,SM,,,,,AURO IMPEX & CHEMICALS L,25.05,25.10,25.05,25.10,25.10,26.10,,25.10,,,3200,80240.00,2,F1,1600,,,,,
2026-08-18,2026-08-18,CM,NSE,STK,275,INE406A01037,AUROPHARMA,EQ,,,,,AUROBINDO PHARMA LTD,1631.00,1645.90,1626.30,1645.00,1645.00,1627.20,,1645.00,,,573961,940206513.10,32887,F1,1,,,,,
2026-08-18,2026-08-18,CM,NSE,STK,10310,INE898S01029,AURUM,EQ,,,,,AURUM PROPTECH LIMITED,230.08,230.09,222.80,226.64,228.00,229.12,,226.55,,,77941,17577840.28,2083,F1,1,,,,,
2026-08-18,2026-08-18,CM,NSE,STK,31468,INE142K01011,AURUS,EQ,,,,,AURUS GEM CORP LIMITED,4.71,4.80,4.50,4.72,4.73,4.71,,4.77,,,13470,63212.78,246,F1,1,,,,,
2026-08-18,2026-08-18,CM,NSE,STK,4037,INE218C01016,AUSOMENT,EQ,,,,,AUSOM ENTERPRISE LIMITED,145.00,147.00,141.00,146.47,146.99,144.39,,146.47,,,3851,561169.31,91,F1,1,,,,,
2026-08-18,2026-08-18,CM,NSE,STK,764608,INE759F01012,AUSTENG,EQ,,,,,AUSTIN ENGINEERING CO. L,122.87,126.75,110.00,114.30,114.30,122.87,,116.63,,,776,91859.46,55,F1,1,,,,,
2026-08-18,2026-08-18,CM,NSE,STK,21451,INE0P0001010,APS,SM,,,,,AUSTRALIAN PREM SOLAR I L,237.50,238.00,228.00,233.75,235.00,237.50,,233.75,,,30000,7004262.50,86,F1,250,,,,,
2026-08-18,2026-08-18,CM,NSE,STK,23553,INE206F01022,AIIL,EQ,,,,,AUTHUM INVEST & INFRA LTD,552.50,561.00,550.00,553.25,551.50,551.50,,553.22,,,107054,59310430.30,8055,F1,1,,,,,
2026-08-18,2026-08-18,CM,NSE,STK,14110,INE718H01014,AUTOIND,BE,,,,,AUTOLINE INDUSTRIES LTD,88.70,88.70,88.70,88.70,88.70,93.36,,88.55,,,33892,3006220.40,146,F1,1,,,,,
2026-08-18,2026-08-18,CM,NSE,STK,764558,INE451C01013,ACGL,EQ,,,,,AUTOMOBILE CORPN OF GOA L,1784.30,1814.90,1715.50,1755.00,1755.90,1766.70,,1759.33,,,628,1107957.40,140,F1,1,,,,,
2026-08-18,2026-08-18,CM,NSE,STK,278,INE449A01011,AUTOAXLES,EQ,,,,,AUTOMOTIVE AXLES LIMITED,1784.00,1817.70,1758.20,1789.00,1776.50,1787.00,,1789.13,,,8851,15920619.10,1092,F1,1,,,,,
2026-08-18,2026-08-18,CM,NSE,STK,10634,INE900C01027,ASAL,EQ,,,,,AUTOMOTIVE STAMPINGS & AS,505.95,514.50,496.95,499.55,498.00,505.95,,499.55,,,15737,7917561.20,1073,F1,1,,,,,
2026-08-18,2026-08-18,CM,NSE,STK,21406,INE349W01017,AVADHSUGAR,EQ,,,,,AVADH SUG & ENERGY LTD,738.00,740.05,701.55,711.30,708.20,725.25,,711.30,,,287536,207995182.80,9747,F1,1,,,,,
2026-08-18,2026-08-18,CM,NSE,STK,15058,INE0LCL01028,AVALON,EQ,,,,,AVALON TECHNOLOGIES LTD,2059.40,2258.00,2055.90,2197.30,2235.00,2059.40,,2197.31,,,1136151,2431451445.20,81089,F1,1,,,,,
2026-08-18,2026-08-18,CM,NSE,STK,760736,INE1KU201016,AVANA,ST,,,,,AVANA ELECTROSYSTEMS LTD,137.55,137.55,137.20,137.40,137.20,144.00,,137.40,,,10000,1374200.00,5,F1,2000,,,,,
2026-08-18,2026-08-18,CM,NSE,STK,765030,INE758A01072,AVANCE,EQ,,,,,AVANCE TECHNOLOGIES LTD.,0.90,0.94,0.90,0.90,0.91,0.90,,0.91,,,4124773,3786097.91,1181,F1,1,,,,,
2026-08-18,2026-08-18,CM,NSE,STK,24610,INE005B01027,AVANTEL,EQ,,,,,AVANTEL LIMITED,156.90,163.80,156.63,162.27,162.59,157.51,,162.27,,,1319374,213103903.29,14311,F1,1,,,,,
2026-08-18,2026-08-18,CM,NSE,STK,7936,INE871C01038,AVANTIFEED,EQ,,,,,AVANTI FEEDS LIMITED,879.95,883.50,862.10,866.15,864.40,875.60,,866.13,,,188859,164787183.75,11286,F1,1,,,,,
2026-08-18,2026-08-18,CM,NSE,STK,20503,INE617I01024,AVATAR,ST,,,,,AVATAR INDUSTRIES LIMITED,239.00,248.70,239.00,248.70,248.70,237.00,,248.70,,,14000,3367400.00,3,F1,2000,,,,,
2026-08-18,2026-08-18,CM,NSE,STK,19913,INE192R01011,DMART,EQ,,,,,AVENUE SUPERMARTS LIMITED,3989.60,4019.10,3946.70,3981.00,3981.00,3995.00,,3981.00,,,339330,1354220187.90,24428,F1,1,,,,,
2026-08-18,2026-08-18,CM,NSE,STK,16249,INE483S01020,CCAVENUE,EQ,,,,,AVENUESAI LIMITED,15.19,15.21,15.04,15.08,15.06,15.21,,15.08,,,6119978,92310667.07,10662,F1,1,,,,,
2026-08-18,2026-08-18,CM,NSE,STK,15638,INE680Z01018,AVG,BE,,,,,AVG LOGISTICS LIMITED,199.02,203.97,197.00,198.42,201.95,199.02,,198.52,,,5239,1043784.92,96,F1,1,,,,,
2026-08-18,2026-08-18,CM,NSE,STK,25520,INE0TFB01017,AVIANSH,SM,,,,,AVI ANSH TEXTILE LIMITED,105.50,106.00,105.00,106.00,106.00,105.00,,106.00,,,4000,422000.00,4,F1,1000,,,,,
2026-08-18,2026-08-18,CM,NSE,STK,755092,INE0V9I01017,AVIENCE,SM,,,,,AVIENCE BIOMEDICALS LTD,238.00,244.55,238.00,238.00,238.00,237.00,,238.00,,,10800,2589420.00,15,F1,600,,,,,
2026-08-18,2026-08-18,CM,NSE,STK,14069,INE855F01042,ASMS,BE,,,,,AVIO SMART MRKT STACK LTD,6.96,7.16,6.93,7.04,7.05,6.96,,7.04,,,146100,1024068.14,283,F1,1,,,,,
2026-08-18,2026-08-18,CM,NSE,STK,13557,INE323B01024,AVONMORE,EQ,,,,,AVONMORE CAP&MGT SERV LTD,13.49,13.64,13.00,13.18,13.30,13.01,,13.18,,,404631,5403798.93,900,F1,1,,,,,
2026-08-18,2026-08-18,CM,NSE,STK,23159,INE0R9401019,AVPINFRA,SM,,,,,AVP INFRACON LIMITED,59.00,59.95,57.85,58.50,59.00,60.30,,58.50,,,35200,2068120.00,36,F1,800,,,,,
2026-08-18,2026-08-18,CM,NSE,STK,8827,INE652Z01025,AVROIND,EQ,,,,,AVRO INDIA LIMITED,8.70,8.99,8.41,8.80,8.93,8.50,,8.80,,,443107,3879544.04,909,F1,1,,,,,
2026-08-18,2026-08-18,CM,NSE,STK,14008,INE488D01021,AVTNPL,EQ,,,,,AVT NATURAL PRODUCTS LTD,87.00,92.45,87.00,87.45,88.00,88.10,,87.44,,,1325259,119415509.95,13232,F1,1,,,,,
2026-08-18,2026-08-18,CM,NSE,STK,23864,INE108V01019,AWFIS,EQ,,,,,AWFIS SPACE SOLUTIONS LTD,268.00,268.95,265.00,265.60,265.50,268.95,,265.57,,,101104,26975266.30,3594,F1,1,,,,,
2026-08-18,2026-08-18,CM,NSE,STK,8110,INE699H01024,AWL,EQ,,,,,AWL AGRI BUSINESS LIMITED,193.90,193.90,189.26,190.04,189.96,193.34,,190.08,,,1028865,196747106.24,18445,F1,1,,,,,
2026-08-18,2026-08-18,CM,NSE,STK,5900,INE238A01034,AXISBANK,EQ,,,,,AXIS BANK LIMITED,1223.90,1250.50,1223.40,1243.00,1243.00,1227.30,,1243.00,,,5064697,6282300461.70,75431,F1,1,,,,,
2026-08-18,2026-08-18,CM,NSE,STK,1044,INF846K01X63,BNKETFAXIS,EQ,,,,,AXISAMC-BNKETFAXIS,593.40,593.48,590.21,592.79,592.79,596.67,,592.79,,,439,260132.10,30,F1,1,,,,,
2026-08-18,2026-08-18,CM,NSE,STK,5732,INF846K016C7,CONSUMAXIS,EQ,,,,,AXISAMC-CONSUMAXIS,124.49,124.49,123.54,123.80,123.80,124.73,,123.80,,,879,109102.39,18,F1,1,,,,,
2026-08-18,2026-08-18,CM,NSE,STK,20532,INF846K01W80,GOLDAXIS,EQ,,,,,AXISAMC-GOLDAXIS,127.41,127.66,127.11,127.38,127.30,127.41,,127.38,,,1061987,135313811.44,2665,F1,1,,,,,
2026-08-18,2026-08-18,CM,NSE,STK,3608,INF846K01Z12,HEALTHAXIS,EQ,,,,,AXISAMC-HEALTHAXIS,167.93,168.46,167.31,167.34,167.91,167.93,,167.34,,,4609,773072.61,69,F1,1,,,,,
2026-08-18,2026-08-18,CM,NSE,STK,3010,INF846K01Y96,ITAXIS,EQ,,,,,AXISAMC-ITAXIS,340.00,340.00,332.48,333.91,335.00,341.65,,333.94,,,5403,1805609.11,160,F1,1,,,,,
2026-08-18,2026-08-18,CM,NSE,STK,21252,INF846K01W98,NIFTYAXIS,EQ,,,,,AXISAMC-NIFTYAXIS,269.85,269.85,268.00,268.21,268.00,269.85,,268.21,,,3456,927336.90,135,F1,1,,,,,
2026-08-18,2026-08-18,CM,NSE,STK,14742,INF846K010Q0,SENSEXAXIS,EQ,,,,,AXISAMC-SENSEXAXIS,79.07,81.50,78.83,79.72,79.69,81.10,,79.79,,,3511,282521.31,105,F1,1,,,,,
2026-08-18,2026-08-18,CM,NSE,STK,11193,INF846K011K1,SILVERAXIS,EQ,,,,,AXISAMC-SILVERAXIS,231.94,231.94,229.90,230.25,230.45,232.33,,230.25,,,345855,79712692.68,5445,F1,1,,,,,
2026-08-18,2026-08-18,CM,NSE,STK,30155,INF846KA1119,VALUEAXIS,EQ,,,,,AXISAMC-VALUEAXIS,33.15,33.24,32.90,33.10,33.24,32.99,,33.10,,,26765,882668.00,260,F1,1,,,,,
2026-08-18,2026-08-18,CM,NSE,STK,9436,INE555B01013,AXISCADES,EQ,,,,,AXISCADES TECH LTD,1557.10,1630.00,1555.90,1607.10,1606.80,1553.40,,1607.35,,,235649,378432759.30,15842,F1,1,,,,,
2026-08-18,2026-08-18,CM,NSE,STK,9902,INE02EZ01022,AXITA,EQ,,,,,AXITA COTTON LIMITED,7.34,7.39,7.25,7.29,7.33,7.25,,7.29,,,320267,2347445.05,818,F1,1,,,,,
2026-08-18,2026-08-18,CM,NSE,STK,764613,INE767C01012,AXTEL,EQ,,,,,AXTEL INDUSTRIES LTD.,413.15,419.95,410.00,415.30,415.85,418.00,,413.98,,,899,371433.55,162,F1,1,,,,,
2026-08-18,2026-08-18,CM,NSE,STK,760981,INE501X01029,AYE,EQ,,,,,AYE FINANCE LIMITED,170.00,172.89,166.55,171.80,171.99,169.77,,171.79,,,616285,104097768.97,6009,F1,1,,,,,
2026-08-18,2026-08-18,CM,NSE,STK,10285,INE193B01039,AYMSYNTEX,EQ,,,,,AYM SYNTEX LIMITED,272.25,277.45,269.05,270.90,273.00,271.90,,271.06,,,26598,7255474.80,1067,F1,1,,,,,
2026-08-18,2026-08-18,CM,NSE,STK,20905,INE02IJ01035,AZAD,EQ,,,,,AZAD ENGINEERING LIMITED,2885.00,2889.00,2787.40,2858.90,2874.00,2899.90,,2858.96,,,773291,2199285638.50,44698,F1,1,,,,,
2026-08-18,2026-08-18,CM,NSE,STK,765035,INE566M01017,AZADIND,EQ,,,,,AZAD INDIA MOBILITY LTD.,96.00,96.00,90.05,90.93,91.70,91.48,,91.16,,,44603,4095080.78,580,F1,1,,,,,
2026-08-18,2026-08-18,CM,NSE,STK,762616,INE489D01011,BNALTD,BE,,,,,B & A LTD.,401.10,401.10,385.30,401.00,401.00,382.00,,401.00,,,469,183500.40,8,F1,1,,,,,
2026-08-18,2026-08-18,CM,NSE,STK,12153,INE01EE01011,BBTCL,EQ,,,,,B&B TRIPLEWALL CONT LTD,242.99,242.99,235.49,238.82,238.85,233.35,,238.82,,,8402,2000895.88,300,F1,1,,,,,
2026-08-18,2026-08-18,CM,NSE,STK,11226,INE116D01028,BAGFILMS,EQ,,,,,B.A.G FILMS AND MEDIA LTD,4.52,4.52,4.40,4.43,4.48,4.46,,4.43,,,71607,317582.33,160,F1,1,,,,,
2026-08-18,2026-08-18,CM,NSE,STK,13290,INE350H01032,BLKASHYAP,EQ,,,,,B.L.KASHYAP & SON LTD,53.47,53.47,52.10,52.36,52.57,53.73,,52.38,,,188183,9874182.69,1177,F1,1,,,,,
2026-08-18,2026-08-18,CM,NSE,STK,25114,INE01FR01028,STYLEBAAZA,EQ,,,,,BAAZAR STYLE RETAIL LTD,402.65,402.65,400.00,402.65,402.65,383.50,,402.94,,,4855079,1952276328.10,11026,F1,1,,,,,
2026-08-18,2026-08-18,CM,NSE,STK,20141,INE0QW501012,BABAFP,SM,,,,,BABA FOOD PROCESSING,22.50,22.50,21.60,22.10,22.10,22.20,,22.10,,,8000,176320.00,5,F1,1600,,,,,
2026-08-18,2026-08-18,CM,NSE,STK,17735,INE878I01022,BAFNAPH,BE,,,,,BAFNA PHARMACEUTICALS LTD,247.50,248.00,247.50,247.50,247.50,252.55,,249.80,,,5177,1283015.00,59,F1,1,,,,,
2026-08-18,2026-08-18,CM,NSE,STK,763363,INE2OVN25015,BAGMANE,RR,,,,,BAGMANE PRIME OFFICE REIT,108.20,108.20,106.15,106.65,106.77,107.45,,106.65,,,321382,34271021.33,12078,F1,1,,,,,
2026-08-18,2026-08-18,CM,NSE,STK,12989,INE029Q01017,BAHETI,SM,,,,,BAHETI RECYCLING IND LTD,794.00,794.90,780.00,780.00,780.00,789.00,,780.00,,,25125,19842825.00,36,F1,375,,,,,
2026-08-18,2026-08-18,CM,NSE,STK,13794,INE020D01022,BAIDFIN,EQ,,,,,BAID FINSERV LIMITED,9.60,9.80,9.46,9.74,9.76,9.60,,9.74,,,40417,389617.94,248,F1,1,,,,,
2026-08-18,2026-08-18,CM,NSE,STK,16669,INE917I01010,BAJAJ-AUTO,EQ,,,,,BAJAJ AUTO LIMITED,11700.00,11768.00,11581.00,11607.00,11607.00,11663.00,,11606.90,,,237816,2776294239.00,29772,F1,1,,,,,
2026-08-18,2026-08-18,CM,NSE,STK,19531,INE933K01021,BAJAJCON,EQ,,,,,BAJAJ CONSUMER CARE LTD,480.00,495.00,476.20,484.05,483.40,481.40,,484.03,,,690508,334214061.25,23999,F1,1,,,,,
2026-08-18,2026-08-18,CM,NSE,STK,15034,INE193E01025,BAJAJELEC,EQ,,,,,BAJAJ ELECT.LTD,357.00,369.70,354.65,355.55,355.85,357.45,,355.54,,,329572,118518400.60,10070,F1,1,,,,,
2026-08-18,2026-08-18,CM,NSE,STK,317,INE296A01032,BAJFINANCE,EQ,,,,,BAJAJ FINANCE LIMITED,1088.60,1100.00,1087.60,1094.30,1094.30,1089.30,,1094.30,,,3374018,3694043121.60,94399,F1,1,,,,,
2026-08-18,2026-08-18,CM,NSE,STK,16675,INE918I01026,BAJAJFINSV,EQ,,,,,BAJAJ FINSERV LTD.,1998.40,2018.80,1998.00,2011.20,2011.20,2005.00,,2011.20,,,413236,830685054.30,34985,F1,1,,,,,
2026-08-18,2026-08-18,CM,NSE,STK,6863,INE411U01027,BAJAJHCARE,EQ,,,,,BAJAJ HEALTHCARE LIMITED,325.65,325.65,320.95,322.25,323.00,323.05,,322.25,,,59116,19097010.15,2089,F1,1,,,,,
2026-08-18,2026-08-18,CM,NSE,STK,308,INE306A01021,BAJAJHIND,EQ,,,,,BAJAJ HINDUSTHAN SUGAR LT,18.05,19.27,17.93,18.60,18.59,17.93,,18.60,,,35179356,659492676.23,96830,F1,1,,,,,
2026-08-18,2026-08-18,CM,NSE,STK,305,INE118A01012,BAJAJHLDNG,EQ,,,,,BAJAJ HOLDINGS & INVS LTD,11379.00,11435.00,11211.00,11254.00,11254.00,11379.00,,11254.00,,,21569,243618549.00,4950,F1,1,,,,,
2026-08-18,2026-08-18,CM,NSE,STK,25270,INE377Y01014,BAJAJHFL,EQ,,,,,BAJAJ HOUSING FINANCE LTD,84.58,84.90,84.07,84.36,84.26,84.00,,84.34,,,1890650,159657137.44,18337,F1,1,,,,,
2026-08-18,2026-08-18,CM,NSE,STK,762563,INE704G01024,BAJAJST,EQ,,,,,BAJAJ STEEL INDS. LTD.,369.90,369.90,354.40,359.50,358.35,358.30,,359.58,,,10924,3918597.70,769,F1,1,,,,,
2026-08-18,2026-08-18,CM,NSE,STK,20531,INE0KQN01018,BAJEL,EQ,,,,,BAJEL PROJECTS LIMITED,186.00,187.19,182.90,183.22,183.00,185.87,,183.23,,,95319,17578456.24,2287,F1,1,,,,,
2026-08-18,2026-08-18,CM,NSE,STK,13441,INE083D01012,BALPHARMA,EQ,,,,,BAL PHARMA LTD.,85.00,85.95,84.96,85.29,85.50,85.00,,85.29,,,7564,645385.41,367,F1,1,,,,,
2026-08-18,2026-08-18,CM,NSE,STK,14501,INE050E01027,BALAMINES,EQ,,,,,BALAJI AMINES LIMITED,2137.50,2146.80,2084.80,2103.70,2104.00,2125.20,,2103.86,,,71077,150239987.90,9075,F1,1,,,,,
2026-08-18,2026-08-18,CM,NSE,STK,9158,INE794B01026,BALAJITELE,EQ,,,,,BALAJI TELEFILMS LIMITED.,92.20,93.35,91.21,92.79,92.63,92.72,,92.77,,,108093,9967215.20,1028,F1,1,,,,,
2026-08-18,2026-08-18,CM,NSE,STK,11309,INE618N01022,BALAXI,EQ,,,,,BALAXI PHARMA LTD,24.21,24.25,23.70,23.72,23.70,24.21,,23.72,,,27297,654858.06,122,F1,1,,,,,
2026-08-18,2026-08-18,CM,NSE,STK,335,INE787D01026,BALKRISIND,EQ,,,,,BALKRISHNA IND. LTD,2400.00,2413.00,2372.00,2376.70,2384.80,2407.20,,2376.67,,,54929,131044891.20,9088,F1,1,,,,,
2026-08-18,2026-08-18,CM,NSE,STK,10181,INE875R01011,BALKRISHNA,EQ,,,,,BALKRISHNA PAPER MILLS L,17.31,18.00,17.27,17.56,17.56,17.45,,17.56,,,14136,252520.36,45,F1,1,,,,,
2026-08-18,2026-08-18,CM,NSE,STK,338,INE164A01016,BALMLAWRIE,EQ,,,,,BALMER LAWRIE & CO LTD,174.50,176.40,174.00,174.72,174.60,174.59,,174.72,,,81494,14268536.39,2110,F1,1,,,,,
2026-08-18,2026-08-18,CM,NSE,STK,762603,INE525F01025,BLIL,EQ,,,,,BALMER LAWRIE INVSTS. L,71.20,71.38,70.72,71.30,71.30,70.59,,71.31,,,45096,3209411.48,779,F1,1,,,,,
2026-08-18,2026-08-18,CM,NSE,STK,341,INE119A01028,BALRAMCHIN,EQ,,,,,BALRAMPUR CHINI MILLS LTD,657.70,669.40,650.50,653.25,654.65,655.75,,653.15,,,1122218,739985612.10,34788,F1,1,,,,,
2026-08-18,2026-08-18,CM,NSE,STK,23607,INE011E01029,BALUFORGE,EQ,,,,,BALU FORGE INDUSTRIES LTD,512.35,549.70,508.00,542.55,541.20,513.35,,542.51,,,4047514,2176286223.35,76472,F1,1,,,,,
2026-08-18,2026-08-18,CM,NSE,STK,347,INE655B01011,BANARBEADS,EQ,,,,,BANARAS BEADS LTD,111.75,114.50,111.75,113.40,113.12,111.74,,113.29,,,3899,442205.21,178,F1,1,,,,,
2026-08-18,2026-08-18,CM,NSE,STK,13880,INE213C01025,BANCOINDIA,EQ,,,,,BANCO PRODUCTS (I) LTD,611.95,633.80,611.95,628.55,628.85,611.15,,628.60,,,219443,137299948.40,11898,F1,1,,,,,
2026-08-18,2026-08-18,CM,NSE,STK,2263,INE545U01014,BANDHANBNK,EQ,,,,,BANDHAN BANK LIMITED,173.25,174.00,170.21,170.50,170.50,173.25,,170.50,,,4548748,780240430.29,51999,F1,1,,,,,
2026-08-18,2026-08-18,CM,NSE,STK,760325,INF194KB1KJ7,GOLDBND,EQ,,,,,BANDHANAMC - GOLDBND,152.21,153.90,151.81,152.80,152.40,152.83,,152.80,,,36440,5565997.48,218,F1,1,,,,,
2026-08-18,2026-08-18,CM,NSE,STK,18783,INF194KA1U07,IDFNIFTYET,EQ,,,,,BANDHANAMC - IDFNIFTYET,272.00,273.90,266.00,267.14,266.00,271.61,,267.14,,,1658,444585.77,96,F1,1,,,,,
2026-08-18,2026-08-18,CM,NSE,STK,760328,INF194KB1KI9,SILVERBND,EQ,,,,,BANDHANAMC - SILVERBND,237.15,237.15,232.00,232.51,232.00,234.80,,232.51,,,12906,3002009.38,153,F1,1,,,,,
2026-08-18,2026-08-18,CM,NSE,STK,15303,INE863I01016,BANG,EQ,,,,,BANG OVERSEAS LTD.,28.41,29.74,28.22,28.86,28.99,28.80,,28.86,,,12588,361604.87,67,F1,1,,,,,
2026-08-18,2026-08-18,CM,NSE,STK,4668,INE028A01039,BANKBARODA,EQ,,,,,BANK OF BARODA,245.42,247.28,243.90,244.00,244.00,246.55,,244.00,,,3521816,863344738.46,41775,F1,1,,,,,
2026-08-18,2026-08-18,CM,NSE,STK,4745,INE084A01016,BANKINDIA,EQ,,,,,BANK OF INDIA,143.00,144.42,142.10,142.10,142.10,143.75,,142.11,,,2382166,340396801.00,23620,F1,1,,,,,
2026-08-18,2026-08-18,CM,NSE,STK,11377,INE457A01014,MAHABANK,EQ,,,,,BANK OF MAHARASHTRA,81.10,82.13,80.21,80.49,80.41,81.10,,80.49,,,8400426,680062057.44,37214,F1,1,,,,,
2026-08-18,2026-08-18,CM,NSE,STK,822,INE862Y01015,BANKA,EQ,,,,,BANKA BIOLOO LIMITED,75.25,82.59,74.73,80.59,82.59,78.66,,80.59,,,10584,844812.51,101,F1,1,,,,,
2026-08-18,2026-08-18,CM,NSE,STK,12037,INE186H01022,BASML,BE,,,,,BANNARI AM SPIN MILL LTD.,24.40,25.57,24.15,25.12,24.77,24.38,,25.09,,,65514,1637038.36,170,F1,1,,,,,
2026-08-18,2026-08-18,CM,NSE,STK,350,INE459A01010,BANARISUG,EQ,,,,,BANNARI AMMAN SUGARS LTD,3469.80,3565.00,3469.80,3543.90,3565.00,3469.80,,3543.90,,,1129,3970508.20,118,F1,1,,,,,
2026-08-18,2026-08-18,CM,NSE,STK,24386,INE0B9K01025,BANSALWIRE,EQ,,,,,BANSAL WIRE INDUSTRIES L,326.75,326.75,317.65,321.00,321.50,323.75,,320.99,,,83094,26630826.25,3819,F1,1,,,,,
2026-08-18,2026-08-18,CM,NSE,STK,14511,INE629D01020,BANSWRAS,EQ,,,,,BANSWARA SYNTEX LIMITED,116.40,118.00,114.34,116.01,115.65,115.47,,116.01,,,20758,2410079.79,677,F1,1,,,,,
2026-08-18,2026-08-18,CM,NSE,STK,15073,INE139I01011,BVCL,EQ,,,,,BARAK VALLEY CEM. LTD.,40.50,40.88,40.10,40.34,40.20,40.53,,40.37,,,15824,638869.70,107,F1,1,,,,,
2026-08-18,2026-08-18,CM,NSE,STK,29176,INE0QX401014,BARFLEX,SM,,,,,BARFLEX POLYFILMS LIMITED,60.00,60.00,57.25,59.10,60.00,60.00,,59.10,,,10000,589000.00,5,F1,2000,,,,,
2026-08-18,2026-08-18,CM,NSE,STK,24117,INF251K01TL6,BBNPNBETF,EQ,,,,,BARODABNP - BBNPNBETF,58.07,58.07,57.65,57.78,57.78,58.07,,57.78,,,537,30973.04,14,F1,1,,,,,
2026-08-18,2026-08-18,CM,NSE,STK,20547,INF251K01SU9,BBNPPGOLD,EQ,,,,,BARODABNP - BBNPPGOLD,147.80,148.35,147.55,147.65,147.70,147.80,,147.65,,,1334,197562.65,50,F1,1,,,,,
2026-08-18,2026-08-18,CM,NSE,STK,368,INE373A01013,BASF,EQ,,,,,BASF INDIA LTD,4049.30,4086.10,3968.90,3979.80,3991.60,4041.20,,3979.87,,,30791,123181926.10,6247,F1,1,,,,,
2026-08-18,2026-08-18,CM,NSE,STK,18442,INE0OCC01013,BASILIC,SM,,,,,BASILIC FLY STUDIO LTD,165.00,187.85,165.00,183.10,181.00,171.45,,183.10,,,49800,8940825.00,129,F1,300,,,,,
2026-08-18,2026-08-18,CM,NSE,STK,371,INE176A01028,BATAINDIA,EQ,,,,,BATA INDIA LTD,755.00,758.00,747.80,753.10,751.00,758.10,,753.07,,,592566,446302878.20,15596,F1,1,,,,,
2026-08-18,2026-08-18,CM,NSE,STK,762568,INE177C01022,BATLIBOI,EQ,,,,,BATLIBOI LTD.,88.05,88.49,85.41,85.85,85.70,87.85,,85.85,,,28615,2476750.89,1280,F1,1,,,,,
2026-08-18,2026-08-18,CM,NSE,STK,22574,INE0JFJ01011,BAWEJA,ST,,,,,BAWEJA STUDIOS LIMITED,24.50,25.00,23.30,23.30,23.30,24.50,,23.30,,,24000,571760.00,21,F1,800,,,,,
2026-08-18,2026-08-18,CM,NSE,STK,17927,INE462A01022,BAYERCROP,EQ,,,,,BAYER CROPSCIENCE LTD,4128.00,4128.00,4060.00,4105.70,4107.70,4099.20,,4105.70,,,22696,92895723.50,4607,F1,1,,,,,
2026-08-18,2026-08-18,CM,NSE,STK,2513,INE412G01024,BCLIND,EQ,,,,,BCL INDUSTRIES LIMITED,36.38,37.25,36.11,36.27,36.12,36.36,,36.26,,,569274,20836208.31,3449,F1,1,,,,,
2026-08-18,2026-08-18,CM,NSE,STK,761494,INE00SW01015,BCPL,EQ,,,,,BCPL RAILWAY INFRA LTD,74.50,74.50,69.00,70.79,70.95,73.35,,70.72,,,19626,1379242.00,456,F1,1,,,,,
2026-08-18,2026-08-18,CM,NSE,STK,23922,INE639X01027,BEACON,SM,,,,,BEACON TRUSTEESHIP LTD,88.95,88.95,85.00,86.95,86.95,88.00,,86.95,,,32000,2740400.00,32,F1,1000,,,,,
2026-08-18,2026-08-18,CM,NSE,STK,17933,INE520H01022,BEARDSELL,EQ,,,,,BEARDSELL LIMITED,24.41,25.98,24.40,24.60,24.65,24.87,,24.60,,,16682,415142.78,172,F1,1,,,,,
2026-08-18,2026-08-18,CM,NSE,STK,20196,INE844K01012,BEDMUTHA,EQ,,,,,BEDMUTHA INDUST LTD,109.90,115.70,109.84,114.72,114.84,109.11,,114.72,,,1711,194258.60,44,F1,1,,,,,
2026-08-18,2026-08-18,CM,NSE,STK,762573,INE213D01015,BEEKAY,EQ,,,,,BEEKAY STEEL INDS. LTD.,433.95,433.95,422.05,424.05,424.10,431.15,,424.33,,,1239,526830.00,46,F1,1,,,,,
2026-08-18,2026-08-18,CM,NSE,STK,757938,INE344T01014,BELLACASA,EQ,,,,,BELLA CASA FASH AND RET L,226.73,231.50,222.10,223.29,222.70,222.69,,223.20,,,23494,5324614.07,1406,F1,1,,,,,
2026-08-18,2026-08-18,CM,NSE,STK,757102,INE894V01022,BELRISE,EQ,,,,,BELRISE INDUSTRIES LTD,237.00,238.70,232.25,236.73,236.80,236.09,,236.73,,,5153065,1211947921.77,54790,F1,1,,,,,
2026-08-18,2026-08-18,CM,NSE,STK,15067,INE0N7W01012,BLAL,EQ,,,,,BEML LAND ASSETS LIMITED,170.91,171.48,169.10,170.71,171.48,169.43,,170.65,,,13496,2297005.53,250,F1,1,,,,,
2026-08-18,2026-08-18,CM,NSE,STK,395,INE258A01024,BEML,EQ,,,,,BEML LIMITED,1904.00,1975.00,1895.30,1965.50,1961.10,1908.50,,1965.47,,,723941,1411900040.00,38082,F1,1,,,,,
2026-08-18,2026-08-18,CM,NSE,STK,764618,INE664D01019,BENARAS,EQ,,,,,BENARES HOTELS LTD.,10190.00,10300.00,10100.00,10205.00,10200.00,10178.00,,10205.00,,,50,510122.00,13,F1,1,,,,,
2026-08-18,2026-08-18,CM,NSE,STK,762578,INE083K01017,BENGALASM,EQ,,,,,BENGAL & ASSAM CO. LTD.,6234.50,6333.50,6234.50,6246.00,6246.00,6234.50,,6246.00,,,91,569234.50,23,F1,1,,,,,
2026-08-18,2026-08-18,CM,NSE,STK,404,INE463A01038,BERGEPAINT,EQ,,,,,BERGER PAINTS (I) LTD,549.00,549.60,537.30,541.20,537.65,549.35,,541.19,,,243429,132368763.65,28067,F1,1,,,,,
2026-08-18,2026-08-18,CM,NSE,STK,2306,INE052T01021,BESTAGRO,EQ,,,,,BEST AGROLIFE LIMITED,19.00,19.08,18.10,18.47,18.59,18.88,,18.47,,,657252,12242750.43,1996,F1,1,,,,,
2026-08-18,2026-08-18,CM,NSE,STK,759842,INE351Y01019,BETA,EQ,,,,,BETA DRUGS LIMITED,2435.00,2519.90,2326.20,2355.00,2380.80,2432.90,,2355.00,,,51810,124114547.90,7404,F1,1,,,,,
2026-08-18,2026-08-18,CM,NSE,STK,5662,INE0HQI01014,BEWLTD,SM,,,,,BEW ENGINEERING LIMITED,51.00,53.00,50.50,50.95,51.00,51.40,,50.95,,,11000,564875.00,21,F1,500,,,,,
2026-08-18,2026-08-18,CM,NSE,STK,21113,INE878K01010,BFINVEST,EQ,,,,,BF INVESTMENT LIMITED,462.80,466.95,455.70,460.70,458.15,464.30,,460.80,,,21544,9915428.55,1344,F1,1,,,,,
2026-08-18,2026-08-18,CM,NSE,STK,14567,INE243D01012,BFUTILITIE,EQ,,,,,BF UTILITIES LIMITED,542.15,552.70,531.20,533.20,532.00,545.65,,533.15,,,26107,14024548.25,1551,F1,1,,,,,
2026-08-18,2026-08-18,CM,NSE,STK,764183,INF0QA701CI0,BANK10BETF,EQ,,,,,BFAM - BANK10BETF,20.97,20.99,20.75,20.79,20.95,20.97,,20.79,,,898,18728.70,10,F1,1,,,,,
2026-08-18,2026-08-18,CM,NSE,STK,21986,INF0QA701714,BANKBETF,EQ,,,,,BFAM - BANKBETF,58.72,58.72,58.16,58.39,58.25,58.76,,58.34,,,41255,2412165.88,173,F1,1,,,,,
2026-08-18,2026-08-18,CM,NSE,STK,23915,INF0QA701854,LIQUIDBETF,EQ,,,,,BFAM - LIQUIDBETF,1095.04,1095.06,1095.04,1095.05,1095.06,1094.92,,1095.05,,,142007,155505047.80,182,F1,1,,,,,
2026-08-18,2026-08-18,CM,NSE,STK,21959,INF0QA701722,NIFTYBETF,EQ,,,,,BFAM - NIFTYBETF,250.75,250.75,249.00,249.58,249.00,250.75,,249.58,,,778,194219.27,69,F1,1,,,,,
2026-08-18,2026-08-18,CM,NSE,STK,15193,INE661I01014,BGRENERGY,BE,,,,,BGR ENERGY SYSTEMS LTD,251.20,255.00,239.90,244.15,243.00,251.20,,244.27,,,43964,10733986.00,876,F1,1,,,,,
2026-08-18,2026-08-18,CM,NSE,STK,758228,INE0ZRC01017,BHADORA,ST,,,,,BHADORA INDUSTRIES LTD,106.00,107.10,104.00,107.10,107.10,102.00,,107.10,,,48000,5107500.00,32,F1,1200,,,,,
2026-08-18,2026-08-18,CM,NSE,STK,13427,INE354C01027,BHAGERIA,BE,,,,,BHAGERIA INDUSTRIES LTD,205.50,205.50,201.00,203.26,203.50,202.08,,202.92,,,9489,1927127.15,136,F1,1,,,,,
2026-08-18,2026-08-18,CM,NSE,STK,6164,INE414D01027,BHAGCHEM,EQ,,,,,BHAGIRADHA CHEM & INDS L,284.90,299.00,284.90,287.35,286.00,288.75,,287.35,,,275498,79863742.05,3654,F1,1,,,,,
2026-08-18,2026-08-18,CM,NSE,STK,20776,INE458B01036,BHAGYANGR,EQ,,,,,BHAGYANAGAR INDIA LIMITED,388.00,401.60,376.05,401.05,401.60,382.50,,401.05,,,553306,220071015.45,7149,F1,1,,,,,
2026-08-18,2026-08-18,CM,NSE,STK,19556,INE474E01029,BHANDARI,EQ,,,,,BHANDARI HOSIERY EXP LTD,3.03,3.13,3.02,3.05,3.06,3.03,,3.05,,,247615,758642.92,357,F1,1,,,,,
2026-08-18,2026-08-18,CM,NSE,STK,419,INE922A01025,BEPL,EQ,,,,,BHANSALI ENG. POLYMERS LT,123.00,124.48,121.20,122.17,121.60,122.89,,122.20,,,586505,71818031.46,5871,F1,1,,,,,
2026-08-18,2026-08-18,CM,NSE,STK,13761,INE464A01036,BBL,EQ,,,,,BHARAT BIJLEE LTD,2309.90,2360.00,2282.50,2339.80,2336.00,2298.50,,2339.64,,,29027,67295394.40,3804,F1,1,,,,,
2026-08-18,2026-08-18,CM,NSE,STK,760726,INE05XR01022,BHARATCOAL,EQ,,,,,BHARAT COKING COAL LTD,33.49,33.79,33.11,33.24,33.23,33.33,,33.24,,,3522388,117573384.43,11514,F1,1,,,,,
2026-08-18,2026-08-18,CM,NSE,STK,2144,INE171Z01026,BDL,EQ,,,,,BHARAT DYNAMICS LIMITED,1380.00,1401.50,1354.50,1393.00,1393.00,1380.00,,1392.97,,,2608024,3599508806.20,71638,F1,1,,,,,
2026-08-18,2026-08-18,CM,NSE,STK,383,INE263A01024,BEL,EQ,,,,,BHARAT ELECTRONICS LTD,412.70,416.35,410.95,412.00,412.00,412.45,,412.00,,,9120934,3767827906.10,98469,F1,1,,,,,
2026-08-18,2026-08-18,CM,NSE,STK,422,INE465A01025,BHARATFORG,EQ,,,,,BHARAT FORGE LTD,2089.90,2098.90,2064.00,2098.90,2098.90,2093.00,,2098.86,,,771575,1609906533.60,19570,F1,1,,,,,
2026-08-18,2026-08-18,CM,NSE,STK,9397,INE561C01019,BHARATGEAR,BE,,,,,BHARAT GEARS LTD,102.00,102.49,101.00,102.00,101.97,102.03,,102.00,,,7269,738785.90,96,F1,1,,,,,
2026-08-18,2026-08-18,CM,NSE,STK,764623,INE365Y01019,BPLPHARMA,EQ,,,,,BHARAT PARENTERALS LTD.,1553.90,1553.90,1201.10,1264.80,1252.00,1307.00,,1276.90,,,290,382034.50,69,F1,1,,,,,
2026-08-18,2026-08-18,CM,NSE,STK,526,INE029A01011,BPCL,EQ,,,,,BHARAT PETROLEUM CORP  LT,315.30,317.15,310.30,310.30,310.30,316.65,,310.31,,,5279469,1660255307.80,39765,F1,1,,,,,
2026-08-18,2026-08-18,CM,NSE,STK,3834,INE838B01021,BHARATRAS,EQ,,,,,BHARAT RASAYAN LTD,1307.00,1307.00,1252.10,1277.80,1275.20,1301.00,,1277.84,,,11204,14344148.20,1766,F1,1,,,,,
2026-08-18,2026-08-18,CM,NSE,STK,21683,INE727S01012,BRNL,EQ,,,,,BHARAT ROAD NETWORK LTD,17.96,17.96,17.29,17.33,17.35,17.45,,17.33,,,19355,337045.68,367,F1,1,,,,,
2026-08-18,2026-08-18,CM,NSE,STK,30244,INE415D01024,BHARATSE,EQ,,,,,BHARAT SEATS LIMITED,240.35,248.70,239.03,240.91,241.49,238.44,,240.93,,,309618,75533687.84,8348,F1,1,,,,,
2026-08-18,2026-08-18,CM,NSE,STK,16123,INE316L01019,BHARATWIRE,EQ,,,,,BHARAT WIRE ROPES LTD.,192.90,194.79,186.40,189.26,189.00,192.92,,189.24,,,129081,24437837.68,4474,F1,1,,,,,
2026-08-18,2026-08-18,CM,NSE,STK,10604,INE397D01024,BHARTIARTL,EQ,,,,,BHARTI AIRTEL LIMITED,1956.70,1959.70,1923.20,1934.20,1934.20,1969.30,,1934.20,,,6710275,13046360028.20,242801,F1,1,,,,,
2026-08-18,2026-08-18,CM,NSE,STK,23489,INE343G01021,BHARTIHEXA,EQ,,,,,BHARTI HEXACOM LIMITED,1634.00,1634.00,1595.00,1600.40,1596.00,1641.00,,1600.42,,,104526,168095172.10,13675,F1,1,,,,,
2026-08-18,2026-08-18,CM,NSE,STK,7848,INE828A01016,BIL,EQ,,,,,BHARTIYA INTERNATIONAL,860.00,860.00,830.10,831.25,830.10,854.90,,831.25,,,11046,9214418.70,306,F1,1,,,,,
2026-08-18,2026-08-18,CM,NSE,STK,438,INE257A01026,BHEL,EQ,,,,,BHEL,434.00,434.15,423.50,425.00,425.00,435.95,,425.00,,,7418846,3176548240.30,67764,F1,1,,,,,
2026-08-18,2026-08-18,CM,NSE,STK,762621,INE274K01012,BTTL,BE,,,,,BHILWARA TECHNICAL TEXT L,43.06,44.69,43.06,44.36,44.40,43.97,,44.36,,,1614,70828.21,23,F1,1,,,,,
2026-08-18,2026-08-18,CM,NSE,STK,18431,INE412U01025,BIGBLOC,EQ,,,,,BIGBLOC CONSTRUCTION LTD,45.50,45.50,43.80,44.02,43.81,44.33,,44.02,,,37465,1656532.54,530,F1,1,,,,,
2026-08-18,2026-08-18,CM,NSE,STK,11966,INE00E101023,BIKAJI,EQ,,,,,BIKAJI FOODS INTERN LTD,613.00,615.80,608.00,608.65,608.50,613.65,,608.67,,,36824,22491279.20,4467,F1,1,,,,,
2026-08-18,2026-08-18,CM,NSE,STK,25527,INE0SQH01013,BIKEWO,ST,,,,,BIKEWO GREEN TECH LIMITED,110.30,110.30,110.30,110.30,110.30,105.05,,110.30,,,58000,6397400.00,25,F1,2000,,,,,
2026-08-18,2026-08-18,CM,NSE,STK,13622,INE071A01013,BILVYAPAR,BE,,,,,BIL VYAPAR LIMITED,4.10,4.28,4.10,4.10,4.10,4.09,,4.10,,,2294,9601.84,23,F1,1,,,,,
2026-08-18,2026-08-18,CM,NSE,STK,762583,INE986A01012,BI,EQ,,,,,BILCARE LTD.,94.00,101.38,92.17,101.38,101.38,92.17,,101.64,,,523283,52258117.02,3117,F1,1,,,,,
2026-08-18,2026-08-18,CM,NSE,STK,759806,INE0HOQ01053,GROWW,EQ,,,,,BILLIONBRAINS GARAGE VN L,198.11,198.25,190.86,193.81,193.58,198.69,,193.80,,,57106951,11052574417.15,179565,F1,1,,,,,
2026-08-18,2026-08-18,CM,NSE,STK,762588,INE469A01019,BIMETAL,EQ,,,,,BIMETAL BEARINGS LTD.,613.50,640.00,613.00,632.85,638.80,620.00,,632.85,,,108,67219.95,22,F1,1,,,,,
2026-08-18,2026-08-18,CM,NSE,STK,763598,INE1BKA01015,BMLL,SM,,,,,BIO MEDICA LABORATORIES L,149.15,163.05,149.15,154.90,158.25,147.00,,154.90,,,292000,45377150.00,106,F1,1000,,,,,
2026-08-18,2026-08-18,CM,NSE,STK,11373,INE376G01013,BIOCON,EQ,,,,,BIOCON LIMITED.,413.50,421.60,412.20,417.50,417.50,412.00,,417.50,,,2691030,1126747743.65,52525,F1,1,,,,,
2026-08-18,2026-08-18,CM,NSE,STK,4136,INE829A01014,BIOFILCHEM,EQ,,,,,BIOFIL CHEM & PHARMA LTD,31.73,32.30,31.55,31.64,31.99,31.73,,31.64,,,1870,59325.87,54,F1,1,,,,,
2026-08-18,2026-08-18,CM,NSE,STK,760942,INE0XW001014,BIOPOL,SM,,,,,BIOPOL CHEMICALS LIMITED,91.00,99.95,91.00,99.70,99.90,90.45,,99.70,,,84000,8149500.00,49,F1,1200,,,,,
2026-08-18,2026-08-18,CM,NSE,STK,6815,INE800A01015,BIRLACABLE,BE,,,,,BIRLA CABLE LIMITED,278.00,293.09,267.05,293.09,293.09,279.14,,293.09,,,162560,46501080.05,1795,F1,1,,,,,
2026-08-18,2026-08-18,CM,NSE,STK,480,INE340A01012,BIRLACORPN,EQ,,,,,BIRLA CORPORATION LTD,893.00,904.75,893.00,895.55,894.00,901.80,,895.36,,,27219,24400742.80,3067,F1,1,,,,,
2026-08-18,2026-08-18,CM,NSE,STK,762593,INE372E01025,BIRLAPREC,EQ,,,,,BIRLA PRECISION TECH L,37.67,37.67,35.92,36.49,36.68,35.91,,36.49,,,10673,388704.92,92,F1,1,,,,,
2026-08-18,2026-08-18,CM,NSE,STK,1455,INE557A01011,BIRLANU,EQ,,,,,BIRLANU LIMITED,1550.00,1600.00,1540.00,1588.80,1582.00,1551.80,,1588.73,,,11753,18487731.70,1915,F1,1,,,,,
2026-08-18,2026-08-18,CM,NSE,STK,24404,INF209KC1134,ABGSEC,EQ,,,,,BIRLASLAMC - ABGSEC,115.63,115.63,114.64,115.30,115.30,115.07,,115.30,,,213,24571.40,11,F1,1,,,,,
2026-08-18,2026-08-18,CM,NSE,STK,760247,INF209KC1670,ABSL10BANK,EQ,,,,,BIRLASLAMC - ABSL10BANK,168.73,169.75,168.48,169.23,169.75,169.69,,169.23,,,1546,260928.94,23,F1,1,,,,,
2026-08-18,2026-08-18,CM,NSE,STK,13987,INF209KB17D5,ABSLBANETF,EQ,,,,,BIRLASLAMC - ABSLBANETF,59.65,59.65,58.77,59.10,59.00,59.27,,59.10,,,41503,2445937.22,236,F1,1,,,,,
2026-08-18,2026-08-18,CM,NSE,STK,14518,INF209KB18T9,ABSLLIQUID,EQ,,,,,BIRLASLAMC - ABSLLIQUID,1000.00,1000.01,999.99,999.99,1000.00,1000.00,,999.99,,,1037,1036999.65,12,F1,1,,,,,
2026-08-18,2026-08-18,CM,NSE,STK,761066,INF209KC1662,ABSLMSCIN,EQ,,,,,BIRLASLAMC - ABSLMSCIN,29.70,29.87,29.70,29.76,29.76,29.89,,29.76,,,858,25522.14,6,F1,1,,,,,
2026-08-18,2026-08-18,CM,NSE,STK,7339,INF209KB16D7,ABSLNN50ET,EQ,,,,,BIRLASLAMC - ABSLNN50ET,78.38,78.67,78.31,78.32,78.38,78.38,,78.33,,,7571,594245.17,169,F1,1,,,,,
2026-08-18,2026-08-18,CM,NSE,STK,5957,INF209KB10E8,BSLSENETFG,EQ,,,,,BIRLASLAMC - BSLSENETFG,78.41,78.41,77.60,78.06,78.29,78.38,,78.06,,,12436,973456.41,63,F1,1,,,,,
2026-08-18,2026-08-18,CM,NSE,STK,6297,INF209KB10C2,HEALTHY,EQ,,,,,BIRLASLAMC - HEALTHY,17.19,17.19,16.90,16.95,16.99,16.99,,16.98,,,193066,3272016.52,915,F1,1,,,,,
2026-08-18,2026-08-18,CM,NSE,STK,10693,INF209KB14K7,MOMENTUM,EQ,,,,,BIRLASLAMC - MOMENTUM,31.57,31.59,31.42,31.47,31.52,31.57,,31.47,,,18991,598012.51,160,F1,1,,,,,
2026-08-18,2026-08-18,CM,NSE,STK,10690,INF209KB15K4,NIFTYQLITY,EQ,,,,,BIRLASLAMC - NIFTYQLITY,21.86,21.86,21.60,21.68,21.71,21.86,,21.68,,,22776,492823.87,219,F1,1,,,,,
2026-08-18,2026-08-18,CM,NSE,STK,8003,INF209KB19F6,SILVER,EQ,,,,,BIRLASLAMC - SILVER,235.00,235.00,231.00,231.48,231.58,233.39,,231.48,,,508908,117908475.39,5263,F1,1,,,,,
2026-08-18,2026-08-18,CM,NSE,STK,6462,INF209KB11D8,TECH,EQ,,,,,BIRLASLAMC - TECH,33.75,33.78,33.10,33.24,33.78,33.75,,33.29,,,31996,1063877.97,377,F1,1,,,,,
2026-08-18,2026-08-18,CM,NSE,STK,23806,INF209KB19Z4,ABSLPSE,EQ,,,,,BIRLASLAMC-ABSLPSE,10.41,10.41,10.13,10.21,10.28,10.28,,10.21,,,128769,1322093.55,333,F1,1,,,,,
2026-08-18,2026-08-18,CM,NSE,STK,6994,INE836A01035,BSOFT,EQ,,,,,BIRLASOFT LIMITED,310.85,311.20,304.50,305.55,305.95,310.80,,305.54,,,565208,173253667.10,14652,F1,1,,,,,
2026-08-18,2026-08-18,CM,NSE,STK,3435,INE676A01027,BBOX,EQ,,,,,BLACK BOX LIMITED,774.10,784.30,753.35,777.40,780.00,774.10,,777.44,,,372305,285453921.20,15854,F1,1,,,,,
2026-08-18,2026-08-18,CM,NSE,STK,762601,INE761G01016,BLACKROSE,BE,,,,,BLACK ROSE INDS. LTD.,106.90,109.49,103.00,108.90,108.00,105.13,,108.86,,,13281,1410420.44,146,F1,1,,,,,
2026-08-18,2026-08-18,CM,NSE,STK,27144,INE0UIZ01018,BLACKBUCK,EQ,,,,,BLACKBUCK LIMITED,567.50,591.60,564.00,588.80,590.50,569.50,,588.80,,,602531,351365614.85,27674,F1,1,,,,,
2026-08-18,2026-08-18,CM,NSE,STK,8132,INE791A01024,BLBLIMITED,EQ,,,,,BLB LIMITED,16.00,16.40,15.81,16.12,16.34,16.03,,16.18,,,102044,1635933.36,151,F1,1,,,,,
2026-08-18,2026-08-18,CM,NSE,STK,19269,INE416D01022,BLISSGVS,BE,,,,,BLISS GVS PHARMA LTD,519.00,546.50,501.25,546.50,546.50,520.50,,546.50,,,957967,518041843.65,5034,F1,1,,,,,
2026-08-18,2026-08-18,CM,NSE,STK,22566,INE0NLT01010,BLSE,EQ,,,,,BLS E-SERVICES LIMITED,310.95,313.30,310.00,310.60,310.00,310.80,,310.57,,,119023,37021451.35,2794,F1,1,,,,,
2026-08-18,2026-08-18,CM,NSE,STK,17279,INE153T01027,BLS,EQ,,,,,BLS INTL SERVS LTD,272.01,277.76,264.82,267.74,268.20,272.56,,267.73,,,1545928,418930066.75,23712,F1,1,,,,,
2026-08-18,2026-08-18,CM,NSE,STK,4681,INE657B01025,BLUECHIP,EQ,,,,,BLUE CHIP INDIA LIMITED,1.87,1.87,1.87,1.87,1.87,1.84,,1.91,,,3337,6240.19,18,F1,1,,,,,
2026-08-18,2026-08-18,CM,NSE,STK,765040,INE373T01047,BLUECLOUDS,EQ,,,,,BLUE CLOUD SOFTECH SOLU L,21.98,23.55,21.50,22.85,23.00,21.83,,22.84,,,4225295,96334274.57,7960,F1,1,,,,,
2026-08-18,2026-08-18,CM,NSE,STK,8552,INE472B01011,BLUECOAST,BE,,,,,BLUE COAST HOTELS LIMITED,24.00,24.99,22.82,23.19,24.50,24.00,,23.19,,,4350,101816.70,37,F1,1,,,,,
2026-08-18,2026-08-18,CM,NSE,STK,495,INE233B01017,BLUEDART,EQ,,,,,BLUE DART EXPRESS LTD,5100.00,5125.00,5070.00,5085.50,5080.00,5125.00,,5084.95,,,6205,31591141.50,1395,F1,1,,,,,
2026-08-18,2026-08-18,CM,NSE,STK,19686,INE0KBH01020,BLUEJET,EQ,,,,,BLUE JET HEALTHCARE LTD,589.95,612.95,589.15,607.25,605.20,593.20,,607.25,,,1660898,1006818626.80,37077,F1,1,,,,,
2026-08-18,2026-08-18,CM,NSE,STK,8311,INE472A01039,BLUESTARCO,EQ,,,,,BLUE STAR LIMITED,1520.50,1535.40,1490.00,1493.00,1493.00,1508.10,,1493.01,,,576843,866360944.90,27436,F1,1,,,,,
2026-08-18,2026-08-18,CM,NSE,STK,758185,INE0X3M01010,BLUEWATER,ST,,,,,BLUE WATER LOGISTICS LTD,409.75,409.75,388.90,389.15,388.90,409.35,,389.15,,,17000,6701600.00,17,F1,1000,,,,,
2026-08-18,2026-08-18,CM,NSE,STK,759291,INE304W01038,BLUESTONE,EQ,,,,,BLUESTONE JEWEL LFSTL LTD,839.00,852.40,816.00,820.40,823.00,834.65,,820.43,,,1645777,1368536278.95,39445,F1,1,,,,,
2026-08-18,2026-08-18,CM,NSE,STK,757520,INE0U4101014,BLUSPRING,EQ,,,,,BLUSPRING ENTERPRISES LTD,109.00,112.00,107.26,111.21,111.85,109.00,,111.20,,,328749,36004580.65,3177,F1,1,,,,,
2026-08-18,2026-08-18,CM,NSE,STK,759256,INE965W01036,BMWVENTLTD,EQ,,,,,BMW VENTURES LIMITED,57.50,58.34,57.00,57.25,57.26,57.62,,57.25,,,47589,2724542.84,1235,F1,1,,,,,
2026-08-18,2026-08-18,CM,NSE,STK,762608,INE00HZ01011,BNAGROCHEM,EQ,,,,,BN AGROCHEM LTD.,235.30,239.00,221.15,231.70,222.10,232.75,,230.84,,,14186,3277842.90,154,F1,1,,,,,
2026-08-18,2026-08-18,CM,NSE,STK,760821,INE00XL07015,975BNAL28,N0,,,,,BNAL 9.75% 2028 SR TR 1,10072.00,10072.00,10072.00,10072.00,10072.00,10128.01,,10072.00,,,9,90648.00,1,F1,1,,,,,
2026-08-18,2026-08-18,CM,NSE,STK,25021,INE338D01028,BODALCHEM,BE,,,,,BODAL CHEMICALS LTD,69.96,69.96,67.06,68.80,69.30,69.41,,68.80,,,317748,21619093.81,747,F1,1,,,,,
2026-08-18,2026-08-18,CM,NSE,STK,14150,INE0EEJ01023,BTML,EQ,,,,,BODHI TREE MULTIMEDIA LTD,8.95,9.05,8.89,8.93,8.90,8.95,,8.93,,,1257251,11239154.31,267,F1,1,,,,,
2026-08-18,2026-08-18,CM,NSE,STK,11640,INE802W01023,BOHRAIND,EQ,,,,,BOHRA INDUSTRIES LIMITED,13.60,15.41,13.60,14.99,15.35,14.01,,14.99,,,21453,321779.95,94,F1,1,,,,,
2026-08-18,2026-08-18,CM,NSE,STK,380,INE050A01025,BBTC,EQ,,,,,BOMBAY BURMAH TRADING COR,1465.00,1481.80,1465.00,1473.20,1466.70,1463.60,,1472.86,,,25932,38176815.80,4592,F1,1,,,,,
2026-08-18,2026-08-18,CM,NSE,STK,513,INE032A01023,BOMDYEING,EQ,,,,,BOMBAY DYEING & MFG. CO L,113.90,116.80,113.90,114.83,114.63,113.89,,114.83,,,509320,58829871.07,4900,F1,1,,,,,
2026-08-18,2026-08-18,CM,NSE,STK,6052,INE0I3Y01014,BMETRICS,SM,,,,,BOMBAY METRICS S C LTD,34.25,34.25,34.25,34.25,34.25,36.70,,34.25,,,800,27400.00,1,F1,800,,,,,
2026-08-18,2026-08-18,CM,NSE,STK,809,INE032Z01020,BSHSL,EQ,,,,,BOMBAY SUPER HYBRID SEEDS,86.50,89.99,86.50,87.95,87.90,88.65,,87.95,,,3585,315073.21,103,F1,1,,,,,
2026-08-18,2026-08-18,CM,NSE,STK,31128,INE053F07538,810IRFC27,N2,,,,,BOND 8.10% PA TAX FREE S2,1083.00,1084.68,1078.11,1081.39,1078.11,1082.00,,1081.39,,,338,365814.69,9,F1,1,,,,,
2026-08-18,2026-08-18,CM,NSE,STK,31040,INE906B07CB9,830NHAI27,N2,,,,,BOND 8.30% PA TAX FREE S2,1083.90,1083.90,1083.00,1083.00,1083.00,1084.00,,1083.00,,,1661,1799043.00,7,F1,1,,,,,
2026-08-18,2026-08-18,CM,NSE,STK,591,INE053F07660,840IRFC29,N8,,,,,BOND 8.40% PA TF TI-SIIA,1250.00,1250.00,1250.00,1250.00,1250.00,1095.11,,1250.00,,,1,1250.00,1,F1,1,,,,,
2026-08-18,2026-08-18,CM,NSE,STK,603,INE053F07686,865IRFC29,NA,,,,,BOND 8.65% PA TF TI-SIIB,1104.05,1105.00,1103.00,1104.00,1104.00,1114.83,,1104.50,,,1132,1249074.00,10,F1,1,,,,,
2026-08-18,2026-08-18,CM,NSE,STK,30990,INE020B07HS2,871REC28,N9,,,,,BOND 8.71% TAX FREE S2B,1121.24,1121.30,1119.10,1120.08,1119.10,1121.24,,1120.05,,,1950,2184643.50,21,F1,1,,,,,
2026-08-18,2026-08-18,CM,NSE,STK,1999,INE053F07744,888IRFC29,NE,,,,,BOND 8.88% PA TF TII-SIIB,1118.00,1120.00,1118.00,1120.00,1120.00,1117.25,,1120.00,,,636,711320.00,9,F1,1,,,,,
2026-08-18,2026-08-18,CM,NSE,STK,31969,INE557F07124,888NHB29,N5,,,,,BOND 8.88%PA TF TR-I S 2B,5650.00,5650.00,5650.00,5650.00,5650.00,5650.00,,5650.00,,,3,16950.00,1,F1,1,,,,,
2026-08-18,2026-08-18,CM,NSE,STK,31970,INE557F07132,901NHB34,N6,,,,,BOND 9.01%PA TF TR-I S 3B,6400.00,6410.00,6399.00,6410.00,6410.00,6400.00,,6410.00,,,107,684994.00,6,F1,1,,,,,
2026-08-18,2026-08-18,CM,NSE,STK,761056,INE0B9A01018,BONLON,EQ,,,,,BONLON INDUSTRIES LIMITED,42.87,43.75,41.15,41.86,41.75,42.02,,42.54,,,4314,182365.35,117,F1,1,,,,,
2026-08-18,2026-08-18,CM,NSE,STK,757919,INE16SF01016,BORANA,EQ,,,,,BORANA WEAVES LIMITED,320.95,323.55,312.50,315.20,314.00,321.10,,315.20,,,28381,8977182.70,984,F1,1,,,,,
2026-08-18,2026-08-18,CM,NSE,STK,19401,INE02PY01013,BOROLTD,EQ,,,,,BOROSIL LIMITED,242.02,252.32,239.70,250.34,250.94,244.81,,250.26,,,116674,28947019.51,4177,F1,1,,,,,
2026-08-18,2026-08-18,CM,NSE,STK,3149,INE666D01022,BORORENEW,EQ,,,,,BOROSIL RENEWABLES LTD,570.90,576.50,562.00,563.65,563.50,569.90,,563.63,,,271615,153917389.70,6917,F1,1,,,,,
2026-08-18,2026-08-18,CM,NSE,STK,24014,INE02L001032,BOROSCI,EQ,,,,,BOROSIL SCIENTIFIC LTD,132.34,134.09,130.00,130.46,130.95,132.69,,130.44,,,36364,4791874.97,1210,F1,1,,,,,
2026-08-18,2026-08-18,CM,NSE,STK,4491,INE782A01015,BOSCH-HCIL,EQ,,,,,BOSCH HOME COMFRT IND LTD,1695.00,1742.60,1683.10,1732.10,1732.00,1700.40,,1732.12,,,77451,133303564.90,6622,F1,1,,,,,
2026-08-18,2026-08-18,CM,NSE,STK,2181,INE323A01026,BOSCHLTD,EQ,,,,,BOSCH LIMITED,47010.00,48940.00,46775.00,48730.00,48730.00,46970.00,,48729.49,,,93891,4528420125.00,31640,F1,1,,,,,
2026-08-18,2026-08-18,CM,NSE,STK,25119,INE0QNI01012,BOSS,SM,,,,,BOSS PACKAGING SOLU LTD,49.60,49.60,49.60,49.60,49.60,47.45,,49.60,,,8000,396800.00,2,F1,2000,,,,,
2026-08-18,2026-08-18,CM,NSE,STK,530,INE110A01019,BPL,EQ,,,,,BPL LTD,50.15,50.60,49.90,49.95,49.92,50.15,,49.95,,,50252,2513907.08,449,F1,1,,,,,
2026-08-18,2026-08-18,CM,NSE,STK,24905,INE0R4Z01018,BRACEPORT,SM,,,,,BRACE PORT LOGISTICS LTD,75.00,75.00,66.50,66.75,67.00,75.00,,66.75,,,25600,1773120.00,14,F1,1600,,,,,
2026-08-18,2026-08-18,CM,NSE,STK,764628,INE320I01017,BRAHMINFRA,EQ,,,,,BRAHMAPUTRA INFRA L,178.40,180.00,167.10,176.78,176.78,170.77,,176.31,,,22379,3909137.04,171,F1,1,,,,,
2026-08-18,2026-08-18,CM,NSE,STK,24814,INE02RE01045,FIRSTCRY,EQ,,,,,BRAINBEES SOLUTIONS LTD,208.42,214.35,203.82,204.65,204.55,208.41,,204.65,,,1516049,314386941.82,22678,F1,1,,,,,
2026-08-18,2026-08-18,CM,NSE,STK,7780,INE977Y01011,BCONCEPTS,EQ,,,,,BRAND CONCEPTS LIMITED,158.00,161.20,156.32,159.80,157.61,157.11,,159.45,,,7503,1191822.10,511,F1,1,,,,,
2026-08-18,2026-08-18,CM,NSE,STK,760972,INE0XUD01014,BRANDMAN,SM,,,,,BRANDMAN RETAIL LIMITED,182.50,188.90,180.40,181.60,180.40,182.50,,181.60,,,24000,4399320.00,23,F1,800,,,,,
2026-08-18,2026-08-18,CM,NSE,STK,15184,INE791I01019,BRIGADE,EQ,,,,,BRIGADE ENTER. LTD,598.90,600.00,585.00,588.90,588.00,593.70,,588.93,,,358457,211941715.60,13735,F1,1,,,,,
2026-08-18,2026-08-18,CM,NSE,STK,757794,INE03NU01014,BRIGHOTEL,EQ,,,,,BRIGADE HOTEL VENTURE LTD,61.50,61.80,60.35,60.71,60.40,61.07,,60.68,,,70205,4293583.72,2465,F1,1,,,,,
2026-08-18,2026-08-18,CM,NSE,STK,764633,INE630D01010,BRIGHTBR,EQ,,,,,BRIGHT BROTHERS LTD.,238.00,260.00,231.00,255.13,251.03,231.60,,255.82,,,3986,1000203.44,191,F1,1,,,,,
2026-08-18,2026-08-18,CM,NSE,STK,8833,INE425B01027,BCG,EQ,,,,,BRIGHTCOM GROUP LIMITED,9.67,9.72,9.18,9.29,9.32,9.67,,9.30,,,6675094,62715649.67,7514,F1,1,,,,,
2026-08-18,2026-08-18,CM,NSE,STK,547,INE216A01030,BRITANNIA,EQ,,,,,BRITANNIA INDUSTRIES LTD,5543.50,5561.00,5490.00,5495.00,5495.00,5521.00,,5495.05,,,281420,1555179494.00,17692,F1,1,,,,,
2026-08-18,2026-08-18,CM,NSE,STK,2203,INE0FDU25010,BIRET,RR,,,,,BROOKFIELD INDIA RET,346.00,346.95,341.00,341.86,341.30,344.52,,341.86,,,263225,90416351.98,7368,F1,1,,,,,
2026-08-18,2026-08-18,CM,NSE,STK,25140,INE650L01011,BROOKS,BE,,,,,BROOKS LAB LIMITED,58.80,61.00,58.50,58.94,59.90,60.66,,58.98,,,22575,1333169.61,134,F1,1,,,,,
2026-08-18,2026-08-18,CM,NSE,STK,19585,INE118H01025,BSE,EQ,,,,,BSE LIMITED,3298.70,3315.40,3235.00,3308.00,3308.00,3332.00,,3308.00,,,5806922,19054467418.60,245847,F1,1,,,,,
2026-08-18,2026-08-18,CM,NSE,STK,559,INE594B01012,BSL,EQ,,,,,BSL LTD,123.72,124.33,121.70,122.85,123.72,123.72,,122.85,,,836,102652.50,47,F1,1,,,,,
2026-08-18,2026-08-18,CM,NSE,STK,2716,INE295F01017,BUTTERFLY,EQ,,,,,BTRFLY GANDHI APPL LTD,648.40,658.80,648.40,656.40,658.45,655.90,,656.24,,,8784,5742494.90,776,F1,1,,,,,
2026-08-18,2026-08-18,CM,NSE,STK,24701,INE0SZ301012,BULKCORP,SM,,,,,BULKCORP INTERNATIONAL L,67.00,68.25,67.00,68.20,68.25,65.00,,68.20,,,9600,651420.00,8,F1,1200,,,,,
2026-08-18,2026-08-18,CM,NSE,STK,15198,INE817H01022,BURNPUR,BE,,,,,BURNPUR CEMENT LIMITED,16.54,16.54,16.54,16.54,16.54,17.41,,16.54,,,3596,59477.84,97,F1,1,,,,,
2026-08-18,2026-08-18,CM,NSE,STK,764643,INE084D01010,CGVAK,EQ,,,,,C G V A K SOFTWARE & EX L,157.00,157.00,151.24,151.24,151.24,152.00,,151.33,,,334,51294.20,15,F1,1,,,,,
2026-08-18,2026-08-18,CM,NSE,STK,760854,INE0SMX01019,CKKRETAIL,SM,,,,,C K K RETAIL MART LIMITED,145.00,145.00,145.00,145.00,145.00,145.00,,145.00,,,1600,232000.00,2,F1,800,,,,,
2026-08-18,2026-08-18,CM,NSE,STK,18372,INE0QBU01012,CPS,SM,,,,,C P S SHAPERS LIMITED,1060.00,1060.00,1060.00,1060.00,1060.00,1066.45,,1060.00,,,750,795000.00,2,F1,150,,,,,
2026-08-18,2026-08-18,CM,NSE,STK,7227,INE0BV301023,MAPMYINDIA,EQ,,,,,C.E. INFO SYSTEMS LIMITED,991.90,1019.00,985.20,1012.60,1010.70,991.70,,1012.61,,,188680,190220171.30,16590,F1,1,,,,,
2026-08-18,2026-08-18,CM,NSE,STK,27274,INE0U7V01015,C2C,SM,,,,,C2C ADVANCED SYSTEMS LTD,242.55,243.95,226.50,229.45,228.80,245.30,,229.45,,,301950,69735060.00,1268,F1,150,,,,,
2026-08-18,2026-08-18,CM,NSE,STK,764255,INE11XY01018,CMLL,EQ,,,,,CALIBER MINING AND LOG L,515.35,539.00,506.00,532.65,528.90,515.35,,532.71,,,1043983,545301431.15,17578,F1,1,,,,,
2026-08-18,2026-08-18,CM,NSE,STK,8341,INE526B01014,CALSOFT,EQ,,,,,CALIFORNIA SOFTWARE CO LT,26.20,27.12,26.19,27.12,27.12,25.83,,27.12,,,248678,6723779.71,537,F1,1,,,,,
2026-08-18,2026-08-18,CM,NSE,STK,14218,INE627H01017,CTE,EQ,,,,,CAMBRIDGE TECH ENTER LTD,42.80,42.80,42.80,42.80,42.80,40.77,,42.44,,,12043,515440.40,47,F1,1,,,,,
2026-08-18,2026-08-18,CM,NSE,STK,6216,INE052I01032,CAMLINFINE,EQ,,,,,CAMLIN FINE SCIENCES LTD,113.54,115.59,108.70,109.60,109.50,114.11,,109.60,,,1256349,140712769.18,10984,F1,1,,,,,
2026-08-18,2026-08-18,CM,NSE,STK,9362,INE278Y01022,CAMPUS,EQ,,,,,CAMPUS ACTIVEWEAR LIMITED,217.93,219.91,216.20,216.63,216.75,217.92,,216.63,,,502519,109271552.80,11621,F1,1,,,,,
2026-08-18,2026-08-18,CM,NSE,STK,583,INE477A01020,CANFINHOME,EQ,,,,,CAN FIN HOMES LTD,814.35,825.00,810.05,824.15,824.70,814.35,,824.15,,,151032,123836886.50,8825,F1,1,,,,,
2026-08-18,2026-08-18,CM,NSE,STK,10794,INE476A01022,CANBK,EQ,,,,,CANARA BANK,130.00,131.00,129.10,129.10,129.10,131.10,,129.10,,,6622726,858656942.47,46065,F1,1,,,,,
2026-08-18,2026-08-18,CM,NSE,STK,759477,INE01TY01017,CANHLIFE,EQ,,,,,CANARA HSBC LIFE INS CO L,148.15,150.49,148.15,149.27,149.59,148.90,,149.26,,,248175,37097534.52,8687,F1,1,,,,,
2026-08-18,2026-08-18,CM,NSE,STK,759311,INE218I01013,CRAMC,EQ,,,,,CANARA ROBECO AMC LIMITED,253.95,256.90,251.00,254.40,253.70,253.95,,254.39,,,196677,49884298.00,6526,F1,1,,,,,
2026-08-18,2026-08-18,CM,NSE,STK,19368,INE0QG301017,CANARYS,SM,,,,,CANARYS AUTOMATIONS LTD,22.00,23.00,21.45,22.75,22.50,21.20,,22.75,,,72000,1613200.00,17,F1,4000,,,,,
2026-08-18,2026-08-18,CM,NSE,STK,20160,INE068L01024,CANTABIL,EQ,,,,,CANTABIL RETAIL LTD,236.30,238.00,227.07,228.58,230.00,236.30,,228.59,,,150920,34699431.15,4891,F1,1,,,,,
2026-08-18,2026-08-18,CM,NSE,STK,21749,INE264T01014,CAPACITE,EQ,,,,,CAPACITE INFRAPROJECT LTD,210.99,212.39,208.10,209.11,209.25,211.89,,209.10,,,178674,37497106.28,2432,F1,1,,,,,
2026-08-18,2026-08-18,CM,NSE,STK,759867,INE0ILV01024,CAPILLARY,EQ,,,,,CAPILLARY TECHNO INDIA L,524.40,527.50,509.30,513.45,515.00,525.55,,513.45,,,122967,63553200.95,3733,F1,1,,,,,
2026-08-18,2026-08-18,CM,NSE,STK,756015,INE345H01024,CIFL,EQ,,,,,CAPITAL INDIA FINANCE LTD,21.36,21.36,20.80,20.93,20.81,20.94,,20.95,,,15869,330900.25,122,F1,1,,,,,
2026-08-18,2026-08-18,CM,NSE,STK,29157,INE0Z8Z23013,CAPINVIT,IV,,,,,CAPITAL INFRA TRUST,77.50,77.50,76.10,76.64,76.66,76.95,,76.64,,,397553,30493645.72,7589,F1,1,,,,,
2026-08-18,2026-08-18,CM,NSE,STK,22675,INE646H01017,CAPITALSFB,EQ,,,,,CAPITAL SMALL FIN BANK L,280.15,290.90,280.15,287.75,288.95,281.55,,287.70,,,18772,5375842.00,834,F1,1,,,,,
2026-08-18,2026-08-18,CM,NSE,STK,19451,INE707C01018,CAPTRUST,BE,,,,,CAPITAL TRUST LIMITED,21.30,21.90,21.06,21.41,21.50,21.37,,21.41,,,19632,418805.56,90,F1,1,,,,,
2026-08-18,2026-08-18,CM,NSE,STK,3906,INE475E01026,CAPLIPOINT,EQ,,,,,CAPLIN POINT LAB LTD.,2540.00,2558.00,2506.10,2529.70,2530.00,2522.00,,2529.71,,,70633,179067979.70,11992,F1,1,,,,,
2026-08-18,2026-08-18,CM,NSE,STK,20329,INE180C01042,CGCL,EQ,,,,,CAPRI GLOBAL CAPITAL LTD,225.78,229.78,224.28,225.54,224.28,226.24,,225.54,,,2703979,612542724.05,26204,F1,1,,,,,
2026-08-18,2026-08-18,CM,NSE,STK,764203,INE536P01021,CPL,EQ,,,,,CAPTAIN POLYPLAST LIMITED,68.90,69.97,68.00,68.36,68.00,68.46,,68.25,,,118794,8166352.28,593,F1,1,,,,,
2026-08-18,2026-08-18,CM,NSE,STK,595,INE120A01034,CARBORUNIV,EQ,,,,,CARBORUNDUM UNIVERSAL LTD,1122.70,1148.80,1118.90,1126.00,1130.30,1122.70,,1126.01,,,526641,595222332.90,17165,F1,1,,,,,
2026-08-18,2026-08-18,CM,NSE,STK,29113,INE752H01013,CARERATING,EQ,,,,,CARE RATINGS LIMITED,1707.00,1735.70,1695.00,1725.10,1719.00,1707.00,,1725.11,,,46633,80156014.40,6338,F1,1,,,,,
2026-08-18,2026-08-18,CM,NSE,STK,758941,INE0P6P01016,CPEDU,EQ,,,,,CAREER POINT EDUTECH LTD,207.82,208.80,201.06,203.99,207.95,208.11,,203.99,,,6510,1336659.68,191,F1,1,,,,,
2026-08-18,2026-08-18,CM,NSE,STK,28879,INE0V7W01012,CARRARO,EQ,,,,,CARRARO INDIA LIMITED,513.00,518.75,499.05,512.80,515.00,513.45,,512.82,,,132532,67262274.10,6341,F1,1,,,,,
2026-08-18,2026-08-18,CM,NSE,STK,5407,INE290S01011,CARTRADE,EQ,,,,,CARTRADE TECH LIMITED,2787.00,2855.00,2780.10,2802.60,2805.00,2796.90,,2802.62,,,258422,727776403.20,29963,F1,1,,,,,
2026-08-18,2026-08-18,CM,NSE,STK,1879,INE482D01024,CARYSIL,EQ,,,,,CARYSIL LIMITED,1146.00,1189.80,1146.00,1181.10,1182.00,1155.80,,1181.05,,,84309,98958665.40,6982,F1,1,,,,,
2026-08-18,2026-08-18,CM,NSE,STK,758156,INE0WL201014,CUDML,ST,,,,,CASH UR DRIVE MARKETING L,105.05,105.90,102.35,104.10,104.10,107.70,,104.10,,,64000,6710350.00,23,F1,1000,,,,,
2026-08-18,2026-08-18,CM,NSE,STK,1250,INE172A01027,CASTROLIND,EQ,,,,,CASTROL INDIA LIMITED,186.71,187.90,186.10,186.85,186.55,187.55,,186.85,,,1104007,206573777.01,29287,F1,1,,,,,
2026-08-18,2026-08-18,CM,NSE,STK,11452,INE421D01022,CCL,EQ,,,,,CCL PRODUCTS (I) LTD,1134.00,1142.90,1130.10,1132.10,1136.00,1130.40,,1132.11,,,78918,89562759.00,9762,F1,1,,,,,
2026-08-18,2026-08-18,CM,NSE,STK,757129,INE157D07EM8,990CCSP27,N0,,,,,CCSPL 9.90% 2027 SR 02,99828.84,99828.84,99828.84,99828.84,99828.84,99869.51,,99828.84,,,2,199657.68,1,F1,1,,,,,
2026-08-18,2026-08-18,CM,NSE,STK,15254,INE482A01020,CEATLTD,EQ,,,,,CEAT LIMITED,3608.50,3643.90,3600.00,3605.40,3609.30,3608.50,,3605.09,,,38041,137345231.30,5937,F1,1,,,,,
2026-08-18,2026-08-18,CM,NSE,STK,757690,INE11J101017,CEDAAR,ST,,,,,CEDAAR TEXTILE LIMITED,15.05,15.05,14.50,14.50,14.50,15.25,,14.50,,,17000,248200.00,17,F1,1000,,,,,
2026-08-18,2026-08-18,CM,NSE,STK,24742,INE0AG901020,CEIGALL,EQ,,,,,CEIGALL INDIA LIMITED,310.00,312.00,302.30,309.15,308.05,315.95,,309.13,,,1111657,342332985.05,25370,F1,1,,,,,
2026-08-18,2026-08-18,CM,NSE,STK,761037,INE016Q01014,CEINSYS,EQ,,,,,CEINSYS TECH LIMITED,786.50,791.95,780.00,784.30,782.70,782.65,,784.30,,,23346,18325919.30,1782,F1,1,,,,,
2026-08-18,2026-08-18,CM,NSE,STK,13162,INE185H01016,CELEBRITY,EQ,,,,,CELEBRITY FASHIONS LTD,6.99,6.99,6.64,6.77,6.84,6.80,,6.81,,,10342,70360.93,91,F1,1,,,,,
2026-08-18,2026-08-18,CM,NSE,STK,16950,INE0O0001013,CELLPOINT,SM,,,,,CELL POINT (INDIA) LTD,16.05,16.05,16.00,16.00,16.00,17.05,,16.00,,,4800,76980.00,4,F1,1200,,,,,
2026-08-18,2026-08-18,CM,NSE,STK,18806,INE0OMO01025,CELLECOR,SM,,,,,CELLECOR GADGETS LIMITED,31.50,33.20,30.75,32.55,33.00,31.50,,32.55,,,441000,14241900.00,79,F1,3000,,,,,
2026-08-18,2026-08-18,CM,NSE,STK,19795,INE0LMW01024,CELLO,EQ,,,,,CELLO WORLD LIMITED,371.45,371.45,362.00,362.60,362.10,369.60,,362.60,,,236015,86105139.90,9250,F1,1,,,,,
2026-08-18,2026-08-18,CM,NSE,STK,5622,INE686A01026,CEMPRO,EQ,,,,,CEMINDIA PROJECTS LIMITED,1340.00,1351.30,1305.90,1324.00,1319.00,1321.80,,1324.01,,,404401,537557870.60,23046,F1,1,,,,,
2026-08-18,2026-08-18,CM,NSE,STK,14894,INE483A01010,CENTRALBK,EQ,,,,,CENTRAL BANK OF INDIA,31.26,31.36,31.00,31.02,31.07,31.27,,31.02,,,3762242,116996869.15,11288,F1,1,,,,,
2026-08-18,2026-08-18,CM,NSE,STK,21174,INE736A01011,CDSL,EQ,,,,,CENTRAL DEPO SER (I) LTD,1356.80,1361.50,1336.00,1340.60,1340.60,1356.80,,1340.60,,,759440,1020612209.60,29252,F1,1,,,,,
2026-08-18,2026-08-18,CM,NSE,STK,761581,INE05HV01027,CMPDI,EQ,,,,,CENTRAL MINE P N D INST L,234.49,236.55,232.25,233.11,233.00,235.18,,233.10,,,575383,134656648.18,10696,F1,1,,,,,
2026-08-18,2026-08-18,CM,NSE,STK,2454,INE660C01027,CENTRUM,EQ,,,,,CENTRUM CAPITAL LIMITED,24.48,25.25,23.98,24.20,24.25,24.30,,24.20,,,366515,8975148.56,978,F1,1,,,,,
2026-08-18,2026-08-18,CM,NSE,STK,14982,INE320B01020,CENTUM,EQ,,,,,CENTUM ELECTRONICS LTD,3381.00,3485.30,3313.80,3430.20,3442.50,3362.60,,3429.90,,,121628,416912392.30,21847,F1,1,,,,,
2026-08-18,2026-08-18,CM,NSE,STK,619,INE485A01015,CENTENKA,EQ,,,,,CENTURY ENKA LTD,578.50,585.60,573.30,576.55,579.75,572.60,,576.56,,,32771,18946714.10,1843,F1,1,,,,,
2026-08-18,2026-08-18,CM,NSE,STK,11511,INE281A01026,CENTEXT,EQ,,,,,CENTURY EXTRUSIONS LTD,22.00,22.40,21.50,21.93,21.65,21.93,,21.94,,,1011698,22262376.05,4527,F1,1,,,,,
2026-08-18,2026-08-18,CM,NSE,STK,13305,INE348B01021,CENTURYPLY,EQ,,,,,CENTURY PLYBOARDS (I) LTD,751.00,762.00,744.05,748.25,750.00,750.70,,748.54,,,38782,29055305.25,4067,F1,1,,,,,
2026-08-18,2026-08-18,CM,NSE,STK,15039,INE739E01017,CERA,EQ,,,,,CERA SANITARYWARE LTD,5775.00,5830.00,5717.50,5792.00,5830.00,5787.00,,5791.22,,,5308,30529148.50,1704,F1,1,,,,,
2026-08-18,2026-08-18,CM,NSE,STK,29016,INE345B01019,CEREBRAINT,BZ,,,,,CEREBRA INT TECH LTD,2.63,2.63,2.51,2.58,2.53,2.58,,2.58,,,54562,140278.24,109,F1,1,,,,,
2026-08-18,2026-08-18,CM,NSE,STK,628,INE486A01021,CESC,EQ,,,,,CESC LTD,170.22,171.75,167.90,167.98,168.00,170.22,,167.98,,,2555495,431027351.35,20214,F1,1,,,,,
2026-08-18,2026-08-18,CM,NSE,STK,760,INE067A01029,CGPOWER,EQ,,,,,CG POWER AND IND SOL LTD,898.80,900.00,889.00,894.20,894.20,898.80,,894.20,,,1568655,1401840035.50,26764,F1,1,,,,,
2026-08-18,2026-08-18,CM,NSE,STK,8546,INE427F01016,CHALET,EQ,,,,,CHALET HOTELS LIMITED,847.75,848.75,826.00,834.45,831.70,844.70,,834.50,,,57779,48176033.50,6473,F1,1,,,,,
2026-08-18,2026-08-18,CM,NSE,STK,3482,INE419D01026,CLSEL,EQ,,,,,CHAMAN LAL SETIA EXP LTD,280.20,283.20,277.75,279.05,278.10,281.60,,279.02,,,25275,7080781.00,809,F1,1,,,,,
2026-08-18,2026-08-18,CM,NSE,STK,13731,INE06PV01010,CMNL,SM,,,,,CHAMAN METALLICS LIMITED,106.00,106.00,104.60,105.95,105.95,105.05,,105.95,,,5250,553950.00,5,F1,750,,,,,
2026-08-18,2026-08-18,CM,NSE,STK,637,INE085A01013,CHAMBLFERT,EQ,,,,,CHAMBAL FERTILIZERS LTD,438.95,438.95,433.10,434.40,435.00,439.05,,434.40,,,357355,155197880.95,18541,F1,1,,,,,
2026-08-18,2026-08-18,CM,NSE,STK,29633,INE0B2N01016,CHANDAN,SM,,,,,CHANDAN HEALTHCARE LTD,241.55,250.00,232.70,246.20,248.70,245.80,,246.20,,,71200,17248520.00,83,F1,800,,,,,
2026-08-18,2026-08-18,CM,NSE,STK,18654,INE0PT101017,CHAVDA,SM,,,,,CHAVDA INFRA LIMITED,141.70,141.70,135.00,135.00,135.00,135.05,,135.00,,,62000,8388800.00,40,F1,1000,,,,,
2026-08-18,2026-08-18,CM,NSE,STK,757991,INE0TGX01019,CHEMBONDCH,BE,,,,,CHEMBOND CHEMICAL LIMITED,263.69,269.00,260.10,266.23,265.50,263.69,,266.22,,,10494,2777057.22,210,F1,1,,,,,
2026-08-18,2026-08-18,CM,NSE,STK,14618,INE995D01025,CHEMBOND,EQ,,,,,CHEMBOND MATERIALTECH LTD,171.00,176.97,167.05,172.69,173.76,172.41,,170.68,,,3264,556550.55,82,F1,1,,,,,
2026-08-18,2026-08-18,CM,NSE,STK,276,INE03YM01018,CHEMCON,BE,,,,,CHEMCON SPECIAL CHEM LTD,188.00,190.60,185.51,189.36,190.60,189.00,,189.36,,,10193,1920109.33,152,F1,1,,,,,
2026-08-18,2026-08-18,CM,NSE,STK,765045,INE298W01016,CHEMCRUX,EQ,,,,,CHEMCRUX ENTERPRISES LTD.,88.50,89.29,86.50,87.00,87.00,86.63,,86.71,,,2039,177994.66,59,F1,1,,,,,
2026-08-18,2026-08-18,CM,NSE,STK,2799,INE783X01023,CHEMFAB,EQ,,,,,CHEMFAB ALKALIS LIMITED,374.45,374.45,361.40,363.45,365.00,366.95,,363.45,,,1371,497579.95,89,F1,1,,,,,
2026-08-18,2026-08-18,CM,NSE,STK,5449,INE488A01050,CHEMPLASTS,EQ,,,,,CHEMPLAST SANMAR LIMITED,179.01,184.00,174.91,177.69,179.00,181.73,,177.70,,,274157,48780417.12,3554,F1,1,,,,,
2026-08-18,2026-08-18,CM,NSE,STK,2049,INE178A01016,CHENNPETRO,EQ,,,,,CHENNAI PETROLEUM CORP LT,1400.00,1454.50,1384.90,1404.00,1402.80,1382.40,,1404.01,,,3584947,5115570293.00,122361,F1,1,,,,,
2026-08-18,2026-08-18,CM,NSE,STK,24625,INE0U1T01012,CHETANA,SM,,,,,CHETANA EDUCATION LIMITED,43.00,44.95,43.00,44.95,44.95,43.50,,44.95,,,6400,279120.00,3,F1,1600,,,,,
2026-08-18,2026-08-18,CM,NSE,STK,9879,INE974B01016,CHEVIOT,EQ,,,,,CHEVIOT COMPANY LIMITED,1170.00,1175.00,1160.00,1165.60,1162.00,1161.50,,1165.30,,,394,459935.30,113,F1,1,,,,,
2026-08-18,2026-08-18,CM,NSE,STK,8866,INE102B01014,CHOICEIN,EQ,,,,,CHOICE INTERNATIONAL LTD,803.20,809.50,802.00,803.60,804.00,803.80,,803.60,,,260260,209776279.20,5243,F1,1,,,,,
2026-08-18,2026-08-18,CM,NSE,STK,759610,INF2KCX01012,CHOICEGOLD,EQ,,,,,CHOICEAMC - CHOICEGOLD,152.08,152.95,150.26,151.59,151.51,152.08,,151.59,,,4745,719528.70,122,F1,1,,,,,
2026-08-18,2026-08-18,CM,NSE,STK,21740,INE149A01033,CHOLAHLDNG,EQ,,,,,CHOLAMANDALAM FIN HOL LTD,1570.00,1587.30,1557.00,1563.30,1560.00,1576.40,,1563.31,,,67053,105137662.10,8842,F1,1,,,,,
2026-08-18,2026-08-18,CM,NSE,STK,685,INE121A01024,CHOLAFIN,EQ,,,,,CHOLAMANDALAM IN & FIN CO,1873.20,1889.70,1866.60,1868.00,1868.00,1884.70,,1868.01,,,523303,982431367.90,53795,F1,1,,,,,
2026-08-18,2026-08-18,CM,NSE,STK,14937,INE536H01010,CIEINDIA,EQ,,,,,CIE AUTOMOTIVE INDIA LTD,408.10,412.00,406.20,409.70,411.65,411.30,,409.71,,,249282,101902812.50,8175,F1,1,,,,,
2026-08-18,2026-08-18,CM,NSE,STK,27161,INE704H01022,CINELINE,EQ,,,,,CINELINE INDIA LIMITED,88.95,89.10,85.35,87.07,87.89,88.49,,87.07,,,11389,998254.55,182,F1,1,,,,,
2026-08-18,2026-08-18,CM,NSE,STK,8024,INE039B01026,CINEVISTA,EQ,,,,,CINEVISTA LIMITED,14.57,14.86,14.01,14.36,14.65,14.80,,14.37,,,21389,308861.62,168,F1,1,,,,,
2026-08-18,2026-08-18,CM,NSE,STK,694,INE059A01026,CIPLA,EQ,,,,,CIPLA LTD,1431.50,1437.60,1428.40,1431.10,1431.10,1431.50,,1431.10,,,589396,844684444.70,27511,F1,1,,,,,
2026-08-18,2026-08-18,CM,NSE,STK,763149,INE2Q7823014,CITIUSINVT,IV,,,,,CITIUS TRANSNET INV TRUST,113.05,115.00,112.20,114.00,115.00,113.88,,114.00,,,111536,12661575.92,1697,F1,1,,,,,
2026-08-18,2026-08-18,CM,NSE,STK,5701,INE491A01021,CUB,EQ,,,,,CITY UNION BANK LTD,215.00,223.00,214.85,222.18,222.19,215.20,,222.18,,,3912107,864207203.66,105789,F1,1,,,,,
2026-08-18,2026-08-18,CM,NSE,STK,20233,INE201M01029,CLEDUCATE,BE,,,,,CL EDUCATE LIMITED,59.49,61.00,59.40,60.36,60.93,59.00,,60.31,,,15824,951431.95,120,F1,1,,,,,
2026-08-18,2026-08-18,CM,NSE,STK,758736,INE0UQ601012,CLASSICEIL,SM,,,,,CLASSIC ELECTRODE (IND) L,47.50,47.55,45.15,46.80,46.00,47.45,,46.80,,,27200,1281680.00,16,F1,1600,,,,,
2026-08-18,2026-08-18,CM,NSE,STK,754695,INE1QGM01024,CLAYCRAFT,SM,,,,,CLAY CRAFT INDIA LIMITED,158.90,159.90,157.15,158.40,159.90,158.90,,158.40,,,7800,1231530.00,9,F1,600,,,,,
2026-08-18,2026-08-18,CM,NSE,STK,13846,INE376C01038,CLCIND,BE,,,,,CLC INDUSTRIES LIMITED,52.61,52.61,47.61,49.97,50.00,50.11,,49.97,,,2862,144672.48,14,F1,1,,,,,
2026-08-18,2026-08-18,CM,NSE,STK,760183,INE647U01026,CLEANMAX,EQ,,,,,CLEAN MAX ENVIRO EN SOL L,1239.90,1251.00,1229.00,1244.70,1241.20,1239.90,,1244.71,,,54458,67637264.40,5687,F1,1,,,,,
2026-08-18,2026-08-18,CM,NSE,STK,5049,INE227W01023,CLEAN,EQ,,,,,CLEAN SCIENCE & TECH LTD,839.00,840.55,819.30,831.90,829.90,840.00,,831.89,,,265290,220321218.70,15769,F1,1,,,,,
2026-08-18,2026-08-18,CM,NSE,STK,30893,INE00WV01027,CMRGREEN,EQ,,,,,CMR GREEN TECHNOLOGIES L,218.33,220.00,211.59,211.99,212.25,214.92,,211.99,,,971911,208148737.13,12443,F1,1,,,,,
2026-08-18,2026-08-18,CM,NSE,STK,7603,INE925R01014,CMSINFO,EQ,,,,,CMS INFO SYSTEMS LIMITED,254.35,254.40,248.25,249.50,250.00,254.35,,249.50,,,989324,247303940.45,26504,F1,1,,,,,
2026-08-18,2026-08-18,CM,NSE,STK,20374,INE522F01014,COALINDIA,EQ,,,,,COAL INDIA LTD,408.95,412.70,406.75,406.90,406.90,408.45,,406.90,,,7352659,3011259254.90,80134,F1,1,,,,,
2026-08-18,2026-08-18,CM,NSE,STK,6006,INE377E01024,COASTCORP,EQ,,,,,COASTAL CORPORATION LTD,41.75,42.74,41.46,41.92,42.00,41.75,,41.91,,,52949,2211235.81,532,F1,1,,,,,
2026-08-18,2026-08-18,CM,NSE,STK,21508,INE704P01025,COCHINSHIP,EQ,,,,,COCHIN SHIPYARD LIMITED,1460.90,1501.60,1457.00,1485.10,1485.10,1457.80,,1485.19,,,1360896,2025653732.20,41448,F1,1,,,,,
2026-08-18,2026-08-18,CM,NSE,STK,11169,INE335K01011,COFFEEDAY,BE,,,,,COFFEE DAY ENTERPRISE LTD,29.70,30.50,29.52,29.64,29.66,29.67,,29.64,,,189733,5646709.16,612,F1,1,,,,,
2026-08-18,2026-08-18,CM,NSE,STK,11543,INE591G01025,COFORGE,EQ,,,,,COFORGE LIMITED,1795.00,1795.00,1762.20,1773.00,1773.00,1806.00,,1772.98,,,1572547,2789482006.10,55776,F1,1,,,,,
2026-08-18,2026-08-18,CM,NSE,STK,17945,INE03QK01018,COHANCE,EQ,,,,,COHANCE LIFESCIENCES LTD,444.95,466.90,444.75,455.20,454.60,444.75,,455.19,,,1507812,691325821.15,46008,F1,1,,,,,
2026-08-18,2026-08-18,CM,NSE,STK,15141,INE259A01022,COLPAL,EQ,,,,,COLGATE PALMOLIVE LTD.,1954.50,1958.90,1901.70,1903.00,1903.00,1964.00,,1903.00,,,721820,1382272851.50,40110,F1,1,,,,,
2026-08-18,2026-08-18,CM,NSE,STK,762628,INE819A01049,COMFINTE,EQ,,,,,COMFORT INTECH LTD.,6.40,6.68,6.31,6.38,6.40,6.53,,6.39,,,114866,740218.43,341,F1,1,,,,,
2026-08-18,2026-08-18,CM,NSE,STK,21578,INE073V01015,COMSYN,EQ,,,,,COMMERCIAL SYN BAGS LTD,280.00,284.00,277.15,279.80,280.21,281.69,,279.80,,,48974,13765392.75,1705,F1,1,,,,,
2026-08-18,2026-08-18,CM,NSE,STK,19513,INE597Z01014,COMMITTED,SM,,,,,COMMITTED CARGO CARE LTD,346.25,347.60,346.25,347.60,347.60,347.80,,347.60,,,2400,832120.00,3,F1,800,,,,,
2026-08-18,2026-08-18,CM,NSE,STK,764648,INE823B01015,COMPEAU,EQ,,,,,COMPETENT AUTOMOB CO. L,400.00,400.00,336.00,355.05,355.00,351.10,,355.01,,,2017,724963.75,43,F1,1,,,,,
2026-08-18,2026-08-18,CM,NSE,STK,19670,INE070C01037,COMPINFO,BZ,,,,,COMPUAGE INFOCOM LTD,1.12,1.17,1.07,1.07,1.07,1.12,,1.08,,,13851,14994.51,31,F1,1,,,,,
2026-08-18,2026-08-18,CM,NSE,STK,31138,INE453B01029,COMPUSOFT,EQ,,,,,COMPUCOM SOFTWARE LTD,13.29,13.30,13.11,13.22,13.26,13.29,,13.24,,,6820,90104.89,82,F1,1,,,,,
2026-08-18,2026-08-18,CM,NSE,STK,342,INE596I01020,CAMS,EQ,,,,,COMPUTER AGE MNGT SER LTD,772.10,773.90,757.55,762.00,762.00,776.25,,761.96,,,1270110,967028340.45,37537,F1,1,,,,,
2026-08-18,2026-08-18,CM,NSE,STK,18060,INE338H01029,CONCORDBIO,EQ,,,,,CONCORD BIOTECH LIMITED,1532.50,1598.00,1524.00,1565.70,1573.00,1515.00,,1565.72,,,489172,766190011.00,35283,F1,1,,,,,
2026-08-18,2026-08-18,CM,NSE,STK,28764,INE037Z01029,CEWATER,EQ,,,,,CONCORD ENVIRO SYSTEMS L,273.50,281.50,270.30,274.75,273.80,275.00,,274.75,,,212600,58801494.40,8470,F1,1,,,,,
2026-08-18,2026-08-18,CM,NSE,STK,764638,INE700F01024,CFEL,EQ,,,,,CONFIDENCE FUTURIST ENE L,31.85,31.85,24.36,29.08,29.60,30.16,,29.01,,,11548,333132.71,317,F1,1,,,,,
2026-08-18,2026-08-18,CM,NSE,STK,10238,INE552D01024,CONFIPET,EQ,,,,,CONFIDENCE PETRO IND LTD.,72.70,73.25,69.00,69.90,70.00,72.55,,69.91,,,1806579,128197259.82,11344,F1,1,,,,,
2026-08-18,2026-08-18,CM,NSE,STK,758453,INE0EAS01014,CONNPLEX,SM,,,,,CONNPLEX CINEMAS LIMITED,206.00,212.00,206.00,210.60,211.80,209.00,,210.60,,,23200,4845520.00,28,F1,800,,,,,
2026-08-18,2026-08-18,CM,NSE,STK,14992,INE429I01024,CCCL,EQ,,,,,CONS. CONST. CONSORT LTD,15.66,15.66,15.37,15.52,15.63,15.59,,15.55,,,169800,2631103.19,470,F1,1,,,,,
2026-08-18,2026-08-18,CM,NSE,STK,11732,INE025A01027,CONSOFINVT,BE,,,,,CONSO. FIN. & HOLD. LTD.,271.95,277.95,271.95,272.00,272.00,271.95,,272.00,,,1158,315629.00,25,F1,1,,,,,
2026-08-18,2026-08-18,CM,NSE,STK,4749,INE111A01025,CONCOR,EQ,,,,,CONTAINER CORP OF IND LTD,524.50,524.85,517.55,518.25,518.25,524.50,,518.26,,,419489,218366491.30,16474,F1,1,,,,,
2026-08-18,2026-08-18,CM,NSE,STK,2531,INE340Z01019,CONTI,SM,,,,,CONTINENTAL SEED CHEM LTD,11.05,11.05,11.05,11.05,11.05,11.60,,11.05,,,6666,73659.30,2,F1,3333,,,,,
2026-08-18,2026-08-18,CM,NSE,STK,17477,INE663B01015,CONTROLPR,EQ,,,,,CONTROL PRINT LIMITED,569.30,579.65,566.60,575.30,574.50,569.70,,575.29,,,14060,8065618.75,1339,F1,1,,,,,
2026-08-18,2026-08-18,CM,NSE,STK,8567,INE0HS001028,COOLCAPS,ST,,,,,COOL CAPS INDUSTRIES LTD,20.40,20.65,19.50,20.20,20.65,19.75,,20.20,,,40000,801250.00,23,F1,1250,,,,,
2026-08-18,2026-08-18,CM,NSE,STK,4007,INE558D01021,CORALFINAC,EQ,,,,,CORAL INDIA FIN & HOUS LT,35.45,35.50,33.31,34.69,35.50,34.28,,34.76,,,290273,10110404.29,1724,F1,1,,,,,
2026-08-18,2026-08-18,CM,NSE,STK,15275,INE792I01017,CORDSCABLE,BE,,,,,CORDS CABLE INDUS LTD.,213.90,224.75,213.90,224.75,224.75,214.05,,224.75,,,30808,6844025.12,317,F1,1,,,,,
2026-08-18,2026-08-18,CM,NSE,STK,739,INE169A01031,COROMANDEL,EQ,,,,,COROMANDEL INTERNTL. LTD,2100.00,2104.80,2051.20,2062.70,2060.00,2097.90,,2062.62,,,58848,121928781.70,8906,F1,1,,,,,
2026-08-18,2026-08-18,CM,NSE,STK,760254,INE02ZQ01018,CORONA,EQ,,,,,CORONA REMEDIES LIMITED,2129.00,2150.00,2105.70,2119.40,2112.20,2113.10,,2119.22,,,16600,35225338.40,3965,F1,1,,,,,
2026-08-18,2026-08-18,CM,NSE,STK,742,INE757A01017,COSMOFIRST,EQ,,,,,COSMO FIRST LIMITED,962.20,981.00,957.00,961.20,965.00,964.85,,961.23,,,94828,91877835.65,5504,F1,1,,,,,
2026-08-18,2026-08-18,CM,NSE,STK,6385,INE652F01027,CCHHL,EQ,,,,,COUNTRY CLUB HOSP HOL LTD,12.90,12.90,12.18,12.33,12.30,12.55,,12.33,,,4200,51920.53,72,F1,1,,,,,
2026-08-18,2026-08-18,CM,NSE,STK,16989,INE695B01025,COUNCODOS,BE,,,,,COUNTRY CONDO S LIMITED,6.85,6.94,6.70,6.88,6.93,6.72,,6.89,,,169709,1166639.80,307,F1,1,,,,,
2026-08-18,2026-08-18,CM,NSE,STK,20086,INE521J01018,CPCAP,EQ,,,,,CP CAPITAL LIMITED,130.71,130.71,125.50,126.94,126.42,130.32,,126.94,,,16150,2058888.07,289,F1,1,,,,,
2026-08-18,2026-08-18,CM,NSE,STK,2328,INF457M01133,CPSEETF,EQ,,,,,CPSE ETF,94.00,94.30,93.70,93.99,94.09,93.76,,93.99,,,969195,91088810.74,5240,F1,1,,,,,
2026-08-18,2026-08-18,CM,NSE,STK,2854,INE00LO01017,CRAFTSMAN,EQ,,,,,CRAFTSMAN AUTOMATION LTD,10548.50,10960.00,10490.50,10890.50,10900.00,10480.00,,10890.33,,,58181,628919993.50,18174,F1,1,,,,,
2026-08-18,2026-08-18,CM,NSE,STK,764653,INE145E01017,CRAVATEX,EQ,,,,,CRAVATEX LTD.,347.90,347.90,346.80,347.90,347.90,350.00,,340.14,,,59,20466.60,21,F1,1,,,,,
2026-08-18,2026-08-18,CM,NSE,STK,16419,INE0OFK01019,CRAYONS,SM,,,,,CRAYONS ADVERTISING LTD,26.90,26.90,26.90,26.90,26.90,25.65,,26.90,,,3000,80700.00,3,F1,1000,,,,,
2026-08-18,2026-08-18,CM,NSE,STK,9384,INE230B01021,CREATIVEYE,EQ,,,,,CREATIVE EYE LIMITED,6.32,6.33,6.12,6.19,6.19,6.21,,6.19,,,469,2901.60,43,F1,1,,,,,
2026-08-18,2026-08-18,CM,NSE,STK,23468,INE0R7401011,CGRAPHICS,SM,,,,,CREATIVE GRAPHICS S IND L,144.00,144.00,140.10,141.40,140.10,144.00,,141.40,,,24800,3505400.00,26,F1,800,,,,,
2026-08-18,2026-08-18,CM,NSE,STK,11155,INE985W01018,CNL,EQ,,,,,CREATIVE NEWTECH LIMITED,1252.00,1275.00,1241.00,1264.15,1255.50,1252.10,,1264.16,,,41736,52579665.25,3763,F1,1,,,,,
2026-08-18,2026-08-18,CM,NSE,STK,4421,INE741K01010,CREDITACC,EQ,,,,,CREDITACCESS GRAMEEN LTD,1543.30,1545.00,1513.90,1524.60,1524.00,1538.60,,1524.57,,,89923,137105433.50,12141,F1,1,,,,,
2026-08-18,2026-08-18,CM,NSE,STK,20878,INE220Q01020,MUFTI,EQ,,,,,CREDO BRANDS MARKETING L,77.00,78.59,76.97,78.28,78.45,77.21,,78.29,,,46696,3634150.26,1100,F1,1,,,,,
2026-08-18,2026-08-18,CM,NSE,STK,765050,INE716D01033,CRSL,EQ,,,,,CRESSANDA RAILWAY SOLUT L,2.14,2.19,2.01,2.15,2.16,2.11,,2.15,,,408564,877870.98,577,F1,1,,,,,
2026-08-18,2026-08-18,CM,NSE,STK,13900,INE559D01011,CREST,EQ,,,,,CREST VENTURES LIMITED,354.95,364.00,349.30,352.05,356.95,355.30,,352.10,,,3891,1380834.50,156,F1,1,,,,,
2026-08-18,2026-08-18,CM,NSE,STK,757,INE007A01025,CRISIL,EQ,,,,,CRISIL LTD,4500.00,4500.00,4401.20,4442.50,4444.00,4488.30,,4442.51,,,37708,167227006.40,6347,F1,1,,,,,
2026-08-18,2026-08-18,CM,NSE,STK,757850,INE0S4R01014,CRIZAC,EQ,,,,,CRIZAC LIMITED,176.99,177.00,174.00,174.58,175.00,176.19,,174.58,,,189453,33149296.51,3760,F1,1,,,,,
2026-08-18,2026-08-18,CM,NSE,STK,17094,INE299U01018,CROMPTON,EQ,,,,,CROMPT GREA CON ELEC LTD,245.30,245.75,242.95,244.80,244.80,246.50,,244.80,,,1305455,318569170.60,15792,F1,1,,,,,
2026-08-18,2026-08-18,CM,NSE,STK,18263,INE00NH01017,CLSL,ST,,,,,CROP LIFE SCIENCE LIMITED,74.35,76.75,74.35,75.65,76.75,73.15,,75.65,,,28000,2108400.00,14,F1,2000,,,,,
2026-08-18,2026-08-18,CM,NSE,STK,8083,INE491V01019,CROWN,EQ,,,,,CROWN LIFTERS LIMITED,107.90,110.00,107.52,107.63,108.89,107.04,,107.63,,,9445,1025710.94,157,F1,1,,,,,
2026-08-18,2026-08-18,CM,NSE,STK,14966,INE679A01013,CSBBANK,EQ,,,,,CSB BANK LIMITED,313.00,320.20,312.95,317.45,317.10,319.95,,317.44,,,340793,108143687.85,9252,F1,1,,,,,
2026-08-18,2026-08-18,CM,NSE,STK,10350,INE718F01018,CSLFINANCE,EQ,,,,,CSL FINANCE LIMITED,222.93,222.93,221.00,221.00,221.00,219.55,,221.00,,,35048,7749621.85,341,F1,1,,,,,
2026-08-18,2026-08-18,CM,NSE,STK,763753,INE0ZK601013,CSM,EQ,,,,,CSM TECHNOLOGIES LIMITED,100.88,100.89,99.66,100.19,99.95,100.37,,100.25,,,75667,7575100.92,1295,F1,1,,,,,
2026-08-18,2026-08-18,CM,NSE,STK,15078,INE0NR623014,CUBEINVIT,IV,,,,,CUBE HIGHWAYS TRUST,162.26,162.26,159.50,159.99,159.99,160.99,,160.03,,,975592,156221996.99,7141,F1,1,,,,,
2026-08-18,2026-08-18,CM,NSE,STK,4064,INE144D01012,CUBEXTUB,EQ,,,,,CUBEX TUBINGS LTD,82.23,83.58,79.81,80.54,80.89,83.22,,80.54,,,59744,4868754.38,1110,F1,1,,,,,
2026-08-18,2026-08-18,CM,NSE,STK,1901,INE298A01020,CUMMINSIND,EQ,,,,,CUMMINS INDIA LTD,5478.50,5484.00,5350.00,5350.00,5350.00,5450.00,,5350.04,,,177068,958458163.50,23003,F1,1,,,,,
2026-08-18,2026-08-18,CM,NSE,STK,18520,INE509F01029,CUPID,EQ,,,,,CUPID LIMITED,273.00,285.70,257.21,284.03,282.99,267.32,,284.04,,,68917290,18768602294.72,635844,F1,1,,,,,
2026-08-18,2026-08-18,CM,NSE,STK,30189,INE117B01020,CURAA,EQ,,,,,CURA TECHNOLOGIES LIMITED,70.80,72.00,69.50,69.74,72.00,71.00,,69.74,,,282,19812.35,16,F1,1,,,,,
2026-08-18,2026-08-18,CM,NSE,STK,759825,INE1BZN01016,CURIS,SM,,,,,CURIS LIFESCIENCES LTD,110.30,110.30,110.20,110.20,110.20,111.50,,110.20,,,3000,330700.00,3,F1,1000,,,,,
2026-08-18,2026-08-18,CM,NSE,STK,758964,INE1CRQ01014,CURRENT,SM,,,,,CURRENT INFRAPROJECTS LTD,100.00,100.00,98.00,98.00,98.00,101.05,,98.00,,,3200,316800.00,2,F1,1600,,,,,
2026-08-18,2026-08-18,CM,NSE,STK,11842,INE278G01037,CYBERMEDIA,EQ,,,,,CYBER MEDIA (INDIA) LTD.,16.89,16.89,16.16,16.23,16.20,16.62,,16.23,,,34703,565671.43,89,F1,1,,,,,
2026-08-18,2026-08-18,CM,NSE,STK,11447,INE075Z01011,CMRSL,SM,,,,,CYBER MEDIA RES & SER LTD,69.50,69.85,69.50,69.85,69.85,66.55,,69.85,,,8800,614280.00,11,F1,800,,,,,
2026-08-18,2026-08-18,CM,NSE,STK,6054,INE214A01019,CYBERTECH,BE,,,,,CYBERTECH SYSTEMS & SOFTW,135.00,135.99,133.05,133.92,133.05,133.64,,133.91,,,8492,1143503.33,128,F1,1,,,,,
2026-08-18,2026-08-18,CM,NSE,STK,17187,INE055S01018,CYIENTDLM,EQ,,,,,CYIENT DLM LIMITED,736.20,764.80,733.40,736.10,739.00,737.45,,736.21,,,937835,700047559.15,38454,F1,1,,,,,
2026-08-18,2026-08-18,CM,NSE,STK,5748,INE136B01020,CYIENT,EQ,,,,,CYIENT LIMITED,861.40,869.55,850.10,858.55,857.95,868.00,,858.49,,,1226576,1050308830.65,22760,F1,1,,,,,
2026-08-18,2026-08-18,CM,NSE,STK,6249,INE0GN101014,DKEGL,SM,,,,,D K ENTERPRISES GLOBAL L,69.95,69.95,69.95,69.95,69.95,66.00,,69.95,,,1500,104925.00,1,F1,1500,,,,,
2026-08-18,2026-08-18,CM,NSE,STK,16902,INE864X01013,DPWIRES,BE,,,,,D P WIRES LIMITED,164.29,164.29,160.00,161.04,161.00,162.66,,161.07,,,3727,600476.58,97,F1,1,,,,,
2026-08-18,2026-08-18,CM,NSE,STK,17851,INE250K01012,DLINKINDIA,EQ,,,,,D-LINK INDIA LTD,421.05,422.00,413.10,418.85,419.90,418.70,,418.85,,,72487,30153944.60,2925,F1,1,,,,,
2026-08-18,2026-08-18,CM,NSE,STK,936,INE266Y01019,DPABHUSHAN,EQ,,,,,D. P. ABHUSHAN LIMITED,1385.60,1470.20,1385.60,1457.20,1451.10,1403.80,,1456.83,,,30351,43818506.40,2117,F1,1,,,,,
2026-08-18,2026-08-18,CM,NSE,STK,17881,INE950I01011,DBCORP,EQ,,,,,D.B.CORP LTD,212.98,212.98,209.37,209.85,209.50,212.13,,209.83,,,53733,11323079.47,2529,F1,1,,,,,
2026-08-18,2026-08-18,CM,NSE,STK,772,INE016A01026,DABUR,EQ,,,,,DABUR INDIA LTD,406.80,406.80,402.10,403.50,403.50,406.80,,403.50,,,1853755,748520387.20,20801,F1,1,,,,,
2026-08-18,2026-08-18,CM,NSE,STK,762633,INE928C01010,DAICHI,EQ,,,,,DAI-ICHI KARKARIA LTD.,337.95,337.95,317.05,323.95,323.00,329.90,,323.61,,,13853,4498840.00,185,F1,1,,,,,
2026-08-18,2026-08-18,CM,NSE,STK,8075,INE00R701025,DALBHARAT,EQ,,,,,DALMIA BHARAT LIMITED,1850.00,1858.40,1831.60,1837.10,1837.10,1844.00,,1837.12,,,246659,454727855.10,18198,F1,1,,,,,
2026-08-18,2026-08-18,CM,NSE,STK,781,INE495A01022,DALMIASUG,EQ,,,,,DALMIA BHARAT SUG IN LTD,458.90,467.70,445.00,452.70,454.00,459.60,,452.70,,,587471,269551086.35,14029,F1,1,,,,,
2026-08-18,2026-08-18,CM,NSE,STK,28662,INE284H01025,DAMCAPITAL,EQ,,,,,DAM CAPITAL ADVISORS LTD,145.80,148.00,145.11,147.05,146.80,146.39,,147.04,,,255482,37464457.48,5237,F1,1,,,,,
2026-08-18,2026-08-18,CM,NSE,STK,17569,INE497D01022,DAMODARIND,BE,,,,,DAMODAR INDUSTRIES LTD,27.58,27.60,27.21,27.60,27.60,27.58,,27.58,,,1909,52659.29,9,F1,1,,,,,
2026-08-18,2026-08-18,CM,NSE,STK,1110,INE688Y01022,DANGEE,EQ,,,,,DANGEE DUMS LIMITED,2.95,3.02,2.90,2.90,2.90,2.94,,2.90,,,92626,269423.85,128,F1,1,,,,,
2026-08-18,2026-08-18,CM,NSE,STK,25927,INE0YU901016,DANISH,SM,,,,,DANISH POWER LIMITED,795.00,808.95,786.00,791.15,790.00,788.80,,791.15,,,20850,16530510.00,116,F1,150,,,,,
2026-08-18,2026-08-18,CM,NSE,STK,7358,INE0IX101010,DATAPATTNS,EQ,,,,,DATA PATTERNS INDIA LTD,4530.00,4750.00,4525.00,4737.20,4740.00,4528.70,,4737.21,,,1385637,6468099813.30,104145,F1,1,,,,,
2026-08-18,2026-08-18,CM,NSE,STK,11423,INE365B01017,DATAMATICS,EQ,,,,,DATAMATICS GLOBAL SER LTD,852.35,852.35,827.75,833.95,833.85,852.35,,833.94,,,68621,57280090.70,5183,F1,1,,,,,
2026-08-18,2026-08-18,CM,NSE,STK,21794,INE179G01029,DAVANGERE,EQ,,,,,DAVANGERE SUGAR COMPANY L,3.29,3.29,3.16,3.19,3.21,3.20,,3.19,,,3198031,10257941.67,1704,F1,1,,,,,
2026-08-18,2026-08-18,CM,NSE,STK,31111,INE921B01025,DBSTOCKBRO,BE,,,,,DB (INT) STOCK BROKERS,32.00,33.49,31.51,32.52,32.10,32.51,,32.31,,,5294,169896.72,33,F1,1,,,,,
2026-08-18,2026-08-18,CM,NSE,STK,11566,INE0A1101019,DCI,EQ,,,,,DC INFOTECH AND COMUN LTD,380.00,382.70,365.10,373.00,374.00,382.35,,373.11,,,20081,7450681.55,1324,F1,1,,,,,
2026-08-18,2026-08-18,CM,NSE,STK,13725,INE503A01015,DCBBANK,EQ,,,,,DCB BANK LIMITED,182.80,183.64,180.50,183.08,182.50,184.09,,183.08,,,695982,126807562.75,14554,F1,1,,,,,
2026-08-18,2026-08-18,CM,NSE,STK,761737,INE04Q907181,1275DCCL28,N0,,,,,DCCL 12.75% 2028,9975.00,9975.00,9975.00,9975.00,9975.00,9974.67,,9975.00,,,1,9975.00,1,F1,1,,,,,
2026-08-18,2026-08-18,CM,NSE,STK,23520,INE0S8401018,DCG,SM,,,,,DCG CABLES & WIRES LTD,51.30,55.60,51.30,54.50,54.50,53.05,,54.50,,,30000,1625520.00,25,F1,1200,,,,,
2026-08-18,2026-08-18,CM,NSE,STK,4775,INE891B01012,DCMFINSERV,EQ,,,,,DCM FINANCIAL SERVICES LT,5.55,5.79,5.40,5.62,5.67,5.55,,5.62,,,7835,43823.66,302,F1,1,,,,,
2026-08-18,2026-08-18,CM,NSE,STK,7323,INE498A01018,DCM,BE,,,,,DCM LIMITED,81.08,84.20,80.44,82.50,82.50,82.08,,82.50,,,5432,449187.20,46,F1,1,,,,,
2026-08-18,2026-08-18,CM,NSE,STK,11039,INE08KP01019,DCMNVL,EQ,,,,,DCM NOUVELLE LIMITED,174.31,180.71,173.33,178.29,178.80,173.83,,178.29,,,40956,7337273.80,578,F1,1,,,,,
2026-08-18,2026-08-18,CM,NSE,STK,760893,INE0OFM01015,DSFCL,BE,,,,,DCM SHRIRAM FINE CHEM LTD,26.01,26.01,26.01,26.01,26.01,25.50,,26.59,,,8756,227743.56,21,F1,1,,,,,
2026-08-18,2026-08-18,CM,NSE,STK,7325,INE843D01027,DCMSRIND,EQ,,,,,DCM SHRIRAM IND LTD,46.00,47.80,45.90,46.94,46.99,45.73,,46.95,,,467380,21901293.87,4031,F1,1,,,,,
2026-08-18,2026-08-18,CM,NSE,STK,760896,INE0OU201013,DCMSIL,EQ,,,,,DCM SHRIRAM INTERNATNL L,74.00,75.49,67.16,68.94,68.40,74.26,,68.85,,,208275,14680927.16,1519,F1,1,,,,,
2026-08-18,2026-08-18,CM,NSE,STK,811,INE499A01024,DCMSHRIRAM,EQ,,,,,DCM SHRIRAM LIMITED,1039.90,1049.80,1013.20,1026.40,1022.00,1018.40,,1026.51,,,173224,178294195.00,14539,F1,1,,,,,
2026-08-18,2026-08-18,CM,NSE,STK,817,INE500A01029,DCW,EQ,,,,,DCW LTD,44.26,44.89,43.54,43.69,43.63,44.26,,43.68,,,1204783,53112112.90,5194,F1,1,,,,,
2026-08-18,2026-08-18,CM,NSE,STK,11895,INE0KL801015,DCXINDIA,EQ,,,,,DCX SYSTEMS LIMITED,175.87,183.15,175.11,179.12,178.85,173.32,,179.12,,,1199771,215171262.56,17587,F1,1,,,,,
2026-08-18,2026-08-18,CM,NSE,STK,29098,INE0HR601026,DDEVPLSTIK,EQ,,,,,DDEV PLASTIKS IND LTD,270.00,274.30,268.55,272.75,273.00,269.30,,272.79,,,105618,28651797.70,2674,F1,1,,,,,
2026-08-18,2026-08-18,CM,NSE,STK,15449,INE0JWV01011,DENEERS,SM,,,,,DE NEERS TOOLS LIMITED,175.05,179.80,168.65,172.30,172.30,180.50,,172.30,,,13800,2380980.00,23,F1,600,,,,,
2026-08-18,2026-08-18,CM,NSE,STK,4279,INE244A01016,DENORA,EQ,,,,,DE NORA INDIA LIMITED,826.40,858.80,824.30,851.05,843.90,830.55,,850.86,,,2284,1921638.15,348,F1,1,,,,,
2026-08-18,2026-08-18,CM,NSE,STK,14838,INE583C01021,DECCANCE,EQ,,,,,DECCAN CEMENTS LIMITED,548.00,552.00,541.05,545.55,541.65,544.00,,545.39,,,2786,1519680.15,188,F1,1,,,,,
2026-08-18,2026-08-18,CM,NSE,STK,762638,INE945F01025,DECNGOLD,EQ,,,,,DECCAN GOLD MINES LTD.,243.03,249.00,240.40,244.05,243.01,239.90,,244.04,,,4205721,1029486046.51,38753,F1,1,,,,,
2026-08-18,2026-08-18,CM,NSE,STK,25421,INE0S7C01019,DECCANTRAN,SM,,,,,DECCAN TRANSCON LEASING L,22.50,23.00,22.50,22.75,23.00,23.00,,22.75,,,2400,54600.00,2,F1,1200,,,,,
2026-08-18,2026-08-18,CM,NSE,STK,24154,INE841L01016,DEEDEV,EQ,,,,,DEE DEVELOPMENT ENG LTD,642.05,669.25,641.00,657.25,659.90,650.55,,657.28,,,149577,97881235.20,5589,F1,1,,,,,
2026-08-18,2026-08-18,CM,NSE,STK,22802,INE586O01011,DEEM,ST,,,,,DEEM ROLL TECH LIMITED,40.00,40.45,38.70,40.45,40.45,40.70,,40.45,,,6000,235550.00,6,F1,1000,,,,,
2026-08-18,2026-08-18,CM,NSE,STK,3292,INE0FHS01024,DEEPINDS,EQ,,,,,DEEP INDUSTRIES LIMITED,683.45,720.00,677.90,717.95,715.50,680.70,,717.98,,,721008,509047798.20,21586,F1,1,,,,,
2026-08-18,2026-08-18,CM,NSE,STK,765055,INE00IY01012,DEEP,EQ,,,,,DEEP POLYMERS LTD.,37.90,37.90,34.50,36.96,35.40,36.01,,35.61,,,10406,380741.35,67,F1,1,,,,,
2026-08-18,2026-08-18,CM,NSE,STK,25894,INE0OPA01027,DBEIL,BE,,,,,DEEPAK BUILDERS & ENG I L,6.84,6.96,6.62,6.68,6.64,6.84,,6.70,,,142759,962104.71,386,F1,1,,,,,
2026-08-18,2026-08-18,CM,NSE,STK,827,INE501A01019,DEEPAKFERT,EQ,,,,,DEEPAK FERTILIZERS & PETR,1504.80,1522.00,1466.20,1472.00,1473.30,1502.70,,1471.97,,,150625,224241491.00,12561,F1,1,,,,,
2026-08-18,2026-08-18,CM,NSE,STK,19943,INE288B01029,DEEPAKNTR,EQ,,,,,DEEPAK NITRITE LTD,1780.00,1787.00,1753.50,1771.00,1770.00,1780.50,,1771.03,,,229368,407012191.20,18075,F1,1,,,,,
2026-08-18,2026-08-18,CM,NSE,STK,22527,INE0SK801018,DELAPLEX,SM,,,,,DELAPLEX LIMITED,90.00,90.00,88.00,88.00,88.00,90.00,,88.00,,,2400,213090.00,4,F1,600,,,,,
2026-08-18,2026-08-18,CM,NSE,STK,9599,INE148O01028,DELHIVERY,EQ,,,,,DELHIVERY LIMITED,451.65,456.95,448.80,451.80,451.80,456.00,,451.80,,,1460519,660121896.85,19674,F1,1,,,,,
2026-08-18,2026-08-18,CM,NSE,STK,24395,INE726L01027,DELPHIFX,BE,,,,,DELPHI WORLD MONEY LTD,6.72,6.76,6.50,6.59,6.65,6.66,,6.59,,,73094,481780.44,154,F1,1,,,,,
2026-08-18,2026-08-18,CM,NSE,STK,29092,INE0XRN01019,DELTIC,SM,,,,,DELTA AUTOCORP LIMITED,33.30,33.50,33.15,33.30,33.30,34.50,,33.30,,,7000,233350.00,7,F1,1000,,,,,
2026-08-18,2026-08-18,CM,NSE,STK,15044,INE124G01033,DELTACORP,EQ,,,,,DELTA CORP LIMITED,59.70,61.08,59.50,60.71,60.53,60.18,,60.71,,,1074956,64693109.77,6474,F1,1,,,,,
2026-08-18,2026-08-18,CM,NSE,STK,1214,INE393A01011,DELTAMAGNT,EQ,,,,,DELTA MANUFACTURING LTD,59.00,59.48,57.00,57.50,58.22,59.08,,57.53,,,3590,208199.61,144,F1,1,,,,,
2026-08-18,2026-08-18,CM,NSE,STK,17722,INE947J01015,DEN,EQ,,,,,DEN NETWORKS LTD,27.90,27.90,27.31,27.41,27.37,27.78,,27.41,,,171835,4721015.42,1208,F1,1,,,,,
2026-08-18,2026-08-18,CM,NSE,STK,29256,INE0R4L01018,DENTA,EQ,,,,,DENTA WATER N INFRA SOL L,285.30,293.35,281.35,286.00,285.70,287.05,,286.00,,,246172,70161408.10,7070,F1,1,,,,,
2026-08-18,2026-08-18,CM,NSE,STK,759079,INE0VOV01021,DEVX,EQ,,,,,DEV ACCELERATOR LIMITED,33.90,33.90,33.00,33.31,33.22,32.88,,33.29,,,31485,1049587.43,587,F1,1,,,,,
2026-08-18,2026-08-18,CM,NSE,STK,8146,INE060X01034,DEVIT,EQ,,,,,DEV INFO TECHNOLOGY LTD,25.80,26.30,25.21,25.25,25.21,26.02,,25.25,,,54428,1384859.38,549,F1,1,,,,,
2026-08-18,2026-08-18,CM,NSE,STK,5373,INE872J01023,DEVYANI,EQ,,,,,DEVYANI INTERNATIONAL LTD,143.61,144.56,140.42,142.09,141.50,143.65,,142.08,,,1844675,261988795.04,13752,F1,1,,,,,
2026-08-18,2026-08-18,CM,NSE,STK,764658,INE260R01016,DHABRIYA,EQ,,,,,DHABRIYA POLYWOOD LTD.,509.00,586.90,499.20,558.05,560.10,504.35,,558.29,,,122906,67750715.40,3792,F1,1,,,,,
2026-08-18,2026-08-18,CM,NSE,STK,10893,INE0I3401014,DBOL,EQ,,,,,DHAMPUR BIO ORGANICS LTD,122.00,133.50,120.00,121.99,123.90,121.08,,122.00,,,1117878,141561380.53,15412,F1,1,,,,,
2026-08-18,2026-08-18,CM,NSE,STK,857,INE041A01016,DHAMPURSUG,EQ,,,,,DHAMPUR SUGAR MILLS LTD.,173.90,177.45,166.50,168.65,168.69,170.87,,168.65,,,1604098,276070575.66,21703,F1,1,,,,,
2026-08-18,2026-08-18,CM,NSE,STK,11359,INE680A01011,DHANBANK,EQ,,,,,DHANLAXMI BANK LIMITED,32.30,32.49,31.80,32.24,32.29,32.39,,32.24,,,559449,17980686.15,2903,F1,1,,,,,
2026-08-18,2026-08-18,CM,NSE,STK,24415,INE0M3I01029,DHANSA,SM,,,,,DHANSA LABS LIMITED,21.55,21.55,21.30,21.30,21.30,20.85,,21.30,,,6000,128700.00,3,F1,2000,,,,,
2026-08-18,2026-08-18,CM,NSE,STK,24409,INE435G01025,DHANUKA,EQ,,,,,DHANUKA AGRITECH LTD,1011.60,1011.60,990.00,996.40,1003.90,997.00,,996.37,,,20287,20237173.20,1797,F1,1,,,,,
2026-08-18,2026-08-18,CM,NSE,STK,759203,INE278R01034,DHARAN,BZ,,,,,DHARAN INFRA-EPC LIMITED,0.16,0.17,0.15,0.16,0.16,0.16,,0.16,,,12035589,1926712.99,1613,F1,1,,,,,
2026-08-18,2026-08-18,CM,NSE,STK,24747,INE0YRN01025,DHARIWAL,SM,,,,,DHARIWALCORP LIMITED,18.55,18.75,18.15,18.15,18.15,19.10,,18.15,,,81000,1484850.00,26,F1,3000,,,,,
2026-08-18,2026-08-18,CM,NSE,STK,13001,INE00OQ01016,DHARMAJ,EQ,,,,,DHARMAJ CROP GUARD LTD,268.50,271.00,267.95,270.00,270.00,269.25,,269.93,,,29791,8036693.95,1716,F1,1,,,,,
2026-08-18,2026-08-18,CM,NSE,STK,765060,INE715T01031,DHATRE,EQ,,,,,DHATRE UDYOG LTD.,5.02,5.02,4.33,4.58,4.60,4.26,,4.57,,,104322,474472.02,348,F1,1,,,,,
2026-08-18,2026-08-18,CM,NSE,STK,764553,INE01NH01023,DHOOTTRANS,EQ,,,,,DHOOT TRANSMISSION LTD,1170.00,1305.75,1165.00,1305.75,1305.75,1187.05,,1305.87,,,9337722,11589527057.60,339993,F1,1,,,,,
2026-08-18,2026-08-18,CM,NSE,STK,6858,INE506Z01015,DHRUV,EQ,,,,,DHRUV CONSULTANCY SER LTD,26.31,26.31,24.31,24.90,24.89,25.14,,24.90,,,2892,72357.26,48,F1,1,,,,,
2026-08-18,2026-08-18,CM,NSE,STK,22233,INE320L01011,DHUNINV,EQ,,,,,DHUNSERI INVESTMENTS LTD,1019.70,1022.45,957.50,976.95,968.35,1014.65,,977.08,,,2115,2073512.05,257,F1,1,,,,,
2026-08-18,2026-08-18,CM,NSE,STK,6227,INE341R01014,DTIL,EQ,,,,,DHUNSERI TEA & IND. LTD.,134.00,136.80,132.55,134.02,133.15,133.13,,134.02,,,2551,344776.28,60,F1,1,,,,,
2026-08-18,2026-08-18,CM,NSE,STK,15214,INE477B01010,DVL,EQ,,,,,DHUNSERI VENTURES LIMITED,264.49,267.55,263.24,265.81,265.10,265.92,,265.81,,,10527,2799052.90,410,F1,1,,,,,
2026-08-18,2026-08-18,CM,NSE,STK,18644,INE591D01014,DIAMINESQ,EQ,,,,,DIAMINES & CHEMICALS LTD,235.85,241.11,234.00,236.71,239.95,235.85,,237.36,,,2943,695607.34,127,F1,1,,,,,
2026-08-18,2026-08-18,CM,NSE,STK,18545,INE989C01038,DIACABS,BE,,,,,DIAMOND POWER INFRA LTD,361.00,372.70,353.10,367.95,371.05,359.90,,367.96,,,1174622,427769919.80,13034,F1,1,,,,,
2026-08-18,2026-08-18,CM,NSE,STK,703,INE303A01010,DICIND,EQ,,,,,DIC INDIA LIMITED,594.80,595.95,582.05,584.35,583.20,591.95,,584.37,,,2947,1730968.10,242,F1,1,,,,,
2026-08-18,2026-08-18,CM,NSE,STK,25672,INE184O01015,DIFFNKG,EQ,,,,,DIFFUSION ENGINEERS LTD,398.55,410.85,398.55,408.50,407.60,398.40,,408.49,,,108267,44014278.70,4999,F1,1,,,,,
2026-08-18,2026-08-18,CM,NSE,STK,10346,INE03JI01017,DGCONTENT,EQ,,,,,DIGICONTENT LIMITED,24.33,24.49,23.73,24.34,24.14,24.33,,24.34,,,5715,138613.41,53,F1,1,,,,,
2026-08-18,2026-08-18,CM,NSE,STK,21247,INE0PSC01024,DIGIDRIVE,EQ,,,,,DIGIDRIVE DISTRIBUTORS L,17.10,18.00,17.05,17.80,17.90,17.52,,17.81,,,16597,294693.99,129,F1,1,,,,,
2026-08-18,2026-08-18,CM,NSE,STK,19138,INE0QJ901011,DIGIKORE,SM,,,,,DIGIKORE STUDIOS LIMITED,37.15,42.50,36.00,37.00,37.05,37.15,,37.00,,,72000,2772420.00,146,F1,400,,,,,
2026-08-18,2026-08-18,CM,NSE,STK,16683,INE927C01020,DIGISPICE,EQ,,,,,DIGISPICE TECHNOLOGIES LT,16.98,17.42,16.08,16.77,16.78,16.62,,16.76,,,91590,1546910.27,302,F1,1,,,,,
2026-08-18,2026-08-18,CM,NSE,STK,757515,INE0U4701011,DIGITIDE,EQ,,,,,DIGITIDE SOLUTIONS LTD,96.99,98.62,94.60,98.08,97.85,96.49,,98.09,,,254802,24636559.04,3351,F1,1,,,,,
2026-08-18,2026-08-18,CM,NSE,STK,6127,INE731U01028,DIGJAMLMTD,EQ,,,,,DIGJAM LTD,51.02,52.00,50.06,51.74,50.60,50.52,,51.74,,,10235,527726.09,106,F1,1,,,,,
2026-08-18,2026-08-18,CM,NSE,STK,641,INE016M01021,DNAMEDIA,EQ,,,,,DILIGENT MEDIA CORP LTD.,2.68,2.68,2.51,2.55,2.60,2.69,,2.55,,,93831,241513.64,163,F1,1,,,,,
2026-08-18,2026-08-18,CM,NSE,STK,18086,INE917M01012,DBL,EQ,,,,,DILIP BUILDCON LIMITED,419.35,422.95,416.55,421.20,421.30,419.60,,421.18,,,69086,29090345.25,3277,F1,1,,,,,
2026-08-18,2026-08-18,CM,NSE,STK,762643,INE131C01011,DISAQ,EQ,,,,,DISA INDIA LTD.,11664.00,11954.00,11650.00,11696.00,11675.00,11641.00,,11714.99,,,761,8953737.00,463,F1,1,,,,,
2026-08-18,2026-08-18,CM,NSE,STK,14537,INE836F01026,DISHTV,EQ,,,,,DISH TV INDIA LTD.,2.81,2.84,2.76,2.82,2.81,2.81,,2.82,,,884017,2476042.71,846,F1,1,,,,,
2026-08-18,2026-08-18,CM,NSE,STK,21704,INE385W01011,DCAL,EQ,,,,,DISHMAN CARBO AMCIS LTD,175.25,180.63,168.01,169.14,168.30,175.83,,169.13,,,551160,94953958.23,8993,F1,1,,,,,
2026-08-18,2026-08-18,CM,NSE,STK,14479,INE753U01022,DIVGIITTS,EQ,,,,,DIVGI TORQTRANSFER SYST L,1284.00,1311.90,1245.10,1259.00,1259.00,1284.45,,1259.07,,,310830,398531364.65,18782,F1,1,,,,,
2026-08-18,2026-08-18,CM,NSE,STK,10940,INE361B01024,DIVISLAB,EQ,,,,,DIVI S LABORATORIES LTD,8510.00,8630.00,8504.00,8588.00,8588.00,8481.50,,8588.08,,,404163,3468373664.00,43159,F1,1,,,,,
2026-08-18,2026-08-18,CM,NSE,STK,30262,INE0NA501011,DIVINEHIRA,ST,,,,,DIVINE HIRA JEWELLERS LTD,109.70,111.00,107.10,111.00,111.00,110.90,,111.00,,,30000,3243000.00,16,F1,1200,,,,,
2026-08-18,2026-08-18,CM,NSE,STK,24286,INE0SCO01019,DPEL,SM,,,,,DIVINE POWER ENERGY LTD,591.00,591.00,578.00,584.50,578.00,589.55,,584.50,,,35000,20438700.00,64,F1,500,,,,,
2026-08-18,2026-08-18,CM,NSE,STK,21690,INE935N01020,DIXON,EQ,,,,,DIXON TECHNO (INDIA) LTD,14100.00,14420.00,14066.00,14150.00,14150.00,14025.00,,14149.53,,,387416,5504901239.00,49842,F1,1,,,,,
2026-08-18,2026-08-18,CM,NSE,STK,12749,INE0B1K01014,DJML,EQ,,,,,DJ MEDIAPRINT & LOG LTD,103.55,106.67,103.55,105.46,104.35,107.44,,105.46,,,166705,17560193.96,2174,F1,1,,,,,
2026-08-18,2026-08-18,CM,NSE,STK,14732,INE271C01023,DLF,EQ,,,,,DLF LIMITED,672.00,682.50,658.25,665.75,665.75,671.00,,665.76,,,6099954,4092865240.70,63488,F1,1,,,,,
2026-08-18,2026-08-18,CM,NSE,STK,6973,INE505A01010,DMCC,EQ,,,,,DMCC SPECIALITY CHEMICALS,293.40,299.90,285.95,287.75,287.00,293.65,,287.81,,,60692,17707850.80,1959,F1,1,,,,,
2026-08-18,2026-08-18,CM,NSE,STK,4822,INE021O01019,DODLA,EQ,,,,,DODLA DAIRY LIMITED,1100.00,1105.90,1090.10,1094.70,1094.00,1099.50,,1094.69,,,27797,30477594.00,5017,F1,1,,,,,
2026-08-18,2026-08-18,CM,NSE,STK,12124,INE966A01022,DOLATALGO,EQ,,,,,DOLAT ALGOTECH LIMITED,71.19,71.59,70.62,71.14,71.02,71.18,,71.19,,,66139,4701382.14,840,F1,1,,,,,
2026-08-18,2026-08-18,CM,NSE,STK,20560,INE325C01035,DOLLAR,EQ,,,,,DOLLAR INDUSTRIES LIMITED,268.90,270.70,264.05,268.55,268.00,268.35,,268.53,,,82886,22139883.85,2112,F1,1,,,,,
2026-08-18,2026-08-18,CM,NSE,STK,13323,INE0JHH01011,DOLLEX,SM,,,,,DOLLEX AGROTECH LIMITED,32.45,32.45,31.60,32.00,32.35,32.05,,32.00,,,16000,513600.00,4,F1,4000,,,,,
2026-08-18,2026-08-18,CM,NSE,STK,18139,INE920A01037,DOLPHIN,EQ,,,,,DOLPHIN OFF ENT (IND) L,575.00,639.00,560.70,619.40,620.00,576.85,,619.36,,,553474,340550628.50,25822,F1,1,,,,,
2026-08-18,2026-08-18,CM,NSE,STK,20551,INE321T01012,DOMS,EQ,,,,,DOMS INDUSTRIES LIMITED,2215.00,2225.70,2207.30,2218.60,2219.90,2218.10,,2218.58,,,16908,37461977.20,2858,F1,1,,,,,
2026-08-18,2026-08-18,CM,NSE,STK,13839,INE668D01028,DONEAR,EQ,,,,,DONEAR IND. LIMITED,86.51,91.00,86.51,89.18,89.09,87.64,,88.79,,,25660,2302735.47,512,F1,1,,,,,
2026-08-18,2026-08-18,CM,NSE,STK,15423,INE360C01024,DPSCLTD,BE,,,,,DPSC LIMITED,7.35,7.35,6.85,7.05,7.00,7.21,,7.05,,,259892,1832598.72,684,F1,1,,,,,
2026-08-18,2026-08-18,CM,NSE,STK,29452,INE943P01029,AGARWALEYE,EQ,,,,,DR AGARWALS HEALTH CARE L,501.00,508.35,495.00,502.60,500.20,501.60,,502.60,,,628634,315629770.70,25840,F1,1,,,,,
2026-08-18,2026-08-18,CM,NSE,STK,762648,INE934C01018,DRAGARWQ,EQ,,,,,DR. AGARWAL'S EYE HOSP L,5238.00,5400.00,5225.00,5321.00,5305.50,5294.00,,5332.21,,,612,3271755.00,211,F1,1,,,,,
2026-08-18,2026-08-18,CM,NSE,STK,11654,INE600L01024,LALPATHLAB,EQ,,,,,DR. LAL PATH LABS LTD.,1885.00,1912.00,1874.00,1901.40,1894.00,1877.30,,1901.39,,,211640,401375975.30,23604,F1,1,,,,,
2026-08-18,2026-08-18,CM,NSE,STK,881,INE089A01031,DRREDDY,EQ,,,,,DR. REDDY S LABORATORIES,1185.00,1189.30,1176.10,1178.80,1178.80,1192.00,,1178.81,,,805633,954044454.30,27255,F1,1,,,,,
2026-08-18,2026-08-18,CM,NSE,STK,2645,INE03RS01027,DRCSYSTEMS,EQ,,,,,DRC SYSTEMS INDIA LIMITED,13.30,13.30,12.71,13.00,13.00,13.07,,13.00,,,25838,333282.95,230,F1,1,,,,,
2026-08-18,2026-08-18,CM,NSE,STK,10859,INE0JS101016,DREAMFOLKS,EQ,,,,,DREAMFOLKS SERVICES LTD,65.40,68.10,65.40,66.65,66.50,65.85,,66.63,,,59119,3955538.64,1546,F1,1,,,,,
2026-08-18,2026-08-18,CM,NSE,STK,11271,INE506A01018,DREDGECORP,EQ,,,,,DREDGING CORP OF INDIA,1150.30,1170.00,1148.90,1160.80,1156.00,1160.50,,1160.70,,,98365,114016855.40,6639,F1,1,,,,,
2026-08-18,2026-08-18,CM,NSE,STK,17372,INE0P7201019,DRONE,SM,,,,,DRONE DESTINATION LIMITED,38.65,39.35,38.30,38.90,39.00,37.60,,38.90,,,16000,620900.00,30,F1,500,,,,,
2026-08-18,2026-08-18,CM,NSE,STK,6686,INE02CV01017,DRSDILIP,SM,,,,,DRS DILIP ROADLINES LTD.,108.00,108.00,108.00,108.00,108.00,109.90,,108.00,,,800,86400.00,1,F1,800,,,,,
2026-08-18,2026-08-18,CM,NSE,STK,8772,INE891A01022,DSKULKARNI,BE,,,,,DS KULKARNI DEVELOPERS L,14.65,14.65,14.65,14.65,14.65,13.96,,14.65,,,1777,26033.05,9,F1,1,,,,,
2026-08-18,2026-08-18,CM,NSE,STK,778,INE055C01020,KEEPLEARN,EQ,,,,,DSJ KEEP LEARNING LTD,1.86,2.07,1.86,2.01,2.00,1.92,,2.01,,,192433,386113.66,244,F1,1,,,,,
2026-08-18,2026-08-18,CM,NSE,STK,1927,INF740KA1EU7,LIQUIDETF,EQ,,,,,DSP LIQUID ETF,1000.00,1000.01,999.99,1000.00,1000.00,1000.00,,1000.00,,,249333,249332982.82,236,F1,1,,,,,
2026-08-18,2026-08-18,CM,NSE,STK,761364,INF740KA1YH2,BANK10ADD,EQ,,,,,DSPAMC - BANK10ADD,16.89,16.94,16.81,16.90,16.94,16.99,,16.90,,,17562,296545.18,69,F1,1,,,,,
2026-08-18,2026-08-18,CM,NSE,STK,13644,INF740KA1RX3,BANKADD,EQ,,,,,DSPAMC - DSPBANK,59.05,59.05,58.63,58.69,58.63,59.26,,58.69,,,10678,627143.10,108,F1,1,,,,,
2026-08-18,2026-08-18,CM,NSE,STK,15356,INF740KA1SW3,GOLDADD,EQ,,,,,DSPAMC - DSPGOLD,148.65,148.92,148.23,148.59,148.68,148.65,,148.59,,,413599,61442505.19,5786,F1,1,,,,,
2026-08-18,2026-08-18,CM,NSE,STK,17207,INF740KA1SX1,ITADD,EQ,,,,,DSPAMC - DSPIT,32.77,33.00,32.01,32.23,32.24,32.77,,32.23,,,76465,2465405.93,281,F1,1,,,,,
2026-08-18,2026-08-18,CM,NSE,STK,6606,INF740KA1QK2,EQUAL50ADD,EQ,,,,,DSPAMC - DSPNEWETF,347.00,347.00,345.58,346.12,346.56,347.99,,346.35,,,160489,55544586.47,278,F1,1,,,,,
2026-08-18,2026-08-18,CM,NSE,STK,7451,INF740KA1CL0,NIFTYADD,EQ,,,,,DSPAMC - DSPNIFTY,256.58,256.67,255.00,255.42,255.55,256.83,,255.42,,,3035,775635.13,114,F1,1,,,,,
2026-08-18,2026-08-18,CM,NSE,STK,17616,INF740KA1SY9,PSUBANKADD,EQ,,,,,DSPAMC - DSPPSBKETF,88.09,88.36,87.25,87.37,87.29,88.37,,87.35,,,41288,3618613.61,243,F1,1,,,,,
2026-08-18,2026-08-18,CM,NSE,STK,17576,INF740KA1TA7,PVTBANKADD,EQ,,,,,DSPAMC - DSPPVBKETF,27.81,27.83,27.68,27.82,27.79,27.84,,27.82,,,38770,1075932.76,109,F1,1,,,,,
2026-08-18,2026-08-18,CM,NSE,STK,7456,INF740KA1ZF3,MIDQ50ADD,EQ,,,,,DSPAMC - DSPQ50ETF,25.61,25.61,25.43,25.56,25.60,25.65,,25.67,,,88954,2266457.48,95,F1,1,,,,,
2026-08-18,2026-08-18,CM,NSE,STK,17613,INF740KA1SZ6,SENSEXADD,EQ,,,,,DSPAMC - DSPSENXETF,80.90,80.90,79.72,79.77,79.77,80.32,,79.77,,,911,72770.67,21,F1,1,,,,,
2026-08-18,2026-08-18,CM,NSE,STK,10761,INF740KA1RE3,SILVERADD,EQ,,,,,DSPAMC - DSPSILVETF,225.65,229.40,223.00,223.50,223.75,225.65,,223.50,,,124606,27863220.20,2375,F1,1,,,,,
2026-08-18,2026-08-18,CM,NSE,STK,759368,INF740KA1WU9,FLEXIADD,EQ,,,,,DSPAMC - FLEXIADD,10.30,10.30,10.20,10.24,10.27,10.30,,10.25,,,36130,369898.22,270,F1,1,,,,,
2026-08-18,2026-08-18,CM,NSE,STK,763530,INF740KA1ZA4,FMCGADD,EQ,,,,,DSPAMC - FMCGADD,49.54,49.54,48.04,48.14,48.19,48.57,,48.14,,,33472,1611716.88,158,F1,1,,,,,
2026-08-18,2026-08-18,CM,NSE,STK,22592,INF740KA1ZG1,HEALTHADD,EQ,,,,,DSPAMC - HEALTHADD,16.65,16.73,16.56,16.60,16.73,16.65,,16.60,,,101615,1688064.10,85,F1,1,,,,,
2026-08-18,2026-08-18,CM,NSE,STK,23407,INF740KA1UM0,LIQUIDADD,EQ,,,,,DSPAMC - LIQUIDADD,1140.78,1140.79,1140.77,1140.77,1140.77,1140.64,,1140.77,,,365999,417524574.55,491,F1,1,,,,,
2026-08-18,2026-08-18,CM,NSE,STK,764428,INF740KA1ZH9,MIDBANKADD,EQ,,,,,DSPAMC - MIDBANKADD,17.30,17.37,17.25,17.35,17.35,17.34,,17.40,,,728,12589.47,19,F1,1,,,,,
2026-08-18,2026-08-18,CM,NSE,STK,760356,INF740KA1WW5,MIDCAPADD,EQ,,,,,DSPAMC - MIDCAPADD,23.51,23.53,23.40,23.50,23.50,23.55,,23.50,,,382163,8979550.37,55,F1,1,,,,,
2026-08-18,2026-08-18,CM,NSE,STK,759978,INF740KA1WV7,MSCIADD,EQ,,,,,DSPAMC - MSCIADD,29.83,29.91,29.77,29.82,29.89,30.03,,29.81,,,989,29518.23,16,F1,1,,,,,
2026-08-18,2026-08-18,CM,NSE,STK,29464,INF740KA1VE5,NEXT30ADD,EQ,,,,,DSPAMC - NEXT30ADD,43.71,43.75,43.55,43.58,43.66,43.75,,43.58,,,3677,160341.82,64,F1,1,,,,,
2026-08-18,2026-08-18,CM,NSE,STK,760599,INF740KA1XU7,NEXT50ADD,EQ,,,,,DSPAMC - NEXT50ADD,75.17,75.17,74.80,74.96,74.94,75.17,,74.96,,,2341,175555.69,33,F1,1,,,,,
2026-08-18,2026-08-18,CM,NSE,STK,760359,INF740KA1WX3,SMALLADD,EQ,,,,,DSPAMC - SMALLADD,18.47,18.48,18.32,18.46,18.47,18.44,,18.46,,,25113,463655.36,82,F1,1,,,,,
2026-08-18,2026-08-18,CM,NSE,STK,25171,INF740KA1UR9,TOP10ADD,EQ,,,,,DSPAMC - TOP10ADD,87.85,87.98,87.55,87.77,87.92,88.37,,87.77,,,145435,12757474.78,634,F1,1,,,,,
2026-08-18,2026-08-18,CM,NSE,STK,13766,INE0LZO01015,DUCOL,SM,,,,,DUCOL ORGS AND COLOURS LT,103.50,104.75,103.50,103.55,103.55,103.00,,103.55,,,3200,332280.00,4,F1,800,,,,,
2026-08-18,2026-08-18,CM,NSE,STK,28952,INE741L01018,DUCON,EQ,,,,,DUCON INFRATECHNOLOGIES L,3.24,3.40,3.22,3.29,3.31,3.24,,3.29,,,379325,1258772.05,470,F1,1,,,,,
2026-08-18,2026-08-18,CM,NSE,STK,5457,INE0HPK01020,DUGLOBAL,SM,,,,,DUDIGITAL GLOBAL LIMITED,24.00,24.00,23.50,23.50,23.50,24.00,,23.50,,,7500,177500.00,3,F1,2500,,,,,
2026-08-18,2026-08-18,CM,NSE,STK,24164,INE0OUW01013,DURLAX,SM,,,,,DURLAX TOP SURFACE LTD,62.50,63.50,60.00,60.55,60.30,64.10,,60.55,,,100000,6134800.00,49,F1,2000,,,,,
2026-08-18,2026-08-18,CM,NSE,STK,11667,INE366A01041,DWARKESH,EQ,,,,,DWARIKESH SUGAR IND LTD,45.24,46.95,44.21,44.64,44.63,44.94,,44.64,,,3757036,172112093.31,15973,F1,1,,,,,
2026-08-18,2026-08-18,CM,NSE,STK,25690,INE417B01040,DSSL,EQ,,,,,DYNACONS SYS & SOLN LTD,1184.40,1189.90,1135.00,1147.20,1150.00,1158.10,,1147.11,,,32102,36924121.20,2812,F1,1,,,,,
2026-08-18,2026-08-18,CM,NSE,STK,4525,INE221B01012,DYNAMATECH,EQ,,,,,DYNAMATIC TECHNOLOGIES,11123.00,11950.00,11112.00,11770.00,11757.00,11123.00,,11770.27,,,33740,392192174.00,10061,F1,1,,,,,
2026-08-18,2026-08-18,CM,NSE,STK,10417,INE600Y01019,DYCL,EQ,,,,,DYNAMIC CABLES LIMITED,464.00,468.30,450.00,452.90,452.05,465.35,,452.90,,,396713,181729496.25,11583,F1,1,,,,,
2026-08-18,2026-08-18,CM,NSE,STK,6082,INE0DZ701010,DYNAMIC,ST,,,,,DYNAMIC SRVCS & SEC LTD,139.90,145.00,136.65,141.75,140.00,140.45,,141.75,,,10500,1479700.00,14,F1,500,,,,,
2026-08-18,2026-08-18,CM,NSE,STK,21314,INE256H01015,DYNPRO,EQ,,,,,DYNEMIC PRODUCTS LIMITED,227.00,233.00,226.60,228.40,229.00,232.05,,228.39,,,9360,2152358.65,346,F1,1,,,,,
2026-08-18,2026-08-18,CM,NSE,STK,19267,INE0KFF01017,EFACTOR,SM,,,,,E FACTOR EXPERIENCES LTD,222.00,222.00,200.00,202.65,203.00,199.35,,202.65,,,11200,2298360.00,20,F1,400,,,,,
2026-08-18,2026-08-18,CM,NSE,STK,760531,INE1CEJ01017,E2ERAIL,SM,,,,,E TO E TRANS INFRA LTD,269.00,314.35,269.00,303.30,302.50,262.10,,303.30,,,643200,192399760.00,562,F1,800,,,,,
2026-08-18,2026-08-18,CM,NSE,STK,8940,INE255Z01027,E2E,BE,,,,,E2E NETWORKS LIMITED,672.00,686.95,656.00,664.55,668.00,686.15,,664.70,,,890449,596318570.00,22586,F1,1,,,,,
2026-08-18,2026-08-18,CM,NSE,STK,765065,INE595R01023,EASTWEST,EQ,,,,,EAST WEST FREIGHT CARRI L,2.50,2.50,2.31,2.32,2.43,2.45,,2.33,,,11822,28042.35,70,F1,1,,,,,
2026-08-18,2026-08-18,CM,NSE,STK,9769,INE962C01035,EASTSILK,BE,,,,,EASTERN SILK INDUSTRIES L,59.40,59.41,59.00,59.00,59.00,56.59,,59.41,,,360,21339.05,9,F1,1,,,,,
2026-08-18,2026-08-18,CM,NSE,STK,2792,INE07O001026,EASEMYTRIP,EQ,,,,,EASY TRIP PLANNERS LTD,6.21,6.29,6.12,6.16,6.16,6.13,,6.16,,,10633745,65836485.73,7671,F1,1,,,,,
2026-08-18,2026-08-18,CM,NSE,STK,765070,INE432F01032,EBIX,EQ,,,,,EBIX LIMITED,17.06,17.06,16.03,17.06,17.06,16.25,,17.28,,,229126,3861208.63,386,F1,1,,,,,
2026-08-18,2026-08-18,CM,NSE,STK,759974,INE528S07110,888ECL28,N1,,,,,ECL 8.88% 2028 SR V,990.11,994.85,990.00,990.46,990.01,994.55,,990.46,,,154,152531.99,8,F1,1,,,,,
2026-08-18,2026-08-18,CM,NSE,STK,759975,INE528S07128,925ECL28,N2,,,,,ECL 9.25% 2028 SR VI,1012.10,1012.10,1012.10,1012.10,1012.10,1021.03,,1012.10,,,6,6072.60,1,F1,1,,,,,
2026-08-18,2026-08-18,CM,NSE,STK,15179,INE738I01010,ECLERX,EQ,,,,,ECLERX SERVICES LTD,1850.10,1854.00,1773.90,1805.20,1811.00,1848.90,,1805.21,,,141785,255424482.00,17495,F1,1,,,,,
2026-08-18,2026-08-18,CM,NSE,STK,764663,INE316A01038,ECORECO,EQ,,,,,ECO RECYCLING LTD.,493.55,493.60,460.00,467.75,465.70,479.00,,467.78,,,5959,2795144.05,546,F1,1,,,,,
2026-08-18,2026-08-18,CM,NSE,STK,759964,INE0VBS01016,ECOLINE,ST,,,,,ECOLINE EXIM LIMITED,181.05,183.90,180.00,182.00,182.00,184.05,,182.00,,,10000,1814900.00,10,F1,1000,,,,,
2026-08-18,2026-08-18,CM,NSE,STK,25062,INE06HJ01020,ECOSMOBLTY,BE,,,,,ECOS (INDIA) MOB & HOSP L,116.99,117.70,112.40,112.58,112.50,116.99,,112.59,,,140992,16089856.66,1808,F1,1,,,,,
2026-08-18,2026-08-18,CM,NSE,STK,7196,INF754K01OB1,BBETF0432,EQ,,,,,EDELAMC - BBETF0432,1359.36,1359.36,1352.51,1353.63,1352.65,1358.46,,1353.63,,,314,425336.28,47,F1,1,,,,,
2026-08-18,2026-08-18,CM,NSE,STK,764378,INF754K01XH9,EBANK10,EQ,,,,,EDELAMC - EBANK10,16.74,17.75,16.74,16.98,16.90,16.74,,16.98,,,314,5260.69,7,F1,1,,,,,
2026-08-18,2026-08-18,CM,NSE,STK,25258,INF754K01TE4,EBANKNIFTY,EQ,,,,,EDELAMC - EBANKNIFTY,58.31,58.31,57.76,58.06,58.06,58.11,,58.06,,,1941,112157.57,26,F1,1,,,,,
2026-08-18,2026-08-18,CM,NSE,STK,16253,INF754K01KO2,EBBETF0430,EQ,,,,,EDELAMC - EBBETF0430,1617.87,1617.88,1610.11,1612.87,1611.80,1611.52,,1612.82,,,45396,73137006.94,266,F1,1,,,,,
2026-08-18,2026-08-18,CM,NSE,STK,22239,INF754K01LE1,EBBETF0431,EQ,,,,,EDELAMC - EBBETF0431,1443.19,1443.96,1441.10,1441.15,1441.15,1443.19,,1441.15,,,1346,1940584.52,51,F1,1,,,,,
2026-08-18,2026-08-18,CM,NSE,STK,13139,INF754K01QX0,EBBETF0433,EQ,,,,,EDELAMC - EBBETF0433,1316.55,1318.00,1311.27,1317.35,1313.22,1316.39,,1317.35,,,3703,4871420.82,90,F1,1,,,,,
2026-08-18,2026-08-18,CM,NSE,STK,29019,INF754K01TX4,ECAPINSURE,EQ,,,,,EDELAMC - ECAPINSURE,23.89,23.89,23.65,23.85,23.85,23.89,,23.85,,,83425,1982567.06,259,F1,1,,,,,
2026-08-18,2026-08-18,CM,NSE,STK,19933,INF754K01SE6,EGOLD,EQ,,,,,EDELAMC - EGOLD,152.05,153.15,152.00,152.95,152.45,152.85,,152.95,,,19939,3048035.00,535,F1,1,,,,,
2026-08-18,2026-08-18,CM,NSE,STK,759466,INF754K01VW2,ELIQUID,EQ,,,,,EDELAMC - ELIQUID,1044.07,1044.09,1044.07,1044.08,1044.08,1043.95,,1044.08,,,25752,26887379.53,18,F1,1,,,,,
2026-08-18,2026-08-18,CM,NSE,STK,758952,INF754K01VV4,ELM250,EQ,,,,,EDELAMC - ELM250,17.58,17.58,16.77,16.91,16.95,17.16,,16.91,,,154976,2619446.19,598,F1,1,,,,,
2026-08-18,2026-08-18,CM,NSE,STK,764367,INF754K01XI7,ELMDIV,EQ,,,,,EDELAMC - ELMDIV,36.88,36.90,36.60,36.72,36.85,36.88,,36.72,,,2132,78436.07,28,F1,1,,,,,
2026-08-18,2026-08-18,CM,NSE,STK,764288,INF754K01XG1,EMETAL,EQ,,,,,EDELAMC - EMETAL,13.14,13.14,13.05,13.06,13.06,13.15,,13.06,,,6848,89628.37,23,F1,1,,,,,
2026-08-18,2026-08-18,CM,NSE,STK,25996,INF754K01TF1,EMULTIMQ,EQ,,,,,EDELAMC - EMULTIMQ,42.39,42.39,42.02,42.15,42.15,42.24,,42.15,,,27539,1161516.09,112,F1,1,,,,,
2026-08-18,2026-08-18,CM,NSE,STK,763540,INF754K01XF3,ENEXT50,EQ,,,,,EDELAMC - ENEXT50,74.50,74.55,74.13,74.50,74.50,74.37,,74.50,,,1687,125137.26,16,F1,1,,,,,
2026-08-18,2026-08-18,CM,NSE,STK,759998,INF754K01VX0,ENIFTY,EQ,,,,,EDELAMC - ENIFTY,25.19,25.19,24.34,24.44,24.44,24.58,,24.44,,,5189,126870.42,49,F1,1,,,,,
2026-08-18,2026-08-18,CM,NSE,STK,759995,INF754K01VY8,ESENSEX,EQ,,,,,EDELAMC - ESENSEX,77.90,80.65,77.90,79.40,79.41,78.66,,79.40,,,544,42952.30,12,F1,1,,,,,
2026-08-18,2026-08-18,CM,NSE,STK,20257,INF754K01SF3,ESILVER,EQ,,,,,EDELAMC - ESILVER,233.38,233.38,230.64,231.04,231.21,233.54,,231.04,,,67057,15523715.12,4950,F1,1,,,,,
2026-08-18,2026-08-18,CM,NSE,STK,15119,INE532F01054,EDELWEISS,EQ,,,,,EDELWEISS FIN SERV LTD,122.00,123.68,120.50,121.40,120.62,122.67,,121.39,,,1545184,188783478.92,13685,F1,1,,,,,
2026-08-18,2026-08-18,CM,NSE,STK,758675,INE886D01026,EFCIL,EQ,,,,,EFC (I) LIMITED,174.00,187.75,171.42,184.64,184.21,174.10,,184.66,,,513483,92275738.54,6720,F1,1,,,,,
2026-08-18,2026-08-18,CM,NSE,STK,24438,INE0U9101019,EFFWA,ST,,,,,EFFWA INFRA & RESEARCH L,344.90,347.00,344.90,346.00,347.00,345.75,,346.00,,,11600,4003600.00,19,F1,400,,,,,
2026-08-18,2026-08-18,CM,NSE,STK,910,INE066A01021,EICHERMOT,EQ,,,,,EICHER MOTORS LTD,8040.00,8107.00,8016.50,8018.50,8018.50,8050.00,,8018.85,,,262500,2119026943.50,34278,F1,1,,,,,
2026-08-18,2026-08-18,CM,NSE,STK,916,INE126A01031,EIDPARRY,EQ,,,,,EID PARRY INDIA LTD,794.45,795.00,772.20,780.60,783.00,792.05,,780.56,,,697047,544955915.60,43985,F1,1,,,,,
2026-08-18,2026-08-18,CM,NSE,STK,15399,INE276C01014,EIHAHOTELS,EQ,,,,,EIH ASSOCIATED HOTELS LTD,294.45,296.75,289.45,293.50,295.40,292.20,,293.56,,,18024,5269166.30,934,F1,1,,,,,
2026-08-18,2026-08-18,CM,NSE,STK,919,INE230A01023,EIHOTEL,EQ,,,,,EIH LIMITED,296.00,297.45,294.05,296.70,296.00,296.00,,296.70,,,111718,33065789.60,4889,F1,1,,,,,
2026-08-18,2026-08-18,CM,NSE,STK,4040,INE158B01016,EIMCOELECO,EQ,,,,,EIMCO ELECON (INDIA) LTD,2125.00,2197.90,2125.00,2153.70,2143.20,2189.10,,2153.83,,,41008,88746749.30,4674,F1,1,,,,,
2026-08-18,2026-08-18,CM,NSE,STK,764668,INE0CPR01018,EKI,EQ,,,,,EKI ENERGY SERVICES LTD,80.84,80.88,79.01,79.58,79.98,80.84,,79.58,,,5934,472368.68,286,F1,1,,,,,
2026-08-18,2026-08-18,CM,NSE,STK,762653,INE280B01018,ELANTAS,EQ,,,,,ELANTAS BECK INDIA LTD.,11893.00,11893.00,11460.00,11701.50,11750.00,11705.50,,11700.28,,,2723,31926627.50,1431,F1,1,,,,,
2026-08-18,2026-08-18,CM,NSE,STK,762658,INE927X01018,ELCIDIN,EQ,,,,,ELCID INVESTMENTS LTD.,110895.00,110995.00,110000.00,110000.00,110000.00,110895.00,,110000.00,,,5,552810.00,5,F1,1,,,,,
2026-08-18,2026-08-18,CM,NSE,STK,8953,INE668G01021,ELDEHSG,EQ,,,,,ELDECO HSG & IND LTD.,768.00,822.00,745.00,817.50,803.20,765.35,,817.50,,,11501,9231569.15,412,F1,1,,,,,
2026-08-18,2026-08-18,CM,NSE,STK,13643,INE205B01031,ELECON,EQ,,,,,ELECON ENG. CO. LTD,440.50,444.75,431.65,433.95,435.00,438.25,,433.97,,,309070,135619762.35,12116,F1,1,,,,,
2026-08-18,2026-08-18,CM,NSE,STK,20899,INE0Q1W01012,EFORCE,SM,,,,,ELECTRO FORCE (INDIA) LTD,21.55,21.55,21.00,21.00,21.00,21.00,,21.00,,,2400,51060.00,2,F1,1200,,,,,
2026-08-18,2026-08-18,CM,NSE,STK,11530,INE02YR01019,EMIL,EQ,,,,,ELECTRONICS MART IND LTD,191.00,195.40,190.25,191.35,191.60,192.42,,191.35,,,2203251,423933605.95,29516,F1,1,,,,,
2026-08-18,2026-08-18,CM,NSE,STK,928,INE086A01029,ELECTCAST,EQ,,,,,ELECTROSTEEL CASTINGS LTD,71.60,72.35,71.00,71.25,71.39,71.95,,71.25,,,570745,40780256.18,7713,F1,1,,,,,
2026-08-18,2026-08-18,CM,NSE,STK,4469,INE822G01016,ELECTHERM,EQ,,,,,ELECTROTHERM (I) LTD.,986.70,1059.00,959.90,1024.10,1027.20,974.80,,1024.27,,,82284,83909962.10,2950,F1,1,,,,,
2026-08-18,2026-08-18,CM,NSE,STK,29595,INE0R9101015,ELGNZ,SM,,,,,ELEGANZ INTERIORS LIMITED,85.90,94.50,85.90,91.45,92.20,86.50,,91.45,,,56000,5059900.00,30,F1,1000,,,,,
2026-08-18,2026-08-18,CM,NSE,STK,937,INE285A01027,ELGIEQUIP,EQ,,,,,ELGI EQUIPMENTS LTD,622.00,628.00,612.00,614.20,613.00,624.20,,614.16,,,609442,378164792.50,19189,F1,1,,,,,
2026-08-18,2026-08-18,CM,NSE,STK,24924,INE819L01012,ELGIRUBCO,EQ,,,,,ELGI RUBBER CO. LTD,58.60,59.88,57.15,57.87,57.95,59.11,,57.87,,,43421,2537454.36,1093,F1,1,,,,,
2026-08-18,2026-08-18,CM,NSE,STK,13423,INE050401020,ELIN,EQ,,,,,ELIN ELECTRONICS LIMITED,101.53,103.50,100.78,101.41,102.50,102.28,,101.41,,,189743,19404187.45,2175,F1,1,,,,,
2026-08-18,2026-08-18,CM,NSE,STK,762663,INE669R01026,ELITECON,EQ,,,,,ELITECON INTERNATIONAL L,16.73,17.25,16.73,17.13,17.25,16.73,,17.12,,,649218,11027795.54,3087,F1,1,,,,,
2026-08-18,2026-08-18,CM,NSE,STK,758563,INE236E01022,ELLEN,EQ,,,,,ELLENBARRIE INDUS GASES L,329.00,336.90,322.00,324.75,325.00,328.30,,324.79,,,309877,102103065.35,7032,F1,1,,,,,
2026-08-18,2026-08-18,CM,NSE,STK,4471,INE579B01039,ELPROINTL,EQ,,,,,ELPRO INTERNATIONAL LTD,179.75,179.75,175.10,175.58,175.50,175.32,,175.59,,,13682,2401073.29,190,F1,1,,,,,
2026-08-18,2026-08-18,CM,NSE,STK,29229,INE0ZOL01023,EMAPARTNER,SM,,,,,EMA PARTNERS INDIA LTD,79.10,79.10,78.60,78.60,78.60,79.10,,78.60,,,3000,236800.00,3,F1,1000,,,,,
2026-08-18,2026-08-18,CM,NSE,STK,13517,INE548C01032,EMAMILTD,EQ,,,,,EMAMI LIMITED,403.50,404.25,397.50,400.10,398.50,404.50,,400.11,,,360203,144293249.65,14185,F1,1,,,,,
2026-08-18,2026-08-18,CM,NSE,STK,10084,INE830C01026,EMAMIPAP,BE,,,,,EMAMI PAPER MILLS LIMITED,115.00,119.59,114.00,114.99,116.00,113.91,,115.02,,,58957,6836188.59,597,F1,1,,,,,
2026-08-18,2026-08-18,CM,NSE,STK,19277,INE778K01012,EMAMIREAL,EQ,,,,,EMAMI REALTY LIMITED,74.01,76.19,73.00,73.47,73.50,74.89,,73.47,,,7601,560083.09,69,F1,1,,,,,
2026-08-18,2026-08-18,CM,NSE,STK,14450,INE069I01010,EMBDL,EQ,,,,,EMBASSY DEVELOPMENTS LTD,62.50,64.20,62.50,63.04,62.72,63.11,,63.04,,,1876178,118904829.68,9205,F1,1,,,,,
2026-08-18,2026-08-18,CM,NSE,STK,9383,INE041025011,EMBASSY,RR,,,,,EMBASSY OFFICE PARKS REIT,440.29,441.25,438.50,440.00,440.20,440.29,,440.00,,,1466185,645706521.08,12706,F1,1,,,,,
2026-08-18,2026-08-18,CM,NSE,STK,24398,INE168P01015,EMCURE,EQ,,,,,EMCURE PHARMACEUTICALS L,1879.00,1889.00,1861.10,1874.50,1877.50,1873.90,,1874.81,,,136782,256798867.10,14936,F1,1,,,,,
2026-08-18,2026-08-18,CM,NSE,STK,27629,INE0RHD01013,ETML,SM,,,,,EMERALD TYRE MANUF LTD,82.00,82.35,82.00,82.35,82.35,82.35,,82.35,,,15600,1283640.00,13,F1,1200,,,,,
2026-08-18,2026-08-18,CM,NSE,STK,13421,INE296H01011,EMKAY,EQ,,,,,EMKAY GLOBAL FIN SERV LTD,235.29,242.89,232.51,236.80,239.00,235.29,,236.80,,,6354,1498399.33,444,F1,1,,,,,
2026-08-18,2026-08-18,CM,NSE,STK,18146,INE753K01015,EMMBI,BE,,,,,EMMBI INDUSTRIES LIMITED,83.44,83.44,81.80,82.12,82.00,83.03,,82.12,,,4014,330326.09,53,F1,1,,,,,
2026-08-18,2026-08-18,CM,NSE,STK,759728,INE1C6T01020,EMMVEE,EQ,,,,,EMMVEE PHOTOVOLTAIC PWR L,319.25,325.00,316.40,317.70,318.70,320.75,,317.70,,,1134683,363141967.90,21084,F1,1,,,,,
2026-08-18,2026-08-18,CM,NSE,STK,764673,INE515H01014,EMPIND,EQ,,,,,EMPIRE INDUSTRIES LTD.,1107.00,1146.00,1107.00,1116.20,1115.30,1102.50,,1118.62,,,1035,1164347.90,140,F1,1,,,,,
2026-08-18,2026-08-18,CM,NSE,STK,762670,INE507F01023,EMPOWER,EQ,,,,,EMPOWER INDIA LTD.,2.18,2.24,2.16,2.22,2.22,2.16,,2.22,,,3515579,7789813.44,1972,F1,1,,,,,
2026-08-18,2026-08-18,CM,NSE,STK,18593,INE0OV601013,EMSLIMITED,EQ,,,,,EMS LIMITED,369.10,380.60,365.95,375.75,375.00,369.10,,375.75,,,196725,73643585.20,5763,F1,1,,,,,
2026-08-18,2026-08-18,CM,NSE,STK,9756,INE01QM01018,EMUDHRA,EQ,,,,,EMUDHRA LIMITED,517.70,565.00,509.00,562.05,560.20,518.75,,562.02,,,705436,383163850.45,22466,F1,1,,,,,
2026-08-18,2026-08-18,CM,NSE,STK,760321,INE433T01015,ENCOMPAS,SM,,,,,ENCOMPASS DESIGN INDIA L,245.00,254.70,235.00,237.65,237.00,245.60,,237.65,,,82000,19571980.00,68,F1,400,,,,,
2026-08-18,2026-08-18,CM,NSE,STK,18822,INE913H01037,ENDURANCE,EQ,,,,,ENDURANCE TECHNO. LTD.,2987.30,3036.30,2969.00,3018.30,3008.70,2978.20,,3018.19,,,130419,392474927.90,18268,F1,1,,,,,
2026-08-18,2026-08-18,CM,NSE,STK,15049,INE306C01019,ENERGYDEV,EQ,,,,,ENERGY DEVE. CO.LTD,16.49,16.96,16.22,16.53,16.69,16.51,,16.55,,,31018,508274.49,200,F1,1,,,,,
2026-08-18,2026-08-18,CM,NSE,STK,23745,INE0S1L01013,EMMIL,SM,,,,,ENERGY MISSION MACH IND L,122.00,128.00,120.80,126.45,124.80,127.65,,126.45,,,7500,919450.00,17,F1,250,,,,,
2026-08-18,2026-08-18,CM,NSE,STK,23224,INE0S3X01014,ENFUSE,SM,,,,,ENFUSE SOLUTIONS LIMITED,177.00,177.00,161.50,161.50,161.50,159.70,,161.50,,,1200,203100.00,2,F1,600,,,,,
2026-08-18,2026-08-18,CM,NSE,STK,4907,INE510A01028,ENGINERSIN,EQ,,,,,ENGINEERS INDIA LTD,239.25,249.00,239.25,244.78,244.25,240.18,,244.75,,,2435107,597492410.49,26314,F1,1,,,,,
2026-08-18,2026-08-18,CM,NSE,STK,764678,INE130L01014,ENKEIWHEL,EQ,,,,,ENKEI WHEELS (INDIA) LTD.,410.00,410.00,400.00,408.90,409.50,400.85,,403.69,,,2398,967255.80,49,F1,1,,,,,
2026-08-18,2026-08-18,CM,NSE,STK,23230,INE0R9I01021,ENSER,SM,,,,,ENSER COMMUNICATIONS LTD,14.75,15.90,14.75,15.25,15.25,14.35,,15.25,,,70000,1064250.00,13,F1,5000,,,,,
2026-08-18,2026-08-18,CM,NSE,STK,22717,INE010601016,ENTERO,EQ,,,,,ENTERO HEALTHCARE SOLU L,1400.00,1433.40,1384.00,1408.20,1410.00,1401.60,,1408.20,,,113687,159986290.20,13241,F1,1,,,,,
2026-08-18,2026-08-18,CM,NSE,STK,13192,INE265F01028,ENIL,EQ,,,,,ENTERTAIN NET. IND. LTD.,102.97,102.97,100.50,100.86,100.86,101.02,,100.86,,,72965,7364787.03,650,F1,1,,,,,
2026-08-18,2026-08-18,CM,NSE,STK,27213,INE0LLY01014,EIEL,EQ,,,,,ENVIRO INFRA ENGINEERS L,200.24,201.89,196.50,197.18,197.59,200.16,,197.18,,,439150,86831408.01,7215,F1,1,,,,,
2026-08-18,2026-08-18,CM,NSE,STK,25412,INE0SUH01015,ENVIRO,SM,,,,,ENVIROTECH SYSTEMS LTD,73.50,73.90,73.15,73.40,73.90,73.50,,73.40,,,17000,1247900.00,13,F1,1000,,,,,
2026-08-18,2026-08-18,CM,NSE,STK,22463,INE0G5901015,EPACK,EQ,,,,,EPACK DURABLE LIMITED,211.00,212.75,208.26,209.57,210.87,210.70,,209.55,,,267478,56318534.42,4491,F1,1,,,,,
2026-08-18,2026-08-18,CM,NSE,STK,759251,INE0MLS01022,EPACKPEB,EQ,,,,,EPACK PREFAB TECHN LTD,222.00,225.30,218.30,223.85,224.00,221.55,,223.88,,,532737,118205187.45,9441,F1,1,,,,,
2026-08-18,2026-08-18,CM,NSE,STK,5382,INE071N01016,EPIGRAL,EQ,,,,,EPIGRAL LIMITED,1097.00,1103.70,1075.00,1079.60,1079.10,1097.10,,1079.60,,,38584,41773813.30,2357,F1,1,,,,,
2026-08-18,2026-08-18,CM,NSE,STK,981,INE255A01020,EPL,EQ,,,,,EPL LIMITED,242.95,246.53,242.60,245.15,246.00,242.99,,245.14,,,823068,201815255.63,14312,F1,1,,,,,
2026-08-18,2026-08-18,CM,NSE,STK,758346,INE11HF01010,EEPL,SM,,,,,EPPELTONE ENGINEERS LTD,132.10,139.95,132.00,138.50,138.60,133.85,,138.50,,,36000,4931000.00,33,F1,1000,,,,,
2026-08-18,2026-08-18,CM,NSE,STK,761217,INE1KEC01023,EPWINDIA,ST,,,,,EPW INDIA LIMITED,215.00,225.75,215.00,225.75,225.75,215.00,,225.75,,,20400,4475100.00,10,F1,1200,,,,,
2026-08-18,2026-08-18,CM,NSE,STK,3553,INE217G01035,EQUIPPP,BE,,,,,EQUIPPP SOC IMP TECH LTD,21.99,22.83,21.50,22.80,22.83,21.75,,22.77,,,41194,934963.18,56,F1,1,,,,,
2026-08-18,2026-08-18,CM,NSE,STK,913,INE063P01018,EQUITASBNK,EQ,,,,,EQUITAS SMALL FIN BNK LTD,74.50,76.40,74.26,76.12,76.00,74.92,,76.05,,,3573116,269026271.41,20553,F1,1,,,,,
2026-08-18,2026-08-18,CM,NSE,STK,21154,INE406M01024,ERIS,EQ,,,,,ERIS LIFESCIENCES LIMITED,1348.90,1357.00,1335.00,1350.10,1350.00,1348.90,,1350.10,,,125273,168948171.50,14556,F1,1,,,,,
2026-08-18,2026-08-18,CM,NSE,STK,955,INE284A01012,ESABINDIA,EQ,,,,,ESAB INDIA LTD,6289.00,6323.50,6151.00,6177.50,6156.50,6289.00,,6177.72,,,2894,18026442.00,1206,F1,1,,,,,
2026-08-18,2026-08-18,CM,NSE,STK,19884,INE818W01011,ESAFSFB,BE,,,,,ESAF SMALL FINANCE BANK L,39.80,40.55,38.06,40.41,40.50,39.26,,40.40,,,1072722,42432524.78,2689,F1,1,,,,,
2026-08-18,2026-08-18,CM,NSE,STK,22764,INE0RQZ01017,ESCONET,SM,,,,,ESCONET TECHNOLOGIES LTD,188.00,188.00,172.80,177.95,177.50,192.00,,177.95,,,243600,42928640.00,470,F1,400,,,,,
2026-08-18,2026-08-18,CM,NSE,STK,958,INE042A01014,ESCORTS,EQ,,,,,ESCORTS KUBOTA LIMITED,3149.30,3149.30,3052.00,3062.10,3070.00,3133.60,,3061.97,,,51759,159561171.70,7545,F1,1,,,,,
2026-08-18,2026-08-18,CM,NSE,STK,759296,INE818W08149,113ESFB31,N0,,,,,ESFB 11.3% 2031 SR 2,102000.00,102000.00,100002.00,100002.00,100002.00,100000.00,,100002.00,,,3,302004.00,2,F1,1,,,,,
2026-08-18,2026-08-18,CM,NSE,STK,24678,INE0SBP01018,ESPRIT,SM,,,,,ESPRIT STONES LIMITED,66.00,66.90,64.25,66.20,66.75,67.00,,66.20,,,40000,2636720.00,23,F1,1600,,,,,
2026-08-18,2026-08-18,CM,NSE,STK,25634,INE122M01019,ESSARSHPNG,EQ,,,,,ESSAR SHIPPING LTD,16.29,16.38,15.86,15.96,15.97,15.99,,15.96,,,283821,4549198.19,1236,F1,1,,,,,
2026-08-18,2026-08-18,CM,NSE,STK,17084,INE0ITO01014,ESFL,SM,,,,,ESSEN SPECIALITY FILMS L,133.15,133.15,129.00,130.60,132.75,133.80,,130.60,,,12960,1700838.00,32,F1,360,,,,,
2026-08-18,2026-08-18,CM,NSE,STK,24265,INE778B01029,ESTER,EQ,,,,,ESTER INDUSTRIES LTD,99.42,100.62,96.60,97.55,96.80,98.96,,97.53,,,105357,10369527.79,1948,F1,1,,,,,
2026-08-18,2026-08-18,CM,NSE,STK,5097,INE758T01015,ETERNAL,EQ,,,,,ETERNAL LIMITED,318.00,321.20,315.55,315.90,315.90,318.00,,315.90,,,18387007,5845756829.40,128657,F1,1,,,,,
2026-08-18,2026-08-18,CM,NSE,STK,9750,INE04TZ01018,ETHOSLTD,EQ,,,,,ETHOS LIMITED,2956.50,3062.70,2850.10,2892.20,2870.00,2788.60,,2892.18,,,961244,2810280268.10,84966,F1,1,,,,,
2026-08-18,2026-08-18,CM,NSE,STK,25162,INE0KCE01017,EUREKAFORB,EQ,,,,,EUREKA FORBES LIMITED,432.05,436.15,429.20,431.95,431.70,432.00,,432.05,,,149714,64688384.00,6688,F1,1,,,,,
2026-08-18,2026-08-18,CM,NSE,STK,6042,INE546V01010,EIFFL,BE,,,,,EURO (I) FRESH FOODS LTD,260.95,260.95,251.10,259.55,255.00,261.00,,259.55,,,11795,2988169.80,102,F1,1,,,,,
2026-08-18,2026-08-18,CM,NSE,STK,757953,INE505V01016,EUROBOND,EQ,,,,,EURO PANEL PRODUCTS LTD,155.00,157.99,153.25,157.68,156.11,155.00,,157.55,,,3689,577265.30,191,F1,1,,,,,
2026-08-18,2026-08-18,CM,NSE,STK,759797,INE198501012,EUROPRATIK,EQ,,,,,EURO PRATIK SALES LIMITED,281.00,283.40,272.40,274.30,274.30,283.75,,274.30,,,149710,41416091.60,2314,F1,1,,,,,
2026-08-18,2026-08-18,CM,NSE,STK,8886,INE022C01012,EUROTEXIND,BE,,,,,EUROTEX IND & EXPORTS LTD,14.00,14.00,14.00,14.00,14.00,13.92,,14.00,,,89,1246.00,3,F1,1,,,,,
2026-08-18,2026-08-18,CM,NSE,STK,11782,INE128A01029,EVEREADY,EQ,,,,,EVEREADY INDS. IND.  LTD.,354.70,354.90,351.50,354.30,354.00,352.90,,354.29,,,28010,9886615.70,982,F1,1,,,,,
2026-08-18,2026-08-18,CM,NSE,STK,6017,INE295A01018,EVERESTIND,BE,,,,,EVEREST INDUSTRIES LTD,450.00,456.00,436.15,442.40,445.25,449.65,,442.86,,,3084,1374147.70,113,F1,1,,,,,
2026-08-18,2026-08-18,CM,NSE,STK,13091,INE184H01027,EKC,EQ,,,,,EVEREST KANTO CYLINDERLTD,109.53,109.90,108.11,108.59,108.69,109.53,,108.58,,,130325,14178584.49,1932,F1,1,,,,,
2026-08-18,2026-08-18,CM,NSE,STK,11471,INE369A01029,EXCELINDUS,EQ,,,,,EXCEL INDUSTRIES LTD,995.65,997.45,981.05,985.20,981.35,990.55,,984.97,,,2480,2447986.65,311,F1,1,,,,,
2026-08-18,2026-08-18,CM,NSE,STK,25327,INE0Y4801011,EXCELLENT,ST,,,,,EXCELLENT WIRES N PACK L,197.00,197.00,195.70,195.70,195.70,206.00,,195.70,,,8000,1568640.00,5,F1,1600,,,,,
2026-08-18,2026-08-18,CM,NSE,STK,760007,INE606N01019,EXCELSOFT,EQ,,,,,EXCELSOFT TECHNOLOGIES L,73.50,74.82,72.01,72.59,72.40,73.07,,72.60,,,450489,33084655.58,2881,F1,1,,,,,
2026-08-18,2026-08-18,CM,NSE,STK,22947,INE777F01014,EXICOM,EQ,,,,,EXICOM TELE SYSTEMS LTD,148.80,159.65,146.00,158.05,158.99,148.32,,158.07,,,3723146,578448887.71,33802,F1,1,,,,,
2026-08-18,2026-08-18,CM,NSE,STK,676,INE302A01020,EXIDEIND,EQ,,,,,EXIDE INDUSTRIES LTD,474.00,477.60,463.75,465.25,465.15,475.70,,465.23,,,1543959,722812032.45,30689,F1,1,,,,,
2026-08-18,2026-08-18,CM,NSE,STK,760422,INE19I001020,EXIMROUTES,SM,,,,,EXIM ROUTES LIMITED,108.00,108.00,108.00,108.00,108.00,107.10,,108.00,,,800,86400.00,1,F1,800,,,,,
2026-08-18,2026-08-18,CM,NSE,STK,17486,INE201K01015,EXPLEOSOL,EQ,,,,,EXPLEO SOLUTIONS LIMITED,918.00,932.45,891.10,897.70,896.05,923.05,,897.72,,,409143,373878956.15,14215,F1,1,,,,,
2026-08-18,2026-08-18,CM,NSE,STK,5352,INE0GFE01026,EXXARO,EQ,,,,,EXXARO TILES LIMITED,6.15,6.24,6.00,6.13,6.17,6.00,,6.13,,,628072,3858151.56,300,F1,1,,,,,
2026-08-18,2026-08-18,CM,NSE,STK,760125,INE0HF201011,FABTECH,EQ,,,,,FABTECH TECHNOLOGIES LTD,145.90,146.99,143.56,145.73,145.00,145.91,,145.71,,,158425,23006906.27,1428,F1,1,,,,,
2026-08-18,2026-08-18,CM,NSE,STK,1008,INE188A01015,FACT,EQ,,,,,FACT LTD,790.00,799.85,789.00,794.85,793.30,793.25,,794.83,,,54378,43124895.95,4178,F1,1,,,,,
2026-08-18,2026-08-18,CM,NSE,STK,1619,INE0DNW01011,FAIRCHEMOR,BE,,,,,FAIRCHEM ORGANICS LIMITED,673.70,673.70,673.70,673.70,673.70,687.40,,673.70,,,22221,14970287.70,160,F1,1,,,,,
2026-08-18,2026-08-18,CM,NSE,STK,24150,INE0PQK01013,FALCONTECH,SM,,,,,FALCON TECHNOPROJ IND LTD,12.65,12.75,12.65,12.75,12.75,12.45,,12.75,,,10800,137340.00,9,F1,1200,,,,,
2026-08-18,2026-08-18,CM,NSE,STK,12000,INE963C01033,FAZE3Q,EQ,,,,,FAZE THREE LIMITED,487.85,491.55,480.60,483.70,481.00,484.45,,483.60,,,13043,6323415.65,703,F1,1,,,,,
2026-08-18,2026-08-18,CM,NSE,STK,11999,INE512B01022,FCSSOFT,EQ,,,,,FCS SOFTWARE SOLN. LTD.,1.52,1.52,1.49,1.49,1.49,1.51,,1.49,,,1107587,1669249.16,989,F1,1,,,,,
2026-08-18,2026-08-18,CM,NSE,STK,4898,INE258B01022,FDC,EQ,,,,,FDC LIMITED,354.30,355.75,350.90,351.55,351.95,354.30,,351.53,,,67249,23748812.45,4662,F1,1,,,,,
2026-08-18,2026-08-18,CM,NSE,STK,20322,INE007N01010,FEDFINA,EQ,,,,,FEDBANK FINANCIAL SER L,151.25,152.00,150.35,150.86,150.60,152.00,,150.85,,,507069,76555281.71,9524,F1,1,,,,,
2026-08-18,2026-08-18,CM,NSE,STK,762675,INE417D01020,FEDDERSHOL,EQ,,,,,FEDDERS HOLDING LTD.,40.10,41.80,40.07,41.00,41.80,40.10,,41.00,,,123208,5006462.31,1204,F1,1,,,,,
2026-08-18,2026-08-18,CM,NSE,STK,1023,INE171A01029,FEDERALBNK,EQ,,,,,FEDERAL BANK LTD,354.20,358.60,352.50,357.80,357.80,354.10,,357.80,,,2828360,1006094022.30,40451,F1,1,,,,,
2026-08-18,2026-08-18,CM,NSE,STK,1190,INE529A01010,FMGOETZE,EQ,,,,,FEDERAL-MOGUL GOETZE (IND,454.25,469.75,451.05,462.65,466.00,453.95,,462.66,,,38297,17719691.10,1824,F1,1,,,,,
2026-08-18,2026-08-18,CM,NSE,STK,573,INE901X01013,FELIX,SM,,,,,FELIX INDUSTRIES LTD.,183.90,189.00,183.90,185.60,187.00,182.90,,185.60,,,66500,12413275.00,102,F1,500,,,,,
2026-08-18,2026-08-18,CM,NSE,STK,762680,INE225B01021,FERMENTA,EQ,,,,,FERMENTA BIOTECH LTD.,460.15,465.70,442.05,454.20,457.15,457.05,,454.22,,,118947,53711260.15,5627,F1,1,,,,,
2026-08-18,2026-08-18,CM,NSE,STK,8159,INE296C01020,FIBERWEB,EQ,,,,,FIBERWEB INDIA LIMITED,27.00,27.54,25.31,26.48,26.24,26.96,,26.50,,,70942,1892304.41,482,F1,1,,,,,
2026-08-18,2026-08-18,CM,NSE,STK,9858,INE0LQQ01019,FIDEL,SM,,,,,FIDEL SOFTECH LIMITED,134.00,139.00,134.00,135.25,135.25,135.90,,135.25,,,5000,677250.00,5,F1,1000,,,,,
2026-08-18,2026-08-18,CM,NSE,STK,13710,INE737H01014,FIEMIND,EQ,,,,,FIEM INDUSTRIES LIMITED,2281.70,2293.90,2214.10,2219.10,2222.90,2281.70,,2219.14,,,131958,295780139.20,16380,F1,1,,,,,
2026-08-18,2026-08-18,CM,NSE,STK,23647,INE185E01021,FILATFASH,EQ,,,,,FILATEX FASHIONS LIMITED,0.18,0.19,0.18,0.18,0.19,0.18,,0.18,,,22162574,4059158.35,1660,F1,1,,,,,
2026-08-18,2026-08-18,CM,NSE,STK,24532,INE816B01035,FILATEX,EQ,,,,,FILATEX INDIA LTD,82.50,87.27,82.49,86.75,86.60,82.72,,86.74,,,5428534,464921745.06,24668,F1,1,,,,,
2026-08-18,2026-08-18,CM,NSE,STK,759776,INE0EDU01014,FINBUD,SM,,,,,FINBUD FINANCIAL SERV LTD,140.40,141.90,138.60,140.45,140.85,139.40,,140.45,,,12000,1685650.00,12,F1,1000,,,,,
2026-08-18,2026-08-18,CM,NSE,STK,3744,INE686Y01026,FINEORG,EQ,,,,,FINE ORGANIC IND. LTD.,5147.00,5172.00,5070.20,5093.10,5110.00,5110.40,,5092.91,,,19759,100829030.90,6624,F1,1,,,,,
2026-08-18,2026-08-18,CM,NSE,STK,6198,INE045J01034,FCL,EQ,,,,,FINEOTEX CHEMICAL LIMITED,43.36,44.60,42.20,43.81,44.10,43.41,,43.81,,,9734413,421587300.92,28541,F1,1,,,,,
2026-08-18,2026-08-18,CM,NSE,STK,759239,INE734I01027,FINKURVE,EQ,,,,,FINKURVE FINANCIAL SERV L,71.70,79.00,70.39,78.19,77.35,72.93,,78.18,,,466773,35949435.87,4469,F1,1,,,,,
2026-08-18,2026-08-18,CM,NSE,STK,6579,INE02NC01014,FINOPB,EQ,,,,,FINO PAYMENTS BANK LTD,147.49,153.00,147.00,151.74,150.60,146.95,,151.77,,,508594,76381441.48,7193,F1,1,,,,,
2026-08-18,2026-08-18,CM,NSE,STK,1038,INE235A01022,FINCABLES,EQ,,,,,FINOLEX CABLES LTD,1320.85,1339.30,1300.30,1329.35,1321.60,1320.85,,1329.37,,,884780,1169428845.00,31200,F1,1,,,,,
2026-08-18,2026-08-18,CM,NSE,STK,1041,INE183A01024,FINPIPE,EQ,,,,,FINOLEX INDUSTRIES LTD,159.90,160.30,157.00,158.34,158.77,159.36,,158.34,,,461428,73149342.58,16438,F1,1,,,,,
2026-08-18,2026-08-18,CM,NSE,STK,14304,INE684F01012,FSL,EQ,,,,,FIRSTSOURCE SOLU. LTD.,267.60,268.45,263.15,263.85,264.00,267.75,,263.85,,,767189,203041714.40,13482,F1,1,,,,,
2026-08-18,2026-08-18,CM,NSE,STK,757658,INE771F01041,FISCHER,EQ,,,,,FISCHER MEDICAL VENTURE L,37.95,38.41,36.90,38.13,38.13,37.27,,38.13,,,3418002,128751042.08,3480,F1,1,,,,,
2026-08-18,2026-08-18,CM,NSE,STK,12032,INE128S01021,FIVESTAR,EQ,,,,,FIVE-STAR BUS FIN LTD,533.10,537.20,531.50,535.35,536.00,537.75,,535.35,,,156612,83636753.20,10384,F1,1,,,,,
2026-08-18,2026-08-18,CM,NSE,STK,20372,INE00Y201027,FLAIR,EQ,,,,,FLAIR WRITING INDUST LTD,252.00,253.40,248.70,252.05,252.00,255.10,,252.07,,,181752,45698984.50,3718,F1,1,,,,,
2026-08-18,2026-08-18,CM,NSE,STK,25516,INE060J01017,FLEXITUFF,BE,,,,,FLEXITUFF VENTURES INT L,3.05,3.10,2.89,2.89,2.89,3.04,,2.89,,,170685,499508.79,188,F1,1,,,,,
2026-08-18,2026-08-18,CM,NSE,STK,758208,INE0VCK01011,FLYSBS,SM,,,,,FLYSBS AVIATION LIMITED,520.10,539.00,511.10,520.95,524.75,527.00,,520.95,,,157400,82363100.00,400,F1,200,,,,,
2026-08-18,2026-08-18,CM,NSE,STK,760331,INE0SQZ01015,FWSTC,SM,,,,,FLYWINGS SIMULAT T C LTD,190.00,191.25,190.00,190.00,190.00,190.00,,190.00,,,33000,6294600.00,6,F1,600,,,,,
2026-08-18,2026-08-18,CM,NSE,STK,6839,INE593W01028,FOCUS,BE,,,,,FOCUS LIGHTG & FIXTRS LTD,72.37,72.37,67.90,69.08,70.00,68.93,,69.08,,,49091,3515539.75,282,F1,1,,,,,
2026-08-18,2026-08-18,CM,NSE,STK,6673,INE976E01023,FOODSIN,EQ,,,,,FOODS & INNS LIMITED,54.63,56.25,52.94,55.00,54.50,53.75,,55.00,,,425803,23450213.78,2700,F1,1,,,,,
2026-08-18,2026-08-18,CM,NSE,STK,24917,INE0U2501017,FORCAS,ST,,,,,FORCAS STUDIO LIMITED,215.00,217.50,210.00,210.00,210.00,207.50,,210.00,,,17600,3766480.00,9,F1,1600,,,,,
2026-08-18,2026-08-18,CM,NSE,STK,11573,INE451A01017,FORCEMOT,EQ,,,,,FORCE MOTORS LIMITED,18549.00,18726.00,18081.00,18200.00,18200.00,18605.00,,18203.66,,,77240,1412894004.00,21540,F1,1,,,,,
2026-08-18,2026-08-18,CM,NSE,STK,25664,INE0YKW01013,FORGEAUTO,SM,,,,,FORGE AUTO INTERNATION L,106.00,106.00,106.00,106.00,106.00,108.00,,106.00,,,1200,127200.00,1,F1,1200,,,,,
2026-08-18,2026-08-18,CM,NSE,STK,14592,INE061F01013,FORTIS,EQ,,,,,FORTIS HEALTHCARE LTD,912.40,918.25,905.35,916.70,916.70,908.75,,916.69,,,1108225,1012452474.75,29643,F1,1,,,,,
2026-08-18,2026-08-18,CM,NSE,STK,1073,INE519A01011,FOSECOIND,EQ,,,,,FOSECO INDIA LTD,5550.00,5800.00,5480.00,5511.50,5500.00,5641.00,,5511.64,,,4538,25257611.00,1120,F1,1,,,,,
2026-08-18,2026-08-18,CM,NSE,STK,760961,INE212S01015,FRACTAL,EQ,,,,,FRACTAL ANALYTICS LIMITED,817.90,834.00,804.00,825.50,821.00,818.00,,825.58,,,467766,383720732.45,22298,F1,1,,,,,
2026-08-18,2026-08-18,CM,NSE,STK,764683,INE194R01017,FREDUN,EQ,,,,,FREDUN PHARMACEUTICALS L,1450.10,1499.80,1400.00,1436.70,1460.00,1474.00,,1439.04,,,28535,41317840.90,2288,F1,1,,,,,
2026-08-18,2026-08-18,CM,NSE,STK,25871,INE0SFW01015,FRESHARA,ST,,,,,FRESHARA AGRO EXPORTS LTD,340.00,358.70,338.00,352.95,358.70,341.65,,352.95,,,19200,6669900.00,28,F1,600,,,,,
2026-08-18,2026-08-18,CM,NSE,STK,11504,INE385O01018,FROG,ST,,,,,FROG INNOVATIONS LIMITED,211.20,215.40,211.20,215.40,215.40,211.20,,215.40,,,10800,2307040.00,15,F1,400,,,,,
2026-08-18,2026-08-18,CM,NSE,STK,762685,INE572D01014,FRONTSP,EQ,,,,,FRONTIER SPRINGS LTD.,1310.90,1310.90,1260.00,1284.70,1298.00,1287.00,,1285.30,,,37490,47917917.30,4377,F1,1,,,,,
2026-08-18,2026-08-18,CM,NSE,STK,6545,INE388Y01029,NYKAA,EQ,,,,,FSN E COMMERCE VENTURES,325.40,328.45,320.60,320.60,320.60,327.05,,320.60,,,1681742,543998634.20,14809,F1,1,,,,,
2026-08-18,2026-08-18,CM,NSE,STK,759876,INE12UR01024,UTLSOLAR,EQ,,,,,FUJIYAMA POWER SYSTEMS L,468.80,475.00,450.00,468.30,472.00,464.40,,468.29,,,702439,322649841.50,20228,F1,1,,,,,
2026-08-18,2026-08-18,CM,NSE,STK,11932,INE139R01012,FUSION,EQ,,,,,FUSION FINANCE LIMITED,195.38,196.01,188.13,189.87,189.61,195.58,,189.87,,,834013,158986232.12,14834,F1,1,,,,,
2026-08-18,2026-08-18,CM,NSE,STK,14868,INE452O01016,FLFL,BZ,,,,,FUT LIFESTYLE FASH LTD,1.20,1.21,1.14,1.16,1.21,1.20,,1.17,,,45344,53384.16,67,F1,1,,,,,
2026-08-18,2026-08-18,CM,NSE,STK,13812,INE623B01027,FEL,BZ,,,,,FUTURE ENTERPRISES LTD,0.39,0.40,0.39,0.40,0.40,0.39,,0.40,,,122378,48434.73,150,F1,1,,,,,
2026-08-18,2026-08-18,CM,NSE,STK,30491,IN9623B01058,FELDVR,BZ,,,,,FUTURE ENTERPRISES LTD,2.48,2.54,2.30,2.42,2.42,2.42,,2.42,,,1018,2433.20,22,F1,1,,,,,
2026-08-18,2026-08-18,CM,NSE,STK,21021,INE360L01017,FMNL,BE,,,,,FUTURE MKT NETWORKS LTD,8.87,8.87,8.55,8.67,8.80,8.73,,8.67,,,23886,206278.18,129,F1,1,,,,,
2026-08-18,2026-08-18,CM,NSE,STK,1168,INE075D01018,GMBREW,EQ,,,,,G M BREWERIES LTD,891.35,906.45,875.00,880.30,879.25,891.35,,880.33,,,83951,74559749.60,3534,F1,1,,,,,
2026-08-18,2026-08-18,CM,NSE,STK,5054,INE201P01022,GRINFRA,EQ,,,,,G R INFRAPROJECTS LIMITED,871.60,874.35,866.55,868.80,867.00,871.60,,868.82,,,7702,6701478.75,1156,F1,1,,,,,
2026-08-18,2026-08-18,CM,NSE,STK,1135,INE586X01012,GTECJAINX,BE,,,,,G-TEC JAINX EDUCATION LTD,29.98,30.50,28.55,30.50,30.50,29.98,,30.50,,,6427,193128.39,55,F1,1,,,,,
2026-08-18,2026-08-18,CM,NSE,STK,1085,INE524A01029,GABRIEL,EQ,,,,,GABRIEL INDIA LTD,1440.00,1484.40,1432.60,1467.60,1469.00,1442.50,,1467.63,,,203545,299196865.40,21343,F1,1,,,,,
2026-08-18,2026-08-18,CM,NSE,STK,18018,INE224E01028,GATECH,BE,,,,,GACM TECHNOLOGIES LIMITED,0.81,0.81,0.80,0.80,0.81,0.78,,0.80,,,30110999,24378134.77,6853,F1,1,,,,,
2026-08-18,2026-08-18,CM,NSE,STK,27,INE224E01036,GATECHDVR,BE,,,,,GACM TECHNOLOGIES LIMITED,0.52,0.52,0.50,0.51,0.52,0.50,,0.51,,,462301,239948.33,214,F1,1,,,,,
2026-08-18,2026-08-18,CM,NSE,STK,4717,INE129A01019,GAIL,EQ,,,,,GAIL (INDIA) LTD,172.20,173.55,171.62,173.50,173.50,172.10,,173.50,,,6079875,1049387056.51,68278,F1,1,,,,,
2026-08-18,2026-08-18,CM,NSE,STK,25244,INE0QTE01018,GAJANAND,SM,,,,,GAJANAND INTERNATIONAL L,8.00,8.00,8.00,8.00,8.00,7.95,,8.00,,,3000,24000.00,1,F1,3000,,,,,
2026-08-18,2026-08-18,CM,NSE,STK,25134,INE0RE001014,GALAPREC,EQ,,,,,GALA PRECISION ENG LTD,1018.00,1067.90,1010.10,1059.60,1065.00,1018.00,,1059.67,,,50441,52572534.70,3872,F1,1,,,,,
2026-08-18,2026-08-18,CM,NSE,STK,759089,INE09A801015,GML,SM,,,,,GALAXY MEDICARE LIMITED,19.20,19.20,18.60,18.60,18.60,19.50,,18.60,,,18000,340800.00,7,F1,2000,,,,,
2026-08-18,2026-08-18,CM,NSE,STK,1315,INE600K01018,GALAXYSURF,EQ,,,,,GALAXY SURFACTANTS LTD,2403.00,2459.90,2360.40,2438.40,2433.90,2403.70,,2438.46,,,131965,320098942.60,18514,F1,1,,,,,
2026-08-18,2026-08-18,CM,NSE,STK,13337,INE297H01019,GALLANTT,EQ,,,,,GALLANTT ISPAT LIMITED,585.20,588.10,575.05,576.30,576.00,582.95,,576.27,,,18807,10874917.80,2015,F1,1,,,,,
2026-08-18,2026-08-18,CM,NSE,STK,20303,INE717W01049,GANDHAR,EQ,,,,,GANDHAR OIL REFINE IND L,247.40,256.90,247.40,255.10,255.00,246.69,,255.07,,,2220605,564033824.15,28256,F1,1,,,,,
2026-08-18,2026-08-18,CM,NSE,STK,14116,INE524B01027,GANDHITUBE,EQ,,,,,GANDHI SPL. TUBES LTD,877.25,891.00,875.20,887.30,886.10,877.25,,887.35,,,5791,5123341.15,427,F1,1,,,,,
2026-08-18,2026-08-18,CM,NSE,STK,5617,INE388A01029,GANESHBE,BE,,,,,GANESH BENZOPLAST LIMITED,119.80,120.00,112.24,115.46,115.48,118.13,,115.31,,,169253,19457424.78,700,F1,1,,,,,
2026-08-18,2026-08-18,CM,NSE,STK,759012,INE652V01016,GANESHCP,EQ,,,,,GANESH CONSUMER PRODUCT L,164.90,167.38,162.50,165.38,165.00,163.96,,165.39,,,198021,32533616.98,2678,F1,1,,,,,
2026-08-18,2026-08-18,CM,NSE,STK,24439,INE0R8C01018,GGBL,SM,,,,,GANESH GREEN BHARAT LTD,233.80,240.00,231.15,239.20,237.50,233.80,,239.20,,,18000,4271040.00,46,F1,300,,,,,
2026-08-18,2026-08-18,CM,NSE,STK,14339,INE460C01014,GANESHHOU,EQ,,,,,GANESH HOUSING LIMITED,837.95,853.50,828.95,847.00,846.00,838.00,,846.99,,,38087,32052641.30,2023,F1,1,,,,,
2026-08-18,2026-08-18,CM,NSE,STK,27351,INE0TVT01024,GANESHIN,ST,,,,,GANESH INFRAWORLD LIMITED,110.00,117.30,108.00,117.30,117.30,111.75,,117.30,,,120000,13898920.00,110,F1,800,,,,,
2026-08-18,2026-08-18,CM,NSE,STK,6944,INE845D01014,GANECOS,EQ,,,,,GANESHA ECOSPHERE LIMITED,1101.90,1114.90,1079.00,1101.70,1105.10,1101.20,,1101.78,,,58466,64026092.20,6542,F1,1,,,,,
2026-08-18,2026-08-18,CM,NSE,STK,757525,INE0ZI101018,GANGABATH,SM,,,,,GANGA BATH FITTINGS LTD,22.60,22.60,22.40,22.40,22.40,22.15,,22.40,,,6000,135000.00,2,F1,3000,,,,,
2026-08-18,2026-08-18,CM,NSE,STK,4957,INE691Z01023,GANGAFORGE,EQ,,,,,GANGA FORGING LIMITED,2.37,2.37,2.37,2.37,2.37,2.49,,2.37,,,668638,1584672.06,912,F1,1,,,,,
2026-08-18,2026-08-18,CM,NSE,STK,21399,INE335W01016,GANGESSECU,EQ,,,,,GANGES SECURITIES LIMITED,120.85,123.40,119.00,120.00,120.00,120.31,,121.50,,,4251,517765.31,128,F1,1,,,,,
2026-08-18,2026-08-18,CM,NSE,STK,5475,INE382Z01011,GRSE,EQ,,,,,GARDEN REACH SHIP&ENG LTD,2600.00,2688.00,2592.90,2677.00,2681.00,2600.10,,2677.01,,,1265997,3375570996.50,70492,F1,1,,,,,
2026-08-18,2026-08-18,CM,NSE,STK,25800,INE0JVO01026,GARUDA,EQ,,,,,GARUDA CONSTRUCT N ENG L,182.40,184.50,180.72,182.88,183.00,182.48,,182.87,,,357871,65332889.42,5263,F1,1,,,,,
2026-08-18,2026-08-18,CM,NSE,STK,7982,INE291A01017,GRWRHITECH,EQ,,,,,GARWARE HI-TECH FILMS LTD,7000.00,7138.00,6951.00,7101.00,7121.50,7030.00,,7100.70,,,32049,225799431.50,8996,F1,1,,,,,
2026-08-18,2026-08-18,CM,NSE,STK,1100,INE276A01018,GARFIBRES,EQ,,,,,GARWARE TECH FIBRES LTD,750.00,783.00,743.05,775.70,772.05,748.45,,775.71,,,119840,92122456.65,10594,F1,1,,,,,
2026-08-18,2026-08-18,CM,NSE,STK,8510,INE079J01017,GATEWAY,EQ,,,,,GATEWAY DISTRIPARKS LTD,55.22,55.22,54.40,54.51,54.50,55.15,,54.51,,,867751,47495911.22,10568,F1,1,,,,,
2026-08-18,2026-08-18,CM,NSE,STK,760179,INE0P8B01020,GAUDIUMIVF,BE,,,,,GAUDIUM IVF N WOMEN H L,118.36,118.36,118.36,118.36,118.36,120.77,,118.45,,,13552,1604014.72,238,F1,1,,,,,
2026-08-18,2026-08-18,CM,NSE,STK,3693,INE287Z01012,GAYAHWS,EQ,,,,,GAYATRI HIGHWAYS LIMITED,1.93,1.94,1.87,1.91,1.92,1.89,,1.91,,,152362,290716.67,267,F1,1,,,,,
2026-08-18,2026-08-18,CM,NSE,STK,25027,INE336H01023,GAYAPROJ,BE,,,,,GAYATRI PROJECTS LTD,21.80,22.17,21.09,21.75,21.80,22.20,,21.77,,,705058,15370307.72,1501,F1,1,,,,,
2026-08-18,2026-08-18,CM,NSE,STK,7862,INE878A01011,GVPIL,EQ,,,,,GE POWER INDIA LIMITED,724.20,724.70,696.65,705.05,703.50,731.15,,705.09,,,531432,375611507.55,14466,F1,1,,,,,
2026-08-18,2026-08-18,CM,NSE,STK,16783,INE200A01026,GVT&D,EQ,,,,,GE VERNOVA T&D INDIA LTD,4290.00,4306.00,4190.00,4195.00,4195.00,4290.00,,4195.00,,,512550,2165123038.40,50193,F1,1,,,,,
2026-08-18,2026-08-18,CM,NSE,STK,13662,INE916G01016,GEECEE,BE,,,,,GEECEE VENTURES LIMITED,363.70,373.90,360.05,365.05,365.05,368.80,,358.50,,,174,63678.80,14,F1,1,,,,,
2026-08-18,2026-08-18,CM,NSE,STK,17922,INE669X01032,GEEKAYWIRE,EQ,,,,,GEEKAY WIRES LIMITED,23.05,23.64,23.05,23.14,23.20,23.26,,23.14,,,82454,1916652.98,913,F1,1,,,,,
2026-08-18,2026-08-18,CM,NSE,STK,759461,INE06XZ01023,GEMAROMA,EQ,,,,,GEM AROMATICS LIMITED,170.00,172.00,167.74,170.10,170.52,169.66,,170.11,,,58590,9968199.35,1231,F1,1,,,,,
2026-08-18,2026-08-18,CM,NSE,STK,277,INE481Y01014,GICRE,EQ,,,,,GENERAL INS CORP OF INDIA,356.50,360.40,354.55,359.90,359.15,355.50,,359.90,,,744475,267024151.15,14669,F1,1,,,,,
2026-08-18,2026-08-18,CM,NSE,STK,2188,INE854S01022,GENCON,EQ,,,,,GENERIC ENG CONS PROJ LTD,39.94,39.94,38.20,38.81,39.04,39.16,,38.82,,,348180,13606527.52,783,F1,1,,,,,
2026-08-18,2026-08-18,CM,NSE,STK,764513,INE727B20018,GENESYS-RE,BE,,,,,GENESYS INTER CORPORATION,109.00,128.00,108.00,123.60,122.00,108.50,,123.68,,,335699,38755613.30,2474,F1,1,,,,,
2026-08-18,2026-08-18,CM,NSE,STK,10905,INE727B01026,GENESYS,EQ,,,,,GENESYS INTL CORPN LTD,173.65,185.65,168.50,182.30,182.80,170.85,,182.29,,,1145549,202465244.50,18209,F1,1,,,,,
2026-08-18,2026-08-18,CM,NSE,STK,758842,INE06H201014,GENSOL,BZ,,,,,GENSOL ENGINEERING LTD,17.90,18.32,17.45,18.32,18.32,17.45,,18.36,,,30008,547879.64,256,F1,1,,,,,
2026-08-18,2026-08-18,CM,NSE,STK,6600,INE949P01018,GENUSPAPER,EQ,,,,,GENUS P&B LIMITED,11.30,11.85,11.25,11.65,11.58,11.30,,11.65,,,117137,1359555.62,642,F1,1,,,,,
2026-08-18,2026-08-18,CM,NSE,STK,11905,INE955D01029,GENUSPOWER,EQ,,,,,GENUS POWER INFRASTRU LTD,316.00,318.45,311.00,314.55,313.00,318.25,,314.54,,,1107124,348393282.45,17842,F1,1,,,,,
2026-08-18,2026-08-18,CM,NSE,STK,31942,INE1W0N01014,GENXAI,SM,,,,,GENXAI ANALYTICS LIMITED,78.05,79.50,78.05,79.00,79.00,78.65,,79.00,,,8400,662580.00,7,F1,1200,,,,,
2026-08-18,2026-08-18,CM,NSE,STK,11896,INE007B01023,GEOJITFSL,EQ,,,,,GEOJIT FINANCIAL SER L,79.31,81.61,79.31,80.24,80.50,79.31,,80.24,,,250678,20188998.50,3960,F1,1,,,,,
2026-08-18,2026-08-18,CM,NSE,STK,1289,INE538A01037,GFLLIMITED,EQ,,,,,GFL LIMITED,49.97,51.50,49.21,51.22,51.50,49.49,,51.23,,,81157,4089300.19,1543,F1,1,,,,,
2026-08-18,2026-08-18,CM,NSE,STK,1127,INE539A01019,GHCL,EQ,,,,,GHCL LIMITED,432.55,443.95,430.40,439.55,440.00,432.40,,439.51,,,136235,59880468.80,5385,F1,1,,,,,
2026-08-18,2026-08-18,CM,NSE,STK,16696,INE0PA801013,GHCLTEXTIL,EQ,,,,,GHCL TEXTILES LIMITED,119.23,128.55,119.04,127.94,127.55,120.08,,127.87,,,2134661,267031223.73,19173,F1,1,,,,,
2026-08-18,2026-08-18,CM,NSE,STK,1139,INE289B01019,GICHSGFIN,EQ,,,,,GIC HOUSING FINANCE LTD,139.30,139.90,138.01,138.16,138.27,139.39,,138.16,,,77729,10776385.83,1695,F1,1,,,,,
2026-08-18,2026-08-18,CM,NSE,STK,17839,INE047B01011,GILLANDERS,EQ,,,,,GILLANDERS ARBUTHNOT LTD,90.50,92.03,87.54,91.54,91.52,88.49,,91.51,,,3600,324541.59,65,F1,1,,,,,
2026-08-18,2026-08-18,CM,NSE,STK,1576,INE322A01010,GILLETTE,EQ,,,,,GILLETTE INDIA LTD,7569.50,7583.50,7506.00,7517.50,7522.00,7569.50,,7516.77,,,12673,95415039.50,3500,F1,1,,,,,
2026-08-18,2026-08-18,CM,NSE,STK,9294,INE424C01010,GINNIFILA,BE,,,,,GINNIFILAMENTS LTD.,45.38,45.70,44.20,45.02,45.25,44.66,,45.02,,,15057,676222.12,101,F1,1,,,,,
2026-08-18,2026-08-18,CM,NSE,STK,2365,INE614Z01017,GIRIRAJ,SM,,,,,GIRIRAJ CIVIL DEVP LTD,72.20,72.20,72.20,72.20,72.20,68.80,,72.20,,,10500,758100.00,15,F1,250,,,,,
2026-08-18,2026-08-18,CM,NSE,STK,759048,INE1AG301022,GKENERGY,EQ,,,,,GK ENERGY LIMITED,124.00,126.72,123.30,123.72,123.43,124.43,,123.72,,,282023,35074739.68,4334,F1,1,,,,,
2026-08-18,2026-08-18,CM,NSE,STK,764688,INE265D01015,GKB,EQ,,,,,GKB OPHTHALMICS LTD.,69.00,69.00,60.46,63.03,60.46,65.00,,63.16,,,1217,79022.06,24,F1,1,,,,,
2026-08-18,2026-08-18,CM,NSE,STK,17357,INE528A01020,GKWLIMITED,EQ,,,,,GKW LIMITED,1619.00,1619.00,1602.00,1609.20,1617.00,1607.90,,1609.20,,,134,216638.50,9,F1,1,,,,,
2026-08-18,2026-08-18,CM,NSE,STK,1186,INE068V01023,GLAND,EQ,,,,,GLAND PHARMA LIMITED,2904.00,2925.00,2850.00,2858.60,2855.00,2910.20,,2858.61,,,488656,1407492405.50,30951,F1,1,,,,,
2026-08-18,2026-08-18,CM,NSE,STK,1153,INE159A01016,GLAXO,EQ,,,,,GLAXOSMITHKLINE PHARMA LT,2700.00,2919.00,2691.10,2877.40,2904.00,2702.90,,2877.87,,,477841,1336849497.50,47614,F1,1,,,,,
2026-08-18,2026-08-18,CM,NSE,STK,7406,INE935A01035,GLENMARK,EQ,,,,,GLENMARK PHARMACEUTICALS,2317.40,2332.90,2305.00,2305.00,2305.00,2329.00,,2305.00,,,379551,878733188.40,20714,F1,1,,,,,
2026-08-18,2026-08-18,CM,NSE,STK,1415,INE291W01037,GLOBAL,EQ,,,,,GLOBAL EDUCATION LIMITED,107.45,111.40,105.30,109.13,109.25,107.47,,109.13,,,160551,17428190.58,1558,F1,1,,,,,
2026-08-18,2026-08-18,CM,NSE,STK,11956,INE474Q01031,MEDANTA,EQ,,,,,GLOBAL HEALTH LIMITED,1415.70,1447.00,1410.90,1442.70,1446.90,1415.10,,1442.69,,,309148,441312911.40,16921,F1,1,,,,,
2026-08-18,2026-08-18,CM,NSE,STK,14599,INE0JSX01015,GSLSU,EQ,,,,,GLOBAL SURFACES LIMITED,35.38,35.39,33.74,35.18,35.39,33.71,,35.34,,,253370,8895240.60,949,F1,1,,,,,
2026-08-18,2026-08-18,CM,NSE,STK,13735,INE792H01019,GLOBALVECT,EQ,,,,,GLOBAL VEC HELICORP LTD,150.00,153.00,148.12,150.05,149.00,149.00,,150.01,,,8307,1247869.88,309,F1,1,,,,,
2026-08-18,2026-08-18,CM,NSE,STK,24932,INE0URU01010,GLOBALE,EQ,,,,,GLOBALE TESSILE LIMITED,11.00,11.29,10.90,11.11,11.29,10.87,,11.11,,,4785,52475.26,39,F1,1,,,,,
2026-08-18,2026-08-18,CM,NSE,STK,758572,INE0V3U01015,GLOBECIVIL,EQ,,,,,GLOBE CIVIL PROJECTS LTD,45.38,45.50,44.03,44.62,44.65,44.86,,44.62,,,34332,1543525.14,206,F1,1,,,,,
2026-08-18,2026-08-18,CM,NSE,STK,393,INE581X01021,GLOBE,EQ,,,,,GLOBE ENTERPRISE (I) LTD,2.03,2.03,1.94,1.95,1.96,2.00,,1.95,,,425706,843343.65,275,F1,1,,,,,
2026-08-18,2026-08-18,CM,NSE,STK,761025,INE947T01022,GICL,EQ,,,,,GLOBE INTL CARRIERS LTD,23.75,23.90,23.09,23.68,23.69,23.38,,23.68,,,383201,9050391.48,497,F1,1,,,,,
2026-08-18,2026-08-18,CM,NSE,STK,9764,INE00WS01056,GSTL,SM,,,,,GLOBESECURE TECHNO LTD,15.30,15.30,14.25,14.95,14.95,15.00,,14.95,,,8000,117200.00,8,F1,1000,,,,,
2026-08-18,2026-08-18,CM,NSE,STK,17424,INE615I01010,GLOBUSSPR,EQ,,,,,GLOBUS SPIRITS LTD,882.00,914.00,881.75,899.50,903.00,881.75,,899.27,,,374512,336317189.20,13244,F1,1,,,,,
2026-08-18,2026-08-18,CM,NSE,STK,23590,INE350Z01018,GLOSTERLTD,EQ,,,,,GLOSTER LIMITED,629.55,629.55,600.10,604.70,605.00,619.75,,604.69,,,1992,1210644.10,258,F1,1,,,,,
2026-08-18,2026-08-18,CM,NSE,STK,760118,INE0TQE01026,GLOTTIS,BE,,,,,GLOTTIS LIMITED,65.07,65.90,64.81,64.99,65.01,66.10,,65.10,,,30097,1957089.18,195,F1,1,,,,,
2026-08-18,2026-08-18,CM,NSE,STK,1570,INE541A01023,GMMPFAUDLR,EQ,,,,,GMM PFAUDLER LIMITED,1053.00,1059.00,1020.00,1031.25,1035.00,1056.55,,1031.27,,,183397,190427958.50,13107,F1,1,,,,,
2026-08-18,2026-08-18,CM,NSE,STK,13528,INE776C01039,GMRAIRPORT,EQ,,,,,GMR AIRPORTS LIMITED,102.02,102.56,101.05,101.39,101.39,101.31,,101.39,,,6639327,676298453.92,21476,F1,1,,,,,
2026-08-18,2026-08-18,CM,NSE,STK,8529,INE0CU601026,GMRP&UI,EQ,,,,,GMR POW AND URBAN INFRA L,96.70,98.61,96.03,96.30,96.10,96.70,,96.30,,,849279,82075397.55,11193,F1,1,,,,,
2026-08-18,2026-08-18,CM,NSE,STK,18571,INE934S01014,GNA,EQ,,,,,GNA AXLES LIMITED,563.00,592.00,561.55,581.50,578.05,561.55,,581.55,,,692414,399421610.65,15300,F1,1,,,,,
2026-08-18,2026-08-18,CM,NSE,STK,757862,INE18JU01028,EBGNG,EQ,,,,,GNG ELECTRONICS LIMITED,595.00,595.00,568.00,570.70,570.00,593.00,,570.74,,,306764,176810949.50,12332,F1,1,,,,,
2026-08-18,2026-08-18,CM,NSE,STK,23799,INE03JT01014,GODIGIT,EQ,,,,,GO DIGIT GENERAL INS LTD,254.80,256.90,254.05,255.75,256.20,254.85,,255.71,,,58616,14947503.95,3864,F1,1,,,,,
2026-08-18,2026-08-18,CM,NSE,STK,6964,INE0BJS01011,GOCOLORS,EQ,,,,,GO FASHION INDIA LTD,344.00,349.60,340.35,346.85,347.00,344.05,,346.84,,,178442,61531266.50,3194,F1,1,,,,,
2026-08-18,2026-08-18,CM,NSE,STK,14687,INE426D01013,GOACARBON,EQ,,,,,GOA CARBON LIMITED,360.00,361.90,351.00,353.30,352.55,355.95,,353.46,,,20971,7448350.90,961,F1,1,,,,,
2026-08-18,2026-08-18,CM,NSE,STK,3963,INE077F01035,GOCLCORP,EQ,,,,,GOCL CORPORATION LIMITED,408.00,413.00,401.00,401.65,401.20,408.00,,401.67,,,42815,17293117.90,2282,F1,1,,,,,
2026-08-18,2026-08-18,CM,NSE,STK,25941,INE497S01012,GODAVARIB,EQ,,,,,GODAVARI BIOREFINERIES L,245.10,256.45,245.10,250.30,249.90,245.60,,250.30,,,248159,62231322.05,5342,F1,1,,,,,
2026-08-18,2026-08-18,CM,NSE,STK,13409,INE177H01039,GPIL,EQ,,,,,GODAWARI POW & ISP LTD,251.01,256.00,248.07,255.22,255.00,250.82,,255.22,,,2695925,683401894.05,47440,F1,1,,,,,
2026-08-18,2026-08-18,CM,NSE,STK,1181,INE260B01028,GODFRYPHLP,EQ,,,,,GODFREY PHILLIPS INDIA LT,2130.00,2141.70,2102.30,2102.30,2102.30,2131.00,,2102.72,,,145007,306540062.30,11751,F1,1,,,,,
2026-08-18,2026-08-18,CM,NSE,STK,144,INE850D01014,GODREJAGRO,EQ,,,,,GODREJ AGROVET LIMITED,599.00,599.00,585.20,588.70,586.00,597.00,,588.70,,,196758,116417532.45,9848,F1,1,,,,,
2026-08-18,2026-08-18,CM,NSE,STK,10099,INE102D01028,GODREJCP,EQ,,,,,GODREJ CONSUMER PRODUCTS,935.00,936.40,920.00,931.00,931.00,928.00,,931.00,,,1452987,1350751925.90,29283,F1,1,,,,,
2026-08-18,2026-08-18,CM,NSE,STK,10925,INE233A01035,GODREJIND,EQ,,,,,GODREJ INDUSTRIES LTD,1225.00,1245.10,1189.70,1229.90,1225.00,1223.00,,1230.26,,,197223,240144912.40,14051,F1,1,,,,,
2026-08-18,2026-08-18,CM,NSE,STK,17875,INE484J01027,GODREJPROP,EQ,,,,,GODREJ PROPERTIES LTD,2045.10,2055.20,1990.10,1997.40,1997.40,2054.00,,1997.41,,,687150,1382268720.70,29261,F1,1,,,,,
2026-08-18,2026-08-18,CM,NSE,STK,28894,IN0020240191,679GS2031,GS,,,,,GOI LOAN   6.79% 2031,102.00,102.00,102.00,102.00,102.00,102.00,,102.00,,,50,5100.00,1,F1,1,,,,,
2026-08-18,2026-08-18,CM,NSE,STK,27127,IN0020240134,692GS2039,GS,,,,,GOI LOAN   6.92% 2039,101.00,101.00,101.00,101.00,101.00,100.50,,101.00,,,500,50500.00,1,F1,1,,,,,
2026-08-18,2026-08-18,CM,NSE,STK,27170,IN0020240142,709GS2074,GS,,,,,GOI LOAN   7.09% 2074,96.60,96.80,96.20,96.45,96.45,96.60,,96.45,,,19955,1925239.75,31,F1,1,,,,,
2026-08-18,2026-08-18,CM,NSE,STK,757983,IN0020250067,601GS2030,GS,,,,,GOI LOAN  6.01% 2030,99.90,100.10,97.93,98.00,100.10,100.10,,98.00,,,1597,156512.08,9,F1,1,,,,,
2026-08-18,2026-08-18,CM,NSE,STK,5012,IN0020210095,610GS2031,GS,,,,,GOI LOAN  6.10% 2031,99.20,99.20,99.20,99.20,99.20,99.35,,99.20,,,1,99.20,1,F1,1,,,,,
2026-08-18,2026-08-18,CM,NSE,STK,756890,IN0020250026,633GS2035,GS,,,,,GOI LOAN  6.33% 2035,97.31,97.31,97.31,97.31,97.31,101.00,,97.31,,,4600,447626.00,1,F1,1,,,,,
2026-08-18,2026-08-18,CM,NSE,STK,7843,IN0020210244,654GS2032,GS,,,,,GOI LOAN  6.54% 2032,100.20,100.20,99.40,99.50,99.50,100.00,,99.50,,,9807,976115.80,3,F1,1,,,,,
2026-08-18,2026-08-18,CM,NSE,STK,956,IN0020200252,667GS2050,GS,,,,,GOI LOAN  6.67% 2050,92.65,92.65,92.44,92.44,92.44,92.10,,92.44,,,3987,368639.23,14,F1,1,,,,,
2026-08-18,2026-08-18,CM,NSE,STK,760623,IN0020250133,668GS2033,GS,,,,,GOI LOAN  6.68% 2033,99.90,99.90,99.90,99.90,99.90,100.00,,99.90,,,100,9990.00,1,F1,1,,,,,
2026-08-18,2026-08-18,CM,NSE,STK,757847,IN0020250042,668GS2040,GS,,,,,GOI LOAN  6.68% 2040,97.55,99.45,97.25,97.25,97.25,97.55,,97.25,,,13051,1295664.75,11,F1,1,,,,,
2026-08-18,2026-08-18,CM,NSE,STK,2317,IN0020200401,676GS2061,GS,,,,,GOI LOAN  6.76% 2061,94.48,95.00,94.48,94.77,94.77,94.05,,94.77,,,35608,3376047.56,23,F1,1,,,,,
2026-08-18,2026-08-18,CM,NSE,STK,22438,IN0020200187,68GS2060,GS,,,,,GOI LOAN  6.8% 2060,93.30,93.30,93.10,93.29,93.10,93.30,,93.29,,,262,24444.40,4,F1,1,,,,,
2026-08-18,2026-08-18,CM,NSE,STK,756014,IN0020250018,690GS2065,GS,,,,,GOI LOAN  6.90% 2065,95.00,95.00,94.80,94.80,94.80,94.54,,94.84,,,14597,1385795.60,6,F1,1,,,,,
2026-08-18,2026-08-18,CM,NSE,STK,763340,IN0020260025,694GS2036,GS,,,,,GOI LOAN  6.94% 2036,103.10,103.10,102.25,102.50,102.50,101.86,,102.50,,,10045,1032577.50,8,F1,1,,,,,
2026-08-18,2026-08-18,CM,NSE,STK,6817,IN0020210202,695GS2061,GS,,,,,GOI LOAN  6.95% 2061,94.80,94.80,94.80,94.80,94.80,94.01,,94.80,,,4879,462529.20,2,F1,1,,,,,
2026-08-18,2026-08-18,CM,NSE,STK,6696,IN0020210194,699GS2051,GS,,,,,GOI LOAN  6.99% 2051,95.71,95.71,95.71,95.71,95.71,96.00,,95.71,,,1,95.71,1,F1,1,,,,,
2026-08-18,2026-08-18,CM,NSE,STK,23854,IN0020240043,702GS2027,GS,,,,,GOI LOAN  7.02% 2027,104.00,104.00,103.40,103.40,103.40,103.98,,103.40,,,2,207.40,2,F1,1,,,,,
2026-08-18,2026-08-18,CM,NSE,STK,23919,IN0020240050,704GS2029,GS,,,,,GOI LOAN  7.04% 2029,102.50,102.50,102.50,102.50,102.50,102.50,,102.50,,,25,2562.50,1,F1,1,,,,,
2026-08-18,2026-08-18,CM,NSE,STK,764295,IN0020260041,706GS2041,GS,,,,,GOI LOAN  7.06% 2041,102.50,102.50,102.50,102.50,102.50,101.99,,102.50,,,1,102.50,1,F1,1,,,,,
2026-08-18,2026-08-18,CM,NSE,STK,24949,IN0020240118,709GS2054,GS,,,,,GOI LOAN  7.09% 2054,97.80,97.80,97.00,97.00,97.00,97.55,,97.00,,,38970,3780141.50,14,F1,1,,,,,
2026-08-18,2026-08-18,CM,NSE,STK,15050,IN0020230036,717GS2030,GS,,,,,GOI LOAN  7.17% 2030,103.70,103.70,103.26,103.26,103.26,104.70,,103.26,,,2001,207503.26,2,F1,1,,,,,
2026-08-18,2026-08-18,CM,NSE,STK,18025,IN0020230085,718GS2033,GS,,,,,GOI LOAN  7.18% 2033,102.55,103.10,102.50,103.10,103.10,102.50,,103.10,,,11500,1184165.10,7,F1,1,,,,,
2026-08-18,2026-08-18,CM,NSE,STK,17398,IN0020230077,718GS2037,GS,,,,,GOI LOAN  7.18% 2037,103.20,103.20,102.60,102.60,102.60,102.66,,102.60,,,2161,221839.20,3,F1,1,,,,,
2026-08-18,2026-08-18,CM,NSE,STK,758674,IN0020250075,724GS2055,GS,,,,,GOI LOAN  7.24% 2055,98.80,98.84,98.00,98.38,98.39,98.97,,98.38,,,80103,7872761.30,83,F1,1,,,,,
2026-08-18,2026-08-18,CM,NSE,STK,16733,IN0020230044,725GS2063,GS,,,,,GOI LOAN  7.25% 2063,98.50,98.60,98.00,98.43,98.45,98.44,,98.43,,,118658,11676911.72,55,F1,1,,,,,
2026-08-18,2026-08-18,CM,NSE,STK,10722,IN0020220060,726GS2032,GS,,,,,GOI LOAN  7.26% 2032,105.51,106.25,105.51,106.25,106.25,106.50,,106.25,,,3790,401207.50,3,F1,1,,,,,
2026-08-18,2026-08-18,CM,NSE,STK,16865,IN0020230051,73GS2053,GS,,,,,GOI LOAN  7.3% 2053,100.55,100.55,100.00,100.47,100.35,100.24,,100.47,,,12592,1262161.15,12,F1,1,,,,,
2026-08-18,2026-08-18,CM,NSE,STK,20136,IN0020230135,732GS2030,GS,,,,,GOI LOAN  7.32% 2030,104.11,108.20,103.87,103.89,108.20,104.00,,103.89,,,23631,2455215.64,6,F1,1,,,,,
2026-08-18,2026-08-18,CM,NSE,STK,19685,IN0020230119,733GS2026,GS,,,,,GOI LOAN  7.33% 2026,102.31,102.31,102.31,102.31,102.31,101.70,,101.96,,,1798,183953.38,3,F1,1,,,,,
2026-08-18,2026-08-18,CM,NSE,STK,23558,IN0020240035,734GS2064,GS,,,,,GOI LOAN  7.34% 2064,100.50,100.50,100.40,100.49,100.49,100.49,,100.49,,,47616,4785091.00,34,F1,1,,,,,
2026-08-18,2026-08-18,CM,NSE,STK,10931,IN0020220086,736GS2052,GS,,,,,GOI LOAN  7.36% 2052,101.46,101.50,101.40,101.50,101.50,103.75,,101.50,,,9518,965711.10,6,F1,1,,,,,
2026-08-18,2026-08-18,CM,NSE,STK,19566,IN0020230101,737GS2028,GS,,,,,GOI LOAN  7.37% 2028,104.10,104.98,104.10,104.98,104.98,105.00,,104.98,,,19601,2040660.98,9,F1,1,,,,,
2026-08-18,2026-08-18,CM,NSE,STK,10981,IN0020220094,74GS2062,GS,,,,,GOI LOAN  7.4% 2062,101.90,101.90,101.26,101.30,101.30,101.01,,101.15,,,1401,142581.26,5,F1,1,,,,,
2026-08-18,2026-08-18,CM,NSE,STK,13194,IN0020220102,741GS2036,GS,,,,,GOI LOAN  7.41% 2036,105.50,105.80,105.43,105.60,105.60,104.91,,105.60,,,20255,2136502.18,23,F1,1,,,,,
2026-08-18,2026-08-18,CM,NSE,STK,760649,IN0020250117,743GS2076,GS,,,,,GOI LOAN  7.43% 2076,100.66,101.25,100.05,101.11,101.25,100.66,,101.11,,,3167,318214.50,23,F1,1,,,,,
2026-08-18,2026-08-18,CM,NSE,STK,19808,IN0020230127,746GS2073,GS,,,,,GOI LOAN  7.46% 2073,101.35,101.55,100.56,100.99,100.56,100.75,,101.08,,,18794,1899534.70,30,F1,1,,,,,
2026-08-18,2026-08-18,CM,NSE,STK,763146,IN0020260017,750GS2056,GS,,,,,GOI LOAN  7.50% 2056,103.00,103.00,101.10,101.82,101.82,103.00,,101.82,,,1179,120386.22,19,F1,1,,,,,
2026-08-18,2026-08-18,CM,NSE,STK,9585,IN0020220029,754GS2036,GS,,,,,GOI LOAN  7.54% 2036,106.91,107.15,106.76,106.91,106.93,106.90,,106.91,,,319854,34191251.31,134,F1,1,,,,,
2026-08-18,2026-08-18,CM,NSE,STK,763489,IN0020260033,771GS2066,GS,,,,,GOI LOAN  7.71% 2066,104.78,104.78,104.30,104.36,104.30,104.81,,104.40,,,4421,462309.32,12,F1,1,,,,,
2026-08-18,2026-08-18,CM,NSE,STK,6833,IN0020010081,1018GS2026,GS,,,,,GOI LOAN 10.18% 2026,104.74,104.74,104.74,104.74,104.74,104.35,,104.55,,,190,19900.60,3,F1,1,,,,,
2026-08-18,2026-08-18,CM,NSE,STK,9047,IN0020220011,710GS2029,GS,,,,,GOI LOAN 7.10% 2029,103.11,103.52,103.11,103.51,103.50,103.42,,103.51,,,1491,154320.95,4,F1,1,,,,,
2026-08-18,2026-08-18,CM,NSE,STK,9913,IN0020220037,738GS2027,GS,,,,,GOI LOAN 7.38% 2027,102.26,102.35,102.00,102.21,102.21,102.35,,102.21,,,110858,11333328.71,120,F1,1,,,,,
2026-08-18,2026-08-18,CM,NSE,STK,6884,IN0020060078,824GS2027,GS,,,,,GOI LOAN 8.24%2027,105.90,105.90,105.90,105.90,105.90,106.00,,105.90,,,10,1059.00,1,F1,1,,,,,
2026-08-18,2026-08-18,CM,NSE,STK,7039,IN0020130053,92GS2030,GS,,,,,GOI LOAN 9.20% 2030,113.00,115.20,113.00,115.16,114.80,114.00,,115.16,,,40330,4609014.44,36,F1,1,,,,,
2026-08-18,2026-08-18,CM,NSE,STK,755786,IN002026Y121,182D241226,TB,,,,,GOI TBILL 182D-24/12/26,97.51,97.51,97.51,97.51,97.51,97.51,,97.51,,,900,87759.00,1,F1,100,,,,,
2026-08-18,2026-08-18,CM,NSE,STK,763204,IN002026Y048,182D291026,TB,,,,,GOI TBILL 182D-29/10/26,98.55,98.55,97.93,97.93,97.93,98.55,,97.93,,,1500,147205.00,2,F1,100,,,,,
2026-08-18,2026-08-18,CM,NSE,STK,761384,IN002025Z492,364D110327,TB,,,,,GOI TBILL 364D-11/03/27,96.10,96.10,96.10,96.10,96.10,96.10,,96.10,,,100,9610.00,1,F1,100,,,,,
2026-08-18,2026-08-18,CM,NSE,STK,759831,IN002025Z336,364D121126,TB,,,,,GOI TBILL 364D-12/11/26,99.00,99.00,98.50,98.50,98.50,97.20,,98.50,,,50000,4937500.00,2,F1,100,,,,,
2026-08-18,2026-08-18,CM,NSE,STK,755802,IN002026Z128,364D240627,TB,,,,,GOI TBILL 364D-24/06/27,94.00,94.00,94.00,94.00,94.00,94.00,,94.00,,,900,84600.00,1,F1,100,,,,,
2026-08-18,2026-08-18,CM,NSE,STK,763781,IN002026X131,91D011026,TB,,,,,GOI TBILL 91D-01/10/26,99.15,99.15,99.15,99.15,99.15,99.14,,99.15,,,100,9915.00,1,F1,100,,,,,
2026-08-18,2026-08-18,CM,NSE,STK,763740,IN002026X099,91D030926,TB,,,,,GOI TBILL 91D-03/09/26,99.68,99.68,99.68,99.68,99.68,99.55,,99.68,,,300,29904.00,3,F1,100,,,,,
2026-08-18,2026-08-18,CM,NSE,STK,755746,IN002026X123,91D240926,TB,,,,,GOI TBILL 91D-24/09/26,99.28,99.28,99.02,99.02,99.02,99.02,,99.02,,,2000,198118.00,5,F1,100,,,,,
2026-08-18,2026-08-18,CM,NSE,STK,763624,IN002026X081,91D280826,TB,,,,,GOI TBILL 91D-28/08/26,99.79,99.79,99.78,99.78,99.78,99.63,,99.78,,,600,59871.00,4,F1,100,,,,,
2026-08-18,2026-08-18,CM,NSE,STK,764328,IN002026X172,91D291026,TB,,,,,GOI TBILL 91D-29/10/26,98.60,98.60,98.45,98.45,98.45,98.60,,98.45,,,400,39395.00,2,F1,100,,,,,
2026-08-18,2026-08-18,CM,NSE,STK,11778,INE887G01027,GOKEX,EQ,,,,,GOKALDAS EXPORTS LTD.,807.90,823.45,799.15,812.40,812.80,804.10,,812.40,,,596734,485855012.30,23640,F1,1,,,,,
2026-08-18,2026-08-18,CM,NSE,STK,14480,INE314T01033,GOKULAGRO,EQ,,,,,GOKUL AGRO RESOURCES LTD,229.50,240.20,229.50,236.92,235.30,231.66,,236.94,,,319417,75529662.33,7178,F1,1,,,,,
2026-08-18,2026-08-18,CM,NSE,STK,16705,INE020J01029,GOKUL,EQ,,,,,GOKUL REFOILS & SOLV LTD,38.50,39.40,38.40,39.01,39.40,38.68,,39.02,,,133664,5185363.40,367,F1,1,,,,,
2026-08-18,2026-08-18,CM,NSE,STK,11619,INE973A01010,GOLDENTOBC,BZ,,,,,GOLDEN TOBACCO LIMITED,26.15,26.15,24.00,24.51,24.51,24.99,,24.51,,,249,6401.10,20,F1,1,,,,,
2026-08-18,2026-08-18,CM,NSE,STK,11971,INE025B01025,GOLDIAM,EQ,,,,,GOLDIAM INTERNATIONAL LTD,372.00,372.00,360.05,361.75,362.00,374.40,,361.76,,,1088172,395878375.95,18003,F1,1,,,,,
2026-08-18,2026-08-18,CM,NSE,STK,13616,INE06MH01016,GOLDKART,SM,,,,,GOLDKART JEWELS LIMITED,94.00,94.00,85.75,85.75,85.75,90.25,,85.75,,,2500,224687.50,4,F1,625,,,,,
2026-08-18,2026-08-18,CM,NSE,STK,1,INE405Y01021,GOLDSTAR,SM,,,,,GOLDSTAR POWER LIMITED,8.45,8.45,8.10,8.35,8.40,8.05,,8.35,,,315000,2644875.00,26,F1,11250,,,,,
2026-08-18,2026-08-18,CM,NSE,STK,6125,INE127I01024,GOODLUCK,EQ,,,,,GOODLUCK INDIA LIMITED,1319.00,1346.30,1310.00,1330.00,1331.00,1311.10,,1330.01,,,224634,298237920.90,11010,F1,1,,,,,
2026-08-18,2026-08-18,CM,NSE,STK,1205,INE533A01012,GOODYEAR,EQ,,,,,GOODYEAR INDIA LIMITED,769.75,773.60,759.70,763.50,765.00,765.35,,763.60,,,4124,3151180.25,420,F1,1,,,,,
2026-08-18,2026-08-18,CM,NSE,STK,23066,INE0L9R01028,GOPAL,EQ,,,,,GOPAL SNACKS LIMITED,272.00,276.50,270.75,274.15,274.90,270.75,,274.15,,,182670,50006103.10,8218,F1,1,,,,,
2026-08-18,2026-08-18,CM,NSE,STK,11787,INE705X01026,GOYALALUM,EQ,,,,,GOYAL ALUMINIUMS LIMITED,6.45,6.45,6.29,6.33,6.39,6.40,,6.33,,,56851,362998.07,334,F1,1,,,,,
2026-08-18,2026-08-18,CM,NSE,STK,19356,INE0QFE01017,GOYALSALT,SM,,,,,GOYAL SALT LIMITED,107.00,107.00,105.00,105.85,105.00,107.00,,105.85,,,12000,1270800.00,6,F1,600,,,,,
2026-08-18,2026-08-18,CM,NSE,STK,24113,INE0S7E01015,GPECO,ST,,,,,GP ECO SOLUTIONS INDIA L,377.90,379.85,366.90,371.10,371.50,378.65,,371.10,,,16800,6252790.00,64,F1,200,,,,,
2026-08-18,2026-08-18,CM,NSE,STK,11584,INE586G01017,GULFPETRO,BE,,,,,GP PETROLEUMS LIMITED,61.27,63.00,59.27,62.81,62.80,61.57,,62.80,,,288388,17555295.04,1036,F1,1,,,,,
2026-08-18,2026-08-18,CM,NSE,STK,22846,INE486R01017,GPTHEALTH,EQ,,,,,GPT HEALTHCARE LIMITED,153.32,154.54,151.48,153.13,153.50,153.32,,153.13,,,76600,11688149.15,3685,F1,1,,,,,
2026-08-18,2026-08-18,CM,NSE,STK,17685,INE390G01014,GPTINFRA,EQ,,,,,GPT INFRAPROJECTS LTD,114.40,116.59,114.06,115.12,114.33,115.06,,115.11,,,35571,4087668.50,1000,F1,1,,,,,
2026-08-18,2026-08-18,CM,NSE,STK,763299,INE361K01017,GRADIENTE,EQ,,,,,GRADIENTE INFOTAINMENT L,2.84,2.86,2.78,2.80,2.80,2.77,,2.80,,,1902436,5351548.24,272,F1,1,,,,,
2026-08-18,2026-08-18,CM,NSE,STK,30289,INE12E301017,GCHOTELS,ST,,,,,GRAND CONTINENT HOTELS L,100.85,102.55,100.50,102.00,102.55,97.70,,102.00,,,76200,7792740.00,73,F1,600,,,,,
2026-08-18,2026-08-18,CM,NSE,STK,762695,INE926B01016,GRANDOAK,EQ,,,,,GRAND OAK CANYONS DIST L,38.53,40.05,38.10,39.55,39.88,38.15,,39.66,,,5451,216073.02,108,F1,1,,,,,
2026-08-18,2026-08-18,CM,NSE,STK,11872,INE101D01020,GRANULES,EQ,,,,,GRANULES INDIA LIMITED,863.00,868.50,848.45,851.20,852.05,861.55,,851.20,,,407105,347579140.50,19420,F1,1,,,,,
2026-08-18,2026-08-18,CM,NSE,STK,20454,INE0POU01017,GRAPHISAD,SM,,,,,GRAPHISADS LIMITED,26.65,27.30,26.00,26.50,26.50,26.00,,26.50,,,8400,221940.00,7,F1,1200,,,,,
2026-08-18,2026-08-18,CM,NSE,STK,592,INE371A01025,GRAPHITE,EQ,,,,,GRAPHITE INDIA LTD,728.00,741.80,724.10,737.15,736.20,729.50,,737.16,,,943780,694176012.45,25302,F1,1,,,,,
2026-08-18,2026-08-18,CM,NSE,STK,1232,INE047A01021,GRASIM,EQ,,,,,GRASIM INDUSTRIES LTD,3257.00,3297.70,3250.50,3278.70,3278.70,3250.50,,3278.69,,,1498859,4915674508.80,69326,F1,1,,,,,
2026-08-18,2026-08-18,CM,NSE,STK,5200,INE266D01021,GRAUWEIL,EQ,,,,,GRAUER & WEIL IND LTD,67.96,68.39,66.20,66.43,66.50,67.96,,66.44,,,110940,7417071.89,2605,F1,1,,,,,
2026-08-18,2026-08-18,CM,NSE,STK,762700,INE214F01026,GRAVISSHO,EQ,,,,,GRAVISS HOSPITALITY LTD.,28.70,30.87,28.70,28.86,28.86,28.53,,28.86,,,63,1830.94,7,F1,1,,,,,
2026-08-18,2026-08-18,CM,NSE,STK,20534,INE024L01027,GRAVITA,EQ,,,,,GRAVITA INDIA LIMITED,1821.70,1834.40,1802.00,1814.10,1811.20,1821.70,,1814.15,,,138790,252148810.30,17559,F1,1,,,,,
2026-08-18,2026-08-18,CM,NSE,STK,1235,INE224A01026,GREAVESCOT,EQ,,,,,GREAVES COTTON LTD.,194.20,200.95,194.01,198.59,198.16,195.01,,198.58,,,1164415,230575113.47,14624,F1,1,,,,,
2026-08-18,2026-08-18,CM,NSE,STK,17092,INE0O7P01015,GREENCHEF,SM,,,,,GREENCHEF APPLIANCES LTD,52.40,53.75,52.00,52.85,52.00,52.40,,52.85,,,3200,168440.00,4,F1,800,,,,,
2026-08-18,2026-08-18,CM,NSE,STK,6848,INE544R01021,GREENLAM,EQ,,,,,GREENLAM INDUSTRIES LTD.,250.95,258.40,250.80,255.65,255.00,252.80,,255.66,,,144651,36860967.80,3857,F1,1,,,,,
2026-08-18,2026-08-18,CM,NSE,STK,759427,INE0PLX01017,GREENLEAF,ST,,,,,GREENLEAF ENVIROTECH LTD,129.00,129.00,120.55,120.55,120.55,126.85,,120.55,,,3000,370100.00,3,F1,1000,,,,,
2026-08-18,2026-08-18,CM,NSE,STK,13810,INE08ZM01014,GREENPANEL,EQ,,,,,GREENPANEL INDUSTRIES LTD,170.52,172.06,164.90,166.15,170.90,169.59,,166.14,,,266864,44526693.20,6801,F1,1,,,,,
2026-08-18,2026-08-18,CM,NSE,STK,3987,INE461C01038,GREENPLY,EQ,,,,,GREENPLY INDUSTRIES LTD,285.80,288.75,281.60,287.55,286.40,286.30,,287.54,,,176270,50257722.15,2185,F1,1,,,,,
2026-08-18,2026-08-18,CM,NSE,STK,758986,INE199P01028,GCSL,EQ,,,,,GRETEX CORPORATE SERVICES,490.35,531.00,481.25,512.30,518.80,492.40,,512.31,,,826194,423037829.65,10291,F1,1,,,,,
2026-08-18,2026-08-18,CM,NSE,STK,13560,INE536A01023,GRINDWELL,EQ,,,,,GRINDWELL NORTON LIMITED,2159.00,2168.80,2094.50,2101.30,2102.00,2163.50,,2101.08,,,24964,53048628.70,7238,F1,1,,,,,
2026-08-18,2026-08-18,CM,NSE,STK,10871,INE192H01020,GRMOVER,EQ,,,,,GRM OVERSEAS LIMITED,88.87,90.30,87.21,87.51,87.40,88.28,,87.52,,,1117753,99090865.88,9316,F1,1,,,,,
2026-08-18,2026-08-18,CM,NSE,STK,760971,INE1TY801010,GJL,ST,,,,,GROVER JEWELLS LIMITED,209.00,226.80,209.00,225.10,226.80,220.00,,225.10,,,4000,887520.00,3,F1,800,,,,,
2026-08-18,2026-08-18,CM,NSE,STK,764285,INF666M01PH7,CEMNTGROWW,EQ,,,,,GROWWAMC - CEMNTGROWW,15.28,15.28,14.85,14.96,14.95,15.09,,14.96,,,66472,997763.89,470,F1,1,,,,,
2026-08-18,2026-08-18,CM,NSE,STK,760051,INF666M01MM4,GROWWCAPM,EQ,,,,,GROWWAMC - GROWWCAPM,11.20,11.26,11.08,11.23,11.23,11.25,,11.23,,,256075,2862134.14,783,F1,1,,,,,
2026-08-18,2026-08-18,CM,NSE,STK,760673,INF666M01NP5,GROWWCHEM,EQ,,,,,GROWWAMC - GROWWCHEM,30.58,30.84,30.40,30.56,30.41,30.74,,30.56,,,43819,1345469.12,215,F1,1,,,,,
2026-08-18,2026-08-18,CM,NSE,STK,25758,INF666M01IO8,GROWWDEFNC,EQ,,,,,GROWWAMC - GROWWDEFNC,98.82,99.99,97.94,99.59,99.98,98.82,,99.59,,,228994,22745439.33,3281,F1,1,,,,,
2026-08-18,2026-08-18,CM,NSE,STK,24798,INF666M01IH2,GROWWEV,EQ,,,,,GROWWAMC - GROWWEV,34.18,34.29,33.86,33.93,33.90,34.18,,33.93,,,953644,32517924.68,1825,F1,1,,,,,
2026-08-18,2026-08-18,CM,NSE,STK,25872,INF666M01OE7,GROWWGOLD,EQ,,,,,GROWWAMC - GROWWGOLD,14.91,14.97,14.90,14.94,14.95,14.93,,14.94,,,1752345,26175185.50,3626,F1,1,,,,,
2026-08-18,2026-08-18,CM,NSE,STK,760874,INF666M01OD9,GROWWHOSPI,EQ,,,,,GROWWAMC - GROWWHOSPI,53.28,53.28,52.30,52.55,52.69,52.67,,52.55,,,286510,15047479.74,1233,F1,1,,,,,
2026-08-18,2026-08-18,CM,NSE,STK,25447,INF666M01IP5,GROWWLIQID,EQ,,,,,GROWWAMC - GROWWLIQID,110.37,110.39,110.37,110.38,110.38,110.37,,110.38,,,507022,55966322.02,195,F1,1,,,,,
2026-08-18,2026-08-18,CM,NSE,STK,758300,INF666M01LB9,GROWWLOVOL,EQ,,,,,GROWWAMC - GROWWLOVOL,10.59,10.59,10.35,10.48,10.47,10.55,,10.48,,,5709,59847.43,104,F1,1,,,,,
2026-08-18,2026-08-18,CM,NSE,STK,759719,INF666M01MV5,GROWWMC150,EQ,,,,,GROWWAMC - GROWWMC150,239.80,239.80,233.52,236.00,236.00,237.43,,236.00,,,3324,782289.46,59,F1,1,,,,,
2026-08-18,2026-08-18,CM,NSE,STK,760438,INF666M01NI0,GROWWMETAL,EQ,,,,,GROWWAMC - GROWWMETAL,12.50,12.51,12.30,12.36,12.31,12.42,,12.36,,,192173,2390409.41,1015,F1,1,,,,,
2026-08-18,2026-08-18,CM,NSE,STK,756086,INF666M01KJ4,GROWWMOM50,EQ,,,,,GROWWAMC - GROWWMOM50,11.47,11.47,10.98,11.04,11.02,11.04,,11.04,,,44426,490112.03,372,F1,1,,,,,
2026-08-18,2026-08-18,CM,NSE,STK,29872,INF666M01JV1,GROWWN200,EQ,,,,,GROWWAMC - GROWWN200,11.55,11.55,11.38,11.39,11.48,11.55,,11.39,,,132945,1516897.31,261,F1,1,,,,,
2026-08-18,2026-08-18,CM,NSE,STK,757814,INF666M01LI4,GROWWNET,EQ,,,,,GROWWAMC - GROWWNET,10.84,10.84,10.50,10.56,10.56,10.65,,10.56,,,273605,2888561.79,659,F1,1,,,,,
2026-08-18,2026-08-18,CM,NSE,STK,758697,INF666M01LL8,GROWWNIFTY,EQ,,,,,GROWWAMC - GROWWNIFTY,9.94,9.94,9.71,9.84,9.90,9.82,,9.84,,,627312,6146499.60,3139,F1,1,,,,,
2026-08-18,2026-08-18,CM,NSE,STK,759458,INF666M01LZ8,GROWWNXT50,EQ,,,,,GROWWAMC - GROWWNXT50,75.27,75.27,74.65,74.84,74.65,75.27,,74.84,,,2649,198441.65,77,F1,1,,,,,
2026-08-18,2026-08-18,CM,NSE,STK,758165,INF666M01LM6,GROWWPOWER,EQ,,,,,GROWWAMC - GROWWPOWER,11.73,11.73,11.42,11.44,11.44,11.52,,11.44,,,1978128,22710969.07,2452,F1,1,,,,,
2026-08-18,2026-08-18,CM,NSE,STK,760976,INF666M01NQ3,GROWWPSE,EQ,,,,,GROWWAMC - GROWWPSE,99.00,99.56,98.59,98.77,99.56,99.32,,98.77,,,2644,261169.00,43,F1,1,,,,,
2026-08-18,2026-08-18,CM,NSE,STK,761514,INF666M01OG2,GROWWPSUBK,EQ,,,,,GROWWAMC - GROWWPSUBK,86.40,87.73,86.40,86.99,87.00,87.63,,86.99,,,1670,145061.82,54,F1,1,,,,,
2026-08-18,2026-08-18,CM,NSE,STK,29527,INF666M01JJ6,GROWWRAIL,EQ,,,,,GROWWAMC - GROWWRAIL,29.34,29.34,28.80,28.87,28.94,29.05,,28.88,,,534897,15473306.51,2113,F1,1,,,,,
2026-08-18,2026-08-18,CM,NSE,STK,759428,INF666M01MN2,GROWWRLTY,EQ,,,,,GROWWAMC - GROWWRLTY,10.40,10.48,9.77,10.08,10.10,10.20,,10.08,,,459069,4633009.14,598,F1,1,,,,,
2026-08-18,2026-08-18,CM,NSE,STK,759522,INF666M01MO0,GROWWSC250,EQ,,,,,GROWWAMC - GROWWSC250,10.59,10.62,10.54,10.57,10.57,10.59,,10.57,,,135667,1433406.41,517,F1,1,,,,,
2026-08-18,2026-08-18,CM,NSE,STK,756827,INF666M01OF4,GROWWSLVR,EQ,,,,,GROWWAMC - GROWWSLVR,22.63,22.84,22.63,22.71,22.74,22.91,,22.71,,,600546,13655927.37,1728,F1,1,,,,,
2026-08-18,2026-08-18,CM,NSE,STK,763572,INF666M01OT5,PVTBKGROWW,EQ,,,,,GROWWAMC - PVTBKGROWW,27.83,27.83,27.30,27.31,27.39,27.50,,27.31,,,3200,87533.51,66,F1,1,,,,,
2026-08-18,2026-08-18,CM,NSE,STK,751745,INF666M01PG9,SMALLGROWW,EQ,,,,,GROWWAMC - SMALLGROWW,47.94,49.14,47.89,48.86,49.00,48.64,,48.86,,,7056,344963.48,84,F1,1,,,,,
2026-08-18,2026-08-18,CM,NSE,STK,6543,INE137I01015,GRPLTD,EQ,,,,,GRP LIMITED,2049.20,2055.80,1989.90,2001.80,2008.80,2049.20,,2001.80,,,1352,2721236.10,196,F1,1,,,,,
2026-08-18,2026-08-18,CM,NSE,STK,23888,INE0SQY01018,GSMFOILS,SM,,,,,GSM FOILS LIMITED,88.25,88.25,88.25,88.25,88.25,92.85,,88.25,,,26000,2294500.00,29,F1,500,,,,,
2026-08-18,2026-08-18,CM,NSE,STK,762239,INE713R01022,GSPCROP,EQ,,,,,GSP CROP SCIENCE LIMITED,589.65,600.00,589.55,590.90,589.55,589.75,,590.93,,,207126,123488619.20,3167,F1,1,,,,,
2026-08-18,2026-08-18,CM,NSE,STK,15347,INE871H01011,GSS,EQ,,,,,GSS INFOTECH LIMITED,13.34,13.34,12.89,13.08,13.05,13.01,,13.13,,,15957,208373.01,116,F1,1,,,,,
2026-08-18,2026-08-18,CM,NSE,STK,13745,INE221H01019,GTLINFRA,EQ,,,,,GTL INFRA.LTD,1.21,1.22,1.20,1.21,1.21,1.21,,1.21,,,11833145,14359126.51,10907,F1,1,,,,,
2026-08-18,2026-08-18,CM,NSE,STK,1162,INE043A01012,GTL,EQ,,,,,GTL LTD,7.50,7.74,7.24,7.47,7.47,7.41,,7.47,,,193898,1453351.99,610,F1,1,,,,,
2026-08-18,2026-08-18,CM,NSE,STK,21195,INE869I01013,GTPL,EQ,,,,,GTPL HATHWAY LIMITED,54.04,54.50,53.00,53.50,53.45,54.04,,53.51,,,14308,764869.15,549,F1,1,,,,,
2026-08-18,2026-08-18,CM,NSE,STK,11606,INE742B01025,GUFICBIO,EQ,,,,,GUFIC BIOSCIENCES LTD.,421.50,429.95,413.10,421.40,420.05,418.20,,421.27,,,120133,50617952.15,5569,F1,1,,,,,
2026-08-18,2026-08-18,CM,NSE,STK,1145,INE162A01010,GIPCL,EQ,,,,,GUJ IND POW CO. LTD,174.35,176.52,171.15,171.63,172.05,174.44,,171.63,,,439397,76441338.29,4498,F1,1,,,,,
2026-08-18,2026-08-18,CM,NSE,STK,1174,INE113A01013,GNFC,EQ,,,,,GUJ NAR VAL FER & CHEM L,600.90,619.00,599.00,609.75,608.60,600.65,,609.78,,,1477642,902363348.45,40453,F1,1,,,,,
2026-08-18,2026-08-18,CM,NSE,STK,1247,INE026A01025,GSFC,EQ,,,,,GUJ STATE FERT & CHEM LTD,159.40,161.11,159.40,160.43,160.28,159.87,,160.42,,,667193,106876818.90,14350,F1,1,,,,,
2026-08-18,2026-08-18,CM,NSE,STK,14677,INE826C01016,GUJAPOLLO,EQ,,,,,GUJ. APOLLO IND. LTD.,350.30,350.30,342.60,348.40,350.00,349.15,,348.40,,,5057,1750690.35,221,F1,1,,,,,
2026-08-18,2026-08-18,CM,NSE,STK,1267,INE186A01019,GUJALKALI,EQ,,,,,GUJARAT ALKALIES & CHEM,690.00,692.95,675.10,678.55,683.50,680.45,,678.50,,,48455,33046045.10,3226,F1,1,,,,,
2026-08-18,2026-08-18,CM,NSE,STK,8828,INE036B01030,GAEL,EQ,,,,,GUJARAT AMBUJA EXPORTS LT,172.00,178.80,171.70,177.76,177.00,172.75,,177.76,,,1908212,336400875.64,21109,F1,1,,,,,
2026-08-18,2026-08-18,CM,NSE,STK,10599,INE844O01030,GUJENERGY,EQ,,,,,GUJARAT ENERGY LIMITED,276.00,278.00,267.30,269.40,269.80,276.50,,269.40,,,2873077,777719640.80,34942,F1,1,,,,,
2026-08-18,2026-08-18,CM,NSE,STK,13750,INE09N301011,FLUOROCHEM,EQ,,,,,GUJARAT FLUOROCHEM LTD,4700.00,4775.00,4651.00,4674.80,4705.20,4707.50,,4674.85,,,123083,578657159.80,14506,F1,1,,,,,
2026-08-18,2026-08-18,CM,NSE,STK,761197,INE0V0W01025,GKSL,EQ,,,,,GUJARAT KIDNEY N SUP SP L,152.00,154.97,145.00,153.46,152.79,151.36,,153.46,,,3024980,461590531.06,22229,F1,1,,,,,
2026-08-18,2026-08-18,CM,NSE,STK,1156,INE540A01017,GLFL,EQ,,,,,GUJARAT LEASE FINANCING L,5.90,5.90,5.60,5.71,5.84,5.64,,5.72,,,8104,47345.52,36,F1,1,,,,,
2026-08-18,2026-08-18,CM,NSE,STK,5204,INE131A01031,GMDCLTD,EQ,,,,,GUJARAT MINERAL DEV CORP,574.05,585.65,568.10,570.70,569.25,574.00,,570.71,,,787437,454330459.30,24523,F1,1,,,,,
2026-08-18,2026-08-18,CM,NSE,STK,762690,INE207H01018,GNRL,EQ,,,,,GUJARAT NATURAL RES L,103.50,105.56,103.50,104.34,104.80,103.69,,104.30,,,41822,4354916.39,1212,F1,1,,,,,
2026-08-18,2026-08-18,CM,NSE,STK,19731,INE517F01014,GPPL,EQ,,,,,GUJARAT PIPAVAV PORT LTD,160.20,163.64,160.00,160.48,160.50,159.57,,160.48,,,1891002,305426227.92,21974,F1,1,,,,,
2026-08-18,2026-08-18,CM,NSE,STK,4548,INE610B01024,GUJRAFFIA,EQ,,,,,GUJARAT RAFFIA INDUST LTD,41.32,42.45,41.19,42.41,42.45,41.32,,42.41,,,1781,75173.28,50,F1,1,,,,,
2026-08-18,2026-08-18,CM,NSE,STK,29731,INE942C01045,GUJTHEM,EQ,,,,,GUJARAT THEMIS BIOSYN LTD,350.00,377.00,349.00,371.30,374.70,351.25,,371.34,,,260880,95903668.80,6455,F1,1,,,,,
2026-08-18,2026-08-18,CM,NSE,STK,4391,INE635Q01029,GULFOILLUB,EQ,,,,,GULF OIL LUB. IND. LTD.,1174.60,1184.30,1167.20,1173.20,1170.90,1174.60,,1173.13,,,48680,57213109.40,4362,F1,1,,,,,
2026-08-18,2026-08-18,CM,NSE,STK,6286,INE255D01024,GULPOLY,EQ,,,,,GULSHAN POLYOLS LIMITED,193.45,194.38,187.20,187.75,187.99,192.06,,187.73,,,286706,54518617.23,5546,F1,1,,,,,
2026-08-18,2026-08-18,CM,NSE,STK,759261,INE1CCX01012,GURUNANAK,SM,,,,,GURUNANAK AGRICULTUR IN L,39.00,39.00,37.05,37.05,37.05,39.00,,37.05,,,14400,549680.00,7,F1,1600,,,,,
2026-08-18,2026-08-18,CM,NSE,STK,13229,INE251H01024,GVKPIL,BE,,,,,GVK POW. & INFRA LTD.,2.35,2.38,2.31,2.33,2.37,2.34,,2.33,,,945506,2221678.02,647,F1,1,,,,,
2026-08-18,2026-08-18,CM,NSE,STK,10865,INE382T01030,GVPTECH,EQ,,,,,GVP INFOTECH LIMITED,7.02,7.10,6.91,6.98,6.98,7.02,,6.98,,,28330,199009.22,162,F1,1,,,,,
2026-08-18,2026-08-18,CM,NSE,STK,764050,INE724A01017,GYFTR,EQ,,,,,GYFTR LIMITED,162.23,162.61,155.21,157.94,157.50,162.22,,158.28,,,47780,7591878.80,776,F1,1,,,,,
2026-08-18,2026-08-18,CM,NSE,STK,762712,INE640B01021,HBESD,EQ,,,,,H B ESTATE DEVELOPERS L,74.50,76.50,74.50,75.00,75.00,75.41,,75.00,,,390,29201.50,14,F1,1,,,,,
2026-08-18,2026-08-18,CM,NSE,STK,1672,INE926X01010,HGINFRA,EQ,,,,,H.G.INFRA ENGINEERING LTD,514.50,517.30,505.00,507.70,508.90,514.50,,507.67,,,71433,36500847.00,3704,F1,1,,,,,
2026-08-18,2026-08-18,CM,NSE,STK,760715,INE115S01010,HALDER,EQ,,,,,HALDER VENTURE LIMITED,294.92,299.50,286.00,290.66,293.00,294.92,,290.81,,,29702,8758752.69,472,F1,1,,,,,
2026-08-18,2026-08-18,CM,NSE,STK,762708,INE506D01020,HALDYNGL,BE,,,,,HALDYN GLASS LTD.,126.99,127.50,124.00,125.74,127.00,126.36,,125.78,,,54261,6848581.74,172,F1,1,,,,,
2026-08-18,2026-08-18,CM,NSE,STK,21551,INE320X01016,HALEOSLABS,EQ,,,,,HALEOS LABS LIMITED,1448.10,1489.40,1448.10,1478.90,1484.00,1437.50,,1474.17,,,404,597038.20,67,F1,1,,,,,
2026-08-18,2026-08-18,CM,NSE,STK,765075,INE299D01022,HAMPTON,EQ,,,,,HAMPTON SKY REALTY LTD.,7.20,8.40,7.20,8.12,8.14,7.95,,8.18,,,26801,212632.70,113,F1,1,,,,,
2026-08-18,2026-08-18,CM,NSE,STK,13592,INE596H01014,HGM,EQ,,,,,HANDSON GBL MNGMNT LTD,45.95,45.95,43.03,44.66,45.00,45.06,,44.67,,,2458,109480.78,78,F1,1,,,,,
2026-08-18,2026-08-18,CM,NSE,STK,48,INE419U01012,HAPPSTMNDS,EQ,,,,,HAPPIEST MINDS TECHNO LTD,425.00,427.40,416.30,419.95,418.70,426.80,,419.96,,,1179012,496670588.80,26635,F1,1,,,,,
2026-08-18,2026-08-18,CM,NSE,STK,20854,INE330T01021,HAPPYFORGE,EQ,,,,,HAPPY FORGINGS LIMITED,2209.20,2296.70,2209.20,2260.60,2265.00,2198.10,,2260.58,,,175740,397628629.40,22523,F1,1,,,,,
2026-08-18,2026-08-18,CM,NSE,STK,757665,INE0TLP01015,WHITEFORCE,SM,,,,,HAPPY SQUARE OUTSOURC S L,34.70,34.70,34.70,34.70,34.70,34.65,,34.70,,,1600,55520.00,1,F1,1600,,,,,
2026-08-18,2026-08-18,CM,NSE,STK,764131,INE1GFG01011,HAPPY,SM,,,,,HAPPY STEELS LIMITED,65.00,67.65,64.50,66.75,67.40,66.00,,66.75,,,46000,3053800.00,19,F1,2000,,,,,
2026-08-18,2026-08-18,CM,NSE,STK,8962,INE626Z01029,HARDWYN,EQ,,,,,HARDWYN INDIA LIMITED,10.95,11.11,8.80,9.42,9.58,10.95,,9.42,,,9633380,92914402.42,12319,F1,1,,,,,
2026-08-18,2026-08-18,CM,NSE,STK,8968,INE00EV01017,HARIOMPIPE,EQ,,,,,HARIOM PIPE INDUSTRIES L,347.00,357.00,346.05,352.95,354.00,346.45,,352.82,,,140777,49655389.30,4055,F1,1,,,,,
2026-08-18,2026-08-18,CM,NSE,STK,764703,INE400G01011,HRYNSHP,EQ,,,,,HARIYANA SHIP BREAKERS L,101.00,104.00,100.90,101.78,103.92,101.00,,101.98,,,1931,195752.38,37,F1,1,,,,,
2026-08-18,2026-08-18,CM,NSE,STK,1313,INE544A01019,HARRMALAYA,EQ,,,,,HARRISON MALAYALAM LTD,194.99,194.99,188.05,189.03,190.00,193.47,,188.98,,,25832,4921608.28,735,F1,1,,,,,
2026-08-18,2026-08-18,CM,NSE,STK,11162,INE0JUS01029,HARSHA,EQ,,,,,HARSHA ENGINEERS INT LTD,427.95,439.90,421.75,436.40,439.90,425.60,,436.37,,,224480,97297684.60,8121,F1,1,,,,,
2026-08-18,2026-08-18,CM,NSE,STK,18154,INE982F01036,HATHWAY,EQ,,,,,HATHWAY CABLE & DATACOM,10.54,10.61,10.50,10.51,10.51,10.59,,10.51,,,825113,8702035.23,1678,F1,1,,,,,
2026-08-18,2026-08-18,CM,NSE,STK,3892,INE473B01035,HATSUN,EQ,,,,,HATSUN AGRO PRODUCT LTD.,974.05,993.65,969.55,985.35,975.00,968.80,,985.59,,,59772,58888958.50,9732,F1,1,,,,,
2026-08-18,2026-08-18,CM,NSE,STK,9819,INE176B01034,HAVELLS,EQ,,,,,HAVELLS INDIA LIMITED,1299.00,1311.80,1286.10,1299.70,1299.70,1299.00,,1299.64,,,1021226,1322772126.50,35307,F1,1,,,,,
2026-08-18,2026-08-18,CM,NSE,STK,4444,INE979B01015,HAWKINCOOK,EQ,,,,,HAWKINS COOKERS LTD,8342.50,8410.00,8116.00,8235.00,8200.00,8340.00,,8234.73,,,2401,19777321.50,465,F1,1,,,,,
2026-08-18,2026-08-18,CM,NSE,STK,764693,INE550F01049,HAZOOR,EQ,,,,,HAZOOR MULTI PROJECTS LTD,21.49,22.00,20.50,21.34,21.25,21.49,,21.31,,,36400,775003.16,284,F1,1,,,,,
2026-08-18,2026-08-18,CM,NSE,STK,765080,INE638B01025,HBPOR,EQ,,,,,HB PORTFOLIO LTD.,59.00,62.99,58.00,60.94,59.27,62.99,,60.94,,,2387,144965.93,34,F1,1,,,,,
2026-08-18,2026-08-18,CM,NSE,STK,4116,INE550B01022,HBSL,EQ,,,,,HB STOCKHOLDINGS LIMITED,56.90,57.20,54.60,56.13,54.81,56.90,,56.05,,,2327,130639.06,46,F1,1,,,,,
2026-08-18,2026-08-18,CM,NSE,STK,13966,INE292B01021,HBLENGINE,EQ,,,,,HBL ENGINEERING LTD,675.00,677.55,667.15,670.05,670.70,674.60,,670.03,,,635709,426374481.65,21741,F1,1,,,,,
2026-08-18,2026-08-18,CM,NSE,STK,1327,INE236A01020,HCL-INSYS,EQ,,,,,HCL INFOSYSTEMS LTD,11.66,11.66,11.26,11.32,11.32,11.24,,11.32,,,77067,875512.82,414,F1,1,,,,,
2026-08-18,2026-08-18,CM,NSE,STK,7229,INE860A01027,HCLTECH,EQ,,,,,HCL TECHNOLOGIES LTD,1318.00,1320.00,1292.50,1298.00,1298.00,1325.00,,1298.02,,,3056990,3976027860.50,74688,F1,1,,,,,
2026-08-18,2026-08-18,CM,NSE,STK,757772,INE756I01012,HDBFS,EQ,,,,,HDB FINANCIAL SERVICES L,683.00,701.00,674.85,698.15,700.00,683.90,,698.14,,,513419,354760723.70,15149,F1,1,,,,,
2026-08-18,2026-08-18,CM,NSE,STK,4244,INE127D01025,HDFCAMC,EQ,,,,,HDFC AMC LIMITED,2525.90,2536.90,2491.30,2525.00,2525.00,2523.00,,2525.00,,,672054,1689092567.30,39750,F1,1,,,,,
2026-08-18,2026-08-18,CM,NSE,STK,1333,INE040A01034,HDFCBANK,EQ,,,,,HDFC BANK LTD,726.30,729.00,723.00,723.00,723.00,729.00,,723.00,,,17916507,12984034098.10,256567,F1,1,,,,,
2026-08-18,2026-08-18,CM,NSE,STK,19543,INF179KC1981,HDFCGOLD,EQ,,,,,HDFC GOLD ETF,133.88,133.88,130.23,130.71,130.75,130.62,,130.71,,,1936116,253004804.91,6867,F1,1,,,,,
2026-08-18,2026-08-18,CM,NSE,STK,467,INE795G01014,HDFCLIFE,EQ,,,,,HDFC LIFE INS CO LTD,541.95,542.90,537.55,538.25,538.25,543.00,,538.25,,,1271552,686986995.60,32893,F1,1,,,,,
2026-08-18,2026-08-18,CM,NSE,STK,14230,INF179KC1EZ4,HDFCBSE500,EQ,,,,,HDFCAMC - HDFCBSE500,38.75,38.75,37.58,37.75,37.70,38.12,,37.75,,,643658,24404335.19,240,F1,1,,,,,
2026-08-18,2026-08-18,CM,NSE,STK,11241,INF179KC1DJ0,HDFCGROWTH,EQ,,,,,HDFCAMC - HDFCGROWTH,121.37,123.04,120.60,120.98,121.24,121.37,,120.98,,,72788,8804845.34,168,F1,1,,,,,
2026-08-18,2026-08-18,CM,NSE,STK,18279,INF179KC1JG3,HDFCLIQUID,EQ,,,,,HDFCAMC - HDFCLIQUID,1079.40,1079.40,1074.16,1074.18,1074.18,1074.03,,1074.18,,,18536,19911056.49,41,F1,1,,,,,
2026-08-18,2026-08-18,CM,NSE,STK,11547,INF179KC1HU8,HDFCLOWVOL,EQ,,,,,HDFCAMC - HDFCLOWVOL,20.90,21.00,20.84,20.85,21.00,21.00,,20.85,,,2537,52965.48,47,F1,1,,,,,
2026-08-18,2026-08-18,CM,NSE,STK,14236,INF179KC1HT0,HDFCMID150,EQ,,,,,HDFCAMC - HDFCMID150,23.75,23.81,23.57,23.65,23.69,23.71,,23.66,,,568827,13483994.52,1352,F1,1,,,,,
2026-08-18,2026-08-18,CM,NSE,STK,11538,INF179KC1HV6,HDFCMOMENT,EQ,,,,,HDFCAMC - HDFCMOMENT,31.53,31.56,31.26,31.42,31.26,31.47,,31.42,,,108742,3418369.04,730,F1,1,,,,,
2026-08-18,2026-08-18,CM,NSE,STK,10619,INF179KC1HS2,HDFCNEXT50,EQ,,,,,HDFCAMC - HDFCNEXT50,76.35,76.40,75.71,75.83,76.09,76.35,,75.83,,,101344,7712927.45,629,F1,1,,,,,
2026-08-18,2026-08-18,CM,NSE,STK,10633,INF179KC1HR4,HDFCNIF100,EQ,,,,,HDFCAMC - HDFCNIF100,26.44,26.44,26.20,26.22,26.37,26.31,,26.22,,,43431,1139817.59,217,F1,1,,,,,
2026-08-18,2026-08-18,CM,NSE,STK,22433,INF179KC1HY0,HDFCNIFBAN,EQ,,,,,HDFCAMC - HDFCNIFBAN,59.51,59.51,58.97,59.23,59.38,59.54,,59.23,,,279639,16555820.45,431,F1,1,,,,,
2026-08-18,2026-08-18,CM,NSE,STK,12101,INF179KC1IA8,HDFCNIFIT,EQ,,,,,HDFCAMC - HDFCNIFIT,32.99,33.26,32.31,32.34,32.49,32.99,,32.34,,,261717,8504472.87,488,F1,1,,,,,
2026-08-18,2026-08-18,CM,NSE,STK,11591,INF179KC1965,HDFCNIFTY,EQ,,,,,HDFCAMC - HDFCNIFTY,281.76,281.76,272.90,273.21,273.24,274.89,,273.21,,,102395,27977060.24,695,F1,1,,,,,
2026-08-18,2026-08-18,CM,NSE,STK,764336,INF179KC1KT4,HDFCNIMEG,EQ,,,,,HDFCAMC - HDFCNIMEG,131.18,131.18,130.14,130.47,130.83,131.79,,130.47,,,44618,5828198.78,55,F1,1,,,,,
2026-08-18,2026-08-18,CM,NSE,STK,12108,INF179KC1HZ7,HDFCPVTBAN,EQ,,,,,HDFCAMC - HDFCPVTBAN,28.76,28.76,27.78,27.84,27.78,28.06,,27.84,,,147629,4109837.97,499,F1,1,,,,,
2026-08-18,2026-08-18,CM,NSE,STK,11255,INF179KC1DL6,HDFCQUAL,EQ,,,,,HDFCAMC - HDFCQUAL,59.70,59.70,58.97,59.20,59.50,59.72,,59.20,,,24197,1434721.34,114,F1,1,,,,,
2026-08-18,2026-08-18,CM,NSE,STK,11593,INF179KC1HX2,HDFCSENSEX,EQ,,,,,HDFCAMC - HDFCSENSEX,87.55,88.24,87.55,87.77,87.70,88.25,,87.78,,,13547,1189823.48,506,F1,1,,,,,
2026-08-18,2026-08-18,CM,NSE,STK,10876,INF179KC1DI2,HDFCSILVER,EQ,,,,,HDFCAMC - HDFCSILVER,225.88,225.88,220.68,221.55,221.74,223.64,,221.55,,,1592562,353236759.01,8450,F1,1,,,,,
2026-08-18,2026-08-18,CM,NSE,STK,14233,INF179KC1FB2,HDFCSML250,EQ,,,,,HDFCAMC - HDFCSML250,189.83,189.83,184.50,184.78,184.75,185.20,,184.78,,,1107563,204724054.46,6865,F1,1,,,,,
2026-08-18,2026-08-18,CM,NSE,STK,11260,INF179KC1DK8,HDFCVALUE,EQ,,,,,HDFCAMC - HDFCVALUE,126.26,126.40,125.63,126.00,126.29,126.60,,126.03,,,7620,960479.96,98,F1,1,,,,,
2026-08-18,2026-08-18,CM,NSE,STK,22595,INF179KC1HW4,HDFCPSUBK,EQ,,,,,HDFCAMC HDFCPSUBK,87.00,88.51,86.98,87.17,86.98,87.93,,87.12,,,46940,4117885.38,220,F1,1,,,,,
2026-08-18,2026-08-18,CM,NSE,STK,19205,INE759V01019,HEADSUP,EQ,,,,,HEADS UP VENTURES LIMITED,6.69,6.82,6.32,6.67,6.61,6.69,,6.69,,,24061,158442.16,190,F1,1,,,,,
2026-08-18,2026-08-18,CM,NSE,STK,20063,INE019J01013,HEALTHX,EQ,,,,,HEALTH X PLATFORM LIMITED,287.55,295.90,287.50,288.50,294.70,291.50,,288.43,,,3922,1136060.15,114,F1,1,,,,,
2026-08-18,2026-08-18,CM,NSE,STK,15555,INE075I01017,HCG,EQ,,,,,HEALTHCARE GLOB. ENT. LTD,717.00,721.90,707.00,713.65,713.00,712.35,,713.66,,,101694,72568787.70,9208,F1,1,,,,,
2026-08-18,2026-08-18,CM,NSE,STK,7425,INE558R01013,HECPROJECT,EQ,,,,,HEC INFRA PROJECTS LTD,118.05,124.74,118.05,119.30,119.45,119.89,,119.30,,,15932,1933333.42,332,F1,1,,,,,
2026-08-18,2026-08-18,CM,NSE,STK,1336,INE545A01024,HEG,EQ,,,,,HEG LTD,697.50,749.00,696.00,739.25,744.20,698.30,,739.25,,,5430733,3980501044.15,90350,F1,1,,,,,
2026-08-18,2026-08-18,CM,NSE,STK,2316,INE578A01017,HEIDELBERG,EQ,,,,,HEIDELBERGCEMENT (I) LTD,161.00,161.79,159.81,160.06,160.00,160.22,,160.15,,,82281,13216158.77,1264,F1,1,,,,,
2026-08-18,2026-08-18,CM,NSE,STK,701,INE0AJG01018,HEMIPROP,EQ,,,,,HEMISPHERE PROP IND LTD,134.00,134.50,132.00,132.33,132.39,134.27,,132.32,,,235829,31343270.23,1865,F1,1,,,,,
2026-08-18,2026-08-18,CM,NSE,STK,2614,INE694N01015,HERANBA,EQ,,,,,HERANBA INDUSTRIES LTD,167.00,167.55,161.00,161.83,161.64,166.23,,161.84,,,56731,9226879.53,1630,F1,1,,,,,
2026-08-18,2026-08-18,CM,NSE,STK,4598,INE978A01027,HERITGFOOD,EQ,,,,,HERITAGE FOODS LTD,364.30,366.40,356.25,359.60,359.25,363.65,,359.67,,,164947,59376009.20,5120,F1,1,,,,,
2026-08-18,2026-08-18,CM,NSE,STK,1348,INE158A01026,HEROMOTOCO,EQ,,,,,HERO MOTOCORP LIMITED,5745.00,5778.00,5694.50,5745.50,5745.50,5745.00,,5745.49,,,485939,2784423479.50,43032,F1,1,,,,,
2026-08-18,2026-08-18,CM,NSE,STK,7048,INE782E01017,HESTERBIO,EQ,,,,,HESTER BIOSCIENCES LTD,2418.80,2496.00,2408.60,2451.20,2413.50,2417.60,,2450.65,,,5947,14665647.90,1274,F1,1,,,,,
2026-08-18,2026-08-18,CM,NSE,STK,27008,INE750M01017,HEXATRADEX,EQ,,,,,HEXA TRADEX LIMITED,157.70,160.65,157.00,158.68,159.58,157.31,,158.68,,,2060,325800.70,47,F1,1,,,,,
2026-08-18,2026-08-18,CM,NSE,STK,750116,INE0JUI01012,HEXAGON,BE,,,,,HEXAGON NUTRITION LIMITED,63.25,66.41,63.02,66.41,66.41,63.25,,66.41,,,468436,30455803.65,1335,F1,1,,,,,
2026-08-18,2026-08-18,CM,NSE,STK,29666,INE093A01041,HEXT,EQ,,,,,HEXAWARE TECHNOLOGIES LTD,562.00,568.75,550.20,552.75,551.40,561.00,,552.78,,,84816,47113823.55,5592,F1,1,,,,,
2026-08-18,2026-08-18,CM,NSE,STK,21951,INE548A01028,HFCL,EQ,,,,,HFCL LIMITED,218.01,230.47,218.01,230.03,230.47,219.50,,230.04,,,35739264,8159363077.62,104543,F1,1,,,,,
2026-08-18,2026-08-18,CM,NSE,STK,18794,INE0PIC01017,HIGREEN,SM,,,,,HI GREEN CARBON LIMITED,132.95,133.00,130.00,131.85,131.00,134.20,,131.85,,,32800,4330920.00,38,F1,800,,,,,
2026-08-18,2026-08-18,CM,NSE,STK,2868,INE106T01025,HITECH,EQ,,,,,HI-TECH PIPES LIMITED,78.48,78.98,77.50,77.98,78.00,78.43,,77.98,,,359333,28013111.33,3307,F1,1,,,,,
2026-08-18,2026-08-18,CM,NSE,STK,759103,INE00RL01028,HILINFRA,EQ,,,,,HIGHWAY INFRASTRUCTURE L,45.50,46.90,45.41,46.30,46.25,44.46,,46.28,,,292136,13494489.63,2228,F1,1,,,,,
2026-08-18,2026-08-18,CM,NSE,STK,9668,INE475B01022,HIKAL,EQ,,,,,HIKAL LIMITED,213.00,217.50,212.12,217.18,216.55,212.81,,217.19,,,138405,29795021.05,3262,F1,1,,,,,
2026-08-18,2026-08-18,CM,NSE,STK,14631,INE788H01017,HILTON,BE,,,,,HILTON METAL FORGING LTD,20.14,20.42,19.98,20.26,20.29,20.14,,20.26,,,75863,1528653.79,219,F1,1,,,,,
2026-08-18,2026-08-18,CM,NSE,STK,14334,INE019C01026,HSCL,EQ,,,,,HIMADRI SPECIALITY CHEM L,786.95,789.80,768.50,781.80,777.00,787.40,,781.78,,,3303592,2571391582.45,36373,F1,1,,,,,
2026-08-18,2026-08-18,CM,NSE,STK,1360,INE049A01027,HIMATSEIDE,EQ,,,,,HIMATSINGKA SEIDE LTD,70.64,72.61,70.64,71.17,71.06,70.50,,71.17,,,689377,49392809.32,5980,F1,1,,,,,
2026-08-18,2026-08-18,CM,NSE,STK,765085,INE227B01019,HINDALUMI,EQ,,,,,HIND ALUMINIUM INDS. LTD.,107.50,107.50,98.00,98.95,99.00,99.17,,98.50,,,3908,392935.64,114,F1,1,,,,,
2026-08-18,2026-08-18,CM,NSE,STK,1363,INE038A01020,HINDALCO,EQ,,,,,HINDALCO  INDUSTRIES  LTD,1048.95,1050.60,1038.00,1041.60,1041.60,1049.90,,1041.60,,,2525385,2633004703.25,65786,F1,1,,,,,
2026-08-18,2026-08-18,CM,NSE,STK,4920,INE642Y01029,HINDCON,EQ,,,,,HINDCON CHEMICALS LIMITED,22.13,22.70,22.13,22.61,22.68,22.13,,22.61,,,21792,492026.77,138,F1,1,,,,,
2026-08-18,2026-08-18,CM,NSE,STK,11796,INE05X901010,HPIL,EQ,,,,,HINDPRAKASH INDUSTRY LTD,127.00,130.85,127.00,130.06,130.15,127.35,,130.06,,,3025,392422.69,47,F1,1,,,,,
2026-08-18,2026-08-18,CM,NSE,STK,14712,INE170I01016,HGS,EQ,,,,,HINDUJA GLOBAL SOLS. LTD.,410.00,413.80,403.50,406.95,407.00,413.05,,406.93,,,12685,5167257.85,817,F1,1,,,,,
2026-08-18,2026-08-18,CM,NSE,STK,764698,INE074C01013,HINDADH,EQ,,,,,HINDUSTAN ADHESIVES LTD.,372.90,402.65,361.00,385.45,384.10,335.55,,385.37,,,246790,96818142.65,6139,F1,1,,,,,
2026-08-18,2026-08-18,CM,NSE,STK,2303,INE066F01020,HAL,EQ,,,,,HINDUSTAN AERONAUTICS LTD,5067.40,5120.00,5039.00,5099.00,5099.00,5059.00,,5099.01,,,1238546,6309933776.70,87650,F1,1,,,,,
2026-08-18,2026-08-18,CM,NSE,STK,1372,INE310C01029,HINDCOMPOS,EQ,,,,,HINDUSTAN COMPOSITES LTD.,411.65,412.10,408.00,409.05,409.00,409.55,,409.05,,,2054,841545.55,165,F1,1,,,,,
2026-08-18,2026-08-18,CM,NSE,STK,1375,INE549A01026,HCC,EQ,,,,,HINDUSTAN CONSTRUCTION CO,20.33,20.56,19.90,20.04,20.07,20.33,,20.04,,,11759100,236671733.62,15931,F1,1,,,,,
2026-08-18,2026-08-18,CM,NSE,STK,17939,INE531E01026,HINDCOPPER,EQ,,,,,HINDUSTAN COPPER LTD,568.60,576.70,555.55,566.35,566.50,572.65,,566.36,,,15501582,8793702221.70,176523,F1,1,,,,,
2026-08-18,2026-08-18,CM,NSE,STK,12173,INE254N01026,HNDFDS,EQ,,,,,HINDUSTAN FOODS LIMITED,615.00,640.90,608.00,635.60,635.55,608.45,,635.71,,,265619,166529671.25,17303,F1,1,,,,,
2026-08-18,2026-08-18,CM,NSE,STK,19215,INE871K01015,HMVL,BE,,,,,HINDUSTAN MEDIA VENT LTD,91.50,94.80,88.01,94.49,94.00,90.97,,94.47,,,36380,3373198.13,234,F1,1,,,,,
2026-08-18,2026-08-18,CM,NSE,STK,1403,INE345A01011,HINDOILEXP,EQ,,,,,HINDUSTAN OIL EXPLORATION,155.99,159.50,154.84,156.49,156.77,154.89,,156.49,,,613233,96451877.63,7316,F1,1,,,,,
2026-08-18,2026-08-18,CM,NSE,STK,1406,INE094A01015,HINDPETRO,EQ,,,,,HINDUSTAN PETROLEUM CORP,368.90,373.75,365.95,366.00,366.00,371.00,,366.01,,,5320731,1965321686.85,90232,F1,1,,,,,
2026-08-18,2026-08-18,CM,NSE,STK,1394,INE030A01027,HINDUNILVR,EQ,,,,,HINDUSTAN UNILEVER LTD.,2055.00,2060.00,2034.90,2035.00,2035.00,2055.00,,2035.00,,,1234596,2520007819.10,66985,F1,1,,,,,
2026-08-18,2026-08-18,CM,NSE,STK,1424,INE267A01025,HINDZINC,EQ,,,,,HINDUSTAN ZINC LIMITED,569.10,569.10,558.00,558.00,558.00,567.50,,558.00,,,2256802,1270057593.15,32306,F1,1,,,,,
2026-08-18,2026-08-18,CM,NSE,STK,15883,INE05AN01011,HINDWAREAP,EQ,,,,,HINDWARE HME INOVATON LTD,197.63,200.70,196.25,199.89,199.80,197.63,,199.87,,,84276,16743013.04,1575,F1,1,,,,,
2026-08-18,2026-08-18,CM,NSE,STK,13890,INE835D01023,HIRECT,EQ,,,,,HIRECT LIMITED,1250.00,1266.00,1245.10,1261.00,1262.00,1258.60,,1261.13,,,33411,42039071.70,2003,F1,1,,,,,
2026-08-18,2026-08-18,CM,NSE,STK,19322,INE598C01011,HISARMETAL,EQ,,,,,HISAR METAL IND. LIMITED,154.90,156.00,148.00,153.40,154.00,152.44,,153.40,,,1846,281699.92,83,F1,1,,,,,
2026-08-18,2026-08-18,CM,NSE,STK,18457,INE07Y701011,POWERINDIA,EQ,,,,,HITACHI ENERGY INDIA LTD,35580.00,35580.00,35200.00,35275.00,35275.00,35450.00,,35274.49,,,47426,1676377755.00,15785,F1,1,,,,,
2026-08-18,2026-08-18,CM,NSE,STK,15165,INE120D01012,HITECHCORP,BE,,,,,HITECH CORPORATION LTD,329.95,335.00,327.10,331.00,331.05,330.15,,331.00,,,7979,2642017.10,89,F1,1,,,,,
2026-08-18,2026-08-18,CM,NSE,STK,2289,INE461D01028,HLEGLAS,EQ,,,,,HLE GLASCOAT LIMITED,306.10,314.60,303.50,306.20,305.30,314.60,,306.17,,,459971,140647809.10,13260,F1,1,,,,,
2026-08-18,2026-08-18,CM,NSE,STK,1448,INE102A01024,HLVLTD,EQ,,,,,HLV LIMITED,6.72,6.72,6.65,6.70,6.71,6.73,,6.69,,,138213,925633.38,418,F1,1,,,,,
2026-08-18,2026-08-18,CM,NSE,STK,17053,INE0ECP01024,HMAAGRO,EQ,,,,,HMA AGRO INDUSTRIES LTD,22.90,24.00,21.93,22.02,22.18,22.95,,22.02,,,9306605,209156161.59,13183,F1,1,,,,,
2026-08-18,2026-08-18,CM,NSE,STK,19698,INE262A01018,HMT,BZ,,,,,HMT LTD -,61.50,61.99,60.55,60.96,61.47,60.28,,60.81,,,7385,453492.63,133,F1,1,,,,,
2026-08-18,2026-08-18,CM,NSE,STK,23826,INE0S6S01017,HOACFOODS,ST,,,,,HOAC FOODS INDIA LIMITED,810.00,815.00,810.00,810.00,810.00,810.00,,810.00,,,3000,2441250.00,8,F1,375,,,,,
2026-08-18,2026-08-18,CM,NSE,STK,2056,INE481N01025,HOMEFIRST,EQ,,,,,HOME FIRST FIN CO IND LTD,1181.00,1184.20,1170.00,1177.10,1183.00,1179.90,,1177.12,,,280836,330398208.40,6829,F1,1,,,,,
2026-08-18,2026-08-18,CM,NSE,STK,19813,INE0J5401028,HONASA,EQ,,,,,HONASA CONSUMER LIMITED,480.00,485.70,470.05,474.60,474.10,481.65,,474.60,,,1909931,907894019.20,41667,F1,1,,,,,
2026-08-18,2026-08-18,CM,NSE,STK,3138,INE634A01018,HONDAPOWER,EQ,,,,,HONDA I POWER PRODUCT LTD,2145.00,2149.00,2092.20,2111.20,2116.00,2138.10,,2111.32,,,5719,12115004.30,859,F1,1,,,,,
2026-08-18,2026-08-18,CM,NSE,STK,3417,INE671A01010,HONAUT,EQ,,,,,HONEYWELL AUTOMATION IND,36970.00,36970.00,36105.00,36400.00,36400.00,36400.00,,36397.56,,,3269,119109110.00,2188,F1,1,,,,,
2026-08-18,2026-08-18,CM,NSE,STK,17920,INE191I01012,HDIL,BZ,,,,,HOUSING DEV & INFRA LTD,1.49,1.55,1.49,1.53,1.54,1.53,,1.53,,,91493,139618.92,153,F1,1,,,,,
2026-08-18,2026-08-18,CM,NSE,STK,7376,INE0GSL01024,HPAL,EQ,,,,,HP ADHESIVES LIMITED,35.79,35.79,34.51,34.67,34.53,35.64,,34.67,,,43228,1512733.61,495,F1,1,,,,,
2026-08-18,2026-08-18,CM,NSE,STK,29875,INE0VA601019,HPTL,SM,,,,,HP TELECOM INDIA LIMITED,325.00,325.20,325.00,325.20,325.20,309.75,,325.20,,,6000,1951080.00,6,F1,600,,,,,
2026-08-18,2026-08-18,CM,NSE,STK,18679,INE495S01016,HPL,EQ,,,,,HPL ELECTRIC & POWER LTD,310.00,318.90,310.00,314.40,314.00,312.35,,314.37,,,86613,27279766.35,2563,F1,1,,,,,
2026-08-18,2026-08-18,CM,NSE,STK,21107,INE0R3501012,HRHNEXT,SM,,,,,HRH NEXT SERVICES LIMITED,26.05,26.10,26.05,26.10,26.10,24.95,,26.10,,,4500,117300.00,3,F1,1500,,,,,
2026-08-18,2026-08-18,CM,NSE,STK,761506,INF336L01RX2,HSBCGOLD,EQ,,,,,HSBCAMC - HSBCGOLD,133.16,133.30,132.66,133.21,133.21,133.16,,133.21,,,2175,289097.01,99,F1,1,,,,,
2026-08-18,2026-08-18,CM,NSE,STK,20825,INE031A01017,HUDCO,EQ,,,,,HSG & URBAN DEV CORPN LTD,187.90,189.40,186.40,188.01,187.35,189.01,,188.00,,,1134421,212469913.01,20559,F1,1,,,,,
2026-08-18,2026-08-18,CM,NSE,STK,11979,INE501G01024,HTMEDIA,EQ,,,,,HT MEDIA LIMITED,26.00,27.00,25.89,26.78,26.80,25.77,,26.78,,,124006,3309035.62,999,F1,1,,,,,
2026-08-18,2026-08-18,CM,NSE,STK,14203,INE703H01016,HUBTOWN,EQ,,,,,HUBTOWN LIMITED,182.91,183.59,179.57,180.52,182.80,182.91,,180.52,,,231892,41999599.47,2536,F1,1,,,,,
2026-08-18,2026-08-18,CM,NSE,STK,2562,INE275B01026,HUHTAMAKI,EQ,,,,,HUHTAMAKI INDIA LIMITED,279.90,279.90,275.10,276.00,275.15,279.10,,275.99,,,80485,22301556.40,1952,F1,1,,,,,
2026-08-18,2026-08-18,CM,NSE,STK,25708,INE0TO501019,HVAX,SM,,,,,HVAX TECHNOLOGIES LIMITED,600.00,600.00,600.00,600.00,600.00,609.00,,600.00,,,3000,1800000.00,15,F1,150,,,,,
2026-08-18,2026-08-18,CM,NSE,STK,12814,INE965B01022,HYBRIDFIN,BE,,,,,HYBRID FINANCIAL SERVICE,17.00,18.00,17.00,17.68,17.68,17.41,,17.68,,,4400,75280.81,29,F1,1,,,,,
2026-08-18,2026-08-18,CM,NSE,STK,25844,INE0V6F01027,HYUNDAI,EQ,,,,,HYUNDAI MOTOR INDIA LTD,2179.10,2221.90,2179.00,2186.00,2186.00,2190.00,,2186.00,,,474077,1044729368.50,27319,F1,1,,,,,
2026-08-18,2026-08-18,CM,NSE,STK,14086,INE204A01010,IGPL,EQ,,,,,I G PETROCHEMICALS LTD,474.80,488.40,472.80,479.95,481.00,472.80,,480.15,,,134261,64737664.50,4032,F1,1,,,,,
2026-08-18,2026-08-18,CM,NSE,STK,764718,INE684B01029,ISTLTD,EQ,,,,,I S T LTD.,660.00,660.00,650.00,652.20,652.20,666.90,,656.60,,,51,33477.40,14,F1,1,,,,,
2026-08-18,2026-08-18,CM,NSE,STK,21348,INE0O7401018,IBLFL,SM,,,,,IBL FINANCE LIMITED,58.55,58.55,58.55,58.55,58.55,61.00,,58.55,,,2000,117100.00,1,F1,2000,,,,,
2026-08-18,2026-08-18,CM,NSE,STK,764064,INE0XE501015,ICELCO,SM,,,,,IC ELECTRICALS COMPANY L,135.10,145.00,135.00,143.35,142.60,140.10,,143.35,,,62400,8756580.00,42,F1,1200,,,,,
2026-08-18,2026-08-18,CM,NSE,STK,6977,INE613B01010,ICDSLTD,EQ,,,,,ICDS LTD,42.00,42.00,38.81,40.38,40.99,40.47,,40.72,,,1288,51408.76,34,F1,1,,,,,
2026-08-18,2026-08-18,CM,NSE,STK,489,INE520Y01019,ICEMAKE,EQ,,,,,ICE MAKE REFRIGERAT LTD,716.00,758.80,711.00,728.25,727.10,722.45,,728.25,,,100040,73346099.50,6561,F1,1,,,,,
2026-08-18,2026-08-18,CM,NSE,STK,4963,INE090A01021,ICICIBANK,EQ,,,,,ICICI BANK LTD.,1410.00,1416.60,1406.30,1412.00,1412.00,1415.30,,1412.00,,,8345198,11773283117.60,116562,F1,1,,,,,
2026-08-18,2026-08-18,CM,NSE,STK,21770,INE765G01017,ICICIGI,EQ,,,,,ICICI LOMBARD GIC LIMITED,1626.30,1637.50,1615.20,1623.80,1623.80,1626.30,,1623.80,,,625804,1016423386.30,31688,F1,1,,,,,
2026-08-18,2026-08-18,CM,NSE,STK,21254,INF109KC19U5,LOWVOLIETF,EQ,,,,,ICICI PR NIF LW VL 30 ETF,22.76,22.76,22.31,22.36,22.45,22.51,,22.37,,,874266,19549248.50,1054,F1,1,,,,,
2026-08-18,2026-08-18,CM,NSE,STK,18652,INE726G01019,ICICIPRULI,EQ,,,,,ICICI PRU LIFE INS CO LTD,503.85,510.60,498.20,498.20,498.20,507.00,,498.20,,,1584467,800746671.50,17243,F1,1,,,,,
2026-08-18,2026-08-18,CM,NSE,STK,17702,INF109KC10W0,MIDSELIETF,EQ,,,,,ICICI PRUD MIDCAP SEL ETF,19.95,19.98,19.82,19.88,19.91,19.95,,19.88,,,189458,3765688.77,531,F1,1,,,,,
2026-08-18,2026-08-18,CM,NSE,STK,30392,INF109KC16V9,NIF100IETF,EQ,,,,,ICICI PRUD NIFTY 100 ETF,28.55,28.55,28.28,28.38,28.45,28.55,,28.38,,,57690,1636548.43,1239,F1,1,,,,,
2026-08-18,2026-08-18,CM,NSE,STK,29553,INF109K012R6,NIFTYIETF,EQ,,,,,ICICI PRUD NIFTY ETF,269.58,276.56,269.58,274.60,274.85,276.50,,274.60,,,317489,87271837.11,13215,F1,1,,,,,
2026-08-18,2026-08-18,CM,NSE,STK,4378,INF346A01034,SENSEXIETF,EQ,,,,,ICICI PRUD SENSEX ETF,892.37,893.60,890.00,891.09,891.05,896.91,,891.07,,,7037,6271673.31,352,F1,1,,,,,
2026-08-18,2026-08-18,CM,NSE,STK,760407,INE346A01027,ICICIAMC,EQ,,,,,ICICI PRUDENTIAL AMC LTD,3148.90,3148.90,3088.00,3106.00,3092.00,3136.00,,3106.05,,,215913,672528591.80,24670,F1,1,,,,,
2026-08-18,2026-08-18,CM,NSE,STK,19679,INF109KC1NT3,GOLDIETF,EQ,,,,,ICICI PRUDENTIAL GOLD ETF,127.74,133.00,127.73,130.95,131.00,131.02,,130.95,,,5613015,735538511.49,23566,F1,1,,,,,
2026-08-18,2026-08-18,CM,NSE,STK,17475,INF109KC11V0,NV20IETF,EQ,,,,,ICICI PRUDENTIAL NV20 ETF,13.85,13.85,13.60,13.65,13.60,13.73,,13.65,,,305133,4167609.04,1664,F1,1,,,,,
2026-08-18,2026-08-18,CM,NSE,STK,522,INF109KB15Y7,ICICIB22,EQ,,,,,ICICIPRAMC - BHARATIWIN,116.65,116.65,115.41,115.49,115.80,115.71,,115.49,,,285944,33039886.23,2631,F1,1,,,,,
2026-08-18,2026-08-18,CM,NSE,STK,30139,INF109K1A021,CASHIETF,EQ,,,,,ICICIPRAMC - CASHIETF,1075.75,1075.75,1075.73,1075.74,1075.73,1075.60,,1075.74,,,327549,352360723.52,105,F1,1,,,,,
2026-08-18,2026-08-18,CM,NSE,STK,755881,INF109K1A153,EVIETF,EQ,,,,,ICICIPRAMC - EVIETF,34.85,34.85,34.10,34.17,34.10,34.17,,34.17,,,231371,7908742.79,649,F1,1,,,,,
2026-08-18,2026-08-18,CM,NSE,STK,13143,INF109KC18O0,GSEC10IETF,EQ,,,,,ICICIPRAMC - ICICI10GS,266.60,267.14,264.49,265.49,264.49,267.00,,265.49,,,1076,284742.51,8,F1,1,,,,,
2026-08-18,2026-08-18,CM,NSE,STK,3001,INF109KC1V59,BSE500IETF,EQ,,,,,ICICIPRAMC - ICICI500,40.01,40.01,39.85,39.90,39.87,40.01,,39.90,,,179861,7177572.76,1044,F1,1,,,,,
2026-08-18,2026-08-18,CM,NSE,STK,8342,INF109KC14A8,GSEC5IETF,EQ,,,,,ICICIPRAMC - ICICI5GSEC,66.66,66.86,66.15,66.15,66.15,66.33,,66.25,,,793,52881.60,23,F1,1,,,,,
2026-08-18,2026-08-18,CM,NSE,STK,22344,INF109KC17V7,ALPL30IETF,EQ,,,,,ICICIPRAMC - ICICIALPLV,28.33,28.33,28.19,28.27,28.26,28.33,,28.27,,,677321,19138895.18,938,F1,1,,,,,
2026-08-18,2026-08-18,CM,NSE,STK,7844,INF109KC10V2,AUTOIETF,EQ,,,,,ICICIPRAMC - ICICIAUTO,30.40,30.50,30.29,30.40,30.49,30.40,,30.40,,,542346,16479924.47,1802,F1,1,,,,,
2026-08-18,2026-08-18,CM,NSE,STK,11386,INF109KC18U7,PVTBANIETF,EQ,,,,,ICICIPRAMC - ICICIBANKP,27.66,27.71,27.55,27.67,27.64,27.74,,27.67,,,1325673,36615702.25,1172,F1,1,,,,,
2026-08-18,2026-08-18,CM,NSE,STK,13198,INF109KC19O8,COMMOIETF,EQ,,,,,ICICIPRAMC - ICICICOMMO,101.24,101.24,99.50,99.83,99.50,100.24,,99.85,,,32633,3266216.94,516,F1,1,,,,,
2026-08-18,2026-08-18,CM,NSE,STK,6446,INF109KC1V42,CONSUMIETF,EQ,,,,,ICICIPRAMC - ICICICONSU,124.97,125.32,124.00,124.44,124.08,125.44,,124.45,,,7620,950436.13,158,F1,1,,,,,
2026-08-18,2026-08-18,CM,NSE,STK,5306,INF109KC19V3,FMCGIETF,EQ,,,,,ICICIPRAMC - ICICIFMCG,52.94,52.94,51.26,51.35,51.40,51.98,,51.35,,,3930217,202062700.13,14110,F1,1,,,,,
2026-08-18,2026-08-18,CM,NSE,STK,10723,INF109KC16E5,INFRAIETF,EQ,,,,,ICICIPRAMC - ICICIINFRA,97.92,97.92,96.01,96.53,96.14,96.95,,96.53,,,52752,5094591.47,953,F1,1,,,,,
2026-08-18,2026-08-18,CM,NSE,STK,4838,INF109KC1KT9,LIQUIDIETF,EQ,,,,,ICICIPRAMC - ICICILIQ,1000.00,1000.01,999.99,999.99,1000.00,999.99,,999.99,,,409155,409154672.71,238,F1,1,,,,,
2026-08-18,2026-08-18,CM,NSE,STK,17152,INF109KC11W8,MIDCAPIETF,EQ,,,,,ICICIPRAMC - ICICIM150,24.33,24.37,24.20,24.26,24.33,24.33,,24.26,,,633384,15362450.92,2400,F1,1,,,,,
2026-08-18,2026-08-18,CM,NSE,STK,10585,INF109KC17C7,MOM30IETF,EQ,,,,,ICICIPRAMC - ICICIMOM30,32.03,32.03,31.61,31.66,31.67,31.72,,31.66,,,435775,13803449.97,1582,F1,1,,,,,
2026-08-18,2026-08-18,CM,NSE,STK,4529,INF109KC1NS5,NEXT50IETF,EQ,,,,,ICICIPRAMC - ICICINXT50,78.92,79.00,78.26,78.69,78.60,78.92,,78.69,,,390566,30767093.42,3813,F1,1,,,,,
2026-08-18,2026-08-18,CM,NSE,STK,3626,INF109KC1Q72,HEALTHIETF,EQ,,,,,ICICIPRAMC - ICICIPHARM,168.59,169.79,167.47,168.95,169.20,168.59,,168.92,,,54971,9293344.84,1063,F1,1,,,,,
2026-08-18,2026-08-18,CM,NSE,STK,17808,INF109KC18V5,QUAL30IETF,EQ,,,,,ICICIPRAMC - ICICIQTY30,22.19,22.19,21.34,21.38,21.40,21.65,,21.41,,,63621,1363371.15,418,F1,1,,,,,
2026-08-18,2026-08-18,CM,NSE,STK,7942,INF109KC1Y56,SILVERIETF,EQ,,,,,ICICIPRAMC - ICICISILVE,227.52,235.90,227.51,231.49,231.80,233.36,,231.49,,,2327134,539147231.23,13760,F1,1,,,,,
2026-08-18,2026-08-18,CM,NSE,STK,22365,INF109KC16I6,ITIETF,EQ,,,,,ICICIPRAMC - ICICITECH,34.37,34.37,33.60,33.66,33.75,34.27,,33.66,,,556975,18802871.25,1760,F1,1,,,,,
2026-08-18,2026-08-18,CM,NSE,STK,764364,INF109K1A567,INSUREIETF,EQ,,,,,ICICIPRAMC - INSUREIETF,15.48,15.59,15.40,15.51,15.53,15.52,,15.51,,,34980,541099.20,92,F1,1,,,,,
2026-08-18,2026-08-18,CM,NSE,STK,11037,INF109KC15I8,BANKIETF,EQ,,,,,ICICIPRAMC - IPRU5008,59.19,59.32,58.83,58.98,59.05,59.38,,58.98,,,191986,11324802.21,1325,F1,1,,,,,
2026-08-18,2026-08-18,CM,NSE,STK,24861,INF109KC19W1,METALIETF,EQ,,,,,ICICIPRAMC - METALIETF,13.30,13.30,13.04,13.08,13.10,13.24,,13.08,,,8628498,113195820.61,9423,F1,1,,,,,
2026-08-18,2026-08-18,CM,NSE,STK,24533,INF109KC18W3,OILIETF,EQ,,,,,ICICIPRAMC - OILIETF,11.43,11.47,11.38,11.39,11.41,11.42,,11.39,,,883307,10093691.42,1869,F1,1,,,,,
2026-08-18,2026-08-18,CM,NSE,STK,14584,INF109KC10S8,PSUBNKIETF,EQ,,,,,ICICIPRAMC - PSUBANKICI,88.47,88.79,87.21,87.45,87.97,88.58,,87.46,,,59958,5263724.32,791,F1,1,,,,,
2026-08-18,2026-08-18,CM,NSE,STK,754612,INF109K1A476,SMALLIETF,EQ,,,,,ICICIPRAMC - SMALLIETF,18.16,18.58,18.16,18.41,18.39,18.38,,18.40,,,26559,488223.88,119,F1,1,,,,,
2026-08-18,2026-08-18,CM,NSE,STK,757781,INF109K1A344,TOP15IETF,EQ,,,,,ICICIPRAMC - TOP15IETF,9.97,9.98,9.94,9.97,9.98,10.02,,9.97,,,61410,611930.42,172,F1,1,,,,,
2026-08-18,2026-08-18,CM,NSE,STK,25851,INF109KC16X5,VAL30IETF,EQ,,,,,ICICIPRAMC - VAL30IETF,15.77,15.77,15.25,15.29,15.28,15.39,,15.29,,,143803,2201106.77,571,F1,1,,,,,
2026-08-18,2026-08-18,CM,NSE,STK,12578,INF109KC17L8,FINIETF,EQ,,,,,ICICIPRAMC-ICICIFIN,33.25,33.29,33.00,33.13,33.03,33.25,,33.11,,,220406,7300570.62,1260,F1,1,,,,,
2026-08-18,2026-08-18,CM,NSE,STK,14523,INE725G01011,ICRA,EQ,,,,,ICRA LIMITED,5050.00,5082.00,4954.00,4975.60,4956.50,5052.70,,4975.68,,,21643,108434142.10,3196,F1,1,,,,,
2026-08-18,2026-08-18,CM,NSE,STK,1476,INE008A01015,IDBI,EQ,,,,,IDBI BANK LIMITED,82.00,82.54,81.00,81.11,81.09,82.18,,81.11,,,1964380,160220846.99,14575,F1,1,,,,,
2026-08-18,2026-08-18,CM,NSE,STK,17140,INE349Y01013,IDEAFORGE,EQ,,,,,IDEAFORGE TECHNO LTD,780.00,834.85,780.00,834.85,834.85,795.10,,834.83,,,858864,711454506.85,19035,F1,1,,,,,
2026-08-18,2026-08-18,CM,NSE,STK,24950,INE0T9I01011,IDEALTECHO,SM,,,,,IDEAL TECHNOPLAST IND LTD,189.00,189.00,189.00,189.00,189.00,186.95,,189.00,,,500,94500.00,1,F1,500,,,,,
2026-08-18,2026-08-18,CM,NSE,STK,28574,INE0TD101011,IDENTICAL,SM,,,,,IDENTICAL BRAINS STUDIO L,15.60,15.60,15.25,15.40,15.25,15.80,,15.40,,,4000,61700.00,2,F1,2000,,,,,
2026-08-18,2026-08-18,CM,NSE,STK,11184,INE092T01019,IDFCFIRSTB,EQ,,,,,IDFC FIRST BANK LIMITED,85.00,85.47,84.60,84.76,84.76,85.05,,84.76,,,8806133,747824885.89,43609,F1,1,,,,,
2026-08-18,2026-08-18,CM,NSE,STK,1482,INE076C01018,IFBAGRO,EQ,,,,,IFB AGRO INDUSTRIES LTD,1038.15,1052.95,1015.10,1027.45,1015.30,1038.15,,1025.06,,,5571,5748833.15,380,F1,1,,,,,
2026-08-18,2026-08-18,CM,NSE,STK,1485,INE559A01017,IFBIND,EQ,,,,,IFB INDUSTRIES LTD,1389.00,1424.00,1371.20,1416.40,1419.90,1386.00,,1416.37,,,75848,106764813.00,8302,F1,1,,,,,
2026-08-18,2026-08-18,CM,NSE,STK,1491,INE039A01010,IFCI,EQ,,,,,IFCI LTD,78.97,81.80,78.36,81.36,81.50,78.93,,81.36,,,49975029,4035463692.95,125617,F1,1,,,,,
2026-08-18,2026-08-18,CM,NSE,STK,436,INE133Y01011,IFGLEXPOR,EQ,,,,,IFGL REFRACTORIES LIMITED,219.89,229.00,215.01,222.83,220.10,218.97,,222.83,,,25164,5536355.74,1175,F1,1,,,,,
2026-08-18,2026-08-18,CM,NSE,STK,759897,INE01XO07017,1225IFL27,N0,,,,,IFL 12.25% 2027,6700.00,6701.00,6310.00,6700.55,6700.00,6999.00,,6700.55,,,20,132936.00,9,F1,1,,,,,
2026-08-18,2026-08-18,CM,NSE,STK,634,INE188B01013,IGARASHI,EQ,,,,,IGARASHI MOTORS INDIA LTD,456.00,460.80,441.30,450.40,451.50,454.90,,450.42,,,106671,47892246.05,3982,F1,1,,,,,
2026-08-18,2026-08-18,CM,NSE,STK,761116,INE530B07658,837IIFL28,Y4,,,,,IIFL 8.37% TR I SR I,981.25,990.00,981.25,990.00,990.00,981.25,,992.50,,,146,144452.50,2,F1,1,,,,,
2026-08-18,2026-08-18,CM,NSE,STK,761119,INE530B07617,870IIFL28,Y7,,,,,IIFL 8.70% TR I SR IV,1032.87,1032.87,1032.87,1032.87,1032.87,1015.00,,1032.87,,,146,150799.02,1,F1,1,,,,,
2026-08-18,2026-08-18,CM,NSE,STK,756153,INE530B07484,960IIFL30,Y2,,,,,IIFL 9.60% TR I SR VIII,1000.00,1000.00,1000.00,1000.00,1000.00,1049.00,,1000.00,,,1000,1000000.00,14,F1,1,,,,,
2026-08-18,2026-08-18,CM,NSE,STK,756144,INE530B07476,975IIFL28,Y0,,,,,IIFL 9.75% TR I SR VI,1040.57,1040.57,1040.57,1040.57,1040.57,1023.00,,1040.57,,,106,110300.42,1,F1,1,,,,,
2026-08-18,2026-08-18,CM,NSE,STK,13072,INE489L01022,IIFLCAPS,EQ,,,,,IIFL CAPITAL SERVICES LTD,334.40,336.40,333.70,335.05,335.40,334.55,,335.05,,,157511,52731039.45,4051,F1,1,,,,,
2026-08-18,2026-08-18,CM,NSE,STK,11809,INE530B01024,IIFL,EQ,,,,,IIFL FINANCE LIMITED,630.00,640.40,620.00,622.35,622.00,630.05,,622.36,,,1373767,863870320.20,23520,F1,1,,,,,
2026-08-18,2026-08-18,CM,NSE,STK,761124,INE530B07641,IIFL06326,YC,,,,,IIFL TR I SR IX,985.20,985.20,985.20,985.20,985.20,980.00,,985.20,,,10,9852.00,1,F1,1,,,,,
2026-08-18,2026-08-18,CM,NSE,STK,16822,INE0LOJ01019,IKIO,EQ,,,,,IKIO TECHNOLOGIES LIMITED,200.25,202.71,196.36,196.99,196.41,201.74,,196.98,,,127812,25343148.73,2830,F1,1,,,,,
2026-08-18,2026-08-18,CM,NSE,STK,9380,INE369I01014,IL&FSENGG,BZ,,,,,IL&FS ENG AND CONS CO LTD,36.55,37.57,36.55,37.57,37.57,35.79,,37.72,,,25615,959737.59,54,F1,1,,,,,
2026-08-18,2026-08-18,CM,NSE,STK,6711,INE050B01023,IVC,EQ,,,,,IL&FS INVESTMENT MANAGERS,8.42,8.42,8.15,8.21,8.22,8.32,,8.21,,,229288,1884490.28,758,F1,1,,,,,
2026-08-18,2026-08-18,CM,NSE,STK,9381,INE975G01012,IL&FSTRANS,BZ,,,,,IL&FS TRANS NET LTD,2.03,2.13,2.03,2.09,2.09,2.08,,2.09,,,17035,35407.30,63,F1,1,,,,,
2026-08-18,2026-08-18,CM,NSE,STK,7672,INE172N01012,IMAGICAA,EQ,,,,,IMAGICAAWORLD ENT LTD,47.06,47.19,46.01,46.14,46.01,47.06,,46.14,,,230513,10728464.58,1531,F1,1,,,,,
2026-08-18,2026-08-18,CM,NSE,STK,25881,INE691G01015,IMPEXFERRO,BZ,,,,,IMPEX FERRO TECH LIMITED,3.71,3.71,3.71,3.71,3.71,3.64,,3.81,,,14487,53746.77,9,F1,1,,,,,
2026-08-18,2026-08-18,CM,NSE,STK,17507,INE452L01012,INCREDIBLE,EQ,,,,,INCREDIBLE INDUSTRIES LTD,31.50,32.74,31.28,31.37,31.37,31.84,,31.43,,,1078,35056.54,21,F1,1,,,,,
2026-08-18,2026-08-18,CM,NSE,STK,12009,INE547E01014,IMPAL,EQ,,,,,IND MOTOR PART & ACC LTD,1083.10,1115.80,1069.40,1109.40,1110.10,1083.10,,1109.40,,,2623,2884103.20,298,F1,1,,,,,
2026-08-18,2026-08-18,CM,NSE,STK,4870,INE915B01019,INDSWFTLAB,EQ,,,,,IND SWIFT LABORATORIES LT,317.95,351.30,316.90,346.87,350.00,313.02,,346.86,,,5070310,1712483273.50,77497,F1,1,,,,,
2026-08-18,2026-08-18,CM,NSE,STK,21957,INE611L01021,INDTERRAIN,EQ,,,,,IND TERRAIN FASHIONS LTD,32.34,32.34,30.50,30.55,30.50,31.06,,30.55,,,17009,524580.43,261,F1,1,,,,,
2026-08-18,2026-08-18,CM,NSE,STK,16933,INE841B01017,INDBANK,EQ,,,,,INDBANK MERCH BANK,32.80,32.80,32.00,32.15,32.11,32.38,,32.15,,,44694,1445145.75,238,F1,1,,,,,
2026-08-18,2026-08-18,CM,NSE,STK,29678,INE0O9T01021,BAJAJINDEF,EQ,,,,,INDEF MANUFACTURING LTD,216.04,218.99,212.66,213.13,214.30,215.32,,213.14,,,11903,2552758.46,486,F1,1,,,,,
2026-08-18,2026-08-18,CM,NSE,STK,23693,INE065X01017,INDGN,EQ,,,,,INDEGENE LIMITED,556.30,569.50,556.30,567.70,568.65,561.75,,567.65,,,161896,91464924.80,10251,F1,1,,,,,
2026-08-18,2026-08-18,CM,NSE,STK,1521,INE560A01023,INDIAGLYCO,EQ,,,,,INDIA GLYCOLS LTD,1070.90,1164.30,1070.90,1139.20,1136.40,1070.90,,1139.18,,,2053627,2348948248.00,75918,F1,1,,,,,
2026-08-18,2026-08-18,CM,NSE,STK,4747,INE092B01025,INDNIPPON,EQ,,,,,INDIA NIPPON ELECT  LTD,1138.60,1142.90,1108.30,1120.30,1125.00,1138.50,,1120.31,,,15685,17590652.60,1928,F1,1,,,,,
2026-08-18,2026-08-18,CM,NSE,STK,4934,INE0D6701023,IPL,EQ,,,,,INDIA PESTICIDES LIMITED,140.00,141.52,138.00,138.19,138.45,141.05,,138.19,,,129973,18085262.70,2452,F1,1,,,,,
2026-08-18,2026-08-18,CM,NSE,STK,20556,INE922K01024,INDIASHLTR,EQ,,,,,INDIA SHELTER FIN CORP L,674.00,674.00,661.20,669.05,669.95,674.75,,669.06,,,80555,53751562.30,8106,F1,1,,,,,
2026-08-18,2026-08-18,CM,NSE,STK,19299,INE353K01014,ITDC,EQ,,,,,INDIA TOUR. DEV. CO. LTD.,698.30,703.55,688.00,692.95,690.30,698.30,,692.95,,,85619,59364848.40,5558,F1,1,,,,,
2026-08-18,2026-08-18,CM,NSE,STK,24999,INE126M01010,IBULLSLTD,EQ,,,,,INDIABULLS LIMITED,27.85,29.22,26.67,26.98,26.92,27.83,,26.98,,,26107565,742171120.50,27218,F1,1,,,,,
2026-08-18,2026-08-18,CM,NSE,STK,10726,INE933S01016,INDIAMART,EQ,,,,,INDIAMART INTERMESH LTD,1767.20,1785.90,1737.40,1753.10,1749.10,1770.00,,1752.95,,,104847,183859566.70,26395,F1,1,,,,,
2026-08-18,2026-08-18,CM,NSE,STK,14309,INE562A01011,INDIANB,EQ,,,,,INDIAN BANK,874.00,887.00,874.00,875.00,875.00,881.20,,875.05,,,467243,411196356.95,16941,F1,1,,,,,
2026-08-18,2026-08-18,CM,NSE,STK,4422,INE061A01014,INDIANCARD,EQ,,,,,INDIAN CARD CLOTHING CO.,216.10,220.78,210.70,219.43,220.78,216.07,,219.42,,,3822,831059.72,67,F1,1,,,,,
2026-08-18,2026-08-18,CM,NSE,STK,23789,INE0RRU01016,IEML,SM,,,,,INDIAN EMULSIFIERS LTD,41.90,41.90,40.00,40.35,40.70,40.45,,40.35,,,39500,1607150.00,58,F1,500,,,,,
2026-08-18,2026-08-18,CM,NSE,STK,220,INE022Q01020,IEX,EQ,,,,,INDIAN ENERGY EXC LTD,124.60,125.49,123.75,124.40,124.40,125.30,,124.38,,,1978111,246153180.93,25659,F1,1,,,,,
2026-08-18,2026-08-18,CM,NSE,STK,1530,INE323C01030,INDIANHUME,EQ,,,,,INDIAN HUME PIPE CO. LTD.,363.60,367.70,355.70,360.15,357.25,362.55,,360.17,,,26224,9471938.30,1462,F1,1,,,,,
2026-08-18,2026-08-18,CM,NSE,STK,19235,INE919H01018,IMFA,EQ,,,,,INDIAN METALS & FERRO,1405.60,1423.00,1384.00,1418.40,1419.80,1398.70,,1418.40,,,78872,111061051.40,9562,F1,1,,,,,
2026-08-18,2026-08-18,CM,NSE,STK,1624,INE242A01010,IOC,EQ,,,,,INDIAN OIL CORP LTD,138.12,139.20,137.75,137.80,137.80,138.61,,137.80,,,8312830,1151049615.41,60357,F1,1,,,,,
2026-08-18,2026-08-18,CM,NSE,STK,9348,INE565A01014,IOB,EQ,,,,,INDIAN OVERSEAS BANK,33.70,33.76,33.16,33.27,33.20,33.66,,33.27,,,2089649,69787979.44,9339,F1,1,,,,,
2026-08-18,2026-08-18,CM,NSE,STK,25033,INE0DHF01018,IPHL,SM,,,,,INDIAN PHOSPHATE LIMITED,70.10,72.50,70.00,71.90,71.90,68.70,,71.90,,,42000,2994600.00,33,F1,1200,,,,,
2026-08-18,2026-08-18,CM,NSE,STK,13611,INE335Y01020,IRCTC,EQ,,,,,INDIAN RAIL TOUR CORP LTD,499.95,501.00,492.00,493.05,492.50,499.95,,493.06,,,592203,293171462.25,24988,F1,1,,,,,
2026-08-18,2026-08-18,CM,NSE,STK,2029,INE053F01010,IRFC,EQ,,,,,INDIAN RAILWAY FIN CORP L,86.76,87.56,86.05,86.11,86.11,87.05,,86.11,,,5607787,484701153.01,39323,F1,1,,,,,
2026-08-18,2026-08-18,CM,NSE,STK,20261,INE202E01016,IREDA,EQ,,,,,INDIAN RENEWABLE ENERGY,116.85,117.11,115.27,115.27,115.27,116.85,,115.28,,,2772666,321005668.79,21528,F1,1,,,,,
2026-08-18,2026-08-18,CM,NSE,STK,762727,INE586E01020,IWP,EQ,,,,,INDIAN WOOD PRODUCTS CO L,34.00,34.05,33.81,33.81,33.81,34.48,,33.81,,,2872,97405.04,26,F1,1,,,,,
2026-08-18,2026-08-18,CM,NSE,STK,2048,INE09VQ01012,INDIGOPNTS,EQ,,,,,INDIGO PAINTS LIMITED,1161.00,1169.50,1134.30,1150.80,1152.90,1161.00,,1150.59,,,121042,139210023.70,10005,F1,1,,,,,
2026-08-18,2026-08-18,CM,NSE,STK,20988,INE219X23014,INDIGRID,IV,,,,,INDIGRID INFRASTRUCT TRST,176.00,177.00,175.65,176.97,176.80,176.98,,176.97,,,485647,85883067.79,9650,F1,1,,,,,
2026-08-18,2026-08-18,CM,NSE,STK,757845,INE06ST01018,INDIQUBE,EQ,,,,,INDIQUBE SPACES LIMITED,179.51,190.00,178.58,187.12,188.95,178.63,,187.08,,,118008,21817634.90,2490,F1,1,,,,,
2026-08-18,2026-08-18,CM,NSE,STK,9120,INE760F01028,INDOAMIN,BE,,,,,INDO AMINES LIMITED,125.00,125.89,120.00,121.11,122.75,123.79,,121.18,,,73191,9002318.56,765,F1,1,,,,,
2026-08-18,2026-08-18,CM,NSE,STK,8614,INE803D01021,INDOBORAX,EQ,,,,,INDO BORAX & CHEMICAL LTD,421.90,436.45,417.00,433.15,431.70,420.25,,433.09,,,146390,62963710.05,6458,F1,1,,,,,
2026-08-18,2026-08-18,CM,NSE,STK,11987,INE483B01026,ICIL,EQ,,,,,INDO COUNT INDUSTRIES LTD,388.70,462.00,387.05,437.70,435.90,388.70,,437.70,,,25217573,11162630290.40,284081,F1,1,,,,,
2026-08-18,2026-08-18,CM,NSE,STK,29025,INE622H01018,INDOFARM,EQ,,,,,INDO FARM EQUIPMENT LTD,144.15,148.48,141.82,143.33,143.95,144.10,,143.33,,,100822,14545859.72,1840,F1,1,,,,,
2026-08-18,2026-08-18,CM,NSE,STK,10993,INE156A01020,INDORAMA,EQ,,,,,INDO RAMA SYNTHETICS LTD,54.20,59.29,54.10,56.81,56.21,54.76,,56.81,,,1115047,64157082.84,7175,F1,1,,,,,
2026-08-18,2026-08-18,CM,NSE,STK,13275,INE332H01014,INDOTECH,EQ,,,,,INDO TECH TRANSFORM LTD.,3634.90,3788.80,3617.00,3788.80,3788.80,3608.40,,3788.62,,,25073,94388553.90,1885,F1,1,,,,,
2026-08-18,2026-08-18,CM,NSE,STK,25608,INE337M01021,INDOTHAI,EQ,,,,,INDO THAI SEC LTD,69.57,69.57,69.57,69.57,69.57,73.23,,69.52,,,20979,1459509.03,391,F1,1,,,,,
2026-08-18,2026-08-18,CM,NSE,STK,25503,INE250Z01010,INDOUS,EQ,,,,,INDO US BIOTECH LTD,89.99,89.99,84.80,87.00,88.50,84.75,,87.00,,,17991,1579309.35,743,F1,1,,,,,
2026-08-18,2026-08-18,CM,NSE,STK,764301,INE084101034,INDOMIM,EQ,,,,,INDO-MIM LIMITED,910.00,952.75,905.00,952.75,952.75,866.15,,952.70,,,10246021,9660294517.95,143239,F1,1,,,,,
2026-08-18,2026-08-18,CM,NSE,STK,6782,INE567A01028,NIPPOBATRY,EQ,,,,,INDO-NATIONAL LIMITED,331.30,333.30,328.00,329.10,328.50,331.30,,329.10,,,1475,486892.55,106,F1,1,,,,,
2026-08-18,2026-08-18,CM,NSE,STK,11677,INE873D01024,INDOCO,EQ,,,,,INDOCO REMEDIES LTD.,218.74,223.48,217.41,221.16,221.50,218.74,,221.12,,,55379,12241714.88,1540,F1,1,,,,,
2026-08-18,2026-08-18,CM,NSE,STK,757801,INE05J901018,IGCL,EQ,,,,,INDOGULF CROPSCIENCES LTD,71.60,72.79,71.31,72.09,71.70,71.38,,72.06,,,62330,4497077.96,554,F1,1,,,,,
2026-08-18,2026-08-18,CM,NSE,STK,764708,INE716F01012,INDOKEM,EQ,,,,,INDOKEM LTD.,640.00,640.00,572.00,585.50,584.00,590.55,,589.24,,,3563,2076325.20,201,F1,1,,,,,
2026-08-18,2026-08-18,CM,NSE,STK,19955,INE866K01023,WAAREEINDO,EQ,,,,,INDOSOLAR LIMITED,300.65,302.40,296.00,297.55,298.65,300.35,,297.73,,,30065,8977139.50,1168,F1,1,,,,,
2026-08-18,2026-08-18,CM,NSE,STK,3088,INE896L01010,INDOSTAR,EQ,,,,,INDOSTAR CAPITAL FIN LTD,247.00,257.40,246.55,251.40,250.15,247.15,,251.40,,,150009,37979625.95,3385,F1,1,,,,,
2026-08-18,2026-08-18,CM,NSE,STK,14952,INE227G01018,INDOWIND,EQ,,,,,INDOWIND ENERGY LTD,8.87,8.87,7.90,8.39,8.39,8.74,,8.40,,,330267,2767072.43,1194,F1,1,,,,,
2026-08-18,2026-08-18,CM,NSE,STK,11262,INE203G01027,IGL,EQ,,,,,INDRAPRASTHA GAS LTD,151.00,151.58,149.10,149.39,149.50,151.00,,149.40,,,755290,113502583.10,17478,F1,1,,,,,
2026-08-18,2026-08-18,CM,NSE,STK,4751,INE681B01017,INDRAMEDCO,EQ,,,,,INDRAPRASTHA MEDICAL CORP,370.00,370.95,364.95,368.95,368.00,369.75,,368.94,,,135013,49581300.95,3813,F1,1,,,,,
2026-08-18,2026-08-18,CM,NSE,STK,23036,INE0NHL23019,INDUSINVIT,IV,,,,,INDUS INFRA TRUST,134.85,134.85,132.05,133.23,133.10,133.97,,133.26,,,319412,42683159.66,7488,F1,1,,,,,
2026-08-18,2026-08-18,CM,NSE,STK,29135,INE121J01017,INDUSTOWER,EQ,,,,,INDUS TOWERS LIMITED,378.80,379.80,371.50,372.40,372.40,380.00,,372.40,,,4522943,1690458552.65,48146,F1,1,,,,,
2026-08-18,2026-08-18,CM,NSE,STK,5258,INE095A01012,INDUSINDBK,EQ,,,,,INDUSIND BANK LIMITED,1007.00,1019.50,1007.00,1015.00,1015.00,1010.60,,1015.00,,,539358,546945682.00,20140,F1,1,,,,,
2026-08-18,2026-08-18,CM,NSE,STK,762717,INE620D01011,INDPRUD,EQ,,,,,INDUSTRIAL & PRU INV CO L,6200.50,6250.00,6141.00,6198.00,6187.50,6203.00,,6209.78,,,51,316080.50,15,F1,1,,,,,
2026-08-18,2026-08-18,CM,NSE,STK,19525,INE886A01014,IITL,EQ,,,,,INDUSTRIAL INV TRUST LTD,149.90,150.30,147.02,148.09,150.30,150.35,,148.07,,,91829,13690819.77,546,F1,1,,,,,
2026-08-18,2026-08-18,CM,NSE,STK,15036,INE0MRE01011,INFINIUM,SM,,,,,INFINIUM PHARMACHEM LTD,247.50,247.50,241.00,243.10,244.35,239.40,,243.10,,,3500,849775.00,6,F1,500,,,,,
2026-08-18,2026-08-18,CM,NSE,STK,757602,INE0MYZ01012,INFLUX,SM,,,,,INFLUX HEALTHTECH LIMITED,295.00,301.00,295.00,298.70,298.10,297.90,,298.70,,,44400,13229880.00,40,F1,600,,,,,
2026-08-18,2026-08-18,CM,NSE,STK,13751,INE663F01032,NAUKRI,EQ,,,,,INFO EDGE (I) LTD,1345.00,1368.80,1331.10,1354.90,1354.90,1355.80,,1354.90,,,1540395,2091872110.50,45154,F1,1,,,,,
2026-08-18,2026-08-18,CM,NSE,STK,11027,INE344S01016,INFOBEAN,EQ,,,,,INFOBEANS TECHNO. LTD.,158.67,159.89,157.00,158.03,157.51,160.15,,158.03,,,151945,24026248.89,2688,F1,1,,,,,
2026-08-18,2026-08-18,CM,NSE,STK,16588,INE0NNZ01013,INFOLLION,SM,,,,,INFOLLION RESEARCH SER L,159.90,160.10,153.05,154.75,155.00,156.25,,154.75,,,15200,2415480.00,28,F1,400,,,,,
2026-08-18,2026-08-18,CM,NSE,STK,13693,INE669A01022,INFOMEDIA,EQ,,,,,INFOMEDIA PRESS LIMITED,5.48,5.49,4.88,5.17,5.47,5.26,,5.17,,,25231,129915.45,65,F1,1,,,,,
2026-08-18,2026-08-18,CM,NSE,STK,1594,INE009A01021,INFY,EQ,,,,,INFOSYS LIMITED,1124.50,1131.90,1112.50,1115.00,1115.00,1139.90,,1115.00,,,8851110,9884751133.50,197181,F1,1,,,,,
2026-08-18,2026-08-18,CM,NSE,STK,1597,INE177A01018,INGERRAND,EQ,,,,,INGERSOLL-RAND INDIA LTD,4477.30,4725.00,4477.30,4691.00,4698.00,4477.20,,4691.30,,,47469,220660951.80,8574,F1,1,,,,,
2026-08-18,2026-08-18,CM,NSE,STK,25323,INE0S1D01010,INNOMET,ST,,,,,INNOMET ADVANCED MATERI L,218.65,218.65,218.65,218.65,218.65,214.40,,218.65,,,51000,11151150.00,50,F1,600,,,,,
2026-08-18,2026-08-18,CM,NSE,STK,21062,INE0DUT01020,INNOVACAP,EQ,,,,,INNOVA CAPTAB LIMITED,1030.10,1059.70,1030.10,1043.00,1040.20,1038.45,,1043.00,,,27162,28494339.40,5377,F1,1,,,,,
2026-08-18,2026-08-18,CM,NSE,STK,27754,INE403Y01018,INNOVANA,EQ,,,,,INNOVANA THINKLABS LTD,306.05,315.00,290.00,305.25,306.80,307.15,,305.24,,,29791,8995961.40,408,F1,1,,,,,
2026-08-18,2026-08-18,CM,NSE,STK,27266,INE070Y01023,ITTL,ST,,,,,INNOVATIVE TYRE & TUBE LT,65.50,65.50,65.50,65.50,65.50,66.60,,65.50,,,105,6877.50,1,F1,105,,,,,
2026-08-18,2026-08-18,CM,NSE,STK,761528,INE0ADB01012,INNOVISION,EQ,,,,,INNOVISION LIMITED,275.05,280.45,273.50,274.10,273.50,276.90,,274.07,,,13425,3702474.10,648,F1,1,,,,,
2026-08-18,2026-08-18,CM,NSE,STK,12188,INE510W01014,INOXGREEN,EQ,,,,,INOX GREEN ENERGY SER LTD,182.00,182.19,177.41,179.66,178.50,181.54,,179.64,,,1588891,284495758.64,7386,F1,1,,,,,
2026-08-18,2026-08-18,CM,NSE,STK,20607,INE616N01034,INOXINDIA,EQ,,,,,INOX INDIA LIMITED,1949.90,1978.00,1920.00,1958.10,1959.00,1950.80,,1958.01,,,139702,272517286.50,21839,F1,1,,,,,
2026-08-18,2026-08-18,CM,NSE,STK,7852,INE066P01011,INOXWIND,EQ,,,,,INOX WIND LIMITED,78.00,78.19,74.69,74.95,74.95,78.13,,74.95,,,18198825,1377919845.75,57561,F1,1,,,,,
2026-08-18,2026-08-18,CM,NSE,STK,14657,INE070I01018,INSECTICID,EQ,,,,,INSECTICIDES (I) LTD,618.70,625.00,612.00,619.50,624.50,618.70,,619.52,,,9791,6066969.20,775,F1,1,,,,,
2026-08-18,2026-08-18,CM,NSE,STK,761099,INE0LGX01024,INA,EQ,,,,,INSOLATION ENERGY LIMITED,98.68,99.15,93.85,94.86,95.19,98.41,,94.89,,,697214,66790324.53,6420,F1,1,,,,,
2026-08-18,2026-08-18,CM,NSE,STK,13734,INE020G01017,INSPIRISYS,BE,,,,,INSPIRISYS SOLUTIONS LTD,90.00,91.97,88.01,91.49,91.49,91.60,,90.52,,,2317,208507.52,47,F1,1,,,,,
2026-08-18,2026-08-18,CM,NSE,STK,30323,INE418N01035,ESSENTIA,EQ,,,,,INTEGRA ESSENTIA LIMITED,1.26,1.26,1.26,1.26,1.26,1.32,,1.26,,,783375,987052.50,495,F1,1,,,,,
2026-08-18,2026-08-18,CM,NSE,STK,5926,INE306R01017,INTELLECT,EQ,,,,,INTELLECT DESIGN ARENA,695.45,702.60,685.65,695.95,692.80,695.45,,695.90,,,334407,232148021.80,16485,F1,1,,,,,
2026-08-18,2026-08-18,CM,NSE,STK,20071,INE781A01025,INTENTECH,EQ,,,,,INTENSE TECHNOLOGIES LTD,79.00,82.00,79.00,80.34,79.20,79.81,,80.34,,,34413,2786063.90,1397,F1,1,,,,,
2026-08-18,2026-08-18,CM,NSE,STK,24909,INE00M901018,INTERARCH,EQ,,,,,INTERARCH BLDNG SOLTN LTD,1738.80,1739.30,1715.80,1725.10,1719.00,1738.80,,1725.04,,,32697,56498594.60,2331,F1,1,,,,,
2026-08-18,2026-08-18,CM,NSE,STK,11195,INE646L01027,INDIGO,EQ,,,,,INTERGLOBE AVIATION LTD,5220.00,5238.00,5138.00,5220.00,5220.00,5275.50,,5219.99,,,554778,2892101390.50,56263,F1,1,,,,,
2026-08-18,2026-08-18,CM,NSE,STK,22770,INE0OPC01015,INM,SM,,,,,INTERIORS & MORE LIMITED,164.05,164.05,164.05,164.05,164.05,164.05,,164.05,,,600,98430.00,1,F1,600,,,,,
2026-08-18,2026-08-18,CM,NSE,STK,5606,INE575C01027,INTLCONV,EQ,,,,,INTL CONVEYORS LIMITED,78.90,79.03,75.81,76.79,76.25,79.06,,76.74,,,59790,4623347.24,993,F1,1,,,,,
2026-08-18,2026-08-18,CM,NSE,STK,28378,INE0Q9301021,IGIL,EQ,,,,,INTL GEMOLOGICAL INST LTD,353.05,355.10,346.50,349.70,348.35,355.15,,349.48,,,608062,212932336.55,15199,F1,1,,,,,
2026-08-18,2026-08-18,CM,NSE,STK,18479,INE566K01011,ISFT,EQ,,,,,INTRASOFT TECH. LTD,82.25,83.47,80.25,80.31,80.41,82.25,,80.31,,,110158,8944945.78,494,F1,1,,,,,
2026-08-18,2026-08-18,CM,NSE,STK,24870,INE878H01024,INVENTURE,EQ,,,,,INVENTURE GRO & SEC LTD,0.91,0.91,0.90,0.90,0.91,0.90,,0.90,,,475512,429085.70,271,F1,1,,,,,
2026-08-18,2026-08-18,CM,NSE,STK,28125,INE115Q01022,IKS,EQ,,,,,INVENTURUS KNOWLEDGE SO L,1830.20,1875.00,1823.00,1861.60,1863.00,1830.20,,1861.55,,,129336,238433546.40,16556,F1,1,,,,,
2026-08-18,2026-08-18,CM,NSE,STK,18292,INF205KA1BP1,IVZINGOLD,EQ,,,,,INVESCO INDIA GOLD ETF,133.25,133.45,132.50,132.80,133.15,133.25,,132.80,,,9093,1208848.10,140,F1,1,,,,,
2026-08-18,2026-08-18,CM,NSE,STK,24217,INF205KA1CC7,IVZINNIFTY,EQ,,,,,INVESCO INDIA NIFTY ETF,278.92,278.92,277.41,277.59,277.59,279.22,,277.59,,,726,201772.64,33,F1,1,,,,,
2026-08-18,2026-08-18,CM,NSE,STK,762725,INE155E01016,INVPRECQ,BE,,,,,INVESTMENT & PREC CAST L,1220.00,1256.50,1166.00,1256.50,1256.50,1196.70,,1256.50,,,17094,21252344.40,436,F1,1,,,,,
2026-08-18,2026-08-18,CM,NSE,STK,760139,INE0XJ501010,INVICTA,SM,,,,,INVICTA DIAGNOSTIC LTD,71.00,71.00,66.50,67.05,68.00,73.00,,67.05,,,67200,4545680.00,31,F1,1600,,,,,
2026-08-18,2026-08-18,CM,NSE,STK,20413,INE485C01029,IOLCP,EQ,,,,,IOL CHEM AND PHARMA LTD,161.28,162.25,157.80,159.19,158.90,161.28,,159.21,,,1213444,193950862.49,11521,F1,1,,,,,
2026-08-18,2026-08-18,CM,NSE,STK,1630,INE570A01022,IONEXCHANG,EQ,,,,,ION EXCHANGE (INDIA) LTD,374.00,378.70,369.00,370.30,370.00,374.45,,370.30,,,218689,81433103.80,8850,F1,1,,,,,
2026-08-18,2026-08-18,CM,NSE,STK,764713,INE558A01019,IPRINGLTD,EQ,,,,,IP RINGS LTD.,138.50,153.00,138.00,143.07,140.17,134.00,,144.05,,,2174,313757.73,140,F1,1,,,,,
2026-08-18,2026-08-18,CM,NSE,STK,1633,INE571A01038,IPCALAB,EQ,,,,,IPCA LABORATORIES LTD,1877.10,1919.00,1862.30,1882.10,1878.00,1884.60,,1886.67,,,804532,1522041413.60,45680,F1,1,,,,,
2026-08-18,2026-08-18,CM,NSE,STK,15313,INE821I01022,IRB,EQ,,,,,IRB INFRA DEV LTD.,19.16,19.17,19.02,19.03,19.04,19.17,,19.03,,,6032637,115028124.91,16358,F1,1,,,,,
2026-08-18,2026-08-18,CM,NSE,STK,20817,INE183W23014,IRBINVIT,IV,,,,,IRB INVIT FUND,64.81,65.00,63.91,64.08,63.97,64.49,,64.10,,,671668,43332944.12,5181,F1,1,,,,,
2026-08-18,2026-08-18,CM,NSE,STK,4986,INE962Y01021,IRCON,EQ,,,,,IRCON INTERNATIONAL LTD,124.20,124.70,123.10,123.62,123.54,124.57,,123.62,,,946997,117318737.02,11906,F1,1,,,,,
2026-08-18,2026-08-18,CM,NSE,STK,1391,INE202E07138,880IREDA29,N5,,,,,IREDA 8.80NCDTR I SR II B,1117.00,1120.00,1117.00,1120.00,1120.00,1114.50,,1122.00,,,82,91834.00,4,F1,1,,,,,
2026-08-18,2026-08-18,CM,NSE,STK,1393,INE202E07153,880IREDA34,N6,,,,,IREDA 8.80NCDTR I SR IIIB,1279.00,1279.00,1279.00,1279.00,1279.00,1279.00,,1260.00,,,30,38370.00,1,F1,1,,,,,
2026-08-18,2026-08-18,CM,NSE,STK,2275,INE01GN01025,IRISDOREME,EQ,,,,,IRIS CLOTHINGS LIMITED,58.89,59.30,57.66,59.00,59.16,58.30,,59.00,,,1095844,64191286.83,2620,F1,1,,,,,
2026-08-18,2026-08-18,CM,NSE,STK,6489,INE864K01010,IRIS,EQ,,,,,IRIS REGTECH SOLUTION LTD,250.00,257.74,240.10,250.17,252.00,246.76,,250.17,,,70425,17632007.30,1258,F1,1,,,,,
2026-08-18,2026-08-18,CM,NSE,STK,19597,INE07U701015,IRMENERGY,EQ,,,,,IRM ENERGY LIMITED,288.00,293.70,288.00,290.25,289.10,292.10,,290.28,,,46575,13496939.75,1824,F1,1,,,,,
2026-08-18,2026-08-18,CM,NSE,STK,761208,INE413U07442,925ISF28,N0,,,,,ISF 9.25% 2028,9790.00,9794.00,9790.00,9794.00,9794.00,9800.00,,9794.00,,,20,195840.00,2,F1,1,,,,,
2026-08-18,2026-08-18,CM,NSE,STK,760991,INE413U07467,925ISF29,N0,,,,,ISF 9.25% 2029 SR B,9793.00,9793.00,9793.00,9793.00,9793.00,9790.00,,9793.00,,,7,68551.00,1,F1,1,,,,,
2026-08-18,2026-08-18,CM,NSE,STK,757708,INE413U07426,950ISF27C,N0,,,,,ISF 9.50% 2027,9903.00,9995.00,9885.00,9995.00,9995.00,9885.00,,9995.00,,,34,337280.00,4,F1,1,,,,,
2026-08-18,2026-08-18,CM,NSE,STK,759100,INE413U07434,965ISF28,N0,,,,,ISF 9.65% 2028,101112.81,101112.81,101112.81,101112.81,101112.81,100376.33,,101112.81,,,1,101112.81,1,F1,1,,,,,
2026-08-18,2026-08-18,CM,NSE,STK,757890,INE413U07418,975ISF28,N0,,,,,ISF 9.75% NCD 2028,98400.00,100125.00,98400.00,100112.00,100125.00,96611.00,,100112.00,,,17,1676224.00,3,F1,1,,,,,
2026-08-18,2026-08-18,CM,NSE,STK,3329,INE858B01029,ISGEC,EQ,,,,,ISGEC HEAVY ENG LTD,746.05,794.70,740.50,782.20,784.50,746.85,,782.22,,,134385,104686363.35,11624,F1,1,,,,,
2026-08-18,2026-08-18,CM,NSE,STK,30249,INE561M01018,ISHANCH,EQ,,,,,ISHAN DYES N CHEMICALS L,47.90,49.56,46.55,47.04,46.75,47.33,,47.05,,,142217,6856885.12,667,F1,1,,,,,
2026-08-18,2026-08-18,CM,NSE,STK,29251,INE379A01028,ITCHOTELS,EQ,,,,,ITC HOTELS LIMITED,166.00,166.15,164.00,164.43,164.16,166.36,,164.44,,,817909,135009712.32,14976,F1,1,,,,,
2026-08-18,2026-08-18,CM,NSE,STK,1660,INE154A01025,ITC,EQ,,,,,ITC LTD,273.05,273.65,269.15,270.00,270.00,273.05,,270.00,,,14561572,3946338732.70,216235,F1,1,,,,,
2026-08-18,2026-08-18,CM,NSE,STK,1675,INE248A01017,ITI,EQ,,,,,ITI LTD,276.10,282.00,274.25,280.35,280.85,277.25,,280.32,,,233923,65192953.70,6525,F1,1,,,,,
2026-08-18,2026-08-18,CM,NSE,STK,764723,INE478D01014,ITL,EQ,,,,,ITL INDUSTRIES LTD.,327.00,327.00,312.85,320.05,327.00,318.40,,320.20,,,1147,368067.85,42,F1,1,,,,,
2026-08-18,2026-08-18,CM,NSE,STK,759041,INE056801025,IVALUE,EQ,,,,,IVALUE INFOSOLUTIONS LTD,275.60,284.35,275.60,280.30,278.90,279.10,,280.29,,,231932,64881035.45,6225,F1,1,,,,,
2026-08-18,2026-08-18,CM,NSE,STK,8857,INE043C01018,IVP,BE,,,,,IVP LIMITED,174.00,177.70,174.00,175.84,177.00,177.98,,175.89,,,4686,824018.17,52,F1,1,,,,,
2026-08-18,2026-08-18,CM,NSE,STK,757644,INE1AII01014,IWARE,ST,,,,,IWARE SUPPLYCHAIN SER LTD,436.70,443.80,436.70,441.90,443.80,435.40,,441.90,,,6000,2643600.00,9,F1,600,,,,,
2026-08-18,2026-08-18,CM,NSE,STK,14174,INE848A01014,IZMO,EQ,,,,,IZMO LIMITED,912.00,929.00,885.00,903.90,915.00,916.25,,904.03,,,112287,100937254.75,8442,F1,1,,,,,
2026-08-18,2026-08-18,CM,NSE,STK,5633,INE168A01041,J&KBANK,EQ,,,,,J & K BANK LTD.,148.10,151.75,147.68,150.24,150.40,147.97,,150.24,,,2545070,381576081.79,29494,F1,1,,,,,
2026-08-18,2026-08-18,CM,NSE,STK,23056,INE0MB501011,JGCHEM,EQ,,,,,J.G.CHEMICALS LIMITED,605.00,652.40,602.15,645.85,645.00,600.80,,645.80,,,873029,554141177.95,28342,F1,1,,,,,
2026-08-18,2026-08-18,CM,NSE,STK,13211,INE199G01027,JAGRAN,EQ,,,,,JAGRAN PRAKASHAN LIMITED,61.92,62.28,61.40,61.56,61.57,61.92,,61.56,,,184646,11411814.61,2078,F1,1,,,,,
2026-08-18,2026-08-18,CM,NSE,STK,4410,INE048B01035,JAGSNPHARM,EQ,,,,,JAGSONPAL PHARMACEUTICALS,233.53,241.30,229.15,230.89,230.98,233.53,,230.88,,,245501,57725490.74,6181,F1,1,,,,,
2026-08-18,2026-08-18,CM,NSE,STK,11256,INE091G01026,JAIBALAJI,EQ,,,,,JAI BALAJI INDUSTRIES LTD,69.50,70.79,66.47,67.82,67.85,69.96,,67.82,,,1512483,102858614.54,3650,F1,1,,,,,
2026-08-18,2026-08-18,CM,NSE,STK,5143,INE070D01027,JAICORPLTD,EQ,,,,,JAI CORP LIMITED,101.40,101.79,99.80,100.08,99.99,101.20,,100.08,,,246778,24812006.57,2306,F1,1,,,,,
2026-08-18,2026-08-18,CM,NSE,STK,25684,IN9175A01010,JISLDVREQS,EQ,,,,,JAIN DVR EQUITY SHARES,21.00,21.75,20.82,21.01,20.82,21.28,,21.01,,,1341,28240.61,33,F1,1,,,,,
2026-08-18,2026-08-18,CM,NSE,STK,10397,INE175A01038,JISLJALEQS,EQ,,,,,JAIN IRRIGATION SYSTEMS,27.66,27.82,27.41,27.53,27.60,27.73,,27.53,,,1122421,30913772.89,4617,F1,1,,,,,
2026-08-18,2026-08-18,CM,NSE,STK,759244,INE0YD401026,JAINREC,EQ,,,,,JAIN RESOURCE RECYCLING L,303.00,303.30,295.80,296.20,296.00,301.90,,296.20,,,543084,161789391.20,14572,F1,1,,,,,
2026-08-18,2026-08-18,CM,NSE,STK,758303,INE0XIL01012,JAINIK,SM,,,,,JAINIK POWER CABLES LTD,204.00,210.80,204.00,208.00,208.00,210.95,,208.00,,,6000,1247160.00,5,F1,1200,,,,,
2026-08-18,2026-08-18,CM,NSE,STK,11763,INE351F01018,JPPOWER,EQ,,,,,JAIPRAKASH POWER VEN. LTD,17.30,17.40,17.27,17.32,17.31,17.39,,17.32,,,17435781,301972329.08,29556,F1,1,,,,,
2026-08-18,2026-08-18,CM,NSE,STK,20930,INE349X01015,JALAN,ST,,,,,JALAN TRANSOLU. INDIA LTD,1.75,1.75,1.75,1.75,1.75,1.70,,1.75,,,45000,78750.00,5,F1,3000,,,,,
2026-08-18,2026-08-18,CM,NSE,STK,20778,INE039C01032,JAMNAAUTO,EQ,,,,,JAMNA AUTO IND LTD,123.00,124.30,122.00,122.58,122.98,123.33,,122.58,,,965973,118610887.05,7534,F1,1,,,,,
2026-08-18,2026-08-18,CM,NSE,STK,22663,INE953L01027,JSFB,EQ,,,,,JANA SMALL FIN BANK LTD,548.55,579.00,542.00,575.00,575.00,548.85,,575.00,,,899345,509332111.45,21293,F1,1,,,,,
2026-08-18,2026-08-18,CM,NSE,STK,759951,INE00YJ01010,JARO,EQ,,,,,JARO INS OF TEC MG N RE L,451.20,461.70,443.00,445.50,443.80,449.10,,445.56,,,136549,61424140.35,3924,F1,1,,,,,
2026-08-18,2026-08-18,CM,NSE,STK,13982,INE039O01029,JASH,EQ,,,,,JASH ENGINEERING LIMITED,480.00,485.75,475.00,476.60,478.05,480.50,,476.64,,,64171,30737268.75,2812,F1,1,,,,,
2026-08-18,2026-08-18,CM,NSE,STK,25037,INE0SMY01017,JAYBEE,SM,,,,,JAY BEE LAMINATIONS LTD,82.90,84.95,81.35,82.30,82.10,82.70,,82.30,,,16500,1367100.00,27,F1,500,,,,,
2026-08-18,2026-08-18,CM,NSE,STK,1708,INE571B01036,JAYBARMARU,EQ,,,,,JAY BHARAT MARUTI LTD,129.25,132.00,127.10,130.42,130.50,127.72,,130.43,,,265179,34602836.47,3234,F1,1,,,,,
2026-08-18,2026-08-18,CM,NSE,STK,10889,INE0J6801010,KORE,SM,,,,,JAY JALARAM TECHNO LTD,130.05,164.95,130.00,160.00,160.00,151.40,,160.00,,,2250,339225.00,7,F1,250,,,,,
2026-08-18,2026-08-18,CM,NSE,STK,4041,INE785A01026,JAYAGROGN,EQ,,,,,JAYANT AGRO ORGANICS LTD,218.00,221.00,217.30,220.41,218.81,217.68,,220.41,,,2797,613828.75,117,F1,1,,,,,
2026-08-18,2026-08-18,CM,NSE,STK,2331,INE854B01010,JAYNECOIND,EQ,,,,,JAYASWAL NECO INDUSTR LTD,88.69,91.20,88.05,90.23,90.60,88.31,,90.23,,,2964260,266601485.38,21917,F1,1,,,,,
2026-08-18,2026-08-18,CM,NSE,STK,759159,INE1AE401014,JAYESH,SM,,,,,JAYESH LOGISTICS LIMITED,144.90,148.00,133.25,136.90,136.90,144.90,,136.90,,,109000,15328800.00,28,F1,1000,,,,,
2026-08-18,2026-08-18,CM,NSE,STK,760073,INE903A01025,JAYKAY,EQ,,,,,JAYKAY ENTERPRISES LTD,151.95,156.52,150.01,154.53,154.00,150.50,,154.54,,,221637,34170609.50,4461,F1,1,,,,,
2026-08-18,2026-08-18,CM,NSE,STK,1720,INE364A01020,JAYSREETEA,EQ,,,,,JAYSHREE TEA & INDUSTRIES,88.33,89.70,87.10,87.85,88.15,88.32,,87.89,,,43708,3889488.71,910,F1,1,,,,,
2026-08-18,2026-08-18,CM,NSE,STK,11655,INE927D01051,JBMA,EQ,,,,,JBM AUTO LIMITED,621.45,626.55,617.00,619.85,620.30,621.35,,619.84,,,138248,85747592.90,7016,F1,1,,,,,
2026-08-18,2026-08-18,CM,NSE,STK,758115,INE0J5801029,JSLL,EQ,,,,,JEENA SIKHO LIFECARE LTD,510.05,518.00,505.50,507.95,507.00,517.30,,507.93,,,426512,217971051.30,14609,F1,1,,,,,
2026-08-18,2026-08-18,CM,NSE,STK,764728,INE354A01013,JENBURPH,EQ,,,,,JENBURKT PHARMACEUTICAL L,1065.00,1073.90,1040.20,1047.30,1067.60,1045.10,,1048.01,,,327,345360.90,45,F1,1,,,,,
2026-08-18,2026-08-18,CM,NSE,STK,7211,INE982V01025,JETFREIGHT,EQ,,,,,JET FREIGHT LOGISTICS LTD,22.50,22.72,22.40,22.43,22.45,22.73,,22.42,,,59999,1348761.78,235,F1,1,,,,,
2026-08-18,2026-08-18,CM,NSE,STK,18700,INE564T01017,JETKNIT,ST,,,,,JET KNITWEARS LTD.,56.40,56.40,56.40,56.40,56.40,59.35,,56.40,,,750,42300.00,1,F1,750,,,,,
2026-08-18,2026-08-18,CM,NSE,STK,25150,INE0RXB01022,JEYYAM,ST,,,,,JEYYAM GLOBAL FOODS LTD,23.35,23.35,22.95,23.00,23.00,22.85,,23.00,,,10000,231300.00,4,F1,2000,,,,,
2026-08-18,2026-08-18,CM,NSE,STK,10885,INE0LA901015,JFLLIFE,SM,,,,,JFL LIFE SCIENCES LIMITED,12.60,12.75,11.95,11.95,11.95,12.55,,11.95,,,42000,511500.00,7,F1,6000,,,,,
2026-08-18,2026-08-18,CM,NSE,STK,13720,INE544H01014,JHS,EQ,,,,,JHS SVEND. LAB. LTD,8.35,8.73,8.16,8.40,8.29,8.45,,8.40,,,32343,272690.25,227,F1,1,,,,,
2026-08-18,2026-08-18,CM,NSE,STK,24145,INE03DD01011,RETAIL,EQ,,,,,JHS SVENDGAARD RETAIL V L,18.29,18.30,17.50,18.13,18.19,18.23,,18.13,,,2004,36291.59,43,F1,1,,,,,
2026-08-18,2026-08-18,CM,NSE,STK,31507,INE147P01019,JPOLYINVST,EQ,,,,,JIND POL INV & FIN CO LTD,1012.20,1021.40,1001.10,1004.60,1002.00,1006.60,,1003.84,,,4365,4420346.10,433,F1,1,,,,,
2026-08-18,2026-08-18,CM,NSE,STK,13875,INE742C01031,JINDRILL,EQ,,,,,JINDAL DRILLING IND. LTD,587.10,673.55,587.10,651.15,648.85,586.20,,651.14,,,17885822,11722777138.35,318792,F1,1,,,,,
2026-08-18,2026-08-18,CM,NSE,STK,11743,INE796G01012,JINDALPHOT,EQ,,,,,JINDAL PHOTO LIMITED,1057.30,1098.00,1051.10,1065.90,1051.70,1057.60,,1065.76,,,2874,3086681.60,312,F1,1,,,,,
2026-08-18,2026-08-18,CM,NSE,STK,1756,INE197D01010,JINDALPOLY,EQ,,,,,JINDAL POLY FILMS LIMITED,665.00,668.05,644.05,646.65,649.00,665.65,,646.65,,,15581,10210703.75,1184,F1,1,,,,,
2026-08-18,2026-08-18,CM,NSE,STK,3024,INE324A01032,JINDALSAW,EQ,,,,,JINDAL SAW LIMITED,270.65,270.90,266.00,268.65,270.25,270.40,,268.65,,,546329,146522264.95,15032,F1,1,,,,,
2026-08-18,2026-08-18,CM,NSE,STK,11236,INE220G01021,JSL,EQ,,,,,JINDAL STAINLESS LIMITED,744.00,756.00,728.20,732.40,732.80,744.00,,732.38,,,658364,488813819.15,26017,F1,1,,,,,
2026-08-18,2026-08-18,CM,NSE,STK,6733,INE749A01030,JINDALSTEL,EQ,,,,,JINDAL STEEL LIMITED,1119.00,1119.70,1100.00,1101.50,1101.50,1116.10,,1101.50,,,561974,622741326.10,27596,F1,1,,,,,
2026-08-18,2026-08-18,CM,NSE,STK,20642,INE247D01039,JINDWORLD,EQ,,,,,JINDAL WORLDWIDE LTD,35.98,36.74,35.51,36.19,36.02,35.63,,36.19,,,3082346,111279945.31,9845,F1,1,,,,,
2026-08-18,2026-08-18,CM,NSE,STK,759205,INE1FF001016,JKIPL,EQ,,,,,JINKUSHAL INDUSTRIES LTD,98.99,99.89,94.05,97.28,99.00,97.10,,97.29,,,167738,16239716.23,806,F1,1,,,,,
2026-08-18,2026-08-18,CM,NSE,STK,18143,INE758E01017,JIOFIN,EQ,,,,,JIO FIN SERVICES LTD,248.90,248.90,245.80,245.80,245.80,249.75,,245.81,,,9238709,2278274214.00,60961,F1,1,,,,,
2026-08-18,2026-08-18,CM,NSE,STK,19691,INE863T01013,JITFINFRA,EQ,,,,,JITF INFRALOGISTICS LTD,306.00,314.95,300.00,305.05,303.35,306.20,,305.13,,,23697,7299183.10,1430,F1,1,,,,,
2026-08-18,2026-08-18,CM,NSE,STK,13270,INE823G01014,JKCEMENT,EQ,,,,,JK CEMENT LIMITED,5338.00,5399.00,5322.00,5375.50,5355.00,5340.00,,5375.44,,,21124,113405145.00,5884,F1,1,,,,,
2026-08-18,2026-08-18,CM,NSE,STK,13491,INE786A01032,JKLAKSHMI,EQ,,,,,JK LAKSHMI CEMENT LTD,557.00,561.90,553.00,556.00,553.00,557.25,,555.99,,,130440,72717538.75,12917,F1,1,,,,,
2026-08-18,2026-08-18,CM,NSE,STK,11860,INE789E01012,JKPAPER,EQ,,,,,JK PAPER LIMITED,381.40,394.90,375.00,385.45,385.15,380.75,,385.45,,,560909,217140388.75,19578,F1,1,,,,,
2026-08-18,2026-08-18,CM,NSE,STK,14435,INE573A01042,JKTYRE,EQ,,,,,JK TYRE & INDUSTRIES LTD,381.00,384.45,381.00,383.15,383.10,382.00,,383.13,,,262707,100501272.40,7428,F1,1,,,,,
2026-08-18,2026-08-18,CM,NSE,STK,15266,INE576I01022,JKIL,EQ,,,,,JKUMAR INFR.LTD.,509.00,514.90,500.10,502.90,502.00,509.65,,502.89,,,82171,41682808.85,2961,F1,1,,,,,
2026-08-18,2026-08-18,CM,NSE,STK,13637,INE780C01023,JMFINANCIL,EQ,,,,,JM FINANCIAL LIMITED,127.08,128.21,124.72,125.40,125.35,127.91,,125.40,,,1377973,173766149.48,13950,F1,1,,,,,
2026-08-18,2026-08-18,CM,NSE,STK,23621,INE0OAF01028,JNKINDIA,EQ,,,,,JNK INDIA LIMITED,472.70,473.70,461.00,463.95,466.90,476.35,,463.96,,,166370,77359050.50,4475,F1,1,,,,,
2026-08-18,2026-08-18,CM,NSE,STK,16931,INE839G01010,JOCIL,BE,,,,,JOCIL LIMITED,148.50,152.00,146.35,149.96,150.00,148.50,,149.96,,,1867,278555.60,30,F1,1,,,,,
2026-08-18,2026-08-18,CM,NSE,STK,762623,INE515A01019,COCKERILL,EQ,,,,,JOHN COCKERILL INDIA LTD.,8419.00,8550.00,8260.00,8361.50,8400.00,8419.00,,8366.79,,,12747,106585737.00,2855,F1,1,,,,,
2026-08-18,2026-08-18,CM,NSE,STK,758460,INE718I01012,JSWCEMENT,EQ,,,,,JSW CEMENT LIMITED,127.00,127.69,126.76,127.31,127.40,127.60,,127.31,,,471590,60027931.81,8019,F1,1,,,,,
2026-08-18,2026-08-18,CM,NSE,STK,1467,INE133A01011,JSWDULUX,EQ,,,,,JSW DULUX LIMITED,3156.40,3165.00,3088.00,3110.40,3099.00,3139.80,,3110.43,,,10435,32540402.20,3552,F1,1,,,,,
2026-08-18,2026-08-18,CM,NSE,STK,17869,INE121E01018,JSWENERGY,EQ,,,,,JSW ENERGY LIMITED,554.00,556.60,547.70,548.10,548.10,555.50,,548.10,,,1195546,658209068.25,25798,F1,1,,,,,
2026-08-18,2026-08-18,CM,NSE,STK,11880,INE824G01012,JSWHL,EQ,,,,,JSW HOLDINGS LIMITED,11800.00,11918.00,11445.00,11489.00,11525.00,11798.00,,11494.82,,,2559,29645367.00,1092,F1,1,,,,,
2026-08-18,2026-08-18,CM,NSE,STK,19020,INE880J01026,JSWINFRA,EQ,,,,,JSW INFRASTRUCTURE LTD,334.45,336.90,327.50,328.65,329.20,335.40,,328.66,,,1863660,617877072.70,44211,F1,1,,,,,
2026-08-18,2026-08-18,CM,NSE,STK,11723,INE019A01038,JSWSTEEL,EQ,,,,,JSW STEEL LIMITED,1275.00,1285.80,1265.00,1267.60,1267.60,1277.80,,1267.65,,,719017,916382058.90,29042,F1,1,,,,,
2026-08-18,2026-08-18,CM,NSE,STK,3237,INE643A01035,JTEKTINDIA,EQ,,,,,JTEKT INDIA LIMITED,130.10,133.30,129.40,130.04,130.20,130.18,,130.05,,,133707,17533296.29,1882,F1,1,,,,,
2026-08-18,2026-08-18,CM,NSE,STK,7287,INE391J01032,JTLIND,EQ,,,,,JTL INDUSTRIES LIMITED,75.50,76.03,74.52,74.80,74.95,75.33,,74.80,,,858810,64741404.29,7104,F1,1,,,,,
2026-08-18,2026-08-18,CM,NSE,STK,29590,INE03CC01015,JUBLCPL,EQ,,,,,JUBILANT AGRI N CON PRO L,2362.40,2397.90,2142.00,2199.10,2153.00,2342.40,,2199.82,,,16482,37157972.30,1437,F1,1,,,,,
2026-08-18,2026-08-18,CM,NSE,STK,18096,INE797F01020,JUBLFOOD,EQ,,,,,JUBILANT FOODWORKS LTD,509.85,510.60,496.40,500.55,500.55,511.50,,500.55,,,2285057,1150382758.15,27526,F1,1,,,,,
2026-08-18,2026-08-18,CM,NSE,STK,2783,INE0BY001018,JUBLINGREA,EQ,,,,,JUBILANT INGREVIA LIMITED,733.70,737.85,722.75,726.70,729.50,732.80,,726.63,,,135283,98436366.20,9217,F1,1,,,,,
2026-08-18,2026-08-18,CM,NSE,STK,3637,INE700A01033,JUBLPHARMA,EQ,,,,,JUBILANT PHARMOVA LTD,863.95,873.90,860.00,866.00,864.10,866.95,,865.98,,,174172,151301953.25,15280,F1,1,,,,,
2026-08-18,2026-08-18,CM,NSE,STK,7109,INE412C01023,JMA,EQ,,,,,JULLUNDUR MOT AGENCY LTD,89.00,89.50,86.50,87.56,88.50,89.20,,87.56,,,20311,1789527.13,345,F1,1,,,,,
2026-08-18,2026-08-18,CM,NSE,STK,764408,INE05C901015,JNPR,EQ,,,,,JUNIPER GREEN ENERGY LTD,242.18,245.95,238.84,240.59,240.30,241.68,,240.58,,,823202,199131742.52,19455,F1,1,,,,,
2026-08-18,2026-08-18,CM,NSE,STK,22824,INE696F01016,JUNIPER,EQ,,,,,JUNIPER HOTELS LIMITED,196.40,198.50,192.62,197.29,197.90,192.09,,197.28,,,185085,36338749.68,4589,F1,1,,,,,
2026-08-18,2026-08-18,CM,NSE,STK,18553,INE682M01020,JLHL,EQ,,,,,JUPITER LIFE LINE HOSP L,314.00,320.55,310.15,318.20,318.05,315.15,,318.20,,,229946,72764816.45,7638,F1,1,,,,,
2026-08-18,2026-08-18,CM,NSE,STK,20224,INE209L01016,JWL,EQ,,,,,JUPITER WAGONS LIMITED,250.20,253.60,250.00,250.70,251.00,252.65,,250.72,,,295272,74136556.70,7874,F1,1,,,,,
2026-08-18,2026-08-18,CM,NSE,STK,29962,INE599M01018,JUSTDIAL,EQ,,,,,JUSTDIAL LTD.,680.30,683.35,658.00,661.30,660.00,680.30,,661.33,,,174469,116081729.60,8715,F1,1,,,,,
2026-08-18,2026-08-18,CM,NSE,STK,15146,INE668F01031,JYOTHYLAB,EQ,,,,,JYOTHY LABS LIMITED,214.25,216.90,206.54,210.68,209.20,213.93,,210.68,,,1642025,345426323.31,27838,F1,1,,,,,
2026-08-18,2026-08-18,CM,NSE,STK,21334,INE980O01024,JYOTICNC,EQ,,,,,JYOTI CNC AUTOMATION LTD,870.00,947.90,860.05,929.20,940.00,857.95,,929.12,,,5438972,4911871991.85,149767,F1,1,,,,,
2026-08-18,2026-08-18,CM,NSE,STK,758221,INE1M3T01017,JYOTIGLOBL,SM,,,,,JYOTI GLOBAL PLAST LTD,37.55,41.00,37.55,41.00,41.00,39.10,,41.00,,,14000,545100.00,7,F1,2000,,,,,
2026-08-18,2026-08-18,CM,NSE,STK,764733,INE577D01013,JYOTIRES,EQ,,,,,JYOTI RESINS & ADHESIVE L,855.30,869.95,850.00,859.85,863.95,855.50,,858.99,,,3299,2836135.95,421,F1,1,,,,,
2026-08-18,2026-08-18,CM,NSE,STK,1802,INE197A01024,JYOTISTRUC,EQ,,,,,JYOTI STRUCTURES LTD,10.65,10.90,10.60,10.73,10.73,10.65,,10.73,,,2337627,25085486.53,2960,F1,1,,,,,
2026-08-18,2026-08-18,CM,NSE,STK,764743,INE533C01018,KJMCFIN,EQ,,,,,K J M C FINANCIAL SERV L,62.85,62.85,56.21,61.99,61.99,58.85,,61.99,,,3500,217085.30,30,F1,1,,,,,
2026-08-18,2026-08-18,CM,NSE,STK,764748,INE879K01018,KMCSHIL,EQ,,,,,K M C SPECIALITY HOSP I L,143.49,146.00,141.00,141.97,142.70,143.13,,141.88,,,217294,31078891.53,2659,F1,1,,,,,
2026-08-18,2026-08-18,CM,NSE,STK,14667,INE157H01023,KMSUGAR,EQ,,,,,K M SUGAR MILLS LTD,30.19,32.20,30.00,31.38,31.49,29.79,,31.39,,,973691,30461386.69,4750,F1,1,,,,,
2026-08-18,2026-08-18,CM,NSE,STK,27079,INE127T01021,KPEL,EQ,,,,,K.P. ENERGY LIMITED,243.70,264.95,240.00,262.30,263.90,243.75,,262.32,,,859476,219174846.50,17783,F1,1,,,,,
2026-08-18,2026-08-18,CM,NSE,STK,23462,INE0DEZ01013,K2INFRA,ST,,,,,K2 INFRAGEN LIMITED,50.15,50.25,49.65,49.90,49.85,50.00,,49.90,,,7800,390150.00,12,F1,600,,,,,
2026-08-18,2026-08-18,CM,NSE,STK,1805,INE900B01029,KABRAEXTRU,EQ,,,,,KABRA EXTRUSION TECHNIK L,522.95,522.95,504.25,512.60,509.00,520.50,,512.59,,,124007,63539926.90,3974,F1,1,,,,,
2026-08-18,2026-08-18,CM,NSE,STK,1808,INE217B01036,KAJARIACER,EQ,,,,,KAJARIA CERAMICS LTD,1243.90,1249.30,1219.00,1225.80,1222.00,1251.60,,1225.88,,,120873,148757899.60,8462,F1,1,,,,,
2026-08-18,2026-08-18,CM,NSE,STK,1811,INE437B01014,KAKATCEM,EQ,,,,,KAKATIYA CEM SUGAR &IND L,109.50,113.75,109.00,112.75,111.00,109.49,,112.75,,,3643,405004.25,84,F1,1,,,,,
2026-08-18,2026-08-18,CM,NSE,STK,25443,INE0T0L01014,KALANA,SM,,,,,KALANA ISPAT LIMITED,20.80,21.00,20.80,21.00,21.00,20.00,,21.00,,,16000,335200.00,8,F1,2000,,,,,
2026-08-18,2026-08-18,CM,NSE,STK,758558,INE227J01012,KALPATARU,EQ,,,,,KALPATARU LIMITED,286.00,286.00,279.00,280.65,279.60,283.10,,280.65,,,34751,9783779.45,1180,F1,1,,,,,
2026-08-18,2026-08-18,CM,NSE,STK,1814,INE220B01022,KPIL,EQ,,,,,KALPATARU PROJECT INT LTD,1404.00,1413.40,1392.10,1403.50,1404.00,1404.20,,1403.42,,,132037,184836232.80,10413,F1,1,,,,,
2026-08-18,2026-08-18,CM,NSE,STK,2955,INE303R01014,KALYANKJIL,EQ,,,,,KALYAN JEWELLERS IND LTD,610.00,612.40,601.20,601.60,601.60,610.00,,601.61,,,6089064,3686243276.00,69026,F1,1,,,,,
2026-08-18,2026-08-18,CM,NSE,STK,15156,INE314G01014,KALYANIFRG,EQ,,,,,KALYANI FORGE LIMITED,654.75,665.95,634.95,639.20,650.00,651.70,,639.86,,,2604,1677658.50,274,F1,1,,,,,
2026-08-18,2026-08-18,CM,NSE,STK,21119,INE029L01018,KICL,EQ,,,,,KALYANI INVEST CO LTD,5252.50,5369.50,5252.50,5309.50,5295.00,5292.50,,5308.53,,,446,2365744.50,182,F1,1,,,,,
2026-08-18,2026-08-18,CM,NSE,STK,18889,INE907A01026,KSL,EQ,,,,,KALYANI STEELS LIMITED,829.80,842.95,818.85,821.35,820.85,829.80,,821.32,,,25115,20769044.25,1657,F1,1,,,,,
2026-08-18,2026-08-18,CM,NSE,STK,762732,INE411F01010,KAMAHOLD,EQ,,,,,KAMA HOLDINGS LTD.,2462.60,2474.80,2440.00,2448.50,2450.00,2456.40,,2448.56,,,5044,12366541.70,443,F1,1,,,,,
2026-08-18,2026-08-18,CM,NSE,STK,764738,INE344D01018,KAMANWALA,EQ,,,,,KAMANWALA HOUSING CONST L,16.25,16.26,16.25,16.26,16.26,13.55,,17.41,,,4545,73901.49,32,F1,1,,,,,
2026-08-18,2026-08-18,CM,NSE,STK,1826,INE967C01018,KAMATHOTEL,EQ,,,,,KAMAT HOTELS (I) LTD,195.78,195.78,191.22,194.10,195.00,194.64,,194.10,,,32808,6347050.00,996,F1,1,,,,,
2026-08-18,2026-08-18,CM,NSE,STK,13461,INE390H01020,KAMDHENU,BE,,,,,KAMDHENU LIMITED,33.51,33.90,32.99,33.37,33.60,33.85,,33.37,,,218408,7272447.11,739,F1,1,,,,,
2026-08-18,2026-08-18,CM,NSE,STK,13814,INE0BTI01037,KAMOPAINTS,EQ,,,,,KAMDHENU VENTURES LIMITED,4.57,4.57,4.30,4.38,4.38,4.43,,4.35,,,308547,1356837.39,735,F1,1,,,,,
2026-08-18,2026-08-18,CM,NSE,STK,25786,INE879E01037,KANANIIND,EQ,,,,,KANANI INDUSTRIES LTD,1.51,1.52,1.35,1.49,1.50,1.50,,1.49,,,347845,501988.80,353,F1,1,,,,,
2026-08-18,2026-08-18,CM,NSE,STK,762737,INE081G01019,KANCHI,EQ,,,,,KANCHI KARPOORAM LTD.,372.00,376.00,364.00,374.00,373.00,377.65,,374.00,,,3174,1179193.20,40,F1,1,,,,,
2026-08-18,2026-08-18,CM,NSE,STK,765090,INE398L01017,KANCOTEA,EQ,,,,,KANCO TEA & INDS. LTD.,49.60,55.00,46.20,48.48,49.40,49.65,,48.96,,,2063,104564.42,63,F1,1,,,,,
2026-08-18,2026-08-18,CM,NSE,STK,11208,INE0MOT01016,KANDARP,SM,,,,,KANDARP DG SMART BPO LTD,99.00,101.00,98.20,100.00,100.00,97.10,,100.00,,,108000,10717150.00,60,F1,1000,,,,,
2026-08-18,2026-08-18,CM,NSE,STK,9805,INE138C01024,KANORICHEM,BE,,,,,KANORIACHEMICALS-,151.00,153.45,145.65,149.51,149.79,151.30,,149.78,,,22922,3396103.21,140,F1,1,,,,,
2026-08-18,2026-08-18,CM,NSE,STK,1782,INE694E01014,KANPRPLA,EQ,,,,,KANPUR PLASTIPACK LIMITED,263.00,266.39,240.50,244.25,242.30,262.85,,244.25,,,54440,13568272.12,1574,F1,1,,,,,
2026-08-18,2026-08-18,CM,NSE,STK,1196,INE531A01024,KANSAINER,EQ,,,,,KANSAI NEROLAC PAINTS LTD,205.80,207.63,200.11,201.05,201.99,205.80,,201.06,,,177961,35973854.28,5378,F1,1,,,,,
2026-08-18,2026-08-18,CM,NSE,STK,18967,INE542Z01028,KAPSTON,EQ,,,,,KAPSTON SERVICES LIMITED,528.00,549.85,525.00,528.40,535.00,522.70,,528.40,,,93251,49567735.75,3590,F1,1,,,,,
2026-08-18,2026-08-18,CM,NSE,STK,24385,INE725L01011,KARMAENG,EQ,,,,,KARMA ENERGY LIMITED,39.61,40.60,39.00,39.31,39.00,40.52,,39.31,,,1117,44228.71,32,F1,1,,,,,
2026-08-18,2026-08-18,CM,NSE,STK,8054,INE614B01018,KTKBANK,EQ,,,,,KARNATAKA BANK LIMITED,304.20,313.20,304.20,310.75,310.55,306.50,,310.75,,,2278077,706785267.95,55008,F1,1,,,,,
2026-08-18,2026-08-18,CM,NSE,STK,19465,INE0MGA01012,KARNIKA,SM,,,,,KARNIKA INDUSTRIES LTD,113.55,115.00,112.00,114.85,114.85,113.55,,114.85,,,29000,3280750.00,11,F1,1000,,,,,
2026-08-18,2026-08-18,CM,NSE,STK,1838,INE036D01028,KARURVYSYA,EQ,,,,,KARUR VYSYA BANK LTD,333.50,336.15,330.95,333.90,334.50,334.00,,333.90,,,1036685,345514488.40,33052,F1,1,,,,,
2026-08-18,2026-08-18,CM,NSE,STK,24528,INE0SVY01018,KATARIA,SM,,,,,KATARIA INDUSTRIES LTD,97.00,106.00,97.00,102.90,106.00,95.85,,102.90,,,25200,2562210.00,39,F1,600,,,,,
2026-08-18,2026-08-18,CM,NSE,STK,15140,INE234I01028,KAUSHALYA,BE,,,,,KAUSHALYA INFRA DEV LTD.,889.95,912.00,881.00,895.45,904.00,884.40,,895.73,,,50,44648.05,18,F1,1,,,,,
2026-08-18,2026-08-18,CM,NSE,STK,21186,INE0Q2V01012,KLL,SM,,,,,KAUSHALYA LOGISTICS LTD,23.20,23.25,22.30,22.40,22.40,22.50,,22.40,,,6400,144600.00,7,F1,800,,,,,
2026-08-18,2026-08-18,CM,NSE,STK,14972,INE455I01029,KSCL,EQ,,,,,KAVERI SEED CO. LTD.,758.70,779.00,755.80,772.75,763.00,772.30,,772.74,,,251401,193417006.60,15971,F1,1,,,,,
2026-08-18,2026-08-18,CM,NSE,STK,15244,INE641C01019,KAVDEFENCE,EQ,,,,,KAVVERI DFS & WIR TEC LTD,55.60,60.00,54.89,57.53,57.94,56.61,,57.54,,,227616,12997321.29,3112,F1,1,,,,,
2026-08-18,2026-08-18,CM,NSE,STK,21173,INE0RCG01017,KCEIL,SM,,,,,KAY CEE ENERGY & INFRA L,79.95,79.95,76.20,77.65,77.50,76.80,,77.65,,,36500,2835675.00,44,F1,500,,,,,
2026-08-18,2026-08-18,CM,NSE,STK,10276,INE587G01015,KAYA,EQ,,,,,KAYA LIMITED,333.00,345.80,326.25,338.75,335.80,336.65,,338.80,,,52088,17378588.95,2385,F1,1,,,,,
2026-08-18,2026-08-18,CM,NSE,STK,12092,INE918Z01012,KAYNES,EQ,,,,,KAYNES TECHNOLOGY IND LTD,3664.80,3714.20,3640.00,3644.10,3644.10,3651.00,,3644.19,,,514083,1887361841.70,37736,F1,1,,,,,
2026-08-18,2026-08-18,CM,NSE,STK,758868,INE13ZD01013,KAYTEX,SM,,,,,KAYTEX FABRICS LIMITED,58.00,58.00,51.20,54.30,54.30,56.30,,54.30,,,24000,1297000.00,30,F1,800,,,,,
2026-08-18,2026-08-18,CM,NSE,STK,10296,INE0J1E01027,KCK,ST,,,,,KCK INDUSTRIES LTD,15.50,15.50,15.00,15.00,15.00,14.90,,15.00,,,82500,1240125.00,8,F1,2500,,,,,
2026-08-18,2026-08-18,CM,NSE,STK,1841,INE805C01028,KCP,EQ,,,,,KCP LTD,156.20,157.16,150.00,151.22,151.00,155.28,,151.22,,,238462,36212236.53,4481,F1,1,,,,,
2026-08-18,2026-08-18,CM,NSE,STK,8849,INE790B01024,KCPSUGIND,BE,,,,,KCPSUGARINDUS,31.47,32.00,30.50,31.44,31.65,31.12,,31.44,,,223001,6965956.55,400,F1,1,,,,,
2026-08-18,2026-08-18,CM,NSE,STK,14908,INE291D01011,KDDL,EQ,,,,,KDDL LIMITED,4081.90,4128.50,4010.10,4093.50,4064.00,4084.60,,4093.63,,,26917,110370568.60,7164,F1,1,,,,,
2026-08-18,2026-08-18,CM,NSE,STK,13260,INE389H01022,KEC,EQ,,,,,KEC INTL. LIMITED,436.35,438.00,427.00,428.60,427.70,436.35,,428.60,,,1404817,603114838.90,30436,F1,1,,,,,
2026-08-18,2026-08-18,CM,NSE,STK,13310,INE878B01027,KEI,EQ,,,,,KEI INDUSTRIES LTD.,5881.70,5899.00,5722.70,5790.00,5790.00,5873.00,,5790.18,,,311725,1808386925.70,26590,F1,1,,,,,
2026-08-18,2026-08-18,CM,NSE,STK,13430,INE164B01030,KELLTONTEC,EQ,,,,,KELLTON TECH SOL LTD,13.54,13.89,13.45,13.68,13.66,13.54,,13.69,,,1591673,21724830.21,3875,F1,1,,,,,
2026-08-18,2026-08-18,CM,NSE,STK,29547,INE15DO01012,KEN,SM,,,,,KEN ENTERPRISES LIMITED,42.30,42.30,42.00,42.00,42.00,42.00,,42.00,,,4800,202200.00,4,F1,1200,,,,,
2026-08-18,2026-08-18,CM,NSE,STK,11841,INE717A01029,KENNAMET,EQ,,,,,KENNAMETAL INDIA LIMITED,3550.00,3569.00,3480.00,3502.20,3481.10,3551.70,,3502.54,,,14828,52320621.10,3087,F1,1,,,,,
2026-08-18,2026-08-18,CM,NSE,STK,13121,INE202H01019,KERNEX,EQ,,,,,KERNEX MICROSYS(I) LTD,1820.00,1920.00,1756.10,1901.80,1906.00,1751.70,,1901.85,,,1425187,2633221563.50,86725,F1,1,,,,,
2026-08-18,2026-08-18,CM,NSE,STK,4981,INE087A01019,KESORAMIND,BE,,,,,KESORAM INDUSTRIES LTD,11.95,11.95,11.95,11.95,11.95,11.72,,11.86,,,190942,2281756.90,186,F1,1,,,,,
2026-08-18,2026-08-18,CM,NSE,STK,13381,INE401H01017,KKCL,EQ,,,,,KEWAL KIRAN CLOTHING LTD,523.65,525.00,513.20,515.05,514.55,521.00,,515.04,,,50339,26123981.50,2141,F1,1,,,,,
2026-08-18,2026-08-18,CM,NSE,STK,4157,INE681C01015,KEYFINSERV,EQ,,,,,KEYNOTE FIN SERV LTD.,257.90,261.00,254.95,257.45,259.80,257.95,,257.20,,,1145,294639.55,43,F1,1,,,,,
2026-08-18,2026-08-18,CM,NSE,STK,12219,INE263M01029,RUSTOMJEE,EQ,,,,,KEYSTONE REALTORS LIMITED,375.10,378.25,370.20,371.90,371.10,375.10,,371.90,,,31546,11826093.55,1778,F1,1,,,,,
2026-08-18,2026-08-18,CM,NSE,STK,13359,INE138Y01010,KFINTECH,EQ,,,,,KFIN TECHNOLOGIES LIMITED,976.55,979.00,946.00,957.60,957.60,973.00,,957.52,,,1298792,1240561165.90,30243,F1,1,,,,,
2026-08-18,2026-08-18,CM,NSE,STK,433,INE834I01025,KHADIM,BE,,,,,KHADIM INDIA LIMITED,97.40,98.40,96.00,96.32,96.20,97.07,,96.32,,,43442,4215356.13,203,F1,1,,,,,
2026-08-18,2026-08-18,CM,NSE,STK,3912,INE731C01018,KHAITANLTD,EQ,,,,,KHAITAN (INDIA)LTD.,147.04,149.38,141.01,148.19,148.49,147.04,,148.19,,,5052,742149.58,90,F1,1,,,,,
2026-08-18,2026-08-18,CM,NSE,STK,896,INE745B01028,KHAICHEM,EQ,,,,,KHAITAN CHEM & FERT LTD,60.34,63.30,56.11,56.72,56.80,59.75,,56.73,,,1453854,87091782.57,10146,F1,1,,,,,
2026-08-18,2026-08-18,CM,NSE,STK,9641,INE060B01014,KHANDSE,EQ,,,,,KHANDWALA SECURITIES LTD,17.47,17.47,17.47,17.47,17.47,17.25,,17.47,,,1,17.47,1,F1,1,,,,,
2026-08-18,2026-08-18,CM,NSE,STK,9570,INE00UG01014,KHFM,SM,,,,,KHFM HOS FAC MANA SER LTD,45.25,47.90,45.00,45.90,47.90,48.60,,45.90,,,10850,498015.00,6,F1,1550,,,,,
2026-08-18,2026-08-18,CM,NSE,STK,762747,INE338F01015,KLBRENG-B,EQ,,,,,KILBURN ENGINEERING LTD.,346.00,374.40,346.00,362.75,360.50,346.90,,362.77,,,383012,139272537.45,9410,F1,1,,,,,
2026-08-18,2026-08-18,CM,NSE,STK,19941,INE729D01010,KILITCH,BE,,,,,KILITCH DRUGS INDIA LTD,169.00,172.40,163.96,163.96,163.96,172.58,,163.92,,,96347,15993683.81,529,F1,1,,,,,
2026-08-18,2026-08-18,CM,NSE,STK,18944,INE473D01015,KINGFA,EQ,,,,,KINGFA SCI & TEC IND LTD.,6087.50,6087.50,5905.50,5974.50,5950.00,6087.50,,5974.76,,,21586,128835537.00,5966,F1,1,,,,,
2026-08-18,2026-08-18,CM,NSE,STK,19126,INE880L01014,KIOCL,EQ,,,,,KIOCL LIMITED,387.30,391.85,382.10,384.00,384.15,388.15,,384.03,,,63816,24585807.80,3376,F1,1,,,,,
2026-08-18,2026-08-18,CM,NSE,STK,762742,INE555P01013,KIRANVYPAR,EQ,,,,,KIRAN VYAPAR LTD.,200.00,200.00,196.25,196.31,196.30,201.75,,196.58,,,303,59778.00,14,F1,1,,,,,
2026-08-18,2026-08-18,CM,NSE,STK,16639,INE415I01015,KIRIINDUS,EQ,,,,,KIRI INDUSTRIES LIMITED,413.50,413.50,403.80,408.95,409.20,410.45,,408.96,,,191225,78037594.65,4192,F1,1,,,,,
2026-08-18,2026-08-18,CM,NSE,STK,18581,INE732A01036,KIRLOSBROS,EQ,,,,,KIRLOSKAR BROTHERS LTD,1942.90,1951.00,1900.70,1910.00,1902.20,1942.90,,1909.95,,,34824,66834766.30,5680,F1,1,,,,,
2026-08-18,2026-08-18,CM,NSE,STK,18220,INE134B01017,KECL,EQ,,,,,KIRLOSKAR ELECTRIC CO LTD,137.50,139.82,133.35,135.36,134.38,137.50,,135.36,,,163373,22212884.39,2823,F1,1,,,,,
2026-08-18,2026-08-18,CM,NSE,STK,14466,INE884B01025,KIRLFER,EQ,,,,,KIRLOSKAR FERROUS IND LTD,434.00,437.70,429.00,435.85,434.40,433.20,,435.86,,,50317,21804612.80,3425,F1,1,,,,,
2026-08-18,2026-08-18,CM,NSE,STK,19025,INE250A01039,KIRLOSIND,EQ,,,,,KIRLOSKAR INDUSTRIES LTD,3842.90,3844.80,3740.00,3753.30,3740.00,3842.90,,3753.32,,,4203,15872557.70,652,F1,1,,,,,
2026-08-18,2026-08-18,CM,NSE,STK,20936,INE146L01010,KIRLOSENG,EQ,,,,,KIRLOSKAR OIL ENG LTD,2101.50,2130.00,2076.50,2125.70,2123.10,2101.60,,2125.68,,,200593,423378821.70,22093,F1,1,,,,,
2026-08-18,2026-08-18,CM,NSE,STK,15180,INE811A01038,KIRLPNU,EQ,,,,,KIRLOSKAR PNEUMATIC COM L,768.80,776.90,745.70,760.20,763.00,1534.30,,760.15,,,186912,141876163.90,12008,F1,1,,,,,
2026-08-18,2026-08-18,CM,NSE,STK,28899,INE602G01020,KITEX,EQ,,,,,KITEX GARMENTS LTD,128.51,134.07,128.10,128.98,128.75,128.81,,129.00,,,700612,91737866.99,8302,F1,1,,,,,
2026-08-18,2026-08-18,CM,NSE,STK,760923,INE0KNW01016,KNAGRI,EQ,,,,,KN AGRI RESOURCES LIMITED,217.50,228.00,208.79,212.80,214.75,216.19,,212.80,,,58047,12414273.10,711,F1,1,,,,,
2026-08-18,2026-08-18,CM,NSE,STK,763839,INE17QZ01016,KNACK,EQ,,,,,KNACK PACKAGING LIMITED,207.00,208.74,203.05,204.19,204.70,207.56,,204.21,,,535863,110073822.22,7016,F1,1,,,,,
2026-08-18,2026-08-18,CM,NSE,STK,27084,INE0CJD01029,KMEW,EQ,,,,,KNOWLEDGE MARINE & EN W L,2740.00,2745.00,2632.00,2706.20,2720.00,2756.50,,2706.95,,,163110,436731375.90,21603,F1,1,,,,,
2026-08-18,2026-08-18,CM,NSE,STK,758431,INE1JAR25012,KRT,RR,,,,,KNOWLEDGE REALTY TRUST,115.80,116.00,112.00,115.27,115.60,115.48,,115.27,,,817372,94002857.25,8289,F1,1,,,,,
2026-08-18,2026-08-18,CM,NSE,STK,15283,INE634I01029,KNRCON,EQ,,,,,KNR CONSTRU LTD.,134.00,135.22,129.80,130.36,130.40,134.60,,130.36,,,691247,90972656.66,11188,F1,1,,,,,
2026-08-18,2026-08-18,CM,NSE,STK,18754,INE0Q7P01013,KODYTECH,ST,,,,,KODY TECHNOLAB LIMITED,1389.70,1424.00,1382.00,1413.85,1420.00,1396.65,,1413.85,,,16500,23240320.00,77,F1,100,,,,,
2026-08-18,2026-08-18,CM,NSE,STK,3009,INE080B01012,KOHINOOR,EQ,,,,,KOHINOOR FOODS LIMITED,27.80,28.47,26.30,27.42,27.21,27.78,,27.42,,,135394,3695848.60,2227,F1,1,,,,,
2026-08-18,2026-08-18,CM,NSE,STK,16827,INE760A01029,KOKUYOCMLN,EQ,,,,,KOKUYO CAMLIN LIMITED,84.89,85.00,83.62,84.77,84.89,84.73,,84.77,,,18755,1587175.28,423,F1,1,,,,,
2026-08-18,2026-08-18,CM,NSE,STK,15124,INE094I01018,KOLTEPATIL,EQ,,,,,KOLTE PATIL DEV. LTD.,471.65,478.80,466.25,473.95,476.00,471.65,,473.97,,,89987,42508642.25,3651,F1,1,,,,,
2026-08-18,2026-08-18,CM,NSE,STK,22475,INE0QEI01011,KONSTELEC,ST,,,,,KONSTELEC ENGINEERS LTD,58.30,62.00,58.30,62.00,62.00,61.25,,62.00,,,77000,4739250.00,42,F1,1000,,,,,
2026-08-18,2026-08-18,CM,NSE,STK,19287,INE0KZ301010,KONTOR,SM,,,,,KONTOR SPACE LIMITED,60.00,60.00,60.00,60.00,60.00,62.00,,60.00,,,600,36000.00,1,F1,600,,,,,
2026-08-18,2026-08-18,CM,NSE,STK,4951,INE082A01010,KOPRAN,BE,,,,,KOPRAN LTD,201.69,208.50,199.51,201.51,200.07,199.71,,201.51,,,220320,44728931.06,1768,F1,1,,,,,
2026-08-18,2026-08-18,CM,NSE,STK,16758,INE0O4R01018,KDL,SM,,,,,KORE DIGITAL LIMITED,89.20,92.55,84.95,87.55,87.00,91.80,,87.55,,,28050,2448457.50,128,F1,150,,,,,
2026-08-18,2026-08-18,CM,NSE,STK,14858,INF174KA1HJ8,GOLD1,EQ,,,,,KOTAK GOLD ETF,130.89,130.95,127.19,127.67,127.75,127.70,,127.67,,,2096227,267599472.15,6874,F1,1,,,,,
2026-08-18,2026-08-18,CM,NSE,STK,1922,INE237A01036,KOTAKBANK,EQ,,,,,KOTAK MAHINDRA BANK LTD,391.00,392.90,387.65,387.65,387.65,392.70,,387.65,,,5653147,2207051901.00,58035,F1,1,,,,,
2026-08-18,2026-08-18,CM,NSE,STK,18102,INF174K014P6,NIFTY1,EQ,,,,,KOTAK NIFTY ETF,277.28,277.28,268.01,269.09,269.27,270.52,,269.09,,,59872,16119112.20,1120,F1,1,,,,,
2026-08-18,2026-08-18,CM,NSE,STK,15061,INF174KA1A86,PSUBANK,EQ,,,,,KOTAK PSU BANK,87.49,87.59,86.10,86.65,86.10,87.38,,86.65,,,85921,7456041.09,778,F1,1,,,,,
2026-08-18,2026-08-18,CM,NSE,STK,759885,INF174KA1XV0,CHEMICAL,EQ,,,,,KOTAKMAMC - CHEMICAL,30.41,31.18,30.41,30.85,30.88,30.81,,30.85,,,2215646,68399383.99,871,F1,1,,,,,
2026-08-18,2026-08-18,CM,NSE,STK,7412,INF174KA1IA5,ALPHA,EQ,,,,,KOTAKMAMC - KOTAKALPHA,54.18,54.29,53.81,54.06,53.97,54.18,,54.06,,,706087,38133473.45,2065,F1,1,,,,,
2026-08-18,2026-08-18,CM,NSE,STK,10512,INF174KA1ZF8,CONS,EQ,,,,,KOTAKMAMC - KOTAKCONS,12.45,12.47,12.32,12.37,12.45,12.51,,12.37,,,654805,8112243.93,197,F1,1,,,,,
2026-08-18,2026-08-18,CM,NSE,STK,2627,INF174KA1GC5,IT,EQ,,,,,KOTAKMAMC - KOTAKIT,34.95,34.95,33.60,33.69,33.75,34.26,,33.69,,,247367,8351807.80,1265,F1,1,,,,,
2026-08-18,2026-08-18,CM,NSE,STK,13950,INF174KA1LV5,LIQUID1,EQ,,,,,KOTAKMAMC - KOTAKLIQ,1119.65,1119.65,1118.66,1118.66,1118.66,1118.52,,1118.66,,,1362113,1523754993.40,520,F1,1,,,,,
2026-08-18,2026-08-18,CM,NSE,STK,8632,INF174KA1IY5,LOWVOL1,EQ,,,,,KOTAKMAMC - KOTAKLOVOL,21.43,21.51,21.18,21.27,21.18,21.46,,21.27,,,495408,10568314.23,192,F1,1,,,,,
2026-08-18,2026-08-18,CM,NSE,STK,8077,INF174KA1ZC5,MIDCAP,EQ,,,,,KOTAKMAMC - KOTAKMID50,18.71,18.88,18.58,18.64,18.67,18.71,,18.64,,,234519,4371573.00,814,F1,1,,,,,
2026-08-18,2026-08-18,CM,NSE,STK,10676,INF174KA1JF2,MNC,EQ,,,,,KOTAKMAMC - KOTAKMNC,34.74,34.74,34.48,34.50,34.50,34.76,,34.50,,,52636,1819905.30,343,F1,1,,,,,
2026-08-18,2026-08-18,CM,NSE,STK,13082,INF174KA1ZD3,SILVER1,EQ,,,,,KOTAKMAMC - KOTAKSILVE,22.12,22.90,22.12,22.47,22.51,22.69,,22.47,,,4107007,92381970.25,4351,F1,1,,,,,
2026-08-18,2026-08-18,CM,NSE,STK,11457,INF174KA1ZE1,NV20,EQ,,,,,KOTAKMAMC - KTKNV20ETF,14.04,14.06,13.94,14.01,14.02,14.07,,14.01,,,43408,607203.87,169,F1,1,,,,,
2026-08-18,2026-08-18,CM,NSE,STK,30469,INF174KA1VW2,MID150,EQ,,,,,KOTAKMAMC - MID150,23.82,23.84,23.70,23.81,23.84,23.87,,23.81,,,54661,1301204.28,168,F1,1,,,,,
2026-08-18,2026-08-18,CM,NSE,STK,759488,INF174KA1XS6,MOMENTUM30,EQ,,,,,KOTAKMAMC - MOMENTUM30,31.27,31.28,31.07,31.19,31.28,31.27,,31.19,,,80449,2510073.38,68,F1,1,,,,,
2026-08-18,2026-08-18,CM,NSE,STK,29758,INF174KA1VD2,MSCIINDIA,EQ,,,,,KOTAKMAMC - MSCIINDIA,30.27,30.27,30.10,30.16,30.12,30.27,,30.16,,,4053,122221.13,64,F1,1,,,,,
2026-08-18,2026-08-18,CM,NSE,STK,760709,INF174KA1YO3,NEXT50ETF,EQ,,,,,KOTAKMAMC - NEXT50ETF,76.34,76.34,74.45,75.12,75.13,75.97,,75.12,,,23367,1757623.92,136,F1,1,,,,,
2026-08-18,2026-08-18,CM,NSE,STK,29944,INF174KA1UW4,NIFTY100EW,EQ,,,,,KOTAKMAMC - NIFTY100EW,36.77,36.77,35.51,35.64,35.62,35.74,,35.64,,,27419,977571.19,207,F1,1,,,,,
2026-08-18,2026-08-18,CM,NSE,STK,764195,INF174KA1A94,PVTBANK,EQ,,,,,KOTAKMAMC - PVTBANK,27.41,27.50,27.33,27.50,27.50,27.50,,27.50,,,1747,47876.54,9,F1,1,,,,,
2026-08-18,2026-08-18,CM,NSE,STK,757946,INF174KA1WT6,QUALITY30,EQ,,,,,KOTAKMAMC - QUALITY30,21.23,21.35,20.99,21.01,21.04,21.23,,21.01,,,18032,379649.08,65,F1,1,,,,,
2026-08-18,2026-08-18,CM,NSE,STK,5851,INF174KA1ZB7,BANKNIFTY1,EQ,,,,,KOTAKMAMC-KOTAKBKETF,61.38,61.38,59.45,59.63,59.87,59.89,,59.63,,,730567,43466484.10,740,F1,1,,,,,
2026-08-18,2026-08-18,CM,NSE,STK,762752,INE972A01020,KOTIC,EQ,,,,,KOTHARI INDUSTRIAL CORP L,145.95,156.36,143.35,145.08,145.90,143.36,,145.11,,,11873,1749766.64,455,F1,1,,,,,
2026-08-18,2026-08-18,CM,NSE,STK,4594,INE720A01015,KOTHARIPET,EQ,,,,,KOTHARI PETROCHEM LTD,133.50,137.53,133.50,134.99,134.30,133.91,,134.99,,,73090,9900475.43,1415,F1,1,,,,,
2026-08-18,2026-08-18,CM,NSE,STK,5528,INE823A01017,KOTHARIPRO,EQ,,,,,KOTHARI PRODUCTS LTD,68.58,69.43,67.50,67.95,67.62,68.58,,68.05,,,6465,439162.90,266,F1,1,,,,,
2026-08-18,2026-08-18,CM,NSE,STK,11647,INE419A01022,KOTARISUG,EQ,,,,,KOTHARI SUG & CHEM LTD.,26.40,27.30,26.40,26.89,26.89,26.29,,26.89,,,181199,4887234.78,845,F1,1,,,,,
2026-08-18,2026-08-18,CM,NSE,STK,761337,INE0J0B01017,KOTYARK,BE,,,,,KOTYARK INDUSTRIES LTD,36.36,36.36,36.36,36.36,36.36,38.27,,36.36,,,27777,1009971.72,263,F1,1,,,,,
2026-08-18,2026-08-18,CM,NSE,STK,5192,INE177F01017,KOVAI,EQ,,,,,KOVAI MEDICAL CENTER & HO,6181.50,6181.50,5990.00,6013.00,6045.00,6122.00,,6014.25,,,3161,19116789.50,774,F1,1,,,,,
2026-08-18,2026-08-18,CM,NSE,STK,5108,INE542W01025,KPIGREEN,EQ,,,,,KPI GREEN ENERGY LIMITED,302.50,316.30,302.45,308.90,309.00,303.10,,308.89,,,2232623,687877783.85,45336,F1,1,,,,,
2026-08-18,2026-08-18,CM,NSE,STK,9683,INE04I401011,KPITTECH,EQ,,,,,KPIT TECHNOLOGIES LIMITED,609.00,609.05,596.00,596.65,596.65,609.00,,596.62,,,1619307,972712588.30,30901,F1,1,,,,,
2026-08-18,2026-08-18,CM,NSE,STK,14912,INE930H01031,KPRMILL,EQ,,,,,KPR MILL LTD.,1135.60,1140.00,1118.30,1123.50,1123.90,1135.60,,1123.52,,,110490,124814189.60,11176,F1,1,,,,,
2026-08-18,2026-08-18,CM,NSE,STK,10577,INE001B01026,KRBL,EQ,,,,,KRBL LIMITED,394.65,403.80,390.50,393.60,394.00,395.70,,393.60,,,715530,284586267.85,22388,F1,1,,,,,
2026-08-18,2026-08-18,CM,NSE,STK,1937,INE268B01013,KREBSBIO,EQ,,,,,KREBS BIOCHEMICALS & IND,56.77,56.78,55.08,55.79,55.50,54.66,,55.79,,,5203,291452.54,27,F1,1,,,,,
2026-08-18,2026-08-18,CM,NSE,STK,11488,INE524L01026,KRIDHANINF,BE,,,,,KRIDHAN INFRA LIMITED,2.19,2.27,2.15,2.19,2.21,2.19,,2.19,,,58497,127054.93,55,F1,1,,,,,
2026-08-18,2026-08-18,CM,NSE,STK,12847,INE506W01020,KRISHANA,EQ,,,,,KRISHANA PHOSCHEM LIMITED,188.00,190.98,184.10,190.04,190.39,187.27,,190.04,,,695996,131125959.12,10287,F1,1,,,,,
2026-08-18,2026-08-18,CM,NSE,STK,16133,INE0NR701018,KRISHCA,SM,,,,,KRISHCA STRAPPING SLTN L,166.00,167.90,165.00,167.40,167.40,166.25,,167.40,,,8000,1334725.00,11,F1,500,,,,,
2026-08-18,2026-08-18,CM,NSE,STK,756782,INE0GGO01015,KRISHIVAL,EQ,,,,,KRISHIVAL FOODS LIMITED,403.00,403.00,350.60,355.75,355.50,408.30,,355.75,,,170859,62964058.75,5074,F1,1,,,,,
2026-08-18,2026-08-18,CM,NSE,STK,761192,INE0J5601015,KRISHNADEF,EQ,,,,,KRISHNA DEF AND ALD IND L,1067.90,1129.00,1067.90,1125.00,1129.00,1062.50,,1125.00,,,137042,151269544.70,12015,F1,1,,,,,
2026-08-18,2026-08-18,CM,NSE,STK,4847,INE967H01025,KIMS,EQ,,,,,KRISHNA INST OF MED SCI L,800.00,808.90,800.00,805.50,804.55,800.40,,805.45,,,217609,174666611.80,13301,F1,1,,,,,
2026-08-18,2026-08-18,CM,NSE,STK,6417,INE479D01038,KRITI,EQ,,,,,KRITI INDUSTRIES IND LTD,66.73,68.94,65.20,65.81,65.98,66.73,,66.47,,,7131,470335.88,94,F1,1,,,,,
2026-08-18,2026-08-18,CM,NSE,STK,11432,INE798K01010,KRITINUT,EQ,,,,,KRITI NUTRIENTS LIMITED,86.99,87.50,84.51,85.79,85.10,85.15,,85.78,,,4162,357418.99,111,F1,1,,,,,
2026-08-18,2026-08-18,CM,NSE,STK,9288,INE00Z501029,KRITIKA,EQ,,,,,KRITIKA WIRES LIMITED,5.54,5.60,5.50,5.52,5.55,5.54,,5.52,,,56033,310181.92,316,F1,1,,,,,
2026-08-18,2026-08-18,CM,NSE,STK,760624,INE1MTV01019,KRMAYURVED,SM,,,,,KRM AYURVEDA LIMITED,274.85,285.00,274.85,281.70,282.95,272.85,,281.70,,,84000,23555300.00,71,F1,1000,,,,,
2026-08-18,2026-08-18,CM,NSE,STK,25643,INE0Q3J01015,KRN,EQ,,,,,KRN HEAT EXCHANGE N REF L,1517.70,1560.00,1475.00,1522.10,1515.00,1539.70,,1522.17,,,425448,642705843.70,27219,F1,1,,,,,
2026-08-18,2026-08-18,CM,NSE,STK,24025,INE0ATZ01017,KRONOX,EQ,,,,,KRONOX LAB SCIENCES LTD,150.10,154.55,144.41,151.70,151.50,151.52,,151.79,,,225530,33551179.39,3932,F1,1,,,,,
2026-08-18,2026-08-18,CM,NSE,STK,25252,INE0O6601022,KROSS,EQ,,,,,KROSS LIMITED,203.50,208.01,201.35,202.50,203.80,205.20,,202.50,,,329794,67471540.61,6545,F1,1,,,,,
2026-08-18,2026-08-18,CM,NSE,STK,5359,INE08LI01020,KRSNAA,EQ,,,,,KRSNAA DIAGNOSTICS LTD,560.00,563.00,537.10,540.20,540.00,558.45,,540.28,,,85637,46871399.25,5205,F1,1,,,,,
2026-08-18,2026-08-18,CM,NSE,STK,23175,INE0QN801017,KRYSTAL,EQ,,,,,KRYSTAL INTEGRATED SER L,620.20,623.70,620.00,620.00,620.00,620.40,,620.00,,,5861,3637072.80,261,F1,1,,,,,
2026-08-18,2026-08-18,CM,NSE,STK,1949,INE999A01023,KSB,EQ,,,,,KSB LIMITED,797.05,801.45,789.65,794.50,791.00,795.25,,794.46,,,38365,30479019.05,4636,F1,1,,,,,
2026-08-18,2026-08-18,CM,NSE,STK,764753,INE953E01022,KSE,EQ,,,,,KSE LTD.,197.90,199.99,196.00,198.82,199.00,194.47,,198.52,,,25704,5098427.40,572,F1,1,,,,,
2026-08-18,2026-08-18,CM,NSE,STK,760433,INE987S01020,KSHINTL,EQ,,,,,KSH INTERNATIONAL LIMITED,1024.30,1030.40,985.25,999.45,1003.30,1022.35,,999.58,,,225378,225037352.75,15549,F1,1,,,,,
2026-08-18,2026-08-18,CM,NSE,STK,10407,INE013801027,KSHITIJPOL,EQ,,,,,KSHITIJ POLYLINE LIMITED,3.04,3.09,2.88,2.91,2.94,3.03,,2.91,,,2109693,6156258.23,1578,F1,1,,,,,
2026-08-18,2026-08-18,CM,NSE,STK,11060,INE0D6I01023,KSOLVES,EQ,,,,,KSOLVES INDIA LIMITED,271.00,273.80,268.00,270.35,270.55,274.10,,270.36,,,26890,7279931.70,1337,F1,1,,,,,
2026-08-18,2026-08-18,CM,NSE,STK,759987,INE1SPP01016,KSR,EQ,,,,,KSR FOOTWEAR LIMITED,29.16,29.80,28.36,28.47,29.40,29.30,,28.47,,,2070,59661.38,53,F1,1,,,,,
2026-08-18,2026-08-18,CM,NSE,STK,13870,INE529I01021,KUANTUM,EQ,,,,,KUANTUM PAPERS LIMITED,80.74,81.28,79.20,79.79,79.99,80.33,,79.80,,,153618,12292531.61,1490,F1,1,,,,,
2026-08-18,2026-08-18,CM,NSE,STK,764116,INE0ISX01025,KUSUMGAR,EQ,,,,,KUSUMGAR LIMITED,590.00,601.00,589.00,595.00,596.00,592.25,,595.03,,,231690,138274609.05,8059,F1,1,,,,,
2026-08-18,2026-08-18,CM,NSE,STK,762757,INE552U01010,KPL,EQ,,,,,KWALITY PHARMACEUTICALS L,3648.00,3654.80,3499.80,3532.60,3544.00,3598.10,,3531.90,,,35819,127166466.80,4956,F1,1,,,,,
2026-08-18,2026-08-18,CM,NSE,STK,760946,INE2KCE01013,KWIL,EQ,,,,,KWALITY WALL'S (INDIA) L,38.93,39.35,37.83,38.10,37.93,38.79,,38.10,,,21856056,845151157.80,47363,F1,1,,,,,
2026-08-18,2026-08-18,CM,NSE,STK,765100,INE341H01023,LKPSEC,EQ,,,,,L K P SECURITIES LTD.,16.44,17.70,16.44,16.76,16.99,16.44,,16.73,,,26512,449019.36,654,F1,1,,,,,
2026-08-18,2026-08-18,CM,NSE,STK,24948,INE498L01015,LTF,EQ,,,,,L&T FINANCE LIMITED,314.00,325.80,307.55,325.10,325.10,315.00,,325.10,,,10165537,3254172895.45,71272,F1,1,,,,,
2026-08-18,2026-08-18,CM,NSE,STK,18564,INE010V01017,LTTS,EQ,,,,,L&T TECHNOLOGY SER. LTD.,3525.20,3562.00,3495.00,3509.90,3508.20,3528.50,,3509.33,,,47263,166905617.10,10450,F1,1,,,,,
2026-08-18,2026-08-18,CM,NSE,STK,14423,INE059D01020,LAOPALA,EQ,,,,,LA OPALA RG LIMITED,191.00,192.42,188.60,189.31,190.00,191.22,,189.32,,,213293,40468096.47,4486,F1,1,,,,,
2026-08-18,2026-08-18,CM,NSE,STK,764758,INE519D01015,LADDERUP,EQ,,,,,LADDERUP FINANCE LTD.,50.90,50.90,50.33,50.33,50.33,49.11,,50.33,,,43,2173.20,4,F1,1,,,,,
2026-08-18,2026-08-18,CM,NSE,STK,5865,INE548Z01017,LAGNAM,EQ,,,,,LAGNAM SPINTEX LIMITED,77.60,79.95,77.40,77.81,77.89,77.94,,77.81,,,40464,3177016.62,385,F1,1,,,,,
2026-08-18,2026-08-18,CM,NSE,STK,762762,INE515C01023,LAHOTIOV,EQ,,,,,LAHOTI OVERSEAS LTD.,42.98,43.50,42.11,42.28,42.99,42.98,,42.28,,,885,37518.99,15,F1,1,,,,,
2026-08-18,2026-08-18,CM,NSE,STK,7902,INE850E01012,LFIC,EQ,,,,,LAKSHMI FIN IND CORP LTD,138.21,145.00,138.21,140.88,140.99,140.70,,140.88,,,470,65935.87,38,F1,1,,,,,
2026-08-18,2026-08-18,CM,NSE,STK,764763,INE938C01019,LAKSHMIMIL,EQ,,,,,LAKSHMI MILLS CO. LTD.,8505.00,8505.00,7900.00,8001.50,8000.00,8067.00,,8053.20,,,69,565524.00,34,F1,1,,,,,
2026-08-18,2026-08-18,CM,NSE,STK,4774,INE651C01018,LAKPRE,BZ,,,,,LAKSHMI PRE SCRE LTD,4.56,4.56,4.56,4.56,4.56,4.56,,4.56,,,25,114.00,1,F1,1,,,,,
2026-08-18,2026-08-18,CM,NSE,STK,25860,INE0VZS01015,LAKSHYA,SM,,,,,LAKSHYA POWERTECH LIMITED,83.85,84.65,82.40,84.30,84.30,81.50,,84.30,,,4000,335760.00,5,F1,800,,,,,
2026-08-18,2026-08-18,CM,NSE,STK,6407,INE112F01022,LAMBODHARA,EQ,,,,,LAMBODHARA TEXTILES LTD.,113.64,113.64,110.35,110.59,111.00,110.10,,110.60,,,4907,546435.04,168,F1,1,,,,,
2026-08-18,2026-08-18,CM,NSE,STK,27225,INE0R0201012,LAMOSAIC,ST,,,,,LAMOSAIC INDIA LIMITED,54.25,56.95,54.00,56.95,56.95,55.80,,56.95,,,49200,2752350.00,38,F1,600,,,,,
2026-08-18,2026-08-18,CM,NSE,STK,9392,INE359U01028,LANCER,EQ,,,,,LANCER CONTAINER LINES L,11.12,11.24,10.58,10.92,10.95,11.07,,10.94,,,148016,1620740.98,404,F1,1,,,,,
2026-08-18,2026-08-18,CM,NSE,STK,23027,INE572G01025,LANCORHOL,EQ,,,,,LANCOR HOLDINGS LIMITED,30.25,30.25,27.80,28.18,27.85,29.29,,28.18,,,134243,3865770.40,1925,F1,1,,,,,
2026-08-18,2026-08-18,CM,NSE,STK,13276,INE559R01029,LANDMARK,EQ,,,,,LANDMARK CARS LIMITED,513.40,519.65,504.25,513.30,509.00,511.00,,513.30,,,118817,60722252.60,4562,F1,1,,,,,
2026-08-18,2026-08-18,CM,NSE,STK,16863,INE197J01017,LPDC,EQ,,,,,LANDMARK PR.DEV.CO.LTD,7.86,7.86,7.25,7.38,7.39,7.87,,7.37,,,96777,728839.76,352,F1,1,,,,,
2026-08-18,2026-08-18,CM,NSE,STK,17376,INE688J01023,LANDSMILL,EQ,,,,,LANDSMILL GREEN LIMITED,0.75,0.78,0.75,0.76,0.77,0.75,,0.76,,,2802194,2142167.54,843,F1,1,,,,,
2026-08-18,2026-08-18,CM,NSE,STK,11483,INE018A01030,LT,EQ,,,,,LARSEN & TOUBRO LTD.,4068.00,4085.00,4050.00,4064.30,4064.30,4086.70,,4064.49,,,1355575,5518324232.20,68981,F1,1,,,,,
2026-08-18,2026-08-18,CM,NSE,STK,21713,INE670X01014,LASA,EQ,,,,,LASA SUPERGENERICS LTD,7.14,7.44,6.75,7.19,7.21,7.14,,7.19,,,25232,179404.76,216,F1,1,,,,,
2026-08-18,2026-08-18,CM,NSE,STK,764126,INE17IR01028,LASERPOWER,EQ,,,,,LASER POWER & INFRA LTD,321.50,331.50,320.40,327.60,327.50,324.35,,327.61,,,2181158,712605999.10,25983,F1,1,,,,,
2026-08-18,2026-08-18,CM,NSE,STK,6818,INE0I7C01011,LATENTVIEW,EQ,,,,,LATENT VIEW ANALYTICS LTD,287.20,289.95,280.40,281.60,280.90,285.50,,281.60,,,510178,144550822.45,11277,F1,1,,,,,
2026-08-18,2026-08-18,CM,NSE,STK,15840,INE262Z01023,LATTEYS,EQ,,,,,LATTEYS INDUSTRIES LTD,23.29,23.85,22.34,23.03,22.90,23.29,,23.03,,,169405,3900403.23,785,F1,1,,,,,
2026-08-18,2026-08-18,CM,NSE,STK,19234,INE947Q01028,LAURUSLABS,EQ,,,,,LAURUS LABS LIMITED,1810.00,1824.60,1802.10,1814.00,1814.00,1809.70,,1814.00,,,1291914,2348331388.40,35171,F1,1,,,,,
2026-08-18,2026-08-18,CM,NSE,STK,6568,INE801V01019,LAXMICOT,EQ,,,,,LAXMI COTSPIN LIMITED,13.41,13.69,13.22,13.46,13.50,13.41,,13.46,,,5759,77441.17,64,F1,1,,,,,
2026-08-18,2026-08-18,CM,NSE,STK,29171,INE0WO601020,LAXMIDENTL,EQ,,,,,LAXMI DENTAL LIMITED,200.00,202.39,197.38,198.39,198.34,200.64,,198.43,,,144665,28855021.53,3264,F1,1,,,,,
2026-08-18,2026-08-18,CM,NSE,STK,19876,INE258Y01016,LGHL,EQ,,,,,LAXMI GOLDORNA HOUSE LTD,177.62,184.78,175.93,180.84,182.00,177.62,,180.84,,,4502,808166.65,281,F1,1,,,,,
2026-08-18,2026-08-18,CM,NSE,STK,758863,INE06WU01026,LAXMIINDIA,EQ,,,,,LAXMI INDIA FINANCE LTD,135.85,135.90,130.02,131.38,131.11,136.56,,131.38,,,155482,20471005.72,1519,F1,1,,,,,
2026-08-18,2026-08-18,CM,NSE,STK,2841,INE576O01020,LXCHEM,EQ,,,,,LAXMI ORGANIC INDUS LTD,179.05,181.09,173.31,174.19,174.08,179.66,,174.19,,,746694,131589013.23,8925,F1,1,,,,,
2026-08-18,2026-08-18,CM,NSE,STK,7529,INE938A01021,LCCINFOTEC,EQ,,,,,LCC INFOTECH LTD,3.81,3.99,3.44,3.84,3.85,3.82,,3.84,,,115295,421991.95,196,F1,1,,,,,
2026-08-18,2026-08-18,CM,NSE,STK,760300,INE0G1L01025,LEMERITE,EQ,,,,,LE MERITE EXPORTS LIMITED,23.49,23.49,22.50,23.01,23.15,23.25,,23.01,,,355691,8143009.54,916,F1,1,,,,,
2026-08-18,2026-08-18,CM,NSE,STK,24067,INE0HV901016,IXIGO,EQ,,,,,LE TRAVENUES TECHNOLOGY L,171.20,174.80,170.25,172.26,171.50,172.51,,172.29,,,348709,60010540.99,10546,F1,1,,,,,
2026-08-18,2026-08-18,CM,NSE,STK,14204,INE0H4B01011,LRRPL,SM,,,,,LEAD REC AND RUB PROD LTD,83.50,83.50,83.50,83.50,83.50,83.50,,83.50,,,1500,125250.00,1,F1,1500,,,,,
2026-08-18,2026-08-18,CM,NSE,STK,764523,INE00GO01025,LEAPIND,EQ,,,,,LEAP INDIA LIMITED,160.00,164.70,158.30,160.30,159.31,155.49,,160.29,,,29119032,4706265223.08,199474,F1,1,,,,,
2026-08-18,2026-08-18,CM,NSE,STK,765095,INE791B01014,LEENEE,EQ,,,,,LEE & NEE SOFTWARES (E) L,7.06,7.97,6.81,7.58,7.75,7.06,,7.60,,,18361,139766.85,146,F1,1,,,,,
2026-08-18,2026-08-18,CM,NSE,STK,757014,INE0AQ201015,THELEELA,EQ,,,,,LEELA PALACES HOTEL LTD,508.95,521.95,503.30,519.15,519.65,503.00,,519.11,,,412429,211277813.75,19601,F1,1,,,,,
2026-08-18,2026-08-18,CM,NSE,STK,2606,INE970X01018,LEMONTREE,EQ,,,,,LEMON TREE HOTELS LTD,109.20,110.13,107.88,109.02,108.90,109.55,,109.02,,,3034796,330237386.02,38055,F1,1,,,,,
2026-08-18,2026-08-18,CM,NSE,STK,759605,INE956O01016,LENSKART,EQ,,,,,LENSKART SOLUTIONS LTD,609.85,640.00,606.85,628.40,628.70,607.60,,628.36,,,10855580,6785548721.30,171490,F1,1,,,,,
2026-08-18,2026-08-18,CM,NSE,STK,14459,INE500X01013,LEXUS,EQ,,,,,LEXUS GRANITO (INDIA) LTD,13.91,14.79,13.07,13.55,13.72,13.58,,13.55,,,12787,171888.67,120,F1,1,,,,,
2026-08-18,2026-08-18,CM,NSE,STK,18321,INE337A01034,LGBBROSLTD,EQ,,,,,LG BALAKRISHNAN & BROS,1602.00,1623.90,1600.00,1603.10,1600.20,1602.80,,1603.54,,,14844,23856159.80,2149,F1,1,,,,,
2026-08-18,2026-08-18,CM,NSE,STK,760213,INE324D01010,LGEINDIA,EQ,,,,,LG ELECTRONICS INDIA LTD,1651.00,1675.00,1640.10,1649.40,1645.00,1667.60,,1649.41,,,812372,1347875479.90,38140,F1,1,,,,,
2026-08-18,2026-08-18,CM,NSE,STK,11082,INE908V01012,LIBAS,EQ,,,,,LIBAS CONSU PRODUCTS LTD,9.95,9.95,9.36,9.77,9.80,9.52,,9.77,,,43087,415284.41,104,F1,1,,,,,
2026-08-18,2026-08-18,CM,NSE,STK,1994,INE557B01019,LIBERTSHOE,EQ,,,,,LIBERTY SHOES LTD,248.95,248.95,242.60,245.15,246.95,248.05,,245.14,,,29617,7253579.55,628,F1,1,,,,,
2026-08-18,2026-08-18,CM,NSE,STK,1997,INE115A01026,LICHSGFIN,EQ,,,,,LIC HOUSING FINANCE LTD,500.00,501.80,495.90,498.80,498.80,498.25,,498.80,,,1854138,924912073.90,30771,F1,1,,,,,
2026-08-18,2026-08-18,CM,NSE,STK,25640,INF767K01SM1,LICMFGOLD,EQ,,,,,LIC MF - LIC GOLD ETF,139.25,139.25,137.15,137.35,137.15,137.50,,137.38,,,46672,6424738.90,414,F1,1,,,,,
2026-08-18,2026-08-18,CM,NSE,STK,11319,INF767K01OS7,LICNETFN50,EQ,,,,,LICNAMC - LICNFENGP,272.38,272.74,271.06,271.06,271.06,273.74,,271.06,,,176,47924.30,24,F1,1,,,,,
2026-08-18,2026-08-18,CM,NSE,STK,11441,INF767K01OT5,LICNETFSEN,EQ,,,,,LICNAMC - LICNFESGP,883.95,883.95,872.12,879.20,879.20,880.61,,879.20,,,35,30653.65,4,F1,1,,,,,
2026-08-18,2026-08-18,CM,NSE,STK,15229,INF767K01PC8,LICNFNHGP,EQ,,,,,LICNAMC - LICNFNHGP,283.97,283.97,277.76,277.86,278.94,281.16,,277.86,,,36,10091.49,14,F1,1,,,,,
2026-08-18,2026-08-18,CM,NSE,STK,6062,INF767K01MV5,LICNETFGSC,EQ,,,,,LICNAMC - LICNMFET,29.47,29.60,29.40,29.51,29.50,29.51,,29.51,,,17390,513968.08,74,F1,1,,,,,
2026-08-18,2026-08-18,CM,NSE,STK,22722,INF767K01RN1,LICNMID100,EQ,,,,,LICNAMC - LICNMID100,63.81,64.48,63.53,63.90,63.82,64.17,,63.91,,,2032,130049.63,67,F1,1,,,,,
2026-08-18,2026-08-18,CM,NSE,STK,9480,INE0J1Y01017,LICI,EQ,,,,,LIFE INSURA CORP OF INDIA,410.10,413.95,407.00,410.00,410.00,410.00,,409.99,,,5374472,2206878134.65,46706,F1,1,,,,,
2026-08-18,2026-08-18,CM,NSE,STK,578,INE060901027,LIKHITHA,EQ,,,,,LIKHITHA INFRASTRUC LTD,207.70,216.90,207.20,208.57,209.00,206.67,,208.62,,,48039,10163443.40,1159,F1,1,,,,,
2026-08-18,2026-08-18,CM,NSE,STK,6951,INE802B01027,LINC,EQ,,,,,LINC LIMITED,99.00,99.00,94.63,95.45,95.50,97.28,,95.45,,,32789,3141908.53,778,F1,1,,,,,
2026-08-18,2026-08-18,CM,NSE,STK,11596,INE405C01035,LINCOLN,EQ,,,,,LINCOLN PHARMA LTD,623.35,627.20,612.35,619.10,617.50,623.35,,619.10,,,28701,17791605.10,1631,F1,1,,,,,
2026-08-18,2026-08-18,CM,NSE,STK,1627,INE473A01011,LINDEINDIA,EQ,,,,,LINDE INDIA LIMITED,6720.00,6870.50,6701.50,6725.50,6711.50,6732.00,,6725.63,,,33874,230220092.00,6906,F1,1,,,,,
2026-08-18,2026-08-18,CM,NSE,STK,17801,INE093R01011,LLOYDSENGG,EQ,,,,,LLOYDS ENGG WORK LIMITED,91.77,94.50,91.60,93.66,94.00,91.21,,93.66,,,10766214,1003569794.83,41382,F1,1,,,,,
2026-08-18,2026-08-18,CM,NSE,STK,25807,INE080I01025,LLOYDSENT,EQ,,,,,LLOYDS ENTERPRISES LTD,75.60,80.90,75.60,79.03,79.40,75.65,,79.04,,,6839394,541819477.01,29576,F1,1,,,,,
2026-08-18,2026-08-18,CM,NSE,STK,11472,INE0DTQ01028,LLOYDS,SM,,,,,LLOYDS LUXURIES LIMITED,61.50,61.50,61.50,61.50,61.50,62.90,,61.50,,,1000,61500.00,1,F1,1000,,,,,
2026-08-18,2026-08-18,CM,NSE,STK,17313,INE281B01032,LLOYDSME,EQ,,,,,LLOYDS METALS N ENERGY L,1938.20,1943.90,1909.00,1938.60,1938.00,1942.00,,1938.59,,,347859,671317578.90,13085,F1,1,,,,,
2026-08-18,2026-08-18,CM,NSE,STK,1979,INE269B01029,LMW,EQ,,,,,LMW LIMITED,19976.00,20130.00,19689.00,19748.00,19760.00,20047.00,,19747.31,,,6432,128140365.00,2622,F1,1,,,,,
2026-08-18,2026-08-18,CM,NSE,STK,3220,INE670K01029,LODHA,EQ,,,,,LODHA DEVELOPERS LIMITED,1254.00,1260.00,1211.10,1211.10,1211.10,1254.00,,1211.13,,,1547121,1900769021.70,33407,F1,1,,,,,
2026-08-18,2026-08-18,CM,NSE,STK,764296,INE0QJW01029,LCL,EQ,,,,,LOHIA CORP LIMITED,546.20,577.70,543.45,573.00,573.60,546.20,,573.08,,,1385067,781628048.25,44743,F1,1,,,,,
2026-08-18,2026-08-18,CM,NSE,STK,13439,INE397H01017,LOKESHMACH,BE,,,,,LOKESH MACHINES LTD,329.80,339.50,329.80,331.35,330.50,329.80,,331.54,,,22250,7387046.60,197,F1,1,,,,,
2026-08-18,2026-08-18,CM,NSE,STK,18232,INE846D01012,LORDSCHLO,EQ,,,,,LORDS CHLORO ALKALI LTD,140.03,142.45,133.00,133.42,134.05,139.98,,133.45,,,29362,3973005.97,1008,F1,1,,,,,
2026-08-18,2026-08-18,CM,NSE,STK,14924,INE740X01023,LAL,EQ,,,,,LORENZINI APPARELS LTD,8.72,8.76,8.60,8.63,8.67,8.72,,8.63,,,7127,61935.39,69,F1,1,,,,,
2026-08-18,2026-08-18,CM,NSE,STK,764768,INE026D01011,LOTUSCHO,EQ,,,,,LOTUS CHOCOLATE CO. LTD.,621.00,633.95,601.00,616.80,615.15,622.05,,617.09,,,2315,1427939.45,200,F1,1,,,,,
2026-08-18,2026-08-18,CM,NSE,STK,16807,INE947I01017,LOTUSEYE,EQ,,,,,LOTUS EYE HOSP & INST L,116.00,118.47,115.06,116.07,116.50,115.83,,116.13,,,6888,798953.88,116,F1,1,,,,,
2026-08-18,2026-08-18,CM,NSE,STK,22415,INE597L01014,LOVABLE,EQ,,,,,LOVABLE LINGERIE LTD,71.82,73.72,71.53,72.09,72.49,72.04,,72.09,,,2942,211903.38,111,F1,1,,,,,
2026-08-18,2026-08-18,CM,NSE,STK,10590,INE970D01010,LOYALTEX,EQ,,,,,LOYAL TEXTILE MILLS LTD,219.00,234.88,214.00,216.90,216.25,221.00,,216.90,,,1091,243838.80,93,F1,1,,,,,
2026-08-18,2026-08-18,CM,NSE,STK,13816,INE818H01020,LTFOODS,EQ,,,,,LT FOODS LIMITED,416.20,429.40,416.20,426.30,425.15,417.15,,426.29,,,512273,217443974.80,20772,F1,1,,,,,
2026-08-18,2026-08-18,CM,NSE,STK,17818,INE214T01019,LTM,EQ,,,,,LTM LIMITED,4630.00,4684.00,4562.20,4562.20,4562.20,4700.00,,4562.25,,,258689,1196538294.50,17511,F1,1,,,,,
2026-08-18,2026-08-18,CM,NSE,STK,14014,INE872H01027,LUMAXTECH,EQ,,,,,LUMAX AUTO TECH LTD,2050.40,2055.00,2000.00,2014.70,2004.10,2049.00,,2014.28,,,101150,204474861.80,14592,F1,1,,,,,
2026-08-18,2026-08-18,CM,NSE,STK,2018,INE162B01018,LUMAXIND,EQ,,,,,LUMAX INDUSTRIES LTD,5792.00,5849.00,5710.00,5726.00,5736.50,5792.00,,5723.47,,,5666,32662283.00,1933,F1,1,,,,,
2026-08-18,2026-08-18,CM,NSE,STK,10440,INE326A01037,LUPIN,EQ,,,,,LUPIN LIMITED,2255.00,2255.00,2220.50,2232.00,2232.00,2259.00,,2231.97,,,694324,1548235223.60,42714,F1,1,,,,,
2026-08-18,2026-08-18,CM,NSE,STK,11301,INE150G01020,LUXIND,EQ,,,,,LUX INDUSTRIES LIMITED,1203.70,1234.90,1198.40,1228.90,1230.10,1209.00,,1228.88,,,39889,48648703.50,3687,F1,1,,,,,
2026-08-18,2026-08-18,CM,NSE,STK,7248,INE933A01014,LYKALABS,BE,,,,,LYKA LABS LTD.,69.39,69.39,69.39,69.39,69.39,68.03,,69.31,,,4570,317112.30,33,F1,1,,,,,
2026-08-18,2026-08-18,CM,NSE,STK,758150,INE08N601015,MBEL,EQ,,,,,M AND B ENGINEERING LTD,285.30,285.30,278.80,284.35,284.90,283.30,,284.45,,,147787,41755556.40,21823,F1,1,,,,,
2026-08-18,2026-08-18,CM,NSE,STK,765120,INE227F01010,MKEXIM,EQ,,,,,M K EXIM (INDIA) LTD.,56.75,56.75,52.00,53.91,53.26,53.91,,54.01,,,1976,105998.48,52,F1,1,,,,,
2026-08-18,2026-08-18,CM,NSE,STK,16736,INE964W01021,MKPL,EQ,,,,,M K PROTEINS LIMITED,4.18,4.19,4.11,4.16,4.11,4.11,,4.16,,,39931,165911.82,277,F1,1,,,,,
2026-08-18,2026-08-18,CM,NSE,STK,22360,INE813V01022,MCL,EQ,,,,,M TEK COPPER LIMITED,60.99,60.99,58.60,59.24,59.00,60.47,,59.24,,,88186,5235161.22,2849,F1,1,,,,,
2026-08-18,2026-08-18,CM,NSE,STK,13285,INE774D01024,M&MFIN,EQ,,,,,M&M FIN. SERVICES LTD,390.00,391.00,382.25,386.20,386.10,388.90,,386.20,,,1441684,556282110.75,43131,F1,1,,,,,
2026-08-18,2026-08-18,CM,NSE,STK,22976,INE0SGC01015,MVKAGRO,SM,,,,,M.V.K. AGRO FOOD PROD LTD,206.70,206.70,206.70,206.70,206.70,217.55,,206.70,,,9900,2046330.00,19,F1,300,,,,,
2026-08-18,2026-08-18,CM,NSE,STK,15017,INE215I01027,MAANALU,EQ,,,,,MAAN ALUMINIUM LIMITED,122.79,122.79,118.00,119.35,119.00,119.33,,119.31,,,44463,5301056.83,773,F1,1,,,,,
2026-08-18,2026-08-18,CM,NSE,STK,762782,INE435D01014,MCCHRLS-B,EQ,,,,,MAC CHARLES (INDIA) LTD.,690.00,690.00,659.95,660.00,660.00,677.10,,660.00,,,240,158779.05,30,F1,1,,,,,
2026-08-18,2026-08-18,CM,NSE,STK,24545,INE0R0J01010,MACOBSTECH,SM,,,,,MACOBS TECHNOLOGIES LTD,217.00,217.00,205.00,205.70,205.00,207.40,,205.70,,,40000,8575880.00,14,F1,800,,,,,
2026-08-18,2026-08-18,CM,NSE,STK,22347,INE155Z01011,MACPOWER,EQ,,,,,MACPOWER CNC MACHINES LTD,1782.50,2000.00,1782.50,1983.60,1981.10,1781.40,,1983.60,,,190829,371760647.60,21959,F1,1,,,,,
2026-08-18,2026-08-18,CM,NSE,STK,762767,INE631R01026,MADHAVIPL,EQ,,,,,MADHAV INFRA PROJECTS L,7.21,7.48,6.95,7.24,7.19,7.04,,7.23,,,110854,782575.96,297,F1,1,,,,,
2026-08-18,2026-08-18,CM,NSE,STK,15151,INE925C01016,MADHAV,EQ,,,,,MADHAV MARBLE & GRANITE,35.87,37.24,35.87,37.10,37.07,35.87,,37.06,,,4469,161875.36,24,F1,1,,,,,
2026-08-18,2026-08-18,CM,NSE,STK,13668,INE378D01032,MADHUCON,BE,,,,,MADHUCON PROJECTS LTD.,5.47,5.48,5.22,5.28,5.25,5.47,,5.24,,,14682,79610.75,64,F1,1,,,,,
2026-08-18,2026-08-18,CM,NSE,STK,18738,INE0P6701019,MADHUSUDAN,ST,,,,,MADHUSUDAN MASALA LIMITED,227.25,229.95,225.00,227.00,227.00,224.80,,227.00,,,7000,1591900.00,7,F1,1000,,,,,
2026-08-18,2026-08-18,CM,NSE,STK,12686,INE900L01028,MBAPL,EQ,,,,,MADHYA BHARAT AGRO P. LTD,165.00,165.99,161.99,162.47,162.09,164.73,,162.47,,,378114,61814882.60,6108,F1,1,,,,,
2026-08-18,2026-08-18,CM,NSE,STK,4911,INE414A01015,MADRASFERT,EQ,,,,,MADRAS FERTILISERS LTD,65.00,65.02,64.25,64.36,64.25,65.03,,64.36,,,23590,1522323.45,355,F1,1,,,,,
2026-08-18,2026-08-18,CM,NSE,STK,762772,INE270B01035,MAFATIND,EQ,,,,,MAFATLAL INDUSTRIES LTD.,122.30,124.44,122.20,122.53,122.26,124.21,,122.51,,,18806,2317035.59,514,F1,1,,,,,
2026-08-18,2026-08-18,CM,NSE,STK,21392,INE347W01011,MAGADSUGAR,EQ,,,,,MAGADH SUGAR & ENERGY LTD,576.00,591.00,560.15,565.50,561.00,570.65,,565.83,,,64874,37645554.75,3328,F1,1,,,,,
2026-08-18,2026-08-18,CM,NSE,STK,29482,INE613C01026,MCLOUD,EQ,,,,,MAGELLANIC CLOUD LIMITED,26.98,29.10,26.84,28.85,28.90,26.77,,28.85,,,9815518,279740941.98,23044,F1,1,,,,,
2026-08-18,2026-08-18,CM,NSE,STK,14957,INE387I01016,MAGNUM,EQ,,,,,MAGNUM VENTURES LTD.,19.27,19.47,19.01,19.10,19.34,19.28,,19.10,,,65718,1263420.44,58,F1,1,,,,,
2026-08-18,2026-08-18,CM,NSE,STK,5239,INE843B01013,MAHAPEXLTD,EQ,,,,,MAHA RASHTRA APEX COPR. L,53.49,58.01,52.61,56.95,56.99,54.09,,56.95,,,64885,3690524.21,548,F1,1,,,,,
2026-08-18,2026-08-18,CM,NSE,STK,24937,INE0US801024,MFML,EQ,,,,,MAHALAXMI FABRIC MILLS LT,18.61,19.84,18.58,18.95,18.60,18.67,,18.95,,,6762,129515.47,76,F1,1,,,,,
2026-08-18,2026-08-18,CM,NSE,STK,7889,INE112D01035,MHLXMIRU,BE,,,,,MAHALAXMI RUBTECH LIMITED,185.20,190.00,180.00,186.00,186.00,186.27,,186.00,,,17254,3234573.67,121,F1,1,,,,,
2026-08-18,2026-08-18,CM,NSE,STK,17531,INE451L01014,MAHASTEEL,BE,,,,,MAHAMAYA STEEL INDS LTD,1107.60,1135.00,1080.50,1123.70,1112.00,1099.10,,1124.00,,,41209,45969389.30,329,F1,1,,,,,
2026-08-18,2026-08-18,CM,NSE,STK,17534,INE002S01010,MGL,EQ,,,,,MAHANAGAR GAS LTD.,1106.00,1118.40,1100.00,1111.40,1113.90,1129.10,,1111.37,,,277306,307744192.50,20219,F1,1,,,,,
2026-08-18,2026-08-18,CM,NSE,STK,2294,INE153A01019,MTNL,EQ,,,,,MAHANAGAR TELEPHONE NIGAM,27.15,27.59,26.90,27.08,26.91,27.08,,27.08,,,870655,23721188.77,3898,F1,1,,,,,
2026-08-18,2026-08-18,CM,NSE,STK,2085,INE288A01013,MAHSCOOTER,EQ,,,,,MAHARASHTRA SCOOTERS LTD,13448.00,13688.00,13121.00,13226.00,13240.00,13449.00,,13226.19,,,2959,39243261.00,1144,F1,1,,,,,
2026-08-18,2026-08-18,CM,NSE,STK,2088,INE271B01025,MAHSEAMLES,EQ,,,,,MAHARASHTRA SEAMLESS LTD,622.00,627.95,616.10,620.90,623.00,622.00,,620.89,,,127306,79076253.30,9660,F1,1,,,,,
2026-08-18,2026-08-18,CM,NSE,STK,758688,INE632Q01018,MRIL,ST,,,,,MAHENDRA REALTO & INFRA L,63.50,63.50,60.00,60.00,60.00,63.00,,60.00,,,3200,197600.00,2,F1,1600,,,,,
2026-08-18,2026-08-18,CM,NSE,STK,9577,INE263W01010,MAHESHWARI,BE,,,,,MAHESHWARI LOGISTICS LTD.,72.72,72.99,70.79,72.50,72.50,72.00,,72.50,,,17674,1274212.31,32,F1,1,,,,,
2026-08-18,2026-08-18,CM,NSE,STK,2839,INE961Y01015,MAHICKRA,SM,,,,,MAHICKRA CHEMICAL LIMITED,294.00,294.00,294.00,294.00,294.00,295.00,,294.00,,,750,220500.00,1,F1,750,,,,,
2026-08-18,2026-08-18,CM,NSE,STK,2031,INE101A01026,M&M,EQ,,,,,MAHINDRA & MAHINDRA LTD,3390.40,3435.00,3390.20,3421.50,3421.50,3390.40,,3421.49,,,1371664,4693338090.10,76990,F1,1,,,,,
2026-08-18,2026-08-18,CM,NSE,STK,17603,INE215D01010,MAHEPC,EQ,,,,,MAHINDRA EPC IRRIG LTD,108.00,108.17,106.50,107.37,107.50,107.31,,107.34,,,15286,1641840.99,424,F1,1,,,,,
2026-08-18,2026-08-18,CM,NSE,STK,17333,INE998I01010,MHRIL,EQ,,,,,MAHINDRA HOLIDAYS LTD,222.65,224.86,220.80,221.39,221.10,224.89,,221.40,,,49704,11055417.49,2131,F1,1,,,,,
2026-08-18,2026-08-18,CM,NSE,STK,8050,INE813A01018,MAHLIFE,EQ,,,,,MAHINDRA LIFESPACE DEVLTD,391.00,391.00,381.10,384.15,382.10,386.65,,384.14,,,92716,35587756.95,3398,F1,1,,,,,
2026-08-18,2026-08-18,CM,NSE,STK,385,INE766P01016,MAHLOG,EQ,,,,,MAHINDRA LOGISTIC LIMITED,402.50,406.35,397.30,404.55,404.75,404.95,,404.55,,,98395,39534735.50,3528,F1,1,,,,,
2026-08-18,2026-08-18,CM,NSE,STK,24538,INE683C01011,MAITHANALL,EQ,,,,,MAITHAN ALLOYS LTD,977.50,992.90,974.15,987.65,992.00,980.00,,987.60,,,26302,25923451.70,1745,F1,1,,,,,
2026-08-18,2026-08-18,CM,NSE,STK,19809,INE0PLQ01011,MAITREYA,SM,,,,,MAITREYA MEDICARE LIMITED,116.00,117.20,110.00,110.50,110.00,115.50,,110.50,,,10400,1164860.00,25,F1,400,,,,,
2026-08-18,2026-08-18,CM,NSE,STK,762780,INE201B01022,MAJESAUT,BE,,,,,MAJESTIC AUTO LTD.,353.05,359.80,349.00,352.55,349.05,362.40,,351.03,,,5325,1883659.70,320,F1,1,,,,,
2026-08-18,2026-08-18,CM,NSE,STK,764773,INE987A01010,MAKERSL,EQ,,,,,MAKERS LABORATORIES LTD.,160.00,162.00,158.00,159.83,159.15,152.59,,160.47,,,717,114741.05,42,F1,1,,,,,
2026-08-18,2026-08-18,CM,NSE,STK,7965,INE389C01015,MALLCOM,EQ,,,,,MALLCOM (INDIA) LIMITED,955.45,977.95,950.05,958.65,955.00,956.00,,958.65,,,2352,2251652.30,172,F1,1,,,,,
2026-08-18,2026-08-18,CM,NSE,STK,13352,INE383H01017,MALUPAPER,EQ,,,,,MALU PAPER MILLS LIMITED,32.25,32.89,32.13,32.58,32.64,31.85,,32.57,,,5904,191634.83,73,F1,1,,,,,
2026-08-18,2026-08-18,CM,NSE,STK,28687,INE0TO701015,MAMATA,EQ,,,,,MAMATA MACHINERY LIMITED,407.30,417.00,400.00,411.15,412.00,405.60,,411.16,,,68286,27917098.25,3293,F1,1,,,,,
2026-08-18,2026-08-18,CM,NSE,STK,7413,INE830Q01018,MANAKCOAT,EQ,,,,,MAN COAT METAL & IND LTD,121.35,129.50,121.00,125.36,125.77,121.88,,125.35,,,1563125,198463273.81,17625,F1,1,,,,,
2026-08-18,2026-08-18,CM,NSE,STK,11884,INE993A01026,MANINDS,EQ,,,,,MAN INDUSTRIES (I) LTD.,630.95,649.95,624.85,645.15,645.30,630.35,,645.12,,,768630,491846210.30,22067,F1,1,,,,,
2026-08-18,2026-08-18,CM,NSE,STK,18226,INE949H01023,MANINFRA,EQ,,,,,MAN INFRA LTD,103.21,108.98,101.70,106.02,106.48,104.12,,105.98,,,5583898,588166985.90,36038,F1,1,,,,,
2026-08-18,2026-08-18,CM,NSE,STK,7420,INE859Q01017,MANAKALUCO,EQ,,,,,MANAK ALUMINIUM CO. LTD.,37.65,38.43,37.25,37.63,37.50,38.11,,37.60,,,48115,1820195.71,821,F1,1,,,,,
2026-08-18,2026-08-18,CM,NSE,STK,15199,INE015D01022,MANAKSIA,EQ,,,,,MANAKSIA LTD.,59.85,60.70,58.52,59.46,59.35,58.87,,59.46,,,27660,1653733.94,299,F1,1,,,,,
2026-08-18,2026-08-18,CM,NSE,STK,7463,INE824Q01011,MANAKSTEEL,EQ,,,,,MANAKSIA STEELS LTD,87.00,88.88,85.00,86.25,87.00,85.03,,86.26,,,51522,4506022.13,666,F1,1,,,,,
2026-08-18,2026-08-18,CM,NSE,STK,13796,INE201A01024,MANALIPETC,EQ,,,,,MANALI PETROCHEMICALS LT,68.00,71.45,66.81,71.06,71.10,67.64,,71.06,,,1999257,140799515.59,11141,F1,1,,,,,
2026-08-18,2026-08-18,CM,NSE,STK,19061,INE522D01027,MANAPPURAM,EQ,,,,,MANAPPURAM FINANCE LTD,348.25,351.95,342.75,346.60,346.60,348.60,,346.58,,,2534288,876476288.75,23479,F1,1,,,,,
2026-08-18,2026-08-18,CM,NSE,STK,21697,INE104Y01012,MANAV,SM,,,,,MANAV INFRA PROJECTS LTD,28.10,28.10,28.10,28.10,28.10,26.90,,28.10,,,8000,224800.00,2,F1,4000,,,,,
2026-08-18,2026-08-18,CM,NSE,STK,25597,INE939X01013,MANBA,EQ,,,,,MANBA FINANCE LIMITED,130.10,132.06,129.50,130.11,131.00,130.52,,130.10,,,66862,8707339.51,746,F1,1,,,,,
2026-08-18,2026-08-18,CM,NSE,STK,765105,INE348N01042,MANBRO,EQ,,,,,MANBRO INDUSTRIES LTD.,54.20,56.00,52.80,53.10,53.00,54.00,,53.17,,,22983,1232946.10,389,F1,1,,,,,
2026-08-18,2026-08-18,CM,NSE,STK,23779,INE0R3T01013,MANDEEP,SM,,,,,MANDEEP AUTO INDUSTRIES L,19.70,19.70,19.70,19.70,19.70,19.70,,19.70,,,2000,39400.00,1,F1,2000,,,,,
2026-08-18,2026-08-18,CM,NSE,STK,24823,INE545L01039,MANCREDIT,EQ,,,,,MANGAL CREDIT N FINCORP L,242.50,243.70,225.00,227.21,229.00,236.73,,227.23,,,169721,39043120.79,1961,F1,1,,,,,
2026-08-18,2026-08-18,CM,NSE,STK,758748,INE0PKD01011,MEIL,EQ,,,,,MANGAL ELECTRICAL IND L,274.90,274.90,265.95,268.70,268.70,269.45,,268.93,,,25897,6981952.40,673,F1,1,,,,,
2026-08-18,2026-08-18,CM,NSE,STK,2106,INE347A01017,MANGLMCEM,EQ,,,,,MANGALAM CEMENT LTD,875.05,884.00,863.05,870.05,873.00,872.55,,870.04,,,26851,23477566.20,1003,F1,1,,,,,
2026-08-18,2026-08-18,CM,NSE,STK,11817,INE584F01014,MANGALAM,EQ,,,,,MANGALAM DRUG & CHEM LTD,28.79,28.79,27.55,27.99,27.99,27.84,,27.99,,,23324,653643.80,141,F1,1,,,,,
2026-08-18,2026-08-18,CM,NSE,STK,1598,INE0APB01032,MGEL,BE,,,,,MANGALAM GLOBAL ENT LTD,14.50,15.00,14.50,14.98,14.99,14.68,,14.91,,,46435,691697.04,145,F1,1,,,,,
2026-08-18,2026-08-18,CM,NSE,STK,6422,INE370D01013,MANORG,EQ,,,,,MANGALAM ORGANICS LIMITED,449.65,450.95,429.10,443.80,442.00,447.65,,443.73,,,19913,8823870.90,797,F1,1,,,,,
2026-08-18,2026-08-18,CM,NSE,STK,764783,INE829S01016,MSL,EQ,,,,,MANGALAM SEEDS LTD.,152.00,152.00,135.00,145.00,145.00,139.00,,140.83,,,471,67757.95,29,F1,1,,,,,
2026-08-18,2026-08-18,CM,NSE,STK,759169,INE0JYY01029,MWL,EQ,,,,,MANGALAM WORLDWIDE LTD,41.08,41.49,40.25,40.72,40.80,40.91,,40.72,,,157349,6402336.55,776,F1,1,,,,,
2026-08-18,2026-08-18,CM,NSE,STK,24629,INE0R3101011,MIEL,SM,,,,,MANGLAM INFRA & ENG LTD,12.10,12.95,12.10,12.95,12.95,12.60,,12.95,,,4000,50100.00,2,F1,2000,,,,,
2026-08-18,2026-08-18,CM,NSE,STK,760174,INE1ERK01013,MANILAM,SM,,,,,MANILAM INDUSTRIES IND L,46.00,48.00,46.00,47.00,48.00,46.10,,47.00,,,6000,282000.00,3,F1,2000,,,,,
2026-08-18,2026-08-18,CM,NSE,STK,764357,INE459N01021,MANIPALHOS,EQ,,,,,MANIPAL HEALTH ENTERPRI L,723.05,738.35,712.95,724.80,725.00,722.90,,724.83,,,1226590,890615626.10,33560,F1,1,,,,,
2026-08-18,2026-08-18,CM,NSE,STK,15380,INE634S01028,MANKIND,EQ,,,,,MANKIND PHARMA LIMITED,2370.00,2395.00,2363.30,2380.00,2380.00,2380.90,,2380.01,,,366118,869583850.80,17545,F1,1,,,,,
2026-08-18,2026-08-18,CM,NSE,STK,19015,INE0KNT01012,MVGJL,EQ,,,,,MANOJ VAIBHAV GEM N JEW L,151.12,153.99,149.40,150.48,150.99,152.64,,150.52,,,50305,7595739.47,1331,F1,1,,,,,
2026-08-18,2026-08-18,CM,NSE,STK,13753,INE784W01015,MANOMAY,EQ,,,,,MANOMAY TEX INDIA LTD,216.80,217.70,208.10,216.55,216.00,215.35,,216.53,,,84379,18294161.04,1038,F1,1,,,,,
2026-08-18,2026-08-18,CM,NSE,STK,10227,INE00VM01036,MANORAMA,EQ,,,,,MANORAMA INDUSTRIES LTD,1953.00,1968.00,1885.00,1901.00,1899.00,1943.40,,1901.00,,,1522653,2925459986.20,78003,F1,1,,,,,
2026-08-18,2026-08-18,CM,NSE,STK,13575,INE867A01022,MANUGRAPH,BE,,,,,MANUGRAPH INDIA LIMITED,16.58,16.84,15.33,16.54,16.51,16.10,,16.68,,,22782,375043.27,108,F1,1,,,,,
2026-08-18,2026-08-18,CM,NSE,STK,2112,INE882A01013,MARALOVER,EQ,,,,,MARAL OVERSEAS LTD,54.40,54.40,52.26,52.70,52.80,53.15,,52.70,,,5407,287012.56,74,F1,1,,,,,
2026-08-18,2026-08-18,CM,NSE,STK,18659,INE182D01020,MARATHON,EQ,,,,,MARATHON NXTGEN REALT LTD,358.80,363.90,344.05,346.85,349.70,358.80,,346.59,,,141211,49273172.55,4100,F1,1,,,,,
2026-08-18,2026-08-18,CM,NSE,STK,760453,INE0TD401015,MARC,SM,,,,,MARC TECHNOCRATS LIMITED,123.25,123.25,121.00,121.10,121.00,120.80,,121.10,,,6000,729240.00,5,F1,1200,,,,,
2026-08-18,2026-08-18,CM,NSE,STK,18773,INE0QP001012,MARCO,SM,,,,,MARCO CABLE & CONDUCTOR L,31.90,31.90,31.90,31.90,31.90,31.95,,31.90,,,1500,47850.00,1,F1,1500,,,,,
2026-08-18,2026-08-18,CM,NSE,STK,4067,INE196A01026,MARICO,EQ,,,,,MARICO LIMITED,851.20,855.60,841.55,841.55,841.55,852.05,,841.56,,,537548,455629188.40,24486,F1,1,,,,,
2026-08-18,2026-08-18,CM,NSE,STK,1328,INE01JE01028,MARINE,EQ,,,,,MARINE ELECTRICAL (I) LTD,367.95,382.00,365.25,376.80,379.30,367.10,,376.80,,,813572,303796316.25,20583,F1,1,,,,,
2026-08-18,2026-08-18,CM,NSE,STK,20410,INE0P1P01017,MARINETRAN,SM,,,,,MARINETRANS INDIA LIMITED,16.45,16.90,16.25,16.90,16.90,17.10,,16.90,,,16000,263400.00,4,F1,4000,,,,,
2026-08-18,2026-08-18,CM,NSE,STK,760204,INE0FW001016,MARKOLINES,EQ,,,,,MARKOLINES PAVEMENT TEC L,171.80,173.25,170.21,171.62,171.70,171.65,,171.61,,,143236,24608973.88,1036,F1,1,,,,,
2026-08-18,2026-08-18,CM,NSE,STK,10579,INE750C01026,MARKSANS,EQ,,,,,MARKSANS PHARMA LIMITED,331.80,336.35,325.20,326.50,326.30,331.45,,326.49,,,3307672,1092929915.10,39756,F1,1,,,,,
2026-08-18,2026-08-18,CM,NSE,STK,761386,INE415B01044,MARSONS,EQ,,,,,MARSONS LIMITED,104.90,105.65,102.00,102.31,102.34,104.80,,102.31,,,1330099,136744652.02,7020,F1,1,,,,,
2026-08-18,2026-08-18,CM,NSE,STK,761042,INE0X7G01013,MARUSHIKA,SM,,,,,MARUSHIKA TECHNOLOGY LTD,111.00,111.00,110.95,111.00,111.00,111.00,,111.00,,,6000,665940.00,3,F1,1200,,,,,
2026-08-18,2026-08-18,CM,NSE,STK,10999,INE585B01010,MARUTI,EQ,,,,,MARUTI SUZUKI INDIA LTD.,13762.00,13890.00,13691.00,13691.00,13691.00,13760.00,,13691.39,,,267433,3687398203.00,46076,F1,1,,,,,
2026-08-18,2026-08-18,CM,NSE,STK,2133,INE575Z01010,MDL,ST,,,,,MARVEL DECOR LIMITED,55.00,56.50,53.20,56.50,56.50,56.00,,56.50,,,10000,544850.00,9,F1,1000,,,,,
2026-08-18,2026-08-18,CM,NSE,STK,199,INE348L01012,MASFIN,EQ,,,,,MAS FINANCIAL SERV LTD,305.40,306.75,302.20,302.95,303.05,305.30,,302.95,,,139122,42156836.10,6779,F1,1,,,,,
2026-08-18,2026-08-18,CM,NSE,STK,18727,INE885F01015,MASKINVEST,EQ,,,,,MASK INVESTMENTS LIMITED,148.13,148.87,148.13,148.13,148.13,148.13,,148.13,,,167,24739.19,5,F1,1,,,,,
2026-08-18,2026-08-18,CM,NSE,STK,24278,INE0SH001010,MASON,SM,,,,,MASON INFRATECH LIMITED,119.20,122.00,116.50,119.00,119.00,121.00,,119.00,,,152000,18297200.00,35,F1,500,,,,,
2026-08-18,2026-08-18,CM,NSE,STK,2124,INE759A01021,MASTEK,EQ,,,,,MASTEK LTD,1811.00,1811.00,1702.00,1717.50,1711.00,1811.80,,1717.50,,,103567,181984191.50,18727,F1,1,,,,,
2026-08-18,2026-08-18,CM,NSE,STK,27047,INE677D01037,MASTERTR,EQ,,,,,MASTER TRUST LIMITED,78.48,78.85,76.99,77.42,77.10,78.48,,77.42,,,174379,13579674.40,1384,F1,1,,,,,
2026-08-18,2026-08-18,CM,NSE,STK,21726,INE866R01028,MATRIMONY,EQ,,,,,MATRIMONY.COM LIMITED,546.00,546.00,534.55,538.45,538.00,543.05,,538.48,,,10712,5780090.25,474,F1,1,,,,,
2026-08-18,2026-08-18,CM,NSE,STK,759945,INE132901013,MGSL,SM,,,,,MATRIX GEO SOLUTIONS LTD,90.95,91.00,86.00,86.00,86.00,91.00,,86.00,,,8400,753540.00,6,F1,1200,,,,,
2026-08-18,2026-08-18,CM,NSE,STK,17022,INE636A01039,MAWANASUG,EQ,,,,,MAWANA SUGARS LIMITED,126.00,130.50,124.15,125.74,124.90,124.06,,125.74,,,813767,103926164.21,8567,F1,1,,,,,
2026-08-18,2026-08-18,CM,NSE,STK,19646,INE03EI01018,MAXESTATES,EQ,,,,,MAX ESTATES LIMITED,472.80,501.45,468.20,477.85,475.20,474.35,,477.80,,,324306,157915732.30,12787,F1,1,,,,,
2026-08-18,2026-08-18,CM,NSE,STK,2142,INE180A01020,MFSL,EQ,,,,,MAX FINANCIAL SERV LTD,1570.00,1587.90,1547.00,1584.50,1584.50,1571.70,,1584.50,,,1054795,1661045839.80,36540,F1,1,,,,,
2026-08-18,2026-08-18,CM,NSE,STK,22377,INE027H01010,MAXHEALTH,EQ,,,,,MAX HEALTHCARE INS LTD,1000.70,1017.00,982.10,1014.40,1014.40,1003.70,,1014.40,,,2219107,2232160967.60,48267,F1,1,,,,,
2026-08-18,2026-08-18,CM,NSE,STK,22428,INE0CG601016,MAXIND,EQ,,,,,MAX INDIA LIMITED,149.27,151.93,147.66,151.13,150.11,150.33,,151.13,,,126167,18945379.42,1736,F1,1,,,,,
2026-08-18,2026-08-18,CM,NSE,STK,21691,INE0ECC01022,MAXPOSURE,SM,,,,,MAXPOSURE LIMITED,31.60,32.00,31.00,32.00,32.00,32.95,,32.00,,,31000,970550.00,23,F1,1000,,,,,
2026-08-18,2026-08-18,CM,NSE,STK,29645,INE10A501018,MAXVOLT,SM,,,,,MAXVOLT ENERGY INDUS L,360.00,363.00,345.00,350.95,353.90,350.15,,350.95,,,37200,13053520.00,84,F1,400,,,,,
2026-08-18,2026-08-18,CM,NSE,STK,757587,INE0ZTO01018,MAYASHEEL,SM,,,,,MAYASHEEL VENTURES LTD,36.00,38.65,36.00,37.30,38.65,38.75,,37.30,,,6000,223950.00,2,F1,3000,,,,,
2026-08-18,2026-08-18,CM,NSE,STK,28906,INE040D01038,MAYURUNIQ,EQ,,,,,MAYUR UNIQUOTERS LTD,737.20,759.80,724.00,726.10,729.95,732.20,,726.14,,,74332,54575607.80,5157,F1,1,,,,,
2026-08-18,2026-08-18,CM,NSE,STK,509,INE249Z01020,MAZDOCK,EQ,,,,,MAZAGON DOCK SHIPBUIL LTD,2569.70,2618.20,2556.10,2587.00,2587.00,2569.70,,2586.97,,,1229574,3188800550.80,48945,F1,1,,,,,
2026-08-18,2026-08-18,CM,NSE,STK,18870,INE885E01042,MAZDA,BE,,,,,MAZDA LIMITED,236.87,239.00,231.11,236.41,238.00,230.90,,236.35,,,5597,1310580.06,146,F1,1,,,,,
2026-08-18,2026-08-18,CM,NSE,STK,18029,INE912H01013,MBLINFRA,EQ,,,,,MBL INFRASTRUCTURE LTD,24.26,24.78,24.04,24.06,24.06,24.38,,24.06,,,27192,657854.75,94,F1,1,,,,,
2026-08-18,2026-08-18,CM,NSE,STK,11943,INE942G01012,MCLEODRUSS,EQ,,,,,MCLEOD RUSSEL INDIA LTD.,44.85,46.99,43.91,45.32,46.08,44.85,,45.39,,,245234,10963761.27,2172,F1,1,,,,,
2026-08-18,2026-08-18,CM,NSE,STK,14574,INE0O4M01019,MCON,SM,,,,,MCON RASAYAN INDIA LTD,47.95,48.50,47.95,48.50,48.50,46.20,,48.50,,,13000,628850.00,10,F1,1000,,,,,
2026-08-18,2026-08-18,CM,NSE,STK,21705,INE456Z01021,MEDIASSIST,EQ,,,,,MEDI ASSIST HEALTH SER L,345.05,348.00,343.00,346.80,346.75,343.50,,346.69,,,54087,18706814.15,2870,F1,1,,,,,
2026-08-18,2026-08-18,CM,NSE,STK,765110,INE442D01010,MEDICAPQ,EQ,,,,,MEDI CAPS LTD.,20.33,27.68,20.33,25.05,25.00,25.26,,25.08,,,1451,38220.74,41,F1,1,,,,,
2026-08-18,2026-08-18,CM,NSE,STK,762802,INE200D01020,MMWL,EQ,,,,,MEDIA MATRIX WORLDWIDE L,15.10,15.90,14.65,14.91,14.90,15.21,,14.91,,,50362,773055.20,149,F1,1,,,,,
2026-08-18,2026-08-18,CM,NSE,STK,6278,INE646B01010,MEDICAMEQ,EQ,,,,,MEDICAMEN BIOTECH LIMITED,219.87,228.00,218.40,225.73,226.00,219.88,,225.76,,,22641,5045423.70,927,F1,1,,,,,
2026-08-18,2026-08-18,CM,NSE,STK,24239,INE0PE401018,MEDIORG,SM,,,,,MEDICAMEN ORGANICS LTD,24.30,24.30,24.30,24.30,24.30,23.15,,24.30,,,24000,583200.00,5,F1,2000,,,,,
2026-08-18,2026-08-18,CM,NSE,STK,9667,INE630Y01024,MEDICO,EQ,,,,,MEDICO REMEDIES LIMITED,44.78,44.78,42.51,42.66,42.62,44.27,,42.67,,,132048,5684654.02,1120,F1,1,,,,,
2026-08-18,2026-08-18,CM,NSE,STK,758423,INE0UOY01019,MEDISTEP,SM,,,,,MEDISTEP HEALTHCARE LTD,18.85,18.85,18.85,18.85,18.85,18.75,,18.85,,,3000,56550.00,1,F1,3000,,,,,
2026-08-18,2026-08-18,CM,NSE,STK,7254,INE804L01022,MEDPLUS,EQ,,,,,MEDPLUS HEALTH SERV LTD,657.05,670.00,653.10,664.85,665.00,656.50,,664.85,,,199554,132645966.60,9146,F1,1,,,,,
2026-08-18,2026-08-18,CM,NSE,STK,760229,INE0VDM01015,MEESHO,EQ,,,,,MEESHO LIMITED,192.01,193.82,190.61,192.95,193.01,193.82,,192.95,,,5326690,1026137194.19,56796,F1,1,,,,,
2026-08-18,2026-08-18,CM,NSE,STK,10971,INE0G1D01014,MEGAFLEX,SM,,,,,MEGA FLEX PLASTICS LTD,95.00,99.75,95.00,99.75,99.75,95.00,,99.75,,,3000,294500.00,3,F1,1000,,,,,
2026-08-18,2026-08-18,CM,NSE,STK,8153,INE00EM01016,MEGASTAR,EQ,,,,,MEGASTAR FOODS LIMITED,317.95,317.95,308.70,308.90,308.80,311.75,,308.90,,,4306,1332635.65,93,F1,1,,,,,
2026-08-18,2026-08-18,CM,NSE,STK,22560,INE531R01010,MEGATHERM,SM,,,,,MEGATHERM INDUCTION LTD,193.50,196.45,188.00,189.35,191.75,193.90,,189.35,,,36400,6964420.00,81,F1,400,,,,,
2026-08-18,2026-08-18,CM,NSE,STK,5394,INE0CT101020,MOL,EQ,,,,,MEGHMANI ORGANICS LIMITED,63.25,63.96,61.38,61.94,62.17,62.97,,61.94,,,1332706,82998668.06,8209,F1,1,,,,,
2026-08-18,2026-08-18,CM,NSE,STK,764778,INE898Q01015,MIIL,EQ,,,,,MEGHNA INFRACON INFRA L,714.95,721.00,693.00,707.90,708.00,682.55,,707.99,,,76476,54178113.35,1314,F1,1,,,,,
2026-08-18,2026-08-18,CM,NSE,STK,6971,INE071D01033,MENONBE,BE,,,,,MENON BEARINGS LIMITED,253.21,253.21,253.21,253.21,253.21,241.16,,255.19,,,29561,7485140.81,190,F1,1,,,,,
2026-08-18,2026-08-18,CM,NSE,STK,762787,INE650G01029,MENNPIS,EQ,,,,,MENON PISTONS LTD.,72.16,73.69,71.12,71.53,72.00,71.81,,71.54,,,51081,3696745.89,896,F1,1,,,,,
2026-08-18,2026-08-18,CM,NSE,STK,25882,INE776I01010,MEP,BZ,,,,,MEP INFRA. DEVELOPERS LTD,0.64,0.64,0.64,0.64,0.64,0.63,,0.64,,,97103,62145.92,20,F1,1,,,,,
2026-08-18,2026-08-18,CM,NSE,STK,762792,INE689O01013,MERCANTILE,EQ,,,,,MERCANTILE VENTURES LTD.,24.90,25.35,23.65,23.97,25.35,24.50,,23.97,,,761,18396.80,21,F1,1,,,,,
2026-08-18,2026-08-18,CM,NSE,STK,763663,INE763M01028,MERCURYEV,EQ,,,,,MERCURY EV-TECH LIMITED,35.20,36.35,34.77,35.13,35.49,35.59,,35.20,,,111246,3947756.46,770,F1,1,,,,,
2026-08-18,2026-08-18,CM,NSE,STK,764275,INE1II801013,METALIC,SM,,,,,METALIC TECHNOFORGE LTD,127.05,133.00,127.05,129.80,127.75,126.75,,129.80,,,124800,16319120.00,76,F1,1600,,,,,
2026-08-18,2026-08-18,CM,NSE,STK,7242,INE317I01021,METROBRAND,EQ,,,,,METRO BRANDS LIMITED,942.00,949.10,927.00,928.60,927.80,942.80,,928.60,,,44445,41428968.20,13148,F1,1,,,,,
2026-08-18,2026-08-18,CM,NSE,STK,762797,INE085D01033,METROGLOBL,EQ,,,,,METROGLOBAL LTD.,157.00,157.00,141.81,149.94,151.85,154.74,,149.79,,,13174,1953772.88,619,F1,1,,,,,
2026-08-18,2026-08-18,CM,NSE,STK,9581,INE112L01020,METROPOLIS,EQ,,,,,METROPOLIS HEALTHCARE LTD,553.00,555.75,545.20,551.95,552.30,550.75,,551.94,,,118593,65356870.30,5892,F1,1,,,,,
2026-08-18,2026-08-18,CM,NSE,STK,763138,INE414G07JY0,852MFL31,N0,,,,,MFL 8.52% 2031 OP I,103107.51,103107.51,103107.51,103107.51,103107.51,102617.24,,103107.51,,,200,20621502.00,1,F1,1,,,,,
2026-08-18,2026-08-18,CM,NSE,STK,7165,INE287C01037,MICEL,BE,,,,,MIC ELECTRONICS LTD,36.38,36.98,36.00,36.26,36.40,36.38,,36.26,,,103027,3733411.30,854,F1,1,,,,,
2026-08-18,2026-08-18,CM,NSE,STK,19887,INE0PZK01014,MICROPRO,SM,,,,,MICROPRO SOFTWARE SOL L,19.30,19.30,18.35,18.90,18.90,19.25,,18.90,,,6400,119840.00,4,F1,1600,,,,,
2026-08-18,2026-08-18,CM,NSE,STK,759517,INE0XAD01024,MIDWESTLTD,EQ,,,,,MIDWEST LIMITED,1127.00,1174.90,1075.30,1159.40,1162.00,1110.00,,1159.41,,,76197,86804384.20,4378,F1,1,,,,,
2026-08-18,2026-08-18,CM,NSE,STK,765125,INE588G01021,MLKFOOD,EQ,,,,,MILKFOOD LTD.,85.90,85.90,75.25,77.61,75.25,81.44,,78.14,,,23394,1907736.25,343,F1,1,,,,,
2026-08-18,2026-08-18,CM,NSE,STK,765272,INE00IT01020,MILKYMIST,EQ,,,,,MILKY MIST DAIRY FOOD L,165.00,181.50,165.00,181.50,181.50,140.00,,181.50,,,92269979,15999020109.03,351646,F1,1,,,,,
2026-08-18,2026-08-18,CM,NSE,STK,765115,INE097E01028,MINALIND,EQ,,,,,MINAL INDUSTRIES LTD.,2.14,2.18,1.71,2.08,2.17,2.06,,2.06,,,113814,219800.90,90,F1,1,,,,,
2026-08-18,2026-08-18,CM,NSE,STK,25897,INE842C01021,MINDACORP,EQ,,,,,MINDA CORPORATION LTD,729.50,765.35,727.80,745.25,746.65,725.15,,745.24,,,1637223,1232151613.65,48723,F1,1,,,,,
2026-08-18,2026-08-18,CM,NSE,STK,22308,INE0CCU25019,MINDSPACE,RR,,,,,MINDSPACE BUSINESS P REIT,498.99,503.70,494.96,496.41,496.65,497.29,,496.39,,,297881,148153927.28,12812,F1,1,,,,,
2026-08-18,2026-08-18,CM,NSE,STK,18049,INE110B01017,MINDTECK,EQ,,,,,MINDTECK (INDIA) LIMITED,174.00,176.53,174.00,174.82,174.40,175.45,,174.82,,,15650,2746008.74,578,F1,1,,,,,
2026-08-18,2026-08-18,CM,NSE,STK,19640,INF769K01KU7,ALPHAETF,EQ,,,,,MIRAEAMC - ALPHAETF,26.83,26.84,26.61,26.79,26.79,26.82,,26.79,,,495578,13258256.18,691,F1,1,,,,,
2026-08-18,2026-08-18,CM,NSE,STK,17419,INF769K01KR3,BANKETF,EQ,,,,,MIRAEAMC - BANKETF,587.38,587.38,583.73,584.69,585.61,587.66,,584.69,,,20265,11848023.05,389,F1,1,,,,,
2026-08-18,2026-08-18,CM,NSE,STK,25725,INF769K01LZ4,BANKPSU,EQ,,,,,MIRAEAMC - BANKPSU,88.09,88.09,87.10,87.20,87.10,88.09,,87.20,,,7756,677929.99,156,F1,1,,,,,
2026-08-18,2026-08-18,CM,NSE,STK,28969,INF769K01NS5,CONSUMER,EQ,,,,,MIRAEAMC - CONSUMER,12.28,12.29,12.20,12.20,12.20,12.28,,12.20,,,343641,4196372.68,297,F1,1,,,,,
2026-08-18,2026-08-18,CM,NSE,STK,761046,INF769K01QC2,DEFENCE,EQ,,,,,MIRAEAMC - DEFENCE,83.49,83.99,82.53,83.52,83.52,82.69,,83.52,,,238146,19868515.19,855,F1,1,,,,,
2026-08-18,2026-08-18,CM,NSE,STK,760412,INF769K01PY8,DIVIDEND,EQ,,,,,MIRAEAMC - DIVIDEND,35.90,35.90,35.59,35.62,35.66,35.91,,35.63,,,12300,440206.77,88,F1,1,,,,,
2026-08-18,2026-08-18,CM,NSE,STK,759780,INF769K01PR2,ENERGY,EQ,,,,,MIRAEAMC - ENERGY,38.90,39.10,38.70,38.82,38.83,38.95,,38.82,,,216978,8443820.83,957,F1,1,,,,,
2026-08-18,2026-08-18,CM,NSE,STK,30121,INF769K01OA1,EQUAL200,EQ,,,,,MIRAEAMC - EQUAL200,14.02,14.03,13.97,13.97,13.99,14.05,,13.97,,,30389,425559.84,48,F1,1,,,,,
2026-08-18,2026-08-18,CM,NSE,STK,757142,INF769K01OO2,EQUAL50,EQ,,,,,MIRAEAMC - EQUAL50,335.37,335.42,333.88,334.59,334.23,336.80,,334.59,,,13628,4561763.84,32,F1,1,,,,,
2026-08-18,2026-08-18,CM,NSE,STK,24461,INF769K01LQ3,EVINDIA,EQ,,,,,MIRAEAMC - EVINDIA,34.23,34.29,34.11,34.18,34.14,34.12,,34.17,,,242503,8294100.20,1393,F1,1,,,,,
2026-08-18,2026-08-18,CM,NSE,STK,760986,INF769K01QA6,HEALTHCARE,EQ,,,,,MIRAEAMC - HEALTHCARE,21.55,21.67,21.53,21.58,21.57,21.55,,21.58,,,14059,303619.79,129,F1,1,,,,,
2026-08-18,2026-08-18,CM,NSE,STK,764333,INF769K01RJ5,HYBRIDETF,EQ,,,,,MIRAEAMC - HYBRIDETF,10.22,10.22,10.13,10.13,10.14,10.17,,10.13,,,15329,155441.34,49,F1,1,,,,,
2026-08-18,2026-08-18,CM,NSE,STK,761030,INF769K01QB4,INFRA,EQ,,,,,MIRAEAMC - INFRA,12.26,12.27,12.22,12.24,12.24,12.28,,12.25,,,25904,316872.03,119,F1,1,,,,,
2026-08-18,2026-08-18,CM,NSE,STK,758595,INF769K01PB6,INTERNET,EQ,,,,,MIRAEAMC - INTERNET,14.28,14.30,14.20,14.22,14.20,14.35,,14.22,,,161334,2295864.21,207,F1,1,,,,,
2026-08-18,2026-08-18,CM,NSE,STK,19633,INF769K01KV5,ITETF,EQ,,,,,MIRAEAMC - ITETF,32.62,32.62,32.03,32.08,32.10,32.66,,32.08,,,363874,11733947.44,990,F1,1,,,,,
2026-08-18,2026-08-18,CM,NSE,STK,17572,INF769K01KS1,LIQUID,EQ,,,,,MIRAEAMC - LIQUID,999.99,1000.00,999.99,999.99,1000.00,999.99,,999.99,,,67728,67727507.00,133,F1,1,,,,,
2026-08-18,2026-08-18,CM,NSE,STK,27075,INF769K01MY5,LIQUIDPLUS,EQ,,,,,MIRAEAMC - LIQUIDPLUS,1099.35,1099.37,1099.35,1099.36,1099.37,1099.21,,1099.36,,,271338,298298926.53,261,F1,1,,,,,
2026-08-18,2026-08-18,CM,NSE,STK,1200,INF769K01GS9,ESG,EQ,,,,,MIRAEAMC - MAESGETF,42.79,42.79,41.75,41.82,41.79,41.95,,41.75,,,4455,186518.66,60,F1,1,,,,,
2026-08-18,2026-08-18,CM,NSE,STK,3507,INF769K01HF4,MAFANG,EQ,,,,,MIRAEAMC - MAFANG,209.43,209.43,209.43,209.43,209.43,211.42,,209.43,,,141506,29635601.58,4519,F1,1,,,,,
2026-08-18,2026-08-18,CM,NSE,STK,5220,INF769K01HI8,BFSI,EQ,,,,,MIRAEAMC - MAFSETF,27.44,27.45,27.15,27.22,27.21,27.31,,27.34,,,71924,1957590.38,664,F1,1,,,,,
2026-08-18,2026-08-18,CM,NSE,STK,14286,INF769K01JP9,GOLDETF,EQ,,,,,MIRAEAMC - MAGOLDETF,148.84,148.91,148.37,148.68,148.73,148.56,,148.68,,,867843,129022003.42,7979,F1,1,,,,,
2026-08-18,2026-08-18,CM,NSE,STK,14938,INF769K01KF8,GSEC10YEAR,EQ,,,,,MIRAEAMC - MAGS813ETF,30.71,30.71,30.49,30.49,30.49,30.61,,30.49,,,1875,57188.51,10,F1,1,,,,,
2026-08-18,2026-08-18,CM,NSE,STK,7074,INF769K01HS7,MAHKTECH,EQ,,,,,MIRAEAMC - MAHKTECH,23.10,23.10,23.10,23.10,23.10,23.26,,23.10,,,333488,7703572.80,327,F1,1,,,,,
2026-08-18,2026-08-18,CM,NSE,STK,8413,INF769K01IC9,MIDCAPETF,EQ,,,,,MIRAEAMC - MAM150ETF,23.98,24.06,23.85,23.93,23.93,23.98,,23.93,,,1408980,33735509.37,4172,F1,1,,,,,
2026-08-18,2026-08-18,CM,NSE,STK,7979,INF769K01IB1,MAKEINDIA,EQ,,,,,MIRAEAMC - MAMFGETF,169.30,169.58,168.66,168.94,168.67,169.29,,168.93,,,85436,14437442.97,905,F1,1,,,,,
2026-08-18,2026-08-18,CM,NSE,STK,6353,INF769K01EG9,NIFTYETF,EQ,,,,,MIRAEAMC - MAN50ETF,265.37,265.37,263.00,263.65,263.45,265.37,,263.63,,,564123,148785186.65,1369,F1,1,,,,,
2026-08-18,2026-08-18,CM,NSE,STK,14786,INF769K01JU9,LOWVOL,EQ,,,,,MIRAEAMC - MANV30F,209.18,209.18,208.50,208.50,208.50,209.60,,208.50,,,160,33402.77,9,F1,1,,,,,
2026-08-18,2026-08-18,CM,NSE,STK,17181,INF769K01FN2,NEXT50,EQ,,,,,MIRAEAMC - MANXT50,771.86,771.86,767.44,769.60,768.50,770.26,,769.58,,,16185,12448744.07,478,F1,1,,,,,
2026-08-18,2026-08-18,CM,NSE,STK,16777,INF769K01KG6,SILVERAG,EQ,,,,,MIRAEAMC - MASILVER,226.34,226.54,225.05,225.68,225.77,227.28,,225.68,,,174759,39446612.20,1997,F1,1,,,,,
2026-08-18,2026-08-18,CM,NSE,STK,5782,INF769K01HP3,MASPTOP50,EQ,,,,,MIRAEAMC - MASPTOP50,81.02,81.02,81.00,81.02,81.02,81.26,,81.02,,,111841,9061355.54,1162,F1,1,,,,,
2026-08-18,2026-08-18,CM,NSE,STK,25744,INF769K01LY7,METAL,EQ,,,,,MIRAEAMC - METAL,13.35,13.44,13.15,13.17,13.17,13.26,,13.17,,,1583334,20892452.37,3566,F1,1,,,,,
2026-08-18,2026-08-18,CM,NSE,STK,23855,INF769K01LJ8,MIDSMALL,EQ,,,,,MIRAEAMC - MIDSMALL,52.35,52.41,52.06,52.33,52.36,52.41,,52.33,,,275362,14376313.83,3777,F1,1,,,,,
2026-08-18,2026-08-18,CM,NSE,STK,764198,INF769K01RC0,MOMMIDCAP,EQ,,,,,MIRAEAMC - MOMMIDCAP,13.10,13.17,13.02,13.10,13.08,13.11,,13.10,,,2303300,30147470.65,1002,F1,1,,,,,
2026-08-18,2026-08-18,CM,NSE,STK,25080,INF769K01LX9,MULTICAP,EQ,,,,,MIRAEAMC - MULTICAP,16.90,17.22,16.85,16.95,16.86,16.94,,16.95,,,1952155,33084143.11,533,F1,1,,,,,
2026-08-18,2026-08-18,CM,NSE,STK,30109,INF769K01ON4,SELECTIPO,EQ,,,,,MIRAEAMC - SELECTIPO,48.44,48.47,48.24,48.38,48.36,48.42,,48.38,,,34245,1656881.32,123,F1,1,,,,,
2026-08-18,2026-08-18,CM,NSE,STK,19224,INF769K01KT9,SENSEXETF,EQ,,,,,MIRAEAMC - SENSEXETF,80.31,80.31,79.74,80.05,79.81,80.32,,80.05,,,32090,2568585.18,233,F1,1,,,,,
2026-08-18,2026-08-18,CM,NSE,STK,759814,INF769K01PQ4,SMALL250,EQ,,,,,MIRAEAMC - SMALL250,18.48,18.48,18.35,18.41,18.43,18.41,,18.41,,,125842,2315704.89,640,F1,1,,,,,
2026-08-18,2026-08-18,CM,NSE,STK,22832,INF769K01LC3,SMALLCAP,EQ,,,,,MIRAEAMC - SMALLCAP,48.50,48.83,48.33,48.77,48.80,48.50,,48.77,,,862900,42040839.83,2136,F1,1,,,,,
2026-08-18,2026-08-18,CM,NSE,STK,760415,INF769K01PZ5,TOP20,EQ,,,,,MIRAEAMC - TOP20,9.03,9.03,8.96,8.96,8.96,9.03,,8.98,,,44196,396926.74,1136,F1,1,,,,,
2026-08-18,2026-08-18,CM,NSE,STK,761511,INF769K01QV2,VALUE,EQ,,,,,MIRAEAMC - VALUE,16.24,16.60,15.93,16.12,16.14,16.24,,16.12,,,168596,2736443.95,274,F1,1,,,,,
2026-08-18,2026-08-18,CM,NSE,STK,4394,INE771A01026,MIRZAINT,EQ,,,,,MIRZA INTERNATIONAL LIMIT,31.43,31.84,31.20,31.43,31.38,31.44,,31.43,,,110841,3479822.71,2321,F1,1,,,,,
2026-08-18,2026-08-18,CM,NSE,STK,2463,INE099Z01011,MIDHANI,EQ,,,,,MISHRA DHATU NIGAM LTD,429.00,439.00,429.00,437.50,437.80,428.60,,437.51,,,1545191,672276333.30,25662,F1,1,,,,,
2026-08-18,2026-08-18,CM,NSE,STK,8475,INE828O01033,MITCON,BE,,,,,MITCON CON & ENG SER LTD,78.00,80.00,76.06,80.00,80.00,78.69,,80.00,,,3498,275885.71,36,F1,1,,,,,
2026-08-18,2026-08-18,CM,NSE,STK,18562,INE997Y01027,MITTAL,EQ,,,,,MITTAL LIFE STYLE LIMITED,0.91,0.91,0.89,0.90,0.91,0.90,,0.90,,,630114,568721.44,271,F1,1,,,,,
2026-08-18,2026-08-18,CM,NSE,STK,13844,INE227C01017,MMFL,EQ,,,,,MM FORGINGS LTD,639.70,687.95,632.80,680.20,675.00,632.30,,680.27,,,935497,627733853.05,34787,F1,1,,,,,
2026-08-18,2026-08-18,CM,NSE,STK,16395,INE511Y01018,MMP,EQ,,,,,MMP INDUSTRIES LIMITED,353.85,383.00,345.00,377.05,379.80,350.00,,377.05,,,191009,70224444.30,6009,F1,1,,,,,
2026-08-18,2026-08-18,CM,NSE,STK,17957,INE123F01029,MMTC,EQ,,,,,MMTC LIMITED,63.45,64.12,62.90,63.54,63.20,63.81,,63.54,,,1193339,75627852.54,6746,F1,1,,,,,
2026-08-18,2026-08-18,CM,NSE,STK,760196,INE1YNB01019,MOBILISE,SM,,,,,MOBILISE APP LAB LIMITED,101.70,101.70,101.70,101.70,101.70,107.05,,101.70,,,12800,1301760.00,5,F1,1600,,,,,
2026-08-18,2026-08-18,CM,NSE,STK,2241,INE794W01014,MODTHREAD,EQ,,,,,MODERN THREADS INDIA LTD,59.90,65.65,56.53,57.47,57.98,57.64,,57.46,,,245705,15031320.36,2277,F1,1,,,,,
2026-08-18,2026-08-18,CM,NSE,STK,760280,INE537F01012,MODINATUR,BE,,,,,MODI NATURALS LIMITED,383.50,383.50,361.65,361.65,361.65,380.65,,361.42,,,30166,11013174.45,287,F1,1,,,,,
2026-08-18,2026-08-18,CM,NSE,STK,2229,INE832A01018,MODIRUBBER,EQ,,,,,MODI RUBBER LTD,115.10,119.80,114.01,114.98,115.13,117.10,,115.03,,,3255,379332.70,132,F1,1,,,,,
2026-08-18,2026-08-18,CM,NSE,STK,759752,INE0L0L01012,MODIS,EQ,,,,,MODIS NAVNIRMAN LTD,415.55,420.00,408.00,408.80,411.00,415.60,,408.80,,,27304,11246795.95,1244,F1,1,,,,,
2026-08-18,2026-08-18,CM,NSE,STK,3325,INE737D01021,MODISONLTD,BE,,,,,MODISON LIMITED,373.90,373.90,357.90,373.90,373.90,356.10,,374.31,,,439834,164002143.70,1816,F1,1,,,,,
2026-08-18,2026-08-18,CM,NSE,STK,29423,INE954E01012,MOHITIND,EQ,,,,,MOHIT INDUSTRIES LTD,22.51,23.63,22.51,23.14,23.40,23.22,,23.14,,,9609,223340.21,123,F1,1,,,,,
2026-08-18,2026-08-18,CM,NSE,STK,765130,INE154B01023,MOHITE,EQ,,,,,MOHITE INDUSTRIES LTD.,2.71,2.71,2.32,2.45,2.40,2.49,,2.45,,,17417,42974.85,72,F1,1,,,,,
2026-08-18,2026-08-18,CM,NSE,STK,20830,INE490G01020,MOIL,EQ,,,,,MOIL LIMITED,271.20,271.80,255.60,257.25,257.95,272.80,,257.25,,,2820394,736072029.30,48041,F1,1,,,,,
2026-08-18,2026-08-18,CM,NSE,STK,3586,INE514Y01020,MOKSH,EQ,,,,,MOKSH ORNAMENTS LIMITED,10.89,10.90,10.40,10.53,10.41,10.73,,10.53,,,119588,1276713.17,285,F1,1,,,,,
2026-08-18,2026-08-18,CM,NSE,STK,764548,INE869T01028,MOLBIO,EQ,,,,,MOLBIO DIAGNOSTICS LTD,1037.00,1177.00,1022.65,1110.90,1091.00,1041.70,,1111.27,,,11279774,12521970182.65,332869,F1,1,,,,,
2026-08-18,2026-08-18,CM,NSE,STK,6713,INE893J01029,MOLDTKPAC,EQ,,,,,MOLD-TEK PACKAGING LTD,684.20,685.45,674.65,678.65,679.20,680.15,,678.67,,,30321,20572494.35,2021,F1,1,,,,,
2026-08-18,2026-08-18,CM,NSE,STK,17629,INE835B01035,MOLDTECH,BE,,,,,MOLD-TEK TECHNOLOGIES LTD,178.29,178.99,171.00,171.50,172.50,179.60,,171.50,,,49769,8654720.50,648,F1,1,,,,,
2026-08-18,2026-08-18,CM,NSE,STK,7679,INE903D01011,MONARCH,EQ,,,,,MONARCH NETWORTH CAP LTD,389.90,389.90,382.75,387.10,385.05,389.05,,387.10,,,118299,45751513.50,1797,F1,1,,,,,
2026-08-18,2026-08-18,CM,NSE,STK,759381,INE296Q01012,MONEYBOXX,EQ,,,,,MONEYBOXX FINANCE LIMITED,58.80,58.80,55.00,56.15,56.25,57.19,,56.19,,,15292,853963.18,455,F1,1,,,,,
2026-08-18,2026-08-18,CM,NSE,STK,756958,INE1DV401010,MONOLITH,SM,,,,,MONOLITHISCH INDIA LTD,1028.05,1044.00,995.00,999.35,995.00,1007.55,,999.35,,,42000,43040237.50,150,F1,250,,,,,
2026-08-18,2026-08-18,CM,NSE,STK,5938,INE950M01013,MONTECARLO,EQ,,,,,MONTE CARLO FASHIONS LTD.,524.30,547.00,521.00,544.05,545.50,524.30,,544.01,,,118030,63040959.50,4430,F1,1,,,,,
2026-08-18,2026-08-18,CM,NSE,STK,2259,INE083A01026,MOREPENLAB,EQ,,,,,MOREPEN LAB. LTD,89.82,92.50,86.00,88.44,87.75,89.82,,88.44,,,34387594,3083495959.37,105067,F1,1,,,,,
2026-08-18,2026-08-18,CM,NSE,STK,15057,INE0N7S01028,MOS,ST,,,,,MOS UTILITY LIMITED,11.10,11.15,10.85,11.15,11.15,10.65,,11.15,,,92000,1021800.00,21,F1,4000,,,,,
2026-08-18,2026-08-18,CM,NSE,STK,29459,INE935B01025,MOSCHIP,EQ,,,,,MOSCHIP TECHNOLOGIES LTD,209.30,211.00,208.34,209.00,209.15,211.72,,208.99,,,835828,174908683.87,10394,F1,1,,,,,
2026-08-18,2026-08-18,CM,NSE,STK,8596,INE0FS801015,MSUMI,EQ,,,,,MOTHERSON SUMI WRNG IND L,40.25,40.70,40.20,40.32,40.46,40.33,,40.32,,,5783732,233672767.61,37957,F1,1,,,,,
2026-08-18,2026-08-18,CM,NSE,STK,21423,INF247L01023,MOM100,EQ,,,,,MOTILAL OS MIDCAP100 ETF,69.19,69.19,68.32,68.61,68.80,68.78,,68.61,,,245979,16874358.76,2045,F1,1,,,,,
2026-08-18,2026-08-18,CM,NSE,STK,22739,INF247L01AP3,MON100,EQ,,,,,MOTILAL OS NASDAQ100 ETF,336.33,336.33,336.33,336.33,336.33,336.81,,336.33,,,399022,134203069.26,1117,F1,1,,,,,
2026-08-18,2026-08-18,CM,NSE,STK,14947,INE338I01027,MOTILALOFS,EQ,,,,,MOTILAL OSWAL FIN LTD,951.00,961.35,933.10,938.00,938.00,955.00,,938.04,,,1041748,981109314.25,29572,F1,1,,,,,
2026-08-18,2026-08-18,CM,NSE,STK,19289,INF247L01536,MOM50,EQ,,,,,MOTILAL OSWAL M50 ETF,254.30,254.51,253.17,254.18,254.51,254.28,,254.18,,,5002,1269575.46,85,F1,1,,,,,
2026-08-18,2026-08-18,CM,NSE,STK,1507,INF247L01AK4,MOGSEC,EQ,,,,,MOTILALAMC - G5,65.82,65.90,65.28,65.74,65.74,65.50,,65.50,,,35586,2324612.33,19,F1,1,,,,,
2026-08-18,2026-08-18,CM,NSE,STK,757669,INF247L01FR8,MOALPHA50,EQ,,,,,MOTILALAMC - MOALPHA50,56.24,56.62,55.79,55.99,55.87,56.24,,55.99,,,9206,515515.20,56,F1,1,,,,,
2026-08-18,2026-08-18,CM,NSE,STK,761693,INF247L01GV8,MOBANK10,EQ,,,,,MOTILALAMC - MOBANK10,16.94,16.94,16.85,16.90,16.91,17.04,,16.90,,,2780,46896.75,61,F1,1,,,,,
2026-08-18,2026-08-18,CM,NSE,STK,30065,INF247L01EV3,MOCAPITAL,EQ,,,,,MOTILALAMC - MOCAPITAL,53.20,53.83,52.75,53.36,53.40,53.60,,53.36,,,932185,49554516.78,2641,F1,1,,,,,
2026-08-18,2026-08-18,CM,NSE,STK,24944,INF247L01DJ0,MODEFENCE,EQ,,,,,MOTILALAMC - MODEFENCE,109.20,110.25,108.01,109.70,110.15,108.22,,109.70,,,1999813,218256013.35,9675,F1,1,,,,,
2026-08-18,2026-08-18,CM,NSE,STK,759374,INF247L01GH7,MOENERGY,EQ,,,,,MOTILALAMC - MOENERGY,39.19,39.19,38.66,38.78,38.91,38.88,,38.78,,,85552,3324781.87,557,F1,1,,,,,
2026-08-18,2026-08-18,CM,NSE,STK,757791,INF247L01FY4,MOGOLD,EQ,,,,,MOTILALAMC - MOGOLD,151.50,151.55,150.85,151.00,151.00,150.85,,151.06,,,26884,4064298.05,566,F1,1,,,,,
2026-08-18,2026-08-18,CM,NSE,STK,10508,INF247L01BB1,MOHEALTH,EQ,,,,,MOTILALAMC - MOHEALTH,51.41,51.82,51.20,51.46,51.35,51.41,,51.47,,,34988,1803378.17,436,F1,1,,,,,
2026-08-18,2026-08-18,CM,NSE,STK,757031,INF247L01FL1,MOINFRA,EQ,,,,,MOTILALAMC - MOINFRA,60.00,60.00,59.59,59.75,59.79,59.79,,59.75,,,758,45266.40,51,F1,1,,,,,
2026-08-18,2026-08-18,CM,NSE,STK,759891,INF247L01GI5,MOIPO,EQ,,,,,MOTILALAMC - MOIPO,48.61,48.61,48.29,48.50,48.50,48.43,,48.50,,,6834,331355.70,26,F1,1,,,,,
2026-08-18,2026-08-18,CM,NSE,STK,8654,INF247L01BL0,MOLOWVOL,EQ,,,,,MOTILALAMC - MOLOWVOL,36.28,37.10,36.28,36.89,36.97,37.22,,36.91,,,50377,1854652.90,86,F1,1,,,,,
2026-08-18,2026-08-18,CM,NSE,STK,25606,INF247L01DK8,MOMENTUM50,EQ,,,,,MOTILALAMC - MOMENTUM50,54.37,54.62,54.16,54.39,54.34,54.38,,54.34,,,900722,49095856.88,1435,F1,1,,,,,
2026-08-18,2026-08-18,CM,NSE,STK,764402,INF247L01HG7,MOMETAL,EQ,,,,,MOTILALAMC - MOMETAL,13.41,13.41,13.04,13.06,13.09,13.15,,13.06,,,8882,116011.00,30,F1,1,,,,,
2026-08-18,2026-08-18,CM,NSE,STK,757099,INF247L01FK3,MOMGF,EQ,,,,,MOTILALAMC - MOMGF,166.52,166.53,165.15,166.09,166.09,166.21,,166.09,,,258,42854.45,20,F1,1,,,,,
2026-08-18,2026-08-18,CM,NSE,STK,757817,INF247L01FQ0,MOMIDMTM,EQ,,,,,MOTILALAMC - MOMIDMTM,65.28,65.80,64.80,65.19,65.29,65.28,,65.19,,,59319,3857538.81,242,F1,1,,,,,
2026-08-18,2026-08-18,CM,NSE,STK,760054,INF247L01GK1,MOMNC,EQ,,,,,MOTILALAMC - MOMNC,33.50,33.66,33.40,33.49,33.49,33.68,,33.49,,,1697,56799.72,17,F1,1,,,,,
2026-08-18,2026-08-18,CM,NSE,STK,8182,INF247L01BK2,MOMOMENTUM,EQ,,,,,MOTILALAMC - MOMOMENTUM,64.00,64.00,62.83,63.04,63.09,63.11,,63.05,,,40332,2538589.80,305,F1,1,,,,,
2026-08-18,2026-08-18,CM,NSE,STK,756900,INF247L01FC0,MON50EQUAL,EQ,,,,,MOTILALAMC - MON50EQUAL,33.82,33.82,33.60,33.63,33.63,33.82,,33.63,,,1321,44428.18,53,F1,1,,,,,
2026-08-18,2026-08-18,CM,NSE,STK,757167,INF247L01FD8,MONEXT50,EQ,,,,,MOTILALAMC - MONEXT50,74.93,75.00,74.30,74.60,75.00,74.99,,74.60,,,11380,846794.94,67,F1,1,,,,,
2026-08-18,2026-08-18,CM,NSE,STK,759371,INF247L01GG9,MONIFTY100,EQ,,,,,MOTILALAMC - MONIFTY100,25.74,25.74,25.50,25.51,25.50,25.74,,25.51,,,38504,984125.88,65,F1,1,,,,,
2026-08-18,2026-08-18,CM,NSE,STK,19237,INF247L01BU1,MONIFTY500,EQ,,,,,MOTILALAMC - MONIFTY500,23.66,24.37,23.66,24.16,24.16,24.27,,24.16,,,1363280,32886857.05,1522,F1,1,,,,,
2026-08-18,2026-08-18,CM,NSE,STK,7422,INF247L01AU3,MONQ50,EQ,,,,,MOTILALAMC - MONQ50,151.20,151.20,151.20,151.20,151.20,151.40,,151.20,,,19945,3015684.00,127,F1,1,,,,,
2026-08-18,2026-08-18,CM,NSE,STK,764405,INF247L01HH5,MOOILGAS,EQ,,,,,MOTILALAMC - MOOILGAS,11.38,11.38,11.22,11.28,11.29,11.27,,11.28,,,4144,46695.08,48,F1,1,,,,,
2026-08-18,2026-08-18,CM,NSE,STK,757431,INF247L01FO5,MOPSE,EQ,,,,,MOTILALAMC - MOPSE,100.61,100.79,100.02,100.53,100.54,100.61,,100.53,,,1279,128088.60,15,F1,1,,,,,
2026-08-18,2026-08-18,CM,NSE,STK,10822,INF247L01BH8,MOQUALITY,EQ,,,,,MOTILALAMC - MOQUALITY,204.77,204.77,202.00,202.49,203.88,204.90,,202.51,,,11534,2343668.96,36,F1,1,,,,,
2026-08-18,2026-08-18,CM,NSE,STK,23184,INF247L01CI4,MOREALTY,EQ,,,,,MOTILALAMC - MOREALTY,92.27,92.27,89.65,90.43,90.45,91.45,,90.43,,,832436,75259515.36,2483,F1,1,,,,,
2026-08-18,2026-08-18,CM,NSE,STK,760001,INF247L01GJ3,MOSERVICE,EQ,,,,,MOTILALAMC - MOSERVICE,31.08,31.10,31.00,31.06,31.06,31.30,,31.06,,,3522,109373.61,57,F1,1,,,,,
2026-08-18,2026-08-18,CM,NSE,STK,758457,INF247L01FZ1,MOSILVER,EQ,,,,,MOTILALAMC - MOSILVER,230.74,230.74,228.23,229.19,229.46,230.87,,229.19,,,39134,8973283.48,1010,F1,1,,,,,
2026-08-18,2026-08-18,CM,NSE,STK,23181,INF247L01CH6,MOSMALL250,EQ,,,,,MOTILALAMC - MOSMALL250,18.41,18.45,18.35,18.39,18.43,18.39,,18.39,,,659947,12144435.27,1751,F1,1,,,,,
2026-08-18,2026-08-18,CM,NSE,STK,757443,INF247L01FP2,MOTOUR,EQ,,,,,MOTILALAMC - MOTOUR,79.75,80.08,79.43,79.81,80.03,80.29,,79.81,,,9230,735041.30,177,F1,1,,,,,
2026-08-18,2026-08-18,CM,NSE,STK,10825,INF247L01BE5,MOVALUE,EQ,,,,,MOTILALAMC - MOVALUE,114.65,114.65,113.50,113.68,113.98,114.48,,113.68,,,37679,4295536.21,553,F1,1,,,,,
2026-08-18,2026-08-18,CM,NSE,STK,20788,INE0FRK01020,MOTISONS,EQ,,,,,MOTISONS JEWELLERS LTD,16.71,17.22,16.29,16.78,16.78,16.54,,16.78,,,134374269,2239821556.09,102698,F1,1,,,,,
2026-08-18,2026-08-18,CM,NSE,STK,8793,INE861B01023,MOTOGENFIN,BE,,,,,MOTOR & GENERAL FINANCE L,26.08,26.92,26.08,26.30,26.90,26.07,,26.30,,,1557,41002.00,19,F1,1,,,,,
2026-08-18,2026-08-18,CM,NSE,STK,757810,INE0XM301010,MMEL,SM,,,,,MOVING MEDIA ENTER LTD,24.75,24.85,24.75,24.75,24.75,24.60,,24.75,,,12000,297200.00,6,F1,2000,,,,,
2026-08-18,2026-08-18,CM,NSE,STK,765135,INE493H01014,MPDL,EQ,,,,,MPDL LTD.,28.60,28.60,28.60,28.60,28.60,26.63,,28.19,,,53,1515.80,4,F1,1,,,,,
2026-08-18,2026-08-18,CM,NSE,STK,4503,INE356A01018,MPHASIS,EQ,,,,,MPHASIS LIMITED,2504.40,2504.40,2432.00,2432.00,2432.00,2510.00,,2432.01,,,504720,1240805723.40,37328,F1,1,,,,,
2026-08-18,2026-08-18,CM,NSE,STK,10578,INE943D01017,MPSLTD,EQ,,,,,MPS LIMITED,2830.00,2849.00,2786.30,2830.30,2849.00,2814.80,,2830.28,,,21475,60582172.60,2796,F1,1,,,,,
2026-08-18,2026-08-18,CM,NSE,STK,2277,INE883A01011,MRF,EQ,,,,,MRF LTD,133015.00,133900.00,132650.00,133505.00,133500.00,133015.00,,133501.07,,,2637,351941480.00,1808,F1,1,,,,,
2026-08-18,2026-08-18,CM,NSE,STK,2283,INE103A01014,MRPL,EQ,,,,,MRPL,177.00,189.00,176.20,177.44,176.95,177.15,,177.43,,,48280540,8868130262.90,258128,F1,1,,,,,
2026-08-18,2026-08-18,CM,NSE,STK,1628,INE495P01020,BECTORFOOD,EQ,,,,,MRS BECTORS FOOD SPE LTD,255.79,263.96,251.50,260.92,260.75,255.30,,260.86,,,2984335,769247350.45,39650,F1,1,,,,,
2026-08-18,2026-08-18,CM,NSE,STK,11919,INE752G01015,MSPL,EQ,,,,,MSP STEEL & POWER LTD.,34.37,34.74,33.81,34.51,34.11,34.47,,34.51,,,414575,14194077.06,2336,F1,1,,,,,
2026-08-18,2026-08-18,CM,NSE,STK,9356,INE255X01014,MSTCLTD,EQ,,,,,MSTC LIMITED,658.15,709.00,655.00,701.55,702.00,653.20,,701.59,,,1266456,867398794.00,30649,F1,1,,,,,
2026-08-18,2026-08-18,CM,NSE,STK,31413,INE472M01018,MTEDUCARE,BE,,,,,MT EDUCARE LTD,1.98,1.99,1.82,1.85,1.85,1.90,,1.85,,,20360,38500.82,51,F1,1,,,,,
2026-08-18,2026-08-18,CM,NSE,STK,2715,INE864I01014,MTARTECH,BE,,,,,MTAR TECHNOLOGIES LIMITED,7051.00,7195.00,6930.00,7132.00,7120.00,7057.00,,7132.31,,,116896,834907004.50,23651,F1,1,,,,,
2026-08-18,2026-08-18,CM,NSE,STK,19783,INE08KJ01020,MUFIN,EQ,,,,,MUFIN GREEN FINANCE LTD,135.40,136.80,135.10,135.82,135.90,135.87,,135.82,,,715955,97333173.16,2704,F1,1,,,,,
2026-08-18,2026-08-18,CM,NSE,STK,11325,INE304A01026,MUKANDLTD,EQ,,,,,MUKAND LTD.,135.99,136.88,134.17,135.69,134.41,135.27,,135.70,,,63185,8578731.12,1134,F1,1,,,,,
2026-08-18,2026-08-18,CM,NSE,STK,764788,INE596B01017,MUKESHB,EQ,,,,,MUKESH BABU FINANC SER L,147.00,147.00,145.00,145.00,145.00,147.00,,145.00,,,1503,217940.99,7,F1,1,,,,,
2026-08-18,2026-08-18,CM,NSE,STK,22980,INE0CG401037,MUKKA,EQ,,,,,MUKKA PROTEINS LIMITED,27.77,28.10,26.55,27.04,27.04,27.53,,27.04,,,568960,15619596.92,2287,F1,1,,,,,
2026-08-18,2026-08-18,CM,NSE,STK,8691,INE374B01019,MUKTAARTS,BE,,,,,MUKTA ARTS LIMITED,56.55,56.55,55.23,55.26,55.26,56.55,,55.26,,,1150,64309.50,3,F1,1,,,,,
2026-08-18,2026-08-18,CM,NSE,STK,31181,INE745G01043,MCX,EQ,,,,,MULTI COMMODITY EXCHANGE,2949.90,3058.00,2916.00,3040.00,3040.00,2933.10,,3039.93,,,3187586,9616067545.20,148599,F1,1,,,,,
2026-08-18,2026-08-18,CM,NSE,STK,759416,INE1K8Y01018,MUNISH,SM,,,,,MUNISH FORGE LIMITED,82.10,82.10,81.00,81.05,81.05,84.00,,81.05,,,26400,2143200.00,18,F1,1200,,,,,
2026-08-18,2026-08-18,CM,NSE,STK,13511,INE672B01032,MUNJALAU,EQ,,,,,MUNJAL AUTO IND. LTD.,121.90,123.90,116.65,118.39,118.50,119.72,,118.41,,,2916371,349172685.87,18259,F1,1,,,,,
2026-08-18,2026-08-18,CM,NSE,STK,2307,INE577A01027,MUNJALSHOW,EQ,,,,,MUNJAL SHOWA LTD,137.31,139.00,135.00,135.38,135.00,136.62,,135.41,,,26890,3660574.66,505,F1,1,,,,,
2026-08-18,2026-08-18,CM,NSE,STK,2313,INE692B01014,MURUDCERA,EQ,,,,,MURUDESHWAR CERAMICS LTD,31.00,31.00,30.12,30.50,30.37,30.49,,30.50,,,12809,391833.28,201,F1,1,,,,,
2026-08-18,2026-08-18,CM,NSE,STK,19877,INE919I01024,RADIOCITY,EQ,,,,,MUSIC BROADCAST LIMITED,6.80,6.82,6.60,6.63,6.63,6.66,,6.63,,,87095,583960.67,152,F1,1,,,,,
2026-08-18,2026-08-18,CM,NSE,STK,10415,INE296G01013,MUTHOOTCAP,EQ,,,,,MUTHOOT CAP SERV LTD,258.69,259.78,251.00,254.27,252.00,258.69,,254.26,,,8161,2082396.56,312,F1,1,,,,,
2026-08-18,2026-08-18,CM,NSE,STK,23650,INE414G01012,MUTHOOTFIN,EQ,,,,,MUTHOOT FINANCE LIMITED,2890.00,2929.10,2875.00,2894.10,2894.10,2888.50,,2894.10,,,499431,1448444738.10,32274,F1,1,,,,,
2026-08-18,2026-08-18,CM,NSE,STK,20831,INE046W01019,MUTHOOTMF,EQ,,,,,MUTHOOT MICROFIN LIMITED,208.12,212.98,206.50,210.29,209.50,208.12,,210.29,,,395203,83173555.42,6380,F1,1,,,,,
2026-08-18,2026-08-18,CM,NSE,STK,764397,INE0OWZ01020,MVELECTRO,EQ,,,,,MV ELECTROSYSTEMS LIMITED,574.00,583.85,556.15,574.10,575.00,570.10,,574.16,,,777088,442996392.00,18331,F1,1,,,,,
2026-08-18,2026-08-18,CM,NSE,STK,25208,INE0RVQ01016,MYMUDRA,SM,,,,,MY MUDRA FINCORP LIMITED,74.30,74.35,74.30,74.35,74.35,74.05,,74.35,,,4800,356820.00,4,F1,1200,,,,,
2026-08-18,2026-08-18,CM,NSE,STK,4377,INE741A01011,MYSORPETRO,EQ,,,,,MYSORE PETRO CHEMICALS L,111.00,127.52,111.00,114.93,116.20,11.25,,115.06,,,86196,10625163.09,1685,F1,1,,,,,
2026-08-18,2026-08-18,CM,NSE,STK,20314,INE740D01017,NRAIL,EQ,,,,,N R AGARWAL INDS LTD,519.00,519.00,499.15,503.95,501.60,509.90,,503.95,,,12055,6104663.10,844,F1,1,,,,,
2026-08-18,2026-08-18,CM,NSE,STK,757492,INE104101014,NRVANDANA,ST,,,,,N R VANDANA TEX IND LTD,67.90,67.90,67.80,67.85,67.85,66.25,,67.85,,,18000,1221750.00,6,F1,3000,,,,,
2026-08-18,2026-08-18,CM,NSE,STK,764798,INE920C01017,NTCIND,EQ,,,,,N T C INDUSTRIES LTD.,146.00,146.00,140.00,142.17,141.00,144.45,,143.30,,,241,34253.99,28,F1,1,,,,,
2026-08-18,2026-08-18,CM,NSE,STK,19111,INE365I01020,NBIFIN,EQ,,,,,N.B.I. IND. FIN. CO. LTD,2099.00,2100.00,2000.00,2010.40,2005.50,2064.00,,2010.40,,,402,816259.50,54,F1,1,,,,,
2026-08-18,2026-08-18,CM,NSE,STK,20425,INE295D01020,NACLIND,EQ,,,,,NACL INDUSTRIES LIMITED,173.97,175.10,170.60,172.40,173.00,173.45,,172.41,,,358338,61875047.05,6967,F1,1,,,,,
2026-08-18,2026-08-18,CM,NSE,STK,18371,INE756C01015,NDGL,EQ,,,,,NAGA DHUNSERI GROUP LTD,2875.00,2875.00,2669.00,2727.90,2725.00,2878.70,,2727.90,,,558,1528535.10,119,F1,1,,,,,
2026-08-18,2026-08-18,CM,NSE,STK,14942,INE245I01016,NAGREEKCAP,EQ,,,,,NAGREEKA CAP & INFR.LTD,24.50,24.50,23.50,23.52,23.50,23.50,,23.51,,,1445,34059.86,30,F1,1,,,,,
2026-08-18,2026-08-18,CM,NSE,STK,14702,INE123B01028,NAGREEKEXP,EQ,,,,,NAGREEKA EXPORTS LTD.,24.95,24.95,23.25,23.60,23.60,24.26,,23.60,,,379031,9153924.73,973,F1,1,,,,,
2026-08-18,2026-08-18,CM,NSE,STK,15360,INE049I01012,NAHARCAP,EQ,,,,,NAHAR CAP & FIN.,255.95,261.05,251.70,257.75,257.55,255.62,,257.75,,,3554,918071.31,92,F1,1,,,,,
2026-08-18,2026-08-18,CM,NSE,STK,13106,INE289A01011,NAHARINDUS,EQ,,,,,NAHAR INDS ENT LTD,120.99,122.00,117.61,119.86,119.99,117.38,,119.84,,,60728,7320862.14,912,F1,1,,,,,
2026-08-18,2026-08-18,CM,NSE,STK,14445,INE308A01027,NAHARPOLY,EQ,,,,,NAHAR POLY FILMS LIMITED,240.80,243.60,235.00,236.30,236.00,237.65,,236.30,,,10550,2516098.35,487,F1,1,,,,,
2026-08-18,2026-08-18,CM,NSE,STK,14440,INE290A01027,NAHARSPING,EQ,,,,,NAHAR SPINNING MILLS LTD.,298.35,307.45,294.00,303.40,305.00,296.70,,303.37,,,83164,24837880.50,2062,F1,1,,,,,
2026-08-18,2026-08-18,CM,NSE,STK,5404,INE236Y01012,NGIL,BE,,,,,NAKODA GROUP OF IND. LTD,41.54,42.40,39.50,40.00,40.00,40.73,,40.00,,,9950,403813.18,38,F1,1,,,,,
2026-08-18,2026-08-18,CM,NSE,STK,11239,INE023A01030,NSIL,EQ,,,,,NALWA SONS INVESTMENT LTD,5515.00,5598.50,5515.00,5558.50,5532.00,5555.00,,5558.50,,,1628,9039959.00,328,F1,1,,,,,
2026-08-18,2026-08-18,CM,NSE,STK,23379,INE0RJM01010,NAMAN,SM,,,,,NAMAN INDUSTRE PRXIMA LTD,40.90,42.65,40.90,42.65,42.65,40.90,,42.65,,,3200,133720.00,4,F1,800,,,,,
2026-08-18,2026-08-18,CM,NSE,STK,25170,INE08NZ01012,NAMOEWASTE,ST,,,,,NAMO EWASTE MANAGEMENT L,282.55,287.95,275.30,280.00,280.00,282.75,,280.00,,,16800,4712440.00,20,F1,800,,,,,
2026-08-18,2026-08-18,CM,NSE,STK,31258,INE875G01048,NDL,EQ,,,,,NANDAN DENIM LIMITED,2.34,2.34,2.25,2.27,2.28,2.33,,2.27,,,1383832,3153699.79,1182,F1,1,,,,,
2026-08-18,2026-08-18,CM,NSE,STK,5516,INE696V01013,JAIPURKURT,EQ,,,,,NANDANI CREATION LIMITED,27.43,27.89,27.05,27.69,27.69,27.43,,27.69,,,958,26212.73,38,F1,1,,,,,
2026-08-18,2026-08-18,CM,NSE,STK,11840,INE410P01011,NH,EQ,,,,,NARAYANA HRUDAYALAYA LTD.,1823.90,1834.90,1799.10,1803.00,1803.00,1828.50,,1802.99,,,233127,422040940.40,21325,F1,1,,,,,
2026-08-18,2026-08-18,CM,NSE,STK,11627,INE117Z01029,NARMADA,EQ,,,,,NARMADA AGROBASE LIMITED,14.38,14.99,14.12,14.88,14.95,14.45,,14.88,,,892148,13051387.64,2353,F1,1,,,,,
2026-08-18,2026-08-18,CM,NSE,STK,3918,INE987B01026,NATCOPHARM,EQ,,,,,NATCO PHARMA LTD.,890.60,901.00,890.00,898.35,900.00,889.80,,898.33,,,281134,251827475.30,21128,F1,1,,,,,
2026-08-18,2026-08-18,CM,NSE,STK,11065,INE448G01010,NATHBIOGEN,EQ,,,,,NATH BIO-GENES (I) LTD,154.47,155.50,154.00,155.17,155.40,154.43,,155.16,,,10341,1600545.99,188,F1,1,,,,,
2026-08-18,2026-08-18,CM,NSE,STK,6364,INE139A01034,NATIONALUM,EQ,,,,,NATIONAL ALUMINIUM CO LTD,386.80,390.85,385.80,388.00,388.00,387.55,,388.00,,,2824411,1097501086.35,32751,F1,1,,,,,
2026-08-18,2026-08-18,CM,NSE,STK,13925,INE870D01012,NFL,EQ,,,,,NATIONAL FERT. LTD,71.22,71.69,70.05,70.23,70.18,71.54,,70.23,,,958299,67589512.43,5351,F1,1,,,,,
2026-08-18,2026-08-18,CM,NSE,STK,762807,INE166R01015,NATIONSTD,EQ,,,,,NATIONAL STAND (INDIA) L,134.00,148.10,134.00,134.00,134.00,141.05,,134.05,,,335324,47735282.49,1866,F1,1,,,,,
2026-08-18,2026-08-18,CM,NSE,STK,29583,INE936B01015,NATCAPSUQ,EQ,,,,,NATURAL CAPSULES LIMITED,148.69,149.35,146.00,146.59,147.20,148.75,,146.74,,,7540,1110812.17,457,F1,1,,,,,
2026-08-18,2026-08-18,CM,NSE,STK,4014,INE725A01030,NAVA,EQ,,,,,NAVA LIMITED,559.65,571.00,557.00,558.90,558.00,559.65,,558.92,,,276543,155603584.25,12413,F1,1,,,,,
2026-08-18,2026-08-18,CM,NSE,STK,14672,INE048G01026,NAVINFLUOR,EQ,,,,,NAVIN FLUORINE INT. LTD,8155.00,8300.00,8151.00,8255.00,8247.50,8151.00,,8255.00,,,107257,884634969.50,18800,F1,1,,,,,
2026-08-18,2026-08-18,CM,NSE,STK,10557,INE278M01019,NAVKARCORP,EQ,,,,,NAVKAR CORPORATION LTD.,99.50,100.00,97.50,97.92,98.06,98.89,,97.93,,,289440,28458367.38,2823,F1,1,,,,,
2026-08-18,2026-08-18,CM,NSE,STK,29149,INE268H01044,NAVKARURB,BE,,,,,NAVKAR URBANSTRUCTURE LTD,0.98,1.01,0.96,0.98,0.99,0.98,,0.98,,,274448,271251.20,256,F1,1,,,,,
2026-08-18,2026-08-18,CM,NSE,STK,2385,INE060A01024,NAVNETEDUL,EQ,,,,,NAVNEET EDUCATION LTD,135.00,135.00,131.78,134.09,134.25,134.54,,134.09,,,78549,10502818.81,1471,F1,1,,,,,
2026-08-18,2026-08-18,CM,NSE,STK,2987,INE418L01047,NAZARA,EQ,,,,,NAZARA TECHNOLOGIES LTD,349.95,356.65,348.75,355.55,354.25,350.10,,355.55,,,1287389,455600696.25,11266,F1,1,,,,,
2026-08-18,2026-08-18,CM,NSE,STK,31415,INE095N01031,NBCC,EQ,,,,,NBCC (INDIA) LIMITED,89.35,89.93,87.70,88.00,88.00,89.75,,88.00,,,6718438,593705859.55,33479,F1,1,,,,,
2026-08-18,2026-08-18,CM,NSE,STK,2319,INE868B01028,NCC,EQ,,,,,NCC LIMITED,138.83,141.00,138.24,140.38,140.50,139.40,,140.37,,,925504,129180226.63,14996,F1,1,,,,,
2026-08-18,2026-08-18,CM,NSE,STK,14490,INE732C01016,NCLIND,EQ,,,,,NCL INDUSTRIES LIMITED,173.00,173.90,169.21,171.78,173.90,172.02,,171.78,,,85022,14615772.37,2611,F1,1,,,,,
2026-08-18,2026-08-18,CM,NSE,STK,14547,INE353A01023,NDLVENTURE,EQ,,,,,NDL VENTURES LIMITED,122.15,122.74,113.95,116.17,116.00,123.56,,116.17,,,57215,6747365.95,671,F1,1,,,,,
2026-08-18,2026-08-18,CM,NSE,STK,22255,INE07OG01012,NDRAUTO,EQ,,,,,NDR AUTO COMPONENTS LTD,803.55,809.95,789.30,794.25,792.10,803.55,,794.25,,,15998,12791935.65,1142,F1,1,,,,,
2026-08-18,2026-08-18,CM,NSE,STK,11427,INE155G01029,NDTV,EQ,,,,,NDTV LTD,75.28,76.99,75.28,75.70,75.50,76.34,,75.70,,,41217,3121056.31,701,F1,1,,,,,
2026-08-18,2026-08-18,CM,NSE,STK,11927,INE023H01027,NECLIFE,EQ,,,,,NECTAR LIFESCIENCES LTD.,11.30,11.50,10.63,10.76,10.80,11.23,,10.75,,,341767,3736043.74,800,F1,1,,,,,
2026-08-18,2026-08-18,CM,NSE,STK,762812,INE605D01012,NEAGI,EQ,,,,,NEELAMALAI AGRO INDS. L,3312.40,3440.00,3312.40,3325.20,3325.20,3295.90,,3319.07,,,102,347109.30,42,F1,1,,,,,
2026-08-18,2026-08-18,CM,NSE,STK,14761,INE189I01024,NELCAST,EQ,,,,,NELCAST LIMITED,116.94,120.15,116.94,118.35,118.00,116.94,,118.32,,,81362,9645123.11,2526,F1,1,,,,,
2026-08-18,2026-08-18,CM,NSE,STK,2388,INE045B01015,NELCO,EQ,,,,,NELCO LTD,1092.30,1098.00,938.60,948.80,945.00,1081.50,,948.82,,,2131064,2072377836.00,67972,F1,1,,,,,
2026-08-18,2026-08-18,CM,NSE,STK,760931,INE21UM01018,NEOCHEM,ST,,,,,NEOCHEM BIO SOLUTIONS LTD,95.00,96.05,95.00,95.65,96.05,94.70,,95.65,,,12000,1146240.00,7,F1,1200,,,,,
2026-08-18,2026-08-18,CM,NSE,STK,9917,INE136S01016,NEOGEN,EQ,,,,,NEOGEN CHEMICALS LIMITED,2251.10,2483.90,2241.00,2328.50,2354.90,2270.10,,2328.42,,,1415053,3382289501.70,137383,F1,1,,,,,
2026-08-18,2026-08-18,CM,NSE,STK,24353,INE0SUN01013,NEPHROCARE,ST,,,,,NEPHRO CARE INDIA LIMITED,78.90,78.90,78.90,78.90,78.90,83.05,,78.90,,,7200,568080.00,13,F1,400,,,,,
2026-08-18,2026-08-18,CM,NSE,STK,760346,INE428V01029,NEPHROPLUS,EQ,,,,,NEPHROCARE HEALTH SERV L,694.90,713.65,691.00,699.10,697.90,694.65,,699.09,,,175409,123455969.55,10449,F1,1,,,,,
2026-08-18,2026-08-18,CM,NSE,STK,757493,INE156901014,NEPTUNE,SM,,,,,NEPTUNE PETROCHEMICALS L,180.00,180.00,177.50,178.95,179.00,180.00,,178.95,,,24000,4280125.00,31,F1,500,,,,,
2026-08-18,2026-08-18,CM,NSE,STK,15409,INE317F01035,NESCO,EQ,,,,,NESCO LTD.,1041.40,1049.30,1030.60,1034.70,1036.00,1046.30,,1034.88,,,20418,21205836.10,2277,F1,1,,,,,
2026-08-18,2026-08-18,CM,NSE,STK,17963,INE239A01024,NESTLEIND,EQ,,,,,NESTLE INDIA LIMITED,1478.00,1479.80,1453.00,1462.50,1462.50,1470.00,,1462.50,,,1815216,2664236156.30,64461,F1,1,,,,,
2026-08-18,2026-08-18,CM,NSE,STK,17433,INE0NT901020,NETWEB,EQ,,,,,NETWEB TECH INDIA LTD,5110.00,5396.40,5092.80,5354.50,5325.00,5212.40,,5354.68,,,2395703,12712617308.50,178003,F1,1,,,,,
2026-08-18,2026-08-18,CM,NSE,STK,756324,INE0FFK01017,NPST,EQ,,,,,NETWORK PEOPLE SRV TECH L,1638.00,1638.00,1540.80,1591.00,1581.00,1622.80,,1590.93,,,39454,62334210.00,4306,F1,1,,,,,
2026-08-18,2026-08-18,CM,NSE,STK,14111,INE870H01013,NETWORK18,EQ,,,,,NETWORK18 MEDIA & INV LTD,29.00,29.00,28.34,28.51,28.42,28.95,,28.51,,,2751991,78653820.52,11859,F1,1,,,,,
2026-08-18,2026-08-18,CM,NSE,STK,30554,INE333I01044,NEUEON,BE,,,,,NEUEON CORPORATION LTD,18.33,18.35,16.70,16.80,17.20,17.55,,16.83,,,57179,989078.24,162,F1,1,,,,,
2026-08-18,2026-08-18,CM,NSE,STK,2406,INE794A01010,NEULANDLAB,EQ,,,,,NEULAND LAB LTD.,23670.00,23881.00,23264.00,23370.00,23399.00,23661.00,,23367.38,,,55362,1300476503.00,18077,F1,1,,,,,
2026-08-18,2026-08-18,CM,NSE,STK,1164,INE619B01017,NEWGEN,EQ,,,,,NEWGEN SOFTWARE TECH LTD,533.10,534.50,526.40,528.45,528.80,534.85,,528.42,,,290297,153677952.20,8929,F1,1,,,,,
2026-08-18,2026-08-18,CM,NSE,STK,19161,INE0PW501021,NEWJAISA,ST,,,,,NEWJAISA TECHNOLOGIES LTD,18.00,18.00,17.50,17.50,17.50,17.85,,17.50,,,21000,372225.00,8,F1,1500,,,,,
2026-08-18,2026-08-18,CM,NSE,STK,28801,INE0TP801012,NMSTEEL,SM,,,,,NEWMALAYALAM STEEL LTD,23.00,23.00,23.00,23.00,23.00,23.00,,23.00,,,3200,73600.00,2,F1,1600,,,,,
2026-08-18,2026-08-18,CM,NSE,STK,9867,INE747B01016,NEXTMEDIA,EQ,,,,,NEXT MEDIAWORKS LIMITED,3.98,3.98,3.70,3.71,3.72,3.91,,3.71,,,38951,145914.26,42,F1,1,,,,,
2026-08-18,2026-08-18,CM,NSE,STK,15815,INE0NDH25011,NXST,RR,,,,,NEXUS SELECT TRUST,169.00,169.45,167.75,167.81,168.00,168.01,,167.81,,,406833,68469435.69,9653,F1,1,,,,,
2026-08-18,2026-08-18,CM,NSE,STK,763536,INE0T1501010,NFPSAMPOOR,SM,,,,,NFP SAMPOORNA FOODS LTD,23.00,23.00,22.20,22.20,22.20,23.00,,22.20,,,12000,271600.00,6,F1,2000,,,,,
2026-08-18,2026-08-18,CM,NSE,STK,10277,INE887E01022,NGLFINE,EQ,,,,,NGL FINE CHEM LIMITED,2940.00,3265.00,2923.20,3023.50,3055.00,2908.40,,3023.52,,,110560,348153953.20,18434,F1,1,,,,,
2026-08-18,2026-08-18,CM,NSE,STK,17400,INE848E01016,NHPC,EQ,,,,,NHPC LTD,76.59,76.99,76.20,76.73,76.73,76.60,,76.73,,,5338983,408667325.97,21449,F1,1,,,,,
2026-08-18,2026-08-18,CM,NSE,STK,29487,INE149O01018,NIBE,EQ,,,,,NIBE LIMITED,1469.00,1480.00,1420.00,1444.40,1439.80,1439.00,,1443.41,,,68883,100410068.50,5244,F1,1,,,,,
2026-08-18,2026-08-18,CM,NSE,STK,764793,INE653C01022,NICCOPAR,EQ,,,,,NICCO PARKS & RESORTS LTD,77.00,77.00,72.00,75.25,75.25,73.00,,75.40,,,268,20148.07,28,F1,1,,,,,
2026-08-18,2026-08-18,CM,NSE,STK,6592,INE0J6L01013,NIDAN,SM,,,,,NIDAN LABS AND HEALTH LTD,13.95,13.95,13.50,13.50,13.50,12.75,,13.50,,,8000,110800.00,8,F1,1000,,,,,
2026-08-18,2026-08-18,CM,NSE,STK,17747,INE342G01023,NIITMTS,EQ,,,,,NIIT LEARNING SYSTEMS LTD,240.00,241.00,234.00,235.53,235.21,239.01,,235.59,,,108219,25489377.81,4838,F1,1,,,,,
2026-08-18,2026-08-18,CM,NSE,STK,11522,INE161A01038,NIITLTD,EQ,,,,,NIIT LIMITED,95.25,95.70,92.89,93.08,93.01,95.63,,93.06,,,407309,38222777.23,3583,F1,1,,,,,
2026-08-18,2026-08-18,CM,NSE,STK,9253,INE937C01029,NILAINFRA,EQ,,,,,NILA INFRASTRUCTURES LTD,7.03,7.13,7.01,7.02,7.02,7.02,,7.02,,,95278,671424.50,282,F1,1,,,,,
2026-08-18,2026-08-18,CM,NSE,STK,7411,INE00S901012,NILASPACES,EQ,,,,,NILA SPACES LIMITED,13.05,13.45,12.50,12.74,12.77,12.87,,12.74,,,1158760,15003988.09,1848,F1,1,,,,,
2026-08-18,2026-08-18,CM,NSE,STK,762817,INE445D01013,NILE,EQ,,,,,NILE LTD.,1463.10,1549.90,1463.10,1525.90,1530.00,1477.60,,1525.59,,,6611,10033589.80,813,F1,1,,,,,
2026-08-18,2026-08-18,CM,NSE,STK,2421,INE310A01015,NILKAMAL,EQ,,,,,NILKAMAL LIMITED,1810.00,1880.00,1776.10,1846.70,1860.00,1810.00,,1846.22,,,37336,68085867.20,4176,F1,1,,,,,
2026-08-18,2026-08-18,CM,NSE,STK,761720,INE875B01015,NIMBSPROJ,EQ,,,,,NIMBUS PROJECTS LIMITED,184.00,186.00,176.60,179.44,184.90,184.00,,179.44,,,29851,5514573.04,56,F1,1,,,,,
2026-08-18,2026-08-18,CM,NSE,STK,14194,INE395U01014,NINSYS,EQ,,,,,NINTEC SYSTEMS LIMITED,735.00,749.30,712.60,729.00,729.00,735.40,,728.59,,,3635,2647707.75,344,F1,1,,,,,
2026-08-18,2026-08-18,CM,NSE,STK,11439,INF204KB15I9,BANKBEES,EQ,,,,,NIP IND ETF BANK BEES,597.03,597.48,593.24,594.86,594.65,598.42,,594.86,,,535231,318121391.06,6564,F1,1,,,,,
2026-08-18,2026-08-18,CM,NSE,STK,2435,INF204KA1LD7,CONSUMBEES,EQ,,,,,NIP IND ETF CONSUMPTION,135.61,135.61,134.02,134.20,134.17,135.23,,134.20,,,51122,6868471.72,880,F1,1,,,,,
2026-08-18,2026-08-18,CM,NSE,STK,2636,INF204KA1MS3,DIVOPPBEES,EQ,,,,,NIP IND ETF DIV OPP,78.98,78.98,77.65,77.77,77.93,78.50,,77.77,,,112680,8770438.23,797,F1,1,,,,,
2026-08-18,2026-08-18,CM,NSE,STK,9847,INF204KB18I3,NV20BEES,EQ,,,,,NIP IND ETF ETF NV20,140.58,140.70,139.59,139.90,139.90,140.96,,139.90,,,6658,931421.56,193,F1,1,,,,,
2026-08-18,2026-08-18,CM,NSE,STK,14428,INF204KB17I5,GOLDBEES,EQ,,,,,NIP IND ETF GOLD BEES,126.85,126.85,126.17,126.43,126.45,126.42,,126.43,,,13766507,1740355788.05,54576,F1,1,,,,,
2026-08-18,2026-08-18,CM,NSE,STK,18284,INF204KB19I1,HNGSNGBEES,EQ,,,,,NIP IND ETF HANGSENG BEES,484.53,485.50,480.00,481.22,480.95,484.53,,481.18,,,138674,66908127.25,4178,F1,1,,,,,
2026-08-18,2026-08-18,CM,NSE,STK,20072,INF732E01268,INFRABEES,EQ,,,,,NIP IND ETF INFRA BEES,977.80,977.80,970.36,973.68,972.51,977.79,,973.70,,,4375,4257650.71,316,F1,1,,,,,
2026-08-18,2026-08-18,CM,NSE,STK,19084,INF204KB15V2,ITBEES,EQ,,,,,NIP IND ETF IT,34.24,34.50,33.55,33.58,33.64,34.24,,33.58,,,9883643,333179282.53,25401,F1,1,,,,,
2026-08-18,2026-08-18,CM,NSE,STK,10939,INF732E01045,JUNIORBEES,EQ,,,,,NIP IND ETF JUNIOR BEES,815.00,815.00,805.01,805.90,805.01,808.27,,805.90,,,262809,212028633.28,6418,F1,1,,,,,
2026-08-18,2026-08-18,CM,NSE,STK,11006,INF732E01037,LIQUIDBEES,EQ,,,,,NIP IND ETF LIQUID BEES,999.99,1000.01,999.99,1000.00,1000.01,999.99,,1000.00,,,2862680,2862688458.01,4076,F1,1,,,,,
2026-08-18,2026-08-18,CM,NSE,STK,17700,INF204KB1882,LTGILTBEES,EQ,,,,,NIP IND ETF LONGTERM GILT,30.07,30.08,29.97,30.02,30.05,30.05,,30.02,,,727798,21854543.64,619,F1,1,,,,,
2026-08-18,2026-08-18,CM,NSE,STK,8506,INF204KB1V68,MID150BEES,EQ,,,,,NIP IND ETF MIDCAP 150,244.99,244.99,241.89,242.35,242.20,242.89,,242.35,,,611444,148118843.96,20823,F1,1,,,,,
2026-08-18,2026-08-18,CM,NSE,STK,29577,INF204K014N5,NIF100BEES,EQ,,,,,NIP IND ETF NIFTY 100,270.68,273.38,267.68,269.25,268.90,270.68,,269.21,,,104961,28279132.50,699,F1,1,,,,,
2026-08-18,2026-08-18,CM,NSE,STK,10576,INF204KB14I2,NIFTYBEES,EQ,,,,,NIP IND ETF NIFTY BEES,278.99,278.99,275.81,276.10,276.10,277.91,,276.09,,,4677291,1292199812.90,41043,F1,1,,,,,
2026-08-18,2026-08-18,CM,NSE,STK,15032,INF204KB16I7,PSUBNKBEES,EQ,,,,,NIP IND ETF PSU BANK BEES,97.64,97.97,96.30,96.52,96.35,97.65,,96.52,,,1507802,145914200.64,6743,F1,1,,,,,
2026-08-18,2026-08-18,CM,NSE,STK,17044,INF732E01128,SHARIABEES,EQ,,,,,NIP IND ETF SHARIAH BEES,470.92,470.92,459.03,460.10,462.00,466.26,,460.31,,,10637,4895889.09,627,F1,1,,,,,
2026-08-18,2026-08-18,CM,NSE,STK,357,INE298J01013,NAM-INDIA,EQ,,,,,NIPPON L I A M LTD,1199.90,1205.00,1161.30,1170.60,1170.60,1202.70,,1170.61,,,1023188,1203286790.50,43548,F1,1,,,,,
2026-08-18,2026-08-18,CM,NSE,STK,757725,INF204KC1FU1,LIQGRWBEES,EQ,,,,,NIPPONAMC - LIQGRWBEES,1052.07,1052.09,1052.07,1052.07,1052.09,1051.95,,1052.07,,,68851,72436510.67,184,F1,1,,,,,
2026-08-18,2026-08-18,CM,NSE,STK,758667,INF204KC1GH6,MANUFGBEES,EQ,,,,,NIPPONAMC - MANUFGBEES,168.79,168.79,166.51,166.85,167.18,167.28,,166.86,,,6858,1145385.12,96,F1,1,,,,,
2026-08-18,2026-08-18,CM,NSE,STK,7880,INF204KC1337,AUTOBEES,EQ,,,,,NIPPONAMC - NETFAUTO,306.21,306.56,302.90,303.77,304.15,303.12,,303.77,,,141414,42935592.67,1956,F1,1,,,,,
2026-08-18,2026-08-18,CM,NSE,STK,4973,INF204KC1089,PHARMABEES,EQ,,,,,NIPPONAMC - NETFPHARMA,27.85,27.85,26.50,27.18,27.25,27.18,,27.19,,,3531468,96031896.15,8690,F1,1,,,,,
2026-08-18,2026-08-18,CM,NSE,STK,8080,INF204KC1402,SILVERBEES,EQ,,,,,NIPPONAMC - NETFSILVER,221.56,222.58,221.16,221.62,221.70,223.61,,221.62,,,11785788,2614901435.12,46830,F1,1,,,,,
2026-08-18,2026-08-18,CM,NSE,STK,757455,INF204KC1EZ3,SNXT30BEES,EQ,,,,,NIPPONAMC - SNXT30BEES,43.70,43.70,43.11,43.33,43.55,43.73,,43.33,,,21687,943433.17,75,F1,1,,,,,
2026-08-18,2026-08-18,CM,NSE,STK,255,INE368I01016,NIRAJ,EQ,,,,,NIRAJ CEMENT STRUC LTD,28.80,28.97,27.80,28.92,28.85,28.61,,29.04,,,58369,1671003.85,234,F1,1,,,,,
2026-08-18,2026-08-18,CM,NSE,STK,18840,INE326T01011,NIRAJISPAT,EQ,,,,,NIRAJ ISPAT IND LTD,225.00,230.00,200.00,212.00,212.00,211.00,,212.00,,,223,50241.75,13,F1,1,,,,,
2026-08-18,2026-08-18,CM,NSE,STK,2433,INE910A01012,NIRLON,EQ,,,,,NIRLON LTD,625.40,626.00,620.15,621.90,622.95,621.50,,621.90,,,4271,2657416.95,341,F1,1,,,,,
2026-08-18,2026-08-18,CM,NSE,STK,14722,INE0OK701014,NIRMAN,SM,,,,,NIRMAN AGRI GENTICS LTD,32.80,32.90,31.40,31.60,31.50,31.35,,31.60,,,11400,363750.00,33,F1,300,,,,,
2026-08-18,2026-08-18,CM,NSE,STK,13300,INE858F01012,NITCO,EQ,,,,,NITCO LIMITED,92.01,93.00,90.80,91.81,91.60,92.54,,91.81,,,487557,44815752.68,2782,F1,1,,,,,
2026-08-18,2026-08-18,CM,NSE,STK,13175,INE229H01012,NITINSPIN,EQ,,,,,NITIN SPINNERS LIMITED,556.75,610.00,554.50,606.90,609.00,553.75,,606.90,,,3703991,2215554582.55,88265,F1,1,,,,,
2026-08-18,2026-08-18,CM,NSE,STK,3247,INE439T01012,NITIRAJ,EQ,,,,,NITIRAJ ENGINEERS LTD,201.19,208.99,201.19,202.46,202.00,203.23,,202.46,,,553,113238.11,38,F1,1,,,,,
2026-08-18,2026-08-18,CM,NSE,STK,762824,INE265B01019,NITTAGELA,EQ,,,,,NITTA GELATIN INDIA LTD.,1597.10,1631.00,1591.50,1599.80,1600.00,1589.10,,1599.81,,,6641,10690414.50,884,F1,1,,,,,
2026-08-18,2026-08-18,CM,NSE,STK,27097,INE995S01015,NIVABUPA,EQ,,,,,NIVA BUPA HEALTH INS CO L,82.11,84.25,82.11,83.74,83.75,82.71,,83.73,,,644696,53935252.15,9060,F1,1,,,,,
2026-08-18,2026-08-18,CM,NSE,STK,2439,INE542C01019,NKIND,EQ,,,,,NK INDUSTRIES LTD,61.85,61.85,59.90,60.02,61.23,60.49,,60.14,,,112,6725.53,8,F1,1,,,,,
2026-08-18,2026-08-18,CM,NSE,STK,8585,INE589A01014,NLCINDIA,EQ,,,,,NLC INDIA LIMITED,277.20,278.70,274.30,276.65,276.60,277.65,,276.65,,,866666,239587094.60,16771,F1,1,,,,,
2026-08-18,2026-08-18,CM,NSE,STK,15332,INE584A01023,NMDC,EQ,,,,,NMDC LTD.,85.03,85.41,83.10,84.19,84.19,85.50,,84.19,,,18390025,1547001594.14,52009,F1,1,,,,,
2026-08-18,2026-08-18,CM,NSE,STK,14180,INE0NNS01018,NSLNISP,EQ,,,,,NMDC STEEL LIMITED,41.00,41.91,40.25,40.49,40.48,41.76,,40.49,,,8519973,347497678.84,27991,F1,1,,,,,
2026-08-18,2026-08-18,CM,NSE,STK,2442,INE163A01018,NOCIL,EQ,,,,,NOCIL LIMITED,162.60,167.33,162.51,162.93,162.62,163.71,,162.93,,,226911,37247069.15,3778,F1,1,,,,,
2026-08-18,2026-08-18,CM,NSE,STK,11214,INE781B01015,NOIDATOLL,BE,,,,,NOIDA TOLL BRIDGE CO LTD,4.04,4.15,3.98,4.07,4.07,4.03,,4.08,,,27494,111087.19,140,F1,1,,,,,
2026-08-18,2026-08-18,CM,NSE,STK,4160,INE369C01017,NORBTEAEXP,EQ,,,,,NORBEN TEA & EXPORTS LTD,66.50,67.60,64.30,66.72,67.50,66.17,,66.72,,,1506,99939.11,35,F1,1,,,,,
2026-08-18,2026-08-18,CM,NSE,STK,13533,INE553C01016,NECCLTD,BE,,,,,NORTH EAST CARRY CORP LTD,14.55,14.90,14.23,14.52,14.60,14.97,,14.53,,,49301,711919.21,307,F1,1,,,,,
2026-08-18,2026-08-18,CM,NSE,STK,25426,INE850M01015,NORTHARC,EQ,,,,,NORTHERN ARC CAPITAL LTD,278.40,295.00,276.50,289.20,290.00,278.70,,289.20,,,974974,277783717.75,15922,F1,1,,,,,
2026-08-18,2026-08-18,CM,NSE,STK,22478,INE02H701025,NOVAAGRI,BE,,,,,NOVA AGRITECH LIMITED,25.40,26.99,24.60,25.52,25.21,25.71,,25.18,,,67636,1738109.13,323,F1,1,,,,,
2026-08-18,2026-08-18,CM,NSE,STK,9007,INE234A01025,NOVARTIND,EQ,,,,,NOVARTIS INDIA LIMITED,1589.10,1601.90,1579.00,1596.50,1601.00,1589.10,,1595.86,,,3787,6023350.60,850,F1,1,,,,,
2026-08-18,2026-08-18,CM,NSE,STK,7553,INE349A01021,NRBBEARING,EQ,,,,,NRB BEARING LIMITED,484.00,491.35,478.45,485.60,485.00,484.05,,485.60,,,506917,245793787.80,14355,F1,1,,,,,
2026-08-18,2026-08-18,CM,NSE,STK,29733,INE047O01014,NIBL,EQ,,,,,NRB INDUS. BEARINGS LTD.,32.21,32.95,31.00,31.43,31.52,32.72,,31.43,,,18101,572651.09,330,F1,1,,,,,
2026-08-18,2026-08-18,CM,NSE,STK,27176,INE0ONG01011,NTPCGREEN,EQ,,,,,NTPC GREEN ENERGY LIMITED,92.09,92.79,91.90,92.17,92.02,92.14,,92.17,,,1292982,119253413.41,11341,F1,1,,,,,
2026-08-18,2026-08-18,CM,NSE,STK,11630,INE733E01010,NTPC,EQ,,,,,NTPC LTD,337.00,339.30,333.90,337.10,337.10,337.00,,337.10,,,9943991,3362374629.20,115642,F1,1,,,,,
2026-08-18,2026-08-18,CM,NSE,STK,10791,INE096B01018,NUCLEUS,EQ,,,,,NUCLEUS SOFTWARE EXPORTS,713.50,720.65,707.05,711.85,708.65,713.80,,711.83,,,10551,7524189.05,1209,F1,1,,,,,
2026-08-18,2026-08-18,CM,NSE,STK,13680,INE0JM501013,NRL,BE,,,,,NUPUR RECYCLERS LIMITED,116.00,116.00,115.00,115.00,115.00,116.00,,115.00,,,63961,7376104.90,128,F1,1,,,,,
2026-08-18,2026-08-18,CM,NSE,STK,2353,INE0DSF01015,NURECA,BE,,,,,NURECA LIMITED,349.30,349.30,327.00,329.90,328.00,340.30,,329.90,,,6463,2141730.05,214,F1,1,,,,,
2026-08-18,2026-08-18,CM,NSE,STK,18721,INE531F01023,NUVAMA,EQ,,,,,NUVAMA WEALTH MANAGE LTD,1727.40,1750.00,1696.40,1746.80,1745.00,1731.20,,1746.70,,,342098,590917419.50,24444,F1,1,,,,,
2026-08-18,2026-08-18,CM,NSE,STK,5426,INE118D01016,NUVOCO,EQ,,,,,NUVOCO VISTAS CORP LTD,331.10,331.45,325.10,326.45,326.75,331.10,,326.49,,,193929,63519537.50,9584,F1,1,,,,,
2026-08-18,2026-08-18,CM,NSE,STK,24298,INE0SF023016,NXT-INFRA,IV,,,,,NXT-INFRA TRUST,96.00,97.00,95.33,97.00,97.00,95.50,,97.00,,,23400000,2231367000.00,66,F1,25000,,,,,
2026-08-18,2026-08-18,CM,NSE,STK,8797,INE426Z01016,OBCL,EQ,,,,,OBCL LIMITED,54.00,54.60,53.16,54.00,54.00,53.99,,54.00,,,20269,1094624.73,24,F1,1,,,,,
2026-08-18,2026-08-18,CM,NSE,STK,20242,INE093I01010,OBEROIRLTY,EQ,,,,,OBEROI REALTY LIMITED,1950.40,1960.70,1858.00,1858.00,1858.00,1931.00,,1858.03,,,1642587,3126212994.90,69395,F1,1,,,,,
2026-08-18,2026-08-18,CM,NSE,STK,25923,INE0YHV01011,OBSCP,SM,,,,,OBSC PERFECTION LIMITED,888.00,888.00,841.00,850.70,849.15,860.15,,850.70,,,47600,40883820.00,114,F1,400,,,,,
2026-08-18,2026-08-18,CM,NSE,STK,25920,INE0PK601023,OCCLLTD,BE,,,,,OCCL LIMITED,158.90,164.81,156.95,164.81,164.81,156.97,,164.51,,,78853,12766518.68,415,F1,1,,,,,
2026-08-18,2026-08-18,CM,NSE,STK,27571,INE054301028,ODIGMA,EQ,,,,,ODIGMA CONSULTANCY SOL L,22.21,22.99,22.21,22.88,22.47,22.64,,22.88,,,10518,237274.38,306,F1,1,,,,,
2026-08-18,2026-08-18,CM,NSE,STK,764803,INE839E01023,ODYCORP,EQ,,,,,ODYSSEY CORPORATION LTD.,7.49,7.49,6.36,6.78,6.64,7.15,,6.88,,,12996,88380.17,91,F1,1,,,,,
2026-08-18,2026-08-18,CM,NSE,STK,2475,INE213A01029,ONGC,EQ,,,,,OIL AND NATURAL GAS CORP.,239.50,241.30,238.02,239.50,239.50,238.49,,239.50,,,14903605,3573489456.94,138575,F1,1,,,,,
2026-08-18,2026-08-18,CM,NSE,STK,8109,INE591A01010,OILCOUNTUB,BE,,,,,OIL COUNTRY TUBULAR LTD.,59.80,59.80,57.80,59.60,59.80,59.60,,59.60,,,12076,714214.09,70,F1,1,,,,,
2026-08-18,2026-08-18,CM,NSE,STK,17438,INE274J01014,OIL,EQ,,,,,OIL INDIA LTD,480.00,487.20,478.70,480.50,480.50,474.65,,480.48,,,5000847,2414841314.55,57053,F1,1,,,,,
2026-08-18,2026-08-18,CM,NSE,STK,24777,INE0LXG01040,OLAELEC,EQ,,,,,OLA ELECTRIC MOBILITY LTD,39.22,39.65,38.50,38.61,38.63,39.22,,38.61,,,18175012,705430012.69,52570,F1,1,,,,,
2026-08-18,2026-08-18,CM,NSE,STK,10637,INE260D01016,OLECTRA,EQ,,,,,OLECTRA GREENTECH LIMITED,1329.00,1337.00,1316.70,1324.10,1323.00,1320.10,,1324.09,,,189197,251011085.20,12841,F1,1,,,,,
2026-08-18,2026-08-18,CM,NSE,STK,759412,INE1BZC01019,OMFREIGHT,BE,,,,,OM FREIGHT FORWARDERS LTD,95.30,95.30,92.15,94.20,94.10,95.31,,94.20,,,2997,280237.63,61,F1,1,,,,,
2026-08-18,2026-08-18,CM,NSE,STK,24231,INE239D01028,OMINFRAL,EQ,,,,,OM INFRA LIMITED,87.00,87.99,85.85,86.75,86.99,86.87,,86.75,,,94141,8203088.47,2115,F1,1,,,,,
2026-08-18,2026-08-18,CM,NSE,STK,762432,INE25E901019,OMPOWER,EQ,,,,,OM POWER TRANSMISSION LTD,167.13,168.00,164.60,167.64,167.25,167.96,,167.63,,,44477,7393706.41,879,F1,1,,,,,
2026-08-18,2026-08-18,CM,NSE,STK,10922,INE090B01011,OMAXAUTO,EQ,,,,,OMAX AUTOS LTD,196.28,199.90,195.41,198.69,199.77,195.24,,198.90,,,27371,5412426.38,883,F1,1,,,,,
2026-08-18,2026-08-18,CM,NSE,STK,14853,INE800H01010,OMAXE,EQ,,,,,OMAXE LIMITED,100.57,104.80,99.75,101.93,102.00,100.83,,101.93,,,2278564,233437906.62,16527,F1,1,,,,,
2026-08-18,2026-08-18,CM,NSE,STK,117,INE338Y01016,OMFURN,SM,,,,,OMFURN INDIA LIMITED,55.00,57.15,54.90,57.10,57.10,54.45,,57.10,,,159600,8831580.00,14,F1,1200,,,,,
2026-08-18,2026-08-18,CM,NSE,STK,760865,INE0UH301010,OMNI,EQ,,,,,OMNITECH ENGINEERING LTD,564.00,587.50,564.00,581.60,580.00,564.45,,581.56,,,442473,255852790.15,15980,F1,1,,,,,
2026-08-18,2026-08-18,CM,NSE,STK,19692,INE00ER01015,ONDOOR,SM,,,,,ON DOOR CONCEPTS LIMITED,244.00,244.00,236.00,236.00,236.00,244.00,,236.00,,,2400,575445.00,7,F1,300,,,,,
2026-08-18,2026-08-18,CM,NSE,STK,6710,INE982J01020,PAYTM,BL,,,,,ONE 97 COMMUNICATIONS LTD,1535.10,1535.10,1535.10,1535.10,1535.10,1367.80,,1535.10,,,19210110,29489439861.00,18,F1,999999999,,,,,
2026-08-18,2026-08-18,CM,NSE,STK,6705,INE982J01020,PAYTM,EQ,,,,,ONE 97 COMMUNICATIONS LTD,1580.20,1599.00,1546.30,1546.30,1546.30,1580.20,,1546.32,,,3848121,6023965863.80,148816,F1,1,,,,,
2026-08-18,2026-08-18,CM,NSE,STK,765242,INE670O01013,ONEGLOBAL,EQ,,,,,ONE GLOBAL SERVICE PROV L,537.05,543.00,537.05,537.05,537.05,565.30,,537.05,,,17961,9655078.85,624,F1,1,,,,,
2026-08-18,2026-08-18,CM,NSE,STK,28046,INE0HLU01028,MOBIKWIK,EQ,,,,,ONE MOBIKWIK SYSTEMS LTD,202.00,204.38,198.50,198.99,198.93,202.83,,198.98,,,798511,159724713.65,8604,F1,1,,,,,
2026-08-18,2026-08-18,CM,NSE,STK,9939,INE840Y01029,ONEPOINT,EQ,,,,,ONE POINT ONE SOL LTD,56.93,57.28,55.76,56.25,56.20,57.21,,56.24,,,767856,43368987.51,12553,F1,1,,,,,
2026-08-18,2026-08-18,CM,NSE,STK,19386,INE0OPS01011,OLIL,SM,,,,,ONECLICK LOGISTICS IND L,410.00,414.95,405.00,414.00,414.00,415.00,,414.00,,,6000,2464380.00,13,F1,400,,,,,
2026-08-18,2026-08-18,CM,NSE,STK,25496,INE912L01015,ONELIFECAP,BE,,,,,ONELIFE CAP ADVISORS LTD,34.52,35.28,33.64,33.79,33.64,35.41,,33.79,,,77480,2622390.58,112,F1,1,,,,,
2026-08-18,2026-08-18,CM,NSE,STK,763294,INE12F801023,KISSHT,EQ,,,,,ONEMI TECHNOLOGY SOL LTD,301.05,306.95,299.90,302.55,302.45,304.60,,302.53,,,452909,136968186.70,8174,F1,1,,,,,
2026-08-18,2026-08-18,CM,NSE,STK,29224,INE013P01021,ONESOURCE,EQ,,,,,ONESOURCE SPECL PHARMA L,1554.00,1570.20,1531.20,1542.30,1539.80,1558.20,,1542.00,,,231526,358429517.90,19615,F1,1,,,,,
2026-08-18,2026-08-18,CM,NSE,STK,2202,INE831A01028,ONIDA,EQ,,,,,ONIDA ELECTRONICS LIMITED,35.76,36.88,35.52,35.68,35.80,36.02,,35.68,,,150788,5423967.36,1518,F1,1,,,,,
2026-08-18,2026-08-18,CM,NSE,STK,764808,INE173M01012,ONIXSOLAR,EQ,,,,,ONIX SOLAR ENERGY LTD.,357.00,357.00,356.65,356.65,356.65,375.40,,356.65,,,1217,434052.50,47,F1,1,,,,,
2026-08-18,2026-08-18,CM,NSE,STK,15282,INE809I01019,ONMOBILE,BE,,,,,ONMOBILE GLOBAL LTD.,60.54,60.54,60.54,60.54,60.54,61.77,,60.63,,,9684,586269.36,115,F1,1,,,,,
2026-08-18,2026-08-18,CM,NSE,STK,2481,INE229A01017,ONWARDTEC,EQ,,,,,ONWARD TECHNOLOGIES LTD,286.75,286.80,282.00,283.65,283.30,286.75,,283.69,,,14701,4174908.60,615,F1,1,,,,,
2026-08-18,2026-08-18,CM,NSE,STK,27143,INE0WVU01018,ONYX,ST,,,,,ONYX BIOTEC LIMITED,39.75,41.00,39.75,41.00,41.00,41.80,,41.00,,,18000,728200.00,9,F1,2000,,,,,
2026-08-18,2026-08-18,CM,NSE,STK,21469,INE350C01017,OPTIEMUS,EQ,,,,,OPTIEMUS INFRACOM LTD,554.35,557.95,543.20,551.15,550.00,554.35,,551.19,,,118199,64916356.60,5388,F1,1,,,,,
2026-08-18,2026-08-18,CM,NSE,STK,764813,INE031G01022,OPTIFIN,EQ,,,,,OPTIMUS FINANCE LTD.,11.41,13.74,11.41,11.76,11.77,11.45,,11.82,,,5730,71502.16,98,F1,1,,,,,
2026-08-18,2026-08-18,CM,NSE,STK,764531,INE1JZB01022,OPTIMYSTIX,ST,,,,,OPTIMYSTIX ENT INDIA LTD,178.00,181.40,173.90,179.15,180.00,182.00,,179.15,,,229600,40543760.00,154,F1,800,,,,,
2026-08-18,2026-08-18,CM,NSE,STK,758903,INE15B101011,OPTIVALUE,ST,,,,,OPTIVALUE TEK CONSULT LTD,177.05,194.50,177.05,192.50,192.50,185.25,,192.50,,,172800,33253600.00,70,F1,1600,,,,,
2026-08-18,2026-08-18,CM,NSE,STK,10738,INE881D01027,OFSS,EQ,,,,,ORACLE FIN SERV SOFT LTD.,11751.00,11840.00,11614.00,11623.00,11623.00,11789.00,,11623.12,,,111496,1309875375.00,16128,F1,1,,,,,
2026-08-18,2026-08-18,CM,NSE,STK,31479,INE231G01010,ORBTEXP,BE,,,,,ORBIT EXPORTS LIMITED,230.73,239.20,227.55,235.47,235.79,230.73,,235.39,,,4109,959736.89,64,F1,1,,,,,
2026-08-18,2026-08-18,CM,NSE,STK,29492,INE215B01022,ORCHASP,EQ,,,,,ORCHASP LIMITED,1.42,1.43,1.38,1.42,1.43,1.40,,1.42,,,141220,198484.89,199,F1,1,,,,,
2026-08-18,2026-08-18,CM,NSE,STK,926,INE191A01027,ORCHPHARMA,EQ,,,,,ORCHID PHARMA LIMITED,999.00,1000.00,951.00,969.20,970.00,998.35,,969.17,,,103600,100231425.75,9684,F1,1,,,,,
2026-08-18,2026-08-18,CM,NSE,STK,17882,INE0OUT01019,ORIANA,SM,,,,,ORIANA POWER LIMITED,1246.00,1267.95,1180.10,1212.45,1214.85,1246.00,,1212.45,,,145425,177264513.75,1368,F1,75,,,,,
2026-08-18,2026-08-18,CM,NSE,STK,10159,INE730A01022,ORICONENT,EQ,,,,,ORICON ENTERPRISES LTD,53.11,57.81,52.31,56.03,54.91,53.38,,56.04,,,832809,45951817.39,1726,F1,1,,,,,
2026-08-18,2026-08-18,CM,NSE,STK,14278,INE607D01018,ORIENTBELL,EQ,,,,,ORIENT BELL LIMITED,349.10,361.90,348.00,349.95,351.00,349.05,,349.95,,,31200,10983310.40,824,F1,1,,,,,
2026-08-18,2026-08-18,CM,NSE,STK,30089,INE876N01018,ORIENTCEM,EQ,,,,,ORIENT CEMENT LTD.,131.89,132.00,130.12,130.54,130.99,131.89,,130.54,,,100991,13224923.95,1414,F1,1,,,,,
2026-08-18,2026-08-18,CM,NSE,STK,13111,INE569C01020,ORIENTCER,EQ,,,,,ORIENT CERATECH LIMITED,43.80,44.69,42.80,43.80,43.99,44.08,,43.81,,,79766,3487977.85,1629,F1,1,,,,,
2026-08-18,2026-08-18,CM,NSE,STK,2972,INE142Z01019,ORIENTELEC,EQ,,,,,ORIENT ELECTRIC LIMITED,187.60,188.31,183.75,184.22,183.75,187.42,,184.21,,,102644,18983050.96,1803,F1,1,,,,,
2026-08-18,2026-08-18,CM,NSE,STK,20110,INE999K01014,GREENPOWER,EQ,,,,,ORIENT GREEN POWER CO LTD,9.52,9.56,9.39,9.42,9.45,9.55,,9.43,,,1444950,13656519.59,3561,F1,1,,,,,
2026-08-18,2026-08-18,CM,NSE,STK,2493,INE750A01020,ORIENTHOT,EQ,,,,,ORIENT HOTELS LTD,122.00,124.04,119.12,121.21,122.00,122.35,,121.21,,,192296,23290031.52,3296,F1,1,,,,,
2026-08-18,2026-08-18,CM,NSE,STK,2496,INE592A01026,ORIENTPPR,EQ,,,,,ORIENT PAPER AND INDS LTD,17.25,17.64,17.02,17.34,17.30,17.10,,17.34,,,283563,4910919.87,899,F1,1,,,,,
2026-08-18,2026-08-18,CM,NSE,STK,18211,INE609C01024,ORIENTLTD,BE,,,,,ORIENT PRESS LIMITED,76.01,78.98,74.49,76.11,75.50,76.01,,76.11,,,1146,88878.34,39,F1,1,,,,,
2026-08-18,2026-08-18,CM,NSE,STK,24961,INE0PPK01015,ORIENTTECH,EQ,,,,,ORIENT TECHNOLOGIES LTD,253.95,255.65,247.35,249.60,248.50,254.85,,249.61,,,141869,35588335.50,3209,F1,1,,,,,
2026-08-18,2026-08-18,CM,NSE,STK,10768,INE959C01023,OAL,EQ,,,,,ORIENTAL AROMATICS LTD,349.50,358.00,339.50,341.95,341.95,349.45,,341.98,,,15287,5279204.45,554,F1,1,,,,,
2026-08-18,2026-08-18,CM,NSE,STK,764818,INE457G01029,ORIRAIL,EQ,,,,,ORIENTAL RAIL INFRA L,110.20,110.50,105.00,107.73,109.00,109.40,,107.49,,,19425,2094862.35,348,F1,1,,,,,
2026-08-18,2026-08-18,CM,NSE,STK,14346,INE998H01012,ORIENTALTL,EQ,,,,,ORIENTAL TRIMEX LTD,5.10,5.12,5.00,5.01,5.01,5.05,,5.02,,,94568,475853.36,275,F1,1,,,,,
2026-08-18,2026-08-18,CM,NSE,STK,19931,INE725E01024,ORISSAMINE,EQ,,,,,ORISSA MIN DEV CO LTD,4825.10,4916.80,4725.00,4747.50,4745.00,4871.10,,4747.49,,,11722,56003746.80,2759,F1,1,,,,,
2026-08-18,2026-08-18,CM,NSE,STK,759569,INE16NZ01023,ORKLAINDIA,EQ,,,,,ORKLA INDIA LIMITED,544.30,551.45,542.30,545.55,542.30,544.30,,545.57,,,43632,23814237.45,4723,F1,1,,,,,
2026-08-18,2026-08-18,CM,NSE,STK,2979,INE749B01020,ORTINGLOBE,EQ,,,,,ORTIN GLOBAL LIMITED,15.10,16.50,15.10,15.79,15.36,15.89,,15.79,,,18953,301097.48,41,F1,1,,,,,
2026-08-18,2026-08-18,CM,NSE,STK,25386,INE0RMF01018,OSELDEVICE,SM,,,,,OSEL DEVICES LIMITED,373.00,375.95,362.25,365.95,364.00,374.85,,365.95,,,36400,13396650.00,137,F1,200,,,,,
2026-08-18,2026-08-18,CM,NSE,STK,12643,INE06IR01021,OSIAHYPER,BE,,,,,OSIA HYPER RETAIL LIMITED,2.70,2.70,2.68,2.70,2.70,2.58,,2.70,,,408435,1102143.87,327,F1,1,,,,,
2026-08-18,2026-08-18,CM,NSE,STK,2514,INE142A01012,OSWALAGRO,EQ,,,,,OSWAL AGRO MILLS LTD,38.40,38.50,36.36,36.77,36.99,37.82,,36.77,,,56877,2126665.74,506,F1,1,,,,,
2026-08-18,2026-08-18,CM,NSE,STK,471,INE143A01010,OSWALGREEN,EQ,,,,,OSWAL GREENTECH LIMITED,21.08,21.40,20.85,20.92,20.89,21.08,,20.93,,,52882,1107502.43,381,F1,1,,,,,
2026-08-18,2026-08-18,CM,NSE,STK,756802,INE0BYP01024,OSWALPUMPS,EQ,,,,,OSWAL PUMPS LIMITED,302.45,303.55,293.80,297.95,298.00,304.00,,297.97,,,793507,235581204.95,11803,F1,1,,,,,
2026-08-18,2026-08-18,CM,NSE,STK,22914,INE0R8M01017,OWAIS,ST,,,,,OWAIS METAL & MINERAL,71.85,72.60,71.25,71.25,71.25,74.95,,71.25,,,14400,1027090.00,86,F1,100,,,,,
2026-08-18,2026-08-18,CM,NSE,STK,765145,INE501F01018,PBMPOLY,EQ,,,,,P B M POLYTEX LTD.,64.80,64.80,58.80,60.42,61.00,63.50,,60.69,,,405,24712.25,27,F1,1,,,,,
2026-08-18,2026-08-18,CM,NSE,STK,25312,INE953R01016,PNGJL,EQ,,,,,P N GADGIL JEWELLERS LTD,614.85,619.40,604.25,607.85,608.50,610.40,,607.85,,,166334,101242611.35,7116,F1,1,,,,,
2026-08-18,2026-08-18,CM,NSE,STK,764845,INE035S01028,POEL,EQ,,,,,P O C L ENTERPRISES LTD.,148.41,165.31,148.41,161.65,162.98,148.41,,161.55,,,43701,6920769.79,1000,F1,1,,,,,
2026-08-18,2026-08-18,CM,NSE,STK,29665,INE0XUS01020,PSRAJ,ST,,,,,P S RAJ STEELS LIMITED,80.30,81.00,79.45,81.00,81.00,83.60,,81.00,,,17500,1399625.00,7,F1,2500,,,,,
2026-08-18,2026-08-18,CM,NSE,STK,2535,INE179A01014,PGHH,EQ,,,,,P&G HYGIENE & HEALTH CARE,8400.00,8410.00,8300.00,8317.00,8314.00,8365.00,,8317.10,,,11764,98042508.00,3108,F1,1,,,,,
2026-08-18,2026-08-18,CM,NSE,STK,759342,INE0S3G01027,PACEDIGITK,EQ,,,,,PACE DIGITEK LIMITED,176.46,178.05,176.00,176.66,176.93,176.46,,176.65,,,402007,71196309.26,4613,F1,1,,,,,
2026-08-18,2026-08-18,CM,NSE,STK,764823,INE883C01025,PACIFICI,EQ,,,,,PACIFIC INDUSTRIES LTD.,141.16,141.16,138.99,138.99,138.99,139.77,,129.25,,,34,4757.76,12,F1,1,,,,,
2026-08-18,2026-08-18,CM,NSE,STK,14413,INE761H01022,PAGEIND,EQ,,,,,PAGE INDUSTRIES LTD,37370.00,37495.00,36425.00,36425.00,36425.00,37360.00,,36428.69,,,46266,1701487515.00,18879,F1,1,,,,,
2026-08-18,2026-08-18,CM,NSE,STK,25468,INE420C01059,PAISALO,EQ,,,,,PAISALO DIGITAL LIMITED,67.90,69.10,67.20,67.57,67.50,67.59,,67.57,,,6916449,470270599.83,14295,F1,1,,,,,
2026-08-18,2026-08-18,CM,NSE,STK,17197,INE551D01018,PAKKA,EQ,,,,,PAKKA LIMITED,92.51,100.63,88.41,95.49,95.00,89.28,,95.52,,,2369403,224949594.92,26356,F1,1,,,,,
2026-08-18,2026-08-18,CM,NSE,STK,21383,INE471W01019,PALASHSECU,EQ,,,,,PALASH SECURITIES LTD,86.51,88.98,84.50,86.46,86.25,89.78,,86.39,,,11363,986745.22,121,F1,1,,,,,
2026-08-18,2026-08-18,CM,NSE,STK,17059,INE218G01033,PALREDTEC,BE,,,,,PALRED TECHNOLOGIES LTD,51.00,55.74,51.00,55.60,55.74,53.09,,55.60,,,9300,513343.87,60,F1,1,,,,,
2026-08-18,2026-08-18,CM,NSE,STK,4055,INE922B01023,PANACEABIO,EQ,,,,,PANACEA BIOTEC LTD,411.45,424.50,401.20,405.85,406.75,413.15,,405.85,,,159241,65359217.20,4485,F1,1,,,,,
2026-08-18,2026-08-18,CM,NSE,STK,16355,INE895W01019,PANACHE,BE,,,,,PANACHE DIGILIFE LIMITED,540.65,559.40,525.00,538.15,551.80,540.65,,538.15,,,8916,4813760.25,210,F1,1,,,,,
2026-08-18,2026-08-18,CM,NSE,STK,25392,INE305C01029,PANAMAPET,EQ,,,,,PANAMA PETROCHEM LTD,491.70,512.20,489.00,502.65,504.50,487.10,,502.65,,,850415,428548239.00,20868,F1,1,,,,,
2026-08-18,2026-08-18,CM,NSE,STK,764828,INE798F01010,PANCHMAHQ,EQ,,,,,PANCHMAHAL STEEL LTD.,331.00,331.00,275.00,286.85,286.85,315.00,,280.92,,,81,23873.80,18,F1,1,,,,,
2026-08-18,2026-08-18,CM,NSE,STK,765140,INE258R01028,PANORAMA,EQ,,,,,PANORAMA STUDIOS INTL. L,47.85,48.03,45.86,46.41,46.06,47.16,,46.57,,,591390,28114074.54,886,F1,1,,,,,
2026-08-18,2026-08-18,CM,NSE,STK,6141,INE697V01011,PANSARI,EQ,,,,,PANSARI DEVELOPERS LTD,318.00,318.00,302.00,314.85,303.00,318.65,,314.85,,,125,38724.50,42,F1,1,,,,,
2026-08-18,2026-08-18,CM,NSE,STK,5631,INE04LG01015,PAR,EQ,,,,,PAR DRUGS AND CHEM LTD,100.91,102.50,98.30,101.24,100.00,100.91,,101.24,,,17995,1808608.87,158,F1,1,,,,,
2026-08-18,2026-08-18,CM,NSE,STK,9741,INE088F01024,PARADEEP,EQ,,,,,PARADEEP PHOSPHATES LTD,146.66,149.65,145.07,147.82,147.55,146.66,,147.82,,,2052905,302404404.07,21397,F1,1,,,,,
2026-08-18,2026-08-18,CM,NSE,STK,17130,INE883N01014,PARAGMILK,EQ,,,,,PARAG MILK FOODS LTD.,208.00,219.98,208.00,211.03,213.00,207.29,,211.04,,,1852610,397876743.75,23200,F1,1,,,,,
2026-08-18,2026-08-18,CM,NSE,STK,19779,INE0N4G01012,PARAGON,SM,,,,,PARAGON FINE S.C. LTD.,48.05,49.80,48.05,49.65,49.70,49.00,,49.65,,,27600,1350480.00,21,F1,1200,,,,,
2026-08-18,2026-08-18,CM,NSE,STK,13951,INE074B01023,PARACABLES,EQ,,,,,PARAMOUNT COMM LTD,63.11,66.00,63.11,63.64,63.96,63.55,,63.63,,,1520266,97942631.42,9766,F1,1,,,,,
2026-08-18,2026-08-18,CM,NSE,STK,5911,INE045601023,PARAS,EQ,,,,,PARAS DEF AND SPCE TECH L,1385.00,1527.30,1384.70,1527.30,1527.30,1388.50,,1527.40,,,5405217,7995873291.70,179035,F1,1,,,,,
2026-08-18,2026-08-18,CM,NSE,STK,3972,INE162C01024,PARASPETRO,EQ,,,,,PARAS PETROFILS LTD.,2.30,2.36,2.24,2.26,2.27,2.30,,2.26,,,259668,592046.68,303,F1,1,,,,,
2026-08-18,2026-08-18,CM,NSE,STK,5460,INE00U801010,PARIN,SM,,,,,PARIN ENTERPRISES LIMITED,725.00,725.00,725.00,725.00,725.00,713.00,,725.00,,,250,181250.00,1,F1,250,,,,,
2026-08-18,2026-08-18,CM,NSE,STK,760351,INE119201023,PARKHOSPS,EQ,,,,,PARK MEDI WORLD LIMITED,276.00,278.85,273.55,276.85,275.30,276.65,,276.83,,,253850,70055373.85,10819,F1,1,,,,,
2026-08-18,2026-08-18,CM,NSE,STK,22649,INE988S01028,PARKHOTELS,EQ,,,,,PARKHOTELS,116.48,117.79,115.50,116.40,116.20,116.48,,116.41,,,102246,11903837.28,1506,F1,1,,,,,
2026-08-18,2026-08-18,CM,NSE,STK,764833,INE383L01019,PARNAXLAB,EQ,,,,,PARNAX LAB LTD.,120.99,123.00,116.00,122.00,122.00,119.65,,120.33,,,1881,228480.44,59,F1,1,,,,,
2026-08-18,2026-08-18,CM,NSE,STK,13795,INE561H01026,PARSVNATH,BE,,,,,PARSVNATH DEVELOPER LTD,1.45,1.45,1.45,1.45,1.45,1.47,,1.45,,,488299,708033.55,157,F1,1,,,,,
2026-08-18,2026-08-18,CM,NSE,STK,758217,INE1H7V01011,PARTH,SM,,,,,PARTH ELEC & ENG LTD,460.00,465.00,455.00,462.80,463.00,459.20,,462.80,,,26000,11963420.00,56,F1,400,,,,,
2026-08-18,2026-08-18,CM,NSE,STK,2599,INE06ZX01015,PARTYCRUS,SM,,,,,PARTY CRUISERS LIMITED,81.00,83.00,81.00,81.00,81.00,83.50,,81.00,,,4000,326400.00,4,F1,1000,,,,,
2026-08-18,2026-08-18,CM,NSE,STK,757955,INE124Y01028,PASHUPATI,EQ,,,,,PASHUPATI COTSPIN LIMITED,85.70,85.70,84.71,85.32,85.45,84.79,,85.32,,,10109,862284.02,1743,F1,1,,,,,
2026-08-18,2026-08-18,CM,NSE,STK,6048,INE818B01023,PASUPTAC,BE,,,,,PASUPATI ACRYLON LIMITED,62.75,64.00,61.10,61.54,61.90,61.08,,61.54,,,77265,4823512.09,376,F1,1,,,,,
2026-08-18,2026-08-18,CM,NSE,STK,17029,INE619A01035,PATANJALI,EQ,,,,,PATANJALI FOODS LIMITED,352.50,353.90,345.80,351.65,351.65,353.90,,351.66,,,3890440,1364832154.10,26539,F1,1,,,,,
2026-08-18,2026-08-18,CM,NSE,STK,11699,INE244B01030,PATELENG,EQ,,,,,PATEL ENGINEERING LTD.,28.40,28.58,27.72,27.84,27.90,28.48,,27.84,,,2937500,82372666.34,8021,F1,1,,,,,
2026-08-18,2026-08-18,CM,NSE,STK,15223,INE529D01014,PATINTLOG,BE,,,,,PATEL INT. LOG. LTD,14.05,14.05,13.35,13.65,13.86,13.70,,13.66,,,75798,1040307.75,177,F1,1,,,,,
2026-08-18,2026-08-18,CM,NSE,STK,759439,INE0R8B01010,PATELRMART,EQ,,,,,PATEL RETAIL LIMITED,228.00,235.99,222.44,228.50,229.55,229.10,,228.61,,,203946,47109431.43,4581,F1,1,,,,,
2026-08-18,2026-08-18,CM,NSE,STK,756963,INE17GV01016,PATILAUTOM,SM,,,,,PATIL AUTOMATION LIMITED,242.50,247.75,228.00,235.45,235.80,237.95,,235.45,,,127800,30250170.00,162,F1,600,,,,,
2026-08-18,2026-08-18,CM,NSE,STK,762834,INE291E01019,PML,EQ,,,,,PAUL MERCHANTS LTD.,500.00,504.90,490.40,504.90,504.90,503.45,,504.90,,,459,228126.10,21,F1,1,,,,,
2026-08-18,2026-08-18,CM,NSE,STK,759969,INE111F01024,PAUSHAKLTD,EQ,,,,,PAUSHAK LIMITED,734.25,759.00,723.05,752.35,758.00,734.20,,752.69,,,43118,32087169.45,3119,F1,1,,,,,
2026-08-18,2026-08-18,CM,NSE,STK,16192,INE07S101038,PAVNAIND,EQ,,,,,PAVNA INDUSTRIES LIMITED,18.92,18.92,17.67,18.15,18.00,18.92,,18.15,,,65817,1193647.53,332,F1,1,,,,,
2026-08-18,2026-08-18,CM,NSE,STK,6656,INE417T01026,POLICYBZR,EQ,,,,,PB FINTECH LIMITED,1728.00,1767.50,1721.10,1747.00,1747.00,1728.10,,1747.00,,,1267107,2223017748.30,35731,F1,1,,,,,
2026-08-18,2026-08-18,CM,NSE,STK,29124,INE785M01021,PCJEWELLER,EQ,,,,,PC JEWELLER LTD,9.78,9.79,9.56,9.62,9.61,9.79,,9.62,,,66270759,641242905.35,26782,F1,1,,,,,
2026-08-18,2026-08-18,CM,NSE,STK,2649,INE602A01031,PCBL,EQ,,,,,PCBL CHEMICAL LIMITED,321.00,329.90,317.35,326.55,327.35,315.45,,326.55,,,4673600,1511902381.60,58267,F1,1,,,,,
2026-08-18,2026-08-18,CM,NSE,STK,5264,INE111Q01021,PDSL,EQ,,,,,PDS LIMITED,375.00,375.40,361.75,363.00,362.65,376.35,,362.97,,,86518,31746352.15,5044,F1,1,,,,,
2026-08-18,2026-08-18,CM,NSE,STK,14260,INE940H01022,PGIL,EQ,,,,,PEARL GLOBAL IND LIMITED,2390.00,2390.50,2351.00,2360.80,2360.50,2378.00,,2360.87,,,37637,89154256.90,8882,F1,1,,,,,
2026-08-18,2026-08-18,CM,NSE,STK,2610,INE844A01013,PEARLPOLY,EQ,,,,,PEARL POLYMERS LTD,16.31,16.50,16.11,16.12,16.12,16.30,,16.12,,,1496,24281.96,23,F1,1,,,,,
2026-08-18,2026-08-18,CM,NSE,STK,25408,INE0VG601013,PELATRO,SM,,,,,PELATRO LIMITED,281.00,287.00,281.00,286.50,286.50,283.50,,286.50,,,1800,512985.00,6,F1,300,,,,,
2026-08-18,2026-08-18,CM,NSE,STK,5358,INE138A01028,PENINLAND,BE,,,,,PENINSULA LAND LIMITED,14.93,15.15,14.93,15.10,15.10,15.22,,15.10,,,30981,463991.05,60,F1,1,,,,,
2026-08-18,2026-08-18,CM,NSE,STK,20621,INE932A01024,PENIND,EQ,,,,,PENNAR INDUSTRIES LTD,151.50,153.45,150.06,152.49,152.70,151.45,,152.50,,,202503,30775940.46,3461,F1,1,,,,,
2026-08-18,2026-08-18,CM,NSE,STK,17132,INE0ORS01017,PENTAGON,SM,,,,,PENTAGON RUBBER LIMITED,50.25,50.25,50.25,50.25,50.25,50.25,,50.25,,,2000,100500.00,2,F1,1000,,,,,
2026-08-18,2026-08-18,CM,NSE,STK,764838,INE418E01018,PERMAGN,EQ,,,,,PERMANENT MAGNETS LTD.,821.00,821.00,784.05,804.75,810.95,813.60,,804.55,,,3492,2794952.85,390,F1,1,,,,,
2026-08-18,2026-08-18,CM,NSE,STK,18365,INE262H01021,PERSISTENT,EQ,,,,,PERSISTENT SYSTEMS LTD,5571.50,5571.50,5442.50,5442.50,5442.50,5570.00,,5442.52,,,353161,1944272347.50,22043,F1,1,,,,,
2026-08-18,2026-08-18,CM,NSE,STK,24290,INE998U01015,PCCL,SM,,,,,PETRO CARBON AND CHEMI L,310.00,320.00,310.00,319.45,320.00,308.45,,319.45,,,25200,7965080.00,52,F1,400,,,,,
2026-08-18,2026-08-18,CM,NSE,STK,11351,INE347G01014,PETRONET,EQ,,,,,PETRONET LNG LIMITED,281.80,286.95,281.80,286.25,286.25,281.80,,286.25,,,2933102,836964449.95,38094,F1,1,,,,,
2026-08-18,2026-08-18,CM,NSE,STK,760824,INE134E07DJ3,PFCL41A,NE,,,,,PFCL 0% 2041 SR V,985.00,985.00,985.00,985.00,985.00,985.00,,985.00,,,3,2955.00,1,F1,1,,,,,
2026-08-18,2026-08-18,CM,NSE,STK,760804,INE134E07DO3,720PFCL36,N6,,,,,PFCL 7.20% 2036 SR II,1020.95,1020.95,1020.95,1020.95,1020.95,1020.95,,1020.95,,,5,5104.75,1,F1,1,,,,,
2026-08-18,2026-08-18,CM,NSE,STK,2643,INE182A01018,PFIZER,EQ,,,,,PFIZER LTD,4818.00,4825.00,4751.20,4799.30,4824.80,4829.10,,4799.32,,,76326,364788863.70,8611,F1,1,,,,,
2026-08-18,2026-08-18,CM,NSE,STK,25358,INE457L01029,PGEL,EQ,,,,,PG ELECTROPLAST LTD,609.00,614.30,594.50,597.00,597.00,614.00,,597.01,,,2081510,1250959981.60,29866,F1,1,,,,,
2026-08-18,2026-08-18,CM,NSE,STK,11612,INE0MLZ01019,PHANTOMFX,SM,,,,,PHANTOM DIGITAL EFF LTD,123.80,133.95,122.85,124.10,123.00,122.40,,124.10,,,39000,4942095.00,90,F1,300,,,,,
2026-08-18,2026-08-18,CM,NSE,STK,2658,INE245B01011,PHOENXINTL,EQ,,,,,PHOENIX INTERNATIONAL LTD,34.80,34.80,29.05,30.17,30.96,32.58,,30.34,,,10208,325408.48,181,F1,1,,,,,
2026-08-18,2026-08-18,CM,NSE,STK,25513,INE0FPO01018,PHOGLOBAL,SM,,,,,PHOENIX OVERSEAS LIMITED,15.50,15.60,15.05,15.50,15.50,15.80,,15.50,,,16000,246600.00,8,F1,2000,,,,,
2026-08-18,2026-08-18,CM,NSE,STK,759723,INE0LP301011,PWL,EQ,,,,,PHYSICSWALLAH LIMITED,119.65,125.00,115.65,122.05,123.30,119.97,,122.06,,,52106492,6352477650.23,195513,F1,1,,,,,
2026-08-18,2026-08-18,CM,NSE,STK,24184,INE603J01030,PIIND,EQ,,,,,PI INDUSTRIES LTD,2490.00,2545.00,2458.60,2515.00,2515.00,2472.00,,2514.88,,,623898,1551869824.70,25472,F1,1,,,,,
2026-08-18,2026-08-18,CM,NSE,STK,757754,INE546C01010,PICCADIL,EQ,,,,,PICCADILY AGRO INDUSTRI L,699.80,709.95,688.50,692.85,692.00,695.45,,692.86,,,401956,280639328.50,16632,F1,1,,,,,
2026-08-18,2026-08-18,CM,NSE,STK,24785,INE0YAL01017,PPSL,SM,,,,,PICTUREPOST STUDIOS LTD,2.75,2.95,2.75,2.95,2.95,2.85,,2.95,,,111000,312600.00,33,F1,3000,,,,,
2026-08-18,2026-08-18,CM,NSE,STK,2664,INE318A01026,PIDILITIND,EQ,,,,,PIDILITE INDUSTRIES LTD,1665.00,1674.00,1657.30,1674.00,1674.00,1669.00,,1674.00,,,655495,1091860552.50,21882,F1,1,,,,,
2026-08-18,2026-08-18,CM,NSE,STK,30835,INE600A01035,PILITA,EQ,,,,,PIL ITALICA LIFESTYLE LTD,8.52,8.52,8.01,8.06,8.03,8.18,,8.06,,,62549,508202.22,166,F1,1,,,,,
2026-08-18,2026-08-18,CM,NSE,STK,11445,INE417C01014,PILANIINVS,EQ,,,,,PILANI INV & IND COR LTD,4444.80,4464.00,4380.00,4385.70,4380.00,4445.10,,4385.84,,,1861,8206435.60,341,F1,1,,,,,
2026-08-18,2026-08-18,CM,NSE,STK,759820,INE15B701018,PINELABS,EQ,,,,,PINE LABS LIMITED,163.35,165.41,159.25,160.32,160.18,162.63,,160.32,,,13598806,2200645458.80,104559,F1,1,,,,,
2026-08-18,2026-08-18,CM,NSE,STK,13463,INE156C01018,PIONEEREMB,EQ,,,,,PIONEER EMBROIDERIES LTD,22.61,22.79,22.56,22.65,22.70,22.78,,22.65,,,6217,140628.58,52,F1,1,,,,,
2026-08-18,2026-08-18,CM,NSE,STK,762832,INE746D01014,PIONRINV,BE,,,,,PIONEER INVESTCORP LTD.,84.50,84.50,80.47,80.47,80.47,84.70,,80.47,,,512,41633.24,12,F1,1,,,,,
2026-08-18,2026-08-18,CM,NSE,STK,759551,INE202B01038,PIRAMALFIN,EQ,,,,,PIRAMAL FINANCE LIMITED,2052.00,2079.80,2038.00,2060.50,2051.10,2066.10,,2060.53,,,176263,363439168.90,16996,F1,1,,,,,
2026-08-18,2026-08-18,CM,NSE,STK,11571,INE0DK501011,PPLPHARMA,EQ,,,,,PIRAMAL PHARMA LIMITED,200.10,211.60,200.10,210.53,210.40,204.73,,210.53,,,5337954,1113672339.82,55816,F1,1,,,,,
2026-08-18,2026-08-18,CM,NSE,STK,14134,INE450D01021,PITTIENG,EQ,,,,,PITTI ENGINEERING LIMITED,1046.55,1059.90,1028.15,1035.80,1040.00,1046.55,,1035.61,,,171313,178705693.00,8405,F1,1,,,,,
2026-08-18,2026-08-18,CM,NSE,STK,9087,INE751B01018,PIXTRANS,EQ,,,,,PIX TRANSMISSIONS LIMITED,1940.10,1953.40,1876.60,1884.80,1890.00,1938.80,,1884.84,,,17367,33062598.60,2793,F1,1,,,,,
2026-08-18,2026-08-18,CM,NSE,STK,13920,INE083C01022,PLASTIBLEN,EQ,,,,,PLASTIBLENDS INDIA LTD,191.30,193.00,188.80,190.71,190.05,191.80,,190.61,,,22233,4235342.91,754,F1,1,,,,,
2026-08-18,2026-08-18,CM,NSE,STK,22930,INE0PT501018,PLATIND,EQ,,,,,PLATINUM INDUSTRIES LTD,216.05,217.83,206.20,209.69,210.35,214.20,,209.67,,,83394,17558518.66,2454,F1,1,,,,,
2026-08-18,2026-08-18,CM,NSE,STK,19458,INE0INJ01017,PLAZACABLE,EQ,,,,,PLAZA WIRES LIMITED,51.60,53.70,51.05,52.38,52.48,53.57,,52.38,,,121729,6370334.68,1088,F1,1,,,,,
2026-08-18,2026-08-18,CM,NSE,STK,8736,INE859A01011,PNBGILTS,EQ,,,,,PNB GILTS LIMITED,80.84,80.90,79.02,79.50,79.45,80.34,,79.50,,,103481,8273464.55,1232,F1,1,,,,,
2026-08-18,2026-08-18,CM,NSE,STK,18908,INE572E01012,PNBHOUSING,EQ,,,,,PNB HOUSING FIN LTD.,1145.90,1153.90,1128.90,1145.80,1145.80,1150.80,,1145.65,,,739039,845121146.40,27453,F1,1,,,,,
2026-08-18,2026-08-18,CM,NSE,STK,9385,INE195J01029,PNCINFRA,EQ,,,,,PNC INFRATECH LTD.,215.15,215.19,210.82,213.96,214.00,215.17,,213.96,,,454469,96629075.63,17894,F1,1,,,,,
2026-08-18,2026-08-18,CM,NSE,STK,760242,INE1RDG01013,PNGSREVA,EQ,,,,,PNGS REVA DIAMOND JEWEL L,567.20,616.00,566.55,574.20,578.00,576.45,,574.27,,,383388,226442368.70,14314,F1,1,,,,,
2026-08-18,2026-08-18,CM,NSE,STK,19036,INE371C01013,PODDARMENT,EQ,,,,,PODDAR PIGMENTS LIMITED,256.80,256.80,251.00,252.40,255.00,253.45,,252.46,,,638,161783.80,72,F1,1,,,,,
2026-08-18,2026-08-18,CM,NSE,STK,17651,INE637C01025,POKARNA,EQ,,,,,POKARNA LIMITED,940.00,950.15,917.00,923.70,924.85,937.80,,923.89,,,43179,40171129.85,2551,F1,1,,,,,
2026-08-18,2026-08-18,CM,NSE,STK,25718,INE205C01021,POLYMED,EQ,,,,,POLY MEDICURE LIMITED,1733.60,1788.40,1722.70,1784.70,1785.90,1733.60,,1784.70,,,224876,398508529.00,23495,F1,1,,,,,
2026-08-18,2026-08-18,CM,NSE,STK,9590,INE455K01017,POLYCAB,EQ,,,,,POLYCAB INDIA LIMITED,9349.50,9349.50,9049.00,9139.00,9139.00,9370.00,,9139.01,,,256413,2352851967.00,28589,F1,1,,,,,
2026-08-18,2026-08-18,CM,NSE,STK,2687,INE633B01018,POLYPLEX,EQ,,,,,POLYPLEX CORPORATION LTD,1217.10,1220.90,1177.90,1182.00,1183.00,1210.80,,1181.95,,,90057,107947478.30,4485,F1,1,,,,,
2026-08-18,2026-08-18,CM,NSE,STK,22711,INE517M01028,POLYSIL,SM,,,,,POLYSIL IRRIGATION SYST L,64.10,64.10,64.10,64.10,64.10,67.45,,64.10,,,14000,897400.00,12,F1,500,,,,,
2026-08-18,2026-08-18,CM,NSE,STK,765150,INE914G01029,POLYSPIN,EQ,,,,,POLYSPIN EXPORTS LTD.,34.79,34.79,28.36,30.65,30.65,31.53,,30.75,,,2118,66508.40,47,F1,1,,,,,
2026-08-18,2026-08-18,CM,NSE,STK,14385,INE063E01061,POCL,EQ,,,,,PONDY OXIDES & CHEM LTD,486.85,503.10,486.00,500.85,501.10,486.75,,500.82,,,437989,218637028.85,9200,F1,1,,,,,
2026-08-18,2026-08-18,CM,NSE,STK,10661,INE838E01017,PONNIERODE,EQ,,,,,PONNIE SUGARS (ERODE) LTD,370.60,377.60,354.00,357.65,360.35,350.75,,357.72,,,185152,67935381.75,6462,F1,1,,,,,
2026-08-18,2026-08-18,CM,NSE,STK,11403,INE511C01022,POONAWALLA,EQ,,,,,POONAWALLA FINCORP LTD,498.00,503.25,494.55,497.90,497.50,497.45,,497.90,,,600068,299293821.80,14614,F1,1,,,,,
2026-08-18,2026-08-18,CM,NSE,STK,23142,INE772T01024,PVSL,EQ,,,,,POPULAR VEHICLES N SER L,114.94,119.80,114.94,118.25,118.37,115.90,,118.29,,,32959,3906030.68,916,F1,1,,,,,
2026-08-18,2026-08-18,CM,NSE,STK,24864,INE0S3H01017,POSITRON,SM,,,,,POSITRON ENERGY LIMITED,169.00,169.00,163.50,166.00,166.50,169.95,,166.00,,,5400,893205.00,16,F1,300,,,,,
2026-08-18,2026-08-18,CM,NSE,STK,14299,INE134E01011,PFC,EQ,,,,,POWER FIN CORP LTD.,375.00,376.55,373.60,374.45,374.45,374.40,,374.45,,,7433916,2786279433.90,96275,F1,1,,,,,
2026-08-18,2026-08-18,CM,NSE,STK,14977,INE752E01010,POWERGRID,EQ,,,,,POWER GRID CORP. LTD.,266.20,268.95,266.05,268.00,268.00,266.15,,268.00,,,6792173,1816990733.70,55386,F1,1,,,,,
2026-08-18,2026-08-18,CM,NSE,STK,15716,INE557Z01018,PIGL,EQ,,,,,POWER INSTRUMENT (G) LTD,105.17,109.38,105.14,106.21,106.00,104.62,,106.22,,,81795,8751280.67,1001,F1,1,,,,,
2026-08-18,2026-08-18,CM,NSE,STK,10473,INE211R01019,POWERMECH,EQ,,,,,POWER MECH PROJECTS LTD.,2452.30,2494.00,2425.30,2443.80,2438.00,2452.30,,2441.93,,,53837,132245597.80,8982,F1,1,,,,,
2026-08-18,2026-08-18,CM,NSE,STK,3494,INE0GGX23010,PGINVIT,IV,,,,,POWERGRID INFRA. INVITS,100.45,100.48,99.89,99.94,99.98,100.30,,99.94,,,1237846,123895183.19,6360,F1,1,,,,,
2026-08-18,2026-08-18,CM,NSE,STK,761680,INE921L01032,POWERICA,EQ,,,,,POWERICA LIMITED,570.00,574.00,553.20,560.65,562.90,560.35,,560.60,,,131838,74655514.25,5123,F1,1,,,,,
2026-08-18,2026-08-18,CM,NSE,STK,15213,INE095I01015,PPAP,BE,,,,,PPAP AUTOMOTIVE LIMITED,274.40,280.90,272.15,275.50,276.75,280.00,,275.53,,,21301,5867982.45,342,F1,1,,,,,
2026-08-18,2026-08-18,CM,NSE,STK,30134,INE0I0M01023,PRABHA,EQ,,,,,PRABHA ENERGY LIMITED,164.31,196.05,163.00,192.20,189.00,163.38,,192.20,,,5359104,1017175788.43,40505,F1,1,,,,,
2026-08-18,2026-08-18,CM,NSE,STK,762842,INE770A01010,PRADPME,BE,,,,,PRADEEP METALS LTD.,506.80,524.05,501.55,524.00,524.00,499.10,,524.00,,,15087,7838646.50,130,F1,1,,,,,
2026-08-18,2026-08-18,CM,NSE,STK,2705,INE074A01025,PRAJIND,EQ,,,,,PRAJ INDUSTRIES LTD,333.15,346.95,332.70,336.50,336.25,334.05,,336.50,,,1435246,489072361.25,30917,F1,1,,,,,
2026-08-18,2026-08-18,CM,NSE,STK,13941,INE505C01016,PRAENG,EQ,,,,,PRAJAY ENG. SYN. LTD.,19.98,19.98,18.80,19.12,19.15,19.80,,19.14,,,61920,1196491.35,241,F1,1,,,,,
2026-08-18,2026-08-18,CM,NSE,STK,2708,INE603A01013,PRAKASH,EQ,,,,,PRAKASH INDUSTRIES LTD,135.00,136.89,132.70,134.97,134.05,134.43,,134.96,,,606010,81752882.17,8498,F1,1,,,,,
2026-08-18,2026-08-18,CM,NSE,STK,10299,INE050001010,PPL,BE,,,,,PRAKASH PIPES LIMITED,269.50,273.00,267.00,271.30,272.90,272.65,,271.25,,,16147,4346655.90,354,F1,1,,,,,
2026-08-18,2026-08-18,CM,NSE,STK,19599,INE696K01024,PRAKASHSTL,EQ,,,,,PRAKASH STEELAGE LTD,3.98,3.99,3.91,3.92,3.92,3.98,,3.92,,,178977,701878.13,287,F1,1,,,,,
2026-08-18,2026-08-18,CM,NSE,STK,18514,INE0O7A01017,PRAMARA,SM,,,,,PRAMARA PROMOTIONS LTD,106.50,116.70,104.50,116.70,116.70,106.10,,116.70,,,56000,6177175.00,75,F1,500,,,,,
2026-08-18,2026-08-18,CM,NSE,STK,25818,INE0VJG01014,PRANIK,SM,,,,,PRANIK LOGISTICS LIMITED,41.55,42.55,41.55,42.55,42.55,40.90,,42.55,,,3200,134560.00,2,F1,1600,,,,,
2026-08-18,2026-08-18,CM,NSE,STK,21840,INE393P01035,DIAMONDYD,EQ,,,,,PRATAAP SNACKS LIMITED,1193.80,1203.80,1180.90,1193.80,1193.00,1190.40,,1193.81,,,11074,13212570.10,1363,F1,1,,,,,
2026-08-18,2026-08-18,CM,NSE,STK,23113,INE0QA601016,PRATHAM,SM,,,,,PRATHAM EPC PROJECTS LTD,124.00,124.00,118.00,120.65,120.65,120.90,,120.65,,,10400,1277320.00,8,F1,400,,,,,
2026-08-18,2026-08-18,CM,NSE,STK,762844,INE722B01019,PRAVEG,EQ,,,,,PRAVEG LTD.,257.65,264.00,246.40,252.95,253.95,258.90,,252.93,,,147168,36968587.10,4672,F1,1,,,,,
2026-08-18,2026-08-18,CM,NSE,STK,1204,INE546Y01022,PRAXIS,EQ,,,,,PRAXIS HOME RETAIL LTD,6.04,6.04,5.35,5.40,5.45,5.87,,5.40,,,554400,3050982.02,660,F1,1,,,,,
2026-08-18,2026-08-18,CM,NSE,STK,12603,INE484I01029,PRECAM,EQ,,,,,PRECISION CAMSHAFTS LTD.,133.75,136.04,132.25,133.16,132.70,134.65,,133.16,,,57774,7750040.70,1726,F1,1,,,,,
2026-08-18,2026-08-18,CM,NSE,STK,7963,INE0HKW01018,PRECISION,ST,,,,,PRECISION METALIKS LTD,7.90,7.90,7.85,7.85,7.85,8.25,,7.85,,,4000,31500.00,2,F1,2000,,,,,
2026-08-18,2026-08-18,CM,NSE,STK,2717,INE372C01037,PRECWIRE,EQ,,,,,PRECISION WIRES INDIA LTD,454.20,462.45,450.65,458.20,459.60,457.75,,458.18,,,383093,175035123.70,15202,F1,1,,,,,
2026-08-18,2026-08-18,CM,NSE,STK,2711,INE283A01014,PRECOT,EQ,,,,,PRECOT LIMITED,698.45,758.00,690.00,741.15,730.00,698.45,,741.15,,,4837,3516435.70,440,F1,1,,,,,
2026-08-18,2026-08-18,CM,NSE,STK,762849,INE001E01012,PREMCO,EQ,,,,,PREMCO GLOBAL LTD.,385.00,385.00,372.50,375.65,375.15,378.35,,375.70,,,472,177032.75,55,F1,1,,,,,
2026-08-18,2026-08-18,CM,NSE,STK,25049,INE0BS701011,PREMIERENE,EQ,,,,,PREMIER ENERGIES LIMITED,1020.00,1029.90,1010.60,1014.70,1014.70,1015.50,,1014.70,,,538817,548620611.60,29556,F1,1,,,,,
2026-08-18,2026-08-18,CM,NSE,STK,17397,INE863B01029,PREMEXPLN,EQ,,,,,PREMIER EXPLOSIVES LTD,674.90,676.00,667.50,668.25,671.50,672.65,,668.26,,,352325,236143727.60,3714,F1,1,,,,,
2026-08-18,2026-08-18,CM,NSE,STK,6248,INE342A01018,PREMIER,BE,,,,,PREMIER LIMITED,2.70,2.83,2.70,2.77,2.77,2.72,,2.77,,,1826,4973.41,10,F1,1,,,,,
2026-08-18,2026-08-18,CM,NSE,STK,3908,INE309M01020,PREMIERPOL,EQ,,,,,PREMIER POLYFILM LTD,85.00,88.00,82.32,86.37,86.99,83.59,,86.38,,,2453055,210527522.53,26508,F1,1,,,,,
2026-08-18,2026-08-18,CM,NSE,STK,23764,INE0CFG01012,PRLIND,SM,,,,,PREMIER ROADLINES LIMITED,43.00,43.60,42.40,43.55,43.55,43.05,,43.55,,,18000,772800.00,13,F1,1000,,,,,
2026-08-18,2026-08-18,CM,NSE,STK,25898,INE0M1F01011,PREMIUM,SM,,,,,PREMIUM PLAST LIMITED,37.95,37.95,37.95,37.95,37.95,36.25,,37.95,,,3000,113850.00,1,F1,3000,,,,,
2026-08-18,2026-08-18,CM,NSE,STK,20498,INE0R1601012,PRESSTONIC,SM,,,,,PRESSTONIC ENGINEERING L,29.50,30.50,28.40,28.85,28.80,29.25,,28.85,,,42400,1227080.00,30,F1,800,,,,,
2026-08-18,2026-08-18,CM,NSE,STK,20302,INE811K01011,PRESTIGE,EQ,,,,,PRESTIGE ESTATE LTD,1588.00,1612.60,1563.10,1590.00,1590.00,1591.90,,1590.00,,,681676,1084170050.70,26883,F1,1,,,,,
2026-08-18,2026-08-18,CM,NSE,STK,19631,INE726V01018,PRICOLLTD,EQ,,,,,PRICOL LIMITED,808.00,813.05,795.35,800.05,799.60,806.55,,800.03,,,323362,259187983.95,20743,F1,1,,,,,
2026-08-18,2026-08-18,CM,NSE,STK,759075,INE0CQA01020,PRIMECAB,ST,,,,,PRIME CABLE INDUSTRIES L,185.00,192.90,183.00,191.45,190.00,185.00,,191.45,,,24000,4543760.00,15,F1,1600,,,,,
2026-08-18,2026-08-18,CM,NSE,STK,13496,INE367G01038,PFOCUS,EQ,,,,,PRIME FOCUS LIMITED,266.05,289.00,264.00,286.25,285.65,266.40,,286.18,,,2789751,791976156.75,48250,F1,1,,,,,
2026-08-18,2026-08-18,CM,NSE,STK,11864,INE032B01021,PRIMESECU,EQ,,,,,PRIME SECURITIES LIMITED,285.40,285.70,280.00,282.20,282.00,283.30,,282.27,,,10289,2904669.70,346,F1,1,,,,,
2026-08-18,2026-08-18,CM,NSE,STK,756925,INE607A01022,PRIMO,EQ,,,,,PRIMO CHEMICALS LIMITED,23.70,23.70,22.75,22.98,22.95,23.28,,22.98,,,116805,2694839.24,1096,F1,1,,,,,
2026-08-18,2026-08-18,CM,NSE,STK,16045,INE689W01016,PRINCEPIPE,EQ,,,,,PRINCE PIPES FITTINGS LTD,285.60,291.45,283.35,289.75,288.10,284.25,,289.77,,,278635,80290384.90,6339,F1,1,,,,,
2026-08-18,2026-08-18,CM,NSE,STK,2739,INE010A01011,PRSMJOHNSN,EQ,,,,,PRISM JOHNSON LIMITED,105.71,106.19,104.10,104.99,104.25,105.33,,104.99,,,279191,29366675.13,3190,F1,1,,,,,
2026-08-18,2026-08-18,CM,NSE,STK,765155,INE286N01028,PRISMX,EQ,,,,,PRISMX GLOBAL VENTURES L,0.55,0.55,0.53,0.54,0.54,0.52,,0.54,,,94707,51143.40,108,F1,1,,,,,
2026-08-18,2026-08-18,CM,NSE,STK,8310,INE974Z01015,PRITI,BE,,,,,PRITI INTERNATIONAL LTD,34.50,34.50,34.00,34.18,34.39,34.56,,34.18,,,8307,284002.56,143,F1,1,,,,,
2026-08-18,2026-08-18,CM,NSE,STK,5296,INE583R01029,PRITIKAUTO,BE,,,,,PRITIKA AUTO INDUS LTD,17.41,17.79,17.40,17.65,17.65,17.49,,17.65,,,83001,1462436.95,269,F1,1,,,,,
2026-08-18,2026-08-18,CM,NSE,STK,9342,INE392B01011,PNC,EQ,,,,,PRITISH NANDY COMMUNICATI,18.10,18.70,17.90,18.15,17.90,18.10,,18.15,,,8843,161105.81,159,F1,1,,,,,
2026-08-18,2026-08-18,CM,NSE,STK,8825,INE959A01019,PRIVISCL,EQ,,,,,PRIVI SPECIALITY CHE LTD,3444.00,3484.20,3409.00,3454.60,3466.80,3449.00,,3454.64,,,88946,306527082.20,12805,F1,1,,,,,
2026-08-18,2026-08-18,CM,NSE,STK,24511,INE0V9N01017,PRIZOR,ST,,,,,PRIZOR VIZTECH LIMITED,832.00,870.00,832.00,839.50,843.50,840.15,,839.50,,,11200,9498000.00,28,F1,400,,,,,
2026-08-18,2026-08-18,CM,NSE,STK,757806,INE0VJT01017,PROFX,SM,,,,,PRO FX TECH LIMITED,79.95,82.00,79.95,82.00,82.00,77.00,,82.00,,,4800,387120.00,3,F1,1600,,,,,
2026-08-18,2026-08-18,CM,NSE,STK,940,INE199A01012,PGHL,EQ,,,,,PROCTER & GAMBLE HEALTH L,5836.50,5853.00,5746.50,5838.00,5810.50,5836.50,,5837.90,,,13004,75464280.50,3142,F1,1,,,,,
2026-08-18,2026-08-18,CM,NSE,STK,764345,INE1FFX01018,PROPSHOP,SM,,,,,PROPSHOP EVENTS AND EXH L,65.85,70.00,59.95,69.85,69.75,66.20,,69.85,,,368000,25059500.00,126,F1,2000,,,,,
2026-08-18,2026-08-18,CM,NSE,STK,758173,INE0BX301013,PROSTARM,EQ,,,,,PROSTARM INFO SYSTEMS LTD,136.60,140.98,131.27,132.22,133.00,135.96,,132.22,,,217948,29486811.67,3263,F1,1,,,,,
2026-08-18,2026-08-18,CM,NSE,STK,29472,INE004A01022,PROTEAN,EQ,,,,,PROTEAN EGOV TECHNO LTD,550.00,554.00,543.20,551.75,551.20,548.50,,551.75,,,153670,84442910.90,6782,F1,1,,,,,
2026-08-18,2026-08-18,CM,NSE,STK,16483,INE0ONE01016,PROV,SM,,,,,PROVENTUS AGROCOM LIMITED,1900.00,1940.00,1900.00,1925.00,1925.00,1905.00,,1925.00,,,1120,2160720.00,13,F1,80,,,,,
2026-08-18,2026-08-18,CM,NSE,STK,28859,INE195N01013,PROZONER,EQ,,,,,PROZONE REALTY LIMITED,43.90,43.90,42.10,42.32,42.10,43.50,,42.32,,,67445,2881811.61,408,F1,1,,,,,
2026-08-18,2026-08-18,CM,NSE,STK,9553,INE00F201020,PRUDENT,EQ,,,,,PRUDENT CORP ADV SER LTD,3352.00,3410.00,3311.10,3354.10,3365.00,3338.00,,3354.17,,,16403,55084409.70,5837,F1,1,,,,,
2026-08-18,2026-08-18,CM,NSE,STK,20528,INE024D01016,PRUDMOULI,BE,,,,,PRUDENTIAL SUGAR CORPORAT,13.81,14.27,13.51,13.57,13.57,13.81,,13.57,,,18888,262733.60,59,F1,1,,,,,
2026-08-18,2026-08-18,CM,NSE,STK,20877,INE488V01015,PSPPROJECT,EQ,,,,,PSP PROJECTS LIMITED,946.00,960.30,937.70,942.35,940.00,947.00,,942.35,,,50924,48309577.05,3381,F1,1,,,,,
2026-08-18,2026-08-18,CM,NSE,STK,22602,INE560K01014,PFS,EQ,,,,,PTC INDIA FIN SERV LTD,28.14,29.60,27.95,28.20,28.44,28.14,,28.20,,,492747,13876293.02,2966,F1,1,,,,,
2026-08-18,2026-08-18,CM,NSE,STK,11355,INE877F01012,PTC,EQ,,,,,PTC INDIA LIMITED,160.99,162.50,158.57,158.89,158.80,160.62,,158.89,,,1401008,222997017.53,15696,F1,1,,,,,
2026-08-18,2026-08-18,CM,NSE,STK,16682,INE596F01018,PTCIL,EQ,,,,,PTC INDUSTRIES LIMITED,20451.00,20453.00,19549.00,19791.00,19690.00,20584.00,,19790.63,,,64760,1287191039.00,18737,F1,1,,,,,
2026-08-18,2026-08-18,CM,NSE,STK,14101,INE034D01049,PTL,EQ,,,,,PTL ENTERPRISES LTD,38.85,38.85,38.48,38.51,38.50,38.65,,38.51,,,37055,1428659.61,470,F1,1,,,,,
2026-08-18,2026-08-18,CM,NSE,STK,15377,INE865T01018,PDMJEPAPER,EQ,,,,,PUDUMJEE PAPER PRO. LTD,87.82,89.90,87.26,88.94,89.02,87.82,,88.93,,,82180,7282001.16,1810,F1,1,,,,,
2026-08-18,2026-08-18,CM,NSE,STK,507,INE335X01014,PULZ,SM,,,,,PULZ ELECTRONICS LIMITED,21.90,21.90,21.35,21.35,21.35,21.90,,21.35,,,6000,129400.00,3,F1,2000,,,,,
2026-08-18,2026-08-18,CM,NSE,STK,21001,INE608A01012,PSB,EQ,,,,,PUNJAB & SIND BANK,23.80,23.80,23.11,23.22,23.20,23.68,,23.22,,,1165360,27204111.46,3939,F1,1,,,,,
2026-08-18,2026-08-18,CM,NSE,STK,4344,INE277B01014,PUNJABCHEM,EQ,,,,,PUNJAB CHEM & CROP PROT L,1125.30,1165.00,1116.70,1133.60,1134.00,1127.30,,1133.61,,,9057,10353187.90,1145,F1,1,,,,,
2026-08-18,2026-08-18,CM,NSE,STK,10666,INE160A01022,PNB,EQ,,,,,PUNJAB NATIONAL BANK,117.00,117.99,116.50,116.50,116.50,117.32,,116.51,,,7856627,919702803.48,41897,F1,1,,,,,
2026-08-18,2026-08-18,CM,NSE,STK,14922,INE323I01011,PURVA,EQ,,,,,PURAVANKARA LIMITED,227.50,231.80,220.13,224.36,222.25,226.60,,224.34,,,1104429,246787622.77,15440,F1,1,,,,,
2026-08-18,2026-08-18,CM,NSE,STK,28044,INE0P5R01014,PURPLEUTED,ST,,,,,PURPLE UNITED SALES LTD,388.95,388.95,385.00,388.95,388.95,370.45,,388.95,,,45000,17483750.00,98,F1,250,,,,,
2026-08-18,2026-08-18,CM,NSE,STK,22938,INE0R6C01012,PURVFLEXI,SM,,,,,PURV FLEXIPACK LIMITED,48.00,48.50,47.35,48.50,48.50,49.80,,48.50,,,16000,759080.00,19,F1,800,,,,,
2026-08-18,2026-08-18,CM,NSE,STK,757683,INE154801018,PUSHPA,SM,,,,,PUSHPA JEWELLERS LIMITED,114.00,115.00,114.00,114.00,114.00,115.00,,114.00,,,8000,916000.00,7,F1,1000,,,,,
2026-08-18,2026-08-18,CM,NSE,STK,4010,INE362A01016,PVP,EQ,,,,,PVP VENTURES LIMITED,36.80,40.90,36.40,40.20,40.80,37.01,,40.20,,,3330020,130546860.91,10409,F1,1,,,,,
2026-08-18,2026-08-18,CM,NSE,STK,13147,INE191H01014,PVRINOX,EQ,,,,,PVR INOX LIMITED,1194.20,1228.80,1188.50,1198.10,1205.00,1192.00,,1198.10,,,463266,559345869.90,29191,F1,1,,,,,
2026-08-18,2026-08-18,CM,NSE,STK,18250,INE0MIS01010,PYRAMID,EQ,,,,,PYRAMID TECHNOPLAST LTD,169.00,169.30,162.02,163.55,162.65,166.69,,163.55,,,73757,12130734.33,1362,F1,1,,,,,
2026-08-18,2026-08-18,CM,NSE,STK,763594,INE1G2W01011,QLINE,SM,,,,,Q-LINE BIOTECH LIMITED,531.70,534.00,522.00,524.05,523.00,529.15,,524.05,,,35600,18810660.00,68,F1,400,,,,,
2026-08-18,2026-08-18,CM,NSE,STK,751653,INE0FMW01018,QMSMEDI,BE,,,,,QMS MEDICAL ALLIED S LTD,139.89,140.89,132.50,135.24,137.00,138.13,,135.24,,,44572,6102114.37,187,F1,1,,,,,
2026-08-18,2026-08-18,CM,NSE,STK,29087,INE0LRY01011,QUADFUTURE,EQ,,,,,QUADRANT FUTURE TEK LTD,350.00,353.10,338.75,341.00,342.80,349.35,,341.11,,,214357,73345906.50,6142,F1,1,,,,,
2026-08-18,2026-08-18,CM,NSE,STK,29711,INE0SII01026,QPOWER,EQ,,,,,QUALITY POWER ELEC EQUP L,1302.90,1357.00,1290.00,1325.10,1324.20,1302.60,,1325.10,,,369801,488075746.70,15133,F1,1,,,,,
2026-08-18,2026-08-18,CM,NSE,STK,15330,INF082J01408,QGOLDHALF,EQ,,,,,QUANTUM GOLD ETF,126.74,128.00,126.51,126.74,126.75,126.73,,126.74,,,158725,20111063.57,772,F1,1,,,,,
2026-08-18,2026-08-18,CM,NSE,STK,16819,INF082J01499,QNIFTY,EQ,,,,,QUANTUM NIFTY 50 ETF,275.16,275.16,266.10,266.74,267.00,268.45,,266.81,,,4134,1104286.81,103,F1,1,,,,,
2026-08-18,2026-08-18,CM,NSE,STK,17704,INE615P01015,QUESS,EQ,,,,,QUESS CORP LIMITED,346.60,350.75,333.35,336.90,333.90,343.90,,336.90,,,935370,320879894.50,31915,F1,1,,,,,
2026-08-18,2026-08-18,CM,NSE,STK,23793,INE0TNW01017,QUESTLAB,SM,,,,,QUEST LABORATORIES LTD,88.05,88.05,88.00,88.05,88.00,88.05,,88.05,,,7200,633900.00,6,F1,1200,,,,,
2026-08-18,2026-08-18,CM,NSE,STK,13131,INE306L01010,QUICKHEAL,BE,,,,,QUICK HEAL TECH LTD,151.30,151.30,143.00,143.89,145.80,149.41,,143.90,,,91964,13402986.60,1074,F1,1,,,,,
2026-08-18,2026-08-18,CM,NSE,STK,15285,INE0K4D01020,QUICKTOUCH,SM,,,,,QUICKTOUCH TECHNOLOGIES L,17.25,17.25,17.25,17.25,17.25,18.15,,17.25,,,4000,69000.00,7,F1,500,,,,,
2026-08-18,2026-08-18,CM,NSE,STK,762854,INE641R01017,QUINT,EQ,,,,,QUINT DIGITAL LTD.,37.06,38.50,36.00,37.36,37.49,37.36,,37.36,,,16736,623946.87,70,F1,1,,,,,
2026-08-18,2026-08-18,CM,NSE,STK,24957,INE0KZF01015,QVCEL,SM,,,,,QVC EXPORTS LIMITED,24.60,26.10,24.50,26.10,26.10,25.15,,26.10,,,9600,238240.00,4,F1,1600,,,,,
2026-08-18,2026-08-18,CM,NSE,STK,23043,INE0NQ801033,RKSWAMY,EQ,,,,,R K SWAMY LIMITED,99.80,101.18,97.01,98.25,98.30,97.47,,98.25,,,46662,4646516.57,924,F1,1,,,,,
2026-08-18,2026-08-18,CM,NSE,STK,757836,INE219Y01026,RMDRIP,BE,,,,,R M DRIP & SPRINK SYS LTD,17.26,17.65,17.19,17.27,17.34,17.87,,17.26,,,147248,2552416.23,605,F1,1,,,,,
2026-08-18,2026-08-18,CM,NSE,STK,762864,INE951M01037,RRIL,EQ,,,,,R R I L LTD.,17.12,18.29,17.12,17.94,18.00,17.54,,17.95,,,16173,289497.67,164,F1,1,,,,,
2026-08-18,2026-08-18,CM,NSE,STK,18566,INE777K01022,RRKABEL,EQ,,,,,R R KABEL LIMITED,2748.60,2870.00,2740.50,2784.90,2790.00,2748.60,,2784.97,,,698009,1965033016.90,50779,F1,1,,,,,
2026-08-18,2026-08-18,CM,NSE,STK,762872,INE616F01022,RSDFIN,BE,,,,,R S D FINANCE LTD.,101.20,101.20,101.17,101.17,101.17,106.49,,101.17,,,324,32779.59,18,F1,1,,,,,
2026-08-18,2026-08-18,CM,NSE,STK,13414,INE411H01032,RSYSTEMS,EQ,,,,,R SYS INTERNATIONAL LTD,240.10,244.95,240.00,242.30,241.65,240.20,,242.30,,,141529,34286133.60,2967,F1,1,,,,,
2026-08-18,2026-08-18,CM,NSE,STK,764855,INE005C01017,RTSPOWR,EQ,,,,,R T S POWER CORPN. LTD.,105.00,113.00,96.00,96.72,99.94,94.73,,96.09,,,1720,170720.41,67,F1,1,,,,,
2026-08-18,2026-08-18,CM,NSE,STK,758981,INE012Q01039,RNBDENIMS,EQ,,,,,R&B DENIMS LIMITED,8.50,8.80,8.40,8.46,8.57,8.58,,8.47,,,216536,1852990.55,1031,F1,1,,,,,
2026-08-18,2026-08-18,CM,NSE,STK,6429,INE165B01029,RSSOFTWARE,EQ,,,,,R. S. SOFTWARE (INDIA) LI,32.40,32.50,30.44,31.79,31.15,31.59,,31.69,,,12261,389172.06,160,F1,1,,,,,
2026-08-18,2026-08-18,CM,NSE,STK,20760,INE324L01013,RPPINFRA,EQ,,,,,R.P.P INFRA PROJECTS LTD,58.35,58.90,57.31,57.51,57.51,58.35,,57.51,,,95574,5544319.30,1425,F1,1,,,,,
2026-08-18,2026-08-18,CM,NSE,STK,762244,INE2PB023011,RIIT,IV,,,,,RAAJMARG INFRA INVEST T,120.05,127.00,118.75,123.16,122.90,119.73,,123.16,,,386144,46894135.96,2907,F1,1,,,,,
2026-08-18,2026-08-18,CM,NSE,STK,15391,INE084Q01012,RACE,EQ,,,,,RACE ECO CHAIN LIMITED,102.73,104.48,101.15,103.86,103.99,102.73,,103.79,,,1769,182030.74,56,F1,1,,,,,
2026-08-18,2026-08-18,CM,NSE,STK,9854,INE02OY01016,RILINFRA,SM,,,,,RACHANA INFRA LTD,37.65,37.70,36.80,36.95,37.00,37.55,,36.95,,,11000,408220.00,44,F1,100,,,,,
2026-08-18,2026-08-18,CM,NSE,STK,27171,INE704B01017,RACLGEAR,EQ,,,,,RACL GEARTECH LIMITED,1350.70,1411.00,1348.90,1399.10,1385.00,1343.40,,1399.26,,,18531,25641737.90,2382,F1,1,,,,,
2026-08-18,2026-08-18,CM,NSE,STK,10932,INE874F01027,RADAAN,EQ,,,,,RADAAN MEDIAWORKS (I) LTD,3.10,3.10,2.97,3.02,2.99,2.97,,3.00,,,9545,29003.10,57,F1,1,,,,,
2026-08-18,2026-08-18,CM,NSE,STK,10343,INE583V01021,RADHIKAJWE,EQ,,,,,RADHIKA JEWELTECH LIMITED,68.23,68.61,65.46,66.39,66.50,67.90,,66.39,,,588642,39158141.34,4490,F1,1,,,,,
2026-08-18,2026-08-18,CM,NSE,STK,13580,INE855R01021,RADIANTCMS,EQ,,,,,RADIANT CASH MGMT SER LTD,35.00,36.23,34.35,34.45,34.51,34.86,,34.45,,,321650,11288487.96,3364,F1,1,,,,,
2026-08-18,2026-08-18,CM,NSE,STK,10990,INE944F01028,RADICO,EQ,,,,,RADICO KHAITAN LTD,4695.00,4732.90,4625.50,4732.90,4732.90,4693.40,,4732.56,,,413785,1938549365.50,37953,F1,1,,,,,
2026-08-18,2026-08-18,CM,NSE,STK,24735,INE912T01018,RPEL,EQ,,,,,RAGHAV PRODUCTIVITY ENH L,1440.00,1518.00,1416.30,1495.20,1500.00,1430.10,,1495.06,,,116005,171861149.20,11813,F1,1,,,,,
2026-08-18,2026-08-18,CM,NSE,STK,9552,INE415G01027,RVNL,EQ,,,,,RAIL VIKAS NIGAM LIMITED,226.20,227.88,225.00,225.00,225.00,228.50,,225.00,,,2172981,490952514.50,23897,F1,1,,,,,
2026-08-18,2026-08-18,CM,NSE,STK,2431,INE0DD101019,RAILTEL,EQ,,,,,RAILTEL CORP OF IND LTD,278.70,279.60,275.00,277.15,277.05,279.95,,277.15,,,325210,90100067.30,9842,F1,1,,,,,
2026-08-18,2026-08-18,CM,NSE,STK,15337,INE855B01025,RAIN,EQ,,,,,RAIN INDUSTRIES LIMITED,205.50,208.50,200.90,203.74,204.00,205.91,,203.75,,,3467534,710964892.09,22608,F1,1,,,,,
2026-08-18,2026-08-18,CM,NSE,STK,9408,INE961O01016,RAINBOW,EQ,,,,,RAINBOW CHILDRENS MED LTD,1475.00,1477.10,1453.00,1458.70,1455.60,1478.50,,1458.65,,,52308,76596278.50,8316,F1,1,,,,,
2026-08-18,2026-08-18,CM,NSE,STK,359,INE294G01026,ROML,EQ,,,,,RAJ OIL MILLS LIMITED,44.06,45.00,44.06,44.17,44.67,44.09,,44.17,,,2043,90351.93,23,F1,1,,,,,
2026-08-18,2026-08-18,CM,NSE,STK,8428,INE533D01032,RAJRILTD,BE,,,,,RAJ RAYON INDUSTRIES LTD,22.36,22.36,21.67,22.02,22.02,21.93,,22.44,,,10186,226710.45,70,F1,1,,,,,
2026-08-18,2026-08-18,CM,NSE,STK,14403,INE952H01027,RAJTV,EQ,,,,,RAJ TV NETWORK LTD,10.43,10.43,10.13,10.29,10.37,10.26,,10.28,,,11719,120159.83,78,F1,1,,,,,
2026-08-18,2026-08-18,CM,NSE,STK,762859,INE296E01026,RAJPALAYAM,EQ,,,,,RAJAPALAYAM MILLS LTD.,836.00,849.55,836.00,843.40,843.00,827.80,,843.43,,,447,377178.40,51,F1,1,,,,,
2026-08-18,2026-08-18,CM,NSE,STK,181,INE610C01014,ARENTERP,EQ,,,,,RAJDARSHAN INDUSTRIES LTD,39.44,39.44,36.76,38.42,39.29,38.36,,38.44,,,1431,54989.75,55,F1,1,,,,,
2026-08-18,2026-08-18,CM,NSE,STK,760461,INE343B01030,RAJESHEXPO,BZ,,,,,RAJESH EXPORTS LTD,82.80,83.00,81.01,81.99,82.45,82.59,,81.97,,,59277,4849646.69,889,F1,1,,,,,
2026-08-18,2026-08-18,CM,NSE,STK,19681,INE0BZQ01011,RCDL,SM,,,,,RAJGOR CASTOR DERIVATI L,26.50,26.50,24.30,26.15,26.30,27.00,,26.15,,,30000,749700.00,7,F1,3000,,,,,
2026-08-18,2026-08-18,CM,NSE,STK,2168,INE00KV01022,RAJMET,EQ,,,,,RAJNANDINI METAL LIMITED,3.29,3.32,3.23,3.30,3.30,3.23,,3.30,,,151216,496997.15,532,F1,1,,,,,
2026-08-18,2026-08-18,CM,NSE,STK,757052,INE535F01024,RAJOOENG,BE,,,,,RAJOO ENGINEERS LIMITED,50.50,51.48,49.00,50.87,51.34,50.17,,50.96,,,175251,8809750.43,735,F1,1,,,,,
2026-08-18,2026-08-18,CM,NSE,STK,27269,INE0VHU01019,RAJPUTANA,SM,,,,,RAJPUTANA BIODIESEL LTD,210.00,210.00,208.00,208.00,208.00,215.00,,208.00,,,1000,209000.00,2,F1,500,,,,,
2026-08-18,2026-08-18,CM,NSE,STK,24707,INE0PCU01012,RAJINDLTD,SM,,,,,RAJPUTANA INDUSTRIES LTD,67.95,70.70,67.80,69.40,68.45,66.50,,69.40,,,10500,720375.00,7,F1,1500,,,,,
2026-08-18,2026-08-18,CM,NSE,STK,761439,INE313L01016,RSL,EQ,,,,,RAJPUTANA STAINLESS LTD,165.00,165.20,163.74,164.95,164.83,164.90,,164.95,,,325012,53578423.70,3480,F1,1,,,,,
2026-08-18,2026-08-18,CM,NSE,STK,18962,INE451D01029,RAJRATAN,EQ,,,,,RAJRATAN GLOBAL WIRE LTD,516.00,519.00,504.25,512.00,513.00,516.80,,511.94,,,53372,27256646.50,2719,F1,1,,,,,
2026-08-18,2026-08-18,CM,NSE,STK,6915,INE760W01023,RPPL,BE,,,,,RAJSHREE POLYPACK LTD,23.78,23.80,22.56,22.74,22.74,22.98,,22.74,,,30216,697109.34,125,F1,1,,,,,
2026-08-18,2026-08-18,CM,NSE,STK,2809,INE562B01019,RAJSREESUG,EQ,,,,,RAJSHREE SUGAR & CHEMICAL,34.65,36.39,34.45,34.96,34.95,34.49,,34.98,,,153455,5458336.41,995,F1,1,,,,,
2026-08-18,2026-08-18,CM,NSE,STK,2816,INE613A01020,RALLIS,EQ,,,,,RALLIS INDIA LTD,212.81,214.17,211.20,213.27,213.00,213.08,,213.27,,,556665,118606590.39,19127,F1,1,,,,,
2026-08-18,2026-08-18,CM,NSE,STK,10485,INE207E01023,RAMRAT,EQ,,,,,RAM RATNA WIRES LIMITED,467.50,478.55,451.80,472.65,475.10,467.50,,472.68,,,158012,73734426.80,5083,F1,1,,,,,
2026-08-18,2026-08-18,CM,NSE,STK,10568,INE809A01032,RAMAPHO,EQ,,,,,RAMA PHOSPHATES LIMITED,120.61,122.90,120.61,121.16,121.86,121.52,,121.15,,,6382,775399.48,277,F1,1,,,,,
2026-08-18,2026-08-18,CM,NSE,STK,10304,INE230R01035,RAMASTEEL,BE,,,,,RAMA STEEL TUBES LIMITED,4.25,4.25,4.25,4.25,4.25,4.33,,4.23,,,524201,2227854.25,1350,F1,1,,,,,
2026-08-18,2026-08-18,CM,NSE,STK,757777,INE14W901010,RTL,SM,,,,,RAMA TELECOM LIMITED,78.00,80.10,78.00,80.05,80.05,83.05,,80.05,,,6000,476300.00,3,F1,2000,,,,,
2026-08-18,2026-08-18,CM,NSE,STK,4587,INE614A01028,RAMCOIND,EQ,,,,,RAMCO INDUSTRIES LIMITED,354.35,356.25,342.10,344.75,347.45,353.45,,344.76,,,178495,62056072.00,4806,F1,1,,,,,
2026-08-18,2026-08-18,CM,NSE,STK,7851,INE246B01019,RAMCOSYS,EQ,,,,,RAMCO SYSTEMS LTD.,593.10,598.00,564.50,564.50,564.50,594.20,,564.46,,,245543,140523335.20,7063,F1,1,,,,,
2026-08-18,2026-08-18,CM,NSE,STK,23565,INE0RJH01010,RBS,SM,,,,,RAMDEVBABA SOLVENT LTD,90.00,94.90,89.00,91.00,91.00,91.40,,91.00,,,12800,1171280.00,14,F1,800,,,,,
2026-08-18,2026-08-18,CM,NSE,STK,11411,INE399G01023,RKFORGE,EQ,,,,,RAMKRISHNA FORGINGS LTD,756.35,759.00,745.05,754.35,750.65,755.00,,754.35,,,858508,646585966.80,26707,F1,1,,,,,
2026-08-18,2026-08-18,CM,NSE,STK,20134,INE874I01013,RAMKY,EQ,,,,,RAMKY INFRA LTD,391.20,392.95,388.00,391.60,391.00,390.05,,391.60,,,25799,10073458.50,774,F1,1,,,,,
2026-08-18,2026-08-18,CM,NSE,STK,2837,INE625B01014,RANASUG,EQ,,,,,RANA SUGARS LTD.,12.97,13.62,12.90,13.30,13.25,12.90,,13.30,,,1043110,13917173.44,2542,F1,1,,,,,
2026-08-18,2026-08-18,CM,NSE,STK,11975,INE050H01012,RML,EQ,,,,,RANE (MADRAS) LIMITED,1094.90,1112.90,1085.00,1100.10,1109.10,1084.70,,1100.13,,,10805,11838786.60,1209,F1,1,,,,,
2026-08-18,2026-08-18,CM,NSE,STK,2844,INE384A01010,RANEHOLDIN,EQ,,,,,RANE HOLDINGS LIMITED,1620.00,1631.80,1558.10,1567.90,1574.00,1600.90,,1567.97,,,21338,33904973.00,2642,F1,1,,,,,
2026-08-18,2026-08-18,CM,NSE,STK,25610,INE0MVO01012,RAPPID,SM,,,,,RAPPID VALVES (INDIA) LTD,305.00,305.90,305.00,305.90,305.90,306.00,,305.90,,,1800,549660.00,3,F1,600,,,,,
2026-08-18,2026-08-18,CM,NSE,STK,22670,INE0J1F01024,RPTECH,EQ,,,,,RASHI PERIPHERALS LIMITED,867.05,871.45,850.00,861.10,859.00,871.85,,861.17,,,238708,204783983.15,16684,F1,1,,,,,
2026-08-18,2026-08-18,CM,NSE,STK,2866,INE027A01015,RCF,EQ,,,,,RASHTRIYA CHEMICALS & FER,123.00,123.10,121.00,121.19,121.12,123.26,,121.19,,,576015,70197562.79,7020,F1,1,,,,,
2026-08-18,2026-08-18,CM,NSE,STK,7177,INE0CLI01024,RATEGAIN,EQ,,,,,RATEGAIN TRAVEL TECHN LTD,955.00,955.35,926.55,935.95,938.00,949.50,,935.96,,,308664,289216263.40,14916,F1,1,,,,,
2026-08-18,2026-08-18,CM,NSE,STK,13451,INE703B01027,RATNAMANI,EQ,,,,,RATNAMANI MET & TUB LTD.,2355.00,2425.00,2352.90,2368.60,2385.00,2353.60,,2368.54,,,62154,148550519.80,16739,F1,1,,,,,
2026-08-18,2026-08-18,CM,NSE,STK,18423,INE05CZ01011,RATNAVEER,EQ,,,,,RATNAVEER PRECISION ENG L,246.08,257.50,242.65,252.19,250.80,244.87,,252.18,,,11984087,3016495162.15,86546,F1,1,,,,,
2026-08-18,2026-08-18,CM,NSE,STK,27297,INE834M01019,RTNINDIA,EQ,,,,,RATTANINDIA ENT LIMITED,30.47,31.45,30.20,30.67,30.66,30.48,,30.67,,,3065043,94278522.90,11204,F1,1,,,,,
2026-08-18,2026-08-18,CM,NSE,STK,17520,INE399K01017,RTNPOWER,EQ,,,,,RATTANINDIA POWER LIMITED,8.31,8.33,8.09,8.12,8.12,8.35,,8.12,,,17010536,139037361.73,16804,F1,1,,,,,
2026-08-18,2026-08-18,CM,NSE,STK,20950,INE722J01012,RKDL,EQ,,,,,RAVI KUMAR DIST. LTD.,18.40,18.97,18.36,18.54,18.40,18.36,,18.47,,,1418,26223.96,38,F1,1,,,,,
2026-08-18,2026-08-18,CM,NSE,STK,1565,INE09E501017,RVHL,EQ,,,,,RAVINDER HEIGHTS LIMITED,43.25,44.04,42.25,42.75,42.25,43.05,,42.74,,,9554,411412.28,103,F1,1,,,,,
2026-08-18,2026-08-18,CM,NSE,STK,24596,INE206N01018,RELTD,EQ,,,,,RAVINDRA ENERGY LIMITED,160.67,163.90,158.01,158.85,158.60,159.87,,158.86,,,128827,20798086.62,2331,F1,1,,,,,
2026-08-18,2026-08-18,CM,NSE,STK,25073,INE02ID01020,RAYMONDLSL,EQ,,,,,RAYMOND LIFESTYLE LIMITED,754.65,762.85,745.00,748.40,747.10,762.10,,748.41,,,109781,82940900.10,8992,F1,1,,,,,
2026-08-18,2026-08-18,CM,NSE,STK,2859,INE301A01014,RAYMOND,EQ,,,,,RAYMOND LTD,649.75,658.00,621.00,625.00,624.20,647.85,,624.99,,,733844,470076823.65,21801,F1,1,,,,,
2026-08-18,2026-08-18,CM,NSE,STK,758551,INE1SY401010,RAYMONDREL,EQ,,,,,RAYMOND REALTY LIMITED,575.80,583.80,574.90,578.00,578.70,581.05,,577.96,,,117902,68184377.40,4032,F1,1,,,,,
2026-08-18,2026-08-18,CM,NSE,STK,18391,INE976G01028,RBLBANK,EQ,,,,,RBL BANK LIMITED,380.50,384.90,376.40,383.00,383.00,381.50,,383.00,,,2330589,888222705.90,26754,F1,1,,,,,
2026-08-18,2026-08-18,CM,NSE,STK,13570,INE0NA301016,RBMINFRA,SM,,,,,RBM INFRACON LIMITED,242.05,242.90,223.00,229.20,232.95,240.85,,229.20,,,27800,6500920.00,114,F1,200,,,,,
2026-08-18,2026-08-18,CM,NSE,STK,20874,INE0PEQ01016,RBZJEWEL,EQ,,,,,RBZ JEWELLERS LIMITED,136.19,138.84,133.50,134.58,133.50,136.19,,134.49,,,47543,6435482.89,1264,F1,1,,,,,
2026-08-18,2026-08-18,CM,NSE,STK,764850,INE0AK901016,RRECL,EQ,,,,,RDB REAL ESTATE CONS L,146.45,146.45,136.30,136.35,136.30,145.00,,136.58,,,894,122050.08,15,F1,1,,,,,
2026-08-18,2026-08-18,CM,NSE,STK,29561,INE10QL01011,READYMIX,SM,,,,,READYMIX CONSTRU MACHI L,102.95,102.95,99.35,100.55,100.00,103.10,,100.55,,,11000,1109050.00,10,F1,1000,,,,,
2026-08-18,2026-08-18,CM,NSE,STK,15355,INE020B01018,RECLTD,EQ,,,,,REC LIMITED,340.00,341.85,338.50,338.50,338.50,340.00,,338.50,,,5976016,2033913871.50,43338,F1,1,,,,,
2026-08-18,2026-08-18,CM,NSE,STK,14255,INE891D01026,REDINGTON,EQ,,,,,REDINGTON LIMITED,334.00,337.20,324.00,326.30,326.00,332.80,,326.30,,,2030364,666299810.50,41072,F1,1,,,,,
2026-08-18,2026-08-18,CM,NSE,STK,17859,INE0LXT01019,REDTAPE,EQ,,,,,REDTAPE LIMITED,121.35,125.30,120.84,124.71,124.94,121.66,,124.73,,,399087,49386417.99,4940,F1,1,,,,,
2026-08-18,2026-08-18,CM,NSE,STK,17764,INE056I01025,REFEX,EQ,,,,,REFEX INDUSTRIES LIMITED,301.00,302.95,297.00,299.45,300.20,302.75,,299.46,,,259732,77818281.05,5049,F1,1,,,,,
2026-08-18,2026-08-18,CM,NSE,STK,23718,INE0TNX01015,REFRACTORY,SM,,,,,REFRACTORY SHAPES LIMITED,25.80,25.80,24.25,24.95,24.95,24.80,,24.95,,,7000,174100.00,6,F1,1000,,,,,
2026-08-18,2026-08-18,CM,NSE,STK,758680,INE0MHO01029,REGAAL,EQ,,,,,REGAAL RESOURCES LIMITED,90.28,101.50,88.65,99.53,100.00,90.46,,99.53,,,2975990,292126988.85,21335,F1,1,,,,,
2026-08-18,2026-08-18,CM,NSE,STK,4130,INE277C01012,REGENCERAM,EQ,,,,,REGENCY CERAMICS LTD.,35.80,37.03,35.20,36.80,36.77,35.43,,36.73,,,3751,135314.20,75,F1,1,,,,,
2026-08-18,2026-08-18,CM,NSE,STK,24225,INE131B01039,RELAXO,EQ,,,,,RELAXO FOOT LTD.,394.80,397.00,378.15,383.95,383.00,391.20,,383.96,,,345402,132533523.85,12956,F1,1,,,,,
2026-08-18,2026-08-18,CM,NSE,STK,3172,INF204KC1030,GILT5YBEES,EQ,,,,,RELCAPAMC - NETFGILT5Y,66.25,66.37,66.11,66.23,66.21,66.26,,66.23,,,91103,6032155.74,410,F1,1,,,,,
2026-08-18,2026-08-18,CM,NSE,STK,24378,INE375Y01018,RELIABLE,EQ,,,,,RELIABLE DATA SERVICE LTD,140.00,142.00,138.00,140.77,138.00,138.74,,140.83,,,208670,29117715.28,612,F1,1,,,,,
2026-08-18,2026-08-18,CM,NSE,STK,9652,INE750D01016,RELCHEMQ,EQ,,,,,RELIANCE CHEMOTEX IND LTD,118.80,118.90,114.03,115.51,116.00,115.60,,115.44,,,3010,349537.92,166,F1,1,,,,,
2026-08-18,2026-08-18,CM,NSE,STK,13188,INE330H01018,RCOM,BE,,,,,RELIANCE COMMUNICATIONS L,0.81,0.81,0.80,0.80,0.80,0.81,,0.80,,,3203697,2575117.07,1839,F1,1,,,,,
2026-08-18,2026-08-18,CM,NSE,STK,759204,INE217K01011,RHFL,BZ,,,,,RELIANCE HOME FINANCE LTD,1.77,1.78,1.73,1.74,1.75,1.78,,1.74,,,435640,763756.83,807,F1,1,,,,,
2026-08-18,2026-08-18,CM,NSE,STK,2912,INE046A01015,RIIL,EQ,,,,,RELIANCE INDUSTRIAL INFRA,749.95,751.85,735.90,738.65,737.50,747.05,,738.65,,,25399,18828471.70,1619,F1,1,,,,,
2026-08-18,2026-08-18,CM,NSE,STK,2885,INE002A01018,RELIANCE,EQ,,,,,RELIANCE INDUSTRIES LTD,1314.00,1328.60,1311.20,1322.00,1322.00,1316.00,,1321.99,,,10180567,13466467033.10,198021,F1,1,,,,,
2026-08-18,2026-08-18,CM,NSE,STK,4791,INE036A01016,RELINFRA,BE,,,,,RELIANCE INFRASTRUCTU LTD,64.47,64.47,64.47,64.47,64.47,65.78,,64.41,,,139005,8961652.35,334,F1,1,,,,,
2026-08-18,2026-08-18,CM,NSE,STK,15259,INE614G01033,RPOWER,EQ,,,,,RELIANCE POWER LTD.,22.53,22.74,22.37,22.45,22.43,22.72,,22.45,,,13059635,293318474.01,25482,F1,1,,,,,
2026-08-18,2026-08-18,CM,NSE,STK,15068,INE621H01010,RELIGARE,EQ,,,,,RELIGARE ENTER. LTD.,230.00,235.25,229.00,231.55,233.00,231.10,,231.55,,,1967477,455198436.95,13372,F1,1,,,,,
2026-08-18,2026-08-18,CM,NSE,STK,3965,INE474C01023,REMSONSIND,EQ,,,,,REMSONS INDUSTRIES LTD,81.49,83.39,80.96,82.40,82.31,81.89,,82.34,,,112716,9232461.35,1698,F1,1,,,,,
2026-08-18,2026-08-18,CM,NSE,STK,16154,INE0O5T01011,REMUS,SM,,,,,REMUS PHARMACEUTICALS L,904.00,904.00,883.50,893.80,897.00,907.30,,893.80,,,2800,2499385.00,27,F1,100,,,,,
2026-08-18,2026-08-18,CM,NSE,STK,15129,INE722H01024,RGL,EQ,,,,,RENAISSANCE GLOBAL LTD,121.90,125.85,120.20,124.90,125.36,121.90,,124.91,,,434403,53357969.62,4698,F1,1,,,,,
2026-08-18,2026-08-18,CM,NSE,STK,758157,INE0VZX01015,RNPL,SM,,,,,RENOL POLYCHEM LIMITED,80.75,80.75,80.50,80.50,80.50,78.85,,80.50,,,3600,290340.00,3,F1,1200,,,,,
2026-08-18,2026-08-18,CM,NSE,STK,29598,INE612J01015,REPCOHOME,EQ,,,,,REPCO HOME FINANCE LTD,349.60,352.00,346.45,350.10,351.55,349.60,,350.10,,,101784,35576146.85,4185,F1,1,,,,,
2026-08-18,2026-08-18,CM,NSE,STK,13126,INE461B01014,REPRO,EQ,,,,,REPRO INDIA LIMITED,334.75,343.95,326.50,330.25,329.15,325.15,,330.26,,,15316,5126483.30,1005,F1,1,,,,,
2026-08-18,2026-08-18,CM,NSE,STK,20323,INE688D01026,RESPONIND,EQ,,,,,RESPONSIVE INDUSTRIES LTD,159.68,160.22,156.41,158.09,157.99,159.01,,158.10,,,79679,12595101.77,2070,F1,1,,,,,
2026-08-18,2026-08-18,CM,NSE,STK,1494,INE07T201019,RBA,EQ,,,,,RESTAURANT BRAND ASIA LTD,99.80,108.41,99.50,106.34,104.00,99.59,,106.35,,,17134006,1784041646.56,66117,F1,1,,,,,
2026-08-18,2026-08-18,CM,NSE,STK,25157,INE0DAB01012,RVTH,EQ,,,,,REVATHI EQUIPMENT INDIA L,747.75,762.95,717.00,730.00,730.00,747.70,,730.00,,,1613,1188009.15,74,F1,1,,,,,
2026-08-18,2026-08-18,CM,NSE,STK,759062,INE0KKN01029,RHETAN,EQ,,,,,RHETAN TMT LIMITED,21.41,21.54,21.41,21.43,21.43,21.28,,21.43,,,7421414,159020143.37,2436,F1,1,,,,,
2026-08-18,2026-08-18,CM,NSE,STK,31163,INE743M01012,RHIM,EQ,,,,,RHI MAGNESITA INDIA LTD,375.70,381.45,372.25,380.00,380.50,374.25,,380.00,,,434035,164345975.20,9773,F1,1,,,,,
2026-08-18,2026-08-18,CM,NSE,STK,2909,INE209B01025,RICOAUTO,EQ,,,,,RICO AUTO INDUSTRIES LTD,132.45,137.50,132.00,133.32,133.20,132.90,,133.31,,,2049113,275731749.45,17296,F1,1,,,,,
2026-08-18,2026-08-18,CM,NSE,STK,764121,INE302D01024,RIR,EQ,,,,,RIR POWER ELECTRONICS L,176.80,176.80,168.00,170.35,170.15,173.94,,170.41,,,139576,23916157.63,3397,F1,1,,,,,
2026-08-18,2026-08-18,CM,NSE,STK,18417,INE0N2P01017,RISHABH,EQ,,,,,RISHABH INSTRUMENTS LTD,700.00,703.80,651.75,665.75,665.80,694.60,,665.78,,,711835,476498863.05,25854,F1,1,,,,,
2026-08-18,2026-08-18,CM,NSE,STK,8944,INE01EG01016,RITCO,EQ,,,,,RITCO LOGISTICS LIMITED,288.05,318.40,288.05,313.00,314.50,292.50,,313.01,,,381642,119105928.05,8264,F1,1,,,,,
2026-08-18,2026-08-18,CM,NSE,STK,3761,INE320J01015,RITES,EQ,,,,,RITES LIMITED,221.74,222.87,218.00,218.49,218.50,221.72,,218.49,,,242345,53171745.47,7312,F1,1,,,,,
2026-08-18,2026-08-18,CM,NSE,STK,1547,INE786W01010,RKEC,EQ,,,,,RKEC PROJECTS LIMITED,24.30,24.30,22.52,22.81,22.75,23.41,,22.81,,,59826,1379785.29,370,F1,1,,,,,
2026-08-18,2026-08-18,CM,NSE,STK,762346,INE655V01019,RMC,EQ,,,,,RMC SWITCHGEARS LIMITED,260.05,265.85,246.90,253.85,260.00,259.70,,253.89,,,89354,22584619.20,2909,F1,1,,,,,
2026-08-18,2026-08-18,CM,NSE,STK,24589,INE0SA001017,RNFI,SM,,,,,RNFI SERVICES LIMITED,275.00,275.00,268.15,269.95,270.25,272.40,,269.95,,,35400,9589140.00,53,F1,600,,,,,
2026-08-18,2026-08-18,CM,NSE,STK,15157,INE508K01013,RHL,EQ,,,,,ROBUST HOTELS LIMITED,168.00,170.00,167.00,169.47,169.72,166.35,,169.45,,,3822,641996.93,38,F1,1,,,,,
2026-08-18,2026-08-18,CM,NSE,STK,20289,INE0PTR01012,ROCKINGDCE,SM,,,,,ROCKINGDEALS CIRCU ECO L,163.00,168.00,160.00,161.70,160.00,167.45,,161.70,,,7500,1218637.50,28,F1,250,,,,,
2026-08-18,2026-08-18,CM,NSE,STK,5279,INE645S01024,ROLEXRINGS,EQ,,,,,ROLEX RINGS LIMITED,180.19,182.50,175.68,177.06,176.45,179.46,,177.06,,,2031379,364450664.69,18621,F1,1,,,,,
2026-08-18,2026-08-18,CM,NSE,STK,19108,INE927A01040,ROLLT,BE,,,,,ROLLATAINERS LIMITED,3.21,3.31,3.11,3.16,3.11,3.17,,3.16,,,385304,1230527.08,242,F1,1,,,,,
2026-08-18,2026-08-18,CM,NSE,STK,19410,INE02A801020,ROSSARI,EQ,,,,,ROSSARI BIOTECH LIMITED,498.60,498.90,490.80,495.90,492.20,496.15,,495.91,,,37955,18751464.05,1906,F1,1,,,,,
2026-08-18,2026-08-18,CM,NSE,STK,28913,INE847C01020,ROSSELLIND,EQ,,,,,ROSSELL INDIA LIMITED,55.53,57.50,55.04,56.90,57.00,56.17,,56.90,,,50191,2843684.31,528,F1,1,,,,,
2026-08-18,2026-08-18,CM,NSE,STK,27353,INE0OJW01016,ROSSTECH,EQ,,,,,ROSSELL TECHSYS LIMITED,1116.05,1172.00,1092.50,1103.55,1100.00,1108.90,,1103.43,,,899502,1014981625.20,59043,F1,1,,,,,
2026-08-18,2026-08-18,CM,NSE,STK,9049,INE535D01037,ROTO,EQ,,,,,ROTO PUMPS LIMITED,65.99,66.70,65.49,66.34,66.15,65.68,,66.34,,,226640,14959078.27,1478,F1,1,,,,,
2026-08-18,2026-08-18,CM,NSE,STK,128,INE450U01017,ROUTE,EQ,,,,,ROUTE MOBILE LIMITED,507.30,507.50,497.20,499.45,498.05,508.60,,499.52,,,159772,80253340.35,5767,F1,1,,,,,
2026-08-18,2026-08-18,CM,NSE,STK,20167,INE0PDJ01013,ROXHITECH,SM,,,,,ROX HI TECH LIMITED,54.40,55.80,53.60,55.45,55.45,56.45,,55.45,,,20800,1140000.00,13,F1,1600,,,,,
2026-08-18,2026-08-18,CM,NSE,STK,29727,INE0EO401019,ROYALARC,SM,,,,,ROYAL ARC ELECTRODES LTD,177.00,177.00,177.00,177.00,177.00,176.35,,177.00,,,8400,1486800.00,5,F1,1200,,,,,
2026-08-18,2026-08-18,CM,NSE,STK,13182,INE283H01019,ROHLTD,EQ,,,,,ROYAL ORCHID HOTELS LTD,307.40,312.80,300.65,304.55,306.40,307.70,,304.55,,,46156,14029239.05,1343,F1,1,,,,,
2026-08-18,2026-08-18,CM,NSE,STK,16725,INE105J01010,RPGLIFE,EQ,,,,,RPG LIFE SCIENCES LTD,2741.30,2770.00,2663.00,2702.70,2696.00,2741.30,,2703.21,,,11456,31201296.20,1465,F1,1,,,,,
2026-08-18,2026-08-18,CM,NSE,STK,8119,INE425Y01011,RPSGVENT,EQ,,,,,RPSG VENTURES LIMITED,888.75,890.00,873.00,875.25,875.00,887.25,,875.25,,,22399,19707136.80,750,F1,1,,,,,
2026-08-18,2026-08-18,CM,NSE,STK,7292,INE611A01016,RSWM,BE,,,,,RSWM LIMITED,196.00,203.05,192.00,200.25,202.00,194.52,,200.22,,,28026,5586974.34,258,F1,1,,,,,
2026-08-18,2026-08-18,CM,NSE,STK,24730,INE642C01025,RUBFILA,EQ,,,,,RUBFILA INTERNATIONAL LTD,67.50,70.00,67.50,68.84,69.44,67.36,,68.85,,,14395,991253.98,318,F1,1,,,,,
2026-08-18,2026-08-18,CM,NSE,STK,759316,INE506V01022,RUBICON,EQ,,,,,RUBICON RESEARCH LIMITED,1789.30,1819.00,1750.00,1804.10,1813.00,1798.70,,1804.16,,,687518,1230616000.80,44812,F1,1,,,,,
2026-08-18,2026-08-18,CM,NSE,STK,4566,INE413B01023,RUCHINFRA,EQ,,,,,RUCHI INFRASTRUCTURE LTD,5.81,5.97,5.72,5.75,5.73,5.81,,5.75,,,23152,135004.45,90,F1,1,,,,,
2026-08-18,2026-08-18,CM,NSE,STK,13821,INE803H01014,RUCHIRA,EQ,,,,,RUCHIRA PAPERS LIMITED,102.05,105.26,102.05,104.62,104.79,102.05,,104.63,,,37592,3924049.73,667,F1,1,,,,,
2026-08-18,2026-08-18,CM,NSE,STK,760392,INE027T01023,RUDRA,EQ,,,,,RUDRA GLOBAL INFRA PROD L,24.45,24.45,22.70,22.97,23.00,23.80,,22.96,,,133806,3130220.98,601,F1,1,,,,,
2026-08-18,2026-08-18,CM,NSE,STK,1486,INE364Z01019,REPL,BE,,,,,RUDRABHISHEK ENTERP LTD,64.00,65.00,61.75,61.75,61.75,64.00,,61.75,,,5133,321617.67,67,F1,1,,,,,
2026-08-18,2026-08-18,CM,NSE,STK,23830,INE0R7301013,RULKA,SM,,,,,RULKA ELECTRICALS LIMITED,109.00,112.00,104.00,109.70,109.95,109.10,,109.70,,,9900,1074345.00,25,F1,300,,,,,
2026-08-18,2026-08-18,CM,NSE,STK,25724,INE895B01021,RUPA,EQ,,,,,RUPA & COMPANY LTD,148.00,151.68,148.00,149.97,150.00,149.10,,149.97,,,87669,13142103.13,2722,F1,1,,,,,
2026-08-18,2026-08-18,CM,NSE,STK,24595,INE573K01025,RUSHIL,EQ,,,,,RUSHIL DECOR LIMITED,16.80,17.06,16.50,16.72,16.67,16.78,,16.71,,,293246,4912246.46,786,F1,1,,,,,
2026-08-18,2026-08-18,CM,NSE,STK,24674,INE0BSN01013,SATECH,SM,,,,,S A TECH SOFTWARE INDIA L,33.30,33.80,32.60,32.85,32.60,35.60,,32.85,,,13000,431050.00,12,F1,1000,,,,,
2026-08-18,2026-08-18,CM,NSE,STK,20698,INE807K01035,SCHAND,EQ,,,,,S CHAND AND COMPANY LTD,138.90,138.90,134.90,137.10,136.26,137.86,,137.16,,,47191,6449138.01,1271,F1,1,,,,,
2026-08-18,2026-08-18,CM,NSE,STK,25528,INE0X6F01017,SDREAMS,SM,,,,,S D RETAIL LIMITED,85.00,85.00,81.00,81.60,81.00,83.00,,81.60,,,7000,575300.00,6,F1,1000,,,,,
2026-08-18,2026-08-18,CM,NSE,STK,11212,INE500L01026,SHK,EQ,,,,,S H KELKAR AND CO. LTD.,163.99,165.00,158.12,159.48,159.88,164.25,,159.47,,,591761,95048279.77,8892,F1,1,,,,,
2026-08-18,2026-08-18,CM,NSE,STK,20542,INE0F3301020,SJLOGISTIC,SM,,,,,S J LOGISTICS (INDIA) LTD,326.00,346.90,323.00,344.25,346.80,326.00,,344.25,,,183250,62103400.00,455,F1,250,,,,,
2026-08-18,2026-08-18,CM,NSE,STK,764940,INE159L01013,SVGLOBAL,EQ,,,,,S V GLOBAL MILL LTD.,143.50,143.50,115.55,133.00,133.00,143.61,,133.00,,,21,2532.25,8,F1,1,,,,,
2026-08-18,2026-08-18,CM,NSE,STK,2951,INE902B01017,S&SPOWER,EQ,,,,,S&S POWER SWITCHGEARS LTD,296.00,296.00,270.00,277.70,274.05,297.70,,277.83,,,10586,2926001.05,459,F1,1,,,,,
2026-08-18,2026-08-18,CM,NSE,STK,18252,INE212I01016,SPAL,EQ,,,,,S. P. APPARELS LIMITED,940.70,961.65,934.60,952.45,952.40,932.45,,952.46,,,51059,48530900.50,4892,F1,1,,,,,
2026-08-18,2026-08-18,CM,NSE,STK,11634,INE658G01014,SALSTEEL,EQ,,,,,S.A.L. STEEL LTD.,74.00,75.90,71.10,72.02,71.70,71.87,,72.04,,,1744512,128321771.63,12181,F1,1,,,,,
2026-08-18,2026-08-18,CM,NSE,STK,19112,INE0PSK01027,SAAKSHI,ST,,,,,SAAKSHI MEDTEC N PANELS L,299.70,299.70,295.20,297.00,297.00,297.65,,297.00,,,10800,3208110.00,13,F1,600,,,,,
2026-08-18,2026-08-18,CM,NSE,STK,759057,INE13B501022,SAATVIKGL,EQ,,,,,SAATVIK GREEN ENERGY LTD,405.65,417.95,399.45,401.45,402.10,402.65,,401.42,,,133321,54286690.15,3870,F1,1,,,,,
2026-08-18,2026-08-18,CM,NSE,STK,757409,INE1ARD01016,SACHEEROME,SM,,,,,SACHEEROME LIMITED,469.00,503.95,465.00,488.65,488.35,466.45,,488.65,,,51600,25136385.00,135,F1,300,,,,,
2026-08-18,2026-08-18,CM,NSE,STK,13236,INE226H01026,SADBHAV,EQ,,,,,SADBHAV ENGINEERING LTD,8.26,8.44,7.85,7.95,7.95,8.26,,7.95,,,326564,2632848.87,731,F1,1,,,,,
2026-08-18,2026-08-18,CM,NSE,STK,10622,INE764L01010,SADBHIN,BE,,,,,SADBHAV INFRA PROJ LTD.,2.75,2.90,2.72,2.84,2.83,2.81,,2.84,,,176606,494471.63,210,F1,1,,,,,
2026-08-18,2026-08-18,CM,NSE,STK,15349,INE888C01040,SADHNANIQ,BE,,,,,SADHANA NITROCHEM LIMITED,3.08,3.08,3.03,3.03,3.03,3.09,,3.07,,,1273284,3871848.02,436,F1,1,,,,,
2026-08-18,2026-08-18,CM,NSE,STK,22897,INE0K5H01010,SADHAV,SM,,,,,SADHAV SHIPPING LIMITED,116.25,120.00,114.50,118.05,120.00,116.25,,118.05,,,21600,2523300.00,34,F1,600,,,,,
2026-08-18,2026-08-18,CM,NSE,STK,13035,INE429E01023,SAFARI,EQ,,,,,SAFARI IND (INDIA) LTD,1497.30,1511.90,1477.00,1482.80,1485.00,1497.30,,1482.90,,,16308,24277100.10,3567,F1,1,,,,,
2026-08-18,2026-08-18,CM,NSE,STK,757583,INE17D601016,SAFEENTP,SM,,,,,SAFE ENTER RETAIL FIX LTD,260.00,260.00,253.20,256.10,255.70,254.75,,256.10,,,17500,4504775.00,33,F1,500,,,,,
2026-08-18,2026-08-18,CM,NSE,STK,14068,INE229C01021,SAGCEM,EQ,,,,,SAGAR CEMENTS LIMITED,169.00,172.78,167.90,168.29,168.00,169.01,,168.29,,,20803,3511427.47,672,F1,1,,,,,
2026-08-18,2026-08-18,CM,NSE,STK,8175,INE976T01013,SAGARDEEP,EQ,,,,,SAGARDEEP ALLOYS LIMITED,24.40,24.40,23.63,23.70,23.65,24.02,,23.70,,,1693,40413.28,59,F1,1,,,,,
2026-08-18,2026-08-18,CM,NSE,STK,27052,INE0W2G01015,SAGILITY,EQ,,,,,SAGILITY LIMITED,42.41,42.77,41.92,42.16,42.25,42.40,,42.16,,,11644898,491972954.65,36893,F1,1,,,,,
2026-08-18,2026-08-18,CM,NSE,STK,24478,INE0P4701011,SAHAJSOLAR,SM,,,,,SAHAJ SOLAR LIMITED,105.00,107.80,105.00,105.30,105.00,105.25,,105.30,,,12000,1269420.00,27,F1,400,,,,,
2026-08-18,2026-08-18,CM,NSE,STK,16711,INE0LEX01011,SAHANA,SM,,,,,SAHANA SYSTEM LIMITED,785.85,815.00,782.00,814.05,814.00,785.85,,814.05,,,22800,18229620.00,129,F1,150,,,,,
2026-08-18,2026-08-18,CM,NSE,STK,25671,INE0RBQ01018,SAHASRA,ST,,,,,SAHASRA ELECTRONIC SOLU L,319.80,320.00,313.10,313.25,313.10,319.95,,313.25,,,21600,6834860.00,50,F1,400,,,,,
2026-08-18,2026-08-18,CM,NSE,STK,14900,INE280H01015,SAHYADRI,EQ,,,,,SAHYADRI INDUSTRIES LTD,388.00,393.95,374.00,375.55,376.00,388.15,,375.54,,,20137,7665913.90,1357,F1,1,,,,,
2026-08-18,2026-08-18,CM,NSE,STK,764865,INE531X01018,SAICAPI,EQ,,,,,SAI CAPITAL LTD.,149.00,154.95,148.00,151.33,149.10,149.95,,151.18,,,247,37098.81,25,F1,1,,,,,
2026-08-18,2026-08-18,CM,NSE,STK,27839,INE570L01029,SAILIFE,EQ,,,,,SAI LIFE SCIENCES LIMITED,1428.80,1473.00,1423.50,1440.10,1443.40,1416.40,,1440.05,,,450784,651968275.70,34508,F1,1,,,,,
2026-08-18,2026-08-18,CM,NSE,STK,761675,INE0H9F01037,SAIPARENT,EQ,,,,,SAI PARENTERALS LIMITED,558.95,558.95,540.60,542.05,543.80,551.95,,542.03,,,60708,33072679.35,2666,F1,1,,,,,
2026-08-18,2026-08-18,CM,NSE,STK,18755,INE438K01021,KALAMANDIR,EQ,,,,,SAI SILKS (KALAMANDIR) L,87.00,87.00,85.50,85.72,85.50,86.16,,85.72,,,199617,17170539.60,1878,F1,1,,,,,
2026-08-18,2026-08-18,CM,NSE,STK,764880,INE068B01017,SEKURITIND,EQ,,,,,SAINT GOBAIN SEKUR IND L,118.20,124.65,117.10,121.66,120.80,117.61,,121.63,,,43443,5271735.38,540,F1,1,,,,,
2026-08-18,2026-08-18,CM,NSE,STK,25715,INE00MT01022,SAJHOTELS,ST,,,,,SAJ HOTELS LIMITED,42.00,42.00,42.00,42.00,42.00,42.55,,42.00,,,2000,84000.00,1,F1,2000,,,,,
2026-08-18,2026-08-18,CM,NSE,STK,9539,INE732S01012,SAKAR,EQ,,,,,SAKAR HEALTHCARE LIMITED,902.45,902.80,878.00,893.70,899.00,905.35,,893.70,,,61515,54681867.85,3960,F1,1,,,,,
2026-08-18,2026-08-18,CM,NSE,STK,11794,INE667G01023,SAKSOFT,EQ,,,,,SAKSOFT LIMITED,165.00,167.78,162.21,166.36,165.81,164.95,,166.36,,,440873,72551206.96,7473,F1,1,,,,,
2026-08-18,2026-08-18,CM,NSE,STK,2969,INE623A01011,SAKHTISUG,EQ,,,,,SAKTHI SUGARS LTD,17.75,18.75,17.65,18.39,18.29,17.63,,18.40,,,482690,8850504.34,1670,F1,1,,,,,
2026-08-18,2026-08-18,CM,NSE,STK,13251,INE190H01024,SAKUMA,EQ,,,,,SAKUMA EXPORTS LIMITED,1.60,1.62,1.54,1.57,1.58,1.60,,1.56,,,1115173,1756687.27,1008,F1,1,,,,,
2026-08-18,2026-08-18,CM,NSE,STK,21362,INE170V01027,SALASAR,EQ,,,,,SALASAR TECHNO ENGG. LTD.,6.04,6.17,5.99,6.07,6.09,6.07,,6.07,,,5174251,31429334.79,4362,F1,1,,,,,
2026-08-18,2026-08-18,CM,NSE,STK,17351,INE498E01010,SALONA,EQ,,,,,SALONA COTSPIN LTD.,259.91,274.99,259.91,269.49,271.00,261.21,,269.49,,,1477,395373.21,80,F1,1,,,,,
2026-08-18,2026-08-18,CM,NSE,STK,11399,INE457F01013,SALZERELEC,EQ,,,,,SALZER ELECTRONICS LTD,573.45,578.50,566.00,568.10,570.95,570.30,,568.12,,,31402,17872665.80,1600,F1,1,,,,,
2026-08-18,2026-08-18,CM,NSE,STK,4127,INE699B01027,SAMBHAAV,EQ,,,,,SAMBHAAV MEDIA LTD,6.48,6.50,6.25,6.36,6.36,6.35,,6.36,,,26679,170596.05,100,F1,1,,,,,
2026-08-18,2026-08-18,CM,NSE,STK,757767,INE12NJ01018,SAMBHV,EQ,,,,,SAMBHV STEEL TUBES LTD,120.00,124.90,119.52,124.34,124.21,119.88,,124.34,,,1781158,219404274.60,12351,F1,1,,,,,
2026-08-18,2026-08-18,CM,NSE,STK,21096,INE0PZA01015,SAIFL,SM,,,,,SAMEERA AGRO AND INFRA L,4.95,5.05,4.95,5.00,5.00,5.00,,5.00,,,60000,300400.00,14,F1,4000,,,,,
2026-08-18,2026-08-18,CM,NSE,STK,18614,INE08U801020,SAMHI,EQ,,,,,SAMHI HOTELS LIMITED,159.00,161.24,158.60,160.03,159.40,159.41,,160.03,,,438145,70065036.44,5658,F1,1,,,,,
2026-08-18,2026-08-18,CM,NSE,STK,30125,INE148I01020,SAMMAANCAP,EQ,,,,,SAMMAAN CAPITAL LIMITED,153.33,153.95,145.00,150.23,149.59,153.33,,150.21,,,23129231,3455373484.53,93547,F1,1,,,,,
2026-08-18,2026-08-18,CM,NSE,STK,27303,INE735M01018,SAMPANN,EQ,,,,,SAMPANN UTPADAN INDIA LTD,26.80,26.80,25.97,26.42,26.47,26.30,,26.42,,,14006,368662.22,110,F1,1,,,,,
2026-08-18,2026-08-18,CM,NSE,STK,4204,INE775A01035,MOTHERSON,EQ,,,,,SAMVRDHNA MTHRSN INTL LTD,168.10,170.90,168.10,170.40,170.40,168.06,,170.38,,,12696084,2157374401.19,63330,F1,1,,,,,
2026-08-18,2026-08-18,CM,NSE,STK,28805,INE0JPD01013,SANATHAN,EQ,,,,,SANATHAN TEXTILES LIMITED,461.05,463.45,449.75,454.60,457.90,463.50,,454.61,,,48969,22352928.25,4898,F1,1,,,,,
2026-08-18,2026-08-18,CM,NSE,STK,2988,INE583B01015,SANDESH,EQ,,,,,SANDESH LTD,1080.90,1094.95,1060.00,1060.50,1060.00,1081.85,,1060.53,,,1700,1816960.15,185,F1,1,,,,,
2026-08-18,2026-08-18,CM,NSE,STK,2397,INE278H01035,SANDHAR,EQ,,,,,SANDHAR TECHNOLOGIES LTD,633.00,639.80,625.00,631.80,631.00,632.55,,631.80,,,91956,58024199.35,4626,F1,1,,,,,
2026-08-18,2026-08-18,CM,NSE,STK,18359,INE149K01016,SANDUMA,EQ,,,,,SANDUR MANG & IRON ORES L,201.00,203.40,199.21,200.00,199.50,200.89,,200.00,,,287962,57822815.86,5046,F1,1,,,,,
2026-08-18,2026-08-18,CM,NSE,STK,4184,INE495C01010,SANGAMIND,EQ,,,,,SANGAM (INDIA) LTD,586.20,600.80,584.00,588.75,586.70,592.45,,588.74,,,15927,9389885.55,900,F1,1,,,,,
2026-08-18,2026-08-18,CM,NSE,STK,14058,INE989A01032,SANGHVIMOV,EQ,,,,,SANGHVI MOVERS LTD,508.00,522.90,504.05,520.75,521.85,506.95,,520.81,,,312166,160856489.05,12913,F1,1,,,,,
2026-08-18,2026-08-18,CM,NSE,STK,11033,INE753W01010,SANGINITA,BE,,,,,SANGINITA CHEMICALS LTD,59.53,59.53,59.53,59.53,59.53,56.70,,59.53,,,31343,1865848.79,113,F1,1,,,,,
2026-08-18,2026-08-18,CM,NSE,STK,25222,INE0UOS01011,SANOFICONR,EQ,,,,,SANOFI CONS HEALTHC IND L,4384.80,4384.80,4311.00,4336.60,4328.00,4363.00,,4336.69,,,2260,9806859.30,748,F1,1,,,,,
2026-08-18,2026-08-18,CM,NSE,STK,1442,INE058A01010,SANOFI,EQ,,,,,SANOFI INDIA LIMITED,3197.40,3258.00,3178.10,3242.10,3247.00,3197.40,,3241.77,,,13116,42249323.40,3183,F1,1,,,,,
2026-08-18,2026-08-18,CM,NSE,STK,5751,INE953O01021,SANSERA,EQ,,,,,SANSERA ENGINEERING LTD,4000.00,4040.40,3942.50,4003.20,3990.00,4002.00,,4003.37,,,172483,690085189.10,25166,F1,1,,,,,
2026-08-18,2026-08-18,CM,NSE,STK,24582,INE08NE01025,SANSTAR,EQ,,,,,SANSTAR LIMITED,109.03,110.19,106.91,107.29,106.95,109.19,,107.31,,,136937,14818494.06,2258,F1,1,,,,,
2026-08-18,2026-08-18,CM,NSE,STK,46,INE890C01046,SANWARIA,BZ,,,,,SANWARIA CONSUMER LIMITED,0.20,0.20,0.19,0.19,0.20,0.19,,0.19,,,992931,197171.38,214,F1,1,,,,,
2026-08-18,2026-08-18,CM,NSE,STK,6718,INE806T01020,SAPPHIRE,EQ,,,,,SAPPHIRE FOODS INDIA LTD,234.50,234.90,229.05,231.99,230.67,234.68,,232.00,,,890093,206282844.03,24356,F1,1,,,,,
2026-08-18,2026-08-18,CM,NSE,STK,19863,INE0PUC01020,SARTELE,SM,,,,,SAR TELEVENTURE LIMITED,102.50,102.50,98.80,99.55,100.50,100.90,,99.55,,,101000,10146500.00,163,F1,500,,,,,
2026-08-18,2026-08-18,CM,NSE,STK,762985,INE967G01019,ZSARACOM,EQ,,,,,SARASWATI COMM (INDIA) L,13414.00,13418.00,12660.00,13076.00,13089.00,12841.00,,13074.38,,,123,1603495.00,77,F1,1,,,,,
2026-08-18,2026-08-18,CM,NSE,STK,24856,INE0PQ101010,SSDL,EQ,,,,,SARASWATI SAREE DEPOT LTD,60.35,62.37,60.35,60.84,60.60,61.38,,60.83,,,26977,1649924.23,603,F1,1,,,,,
2026-08-18,2026-08-18,CM,NSE,STK,17758,INE385C01021,SARDAEN,EQ,,,,,SARDA ENERGY & MIN LTD,522.70,524.00,516.20,518.15,517.00,521.15,,518.15,,,215053,111875425.15,7567,F1,1,,,,,
2026-08-18,2026-08-18,CM,NSE,STK,4892,INE979A01025,SAREGAMA,EQ,,,,,SAREGAMA INDIA LIMITED,520.10,524.80,512.00,513.95,513.00,523.40,,513.95,,,332669,171612879.25,14343,F1,1,,,,,
2026-08-18,2026-08-18,CM,NSE,STK,14043,INE453D01025,SARLAPOLY,EQ,,,,,SARLA PERF. FIBERS LTD,101.80,102.88,100.00,101.22,101.25,101.61,,101.18,,,65712,6650485.42,775,F1,1,,,,,
2026-08-18,2026-08-18,CM,NSE,STK,6843,INE017W01010,SMLT,EQ,,,,,SARTHAK METALS LIMITED,69.00,71.98,69.00,69.28,70.35,70.29,,69.32,,,4098,288145.93,92,F1,1,,,,,
2026-08-18,2026-08-18,CM,NSE,STK,12913,INE324X01026,SARVESHWAR,EQ,,,,,SARVESHWAR FOODS LIMITED,3.50,3.50,3.42,3.43,3.43,3.50,,3.43,,,690456,2379667.24,1169,F1,1,,,,,
2026-08-18,2026-08-18,CM,NSE,STK,11983,INE231F01020,SASKEN,EQ,,,,,SASKEN TECHNOLOGIES LTD,1919.50,1960.00,1910.40,1943.00,1921.00,1919.50,,1942.84,,,11305,21832940.80,1800,F1,1,,,,,
2026-08-18,2026-08-18,CM,NSE,STK,29151,INE0NB801022,SATKARTAR,SM,,,,,SAT KARTAR LIFE LIMITED,122.00,122.00,118.00,121.05,121.00,122.00,,121.05,,,10400,1246480.00,12,F1,800,,,,,
2026-08-18,2026-08-18,CM,NSE,STK,24697,INE0RFP01011,SSEGL,SM,,,,,SATHLOKHAR SYN E&C GLOB L,353.10,364.90,350.00,350.10,350.00,353.30,,350.10,,,92800,32878020.00,240,F1,200,,,,,
2026-08-18,2026-08-18,CM,NSE,STK,11045,INE170E01023,SATIA,EQ,,,,,SATIA INDUSTRIES LIMITED,59.99,60.47,58.00,58.56,58.23,59.24,,58.57,,,102820,6074596.47,1737,F1,1,,,,,
2026-08-18,2026-08-18,CM,NSE,STK,10453,INE836B01017,SATIN,EQ,,,,,SATIN CREDIT NET LTD,228.73,230.60,223.91,228.79,230.60,228.73,,228.79,,,318091,72478760.24,5400,F1,1,,,,,
2026-08-18,2026-08-18,CM,NSE,STK,758960,INE14DW01018,SATTVAENGG,SM,,,,,SATTVA ENGINEERING CSTN L,75.00,75.00,74.95,74.95,74.95,73.95,,74.95,,,4800,359920.00,3,F1,1600,,,,,
2026-08-18,2026-08-18,CM,NSE,STK,3018,INE626A01014,SAURASHCEM,EQ,,,,,SAURASHTRA CEMENT LIMITED,59.06,59.50,58.00,58.72,58.99,58.72,,58.72,,,76942,4515837.19,1006,F1,1,,,,,
2026-08-18,2026-08-18,CM,NSE,STK,3021,INE035D01020,SOTL,EQ,,,,,SAVITA OIL TECHNOLO. LTD,690.85,725.00,688.60,718.40,718.00,692.65,,718.40,,,353723,251838725.50,14905,F1,1,,,,,
2026-08-18,2026-08-18,CM,NSE,STK,757704,INE0UCN01017,SAVY,SM,,,,,SAVY INFRA AND LOGI LTD,135.00,135.00,125.00,126.00,125.00,132.00,,126.00,,,6000,775920.00,5,F1,1200,,,,,
2026-08-18,2026-08-18,CM,NSE,STK,758444,INE10VS01016,SAWALIYA,SM,,,,,SAWALIYA FOOD PRODUCTS L,285.00,287.00,279.05,279.05,279.05,281.70,,279.05,,,61800,17412000.00,56,F1,600,,,,,
2026-08-18,2026-08-18,CM,NSE,STK,762879,INE318C01014,SAYAJIHOTL,EQ,,,,,SAYAJI HOTELS LTD.,315.00,315.40,310.00,315.40,315.40,310.30,,315.40,,,93,28896.15,12,F1,1,,,,,
2026-08-18,2026-08-18,CM,NSE,STK,764875,INE327G01032,SAYAJIIND,EQ,,,,,SAYAJI INDUSTRIES LTD.,114.80,115.36,109.70,109.70,109.70,114.80,,114.35,,,1038,116039.16,198,F1,1,,,,,
2026-08-18,2026-08-18,CM,NSE,STK,6792,INE04AK01028,SBC,EQ,,,,,SBC EXPORTS LIMITED,38.65,39.00,38.56,38.66,38.70,38.75,,38.66,,,6977822,270161645.34,5171,F1,1,,,,,
2026-08-18,2026-08-18,CM,NSE,STK,18026,INE423Y01016,SBFC,EQ,,,,,SBFC FINANCE LIMITED,93.17,94.53,93.17,93.67,93.55,93.95,,93.67,,,582128,54625347.14,8991,F1,1,,,,,
2026-08-18,2026-08-18,CM,NSE,STK,17971,INE018E01016,SBICARD,EQ,,,,,SBI CARDS & PAY SER LTD,642.00,643.15,613.90,615.00,615.00,641.75,,615.00,,,2769735,1724966418.25,58441,F1,1,,,,,
2026-08-18,2026-08-18,CM,NSE,STK,764173,INE640G01020,SBIFUNDS,EQ,,,,,SBI FUNDS MANAGEMENT LTD,556.50,562.35,552.00,554.85,553.90,557.25,,554.86,,,1616546,897532473.25,42268,F1,1,,,,,
2026-08-18,2026-08-18,CM,NSE,STK,21808,INE123W01016,SBILIFE,EQ,,,,,SBI LIFE INSURANCE CO LTD,1789.00,1796.50,1762.50,1778.00,1778.00,1790.40,,1778.00,,,584461,1041604019.00,32001,F1,1,,,,,
2026-08-18,2026-08-18,CM,NSE,STK,17272,INF200KA16D8,SETFGOLD,EQ,,,,,SBI-ETF GOLD,127.20,131.40,127.20,130.38,130.39,130.47,,130.38,,,2779431,362349437.43,7836,F1,1,,,,,
2026-08-18,2026-08-18,CM,NSE,STK,10176,INF200KA1FS1,SETFNIF50,EQ,,,,,SBI-ETF NIFTY 50,269.28,269.28,260.60,260.94,261.00,262.72,,260.95,,,421677,110119187.93,8275,F1,1,,,,,
2026-08-18,2026-08-18,CM,NSE,STK,7361,INF200KA1580,SETFNIFBK,EQ,,,,,SBI-ETF NIFTY BANK,592.55,593.74,588.46,589.97,590.70,593.59,,589.89,,,43554,25724693.23,672,F1,1,,,,,
2026-08-18,2026-08-18,CM,NSE,STK,7353,INF200KA1598,SETFNN50,EQ,,,,,SBI-ETF NIFTY NEXT 50,821.02,821.02,796.44,798.66,799.00,801.00,,798.66,,,44912,35854163.70,2353,F1,1,,,,,
2026-08-18,2026-08-18,CM,NSE,STK,19705,INF200KA13Z8,LIQUIDSBI,EQ,,,,,SBIAMC - LIQUIDSBI,1000.00,1000.01,999.99,1000.01,1000.01,999.99,,1000.01,,,1495,1494993.17,18,F1,1,,,,,
2026-08-18,2026-08-18,CM,NSE,STK,30290,INF200KB1712,SBIBPB,EQ,,,,,SBIAMC - SBIBPB,51.65,51.65,49.55,50.26,50.15,50.65,,50.27,,,73923,3710225.58,365,F1,1,,,,,
2026-08-18,2026-08-18,CM,NSE,STK,5168,INF200KA1X17,SBIETFCON,EQ,,,,,SBIAMC - SBIETFCON,123.46,125.01,123.46,124.78,124.86,125.45,,124.78,,,1382,172275.71,93,F1,1,,,,,
2026-08-18,2026-08-18,CM,NSE,STK,740,INF200KA1S14,SBIETFIT,EQ,,,,,SBIAMC - SBIETFIT,339.85,340.15,335.31,336.34,337.09,341.85,,336.34,,,11036,3716948.06,309,F1,1,,,,,
2026-08-18,2026-08-18,CM,NSE,STK,722,INF200KA1S22,SBIETFPB,EQ,,,,,SBIAMC - SBIETFPB,279.84,282.00,277.57,278.01,277.58,279.02,,278.01,,,25021,6968509.41,87,F1,1,,,,,
2026-08-18,2026-08-18,CM,NSE,STK,7218,INF200KA1WX6,SBIETFQLTY,EQ,,,,,SBIAMC - SBIETFQLTY,227.60,227.60,224.75,225.40,225.39,227.61,,225.40,,,2405,543190.73,57,F1,1,,,,,
2026-08-18,2026-08-18,CM,NSE,STK,758496,INF200KB1969,SBILIQETF,EQ,,,,,SBIAMC - SBILIQETF,1052.12,1052.26,1052.12,1052.25,1052.26,1052.12,,1052.25,,,73786,77641616.31,88,F1,1,,,,,
2026-08-18,2026-08-18,CM,NSE,STK,761095,INF200KB1AJ0,SBIMIDMOM,EQ,,,,,SBIAMC - SBIMIDMOM,64.30,64.34,63.89,64.28,64.26,64.38,,64.28,,,263065,16889902.59,181,F1,1,,,,,
2026-08-18,2026-08-18,CM,NSE,STK,24524,INF200KB1282,SBINEQWETF,EQ,,,,,SBIAMC - SBINEQWETF,34.10,34.25,33.50,33.69,33.72,33.94,,33.70,,,25251,851009.44,215,F1,1,,,,,
2026-08-18,2026-08-18,CM,NSE,STK,761741,INF200KB1AK8,SBINMID150,EQ,,,,,SBIAMC - SBINMID150,23.47,23.56,23.39,23.55,23.56,23.47,,23.56,,,7216,169159.52,99,F1,1,,,,,
2026-08-18,2026-08-18,CM,NSE,STK,24366,INF200KB1217,SBISILVER,EQ,,,,,SBIAMC - SBISILVER,231.49,231.49,226.56,227.17,227.30,229.20,,227.17,,,595004,135211020.94,4487,F1,1,,,,,
2026-08-18,2026-08-18,CM,NSE,STK,763543,INF200KB1AY9,SBISMLETF,EQ,,,,,SBIAMC - SBISMLETF,18.67,18.67,18.32,18.37,18.47,18.36,,18.37,,,49591,912984.69,217,F1,1,,,,,
2026-08-18,2026-08-18,CM,NSE,STK,763546,INF200KB1AX1,SBIVALETF,EQ,,,,,SBIAMC - SBIVALETF,14.98,14.98,14.80,14.81,14.88,14.91,,14.81,,,5779,85735.37,41,F1,1,,,,,
2026-08-18,2026-08-18,CM,NSE,STK,17395,INF200KA1JT1,SETF10GILT,EQ,,,,,SBIAMC - SETF10GILT,265.22,266.72,265.01,265.39,265.40,266.01,,265.39,,,1990,527845.09,33,F1,1,,,,,
2026-08-18,2026-08-18,CM,NSE,STK,762887,INE099G01011,SCANSTL,BE,,,,,SCAN STEELS LTD.,60.52,65.25,59.53,62.69,63.00,62.23,,62.68,,,141316,8930728.10,355,F1,1,,,,,
2026-08-18,2026-08-18,CM,NSE,STK,1011,INE513A01022,SCHAEFFLER,EQ,,,,,SCHAEFFLER INDIA LIMITED,4013.20,4099.90,4012.60,4073.30,4075.30,4028.90,,4073.34,,,107257,435728672.30,26614,F1,1,,,,,
2026-08-18,2026-08-18,CM,NSE,STK,31234,INE839M01018,SCHNEIDER,EQ,,,,,SCHNEIDER ELECTRIC INFRA,1212.20,1279.90,1212.20,1274.40,1279.00,1212.20,,1274.43,,,1205149,1521271790.50,47025,F1,1,,,,,
2026-08-18,2026-08-18,CM,NSE,STK,757468,INE148I07XU9,SCL0182025,NC,,,,,SCL 0% 2028 SR VI,1032.50,1032.50,1032.50,1032.50,1032.50,1032.00,,1032.50,,,2,2065.00,1,F1,1,,,,,
2026-08-18,2026-08-18,CM,NSE,STK,757497,INE148I07XY1,995SCL2035,NM,,,,,SCL 9.95% 2035 SR XII,990.00,990.00,990.00,990.00,990.00,990.00,,990.00,,,10,9900.00,1,F1,1,,,,,
2026-08-18,2026-08-18,CM,NSE,STK,30210,INE148I07WC9,SCL19325A,N1,,,,,SCL SR III,1113.50,1113.50,1100.00,1100.40,1100.00,1086.30,,1100.40,,,100,110040.50,2,F1,1,,,,,
2026-08-18,2026-08-18,CM,NSE,STK,757478,INE090501011,SCODATUBES,EQ,,,,,SCODA TUBES LIMITED,129.15,132.00,128.00,128.91,128.98,129.68,,128.92,,,165867,21552117.74,2303,F1,1,,,,,
2026-08-18,2026-08-18,CM,NSE,STK,761658,IN1020260023,807AP51,SG,,,,,SDL AP 8.07% 2051,100.00,100.00,100.00,100.00,100.00,100.27,,100.00,,,100,10000.00,1,F1,100,,,,,
2026-08-18,2026-08-18,CM,NSE,STK,10765,IN1220220082,765AS32,SG,,,,,SDL AS 7.65% 2032,102.48,102.48,102.48,102.48,102.48,100.10,,102.48,,,100,10248.00,1,F1,100,,,,,
2026-08-18,2026-08-18,CM,NSE,STK,22864,IN3520230225,745CG33,SG,,,,,SDL CG 7.45% 2033,100.00,100.00,100.00,100.00,100.00,100.00,,100.00,,,100,10000.00,1,F1,100,,,,,
2026-08-18,2026-08-18,CM,NSE,STK,21152,IN1520230179,747GJ28,SG,,,,,SDL GJ 7.47% 2028,100.25,100.25,100.25,100.25,100.25,97.70,,100.25,,,100,10025.00,1,F1,100,,,,,
2026-08-18,2026-08-18,CM,NSE,STK,23815,IN1620240037,742HR34,SG,,,,,SDL HR 7.42% 2034,95.00,95.00,95.00,95.00,95.00,100.00,,95.00,,,200,19000.00,1,F1,100,,,,,
2026-08-18,2026-08-18,CM,NSE,STK,758192,IN2020250113,724KL41,SG,,,,,SDL KL 7.24% 2041,91.00,91.00,91.00,91.00,91.00,95.00,,91.00,,,100,9100.00,1,F1,100,,,,,
2026-08-18,2026-08-18,CM,NSE,STK,22751,IN2220230238,746MH35,SG,,,,,SDL MH 7.46% 2035,95.00,95.00,95.00,95.00,95.00,95.00,,95.00,,,100,9500.00,1,F1,100,,,,,
2026-08-18,2026-08-18,CM,NSE,STK,764145,IN3120260077,739TN34A,SG,,,,,SDL TN 7.39% 2034,94.08,94.08,94.08,94.08,94.08,96.00,,94.08,,,100,9408.00,1,F1,100,,,,,
2026-08-18,2026-08-18,CM,NSE,STK,759337,IN3120250318,744TN55A,SG,,,,,SDL TN 7.44% 2055,90.00,90.00,90.00,90.00,90.00,92.00,,90.00,,,100,9000.00,1,F1,100,,,,,
2026-08-18,2026-08-18,CM,NSE,STK,20643,INE027E07972,935LTF29,N5,,,,,SE RE NCD 9.35% SR.V OP2,1108.99,1108.99,1108.99,1108.99,1108.99,1086.17,,1098.00,,,1,1108.99,1,F1,1,,,,,
2026-08-18,2026-08-18,CM,NSE,STK,2616,INE497B01018,SEAMECLTD,EQ,,,,,SEAMEC LIMITED,1561.20,1599.00,1560.40,1574.70,1579.90,1561.10,,1574.74,,,59689,94267200.20,5010,F1,1,,,,,
2026-08-18,2026-08-18,CM,NSE,STK,7666,INE477L07AP4,IIFLHFZC27,NB,,,,,SEC RE NCD 0% SR.V,1438.75,1438.80,1438.75,1438.79,1438.80,1436.00,,1438.79,,,200,287759.95,2,F1,1,,,,,
2026-08-18,2026-08-18,CM,NSE,STK,13858,INE530B07278,IIFLZC28A,NU,,,,,SEC RE NCD 0% SR.VII,1320.00,1320.00,1320.00,1320.00,1320.00,1325.00,,1320.00,,,5,6600.00,2,F1,1,,,,,
2026-08-18,2026-08-18,CM,NSE,STK,17043,INE530B07369,IIFLZC28B,Y1,,,,,SEC RE NCD 0% SR.VII,1272.00,1272.00,1272.00,1272.00,1272.00,1272.00,,1272.00,,,10,12720.00,1,F1,1,,,,,
2026-08-18,2026-08-18,CM,NSE,STK,20779,INE413U07269,1003ISFL28,N4,,,,,SEC RE NCD 10.03% SR 5,1012.30,1012.30,1007.00,1007.01,1007.01,1002.00,,1007.01,,,1434,1447143.98,21,F1,1,,,,,
2026-08-18,2026-08-18,CM,NSE,STK,25566,INE148I07UR1,1003SCL31A,N1,,,,,SEC RE NCD 10.03% SR X,995.00,995.00,995.00,995.00,995.00,995.00,,995.00,,,397,395015.00,2,F1,1,,,,,
2026-08-18,2026-08-18,CM,NSE,STK,14034,INE244L07283,1030SFIL28,NM,,,,,SEC RE NCD 10.30% SR.VII,435.80,435.80,435.80,435.80,435.80,435.80,,435.80,,,25,10895.00,1,F1,1,,,,,
2026-08-18,2026-08-18,CM,NSE,STK,25916,INE583D07513,1040UCL27B,N1,,,,,SEC RE NCD 10.40% SR III,1001.00,1008.00,1001.00,1008.00,1008.00,1001.81,,1008.00,,,100,100450.00,2,F1,1,,,,,
2026-08-18,2026-08-18,CM,NSE,STK,23123,INE342T07460,1065NFL27,NC,,,,,SEC RE NCD 10.65% SR.IV,1000.01,1019.00,1000.01,1018.99,1018.99,1011.00,,1014.50,,,134,135251.65,8,F1,1,,,,,
2026-08-18,2026-08-18,CM,NSE,STK,20120,INE148I07QZ2,980SCL33,NX,,,,,SEC RE NCD 10.75% SR XI,948.00,948.00,948.00,948.00,948.00,850.30,,948.00,,,13,12324.00,1,F1,1,,,,,
2026-08-18,2026-08-18,CM,NSE,STK,23125,INE342T07445,1119NFL27,ND,,,,,SEC RE NCD 11.19% SR.V,1045.33,1045.33,1045.33,1045.33,1045.33,1045.33,,1045.33,,,1000,1045330.00,5,F1,1,,,,,
2026-08-18,2026-08-18,CM,NSE,STK,3433,INE219X07223,79IGT28,NF,,,,,SEC RE NCD 7.90% SR.III,1015.00,1015.00,1015.00,1015.00,1015.00,1010.01,,1015.00,,,75,76125.00,1,F1,1,,,,,
2026-08-18,2026-08-18,CM,NSE,STK,11658,INE0H7R07017,79NHIT35,N1,,,,,SEC RE NCD 7.90% STRPP A,309.16,310.20,309.16,310.20,310.20,309.01,,310.60,,,822,254561.31,7,F1,1,,,,,
2026-08-18,2026-08-18,CM,NSE,STK,11665,INE0H7R07025,79NHIT40,N2,,,,,SEC RE NCD 7.90% STRPP B,310.00,317.97,310.00,314.00,314.00,310.00,,314.00,,,24,7473.77,5,F1,1,,,,,
2026-08-18,2026-08-18,CM,NSE,STK,11669,INE0H7R07033,79NHIT47,N3,,,,,SEC RE NCD 7.90% STRPP C,434.49,434.49,423.97,429.00,429.00,416.35,,429.00,,,1082,459838.04,8,F1,1,,,,,
2026-08-18,2026-08-18,CM,NSE,STK,3476,INE219X07280,797IGT31,NL,,,,,SEC RE NCD 7.97% SR.VI,1020.00,1020.00,1020.00,1020.00,1020.00,1020.00,,1020.00,,,110,112200.00,8,F1,1,,,,,
2026-08-18,2026-08-18,CM,NSE,STK,7648,INE477L07AN9,820IIFL27,N9,,,,,SEC RE NCD 8.20% SR.III,990.00,990.20,990.00,990.00,990.00,990.00,,990.00,,,100,99000.20,8,F1,1,,,,,
2026-08-18,2026-08-18,CM,NSE,STK,3464,INE219X07264,82IGT31,NJ,,,,,SEC RE NCD 8.20% SR.V,1030.00,1030.00,1028.35,1028.38,1028.35,1035.00,,1028.38,,,50,51419.15,2,F1,1,,,,,
2026-08-18,2026-08-18,CM,NSE,STK,6197,INE530B07161,842IIFL26,NL,,,,,SEC RE NCD 8.42% SR.V,999.97,999.97,999.97,999.97,999.97,993.25,,999.97,,,5,4999.85,1,F1,1,,,,,
2026-08-18,2026-08-18,CM,NSE,STK,7668,INE477L07AQ2,843IHFL29,NC,,,,,SEC RE NCD 8.43% SR.VI,978.20,978.20,978.20,978.20,978.20,980.02,,978.20,,,31,30324.20,1,F1,1,,,,,
2026-08-18,2026-08-18,CM,NSE,STK,17039,INE530B07385,865IFL28,NZ,,,,,SEC RE NCD 8.65% SR.V,995.00,995.00,983.70,983.70,983.70,983.85,,984.35,,,110,109337.00,2,F1,1,,,,,
2026-08-18,2026-08-18,CM,NSE,STK,13852,INE530B07310,865IIFL28,NS,,,,,SEC RE NCD 8.65% SR.V,989.10,990.00,989.00,989.35,990.00,988.00,,989.35,,,1118,1106162.40,10,F1,1,,,,,
2026-08-18,2026-08-18,CM,NSE,STK,7777,INE148I07LE8,889SCFL27,YC,,,,,SEC RE NCD 8.89% SR.VIII,999.00,999.25,999.00,999.25,999.25,998.00,,999.25,,,176,175841.25,4,F1,1,,,,,
2026-08-18,2026-08-18,CM,NSE,STK,28858,INE477L07BC0,9IHFL27,N1,,,,,SEC RE NCD 9% SR IV,1053.62,1053.62,1053.62,1053.62,1053.62,1052.33,,1053.62,,,137,144345.94,1,F1,1,,,,,
2026-08-18,2026-08-18,CM,NSE,STK,17041,INE530B07377,9IIFL28,Y0,,,,,SEC RE NCD 9% SR.VI,1028.00,1028.00,1028.00,1028.00,1028.00,1000.00,,1028.00,,,288,296064.00,2,F1,1,,,,,
2026-08-18,2026-08-18,CM,NSE,STK,13854,INE530B07260,9IIFL28A,NT,,,,,SEC RE NCD 9% SR.VI,1045.00,1045.00,1045.00,1045.00,1045.00,1039.99,,1045.00,,,200,209000.00,2,F1,1,,,,,
2026-08-18,2026-08-18,CM,NSE,STK,23710,INE338I07115,93MOFSL34,N6,,,,,SEC RE NCD 9.30% SR VII,1058.99,1069.00,1058.99,1069.00,1069.00,1058.99,,1069.00,,,52,55087.50,4,F1,1,,,,,
2026-08-18,2026-08-18,CM,NSE,STK,23708,INE338I07107,935MOFSL29,N5,,,,,SEC RE NCD 9.35% SR VI,1048.89,1048.89,1048.89,1048.89,1048.89,1049.00,,1048.89,,,20,20977.80,1,F1,1,,,,,
2026-08-18,2026-08-18,CM,NSE,STK,13497,INE148I07ND6,965SCL25C,N0,,,,,SEC RE NCD 9.39% SR.VIII,404.40,415.00,404.40,415.00,415.00,415.00,,415.00,,,42,17218.00,4,F1,1,,,,,
2026-08-18,2026-08-18,CM,NSE,STK,20075,INE148I07QK4,948SCL26A,NN,,,,,SEC RE NCD 9.48% SR V,333.75,333.75,333.75,333.75,333.75,330.00,,333.75,,,285,95118.75,1,F1,1,,,,,
2026-08-18,2026-08-18,CM,NSE,STK,25552,INE148I07UC3,948SCL27D,N1,,,,,SEC RE NCD 9.48% SR V,1060.00,1060.00,1060.00,1060.00,1060.00,990.00,,1060.00,,,2,2120.00,1,F1,1,,,,,
2026-08-18,2026-08-18,CM,NSE,STK,25294,INE423A07336,956AEL29,N6,,,,,SEC RE NCD 9.56% SR VI,1051.00,1051.00,1050.99,1051.00,1051.00,1040.00,,1051.00,,,55,57804.90,5,F1,1,,,,,
2026-08-18,2026-08-18,CM,NSE,STK,20769,INE413U07236,957ISFL26,N2,,,,,SEC RE NCD 9.57% SR 3,1000.10,1000.10,1000.00,1000.00,1000.00,996.00,,1000.00,,,99,99005.00,3,F1,1,,,,,
2026-08-18,2026-08-18,CM,NSE,STK,25287,INE423A07328,965AEL27,N4,,,,,SEC RE NCD 9.65% SR IV,1104.00,1104.00,1100.00,1100.00,1100.00,1105.00,,1100.00,,,715,786560.00,14,F1,1,,,,,
2026-08-18,2026-08-18,CM,NSE,STK,18487,INE741K07579,970CAGL28,ND,,,,,SEC RE NCD 9.70% SR VII,1020.00,1020.00,1020.00,1020.00,1020.00,1028.99,,1020.00,,,10,10200.00,1,F1,1,,,,,
2026-08-18,2026-08-18,CM,NSE,STK,14038,INE244L07416,985SFIL28,NO,,,,,SEC RE NCD 9.85% SR.VIII,400.30,400.30,400.30,400.30,400.30,420.00,,400.30,,,40,16012.00,2,F1,1,,,,,
2026-08-18,2026-08-18,CM,NSE,STK,20061,INE148I07QI8,990SCL26A,NL,,,,,SEC RE NCD 9.9% SR IV,369.00,369.00,369.00,369.00,369.00,325.20,,369.00,,,7,2583.00,2,F1,1,,,,,
2026-08-18,2026-08-18,CM,NSE,STK,14219,INE00QS24043,IMC1,N1,,,,,SEC RE NCGB 8.25% STRPP B,251.00,251.00,251.00,251.00,251.00,251.00,,251.00,,,100,25100.00,3,F1,1,,,,,
2026-08-18,2026-08-18,CM,NSE,STK,14224,INE00QS24027,IMC1,N2,,,,,SEC RE NCGB 8.25% STRPP C,254.15,254.50,254.15,254.49,254.50,250.00,,254.49,,,1000,254494.75,5,F1,1,,,,,
2026-08-18,2026-08-18,CM,NSE,STK,14228,INE00QS24035,IMC1,N3,,,,,SEC RE NCGB 8.25% STRPP D,252.00,252.01,252.00,252.00,252.00,252.00,,252.00,,,207,52164.62,5,F1,1,,,,,
2026-08-18,2026-08-18,CM,NSE,STK,7975,INE804IA7014,1015ECL29,NR,,,,,SEC RED NCD 10.15% SR. VI,1015.10,1019.00,1013.30,1016.99,1016.99,1020.40,,1016.99,,,108,109770.50,7,F1,1,,,,,
2026-08-18,2026-08-18,CM,NSE,STK,7986,INE804IA7022,1060ECL29,NS,,,,,SEC RED NCD 10.6% SR. VII,1057.40,1079.40,1057.40,1079.40,1079.40,1071.66,,1079.40,,,158,168564.71,3,F1,1,,,,,
2026-08-18,2026-08-18,CM,NSE,STK,16870,INE033L07GS6,81TCHF28,N8,,,,,SEC RED NCD 8.10% SR.IV,1014.99,1014.99,1011.00,1014.89,1014.89,1015.00,,1014.90,,,67,67804.57,5,F1,1,,,,,
2026-08-18,2026-08-18,CM,NSE,STK,16874,INE033L07GU2,84TCHF28,NA,,,,,SEC RED NCD 8.40% SR.V,1064.90,1064.90,1064.90,1064.90,1064.90,1058.00,,1065.00,,,1,1064.90,1,F1,1,,,,,
2026-08-18,2026-08-18,CM,NSE,STK,17159,INE721A07PK7,875SFL27,ZF,,,,,SEC RED NCD 8.75% SR.III,1024.99,1025.00,1024.99,1025.00,1025.00,1025.00,,1025.00,,,35,35874.70,2,F1,1,,,,,
2026-08-18,2026-08-18,CM,NSE,STK,18626,INE148I07GK5,885SCL26,N9,,,,,SEC RED NCD 8.85% SR. VI,1070.00,1072.00,1070.00,1072.00,1072.00,1072.00,,1072.00,,,500,535800.00,15,F1,1,,,,,
2026-08-18,2026-08-18,CM,NSE,STK,18628,INE148I07GL3,9SCL26BA,NA,,,,,SEC RED NCD 9.0% SR. VI,1072.00,1072.00,1072.00,1072.00,1072.00,1072.00,,1074.50,,,430,460960.00,2,F1,1,,,,,
2026-08-18,2026-08-18,CM,NSE,STK,8625,INE721A07ON4,957ICCL25,YW,,,,,SEC RED NCD 9.30% SR. II,1065.00,1069.00,1063.00,1068.84,1068.90,1063.00,,1068.84,,,360,384352.00,10,F1,1,,,,,
2026-08-18,2026-08-18,CM,NSE,STK,1001,INE721A07NX5,94SFL28,YL,,,,,SEC RED NCD 9.40% SR. V,1046.90,1046.90,1040.00,1040.00,1040.00,1045.00,,1040.00,,,21,21978.00,2,F1,1,,,,,
2026-08-18,2026-08-18,CM,NSE,STK,4288,INE804I078Y8,943ECL28,NJ,,,,,SEC RED NCD 9.43% SR. VI,1000.00,1002.95,999.50,1002.95,1002.95,1000.99,,1002.95,,,1115,1114471.35,5,F1,1,,,,,
2026-08-18,2026-08-18,CM,NSE,STK,4292,INE804I079Y6,985ECL28,NK,,,,,SEC RED NCD 9.85% SR. VII,1004.84,1004.84,1000.02,1004.78,1004.78,1002.00,,1004.78,,,516,516951.24,12,F1,1,,,,,
2026-08-18,2026-08-18,CM,NSE,STK,19496,INE0BTM01013,SECMARK,EQ,,,,,SECMARK CONSULTANCY LTD,125.00,126.50,124.50,124.97,125.00,127.66,,124.94,,,261,32621.61,10,F1,1,,,,,
2026-08-18,2026-08-18,CM,NSE,STK,11058,INE650K01021,SECURKLOUD,EQ,,,,,SECUREKLOUD TECH LIMITED,18.20,18.58,17.36,18.08,18.00,17.92,,18.07,,,11289,202378.29,169,F1,1,,,,,
2026-08-18,2026-08-18,CM,NSE,STK,761153,INE00XB01019,SEDEMAC,EQ,,,,,SEDEMAC MECHATRONICS LTD,3268.00,3319.90,3215.70,3244.70,3235.80,3240.20,,3244.44,,,116045,378512511.70,20500,F1,1,,,,,
2026-08-18,2026-08-18,CM,NSE,STK,7091,INE955I01044,SEJALLTD,EQ,,,,,SEJAL GLASS LIMITED,684.00,700.00,671.95,679.25,684.00,682.20,,680.20,,,5304,3613326.75,583,F1,1,,,,,
2026-08-18,2026-08-18,CM,NSE,STK,6262,INE105I01020,SELMC,EQ,,,,,SEL MANUFACTURING CO LTD,29.97,29.97,27.37,27.74,27.63,27.21,,27.74,,,18881,542118.54,209,F1,1,,,,,
2026-08-18,2026-08-18,CM,NSE,STK,757982,INE0IJF01013,SELLOWRAP,SM,,,,,SELLOWRAP INDUSTRIES LTD,68.00,69.00,66.00,69.00,69.00,68.00,,69.00,,,4800,324800.00,3,F1,1600,,,,,
2026-08-18,2026-08-18,CM,NSE,STK,11961,INE617A01013,SEMAC,EQ,,,,,SEMAC CONSTRUCTION LTD,307.05,308.40,296.10,299.35,303.95,310.95,,299.31,,,714,214635.70,72,F1,1,,,,,
2026-08-18,2026-08-18,CM,NSE,STK,17271,INE602W01027,SENCO,EQ,,,,,SENCO GOLD LIMITED,341.90,343.90,335.75,336.75,336.65,341.55,,336.75,,,622417,210691339.45,13697,F1,1,,,,,
2026-08-18,2026-08-18,CM,NSE,STK,28888,INE0RB801010,SENORES,EQ,,,,,SENORES PHARMACEUTICALS L,1549.70,1562.90,1525.50,1537.50,1531.00,1545.70,,1537.53,,,238950,368912154.90,24041,F1,1,,,,,
2026-08-18,2026-08-18,CM,NSE,STK,15308,INE964H01014,SEPC,EQ,,,,,SEPC LIMITED,5.85,5.89,5.75,5.77,5.77,5.85,,5.77,,,6799535,39409138.82,5282,F1,1,,,,,
2026-08-18,2026-08-18,CM,NSE,STK,20715,INE027E07BC8,865LTF26,NN,,,,,SERENCD 8.65% SR.VI OP12,1055.10,1061.90,1023.45,1059.00,1059.00,1064.00,,1060.00,,,1354,1401754.30,18,F1,1,,,,,
2026-08-18,2026-08-18,CM,NSE,STK,20687,INE027E07AL1,905LTF27,NF,,,,,SERENCD 9.05% SR.VI OPII,1048.99,1048.99,1048.99,1048.99,1048.99,1031.55,,1049.00,,,1,1048.99,1,F1,1,,,,,
2026-08-18,2026-08-18,CM,NSE,STK,21197,INE306N07LM5,865TCAPS27,N8,,,,,SERENCD8.65%SR.IIICIII&IV,1019.35,1019.35,1015.00,1015.80,1015.80,1017.86,,1016.65,,,128,130140.70,6,F1,1,,,,,
2026-08-18,2026-08-18,CM,NSE,STK,5507,INE782X01033,SERVOTECH,EQ,,,,,SERVOTECH REN POW SYS LTD,82.55,84.90,81.96,82.19,82.00,82.55,,82.19,,,538948,44743178.62,5027,F1,1,,,,,
2026-08-18,2026-08-18,CM,NSE,STK,759934,INE04VU01023,STYL,EQ,,,,,SESHAASAI TECHNOLOGIES L,399.70,401.55,388.15,393.95,394.25,398.30,,393.96,,,83694,33017071.25,3371,F1,1,,,,,
2026-08-18,2026-08-18,CM,NSE,STK,3066,INE630A01024,SESHAPAPER,EQ,,,,,SESHASAYEE PAPER & BOARDS,230.00,232.24,225.23,228.87,231.00,227.28,,228.90,,,41361,9482827.97,1313,F1,1,,,,,
2026-08-18,2026-08-18,CM,NSE,STK,17518,INE878E01021,SETCO,BE,,,,,SETCO AUTOMOTIVE LTD,17.50,17.50,17.15,17.16,17.16,17.50,,17.11,,,121251,2082826.73,111,F1,1,,,,,
2026-08-18,2026-08-18,CM,NSE,STK,18024,INE023M01027,SETUINFRA,BZ,,,,,SETUBANDHAN INFRA LTD,0.43,0.43,0.41,0.43,0.43,0.41,,0.43,,,120406,51751.16,81,F1,1,,,,,
2026-08-18,2026-08-18,CM,NSE,STK,10836,INE573R01012,SEYAIND,BE,,,,,SEYA INDUSTRIES LIMITED,12.72,12.72,12.28,12.44,12.40,12.48,,12.44,,,5392,67782.17,36,F1,1,,,,,
2026-08-18,2026-08-18,CM,NSE,STK,758853,INE618R01015,SGFIN,EQ,,,,,SG FINSERVE LIMITED,658.20,675.00,658.20,668.45,670.00,660.25,,668.47,,,194499,130207209.85,7075,F1,1,,,,,
2026-08-18,2026-08-18,CM,NSE,STK,758889,INE385F01024,SGMART,EQ,,,,,SG MART LIMITED,750.65,809.00,744.00,804.95,804.15,752.30,,804.92,,,907346,708883828.30,26848,F1,1,,,,,
2026-08-18,2026-08-18,CM,NSE,STK,765247,INE967B01028,SGLRES,EQ,,,,,SGL RESOURCES LIMITED,2.59,2.65,2.47,2.47,2.47,2.59,,2.45,,,17830,44856.09,77,F1,1,,,,,
2026-08-18,2026-08-18,CM,NSE,STK,761469,INE12UN01015,SHADOWFAX,EQ,,,,,SHADOWFAX TECHNOLOGIES L,259.30,262.70,252.48,257.38,257.26,258.60,,257.38,,,5282600,1365940769.08,39235,F1,1,,,,,
2026-08-18,2026-08-18,CM,NSE,STK,11856,INE640C01011,SHAHALLOYS,EQ,,,,,SHAH ALLOYS LIMITED,77.26,88.37,74.10,78.58,78.00,74.89,,78.61,,,666283,55429492.65,5208,F1,1,,,,,
2026-08-18,2026-08-18,CM,NSE,STK,20296,INE482J01021,SHAH,EQ,,,,,SHAH METACORP LIMITED,4.02,4.10,3.93,3.96,4.03,4.03,,3.96,,,2802292,11187287.27,2376,F1,1,,,,,
2026-08-18,2026-08-18,CM,NSE,STK,8727,INE151G01028,SHAILY,EQ,,,,,SHAILY ENG PLASTICS LTD,3395.00,3450.00,3350.00,3373.70,3365.00,3396.30,,3373.64,,,67126,227022067.10,12388,F1,1,,,,,
2026-08-18,2026-08-18,CM,NSE,STK,25574,INE908D01010,SHAKTIPUMP,EQ,,,,,SHAKTI PUMPS (I) LTD,502.00,504.15,497.00,498.35,499.00,503.20,,498.34,,,214342,106945130.10,9787,F1,1,,,,,
2026-08-18,2026-08-18,CM,NSE,STK,714,INE597J01018,SHALBY,EQ,,,,,SHALBY LIMITED,152.26,156.20,151.25,152.70,152.40,153.16,,152.70,,,31754,4860017.24,732,F1,1,,,,,
2026-08-18,2026-08-18,CM,NSE,STK,761688,INE861D01011,SAHLIBHFI,EQ,,,,,SHALIBHADRA FINANCE LTD,72.50,72.50,69.30,70.00,70.98,72.00,,70.00,,,12590,888969.34,165,F1,1,,,,,
2026-08-18,2026-08-18,CM,NSE,STK,15346,INE849C01026,SHALPAINTS,BE,,,,,SHALIM PAINTS LTD,86.88,89.90,86.88,86.88,86.88,91.45,,86.03,,,360052,31424288.59,910,F1,1,,,,,
2026-08-18,2026-08-18,CM,NSE,STK,25737,INE01NE01012,SRD,EQ,,,,,SHANKAR LAL RAMPAL LTD,41.49,41.85,40.00,40.43,40.46,41.05,,40.45,,,93989,3831924.90,230,F1,1,,,,,
2026-08-18,2026-08-18,CM,NSE,STK,20321,INE274V01019,SHANKARA,EQ,,,,,SHANKARA BLDG PRODUCT LTD,141.11,142.00,141.01,141.52,141.50,141.10,,141.52,,,57697,8155455.60,338,F1,1,,,,,
2026-08-18,2026-08-18,CM,NSE,STK,760594,INE24OJ01011,BUILDPRO,EQ,,,,,SHANKARA BUILDPRO LIMITED,1240.00,1276.60,1232.00,1270.10,1260.30,1244.20,,1270.08,,,50106,63196460.40,4834,F1,1,,,,,
2026-08-18,2026-08-18,CM,NSE,STK,3078,INE631A01022,SHANTIGEAR,EQ,,,,,SHANTHI GEARS LTD,391.20,396.30,384.00,388.95,390.00,393.35,,388.97,,,17195,6693575.65,1079,F1,1,,,,,
2026-08-18,2026-08-18,CM,NSE,STK,762889,INE440T01028,SEIL,EQ,,,,,SHANTI EDU INITIATIVES L,211.03,211.36,204.51,205.69,205.10,211.03,,205.67,,,136463,28196074.97,1832,F1,1,,,,,
2026-08-18,2026-08-18,CM,NSE,STK,758002,INE06ZD01017,SHANTIGOLD,EQ,,,,,SHANTI GOLD INTERNATION L,269.00,269.97,251.21,253.85,254.15,266.84,,253.86,,,2594669,668209757.90,33428,F1,1,,,,,
2026-08-18,2026-08-18,CM,NSE,STK,764518,INE06ZD20017,SHANTI-RE,BE,,,,,SHANTI GOLD INTL LTD,44.00,44.00,25.65,28.49,27.81,32.92,,28.51,,,178506,5685860.70,1865,F1,1,,,,,
2026-08-18,2026-08-18,CM,NSE,STK,5650,INE933X01016,SHANTI,EQ,,,,,SHANTI OVERSEAS INDIA LTD,6.55,6.55,6.20,6.49,6.50,6.33,,6.49,,,81520,522093.34,101,F1,1,,,,,
2026-08-18,2026-08-18,CM,NSE,STK,762904,INE220Z01013,SHINDL,EQ,,,,,SHARAT INDUSTRIES LTD.,162.29,162.29,159.05,159.21,159.10,161.84,,159.18,,,4367,700375.27,93,F1,1,,,,,
2026-08-18,2026-08-18,CM,NSE,STK,4992,INE221J01015,SHARDACROP,EQ,,,,,SHARDA CROPCHEM LTD.,789.90,794.70,770.05,771.10,773.50,787.10,,771.12,,,168472,130619471.10,9139,F1,1,,,,,
2026-08-18,2026-08-18,CM,NSE,STK,10530,INE597I01028,SHARDAMOTR,EQ,,,,,SHARDA MOTOR INDS LTD,909.00,938.45,903.55,936.20,937.95,909.50,,936.21,,,90044,83603747.25,7523,F1,1,,,,,
2026-08-18,2026-08-18,CM,NSE,STK,762897,INE037B01020,SHARDUL,BE,,,,,SHARDUL SECURITIES LTD.,55.99,55.99,53.51,53.93,53.90,54.90,,53.96,,,32560,1788731.28,188,F1,1,,,,,
2026-08-18,2026-08-18,CM,NSE,STK,104,INE932X01026,SHAREINDIA,EQ,,,,,SHARE IND. SECURITIES LTD,173.74,178.79,171.21,178.08,177.50,174.96,,178.07,,,753662,132508938.18,6775,F1,1,,,,,
2026-08-18,2026-08-18,CM,NSE,STK,19469,INE460Q01014,SCML,SM,,,,,SHARP CHUCKS N MACHINES L,82.50,85.00,82.50,83.50,83.50,84.25,,83.50,,,56000,4663600.00,41,F1,1000,,,,,
2026-08-18,2026-08-18,CM,NSE,STK,759410,INE0YJV01017,SHEEL,ST,,,,,SHEEL BIOTECH LIMITED,63.95,63.95,63.85,63.90,63.90,64.00,,63.90,,,10000,639100.00,5,F1,2000,,,,,
2026-08-18,2026-08-18,CM,NSE,STK,19184,INE916U01025,SFL,EQ,,,,,SHEELA FOAM LIMITED,675.10,680.00,661.90,668.80,664.00,675.10,,668.79,,,154723,103350496.25,12910,F1,1,,,,,
2026-08-18,2026-08-18,CM,NSE,STK,12072,INE501Y01019,SCPL,EQ,,,,,SHEETAL COOL PRODUCTS LTD,654.55,672.65,640.00,662.65,665.50,657.95,,662.65,,,63625,41561000.15,2506,F1,1,,,,,
2026-08-18,2026-08-18,CM,NSE,STK,20415,INE04VX01019,SHEETAL,SM,,,,,SHEETAL UNIVERSAL LIMITED,323.00,323.00,315.00,315.25,315.50,323.75,,315.25,,,2000,638250.00,4,F1,500,,,,,
2026-08-18,2026-08-18,CM,NSE,STK,21099,INE268L01046,SHEKHAWATI,BE,,,,,SHEKHAWATI INDUSTRIES LTD,17.51,19.19,17.47,18.71,19.00,18.38,,18.71,,,26367,489260.71,133,F1,1,,,,,
2026-08-18,2026-08-18,CM,NSE,STK,5072,INE363M01019,SHEMAROO,BE,,,,,SHEMAROO ENTER. LTD.,128.90,131.45,125.32,127.02,127.02,129.10,,126.86,,,4619,589663.28,41,F1,1,,,,,
2026-08-18,2026-08-18,CM,NSE,STK,14176,INE0MM001019,SHERA,ST,,,,,SHERA ENERGY LIMITED,181.95,185.85,177.55,179.90,183.00,177.00,,179.90,,,85000,15573600.00,84,F1,1000,,,,,
2026-08-18,2026-08-18,CM,NSE,STK,764890,INE011D01013,SHERVANI,EQ,,,,,SHERVANI INDUSTRIAL SYN L,302.30,336.95,302.30,307.55,336.95,348.10,,310.39,,,229,69900.55,35,F1,1,,,,,
2026-08-18,2026-08-18,CM,NSE,STK,8394,INE03KJ01013,SHIGAN,SM,,,,,SHIGAN QUANTUM TECH LTD,60.20,64.90,60.20,64.90,64.90,62.00,,64.90,,,4500,284850.00,3,F1,1500,,,,,
2026-08-18,2026-08-18,CM,NSE,STK,759847,INE024F01011,SHILCTECH,EQ,,,,,SHILCHAR TECHNOLOGIES LTD,3861.00,3970.00,3861.00,3944.00,3944.00,3871.00,,3943.77,,,29079,114226504.30,5918,F1,1,,,,,
2026-08-18,2026-08-18,CM,NSE,STK,764895,INE960A01017,SHILGRAVQ,EQ,,,,,SHILP GRAVURES LTD.,164.00,164.00,158.12,161.89,158.12,158.00,,163.09,,,1506,244939.73,16,F1,1,,,,,
2026-08-18,2026-08-18,CM,NSE,STK,17752,INE790G01031,SHILPAMED,EQ,,,,,SHILPA MEDICARE LTD,808.00,823.00,807.80,809.80,811.50,809.30,,809.80,,,606331,494177753.05,24481,F1,1,,,,,
2026-08-18,2026-08-18,CM,NSE,STK,23127,INE0PB301013,SCILAL,EQ,,,,,SHIPPING CORP OF ILA LTD,40.00,40.79,39.62,40.52,40.40,40.19,,40.52,,,261924,10527779.79,1385,F1,1,,,,,
2026-08-18,2026-08-18,CM,NSE,STK,3048,INE109A01011,SCI,EQ,,,,,SHIPPING CORP OF INDIA LT,285.00,297.45,284.10,295.75,296.60,286.40,,295.76,,,2739647,800554489.95,38031,F1,1,,,,,
2026-08-18,2026-08-18,CM,NSE,STK,759747,INE719F01016,SHIVAUM,EQ,,,,,SHIV AUM STEELS LIMITED,446.00,448.95,442.00,442.00,442.00,445.10,,442.00,,,1075,477938.70,40,F1,1,,,,,
2026-08-18,2026-08-18,CM,NSE,STK,765160,INE555C01029,SHIVACEM,EQ,,,,,SHIVA CEMENT LTD.,17.15,17.15,16.55,16.80,16.90,17.21,,16.81,,,34643,582642.38,106,F1,1,,,,,
2026-08-18,2026-08-18,CM,NSE,STK,764900,INE960E01019,SHIVAAGRO,EQ,,,,,SHIVA GLOBAL AGRO INDS. L,45.90,45.90,37.01,40.18,37.26,38.30,,40.47,,,6782,270042.85,240,F1,1,,,,,
2026-08-18,2026-08-18,CM,NSE,STK,1497,INE644Y01017,SHIVAMILLS,EQ,,,,,SHIVA MILLS LIMITED,63.20,63.20,60.25,60.70,60.70,60.28,,60.70,,,536,33323.91,27,F1,1,,,,,
2026-08-18,2026-08-18,CM,NSE,STK,804,INE705C01020,SHIVATEX,EQ,,,,,SHIVA TEXYARN LIMITED,163.60,169.98,162.18,165.86,165.00,161.88,,165.83,,,3052,504306.18,59,F1,1,,,,,
2026-08-18,2026-08-18,CM,NSE,STK,24249,INE0T7B01010,SPCL,SM,,,,,SHIVALIC POWER CONTROL L,63.00,63.00,59.65,61.70,61.70,62.00,,61.70,,,21000,1287360.00,34,F1,600,,,,,
2026-08-18,2026-08-18,CM,NSE,STK,4656,INE386D01027,SBCL,EQ,,,,,SHIVALIK BIMETAL CON. LTD,1029.65,1049.00,1015.90,1026.85,1022.65,1024.60,,1026.89,,,215379,222700247.75,16571,F1,1,,,,,
2026-08-18,2026-08-18,CM,NSE,STK,7026,INE788J01021,SHIVALIK,BE,,,,,SHIVALIK RASAYAN LIMITED,241.90,251.00,241.87,243.96,242.50,254.60,,243.76,,,38788,9414785.43,496,F1,1,,,,,
2026-08-18,2026-08-18,CM,NSE,STK,13757,INE637H01024,SHIVAMAUTO,BE,,,,,SHIVAM AUTO.LTD,16.25,16.25,15.55,15.67,15.80,16.23,,15.67,,,37443,594809.72,162,F1,1,,,,,
2026-08-18,2026-08-18,CM,NSE,STK,758744,INE1DLF01018,SHIVASHRIT,SM,,,,,SHIVASHRIT FOODS LIMITED,125.00,125.00,119.90,121.95,121.95,125.00,,121.95,,,33000,3981350.00,16,F1,1000,,,,,
2026-08-18,2026-08-18,CM,NSE,STK,11813,INE498B01024,SHOPERSTOP,EQ,,,,,SHOPPERS STOP LIMITED,437.20,437.20,428.00,429.55,428.20,432.05,,429.46,,,16934,7301031.50,1545,F1,1,,,,,
2026-08-18,2026-08-18,CM,NSE,STK,764905,INE311M01018,SHRADDHA,EQ,,,,,SHRADDHA PRIME PROJECTS L,164.95,165.00,153.50,155.00,155.00,150.71,,153.70,,,3737,587886.70,96,F1,1,,,,,
2026-08-18,2026-08-18,CM,NSE,STK,708,INE715Y01031,SHRADHA,EQ,,,,,SHRADHA REALTY LIMITED,34.94,34.94,33.45,33.78,33.56,34.14,,33.78,,,14679,497403.36,80,F1,1,,,,,
2026-08-18,2026-08-18,CM,NSE,STK,10588,INE712K01011,SHREEPUSHK,EQ,,,,,SHRE PUSH CHEM & FERT LTD,376.35,380.10,375.15,376.90,375.35,376.35,,376.90,,,15558,5869513.90,567,F1,1,,,,,
2026-08-18,2026-08-18,CM,NSE,STK,762874,INE185C01017,SAPPL,EQ,,,,,SHREE AJIT PULP & PAPER L,304.95,309.00,286.75,288.10,290.00,289.50,,288.29,,,1405,415352.10,77,F1,1,,,,,
2026-08-18,2026-08-18,CM,NSE,STK,3103,INE070A01015,SHREECEM,EQ,,,,,SHREE CEMENT LIMITED,24625.00,24935.00,24545.00,24725.00,24725.00,24535.00,,24725.01,,,39655,979060960.00,10716,F1,1,,,,,
2026-08-18,2026-08-18,CM,NSE,STK,3099,INE232A01011,SHREDIGCEM,EQ,,,,,SHREE DIGVIJAY CEM CO LTD,70.10,71.90,70.00,70.30,70.07,70.47,,70.30,,,87311,6183089.74,865,F1,1,,,,,
2026-08-18,2026-08-18,CM,NSE,STK,764885,INE414Y01015,SGRL,EQ,,,,,SHREE GANESH REMEDIES LTD,512.00,542.00,512.00,524.20,515.50,537.00,,524.51,,,7976,4212416.55,337,F1,1,,,,,
2026-08-18,2026-08-18,CM,NSE,STK,23074,INE0S4Y01010,SHREEKARNI,SM,,,,,SHREE KARNI FABCOM LTD,329.00,358.00,329.00,355.25,356.00,322.05,,355.25,,,20850,7280182.50,52,F1,150,,,,,
2026-08-18,2026-08-18,CM,NSE,STK,20603,INE02S501018,SHREEOSFM,SM,,,,,SHREE OSFM E-MOBILITY LTD,58.00,58.00,58.00,58.00,58.00,59.00,,58.00,,,3000,174000.00,3,F1,1000,,,,,
2026-08-18,2026-08-18,CM,NSE,STK,760188,INE19GK01015,SRTL,EQ,,,,,SHREE RAM TWISTEX LIMITED,39.05,39.70,39.00,39.59,39.40,39.12,,39.59,,,13322,525761.91,190,F1,1,,,,,
2026-08-18,2026-08-18,CM,NSE,STK,7627,INE879A01019,SHREERAMA,EQ,,,,,SHREE RAMA MULTI TECH LTD,47.10,48.92,45.49,46.34,46.34,46.28,,46.29,,,192506,9106527.90,2186,F1,1,,,,,
2026-08-18,2026-08-18,CM,NSE,STK,13565,INE278B01020,RAMANEWS,EQ,,,,,SHREE RAMA NEWSPRINT LTD,32.87,33.90,31.95,33.54,32.59,32.78,,33.54,,,22579,747897.14,212,F1,1,,,,,
2026-08-18,2026-08-18,CM,NSE,STK,12026,INE087H01022,RENUKA,EQ,,,,,SHREE RENUKA SUGARS LTD,23.00,23.92,23.00,23.30,23.35,23.00,,23.30,,,14002263,330001511.21,22072,F1,1,,,,,
2026-08-18,2026-08-18,CM,NSE,STK,25203,INE0S2G01011,BALAJEE,EQ,,,,,SHREE TIRUPATI BALAJEE L,27.97,27.97,26.10,26.85,26.60,27.25,,26.84,,,63681,1696051.16,488,F1,1,,,,,
2026-08-18,2026-08-18,CM,NSE,STK,15126,INE00CE01017,SVLL,BE,,,,,SHREE VASU LOGISTICS LTD,769.00,771.00,758.15,771.00,771.00,756.05,,771.00,,,1832,1407156.20,31,F1,1,,,,,
2026-08-18,2026-08-18,CM,NSE,STK,762159,INE0K3301012,SHREEDHAR,ST,,,,,SHREEDHAR SPINNERS LTD,117.50,117.50,115.00,115.00,115.00,117.50,,115.00,,,4000,465000.00,2,F1,2000,,,,,
2026-08-18,2026-08-18,CM,NSE,STK,759805,INE1FL101016,SHETHJI,ST,,,,,SHREEJI GLOBAL FMCG LTD,167.00,169.40,164.15,165.90,169.40,167.30,,165.90,,,13000,2160050.00,12,F1,1000,,,,,
2026-08-18,2026-08-18,CM,NSE,STK,759448,INE1B6101010,SHREEJISPG,EQ,,,,,SHREEJI SHIPPING GLOBAL L,608.00,633.85,595.45,625.85,624.50,601.80,,625.85,,,1716015,1064729579.85,17366,F1,1,,,,,
2026-08-18,2026-08-18,CM,NSE,STK,14305,INE00IK01029,OSWALSEEDS,EQ,,,,,SHREEOSWAL S AND CHE LTD,13.45,13.56,12.88,12.92,12.95,13.59,,12.92,,,400753,5210891.61,1114,F1,1,,,,,
2026-08-18,2026-08-18,CM,NSE,STK,5718,INE0GTI23014,SHREMINVIT,IV,,,,,SHREM INVIT,102.00,102.01,102.00,102.01,102.01,101.00,,102.01,,,75000,7650250.00,3,F1,25000,,,,,
2026-08-18,2026-08-18,CM,NSE,STK,760252,INE632X01030,SHRENIK,BZ,,,,,SHRENIK LIMITED,0.32,0.32,0.30,0.30,0.31,0.31,,0.30,,,603913,182831.92,204,F1,1,,,,,
2026-08-18,2026-08-18,CM,NSE,STK,3126,INE231C01019,SHREYANIND,EQ,,,,,SHREYANS INDUSTRIES LTD,133.00,134.89,130.12,131.39,132.30,130.22,,131.39,,,4857,638168.27,97,F1,1,,,,,
2026-08-18,2026-08-18,CM,NSE,STK,756409,INE0DM401012,SHRIAHIMSA,ST,,,,,SHRI AHIMSA NATURALS LTD,401.00,404.75,401.00,401.00,401.00,399.90,,401.00,,,9000,3621750.00,13,F1,600,,,,,
2026-08-18,2026-08-18,CM,NSE,STK,762899,INE402H01015,SHBAJRG,EQ,,,,,SHRI BAJRANG ALLIANCE L,184.00,184.00,175.99,177.13,179.47,181.14,,177.13,,,1640,289311.93,39,F1,1,,,,,
2026-08-18,2026-08-18,CM,NSE,STK,758568,INE0NON01025,SHKSIL,SM,,,,,SHRI HARE-KRI SPO IRON L,37.50,37.50,35.95,36.05,36.00,37.50,,36.05,,,22000,795900.00,10,F1,2000,,,,,
2026-08-18,2026-08-18,CM,NSE,STK,764910,INE564J01026,SHRJAGP,EQ,,,,,SHRI JAGDAMBA POLYMERS L,701.05,751.95,686.00,700.80,686.00,728.50,,698.60,,,589,424989.55,77,F1,1,,,,,
2026-08-18,2026-08-18,CM,NSE,STK,760202,INE1V4601019,SHRIKANHA,SM,,,,,SHRI KANHA STAINLESS LTD,21.70,21.70,21.55,21.55,21.55,21.70,,21.55,,,3200,69200.00,2,F1,1600,,,,,
2026-08-18,2026-08-18,CM,NSE,STK,762909,INE997I01012,SHRIKRISH,EQ,,,,,SHRI KRISHNA DEVCON LTD.,38.55,38.97,38.00,38.46,38.20,40.30,,38.46,,,709,27105.15,12,F1,1,,,,,
2026-08-18,2026-08-18,CM,NSE,STK,17684,INE0OMF01015,SHRITECH,SM,,,,,SHRI TECHTEX LIMITED,58.50,58.50,58.50,58.50,58.50,61.90,,58.50,,,4000,234000.00,2,F1,2000,,,,,
2026-08-18,2026-08-18,CM,NSE,STK,765210,INE574G01013,VASUPRADA,EQ,,,,,SHRI VASUPRADA PLANTATI L,99.00,99.00,96.06,96.06,96.06,96.00,,96.06,,,522,51672.12,3,F1,1,,,,,
2026-08-18,2026-08-18,CM,NSE,STK,759093,INE1B3L01017,SHRINGARMS,EQ,,,,,SHRINGAR HOU OF MANGALS L,227.00,229.69,224.00,224.93,224.69,227.24,,224.93,,,289461,65767461.19,2209,F1,1,,,,,
2026-08-18,2026-08-18,CM,NSE,STK,24374,INF680P01422,LIQUIDSHRI,EQ,,,,,SHRIRAM - LIQUIDSHRI,1117.76,1117.78,1117.76,1117.76,1117.76,1117.64,,1117.77,,,20480,22891750.98,14,F1,1,,,,,
2026-08-18,2026-08-18,CM,NSE,STK,4306,INE721A01047,SHRIRAMFIN,EQ,,,,,SHRIRAM FINANCE LIMITED,1114.00,1124.90,1098.60,1108.40,1108.40,1122.00,,1108.41,,,2672734,2967873326.40,99962,F1,1,,,,,
2026-08-18,2026-08-18,CM,NSE,STK,7200,INE217L01019,SHRIRAMPPS,EQ,,,,,SHRIRAM PROPERTIES LTD,76.50,79.49,76.50,77.98,77.80,76.27,,77.98,,,341416,26459327.13,3134,F1,1,,,,,
2026-08-18,2026-08-18,CM,NSE,STK,6451,INE01Z401013,SHUBHLAXMI,SM,,,,,SHUBHLAXMI JEWEL ART LTD,19.20,19.20,19.20,19.20,19.20,19.20,,19.20,,,1000,19200.00,1,F1,1000,,,,,
2026-08-18,2026-08-18,CM,NSE,STK,25240,INE0UL701015,SHUBHSHREE,SM,,,,,SHUBHSHREE BIOFUELS ENE L,320.00,330.00,320.00,330.00,330.00,328.00,,330.00,,,600,195000.00,2,F1,300,,,,,
2026-08-18,2026-08-18,CM,NSE,STK,764537,INE551C01044,SHUKRAPHAR,EQ,,,,,SHUKRA PHARMACEUTICALS L,42.48,42.78,41.51,41.55,41.51,41.44,,41.57,,,1250990,52184211.38,2294,F1,1,,,,,
2026-08-18,2026-08-18,CM,NSE,STK,10192,INE979R01011,SHYAMCENT,BE,,,,,SHYAM CENTURY FERROUS LTD,4.83,5.07,4.76,5.05,5.07,4.83,,5.05,,,55125,273953.43,123,F1,1,,,,,
2026-08-18,2026-08-18,CM,NSE,STK,761213,INE1CRP01016,SHYAMDHANI,ST,,,,,SHYAM DHANI INDUSTRIES L,56.00,57.55,55.10,55.10,55.10,56.00,,55.10,,,26000,1462100.00,12,F1,2000,,,,,
2026-08-18,2026-08-18,CM,NSE,STK,4693,INE810G01011,SHYAMMETL,EQ,,,,,SHYAM METALICS AND ENGY L,996.20,1003.00,985.50,990.60,990.00,986.90,,990.57,,,423011,421854509.80,8074,F1,1,,,,,
2026-08-18,2026-08-18,CM,NSE,STK,13740,INE635A01023,SHYAMTEL,EQ,,,,,SHYAM TELECOM LIMITED,14.50,14.95,13.91,13.94,14.48,15.14,,13.97,,,7220,101899.84,109,F1,1,,,,,
2026-08-18,2026-08-18,CM,NSE,STK,16875,INE176J01011,SICAGEN,EQ,,,,,SICAGEN INDIA LIMITED,56.95,56.95,53.66,54.84,54.95,56.46,,54.87,,,51664,2844263.89,564,F1,1,,,,,
2026-08-18,2026-08-18,CM,NSE,STK,19440,INE075B01020,SICALLOG,BE,,,,,SICAL LOGISTICS LIMITED,109.95,114.00,105.35,111.65,112.49,109.95,,112.05,,,20009,2239218.42,111,F1,1,,,,,
2026-08-18,2026-08-18,CM,NSE,STK,759053,INE0SVO01019,SIDDHICOTS,SM,,,,,SIDDHI COTSPIN LIMITED,27.10,28.40,27.00,28.40,28.40,28.00,,28.40,,,8400,232800.00,7,F1,1200,,,,,
2026-08-18,2026-08-18,CM,NSE,STK,3148,INE0A1E01018,SIDDHIKA,SM,,,,,SIDDHIKA COATINGS LIMITED,225.80,225.80,224.00,224.00,224.00,215.05,,224.00,,,3000,675200.00,6,F1,500,,,,,
2026-08-18,2026-08-18,CM,NSE,STK,756871,INE1NPP01017,ENRIN,EQ,,,,,SIEMENS ENERGY INDIA LTD,3600.00,3639.00,3580.00,3593.20,3584.00,3605.70,,3593.16,,,182373,657413547.20,17851,F1,1,,,,,
2026-08-18,2026-08-18,CM,NSE,STK,3150,INE003A01024,SIEMENS,EQ,,,,,SIEMENS LTD,3940.20,3988.50,3936.40,3957.00,3957.00,3943.00,,3957.00,,,120386,476338302.90,14309,F1,1,,,,,
2026-08-18,2026-08-18,CM,NSE,STK,6663,INE0D0K01022,SIGACHI,EQ,,,,,SIGACHI INDUSTRIES LTD,25.91,30.09,25.91,29.61,29.40,26.35,,29.62,,,10361044,302116705.32,30211,F1,1,,,,,
2026-08-18,2026-08-18,CM,NSE,STK,14793,INE933B01012,SIGMAADV,EQ,,,,,SIGMA ADVANCED SYSTEM LTD,627.10,658.45,622.00,658.45,658.45,627.10,,658.45,,,190567,124020077.55,2253,F1,1,,,,,
2026-08-18,2026-08-18,CM,NSE,STK,16658,INE0A0S01028,SIGMA,EQ,,,,,SIGMA SOLVE LIMITED,45.41,46.30,45.10,45.62,46.10,45.15,,45.58,,,45133,2056560.64,1013,F1,1,,,,,
2026-08-18,2026-08-18,CM,NSE,STK,18743,INE903U01023,SIGNATURE,EQ,,,,,SIGNATUREGLOBAL INDIA LTD,806.00,810.20,792.20,800.95,807.70,805.05,,800.88,,,173951,139896498.50,3855,F1,1,,,,,
2026-08-18,2026-08-18,CM,NSE,STK,4522,INE529F01035,SIGIND,EQ,,,,,SIGNET INDUSTRIES LIMITED,70.85,71.50,65.32,66.85,67.90,71.15,,66.86,,,95414,6473219.32,868,F1,1,,,,,
2026-08-18,2026-08-18,CM,NSE,STK,22656,INE0KGZ01021,SIGNPOST,EQ,,,,,SIGNPOST INDIA LIMITED,266.60,277.05,265.40,273.40,272.20,267.55,,273.35,,,78931,21467167.65,2731,F1,1,,,,,
2026-08-18,2026-08-18,CM,NSE,STK,762914,INE438E01032,SIKA,EQ,,,,,SIKA INTERPLANT SYSTEMS L,1078.90,1078.90,1025.20,1030.10,1028.10,1052.90,,1030.31,,,26842,27988684.70,3190,F1,1,,,,,
2026-08-18,2026-08-18,CM,NSE,STK,6226,INE112X01025,SIKKO,BE,,,,,SIKKO INDUSTRIES LIMITED,5.29,5.45,5.28,5.34,5.30,5.45,,5.34,,,497551,2675875.54,543,F1,1,,,,,
2026-08-18,2026-08-18,CM,NSE,STK,4105,INE923A01015,SILINV,EQ,,,,,SIL INVESTMENTS LIMITED,447.00,454.75,441.00,450.65,449.95,449.65,,450.65,,,1450,652334.90,106,F1,1,,,,,
2026-08-18,2026-08-18,CM,NSE,STK,2492,INE01II01013,SILGO,EQ,,,,,SILGO RETAIL LIMITED,69.97,69.97,68.50,69.14,69.80,68.79,,69.14,,,178641,12341783.23,1319,F1,1,,,,,
2026-08-18,2026-08-18,CM,NSE,STK,23736,INE0STN01015,SILKFLEX,SM,,,,,SILKFLEX POLYMERS INDIA L,207.40,207.40,200.50,200.50,200.50,207.00,,200.50,,,6000,1216500.00,6,F1,1000,,,,,
2026-08-18,2026-08-18,CM,NSE,STK,19097,INE203Y01012,SILLYMONKS,EQ,,,,,SILLY MONKS ENTERTAIN LTD,16.28,16.28,15.45,15.45,15.45,15.59,,15.45,,,7877,122826.11,56,F1,1,,,,,
2026-08-18,2026-08-18,CM,NSE,STK,9422,INE625X01026,SILVERTUC,EQ,,,,,SILVER TOUCH TECHNO LTD,194.33,197.00,192.10,195.47,195.85,197.27,,195.50,,,328326,64026213.05,4814,F1,1,,,,,
2026-08-18,2026-08-18,CM,NSE,STK,758836,INE748T01016,SIMBHALS,BZ,,,,,SIMBHAOLI SUGARS LTD.,7.05,7.17,6.85,7.17,7.17,6.83,,7.22,,,59892,425244.54,124,F1,1,,,,,
2026-08-18,2026-08-18,CM,NSE,STK,763375,INE1K4J01018,SIMCA,SM,,,,,SIMCA ADVERTISING LIMITED,243.00,244.40,238.00,242.55,242.50,244.00,,242.55,,,32400,7852560.00,30,F1,600,,,,,
2026-08-18,2026-08-18,CM,NSE,STK,3162,INE059B01024,SIMPLEXINF,EQ,,,,,SIMPLEX INFRASTRUCTURES L,248.31,261.00,248.31,259.65,260.00,251.31,,259.66,,,85223,21844412.52,1235,F1,1,,,,,
2026-08-18,2026-08-18,CM,NSE,STK,764915,INE167H01014,SIMPLXREA,EQ,,,,,SIMPLEX REALTY LTD.,123.61,136.00,123.61,130.00,130.00,130.11,,130.00,,,10,1254.88,3,F1,1,,,,,
2026-08-18,2026-08-18,CM,NSE,STK,23480,INE985A01022,SINCLAIR,EQ,,,,,SINCLAIRS HOTELS LIMITED,74.72,75.87,74.50,74.98,75.00,74.64,,74.97,,,11794,883781.03,130,F1,1,,,,,
2026-08-18,2026-08-18,CM,NSE,STK,16859,INE325D01025,SINDHUTRAD,EQ,,,,,SINDHU TRADE LINKS LTD,23.60,25.25,23.60,24.99,25.20,23.79,,24.99,,,2323109,57748620.20,2399,F1,1,,,,,
2026-08-18,2026-08-18,CM,NSE,STK,761420,INE638A01035,SINGERIND,EQ,,,,,SINGER INDIA LIMITED,81.00,81.49,78.00,78.70,78.01,80.97,,78.74,,,66886,5320391.27,717,F1,1,,,,,
2026-08-18,2026-08-18,CM,NSE,STK,381,INE129Z01016,SINTERCOM,EQ,,,,,SINTERCOM INDIA LIMITED,83.50,85.00,78.11,83.64,84.94,82.64,,83.64,,,3108,262456.70,39,F1,1,,,,,
2026-08-18,2026-08-18,CM,NSE,STK,11050,INE792Z01011,SIRCA,EQ,,,,,SIRCA PAINT INDIA LIMITED,440.45,448.45,435.30,442.70,441.70,439.45,,442.70,,,920331,406725863.85,9043,F1,1,,,,,
2026-08-18,2026-08-18,CM,NSE,STK,21501,INE285J01028,SIS,EQ,,,,,SIS LIMITED,416.10,420.70,412.45,413.60,414.00,416.45,,413.60,,,117106,48825659.15,8259,F1,1,,,,,
2026-08-18,2026-08-18,CM,NSE,STK,29210,INE965H01011,SITINET,BZ,,,,,SITI NETWORKS LIMITED,0.29,0.30,0.28,0.29,0.30,0.29,,0.29,,,377019,110842.36,233,F1,1,,,,,
2026-08-18,2026-08-18,CM,NSE,STK,14096,INE076B01028,SIYSIL,EQ,,,,,SIYARAM SILK MILLS LTD,634.45,651.85,632.00,643.75,644.00,632.60,,643.83,,,93139,59876346.35,4153,F1,1,,,,,
2026-08-18,2026-08-18,CM,NSE,STK,6643,INE284S01014,SJS,EQ,,,,,SJS ENTERPRISES LIMITED,2446.90,2516.70,2410.20,2500.20,2493.80,2534.50,,2500.14,,,222731,547685326.10,31103,F1,1,,,,,
2026-08-18,2026-08-18,CM,NSE,STK,18883,INE002L01015,SJVN,EQ,,,,,SJVN LTD,66.49,66.85,66.11,66.29,66.22,66.56,,66.29,,,1069394,71013203.40,11239,F1,1,,,,,
2026-08-18,2026-08-18,CM,NSE,STK,760101,INE2J8701016,SKFINDUS,EQ,,,,,SKF IND (INDUSTRIAL) LTD,2745.00,2745.00,2656.00,2667.60,2656.00,2724.60,,2667.56,,,24273,65207171.40,4614,F1,1,,,,,
2026-08-18,2026-08-18,CM,NSE,STK,3186,INE640A01023,SKFINDIA,EQ,,,,,SKF INDIA LTD,1660.50,1678.00,1616.00,1621.40,1619.00,1652.80,,1621.42,,,135424,222943655.30,13540,F1,1,,,,,
2026-08-18,2026-08-18,CM,NSE,STK,9428,INE439E01022,SKIPPER,EQ,,,,,SKIPPER LIMITED,528.05,542.50,525.95,538.95,537.90,530.70,,538.95,,,303278,162418460.00,12297,F1,1,,,,,
2026-08-18,2026-08-18,CM,NSE,STK,4732,INE411D01023,SKMEGGPROD,EQ,,,,,SKM EGG PROD EXPORT(I) LT,259.42,266.00,257.35,258.60,260.00,259.42,,258.60,,,232092,60687208.80,5126,F1,1,,,,,
2026-08-18,2026-08-18,CM,NSE,STK,10325,INE0KZA01016,SKP,SM,,,,,SKP BEARING INDUSTRI. LTD,154.95,159.50,151.40,158.20,159.10,154.00,,158.20,,,15500,2419500.00,26,F1,500,,,,,
2026-08-18,2026-08-18,CM,NSE,STK,13631,INE01IU01018,SKYGOLD,EQ,,,,,SKY GOLD AND DIAMONDS LTD,778.00,800.00,775.00,795.05,793.70,776.40,,795.04,,,703295,553293074.75,16136,F1,1,,,,,
2026-08-18,2026-08-18,CM,NSE,STK,23692,INE0SMA01017,SLONE,ST,,,,,SLONE INFOSYSTEMS LIMITED,141.00,147.00,141.00,146.80,147.00,143.30,,146.80,,,3200,465820.00,8,F1,400,,,,,
2026-08-18,2026-08-18,CM,NSE,STK,757622,INE14GK01016,SMARTEN,ST,,,,,SMARTEN POWER SYSTEMS LTD,52.90,52.95,51.10,52.95,52.95,50.45,,52.95,,,26400,1387740.00,20,F1,1200,,,,,
2026-08-18,2026-08-18,CM,NSE,STK,9893,INE178C01020,SMARTLINK,BE,,,,,SMARTLINK HOLDINGS LTD,227.45,227.45,221.25,222.50,224.50,223.76,,223.20,,,3756,835527.30,38,F1,1,,,,,
2026-08-18,2026-08-18,CM,NSE,STK,757965,INE0NAZ01010,SMARTWORKS,EQ,,,,,SMARTWORKS COWORKING SP L,495.00,515.70,491.60,508.50,507.75,494.95,,508.47,,,140039,70591815.40,6718,F1,1,,,,,
2026-08-18,2026-08-18,CM,NSE,STK,2320,INE103C01036,SMCGLOBAL,EQ,,,,,SMC GLOBAL SECURITIES LTD,80.00,81.34,79.82,80.69,80.75,80.41,,80.69,,,433148,34960512.50,2252,F1,1,,,,,
2026-08-18,2026-08-18,CM,NSE,STK,3387,INE294B01019,SMLMAH,EQ,,,,,SML MAHINDRA LIMITED,5264.50,5398.00,5200.00,5309.50,5286.00,5321.00,,5309.37,,,90518,479489061.00,12584,F1,1,,,,,
2026-08-18,2026-08-18,CM,NSE,STK,14329,INE812G01025,SMSPHARMA,EQ,,,,,SMS PHARMACEUTICALS LTD.,358.10,363.00,352.75,359.35,363.00,358.10,,359.35,,,126543,45190275.40,3209,F1,1,,,,,
2026-08-18,2026-08-18,CM,NSE,STK,847,INE702Y01013,SMVD,SM,,,,,SMVD POLY PACK LIMITED,15.50,15.50,15.50,15.50,15.50,15.30,,15.50,,,4040,62620.00,1,F1,4040,,,,,
2026-08-18,2026-08-18,CM,NSE,STK,758946,INE1OIC01018,SNEHAA,SM,,,,,SNEHAA ORGANICS LIMITED,43.35,45.85,43.35,45.85,45.85,47.00,,45.85,,,2000,89200.00,2,F1,1000,,,,,
2026-08-18,2026-08-18,CM,NSE,STK,4843,INE734N01019,SNOWMAN,EQ,,,,,SNOWMAN LOGISTICS LTD.,38.25,38.90,38.00,38.14,38.02,38.63,,38.14,,,110597,4228369.93,1031,F1,1,,,,,
2026-08-18,2026-08-18,CM,NSE,STK,13826,INE671H01015,SOBHA,EQ,,,,,SOBHA LIMITED,1328.60,1329.90,1301.50,1308.30,1309.50,1321.00,,1308.34,,,42674,56140319.80,4753,F1,1,,,,,
2026-08-18,2026-08-18,CM,NSE,STK,8266,INE728Z01015,SOFTTECH,EQ,,,,,SOFTTECH ENGINEERS LTD,429.00,434.00,405.70,413.40,414.40,427.05,,413.40,,,25770,10947610.20,398,F1,1,,,,,
2026-08-18,2026-08-18,CM,NSE,STK,13332,INE343H01029,SOLARINDS,EQ,,,,,SOLAR INDUSTRIES (I) LTD,20100.00,20422.00,20030.00,20280.00,20280.00,20000.00,,20279.81,,,178203,3599149264.00,35635,F1,1,,,,,
2026-08-18,2026-08-18,CM,NSE,STK,3672,INE624Z01016,SOLARA,EQ,,,,,SOLARA ACTIVE PHA SCI LTD,509.10,559.80,509.10,549.05,553.05,509.10,,549.00,,,673349,364606958.35,20590,F1,1,,,,,
2026-08-18,2026-08-18,CM,NSE,STK,759929,INE0TY101024,SOLARWORLD,EQ,,,,,SOLARWORLD ENERGY SOL LTD,154.25,160.00,154.25,157.66,158.80,153.71,,157.65,,,641371,101635908.33,7311,F1,1,,,,,
2026-08-18,2026-08-18,CM,NSE,STK,759397,INE880Y01017,SOLEX,EQ,,,,,SOLEX ENERGY LIMITED,792.00,840.00,789.95,809.05,810.00,789.00,,808.97,,,77682,62895954.80,7145,F1,1,,,,,
2026-08-18,2026-08-18,CM,NSE,STK,1338,INE480C01038,SDBL,EQ,,,,,SOM DIST & BREW LTD,73.28,74.99,72.90,74.00,74.02,73.43,,73.97,,,534803,39559025.26,4072,F1,1,,,,,
2026-08-18,2026-08-18,CM,NSE,STK,4201,INE314C01013,SOMATEX,EQ,,,,,SOMA TEXTILES & INDUST LT,90.01,90.44,86.50,88.38,88.30,91.00,,88.40,,,15353,1357354.59,245,F1,1,,,,,
2026-08-18,2026-08-18,CM,NSE,STK,3880,INE355A01028,SOMANYCERA,EQ,,,,,SOMANY CERAMICS LIMITED,521.50,522.60,511.00,512.35,514.95,518.90,,512.39,,,195402,101129147.65,6288,F1,1,,,,,
2026-08-18,2026-08-18,CM,NSE,STK,17794,INE323J01019,SOMICONVEY,EQ,,,,,SOMI CONVEYOR BELT. LTD.,83.09,87.00,80.16,85.28,86.00,83.09,,85.29,,,29198,2413913.63,1016,F1,1,,,,,
2026-08-18,2026-08-18,CM,NSE,STK,4684,INE073K01018,SONACOMS,EQ,,,,,SONA BLW PRECISION FRGS L,806.50,827.35,806.00,824.00,824.00,805.10,,824.03,,,2864893,2343913882.80,80244,F1,1,,,,,
2026-08-18,2026-08-18,CM,NSE,STK,762919,INE321M01017,SONAL,EQ,,,,,SONAL MERCANTILE LTD.,87.00,90.80,86.01,90.80,90.80,89.62,,90.80,,,176,15226.84,17,F1,1,,,,,
2026-08-18,2026-08-18,CM,NSE,STK,8806,INE00LM01029,SONAMLTD,EQ,,,,,SONAM LIMITED,58.40,61.94,57.22,60.31,60.93,57.39,,60.31,,,428610,25806328.53,1593,F1,1,,,,,
2026-08-18,2026-08-18,CM,NSE,STK,6596,INE269A01021,SONATSOFTW,EQ,,,,,SONATA SOFTWARE LTD,322.45,322.45,308.00,309.45,309.05,320.40,,309.42,,,1256335,394686055.00,16359,F1,1,,,,,
2026-08-18,2026-08-18,CM,NSE,STK,9463,INE0JZA01018,SONUINFRA,ST,,,,,SONU INFRATECH LIMITED,36.60,36.60,36.50,36.50,36.50,36.50,,36.50,,,4500,164400.00,3,F1,1500,,,,,
2026-08-18,2026-08-18,CM,NSE,STK,9678,INE980Y01015,SOUTHWEST,EQ,,,,,SOUTH WEST PINNACLE LTD,226.96,248.49,218.52,221.35,221.30,226.28,,221.37,,,2433833,563178418.46,31493,F1,1,,,,,
2026-08-18,2026-08-18,CM,NSE,STK,19372,INE970N01027,SPCENET,EQ,,,,,SPACENET ENTERS IND LTD,3.64,3.64,3.36,3.43,3.40,3.59,,3.43,,,997803,3484222.14,813,F1,1,,,,,
2026-08-18,2026-08-18,CM,NSE,STK,758420,IN9572J01019,SSFLPP,E1,,,,,SPANDANA RS.5 PPD UP,122.75,123.50,113.00,114.10,113.00,120.20,,114.11,,,35972,4184342.00,445,F1,1,,,,,
2026-08-18,2026-08-18,CM,NSE,STK,11435,INE572J01011,SPANDANA,EQ,,,,,SPANDANA SPHOORTY FIN LTD,247.50,247.50,240.00,240.35,240.50,247.50,,240.35,,,154385,37386795.05,4628,F1,1,,,,,
2026-08-18,2026-08-18,CM,NSE,STK,760138,INE1CW901027,SPEB,ST,,,,,SPEB ADHESIVES LIMITED,90.90,90.90,87.65,87.65,87.65,90.90,,87.65,,,4000,357100.00,2,F1,2000,,,,,
2026-08-18,2026-08-18,CM,NSE,STK,27111,INE247M01014,SPECIALITY,BE,,,,,SPECIALITY REST LTD,135.80,142.00,131.50,140.94,140.15,135.98,,140.96,,,30070,4115546.85,293,F1,1,,,,,
2026-08-18,2026-08-18,CM,NSE,STK,30457,INE01EO01010,SPECTRUM,BE,,,,,SPECTRUM ELECTRIC IND LTD,2051.20,2231.30,2051.20,2231.30,2231.30,2125.10,,2231.30,,,5337,11706764.40,225,F1,1,,,,,
2026-08-18,2026-08-18,CM,NSE,STK,764920,INE252A01019,SPELS,EQ,,,,,SPEL SEMICONDUCTOR LTD,152.30,152.30,148.01,148.87,149.50,150.68,,148.98,,,21431,3203748.42,792,F1,1,,,,,
2026-08-18,2026-08-18,CM,NSE,STK,8163,INE020801028,SPENCERS,EQ,,,,,SPENCER S RETAIL LIMITED,31.89,31.89,31.00,31.16,31.14,31.27,,31.16,,,29193,911900.40,653,F1,1,,,,,
2026-08-18,2026-08-18,CM,NSE,STK,3252,INE147A01011,SPIC,EQ,,,,,SPIC LTD,67.25,67.77,66.26,66.73,66.85,67.09,,66.73,,,245920,16427942.08,1988,F1,1,,,,,
2026-08-18,2026-08-18,CM,NSE,STK,11935,INE978G01016,SPLIL,EQ,,,,,SPL INDUSTRIES LIMITED,30.98,31.80,29.80,30.14,30.10,31.07,,30.14,,,13899,420713.24,120,F1,1,,,,,
2026-08-18,2026-08-18,CM,NSE,STK,3321,INE937A01023,SPMLINFRA,EQ,,,,,SPML INFRA LIMITED,195.70,198.78,192.99,194.47,195.00,197.00,,194.47,,,145589,28483642.84,2593,F1,1,,,,,
2026-08-18,2026-08-18,CM,NSE,STK,10733,INE885H01029,SPORTKING,EQ,,,,,SPORTKING INDIA LIMITED,207.00,216.00,205.00,214.34,214.76,206.41,,214.35,,,599126,126669117.29,11356,F1,1,,,,,
2026-08-18,2026-08-18,CM,NSE,STK,25306,INE0QR801013,SPPPOLY,SM,,,,,SPP POLYMER LIMITED,11.35,12.35,11.35,12.35,12.35,11.90,,12.35,,,12000,138200.00,6,F1,2000,,,,,
2026-08-18,2026-08-18,CM,NSE,STK,17186,INE526E01018,SHRIPISTON,EQ,,,,,SPR AUTO TECHNOLOGIES LTD,4500.00,4589.00,4410.20,4509.10,4500.00,4436.60,,4509.36,,,130497,586694048.20,23747,F1,1,,,,,
2026-08-18,2026-08-18,CM,NSE,STK,757865,INE19QH01010,SPUNWEB,SM,,,,,SPUNWEB NONWOVEN LIMITED,99.00,100.05,99.00,100.05,100.05,100.00,,100.05,,,4800,477720.00,4,F1,1200,,,,,
2026-08-18,2026-08-18,CM,NSE,STK,14582,INE917H01012,SRHHYPOLTD,EQ,,,,,SREE RAYALSEEMA HHP LTD.,496.05,498.60,486.00,487.15,486.00,496.05,,487.15,,,8821,4323240.60,476,F1,1,,,,,
2026-08-18,2026-08-18,CM,NSE,STK,31837,INE099F01013,SREEL,EQ,,,,,SREELEATHERS LIMITED,261.00,262.00,250.40,254.43,254.49,260.75,,254.51,,,23641,6031009.30,1014,F1,1,,,,,
2026-08-18,2026-08-18,CM,NSE,STK,3273,INE647A01010,SRF,EQ,,,,,SRF LTD,2603.40,2644.70,2603.40,2630.00,2630.00,2616.00,,2630.00,,,238565,627296890.90,21227,F1,1,,,,,
2026-08-18,2026-08-18,CM,NSE,STK,18119,INE559N01010,SRGHFL,EQ,,,,,SRG HOUSING FINANCE L,266.00,268.60,255.05,259.10,256.55,266.35,,258.91,,,4714,1244905.35,145,F1,1,,,,,
2026-08-18,2026-08-18,CM,NSE,STK,7457,INE293B01029,HAVISHA,EQ,,,,,SRI HAVISHA HOSP & INFR L,1.42,1.49,1.33,1.39,1.37,1.40,,1.39,,,148970,210034.73,173,F1,1,,,,,
2026-08-18,2026-08-18,CM,NSE,STK,765165,INE009C01019,SRIKPRIND,EQ,,,,,SRI KPR INDUSTRIES LTD.,20.50,21.48,19.40,20.69,20.60,20.21,,20.67,,,1756,34997.28,34,F1,1,,,,,
2026-08-18,2026-08-18,CM,NSE,STK,758147,INE0V9Q01010,LOTUSDEV,BE,,,,,SRI LOTUS DEVLPRS N RTY L,167.02,172.44,165.00,169.84,168.50,169.97,,169.84,,,512916,87201300.13,1205,F1,1,,,,,
2026-08-18,2026-08-18,CM,NSE,STK,761393,INE0TPJ01019,SPCON,SM,,,,,SRINIBAS PRADHAN CONST L,139.00,150.00,139.00,145.85,150.00,135.00,,145.85,,,3600,516840.00,3,F1,1200,,,,,
2026-08-18,2026-08-18,CM,NSE,STK,18059,INE0ON201012,SSFL,ST,,,,,SRIVARI SPICES N FOODS L,229.00,229.50,215.65,223.35,224.00,226.00,,223.35,,,8000,1787775.00,15,F1,500,,,,,
2026-08-18,2026-08-18,CM,NSE,STK,14416,INE0NPI01014,SRIVASAVI,ST,,,,,SRIVASAVI ADHESIVE TAPE L,81.00,83.50,81.00,83.00,83.00,84.00,,83.00,,,5000,411750.00,5,F1,1000,,,,,
2026-08-18,2026-08-18,CM,NSE,STK,23402,INE0R6Z01013,SRM,EQ,,,,,SRM CONTRACTORS LIMITED,474.80,491.15,473.25,485.45,483.00,471.50,,485.11,,,76445,36889922.85,3761,F1,1,,,,,
2026-08-18,2026-08-18,CM,NSE,STK,29205,INE0RYC01010,STALLION,BE,,,,,STALLION IND FLUOROCHEM L,233.05,243.90,231.90,234.00,234.00,240.90,,234.06,,,343404,81375938.10,3578,F1,1,,,,,
2026-08-18,2026-08-18,CM,NSE,STK,29075,INE0M4D01010,SETL,EQ,,,,,STANDARD ENGNG TCNLGY LTD,310.00,313.80,298.55,308.85,309.00,308.70,,308.85,,,871096,267692868.60,11640,F1,1,,,,,
2026-08-18,2026-08-18,CM,NSE,STK,11297,INE173A01025,SIL,EQ,,,,,STANDARD INDUSTRIES LTD.,20.63,20.98,19.38,19.83,19.95,20.29,,19.83,,,91235,1819822.57,727,F1,1,,,,,
2026-08-18,2026-08-18,CM,NSE,STK,24226,INE01A001028,STANLEY,EQ,,,,,STANLEY LIFESTYLES LTD,135.02,137.90,134.50,135.00,135.60,136.65,,135.00,,,92645,12584324.14,2299,F1,1,,,,,
2026-08-18,2026-08-18,CM,NSE,STK,21091,INE460H01021,STARCEMENT,EQ,,,,,STAR CEMENT LIMITED,197.10,202.04,195.75,199.02,198.99,199.06,,199.01,,,375299,74495355.30,8772,F1,1,,,,,
2026-08-18,2026-08-18,CM,NSE,STK,7083,INE575P01011,STARHEALTH,EQ,,,,,STAR HEALTH & AL INS CO L,578.85,585.80,578.85,583.90,584.70,584.25,,583.90,,,182916,106663259.95,11030,F1,1,,,,,
2026-08-18,2026-08-18,CM,NSE,STK,3291,INE733A01018,STARPAPER,EQ,,,,,STAR PAPER MILLS LTD,145.40,147.99,145.00,146.93,146.00,145.47,,146.93,,,4331,635624.91,188,F1,1,,,,,
2026-08-18,2026-08-18,CM,NSE,STK,9305,INE992I01013,STARTECK,EQ,,,,,STARTECK FINANCE LIMITED,264.70,264.90,255.05,257.30,255.05,259.95,,257.30,,,8611,2215233.45,65,F1,1,,,,,
2026-08-18,2026-08-18,CM,NSE,STK,3045,INE062A01020,SBIN,EQ,,,,,STATE BANK OF INDIA,1059.60,1067.70,1053.00,1053.00,1053.00,1061.20,,1053.01,,,5583771,5901048527.50,152004,F1,1,,,,,
2026-08-18,2026-08-18,CM,NSE,STK,2963,INE114A01011,SAIL,EQ,,,,,STEEL AUTHORITY OF INDIA,173.50,174.67,169.86,170.20,170.20,173.60,,170.20,,,11053548,1897025892.24,64553,F1,1,,,,,
2026-08-18,2026-08-18,CM,NSE,STK,10406,INE395H01011,STEELCITY,EQ,,,,,STEEL CITY SECURITIES LTD,81.98,82.55,81.06,81.23,81.18,81.77,,81.23,,,4041,330437.17,78,F1,1,,,,,
2026-08-18,2026-08-18,CM,NSE,STK,21339,INE503B01021,STEELXIND,EQ,,,,,STEEL EXCHANGE INDIA LTD,10.85,10.89,10.70,10.71,10.72,10.92,,10.71,,,565175,6072552.77,1282,F1,1,,,,,
2026-08-18,2026-08-18,CM,NSE,STK,765170,INE205F01016,STLSTRINF,EQ,,,,,STEEL STRIPS INFRA L,22.78,22.78,17.35,19.10,17.81,18.99,,20.15,,,6166,127842.84,103,F1,1,,,,,
2026-08-18,2026-08-18,CM,NSE,STK,11829,INE802C01033,SSWL,EQ,,,,,STEEL STRIPS WHEELS LTD.,309.50,319.00,309.00,315.25,314.90,309.50,,315.25,,,504291,159014771.10,9843,F1,1,,,,,
2026-08-18,2026-08-18,CM,NSE,STK,6803,INE124E01038,STEELCAS,EQ,,,,,STEELCAST LIMITED,352.95,359.00,348.60,357.75,358.30,352.10,,357.73,,,105385,37242830.80,2665,F1,1,,,,,
2026-08-18,2026-08-18,CM,NSE,STK,21484,INE577L01016,STEL,EQ,,,,,STEL HOLDINGS LIMITED,591.40,595.00,570.00,586.10,585.00,591.40,,586.32,,,6585,3829305.60,328,F1,1,,,,,
2026-08-18,2026-08-18,CM,NSE,STK,6188,INE334A01023,STERTOOLS,BE,,,,,STERLING TOOLS LIMITED,220.10,224.90,215.00,217.50,219.00,221.90,,217.59,,,18598,4081657.20,381,F1,1,,,,,
2026-08-18,2026-08-18,CM,NSE,STK,9313,INE089C01029,STLTECH,BE,,,,,STERLITE TECHNOLOGIES LTD,649.90,670.00,642.55,646.00,647.75,642.45,,645.95,,,1569147,1025944655.35,29032,F1,1,,,,,
2026-08-18,2026-08-18,CM,NSE,STK,13367,INE353H01010,SGL,EQ,,,,,STL GLOBAL LIMITED,9.65,9.95,9.60,9.81,9.80,9.91,,9.81,,,2558,25081.64,45,F1,1,,,,,
2026-08-18,2026-08-18,CM,NSE,STK,758958,INE1VXE01018,STLNETWORK,EQ,,,,,STL NETWORKS LIMITED,25.25,26.00,25.00,25.68,26.00,25.37,,25.63,,,773042,19824726.50,1963,F1,1,,,,,
2026-08-18,2026-08-18,CM,NSE,STK,2107,INE00IN01015,STOVEKRAFT,EQ,,,,,STOVE KRAFT LIMITED,748.50,776.60,740.30,774.25,776.60,748.50,,774.27,,,105788,81487972.65,6590,F1,1,,,,,
2026-08-18,2026-08-18,CM,NSE,STK,761091,INE1XWN01017,STRIDERS,SM,,,,,STRIDERS IMPEX LIMITED,58.05,62.80,58.05,62.80,62.80,62.40,,62.80,,,8000,480640.00,5,F1,1600,,,,,
2026-08-18,2026-08-18,CM,NSE,STK,7374,INE939A01011,STAR,EQ,,,,,STRIDES PHARMA SCI LTD,984.80,984.80,944.10,949.10,949.00,987.10,,948.74,,,242012,231904880.40,14337,F1,1,,,,,
2026-08-18,2026-08-18,CM,NSE,STK,12489,INE00M201021,SWSOLAR,EQ,,,,,STRLNG & WIL REN ENE LTD,203.62,204.00,199.10,199.59,199.52,203.62,,199.59,,,563510,113218008.87,7941,F1,1,,,,,
2026-08-18,2026-08-18,CM,NSE,STK,759587,INE00Q601028,STUDDS,EQ,,,,,STUDDS ACCESSORIES LTD,450.00,451.45,443.60,449.00,448.25,448.05,,448.91,,,56142,25142866.95,1997,F1,1,,,,,
2026-08-18,2026-08-18,CM,NSE,STK,758527,INE17VO01028,STUDIOLSD,SM,,,,,STUDIO LSD LIMITED,8.95,9.00,8.95,8.95,8.95,8.85,,8.95,,,10000,89700.00,5,F1,2000,,,,,
2026-08-18,2026-08-18,CM,NSE,STK,5186,INE239C01020,STYLAMIND,EQ,,,,,STYLAM INDUSTRIES LIMITED,3555.00,3753.00,3545.00,3736.40,3723.70,3582.40,,3736.14,,,97361,357145205.30,19994,F1,1,,,,,
2026-08-18,2026-08-18,CM,NSE,STK,19,INE189B01011,STYRENIX,EQ,,,,,STYRENIX PERFORMANCE LTD,2178.00,2200.00,2147.70,2157.30,2159.80,2181.60,,2157.36,,,28395,61459027.40,3828,F1,1,,,,,
2026-08-18,2026-08-18,CM,NSE,STK,760112,INE0RYR01018,SUBAHOTELS,SM,,,,,SUBA HOTELS LIMITED,111.00,114.40,110.75,114.40,114.40,112.10,,114.40,,,16800,1876500.00,11,F1,1200,,,,,
2026-08-18,2026-08-18,CM,NSE,STK,967,INE754A01055,SUBEXLTD,EQ,,,,,SUBEX LTD,14.11,16.93,14.08,16.49,16.49,14.11,,16.49,,,44677415,731390527.21,181561,F1,1,,,,,
2026-08-18,2026-08-18,CM,NSE,STK,3324,INE287B01021,SUBROS,EQ,,,,,SUBROS LIMITED,760.00,768.95,740.00,746.25,745.85,762.20,,746.26,,,67002,50112724.35,3782,F1,1,,,,,
2026-08-18,2026-08-18,CM,NSE,STK,3327,INE659A01023,SUDARSCHEM,EQ,,,,,SUDARSHAN CHEMICAL INDS L,1092.90,1145.00,1092.90,1130.60,1130.30,1092.90,,1130.55,,,636441,717258089.40,29032,F1,1,,,,,
2026-08-18,2026-08-18,CM,NSE,STK,715,INE492A01029,SUDARCOLOR,EQ,,,,,SUDARSHAN COLORNT IND LTD,409.10,409.35,396.00,400.30,397.60,409.10,,400.34,,,8255,3321204.00,242,F1,1,,,,,
2026-08-18,2026-08-18,CM,NSE,STK,760039,INE0QPI01025,SUDEEPPHRM,EQ,,,,,SUDEEP PHARMA LIMITED,1101.05,1112.40,1085.00,1104.10,1107.00,1101.55,,1103.91,,,68410,74934348.85,4670,F1,1,,,,,
2026-08-18,2026-08-18,CM,NSE,STK,11804,INE450E01029,SUKHJITS,EQ,,,,,SUKHJIT STARCH & CHEM LTD,158.54,161.50,158.34,159.09,159.00,157.84,,159.09,,,6456,1029984.54,235,F1,1,,,,,
2026-08-18,2026-08-18,CM,NSE,STK,13218,INE142Q01026,SULA,EQ,,,,,SULA VINEYARDS LIMITED,149.15,152.49,145.95,146.85,147.35,149.13,,146.86,,,566729,84559314.16,11239,F1,1,,,,,
2026-08-18,2026-08-18,CM,NSE,STK,765175,INE886B01012,SUMEDHA,EQ,,,,,SUMEDHA FISCAL SERVICES L,36.60,45.00,36.60,39.45,39.00,45.01,,38.93,,,6656,256901.41,106,F1,1,,,,,
2026-08-18,2026-08-18,CM,NSE,STK,20790,INE235C01036,SUMEETINDS,EQ,,,,,SUMEET IND LIMITED,14.14,14.28,13.38,13.42,13.38,14.08,,13.42,,,4474212,61070765.41,5993,F1,1,,,,,
2026-08-18,2026-08-18,CM,NSE,STK,11140,INE748Z01013,SUMIT,EQ,,,,,SUMIT WOODS LIMITED,54.70,56.24,51.61,54.67,54.70,53.51,,54.67,,,23195,1257086.66,486,F1,1,,,,,
2026-08-18,2026-08-18,CM,NSE,STK,17105,INE258G01013,SUMICHEM,EQ,,,,,SUMITOMO CHEM INDIA LTD,559.80,566.95,552.00,563.10,561.90,559.80,,563.05,,,359927,202145250.75,12059,F1,1,,,,,
2026-08-18,2026-08-18,CM,NSE,STK,21275,INE519C01017,SUMMITSEC,EQ,,,,,SUMMIT SECURITIES LTD,1430.00,1460.00,1420.90,1428.80,1421.70,1445.70,,1427.10,,,2063,2951030.70,461,F1,1,,,,,
2026-08-18,2026-08-18,CM,NSE,STK,14788,INE232I01014,SPARC,EQ,,,,,SUN PHARMA ADV.RES.CO.LTD,197.36,199.08,191.88,192.93,194.50,197.36,,192.93,,,710149,138114675.55,11368,F1,1,,,,,
2026-08-18,2026-08-18,CM,NSE,STK,3351,INE044A01036,SUNPHARMA,EQ,,,,,SUN PHARMACEUTICAL IND L,1890.00,1899.00,1868.30,1875.10,1875.10,1882.00,,1875.10,,,1819169,3420923606.40,76048,F1,1,,,,,
2026-08-18,2026-08-18,CM,NSE,STK,13404,INE424H01027,SUNTV,EQ,,,,,SUN TV NETWORK LIMITED,485.00,486.95,482.15,482.80,482.70,488.25,,482.80,,,162286,78484529.15,6430,F1,1,,,,,
2026-08-18,2026-08-18,CM,NSE,STK,20956,INE0Q3R01026,SUNCLAY,EQ,,,,,SUNDARAM CLAYTON LIMITED,1288.00,1297.10,1270.10,1292.10,1287.40,1289.80,,1292.10,,,1984,2558192.00,350,F1,1,,,,,
2026-08-18,2026-08-18,CM,NSE,STK,3339,INE660A01013,SUNDARMFIN,EQ,,,,,SUNDARAM FINANCE LTD,4525.00,4658.00,4510.00,4619.60,4622.30,4523.90,,4619.57,,,81086,373454277.00,13088,F1,1,,,,,
2026-08-18,2026-08-18,CM,NSE,STK,18931,INE108E01023,SUNDARAM,EQ,,,,,SUNDARAM MULTI PAP LTD,1.16,1.24,1.15,1.23,1.24,1.13,,1.23,,,1399675,1698416.93,750,F1,1,,,,,
2026-08-18,2026-08-18,CM,NSE,STK,9848,INE073D01013,SUNDRMBRAK,BE,,,,,SUNDARAMBRAKE LININGS LTD,909.90,909.90,860.00,862.50,879.00,899.80,,862.50,,,1369,1194563.10,99,F1,1,,,,,
2026-08-18,2026-08-18,CM,NSE,STK,3345,INE387A01021,SUNDRMFAST,EQ,,,,,SUNDRAM FASTENERS LTD,1210.00,1244.80,1208.70,1228.30,1226.10,1214.75,,1227.35,,,334446,411153767.05,35584,F1,1,,,,,
2026-08-18,2026-08-18,CM,NSE,STK,761202,INE0CTB01014,SOCL,SM,,,,,SUNDREX OIL COMPANY LTD,29.00,29.00,28.90,28.90,28.90,29.00,,28.90,,,9600,277600.00,5,F1,1600,,,,,
2026-08-18,2026-08-18,CM,NSE,STK,1663,INE209A01019,SUNDROP,EQ,,,,,SUNDROP BRANDS LIMITED,665.05,665.05,648.00,649.55,652.00,651.40,,649.45,,,21332,13906802.95,526,F1,1,,,,,
2026-08-18,2026-08-18,CM,NSE,STK,3348,INE947A01014,SUNFLAG,EQ,,,,,SUNFLAG IRON AND STEEL CO,362.90,363.90,355.75,357.40,357.10,360.75,,357.41,,,84805,30505201.20,2229,F1,1,,,,,
2026-08-18,2026-08-18,CM,NSE,STK,18264,INE0O3O01017,SEL,SM,,,,,SUNGARNER ENERGIES LTD,314.00,314.00,298.30,304.75,305.00,314.00,,304.75,,,9800,2944880.00,38,F1,200,,,,,
2026-08-18,2026-08-18,CM,NSE,STK,765180,INE671C01016,SUNLOC,EQ,,,,,SUNIL HEALTHCARE LTD.,75.00,75.00,67.50,68.38,67.50,68.30,,68.38,,,366,26545.50,12,F1,1,,,,,
2026-08-18,2026-08-18,CM,NSE,STK,24868,INE0U2N01013,SUNLITE,SM,,,,,SUNLITE RECYCLING IND LTD,458.10,545.00,457.05,490.20,488.00,463.85,,490.20,,,45000,22529955.00,107,F1,300,,,,,
2026-08-18,2026-08-18,CM,NSE,STK,764925,INE671K01027,SUNRAKSHAK,EQ,,,,,SUNRAKSHAKK INDUS IND L,379.90,380.50,370.05,376.95,377.00,378.40,,377.40,,,6621,2489831.70,183,F1,1,,,,,
2026-08-18,2026-08-18,CM,NSE,STK,765264,INE0PLZ20020,SUN-RE,ST,,,,,SUNREST LIFE LTD,5.80,5.80,5.80,5.80,5.80,9.65,,5.80,,,8000,46400.00,5,F1,1600,,,,,
2026-08-18,2026-08-18,CM,NSE,STK,20213,INE0PLZ01012,SUNREST,SM,,,,,SUNREST LIFESCIENCE LTD,44.00,44.00,39.00,39.05,39.05,44.65,,39.05,,,8000,326320.00,5,F1,1600,,,,,
2026-08-18,2026-08-18,CM,NSE,STK,764930,INE199E01014,SUNSHIEL,EQ,,,,,SUNSHIELD CHEMICALS LTD.,1260.00,1274.80,1225.00,1262.40,1274.00,1228.00,,1273.07,,,1312,1644728.00,124,F1,1,,,,,
2026-08-18,2026-08-18,CM,NSE,STK,757766,INE0SGZ01016,SUNTECH,ST,,,,,SUNTECH INFRA SOLUTIONS L,35.65,35.65,35.65,35.65,35.65,34.80,,35.65,,,1600,57040.00,1,F1,1600,,,,,
2026-08-18,2026-08-18,CM,NSE,STK,17641,INE805D01034,SUNTECK,EQ,,,,,SUNTECK REALTY LIMITED,297.30,300.95,296.10,298.80,298.05,299.55,,298.80,,,102965,30771700.85,4311,F1,1,,,,,
2026-08-18,2026-08-18,CM,NSE,STK,8931,INE662A01027,SUPERSPIN,BE,,,,,SUPER SPINNING MILLS LTD,5.93,5.95,5.90,5.93,5.93,5.88,,5.96,,,10598,62923.28,12,F1,1,,,,,
2026-08-18,2026-08-18,CM,NSE,STK,764935,INE460D01038,SUPTANERY,EQ,,,,,SUPER TANNERY LTD.,7.20,8.19,7.15,8.19,8.19,6.83,,8.27,,,578158,4610398.42,1840,F1,1,,,,,
2026-08-18,2026-08-18,CM,NSE,STK,20616,INE712B01010,SUPERHOUSE,EQ,,,,,SUPERHOUSE LIMITED,167.43,168.20,167.40,168.20,168.20,169.12,,168.20,,,1529,256542.11,24,F1,1,,,,,
2026-08-18,2026-08-18,CM,NSE,STK,3147,INE843L01012,SIEL,EQ,,,,,SUPERIOR INDUSTRIAL ENT L,38.57,38.57,38.57,38.57,38.57,35.07,,38.57,,,4840,186678.80,93,F1,1,,,,,
2026-08-18,2026-08-18,CM,NSE,STK,11689,INE399C01030,SUPRAJIT,EQ,,,,,SUPRAJIT ENGINEERING LTD,517.10,530.85,516.20,527.80,527.95,520.75,,527.79,,,69957,36588130.50,4539,F1,1,,,,,
2026-08-18,2026-08-18,CM,NSE,STK,758997,INE319Z01021,SUPREMEENG,BZ,,,,,SUPREME ENGINEERING LTD,2.41,2.41,2.41,2.41,2.41,2.37,,2.41,,,197315,475529.15,98,F1,1,,,,,
2026-08-18,2026-08-18,CM,NSE,STK,28069,INE0U6N01014,SFML,SM,,,,,SUPREME FACILITY MGMT LTD,21.50,21.50,21.50,21.50,21.50,21.50,,21.50,,,1600,34400.00,1,F1,1600,,,,,
2026-08-18,2026-08-18,CM,NSE,STK,29439,INE822E01011,SUPREME,EQ,,,,,SUPREME HOLDIN N HOSP I L,42.22,42.22,40.92,41.01,41.19,40.71,,41.02,,,6328,260651.89,143,F1,1,,,,,
2026-08-18,2026-08-18,CM,NSE,STK,3363,INE195A01028,SUPREMEIND,EQ,,,,,SUPREME INDUSTRIES LTD,3590.00,3622.80,3580.00,3604.00,3604.00,3590.00,,3604.01,,,105998,382261304.90,12263,F1,1,,,,,
2026-08-18,2026-08-18,CM,NSE,STK,15002,INE550H01011,SUPREMEINF,EQ,,,,,SUPREME INFRA. LTD.,89.30,92.40,86.00,87.06,86.10,90.66,,87.08,,,51896,4614164.82,408,F1,1,,,,,
2026-08-18,2026-08-18,CM,NSE,STK,9617,INE663A01033,SPLPETRO,EQ,,,,,SUPREME PETROCHEM LIMITED,727.95,727.95,705.00,707.00,705.00,723.45,,706.98,,,45433,32324629.45,4455,F1,1,,,,,
2026-08-18,2026-08-18,CM,NSE,STK,21067,INE0QHG01026,SUPREMEPWR,SM,,,,,SUPREME POWER EQUIPMENT L,195.90,230.90,195.90,230.90,230.90,192.45,,230.90,,,318000,70174350.00,484,F1,500,,,,,
2026-08-18,2026-08-18,CM,NSE,STK,7390,INE07RO01027,SUPRIYA,EQ,,,,,SUPRIYA LIFESCIENCE LTD,784.00,824.00,781.60,801.65,803.40,784.00,,801.68,,,388406,313398782.85,17665,F1,1,,,,,
2026-08-18,2026-08-18,CM,NSE,STK,20822,INE843S01025,SURAJEST,EQ,,,,,SURAJ ESTATE DEVELOPERS L,213.06,213.06,208.00,208.19,208.00,211.37,,208.22,,,108902,22825138.83,1069,F1,1,,,,,
2026-08-18,2026-08-18,CM,NSE,STK,24966,INE713C01016,SURAJLTD,EQ,,,,,SURAJ LIMITED,218.01,222.98,207.00,209.45,209.99,218.00,,209.45,,,8703,1833849.04,162,F1,1,,,,,
2026-08-18,2026-08-18,CM,NSE,STK,27334,INE877V01027,SURAKSHA,EQ,,,,,SURAKSHA DIAGNOSTIC LTD,309.50,323.45,309.50,318.30,317.00,308.45,,318.28,,,239783,76292910.00,6404,F1,1,,,,,
2026-08-18,2026-08-18,CM,NSE,STK,21077,INE272L01022,SURANASOL,EQ,,,,,SURANA SOLAR LIMITED,25.70,26.50,25.10,25.43,25.80,25.49,,25.46,,,71147,1840669.52,771,F1,1,,,,,
2026-08-18,2026-08-18,CM,NSE,STK,10700,INE130B01031,SURANAT&P,EQ,,,,,SURANA TELECOM AND POW LT,16.20,16.65,15.60,16.23,16.34,16.19,,16.23,,,47156,758886.12,419,F1,1,,,,,
2026-08-18,2026-08-18,CM,NSE,STK,8513,INE01ZJ01015,SURANI,SM,,,,,SURANI STEEL TUBES LTD.,90.15,90.15,90.15,90.15,90.15,94.20,,90.15,,,200,18030.00,1,F1,200,,,,,
2026-08-18,2026-08-18,CM,NSE,STK,14139,INE05ST01028,SBGLP,EQ,,,,,SURATWWALA BUS GROUP LTD,24.95,25.77,24.90,25.25,24.90,24.95,,25.23,,,27925,702452.24,127,F1,1,,,,,
2026-08-18,2026-08-18,CM,NSE,STK,3375,INE335A01020,SURYAROSNI,EQ,,,,,SURYA ROSHNI LTD,221.27,226.84,221.27,223.44,223.60,221.27,,223.44,,,445729,99716263.17,8086,F1,1,,,,,
2026-08-18,2026-08-18,CM,NSE,STK,11852,INE713B01026,SURYALAXMI,EQ,,,,,SURYALAKSHMI COT MIL LTD,57.94,59.99,56.31,58.64,58.60,57.66,,58.57,,,3245,189327.27,106,F1,1,,,,,
2026-08-18,2026-08-18,CM,NSE,STK,762924,INE132C01027,SURYALA,EQ,,,,,SURYALATA SPINNING MILL L,379.00,385.00,375.00,382.95,382.95,371.35,,383.78,,,313,118275.50,22,F1,1,,,,,
2026-08-18,2026-08-18,CM,NSE,STK,2970,INE428Q01011,SURYODAY,EQ,,,,,SURYODAY SMALL FIN BK LTD,154.01,154.01,151.15,151.92,152.01,154.01,,151.92,,,215534,32761207.46,2981,F1,1,,,,,
2026-08-18,2026-08-18,CM,NSE,STK,13804,INE645H01027,SUTLEJTEX,BE,,,,,SUTLEJ TEXT & INDUS LTD,38.50,39.00,37.72,38.05,38.00,38.06,,38.05,,,23313,896355.19,49,F1,1,,,,,
2026-08-18,2026-08-18,CM,NSE,STK,11233,INE495B01038,SUVEN,EQ,,,,,SUVEN LIFE SCIENCES LTD,333.00,344.20,321.15,339.90,341.95,333.05,,339.99,,,572993,190496776.50,13796,F1,1,,,,,
2026-08-18,2026-08-18,CM,NSE,STK,2998,INE018401013,SUVIDHAA,EQ,,,,,SUVIDHAA INFOSERVE LTD,2.49,2.53,2.43,2.46,2.44,2.49,,2.46,,,115177,285666.08,202,F1,1,,,,,
2026-08-18,2026-08-18,CM,NSE,STK,24851,INE442P01014,SUYOG,EQ,,,,,SUYOG TELEMATICS LIMITED,820.05,834.40,787.30,801.20,794.00,813.85,,800.99,,,25281,20565195.95,1852,F1,1,,,,,
2026-08-18,2026-08-18,CM,NSE,STK,12018,INE040H01021,SUZLON,EQ,,,,,SUZLON ENERGY LIMITED,48.95,48.95,47.47,47.78,47.78,49.00,,47.78,,,62318243,3000470828.52,87115,F1,1,,,,,
2026-08-18,2026-08-18,CM,NSE,STK,5020,INE308E01029,SVPGLOB,EQ,,,,,SVP GLOBAL TEXTILES LTD,3.87,3.89,3.75,3.77,3.77,3.87,,3.77,,,17219,64872.01,58,F1,1,,,,,
2026-08-18,2026-08-18,CM,NSE,STK,27095,INE665A01038,SWANCORP,EQ,,,,,SWAN CORP LIMITED,305.50,307.35,303.95,304.55,304.20,305.20,,304.50,,,798097,243706279.75,6559,F1,1,,,,,
2026-08-18,2026-08-18,CM,NSE,STK,29164,INE542F01020,SWANDEF,BE,,,,,SWAN DEFENCE N HEVY IND L,2422.00,2422.00,2300.00,2379.20,2370.00,2390.50,,2378.05,,,15930,37432558.40,813,F1,1,,,,,
2026-08-18,2026-08-18,CM,NSE,STK,3384,INE277A01016,SWARAJENG,EQ,,,,,SWARAJ ENGINES LTD,3635.00,3635.00,3580.00,3594.00,3597.00,3628.60,,3594.11,,,5045,18143598.80,1148,F1,1,,,,,
2026-08-18,2026-08-18,CM,NSE,STK,764494,INE0GMR01016,SWARAJ,EQ,,,,,SWARAJ SUITING LIMITED,370.00,386.75,368.50,376.15,370.15,369.30,,376.11,,,388900,146117914.45,3304,F1,1,,,,,
2026-08-18,2026-08-18,CM,NSE,STK,765185,INE967A01012,SWARNSAR,EQ,,,,,SWARNSARITA JEWELS IND L,33.40,36.85,33.10,33.98,35.42,36.06,,34.03,,,9179,315265.08,55,F1,1,,,,,
2026-08-18,2026-08-18,CM,NSE,STK,11909,INE409B01013,SWELECTES,EQ,,,,,SWELECT ENERGY SYS LTD,626.85,645.45,617.50,623.85,621.10,629.70,,623.80,,,38843,24502527.00,2691,F1,1,,,,,
2026-08-18,2026-08-18,CM,NSE,STK,27066,INE00H001014,SWIGGY,EQ,,,,,SWIGGY LIMITED,277.80,277.80,272.00,274.00,274.00,278.80,,274.00,,,8346867,2289467692.40,48772,F1,1,,,,,
2026-08-18,2026-08-18,CM,NSE,STK,765190,INE010C01025,SWISSMLTRY,EQ,,,,,SWISS MILITARY CON GOOD L,13.70,14.64,13.11,14.01,14.30,13.36,,13.96,,,115984,1645388.73,494,F1,1,,,,,
2026-08-18,2026-08-18,CM,NSE,STK,24190,INE225D01027,SYMPHONY,EQ,,,,,SYMPHONY LIMITED,621.50,623.95,615.00,615.65,615.50,620.55,,615.60,,,46932,29006676.80,3919,F1,1,,,,,
2026-08-18,2026-08-18,CM,NSE,STK,11992,INE312C01025,SYNCOMF,EQ,,,,,SYNCOM FORMU (I) LTD,15.30,15.95,15.23,15.57,15.60,15.22,,15.57,,,5350174,83417711.77,10105,F1,1,,,,,
2026-08-18,2026-08-18,CM,NSE,STK,5114,INE00QT01015,SGIL,EQ,,,,,SYNERGY GREEN IND. LTD,550.20,559.80,550.00,551.20,551.00,549.65,,551.20,,,14203,7846417.20,456,F1,1,,,,,
2026-08-18,2026-08-18,CM,NSE,STK,10243,INE398R01022,SYNGENE,EQ,,,,,SYNGENE INTERNATIONAL LTD,404.55,408.90,402.30,404.10,403.50,403.00,,404.08,,,335081,136097562.65,11485,F1,1,,,,,
2026-08-18,2026-08-18,CM,NSE,STK,17206,INE0BTR01012,SYNOPTICS,ST,,,,,SYNOPTICS TECHNOLOGIES L,63.75,63.80,63.75,63.75,63.75,67.10,,63.75,,,3000,191280.00,5,F1,600,,,,,
2026-08-18,2026-08-18,CM,NSE,STK,10793,INE0DYJ01015,SYRMA,EQ,,,,,SYRMA SGS TECHNOLOGY LTD,1489.90,1521.00,1488.90,1500.10,1499.90,1467.90,,1500.07,,,2323890,3492373984.20,90131,F1,1,,,,,
2026-08-18,2026-08-18,CM,NSE,STK,14506,INE0O7R01011,SYSTANGO,SM,,,,,SYSTANGO TECHNOLOGIES LTD,221.90,221.90,212.00,214.60,213.60,218.10,,214.60,,,26000,5564280.00,61,F1,400,,,,,
2026-08-18,2026-08-18,CM,NSE,STK,759358,INE356B01024,SYSTMTXC,BE,,,,,SYSTEMATIX CORP SERVICE L,59.25,59.89,58.00,58.10,58.90,59.25,,58.10,,,8991,523783.41,49,F1,1,,,,,
2026-08-18,2026-08-18,CM,NSE,STK,764955,INE284B01028,TGVSL,EQ,,,,,T G V SRAAC LTD.,106.02,107.99,104.75,105.17,105.99,106.54,,105.08,,,81178,8619121.98,987,F1,1,,,,,
2026-08-18,2026-08-18,CM,NSE,STK,14314,INE592B01024,TTL,EQ,,,,,T T LIMITED,6.10,6.80,6.02,6.48,6.56,6.15,,6.48,,,240578,1534200.33,485,F1,1,,,,,
2026-08-18,2026-08-18,CM,NSE,STK,762929,INE524T01011,TAALTECH,EQ,,,,,TAAL TECH LTD.,4248.20,4270.00,4169.40,4196.20,4230.00,4238.80,,4196.60,,,2392,10083979.30,383,F1,1,,,,,
2026-08-18,2026-08-18,CM,NSE,STK,23441,INE0SOY01013,TAC,ST,,,,,TAC INFOSEC LIMITED,420.05,448.75,420.05,429.25,432.15,439.55,,429.25,,,51600,22302710.00,210,F1,200,,,,,
2026-08-18,2026-08-18,CM,NSE,STK,3396,INE123C01018,TAINWALCHM,EQ,,,,,TAINWALA CHEMICAL AND PLA,210.58,217.18,207.20,214.72,216.00,208.50,,214.69,,,5834,1240193.19,150,F1,1,,,,,
2026-08-18,2026-08-18,CM,NSE,STK,9354,INE586B01026,TAJGVK,EQ,,,,,TAJ GVK HOTELS & RESORTS,334.95,347.00,332.50,345.15,346.80,337.50,,345.02,,,142023,48240843.75,3618,F1,1,,,,,
2026-08-18,2026-08-18,CM,NSE,STK,14917,INE142I01023,TAKE,EQ,,,,,TAKE LIMITED,23.80,23.80,22.80,23.31,23.44,23.43,,23.32,,,1387761,32378611.45,2082,F1,1,,,,,
2026-08-18,2026-08-18,CM,NSE,STK,13648,INE187D01029,TALBROAUTO,EQ,,,,,TALBROS AUTO. COMP. LTD,423.50,430.60,420.50,426.95,428.95,423.45,,426.94,,,77394,32971885.65,3455,F1,1,,,,,
2026-08-18,2026-08-18,CM,NSE,STK,762937,INE864J01012,TAMBOLIIN,BE,,,,,TAMBOLI INDUSTRIES LTD.,254.00,262.50,244.00,259.34,256.00,250.81,,259.24,,,40178,9983612.15,187,F1,1,,,,,
2026-08-18,2026-08-18,CM,NSE,STK,10945,INE668A01016,TMB,EQ,,,,,TAMILNAD MERCA BANK LTD,839.00,850.90,836.45,847.10,846.85,843.70,,847.11,,,73206,61783924.65,5173,F1,1,,,,,
2026-08-18,2026-08-18,CM,NSE,STK,3980,INE107A01015,TNPL,EQ,,,,,TAMILNADU NEWSPRT & PAPER,141.00,142.95,136.52,138.07,137.40,140.88,,138.04,,,248504,34792203.53,3327,F1,1,,,,,
2026-08-18,2026-08-18,CM,NSE,STK,3509,INE148A01019,TNPETRO,EQ,,,,,TAMILNADU PETROPRODUCTS L,115.00,118.19,111.78,112.45,112.80,114.16,,112.48,,,834956,96326908.00,10632,F1,1,,,,,
2026-08-18,2026-08-18,CM,NSE,STK,3512,INE141D01018,TNTELE,EQ,,,,,TAMILNADU TELECOMMUNICATI,9.00,9.14,8.91,9.06,9.06,8.96,,9.06,,,16035,144079.10,56,F1,1,,,,,
2026-08-18,2026-08-18,CM,NSE,STK,764945,INE692C01020,TANAA,EQ,,,,,TANEJA AEROSPACE & AVIA L,308.50,317.00,298.10,313.85,314.00,300.95,,314.11,,,8980,2793163.00,393,F1,1,,,,,
2026-08-18,2026-08-18,CM,NSE,STK,756338,INE0Z7N01017,TANKUP,ST,,,,,TANKUP ENGINEERS LIMITED,1190.10,1225.00,1190.10,1225.00,1225.00,1240.00,,1225.00,,,500,603775.00,2,F1,250,,,,,
2026-08-18,2026-08-18,CM,NSE,STK,13976,INE483C01032,TANLA,EQ,,,,,TANLA PLATFORMS LIMITED,571.00,578.50,555.50,576.75,577.50,573.50,,576.75,,,773554,438147225.95,24437,F1,1,,,,,
2026-08-18,2026-08-18,CM,NSE,STK,10986,INE0M7001010,TAPIFRUIT,SM,,,,,TAPI FRUIT PROCESSING LTD,52.00,52.00,52.00,52.00,52.00,50.00,,52.00,,,750,39000.00,1,F1,750,,,,,
2026-08-18,2026-08-18,CM,NSE,STK,23512,INE555Z01020,TARACHAND,EQ,,,,,TARA CHAND INFRA SOLN LTD,47.12,47.44,46.01,46.96,47.00,47.12,,46.96,,,80945,3772649.62,925,F1,1,,,,,
2026-08-18,2026-08-18,CM,NSE,STK,18827,INE747K01017,TARAPUR,EQ,,,,,TARAPUR TRANSFORMERS LTD,14.33,15.68,14.04,15.16,15.04,14.33,,15.22,,,64238,978064.54,527,F1,1,,,,,
2026-08-18,2026-08-18,CM,NSE,STK,1581,INE0EK901012,TARC,EQ,,,,,TARC LIMITED,124.05,124.05,120.10,120.81,120.78,124.36,,120.81,,,377025,45922333.85,3255,F1,1,,,,,
2026-08-18,2026-08-18,CM,NSE,STK,14771,INE924H01018,TARMAT,EQ,,,,,TARMAT LIMITED,56.99,56.99,53.30,53.83,53.97,55.98,,53.83,,,32411,1771593.15,335,F1,1,,,,,
2026-08-18,2026-08-18,CM,NSE,STK,6943,INE144Z01023,TARSONS,EQ,,,,,TARSONS PRODUCTS LIMITED,365.00,365.00,332.00,336.65,338.00,361.50,,336.66,,,1199370,409570585.90,22130,F1,1,,,,,
2026-08-18,2026-08-18,CM,NSE,STK,20092,INE488B01017,TASTYBITE,EQ,,,,,TASTY BITE EATABLES LTD,10098.50,10399.00,9903.50,10142.50,10155.00,10014.50,,10142.02,,,24438,249514651.50,7675,F1,1,,,,,
2026-08-18,2026-08-18,CM,NSE,STK,759265,INE976I01016,TATACAP,EQ,,,,,TATA CAPITAL LIMITED,357.50,363.90,355.10,363.15,363.65,359.25,,363.16,,,854053,307834128.20,18729,F1,1,,,,,
2026-08-18,2026-08-18,CM,NSE,STK,3405,INE092A01019,TATACHEM,EQ,,,,,TATA CHEMICALS LTD,663.00,667.05,651.00,653.00,651.75,662.90,,653.04,,,325477,213839784.20,13687,F1,1,,,,,
2026-08-18,2026-08-18,CM,NSE,STK,3721,INE151A01013,TATACOMM,EQ,,,,,TATA COMMUNICATIONS LTD,1700.10,1709.20,1682.00,1689.80,1690.00,1711.90,,1689.81,,,357284,604940873.20,35020,F1,1,,,,,
2026-08-18,2026-08-18,CM,NSE,STK,11536,INE467B01029,TCS,EQ,,,,,TATA CONSULTANCY SERV LT,2300.00,2307.00,2280.00,2280.00,2280.00,2313.20,,2280.01,,,1797822,4114677787.50,83531,F1,1,,,,,
2026-08-18,2026-08-18,CM,NSE,STK,3432,INE192A01025,TATACONSUM,EQ,,,,,TATA CONSUMER PRODUCT LTD,1075.50,1079.10,1061.60,1061.60,1061.60,1072.60,,1061.61,,,939925,1003897434.10,37897,F1,1,,,,,
2026-08-18,2026-08-18,CM,NSE,STK,3411,INE670A01012,TATAELXSI,EQ,,,,,TATA ELXSI LIMITED,3759.00,3759.00,3656.00,3662.00,3662.00,3760.00,,3661.99,,,192129,707894284.70,17007,F1,1,,,,,
2026-08-18,2026-08-18,CM,NSE,STK,1621,INE672A01026,TATAINVEST,EQ,,,,,TATA INVESTMENT CORP LTD,654.55,659.35,645.30,647.20,648.00,654.55,,647.21,,,175566,114358640.65,11059,F1,1,,,,,
2026-08-18,2026-08-18,CM,NSE,STK,759782,INE1TAE01010,TMCV,EQ,,,,,TATA MOTORS LIMITED,467.00,474.90,463.50,471.65,468.80,470.40,,471.68,,,6376666,2992083094.80,92383,F1,1,,,,,
2026-08-18,2026-08-18,CM,NSE,STK,3456,INE155A01022,TMPV,EQ,,,,,TATA MOTORS PASS VEH LTD,330.50,331.70,322.80,322.80,322.80,330.20,,322.80,,,9865820,3210448719.20,110618,F1,1,,,,,
2026-08-18,2026-08-18,CM,NSE,STK,3426,INE245A01021,TATAPOWER,EQ,,,,,TATA POWER CO LTD,378.40,382.05,378.40,381.00,381.00,381.50,,380.99,,,2827459,1075959748.20,30671,F1,1,,,,,
2026-08-18,2026-08-18,CM,NSE,STK,3499,INE081A01020,TATASTEEL,EQ,,,,,TATA STEEL LIMITED,186.34,187.11,184.33,185.50,185.50,186.00,,185.50,,,13393441,2481938987.78,102914,F1,1,,,,,
2026-08-18,2026-08-18,CM,NSE,STK,20293,INE142M01025,TATATECH,EQ,,,,,TATA TECHNOLOGIES LIMITED,840.00,844.70,815.20,835.80,832.00,841.65,,835.83,,,1516377,1259359890.00,56798,F1,1,,,,,
2026-08-18,2026-08-18,CM,NSE,STK,8954,INE517B01013,TTML,EQ,,,,,TATA TELESERV(MAHARASTRA),38.00,38.35,37.60,37.85,37.89,38.15,,37.86,,,914895,34749769.17,5187,F1,1,,,,,
2026-08-18,2026-08-18,CM,NSE,STK,7838,INF277K015R5,NETF,EQ,,,,,TATAAML - NETF,264.66,264.66,263.00,263.21,263.00,265.20,,263.55,,,860,226717.37,114,F1,1,,,,,
2026-08-18,2026-08-18,CM,NSE,STK,12978,INF277K010X4,NPBET,EQ,,,,,TATAAML - NPBET,283.28,285.50,281.54,285.04,285.50,283.33,,285.04,,,4184,1182603.78,14,F1,1,,,,,
2026-08-18,2026-08-18,CM,NSE,STK,8882,INF277KA1364,TNIDETF,EQ,,,,,TATAAML - TNIDETF,93.12,93.12,89.43,89.72,89.98,90.85,,89.72,,,152705,13702736.44,820,F1,1,,,,,
2026-08-18,2026-08-18,CM,NSE,STK,21401,INF277KA1976,TATAGOLD,EQ,,,,,TATAAML-TATAGOLD,14.47,15.22,14.47,14.85,14.85,14.85,,14.85,,,31734829,471313586.24,61613,F1,1,,,,,
2026-08-18,2026-08-18,CM,NSE,STK,21428,INF277KA1984,TATSILV,EQ,,,,,TATAAML-TATSILV,22.13,22.90,22.13,22.49,22.52,22.70,,22.49,,,24258207,546450031.14,34988,F1,1,,,,,
2026-08-18,2026-08-18,CM,NSE,STK,5162,INE0GK401011,TATVA,EQ,,,,,TATVA CHIN PHARM CHEM LTD,1686.00,1700.80,1639.70,1669.60,1679.00,1685.80,,1669.53,,,83030,137951997.80,8648,F1,1,,,,,
2026-08-18,2026-08-18,CM,NSE,STK,759756,INE0XWS01018,TAURIAN,SM,,,,,TAURIAN MPS LIMITED,445.00,463.00,440.00,461.10,463.00,434.95,,461.10,,,55200,24879040.00,55,F1,800,,,,,
2026-08-18,2026-08-18,CM,NSE,STK,11754,INE053F07835,753IRFC30,NJ,,,,,TAX FREE  7.53% SR. 103 A,1134.01,1134.01,1134.01,1134.01,1134.01,1134.00,,1134.01,,,11,12474.11,1,F1,1,,,,,
2026-08-18,2026-08-18,CM,NSE,STK,15168,INE053F07900,764IRFC31,NO,,,,,TAX FREE  7.64% SR. 108A,1144.07,1144.07,1144.06,1144.06,1144.06,1147.47,,1144.06,,,100,114406.50,2,F1,1,,,,,
2026-08-18,2026-08-18,CM,NSE,STK,14529,INE906B07EP5,769NHAI31,NE,,,,,TAX FREE 7.69% SR. IIB,1151.00,1151.00,1148.36,1148.45,1148.70,1148.36,,1148.45,,,131,150449.64,4,F1,1,,,,,
2026-08-18,2026-08-18,CM,NSE,STK,11757,INE053F07843,750IRFC35,NK,,,,,TAX FREE7.50% SR.104 A,1213.00,1213.00,1213.00,1213.00,1213.00,1208.75,,1213.00,,,13,15769.00,2,F1,1,,,,,
2026-08-18,2026-08-18,CM,NSE,STK,12003,INE906B07EJ8,76NHAI31,NA,,,,,TAX FREE7.60% SR.IIB,1123.99,1123.99,1123.99,1123.99,1123.99,1116.93,,1123.99,,,1,1123.99,1,F1,1,,,,,
2026-08-18,2026-08-18,CM,NSE,STK,24019,INE0N2D01013,TBI,SM,,,,,TBI CORN LIMITED,62.00,62.00,58.65,60.95,60.95,61.60,,60.95,,,25800,1568730.00,36,F1,600,,,,,
2026-08-18,2026-08-18,CM,NSE,STK,23740,INE673O01025,TBOTEK,EQ,,,,,TBO TEK LIMITED,1720.00,1725.50,1671.50,1708.20,1705.90,1700.00,,1708.15,,,371186,630754560.00,22886,F1,1,,,,,
2026-08-18,2026-08-18,CM,NSE,STK,761814,INE887D01016,TCC,EQ,,,,,TCC CONCEPT LIMITED,252.25,255.45,250.10,253.05,253.90,256.30,,253.05,,,13533,3419499.70,544,F1,1,,,,,
2026-08-18,2026-08-18,CM,NSE,STK,19223,INE586V01016,TCIEXP,EQ,,,,,TCI EXPRESS LIMITED,566.75,573.45,551.50,555.20,552.90,566.75,,554.75,,,36942,20677476.10,2198,F1,1,,,,,
2026-08-18,2026-08-18,CM,NSE,STK,8722,INE911B01018,TCIFINANCE,BE,,,,,TCIFINANCELTD-ROLL SETT,15.46,15.74,15.00,15.32,15.31,15.46,,15.32,,,17529,272258.82,83,F1,1,,,,,
2026-08-18,2026-08-18,CM,NSE,STK,184,INE822C01015,TCPLPACK,EQ,,,,,TCPL PACKAGING LIMITED,4037.90,4264.00,4016.90,4234.80,4253.00,4037.60,,4234.67,,,42484,177058020.10,4902,F1,1,,,,,
2026-08-18,2026-08-18,CM,NSE,STK,25178,INE419M01027,TDPOWERSYS,EQ,,,,,TD POWER SYSTEMS LTD.,1549.00,1597.70,1529.20,1586.60,1585.00,1548.80,,1586.53,,,1797894,2828899465.10,84428,F1,1,,,,,
2026-08-18,2026-08-18,CM,NSE,STK,10717,INE289C01025,TEAMGTY,EQ,,,,,TEAM INDIA GUARANTY LTD,230.00,238.00,226.24,234.97,234.98,224.20,,234.77,,,25080,5892753.51,47,F1,1,,,,,
2026-08-18,2026-08-18,CM,NSE,STK,12716,INE985S01024,TEAMLEASE,EQ,,,,,TEAMLEASE SERVICES LTD.,1228.10,1261.40,1228.10,1246.50,1241.00,1239.60,,1246.17,,,16967,21226836.80,3754,F1,1,,,,,
2026-08-18,2026-08-18,CM,NSE,STK,16996,INE065J01024,TPHQ,EQ,,,,,TEAMO PRODUCTIONS HQ LTD,0.61,0.63,0.54,0.63,0.63,0.58,,0.64,,,33421785,19924914.68,2409,F1,1,,,,,
2026-08-18,2026-08-18,CM,NSE,STK,763571,INE2OL601013,TEAMTECH,ST,,,,,TEAMTECH FORMWORK SOL LTD,113.00,117.70,113.00,117.00,117.00,118.85,,117.00,,,28000,3224800.00,12,F1,2000,,,,,
2026-08-18,2026-08-18,CM,NSE,STK,13538,INE669C01036,TECHM,EQ,,,,,TECH MAHINDRA LIMITED,1605.00,1608.00,1579.90,1592.00,1592.00,1610.00,,1592.00,,,1904893,3023566693.50,49074,F1,1,,,,,
2026-08-18,2026-08-18,CM,NSE,STK,759141,INE0Y5H01014,TECHD,ST,,,,,TECHD CYBERSECURITY LTD,583.80,583.80,565.00,575.00,575.00,579.30,,575.00,,,10500,5992290.00,33,F1,300,,,,,
2026-08-18,2026-08-18,CM,NSE,STK,25652,INE0JQS01019,TECHERA,SM,,,,,TECHERA ENGINEER (IND) L,172.10,178.50,168.55,176.60,176.50,170.95,,176.60,,,43200,7552680.00,46,F1,800,,,,,
2026-08-18,2026-08-18,CM,NSE,STK,6445,INE285K01026,TECHNOE,EQ,,,,,TECHNO ELEC & ENG CO. LTD,965.00,1018.00,957.55,1002.45,1005.00,959.15,,1002.28,,,444335,444415879.35,29268,F1,1,,,,,
2026-08-18,2026-08-18,CM,NSE,STK,14223,INE545H01011,TIIL,EQ,,,,,TECHNOCRAFT IND LTD,3090.00,3359.90,3090.00,3280.20,3279.90,3097.20,,3280.13,,,190168,622203446.70,22684,F1,1,,,,,
2026-08-18,2026-08-18,CM,NSE,STK,764532,INE1D0W01018,TECHNOCRAF,EQ,,,,,TECHNOCRAFT VENTURES LTD,296.00,306.90,292.00,304.79,304.00,299.94,,304.79,,,2132502,639047954.63,27228,F1,1,,,,,
2026-08-18,2026-08-18,CM,NSE,STK,762939,INE314H01012,TECHNVISN,EQ,,,,,TECHNVISION VENTURES LTD.,5122.20,5122.20,4792.90,5014.40,5003.80,5045.10,,5011.33,,,688,3393845.00,179,F1,1,,,,,
2026-08-18,2026-08-18,CM,NSE,STK,3453,INE014B01011,TECILCHEM,EQ,,,,,TECIL CHEMICALS,8.78,8.78,8.10,8.54,8.54,8.39,,8.54,,,5093,43093.24,47,F1,1,,,,,
2026-08-18,2026-08-18,CM,NSE,STK,23530,INE0K6601012,TGL,ST,,,,,TEERTH GOPICON LIMITED,18.10,18.10,18.10,18.10,18.10,19.05,,18.10,,,5400,97740.00,17,F1,200,,,,,
2026-08-18,2026-08-18,CM,NSE,STK,7105,INE011K01018,TEGA,EQ,,,,,TEGA INDUSTRIES LIMITED,1744.00,1744.00,1702.10,1733.90,1735.40,1744.00,,1733.85,,,68894,118976984.40,6437,F1,1,,,,,
2026-08-18,2026-08-18,CM,NSE,STK,763825,INE0R1301019,TEJA,SM,,,,,TEJA ENGINEERING IND L,390.15,390.15,390.15,390.15,390.15,433.50,,390.15,,,3600,1404540.00,6,F1,600,,,,,
2026-08-18,2026-08-18,CM,NSE,STK,29723,INE17WC01013,TEJASCARGO,SM,,,,,TEJAS CARGO INDIA LIMITED,400.50,400.75,400.25,400.25,400.25,406.00,,400.25,,,40400,16178400.00,3,F1,400,,,,,
2026-08-18,2026-08-18,CM,NSE,STK,21131,INE010J01012,TEJASNET,EQ,,,,,TEJAS NETWORKS LIMITED,522.00,529.60,517.30,519.30,519.80,522.85,,519.30,,,757795,395700562.10,19829,F1,1,,,,,
2026-08-18,2026-08-18,CM,NSE,STK,3275,INE869Y01028,TEMBO,EQ,,,,,TEMBO GLOBAL IND LTD,60.35,61.75,59.05,59.75,59.50,60.35,,59.75,,,1565063,94345536.10,4055,F1,1,,,,,
2026-08-18,2026-08-18,CM,NSE,STK,759880,INE19RI01016,TENNIND,EQ,,,,,TENNECO CLEAN AIR INDIA L,548.70,560.00,548.00,550.30,552.00,548.45,,550.29,,,1493025,827631803.15,32323,F1,1,,,,,
2026-08-18,2026-08-18,CM,NSE,STK,19292,INE482B01010,TERASOFT,EQ,,,,,TERA SOFTWARE LIMITED,337.00,357.70,327.00,344.15,347.90,336.70,,344.13,,,24791,8585503.60,1550,F1,1,,,,,
2026-08-18,2026-08-18,CM,NSE,STK,764950,INE390D01011,TERAI,EQ,,,,,TERAI TEA CO. LTD.,124.00,124.00,124.00,124.00,124.00,124.60,,128.48,,,7,868.00,4,F1,1,,,,,
2026-08-18,2026-08-18,CM,NSE,STK,11549,INE435C01024,TEXINFRA,EQ,,,,,TEXMACO INFRA & HOLDG LTD,109.47,109.48,103.50,107.05,107.75,107.85,,107.05,,,120182,12802974.31,1165,F1,1,,,,,
2026-08-18,2026-08-18,CM,NSE,STK,21828,INE621L01012,TEXRAIL,EQ,,,,,TEXMACO RAIL & ENG. LTD.,106.90,106.94,104.20,104.72,104.50,106.89,,104.71,,,601008,63269864.92,6542,F1,1,,,,,
2026-08-18,2026-08-18,CM,NSE,STK,18214,INE141K01013,TEXMOPIPES,EQ,,,,,TEXMO PIPE & PRODUCTS LTD,45.73,45.99,44.26,45.11,45.02,45.62,,45.11,,,27739,1254328.45,253,F1,1,,,,,
2026-08-18,2026-08-18,CM,NSE,STK,10744,INE733E07JT8,737NTPC35C,NA,,,,,TFB 7.37% 2035 SR. 3A,1378.00,1378.00,1378.00,1378.00,1378.00,1204.00,,1378.00,,,58,79924.00,1,F1,1,,,,,
2026-08-18,2026-08-18,CM,NSE,STK,10751,INE733E07JW2,762NTPC35F,ND,,,,,TFB 7.62% 2035 SR. 3B,1230.00,1230.00,1230.00,1230.00,1230.00,1248.90,,1230.00,,,200,246000.00,1,F1,1,,,,,
2026-08-18,2026-08-18,CM,NSE,STK,14607,INE797H01018,TGBHOTELS,EQ,,,,,TGB BANQUETS&HOTELS LTD,9.50,9.50,9.07,9.20,9.30,9.20,,9.20,,,7361,67681.80,36,F1,1,,,,,
2026-08-18,2026-08-18,CM,NSE,STK,22777,INE0QJL01014,TCL,SM,,,,,THAAI CASTING LIMITED,141.10,143.00,132.50,138.35,137.00,141.55,,138.35,,,54400,7463520.00,61,F1,800,,,,,
2026-08-18,2026-08-18,CM,NSE,STK,762947,INE077P01034,THACKER,BE,,,,,THACKER & CO. LTD.,1028.00,1054.70,1008.00,1054.70,1054.70,1060.00,,1054.70,,,42,43826.60,5,F1,1,,,,,
2026-08-18,2026-08-18,CM,NSE,STK,762949,INE403F01017,THAKDEV,EQ,,,,,THAKKERS DEVELOPERS LTD.,152.00,160.00,140.00,154.79,160.00,154.18,,154.76,,,1102,165742.84,49,F1,1,,,,,
2026-08-18,2026-08-18,CM,NSE,STK,18118,INE085J01014,THANGAMAYL,EQ,,,,,THANGAMAYIL JEWELLERY LTD,5328.00,5499.00,5321.00,5481.50,5471.50,5336.50,,5481.99,,,92660,503056589.50,14036,F1,1,,,,,
2026-08-18,2026-08-18,CM,NSE,STK,9014,INE294Z01018,ANUP,EQ,,,,,THE ANUP ENGINEERING LTD,1832.00,1852.80,1811.90,1825.20,1829.30,1834.50,,1825.27,,,17978,32804014.40,2647,F1,1,,,,,
2026-08-18,2026-08-18,CM,NSE,STK,7930,INE319B01014,BYKE,BE,,,,,THE BYKE HOSPITALITY LTD,31.48,32.30,30.90,31.81,31.31,31.49,,31.83,,,16836,534525.88,68,F1,1,,,,,
2026-08-18,2026-08-18,CM,NSE,STK,13776,INE017A01032,GESHIP,EQ,,,,,THE GE SHPG.LTD,1274.00,1326.00,1269.10,1302.90,1305.00,1274.90,,1302.90,,,1019929,1335337145.40,53559,F1,1,,,,,
2026-08-18,2026-08-18,CM,NSE,STK,17770,INE646C01018,GROBTEA,EQ,,,,,THE GROB TEA COMPANY LTD,953.80,953.80,935.40,944.00,944.00,953.80,,944.00,,,45,42269.30,10,F1,1,,,,,
2026-08-18,2026-08-18,CM,NSE,STK,8568,INE127B01011,HITECHGEAR,BE,,,,,THE HI-TECH GEARS LIMITED,541.60,549.00,523.00,534.55,535.00,544.30,,534.72,,,4798,2555048.25,190,F1,1,,,,,
2026-08-18,2026-08-18,CM,NSE,STK,1515,INE383A01012,INDIACEM,EQ,,,,,THE INDIA CEMENTS LIMITED,376.15,377.95,372.05,374.50,373.50,376.15,,374.51,,,73424,27466525.95,6014,F1,1,,,,,
2026-08-18,2026-08-18,CM,NSE,STK,1512,INE053A01029,INDHOTEL,EQ,,,,,THE INDIAN HOTELS CO. LTD,717.00,721.80,712.50,719.00,719.00,720.00,,719.00,,,1151586,826111729.55,16219,F1,1,,,,,
2026-08-18,2026-08-18,CM,NSE,STK,21427,INE924D01017,THEINVEST,EQ,,,,,THE INVEST TRUST OF IND L,98.00,101.69,97.01,99.09,100.90,98.68,,99.09,,,4700,467140.14,95,F1,1,,,,,
2026-08-18,2026-08-18,CM,NSE,STK,399,INE470Y01017,NIACL,EQ,,,,,THE NEW INDIA ASSU CO LTD,183.60,185.90,182.73,184.08,183.65,183.64,,184.09,,,1033947,190357084.63,13920,F1,1,,,,,
2026-08-18,2026-08-18,CM,NSE,STK,10321,INE431F01018,PKTEA,EQ,,,,,THE P K TEA PROD CO LTD,704.50,733.00,675.25,723.75,729.25,704.50,,723.75,,,77,53552.60,12,F1,1,,,,,
2026-08-18,2026-08-18,CM,NSE,STK,14552,INE211B01039,PHOENIXLTD,EQ,,,,,THE PHOENIX MILLS LTD,1938.10,1940.00,1905.10,1940.00,1940.00,1929.80,,1940.00,,,456494,878489820.50,26134,F1,1,,,,,
2026-08-18,2026-08-18,CM,NSE,STK,2043,INE331A01037,RAMCOCEM,EQ,,,,,THE RAMCO CEMENTS LIMITED,922.60,924.25,897.15,909.80,914.25,922.60,,909.81,,,232980,211698746.45,10218,F1,1,,,,,
2026-08-18,2026-08-18,CM,NSE,STK,10123,INE301D01026,RUBYMILLS,BE,,,,,THE RUBY MILLS LTD,397.95,401.55,384.70,401.55,401.55,382.45,,402.57,,,15176,6036938.20,219,F1,1,,,,,
2026-08-18,2026-08-18,CM,NSE,STK,5948,INE683A01023,SOUTHBANK,EQ,,,,,THE SOUTH INDIAN BANK LTD,45.21,45.50,44.90,45.09,45.14,45.22,,45.09,,,5224750,235532977.44,15783,F1,1,,,,,
2026-08-18,2026-08-18,CM,NSE,STK,10948,INE655A01013,STCINDIA,EQ,,,,,THE STATE TRADING CORPN,116.95,117.69,116.02,116.68,116.55,116.81,,116.68,,,15827,1847790.19,311,F1,1,,,,,
2026-08-18,2026-08-18,CM,NSE,STK,19578,INE071E01023,UGARSUGAR,EQ,,,,,THE UGAR SUGAR WORKS LTD,53.49,55.14,50.16,50.77,51.08,52.18,,50.77,,,1577009,83705050.16,11163,F1,1,,,,,
2026-08-18,2026-08-18,CM,NSE,STK,20481,INE215F01023,WIPL,EQ,,,,,THE WESTERN INDIA PLY LTD,165.97,168.39,161.25,162.18,163.00,165.97,,162.18,,,9774,1595261.52,59,F1,1,,,,,
2026-08-18,2026-08-18,CM,NSE,STK,19279,INE121N01019,THEJO,EQ,,,,,THEJO ENGINEERING LIMITED,2129.00,2142.60,2044.00,2051.40,2055.00,2118.10,,2051.40,,,5961,12447367.50,971,F1,1,,,,,
2026-08-18,2026-08-18,CM,NSE,STK,14485,INE083B01024,THEMISMED,EQ,,,,,THEMIS MEDICARE LTD.,104.44,107.50,104.09,106.82,106.00,104.09,,106.77,,,83550,8821641.38,1248,F1,1,,,,,
2026-08-18,2026-08-18,CM,NSE,STK,3475,INE152A01029,THERMAX,EQ,,,,,THERMAX LTD,4170.00,4188.20,4055.40,4079.90,4075.20,4141.40,,4080.00,,,126453,518784806.40,20870,F1,1,,,,,
2026-08-18,2026-08-18,CM,NSE,STK,25651,INE0SHE01019,THESL,ST,,,,,THINKING HATS ENTER SOL L,19.00,19.00,19.00,19.00,19.00,18.30,,19.00,,,3000,57000.00,1,F1,3000,,,,,
2026-08-18,2026-08-18,CM,NSE,STK,3496,INE338A01024,TIRUMALCHM,EQ,,,,,THIRUMALAI CHEMICALS LTD,155.00,157.39,150.40,151.34,150.50,154.73,,151.33,,,361181,55100007.21,5364,F1,1,,,,,
2026-08-18,2026-08-18,CM,NSE,STK,3481,INE332A01027,THOMASCOOK,EQ,,,,,THOMAS COOK (INDIA) LTD,103.75,104.43,102.00,102.40,103.00,103.68,,102.39,,,444214,45744081.38,4511,F1,1,,,,,
2026-08-18,2026-08-18,CM,NSE,STK,31017,INE480M01011,THOMASCOTT,EQ,,,,,THOMAS SCOTT (INDIA) LTD,293.00,297.15,276.00,278.80,278.10,301.10,,278.69,,,360674,101516643.30,9999,F1,1,,,,,
2026-08-18,2026-08-18,CM,NSE,STK,17032,INE594H01019,THYROCARE,EQ,,,,,THYROCARE TECH LTD,623.40,623.40,603.40,608.25,610.00,618.60,,608.27,,,281037,171419870.55,17341,F1,1,,,,,
2026-08-18,2026-08-18,CM,NSE,STK,759176,INE906O01029,TIGERLOGS,EQ,,,,,TIGER LOGISTICS (INDIA) L,26.80,28.00,26.31,27.98,28.00,27.08,,27.98,,,1144954,31548069.72,3467,F1,1,,,,,
2026-08-18,2026-08-18,CM,NSE,STK,25482,INE440L01017,TIJARIA,EQ,,,,,TIJARIA POLYPIPES LTD,5.67,5.85,5.53,5.68,5.73,5.55,,5.68,,,95181,544139.52,210,F1,1,,,,,
2026-08-18,2026-08-18,CM,NSE,STK,9802,INE806C01018,TIL,BE,,,,,TIL LTD,231.00,232.80,225.15,226.90,226.95,229.85,,226.91,,,172337,39322097.55,680,F1,1,,,,,
2026-08-18,2026-08-18,CM,NSE,STK,19196,INE133E01013,TI,EQ,,,,,TILAKNAGAR INDUSTRIES LTD,583.00,593.00,579.20,582.80,581.20,580.55,,582.79,,,917349,536959694.30,27910,F1,1,,,,,
2026-08-18,2026-08-18,CM,NSE,STK,14707,INE508G01029,TIMETECHNO,EQ,,,,,TIME TECHNOPLAST LTD.,189.00,191.70,185.02,185.67,185.80,189.61,,185.67,,,1402919,262846040.57,20947,F1,1,,,,,
2026-08-18,2026-08-18,CM,NSE,STK,762954,INE064A01026,TIMEX,EQ,,,,,TIMEX GROUP INDIA LTD.,548.00,569.40,545.15,549.20,547.00,541.30,,549.17,,,542921,303103055.85,34071,F1,1,,,,,
2026-08-18,2026-08-18,CM,NSE,STK,14198,INE325A01013,TIMKEN,EQ,,,,,TIMKEN INDIA LTD.,3300.00,3324.70,3289.10,3299.50,3310.00,3290.50,,3299.45,,,10814,35739150.30,4717,F1,1,,,,,
2026-08-18,2026-08-18,CM,NSE,STK,756020,INE015C01016,TINNARUBR,EQ,,,,,TINNA RUBBER AND INFR LTD,1049.00,1080.00,1032.00,1065.10,1079.90,1030.30,,1065.12,,,51796,54351356.70,4959,F1,1,,,,,
2026-08-18,2026-08-18,CM,NSE,STK,11374,INE0LQS01015,TIPSFILMS,EQ,,,,,TIPS FILMS LIMITED,339.85,345.45,332.05,335.85,333.10,341.55,,335.79,,,5512,1863799.95,367,F1,1,,,,,
2026-08-18,2026-08-18,CM,NSE,STK,9117,INE716B01029,TIPSMUSIC,EQ,,,,,TIPS MUSIC LIMITED,656.25,662.40,650.00,655.70,655.50,656.25,,655.70,,,195220,127782476.30,13983,F1,1,,,,,
2026-08-18,2026-08-18,CM,NSE,STK,22284,INE319Y01024,TIRUPATIFL,BE,,,,,TIRUPATI FORGE LIMITED,64.50,67.40,63.24,64.08,65.54,64.24,,64.08,,,379949,24778026.79,1405,F1,1,,,,,
2026-08-18,2026-08-18,CM,NSE,STK,15414,INE615H01020,TITAGARH,EQ,,,,,TITAGARH RAIL SYSTEMS LTD,820.45,848.00,813.50,841.40,839.65,820.95,,841.38,,,435134,360630208.65,20375,F1,1,,,,,
2026-08-18,2026-08-18,CM,NSE,STK,3506,INE280A01028,TITAN,EQ,,,,,TITAN COMPANY LIMITED,5060.00,5094.90,5042.50,5048.60,5048.60,5068.50,,5048.61,,,354873,1794490460.90,44359,F1,1,,,,,
2026-08-18,2026-08-18,CM,NSE,STK,3837,INE932C01012,TOKYOPLAST,EQ,,,,,TOKYO PLAST INTL LTD,79.90,79.90,77.02,77.20,77.20,79.90,,77.45,,,67,5226.29,5,F1,1,,,,,
2026-08-18,2026-08-18,CM,NSE,STK,25262,INE0RWQ01014,TOLINS,EQ,,,,,TOLINS TYRES LIMITED,96.40,97.64,95.00,95.55,96.00,97.08,,95.55,,,32207,3096496.78,804,F1,1,,,,,
2026-08-18,2026-08-18,CM,NSE,STK,3518,INE685A01028,TORNTPHARM,EQ,,,,,TORRENT PHARMACEUTICALS L,4900.00,5009.00,4876.00,4971.00,4971.00,4900.00,,4971.00,,,426573,2123369778.00,38582,F1,1,,,,,
2026-08-18,2026-08-18,CM,NSE,STK,13786,INE813H01021,TORNTPOWER,EQ,,,,,TORRENT POWER LTD,1313.00,1319.00,1259.00,1264.10,1263.50,1312.80,,1264.11,,,356402,454391685.10,36166,F1,1,,,,,
2026-08-18,2026-08-18,CM,NSE,STK,22423,INE336X01012,TOTAL,EQ,,,,,TOTAL TRANSPORT SYS LTD,66.99,70.99,64.10,68.56,68.95,65.07,,68.56,,,54145,3708499.20,332,F1,1,,,,,
2026-08-18,2026-08-18,CM,NSE,STK,16908,INE486Y01013,TOUCHWOOD,EQ,,,,,TOUCHWOOD ENTERTAIN LTD.,62.99,63.95,61.11,61.85,61.71,62.68,,61.85,,,1386,86727.23,48,F1,1,,,,,
2026-08-18,2026-08-18,CM,NSE,STK,3466,INE305A01023,TFCILTD,EQ,,,,,TOURISM FINANCE CORP. OF,121.40,125.99,121.38,123.70,124.30,120.28,,123.70,,,17194399,2126690886.99,47983,F1,1,,,,,
2026-08-18,2026-08-18,CM,NSE,STK,765195,INE457P01020,TOYAMSL,EQ,,,,,TOYAM SPORTS LTD.,0.69,0.69,0.66,0.67,0.68,0.67,,0.67,,,417557,279966.15,145,F1,1,,,,,
2026-08-18,2026-08-18,CM,NSE,STK,9219,INE413G01022,TPLPLASTEH,EQ,,,,,TPL PLASTECH LIMITED,77.02,79.00,76.31,78.76,79.00,77.25,,78.75,,,115355,8962327.22,1072,F1,1,,,,,
2026-08-18,2026-08-18,CM,NSE,STK,11582,INE0HMF01019,TRACXN,EQ,,,,,TRACXN TECHNOLOGIES LTD,29.25,29.72,28.57,29.04,29.00,29.07,,29.03,,,71590,2081717.11,521,F1,1,,,,,
2026-08-18,2026-08-18,CM,NSE,STK,15174,INE763I01026,TARIL,EQ,,,,,TRANS & RECTI. LTD,296.10,299.30,295.15,297.50,297.40,296.30,,297.48,,,603889,179671141.00,10779,F1,1,,,,,
2026-08-18,2026-08-18,CM,NSE,STK,765200,INE330E01023,TRANSCOR,EQ,,,,,TRANSCORP INTERNATIONAL L,23.66,24.73,23.65,24.61,24.11,24.26,,24.55,,,357,8758.04,36,F1,1,,,,,
2026-08-18,2026-08-18,CM,NSE,STK,17795,INE0O3901029,TREL,EQ,,,,,TRANSINDIA REAL ESTATE L,26.05,27.19,26.04,26.79,27.00,26.05,,26.79,,,191146,5123254.71,929,F1,1,,,,,
2026-08-18,2026-08-18,CM,NSE,STK,7669,INE687A01016,TRANSPEK,BE,,,,,TRANSPEK INDUSTRIES LTD,1163.90,1163.90,1112.50,1132.80,1115.00,1138.60,,1132.80,,,4536,5114780.90,236,F1,1,,,,,
2026-08-18,2026-08-18,CM,NSE,STK,10580,INE688A01022,TCI,EQ,,,,,TRANSPORT CORPN OF INDIA,905.60,913.45,901.00,910.30,910.00,907.65,,910.30,,,13317,12072699.45,1758,F1,1,,,,,
2026-08-18,2026-08-18,CM,NSE,STK,28714,INE454P01035,TRANSRAILL,EQ,,,,,TRANSRAIL LIGHTING LTD,463.20,465.60,457.70,459.00,458.45,464.85,,458.99,,,290403,133925656.35,9059,F1,1,,,,,
2026-08-18,2026-08-18,CM,NSE,STK,19801,INE0NVI01020,TRANSTEEL,SM,,,,,TRANSTEEL SEATING TECH L,79.60,86.50,79.40,82.50,82.50,80.05,,82.50,,,51000,4258100.00,43,F1,1000,,,,,
2026-08-18,2026-08-18,CM,NSE,STK,14319,INE804H01012,TFL,EQ,,,,,TRANSWARRANTY FIN. LTD.,11.50,11.55,11.05,11.07,11.07,11.34,,11.07,,,7008,78684.59,60,F1,1,,,,,
2026-08-18,2026-08-18,CM,NSE,STK,8619,INE757B01015,TRANSWORLD,BE,,,,,TRANSWORLD SHIP LINES LTD,159.00,160.00,157.10,157.12,157.10,159.34,,157.12,,,7324,1157562.85,39,F1,1,,,,,
2026-08-18,2026-08-18,CM,NSE,STK,757545,INE103V01028,TRAVELFOOD,EQ,,,,,TRAVEL FOOD SERVICES LTD,1363.00,1389.30,1315.20,1346.40,1352.00,1358.20,,1346.39,,,131141,176306604.30,12455,F1,1,,,,,
2026-08-18,2026-08-18,CM,NSE,STK,25082,INE040M01013,TREEHOUSE,EQ,,,,,TREE HOUSE EDU LTD,6.31,6.31,6.01,6.29,6.30,5.93,,6.28,,,4664,29277.09,88,F1,1,,,,,
2026-08-18,2026-08-18,CM,NSE,STK,7518,INE00CA01015,TREJHARA,EQ,,,,,TREJHARA SOLUTIONS LTD,170.99,170.99,162.01,166.95,167.00,163.76,,166.95,,,18380,3046892.96,414,F1,1,,,,,
2026-08-18,2026-08-18,CM,NSE,STK,1964,INE849A01020,TRENT,EQ,,,,,TRENT LTD,2946.10,2980.40,2932.10,2942.10,2942.10,2946.00,,2942.11,,,718320,2123856257.30,45780,F1,1,,,,,
2026-08-18,2026-08-18,CM,NSE,STK,17987,INE391D01019,TRF,EQ,,,,,TRF LIMITED,230.58,233.27,228.01,231.11,230.45,230.57,,231.18,,,11809,2723786.60,358,F1,1,,,,,
2026-08-18,2026-08-18,CM,NSE,STK,27037,INE760L01018,TBZ,EQ,,,,,TRIB BHIMJI ZAVERI LTD,241.50,252.10,241.45,251.05,250.85,243.70,,251.07,,,437112,108078971.90,6922,F1,1,,,,,
2026-08-18,2026-08-18,CM,NSE,STK,9685,INE064C01022,TRIDENT,EQ,,,,,TRIDENT LIMITED,24.59,25.09,24.40,24.47,24.46,24.57,,24.47,,,3695179,91397338.78,13991,F1,1,,,,,
2026-08-18,2026-08-18,CM,NSE,STK,21078,INE0QD201012,TECHLABS,SM,,,,,TRIDENT TECHLABS LIMITED,120.00,122.00,118.00,119.45,118.00,120.00,,119.45,,,13000,1558850.00,41,F1,125,,,,,
2026-08-18,2026-08-18,CM,NSE,STK,5428,INE948A01012,TRIGYN,EQ,,,,,TRIGYN TECHNOLOGIES LTD,55.30,56.43,54.50,55.51,55.40,55.30,,55.51,,,27389,1518715.89,885,F1,1,,,,,
2026-08-18,2026-08-18,CM,NSE,STK,764960,INE440G01017,TRITONV,EQ,,,,,TRITON VALVES LTD.,1174.90,1190.00,1120.10,1146.10,1154.90,1148.60,,1147.69,,,3434,3984708.90,342,F1,1,,,,,
2026-08-18,2026-08-18,CM,NSE,STK,13081,INE256C01024,TRIVENI,EQ,,,,,TRIVENI ENGG. & INDS. LTD,280.00,284.39,273.75,276.52,279.01,279.64,,276.55,,,1009099,280820712.33,14369,F1,1,,,,,
2026-08-18,2026-08-18,CM,NSE,STK,25584,INE152M01016,TRITURBINE,EQ,,,,,TRIVENI TURBINE LIMITED,597.65,601.90,579.00,581.90,582.00,597.90,,581.91,,,1323165,770349787.35,22445,F1,1,,,,,
2026-08-18,2026-08-18,CM,NSE,STK,24642,INE0SYV01018,TROM,SM,,,,,TROM INDUSTRIES LIMITED,56.10,56.10,53.90,55.45,55.45,56.10,,55.45,,,8400,458970.00,14,F1,600,,,,,
2026-08-18,2026-08-18,CM,NSE,STK,759210,INE0MWH01014,TRUALT,EQ,,,,,TRUALT BIOENERGY LIMITED,483.90,483.90,469.90,474.50,478.00,479.25,,474.50,,,309251,147660331.00,8048,F1,1,,,,,
2026-08-18,2026-08-18,CM,NSE,STK,9378,INE615R01029,TRU,EQ,,,,,TRUCAP FINANCE LIMITED,4.87,4.90,4.35,4.41,4.38,4.48,,4.41,,,222326,1037679.90,636,F1,1,,,,,
2026-08-18,2026-08-18,CM,NSE,STK,23417,INE0SWN01019,TRUST,SM,,,,,TRUST FINTECH LIMITED,26.70,26.70,25.00,25.00,25.00,26.20,,25.00,,,19800,498960.00,20,F1,600,,,,,
2026-08-18,2026-08-18,CM,NSE,STK,757861,INE16VK01010,TSC,ST,,,,,TSC INDIA LIMITED,50.75,50.75,50.70,50.75,50.75,50.75,,50.75,,,18000,913400.00,9,F1,2000,,,,,
2026-08-18,2026-08-18,CM,NSE,STK,2183,INE202Z01029,TSFINV,EQ,,,,,TSF INVESTMENTS LIMITED,420.60,421.40,415.00,416.20,416.70,420.40,,416.20,,,21032,8765344.60,908,F1,1,,,,,
2026-08-18,2026-08-18,CM,NSE,STK,27421,INE1C3207081,935TSIIC28,N0,,,,,TSIIC 9.35% 2028 SR I- B,103000.00,103000.00,102800.00,103000.00,103000.00,103300.00,,103000.00,,,11,1132000.00,6,F1,1,,,,,
2026-08-18,2026-08-18,CM,NSE,STK,11369,INE910C01018,TTKHLTCARE,EQ,,,,,TTK HEALTHCARE LIMITED,1134.00,1155.00,1101.30,1114.10,1105.00,1138.40,,1114.07,,,21545,24165247.40,3052,F1,1,,,,,
2026-08-18,2026-08-18,CM,NSE,STK,3546,INE690A01028,TTKPRESTIG,EQ,,,,,TTK PRESTIGE LTD,590.05,599.00,589.05,594.60,597.85,592.10,,594.56,,,32667,19374379.55,2997,F1,1,,,,,
2026-08-18,2026-08-18,CM,NSE,STK,312,INE974X01010,TIINDIA,EQ,,,,,TUBE INVEST OF INDIA LTD,2755.80,2989.00,2755.80,2959.00,2959.00,2741.40,,2959.03,,,4188005,12284382796.10,195092,F1,1,,,,,
2026-08-18,2026-08-18,CM,NSE,STK,24520,INE0OXV01027,TUNWAL,SM,,,,,TUNWAL E-MOTORS LIMITED,26.40,26.40,26.10,26.10,26.10,26.20,,26.10,,,24000,630800.00,8,F1,2000,,,,,
2026-08-18,2026-08-18,CM,NSE,STK,756090,INE0OC301013,TURTLEMINT,EQ,,,,,TURTLEMINT FINTECH SOLS L,147.15,158.50,144.11,145.75,145.50,150.15,,145.74,,,9091389,1386580439.04,73157,F1,1,,,,,
2026-08-18,2026-08-18,CM,NSE,STK,765205,INE400A01014,TUTIALKA,EQ,,,,,TUTICORIN ALKAL CH & FE L,59.79,59.79,56.17,56.33,56.80,56.71,,56.42,,,2905,167556.21,84,F1,1,,,,,
2026-08-18,2026-08-18,CM,NSE,STK,11275,INE038F01029,TVTODAY,EQ,,,,,TV TODAY NETWORK LTD,110.93,114.05,110.93,113.46,113.55,110.93,,113.45,,,31820,3607062.21,427,F1,1,,,,,
2026-08-18,2026-08-18,CM,NSE,STK,18508,INE871L01013,TVVISION,BE,,,,,TV VISION LIMITED,4.09,4.09,3.76,3.77,3.89,3.95,,3.78,,,46117,175434.51,100,F1,1,,,,,
2026-08-18,2026-08-18,CM,NSE,STK,11265,INE236G01019,TVSELECT,EQ,,,,,TVS ELECTRONICS LTD,450.05,459.45,445.90,450.45,452.90,450.35,,450.42,,,31392,14168063.05,1817,F1,1,,,,,
2026-08-18,2026-08-18,CM,NSE,STK,29008,INE105A01035,TVSHLTD,EQ,,,,,TVS HOLDINGS LIMITED,14136.00,14201.00,13870.00,14096.00,14080.00,14072.00,,14096.18,,,3210,45102485.00,1508,F1,1,,,,,
2026-08-18,2026-08-18,CM,NSE,STK,8479,INE494B01023,TVSMOTOR,EQ,,,,,TVS MOTOR COMPANY  LTD,4373.90,4407.10,4341.20,4356.80,4356.80,4385.90,,4356.80,,,444890,1942817972.80,45943,F1,1,,,,,
2026-08-18,2026-08-18,CM,NSE,STK,761141,INE494B04019,TVSMNCRPS,P1,,,,,TVS MOTOR COMPANY LIMITED,10.55,10.55,10.50,10.50,10.55,10.50,,10.50,,,11212320,118253518.50,579,F1,1,,,,,
2026-08-18,2026-08-18,CM,NSE,STK,14245,INE421C01016,TVSSRICHAK,EQ,,,,,TVS SRICHAKRA LIMITED,4839.80,4930.00,4681.00,4746.80,4735.00,4868.90,,4746.71,,,65248,313081809.70,9684,F1,1,,,,,
2026-08-18,2026-08-18,CM,NSE,STK,18151,INE395N01027,TVSSCS,EQ,,,,,TVS SUPPLY CHAIN SOL L,122.40,123.48,121.25,122.17,122.09,121.48,,122.17,,,278268,34073151.27,6264,F1,1,,,,,
2026-08-18,2026-08-18,CM,NSE,STK,19503,INE388G01026,TICL,BE,,,,,TWAMEV CONS AND INFRA LTD,9.61,9.85,9.35,9.54,9.73,9.61,,9.78,,,16495,156430.55,73,F1,1,,,,,
2026-08-18,2026-08-18,CM,NSE,STK,764970,INE726E01014,UPHOT,EQ,,,,,U P HOTELS LTD.,1448.00,1448.00,1448.00,1448.00,1448.00,1400.00,,1448.00,,,2,2896.00,2,F1,1,,,,,
2026-08-18,2026-08-18,CM,NSE,STK,25629,INE152C01025,UYFINCORP,BE,,,,,U. Y. FINCORP LIMITED,21.79,22.28,20.33,20.37,20.33,21.39,,20.37,,,287353,5981165.04,394,F1,1,,,,,
2026-08-18,2026-08-18,CM,NSE,STK,3570,INE139B01016,UCAL,EQ,,,,,UCAL LIMITED,154.40,156.99,147.02,152.31,152.00,151.87,,152.26,,,131245,20120304.52,1433,F1,1,,,,,
2026-08-18,2026-08-18,CM,NSE,STK,756004,INE583D07596,1050UCL28,NH,,,,,UCL 10.50% SR V,1015.00,1015.00,1009.00,1009.00,1009.00,1013.00,,1009.00,,,117,118749.00,3,F1,1,,,,,
2026-08-18,2026-08-18,CM,NSE,STK,11223,INE691A01018,UCOBANK,EQ,,,,,UCO BANK,25.98,26.13,25.85,25.90,25.85,26.11,,25.90,,,1487265,38619386.87,8808,F1,1,,,,,
2026-08-18,2026-08-18,CM,NSE,STK,764965,INE551B01012,UDAYJEW,EQ,,,,,UDAY JEWELLERY INDS. LTD.,145.65,149.00,144.80,144.97,144.80,145.36,,145.20,,,11329,1661188.84,221,F1,1,,,,,
2026-08-18,2026-08-18,CM,NSE,STK,14871,INE0N0Y01013,USK,EQ,,,,,UDAYSHIVAKUMAR INFRA LTD,21.20,22.85,21.20,22.43,22.54,21.83,,22.55,,,36934,817052.75,233,F1,1,,,,,
2026-08-18,2026-08-18,CM,NSE,STK,1053,INE516A01017,UFLEX,EQ,,,,,UFLEX LIMITED,615.00,630.45,585.55,613.30,608.00,586.05,,613.30,,,6025632,3665615373.00,113333,F1,1,,,,,
2026-08-18,2026-08-18,CM,NSE,STK,9039,INE527H01019,UFO,EQ,,,,,UFO MOVIEZ INDIA LTD.,67.88,67.88,65.78,66.08,66.02,66.47,,66.08,,,28917,1922465.34,750,F1,1,,,,,
2026-08-18,2026-08-18,CM,NSE,STK,5313,INE583D01011,UGROCAP,EQ,,,,,UGRO CAPITAL LIMITED,92.80,93.39,90.50,90.80,90.55,92.75,,90.80,,,364000,33261375.49,1773,F1,1,,,,,
2026-08-18,2026-08-18,CM,NSE,STK,23507,INE899L01030,UEL,EQ,,,,,UJAAS ENERGY LIMITED,211.36,211.36,211.36,211.36,211.36,222.48,,211.49,,,3059,646550.24,192,F1,1,,,,,
2026-08-18,2026-08-18,CM,NSE,STK,15228,INE551W01018,UJJIVANSFB,EQ,,,,,UJJIVAN SMALL FINANC BANK,71.98,72.64,71.13,72.33,72.49,72.21,,72.33,,,11368755,817967597.02,48011,F1,1,,,,,
2026-08-18,2026-08-18,CM,NSE,STK,762961,INE405A01021,ULTRAMAR,EQ,,,,,ULTRAMARINE & PIGMENTS L,396.20,405.00,392.80,401.00,402.00,394.20,,400.89,,,28858,11563953.70,2951,F1,1,,,,,
2026-08-18,2026-08-18,CM,NSE,STK,11532,INE481G01011,ULTRACEMCO,EQ,,,,,ULTRATECH CEMENT LIMITED,11626.00,11674.00,11499.00,11499.00,11499.00,11681.00,,11498.96,,,210406,2432873217.00,25955,F1,1,,,,,
2026-08-18,2026-08-18,CM,NSE,STK,13349,INE067901012,UMA,SM,,,,,UMA CONVERTER LIMITED,14.80,14.85,14.80,14.80,14.80,15.55,,14.80,,,28000,415200.00,4,F1,4000,,,,,
2026-08-18,2026-08-18,CM,NSE,STK,8845,INE0GIU01018,UMAEXPORTS,BE,,,,,UMA EXPORTS LIMITED,22.00,22.30,21.70,22.22,22.30,21.73,,22.35,,,80860,1774012.44,125,F1,1,,,,,
2026-08-18,2026-08-18,CM,NSE,STK,8998,INE398B01018,UMIYA-MRO,EQ,,,,,UMIYA BUILDCON LIMITED,90.00,90.45,88.26,88.43,88.32,89.01,,88.33,,,9062,803197.40,71,F1,1,,,,,
2026-08-18,2026-08-18,CM,NSE,STK,3579,INE351A01035,UNICHEMLAB,EQ,,,,,UNICHEM LABORATORIES LTD,548.80,552.90,521.60,529.60,528.45,543.30,,529.65,,,120244,64748775.80,4299,F1,1,,,,,
2026-08-18,2026-08-18,CM,NSE,STK,24809,INE00U401027,UNIECOM,EQ,,,,,UNICOMMERCE ESOLUTIONS L,84.94,89.18,84.10,87.90,89.18,84.95,,87.91,,,504725,43568346.62,4739,F1,1,,,,,
2026-08-18,2026-08-18,CM,NSE,STK,18582,INE0PRF01011,UNIHEALTH,SM,,,,,UNIHEALTH HOSPITALS LTD,735.00,738.00,700.00,719.60,719.90,714.40,,719.60,,,21000,14939100.00,41,F1,500,,,,,
2026-08-18,2026-08-18,CM,NSE,STK,7791,INE481Z01011,UNIINFO,EQ,,,,,UNIINFO TELECOM SERVI LTD,11.40,12.25,11.25,11.37,11.30,11.69,,11.37,,,6626,75491.63,45,F1,1,,,,,
2026-08-18,2026-08-18,CM,NSE,STK,28960,INE0U3I01011,UNIMECH,EQ,,,,,UNIMECH AEROSPACE N MFG L,1512.40,1552.90,1498.00,1517.40,1518.00,1511.30,,1517.40,,,194130,294819918.60,15926,F1,1,,,,,
2026-08-18,2026-08-18,CM,NSE,STK,10753,INE692A01016,UNIONBANK,EQ,,,,,UNION BANK OF INDIA,187.99,190.58,185.50,185.50,185.50,188.90,,185.50,,,6684017,1249032176.38,41047,F1,1,,,,,
2026-08-18,2026-08-18,CM,NSE,STK,29687,INF582M01KS4,UNIONGOLD,EQ,,,,,UNIONAMC - UNIONGOLD,149.95,151.40,149.15,149.35,149.35,149.25,,149.35,,,3203,479188.20,101,F1,1,,,,,
2026-08-18,2026-08-18,CM,NSE,STK,13057,INE244O01017,UNIPARTS,EQ,,,,,UNIPARTS INDIA LIMITED,801.15,837.70,801.15,825.85,829.00,801.15,,825.84,,,223637,184911271.25,12060,F1,1,,,,,
2026-08-18,2026-08-18,CM,NSE,STK,11293,INE037A01022,UNIENTER,EQ,,,,,UNIPHOS ENTERPRISES LTD,97.50,99.00,96.00,97.85,99.00,95.59,,97.89,,,8142,792161.23,129,F1,1,,,,,
2026-08-18,2026-08-18,CM,NSE,STK,3594,INE694A01020,UNITECH,EQ,,,,,UNITECH LTD,3.98,4.15,3.94,4.01,4.06,3.95,,4.01,,,7059952,28293843.08,9048,F1,1,,,,,
2026-08-18,2026-08-18,CM,NSE,STK,16713,INE686F01025,UBL,EQ,,,,,UNITED BREWERIES LTD,1365.00,1381.20,1349.10,1355.50,1358.00,1367.90,,1355.57,,,61635,84150818.60,7386,F1,1,,,,,
2026-08-18,2026-08-18,CM,NSE,STK,204,INE961D01019,UNIDT,BE,,,,,UNITED DRILLING TOOLS LTD,228.95,231.40,219.00,227.49,228.00,228.95,,227.46,,,9579,2130676.72,120,F1,1,,,,,
2026-08-18,2026-08-18,CM,NSE,STK,3133,INE382M01027,UFBL,BE,,,,,UNITED FOODBRANDS LIMITED,788.90,790.45,768.05,780.35,782.00,762.60,,780.43,,,34438,26820415.90,2103,F1,1,,,,,
2026-08-18,2026-08-18,CM,NSE,STK,25938,INE0SMR01011,UHTL,ST,,,,,UNITED HEAT TRANSFER LTD,112.45,112.45,112.45,112.45,112.45,107.10,,112.45,,,70000,7871500.00,32,F1,2000,,,,,
2026-08-18,2026-08-18,CM,NSE,STK,17999,INE458F01011,UNITEDTEA,EQ,,,,,UNITED NILGIRI TEA LTD,455.25,464.90,451.00,452.05,451.00,455.65,,452.05,,,10119,4584766.60,188,F1,1,,,,,
2026-08-18,2026-08-18,CM,NSE,STK,7564,INE368U01029,UNITEDPOLY,BE,,,,,UNITED POLYFAB GUJ. LTD.,34.99,34.99,33.50,34.53,34.50,33.82,,34.50,,,146376,5005890.80,186,F1,1,,,,,
2026-08-18,2026-08-18,CM,NSE,STK,10447,INE854D01024,UNITDSPR,EQ,,,,,UNITED SPIRITS LIMITED,1550.00,1550.00,1520.00,1520.90,1520.90,1545.00,,1520.93,,,328688,503475360.10,23864,F1,1,,,,,
2026-08-18,2026-08-18,CM,NSE,STK,18979,INE562X01013,UNIVASTU,BE,,,,,UNIVASTU INDIA LIMITED,176.00,177.13,175.05,176.89,177.13,168.70,,176.89,,,222585,39368799.08,1602,F1,1,,,,,
2026-08-18,2026-08-18,CM,NSE,STK,3607,INE279A01012,UNIVCABLES,EQ,,,,,UNIVERSAL CABLES LTD,1725.90,1771.20,1701.00,1745.00,1730.00,1724.60,,1745.04,,,125726,218831951.20,11530,F1,1,,,,,
2026-08-18,2026-08-18,CM,NSE,STK,17661,INE03V001013,UNIVPHOTO,BE,,,,,UNIVERSUS IMAGINGS LTD,460.00,480.00,457.70,468.90,462.65,478.00,,468.90,,,1286,609210.45,44,F1,1,,,,,
2026-08-18,2026-08-18,CM,NSE,STK,14154,INE405E01023,UNOMINDA,EQ,,,,,UNO MINDA LIMITED,1272.50,1281.20,1263.00,1273.00,1273.00,1269.90,,1272.98,,,452660,576308413.00,25015,F1,1,,,,,
2026-08-18,2026-08-18,CM,NSE,STK,18636,INE148I08256,915SCL26,NE,,,,,UNS RED NCD 9.15% SR.IX,1076.00,1076.00,1076.00,1076.00,1076.00,1078.00,,1073.55,,,31,33356.00,2,F1,1,,,,,
2026-08-18,2026-08-18,CM,NSE,STK,2871,INE530B08094,10IIFL28A,NE,,,,,UNSE RE NCD 10% SR.I,1040.50,1040.50,1040.50,1040.50,1040.50,1034.00,,1040.16,,,92,95726.00,3,F1,1,,,,,
2026-08-18,2026-08-18,CM,NSE,STK,2877,INE530B08102,96IIFL28A,NF,,,,,UNSE RE NCD 9.6% SR.II,1003.00,1004.06,1000.20,1003.50,1004.06,1003.90,,1003.50,,,3856,3865699.75,76,F1,1,,,,,
2026-08-18,2026-08-18,CM,NSE,STK,5217,INE477L08162,IIFLZC28C,N6,,,,,UNSEC RE NCD 0% SR.III,1600.00,1600.00,1583.20,1583.20,1583.20,1581.00,,1583.20,,,250,399160.00,2,F1,1,,,,,
2026-08-18,2026-08-18,CM,NSE,STK,5212,INE477L08147,10IIFL28,N4,,,,,UNSEC RE NCD 10% SR.I,1008.45,1009.00,1008.45,1009.00,1009.00,1007.47,,1199.68,,,50,50444.50,3,F1,1,,,,,
2026-08-18,2026-08-18,CM,NSE,STK,5214,INE477L08154,96IIFL28,N5,,,,,UNSEC RE NCD 9.60% SR.II,1001.97,1001.97,1000.00,1001.57,1001.86,1001.34,,1001.57,,,2139,2141698.38,37,F1,1,,,,,
2026-08-18,2026-08-18,CM,NSE,STK,19045,INE866I08279,10IIFL29,N6,,,,,UNSEC RED NCD 10.0% SR. V,1034.90,1034.90,1034.90,1034.90,1034.90,1020.90,,1034.45,,,30,31047.00,2,F1,1,,,,,
2026-08-18,2026-08-18,CM,NSE,STK,19047,INE866I08295,105IIFL29,N7,,,,,UNSEC RED NCD 10.5% SR.VI,1098.00,1098.00,1098.00,1098.00,1098.00,1043.00,,1098.00,,,35,38430.00,1,F1,1,,,,,
2026-08-18,2026-08-18,CM,NSE,STK,19113,INE851I01011,UDS,EQ,,,,,UPDATER SERVICES LIMITED,211.97,212.79,203.12,210.79,212.00,211.72,,210.78,,,266717,55798864.64,5792,F1,1,,,,,
2026-08-18,2026-08-18,CM,NSE,STK,11287,INE628A01036,UPL,EQ,,,,,UPL LIMITED,570.00,570.05,560.00,560.05,560.05,567.10,,560.05,,,1746720,987165294.15,24705,F1,1,,,,,
2026-08-18,2026-08-18,CM,NSE,STK,17081,INE568Z01015,URAVIDEF,BE,,,,,URAVI DEFENCE &TECH LTD,106.50,106.50,103.20,105.09,105.65,106.00,,105.08,,,3280,342494.37,124,F1,1,,,,,
2026-08-18,2026-08-18,CM,NSE,STK,759084,INE0CAZ01013,URBANCO,EQ,,,,,URBAN COMPANY LIMITED,144.56,146.70,143.01,144.97,144.51,144.60,,144.97,,,11131114,1611489845.62,30900,F1,1,,,,,
2026-08-18,2026-08-18,CM,NSE,STK,16888,INE0O0201019,URBAN,SM,,,,,URBAN ENVIRO WASTE MGMT L,145.55,148.00,142.00,143.20,143.00,147.05,,143.20,,,24800,3589240.00,30,F1,800,,,,,
2026-08-18,2026-08-18,CM,NSE,STK,20203,INE550C01020,URJA,EQ,,,,,URJA GLOBAL LIMITED,9.40,9.47,9.36,9.41,9.41,9.46,,9.41,,,508788,4782500.43,1938,F1,1,,,,,
2026-08-18,2026-08-18,CM,NSE,STK,25952,INE0LS001014,USHAFIN,SM,,,,,USHA FINANCIAL SERVICES L,42.00,42.00,42.00,42.00,42.00,42.00,,42.00,,,1600,67200.00,1,F1,1600,,,,,
2026-08-18,2026-08-18,CM,NSE,STK,19142,INE240C01028,UMESLTD,EQ,,,,,USHA MARTIN EDU & SOL LTD,6.02,6.02,5.66,5.88,5.83,6.02,,5.88,,,11809,68935.01,57,F1,1,,,,,
2026-08-18,2026-08-18,CM,NSE,STK,8840,INE228A01035,USHAMART,EQ,,,,,USHA MARTIN LTD.,498.10,504.90,494.00,498.80,500.00,498.05,,498.80,,,500681,250784277.65,18776,F1,1,,,,,
2026-08-18,2026-08-18,CM,NSE,STK,527,INE094J01016,UTIAMC,EQ,,,,,UTI ASSET MNGMT CO LTD,910.00,910.00,893.15,894.60,893.15,907.30,,894.63,,,75764,68056324.90,5674,F1,1,,,,,
2026-08-18,2026-08-18,CM,NSE,STK,764180,INF789F1AG68,LIQUIDBETA,EQ,,,,,UTIAMC - LIQUIDBETA,1004.65,1004.65,1004.63,1004.63,1004.63,1004.49,,1004.63,,,118,118548.02,3,F1,1,,,,,
2026-08-18,2026-08-18,CM,NSE,STK,22440,INF789F1AUV1,BANKBETA,EQ,,,,,UTIAMC-BANKBETA,59.63,59.72,59.25,59.33,59.26,59.77,,59.33,,,1801535,106757422.37,581,F1,1,,,,,
2026-08-18,2026-08-18,CM,NSE,STK,22524,INF789F1AZF3,GILT10BETA,EQ,,,,,UTIAMC-GILT10BETA,26.97,26.97,26.44,26.84,26.84,26.91,,26.84,,,622,16646.67,14,F1,1,,,,,
2026-08-18,2026-08-18,CM,NSE,STK,22521,INF789F1AZE6,GILT5BETA,EQ,,,,,UTIAMC-GILT5BETA,66.76,67.13,65.81,66.40,66.40,66.43,,66.40,,,25765,1699277.84,16,F1,1,,,,,
2026-08-18,2026-08-18,CM,NSE,STK,22488,INF789F1AZD8,ITBETA,EQ,,,,,UTIAMC-ITBETA,325.00,327.62,312.20,320.99,321.25,327.67,,320.92,,,3536,1131954.89,166,F1,1,,,,,
2026-08-18,2026-08-18,CM,NSE,STK,18347,INF789F1AYX9,MIDCAPBETA,EQ,,,,,UTIAMC-MIDCAPBETA,237.84,238.07,235.80,236.00,236.00,237.80,,236.00,,,717,169601.61,30,F1,1,,,,,
2026-08-18,2026-08-18,CM,NSE,STK,21478,INF789F1AUW9,NEXT50BETA,EQ,,,,,UTIAMC-NEXT50BETA,80.03,80.68,80.02,80.20,80.40,80.47,,80.20,,,117114,9412555.82,527,F1,1,,,,,
2026-08-18,2026-08-18,CM,NSE,STK,10511,INF789F1AZC0,NIFTYBETA,EQ,,,,,UTIAMC-NIFTYBETA,273.26,273.26,267.97,268.59,268.80,270.55,,268.59,,,49986,13437011.22,511,F1,1,,,,,
2026-08-18,2026-08-18,CM,NSE,STK,10515,INF789FB1X58,SENSEXBETA,EQ,,,,,UTIAMC-SENSEXBETA,858.00,862.00,856.00,858.23,857.00,857.51,,858.23,,,462,396778.25,123,F1,1,,,,,
2026-08-18,2026-08-18,CM,NSE,STK,15085,INF789F1AYK6,SILVERBETA,EQ,,,,,UTIAMC-SILVERBETA,225.78,225.78,223.27,223.90,223.99,225.93,,223.90,,,386169,86451857.55,2689,F1,1,,,,,
2026-08-18,2026-08-18,CM,NSE,STK,9168,INF789F1AUU3,SNXT50BETA,EQ,,,,,UTIAMC-SNXT50BETA,96.62,97.29,96.14,96.79,96.99,96.62,,96.86,,,484,46775.54,72,F1,1,,,,,
2026-08-18,2026-08-18,CM,NSE,STK,14535,INF789F1AUX7,GOLDBETA,EQ,,,,,UTIAMC-UTIGOLDBETA,128.55,129.10,128.45,128.70,128.60,128.75,,128.71,,,308476,39714401.80,1648,F1,1,,,,,
2026-08-18,2026-08-18,CM,NSE,STK,751580,INE1V1R01014,UTKAL,SM,,,,,UTKAL SPEC INDUS INDIA L,52.65,54.35,50.90,52.95,52.95,51.80,,52.95,,,64000,3407100.00,29,F1,2000,,,,,
2026-08-18,2026-08-18,CM,NSE,STK,17358,INE735W01017,UTKARSHBNK,EQ,,,,,UTKARSH SMALL FIN BANK L,13.91,14.18,13.91,14.05,14.01,14.04,,14.05,,,1567677,21945739.21,3940,F1,1,,,,,
2026-08-18,2026-08-18,CM,NSE,STK,24729,INE06IJ01010,UTSSAV,ST,,,,,UTSSAV CZ GOLD JEWELS LTD,506.00,508.00,500.00,503.20,507.80,505.00,,503.20,,,15000,7582500.00,21,F1,600,,,,,
2026-08-18,2026-08-18,CM,NSE,STK,13376,INE786F01031,UTTAMSUGAR,EQ,,,,,UTTAM SUGAR MILLS LTD.,283.59,296.55,282.08,290.32,290.00,283.00,,290.32,,,559821,163121095.91,12699,F1,1,,,,,
2026-08-18,2026-08-18,CM,NSE,STK,3188,INE0GXK01018,VMARCIND,SM,,,,,V MARC INDIA LIMITED,358.40,368.50,356.70,363.20,364.95,360.20,,363.20,,,198000,71772900.00,109,F1,1500,,,,,
2026-08-18,2026-08-18,CM,NSE,STK,765220,INE222F01029,VTMLTD,EQ,,,,,V T M LTD.,47.99,48.50,46.58,46.79,47.05,46.94,,46.97,,,10316,486886.21,86,F1,1,,,,,
2026-08-18,2026-08-18,CM,NSE,STK,15362,INE951I01027,VGUARD,EQ,,,,,V-GUARD IND LTD.,347.00,350.00,332.50,333.40,333.50,343.95,,333.38,,,868328,294253217.40,17337,F1,1,,,,,
2026-08-18,2026-08-18,CM,NSE,STK,24606,INE0QXL01015,VLINFRA,SM,,,,,V.L.INFRAPROJECTS LIMITED,25.50,26.50,25.45,25.95,26.45,25.85,,25.95,,,30000,775500.00,18,F1,1500,,,,,
2026-08-18,2026-08-18,CM,NSE,STK,14766,INE945H01021,V2RETAIL,EQ,,,,,V2 RETAIL LIMITED,219.25,220.80,217.72,219.58,219.50,218.85,,219.57,,,662694,145449478.72,9522,F1,1,,,,,
2026-08-18,2026-08-18,CM,NSE,STK,20188,INE956G01038,WABAG,EQ,,,,,VA TECH WABAG LTD,1890.00,1995.00,1890.00,1980.60,1994.00,1897.60,,1980.52,,,649541,1260309752.60,40538,F1,1,,,,,
2026-08-18,2026-08-18,CM,NSE,STK,24196,INE694D01016,VADILALIND,EQ,,,,,VADILAL INDUSTRIES LTD,7448.50,7575.00,7311.00,7429.50,7406.00,7411.00,,7429.45,,,23467,174857893.50,6488,F1,1,,,,,
2026-08-18,2026-08-18,CM,NSE,STK,11364,INE884A01027,VAIBHAVGBL,EQ,,,,,VAIBHAV GLOBAL LIMITED,226.85,229.75,222.55,223.50,222.65,226.45,,223.49,,,289169,64836756.80,8416,F1,1,,,,,
2026-08-18,2026-08-18,CM,NSE,STK,8262,INE0JR301013,MADHAVBAUG,ST,,,,,VAIDYA SANE AYUR LAB LTD,165.00,172.00,165.00,165.45,165.00,173.00,,165.45,,,12000,1985560.00,16,F1,400,,,,,
2026-08-18,2026-08-18,CM,NSE,STK,16589,INE972X01022,VAISHALI,EQ,,,,,VAISHALI PHARMA LIMITED,8.60,8.60,8.32,8.41,8.49,8.34,,8.41,,,58949,497575.06,255,F1,1,,,,,
2026-08-18,2026-08-18,CM,NSE,STK,13342,INE051B01021,VAKRANGEE,EQ,,,,,VAKRANGEE LIMITED,5.84,5.87,5.70,5.78,5.80,5.85,,5.78,,,816973,4733102.99,1817,F1,1,,,,,
2026-08-18,2026-08-18,CM,NSE,STK,19218,INE0JWS01017,VALIANTLAB,EQ,,,,,VALIANT LABORATORIES LTD,90.85,90.85,88.27,90.85,90.85,86.53,,91.06,,,405249,36743364.62,966,F1,1,,,,,
2026-08-18,2026-08-18,CM,NSE,STK,334,INE565V01010,VALIANTORG,BE,,,,,VALIANT ORGANICS LIMITED,292.90,319.00,292.90,309.40,310.40,308.30,,310.87,,,88150,26488327.35,800,F1,1,,,,,
2026-08-18,2026-08-18,CM,NSE,STK,18124,INE879I01012,DBREALTY,EQ,,,,,VALOR ESTATE LIMITED,109.00,109.05,105.56,106.48,106.31,108.51,,106.48,,,562777,60149563.88,5716,F1,1,,,,,
2026-08-18,2026-08-18,CM,NSE,STK,763304,INE1E7Y01018,VALUE360,SM,,,,,VALUE 360 COMMUNICATION L,79.80,79.85,75.00,75.00,75.00,76.00,,75.00,,,39600,3004440.00,16,F1,1200,,,,,
2026-08-18,2026-08-18,CM,NSE,STK,13403,INE116G01013,VARDHACRLC,BE,,,,,VARDHAMAN ACRYLICS LTD,44.70,44.70,43.90,44.13,44.00,44.47,,44.13,,,13291,586620.18,130,F1,1,,,,,
2026-08-18,2026-08-18,CM,NSE,STK,11892,INE701A01023,VHL,EQ,,,,,VARDHMAN HOLDINGS LIMITED,3430.00,3519.40,3420.00,3439.50,3447.50,3473.80,,3443.40,,,435,1502214.50,147,F1,1,,,,,
2026-08-18,2026-08-18,CM,NSE,STK,3646,INE835A01029,VARDMNPOLY,EQ,,,,,VARDHMAN POLYTEX LTD.,6.40,6.49,6.14,6.23,6.21,6.19,,6.24,,,228744,1453151.29,389,F1,1,,,,,
2026-08-18,2026-08-18,CM,NSE,STK,27067,INE050M01012,VSSL,EQ,,,,,VARDHMAN SPC STEEL LTD,362.85,364.45,351.00,359.20,359.95,361.55,,359.22,,,150777,53763936.40,5400,F1,1,,,,,
2026-08-18,2026-08-18,CM,NSE,STK,2073,INE825A01020,VTL,EQ,,,,,VARDHMAN TEXTILES LIMITED,606.20,611.00,587.65,598.90,610.00,605.25,,598.89,,,253029,150970563.35,15191,F1,1,,,,,
2026-08-18,2026-08-18,CM,NSE,STK,3857,INE665L01035,VARROC,EQ,,,,,VARROC ENGINEERING LTD.,845.00,862.30,837.00,843.90,847.00,847.75,,843.90,,,314883,266641424.15,17247,F1,1,,,,,
2026-08-18,2026-08-18,CM,NSE,STK,18921,INE200M01039,VBL,EQ,,,,,VARUN BEVERAGES LIMITED,434.90,443.30,434.60,439.30,439.30,433.85,,439.30,,,4034092,1773067160.10,40755,F1,1,,,,,
2026-08-18,2026-08-18,CM,NSE,STK,13771,INE273D01027,VGL,EQ,,,,,VARVEE GLOBAL LIMITED,59.30,59.30,56.00,58.44,58.90,59.30,,58.43,,,30601,1747518.84,448,F1,1,,,,,
2026-08-18,2026-08-18,CM,NSE,STK,16454,INE0N5801013,DENTALKART,SM,,,,,VASA DENTICITY LIMITED,400.35,401.00,397.00,399.00,400.00,409.90,,399.00,,,12750,5095037.50,39,F1,250,,,,,
2026-08-18,2026-08-18,CM,NSE,STK,1274,INE068Z01016,VASA,SM,,,,,VASA RETAIL & OVERSEA LTD,4.25,4.25,4.25,4.25,4.25,4.45,,4.25,,,4000,17000.00,1,F1,4000,,,,,
2026-08-18,2026-08-18,CM,NSE,STK,18110,INE893I01013,VASCONEQ,EQ,,,,,VASCON ENGINEERS LTD,31.29,31.35,30.50,30.67,30.80,31.13,,30.67,,,408114,12559468.79,1485,F1,1,,,,,
2026-08-18,2026-08-18,CM,NSE,STK,25340,INE590L01019,VASWANI,EQ,,,,,VASWANI IND LTD,48.49,48.49,46.78,47.69,47.71,47.96,,47.68,,,23950,1138455.86,224,F1,1,,,,,
2026-08-18,2026-08-18,CM,NSE,STK,9020,INE098201036,VCL,EQ,,,,,VAXTEX COTFAB LIMITED,1.85,1.85,1.85,1.85,1.85,1.77,,1.85,,,223453,413388.05,100,F1,1,,,,,
2026-08-18,2026-08-18,CM,NSE,STK,757413,INE04HY07294,1025VCCL28,N0,,,,,VCCL 10.25% 2028,96769.38,96769.38,96769.38,96769.38,96769.38,94301.00,,96769.38,,,2,193538.76,1,F1,1,,,,,
2026-08-18,2026-08-18,CM,NSE,STK,760049,INE04HY07377,115VCCL28,N0,,,,,VCCL 11.5% 2028 SR C,99500.00,99500.00,99500.00,99500.00,99500.00,99500.00,,99500.00,,,1,99500.00,1,F1,1,,,,,
2026-08-18,2026-08-18,CM,NSE,STK,25814,INE04HY07187,1180VCCL26,N0,,,,,VCCL 11.80% 2026 SR B,100017.11,100017.11,100017.11,100017.11,100017.11,99700.00,,100017.11,,,2,200034.22,1,F1,1,,,,,
2026-08-18,2026-08-18,CM,NSE,STK,759281,INE04HY07344,12VCCL28,N0,,,,,VCCL 12% 2028,100100.00,100100.00,100100.00,100100.00,100100.00,99000.00,,100100.00,,,1,100100.00,1,F1,1,,,,,
2026-08-18,2026-08-18,CM,NSE,STK,25054,INE0U2M01015,VDEAL,SM,,,,,VDEAL SYSTEM LIMITED,158.50,158.50,158.10,158.30,158.10,158.00,,158.30,,,1200,189960.00,2,F1,600,,,,,
2026-08-18,2026-08-18,CM,NSE,STK,8167,INE825V01034,MANYAVAR,EQ,,,,,VEDANT FASHIONS LIMITED,541.85,543.30,530.00,536.90,538.00,541.85,,536.90,,,260410,139368226.60,9063,F1,1,,,,,
2026-08-18,2026-08-18,CM,NSE,STK,750174,INE1CDF01017,VAML,EQ,,,,,VEDANTA ALUMINIUM METAL L,441.50,451.30,438.80,445.95,445.95,441.50,,445.95,,,9182365,4095324764.55,95111,F1,1,,,,,
2026-08-18,2026-08-18,CM,NSE,STK,750290,INE1CLE01013,VISL,EQ,,,,,VEDANTA IRON AND STEEL L,37.90,38.48,37.02,37.41,37.25,37.97,,37.41,,,17356679,654740027.95,39162,F1,1,,,,,
2026-08-18,2026-08-18,CM,NSE,STK,3063,INE205A01025,VEDL,EQ,,,,,VEDANTA LIMITED,268.90,270.50,264.00,264.00,264.00,269.70,,264.00,,,9772133,2602408559.10,63949,F1,1,,,,,
2026-08-18,2026-08-18,CM,NSE,STK,750368,INE704J01044,VOGL,EQ,,,,,VEDANTA OIL AND GAS LTD,37.66,37.97,37.00,37.14,37.17,37.66,,37.14,,,18906816,708929828.99,41277,F1,1,,,,,
2026-08-18,2026-08-18,CM,NSE,STK,750518,INE694L01019,VEDPOWER,EQ,,,,,VEDANTA POWER LIMITED,36.49,37.14,36.13,36.18,36.22,36.59,,36.18,,,17816221,649615970.38,38117,F1,1,,,,,
2026-08-18,2026-08-18,CM,NSE,STK,764980,INE359B01010,VEDAVAAG,EQ,,,,,VEDAVAAG SYSTEMS LTD.,19.16,19.43,18.50,18.98,19.00,19.15,,18.99,,,23007,431907.54,148,F1,1,,,,,
2026-08-18,2026-08-18,CM,NSE,STK,14019,INE484C01030,VEEDOL,EQ,,,,,VEEDOL CORPORATION LTD,1521.60,1525.90,1504.00,1511.30,1510.00,1521.60,,1511.29,,,6403,9680890.50,820,F1,1,,,,,
2026-08-18,2026-08-18,CM,NSE,STK,762969,INE232E01013,VELJAN,BE,,,,,VELJAN DENISON LTD.,1844.90,1845.00,1766.00,1773.70,1815.00,1785.20,,1780.57,,,295,531467.80,58,F1,1,,,,,
2026-08-18,2026-08-18,CM,NSE,STK,3757,INE398A01010,VENKEYS,EQ,,,,,VENKY S (INDIA) LIMITED,1534.90,1546.80,1509.10,1514.80,1521.90,1531.00,,1514.75,,,22957,35037597.20,2353,F1,1,,,,,
2026-08-18,2026-08-18,CM,NSE,STK,28847,INE781S01027,VENTIVE,EQ,,,,,VENTIVE HOSPITALITY LTD,590.00,595.45,580.20,585.70,584.00,592.20,,584.64,,,11577,6815926.25,1102,F1,1,,,,,
2026-08-18,2026-08-18,CM,NSE,STK,9592,INE0JA001018,VENUSPIPES,EQ,,,,,VENUS PIPES & TUBES LTD,1603.70,1603.70,1560.00,1572.20,1583.10,1596.50,,1571.98,,,39349,62189676.80,3032,F1,1,,,,,
2026-08-18,2026-08-18,CM,NSE,STK,13856,INE411B01019,VENUSREM,BE,,,,,VENUS REMEDIES LIMITED,1797.00,1831.90,1761.00,1819.50,1831.00,1803.40,,1819.38,,,26969,48880539.20,1223,F1,1,,,,,
2026-08-18,2026-08-18,CM,NSE,STK,2666,INE709Z01015,VERA,SM,,,,,VERA SYNTHETIC LIMITED,86.25,86.25,86.25,86.25,86.25,82.15,,86.25,,,1500,129375.00,1,F1,1500,,,,,
2026-08-18,2026-08-18,CM,NSE,STK,8890,INE0IQ001011,VERANDA,EQ,,,,,VERANDA LEARNING SOL LTD,238.00,242.80,233.80,240.00,242.80,235.10,,239.99,,,165468,39359998.10,2458,F1,1,,,,,
2026-08-18,2026-08-18,CM,NSE,STK,14491,INE0NLB01018,VERTEXPLUS,SM,,,,,VERTEXPLUS TECHNOLOGIES L,48.00,48.00,48.00,48.00,48.00,48.30,,48.00,,,600,28800.00,1,F1,600,,,,,
2026-08-18,2026-08-18,CM,NSE,STK,18865,INE188Y01031,VERTOZ,BE,,,,,VERTOZ LIMITED,35.80,36.10,35.10,35.66,35.89,35.97,,35.66,,,29064,1040959.10,233,F1,1,,,,,
2026-08-18,2026-08-18,CM,NSE,STK,3676,INE386A01023,VESUVIUS,EQ,,,,,VESUVIUS INDIA LTD,442.40,442.40,430.00,434.90,430.15,440.65,,434.91,,,44335,19353391.35,2046,F1,1,,,,,
2026-08-18,2026-08-18,CM,NSE,STK,8660,INE918N01018,VETO,BE,,,,,VETO SWITCHGEAR CABLE LTD,119.98,124.95,119.00,123.08,122.01,120.21,,123.08,,,15847,1923806.10,224,F1,1,,,,,
2026-08-18,2026-08-18,CM,NSE,STK,22730,INE0QTF01015,VSTL,EQ,,,,,VIBHOR STEEL TUBES LTD,106.87,108.00,105.11,106.44,106.55,106.87,,106.44,,,6346,673921.59,213,F1,1,,,,,
2026-08-18,2026-08-18,CM,NSE,STK,765252,INE761Q01015,VGCL,EQ,,,,,VIBRANT GLOBAL CAPITAL L,57.48,61.50,57.48,58.21,58.21,60.50,,59.90,,,726,42756.32,25,F1,1,,,,,
2026-08-18,2026-08-18,CM,NSE,STK,23386,INE048C01025,VHLTD,BE,,,,,VICEROY HOTELS LIMITED,123.77,129.81,122.65,129.74,129.81,123.63,,129.74,,,288778,35999347.98,372,F1,1,,,,,
2026-08-18,2026-08-18,CM,NSE,STK,760694,INE0F8901022,VICTORYEV,ST,,,,,VICTORY ELEC VEHICL INT L,16.45,16.65,16.45,16.65,16.65,16.45,,16.65,,,6000,99300.00,2,F1,3000,,,,,
2026-08-18,2026-08-18,CM,NSE,STK,13536,INE632C01026,VIDHIING,EQ,,,,,VIDHI SPCLTY F INGRDNTS L,322.70,329.90,313.55,325.90,325.60,319.20,,325.90,,,52151,16811966.50,1442,F1,1,,,,,
2026-08-18,2026-08-18,CM,NSE,STK,760224,INE14UN01029,VIDYAWIRES,EQ,,,,,VIDYA WIRES LIMITED,89.00,89.51,88.00,88.07,88.35,89.40,,88.07,,,462465,40880570.06,4779,F1,1,,,,,
2026-08-18,2026-08-18,CM,NSE,STK,758908,INE1DM601016,VIGOR,ST,,,,,VIGOR PLAST INDIA LIMITED,85.70,92.20,85.70,91.75,91.75,87.85,,91.75,,,28800,2575760.00,17,F1,1600,,,,,
2026-08-18,2026-08-18,CM,NSE,STK,764985,INE362D01010,VIJSOLX,EQ,,,,,VIJAY SOLVEX LTD.,675.00,714.90,675.00,700.00,700.00,692.50,,700.95,,,251,175683.15,25,F1,1,,,,,
2026-08-18,2026-08-18,CM,NSE,STK,5585,INE043W01024,VIJAYA,EQ,,,,,VIJAYA DIAGNOSTIC CEN LTD,1505.00,1521.30,1491.00,1497.30,1492.00,1506.60,,1497.15,,,92774,139756126.60,10931,F1,1,,,,,
2026-08-18,2026-08-18,CM,NSE,STK,760121,INE0WL901019,VIJAYPD,SM,,,,,VIJAYPD CEUTICAL LIMITED,57.65,60.00,57.65,60.00,60.00,59.85,,60.00,,,6000,351500.00,3,F1,2000,,,,,
2026-08-18,2026-08-18,CM,NSE,STK,17695,INE159N01027,VIJIFIN,BE,,,,,VIJI FINANCE LIMITED,12.88,12.88,12.88,12.88,12.88,12.63,,12.97,,,51486,663139.68,40,F1,1,,,,,
2026-08-18,2026-08-18,CM,NSE,STK,25756,INE806A01020,VIKASECO,EQ,,,,,VIKAS ECOTECH LIMITED,1.10,1.10,1.07,1.08,1.08,1.09,,1.08,,,2549314,2761900.13,1276,F1,1,,,,,
2026-08-18,2026-08-18,CM,NSE,STK,9931,INE161L01027,VIKASLIFE,EQ,,,,,VIKAS LIFECARE LIMITED,1.24,1.24,1.22,1.22,1.23,1.23,,1.22,,,1767391,2163179.28,8478,F1,1,,,,,
2026-08-18,2026-08-18,CM,NSE,STK,759453,INE078V01014,VIKRAMSOLR,EQ,,,,,VIKRAM SOLAR LIMITED,185.00,186.75,175.50,177.11,175.90,183.10,,177.12,,,22684269,4103455596.52,142943,F1,1,,,,,
2026-08-18,2026-08-18,CM,NSE,STK,758973,INE01R501028,VIKRAN,EQ,,,,,VIKRAN ENGINEERING LTD,62.48,62.84,60.80,61.09,61.20,62.54,,61.11,,,962402,59387544.25,5764,F1,1,,,,,
2026-08-18,2026-08-18,CM,NSE,STK,23909,INE0AZY01017,VILAS,SM,,,,,VILAS TRANSCORE LIMITED,357.95,360.00,355.85,356.05,356.00,354.90,,356.05,,,10000,3578212.50,31,F1,250,,,,,
2026-08-18,2026-08-18,CM,NSE,STK,16954,INE0L4V01013,VILINBIO,SM,,,,,VILIN BIO MED LIMITED,42.50,42.50,42.50,42.50,42.50,43.00,,42.50,,,4000,170000.00,1,F1,4000,,,,,
2026-08-18,2026-08-18,CM,NSE,STK,13101,INE579C01029,VIMTALABS,EQ,,,,,VIMTA LABS LIMITED,624.00,627.80,617.00,621.20,623.65,623.45,,621.21,,,92845,57626597.65,4572,F1,1,,,,,
2026-08-18,2026-08-18,CM,NSE,STK,17364,INE410B01037,VINATIORGA,EQ,,,,,VINATI ORGANICS LTD,1344.20,1370.80,1333.30,1338.50,1345.00,1344.20,,1338.47,,,26064,35191781.70,3587,F1,1,,,,,
2026-08-18,2026-08-18,CM,NSE,STK,3694,INE707A01012,VINDHYATEL,EQ,,,,,VINDHYA TELELINKS LTD,2494.00,2540.00,2440.00,2485.70,2490.00,2486.60,,2485.89,,,36075,89888359.00,4317,F1,1,,,,,
2026-08-18,2026-08-18,CM,NSE,STK,3807,INE505Y01010,VINEETLAB,EQ,,,,,VINEET LABORATORIES LTD,37.36,37.79,36.00,36.33,36.69,37.36,,36.44,,,152932,5603135.65,635,F1,1,,,,,
2026-08-18,2026-08-18,CM,NSE,STK,763821,INE27V201011,VMOBILE,SM,,,,,VINIT MOBILE LIMITED,68.10,68.20,65.90,65.90,65.90,68.10,,65.90,,,6400,430760.00,8,F1,800,,,,,
2026-08-18,2026-08-18,CM,NSE,STK,12490,INE01KI01027,VINNY,EQ,,,,,VINNY OVERSEAS LIMITED,1.07,1.07,1.05,1.05,1.06,1.06,,1.05,,,172261,182365.36,134,F1,1,,,,,
2026-08-18,2026-08-18,CM,NSE,STK,17905,INE0OSJ01014,VINSYS,ST,,,,,VINSYS IT SERVICES IND LT,580.00,583.00,579.00,579.00,579.00,580.00,,579.00,,,2250,1306000.00,8,F1,250,,,,,
2026-08-18,2026-08-18,CM,NSE,STK,25835,INE498Q01014,VINCOFE,EQ,,,,,VINTAGE COFFEE N BVRGS L,146.15,148.70,143.85,148.16,148.00,146.28,,148.16,,,2360756,344702823.19,16499,F1,1,,,,,
2026-08-18,2026-08-18,CM,NSE,STK,19206,INE0OLS01010,VINYAS,SM,,,,,VINYAS INNOVATIVE TECH L,1414.95,1494.00,1350.00,1462.10,1470.00,1330.55,,1462.10,,,31200,44335060.00,260,F1,100,,,,,
2026-08-18,2026-08-18,CM,NSE,STK,16821,INE250B01029,VINYLINDIA,EQ,,,,,VINYL CHEMICALS (I) LTD.,236.57,243.30,234.94,239.73,236.65,236.57,,239.69,,,7553,1797650.18,437,F1,1,,,,,
2026-08-18,2026-08-18,CM,NSE,STK,14843,INE450G01024,VIPCLOTHNG,EQ,,,,,VIP CLOTHING LIMITED,20.58,20.90,20.00,20.17,20.25,20.59,,20.19,,,22881,462641.62,163,F1,1,,,,,
2026-08-18,2026-08-18,CM,NSE,STK,3703,INE054A01027,VIPIND,EQ,,,,,VIP INDUSTRIES LTD,300.00,311.70,299.80,309.40,310.65,300.50,,309.46,,,293364,89907741.00,6179,F1,1,,,,,
2026-08-18,2026-08-18,CM,NSE,STK,8437,INE946H01037,VIPULLTD,BE,,,,,VIPUL LIMITED,14.87,14.87,14.87,14.87,14.87,14.58,,14.88,,,76589,1138878.43,46,F1,1,,,,,
2026-08-18,2026-08-18,CM,NSE,STK,764990,INE467D01017,VIRAT,EQ,,,,,VIRAT INDUSTRIES LTD.,350.40,350.40,268.05,343.00,343.00,335.00,,330.00,,,330,111236.75,14,F1,1,,,,,
2026-08-18,2026-08-18,CM,NSE,STK,15295,INE539B01017,VIRINCHI,EQ,,,,,VIRINCHI LIMITED,15.57,15.57,14.75,15.04,15.25,15.03,,15.06,,,53428,807323.49,207,F1,1,,,,,
2026-08-18,2026-08-18,CM,NSE,STK,757060,INE0VRH01015,VGINFOTECH,SM,,,,,VIRTUAL GALAXY INFOTECH L,150.00,152.50,149.00,150.80,151.90,151.80,,150.80,,,37000,5572200.00,35,F1,1000,,,,,
2026-08-18,2026-08-18,CM,NSE,STK,765215,INE247C01023,VIRTUALG,EQ,,,,,VIRTUAL GLOBAL EDU LTD,0.41,0.42,0.40,0.42,0.42,0.41,,0.41,,,197952,80408.46,192,F1,1,,,,,
2026-08-18,2026-08-18,CM,NSE,STK,761916,INE0I0T01010,VOEPL,EQ,,,,,VIRTUOSO OPTOELECTRONIC L,495.00,499.50,471.95,477.85,474.90,490.40,,477.84,,,54797,26622407.70,2043,F1,1,,,,,
2026-08-18,2026-08-18,CM,NSE,STK,13295,INE286H01012,VISACHROME,EQ,,,,,VISA CHROME LIMITED,38.41,38.79,37.65,37.89,37.99,38.41,,37.91,,,13045,497170.19,61,F1,1,,,,,
2026-08-18,2026-08-18,CM,NSE,STK,29877,INE370E01029,VIVIDHA,EQ,,,,,VISAGAR POLYTEX LTD,0.54,0.54,0.51,0.53,0.54,0.53,,0.53,,,424742,224345.06,241,F1,1,,,,,
2026-08-18,2026-08-18,CM,NSE,STK,4221,INE392A01021,VISAKAIND,EQ,,,,,VISAKA INDUSTRIES LIMITED,92.40,98.89,92.39,95.50,95.29,92.00,,95.42,,,592817,56713070.69,7155,F1,1,,,,,
2026-08-18,2026-08-18,CM,NSE,STK,18708,INE0OWX01025,VISDEM,SM,,,,,VISDEM TECHNOSYS LIMITED,85.85,86.00,85.85,86.00,86.00,85.85,,86.00,,,9600,824340.00,7,F1,1200,,,,,
2026-08-18,2026-08-18,CM,NSE,STK,11773,INE755Q01025,VISHAL,EQ,,,,,VISHAL FABRICS LTD.,18.48,18.56,17.90,17.98,18.20,18.12,,18.03,,,35825,654684.99,199,F1,1,,,,,
2026-08-18,2026-08-18,CM,NSE,STK,27969,INE01EA01019,VMM,EQ,,,,,VISHAL MEGA MART LIMITED,105.80,106.17,103.67,103.71,103.71,105.50,,103.70,,,5298866,554543024.32,47096,F1,1,,,,,
2026-08-18,2026-08-18,CM,NSE,STK,6908,INE270I01022,VISHNU,EQ,,,,,VISHNU CHEMICALS LIMITED,618.50,662.00,615.15,637.50,636.10,618.25,,637.50,,,577546,372312070.10,18680,F1,1,,,,,
2026-08-18,2026-08-18,CM,NSE,STK,18341,INE0AE001013,VPRPL,EQ,,,,,VISHNU PRAKASH R PUNGLI L,34.91,36.24,34.05,34.76,34.82,34.92,,34.74,,,397938,13898689.87,2171,F1,1,,,,,
2026-08-18,2026-08-18,CM,NSE,STK,19300,INE0PQ001012,VISHNUINFR,SM,,,,,VISHNUSURYA PROJ N INFR L,145.80,145.80,145.80,145.80,145.80,148.00,,145.80,,,1000,145800.00,2,F1,500,,,,,
2026-08-18,2026-08-18,CM,NSE,STK,13702,INE430N01022,VISHWARAJ,EQ,,,,,VISHWARAJ SUGAR IND LTD,5.37,5.62,5.37,5.45,5.48,5.37,,5.45,,,596863,3276796.12,779,F1,1,,,,,
2026-08-18,2026-08-18,CM,NSE,STK,25231,INE0TR001017,VIESL,SM,,,,,VISION INFRA EQUIP SOL L,300.50,309.50,300.15,304.35,304.00,300.35,,304.35,,,16800,5115720.00,19,F1,800,,,,,
2026-08-18,2026-08-18,CM,NSE,STK,761150,INE0L4K01016,VITAL,BE,,,,,VITAL CHEMTECH LIMITED,52.15,53.48,51.30,51.33,52.56,54.00,,51.33,,,13481,697339.51,46,F1,1,,,,,
2026-08-18,2026-08-18,CM,NSE,STK,763637,INE0MEG01014,VIVIANA,BE,,,,,VIVIANA POWER TECH LTD,699.50,716.00,687.10,700.00,700.00,696.05,,700.00,,,16764,11820704.90,299,F1,1,,,,,
2026-08-18,2026-08-18,CM,NSE,STK,761771,INE24H301028,VIVIDEL,ST,,,,,VIVID ELECTROMECH LIMITED,1619.20,1679.00,1553.30,1622.35,1645.00,1635.05,,1622.35,,,24720,39818520.00,95,F1,240,,,,,
2026-08-18,2026-08-18,CM,NSE,STK,11968,INE526G01021,VIVIMEDLAB,BE,,,,,VIVIMED LABS LIMITED,5.30,5.40,5.00,5.40,5.40,5.15,,5.40,,,98838,528962.86,120,F1,1,,,,,
2026-08-18,2026-08-18,CM,NSE,STK,764995,INE380K01017,VIVOBIOT,EQ,,,,,VIVO BIO TECH LTD.,19.66,19.94,19.00,19.10,19.15,19.68,,19.11,,,21477,411391.68,154,F1,1,,,,,
2026-08-18,2026-08-18,CM,NSE,STK,7620,INE0IA701014,VIVO,ST,,,,,VIVO COLLAB SOLUTIONS LTD,160.20,160.20,146.10,146.50,146.50,152.65,,146.50,,,8000,1192000.00,5,F1,1600,,,,,
2026-08-18,2026-08-18,CM,NSE,STK,14296,INE807F01027,VIYASH,EQ,,,,,VIYASH SCIENTIFIC LIMITED,253.10,257.70,252.20,254.95,255.20,252.15,,254.94,,,1369758,349453589.80,21475,F1,1,,,,,
2026-08-18,2026-08-18,CM,NSE,STK,18021,INE03HW01020,VLEGOV,BE,,,,,VL E GOV AND IT SOL LTD,9.54,9.54,9.54,9.54,9.54,9.73,,9.72,,,38145,363903.30,150,F1,1,,,,,
2026-08-18,2026-08-18,CM,NSE,STK,3715,INE709A01018,VLSFINANCE,EQ,,,,,VLS FINANCE LTD,256.65,259.50,251.50,252.75,252.00,256.60,,252.77,,,17367,4415792.45,685,F1,1,,,,,
2026-08-18,2026-08-18,CM,NSE,STK,29284,INE665J01013,VMART,EQ,,,,,VMART RETAIL LTD,793.90,812.60,788.25,809.40,806.45,792.30,,809.38,,,70947,56977608.75,5605,F1,1,,,,,
2026-08-18,2026-08-18,CM,NSE,STK,759152,INE0SJA01013,VMSTMT,EQ,,,,,VMS TMT LIMITED,49.00,49.95,47.10,48.63,48.90,49.85,,48.62,,,38362,1856915.85,705,F1,1,,,,,
2026-08-18,2026-08-18,CM,NSE,STK,14366,INE669E01016,IDEA,EQ,,,,,VODAFONE IDEA LIMITED,13.65,14.31,13.50,14.12,14.12,13.71,,14.12,,,820797167,11410946710.24,764194,F1,1,,,,,
2026-08-18,2026-08-18,CM,NSE,STK,765000,INE285C01015,VOITHPAPR,EQ,,,,,VOITH PAPER FABRICS IND L,1696.00,1696.00,1460.00,1492.30,1512.00,1414.10,,1492.12,,,372,561026.50,39,F1,1,,,,,
2026-08-18,2026-08-18,CM,NSE,STK,29658,INE241X01014,VOLERCAR,SM,,,,,VOLER CAR LIMITED,216.25,216.25,216.00,216.10,216.10,218.00,,216.10,,,3200,691560.00,4,F1,800,,,,,
2026-08-18,2026-08-18,CM,NSE,STK,13577,INE540H01012,VOLTAMP,EQ,,,,,VOLTAMP TRANSFORMERS LTD,9989.00,10138.50,9965.00,10093.50,10065.00,10001.00,,10093.54,,,12530,126278463.00,4753,F1,1,,,,,
2026-08-18,2026-08-18,CM,NSE,STK,3718,INE226A01021,VOLTAS,EQ,,,,,VOLTAS LTD,1262.00,1272.00,1247.00,1252.90,1252.90,1267.00,,1252.90,,,995520,1249858078.70,32504,F1,1,,,,,
2026-08-18,2026-08-18,CM,NSE,STK,24321,INE0S2V01010,VRAJ,EQ,,,,,VRAJ IRON AND STEEL LTD,121.51,125.50,121.01,121.48,121.14,121.50,,121.48,,,10130,1237254.18,708,F1,1,,,,,
2026-08-18,2026-08-18,CM,NSE,STK,8696,INE366I01010,VRLLOG,EQ,,,,,VRL LOGISTICS LIMITED,295.00,302.95,295.00,297.50,297.15,296.20,,297.51,,,128724,38445292.85,7139,F1,1,,,,,
2026-08-18,2026-08-18,CM,NSE,STK,3724,INE710A01016,VSTIND,EQ,,,,,VST INDUSTRIES LTD,215.57,216.07,213.93,214.88,214.00,214.50,,214.88,,,113621,24395874.26,2007,F1,1,,,,,
2026-08-18,2026-08-18,CM,NSE,STK,24292,INE764D01017,VSTTILLERS,EQ,,,,,VST TILLERS TRACTORS LTD,4530.00,4559.80,4444.00,4473.30,4479.00,4527.40,,4473.05,,,6611,29696678.60,2205,F1,1,,,,,
2026-08-18,2026-08-18,CM,NSE,STK,765005,INE855A01019,WHBRADY,EQ,,,,,W H BRADY & CO. LTD.,505.80,507.00,495.30,507.00,507.00,506.95,,507.00,,,5,2520.90,5,F1,1,,,,,
2026-08-18,2026-08-18,CM,NSE,STK,762978,INE765D01022,WPIL,EQ,,,,,W P I L LTD.,433.85,439.40,418.65,426.35,430.00,433.90,,425.90,,,36814,15777601.80,2044,F1,1,,,,,
2026-08-18,2026-08-18,CM,NSE,STK,14828,INE100D01014,WSI,EQ,,,,,W.S.INDUSTRIES (I) LTD.,60.85,61.11,58.20,60.18,61.00,60.83,,60.18,,,52928,3189612.87,1258,F1,1,,,,,
2026-08-18,2026-08-18,CM,NSE,STK,25907,INE377N01017,WAAREEENER,EQ,,,,,WAAREE ENERGIES LIMITED,2706.90,2719.50,2693.00,2709.10,2709.10,2707.00,,2709.09,,,396655,1075110322.30,21665,F1,1,,,,,
2026-08-18,2026-08-18,CM,NSE,STK,756038,INE299N01021,WAAREERTL,EQ,,,,,WAAREE RENEWABLE TECH LTD,897.00,899.35,888.00,890.10,890.00,896.95,,890.12,,,66394,59161458.10,5540,F1,1,,,,,
2026-08-18,2026-08-18,CM,NSE,STK,760259,INE0E7301029,WAKEFIT,EQ,,,,,WAKEFIT INNOVATIONS LTD,124.01,134.79,124.01,131.52,132.00,124.63,,131.52,,,6325818,825625528.32,49384,F1,1,,,,,
2026-08-18,2026-08-18,CM,NSE,STK,3736,INE711A01022,WALCHANNAG,EQ,,,,,WALCHANDNAGAR INDUSTRIES,223.20,225.63,221.82,222.60,222.25,223.91,,222.60,,,472284,105250377.46,6666,F1,1,,,,,
2026-08-18,2026-08-18,CM,NSE,STK,14063,INE107F01022,WANBURY,EQ,,,,,WANBURY LIMITED,252.95,259.60,250.00,254.25,256.00,250.70,,254.26,,,198618,50702600.50,4912,F1,1,,,,,
2026-08-18,2026-08-18,CM,NSE,STK,765225,INE945P01024,WARDINMOBI,EQ,,,,,WARDWIZARD INNO & MOB L,6.16,6.80,6.16,6.28,6.31,6.25,,6.29,,,256613,1612732.78,886,F1,1,,,,,
2026-08-18,2026-08-18,CM,NSE,STK,3745,INE054C01015,WATERBASE,EQ,,,,,WATERBASE LTD.,47.90,47.90,45.50,46.32,47.20,47.11,,46.67,,,8458,398410.04,129,F1,1,,,,,
2026-08-18,2026-08-18,CM,NSE,STK,762163,INE0LZF01013,CORDELIA,EQ,,,,,WATERWAYS LEISURE TOUR L,823.70,833.95,820.50,830.00,831.00,823.20,,829.98,,,73939,61343587.10,3527,F1,1,,,,,
2026-08-18,2026-08-18,CM,NSE,STK,759215,INE0A3007065,1075WCA28,N0,,,,,WCAPL 10.75% 2028,9598.00,9598.00,9598.00,9598.00,9598.00,9860.00,,9598.00,,,1,9598.00,1,F1,1,,,,,
2026-08-18,2026-08-18,CM,NSE,STK,9862,INE082W01014,WEWIN,EQ,,,,,WE WIN LIMITED,46.00,46.00,46.00,46.00,46.00,46.00,,45.80,,,127,5842.00,6,F1,1,,,,,
2026-08-18,2026-08-18,CM,NSE,STK,760482,INF2F0001370,TWCGOLDETF,EQ,,,,,WEALTH - TWCGOLDETF,152.18,152.62,151.93,152.23,152.29,152.33,,152.23,,,16170,2466739.57,404,F1,1,,,,,
2026-08-18,2026-08-18,CM,NSE,STK,1923,INE658T01017,WEALTH,EQ,,,,,WEALTH FRST PORT. MG. LTD,876.00,876.00,852.30,862.45,868.00,876.75,,861.25,,,2871,2482541.35,349,F1,1,,,,,
2026-08-18,2026-08-18,CM,NSE,STK,14602,INE855C01023,WEBELSOLAR,EQ,,,,,WEBSOL ENERGY SYSTEM LTD,81.14,86.94,81.14,86.93,86.94,82.80,,86.96,,,4243102,364209917.28,17026,F1,1,,,,,
2026-08-18,2026-08-18,CM,NSE,STK,3748,INE080A01014,WEIZMANIND,EQ,,,,,WEIZMANN LTD,77.37,78.99,77.10,77.56,77.56,77.29,,77.56,,,383,29644.68,16,F1,1,,,,,
2026-08-18,2026-08-18,CM,NSE,STK,11821,INE191B01025,WELCORP,EQ,,,,,WELSPUN CORP LIMITED,1886.60,1934.90,1882.00,1917.10,1924.00,1882.00,,1917.19,,,712593,1360459949.50,35788,F1,1,,,,,
2026-08-18,2026-08-18,CM,NSE,STK,11626,INE625G01013,WELENT,EQ,,,,,WELSPUN ENTERPRISES LTD.,569.35,578.00,566.00,575.85,576.75,569.40,,575.87,,,208397,119210172.25,6657,F1,1,,,,,
2026-08-18,2026-08-18,CM,NSE,STK,19804,INE389K01018,WELINV,BE,,,,,WELSPUN INV & COMM LTD,1795.10,1885.00,1790.00,1843.20,1849.90,1857.50,,1843.20,,,98196,175785407.50,74,F1,1,,,,,
2026-08-18,2026-08-18,CM,NSE,STK,11253,INE192B01031,WELSPUNLIV,EQ,,,,,WELSPUN LIVING LIMITED,168.30,182.90,167.80,177.79,177.45,168.15,,177.77,,,53708881,9626390405.37,264121,F1,1,,,,,
2026-08-18,2026-08-18,CM,NSE,STK,762971,INE731F01037,WELSPLSOL,EQ,,,,,WELSPUN SPECIALTY SOL L,48.00,48.93,47.25,47.96,47.52,48.47,,47.97,,,175909,8434822.17,1474,F1,1,,,,,
2026-08-18,2026-08-18,CM,NSE,STK,4235,INE274C01019,WENDT,EQ,,,,,WENDT (INDIA) LIMITED,8115.00,8253.50,7985.00,8055.00,8099.50,8110.00,,8055.05,,,5231,42185126.50,1516,F1,1,,,,,
2026-08-18,2026-08-18,CM,NSE,STK,3799,INE976A01021,WSTCSTPAPR,EQ,,,,,WEST COAST PAPER MILLS LT,601.10,644.00,601.10,619.20,617.70,605.50,,619.23,,,365686,228669600.45,13824,F1,1,,,,,
2026-08-18,2026-08-18,CM,NSE,STK,25403,INE0CJF01024,WCIL,EQ,,,,,WESTERN CARRIERS (IND) L,87.90,88.09,85.80,86.27,86.00,87.99,,86.23,,,31346,2716117.43,884,F1,1,,,,,
2026-08-18,2026-08-18,CM,NSE,STK,11580,INE274F01020,WESTLIFE,EQ,,,,,WESTLIFE FOODWORLD LTD,583.10,592.95,578.00,587.75,591.35,579.60,,587.75,,,36576,21489191.70,4454,F1,1,,,,,
2026-08-18,2026-08-18,CM,NSE,STK,759434,INE085001019,WEWORK,EQ,,,,,WEWORK INDIA MANAGEMENT L,707.00,707.00,690.00,696.05,696.00,707.80,,696.05,,,123453,86071604.60,11928,F1,1,,,,,
2026-08-18,2026-08-18,CM,NSE,STK,3766,INE715A01015,WHEELS,EQ,,,,,WHEELS INDIA LTD,1415.00,1452.00,1407.00,1442.60,1442.10,1417.50,,1442.60,,,54296,77722493.80,5218,F1,1,,,,,
2026-08-18,2026-08-18,CM,NSE,STK,18011,INE716A01013,WHIRLPOOL,EQ,,,,,WHIRLPOOL OF INDIA LTD,778.00,785.15,765.15,769.00,769.70,777.35,,768.99,,,158057,122021990.45,8594,F1,1,,,,,
2026-08-18,2026-08-18,CM,NSE,STK,3772,INE210A01017,WILLAMAGOR,EQ,,,,,WILLIAMSON MAGOR,26.00,26.00,24.99,25.15,25.00,24.93,,25.15,,,2813,71562.39,27,F1,1,,,,,
2026-08-18,2026-08-18,CM,NSE,STK,5366,INE0H5O01029,WINDLAS,EQ,,,,,WINDLAS BIOTECH LIMITED,939.00,939.00,911.95,917.95,919.40,933.40,,917.94,,,36703,33805004.80,3463,F1,1,,,,,
2026-08-18,2026-08-18,CM,NSE,STK,24969,INE052A01021,WINDMACHIN,EQ,,,,,WINDSOR MACHINES LIMITED,302.10,322.00,300.00,318.90,319.20,300.40,,318.92,,,1516405,470149064.75,26094,F1,1,,,,,
2026-08-18,2026-08-18,CM,NSE,STK,23714,INE0S3D01016,WINSOL,SM,,,,,WINSOL ENGINEERS LIMITED,110.00,117.80,110.00,114.00,113.15,111.90,,114.00,,,19200,2181820.00,30,F1,400,,,,,
2026-08-18,2026-08-18,CM,NSE,STK,3787,INE075A01022,WIPRO,EQ,,,,,WIPRO LTD,181.90,181.99,178.06,178.06,178.06,181.90,,178.06,,,7074731,1269120344.59,62610,F1,1,,,,,
2026-08-18,2026-08-18,CM,NSE,STK,22725,INE623Y01011,WTICAB,SM,,,,,WISE TRAVEL INDIA LIMITED,102.25,105.95,102.15,105.00,105.00,105.15,,105.00,,,16000,1670700.00,17,F1,500,,,,,
2026-08-18,2026-08-18,CM,NSE,STK,7506,INE049B01025,WOCKPHARMA,EQ,,,,,WOCKHARDT LIMITED,1898.80,1900.40,1855.10,1859.90,1859.00,1898.80,,1859.90,,,476558,890137633.60,46520,F1,1,,,,,
2026-08-18,2026-08-18,CM,NSE,STK,19627,INE0Q9601016,WOMANCART,SM,,,,,WOMANCART LIMITED,105.00,109.00,100.35,108.45,109.00,103.45,,108.45,,,46800,4992080.00,102,F1,400,,,,,
2026-08-18,2026-08-18,CM,NSE,STK,7835,INE02WG01024,WEL,EQ,,,,,WONDER ELECTRICALS LTD,143.71,147.90,140.51,146.24,146.99,145.74,,146.25,,,824447,119970157.43,6826,F1,1,,,,,
2026-08-18,2026-08-18,CM,NSE,STK,3002,INE066O01014,WONDERLA,EQ,,,,,WONDERLA HOLIDAYS LTD.,468.70,486.00,468.05,476.00,476.60,468.70,,475.99,,,149025,71113396.35,7020,F1,1,,,,,
2026-08-18,2026-08-18,CM,NSE,STK,22277,INE196Y01018,WORTHPERI,EQ,,,,,WORTH PERIPHERALS LIMITED,157.88,159.00,152.81,154.54,154.00,155.29,,154.54,,,6710,1048977.16,132,F1,1,,,,,
2026-08-18,2026-08-18,CM,NSE,STK,11705,INE692G01013,XCHANGING,EQ,,,,,XCHANGING SOLUTIONS LTD,62.18,62.55,61.65,62.24,62.55,61.72,,62.24,,,43955,2723970.60,645,F1,1,,,,,
2026-08-18,2026-08-18,CM,NSE,STK,8477,INE01P501012,XELPMOC,EQ,,,,,XELPMOC DESIGN & TECH LTD,79.50,80.18,78.94,79.85,80.00,79.48,,79.85,,,6393,508946.86,245,F1,1,,,,,
2026-08-18,2026-08-18,CM,NSE,STK,11407,INE445C01015,XPROINDIA,EQ,,,,,XPRO INDIA LIMITED,1094.00,1120.00,1080.10,1088.60,1090.00,1103.70,,1088.66,,,53091,57973448.60,2520,F1,1,,,,,
2026-08-18,2026-08-18,CM,NSE,STK,25235,INE547B01028,XTGLOBAL,EQ,,,,,XTGLOBAL INFOTECH LIMITED,30.45,30.45,29.50,29.74,29.52,29.68,,29.74,,,36734,1090063.99,244,F1,1,,,,,
2026-08-18,2026-08-18,CM,NSE,STK,764312,INE0NG701011,XTRANET,EQ,,,,,XTRANET TECHNOLOGIES LTD,159.95,172.50,155.41,168.97,168.00,158.70,,168.93,,,867676,143482035.08,13850,F1,1,,,,,
2026-08-18,2026-08-18,CM,NSE,STK,760870,INE0U0J01015,YAAP,SM,,,,,YAAP DIGITAL LIMITED,138.00,140.00,138.00,139.10,140.00,138.00,,139.10,,,5000,692300.00,5,F1,1000,,,,,
2026-08-18,2026-08-18,CM,NSE,STK,23451,INE0TO601017,YASHOPTICS,SM,,,,,YASH OPTICS & LENS LTD,112.50,112.50,112.50,112.50,112.50,114.00,,112.50,,,1600,180000.00,2,F1,800,,,,,
2026-08-18,2026-08-18,CM,NSE,STK,18131,INE616Z01012,YASHO,EQ,,,,,YASHO INDUSTRIES LIMITED,4400.00,4994.00,4399.90,4915.80,4949.00,4362.30,,4915.78,,,240192,1143814818.00,40510,F1,1,,,,,
2026-08-18,2026-08-18,CM,NSE,STK,17738,INE0JO301016,YATHARTH,EQ,,,,,YATHARTH HOSP & TRA C S L,838.70,859.80,838.00,854.00,857.00,842.85,,853.99,,,218447,186257265.45,13481,F1,1,,,,,
2026-08-18,2026-08-18,CM,NSE,STK,18760,INE0JR601024,YATRA,EQ,,,,,YATRA ONLINE LIMITED,114.50,117.20,112.86,115.50,115.49,113.95,,115.49,,,942576,108512200.23,10910,F1,1,,,,,
2026-08-18,2026-08-18,CM,NSE,STK,11915,INE528G01035,YESBANK,EQ,,,,,YES BANK LIMITED,22.90,22.97,22.45,22.46,22.46,22.92,,22.46,,,49817232,1126301212.97,64577,F1,1,,,,,
2026-08-18,2026-08-18,CM,NSE,STK,765010,INE290E01011,YOGI,EQ,,,,,YOGI LTD.,157.45,174.00,155.00,155.82,174.00,160.90,,156.23,,,1224,191424.50,31,F1,1,,,,,
2026-08-18,2026-08-18,CM,NSE,STK,18040,INE09FA01019,YUDIZ,SM,,,,,YUDIZ SOLUTIONS LIMITED,23.40,23.50,23.40,23.40,23.40,24.60,,23.40,,,7200,168640.00,8,F1,800,,,,,
2026-08-18,2026-08-18,CM,NSE,STK,5501,INE384C01016,YUKEN,EQ,,,,,YUKEN INDIA LIMITED,836.10,892.30,814.10,881.95,880.00,821.95,,881.92,,,23830,20733940.30,1884,F1,1,,,,,
2026-08-18,2026-08-18,CM,NSE,STK,4229,INE116C01012,ZFSTEERING,EQ,,,,,Z F STEERING GEAR (I) LTD,674.60,695.00,663.45,679.80,683.00,673.60,,679.49,,,3477,2369199.75,149,F1,1,,,,,
2026-08-18,2026-08-18,CM,NSE,STK,23976,INE0ISZ01012,ZTECH,SM,,,,,Z-TECH (INDIA) LIMITED,501.05,510.00,497.00,502.70,500.30,499.40,,502.70,,,22800,11518020.00,43,F1,300,,,,,
2026-08-18,2026-08-18,CM,NSE,STK,18608,INE07K301024,ZAGGLE,EQ,,,,,ZAGGLE PREPA OCEAN SER L,160.61,169.90,154.36,165.88,165.94,160.48,,165.88,,,19851829,3277049338.75,157146,F1,1,,,,,
2026-08-18,2026-08-18,CM,NSE,STK,17766,INE0PPS01018,ZEAL,SM,,,,,ZEAL GLOBAL SERVICES LTD,63.50,65.90,63.50,64.05,64.05,63.50,,64.05,,,4200,271110.00,7,F1,600,,,,,
2026-08-18,2026-08-18,CM,NSE,STK,3812,INE256A01028,ZEEL,EQ,,,,,ZEE ENTERTAINMENT ENT LTD,104.87,106.95,103.50,105.32,105.00,104.87,,105.32,,,24564113,2585785573.68,68302,F1,1,,,,,
2026-08-18,2026-08-18,CM,NSE,STK,20856,INE565L01011,ZEELEARN,BE,,,,,ZEE LEARN LIMITED,8.08,8.08,7.80,7.85,7.85,7.98,,7.85,,,148876,1170452.50,324,F1,1,,,,,
2026-08-18,2026-08-18,CM,NSE,STK,14003,INE966H01019,ZEEMEDIA,EQ,,,,,ZEE MEDIA CORPORATION LTD,9.72,9.85,9.30,9.38,9.39,9.70,,9.38,,,9984323,95449824.19,11898,F1,1,,,,,
2026-08-18,2026-08-18,CM,NSE,STK,7508,INE251B01027,ZENTEC,EQ,,,,,ZEN TECHNOLOGIES LIMITED,1860.10,2012.40,1855.20,1982.40,1985.00,1864.50,,1982.37,,,2742695,5403566813.40,139099,F1,1,,,,,
2026-08-18,2026-08-18,CM,NSE,STK,4176,INE058B01018,ZENITHEXPO,EQ,,,,,ZENITH EXPORTS LTD,195.55,204.19,194.29,197.45,197.00,204.51,,197.45,,,1132,224750.41,60,F1,1,,,,,
2026-08-18,2026-08-18,CM,NSE,STK,14562,INE318D01020,ZENITHSTL,EQ,,,,,ZENITH STEEL PIP IND LTD,5.37,5.58,5.37,5.51,5.55,5.48,,5.51,,,28389,156651.00,121,F1,1,,,,,
2026-08-18,2026-08-18,CM,NSE,STK,1076,INE520A01027,ZENSARTECH,EQ,,,,,ZENSAR TECHNOLOGIES  LTD,490.50,493.20,483.00,484.90,483.50,490.75,,484.84,,,477870,232125922.60,15008,F1,1,,,,,
2026-08-18,2026-08-18,CM,NSE,STK,22901,INF0R8F01042,GOLDCASE,EQ,,,,,ZERODHAAMC - GOLDCASE,23.96,24.54,23.96,24.07,24.09,24.06,,24.07,,,5556353,133752917.63,6814,F1,1,,,,,
2026-08-18,2026-08-18,CM,NSE,STK,21750,INF0R8F01034,LIQUIDCASE,EQ,,,,,ZERODHAAMC - LIQUIDCASE,115.51,115.53,115.51,115.51,115.51,115.49,,115.51,,,13077255,1510637817.88,10123,F1,1,,,,,
2026-08-18,2026-08-18,CM,NSE,STK,758705,INF0R8F01133,LTGILTCASE,EQ,,,,,ZERODHAAMC - LTGILTCASE,31.23,31.23,30.54,30.59,30.61,30.62,,30.59,,,74756,2287048.18,125,F1,1,,,,,
2026-08-18,2026-08-18,CM,NSE,STK,24077,INF0R8F01059,MID150CASE,EQ,,,,,ZERODHAAMC - MID150CASE,11.84,12.13,11.75,11.78,11.79,11.84,,11.78,,,892340,10513502.66,3217,F1,1,,,,,
2026-08-18,2026-08-18,CM,NSE,STK,759302,INF0R8F01166,NIFTYCASE,EQ,,,,,ZERODHAAMC - NIFTYCASE,10.02,10.02,9.71,9.74,9.75,9.78,,9.74,,,616924,6006324.36,1690,F1,1,,,,,
2026-08-18,2026-08-18,CM,NSE,STK,30274,INF0R8F01091,SILVERCASE,EQ,,,,,ZERODHAAMC - SILVERCASE,24.30,24.30,23.45,23.51,23.52,23.71,,23.51,,,3495428,82257720.91,4802,F1,1,,,,,
2026-08-18,2026-08-18,CM,NSE,STK,758955,INF0R8F01141,SML100CASE,EQ,,,,,ZERODHAAMC - SML100CASE,11.30,11.30,11.21,11.25,11.27,11.28,,11.25,,,806253,9071051.83,1458,F1,1,,,,,
2026-08-18,2026-08-18,CM,NSE,STK,24081,INF0R8F01067,TOP100CASE,EQ,,,,,ZERODHAAMC - TOP100CASE,10.73,10.81,10.60,10.69,10.68,10.73,,10.69,,,640952,6852125.53,955,F1,1,,,,,
2026-08-18,2026-08-18,CM,NSE,STK,16915,INE342J01019,ZFCVINDIA,EQ,,,,,ZF COM VE CTR SYS IND LTD,2612.00,2691.00,2601.00,2672.70,2670.00,2623.70,,2672.86,,,142083,376948439.80,15710,F1,1,,,,,
2026-08-18,2026-08-18,CM,NSE,STK,12384,INE518E01015,ZIMLAB,EQ,,,,,ZIM LABORATORIES LIMITED,115.00,115.40,110.22,114.51,114.78,115.20,,114.50,,,56724,6408309.08,2511,F1,1,,,,,
2026-08-18,2026-08-18,CM,NSE,STK,3821,INE206B01013,ZODIACLOTH,EQ,,,,,ZODIAC CLOTHING CO. LTD.,74.02,75.00,74.02,74.86,75.00,75.60,,74.83,,,2596,193479.19,78,F1,1,,,,,
2026-08-18,2026-08-18,CM,NSE,STK,7129,INE761Y01019,ZODIAC,EQ,,,,,ZODIAC ENERGY LIMITED,260.00,262.80,251.05,256.05,257.95,256.25,,256.01,,,20013,5127133.55,1220,F1,1,,,,,
2026-08-18,2026-08-18,CM,NSE,STK,11394,INE358U01012,ZOTA,EQ,,,,,ZOTA HEALTH CARE LIMITED,1116.90,1127.20,1076.40,1085.40,1085.00,1111.40,,1085.40,,,100892,111178083.10,5161,F1,1,,,,,
2026-08-18,2026-08-18,CM,NSE,STK,29050,INE840M01016,ZUARI,EQ,,,,,ZUARI AGRO CHEMICALS LTD,222.60,227.62,220.97,225.70,225.13,222.71,,225.70,,,77311,17380160.10,2325,F1,1,,,,,
2026-08-18,2026-08-18,CM,NSE,STK,3827,INE217A01012,ZUARIIND,EQ,,,,,ZUARI INDUSTRIES LIMITED,259.95,269.00,257.05,260.45,260.50,256.45,,260.45,,,100921,26567604.15,2884,F1,1,,,,,
2026-08-18,2026-08-18,CM,NSE,STK,7929,INE010B01027,ZYDUSLIFE,EQ,,,,,ZYDUS LIFESCIENCES LTD,1131.90,1144.10,1115.60,1115.60,1115.60,1131.50,,1115.60,,,810133,912723176.10,23793,F1,1,,,,,
2026-08-18,2026-08-18,CM,NSE,STK,17635,INE768C01028,ZYDUSWELL,EQ,,,,,ZYDUS WELLNESS LIMITED,507.60,509.95,492.10,496.65,496.90,510.15,,496.65,,,201281,100811062.35,10513,F1,1,,,,,
