TradDt,BizDt,Sgmt,Src,FinInstrmTp,FinInstrmId,ISIN,TckrSymb,SctySrs,XpryDt,FininstrmActlXpryDt,StrkPric,OptnTp,FinInstrmNm,OpnPric,HghPric,LwPric,ClsPric,LastPric,PrvsClsgPric,UndrlygPric,SttlmPric,OpnIntrst,ChngInOpnIntrst,TtlTradgVol,TtlTrfVal,TtlNbOfTxsExctd,SsnId,NewBrdLotQty,Rmks,Rsvd1,Rsvd2,Rsvd3,Rsvd4
2026-07-28,2026-07-28,CM,NSE,STK,19078,IN0020200104,SGBJUN28,GB,,,,,2.5%GOLDBONDS2028SR-III,14150.00,14150.00,14036.00,14063.15,14036.00,14220.00,,14064.83,,,170,2391535.04,83,F1,1,,,,,
2026-07-28,2026-07-28,CM,NSE,STK,1342,IN0020200286,SGBN28VIII,GB,,,,,2.5%GOLDBONDS2028SR-VIII,14189.85,14189.85,14101.00,14108.71,14110.00,14201.00,,14108.71,,,59,833369.85,24,F1,1,,,,,
2026-07-28,2026-07-28,CM,NSE,STK,3742,IN0020210053,SGBMAY29I,GB,,,,,2.5%GOLDBONDS2029SR-I,14200.00,14200.00,14051.00,14101.66,14100.00,14235.03,,14096.97,,,253,3575477.46,45,F1,1,,,,,
2026-07-28,2026-07-28,CM,NSE,STK,3743,IN0020210061,SGBJUN29II,GB,,,,,2.5%GOLDBONDS2029SR-II,14248.99,14248.99,14061.00,14107.21,14100.00,14249.00,,14099.58,,,147,2076499.29,27,F1,1,,,,,
2026-07-28,2026-07-28,CM,NSE,STK,3800,IN0020210087,SGBJU29III,GB,,,,,2.5%GOLDBONDS2029SR-III,14055.00,14124.99,14055.00,14100.00,14100.00,14200.01,,14100.00,,,73,1028646.23,33,F1,1,,,,,
2026-07-28,2026-07-28,CM,NSE,STK,5575,IN0020210145,SGBSEP29VI,GB,,,,,2.5%GOLDBONDS2029SR-VI,14170.00,14176.00,14110.00,14127.77,14110.00,14235.00,,14128.70,,,39,551932.90,20,F1,1,,,,,
2026-07-28,2026-07-28,CM,NSE,STK,6518,IN0020210178,SGBNV29VII,GB,,,,,2.5%GOLDBONDS2029SR-VII,14151.00,14195.00,14075.00,14120.06,14195.00,14246.53,,14112.67,,,140,1975788.99,35,F1,1,,,,,
2026-07-28,2026-07-28,CM,NSE,STK,10261,IN0020190073,SGBJUN27,GB,,,,,2.50%GOLDBONDS2027SR-I,14100.00,14100.00,14061.00,14061.00,14061.00,14007.01,,14061.00,,,9,126604.48,3,F1,1,,,,,
2026-07-28,2026-07-28,CM,NSE,STK,11154,IN0020190081,SGBJUL27,GB,,,,,2.50%GOLDBONDS2027SR-II,14125.00,14125.00,14070.00,14078.18,14079.00,14125.00,,14078.18,,,13,183110.00,3,F1,1,,,,,
2026-07-28,2026-07-28,CM,NSE,STK,12904,IN0020190107,SGBAUG27,GB,,,,,2.50%GOLDBONDS2027SR-III,14250.00,14250.00,14200.00,14205.00,14205.00,14318.00,,14253.50,,,62,882295.00,17,F1,1,,,,,
2026-07-28,2026-07-28,CM,NSE,STK,13209,IN0020190115,SGBSEP27,GB,,,,,2.50%GOLDBONDS2027SR-IV,14100.00,14100.00,14100.00,14100.00,14100.00,14231.00,,14100.00,,,2,28200.00,1,F1,1,,,,,
2026-07-28,2026-07-28,CM,NSE,STK,13981,IN0020190370,SGBOCT27,GB,,,,,2.50%GOLDBONDS2027SR-V,14150.00,14150.00,14051.00,14080.00,14080.00,14300.00,,14080.00,,,6,84591.00,4,F1,1,,,,,
2026-07-28,2026-07-28,CM,NSE,STK,14252,IN0020190388,SGBOCT27VI,GB,,,,,2.50%GOLDBONDS2027SR-VI,14150.00,14150.00,14051.00,14076.00,14076.00,14209.00,,14061.00,,,13,183282.00,7,F1,1,,,,,
2026-07-28,2026-07-28,CM,NSE,STK,15432,IN0020190461,SGBDC27VII,GB,,,,,2.50%GOLDBONDS2027SR-VII,14150.00,14220.75,14150.00,14208.89,14200.00,14208.25,,14208.89,,,54,767234.75,8,F1,1,,,,,
2026-07-28,2026-07-28,CM,NSE,STK,18862,IN0020200062,SGBAPR28I,GB,,,,,2.50%GOLDBONDS2028SR-I,14366.47,14366.47,14107.11,14108.37,14107.11,14297.77,,14109.36,,,251,3560161.48,69,F1,1,,,,,
2026-07-28,2026-07-28,CM,NSE,STK,18972,IN0020200088,SGBMAY28,GB,,,,,2.50%GOLDBONDS2028SR-II,14200.00,14200.00,14061.50,14081.32,14082.00,14201.16,,14077.04,,,136,1915802.12,47,F1,1,,,,,
2026-07-28,2026-07-28,CM,NSE,STK,22242,IN0020200146,SGBJUL28IV,GB,,,,,2.50%GOLDBONDS2028SR-IV,14146.00,14146.00,14055.00,14070.76,14070.00,14200.00,,14070.64,,,376,5293143.63,57,F1,1,,,,,
2026-07-28,2026-07-28,CM,NSE,STK,22385,IN0020200161,SGBAUG28V,GB,,,,,2.50%GOLDBONDS2028SR-V,14324.00,14326.69,14155.01,14203.20,14205.00,14354.09,,14203.20,,,2344,33318954.66,130,F1,1,,,,,
2026-07-28,2026-07-28,CM,NSE,STK,149,IN0020200195,SGBSEP28VI,GB,,,,,2.50%GOLDBONDS2028SR-VI,14321.69,14321.69,14133.00,14134.07,14134.05,14250.44,,14138.26,,,170,2405211.56,25,F1,1,,,,,
2026-07-28,2026-07-28,CM,NSE,STK,834,IN0020200203,SGBOC28VII,GB,,,,,2.50%GOLDBONDS2028SR-VII,14200.81,14200.81,14101.00,14117.40,14104.00,14243.81,,14117.40,,,24,339063.91,16,F1,1,,,,,
2026-07-28,2026-07-28,CM,NSE,STK,17110,IN0020190537,SGBJ28VIII,GB,,,,,2.50%GOLDBONDS2028SR-VIII,14099.99,14130.00,14051.00,14061.44,14061.00,14194.99,,14061.44,,,182,2569793.93,13,F1,1,,,,,
2026-07-28,2026-07-28,CM,NSE,STK,18451,IN0020190552,SGBMAR28X,GB,,,,,2.50%GOLDBONDS2028SR-X,14146.00,14160.00,14100.00,14102.51,14100.00,14199.00,,14102.51,,,126,1777556.80,14,F1,1,,,,,
2026-07-28,2026-07-28,CM,NSE,STK,5113,IN0020210111,SGBJUL29IV,GB,,,,,2.50%GOLDBONDS2029SR-IV,14166.00,14166.00,14066.01,14108.30,14080.00,14200.00,,14108.30,,,240,3388799.58,52,F1,1,,,,,
2026-07-28,2026-07-28,CM,NSE,STK,1920,IN0020200377,SGBJAN29IX,GB,,,,,2.50%GOLDBONDS2029SR-IX,14050.00,14130.00,14050.00,14086.49,14099.99,14197.20,,14086.49,,,132,1862933.20,37,F1,1,,,,,
2026-07-28,2026-07-28,CM,NSE,STK,5455,IN0020210129,SGBAUG29V,GB,,,,,2.50%GOLDBONDS2029SR-V,14335.94,14339.94,14150.00,14233.40,14267.00,14412.35,,14213.37,,,160,2273161.07,38,F1,1,,,,,
2026-07-28,2026-07-28,CM,NSE,STK,7098,IN0020210228,SGBD29VIII,GB,,,,,2.50%GOLDBONDS2029SR-VIII,14270.00,14270.00,14086.05,14152.64,14150.00,14280.00,,14152.81,,,185,2621517.24,117,F1,1,,,,,
2026-07-28,2026-07-28,CM,NSE,STK,2003,IN0020200385,SGBJAN29X,GB,,,,,2.50%GOLDBONDS2029SR-X,14100.00,14150.80,14051.91,14124.88,14150.80,14200.00,,14124.88,,,145,2047266.32,39,F1,1,,,,,
2026-07-28,2026-07-28,CM,NSE,STK,2200,IN0020200393,SGBFEB29XI,GB,,,,,2.50%GOLDBONDS2029SR-XI,14300.00,14300.00,14110.00,14277.00,14277.00,14375.24,,14277.00,,,31,439688.26,12,F1,1,,,,,
2026-07-28,2026-07-28,CM,NSE,STK,2810,IN0020200427,SGBMR29XII,GB,,,,,2.50%GOLDBONDS2029SR-XII,14181.00,14184.99,14111.00,14120.38,14120.01,14240.27,,14122.74,,,188,2660362.87,18,F1,1,,,,,
2026-07-28,2026-07-28,CM,NSE,STK,10232,IN0020220045,SGBJUN30,GB,,,,,2.50%GOLDBONDS2030SR-I,14346.00,14346.00,14161.01,14200.00,14200.00,14350.00,,14200.00,,,123,1751609.74,50,F1,1,,,,,
2026-07-28,2026-07-28,CM,NSE,STK,11192,IN0020220078,SGBAUG30,GB,,,,,2.50%GOLDBONDS2030SR-II,14303.20,14328.99,14215.00,14244.49,14240.00,14436.56,,14247.68,,,305,4350467.97,88,F1,1,,,,,
2026-07-28,2026-07-28,CM,NSE,STK,13642,IN0020220110,SGBDE30III,GB,,,,,2.50%GOLDBONDS2030SR-III,14356.00,14494.99,14306.00,14372.13,14316.01,14579.98,,14383.57,,,256,3692055.42,40,F1,1,,,,,
2026-07-28,2026-07-28,CM,NSE,STK,7879,IN0020210236,SGBJAN30IX,GB,,,,,2.50%GOLDBONDS2030SR-IX,14260.00,14290.00,14115.00,14124.50,14115.00,14266.66,,14124.50,,,107,1514819.87,39,F1,1,,,,,
2026-07-28,2026-07-28,CM,NSE,STK,8401,IN0020210319,SGBMAR30X,GB,,,,,2.50%GOLDBONDS2030SR-X,14295.00,14581.35,14175.00,14197.69,14199.00,14295.42,,14197.69,,,117,1667914.18,19,F1,1,,,,,
2026-07-28,2026-07-28,CM,NSE,STK,17202,IN0020230069,SGBJUN31I,GB,,,,,2.50%GOLDBONDS2031SR-I,14449.98,14500.01,14401.00,14426.16,14410.00,14489.29,,14415.21,,,227,3280411.64,80,F1,1,,,,,
2026-07-28,2026-07-28,CM,NSE,STK,19456,IN0020230093,SGBSEP31II,GB,,,,,2.50%GOLDBONDS2031SR-II,14516.00,14536.99,14333.55,14392.52,14400.00,14561.56,,14392.14,,,776,11221044.39,163,F1,1,,,,,
2026-07-28,2026-07-28,CM,NSE,STK,22476,IN0020230168,SGBDE31III,GB,,,,,2.50%GOLDBONDS2031SR-III,14499.00,14525.97,14390.00,14413.44,14450.00,14595.43,,14413.35,,,1971,28498266.34,288,F1,1,,,,,
2026-07-28,2026-07-28,CM,NSE,STK,14598,IN0020220169,SGBMAR31IV,GB,,,,,2.50%GOLDBONDS2031SR-IV,14400.00,14479.90,14252.00,14350.00,14350.00,14527.97,,14350.00,,,233,3348705.64,68,F1,1,,,,,
2026-07-28,2026-07-28,CM,NSE,STK,22886,IN0020230184,SGBFEB32IV,GB,,,,,2.50%GOLDBONDS2032SR-IV,14640.00,14665.00,14501.01,14531.75,14565.00,14699.46,,14531.69,,,1962,28583115.31,326,F1,1,,,,,
2026-07-28,2026-07-28,CM,NSE,STK,16921,INE144J01027,20MICRONS,EQ,,,,,20 MICRONS LTD,204.05,206.99,198.14,201.63,201.10,204.00,,201.64,,,156781,31697267.21,3747,F1,1,,,,,
2026-07-28,2026-07-28,CM,NSE,STK,4,INE253B01015,21STCENMGM,EQ,,,,,21ST CENTURY MGMT SERVICE,38.60,38.60,38.60,38.60,38.60,37.85,,38.22,,,5934,229052.40,15,F1,1,,,,,
2026-07-28,2026-07-28,CM,NSE,STK,13061,INE466L01038,360ONE,EQ,,,,,360 ONE WAM LIMITED,1139.50,1139.50,1122.40,1128.30,1126.00,1132.70,,1128.30,,,617932,698029332.30,24145,F1,1,,,,,
2026-07-28,2026-07-28,CM,NSE,STK,30105,INF579M01BB5,GOLD360,EQ,,,,,360ONEAMC - GOLD360,139.85,139.85,137.45,137.80,137.95,139.85,,137.85,,,8803,1216757.25,207,F1,1,,,,,
2026-07-28,2026-07-28,CM,NSE,STK,763602,INF579M01BP5,MSCI360,EQ,,,,,360ONEAMC - MSCI360,10.09,10.12,10.00,10.00,10.00,10.09,,10.00,,,94,948.35,12,F1,1,,,,,
2026-07-28,2026-07-28,CM,NSE,STK,756150,INF579M01BC3,SILVER360,EQ,,,,,360ONEAMC - SILVER360,216.90,216.90,212.50,212.99,213.00,218.77,,212.99,,,18117,3864104.61,393,F1,1,,,,,
2026-07-28,2026-07-28,CM,NSE,STK,762518,INE994E01018,3BBLACKBIO,EQ,,,,,3B BLACKBIO DX LTD.,1289.70,1305.90,1267.00,1298.80,1281.30,1292.30,,1298.30,,,10694,13771260.40,1644,F1,1,,,,,
2026-07-28,2026-07-28,CM,NSE,STK,6232,INE748C01038,3IINFOLTD,EQ,,,,,3I INFOTECH LIMITED,20.89,22.20,20.37,21.97,22.02,20.68,,21.97,,,2178877,47061620.54,5823,F1,1,,,,,
2026-07-28,2026-07-28,CM,NSE,STK,474,INE470A01017,3MINDIA,EQ,,,,,3M INDIA LIMITED,35195.00,35455.00,34700.00,35090.00,35220.00,35195.00,,35090.00,,,2192,76701295.00,1211,F1,1,,,,,
2026-07-28,2026-07-28,CM,NSE,STK,2595,INE105C01023,3PLAND,EQ,,,,,3P LAND HOLDINGS LIMITED,32.29,32.99,31.90,32.28,32.64,32.29,,32.55,,,1340,43413.70,69,F1,1,,,,,
2026-07-28,2026-07-28,CM,NSE,STK,445,INE618L01018,5PAISA,EQ,,,,,5PAISA CAPITAL LIMITED,369.30,370.85,351.60,353.00,352.25,369.25,,353.05,,,58490,21018700.75,2255,F1,1,,,,,
2026-07-28,2026-07-28,CM,NSE,STK,11868,INE111B01023,63MOONS,EQ,,,,,63 MOONS TECHNOLOGIES LTD,732.80,784.90,732.65,755.65,759.40,728.80,,755.50,,,1046124,799148611.55,36103,F1,1,,,,,
2026-07-28,2026-07-28,CM,NSE,STK,29312,INE031A07865,751HUDCO28,N5,,,,,7.51 NCD 16FEB28 TR1 SR2,1062.01,1062.01,1062.01,1062.01,1062.01,1069.97,,1062.01,,,10,10620.10,2,F1,1,,,,,
2026-07-28,2026-07-28,CM,NSE,STK,20034,INE261F07032,764NABAR31,N2,,,,,7.64% TAX FREE TRI SRIIB,1106.15,1115.43,1106.15,1115.43,1115.43,1106.64,,1115.43,,,34,37692.62,2,F1,1,,,,,
2026-07-28,2026-07-28,CM,NSE,STK,19928,INE031A07AO5,764HUDCO31,N8,,,,,7.64% TAX FREETRI SR2B,1115.00,1115.00,1115.00,1115.00,1115.00,1112.00,,1115.00,,,1,1115.00,1,F1,1,,,,,
2026-07-28,2026-07-28,CM,NSE,STK,19930,INE031A07AT4,769HUDCO31,N9,,,,,7.69% TAX FREETRII SR2B,1128.00,1128.05,1128.00,1128.00,1128.00,1128.00,,1127.55,,,100,112800.40,5,F1,1,,,,,
2026-07-28,2026-07-28,CM,NSE,STK,19924,INE020B07GH7,812REC27,NI,,,,,8.12/8.32% TAX FREE NCD,1027.35,1027.35,1027.35,1027.35,1027.35,1023.25,,1024.68,,,110,113008.50,1,F1,1,,,,,
2026-07-28,2026-07-28,CM,NSE,STK,31240,INE031A07840,82HUDCO27,N2,,,,,8.20 NCD05MAR27 FV 1000,1043.26,1043.33,1043.26,1043.33,1043.33,1043.26,,1043.33,,,1500,1564925.00,10,F1,1,,,,,
2026-07-28,2026-07-28,CM,NSE,STK,19964,INE031A07915,851HUDCO28,NB,,,,,8.51% TAX FREETRI SR2A,1345.00,1345.00,1345.00,1345.00,1345.00,1121.00,,1345.00,,,11,14795.00,2,F1,1,,,,,
2026-07-28,2026-07-28,CM,NSE,STK,192,INE906B07DF8,875NHAI29,N6,,,,,8.75% TAX FREE TR I S IIB,1111.69,1112.00,1107.10,1112.00,1112.00,1112.00,,1112.00,,,456,506735.35,14,F1,1,,,,,
2026-07-28,2026-07-28,CM,NSE,STK,19968,INE031A07949,876HUDCO28,ND,,,,,8.76% TAX FREETRI SR2B,1141.00,1141.99,1141.00,1141.00,1141.00,1143.00,,1141.00,,,550,627938.00,4,F1,1,,,,,
2026-07-28,2026-07-28,CM,NSE,STK,31768,INE733E07JJ9,891NTPC33,N6,,,,,8.91%S-R-NCD SERIES 3B,1275.05,1280.00,1275.00,1280.00,1280.00,1271.15,,1280.00,,,69,88233.55,6,F1,1,,,,,
2026-07-28,2026-07-28,CM,NSE,STK,31487,INE848E07567,892NHPC33,N6,,,,,8.92% SEC RED BOND S3B,1274.50,1274.50,1274.50,1274.50,1274.50,1274.50,,1274.50,,,50,63725.00,2,F1,1,,,,,
2026-07-28,2026-07-28,CM,NSE,STK,20028,INE134E07463,892PFCL33,N8,,,,,8.92% TAX FREE NCD,1280.00,1280.00,1280.00,1280.00,1280.00,1280.50,,1280.00,,,500,640000.00,3,F1,1,,,,,
2026-07-28,2026-07-28,CM,NSE,STK,19970,INE031A07AB2,901HUDCO34,NE,,,,,9.01% TAX FREETRII SR3B,1285.00,1285.00,1285.00,1285.00,1285.00,1280.00,,1285.00,,,10,12850.00,3,F1,1,,,,,
2026-07-28,2026-07-28,CM,NSE,STK,759130,INE08PH01015,ABCOTS,EQ,,,,,A B COTSPIN INDIA LIMITED,203.90,203.90,199.00,200.23,201.00,201.58,,200.25,,,10374,2095730.43,386,F1,1,,,,,
2026-07-28,2026-07-28,CM,NSE,STK,27020,INE00YB01025,ABINFRA,EQ,,,,,A B INFRABUILD LIMITED,10.33,10.54,10.01,10.08,10.07,10.33,,10.08,,,1904991,19372939.98,1499,F1,1,,,,,
2026-07-28,2026-07-28,CM,NSE,STK,762528,INE850B01026,ABMKNO,EQ,,,,,A B M KNOWLEDGEWARE LTD.,197.00,200.00,190.20,193.62,196.00,197.99,,193.61,,,531,102937.14,39,F1,1,,,,,
2026-07-28,2026-07-28,CM,NSE,STK,762533,INE366C01021,ACSTECH,EQ,,,,,A C S TECHNOLOGIES LTD.,40.42,41.48,39.20,40.32,39.30,40.51,,40.32,,,439909,17877868.48,923,F1,1,,,,,
2026-07-28,2026-07-28,CM,NSE,STK,15147,INE0O6N01012,AGUL,SM,,,,,A G UNIVERSAL LIMITED,62.65,62.65,62.60,62.60,62.60,60.50,,62.60,,,4000,250500.00,2,F1,2000,,,,,
2026-07-28,2026-07-28,CM,NSE,STK,762538,INE701G01012,AKCAPIT,EQ,,,,,A K CAPITAL SERVICES LTD.,1750.00,1769.90,1640.00,1691.80,1727.90,1749.60,,1692.70,,,5983,10445484.50,831,F1,1,,,,,
2026-07-28,2026-07-28,CM,NSE,STK,20906,INE619I01012,A2ZINFRA,EQ,,,,,A2Z INFRA ENGINEERING LTD,12.27,12.64,12.00,12.06,12.20,12.34,,12.08,,,102058,1238614.15,566,F1,1,,,,,
2026-07-28,2026-07-28,CM,NSE,STK,12533,INE0D0U01013,AAATECH,EQ,,,,,AAA TECHNOLOGIES LIMITED,92.42,92.42,90.00,90.47,90.00,91.40,,90.51,,,5715,520401.53,395,F1,1,,,,,
2026-07-28,2026-07-28,CM,NSE,STK,23729,INE883F01010,AADHARHFC,EQ,,,,,AADHAR HOUSING FINANCE L,498.65,504.30,496.50,497.85,496.50,502.00,,497.85,,,160190,80165454.75,15195,F1,1,,,,,
2026-07-28,2026-07-28,CM,NSE,STK,235,INE087Z01024,AAKASH,EQ,,,,,AAKASH EXPLORATION SER L,9.00,9.20,8.86,8.94,9.00,9.00,,8.94,,,155389,1396715.68,296,F1,1,,,,,
2026-07-28,2026-07-28,CM,NSE,STK,758120,INE124401014,AARADHYA,SM,,,,,AARADHYA DISPOSAL INDUS L,78.90,78.90,78.90,78.90,78.90,72.00,,78.90,,,1200,94680.00,1,F1,1200,,,,,
2026-07-28,2026-07-28,CM,NSE,STK,5248,INE198H01019,AAREYDRUGS,BE,,,,,AAREY DRUGS & PHARM LTD,76.32,77.15,74.44,77.15,77.15,75.95,,77.52,,,24006,1845273.52,34,F1,1,,,,,
2026-07-28,2026-07-28,CM,NSE,STK,761821,INE750R01016,AARNAV,EQ,,,,,AARNAV FASHIONS LIMITED,30.02,33.45,30.02,31.30,30.51,31.63,,31.37,,,111259,3587771.32,1303,F1,1,,,,,
2026-07-28,2026-07-28,CM,NSE,STK,1030,INE721Z01010,AARON,EQ,,,,,AARON INDUSTRIES LIMITED,142.40,147.00,133.61,141.84,141.99,141.95,,141.84,,,107487,14968467.67,3231,F1,1,,,,,
2026-07-28,2026-07-28,CM,NSE,STK,17164,INE01C001026,AARTECH,BE,,,,,AARTECH SOLONICS LIMITED,47.21,47.21,44.85,45.82,45.77,47.21,,45.82,,,20850,957573.22,150,F1,1,,,,,
2026-07-28,2026-07-28,CM,NSE,STK,4481,INE767A01016,AARTIDRUGS,EQ,,,,,AARTI DRUGS LTD.,413.40,414.40,406.10,408.30,406.60,410.95,,408.25,,,71277,29219935.50,2490,F1,1,,,,,
2026-07-28,2026-07-28,CM,NSE,STK,7,INE769A01020,AARTIIND,EQ,,,,,AARTI INDUSTRIES LTD,489.00,489.00,475.10,476.75,476.00,486.10,,476.75,,,270826,130058062.55,13102,F1,1,,,,,
2026-07-28,2026-07-28,CM,NSE,STK,13868,INE0LRU01027,AARTIPHARM,EQ,,,,,AARTI PHARMALABS LIMITED,684.00,688.40,673.20,675.65,676.15,684.35,,675.65,,,59177,40194418.00,8794,F1,1,,,,,
2026-07-28,2026-07-28,CM,NSE,STK,19233,INE09EO01013,AARTISURF,EQ,,,,,AARTI SURFACTANTS LIMITED,408.00,409.20,377.00,379.65,377.00,398.30,,379.65,,,33794,13081307.15,1072,F1,1,,,,,
2026-07-28,2026-07-28,CM,NSE,STK,19073,INE754X01016,AARVI,EQ,,,,,AARVI ENCON LIMITED,159.50,164.00,150.00,150.67,150.00,157.32,,150.67,,,46682,7263055.03,1621,F1,1,,,,,
2026-07-28,2026-07-28,CM,NSE,STK,763800,INE2FMX01012,AASTHA,EQ,,,,,AASTHA SPINTEX LIMITED,103.90,105.79,81.90,81.90,81.90,102.37,,81.91,,,14134979,1247476220.01,36637,F1,1,,,,,
2026-07-28,2026-07-28,CM,NSE,STK,5385,INE216P01012,AAVAS,EQ,,,,,AAVAS FINANCIERS LIMITED,1384.00,1388.90,1367.80,1376.10,1374.80,1390.60,,1376.10,,,31601,43532166.70,7596,F1,1,,,,,
2026-07-28,2026-07-28,CM,NSE,STK,7759,INE421A01028,ABAN,BE,,,,,ABAN OFFSHORE LTD.,15.08,15.08,14.76,14.82,14.94,14.96,,14.82,,,19648,293085.89,162,F1,1,,,,,
2026-07-28,2026-07-28,CM,NSE,STK,762526,INE365O01028,ABANSENT,BE,,,,,ABANS ENTERPRISES LTD.,26.49,27.27,25.95,26.45,26.88,26.49,,26.65,,,2266,59487.32,37,F1,1,,,,,
2026-07-28,2026-07-28,CM,NSE,STK,13288,INE00ZE01026,AFSL,EQ,,,,,ABANS FINANCIAL SRVCS LTD,201.20,201.68,201.00,201.00,201.00,201.03,,201.01,,,4753,955463.66,46,F1,1,,,,,
2026-07-28,2026-07-28,CM,NSE,STK,13,INE117A01022,ABB,EQ,,,,,ABB INDIA LIMITED,7327.50,7350.00,7190.00,7243.50,7201.50,7327.50,,7243.50,,,293933,2125761706.50,33531,F1,1,,,,,
2026-07-28,2026-07-28,CM,NSE,STK,17903,INE358A01014,ABBOTINDIA,EQ,,,,,ABBOTT INDIA LIMITED,27895.00,27945.00,27745.00,27905.00,27900.00,27800.00,,27905.00,,,6560,182973725.00,3367,F1,1,,,,,
2026-07-28,2026-07-28,CM,NSE,STK,27284,INE0UYG01015,ABHAPOWER,SM,,,,,ABHA POWER N STEEL LTD,25.00,26.00,24.30,25.30,25.30,25.15,,25.30,,,14400,359920.00,9,F1,1600,,,,,
2026-07-28,2026-07-28,CM,NSE,STK,5549,INE251C01025,ABMINTLLTD,EQ,,,,,ABM INTERNATIONAL LTD,44.41,44.41,43.99,43.99,43.99,44.63,,43.99,,,14,616.38,4,F1,1,,,,,
2026-07-28,2026-07-28,CM,NSE,STK,23786,INE0QRV01016,ABSMARINE,ST,,,,,ABS MARINE SERVICES LTD,221.00,221.50,217.00,218.25,219.05,220.70,,218.25,,,15000,3290750.00,26,F1,500,,,,,
2026-07-28,2026-07-28,CM,NSE,STK,22,INE012A01025,ACC,EQ,,,,,ACC LIMITED,1362.00,1369.90,1328.60,1341.80,1341.10,1358.10,,1341.80,,,286234,386226715.10,20496,F1,1,,,,,
2026-07-28,2026-07-28,CM,NSE,STK,7053,INE793A01012,ACCELYA,EQ,,,,,ACCELYA SOLN INDIA LTD,1179.00,1179.00,1152.60,1159.90,1166.00,1160.40,,1159.80,,,11993,14032691.70,953,F1,1,,,,,
2026-07-28,2026-07-28,CM,NSE,STK,20488,INE0Q5D01013,ACCENTMIC,SM,,,,,ACCENT MICROCELL LIMITED,505.00,508.45,490.00,500.55,505.00,504.25,,500.55,,,38500,19117025.00,75,F1,500,,,,,
2026-07-28,2026-07-28,CM,NSE,STK,757024,INE0T8T01010,ACCPL,ST,,,,,ACCRETION PHARMA LIMITED,162.90,168.00,162.90,168.00,168.00,160.00,,168.00,,,12000,2009340.00,9,F1,1200,,,,,
2026-07-28,2026-07-28,CM,NSE,STK,1472,INE648Z01023,ACCURACY,BE,,,,,ACCURACY SHIPPING LIMITED,5.01,5.03,4.88,4.88,4.88,4.97,,4.89,,,39229,193062.48,124,F1,1,,,,,
2026-07-28,2026-07-28,CM,NSE,STK,11779,INE543V01017,ACEINTEG,EQ,,,,,ACE INTEGRATED SOLU. LTD.,20.38,20.38,19.15,19.20,19.20,19.31,,19.20,,,7828,154037.00,48,F1,1,,,,,
2026-07-28,2026-07-28,CM,NSE,STK,27061,INE622W01025,ACMESOLAR,EQ,,,,,ACME SOLAR HOLDINGS LTD,364.00,367.60,344.70,355.50,353.55,362.40,,355.45,,,2219580,792734486.00,55184,F1,1,,,,,
2026-07-28,2026-07-28,CM,NSE,STK,13587,INE731H01025,ACE,EQ,,,,,ACTION CONST EQUIP LTD,1060.00,1087.50,1053.10,1077.60,1075.00,1061.80,,1077.50,,,671593,724228865.80,23425,F1,1,,,,,
2026-07-28,2026-07-28,CM,NSE,STK,5578,INE00FF01025,ACUTAAS,EQ,,,,,ACUTAAS CHEMICALS LIMITED,3369.70,3388.50,3100.00,3297.70,3383.00,3367.80,,3298.20,,,837706,2698402773.40,81861,F1,1,,,,,
2026-07-28,2026-07-28,CM,NSE,STK,10217,INE931S01010,ADANIENSOL,EQ,,,,,ADANI ENERGY SOLUTION LTD,1701.00,1701.00,1625.00,1649.50,1642.00,1703.30,,1649.50,,,2898705,4819301876.40,73137,F1,1,,,,,
2026-07-28,2026-07-28,CM,NSE,STK,25,INE423A01024,ADANIENT,EQ,,,,,ADANI ENTERPRISES LIMITED,3038.00,3038.00,2996.20,3002.30,3002.80,3036.60,,3002.30,,,1096125,3294738029.70,48333,F1,1,,,,,
2026-07-28,2026-07-28,CM,NSE,STK,3563,INE364U01010,ADANIGREEN,EQ,,,,,ADANI GREEN ENERGY LTD,1405.00,1405.00,1362.80,1377.80,1377.00,1399.70,,1377.80,,,1868013,2576631406.10,44477,F1,1,,,,,
2026-07-28,2026-07-28,CM,NSE,STK,15083,INE742F01042,ADANIPORTS,EQ,,,,,ADANI PORT & SEZ LTD,1770.40,1783.00,1758.90,1774.70,1779.00,1770.40,,1774.70,,,1776549,3146390065.70,143281,F1,1,,,,,
2026-07-28,2026-07-28,CM,NSE,STK,17388,INE814H01029,ADANIPOWER,EQ,,,,,ADANI POWER LTD,213.85,214.80,207.65,208.25,208.47,213.96,,208.25,,,17365344,3641582097.90,99263,F1,1,,,,,
2026-07-28,2026-07-28,CM,NSE,STK,6066,INE399L01023,ATGL,EQ,,,,,ADANI TOTAL GAS LIMITED,661.15,662.80,643.15,645.55,646.30,660.50,,645.55,,,697241,453569827.45,19466,F1,1,,,,,
2026-07-28,2026-07-28,CM,NSE,STK,22468,INE0RDH01021,ADDICTIVE,SM,,,,,ADDICTIVE LEARNING TECH L,41.90,41.90,40.25,41.00,41.00,41.90,,41.00,,,6500,266775.00,7,F1,500,,,,,
2026-07-28,2026-07-28,CM,NSE,STK,19761,INE982B01027,ADFFOODS,EQ,,,,,ADF FOODS LIMITED,310.50,314.35,297.30,299.65,299.80,314.40,,299.70,,,100315,30394072.90,3486,F1,1,,,,,
2026-07-28,2026-07-28,CM,NSE,STK,763156,INE20PL01012,ADISOFT,SM,,,,,ADISOFT TECHNOLOGIES LTD,179.95,182.90,172.60,172.90,172.60,177.10,,172.90,,,52800,9408560.00,49,F1,800,,,,,
2026-07-28,2026-07-28,CM,NSE,STK,6018,INE404A01024,ABSLAMC,EQ,,,,,ADIT BIRL SUN LIF AMC LTD,992.00,1008.70,991.80,999.20,1005.00,989.20,,999.20,,,183500,183555325.80,17125,F1,1,,,,,
2026-07-28,2026-07-28,CM,NSE,STK,21614,INE674K01013,ABCAPITAL,EQ,,,,,ADITYA BIRLA CAPITAL LTD.,400.45,400.45,388.00,391.35,391.35,400.45,,391.35,,,2403472,943301577.70,39124,F1,1,,,,,
2026-07-28,2026-07-28,CM,NSE,STK,30108,INE647O01011,ABFRL,EQ,,,,,ADITYA BIRLA FASHION & RT,57.25,57.55,56.60,56.70,56.70,57.05,,56.70,,,1299518,74039699.76,7782,F1,1,,,,,
2026-07-28,2026-07-28,CM,NSE,STK,756843,INE14LE01019,ABLBL,EQ,,,,,ADITYA BIRLA LIFES BRAN L,95.47,96.15,93.25,93.87,93.71,95.47,,93.88,,,284218,26843649.59,4122,F1,1,,,,,
2026-07-28,2026-07-28,CM,NSE,STK,15239,INE865C01022,BIRLAMONEY,EQ,,,,,ADITYA BIRLA MONEY LTD,131.35,134.50,130.00,130.47,131.00,131.22,,130.47,,,44778,5883238.06,1389,F1,1,,,,,
2026-07-28,2026-07-28,CM,NSE,STK,625,INE055A01016,ABREL,EQ,,,,,ADITYA BIRLA REAL EST LTD,1401.00,1424.00,1387.70,1391.70,1391.10,1400.20,,1391.70,,,69114,96949807.70,7325,F1,1,,,,,
2026-07-28,2026-07-28,CM,NSE,STK,758858,INE819V01029,CPPLUS,EQ,,,,,ADITYA INFOTECH LIMITED,3543.20,3569.90,3402.00,3431.20,3424.00,3557.80,,3431.30,,,100187,348803834.80,19694,F1,1,,,,,
2026-07-28,2026-07-28,CM,NSE,STK,25984,INE679V01027,AVL,EQ,,,,,ADITYA VISION LIMITED,626.00,627.95,618.85,622.30,620.70,623.95,,622.30,,,51031,31752587.70,6667,F1,1,,,,,
2026-07-28,2026-07-28,CM,NSE,STK,23804,INF209KB18D3,BSLGOLDETF,EQ,,,,,ADITYBIRLA SL GOLD ETF-GR,125.06,125.12,124.01,124.40,124.59,126.09,,124.40,,,66541,8285228.00,1527,F1,1,,,,,
2026-07-28,2026-07-28,CM,NSE,STK,24781,INF209KB19D1,BSLNIFTY,EQ,,,,,ADITYBIRLA SL NIF ETF-GR,28.34,28.34,27.90,28.15,28.25,28.18,,28.15,,,604573,17023773.67,3613,F1,1,,,,,
2026-07-28,2026-07-28,CM,NSE,STK,34,INE045A01017,ADOR,EQ,,,,,ADOR WELDING LTD,1519.30,1519.30,1415.00,1456.00,1458.00,1523.00,,1456.00,,,90102,131234683.00,10455,F1,1,,,,,
2026-07-28,2026-07-28,CM,NSE,STK,4953,INE737B01033,ADROITINFO,EQ,,,,,ADROIT INFOTECH LIMITED,9.19,9.58,9.01,9.46,9.50,9.15,,9.46,,,62178,572853.49,135,F1,1,,,,,
2026-07-28,2026-07-28,CM,NSE,STK,760657,INE0ALI01010,ADVAIT,EQ,,,,,ADVAIT ENRGY TRANSITION L,2320.00,2320.00,2246.10,2277.50,2275.20,2314.80,,2277.70,,,19950,45299328.00,2939,F1,1,,,,,
2026-07-28,2026-07-28,CM,NSE,STK,759402,INE1B0W01010,ADVANCE,EQ,,,,,ADVANCE AGROLIFE LIMITED,113.14,123.30,113.05,118.17,118.20,113.60,,118.17,,,2440840,292136218.46,22256,F1,1,,,,,
2026-07-28,2026-07-28,CM,NSE,STK,18039,INE837H01020,ADVENZYMES,EQ,,,,,ADVANCED ENZYME TECH LTD,316.45,319.00,310.00,310.85,311.50,316.60,,310.80,,,141678,44487468.25,3907,F1,1,,,,,
2026-07-28,2026-07-28,CM,NSE,STK,14745,INE199C01026,ADVANIHOTR,EQ,,,,,ADVANI HOT.& RES.(I) LTD,52.11,52.30,51.25,51.33,51.40,52.25,,51.33,,,21744,1121981.29,522,F1,1,,,,,
2026-07-28,2026-07-28,CM,NSE,STK,759769,INE28GN01010,ADVENTHTL,EQ,,,,,ADVENT HOTELS INTERNATI L,149.46,154.30,146.00,152.48,152.00,149.47,,152.39,,,202743,30468038.12,2763,F1,1,,,,,
2026-07-28,2026-07-28,CM,NSE,STK,762227,INE1SJO01012,RAMBHAJO,EQ,,,,,ADVIT JEWELS LIMITED,196.50,197.50,185.13,187.26,188.40,197.89,,187.33,,,262234,49762205.64,5397,F1,1,,,,,
2026-07-28,2026-07-28,CM,NSE,STK,40,INE208C01025,AEGISLOG,EQ,,,,,AEGIS LOGISTICS LIMITED,1295.90,1304.20,1252.10,1270.40,1263.70,1291.30,,1270.40,,,654348,829724111.00,30590,F1,1,,,,,
2026-07-28,2026-07-28,CM,NSE,STK,757336,INE0INX01018,AEGISVOPAK,EQ,,,,,AEGIS VOPAK TERMINALS LTD,300.00,300.00,290.10,292.46,291.50,303.49,,292.56,,,1104713,326093125.70,16283,F1,1,,,,,
2026-07-28,2026-07-28,CM,NSE,STK,761347,INE423A07542,AEL1212026,NO,,,,,AEL 0% 2031 SR VIII,1001.00,1040.00,843.15,1029.00,1029.00,1041.00,,1029.53,,,591,518839.52,13,F1,1,,,,,
2026-07-28,2026-07-28,CM,NSE,STK,761342,INE423A07492,848AEL29,NJ,,,,,AEL 8.48% 2029 SR III,1003.00,1003.00,1003.00,1003.00,1003.00,1006.00,,1003.00,,,10,10030.00,1,F1,1,,,,,
2026-07-28,2026-07-28,CM,NSE,STK,761340,INE423A07484,860AEL28,NH,,,,,AEL 8.60% 2028 SR I,1060.00,1060.00,1035.00,1035.00,1035.00,1025.00,,1035.00,,,157,162742.00,13,F1,1,,,,,
2026-07-28,2026-07-28,CM,NSE,STK,761343,INE423A07534,875AEL29,NK,,,,,AEL 8.75% 2029 SR IV,1039.00,1039.00,1039.00,1039.00,1039.00,1024.00,,1039.00,,,1,1039.00,1,F1,1,,,,,
2026-07-28,2026-07-28,CM,NSE,STK,761346,INE423A07526,890AEL31,NN,,,,,AEL 8.90% 2031 SR VII,1045.00,1048.00,1045.00,1045.58,1045.10,1046.00,,1045.58,,,494,516789.35,12,F1,1,,,,,
2026-07-28,2026-07-28,CM,NSE,STK,757869,INE423A07450,895AEL27,N9,,,,,AEL 8.95% 2027 SR I,1005.11,1010.01,1005.11,1010.01,1010.01,1004.00,,1010.01,,,46,46264.46,2,F1,1,,,,,
2026-07-28,2026-07-28,CM,NSE,STK,757872,INE423A07435,915AEL28,NC,,,,,AEL 9.15% 2028 SR IV,1018.01,1019.97,1018.01,1018.61,1018.21,1018.00,,1018.47,,,340,346349.43,9,F1,1,,,,,
2026-07-28,2026-07-28,CM,NSE,STK,757875,INE423A07393,930AEL30,NF,,,,,AEL 9.3% 2030 SR VII,1035.01,1035.01,1035.01,1035.01,1035.01,1035.01,,1035.01,,,27,27945.27,1,F1,1,,,,,
2026-07-28,2026-07-28,CM,NSE,STK,760234,INE947N01017,AEQUS,EQ,,,,,AEQUS LIMITED,231.00,231.42,223.99,228.28,229.10,229.80,,228.38,,,1666836,378129119.04,16637,F1,1,,,,,
2026-07-28,2026-07-28,CM,NSE,STK,12015,INE065D01027,AEROENTER,EQ,,,,,AEROFLEX ENTERPRISES LTD,124.99,128.00,118.61,121.01,121.35,122.10,,121.02,,,692473,85302626.08,7812,F1,1,,,,,
2026-07-28,2026-07-28,CM,NSE,STK,18268,INE024001021,AEROFLEX,EQ,,,,,AEROFLEX INDUSTRIES LTD,440.00,453.70,431.20,446.30,448.00,418.15,,446.30,,,5360972,2368284034.15,79895,F1,1,,,,,
2026-07-28,2026-07-28,CM,NSE,STK,13689,INE035801013,AERONEU,EQ,,,,,AEROFLEX NEU LIMITED,89.49,89.49,84.92,85.43,85.01,86.64,,85.43,,,48376,4195467.27,379,F1,1,,,,,
2026-07-28,2026-07-28,CM,NSE,STK,25065,INE0WL801011,AERON,SM,,,,,AERON COMPOSITE LIMITED,80.00,80.00,80.00,80.00,80.00,79.10,,80.00,,,1000,80000.00,1,F1,1000,,,,,
2026-07-28,2026-07-28,CM,NSE,STK,24830,INE0TSF01011,AESTHETIK,SM,,,,,AESTHETIK ENGINEERS LTD,70.05,70.05,70.05,70.05,70.05,70.05,,70.05,,,1000,70050.00,1,F1,1000,,,,,
2026-07-28,2026-07-28,CM,NSE,STK,9810,INE0BWX01014,AETHER,EQ,,,,,AETHER INDUSTRIES LIMITED,1474.00,1480.00,1445.20,1464.70,1460.20,1480.10,,1464.70,,,170635,249777794.70,18443,F1,1,,,,,
2026-07-28,2026-07-28,CM,NSE,STK,25977,INE101I01011,AFCONS,EQ,,,,,AFCONS INFRASTRUCTURE LTD,282.10,283.20,279.55,280.25,280.40,284.25,,280.25,,,441429,123889148.30,7091,F1,1,,,,,
2026-07-28,2026-07-28,CM,NSE,STK,11343,INE00WC01027,AFFLE,EQ,,,,,AFFLE 3I LIMITED,1500.00,1654.40,1489.20,1631.80,1628.00,1492.80,,1631.80,,,5215704,8458141666.50,216845,F1,1,,,,,
2026-07-28,2026-07-28,CM,NSE,STK,25857,INE692Z01013,AFFORDABLE,BE,,,,,AFFORD ROBO & AUTO LTD,184.13,187.95,181.00,183.08,185.55,184.13,,182.96,,,9743,1787072.45,179,F1,1,,,,,
2026-07-28,2026-07-28,CM,NSE,STK,764159,INE916Y07099,115AFIL28A,N0,,,,,AFIL 11.50% 2028,9948.00,9948.00,9948.00,9948.00,9948.00,10000.00,,9948.00,,,114,1134072.00,5,F1,1,,,,,
2026-07-28,2026-07-28,CM,NSE,STK,760459,INE916Y07065,1150AFIL28,N0,,,,,AFIL 11.50% 2028 SR 05,9821.00,9821.00,9821.00,9821.00,9821.00,9821.39,,9821.00,,,2,19642.00,1,F1,1,,,,,
2026-07-28,2026-07-28,CM,NSE,STK,759098,INE916Y07040,12AFIL27A,N0,,,,,AFIL 12% 2027,10093.73,10093.73,9900.00,9925.00,9925.00,10093.73,,9925.00,,,31,312374.44,7,F1,1,,,,,
2026-07-28,2026-07-28,CM,NSE,STK,759446,INE916Y07032,12AFIL27,N0,,,,,AFIL 12% 2027 SR 1,9698.00,9698.00,9698.00,9698.00,9698.00,9896.32,,9698.00,,,3,29094.00,1,F1,1,,,,,
2026-07-28,2026-07-28,CM,NSE,STK,759283,INE916Y07057,12AFIL28,N0,,,,,AFIL 12% 2028,10028.00,10028.00,10028.00,10028.00,10028.00,10028.00,,10028.00,,,12,120336.00,6,F1,1,,,,,
2026-07-28,2026-07-28,CM,NSE,STK,3389,INE204E01012,AGARIND,EQ,,,,,AGARWAL INDS CORP LTD.,490.80,551.25,490.80,517.85,531.90,483.55,,517.85,,,4040225,2163159125.00,73165,F1,1,,,,,
2026-07-28,2026-07-28,CM,NSE,STK,27309,INE0P8X01016,AGARWALTUF,SM,,,,,AGARWAL TOUGH GLASS IND L,134.20,135.00,131.50,132.35,133.55,135.50,,132.35,,,19200,2563620.00,16,F1,1200,,,,,
2026-07-28,2026-07-28,CM,NSE,STK,1412,INE415A01038,AGI,EQ,,,,,AGI GREENPAC LIMITED,707.95,713.50,692.00,698.15,699.80,707.15,,698.10,,,104818,73297607.70,4979,F1,1,,,,,
2026-07-28,2026-07-28,CM,NSE,STK,24445,INE976R01033,AGIIL,EQ,,,,,AGI INFRA LIMITED,304.90,311.40,301.00,307.75,308.60,304.05,,307.75,,,1747727,535609082.00,20960,F1,1,,,,,
2026-07-28,2026-07-28,CM,NSE,STK,10491,INE0LF301013,AGNI,SM,,,,,AGNI GREEN POWER LTD,17.50,17.50,17.50,17.50,17.50,17.15,,17.50,,,2500,43750.00,1,F1,2500,,,,,
2026-07-28,2026-07-28,CM,NSE,STK,11076,INE449G01018,AGRITECH,BE,,,,,AGRI-TECH (INDIA) LIMITED,111.99,111.99,108.00,110.00,110.00,111.98,,110.94,,,472,51845.69,32,F1,1,,,,,
2026-07-28,2026-07-28,CM,NSE,STK,9046,INE740V01019,AGROPHOS,EQ,,,,,AGRO PHOS INDIA LIMITED,29.10,29.68,28.72,29.44,29.50,28.72,,29.44,,,11616,338895.51,100,F1,1,,,,,
2026-07-28,2026-07-28,CM,NSE,STK,2004,INE00PV01013,AHLADA,EQ,,,,,AHLADA ENGINEERS LIMITED,37.88,37.88,36.54,37.22,37.30,36.52,,37.22,,,9000,331196.29,70,F1,1,,,,,
2026-07-28,2026-07-28,CM,NSE,STK,17833,INE758C01029,AHLUCONT,EQ,,,,,AHLUWALIA CONT IND LTD,830.65,839.40,823.55,832.75,828.00,830.65,,832.70,,,23375,19431611.30,2366,F1,1,,,,,
2026-07-28,2026-07-28,CM,NSE,STK,13086,INE212H01026,AIAENG,EQ,,,,,AIA ENGINEERING LIMITED,4634.50,4634.50,4540.00,4603.00,4614.00,4634.50,,4603.00,,,31114,142906987.00,7036,F1,1,,,,,
2026-07-28,2026-07-28,CM,NSE,STK,23984,INE0RUV01018,AIMTRON,SM,,,,,AIMTRON ELECTRONICS LTD,1369.00,1404.10,1355.30,1390.35,1390.00,1339.30,,1390.35,,,65400,90370180.00,289,F1,200,,,,,
2026-07-28,2026-07-28,CM,NSE,STK,9878,INE805A01014,GOLDTECH,BE,,,,,AION-TECH SOLUTIONS LTD,56.98,56.98,55.00,55.24,55.45,57.15,,55.24,,,21056,1169976.11,142,F1,1,,,,,
2026-07-28,2026-07-28,CM,NSE,STK,9897,INE645W01026,AIRAN,EQ,,,,,AIRAN LIMITED,15.43,15.43,14.85,14.97,14.99,15.03,,14.97,,,40320,608765.20,310,F1,1,,,,,
2026-07-28,2026-07-28,CM,NSE,STK,6068,INE801L01010,AIROLAM,EQ,,,,,AIRO LAM LIMITED,86.50,88.80,85.03,87.54,88.00,86.50,,87.54,,,3104,271874.65,62,F1,1,,,,,
2026-07-28,2026-07-28,CM,NSE,STK,8124,INE031B01049,AJANTPHARM,EQ,,,,,AJANTA PHARMA LIMITED,3380.50,3396.00,3301.00,3342.40,3335.00,3386.10,,3342.20,,,76597,255468877.60,17204,F1,1,,,,,
2026-07-28,2026-07-28,CM,NSE,STK,29624,INE274Y01021,AJAXENGG,EQ,,,,,AJAX ENGINEERING LIMITED,561.05,575.50,554.55,570.75,569.50,566.85,,570.80,,,63672,35784054.20,4258,F1,1,,,,,
2026-07-28,2026-07-28,CM,NSE,STK,17307,INE298G01035,AJMERA,EQ,,,,,AJMERA REALTY & INF I LTD,125.89,129.63,125.35,126.97,127.80,126.18,,126.97,,,391674,49992691.41,6416,F1,1,,,,,
2026-07-28,2026-07-28,CM,NSE,STK,3403,INE820Y01021,AJOONI,EQ,,,,,AJOONI BIOTECH LIMITED,4.04,4.04,3.92,3.94,3.94,3.97,,3.94,,,69310,273779.62,320,F1,1,,,,,
2026-07-28,2026-07-28,CM,NSE,STK,21132,INE0PCY01014,AKANKSHA,ST,,,,,AKANKSHA POWER N INFRA L,85.00,86.10,84.00,86.10,86.10,82.00,,86.10,,,9000,769500.00,8,F1,1000,,,,,
2026-07-28,2026-07-28,CM,NSE,STK,13510,INE737W01013,AKASH,EQ,,,,,AKASH INFRA-PROJECTS LTD,26.50,26.87,26.11,26.47,26.51,26.49,,26.47,,,12785,337154.93,55,F1,1,,,,,
2026-07-28,2026-07-28,CM,NSE,STK,2176,INE00Y801016,AKG,EQ,,,,,AKG EXIM LIMITED,10.19,10.53,9.79,9.91,9.84,9.99,,9.91,,,18770,186154.79,115,F1,1,,,,,
2026-07-28,2026-07-28,CM,NSE,STK,14890,INE642Z01026,AKI,EQ,,,,,AKI INDIA LIMITED,4.19,4.35,4.10,4.24,4.35,4.19,,4.20,,,48916,206208.14,165,F1,1,,,,,
2026-07-28,2026-07-28,CM,NSE,STK,24307,INE0PMR01017,AKIKO,ST,,,,,AKIKO GLOBAL SERVICES L,349.00,351.75,348.00,351.75,351.75,335.00,,351.75,,,12000,4208000.00,15,F1,800,,,,,
2026-07-28,2026-07-28,CM,NSE,STK,24159,INE916Y01027,AFIL,EQ,,,,,AKME FINTRADE (INDIA) LTD,9.42,9.42,9.00,9.28,9.33,9.26,,9.28,,,795414,7336102.71,680,F1,1,,,,,
2026-07-28,2026-07-28,CM,NSE,STK,8595,INE523B01011,AKSHOPTFBR,BE,,,,,AKSH OPTIFIBRE  LTD,5.55,5.55,5.55,5.55,5.55,5.66,,5.57,,,63414,351947.70,78,F1,1,,,,,
2026-07-28,2026-07-28,CM,NSE,STK,9558,INE256Z01025,AKSHAR,EQ,,,,,AKSHAR SPINTEX LIMITED,0.40,0.41,0.40,0.40,0.41,0.41,,0.40,,,370157,150654.45,223,F1,1,,,,,
2026-07-28,2026-07-28,CM,NSE,STK,20194,INE542B01011,AKSHARCHEM,BE,,,,,AKSHARCHEM INDIA LIMITED,235.00,244.78,235.00,240.82,239.20,235.00,,240.82,,,3722,887804.97,85,F1,1,,,,,
2026-07-28,2026-07-28,CM,NSE,STK,24715,INE09XN01023,AKUMS,EQ,,,,,AKUMS DRUGS AND PHARMA L,676.65,678.80,657.10,662.15,659.80,675.60,,662.15,,,121872,81091707.05,9878,F1,1,,,,,
2026-07-28,2026-07-28,CM,NSE,STK,9921,INE914E01040,ALANKIT,EQ,,,,,ALANKIT LIMITED,7.90,7.98,7.84,7.86,7.88,7.88,,7.86,,,126393,996119.47,276,F1,1,,,,,
2026-07-28,2026-07-28,CM,NSE,STK,17256,INE155C01010,ALBERTDAVD,EQ,,,,,ALBERT DAVID LIMITED,685.00,694.45,685.00,686.65,685.00,684.25,,686.65,,,692,477066.30,109,F1,1,,,,,
2026-07-28,2026-07-28,CM,NSE,STK,18762,INE448V01019,ALCODIS,SM,,,,,ALCOKRAFT DISTILLERIE LTD,75.00,75.00,74.90,74.90,74.90,71.00,,74.90,,,1250,93687.50,2,F1,625,,,,,
2026-07-28,2026-07-28,CM,NSE,STK,79,INE426A01027,ALEMBICLTD,EQ,,,,,ALEMBIC LIMITED,90.02,90.75,89.01,89.23,89.18,90.15,,89.23,,,127695,11441038.32,1428,F1,1,,,,,
2026-07-28,2026-07-28,CM,NSE,STK,25328,INE901L01018,APLLTD,EQ,,,,,ALEMBIC PHARMA LTD,815.80,828.00,810.35,818.85,818.50,814.45,,818.85,,,74793,61364038.70,7055,F1,1,,,,,
2026-07-28,2026-07-28,CM,NSE,STK,761270,INE598D01035,ALGOQUANT,EQ,,,,,ALGOQUANT FINTECH LIMITED,69.60,69.84,67.40,67.67,67.87,69.30,,67.66,,,1028446,70534223.86,3544,F1,1,,,,,
2026-07-28,2026-07-28,CM,NSE,STK,13656,INE062D01024,ALICON,EQ,,,,,ALICON CASTALLOY LIMITED,684.00,693.95,664.25,674.30,673.15,678.45,,674.20,,,11306,7639269.15,582,F1,1,,,,,
2026-07-28,2026-07-28,CM,NSE,STK,5265,INE03Q201024,ALIVUS,EQ,,,,,ALIVUS LIFE SCIENCES LTD,1135.00,1135.10,1097.10,1104.70,1101.20,1132.50,,1104.70,,,30434,33791242.10,3661,F1,1,,,,,
2026-07-28,2026-07-28,CM,NSE,STK,16963,INE773I01017,ALKALI,BE,,,,,ALKALI METALS LTD,68.55,70.00,68.55,69.25,69.25,69.99,,69.26,,,2228,154104.47,25,F1,1,,,,,
2026-07-28,2026-07-28,CM,NSE,STK,11703,INE540L01014,ALKEM,EQ,,,,,ALKEM LABORATORIES LTD.,5613.00,5661.50,5585.00,5651.50,5657.50,5613.00,,5651.50,,,58815,331797438.50,11213,F1,1,,,,,
2026-07-28,2026-07-28,CM,NSE,STK,4487,INE150B01039,ALKYLAMINE,EQ,,,,,ALKYL AMINES CHEM. LTD,1850.00,1891.40,1777.00,1811.10,1818.00,1821.50,,1811.00,,,97093,177705405.10,13452,F1,1,,,,,
2026-07-28,2026-07-28,CM,NSE,STK,13212,INE0M2X01012,ALLETEC,ST,,,,,ALL E TECHNOLOGIES LTD,136.20,138.00,130.25,134.95,135.00,136.20,,134.95,,,36400,4873640.00,53,F1,400,,,,,
2026-07-28,2026-07-28,CM,NSE,STK,758448,INE0GV601021,ALLTIME,EQ,,,,,ALL TIME PLASTICS LIMITED,229.99,229.99,223.50,224.18,223.61,226.87,,224.18,,,33513,7561611.06,1005,F1,1,,,,,
2026-07-28,2026-07-28,CM,NSE,STK,763784,INE1YPB01014,AGL,EQ,,,,,ALLCARGO GLOBAL LIMITED,12.27,12.58,12.16,12.43,12.30,12.30,,12.43,,,1189536,14695987.53,2227,F1,1,,,,,
2026-07-28,2026-07-28,CM,NSE,STK,13501,INE418H01029,ALLCARGO,EQ,,,,,ALLCARGO LOGISTICS LTD,8.04,8.10,7.95,8.00,8.01,8.09,,8.00,,,1623924,13023675.08,3139,F1,1,,,,,
2026-07-28,2026-07-28,CM,NSE,STK,17778,INE0NN701020,ATL,EQ,,,,,ALLCARGO TERMINALS LTD,23.50,24.00,23.12,23.23,23.14,23.68,,23.23,,,108943,2558421.03,1364,F1,1,,,,,
2026-07-28,2026-07-28,CM,NSE,STK,11798,INE835G01018,ALLDIGI,EQ,,,,,ALLDIGI TECH LIMITED,884.35,891.00,872.00,873.60,873.95,872.05,,873.60,,,36023,31652526.25,2931,F1,1,,,,,
2026-07-28,2026-07-28,CM,NSE,STK,24308,INE552Z01027,ABDL,EQ,,,,,ALLIED BLEND N DISTILS L,624.30,625.05,613.70,620.30,621.00,624.30,,620.35,,,151844,93874791.55,7688,F1,1,,,,,
2026-07-28,2026-07-28,CM,NSE,STK,14813,INE102I01027,ADSL,EQ,,,,,ALLIED DIGITAL SERV. LTD,115.49,118.33,113.10,113.57,113.23,116.36,,113.57,,,263497,30361152.69,3658,F1,1,,,,,
2026-07-28,2026-07-28,CM,NSE,STK,16719,INE326B01035,ALMONDZ,EQ,,,,,ALMONDZ GLOBAL SEC LTD,13.29,13.29,12.35,12.56,12.55,12.98,,12.58,,,54101,693845.38,291,F1,1,,,,,
2026-07-28,2026-07-28,CM,NSE,STK,17675,INE270A01029,ALOKINDS,EQ,,,,,ALOK INDUSTRIES LIMITED,12.04,12.08,11.90,11.92,11.97,12.04,,11.92,,,2462696,29471973.62,5245,F1,1,,,,,
2026-07-28,2026-07-28,CM,NSE,STK,14848,INE385I01010,ALPA,EQ,,,,,ALPA LABORATORIES LTD,66.51,68.63,66.15,66.39,66.15,66.58,,66.39,,,2841,189811.61,93,F1,1,,,,,
2026-07-28,2026-07-28,CM,NSE,STK,22688,INE0R4701017,ALPEXSOLAR,SM,,,,,ALPEX SOLAR LIMITED,823.35,845.00,813.00,816.60,816.00,827.20,,816.60,,,23700,19485710.00,195,F1,100,,,,,
2026-07-28,2026-07-28,CM,NSE,STK,14597,INE137C01018,ALPHAGEO,EQ,,,,,ALPHAGEO (INDIA) LIMITED,200.25,216.90,199.02,207.89,208.00,202.31,,207.94,,,23337,4893008.72,695,F1,1,,,,,
2026-07-28,2026-07-28,CM,NSE,STK,764187,INE1JCQ01037,ALPINETEX,BE,,,,,ALPINE TEXWORLD LIMITED,77.21,77.21,77.21,77.21,77.21,81.27,,77.23,,,45620,3522320.20,898,F1,1,,,,,
2026-07-28,2026-07-28,CM,NSE,STK,23474,INE0STM01017,ALUWIND,SM,,,,,ALUWIND INFRA-TECH LTD,52.00,52.00,50.00,51.00,51.00,51.70,,51.00,,,13500,686850.00,9,F1,1500,,,,,
2026-07-28,2026-07-28,CM,NSE,STK,760740,INE121R01077,AMAGI,EQ,,,,,AMAGI MEDIA LABS LIMITED,624.00,641.85,613.35,622.70,623.95,625.05,,622.70,,,214772,134968551.00,14855,F1,1,,,,,
2026-07-28,2026-07-28,CM,NSE,STK,758910,INE084K01015,AMANTA,BE,,,,,AMANTA HEALTHCARE LIMITED,160.00,160.00,157.50,159.00,159.00,160.00,,163.00,,,35203,5575528.00,156,F1,1,,,,,
2026-07-28,2026-07-28,CM,NSE,STK,100,INE885A01032,ARE&M,EQ,,,,,AMARA RAJA ENERGY MOB LTD,874.05,879.75,859.05,861.85,861.95,874.00,,861.85,,,272876,236935926.85,16571,F1,1,,,,,
2026-07-28,2026-07-28,CM,NSE,STK,763256,INE293601014,AMBAAUTO,SM,,,,,AMBA AUTO SALES AND SER L,80.00,81.00,78.60,78.60,78.60,79.60,,78.60,,,26000,2087750.00,15,F1,1000,,,,,
2026-07-28,2026-07-28,CM,NSE,STK,762543,INE432A01017,AMBALALSA,EQ,,,,,AMBALAL SARABHAI ENT L,31.98,32.28,30.76,31.05,30.77,31.59,,31.05,,,16133,506486.17,172,F1,1,,,,,
2026-07-28,2026-07-28,CM,NSE,STK,4083,INE00C501018,AMBANIORGO,SM,,,,,AMBANI ORGOCHEM LIMITED,112.00,112.00,112.00,112.00,112.00,112.50,,112.00,,,1000,112000.00,1,F1,1000,,,,,
2026-07-28,2026-07-28,CM,NSE,STK,1185,INE371P01015,AMBER,EQ,,,,,AMBER ENTERPRISES (I) LTD,7280.50,7303.00,7195.00,7209.00,7220.00,7280.50,,7209.00,,,148823,1075165243.00,28084,F1,1,,,,,
2026-07-28,2026-07-28,CM,NSE,STK,11496,INE792B01012,AMBICAAGAR,EQ,,,,,AMBICA AGAR & AROMAINDLTD,24.15,24.90,24.15,24.70,24.80,24.64,,24.70,,,47,1156.28,9,F1,1,,,,,
2026-07-28,2026-07-28,CM,NSE,STK,15234,INE540G01014,AMBIKCO,EQ,,,,,AMBIKA COTTON MILL LTD.,1714.90,1727.90,1670.10,1677.40,1670.20,1713.20,,1677.40,,,6007,10132321.70,755,F1,1,,,,,
2026-07-28,2026-07-28,CM,NSE,STK,1270,INE079A01024,AMBUJACEM,EQ,,,,,AMBUJA CEMENTS LTD,432.45,435.85,418.10,426.00,425.85,430.95,,426.00,,,6241411,2666585820.65,65114,F1,1,,,,,
2026-07-28,2026-07-28,CM,NSE,STK,14398,INE005I01014,AMDIND,EQ,,,,,AMD INDUSTRIES LIMITED,47.20,48.60,46.65,47.19,47.60,47.57,,47.19,,,10906,520133.00,129,F1,1,,,,,
2026-07-28,2026-07-28,CM,NSE,STK,10898,INE0KT901015,AMEYA,SM,,,,,AMEYA PRECISION ENG LTD,109.00,109.00,106.75,106.75,106.75,107.85,,106.75,,,7000,756800.00,7,F1,1000,,,,,
2026-07-28,2026-07-28,CM,NSE,STK,19867,INE275D01022,AMNPLST,EQ,,,,,AMINES & PLASTICIZERS LTD,197.00,200.00,192.00,193.14,192.05,195.16,,193.13,,,3223,627612.36,165,F1,1,,,,,
2026-07-28,2026-07-28,CM,NSE,STK,761670,INE05TO01019,AEROPLANE,EQ,,,,,AMIR CHAND JAG KUM (E) L,191.50,192.37,183.10,185.28,185.44,189.26,,185.34,,,130148,24509143.86,1868,F1,1,,,,,
2026-07-28,2026-07-28,CM,NSE,STK,2598,INE606A01024,AMJLAND,EQ,,,,,AMJ LAND HOLDINGS LIMITED,37.68,38.80,37.68,37.81,38.50,37.68,,37.81,,,12767,487122.75,209,F1,1,,,,,
2026-07-28,2026-07-28,CM,NSE,STK,17547,INE098F01031,AMRUTANJAN,EQ,,,,,AMRUTAJAN HEALTH LTD,513.35,520.20,508.40,510.80,510.25,513.35,,510.85,,,28424,14618773.55,1657,F1,1,,,,,
2026-07-28,2026-07-28,CM,NSE,STK,759956,INE549H01021,ARSSBL,EQ,,,,,ANAND RATHI SH N STK BR L,515.00,515.00,508.80,509.90,508.80,512.50,,509.90,,,69636,35679758.80,2418,F1,1,,,,,
2026-07-28,2026-07-28,CM,NSE,STK,7145,INE463V01026,ANANDRATHI,EQ,,,,,ANAND RATHI WEALTH LTD,2050.00,2063.50,2020.00,2037.90,2036.90,2052.10,,2037.90,,,117537,239030891.10,10032,F1,1,,,,,
2026-07-28,2026-07-28,CM,NSE,STK,13620,INE242C01024,ANANTRAJ,EQ,,,,,ANANT RAJ LIMITED,616.60,625.00,602.75,609.95,610.50,616.90,,609.95,,,1921603,1180225707.90,30590,F1,1,,,,,
2026-07-28,2026-07-28,CM,NSE,STK,759363,INE1UA823019,ANANTAM,IV,,,,,ANANTAM HIGHWAYS TRUST,105.48,105.99,104.90,105.30,105.50,104.96,,105.30,,,29932,3147804.34,283,F1,1,,,,,
2026-07-28,2026-07-28,CM,NSE,STK,15420,INE666E01020,ACL,EQ,,,,,ANDHRA CEMENTS LIMITED,48.02,49.90,48.00,48.35,48.36,48.42,,48.36,,,22588,1090887.07,154,F1,1,,,,,
2026-07-28,2026-07-28,CM,NSE,STK,166,INE435A01051,ANDHRAPAP,EQ,,,,,ANDHRA PAPER LIMITED,63.50,63.50,62.29,62.89,62.86,62.59,,62.89,,,255854,16087846.48,1618,F1,1,,,,,
2026-07-28,2026-07-28,CM,NSE,STK,136,INE715B01021,ANDHRSUGAR,EQ,,,,,ANDHRA SUGARS LTD,87.97,87.97,83.34,83.69,84.00,87.45,,83.70,,,183205,15512916.36,2567,F1,1,,,,,
2026-07-28,2026-07-28,CM,NSE,STK,324,INE732I01021,ANGELONE,EQ,,,,,ANGEL ONE LIMITED,305.50,306.45,299.00,302.60,302.85,304.20,,302.60,,,3436258,1038018640.85,41274,F1,1,,,,,
2026-07-28,2026-07-28,CM,NSE,STK,482,INE635Y01015,AISL,SM,,,,,ANI INTEGRATED SERV LTD.,59.25,59.25,59.25,59.25,59.25,59.50,,59.25,,,600,35550.00,1,F1,600,,,,,
2026-07-28,2026-07-28,CM,NSE,STK,16657,INE087B01017,ANIKINDS,EQ,,,,,ANIK INDUSTRIES LTD,42.27,43.74,41.50,42.50,42.50,42.27,,42.30,,,3604,153956.25,66,F1,1,,,,,
2026-07-28,2026-07-28,CM,NSE,STK,20453,INE071F01012,APCL,EQ,,,,,ANJANI PORTLAND CEM LTD,103.60,105.80,102.21,103.48,105.00,104.99,,102.58,,,790,81741.66,72,F1,1,,,,,
2026-07-28,2026-07-28,CM,NSE,STK,25878,INE106I01010,ANKITMETAL,BZ,,,,,ANKIT MET & POW LTD,1.58,1.58,1.48,1.50,1.55,1.55,,1.50,,,4995,7584.75,27,F1,1,,,,,
2026-07-28,2026-07-28,CM,NSE,STK,758968,INE0Y8W01025,AHCL,EQ,,,,,ANLON HEALTHCARE LIMITED,15.80,15.98,15.50,15.63,15.74,15.75,,15.63,,,1891458,29625432.85,2674,F1,1,,,,,
2026-07-28,2026-07-28,CM,NSE,STK,13664,INE0LR101013,ANLON,ST,,,,,ANLON TECHNOLOGY SOL LTD,620.05,620.05,598.30,605.00,605.00,629.75,,605.00,,,27200,16477120.00,40,F1,400,,,,,
2026-07-28,2026-07-28,CM,NSE,STK,3727,INE02AR01019,ANMOL,EQ,,,,,ANMOL INDIA LIMITED,10.14,10.24,10.01,10.12,10.05,10.04,,10.13,,,10559,106898.83,86,F1,1,,,,,
2026-07-28,2026-07-28,CM,NSE,STK,11198,INE0MGM01017,ANNAPURNA,SM,,,,,ANNAPURNA SWADISHT LTD,127.55,128.00,122.10,123.40,122.50,126.25,,123.40,,,35250,4416637.50,75,F1,250,,,,,
2026-07-28,2026-07-28,CM,NSE,STK,758740,INE0VTV01012,ANONDITA,SM,,,,,ANONDITA MEDICARE LIMITED,1121.20,1124.45,1080.00,1115.95,1118.00,1121.20,,1115.95,,,21800,24037100.00,99,F1,200,,,,,
2026-07-28,2026-07-28,CM,NSE,STK,19677,INE436A01026,ANSALAPI,BZ,,,,,ANSAL PROP & INFRA LTD,3.15,3.15,3.15,3.15,3.15,3.09,,3.58,,,886,2790.90,5,F1,1,,,,,
2026-07-28,2026-07-28,CM,NSE,STK,5194,INE414B01021,ANTGRAPHIC,EQ,,,,,ANTARCTICA LTD,0.75,0.83,0.72,0.75,0.75,0.74,,0.75,,,576560,437463.28,264,F1,1,,,,,
2026-07-28,2026-07-28,CM,NSE,STK,13598,INE818A01017,ANTELOPUS,EQ,,,,,ANTELOPUS SELAN ENRGY LTD,919.30,919.30,831.80,831.80,831.80,875.55,,831.60,,,780018,695110120.75,12360,F1,1,,,,,
2026-07-28,2026-07-28,CM,NSE,STK,757885,INE0CZ201020,ANTHEM,EQ,,,,,ANTHEM BIOSCIENCES LTD,794.90,796.00,775.35,783.90,788.00,790.55,,783.90,,,356656,279030282.45,24537,F1,1,,,,,
2026-07-28,2026-07-28,CM,NSE,STK,1797,INE01BK01022,AWHCL,EQ,,,,,ANTONY WASTE HDG CELL LTD,436.85,440.95,432.00,432.45,432.80,440.00,,432.45,,,32748,14250127.50,2277,F1,1,,,,,
2026-07-28,2026-07-28,CM,NSE,STK,28314,INE489G01022,ANUHPHR,EQ,,,,,ANUH PHARMA LIMITED,80.68,81.45,79.32,79.82,80.00,80.68,,79.82,,,33789,2718021.57,901,F1,1,,,,,
2026-07-28,2026-07-28,CM,NSE,STK,2829,INE930P01018,ANURAS,EQ,,,,,ANUPAM RASAYAN INDIA LTD,1225.50,1231.90,1207.00,1218.40,1220.90,1223.30,,1218.40,,,243276,296446119.40,11612,F1,1,,,,,
2026-07-28,2026-07-28,CM,NSE,STK,28983,INE0SI601032,ANYA,SM,,,,,ANYA POLYTECH & FERTI LTD,15.35,15.35,15.35,15.35,15.35,15.50,,15.35,,,5000,76750.00,1,F1,5000,,,,,
2026-07-28,2026-07-28,CM,NSE,STK,11945,INE0MIZ23019,ANZEN,IV,,,,,ANZEN IND ENE YLD PLU TRU,127.00,127.00,127.00,127.00,127.00,130.00,,127.00,,,25000,3175000.00,1,F1,25000,,,,,
2026-07-28,2026-07-28,CM,NSE,STK,758904,INF1J2R01114,AONEGOLD,EQ,,,,,AONEAMC - AONEGOLD,13.33,13.33,13.18,13.21,13.20,13.38,,13.21,,,321075,4244245.62,1125,F1,1,,,,,
2026-07-28,2026-07-28,CM,NSE,STK,30472,INF1J2R01056,AONELIQUID,EQ,,,,,AONEAMC - AONELIQUID,1070.08,1070.08,1070.06,1070.06,1070.07,1069.93,,1070.06,,,13786,14752000.06,113,F1,1,,,,,
2026-07-28,2026-07-28,CM,NSE,STK,757096,INF1J2R01064,AONENIFTY,EQ,,,,,AONEAMC - AONENIFTY,9.99,9.99,9.82,9.91,9.90,9.91,,9.91,,,69567,689747.90,905,F1,1,,,,,
2026-07-28,2026-07-28,CM,NSE,STK,760193,INF1J2R01171,AONESILVER,EQ,,,,,AONEAMC - AONESILVER,8.47,8.47,8.25,8.28,8.29,8.52,,8.28,,,378183,3139705.56,1087,F1,1,,,,,
2026-07-28,2026-07-28,CM,NSE,STK,759992,INF1J2R01148,AONETMMQ50,EQ,,,,,AONEAMC - AONETMMQ50,10.06,10.06,9.84,9.91,10.01,10.01,,9.91,,,183273,1814293.43,378,F1,1,,,,,
2026-07-28,2026-07-28,CM,NSE,STK,29975,INF1J2R01015,AONETOTAL,EQ,,,,,AONEAMC - AONETOTAL,12.05,12.05,11.76,11.77,11.80,11.81,,11.77,,,99400,1171824.52,1134,F1,1,,,,,
2026-07-28,2026-07-28,CM,NSE,STK,11491,INE372A01015,APARINDS,EQ,,,,,APAR INDUSTRIES LTD.,14051.00,14239.00,13430.00,13480.00,13450.00,14051.00,,13480.00,,,171453,2338823883.00,41583,F1,1,,,,,
2026-07-28,2026-07-28,CM,NSE,STK,154,INE116A01032,APCOTEXIND,EQ,,,,,APCOTEX INDUSTRIES LIMITE,591.00,594.90,567.00,591.10,592.00,588.50,,591.05,,,311100,182204942.05,12637,F1,1,,,,,
2026-07-28,2026-07-28,CM,NSE,STK,27291,INE0T4V01015,APEXECO,ST,,,,,APEX ECOTECH LIMITED,264.00,267.50,255.00,255.30,255.00,256.00,,255.30,,,28000,7306480.00,30,F1,800,,,,,
2026-07-28,2026-07-28,CM,NSE,STK,21623,INE346W01013,APEX,EQ,,,,,APEX FROZEN FOODS LIMITED,383.85,383.85,375.00,376.25,375.45,383.85,,376.25,,,61447,23254264.80,3389,F1,1,,,,,
2026-07-28,2026-07-28,CM,NSE,STK,25780,INE702C01027,APLAPOLLO,EQ,,,,,APL APOLLO TUBES LTD,1852.40,1862.00,1820.00,1846.70,1847.50,1849.90,,1846.70,,,340964,628065763.60,27589,F1,1,,,,,
2026-07-28,2026-07-28,CM,NSE,STK,757178,INE0TLC07085,930APMD27,N0,,,,,APMD 9.30% 2027 STRPP A,75550.00,75550.00,75500.00,75500.00,75500.00,77990.00,,75500.00,,,6,453100.00,2,F1,1,,,,,
2026-07-28,2026-07-28,CM,NSE,STK,157,INE437A01024,APOLLOHOSP,EQ,,,,,APOLLO HOSPITALS ENTER. L,8844.50,8945.00,8830.00,8903.00,8935.00,8843.50,,8903.00,,,167309,1487050053.00,26020,F1,1,,,,,
2026-07-28,2026-07-28,CM,NSE,STK,1134,INE713T01028,APOLLO,EQ,,,,,APOLLO MICRO SYSTEMS LTD,391.60,392.50,375.00,378.75,376.70,392.95,,378.70,,,8477634,3231753586.15,85768,F1,1,,,,,
2026-07-28,2026-07-28,CM,NSE,STK,14361,INE126J01016,APOLLOPIPE,EQ,,,,,APOLLO PIPES LIMITED,503.00,507.45,490.05,491.75,490.05,505.35,,491.75,,,72575,36064126.50,3182,F1,1,,,,,
2026-07-28,2026-07-28,CM,NSE,STK,6302,INE451F01024,APOLSINHOT,EQ,,,,,APOLLO SINDOORI HOTEL LTD,1193.10,1224.00,1193.10,1205.50,1209.00,1199.00,,1205.50,,,941,1138945.00,71,F1,1,,,,,
2026-07-28,2026-07-28,CM,NSE,STK,163,INE438A01022,APOLLOTYRE,EQ,,,,,APOLLO TYRES LTD,423.00,425.00,420.15,423.85,424.85,419.95,,423.85,,,206242,87309100.90,7455,F1,1,,,,,
2026-07-28,2026-07-28,CM,NSE,STK,24638,INE0LQG01010,APRAMEYA,SM,,,,,APRAMEYA ENGINEERING LTD,146.05,153.00,146.05,149.20,149.20,149.30,,149.20,,,6500,984225.00,9,F1,500,,,,,
2026-07-28,2026-07-28,CM,NSE,STK,760366,INE0M2307370,915APSBC28,N0,,,,,APSBC 9.15% 2028 STRPP C,102799.18,102799.18,102799.18,102799.18,102799.18,102348.36,,102799.18,,,1,102799.18,1,F1,1,,,,,
2026-07-28,2026-07-28,CM,NSE,STK,761435,INE1OOJ01011,APSISAERO,ST,,,,,APSIS AEROCOM LIMITED,443.10,443.10,443.10,443.10,443.10,434.45,,443.10,,,27600,12229560.00,18,F1,1200,,,,,
2026-07-28,2026-07-28,CM,NSE,STK,14074,INE266F01018,APTECHT,BE,,,,,APTECH LIMITED,91.66,93.23,90.20,91.31,92.00,91.66,,91.37,,,33080,3050645.75,368,F1,1,,,,,
2026-07-28,2026-07-28,CM,NSE,STK,5435,INE852O01025,APTUS,EQ,,,,,APTUS VALUE HSG FIN I LTD,279.00,282.75,277.35,281.30,279.55,279.05,,281.30,,,326627,91491885.20,10536,F1,1,,,,,
2026-07-28,2026-07-28,CM,NSE,STK,23365,INE416A01051,AQYLON,EQ,,,,,AQYLON NEXUS LIMITED,24.94,25.84,24.06,25.16,25.26,24.98,,25.16,,,6440725,161159874.43,5823,F1,1,,,,,
2026-07-28,2026-07-28,CM,NSE,STK,19253,INE08NJ01024,ARABIAN,SM,,,,,ARABIAN PETROLEUM LIMITED,69.45,69.45,69.15,69.15,69.15,69.45,,69.15,,,6000,416100.00,3,F1,2000,,,,,
2026-07-28,2026-07-28,CM,NSE,STK,758673,INE0YDV01010,ARCIIL,ST,,,,,ARC INSULATION & INSU LTD,37.10,37.85,36.25,36.50,36.50,37.30,,36.50,,,7000,259750.00,6,F1,1000,,,,,
2026-07-28,2026-07-28,CM,NSE,STK,12024,INE128X01021,ACI,EQ,,,,,ARCHEAN CHEMICAL IND LTD,576.00,576.00,554.85,556.45,555.70,576.75,,556.45,,,119450,67159332.85,8803,F1,1,,,,,
2026-07-28,2026-07-28,CM,NSE,STK,245,INE0CHO01012,ADL,EQ,,,,,ARCHIDPLY DECOR LIMITED,70.20,70.21,70.00,70.21,70.21,70.20,,69.16,,,186,13051.50,6,F1,1,,,,,
2026-07-28,2026-07-28,CM,NSE,STK,16795,INE877I01016,ARCHIDPLY,EQ,,,,,ARCHIDPLY IND. LTD,83.89,84.40,80.72,83.06,83.93,81.45,,83.11,,,5697,471432.88,113,F1,1,,,,,
2026-07-28,2026-07-28,CM,NSE,STK,5688,INE731A01020,ARCHIES,EQ,,,,,ARCHIES LTD,14.20,14.20,13.86,13.88,13.87,13.99,,13.88,,,2167,30104.93,36,F1,1,,,,,
2026-07-28,2026-07-28,CM,NSE,STK,758700,INE784R01023,ARFIN,EQ,,,,,ARFIN INDIA LIMITED,91.60,92.01,88.16,89.14,88.22,91.17,,89.14,,,755506,68171558.48,2048,F1,1,,,,,
2026-07-28,2026-07-28,CM,NSE,STK,13092,INE0L2Y01011,ARHAM,SM,,,,,ARHAM TECHNOLOGIES LTD,167.00,171.00,165.00,170.00,169.50,164.95,,170.00,,,183000,30760300.00,102,F1,1000,,,,,
2026-07-28,2026-07-28,CM,NSE,STK,15204,INE298I01015,ARIES,EQ,,,,,ARIES AGRO LTD.,337.10,343.90,337.10,340.10,339.30,343.95,,340.10,,,7051,2404056.00,253,F1,1,,,,,
2026-07-28,2026-07-28,CM,NSE,STK,3813,INE420B01036,ARIHANTCAP,EQ,,,,,ARIHANT CAPITAL MKTS LTD,78.48,78.74,76.26,77.24,76.50,78.06,,77.24,,,319971,24882376.44,2709,F1,1,,,,,
2026-07-28,2026-07-28,CM,NSE,STK,13885,INE413D01011,ARIHANT,EQ,,,,,ARIHANT FOUN & HOU LTD,1097.00,1097.00,1063.50,1088.40,1095.50,1081.40,,1088.70,,,1786,1930266.65,347,F1,1,,,,,
2026-07-28,2026-07-28,CM,NSE,STK,20159,INE643K01018,ARIHANTSUP,EQ,,,,,ARIHANT SUPERSTRUCT LTD,261.75,263.65,259.00,261.00,260.60,260.65,,261.00,,,10011,2614503.60,356,F1,1,,,,,
2026-07-28,2026-07-28,CM,NSE,STK,757614,INE0H9P01028,ARIS,EQ,,,,,ARISINFRA SOLUTIONS LTD,126.00,129.90,124.21,128.24,128.30,124.78,,128.24,,,2542092,325559723.42,20067,F1,1,,,,,
2026-07-28,2026-07-28,CM,NSE,STK,25398,INE0QRL01017,ARKADE,EQ,,,,,ARKADE DEVELOPERS LIMITED,134.05,135.76,132.34,132.65,133.50,134.59,,132.65,,,261423,34878116.27,3117,F1,1,,,,,
2026-07-28,2026-07-28,CM,NSE,STK,17263,INE109C01017,ARMANFIN,EQ,,,,,ARMAN FIN SERV LTD,2003.00,2008.00,1922.00,1928.20,1930.00,1993.40,,1928.20,,,28650,55768338.70,3797,F1,1,,,,,
2026-07-28,2026-07-28,CM,NSE,STK,760752,INE0TZX01019,ARMOUR,ST,,,,,ARMOUR SECURITY (INDIA) L,18.00,18.00,18.00,18.00,18.00,18.70,,18.00,,,2000,36000.00,1,F1,2000,,,,,
2026-07-28,2026-07-28,CM,NSE,STK,14557,INE210C01013,AROGRANITE,EQ,,,,,ARO GRANITE IND. LTD.,25.25,25.87,25.10,25.45,25.45,25.25,,25.63,,,3768,95975.42,33,F1,1,,,,,
2026-07-28,2026-07-28,CM,NSE,STK,9264,INE570D01018,ARROWGREEN,BE,,,,,ARROW GREENTECH LIMITED,710.00,715.00,686.00,706.10,710.00,705.80,,705.90,,,8784,6147405.90,179,F1,1,,,,,
2026-07-28,2026-07-28,CM,NSE,STK,29015,INE968D01022,ARSHIYA,BZ,,,,,ARSHIYA LIMITED,1.02,1.02,0.96,0.99,0.99,0.98,,0.97,,,43233,42155.58,51,F1,1,,,,,
2026-07-28,2026-07-28,CM,NSE,STK,6156,INE738V01013,ARTNIRMAN,EQ,,,,,ART NIRMAN LIMITED,39.42,39.42,39.42,39.42,39.42,39.42,,39.42,,,69,2719.98,4,F1,1,,,,,
2026-07-28,2026-07-28,CM,NSE,STK,761330,INE757T01025,AEPL,EQ,,,,,ARTEMIS ELECTRICALS & P L,15.14,15.55,14.01,14.50,14.73,15.14,,14.50,,,19796,290699.27,185,F1,1,,,,,
2026-07-28,2026-07-28,CM,NSE,STK,16913,INE025R01021,ARTEMISMED,EQ,,,,,ARTEMIS MED SERVICE LTD,278.30,279.65,275.60,277.20,277.35,278.50,,277.20,,,114832,31890519.20,3635,F1,1,,,,,
2026-07-28,2026-07-28,CM,NSE,STK,2814,INE006Z01016,ARVEE,EQ,,,,,ARVEE LABORATORIES I LTD,174.80,174.80,150.01,159.84,160.90,158.27,,159.84,,,460,73983.39,27,F1,1,,,,,
2026-07-28,2026-07-28,CM,NSE,STK,9111,INE955V01021,ARVINDFASN,EQ,,,,,ARVIND FASHIONS LIMITED,463.10,466.00,448.05,456.00,458.00,463.70,,456.00,,,308998,140356600.20,22165,F1,1,,,,,
2026-07-28,2026-07-28,CM,NSE,STK,193,INE034A01011,ARVIND,EQ,,,,,ARVIND LIMITED,523.45,523.45,510.10,511.35,511.90,523.45,,511.35,,,191791,98625691.55,9876,F1,1,,,,,
2026-07-28,2026-07-28,CM,NSE,STK,19587,INE0P4T01013,ARVINDPORT,ST,,,,,ARVIND PORT AND INFRA LTD,30.25,30.25,30.25,30.25,30.25,30.25,,30.25,,,3000,90750.00,2,F1,1500,,,,,
2026-07-28,2026-07-28,CM,NSE,STK,10457,INE034S01021,ARVSMART,EQ,,,,,ARVIND SMARTSPACES LTD,595.80,601.10,590.20,593.00,595.30,599.70,,593.00,,,11638,6942844.35,823,F1,1,,,,,
2026-07-28,2026-07-28,CM,NSE,STK,5378,INE439A01020,ASAHIINDIA,EQ,,,,,ASAHI INDIA GLASS LIMITED,880.10,882.95,865.20,870.60,870.25,878.15,,870.50,,,47980,41819455.90,4297,F1,1,,,,,
2026-07-28,2026-07-28,CM,NSE,STK,25088,INE228I01012,ASAHISONG,EQ,,,,,ASAHI SONGWON COLOR LTD,344.90,366.60,334.50,352.90,361.80,339.85,,352.65,,,81750,28359741.60,2682,F1,1,,,,,
2026-07-28,2026-07-28,CM,NSE,STK,24711,INE0LAA01017,ASHALOG,SM,,,,,ASHAPURA LOGISTICS LTD,55.85,55.85,55.85,55.85,55.85,55.90,,55.85,,,3000,167550.00,1,F1,1000,,,,,
2026-07-28,2026-07-28,CM,NSE,STK,203,INE348A01023,ASHAPURMIN,EQ,,,,,ASHAPURA MINECHEM LTD,702.10,705.60,678.70,681.40,682.50,702.10,,681.35,,,290189,199011658.10,12839,F1,1,,,,,
2026-07-28,2026-07-28,CM,NSE,STK,24403,INE365D01021,ASHIANA,EQ,,,,,ASHIANA HOUSING LTD,386.90,395.00,382.30,385.85,385.20,386.90,,385.75,,,48935,19021045.20,2766,F1,1,,,,,
2026-07-28,2026-07-28,CM,NSE,STK,762548,INE094B01013,ASHIKAG,EQ,,,,,ASHIKA GLOBAL SEC LTD,431.00,500.00,431.00,490.30,490.00,429.65,,490.30,,,2057736,977295763.90,24428,F1,1,,,,,
2026-07-28,2026-07-28,CM,NSE,STK,206,INE440A01010,ASHIMASYN,EQ,,,,,ASHIMA LTD,18.50,18.50,17.46,17.52,17.48,18.05,,17.51,,,132296,2381034.12,532,F1,1,,,,,
2026-07-28,2026-07-28,CM,NSE,STK,212,INE208A01029,ASHOKLEY,EQ,,,,,ASHOK LEYLAND LTD,155.40,158.75,154.04,157.50,158.50,155.06,,157.50,,,14300744,2243490892.14,83165,F1,1,,,,,
2026-07-28,2026-07-28,CM,NSE,STK,20182,INE442H01029,ASHOKA,EQ,,,,,ASHOKA BUILDCON LTD,124.20,124.21,122.20,122.73,122.55,124.13,,122.73,,,283966,34892533.47,3552,F1,1,,,,,
2026-07-28,2026-07-28,CM,NSE,STK,16943,INE760Y01011,ASHOKAMET,EQ,,,,,ASHOKA METCAST LIMITED,14.34,14.48,14.08,14.11,14.11,14.27,,14.11,,,9977,141548.56,45,F1,1,,,,,
2026-07-28,2026-07-28,CM,NSE,STK,760418,INE1A6Q01010,ASHWINI,SM,,,,,ASHWINI CONTAINER MOVER L,195.10,195.10,191.00,192.00,192.00,195.35,,192.00,,,18000,3467450.00,16,F1,1000,,,,,
2026-07-28,2026-07-28,CM,NSE,STK,7030,INE276G01015,ASIANENE,EQ,,,,,ASIAN ENERGY SERVICES LTD,388.90,395.80,380.25,385.90,382.55,383.80,,385.90,,,934943,363927010.70,19764,F1,1,,,,,
2026-07-28,2026-07-28,CM,NSE,STK,14889,INE022I01019,ASIANTILES,EQ,,,,,ASIAN GRANITO IND. LTD.,53.90,60.90,53.18,57.62,57.99,53.42,,57.62,,,96773700,5666726566.65,219163,F1,1,,,,,
2026-07-28,2026-07-28,CM,NSE,STK,19438,INE926K01017,AHLEAST,EQ,,,,,ASIAN HOTELS (EAST) LTD,144.66,147.80,140.21,142.05,140.75,143.95,,141.90,,,3025,431788.15,187,F1,1,,,,,
2026-07-28,2026-07-28,CM,NSE,STK,18422,INE363A01022,ASIANHOTNR,EQ,,,,,ASIAN HOTELS (NORTH) LTD,307.95,323.00,307.95,315.05,320.00,311.90,,315.05,,,15035,4727205.15,740,F1,1,,,,,
2026-07-28,2026-07-28,CM,NSE,STK,19370,INE915K01010,AHLWEST,BE,,,,,ASIAN HOTELS (WEST) LTD,550.00,550.00,541.00,543.95,544.00,569.00,,543.95,,,250,136790.70,8,F1,1,,,,,
2026-07-28,2026-07-28,CM,NSE,STK,236,INE021A01026,ASIANPAINT,EQ,,,,,ASIAN PAINTS LIMITED,2712.00,2749.80,2706.30,2736.20,2739.00,2710.20,,2736.20,,,1282146,3503528051.90,61228,F1,1,,,,,
2026-07-28,2026-07-28,CM,NSE,STK,20152,INE491J01022,ASKAUTOLTD,EQ,,,,,ASK AUTOMOTIVE LIMITED,514.00,525.80,509.25,524.15,524.75,514.40,,524.10,,,221321,114710751.20,11983,F1,1,,,,,
2026-07-28,2026-07-28,CM,NSE,STK,17270,INE991I01015,ASPINWALL,EQ,,,,,ASPINWALL & CO LTD,247.00,247.00,240.00,243.13,244.00,246.90,,243.13,,,851,207183.22,39,F1,1,,,,,
2026-07-28,2026-07-28,CM,NSE,STK,17598,INE073G01016,ASALCBR,EQ,,,,,ASSO ALCOHOLS & BREW LTD,782.30,799.35,754.30,757.70,765.00,791.70,,757.75,,,90089,69516555.60,4089,F1,1,,,,,
2026-07-28,2026-07-28,CM,NSE,STK,17728,INE563J01010,ASTEC,EQ,,,,,ASTEC LIFESCIENCES LTD,664.60,688.30,645.00,649.45,646.05,664.60,,649.45,,,25178,16580038.55,1984,F1,1,,,,,
2026-07-28,2026-07-28,CM,NSE,STK,1508,INE914M01019,ASTERDM,EQ,,,,,ASTER DM QUALITY CARE LTD,801.50,817.00,798.30,813.50,816.50,801.50,,813.50,,,479202,387036527.80,28319,F1,1,,,,,
2026-07-28,2026-07-28,CM,NSE,STK,11618,INE386C01029,ASTRAMICRO,EQ,,,,,ASTRA MICROWAVE LTD,1800.00,1860.00,1688.00,1704.10,1691.40,1801.80,,1704.00,,,470220,817228274.10,29165,F1,1,,,,,
2026-07-28,2026-07-28,CM,NSE,STK,14418,INE006I01046,ASTRAL,EQ,,,,,ASTRAL LIMITED,1452.00,1483.90,1450.60,1471.40,1466.00,1465.80,,1471.40,,,356512,523018231.70,21753,F1,1,,,,,
2026-07-28,2026-07-28,CM,NSE,STK,5610,INE203A01020,ASTRAZEN,EQ,,,,,ASTRAZENECA PHARMA IND LT,8145.00,8149.50,8045.50,8071.50,8079.50,8167.50,,8071.50,,,1773,14385975.50,755,F1,1,,,,,
2026-07-28,2026-07-28,CM,NSE,STK,880,INE646X01014,ASTRON,BE,,,,,ASTRON PAPER BORD MIL LTD,4.10,4.17,3.86,3.92,3.86,3.99,,3.91,,,42773,171130.62,108,F1,1,,,,,
2026-07-28,2026-07-28,CM,NSE,STK,15649,INE0ALR01029,ATALREAL,EQ,,,,,ATAL REALTECH LIMITED,31.65,31.81,31.15,31.34,31.52,31.54,,31.34,,,6780339,213455255.97,3565,F1,1,,,,,
2026-07-28,2026-07-28,CM,NSE,STK,15404,INE09KD01013,ATAM,EQ,,,,,ATAM VALVES LIMITED,66.15,66.93,64.50,65.70,65.10,66.08,,65.70,,,4279,281549.38,106,F1,1,,,,,
2026-07-28,2026-07-28,CM,NSE,STK,756405,INE0V0Q01019,ATCENERGY,ST,,,,,ATC ENERGIES SYSTEM LTD,21.90,22.25,20.30,22.25,22.25,21.20,,22.25,,,21600,470820.00,18,F1,1200,,,,,
2026-07-28,2026-07-28,CM,NSE,STK,757645,INE0LEZ01016,ATHERENERG,EQ,,,,,ATHER ENERGY LIMITED,1213.00,1229.00,1196.10,1202.00,1205.70,1214.90,,1202.00,,,2067763,2500844778.30,114781,F1,1,,,,,
2026-07-28,2026-07-28,CM,NSE,STK,760953,IN90NN701011,ATLPP,E1,,,,,ATL RE.0.50 PPD UP,8.61,8.80,8.61,8.80,8.80,8.61,,8.62,,,286,2482.38,6,F1,1,,,,,
2026-07-28,2026-07-28,CM,NSE,STK,759007,INE0Z4F01028,ATLANTAELE,EQ,,,,,ATLANTA ELECTRICALS LTD,1615.00,1615.00,1533.60,1533.60,1533.60,1614.30,,1533.60,,,118094,182913439.10,7722,F1,1,,,,,
2026-07-28,2026-07-28,CM,NSE,STK,13585,INE285H01022,ATLANTAA,EQ,,,,,ATLANTAA LIMITED,35.89,35.98,34.50,35.21,35.97,35.36,,35.30,,,26622,940263.24,1197,F1,1,,,,,
2026-07-28,2026-07-28,CM,NSE,STK,4568,INE446A01025,ATLASCYCLE,EQ,,,,,ATLAS CYCLE (HARYANA) LTD,97.47,98.60,97.00,98.01,98.48,97.47,,98.01,,,565,55069.84,31,F1,1,,,,,
2026-07-28,2026-07-28,CM,NSE,STK,22788,INE05DH01017,ATMASTCO,ST,,,,,ATMASTCO LIMITED,156.00,156.00,152.00,152.10,152.25,156.60,,152.10,,,4400,675020.00,10,F1,400,,,,,
2026-07-28,2026-07-28,CM,NSE,STK,30023,INE951D01028,ATULAUTO,EQ,,,,,ATUL AUTO LIMITED,482.75,485.70,472.30,475.90,473.00,482.25,,475.90,,,52727,25304298.80,2257,F1,1,,,,,
2026-07-28,2026-07-28,CM,NSE,STK,263,INE100A01010,ATUL,EQ,,,,,ATUL LTD,6795.00,6900.00,6626.00,6650.00,6670.50,6789.50,,6650.00,,,78328,528441354.00,18472,F1,1,,,,,
2026-07-28,2026-07-28,CM,NSE,STK,21238,INE949L01017,AUBANK,EQ,,,,,AU SMALL FINANCE BANK LTD,1051.90,1059.60,1043.90,1047.70,1051.00,1052.20,,1047.70,,,1569390,1648787128.40,45095,F1,1,,,,,
2026-07-28,2026-07-28,CM,NSE,STK,12022,INE132H01018,AURIONPRO,EQ,,,,,AURIONPRO SOLN LTD,795.00,795.00,731.00,735.40,738.00,836.65,,735.40,,,1299788,972666335.35,54182,F1,1,,,,,
2026-07-28,2026-07-28,CM,NSE,STK,15869,INE0NUL01018,AUROIMPEX,SM,,,,,AURO IMPEX & CHEMICALS L,25.50,25.50,25.50,25.50,25.50,25.50,,25.50,,,1600,40800.00,1,F1,1600,,,,,
2026-07-28,2026-07-28,CM,NSE,STK,275,INE406A01037,AUROPHARMA,EQ,,,,,AUROBINDO PHARMA LTD,1550.50,1563.80,1539.90,1549.20,1557.00,1549.40,,1549.20,,,499946,773929574.20,25445,F1,1,,,,,
2026-07-28,2026-07-28,CM,NSE,STK,10310,INE898S01029,AURUM,EQ,,,,,AURUM PROPTECH LIMITED,236.65,240.02,219.29,222.82,221.00,229.68,,222.82,,,602413,139876743.19,12073,F1,1,,,,,
2026-07-28,2026-07-28,CM,NSE,STK,31468,INE142K01011,AURUS,EQ,,,,,AURUS GEM CORP LIMITED,4.74,4.90,4.67,4.85,4.77,4.74,,4.85,,,21205,102356.09,160,F1,1,,,,,
2026-07-28,2026-07-28,CM,NSE,STK,9035,INE218C01016,AUSOMENT,BE,,,,,AUSOM ENTERPRISE LIMITED,133.00,139.80,132.00,138.27,138.50,133.15,,137.45,,,5871,799323.46,54,F1,1,,,,,
2026-07-28,2026-07-28,CM,NSE,STK,21451,INE0P0001010,APS,SM,,,,,AUSTRALIAN PREM SOLAR I L,275.45,285.00,274.75,279.25,280.95,275.35,,279.25,,,9000,2501962.50,35,F1,250,,,,,
2026-07-28,2026-07-28,CM,NSE,STK,23553,INE206F01022,AIIL,EQ,,,,,AUTHUM INVEST & INFRA LTD,551.45,573.80,545.20,557.70,553.00,551.70,,557.70,,,490434,274464155.35,24073,F1,1,,,,,
2026-07-28,2026-07-28,CM,NSE,STK,14110,INE718H01014,AUTOIND,BE,,,,,AUTOLINE INDUSTRIES LTD,90.20,90.90,86.12,87.02,87.88,89.63,,86.99,,,32105,2812959.24,329,F1,1,,,,,
2026-07-28,2026-07-28,CM,NSE,STK,278,INE449A01011,AUTOAXLES,EQ,,,,,AUTOMOTIVE AXLES LIMITED,1804.90,1808.10,1788.20,1799.10,1800.60,1792.50,,1799.10,,,3962,7128804.10,507,F1,1,,,,,
2026-07-28,2026-07-28,CM,NSE,STK,10634,INE900C01027,ASAL,EQ,,,,,AUTOMOTIVE STAMPINGS & AS,498.25,513.95,492.80,497.20,495.00,498.25,,497.25,,,21458,10678849.20,1514,F1,1,,,,,
2026-07-28,2026-07-28,CM,NSE,STK,21406,INE349W01017,AVADHSUGAR,EQ,,,,,AVADH SUG & ENERGY LTD,536.95,537.00,520.00,527.85,522.25,533.75,,527.90,,,21130,11136436.40,1590,F1,1,,,,,
2026-07-28,2026-07-28,CM,NSE,STK,15058,INE0LCL01028,AVALON,EQ,,,,,AVALON TECHNOLOGIES LTD,1744.60,1744.60,1629.40,1640.00,1650.00,1728.20,,1640.00,,,274902,454487536.60,24442,F1,1,,,,,
2026-07-28,2026-07-28,CM,NSE,STK,760736,INE1KU201016,AVANA,ST,,,,,AVANA ELECTROSYSTEMS LTD,160.05,162.00,156.00,159.70,161.75,161.30,,159.70,,,36000,5748700.00,13,F1,2000,,,,,
2026-07-28,2026-07-28,CM,NSE,STK,24610,INE005B01027,AVANTEL,EQ,,,,,AVANTEL LIMITED,165.05,165.05,159.40,159.92,159.80,165.05,,159.92,,,702712,113284530.92,7629,F1,1,,,,,
2026-07-28,2026-07-28,CM,NSE,STK,7936,INE871C01038,AVANTIFEED,EQ,,,,,AVANTI FEEDS LIMITED,979.95,980.55,954.90,958.05,957.75,979.55,,958.00,,,172168,166353537.75,10363,F1,1,,,,,
2026-07-28,2026-07-28,CM,NSE,STK,19913,INE192R01011,DMART,EQ,,,,,AVENUE SUPERMARTS LIMITED,4027.70,4094.20,3755.10,3846.60,3850.80,4027.70,,3846.60,,,2412848,9287136547.10,171251,F1,1,,,,,
2026-07-28,2026-07-28,CM,NSE,STK,16249,INE483S01020,CCAVENUE,EQ,,,,,AVENUESAI LIMITED,16.71,16.76,16.45,16.55,16.55,16.73,,16.55,,,4194207,69507664.36,6766,F1,1,,,,,
2026-07-28,2026-07-28,CM,NSE,STK,15638,INE680Z01018,AVG,BE,,,,,AVG LOGISTICS LIMITED,203.00,205.00,200.30,201.13,201.15,205.61,,201.14,,,4722,954058.47,73,F1,1,,,,,
2026-07-28,2026-07-28,CM,NSE,STK,25520,INE0TFB01017,AVIANSH,SM,,,,,AVI ANSH TEXTILE LIMITED,101.00,101.00,99.00,100.00,100.00,100.50,,100.00,,,5000,499500.00,5,F1,1000,,,,,
2026-07-28,2026-07-28,CM,NSE,STK,755092,INE0V9I01017,AVIENCE,SM,,,,,AVIENCE BIOMEDICALS LTD,257.50,267.00,257.00,259.65,260.00,259.50,,259.65,,,16800,4374600.00,27,F1,600,,,,,
2026-07-28,2026-07-28,CM,NSE,STK,14069,INE855F01042,ASMS,BE,,,,,AVIO SMART MRKT STACK LTD,6.93,7.19,6.93,7.01,7.01,7.01,,7.01,,,136202,960226.94,238,F1,1,,,,,
2026-07-28,2026-07-28,CM,NSE,STK,13557,INE323B01024,AVONMORE,EQ,,,,,AVONMORE CAP&MGT SERV LTD,9.29,9.43,9.05,9.15,9.14,9.29,,9.15,,,91849,838591.36,429,F1,1,,,,,
2026-07-28,2026-07-28,CM,NSE,STK,23159,INE0R9401019,AVPINFRA,SM,,,,,AVP INFRACON LIMITED,70.55,70.85,69.20,69.25,69.25,70.50,,69.25,,,15200,1063880.00,16,F1,800,,,,,
2026-07-28,2026-07-28,CM,NSE,STK,8827,INE652Z01025,AVROIND,EQ,,,,,AVRO INDIA LIMITED,8.83,9.07,8.66,8.95,8.99,8.94,,8.94,,,98761,878138.74,445,F1,1,,,,,
2026-07-28,2026-07-28,CM,NSE,STK,14008,INE488D01021,AVTNPL,EQ,,,,,AVT NATURAL PRODUCTS LTD,70.22,71.28,70.20,70.55,70.78,70.22,,70.56,,,26747,1892045.91,1021,F1,1,,,,,
2026-07-28,2026-07-28,CM,NSE,STK,23864,INE108V01019,AWFIS,EQ,,,,,AWFIS SPACE SOLUTIONS LTD,288.95,288.95,280.00,281.85,281.00,288.65,,281.85,,,154335,43716290.25,8244,F1,1,,,,,
2026-07-28,2026-07-28,CM,NSE,STK,8110,INE699H01024,AWL,EQ,,,,,AWL AGRI BUSINESS LIMITED,187.30,188.60,185.85,186.17,186.15,187.64,,186.17,,,907838,169455168.93,12621,F1,1,,,,,
2026-07-28,2026-07-28,CM,NSE,STK,5900,INE238A01034,AXISBANK,EQ,,,,,AXIS BANK LIMITED,1222.50,1233.90,1219.70,1223.50,1223.90,1227.50,,1223.50,,,6093182,7470475266.50,131642,F1,1,,,,,
2026-07-28,2026-07-28,CM,NSE,STK,1044,INF846K01X63,BNKETFAXIS,EQ,,,,,AXISAMC-BNKETFAXIS,587.28,587.70,584.49,585.75,585.75,589.40,,585.75,,,153,89733.52,23,F1,1,,,,,
2026-07-28,2026-07-28,CM,NSE,STK,5732,INF846K016C7,CONSUMAXIS,EQ,,,,,AXISAMC-CONSUMAXIS,122.48,123.11,122.17,122.51,122.52,122.17,,122.51,,,3789,464798.65,29,F1,1,,,,,
2026-07-28,2026-07-28,CM,NSE,STK,20532,INF846K01W80,GOLDAXIS,EQ,,,,,AXISAMC-GOLDAXIS,116.58,119.50,116.58,117.63,117.35,119.57,,117.63,,,2855494,335936397.32,5613,F1,1,,,,,
2026-07-28,2026-07-28,CM,NSE,STK,3608,INF846K01Z12,HEALTHAXIS,EQ,,,,,AXISAMC-HEALTHAXIS,168.00,168.50,165.58,167.67,165.58,167.19,,167.67,,,7431,1246579.35,86,F1,1,,,,,
2026-07-28,2026-07-28,CM,NSE,STK,3010,INF846K01Y96,ITAXIS,EQ,,,,,AXISAMC-ITAXIS,329.02,337.50,329.02,335.15,332.07,323.94,,335.15,,,24511,8209799.69,272,F1,1,,,,,
2026-07-28,2026-07-28,CM,NSE,STK,21252,INF846K01W98,NIFTYAXIS,EQ,,,,,AXISAMC-NIFTYAXIS,267.83,267.83,265.00,265.85,266.28,265.44,,265.85,,,6966,1852344.40,120,F1,1,,,,,
2026-07-28,2026-07-28,CM,NSE,STK,14742,INF846K010Q0,SENSEXAXIS,EQ,,,,,AXISAMC-SENSEXAXIS,80.48,80.48,78.61,79.37,79.26,79.89,,79.37,,,961,76723.37,70,F1,1,,,,,
2026-07-28,2026-07-28,CM,NSE,STK,11193,INF846K011K1,SILVERAXIS,EQ,,,,,AXISAMC-SILVERAXIS,216.35,217.07,214.00,214.56,214.60,221.30,,214.56,,,248545,53540590.87,4265,F1,1,,,,,
2026-07-28,2026-07-28,CM,NSE,STK,30155,INF846KA1119,VALUEAXIS,EQ,,,,,AXISAMC-VALUEAXIS,32.86,32.86,32.40,32.46,32.40,32.77,,32.44,,,87110,2834842.62,519,F1,1,,,,,
2026-07-28,2026-07-28,CM,NSE,STK,9436,INE555B01013,AXISCADES,EQ,,,,,AXISCADES TECH LTD,1540.00,1549.00,1470.30,1491.20,1499.00,1533.40,,1491.20,,,177207,264772288.80,10777,F1,1,,,,,
2026-07-28,2026-07-28,CM,NSE,STK,9902,INE02EZ01022,AXITA,EQ,,,,,AXITA COTTON LIMITED,7.40,7.44,7.35,7.39,7.41,7.41,,7.40,,,201496,1490328.59,465,F1,1,,,,,
2026-07-28,2026-07-28,CM,NSE,STK,760981,INE501X01029,AYE,EQ,,,,,AYE FINANCE LIMITED,167.63,168.00,162.14,162.92,162.66,166.81,,162.92,,,388983,63758168.31,5123,F1,1,,,,,
2026-07-28,2026-07-28,CM,NSE,STK,10285,INE193B01039,AYMSYNTEX,EQ,,,,,AYM SYNTEX LIMITED,237.33,246.90,234.00,240.64,240.10,235.27,,240.89,,,33019,7913737.29,1150,F1,1,,,,,
2026-07-28,2026-07-28,CM,NSE,STK,20905,INE02IJ01035,AZAD,EQ,,,,,AZAD ENGINEERING LIMITED,2437.20,2439.80,2363.70,2401.10,2393.80,2441.60,,2401.10,,,420227,1007519732.50,30424,F1,1,,,,,
2026-07-28,2026-07-28,CM,NSE,STK,762616,INE489D01011,BNALTD,BE,,,,,B & A LTD.,458.00,458.00,444.00,444.00,444.00,466.95,,440.85,,,326,145059.50,16,F1,1,,,,,
2026-07-28,2026-07-28,CM,NSE,STK,12153,INE01EE01011,BBTCL,EQ,,,,,B&B TRIPLEWALL CONT LTD,215.00,223.99,213.50,217.03,215.10,219.33,,217.22,,,3909,850581.53,139,F1,1,,,,,
2026-07-28,2026-07-28,CM,NSE,STK,11226,INE116D01028,BAGFILMS,EQ,,,,,B.A.G FILMS AND MEDIA LTD,4.55,4.65,4.48,4.55,4.52,4.61,,4.55,,,40153,183208.49,127,F1,1,,,,,
2026-07-28,2026-07-28,CM,NSE,STK,13290,INE350H01032,BLKASHYAP,EQ,,,,,B.L.KASHYAP & SON LTD,54.34,56.60,54.00,54.14,54.07,54.11,,54.14,,,372854,20505566.62,2590,F1,1,,,,,
2026-07-28,2026-07-28,CM,NSE,STK,25116,INE01FR01028,STYLEBAAZA,BE,,,,,BAAZAR STYLE RETAIL LTD,274.90,280.75,270.00,271.60,271.80,274.95,,271.60,,,76220,20878302.90,585,F1,1,,,,,
2026-07-28,2026-07-28,CM,NSE,STK,20141,INE0QW501012,BABAFP,SM,,,,,BABA FOOD PROCESSING,23.05,25.00,23.00,25.00,25.00,24.50,,25.00,,,14400,348480.00,7,F1,1600,,,,,
2026-07-28,2026-07-28,CM,NSE,STK,17735,INE878I01022,BAFNAPH,BE,,,,,BAFNA PHARMACEUTICALS LTD,247.76,247.76,247.76,247.76,247.76,242.91,,253.75,,,4345,1076517.20,39,F1,1,,,,,
2026-07-28,2026-07-28,CM,NSE,STK,763363,INE2OVN25015,BAGMANE,RR,,,,,BAGMANE PRIME OFFICE REIT,104.80,105.10,104.20,104.97,104.99,104.77,,104.97,,,1311069,137461611.71,29878,F1,1,,,,,
2026-07-28,2026-07-28,CM,NSE,STK,12989,INE029Q01017,BAHETI,SM,,,,,BAHETI RECYCLING IND LTD,712.00,712.00,705.00,708.00,705.00,712.60,,708.00,,,13875,9854925.00,25,F1,375,,,,,
2026-07-28,2026-07-28,CM,NSE,STK,13794,INE020D01022,BAIDFIN,EQ,,,,,BAID FINSERV LIMITED,9.86,10.34,9.86,10.03,10.11,9.86,,10.03,,,54212,542752.22,216,F1,1,,,,,
2026-07-28,2026-07-28,CM,NSE,STK,16669,INE917I01010,BAJAJ-AUTO,EQ,,,,,BAJAJ AUTO LIMITED,11176.50,11410.50,11156.00,11374.00,11401.00,11183.50,,11374.00,,,357417,4044885876.50,54674,F1,1,,,,,
2026-07-28,2026-07-28,CM,NSE,STK,19531,INE933K01021,BAJAJCON,EQ,,,,,BAJAJ CONSUMER CARE LTD,540.50,541.85,529.00,530.95,529.00,540.85,,530.95,,,220654,117628436.80,8729,F1,1,,,,,
2026-07-28,2026-07-28,CM,NSE,STK,15034,INE193E01025,BAJAJELEC,EQ,,,,,BAJAJ ELECT.LTD,327.15,331.95,326.00,327.05,327.30,329.40,,327.10,,,54220,17842578.25,1879,F1,1,,,,,
2026-07-28,2026-07-28,CM,NSE,STK,317,INE296A01032,BAJFINANCE,EQ,,,,,BAJAJ FINANCE LIMITED,1049.00,1055.00,1042.40,1048.40,1049.80,1048.30,,1048.40,,,4726447,4951572335.20,114060,F1,1,,,,,
2026-07-28,2026-07-28,CM,NSE,STK,16675,INE918I01026,BAJAJFINSV,EQ,,,,,BAJAJ FINSERV LTD.,1918.00,1940.00,1910.70,1927.90,1929.00,1913.00,,1927.90,,,1415016,2725108920.60,63492,F1,1,,,,,
2026-07-28,2026-07-28,CM,NSE,STK,6863,INE411U01027,BAJAJHCARE,EQ,,,,,BAJAJ HEALTHCARE LIMITED,321.20,325.00,316.60,321.75,320.00,319.65,,321.75,,,376703,120777200.50,8253,F1,1,,,,,
2026-07-28,2026-07-28,CM,NSE,STK,308,INE306A01021,BAJAJHIND,EQ,,,,,BAJAJ HINDUSTHAN SUGAR LT,16.93,17.01,16.75,16.80,16.75,16.93,,16.80,,,2418622,40822053.02,6152,F1,1,,,,,
2026-07-28,2026-07-28,CM,NSE,STK,305,INE118A01012,BAJAJHLDNG,EQ,,,,,BAJAJ HOLDINGS & INVS LTD,10800.00,10886.00,10741.00,10831.00,10780.00,10810.00,,10831.00,,,50011,540454828.00,10474,F1,1,,,,,
2026-07-28,2026-07-28,CM,NSE,STK,25270,INE377Y01014,BAJAJHFL,EQ,,,,,BAJAJ HOUSING FINANCE LTD,85.50,86.00,85.08,85.66,85.69,85.50,,85.66,,,2069198,177295690.90,16030,F1,1,,,,,
2026-07-28,2026-07-28,CM,NSE,STK,762563,INE704G01024,BAJAJST,EQ,,,,,BAJAJ STEEL INDS. LTD.,399.90,414.90,395.05,405.70,408.00,395.25,,405.60,,,18445,7465475.25,1413,F1,1,,,,,
2026-07-28,2026-07-28,CM,NSE,STK,20531,INE0KQN01018,BAJEL,EQ,,,,,BAJEL PROJECTS LIMITED,177.74,179.78,174.50,175.49,174.90,177.74,,175.51,,,91358,16067566.35,1954,F1,1,,,,,
2026-07-28,2026-07-28,CM,NSE,STK,13441,INE083D01012,BALPHARMA,EQ,,,,,BAL PHARMA LTD.,88.05,90.59,87.11,87.49,87.74,88.63,,87.43,,,16520,1456754.02,561,F1,1,,,,,
2026-07-28,2026-07-28,CM,NSE,STK,14501,INE050E01027,BALAMINES,EQ,,,,,BALAJI AMINES LIMITED,2350.00,2429.00,2185.00,2241.50,2230.00,2284.80,,2241.60,,,969993,2231663330.60,75269,F1,1,,,,,
2026-07-28,2026-07-28,CM,NSE,STK,30030,INE0PQ601019,BALAJIPHOS,SM,,,,,BALAJI PHOSPHATES LIMITED,88.00,89.95,87.00,89.00,89.00,87.95,,89.00,,,20000,1774900.00,16,F1,1000,,,,,
2026-07-28,2026-07-28,CM,NSE,STK,9158,INE794B01026,BALAJITELE,EQ,,,,,BALAJI TELEFILMS LIMITED.,83.88,85.90,81.68,82.60,82.48,83.80,,82.61,,,98819,8307390.54,1688,F1,1,,,,,
2026-07-28,2026-07-28,CM,NSE,STK,11309,INE618N01022,BALAXI,EQ,,,,,BALAXI PHARMA LTD,24.02,24.79,24.00,24.44,24.47,24.39,,24.44,,,22411,541351.98,112,F1,1,,,,,
2026-07-28,2026-07-28,CM,NSE,STK,335,INE787D01026,BALKRISIND,EQ,,,,,BALKRISHNA IND. LTD,2036.00,2055.00,2007.00,2013.20,2012.00,2025.20,,2013.20,,,152769,309442040.40,13229,F1,1,,,,,
2026-07-28,2026-07-28,CM,NSE,STK,10181,INE875R01011,BALKRISHNA,EQ,,,,,BALKRISHNA PAPER MILLS L,17.72,18.19,17.57,17.95,18.00,17.54,,17.93,,,8556,152176.92,43,F1,1,,,,,
2026-07-28,2026-07-28,CM,NSE,STK,338,INE164A01016,BALMLAWRIE,EQ,,,,,BALMER LAWRIE & CO LTD,176.65,177.48,175.60,175.98,175.74,176.65,,175.98,,,37806,6653471.92,990,F1,1,,,,,
2026-07-28,2026-07-28,CM,NSE,STK,762603,INE525F01025,BLIL,EQ,,,,,BALMER LAWRIE INVSTS. L,69.51,70.21,69.51,70.06,70.15,69.97,,70.05,,,36169,2531222.22,560,F1,1,,,,,
2026-07-28,2026-07-28,CM,NSE,STK,341,INE119A01028,BALRAMCHIN,EQ,,,,,BALRAMPUR CHINI MILLS LTD,611.65,616.40,601.15,605.25,602.70,611.65,,605.25,,,156927,95434206.45,6292,F1,1,,,,,
2026-07-28,2026-07-28,CM,NSE,STK,23607,INE011E01029,BALUFORGE,EQ,,,,,BALU FORGE INDUSTRIES LTD,439.70,448.50,435.00,445.90,444.40,439.75,,445.85,,,301551,133533450.05,10930,F1,1,,,,,
2026-07-28,2026-07-28,CM,NSE,STK,347,INE655B01011,BANARBEADS,EQ,,,,,BANARAS BEADS LTD,119.60,121.60,116.53,117.98,117.90,119.56,,117.98,,,2578,307632.07,227,F1,1,,,,,
2026-07-28,2026-07-28,CM,NSE,STK,13880,INE213C01025,BANCOINDIA,EQ,,,,,BANCO PRODUCTS (I) LTD,629.20,632.15,620.10,622.35,623.00,626.10,,622.30,,,71771,44900377.40,5890,F1,1,,,,,
2026-07-28,2026-07-28,CM,NSE,STK,2263,INE545U01014,BANDHANBNK,EQ,,,,,BANDHAN BANK LIMITED,169.00,169.97,166.61,168.84,168.82,169.43,,168.84,,,9940396,1673987530.67,54982,F1,1,,,,,
2026-07-28,2026-07-28,CM,NSE,STK,760325,INF194KB1KJ7,GOLDBND,EQ,,,,,BANDHANAMC - GOLDBND,143.05,143.05,141.00,141.49,141.34,143.05,,141.49,,,25938,3670583.97,115,F1,1,,,,,
2026-07-28,2026-07-28,CM,NSE,STK,18783,INF194KA1U07,IDFNIFTYET,EQ,,,,,BANDHANAMC - IDFNIFTYET,265.63,265.93,264.23,264.23,264.23,265.13,,264.23,,,131,34674.07,19,F1,1,,,,,
2026-07-28,2026-07-28,CM,NSE,STK,760328,INF194KB1KI9,SILVERBND,EQ,,,,,BANDHANAMC - SILVERBND,219.29,219.29,216.00,216.85,216.70,223.55,,216.87,,,4886,1061631.46,156,F1,1,,,,,
2026-07-28,2026-07-28,CM,NSE,STK,15303,INE863I01016,BANG,EQ,,,,,BANG OVERSEAS LTD.,28.97,29.45,28.21,29.19,29.42,28.06,,29.19,,,17289,502147.73,353,F1,1,,,,,
2026-07-28,2026-07-28,CM,NSE,STK,4668,INE028A01039,BANKBARODA,EQ,,,,,BANK OF BARODA,242.80,244.70,238.45,239.20,239.20,244.00,,239.20,,,8526492,2049448795.10,66617,F1,1,,,,,
2026-07-28,2026-07-28,CM,NSE,STK,4745,INE084A01016,BANKINDIA,EQ,,,,,BANK OF INDIA,138.00,138.20,135.62,136.32,136.29,137.87,,136.32,,,8337190,1139614082.53,36583,F1,1,,,,,
2026-07-28,2026-07-28,CM,NSE,STK,11377,INE457A01014,MAHABANK,EQ,,,,,BANK OF MAHARASHTRA,80.63,80.97,79.96,80.20,80.51,80.63,,80.20,,,7527183,604986468.06,43248,F1,1,,,,,
2026-07-28,2026-07-28,CM,NSE,STK,828,INE862Y01015,BANKA,BE,,,,,BANKA BIOLOO LIMITED,93.65,94.00,90.51,93.00,93.00,94.12,,93.00,,,1854,173257.93,24,F1,1,,,,,
2026-07-28,2026-07-28,CM,NSE,STK,12037,INE186H01022,BASML,BE,,,,,BANNARI AM SPIN MILL LTD.,26.51,27.47,26.51,26.90,26.89,26.99,,26.90,,,78106,2108255.96,112,F1,1,,,,,
2026-07-28,2026-07-28,CM,NSE,STK,350,INE459A01010,BANARISUG,EQ,,,,,BANNARI AMMAN SUGARS LTD,3460.00,3495.00,3455.00,3482.70,3476.00,3475.10,,3482.70,,,112,389529.60,20,F1,1,,,,,
2026-07-28,2026-07-28,CM,NSE,STK,24386,INE0B9K01025,BANSALWIRE,EQ,,,,,BANSAL WIRE INDUSTRIES L,316.50,319.95,307.50,309.15,309.80,316.45,,309.15,,,183782,57056469.25,7010,F1,1,,,,,
2026-07-28,2026-07-28,CM,NSE,STK,14511,INE629D01020,BANSWRAS,EQ,,,,,BANSWARA SYNTEX LIMITED,128.00,132.84,125.80,128.97,129.55,124.33,,128.97,,,63744,8287968.33,1304,F1,1,,,,,
2026-07-28,2026-07-28,CM,NSE,STK,15073,INE139I01011,BVCL,EQ,,,,,BARAK VALLEY CEM. LTD.,41.08,41.35,40.60,40.70,40.60,41.08,,40.66,,,3894,158593.38,45,F1,1,,,,,
2026-07-28,2026-07-28,CM,NSE,STK,29176,INE0QX401014,BARFLEX,SM,,,,,BARFLEX POLYFILMS LIMITED,55.00,55.00,55.00,55.00,55.00,55.00,,55.00,,,2000,110000.00,1,F1,2000,,,,,
2026-07-28,2026-07-28,CM,NSE,STK,24117,INF251K01TL6,BBNPNBETF,EQ,,,,,BARODABNP - BBNPNBETF,57.53,57.53,57.08,57.28,57.28,57.55,,56.98,,,216,12377.14,6,F1,1,,,,,
2026-07-28,2026-07-28,CM,NSE,STK,20547,INF251K01SU9,BBNPPGOLD,EQ,,,,,BARODABNP - BBNPPGOLD,138.60,138.60,136.10,136.25,136.75,138.60,,136.25,,,90806,12396103.50,95,F1,1,,,,,
2026-07-28,2026-07-28,CM,NSE,STK,368,INE373A01013,BASF,EQ,,,,,BASF INDIA LTD,3759.90,3759.90,3687.10,3700.20,3710.00,3738.40,,3700.30,,,6473,23969973.80,1574,F1,1,,,,,
2026-07-28,2026-07-28,CM,NSE,STK,18442,INE0OCC01013,BASILIC,SM,,,,,BASILIC FLY STUDIO LTD,193.45,195.00,192.00,194.65,194.90,191.85,,194.65,,,15900,3065100.00,40,F1,300,,,,,
2026-07-28,2026-07-28,CM,NSE,STK,371,INE176A01028,BATAINDIA,EQ,,,,,BATA INDIA LTD,698.00,708.00,693.00,694.95,694.60,699.65,,694.95,,,195732,136880584.80,10176,F1,1,,,,,
2026-07-28,2026-07-28,CM,NSE,STK,762568,INE177C01022,BATLIBOI,EQ,,,,,BATLIBOI LTD.,84.49,87.00,83.05,83.40,83.08,84.46,,83.37,,,13552,1142321.58,361,F1,1,,,,,
2026-07-28,2026-07-28,CM,NSE,STK,22574,INE0JFJ01011,BAWEJA,ST,,,,,BAWEJA STUDIOS LIMITED,27.25,28.50,26.95,26.95,26.95,27.15,,26.95,,,46400,1295840.00,41,F1,800,,,,,
2026-07-28,2026-07-28,CM,NSE,STK,17927,INE462A01022,BAYERCROP,EQ,,,,,BAYER CROPSCIENCE LTD,4248.00,4268.50,4200.00,4219.40,4212.00,4238.50,,4218.90,,,13467,56895269.40,3530,F1,1,,,,,
2026-07-28,2026-07-28,CM,NSE,STK,2513,INE412G01024,BCLIND,EQ,,,,,BCL INDUSTRIES LIMITED,35.29,35.30,34.50,34.56,34.51,35.30,,34.56,,,323080,11208449.77,1609,F1,1,,,,,
2026-07-28,2026-07-28,CM,NSE,STK,761494,INE00SW01015,BCPL,EQ,,,,,BCPL RAILWAY INFRA LTD,71.80,72.87,70.10,70.47,70.30,70.75,,70.57,,,5420,383541.52,173,F1,1,,,,,
2026-07-28,2026-07-28,CM,NSE,STK,23925,INE639X01027,BEACON,ST,,,,,BEACON TRUSTEESHIP LTD,90.50,90.60,86.00,87.65,86.00,90.50,,87.65,,,13000,1156600.00,12,F1,1000,,,,,
2026-07-28,2026-07-28,CM,NSE,STK,17933,INE520H01022,BEARDSELL,EQ,,,,,BEARDSELL LIMITED,28.50,28.50,27.08,27.17,27.08,27.42,,27.17,,,13502,372442.12,102,F1,1,,,,,
2026-07-28,2026-07-28,CM,NSE,STK,20196,INE844K01012,BEDMUTHA,EQ,,,,,BEDMUTHA INDUST LTD,111.10,113.10,106.60,108.34,108.00,112.18,,108.34,,,6974,756668.67,113,F1,1,,,,,
2026-07-28,2026-07-28,CM,NSE,STK,762573,INE213D01015,BEEKAY,EQ,,,,,BEEKAY STEEL INDS. LTD.,406.00,408.60,396.05,408.55,408.60,395.30,,408.80,,,832,336563.60,45,F1,1,,,,,
2026-07-28,2026-07-28,CM,NSE,STK,757938,INE344T01014,BELLACASA,EQ,,,,,BELLA CASA FASH AND RET L,242.10,249.90,237.20,241.80,242.00,240.35,,241.85,,,4412,1062036.80,443,F1,1,,,,,
2026-07-28,2026-07-28,CM,NSE,STK,757102,INE894V01022,BELRISE,EQ,,,,,BELRISE INDUSTRIES LTD,233.00,233.24,226.77,229.03,228.80,232.66,,229.04,,,2163861,496033287.98,23744,F1,1,,,,,
2026-07-28,2026-07-28,CM,NSE,STK,15067,INE0N7W01012,BLAL,EQ,,,,,BEML LAND ASSETS LIMITED,178.38,182.00,176.13,177.23,176.28,177.61,,177.23,,,7433,1320981.96,196,F1,1,,,,,
2026-07-28,2026-07-28,CM,NSE,STK,395,INE258A01024,BEML,EQ,,,,,BEML LIMITED,1770.10,1779.00,1748.20,1759.20,1751.80,1780.10,,1759.30,,,131463,231425372.00,17702,F1,1,,,,,
2026-07-28,2026-07-28,CM,NSE,STK,762578,INE083K01017,BENGALASM,EQ,,,,,BENGAL & ASSAM CO. LTD.,6316.00,6316.00,6195.50,6315.00,6290.00,6215.50,,6315.00,,,235,1478775.50,67,F1,1,,,,,
2026-07-28,2026-07-28,CM,NSE,STK,404,INE463A01038,BERGEPAINT,EQ,,,,,BERGER PAINTS (I) LTD,507.00,507.00,498.10,499.35,500.95,504.00,,499.35,,,103531,51963464.70,7072,F1,1,,,,,
2026-07-28,2026-07-28,CM,NSE,STK,2306,INE052T01021,BESTAGRO,EQ,,,,,BEST AGROLIFE LIMITED,16.07,16.07,14.65,15.26,15.30,15.91,,15.27,,,347983,5424703.79,1230,F1,1,,,,,
2026-07-28,2026-07-28,CM,NSE,STK,759842,INE351Y01019,BETA,EQ,,,,,BETA DRUGS LIMITED,2231.00,2257.50,2072.40,2109.80,2120.00,2230.70,,2109.80,,,89976,190898273.30,13345,F1,1,,,,,
2026-07-28,2026-07-28,CM,NSE,STK,5662,INE0HQI01014,BEWLTD,SM,,,,,BEW ENGINEERING LIMITED,58.05,59.50,58.05,58.35,58.95,58.85,,58.35,,,6500,379450.00,9,F1,500,,,,,
2026-07-28,2026-07-28,CM,NSE,STK,21113,INE878K01010,BFINVEST,EQ,,,,,BF INVESTMENT LIMITED,460.10,462.00,446.55,450.50,451.50,460.10,,450.50,,,24666,11194399.00,1350,F1,1,,,,,
2026-07-28,2026-07-28,CM,NSE,STK,14567,INE243D01012,BFUTILITIE,EQ,,,,,BF UTILITIES LIMITED,577.00,580.75,568.00,569.30,568.00,577.85,,569.30,,,27952,15987279.70,1438,F1,1,,,,,
2026-07-28,2026-07-28,CM,NSE,STK,764183,INF0QA701CI0,BANK10BETF,EQ,,,,,BFAM - BANK10BETF,20.65,21.33,20.50,20.73,20.69,20.87,,20.84,,,18109,374075.33,45,F1,1,,,,,
2026-07-28,2026-07-28,CM,NSE,STK,21986,INF0QA701714,BANKBETF,EQ,,,,,BFAM - BANKBETF,57.97,58.04,57.60,57.77,57.88,57.97,,57.77,,,24232,1399626.39,169,F1,1,,,,,
2026-07-28,2026-07-28,CM,NSE,STK,23915,INF0QA701854,LIQUIDBETF,EQ,,,,,BFAM - LIQUIDBETF,1092.10,1092.12,1092.10,1092.11,1092.11,1091.97,,1092.11,,,351691,384085637.81,150,F1,1,,,,,
2026-07-28,2026-07-28,CM,NSE,STK,21959,INF0QA701722,NIFTYBETF,EQ,,,,,BFAM - NIFTYBETF,246.95,247.50,246.16,246.56,246.49,246.98,,246.56,,,1821,449580.90,63,F1,1,,,,,
2026-07-28,2026-07-28,CM,NSE,STK,15193,INE661I01014,BGRENERGY,BE,,,,,BGR ENERGY SYSTEMS LTD,280.20,289.00,279.00,287.05,288.85,280.25,,287.10,,,38192,10881575.05,453,F1,1,,,,,
2026-07-28,2026-07-28,CM,NSE,STK,758228,INE0ZRC01017,BHADORA,ST,,,,,BHADORA INDUSTRIES LTD,88.30,88.30,88.30,88.30,88.30,88.50,,88.30,,,1200,105960.00,1,F1,1200,,,,,
2026-07-28,2026-07-28,CM,NSE,STK,13427,INE354C01027,BHAGERIA,BE,,,,,BHAGERIA INDUSTRIES LTD,220.00,220.00,207.21,207.99,207.23,218.11,,208.00,,,50931,10702268.31,475,F1,1,,,,,
2026-07-28,2026-07-28,CM,NSE,STK,6164,INE414D01027,BHAGCHEM,EQ,,,,,BHAGIRADHA CHEM & INDS L,263.30,266.85,261.00,263.40,262.50,263.30,,263.40,,,38743,10243021.30,780,F1,1,,,,,
2026-07-28,2026-07-28,CM,NSE,STK,20799,INE458B01036,BHAGYANGR,BE,,,,,BHAGYANAGAR INDIA LIMITED,416.05,428.95,405.40,407.05,405.40,426.70,,406.35,,,91092,37572447.90,1665,F1,1,,,,,
2026-07-28,2026-07-28,CM,NSE,STK,19560,INE474E01029,BHANDARI,BE,,,,,BHANDARI HOSIERY EXP LTD,2.87,2.89,2.84,2.85,2.88,2.87,,2.86,,,38141,109470.00,122,F1,1,,,,,
2026-07-28,2026-07-28,CM,NSE,STK,419,INE922A01025,BEPL,EQ,,,,,BHANSALI ENG. POLYMERS LT,114.69,115.93,112.80,113.41,114.10,114.51,,113.41,,,2383519,271963519.46,16156,F1,1,,,,,
2026-07-28,2026-07-28,CM,NSE,STK,13761,INE464A01036,BBL,EQ,,,,,BHARAT BIJLEE LTD,2569.90,2578.80,2510.20,2523.40,2520.20,2562.00,,2523.40,,,20888,53200066.90,2365,F1,1,,,,,
2026-07-28,2026-07-28,CM,NSE,STK,760726,INE05XR01022,BHARATCOAL,EQ,,,,,BHARAT COKING COAL LTD,35.15,35.22,34.20,34.27,34.32,35.25,,34.27,,,6402971,221432598.61,19441,F1,1,,,,,
2026-07-28,2026-07-28,CM,NSE,STK,2144,INE171Z01026,BDL,EQ,,,,,BHARAT DYNAMICS LIMITED,1256.40,1285.70,1237.10,1271.00,1266.00,1256.40,,1271.00,,,1200970,1519287127.20,36823,F1,1,,,,,
2026-07-28,2026-07-28,CM,NSE,STK,383,INE263A01024,BEL,EQ,,,,,BHARAT ELECTRONICS LTD,406.15,406.15,388.00,389.00,389.00,407.15,,389.00,,,35317783,13877815253.50,366401,F1,1,,,,,
2026-07-28,2026-07-28,CM,NSE,STK,422,INE465A01025,BHARATFORG,EQ,,,,,BHARAT FORGE LTD,2182.00,2186.60,2142.00,2162.70,2168.40,2181.30,,2162.70,,,734961,1587679139.00,27774,F1,1,,,,,
2026-07-28,2026-07-28,CM,NSE,STK,9397,INE561C01019,BHARATGEAR,BE,,,,,BHARAT GEARS LTD,128.20,131.99,121.11,123.96,123.15,127.48,,124.15,,,48095,6088463.64,420,F1,1,,,,,
2026-07-28,2026-07-28,CM,NSE,STK,526,INE029A01011,BPCL,EQ,,,,,BHARAT PETROLEUM CORP  LT,317.50,321.30,315.75,320.05,320.10,316.25,,320.05,,,5455392,1744239145.60,46537,F1,1,,,,,
2026-07-28,2026-07-28,CM,NSE,STK,3834,INE838B01021,BHARATRAS,EQ,,,,,BHARAT RASAYAN LTD,1278.90,1287.10,1273.00,1275.70,1274.60,1273.80,,1275.60,,,4347,5567554.80,567,F1,1,,,,,
2026-07-28,2026-07-28,CM,NSE,STK,21683,INE727S01012,BRNL,EQ,,,,,BHARAT ROAD NETWORK LTD,17.59,18.10,17.51,17.51,17.51,17.59,,17.52,,,39018,685993.18,152,F1,1,,,,,
2026-07-28,2026-07-28,CM,NSE,STK,30244,INE415D01024,BHARATSE,EQ,,,,,BHARAT SEATS LIMITED,212.00,212.90,200.20,210.54,210.28,211.85,,210.52,,,393959,81716977.00,10483,F1,1,,,,,
2026-07-28,2026-07-28,CM,NSE,STK,16123,INE316L01019,BHARATWIRE,EQ,,,,,BHARAT WIRE ROPES LTD.,205.00,206.80,196.50,197.53,197.00,202.91,,197.54,,,111758,22454406.43,2815,F1,1,,,,,
2026-07-28,2026-07-28,CM,NSE,STK,10604,INE397D01024,BHARTIARTL,EQ,,,,,BHARTI AIRTEL LIMITED,1901.00,1908.40,1892.40,1901.80,1904.70,1905.30,,1901.80,,,6309089,11984625934.30,109402,F1,1,,,,,
2026-07-28,2026-07-28,CM,NSE,STK,23489,INE343G01021,BHARTIHEXA,EQ,,,,,BHARTI HEXACOM LIMITED,1614.30,1621.90,1600.90,1604.60,1606.00,1614.30,,1604.60,,,30954,49784381.00,4329,F1,1,,,,,
2026-07-28,2026-07-28,CM,NSE,STK,7848,INE828A01016,BIL,EQ,,,,,BHARTIYA INTERNATIONAL,774.00,780.00,741.30,778.85,779.15,745.80,,777.50,,,4168,3205104.70,263,F1,1,,,,,
2026-07-28,2026-07-28,CM,NSE,STK,438,INE257A01026,BHEL,EQ,,,,,BHEL,415.95,415.95,403.20,405.75,405.60,415.95,,405.75,,,6949460,2820216664.65,67797,F1,1,,,,,
2026-07-28,2026-07-28,CM,NSE,STK,762621,INE274K01012,BTTL,BE,,,,,BHILWARA TECHNICAL TEXT L,48.50,48.84,47.51,47.70,47.51,48.60,,47.70,,,3128,150662.94,32,F1,1,,,,,
2026-07-28,2026-07-28,CM,NSE,STK,18431,INE412U01025,BIGBLOC,EQ,,,,,BIGBLOC CONSTRUCTION LTD,47.50,47.50,45.47,45.97,46.20,46.98,,45.97,,,54931,2540639.47,713,F1,1,,,,,
2026-07-28,2026-07-28,CM,NSE,STK,11966,INE00E101023,BIKAJI,EQ,,,,,BIKAJI FOODS INTERN LTD,639.05,646.00,629.60,633.95,635.50,641.25,,633.95,,,82140,52203380.15,11251,F1,1,,,,,
2026-07-28,2026-07-28,CM,NSE,STK,25527,INE0SQH01013,BIKEWO,ST,,,,,BIKEWO GREEN TECH LIMITED,62.50,65.30,62.00,64.70,65.30,62.20,,64.70,,,132000,8386600.00,60,F1,2000,,,,,
2026-07-28,2026-07-28,CM,NSE,STK,13622,INE071A01013,BILVYAPAR,BE,,,,,BIL VYAPAR LIMITED,4.15,4.23,3.96,4.10,4.10,4.13,,4.10,,,8391,34018.83,33,F1,1,,,,,
2026-07-28,2026-07-28,CM,NSE,STK,762583,INE986A01012,BI,EQ,,,,,BILCARE LTD.,58.60,60.88,58.50,59.25,60.88,58.46,,60.27,,,2296,135517.13,62,F1,1,,,,,
2026-07-28,2026-07-28,CM,NSE,STK,759806,INE0HOQ01053,GROWW,EQ,,,,,BILLIONBRAINS GARAGE VN L,200.70,200.70,194.71,195.30,195.90,199.38,,195.30,,,17536406,3459027728.10,102556,F1,1,,,,,
2026-07-28,2026-07-28,CM,NSE,STK,762588,INE469A01019,BIMETAL,EQ,,,,,BIMETAL BEARINGS LTD.,650.00,668.85,636.10,638.15,638.15,650.80,,641.60,,,720,471582.45,53,F1,1,,,,,
2026-07-28,2026-07-28,CM,NSE,STK,763598,INE1BKA01015,BMLL,SM,,,,,BIO MEDICA LABORATORIES L,138.20,141.25,138.05,141.05,141.25,141.45,,141.05,,,37000,5174400.00,12,F1,1000,,,,,
2026-07-28,2026-07-28,CM,NSE,STK,11373,INE376G01013,BIOCON,EQ,,,,,BIOCON LIMITED.,436.55,439.95,429.60,432.45,433.65,436.25,,432.45,,,3429523,1482840386.90,31735,F1,1,,,,,
2026-07-28,2026-07-28,CM,NSE,STK,4136,INE829A01014,BIOFILCHEM,EQ,,,,,BIOFIL CHEM & PHARMA LTD,32.82,33.18,32.16,32.64,32.89,32.82,,32.64,,,4048,132375.72,82,F1,1,,,,,
2026-07-28,2026-07-28,CM,NSE,STK,760942,INE0XW001014,BIOPOL,SM,,,,,BIOPOL CHEMICALS LIMITED,96.00,109.95,95.50,107.15,106.75,97.30,,107.15,,,145200,15372840.00,79,F1,1200,,,,,
2026-07-28,2026-07-28,CM,NSE,STK,6815,INE800A01015,BIRLACABLE,BE,,,,,BIRLA CABLE LIMITED,199.50,199.50,192.75,194.98,196.00,200.98,,194.98,,,35731,6992270.24,505,F1,1,,,,,
2026-07-28,2026-07-28,CM,NSE,STK,480,INE340A01012,BIRLACORPN,EQ,,,,,BIRLA CORPORATION LTD,910.00,912.00,868.20,875.75,876.00,910.20,,875.75,,,388055,345605893.60,28062,F1,1,,,,,
2026-07-28,2026-07-28,CM,NSE,STK,762593,INE372E01025,BIRLAPREC,EQ,,,,,BIRLA PRECISION TECH L,34.25,34.89,34.25,34.37,34.25,34.21,,34.35,,,11383,393147.68,172,F1,1,,,,,
2026-07-28,2026-07-28,CM,NSE,STK,1455,INE557A01011,BIRLANU,EQ,,,,,BIRLANU LIMITED,1370.80,1371.90,1341.00,1351.70,1364.90,1368.00,,1351.70,,,4047,5499629.30,693,F1,1,,,,,
2026-07-28,2026-07-28,CM,NSE,STK,24404,INF209KC1134,ABGSEC,EQ,,,,,BIRLASLAMC - ABGSEC,113.97,113.98,113.97,113.98,113.98,114.54,,113.98,,,281,32025.70,2,F1,1,,,,,
2026-07-28,2026-07-28,CM,NSE,STK,760247,INF209KC1670,ABSL10BANK,EQ,,,,,BIRLASLAMC - ABSL10BANK,169.29,169.29,165.00,166.10,165.00,169.29,,166.10,,,4248,712568.64,50,F1,1,,,,,
2026-07-28,2026-07-28,CM,NSE,STK,13987,INF209KB17D5,ABSLBANETF,EQ,,,,,BIRLASLAMC - ABSLBANETF,58.88,58.88,58.11,58.18,58.26,58.54,,58.18,,,28350,1651807.25,695,F1,1,,,,,
2026-07-28,2026-07-28,CM,NSE,STK,14518,INF209KB18T9,ABSLLIQUID,EQ,,,,,BIRLASLAMC - ABSLLIQUID,999.99,1000.01,999.99,1000.00,1000.00,1000.00,,1000.00,,,1541,1541000.21,20,F1,1,,,,,
2026-07-28,2026-07-28,CM,NSE,STK,761066,INF209KC1662,ABSLMSCIN,EQ,,,,,BIRLASLAMC - ABSLMSCIN,29.65,29.65,29.22,29.28,29.22,29.35,,29.28,,,34,999.63,10,F1,1,,,,,
2026-07-28,2026-07-28,CM,NSE,STK,7339,INF209KB16D7,ABSLNN50ET,EQ,,,,,BIRLASLAMC - ABSLNN50ET,74.31,76.98,74.31,75.74,76.05,76.22,,75.72,,,2914,221699.20,176,F1,1,,,,,
2026-07-28,2026-07-28,CM,NSE,STK,5957,INF209KB10E8,BSLSENETFG,EQ,,,,,BIRLASLAMC - BSLSENETFG,75.57,78.44,75.57,77.35,77.32,77.51,,77.47,,,596,46155.71,64,F1,1,,,,,
2026-07-28,2026-07-28,CM,NSE,STK,24847,INF209KC1142,GSEC10ABSL,EQ,,,,,BIRLASLAMC - GSEC10ABSL,112.74,112.74,112.09,112.09,112.09,112.74,,112.09,,,100,11210.95,9,F1,1,,,,,
2026-07-28,2026-07-28,CM,NSE,STK,6297,INF209KB10C2,HEALTHY,EQ,,,,,BIRLASLAMC - HEALTHY,17.15,17.15,16.77,16.99,17.05,16.97,,16.99,,,222683,3776372.79,826,F1,1,,,,,
2026-07-28,2026-07-28,CM,NSE,STK,10693,INF209KB14K7,MOMENTUM,EQ,,,,,BIRLASLAMC - MOMENTUM,30.67,30.67,30.31,30.39,30.34,30.67,,30.41,,,44236,1345189.96,212,F1,1,,,,,
2026-07-28,2026-07-28,CM,NSE,STK,10690,INF209KB15K4,NIFTYQLITY,EQ,,,,,BIRLASLAMC - NIFTYQLITY,21.44,21.50,21.36,21.40,21.46,21.34,,21.40,,,39152,839602.74,157,F1,1,,,,,
2026-07-28,2026-07-28,CM,NSE,STK,8003,INF209KB19F6,SILVER,EQ,,,,,BIRLASLAMC - SILVER,218.94,218.94,215.01,215.49,215.15,222.16,,215.49,,,1083037,234247530.20,9889,F1,1,,,,,
2026-07-28,2026-07-28,CM,NSE,STK,6462,INF209KB11D8,TECH,EQ,,,,,BIRLASLAMC - TECH,32.53,33.56,32.53,33.25,33.01,32.29,,33.25,,,370593,12338664.98,1179,F1,1,,,,,
2026-07-28,2026-07-28,CM,NSE,STK,23806,INF209KB19Z4,ABSLPSE,EQ,,,,,BIRLASLAMC-ABSLPSE,10.42,10.48,10.24,10.25,10.27,10.39,,10.25,,,166654,1711465.92,446,F1,1,,,,,
2026-07-28,2026-07-28,CM,NSE,STK,6994,INE836A01035,BSOFT,EQ,,,,,BIRLASOFT LIMITED,295.30,310.00,294.90,299.90,301.00,293.45,,299.90,,,5739497,1747907735.95,76656,F1,1,,,,,
2026-07-28,2026-07-28,CM,NSE,STK,3435,INE676A01027,BBOX,EQ,,,,,BLACK BOX LIMITED,774.95,779.55,727.50,732.45,733.00,775.70,,732.45,,,376264,280126066.35,23796,F1,1,,,,,
2026-07-28,2026-07-28,CM,NSE,STK,762601,INE761G01016,BLACKROSE,BE,,,,,BLACK ROSE INDS. LTD.,105.79,105.79,105.79,105.79,105.79,100.76,,105.80,,,12023,1271913.17,112,F1,1,,,,,
2026-07-28,2026-07-28,CM,NSE,STK,27144,INE0UIZ01018,BLACKBUCK,EQ,,,,,BLACKBUCK LIMITED,548.60,556.45,541.10,543.30,544.55,547.60,,543.30,,,136467,74671899.30,14241,F1,1,,,,,
2026-07-28,2026-07-28,CM,NSE,STK,8132,INE791A01024,BLBLIMITED,EQ,,,,,BLB LIMITED,16.39,16.60,15.76,15.85,15.88,16.11,,15.85,,,51478,826062.12,287,F1,1,,,,,
2026-07-28,2026-07-28,CM,NSE,STK,19269,INE416D01022,BLISSGVS,BE,,,,,BLISS GVS PHARMA LTD,457.00,462.80,448.45,450.10,451.00,459.40,,450.10,,,330285,149543796.25,2149,F1,1,,,,,
2026-07-28,2026-07-28,CM,NSE,STK,22566,INE0NLT01010,BLSE,EQ,,,,,BLS E-SERVICES LIMITED,286.10,287.29,280.24,282.63,282.80,288.32,,282.64,,,370322,105069165.62,7821,F1,1,,,,,
2026-07-28,2026-07-28,CM,NSE,STK,17279,INE153T01027,BLS,EQ,,,,,BLS INTL SERVS LTD,238.45,240.00,235.25,235.70,235.25,237.50,,235.70,,,502084,119289037.45,12089,F1,1,,,,,
2026-07-28,2026-07-28,CM,NSE,STK,8650,INE657B01025,BLUECHIP,BE,,,,,BLUE CHIP INDIA LIMITED,1.85,1.85,1.85,1.85,1.85,1.88,,1.85,,,5970,11044.50,13,F1,1,,,,,
2026-07-28,2026-07-28,CM,NSE,STK,8552,INE472B01011,BLUECOAST,BE,,,,,BLUE COAST HOTELS LIMITED,26.00,26.50,24.41,24.41,24.41,25.69,,24.34,,,9025,224155.54,59,F1,1,,,,,
2026-07-28,2026-07-28,CM,NSE,STK,495,INE233B01017,BLUEDART,EQ,,,,,BLUE DART EXPRESS LTD,5114.20,5277.00,5100.00,5103.50,5100.00,5114.20,,5103.10,,,28302,146297658.90,6522,F1,1,,,,,
2026-07-28,2026-07-28,CM,NSE,STK,19686,INE0KBH01020,BLUEJET,EQ,,,,,BLUE JET HEALTHCARE LTD,582.50,583.90,570.50,571.95,572.00,576.05,,572.00,,,268249,154981492.65,10628,F1,1,,,,,
2026-07-28,2026-07-28,CM,NSE,STK,23410,INE0SAK01011,BLUEPEBBLE,SM,,,,,BLUE PEBBLE LIMITED,70.00,70.00,70.00,70.00,70.00,70.00,,70.00,,,1200,84000.00,2,F1,400,,,,,
2026-07-28,2026-07-28,CM,NSE,STK,8311,INE472A01039,BLUESTARCO,EQ,,,,,BLUE STAR LIMITED,1650.00,1656.10,1612.20,1645.20,1640.60,1643.20,,1645.20,,,266593,435293548.50,15783,F1,1,,,,,
2026-07-28,2026-07-28,CM,NSE,STK,758185,INE0X3M01010,BLUEWATER,ST,,,,,BLUE WATER LOGISTICS LTD,467.15,467.15,467.15,467.15,467.15,444.95,,467.15,,,28000,13080200.00,17,F1,1000,,,,,
2026-07-28,2026-07-28,CM,NSE,STK,759291,INE304W01038,BLUESTONE,EQ,,,,,BLUESTONE JEWEL LFSTL LTD,826.00,834.85,746.00,757.25,764.00,820.75,,757.25,,,11488370,9025975084.50,221448,F1,1,,,,,
2026-07-28,2026-07-28,CM,NSE,STK,757520,INE0U4101014,BLUSPRING,EQ,,,,,BLUSPRING ENTERPRISES LTD,109.94,110.00,105.48,107.08,106.97,109.36,,107.08,,,292102,31177635.50,3355,F1,1,,,,,
2026-07-28,2026-07-28,CM,NSE,STK,759256,INE965W01036,BMWVENTLTD,EQ,,,,,BMW VENTURES LIMITED,59.34,59.34,57.50,57.71,58.23,59.34,,57.71,,,61054,3558658.58,1358,F1,1,,,,,
2026-07-28,2026-07-28,CM,NSE,STK,762611,INE00HZ01011,BNAGROCHEM,BE,,,,,BN AGROCHEM LTD.,266.10,274.40,266.00,274.00,274.00,274.95,,273.55,,,826,220416.40,11,F1,1,,,,,
2026-07-28,2026-07-28,CM,NSE,STK,25021,INE338D01028,BODALCHEM,BE,,,,,BODAL CHEMICALS LTD,69.75,70.39,67.00,68.13,69.00,67.60,,68.10,,,96823,6645003.46,364,F1,1,,,,,
2026-07-28,2026-07-28,CM,NSE,STK,14150,INE0EEJ01023,BTML,EQ,,,,,BODHI TREE MULTIMEDIA LTD,6.52,6.70,6.30,6.33,6.31,6.68,,6.33,,,191797,1231901.39,445,F1,1,,,,,
2026-07-28,2026-07-28,CM,NSE,STK,11640,INE802W01023,BOHRAIND,EQ,,,,,BOHRA INDUSTRIES LIMITED,13.81,13.81,13.80,13.81,13.81,13.16,,13.81,,,16846,232612.02,29,F1,1,,,,,
2026-07-28,2026-07-28,CM,NSE,STK,380,INE050A01025,BBTC,EQ,,,,,BOMBAY BURMAH TRADING COR,1498.90,1500.00,1486.00,1491.70,1491.00,1496.60,,1491.90,,,17683,26435952.80,2499,F1,1,,,,,
2026-07-28,2026-07-28,CM,NSE,STK,513,INE032A01023,BOMDYEING,EQ,,,,,BOMBAY DYEING & MFG. CO L,122.09,122.50,120.00,120.42,120.30,122.08,,120.43,,,209170,25301407.94,2458,F1,1,,,,,
2026-07-28,2026-07-28,CM,NSE,STK,6052,INE0I3Y01014,BMETRICS,SM,,,,,BOMBAY METRICS S C LTD,36.90,37.00,36.00,37.00,37.00,37.00,,37.00,,,6400,235800.00,7,F1,800,,,,,
2026-07-28,2026-07-28,CM,NSE,STK,812,INE032Z01020,BSHSL,BE,,,,,BOMBAY SUPER HYBRID SEEDS,85.69,86.50,84.23,86.45,86.45,86.12,,86.35,,,5491,468219.87,55,F1,1,,,,,
2026-07-28,2026-07-28,CM,NSE,STK,31040,INE906B07CB9,830NHAI27,N2,,,,,BOND 8.30% PA TAX FREE S2,1079.89,1081.85,1079.20,1080.68,1079.51,1079.18,,1080.68,,,1555,1679232.16,11,F1,1,,,,,
2026-07-28,2026-07-28,CM,NSE,STK,30984,INE020B07HP8,846REC28,N6,,,,,BOND 8.46% TAX FREE S2A,1113.10,1113.10,1113.10,1113.10,1113.10,1120.55,,1113.10,,,75,83482.50,1,F1,1,,,,,
2026-07-28,2026-07-28,CM,NSE,STK,603,INE053F07686,865IRFC29,NA,,,,,BOND 8.65% PA TF TI-SIIB,1105.00,1105.00,1105.00,1105.00,1105.00,1105.00,,1105.00,,,565,624325.00,10,F1,1,,,,,
2026-07-28,2026-07-28,CM,NSE,STK,30990,INE020B07HS2,871REC28,N9,,,,,BOND 8.71% TAX FREE S2B,1117.00,1117.00,1116.00,1116.00,1116.00,1117.08,,1116.00,,,297,331476.00,10,F1,1,,,,,
2026-07-28,2026-07-28,CM,NSE,STK,1999,INE053F07744,888IRFC29,NE,,,,,BOND 8.88% PA TF TII-SIIB,1120.00,1120.00,1120.00,1120.00,1120.00,1116.00,,1120.00,,,19,21280.00,1,F1,1,,,,,
2026-07-28,2026-07-28,CM,NSE,STK,31970,INE557F07132,901NHB34,N6,,,,,BOND 9.01%PA TF TR-I S 3B,6359.00,6359.00,6320.00,6359.00,6359.00,6334.00,,6359.00,,,400,2532865.90,32,F1,1,,,,,
2026-07-28,2026-07-28,CM,NSE,STK,2953,INE020B07IH3,886REC34,NG,,,,,BOND8.86% PA TF TR II S3B,1268.00,1268.00,1268.00,1268.00,1268.00,1280.00,,1268.00,,,3,3804.00,1,F1,1,,,,,
2026-07-28,2026-07-28,CM,NSE,STK,761056,INE0B9A01018,BONLON,EQ,,,,,BONLON INDUSTRIES LIMITED,41.00,41.50,39.50,39.90,40.49,40.55,,39.91,,,1458,58488.23,58,F1,1,,,,,
2026-07-28,2026-07-28,CM,NSE,STK,757919,INE16SF01016,BORANA,EQ,,,,,BORANA WEAVES LIMITED,327.10,328.25,320.00,322.25,323.95,328.05,,322.25,,,20318,6555085.30,421,F1,1,,,,,
2026-07-28,2026-07-28,CM,NSE,STK,19401,INE02PY01013,BOROLTD,EQ,,,,,BOROSIL LIMITED,232.62,235.00,228.10,228.90,229.48,233.73,,228.92,,,29294,6764523.82,1566,F1,1,,,,,
2026-07-28,2026-07-28,CM,NSE,STK,3149,INE666D01022,BORORENEW,EQ,,,,,BOROSIL RENEWABLES LTD,585.90,585.90,568.10,572.40,570.70,585.10,,572.40,,,294849,170130871.70,9923,F1,1,,,,,
2026-07-28,2026-07-28,CM,NSE,STK,24014,INE02L001032,BOROSCI,EQ,,,,,BOROSIL SCIENTIFIC LTD,154.00,157.40,153.00,153.95,154.58,154.37,,153.95,,,27610,4274289.79,921,F1,1,,,,,
2026-07-28,2026-07-28,CM,NSE,STK,4491,INE782A01015,BOSCH-HCIL,EQ,,,,,BOSCH HOME COMFRT IND LTD,1334.60,1340.00,1325.00,1333.80,1339.00,1332.90,,1333.80,,,10464,13941618.60,714,F1,1,,,,,
2026-07-28,2026-07-28,CM,NSE,STK,2181,INE323A01026,BOSCHLTD,EQ,,,,,BOSCH LIMITED,41705.00,41705.00,40925.00,41310.00,41350.00,41250.00,,41310.00,,,25733,1061548570.00,9842,F1,1,,,,,
2026-07-28,2026-07-28,CM,NSE,STK,530,INE110A01019,BPL,EQ,,,,,BPL LTD,52.73,53.75,52.53,52.74,52.90,52.73,,52.74,,,36541,1937857.27,515,F1,1,,,,,
2026-07-28,2026-07-28,CM,NSE,STK,24905,INE0R4Z01018,BRACEPORT,SM,,,,,BRACE PORT LOGISTICS LTD,63.00,63.00,63.00,63.00,63.00,65.00,,63.00,,,3200,201600.00,2,F1,1600,,,,,
2026-07-28,2026-07-28,CM,NSE,STK,24814,INE02RE01045,FIRSTCRY,EQ,,,,,BRAINBEES SOLUTIONS LTD,213.50,216.60,211.50,212.36,212.50,213.51,,212.35,,,615767,131791686.60,14068,F1,1,,,,,
2026-07-28,2026-07-28,CM,NSE,STK,7780,INE977Y01011,BCONCEPTS,EQ,,,,,BRAND CONCEPTS LIMITED,191.44,192.00,186.02,187.18,186.50,192.19,,187.19,,,2676,504285.09,276,F1,1,,,,,
2026-07-28,2026-07-28,CM,NSE,STK,760972,INE0XUD01014,BRANDMAN,SM,,,,,BRANDMAN RETAIL LIMITED,187.20,187.20,181.55,182.00,182.00,187.20,,182.00,,,4800,880600.00,6,F1,800,,,,,
2026-07-28,2026-07-28,CM,NSE,STK,15184,INE791I01019,BRIGADE,EQ,,,,,BRIGADE ENTER. LTD,546.00,562.75,543.45,560.20,561.55,543.45,,560.15,,,604649,336857206.30,25972,F1,1,,,,,
2026-07-28,2026-07-28,CM,NSE,STK,757794,INE03NU01014,BRIGHOTEL,EQ,,,,,BRIGADE HOTEL VENTURE LTD,59.99,60.58,58.99,59.86,59.35,59.99,,59.85,,,135513,8103283.26,1672,F1,1,,,,,
2026-07-28,2026-07-28,CM,NSE,STK,8833,INE425B01027,BCG,EQ,,,,,BRIGHTCOM GROUP LIMITED,9.48,9.55,9.26,9.30,9.30,9.47,,9.30,,,3036255,28401409.30,3430,F1,1,,,,,
2026-07-28,2026-07-28,CM,NSE,STK,547,INE216A01030,BRITANNIA,EQ,,,,,BRITANNIA INDUSTRIES LTD,5380.00,5510.00,5380.00,5478.50,5485.00,5384.50,,5478.50,,,340199,1856415768.00,36039,F1,1,,,,,
2026-07-28,2026-07-28,CM,NSE,STK,2203,INE0FDU25010,BIRET,RR,,,,,BROOKFIELD INDIA RET,341.14,344.38,339.93,343.04,343.96,343.44,,343.04,,,151498,51867802.68,6695,F1,1,,,,,
2026-07-28,2026-07-28,CM,NSE,STK,25140,INE650L01011,BROOKS,BE,,,,,BROOKS LAB LIMITED,63.70,65.00,61.22,62.75,62.90,63.95,,62.74,,,7486,471697.84,79,F1,1,,,,,
2026-07-28,2026-07-28,CM,NSE,STK,19585,INE118H01025,BSE,EQ,,,,,BSE LIMITED,3536.80,3561.80,3451.10,3457.80,3462.60,3536.80,,3457.80,,,2432122,8475476703.00,127953,F1,1,,,,,
2026-07-28,2026-07-28,CM,NSE,STK,559,INE594B01012,BSL,EQ,,,,,BSL LTD,127.40,127.40,124.51,126.18,126.89,124.95,,126.18,,,3961,501320.73,70,F1,1,,,,,
2026-07-28,2026-07-28,CM,NSE,STK,2716,INE295F01017,BUTTERFLY,EQ,,,,,BTRFLY GANDHI APPL LTD,766.10,779.45,749.50,756.70,764.90,766.10,,756.65,,,70446,53899168.70,4303,F1,1,,,,,
2026-07-28,2026-07-28,CM,NSE,STK,24701,INE0SZ301012,BULKCORP,SM,,,,,BULKCORP INTERNATIONAL L,60.70,60.75,60.70,60.70,60.75,59.75,,60.70,,,2400,145740.00,2,F1,1200,,,,,
2026-07-28,2026-07-28,CM,NSE,STK,760854,INE0SMX01019,CKKRETAIL,SM,,,,,C K K RETAIL MART LIMITED,130.05,143.00,130.00,142.95,143.00,130.00,,142.95,,,899200,128492320.00,65,F1,800,,,,,
2026-07-28,2026-07-28,CM,NSE,STK,18372,INE0QBU01012,CPS,SM,,,,,C P S SHAPERS LIMITED,995.05,1001.00,995.05,1001.00,1001.00,1030.00,,1001.00,,,450,448665.00,2,F1,150,,,,,
2026-07-28,2026-07-28,CM,NSE,STK,7227,INE0BV301023,MAPMYINDIA,EQ,,,,,C.E. INFO SYSTEMS LIMITED,1132.10,1154.75,1121.05,1136.15,1135.00,1132.10,,1136.15,,,146019,165897276.95,11882,F1,1,,,,,
2026-07-28,2026-07-28,CM,NSE,STK,27274,INE0U7V01015,C2C,SM,,,,,C2C ADVANCED SYSTEMS LTD,275.00,277.00,258.60,261.50,260.00,275.25,,261.50,,,158100,41983342.50,816,F1,150,,,,,
2026-07-28,2026-07-28,CM,NSE,STK,764255,INE11XY01018,CMLL,EQ,,,,,CALIBER MINING AND LOG L,583.00,621.70,556.40,566.35,567.00,570.55,,566.35,,,17478496,10314945046.90,280312,F1,1,,,,,
2026-07-28,2026-07-28,CM,NSE,STK,8400,INE526B01014,CALSOFT,BE,,,,,CALIFORNIA SOFTWARE CO LT,22.40,22.40,21.26,21.64,21.79,21.77,,21.62,,,20937,454645.16,111,F1,1,,,,,
2026-07-28,2026-07-28,CM,NSE,STK,14218,INE627H01017,CTE,EQ,,,,,CAMBRIDGE TECH ENTER LTD,31.22,32.20,31.22,31.61,31.40,31.96,,31.61,,,6919,218665.02,107,F1,1,,,,,
2026-07-28,2026-07-28,CM,NSE,STK,6216,INE052I01032,CAMLINFINE,EQ,,,,,CAMLIN FINE SCIENCES LTD,127.10,128.40,123.74,126.59,126.74,127.38,,126.59,,,379894,47698959.82,5266,F1,1,,,,,
2026-07-28,2026-07-28,CM,NSE,STK,9362,INE278Y01022,CAMPUS,EQ,,,,,CAMPUS ACTIVEWEAR LIMITED,218.50,219.43,216.00,216.36,217.00,219.44,,216.36,,,338063,73479373.72,10076,F1,1,,,,,
2026-07-28,2026-07-28,CM,NSE,STK,583,INE477A01020,CANFINHOME,EQ,,,,,CAN FIN HOMES LTD,818.40,820.00,808.00,817.05,812.00,812.80,,817.05,,,102004,83199234.95,8203,F1,1,,,,,
2026-07-28,2026-07-28,CM,NSE,STK,10794,INE476A01022,CANBK,EQ,,,,,CANARA BANK,127.17,127.17,124.00,124.24,124.55,127.26,,124.24,,,31317720,3910748679.04,96687,F1,1,,,,,
2026-07-28,2026-07-28,CM,NSE,STK,759477,INE01TY01017,CANHLIFE,EQ,,,,,CANARA HSBC LIFE INS CO L,144.70,146.00,141.30,141.67,141.80,145.01,,141.55,,,367347,52453109.09,8462,F1,1,,,,,
2026-07-28,2026-07-28,CM,NSE,STK,759311,INE218I01013,CRAMC,EQ,,,,,CANARA ROBECO AMC LIMITED,261.00,263.78,260.81,262.41,263.04,262.87,,262.41,,,332794,87266479.99,7772,F1,1,,,,,
2026-07-28,2026-07-28,CM,NSE,STK,19368,INE0QG301017,CANARYS,SM,,,,,CANARYS AUTOMATIONS LTD,19.30,19.45,19.20,19.30,19.30,19.30,,19.30,,,72000,1391800.00,13,F1,4000,,,,,
2026-07-28,2026-07-28,CM,NSE,STK,20160,INE068L01024,CANTABIL,EQ,,,,,CANTABIL RETAIL LTD,239.60,242.18,237.50,238.48,237.50,238.41,,238.48,,,49028,11727492.56,1259,F1,1,,,,,
2026-07-28,2026-07-28,CM,NSE,STK,21749,INE264T01014,CAPACITE,EQ,,,,,CAPACITE INFRAPROJECT LTD,219.80,219.80,215.05,216.25,216.85,218.80,,216.25,,,172441,37342665.60,3685,F1,1,,,,,
2026-07-28,2026-07-28,CM,NSE,STK,759867,INE0ILV01024,CAPILLARY,EQ,,,,,CAPILLARY TECHNO INDIA L,538.00,547.00,505.05,511.40,507.95,535.30,,511.45,,,638221,333168962.80,17427,F1,1,,,,,
2026-07-28,2026-07-28,CM,NSE,STK,756015,INE345H01024,CIFL,EQ,,,,,CAPITAL INDIA FINANCE LTD,20.74,20.74,20.03,20.18,20.31,20.12,,20.18,,,42037,854988.83,465,F1,1,,,,,
2026-07-28,2026-07-28,CM,NSE,STK,29157,INE0Z8Z23013,CAPINVIT,IV,,,,,CAPITAL INFRA TRUST,73.23,74.00,72.99,73.41,73.39,73.23,,73.43,,,387295,28428844.96,4690,F1,1,,,,,
2026-07-28,2026-07-28,CM,NSE,STK,22675,INE646H01017,CAPITALSFB,EQ,,,,,CAPITAL SMALL FIN BANK L,299.85,304.65,294.20,296.30,296.95,299.85,,296.30,,,37775,11209983.75,896,F1,1,,,,,
2026-07-28,2026-07-28,CM,NSE,STK,19447,INE707C01018,CAPTRUST,EQ,,,,,CAPITAL TRUST LIMITED,15.99,15.99,15.03,15.74,15.98,15.38,,15.71,,,28945,453956.58,187,F1,1,,,,,
2026-07-28,2026-07-28,CM,NSE,STK,3906,INE475E01026,CAPLIPOINT,EQ,,,,,CAPLIN POINT LAB LTD.,2639.40,2675.00,2575.00,2588.30,2595.00,2621.40,,2588.30,,,106528,279238970.70,16203,F1,1,,,,,
2026-07-28,2026-07-28,CM,NSE,STK,20329,INE180C01042,CGCL,EQ,,,,,CAPRI GLOBAL CAPITAL LTD,251.63,258.90,225.66,228.22,227.50,244.27,,228.28,,,18694707,4486598457.29,157004,F1,1,,,,,
2026-07-28,2026-07-28,CM,NSE,STK,764203,INE536P01021,CPL,EQ,,,,,CAPTAIN POLYPLAST LIMITED,70.31,71.49,70.15,70.67,70.17,70.81,,70.67,,,15533,1097794.62,504,F1,1,,,,,
2026-07-28,2026-07-28,CM,NSE,STK,595,INE120A01034,CARBORUNIV,EQ,,,,,CARBORUNDUM UNIVERSAL LTD,1073.30,1075.00,1054.10,1061.50,1054.10,1073.10,,1061.50,,,59332,63046742.90,7906,F1,1,,,,,
2026-07-28,2026-07-28,CM,NSE,STK,29113,INE752H01013,CARERATING,EQ,,,,,CARE RATINGS LIMITED,1700.60,1707.40,1663.20,1673.20,1664.00,1700.60,,1673.20,,,27167,45593986.30,6056,F1,1,,,,,
2026-07-28,2026-07-28,CM,NSE,STK,758941,INE0P6P01016,CPEDU,EQ,,,,,CAREER POINT EDUTECH LTD,204.90,205.01,192.00,194.20,195.00,197.32,,194.20,,,10766,2107628.08,293,F1,1,,,,,
2026-07-28,2026-07-28,CM,NSE,STK,28879,INE0V7W01012,CARRARO,EQ,,,,,CARRARO INDIA LIMITED,538.50,543.50,528.00,529.15,528.50,536.05,,529.15,,,69373,37004957.45,5587,F1,1,,,,,
2026-07-28,2026-07-28,CM,NSE,STK,5407,INE290S01011,CARTRADE,EQ,,,,,CARTRADE TECH LIMITED,2960.00,3079.00,2884.10,2962.70,2972.00,2978.50,,2962.30,,,1490054,4450686664.80,91015,F1,1,,,,,
2026-07-28,2026-07-28,CM,NSE,STK,1879,INE482D01024,CARYSIL,EQ,,,,,CARYSIL LIMITED,1150.10,1158.90,1132.00,1152.20,1153.70,1154.10,,1152.20,,,40159,46157099.50,2972,F1,1,,,,,
2026-07-28,2026-07-28,CM,NSE,STK,758156,INE0WL201014,CUDML,ST,,,,,CASH UR DRIVE MARKETING L,135.40,135.40,135.40,135.40,135.40,135.40,,135.40,,,4000,541600.00,4,F1,1000,,,,,
2026-07-28,2026-07-28,CM,NSE,STK,1250,INE172A01027,CASTROLIND,EQ,,,,,CASTROL INDIA LIMITED,184.40,184.76,183.61,184.06,183.99,184.32,,184.06,,,1033297,190195828.90,9946,F1,1,,,,,
2026-07-28,2026-07-28,CM,NSE,STK,11452,INE421D01022,CCL,EQ,,,,,CCL PRODUCTS (I) LTD,1184.00,1215.00,1164.20,1188.20,1190.00,1174.40,,1188.20,,,534436,636328557.00,43639,F1,1,,,,,
2026-07-28,2026-07-28,CM,NSE,STK,15254,INE482A01020,CEATLTD,EQ,,,,,CEAT LIMITED,3371.20,3405.00,3363.80,3401.40,3405.00,3369.70,,3401.30,,,55183,186858166.50,6823,F1,1,,,,,
2026-07-28,2026-07-28,CM,NSE,STK,757690,INE11J101017,CEDAAR,ST,,,,,CEDAAR TEXTILE LIMITED,17.50,17.50,16.85,17.00,17.00,17.45,,17.00,,,9000,154700.00,8,F1,1000,,,,,
2026-07-28,2026-07-28,CM,NSE,STK,24742,INE0AG901020,CEIGALL,EQ,,,,,CEIGALL INDIA LIMITED,336.10,336.90,323.10,324.75,323.90,335.80,,324.75,,,151355,49624790.90,4500,F1,1,,,,,
2026-07-28,2026-07-28,CM,NSE,STK,761037,INE016Q01014,CEINSYS,EQ,,,,,CEINSYS TECH LIMITED,865.85,870.35,841.20,844.25,846.90,858.60,,844.25,,,43063,36660323.45,2542,F1,1,,,,,
2026-07-28,2026-07-28,CM,NSE,STK,13162,INE185H01016,CELEBRITY,EQ,,,,,CELEBRITY FASHIONS LTD,7.21,7.21,6.84,6.93,6.87,6.99,,7.09,,,11219,78220.68,99,F1,1,,,,,
2026-07-28,2026-07-28,CM,NSE,STK,16950,INE0O0001013,CELLPOINT,SM,,,,,CELL POINT (INDIA) LTD,21.00,21.00,19.50,19.50,19.50,20.05,,19.50,,,4800,96360.00,4,F1,1200,,,,,
2026-07-28,2026-07-28,CM,NSE,STK,18811,INE0OMO01025,CELLECOR,ST,,,,,CELLECOR GADGETS LIMITED,34.00,34.00,32.00,32.40,32.20,33.65,,32.40,,,228000,7406400.00,51,F1,3000,,,,,
2026-07-28,2026-07-28,CM,NSE,STK,19795,INE0LMW01024,CELLO,EQ,,,,,CELLO WORLD LIMITED,347.70,348.00,342.00,344.45,345.00,345.05,,344.45,,,103515,35709658.60,5832,F1,1,,,,,
2026-07-28,2026-07-28,CM,NSE,STK,5622,INE686A01026,CEMPRO,EQ,,,,,CEMINDIA PROJECTS LIMITED,1328.10,1383.90,1300.60,1340.80,1355.00,1369.00,,1340.70,,,2231186,2944984075.70,36696,F1,1,,,,,
2026-07-28,2026-07-28,CM,NSE,STK,14894,INE483A01010,CENTRALBK,EQ,,,,,CENTRAL BANK OF INDIA,31.25,31.26,30.85,30.89,30.94,31.25,,30.89,,,5729843,177593111.32,15395,F1,1,,,,,
2026-07-28,2026-07-28,CM,NSE,STK,21174,INE736A01011,CDSL,EQ,,,,,CENTRAL DEPO SER (I) LTD,1329.00,1348.00,1326.00,1345.10,1348.00,1329.00,,1345.10,,,984104,1315011660.40,33215,F1,1,,,,,
2026-07-28,2026-07-28,CM,NSE,STK,761581,INE05HV01027,CMPDI,EQ,,,,,CENTRAL MINE P N D INST L,253.32,253.49,241.39,242.96,243.19,253.45,,242.93,,,2149322,530163526.78,27035,F1,1,,,,,
2026-07-28,2026-07-28,CM,NSE,STK,2454,INE660C01027,CENTRUM,EQ,,,,,CENTRUM CAPITAL LIMITED,23.05,23.73,22.72,23.18,23.20,23.15,,23.18,,,190582,4402339.41,694,F1,1,,,,,
2026-07-28,2026-07-28,CM,NSE,STK,14982,INE320B01020,CENTUM,EQ,,,,,CENTUM ELECTRONICS LTD,3503.10,3569.40,3430.00,3455.90,3449.00,3503.10,,3455.80,,,26604,92375023.00,6332,F1,1,,,,,
2026-07-28,2026-07-28,CM,NSE,STK,619,INE485A01015,CENTENKA,EQ,,,,,CENTURY ENKA LTD,581.00,653.00,565.85,600.20,603.00,577.80,,600.15,,,2372958,1474279908.50,72070,F1,1,,,,,
2026-07-28,2026-07-28,CM,NSE,STK,11511,INE281A01026,CENTEXT,EQ,,,,,CENTURY EXTRUSIONS LTD,19.05,19.05,18.35,18.64,18.50,18.70,,18.64,,,41057,767205.83,388,F1,1,,,,,
2026-07-28,2026-07-28,CM,NSE,STK,13305,INE348B01021,CENTURYPLY,EQ,,,,,CENTURY PLYBOARDS (I) LTD,781.30,798.90,781.00,791.15,787.15,792.65,,791.15,,,21034,16603912.35,3503,F1,1,,,,,
2026-07-28,2026-07-28,CM,NSE,STK,15039,INE739E01017,CERA,EQ,,,,,CERA SANITARYWARE LTD,6288.50,6493.50,6176.00,6263.50,6220.00,6205.50,,6263.50,,,40875,259826526.50,9947,F1,1,,,,,
2026-07-28,2026-07-28,CM,NSE,STK,29016,INE345B01019,CEREBRAINT,BZ,,,,,CEREBRA INT TECH LTD,3.08,3.08,2.93,2.98,2.99,3.00,,2.98,,,59703,178295.42,133,F1,1,,,,,
2026-07-28,2026-07-28,CM,NSE,STK,628,INE486A01021,CESC,EQ,,,,,CESC LTD,162.20,165.20,161.84,163.88,163.71,162.32,,163.88,,,1247871,204668992.51,12935,F1,1,,,,,
2026-07-28,2026-07-28,CM,NSE,STK,760,INE067A01029,CGPOWER,EQ,,,,,CG POWER AND IND SOL LTD,872.00,872.00,830.15,844.10,844.00,877.30,,844.10,,,7593398,6392022918.60,153806,F1,1,,,,,
2026-07-28,2026-07-28,CM,NSE,STK,8546,INE427F01016,CHALET,EQ,,,,,CHALET HOTELS LIMITED,840.00,851.65,832.00,844.15,846.00,846.50,,844.20,,,107976,90966032.40,10578,F1,1,,,,,
2026-07-28,2026-07-28,CM,NSE,STK,3482,INE419D01026,CLSEL,EQ,,,,,CHAMAN LAL SETIA EXP LTD,278.00,281.15,276.00,277.10,278.00,279.30,,277.05,,,23072,6418169.80,661,F1,1,,,,,
2026-07-28,2026-07-28,CM,NSE,STK,13731,INE06PV01010,CMNL,SM,,,,,CHAMAN METALLICS LIMITED,103.50,103.50,98.50,98.50,98.50,103.15,,98.50,,,2250,225375.00,3,F1,750,,,,,
2026-07-28,2026-07-28,CM,NSE,STK,637,INE085A01013,CHAMBLFERT,EQ,,,,,CHAMBAL FERTILIZERS LTD,440.00,443.25,436.45,438.40,438.40,439.70,,438.40,,,202193,88762095.45,7665,F1,1,,,,,
2026-07-28,2026-07-28,CM,NSE,STK,29541,INE11HG01018,CHAMUNDA,SM,,,,,CHAMUNDA ELECTRICAL LTD,46.45,46.45,43.00,43.00,43.00,45.80,,43.00,,,9000,403350.00,3,F1,3000,,,,,
2026-07-28,2026-07-28,CM,NSE,STK,29633,INE0B2N01016,CHANDAN,SM,,,,,CHANDAN HEALTHCARE LTD,226.50,232.80,220.00,230.40,230.00,226.45,,230.40,,,55200,12411160.00,37,F1,800,,,,,
2026-07-28,2026-07-28,CM,NSE,STK,18654,INE0PT101017,CHAVDA,SM,,,,,CHAVDA INFRA LIMITED,125.25,126.80,125.00,125.10,125.00,126.55,,125.10,,,99000,12406700.00,68,F1,1000,,,,,
2026-07-28,2026-07-28,CM,NSE,STK,757991,INE0TGX01019,CHEMBONDCH,BE,,,,,CHEMBOND CHEMICAL LIMITED,240.62,240.99,228.71,230.78,230.00,240.62,,230.96,,,5145,1209374.73,157,F1,1,,,,,
2026-07-28,2026-07-28,CM,NSE,STK,14620,INE995D01025,CHEMBOND,BE,,,,,CHEMBOND MATERIALTECH LTD,171.00,177.00,166.00,176.45,175.95,171.85,,176.45,,,582,99735.80,56,F1,1,,,,,
2026-07-28,2026-07-28,CM,NSE,STK,276,INE03YM01018,CHEMCON,BE,,,,,CHEMCON SPECIAL CHEM LTD,177.98,177.98,175.01,175.91,176.49,177.98,,175.88,,,8802,1554525.30,145,F1,1,,,,,
2026-07-28,2026-07-28,CM,NSE,STK,2815,INE783X01023,CHEMFAB,BE,,,,,CHEMFAB ALKALIS LIMITED,370.55,382.90,365.15,376.80,376.20,377.00,,376.80,,,1266,475167.05,56,F1,1,,,,,
2026-07-28,2026-07-28,CM,NSE,STK,5449,INE488A01050,CHEMPLASTS,EQ,,,,,CHEMPLAST SANMAR LIMITED,205.00,207.00,200.56,202.14,201.47,206.98,,202.19,,,216766,43878628.74,6183,F1,1,,,,,
2026-07-28,2026-07-28,CM,NSE,STK,2049,INE178A01016,CHENNPETRO,EQ,,,,,CHENNAI PETROLEUM CORP LT,1168.90,1205.50,1150.00,1180.50,1182.00,1168.80,,1180.50,,,1214575,1439543256.20,44531,F1,1,,,,,
2026-07-28,2026-07-28,CM,NSE,STK,24628,INE0U1T01012,CHETANA,ST,,,,,CHETANA EDUCATION LIMITED,45.10,47.00,45.00,46.55,45.65,46.65,,46.55,,,30400,1391680.00,12,F1,1600,,,,,
2026-07-28,2026-07-28,CM,NSE,STK,9879,INE974B01016,CHEVIOT,EQ,,,,,CHEVIOT COMPANY LIMITED,1162.00,1169.00,1138.50,1156.90,1153.00,1161.10,,1156.40,,,2527,2920264.20,397,F1,1,,,,,
2026-07-28,2026-07-28,CM,NSE,STK,8866,INE102B01014,CHOICEIN,EQ,,,,,CHOICE INTERNATIONAL LTD,800.00,805.00,791.05,796.55,794.00,800.00,,796.55,,,330643,264113955.95,4916,F1,1,,,,,
2026-07-28,2026-07-28,CM,NSE,STK,759610,INF2KCX01012,CHOICEGOLD,EQ,,,,,CHOICEAMC - CHOICEGOLD,142.25,142.25,139.81,139.92,140.27,142.25,,139.92,,,12417,1743500.61,106,F1,1,,,,,
2026-07-28,2026-07-28,CM,NSE,STK,21740,INE149A01033,CHOLAHLDNG,EQ,,,,,CHOLAMANDALAM FIN HOL LTD,1526.50,1548.50,1502.60,1515.00,1510.00,1526.50,,1515.00,,,438721,667298900.80,10714,F1,1,,,,,
2026-07-28,2026-07-28,CM,NSE,STK,685,INE121A01024,CHOLAFIN,EQ,,,,,CHOLAMANDALAM IN & FIN CO,1782.90,1815.70,1696.20,1753.00,1764.90,1785.20,,1752.90,,,3624877,6417095697.00,112120,F1,1,,,,,
2026-07-28,2026-07-28,CM,NSE,STK,14937,INE536H01010,CIEINDIA,EQ,,,,,CIE AUTOMOTIVE INDIA LTD,414.90,417.95,406.60,408.30,408.00,413.40,,408.30,,,327828,134381236.50,15351,F1,1,,,,,
2026-07-28,2026-07-28,CM,NSE,STK,27161,INE704H01022,CINELINE,EQ,,,,,CINELINE INDIA LIMITED,82.29,82.70,80.81,80.99,81.00,82.29,,80.99,,,10757,874831.32,406,F1,1,,,,,
2026-07-28,2026-07-28,CM,NSE,STK,8024,INE039B01026,CINEVISTA,EQ,,,,,CINEVISTA LIMITED,15.47,15.65,15.11,15.33,15.50,15.32,,15.33,,,1307,19974.52,26,F1,1,,,,,
2026-07-28,2026-07-28,CM,NSE,STK,694,INE059A01026,CIPLA,EQ,,,,,CIPLA LTD,1426.70,1447.80,1426.70,1444.60,1447.00,1409.40,,1444.60,,,1621735,2334333796.60,72334,F1,1,,,,,
2026-07-28,2026-07-28,CM,NSE,STK,763149,INE2Q7823014,CITIUSINVT,IV,,,,,CITIUS TRANSNET INV TRUST,109.89,110.01,109.01,109.28,109.01,109.26,,109.27,,,47930,5254498.44,557,F1,1,,,,,
2026-07-28,2026-07-28,CM,NSE,STK,5701,INE491A01021,CUB,EQ,,,,,CITY UNION BANK LTD,221.10,245.38,217.95,238.14,239.11,221.45,,238.15,,,20864618,4938945729.93,208246,F1,1,,,,,
2026-07-28,2026-07-28,CM,NSE,STK,20233,INE201M01029,CLEDUCATE,BE,,,,,CL EDUCATE LIMITED,58.16,60.75,56.06,56.20,56.20,57.86,,56.80,,,13846,825012.07,131,F1,1,,,,,
2026-07-28,2026-07-28,CM,NSE,STK,758739,INE0UQ601012,CLASSICEIL,ST,,,,,CLASSIC ELECTRODE (IND) L,61.00,61.50,59.70,59.70,59.70,59.00,,59.70,,,20800,1267760.00,13,F1,1600,,,,,
2026-07-28,2026-07-28,CM,NSE,STK,754695,INE1QGM01024,CLAYCRAFT,SM,,,,,CLAY CRAFT INDIA LIMITED,165.05,166.00,156.60,159.15,158.30,170.20,,159.15,,,32400,5244660.00,45,F1,600,,,,,
2026-07-28,2026-07-28,CM,NSE,STK,760183,INE647U01026,CLEANMAX,EQ,,,,,CLEAN MAX ENVIRO EN SOL L,1428.10,1450.00,1287.00,1317.10,1315.90,1439.00,,1317.10,,,327168,436474267.60,32479,F1,1,,,,,
2026-07-28,2026-07-28,CM,NSE,STK,5049,INE227W01023,CLEAN,EQ,,,,,CLEAN SCIENCE & TECH LTD,730.95,736.90,720.35,730.10,734.45,728.30,,730.10,,,145969,106234941.50,14737,F1,1,,,,,
2026-07-28,2026-07-28,CM,NSE,STK,760143,INE1EF801010,CSSL,SM,,,,,CLEAR SECURED SERVICES L,99.00,102.75,99.00,101.25,101.25,98.00,,101.25,,,11000,1116000.00,11,F1,1000,,,,,
2026-07-28,2026-07-28,CM,NSE,STK,30893,INE00WV01027,CMRGREEN,EQ,,,,,CMR GREEN TECHNOLOGIES L,218.65,219.70,212.10,215.10,213.15,219.10,,215.15,,,793526,170506392.15,8668,F1,1,,,,,
2026-07-28,2026-07-28,CM,NSE,STK,7603,INE925R01014,CMSINFO,EQ,,,,,CMS INFO SYSTEMS LIMITED,272.60,276.00,269.45,271.55,272.40,272.60,,271.55,,,335243,91210591.80,8251,F1,1,,,,,
2026-07-28,2026-07-28,CM,NSE,STK,20374,INE522F01014,COALINDIA,EQ,,,,,COAL INDIA LTD,422.90,423.60,406.80,410.15,410.50,427.50,,410.15,,,14222229,5870838810.50,186391,F1,1,,,,,
2026-07-28,2026-07-28,CM,NSE,STK,6006,INE377E01024,COASTCORP,EQ,,,,,COASTAL CORPORATION LTD,50.07,50.49,49.60,50.04,50.42,50.07,,50.05,,,33736,1689932.64,440,F1,1,,,,,
2026-07-28,2026-07-28,CM,NSE,STK,21508,INE704P01025,COCHINSHIP,EQ,,,,,COCHIN SHIPYARD LIMITED,1402.00,1403.50,1377.60,1382.60,1388.00,1402.30,,1382.50,,,839816,1167171679.90,26895,F1,1,,,,,
2026-07-28,2026-07-28,CM,NSE,STK,11169,INE335K01011,COFFEEDAY,BE,,,,,COFFEE DAY ENTERPRISE LTD,30.74,30.74,30.20,30.25,30.30,30.39,,30.22,,,150818,4583437.18,646,F1,1,,,,,
2026-07-28,2026-07-28,CM,NSE,STK,11543,INE591G01025,COFORGE,EQ,,,,,COFORGE LIMITED,1570.00,1692.80,1567.30,1686.00,1683.70,1528.40,,1686.00,,,15625771,25973972592.60,365177,F1,1,,,,,
2026-07-28,2026-07-28,CM,NSE,STK,17945,INE03QK01018,COHANCE,EQ,,,,,COHANCE LIFESCIENCES LTD,427.30,433.45,424.25,425.75,426.60,428.00,,425.75,,,220071,94249272.90,11376,F1,1,,,,,
2026-07-28,2026-07-28,CM,NSE,STK,15141,INE259A01022,COLPAL,EQ,,,,,COLGATE PALMOLIVE LTD.,2143.50,2171.50,2130.60,2138.10,2143.00,2136.60,,2138.00,,,327640,703680232.90,24323,F1,1,,,,,
2026-07-28,2026-07-28,CM,NSE,STK,762628,INE819A01049,COMFINTE,EQ,,,,,COMFORT INTECH LTD.,5.51,5.51,5.29,5.35,5.37,5.40,,5.35,,,113678,610229.54,318,F1,1,,,,,
2026-07-28,2026-07-28,CM,NSE,STK,21578,INE073V01015,COMSYN,EQ,,,,,COMMERCIAL SYN BAGS LTD,175.00,189.00,175.00,179.25,178.00,174.48,,179.31,,,291933,52747426.51,5917,F1,1,,,,,
2026-07-28,2026-07-28,CM,NSE,STK,19670,INE070C01037,COMPINFO,BZ,,,,,COMPUAGE INFOCOM LTD,1.18,1.18,1.12,1.14,1.15,1.17,,1.15,,,20033,23301.04,23,F1,1,,,,,
2026-07-28,2026-07-28,CM,NSE,STK,31138,INE453B01029,COMPUSOFT,EQ,,,,,COMPUCOM SOFTWARE LTD,13.43,13.44,13.15,13.22,13.32,13.22,,13.22,,,12499,165431.99,66,F1,1,,,,,
2026-07-28,2026-07-28,CM,NSE,STK,342,INE596I01020,CAMS,EQ,,,,,COMPUTER AGE MNGT SER LTD,789.00,803.95,782.35,800.30,800.65,785.05,,800.30,,,1068449,848437218.55,31787,F1,1,,,,,
2026-07-28,2026-07-28,CM,NSE,STK,18060,INE338H01029,CONCORDBIO,EQ,,,,,CONCORD BIOTECH LIMITED,1267.00,1267.00,1246.40,1256.10,1255.00,1256.40,,1256.00,,,27927,35047570.30,4199,F1,1,,,,,
2026-07-28,2026-07-28,CM,NSE,STK,28764,INE037Z01029,CEWATER,EQ,,,,,CONCORD ENVIRO SYSTEMS L,294.40,294.40,285.40,286.25,286.00,291.50,,286.25,,,49294,14258381.75,2647,F1,1,,,,,
2026-07-28,2026-07-28,CM,NSE,STK,10238,INE552D01024,CONFIPET,EQ,,,,,CONFIDENCE PETRO IND LTD.,81.70,81.70,76.10,77.49,77.40,81.04,,77.49,,,3344524,260239699.15,20078,F1,1,,,,,
2026-07-28,2026-07-28,CM,NSE,STK,758453,INE0EAS01014,CONNPLEX,SM,,,,,CONNPLEX CINEMAS LIMITED,207.95,208.00,203.25,203.45,203.25,204.75,,203.45,,,16000,3292720.00,19,F1,800,,,,,
2026-07-28,2026-07-28,CM,NSE,STK,14992,INE429I01024,CCCL,EQ,,,,,CONS. CONST. CONSORT LTD,15.80,16.18,15.70,15.72,15.70,15.74,,15.72,,,197402,3117067.14,510,F1,1,,,,,
2026-07-28,2026-07-28,CM,NSE,STK,11732,INE025A01027,CONSOFINVT,BE,,,,,CONSO. FIN. & HOLD. LTD.,291.99,291.99,280.00,287.54,288.80,285.00,,287.54,,,11600,3321509.99,92,F1,1,,,,,
2026-07-28,2026-07-28,CM,NSE,STK,4749,INE111A01025,CONCOR,EQ,,,,,CONTAINER CORP OF IND LTD,514.50,527.95,511.70,522.40,524.00,510.50,,522.40,,,7636437,3985943670.00,136426,F1,1,,,,,
2026-07-28,2026-07-28,CM,NSE,STK,2531,INE340Z01019,CONTI,SM,,,,,CONTINENTAL SEED CHEM LTD,10.55,10.55,10.55,10.55,10.55,10.45,,10.55,,,3333,35163.15,1,F1,3333,,,,,
2026-07-28,2026-07-28,CM,NSE,STK,17477,INE663B01015,CONTROLPR,EQ,,,,,CONTROL PRINT LIMITED,592.00,597.45,585.25,589.85,590.25,592.00,,589.85,,,16271,9620671.40,1341,F1,1,,,,,
2026-07-28,2026-07-28,CM,NSE,STK,8567,INE0HS001028,COOLCAPS,ST,,,,,COOL CAPS INDUSTRIES LTD,20.10,21.00,19.50,20.80,21.00,20.50,,20.80,,,75000,1511187.50,36,F1,1250,,,,,
2026-07-28,2026-07-28,CM,NSE,STK,4007,INE558D01021,CORALFINAC,EQ,,,,,CORAL INDIA FIN & HOUS LT,33.60,33.89,32.26,33.67,33.88,33.65,,33.45,,,82516,2766348.61,326,F1,1,,,,,
2026-07-28,2026-07-28,CM,NSE,STK,15275,INE792I01017,CORDSCABLE,BE,,,,,CORDS CABLE INDUS LTD.,204.04,205.50,202.20,204.92,203.50,204.57,,204.93,,,7336,1495586.88,119,F1,1,,,,,
2026-07-28,2026-07-28,CM,NSE,STK,739,INE169A01031,COROMANDEL,EQ,,,,,COROMANDEL INTERNTL. LTD,2000.00,2035.00,1984.50,2026.80,2030.00,2003.80,,2026.80,,,118186,238169911.60,10467,F1,1,,,,,
2026-07-28,2026-07-28,CM,NSE,STK,760254,INE02ZQ01018,CORONA,EQ,,,,,CORONA REMEDIES LIMITED,2110.00,2118.90,2055.10,2069.70,2070.00,2098.20,,2069.70,,,23031,47991674.70,4801,F1,1,,,,,
2026-07-28,2026-07-28,CM,NSE,STK,742,INE757A01017,COSMOFIRST,EQ,,,,,COSMO FIRST LIMITED,910.00,924.90,882.00,890.30,891.00,909.20,,890.45,,,98477,89124380.05,7175,F1,1,,,,,
2026-07-28,2026-07-28,CM,NSE,STK,6385,INE652F01027,CCHHL,EQ,,,,,COUNTRY CLUB HOSP HOL LTD,12.81,13.10,12.30,12.61,12.57,12.69,,12.61,,,16637,209573.81,75,F1,1,,,,,
2026-07-28,2026-07-28,CM,NSE,STK,16986,INE695B01025,COUNCODOS,EQ,,,,,COUNTRY CONDO S LIMITED,6.32,6.70,6.26,6.30,6.26,6.32,,6.29,,,50053,323762.02,162,F1,1,,,,,
2026-07-28,2026-07-28,CM,NSE,STK,20090,INE521J01018,CPCAP,BE,,,,,CP CAPITAL LIMITED,105.15,109.90,105.15,108.31,108.60,108.33,,108.31,,,16809,1840016.40,49,F1,1,,,,,
2026-07-28,2026-07-28,CM,NSE,STK,2328,INF457M01133,CPSEETF,EQ,,,,,CPSE ETF,96.06,96.45,94.03,94.27,94.24,96.06,,94.27,,,1461178,138022091.15,13643,F1,1,,,,,
2026-07-28,2026-07-28,CM,NSE,STK,2854,INE00LO01017,CRAFTSMAN,EQ,,,,,CRAFTSMAN AUTOMATION LTD,9311.00,9399.00,9131.00,9290.00,9285.00,9327.00,,9290.00,,,25071,231900149.50,8026,F1,1,,,,,
2026-07-28,2026-07-28,CM,NSE,STK,16419,INE0OFK01019,CRAYONS,SM,,,,,CRAYONS ADVERTISING LTD,25.25,25.25,25.25,25.25,25.25,25.25,,25.25,,,1000,25250.00,1,F1,1000,,,,,
2026-07-28,2026-07-28,CM,NSE,STK,9384,INE230B01021,CREATIVEYE,EQ,,,,,CREATIVE EYE LIMITED,6.37,6.73,5.81,5.98,5.81,6.37,,5.98,,,38503,235772.67,207,F1,1,,,,,
2026-07-28,2026-07-28,CM,NSE,STK,23468,INE0R7401011,CGRAPHICS,SM,,,,,CREATIVE GRAPHICS S IND L,125.05,130.90,125.05,128.90,130.20,125.45,,128.90,,,18400,2369800.00,23,F1,800,,,,,
2026-07-28,2026-07-28,CM,NSE,STK,11155,INE985W01018,CNL,EQ,,,,,CREATIVE NEWTECH LIMITED,1011.05,1068.00,1010.00,1033.40,1028.95,1019.90,,1033.40,,,598799,623090171.75,25776,F1,1,,,,,
2026-07-28,2026-07-28,CM,NSE,STK,4421,INE741K01010,CREDITACC,EQ,,,,,CREDITACCESS GRAMEEN LTD,1603.40,1610.00,1558.20,1576.60,1579.00,1591.10,,1576.60,,,269185,424916367.80,20287,F1,1,,,,,
2026-07-28,2026-07-28,CM,NSE,STK,20878,INE220Q01020,MUFTI,EQ,,,,,CREDO BRANDS MARKETING L,84.00,84.59,79.91,81.24,81.02,84.25,,81.26,,,155279,12686929.79,2080,F1,1,,,,,
2026-07-28,2026-07-28,CM,NSE,STK,13900,INE559D01011,CREST,EQ,,,,,CREST VENTURES LIMITED,367.35,383.65,367.35,377.70,383.65,375.00,,377.70,,,3139,1185077.35,60,F1,1,,,,,
2026-07-28,2026-07-28,CM,NSE,STK,757,INE007A01025,CRISIL,EQ,,,,,CRISIL LTD,4490.00,4500.00,4431.50,4489.90,4497.00,4486.30,,4489.80,,,31732,142001313.40,6247,F1,1,,,,,
2026-07-28,2026-07-28,CM,NSE,STK,757850,INE0S4R01014,CRIZAC,EQ,,,,,CRIZAC LIMITED,194.98,195.20,189.29,190.33,190.00,194.98,,190.32,,,200996,38574721.17,6841,F1,1,,,,,
2026-07-28,2026-07-28,CM,NSE,STK,17094,INE299U01018,CROMPTON,EQ,,,,,CROMPT GREA CON ELEC LTD,249.10,250.00,244.80,247.40,247.80,249.10,,247.40,,,2095634,516544353.50,18878,F1,1,,,,,
2026-07-28,2026-07-28,CM,NSE,STK,18260,INE00NH01017,CLSL,SM,,,,,CROP LIFE SCIENCE LIMITED,64.00,65.00,63.80,65.00,65.00,64.10,,65.00,,,16000,1031800.00,8,F1,2000,,,,,
2026-07-28,2026-07-28,CM,NSE,STK,8083,INE491V01019,CROWN,EQ,,,,,CROWN LIFTERS LIMITED,113.45,114.00,110.13,112.58,113.40,112.51,,112.58,,,6525,730095.17,229,F1,1,,,,,
2026-07-28,2026-07-28,CM,NSE,STK,14966,INE679A01013,CSBBANK,EQ,,,,,CSB BANK LIMITED,337.25,340.20,334.30,339.20,339.00,337.25,,339.20,,,295517,99848829.65,14543,F1,1,,,,,
2026-07-28,2026-07-28,CM,NSE,STK,10350,INE718F01018,CSLFINANCE,EQ,,,,,CSL FINANCE LIMITED,219.92,219.92,213.02,214.40,213.49,217.24,,214.41,,,3932,848327.16,178,F1,1,,,,,
2026-07-28,2026-07-28,CM,NSE,STK,763753,INE0ZK601013,CSM,EQ,,,,,CSM TECHNOLOGIES LIMITED,99.50,105.95,99.00,100.60,100.60,99.54,,100.58,,,354740,36460653.06,4923,F1,1,,,,,
2026-07-28,2026-07-28,CM,NSE,STK,4064,INE144D01012,CUBEXTUB,EQ,,,,,CUBEX TUBINGS LTD,77.43,78.01,76.53,76.72,76.70,77.43,,76.72,,,15494,1196194.99,407,F1,1,,,,,
2026-07-28,2026-07-28,CM,NSE,STK,1901,INE298A01020,CUMMINSIND,EQ,,,,,CUMMINS INDIA LTD,5605.00,5620.00,5408.00,5455.50,5452.50,5629.50,,5455.50,,,573652,3132764942.00,46869,F1,1,,,,,
2026-07-28,2026-07-28,CM,NSE,STK,18520,INE509F01029,CUPID,EQ,,,,,CUPID LIMITED,222.59,232.00,221.70,231.83,232.00,221.46,,231.83,,,44976415,10319311512.39,166678,F1,1,,,,,
2026-07-28,2026-07-28,CM,NSE,STK,30189,INE117B01020,CURAA,EQ,,,,,CURA TECHNOLOGIES LIMITED,70.80,72.40,70.75,72.35,72.35,72.62,,72.35,,,48,3431.75,8,F1,1,,,,,
2026-07-28,2026-07-28,CM,NSE,STK,759825,INE1BZN01016,CURIS,SM,,,,,CURIS LIFESCIENCES LTD,112.00,112.00,112.00,112.00,112.00,112.00,,112.00,,,1000,112000.00,1,F1,1000,,,,,
2026-07-28,2026-07-28,CM,NSE,STK,758964,INE1CRQ01014,CURRENT,SM,,,,,CURRENT INFRAPROJECTS LTD,108.85,108.85,108.00,108.00,108.00,104.00,,108.00,,,3200,346960.00,2,F1,1600,,,,,
2026-07-28,2026-07-28,CM,NSE,STK,11845,INE278G01037,CYBERMEDIA,BE,,,,,CYBER MEDIA (INDIA) LTD.,15.55,15.55,15.46,15.50,15.50,15.93,,15.57,,,6161,95494.01,13,F1,1,,,,,
2026-07-28,2026-07-28,CM,NSE,STK,11447,INE075Z01011,CMRSL,SM,,,,,CYBER MEDIA RES & SER LTD,68.20,68.20,68.20,68.20,68.20,65.10,,68.20,,,800,54560.00,1,F1,800,,,,,
2026-07-28,2026-07-28,CM,NSE,STK,6054,INE214A01019,CYBERTECH,BE,,,,,CYBERTECH SYSTEMS & SOFTW,138.85,141.50,138.15,139.99,139.99,138.85,,139.99,,,11403,1594661.38,180,F1,1,,,,,
2026-07-28,2026-07-28,CM,NSE,STK,17187,INE055S01018,CYIENTDLM,EQ,,,,,CYIENT DLM LIMITED,665.05,692.45,657.00,681.95,681.00,665.05,,681.95,,,531063,360292403.15,22079,F1,1,,,,,
2026-07-28,2026-07-28,CM,NSE,STK,5748,INE136B01020,CYIENT,EQ,,,,,CYIENT LIMITED,825.05,857.60,823.10,838.00,840.00,825.20,,838.00,,,774089,653677178.35,29232,F1,1,,,,,
2026-07-28,2026-07-28,CM,NSE,STK,16902,INE864X01013,DPWIRES,BE,,,,,D P WIRES LIMITED,169.40,169.40,165.00,165.73,166.00,167.86,,165.73,,,3993,663174.10,90,F1,1,,,,,
2026-07-28,2026-07-28,CM,NSE,STK,17851,INE250K01012,DLINKINDIA,EQ,,,,,D-LINK INDIA LTD,445.60,456.00,442.00,450.75,450.00,447.65,,450.80,,,82517,36927581.85,3579,F1,1,,,,,
2026-07-28,2026-07-28,CM,NSE,STK,936,INE266Y01019,DPABHUSHAN,EQ,,,,,D. P. ABHUSHAN LIMITED,1420.10,1436.40,1360.05,1384.00,1373.05,1412.35,,1384.10,,,39036,54533255.00,3727,F1,1,,,,,
2026-07-28,2026-07-28,CM,NSE,STK,17881,INE950I01011,DBCORP,EQ,,,,,D.B.CORP LTD,208.29,210.79,208.01,208.51,208.95,208.29,,208.51,,,68942,14434553.50,2525,F1,1,,,,,
2026-07-28,2026-07-28,CM,NSE,STK,772,INE016A01026,DABUR,EQ,,,,,DABUR INDIA LTD,427.35,438.00,422.50,424.60,425.90,427.35,,424.60,,,4458851,1911366521.85,42457,F1,1,,,,,
2026-07-28,2026-07-28,CM,NSE,STK,762636,INE928C01010,DAICHI,BE,,,,,DAI-ICHI KARKARIA LTD.,302.60,310.00,300.75,304.75,306.50,302.50,,304.75,,,1610,488554.90,58,F1,1,,,,,
2026-07-28,2026-07-28,CM,NSE,STK,8075,INE00R701025,DALBHARAT,EQ,,,,,DALMIA BHARAT LIMITED,1815.00,1829.70,1805.20,1811.20,1815.00,1826.50,,1811.20,,,154391,280299197.90,15482,F1,1,,,,,
2026-07-28,2026-07-28,CM,NSE,STK,781,INE495A01022,DALMIASUG,EQ,,,,,DALMIA BHARAT SUG IN LTD,360.00,361.65,351.00,352.40,351.10,358.50,,352.40,,,67478,23848161.25,1536,F1,1,,,,,
2026-07-28,2026-07-28,CM,NSE,STK,28662,INE284H01025,DAMCAPITAL,EQ,,,,,DAM CAPITAL ADVISORS LTD,156.70,156.70,153.35,154.39,154.76,156.86,,154.39,,,208562,32365562.04,3138,F1,1,,,,,
2026-07-28,2026-07-28,CM,NSE,STK,17569,INE497D01022,DAMODARIND,BE,,,,,DAMODAR INDUSTRIES LTD,28.00,28.50,27.27,27.98,28.00,28.00,,27.98,,,1582,44300.35,19,F1,1,,,,,
2026-07-28,2026-07-28,CM,NSE,STK,1110,INE688Y01022,DANGEE,EQ,,,,,DANGEE DUMS LIMITED,2.92,2.96,2.88,2.93,2.94,2.92,,2.93,,,43335,126405.20,119,F1,1,,,,,
2026-07-28,2026-07-28,CM,NSE,STK,25927,INE0YU901016,DANISH,SM,,,,,DANISH POWER LIMITED,821.75,825.80,801.00,806.90,801.00,821.75,,806.90,,,35850,29044170.00,192,F1,150,,,,,
2026-07-28,2026-07-28,CM,NSE,STK,757107,INE04Q901010,DCCL,SM,,,,,DAR CREDIT & CAPITAL LTD,45.25,49.00,45.25,49.00,49.00,51.00,,49.00,,,10000,475000.00,4,F1,2000,,,,,
2026-07-28,2026-07-28,CM,NSE,STK,7358,INE0IX101010,DATAPATTNS,EQ,,,,,DATA PATTERNS INDIA LTD,4579.90,4579.90,4302.00,4381.70,4384.00,4578.90,,4381.70,,,901719,3950298010.60,76269,F1,1,,,,,
2026-07-28,2026-07-28,CM,NSE,STK,11423,INE365B01017,DATAMATICS,EQ,,,,,DATAMATICS GLOBAL SER LTD,857.00,864.00,835.10,840.00,838.00,854.80,,840.00,,,67156,57114504.85,7068,F1,1,,,,,
2026-07-28,2026-07-28,CM,NSE,STK,21794,INE179G01029,DAVANGERE,EQ,,,,,DAVANGERE SUGAR COMPANY L,3.28,3.29,3.15,3.17,3.18,3.30,,3.17,,,7216297,23177929.61,3625,F1,1,,,,,
2026-07-28,2026-07-28,CM,NSE,STK,31111,INE921B01025,DBSTOCKBRO,BE,,,,,DB (INT) STOCK BROKERS,34.08,35.10,32.22,34.94,34.95,33.75,,34.93,,,4710,162639.89,50,F1,1,,,,,
2026-07-28,2026-07-28,CM,NSE,STK,11566,INE0A1101019,DCI,EQ,,,,,DC INFOTECH AND COMUN LTD,291.00,299.00,279.90,286.85,294.40,288.70,,286.85,,,45736,13112738.00,1503,F1,1,,,,,
2026-07-28,2026-07-28,CM,NSE,STK,13725,INE503A01015,DCBBANK,EQ,,,,,DCB BANK LIMITED,191.25,196.85,191.25,195.10,196.84,190.26,,195.10,,,1691460,327622323.58,18445,F1,1,,,,,
2026-07-28,2026-07-28,CM,NSE,STK,761737,INE04Q907181,1275DCCL28,N0,,,,,DCCL 12.75% 2028,9000.00,9000.00,9000.00,9000.00,9000.00,9685.00,,9000.00,,,9,81000.00,1,F1,1,,,,,
2026-07-28,2026-07-28,CM,NSE,STK,23520,INE0S8401018,DCG,SM,,,,,DCG CABLES & WIRES LTD,54.45,54.85,53.75,53.75,53.75,53.55,,53.75,,,15600,852420.00,11,F1,1200,,,,,
2026-07-28,2026-07-28,CM,NSE,STK,4775,INE891B01012,DCMFINSERV,EQ,,,,,DCM FINANCIAL SERVICES LT,5.49,5.52,5.00,5.26,5.27,5.26,,5.26,,,17060,88537.88,47,F1,1,,,,,
2026-07-28,2026-07-28,CM,NSE,STK,7323,INE498A01018,DCM,BE,,,,,DCM LIMITED,85.26,89.90,85.26,89.90,89.90,87.00,,90.15,,,3090,273400.80,27,F1,1,,,,,
2026-07-28,2026-07-28,CM,NSE,STK,11041,INE08KP01019,DCMNVL,BE,,,,,DCM NOUVELLE LIMITED,145.10,145.95,138.10,140.56,138.10,145.00,,140.61,,,11097,1563725.40,42,F1,1,,,,,
2026-07-28,2026-07-28,CM,NSE,STK,760893,INE0OFM01015,DSFCL,BE,,,,,DCM SHRIRAM FINE CHEM LTD,27.38,27.38,27.00,27.00,27.00,27.38,,26.94,,,13433,366010.68,56,F1,1,,,,,
2026-07-28,2026-07-28,CM,NSE,STK,7325,INE843D01027,DCMSRIND,EQ,,,,,DCM SHRIRAM IND LTD,39.55,40.09,39.22,39.41,39.34,39.81,,39.41,,,43865,1740991.23,795,F1,1,,,,,
2026-07-28,2026-07-28,CM,NSE,STK,760898,INE0OU201013,DCMSIL,BE,,,,,DCM SHRIRAM INTERNATNL L,77.03,77.03,77.03,77.03,77.03,78.60,,77.42,,,15666,1206751.98,57,F1,1,,,,,
2026-07-28,2026-07-28,CM,NSE,STK,811,INE499A01024,DCMSHRIRAM,EQ,,,,,DCM SHRIRAM LIMITED,1049.90,1079.00,1030.40,1049.90,1050.00,1032.90,,1050.20,,,141913,150912081.80,11582,F1,1,,,,,
2026-07-28,2026-07-28,CM,NSE,STK,817,INE500A01029,DCW,EQ,,,,,DCW LTD,47.09,47.20,45.80,46.00,46.25,47.17,,46.00,,,483019,22391835.81,2390,F1,1,,,,,
2026-07-28,2026-07-28,CM,NSE,STK,11895,INE0KL801015,DCXINDIA,EQ,,,,,DCX SYSTEMS LIMITED,182.71,182.71,178.40,178.71,179.00,182.98,,178.72,,,333698,59873877.29,4957,F1,1,,,,,
2026-07-28,2026-07-28,CM,NSE,STK,29098,INE0HR601026,DDEVPLSTIK,EQ,,,,,DDEV PLASTIKS IND LTD,277.00,279.00,271.30,272.25,272.85,275.45,,272.25,,,53865,14769126.75,1802,F1,1,,,,,
2026-07-28,2026-07-28,CM,NSE,STK,15449,INE0JWV01011,DENEERS,SM,,,,,DE NEERS TOOLS LIMITED,191.10,191.95,185.50,191.95,191.95,190.35,,191.95,,,3000,565830.00,5,F1,600,,,,,
2026-07-28,2026-07-28,CM,NSE,STK,4279,INE244A01016,DENORA,EQ,,,,,DE NORA INDIA LIMITED,877.50,877.85,855.00,862.50,873.00,871.05,,861.95,,,5476,4754414.60,689,F1,1,,,,,
2026-07-28,2026-07-28,CM,NSE,STK,14838,INE583C01021,DECCANCE,EQ,,,,,DECCAN CEMENTS LIMITED,545.80,551.10,542.10,545.20,543.00,545.30,,545.15,,,7297,3975199.30,243,F1,1,,,,,
2026-07-28,2026-07-28,CM,NSE,STK,762638,INE945F01025,DECNGOLD,EQ,,,,,DECCAN GOLD MINES LTD.,197.00,197.90,191.50,194.83,193.45,197.00,,194.79,,,1123744,218639438.98,14521,F1,1,,,,,
2026-07-28,2026-07-28,CM,NSE,STK,25421,INE0S7C01019,DECCANTRAN,SM,,,,,DECCAN TRANSCON LEASING L,23.40,24.00,23.40,24.00,24.00,23.40,,24.00,,,9600,226800.00,8,F1,1200,,,,,
2026-07-28,2026-07-28,CM,NSE,STK,24156,INE841L01016,DEEDEV,BE,,,,,DEE DEVELOPMENT ENG LTD,675.00,697.00,663.00,669.75,674.95,682.65,,669.90,,,46388,31196102.70,1392,F1,1,,,,,
2026-07-28,2026-07-28,CM,NSE,STK,3292,INE0FHS01024,DEEPINDS,EQ,,,,,DEEP INDUSTRIES LIMITED,521.00,541.00,501.60,506.95,507.25,516.45,,506.90,,,1772407,923379243.85,45060,F1,1,,,,,
2026-07-28,2026-07-28,CM,NSE,STK,25894,INE0OPA01027,DBEIL,BE,,,,,DEEPAK BUILDERS & ENG I L,7.46,7.75,7.12,7.52,7.57,7.39,,7.52,,,154163,1164064.44,249,F1,1,,,,,
2026-07-28,2026-07-28,CM,NSE,STK,827,INE501A01019,DEEPAKFERT,EQ,,,,,DEEPAK FERTILIZERS & PETR,1634.50,1653.80,1615.10,1647.40,1645.10,1634.50,,1647.40,,,265326,434739782.70,17150,F1,1,,,,,
2026-07-28,2026-07-28,CM,NSE,STK,19943,INE288B01029,DEEPAKNTR,EQ,,,,,DEEPAK NITRITE LTD,1685.10,1694.80,1647.00,1651.30,1648.00,1678.90,,1651.30,,,75838,126413647.90,11418,F1,1,,,,,
2026-07-28,2026-07-28,CM,NSE,STK,22527,INE0SK801018,DELAPLEX,SM,,,,,DELAPLEX LIMITED,96.00,96.00,96.00,96.00,96.00,95.55,,96.00,,,1200,115200.00,2,F1,600,,,,,
2026-07-28,2026-07-28,CM,NSE,STK,9599,INE148O01028,DELHIVERY,EQ,,,,,DELHIVERY LIMITED,471.00,474.40,466.05,472.20,472.00,470.00,,472.20,,,5085231,2397399789.90,56544,F1,1,,,,,
2026-07-28,2026-07-28,CM,NSE,STK,24395,INE726L01027,DELPHIFX,BE,,,,,DELPHI WORLD MONEY LTD,7.27,7.27,6.75,6.77,6.80,7.06,,6.77,,,127385,875807.09,298,F1,1,,,,,
2026-07-28,2026-07-28,CM,NSE,STK,29092,INE0XRN01019,DELTIC,SM,,,,,DELTA AUTOCORP LIMITED,35.00,36.85,34.95,36.15,35.50,35.20,,36.15,,,5000,179150.00,5,F1,1000,,,,,
2026-07-28,2026-07-28,CM,NSE,STK,15044,INE124G01033,DELTACORP,EQ,,,,,DELTA CORP LIMITED,62.75,63.30,62.44,62.68,62.59,62.71,,62.68,,,569789,35859170.38,2841,F1,1,,,,,
2026-07-28,2026-07-28,CM,NSE,STK,1214,INE393A01011,DELTAMAGNT,EQ,,,,,DELTA MANUFACTURING LTD,59.90,67.46,56.30,61.22,60.75,56.22,,61.21,,,334039,21884638.72,3649,F1,1,,,,,
2026-07-28,2026-07-28,CM,NSE,STK,17722,INE947J01015,DEN,EQ,,,,,DEN NETWORKS LTD,27.52,27.52,27.15,27.23,27.45,27.37,,27.23,,,187590,5118949.82,1017,F1,1,,,,,
2026-07-28,2026-07-28,CM,NSE,STK,29256,INE0R4L01018,DENTA,EQ,,,,,DENTA WATER N INFRA SOL L,334.00,340.00,324.00,335.20,335.00,333.85,,335.35,,,131020,43266562.25,4295,F1,1,,,,,
2026-07-28,2026-07-28,CM,NSE,STK,759079,INE0VOV01021,DEVX,EQ,,,,,DEV ACCELERATOR LIMITED,33.98,34.88,33.97,34.45,34.53,34.16,,34.45,,,61681,2118446.56,296,F1,1,,,,,
2026-07-28,2026-07-28,CM,NSE,STK,8146,INE060X01034,DEVIT,EQ,,,,,DEV INFO TECHNOLOGY LTD,26.40,30.00,26.40,27.77,27.31,26.08,,27.77,,,786354,22719127.19,4790,F1,1,,,,,
2026-07-28,2026-07-28,CM,NSE,STK,5373,INE872J01023,DEVYANI,EQ,,,,,DEVYANI INTERNATIONAL LTD,116.00,117.24,113.41,113.72,113.90,116.06,,113.72,,,799143,91687586.21,8649,F1,1,,,,,
2026-07-28,2026-07-28,CM,NSE,STK,10893,INE0I3401014,DBOL,EQ,,,,,DHAMPUR BIO ORGANICS LTD,102.50,102.50,98.13,98.75,98.97,102.30,,98.71,,,93467,9323041.81,941,F1,1,,,,,
2026-07-28,2026-07-28,CM,NSE,STK,857,INE041A01016,DHAMPURSUG,EQ,,,,,DHAMPUR SUGAR MILLS LTD.,143.80,143.80,141.00,141.33,141.20,143.61,,141.34,,,78324,11098138.75,1136,F1,1,,,,,
2026-07-28,2026-07-28,CM,NSE,STK,11359,INE680A01011,DHANBANK,EQ,,,,,DHANLAXMI BANK LIMITED,35.40,35.50,34.03,34.13,34.10,35.40,,34.13,,,1926469,66580915.54,6269,F1,1,,,,,
2026-07-28,2026-07-28,CM,NSE,STK,27723,INE0V9V01010,DHANLAXMI,SM,,,,,DHANLAXMI CROP SCIENCE L,25.00,26.50,25.00,25.40,25.40,25.40,,25.40,,,18000,466700.00,9,F1,2000,,,,,
2026-07-28,2026-07-28,CM,NSE,STK,24415,INE0M3I01029,DHANSA,SM,,,,,DHANSA LABS LIMITED,20.35,20.35,18.30,18.60,18.30,20.30,,18.60,,,26000,490900.00,12,F1,2000,,,,,
2026-07-28,2026-07-28,CM,NSE,STK,24409,INE435G01025,DHANUKA,EQ,,,,,DHANUKA AGRITECH LTD,995.10,1008.00,991.20,999.80,999.00,996.20,,999.80,,,23456,23419656.90,2110,F1,1,,,,,
2026-07-28,2026-07-28,CM,NSE,STK,759203,INE278R01034,DHARAN,BZ,,,,,DHARAN INFRA-EPC LIMITED,0.16,0.16,0.15,0.15,0.16,0.15,,0.15,,,8941239,1370622.00,1070,F1,1,,,,,
2026-07-28,2026-07-28,CM,NSE,STK,24747,INE0YRN01025,DHARIWAL,SM,,,,,DHARIWALCORP LIMITED,32.05,32.10,32.00,32.10,32.10,32.80,,32.10,,,12000,384450.00,4,F1,3000,,,,,
2026-07-28,2026-07-28,CM,NSE,STK,13001,INE00OQ01016,DHARMAJ,EQ,,,,,DHARMAJ CROP GUARD LTD,264.00,264.00,253.40,258.25,262.95,260.15,,258.00,,,13841,3577234.55,964,F1,1,,,,,
2026-07-28,2026-07-28,CM,NSE,STK,6860,INE506Z01015,DHRUV,BE,,,,,DHRUV CONSULTANCY SER LTD,24.00,24.90,23.50,23.77,23.50,23.99,,23.77,,,4619,111169.28,29,F1,1,,,,,
2026-07-28,2026-07-28,CM,NSE,STK,22233,INE320L01011,DHUNINV,EQ,,,,,DHUNSERI INVESTMENTS LTD,879.00,891.95,860.00,862.80,860.00,867.50,,862.80,,,288,249337.50,50,F1,1,,,,,
2026-07-28,2026-07-28,CM,NSE,STK,6227,INE341R01014,DTIL,EQ,,,,,DHUNSERI TEA & IND. LTD.,135.79,135.79,128.14,128.58,129.07,131.93,,128.58,,,7440,964719.99,165,F1,1,,,,,
2026-07-28,2026-07-28,CM,NSE,STK,15214,INE477B01010,DVL,EQ,,,,,DHUNSERI VENTURES LIMITED,241.20,245.99,237.50,238.18,237.60,241.21,,238.18,,,11467,2764560.07,642,F1,1,,,,,
2026-07-28,2026-07-28,CM,NSE,STK,18644,INE591D01014,DIAMINESQ,EQ,,,,,DIAMINES & CHEMICALS LTD,249.71,250.42,239.99,240.67,240.80,247.84,,240.47,,,3989,968322.93,418,F1,1,,,,,
2026-07-28,2026-07-28,CM,NSE,STK,18543,INE989C01038,DIACABS,EQ,,,,,DIAMOND POWER INFRA LTD,306.26,322.40,294.22,321.39,322.10,307.17,,321.35,,,8881116,2784360231.86,77053,F1,1,,,,,
2026-07-28,2026-07-28,CM,NSE,STK,703,INE303A01010,DICIND,EQ,,,,,DIC INDIA LIMITED,521.95,521.95,490.00,498.05,498.00,502.20,,498.05,,,1283,641833.30,102,F1,1,,,,,
2026-07-28,2026-07-28,CM,NSE,STK,24313,INE0JRD01019,DTL,SM,,,,,DIENSTEN TECH LIMITED,120.00,120.10,119.95,120.00,120.00,120.65,,120.00,,,14400,1728060.00,9,F1,1200,,,,,
2026-07-28,2026-07-28,CM,NSE,STK,25672,INE184O01015,DIFFNKG,EQ,,,,,DIFFUSION ENGINEERS LTD,404.00,407.70,392.60,395.35,393.00,404.05,,395.60,,,48385,19205984.65,1959,F1,1,,,,,
2026-07-28,2026-07-28,CM,NSE,STK,10346,INE03JI01017,DGCONTENT,EQ,,,,,DIGICONTENT LIMITED,25.44,25.79,24.13,24.62,25.79,24.99,,24.62,,,5216,128365.62,73,F1,1,,,,,
2026-07-28,2026-07-28,CM,NSE,STK,21247,INE0PSC01024,DIGIDRIVE,EQ,,,,,DIGIDRIVE DISTRIBUTORS L,17.62,18.00,17.62,17.91,18.00,17.83,,17.91,,,9111,162458.98,115,F1,1,,,,,
2026-07-28,2026-07-28,CM,NSE,STK,19138,INE0QJ901011,DIGIKORE,SM,,,,,DIGIKORE STUDIOS LIMITED,48.40,49.10,46.45,46.70,46.45,48.40,,46.70,,,54000,2576260.00,88,F1,400,,,,,
2026-07-28,2026-07-28,CM,NSE,STK,16687,INE927C01020,DIGISPICE,BE,,,,,DIGISPICE TECHNOLOGIES LT,18.00,18.44,17.26,17.86,18.27,18.16,,17.86,,,105634,1890519.50,290,F1,1,,,,,
2026-07-28,2026-07-28,CM,NSE,STK,757515,INE0U4701011,DIGITIDE,EQ,,,,,DIGITIDE SOLUTIONS LTD,98.66,100.33,95.50,97.44,97.10,100.72,,97.44,,,469742,45616393.14,5195,F1,1,,,,,
2026-07-28,2026-07-28,CM,NSE,STK,6127,INE731U01028,DIGJAMLMTD,EQ,,,,,DIGJAM LTD,43.60,43.71,41.30,42.79,42.90,42.97,,42.50,,,4647,198253.58,63,F1,1,,,,,
2026-07-28,2026-07-28,CM,NSE,STK,641,INE016M01021,DNAMEDIA,EQ,,,,,DILIGENT MEDIA CORP LTD.,2.83,2.97,2.72,2.84,2.87,2.83,,2.84,,,64038,181902.53,230,F1,1,,,,,
2026-07-28,2026-07-28,CM,NSE,STK,18086,INE917M01012,DBL,EQ,,,,,DILIP BUILDCON LIMITED,433.00,447.00,428.80,437.55,434.20,443.65,,437.55,,,965968,423126242.35,19728,F1,1,,,,,
2026-07-28,2026-07-28,CM,NSE,STK,762643,INE131C01011,DISAQ,EQ,,,,,DISA INDIA LTD.,12211.00,12300.00,12100.00,12296.00,12300.00,12191.00,,12296.00,,,508,6178238.00,458,F1,1,,,,,
2026-07-28,2026-07-28,CM,NSE,STK,14540,INE836F01026,DISHTV,BE,,,,,DISH TV INDIA LTD.,2.87,2.87,2.80,2.82,2.84,2.87,,2.82,,,463744,1310056.52,835,F1,1,,,,,
2026-07-28,2026-07-28,CM,NSE,STK,21704,INE385W01011,DCAL,EQ,,,,,DISHMAN CARBO AMCIS LTD,186.89,187.48,181.00,182.07,181.00,186.11,,182.08,,,81220,14866126.56,2110,F1,1,,,,,
2026-07-28,2026-07-28,CM,NSE,STK,14479,INE753U01022,DIVGIITTS,EQ,,,,,DIVGI TORQTRANSFER SYST L,979.00,990.00,946.20,959.10,957.00,962.35,,959.15,,,73891,71590527.90,5337,F1,1,,,,,
2026-07-28,2026-07-28,CM,NSE,STK,10940,INE361B01024,DIVISLAB,EQ,,,,,DIVI S LABORATORIES LTD,7448.00,7479.00,7350.50,7425.00,7426.00,7414.00,,7425.00,,,410385,3041813246.50,54217,F1,1,,,,,
2026-07-28,2026-07-28,CM,NSE,STK,30262,INE0NA501011,DIVINEHIRA,ST,,,,,DIVINE HIRA JEWELLERS LTD,107.00,108.30,106.00,107.45,107.45,106.35,,107.45,,,9600,1028700.00,8,F1,1200,,,,,
2026-07-28,2026-07-28,CM,NSE,STK,24286,INE0SCO01019,DPEL,SM,,,,,DIVINE POWER ENERGY LTD,572.00,576.40,561.00,570.95,571.00,567.95,,570.95,,,19500,11053975.00,39,F1,500,,,,,
2026-07-28,2026-07-28,CM,NSE,STK,21690,INE935N01020,DIXON,EQ,,,,,DIXON TECHNO (INDIA) LTD,13800.00,13938.00,13719.00,13903.00,13922.00,13810.00,,13903.00,,,177372,2450431984.00,31663,F1,1,,,,,
2026-07-28,2026-07-28,CM,NSE,STK,12749,INE0B1K01014,DJML,EQ,,,,,DJ MEDIAPRINT & LOG LTD,114.40,117.88,113.96,117.14,115.90,114.49,,117.18,,,418570,48907958.55,4736,F1,1,,,,,
2026-07-28,2026-07-28,CM,NSE,STK,14732,INE271C01023,DLF,EQ,,,,,DLF LIMITED,650.40,666.60,648.00,663.05,663.55,650.90,,663.05,,,6018410,3976052649.10,66641,F1,1,,,,,
2026-07-28,2026-07-28,CM,NSE,STK,6973,INE505A01010,DMCC,EQ,,,,,DMCC SPECIALITY CHEMICALS,269.15,277.60,265.85,266.70,267.30,271.05,,266.65,,,16234,4364621.55,792,F1,1,,,,,
2026-07-28,2026-07-28,CM,NSE,STK,22533,INE0OGG01015,DHTL,SM,,,,,DOCMODE HEALTH TECH LTD,35.65,39.35,35.65,35.65,35.65,37.50,,35.65,,,4000,145600.00,5,F1,800,,,,,
2026-07-28,2026-07-28,CM,NSE,STK,4822,INE021O01019,DODLA,EQ,,,,,DODLA DAIRY LIMITED,1021.30,1049.00,1021.30,1043.20,1046.00,1031.90,,1043.10,,,25724,26749913.60,3697,F1,1,,,,,
2026-07-28,2026-07-28,CM,NSE,STK,12124,INE966A01022,DOLATALGO,EQ,,,,,DOLAT ALGOTECH LIMITED,68.29,69.05,68.11,68.49,68.97,68.39,,68.49,,,57314,3928452.37,714,F1,1,,,,,
2026-07-28,2026-07-28,CM,NSE,STK,20560,INE325C01035,DOLLAR,EQ,,,,,DOLLAR INDUSTRIES LIMITED,256.00,256.95,252.20,253.80,253.60,257.70,,253.80,,,86730,22016955.60,2310,F1,1,,,,,
2026-07-28,2026-07-28,CM,NSE,STK,13323,INE0JHH01011,DOLLEX,SM,,,,,DOLLEX AGROTECH LIMITED,30.10,30.10,30.10,30.10,30.10,29.85,,30.10,,,4000,120400.00,1,F1,4000,,,,,
2026-07-28,2026-07-28,CM,NSE,STK,18139,INE920A01037,DOLPHIN,EQ,,,,,DOLPHIN OFF ENT (IND) L,379.35,379.95,373.70,374.75,373.80,379.15,,374.75,,,3798,1426653.55,238,F1,1,,,,,
2026-07-28,2026-07-28,CM,NSE,STK,20551,INE321T01012,DOMS,EQ,,,,,DOMS INDUSTRIES LIMITED,2280.00,2295.00,2263.30,2273.70,2281.00,2263.50,,2273.50,,,22510,51317877.10,5467,F1,1,,,,,
2026-07-28,2026-07-28,CM,NSE,STK,13839,INE668D01028,DONEAR,EQ,,,,,DONEAR IND. LIMITED,85.55,85.99,84.13,84.34,84.30,86.18,,84.35,,,7075,599462.91,182,F1,1,,,,,
2026-07-28,2026-07-28,CM,NSE,STK,15423,INE360C01024,DPSCLTD,BE,,,,,DPSC LIMITED,7.36,7.49,7.17,7.33,7.31,7.17,,7.33,,,106084,777152.91,358,F1,1,,,,,
2026-07-28,2026-07-28,CM,NSE,STK,29452,INE943P01029,AGARWALEYE,EQ,,,,,DR AGARWALS HEALTH CARE L,476.20,495.00,476.20,493.10,494.00,476.20,,493.10,,,101720,49799796.25,10919,F1,1,,,,,
2026-07-28,2026-07-28,CM,NSE,STK,762648,INE934C01018,DRAGARWQ,EQ,,,,,DR. AGARWAL'S EYE HOSP L,5002.50,5055.00,4966.00,5052.00,5008.00,5041.50,,5053.50,,,485,2437890.00,165,F1,1,,,,,
2026-07-28,2026-07-28,CM,NSE,STK,11654,INE600L01024,LALPATHLAB,EQ,,,,,DR. LAL PATH LABS LTD.,1827.20,1837.00,1790.10,1805.20,1805.00,1827.20,,1805.20,,,379442,686524408.90,24348,F1,1,,,,,
2026-07-28,2026-07-28,CM,NSE,STK,881,INE089A01031,DRREDDY,EQ,,,,,DR. REDDY S LABORATORIES,1145.00,1149.00,1130.20,1135.60,1134.00,1150.80,,1135.60,,,2157306,2453674273.80,77325,F1,1,,,,,
2026-07-28,2026-07-28,CM,NSE,STK,2645,INE03RS01027,DRCSYSTEMS,EQ,,,,,DRC SYSTEMS INDIA LIMITED,13.68,14.00,13.11,13.29,13.54,13.58,,13.34,,,30561,412582.08,196,F1,1,,,,,
2026-07-28,2026-07-28,CM,NSE,STK,10859,INE0JS101016,DREAMFOLKS,EQ,,,,,DREAMFOLKS SERVICES LTD,67.67,67.99,66.60,66.95,67.10,67.54,,66.95,,,30359,2037603.96,797,F1,1,,,,,
2026-07-28,2026-07-28,CM,NSE,STK,11271,INE506A01018,DREDGECORP,EQ,,,,,DREDGING CORP OF INDIA,1068.90,1075.50,1051.00,1064.40,1065.00,1064.90,,1064.40,,,98093,104306819.20,8502,F1,1,,,,,
2026-07-28,2026-07-28,CM,NSE,STK,17383,INE0P7201019,DRONE,ST,,,,,DRONE DESTINATION LIMITED,40.00,40.00,39.30,39.80,39.80,40.00,,39.80,,,5500,218075.00,11,F1,500,,,,,
2026-07-28,2026-07-28,CM,NSE,STK,778,INE055C01020,KEEPLEARN,EQ,,,,,DSJ KEEP LEARNING LTD,1.86,1.97,1.77,1.91,1.91,1.90,,1.91,,,31731,59892.46,76,F1,1,,,,,
2026-07-28,2026-07-28,CM,NSE,STK,1927,INF740KA1EU7,LIQUIDETF,EQ,,,,,DSP LIQUID ETF,1000.00,1000.01,999.99,1000.00,1000.00,999.99,,1000.00,,,56159,56159002.62,199,F1,1,,,,,
2026-07-28,2026-07-28,CM,NSE,STK,761364,INF740KA1YH2,BANK10ADD,EQ,,,,,DSPAMC - BANK10ADD,16.86,16.93,16.64,16.75,16.74,16.89,,16.76,,,29098,489572.15,167,F1,1,,,,,
2026-07-28,2026-07-28,CM,NSE,STK,13644,INF740KA1RX3,BANKADD,EQ,,,,,DSPAMC - DSPBANK,58.29,58.34,58.07,58.16,58.19,58.45,,58.16,,,22394,1302663.10,138,F1,1,,,,,
2026-07-28,2026-07-28,CM,NSE,STK,15356,INF740KA1SW3,GOLDADD,EQ,,,,,DSPAMC - DSPGOLD,138.07,138.07,136.80,137.31,136.80,139.37,,137.31,,,117665,16178132.03,12895,F1,1,,,,,
2026-07-28,2026-07-28,CM,NSE,STK,17207,INF740KA1SX1,ITADD,EQ,,,,,DSPAMC - DSPIT,31.86,32.48,31.84,32.21,32.05,31.26,,32.21,,,164581,5314334.66,239,F1,1,,,,,
2026-07-28,2026-07-28,CM,NSE,STK,6606,INF740KA1QK2,EQUAL50ADD,EQ,,,,,DSPAMC - DSPNEWETF,342.93,346.80,342.78,343.95,346.71,342.93,,343.81,,,18456,6342708.36,263,F1,1,,,,,
2026-07-28,2026-07-28,CM,NSE,STK,7451,INF740KA1CL0,NIFTYADD,EQ,,,,,DSPAMC - DSPNIFTY,252.78,253.41,252.44,252.70,253.10,252.93,,252.70,,,1825,461713.68,575,F1,1,,,,,
2026-07-28,2026-07-28,CM,NSE,STK,17616,INF740KA1SY9,PSUBANKADD,EQ,,,,,DSPAMC - DSPPSBKETF,84.55,85.03,83.55,83.85,83.58,84.79,,83.85,,,107033,9038899.24,334,F1,1,,,,,
2026-07-28,2026-07-28,CM,NSE,STK,17576,INF740KA1TA7,PVTBANKADD,EQ,,,,,DSPAMC - DSPPVBKETF,27.81,27.99,27.50,27.75,27.99,27.81,,27.75,,,408191,11288516.40,227,F1,1,,,,,
2026-07-28,2026-07-28,CM,NSE,STK,7456,INF740KA1ZF3,MIDQ50ADD,EQ,,,,,DSPAMC - DSPQ50ETF,25.29,25.29,24.83,24.92,25.00,24.79,,24.92,,,12938,322174.31,81,F1,1,,,,,
2026-07-28,2026-07-28,CM,NSE,STK,17613,INF740KA1SZ6,SENSEXADD,EQ,,,,,DSPAMC - DSPSENXETF,79.12,79.47,78.94,78.94,78.94,79.07,,78.94,,,4507,355922.47,23,F1,1,,,,,
2026-07-28,2026-07-28,CM,NSE,STK,10761,INF740KA1RE3,SILVERADD,EQ,,,,,DSPAMC - DSPSILVETF,210.04,210.05,207.11,207.79,207.94,214.46,,207.79,,,166792,34773370.97,3372,F1,1,,,,,
2026-07-28,2026-07-28,CM,NSE,STK,759368,INF740KA1WU9,FLEXIADD,EQ,,,,,DSPAMC - FLEXIADD,10.22,10.22,9.73,10.09,10.08,10.02,,10.09,,,135029,1361832.98,209,F1,1,,,,,
2026-07-28,2026-07-28,CM,NSE,STK,763530,INF740KA1ZA4,FMCGADD,EQ,,,,,DSPAMC - FMCGADD,49.79,50.21,48.90,49.63,50.21,49.81,,49.63,,,11212,555368.47,58,F1,1,,,,,
2026-07-28,2026-07-28,CM,NSE,STK,22592,INF740KA1ZG1,HEALTHADD,EQ,,,,,DSPAMC - HEALTHADD,16.60,16.72,16.58,16.63,16.65,16.62,,16.63,,,23200,385488.48,69,F1,1,,,,,
2026-07-28,2026-07-28,CM,NSE,STK,23407,INF740KA1UM0,LIQUIDADD,EQ,,,,,DSPAMC - LIQUIDADD,1137.65,1137.66,1137.64,1137.65,1137.64,1137.49,,1137.65,,,385219,438245415.12,518,F1,1,,,,,
2026-07-28,2026-07-28,CM,NSE,STK,760356,INF740KA1WW5,MIDCAPADD,EQ,,,,,DSPAMC - MIDCAPADD,22.98,23.06,22.94,23.04,23.06,22.94,,23.04,,,30918,711839.23,29,F1,1,,,,,
2026-07-28,2026-07-28,CM,NSE,STK,759978,INF740KA1WV7,MSCIADD,EQ,,,,,DSPAMC - MSCIADD,29.36,29.47,29.36,29.42,29.42,29.50,,29.42,,,2410,70958.03,11,F1,1,,,,,
2026-07-28,2026-07-28,CM,NSE,STK,29464,INF740KA1VE5,NEXT30ADD,EQ,,,,,DSPAMC - NEXT30ADD,42.42,42.46,42.24,42.27,42.32,42.30,,42.27,,,1647,69655.51,47,F1,1,,,,,
2026-07-28,2026-07-28,CM,NSE,STK,760599,INF740KA1XU7,NEXT50ADD,EQ,,,,,DSPAMC - NEXT50ADD,72.84,72.84,72.27,72.45,72.45,72.74,,72.45,,,6879,498824.50,26,F1,1,,,,,
2026-07-28,2026-07-28,CM,NSE,STK,760359,INF740KA1WX3,SMALLADD,EQ,,,,,DSPAMC - SMALLADD,17.97,17.97,17.81,17.87,17.88,17.94,,17.87,,,30245,540292.79,103,F1,1,,,,,
2026-07-28,2026-07-28,CM,NSE,STK,25171,INF740KA1UR9,TOP10ADD,EQ,,,,,DSPAMC - TOP10ADD,87.26,87.88,87.20,87.31,87.88,86.79,,87.31,,,140997,12325406.16,535,F1,1,,,,,
2026-07-28,2026-07-28,CM,NSE,STK,13766,INE0LZO01015,DUCOL,SM,,,,,DUCOL ORGS AND COLOURS LT,105.00,106.00,105.00,106.00,106.00,105.05,,106.00,,,2400,253280.00,3,F1,800,,,,,
2026-07-28,2026-07-28,CM,NSE,STK,28952,INE741L01018,DUCON,EQ,,,,,DUCON INFRATECHNOLOGIES L,3.00,3.05,2.98,3.01,3.02,3.02,,3.01,,,76596,230367.83,154,F1,1,,,,,
2026-07-28,2026-07-28,CM,NSE,STK,5457,INE0HPK01020,DUGLOBAL,SM,,,,,DUDIGITAL GLOBAL LIMITED,25.95,26.00,25.95,26.00,26.00,25.95,,26.00,,,5000,129875.00,2,F1,2500,,,,,
2026-07-28,2026-07-28,CM,NSE,STK,24164,INE0OUW01013,DURLAX,SM,,,,,DURLAX TOP SURFACE LTD,52.00,54.30,52.00,52.65,52.40,51.50,,52.65,,,80000,4248800.00,33,F1,2000,,,,,
2026-07-28,2026-07-28,CM,NSE,STK,11667,INE366A01041,DWARKESH,EQ,,,,,DWARIKESH SUGAR IND LTD,42.52,43.19,38.44,41.42,41.80,42.52,,41.43,,,2791879,114559432.25,29036,F1,1,,,,,
2026-07-28,2026-07-28,CM,NSE,STK,25690,INE417B01040,DSSL,EQ,,,,,DYNACONS SYS & SOLN LTD,1257.00,1257.00,1186.00,1195.30,1197.90,1231.60,,1195.30,,,24715,29855338.30,2361,F1,1,,,,,
2026-07-28,2026-07-28,CM,NSE,STK,4525,INE221B01012,DYNAMATECH,EQ,,,,,DYNAMATIC TECHNOLOGIES,10599.00,10599.00,10316.00,10343.00,10340.00,10546.00,,10343.00,,,7005,72765986.00,3232,F1,1,,,,,
2026-07-28,2026-07-28,CM,NSE,STK,10417,INE600Y01019,DYCL,EQ,,,,,DYNAMIC CABLES LIMITED,414.90,415.90,388.80,394.65,395.00,414.90,,394.65,,,571380,228533080.05,12267,F1,1,,,,,
2026-07-28,2026-07-28,CM,NSE,STK,6082,INE0DZ701010,DYNAMIC,ST,,,,,DYNAMIC SRVCS & SEC LTD,140.55,140.55,135.80,135.80,135.80,140.60,,135.80,,,3500,482175.00,3,F1,500,,,,,
2026-07-28,2026-07-28,CM,NSE,STK,21314,INE256H01015,DYNPRO,EQ,,,,,DYNEMIC PRODUCTS LIMITED,239.92,242.19,235.28,238.22,239.40,238.21,,238.18,,,4599,1100059.91,196,F1,1,,,,,
2026-07-28,2026-07-28,CM,NSE,STK,19267,INE0KFF01017,EFACTOR,SM,,,,,E FACTOR EXPERIENCES LTD,175.00,176.00,174.95,176.00,176.00,175.00,,176.00,,,36800,6440740.00,19,F1,400,,,,,
2026-07-28,2026-07-28,CM,NSE,STK,760534,INE1CEJ01017,E2ERAIL,ST,,,,,E TO E TRANS INFRA LTD,278.80,288.00,268.20,275.75,276.00,275.00,,275.75,,,46400,13013360.00,50,F1,800,,,,,
2026-07-28,2026-07-28,CM,NSE,STK,8937,INE255Z01027,E2E,EQ,,,,,E2E NETWORKS LIMITED,560.00,567.80,515.40,515.40,515.40,542.50,,515.45,,,5885813,3171183373.70,109604,F1,1,,,,,
2026-07-28,2026-07-28,CM,NSE,STK,9769,INE962C01035,EASTSILK,BE,,,,,EASTERN SILK INDUSTRIES L,52.25,56.99,52.25,56.36,56.75,55.00,,56.36,,,123,6485.66,13,F1,1,,,,,
2026-07-28,2026-07-28,CM,NSE,STK,2792,INE07O001026,EASEMYTRIP,EQ,,,,,EASY TRIP PLANNERS LTD,6.82,6.84,6.42,6.59,6.61,6.82,,6.59,,,41590113,274709781.61,18540,F1,1,,,,,
2026-07-28,2026-07-28,CM,NSE,STK,759974,INE528S07110,888ECL28,N1,,,,,ECL 8.88% 2028 SR V,994.99,994.99,994.88,994.88,994.88,992.00,,994.88,,,460,457692.10,3,F1,1,,,,,
2026-07-28,2026-07-28,CM,NSE,STK,15179,INE738I01010,ECLERX,EQ,,,,,ECLERX SERVICES LTD,1811.70,1932.40,1811.70,1897.70,1891.80,1811.70,,1897.60,,,464365,886635378.20,34100,F1,1,,,,,
2026-07-28,2026-07-28,CM,NSE,STK,25062,INE06HJ01020,ECOSMOBLTY,BE,,,,,ECOS (INDIA) MOB & HOSP L,131.47,132.00,128.51,129.92,129.00,131.47,,129.78,,,67476,8784008.53,271,F1,1,,,,,
2026-07-28,2026-07-28,CM,NSE,STK,7196,INF754K01OB1,BBETF0432,EQ,,,,,EDELAMC - BBETF0432,1354.51,1354.51,1350.55,1352.94,1354.00,1350.00,,1353.86,,,1315,1778278.39,50,F1,1,,,,,
2026-07-28,2026-07-28,CM,NSE,STK,25258,INF754K01TE4,EBANKNIFTY,EQ,,,,,EDELAMC - EBANKNIFTY,57.26,57.64,57.00,57.23,57.06,57.43,,57.23,,,1082,61965.06,23,F1,1,,,,,
2026-07-28,2026-07-28,CM,NSE,STK,16253,INF754K01KO2,EBBETF0430,EQ,,,,,EDELAMC - EBBETF0430,1605.52,1615.97,1605.51,1611.30,1610.70,1609.85,,1611.09,,,3557,5731449.56,291,F1,1,,,,,
2026-07-28,2026-07-28,CM,NSE,STK,22239,INF754K01LE1,EBBETF0431,EQ,,,,,EDELAMC - EBBETF0431,1442.00,1443.44,1439.08,1442.74,1439.10,1441.71,,1442.74,,,6704,9669684.68,73,F1,1,,,,,
2026-07-28,2026-07-28,CM,NSE,STK,13139,INF754K01QX0,EBBETF0433,EQ,,,,,EDELAMC - EBBETF0433,1315.58,1320.00,1312.92,1319.07,1320.00,1312.88,,1318.86,,,3997,5262792.06,135,F1,1,,,,,
2026-07-28,2026-07-28,CM,NSE,STK,29019,INF754K01TX4,ECAPINSURE,EQ,,,,,EDELAMC - ECAPINSURE,23.95,24.00,23.66,23.89,23.73,23.74,,23.89,,,8138,193803.35,210,F1,1,,,,,
2026-07-28,2026-07-28,CM,NSE,STK,19933,INF754K01SE6,EGOLD,EQ,,,,,EDELAMC - EGOLD,143.40,143.40,140.70,141.30,141.60,143.40,,141.30,,,152002,21481708.00,307,F1,1,,,,,
2026-07-28,2026-07-28,CM,NSE,STK,759466,INF754K01VW2,ELIQUID,EQ,,,,,EDELAMC - ELIQUID,1041.43,1041.43,1041.19,1041.19,1041.21,1041.05,,1041.19,,,14808,15418047.80,23,F1,1,,,,,
2026-07-28,2026-07-28,CM,NSE,STK,758952,INF754K01VV4,ELM250,EQ,,,,,EDELAMC - ELM250,16.62,16.65,16.47,16.55,16.50,16.69,,16.55,,,26916,446198.86,128,F1,1,,,,,
2026-07-28,2026-07-28,CM,NSE,STK,764288,INF754K01XG1,EMETAL,EQ,,,,,EDELAMC - EMETAL,12.97,12.97,12.41,12.41,12.50,12.39,,12.41,,,1225,15448.51,22,F1,1,,,,,
2026-07-28,2026-07-28,CM,NSE,STK,25996,INF754K01TF1,EMULTIMQ,EQ,,,,,EDELAMC - EMULTIMQ,40.92,40.92,40.36,40.57,40.72,40.92,,40.57,,,25019,1016159.17,262,F1,1,,,,,
2026-07-28,2026-07-28,CM,NSE,STK,763540,INF754K01XF3,ENEXT50,EQ,,,,,EDELAMC - ENEXT50,72.45,73.50,70.03,70.82,70.15,72.45,,70.96,,,3642,259434.34,27,F1,1,,,,,
2026-07-28,2026-07-28,CM,NSE,STK,759998,INF754K01VX0,ENIFTY,EQ,,,,,EDELAMC - ENIFTY,24.78,24.78,24.11,24.19,24.22,24.18,,24.19,,,1249,30224.96,69,F1,1,,,,,
2026-07-28,2026-07-28,CM,NSE,STK,759995,INF754K01VY8,ESENSEX,EQ,,,,,EDELAMC - ESENSEX,76.81,79.24,76.60,77.59,77.59,77.19,,76.74,,,267,20636.22,20,F1,1,,,,,
2026-07-28,2026-07-28,CM,NSE,STK,20257,INF754K01SF3,ESILVER,EQ,,,,,EDELAMC - ESILVER,220.60,220.60,214.81,215.12,214.81,222.69,,215.12,,,54134,11705939.30,1290,F1,1,,,,,
2026-07-28,2026-07-28,CM,NSE,STK,15119,INE532F01054,EDELWEISS,EQ,,,,,EDELWEISS FIN SERV LTD,115.71,119.30,113.35,114.08,114.20,116.91,,114.08,,,2636616,304585871.33,24258,F1,1,,,,,
2026-07-28,2026-07-28,CM,NSE,STK,758675,INE886D01026,EFCIL,EQ,,,,,EFC (I) LIMITED,197.05,199.50,192.60,197.89,198.10,197.05,,197.89,,,212526,42046459.11,2640,F1,1,,,,,
2026-07-28,2026-07-28,CM,NSE,STK,24438,INE0U9101019,EFFWA,ST,,,,,EFFWA INFRA & RESEARCH L,379.90,379.90,370.25,375.00,375.00,379.90,,375.00,,,6400,2392460.00,13,F1,400,,,,,
2026-07-28,2026-07-28,CM,NSE,STK,910,INE066A01021,EICHERMOT,EQ,,,,,EICHER MOTORS LTD,7769.50,7889.00,7742.50,7836.00,7849.50,7769.50,,7836.00,,,449880,3524099699.00,59069,F1,1,,,,,
2026-07-28,2026-07-28,CM,NSE,STK,916,INE126A01031,EIDPARRY,EQ,,,,,EID PARRY INDIA LTD,770.50,772.50,759.10,768.05,761.00,771.15,,768.05,,,154042,118170693.85,10677,F1,1,,,,,
2026-07-28,2026-07-28,CM,NSE,STK,15399,INE276C01014,EIHAHOTELS,EQ,,,,,EIH ASSOCIATED HOTELS LTD,316.95,319.00,307.70,309.45,308.05,316.95,,309.45,,,12189,3793721.75,855,F1,1,,,,,
2026-07-28,2026-07-28,CM,NSE,STK,919,INE230A01023,EIHOTEL,EQ,,,,,EIH LIMITED,328.50,331.75,323.30,325.50,328.20,330.65,,325.50,,,76595,25068702.90,4914,F1,1,,,,,
2026-07-28,2026-07-28,CM,NSE,STK,4040,INE158B01016,EIMCOELECO,EQ,,,,,EIMCO ELECON (INDIA) LTD,1831.00,1833.30,1792.00,1798.50,1810.00,1829.80,,1798.50,,,9426,17073030.30,1300,F1,1,,,,,
2026-07-28,2026-07-28,CM,NSE,STK,762653,INE280B01018,ELANTAS,EQ,,,,,ELANTAS BECK INDIA LTD.,9555.00,9555.00,9255.00,9310.00,9311.00,9555.00,,9309.00,,,504,4720653.00,230,F1,1,,,,,
2026-07-28,2026-07-28,CM,NSE,STK,762658,INE927X01018,ELCIDIN,EQ,,,,,ELCID INVESTMENTS LTD.,109000.00,112000.00,108730.00,110900.00,110900.00,110725.00,,110900.00,,,8,881445.00,8,F1,1,,,,,
2026-07-28,2026-07-28,CM,NSE,STK,8953,INE668G01021,ELDEHSG,EQ,,,,,ELDECO HSG & IND LTD.,783.90,804.90,760.05,778.10,786.00,774.10,,778.10,,,2481,1947197.70,280,F1,1,,,,,
2026-07-28,2026-07-28,CM,NSE,STK,13643,INE205B01031,ELECON,EQ,,,,,ELECON ENG. CO. LTD,424.00,425.95,412.85,414.85,414.00,423.70,,414.85,,,356148,148595794.50,15978,F1,1,,,,,
2026-07-28,2026-07-28,CM,NSE,STK,20899,INE0Q1W01012,EFORCE,SM,,,,,ELECTRO FORCE (INDIA) LTD,20.80,20.95,20.80,20.90,20.90,21.00,,20.90,,,7200,150480.00,6,F1,1200,,,,,
2026-07-28,2026-07-28,CM,NSE,STK,11530,INE02YR01019,EMIL,EQ,,,,,ELECTRONICS MART IND LTD,125.80,132.57,124.59,126.94,126.99,125.67,,126.94,,,2008758,257663455.79,16556,F1,1,,,,,
2026-07-28,2026-07-28,CM,NSE,STK,928,INE086A01029,ELECTCAST,EQ,,,,,ELECTROSTEEL CASTINGS LTD,72.14,72.75,71.30,71.48,71.60,72.14,,71.48,,,450998,32340485.47,6148,F1,1,,,,,
2026-07-28,2026-07-28,CM,NSE,STK,4469,INE822G01016,ELECTHERM,EQ,,,,,ELECTROTHERM (I) LTD.,1030.60,1036.90,1003.00,1016.10,1022.00,1030.20,,1016.00,,,9025,9213753.00,632,F1,1,,,,,
2026-07-28,2026-07-28,CM,NSE,STK,29595,INE0R9101015,ELGNZ,SM,,,,,ELEGANZ INTERIORS LIMITED,102.20,102.20,101.00,101.75,101.00,103.30,,101.75,,,32000,3262700.00,12,F1,1000,,,,,
2026-07-28,2026-07-28,CM,NSE,STK,937,INE285A01027,ELGIEQUIP,EQ,,,,,ELGI EQUIPMENTS LTD,575.50,578.20,565.60,569.45,567.50,578.85,,569.35,,,145470,83004089.70,13838,F1,1,,,,,
2026-07-28,2026-07-28,CM,NSE,STK,24924,INE819L01012,ELGIRUBCO,EQ,,,,,ELGI RUBBER CO. LTD,57.00,57.29,54.00,55.12,55.10,56.62,,55.12,,,30991,1710048.48,669,F1,1,,,,,
2026-07-28,2026-07-28,CM,NSE,STK,13423,INE050401020,ELIN,EQ,,,,,ELIN ELECTRONICS LIMITED,101.62,101.62,99.12,100.99,101.00,101.41,,100.97,,,64993,6527422.90,1235,F1,1,,,,,
2026-07-28,2026-07-28,CM,NSE,STK,762663,INE669R01026,ELITECON,EQ,,,,,ELITECON INTERNATIONAL L,16.38,16.38,15.52,15.81,15.61,15.98,,15.81,,,1190101,18925873.74,4350,F1,1,,,,,
2026-07-28,2026-07-28,CM,NSE,STK,758563,INE236E01022,ELLEN,EQ,,,,,ELLENBARRIE INDUS GASES L,285.00,285.00,272.55,274.85,275.45,282.45,,274.85,,,215253,59492732.60,5404,F1,1,,,,,
2026-07-28,2026-07-28,CM,NSE,STK,4471,INE579B01039,ELPROINTL,EQ,,,,,ELPRO INTERNATIONAL LTD,178.40,178.40,175.79,177.18,176.75,177.89,,177.18,,,109052,19288445.93,564,F1,1,,,,,
2026-07-28,2026-07-28,CM,NSE,STK,29229,INE0ZOL01023,EMAPARTNER,SM,,,,,EMA PARTNERS INDIA LTD,80.55,82.75,80.40,80.50,80.50,80.55,,80.50,,,10000,810000.00,7,F1,1000,,,,,
2026-07-28,2026-07-28,CM,NSE,STK,13517,INE548C01032,EMAMILTD,EQ,,,,,EMAMI LIMITED,414.00,419.50,406.50,407.10,406.50,414.10,,407.10,,,232622,95571181.10,13179,F1,1,,,,,
2026-07-28,2026-07-28,CM,NSE,STK,10084,INE830C01026,EMAMIPAP,BE,,,,,EMAMI PAPER MILLS LIMITED,108.80,109.69,106.67,106.67,106.67,112.28,,106.57,,,164164,17549344.68,448,F1,1,,,,,
2026-07-28,2026-07-28,CM,NSE,STK,19281,INE778K01012,EMAMIREAL,BE,,,,,EMAMI REALTY LIMITED,79.00,81.00,78.00,78.19,79.00,79.84,,78.19,,,5592,439702.96,56,F1,1,,,,,
2026-07-28,2026-07-28,CM,NSE,STK,14450,INE069I01010,EMBDL,EQ,,,,,EMBASSY DEVELOPMENTS LTD,62.50,63.12,61.62,62.12,61.79,62.17,,62.12,,,1214387,75653830.10,7471,F1,1,,,,,
2026-07-28,2026-07-28,CM,NSE,STK,9383,INE041025011,EMBASSY,RR,,,,,EMBASSY OFFICE PARKS REIT,438.99,439.68,435.00,435.94,435.90,437.95,,435.94,,,823298,359320622.50,41226,F1,1,,,,,
2026-07-28,2026-07-28,CM,NSE,STK,24398,INE168P01015,EMCURE,EQ,,,,,EMCURE PHARMACEUTICALS L,1924.80,1960.00,1886.00,1892.20,1893.00,1924.80,,1892.20,,,299264,577806737.60,24431,F1,1,,,,,
2026-07-28,2026-07-28,CM,NSE,STK,27629,INE0RHD01013,ETML,SM,,,,,EMERALD TYRE MANUF LTD,84.00,84.00,81.60,81.60,81.60,84.00,,81.60,,,16800,1384260.00,12,F1,1200,,,,,
2026-07-28,2026-07-28,CM,NSE,STK,13421,INE296H01011,EMKAY,EQ,,,,,EMKAY GLOBAL FIN SERV LTD,238.05,254.00,228.00,230.80,230.65,238.05,,230.80,,,102732,24778296.10,4202,F1,1,,,,,
2026-07-28,2026-07-28,CM,NSE,STK,10253,INE332S01011,EMKAYTOOLS,SM,,,,,EMKAY TAP & CUT. TOOL LTD,91.00,91.00,90.05,90.05,90.05,91.05,,90.05,,,600,54457.50,3,F1,150,,,,,
2026-07-28,2026-07-28,CM,NSE,STK,758591,INE0PXC01024,ETL,SM,,,,,EMKAY TOOLS LIMITED,980.00,980.00,960.45,970.20,960.45,990.10,,970.20,,,300,291067.50,2,F1,150,,,,,
2026-07-28,2026-07-28,CM,NSE,STK,18146,INE753K01015,EMMBI,BE,,,,,EMMBI INDUSTRIES LIMITED,87.52,89.00,86.00,87.87,89.00,87.45,,87.87,,,10073,875029.46,59,F1,1,,,,,
2026-07-28,2026-07-28,CM,NSE,STK,759728,INE1C6T01020,EMMVEE,EQ,,,,,EMMVEE PHOTOVOLTAIC PWR L,333.60,334.55,327.20,328.85,330.10,333.60,,328.85,,,1411717,465845259.75,26181,F1,1,,,,,
2026-07-28,2026-07-28,CM,NSE,STK,762673,INE507F01023,EMPOWER,BE,,,,,EMPOWER INDIA LTD.,2.41,2.43,2.41,2.42,2.41,2.40,,2.42,,,1772337,4282180.86,1401,F1,1,,,,,
2026-07-28,2026-07-28,CM,NSE,STK,18593,INE0OV601013,EMSLIMITED,EQ,,,,,EMS LIMITED,399.05,400.25,386.50,388.95,392.00,401.75,,388.95,,,209962,82413601.20,5751,F1,1,,,,,
2026-07-28,2026-07-28,CM,NSE,STK,9756,INE01QM01018,EMUDHRA,EQ,,,,,EMUDHRA LIMITED,465.00,468.85,453.00,460.10,460.00,463.15,,460.10,,,72919,33552318.40,6199,F1,1,,,,,
2026-07-28,2026-07-28,CM,NSE,STK,760321,INE433T01015,ENCOMPAS,SM,,,,,ENCOMPASS DESIGN INDIA L,230.00,233.00,230.00,230.00,230.00,230.00,,230.00,,,6000,1382800.00,15,F1,400,,,,,
2026-07-28,2026-07-28,CM,NSE,STK,18822,INE913H01037,ENDURANCE,EQ,,,,,ENDURANCE TECHNO. LTD.,2732.80,2732.80,2680.00,2707.10,2710.00,2732.80,,2707.10,,,67718,183397093.80,21079,F1,1,,,,,
2026-07-28,2026-07-28,CM,NSE,STK,15049,INE306C01019,ENERGYDEV,EQ,,,,,ENERGY DEVE. CO.LTD,17.31,17.48,16.80,16.98,16.92,17.14,,16.98,,,21681,367921.93,174,F1,1,,,,,
2026-07-28,2026-07-28,CM,NSE,STK,23745,INE0S1L01013,EMMIL,SM,,,,,ENERGY MISSION MACH IND L,117.00,118.00,117.00,117.30,117.25,119.95,,117.30,,,4000,470887.50,16,F1,250,,,,,
2026-07-28,2026-07-28,CM,NSE,STK,23224,INE0S3X01014,ENFUSE,SM,,,,,ENFUSE SOLUTIONS LIMITED,165.00,165.00,165.00,165.00,165.00,171.00,,165.00,,,600,99000.00,1,F1,600,,,,,
2026-07-28,2026-07-28,CM,NSE,STK,4907,INE510A01028,ENGINERSIN,EQ,,,,,ENGINEERS INDIA LTD,226.42,227.54,221.00,222.59,222.00,226.42,,222.53,,,1153931,257700566.05,22329,F1,1,,,,,
2026-07-28,2026-07-28,CM,NSE,STK,23230,INE0R9I01021,ENSER,SM,,,,,ENSER COMMUNICATIONS LTD,15.60,15.60,13.65,13.85,13.65,14.45,,13.85,,,45000,641000.00,9,F1,5000,,,,,
2026-07-28,2026-07-28,CM,NSE,STK,22717,INE010601016,ENTERO,EQ,,,,,ENTERO HEALTHCARE SOLU L,1273.40,1281.00,1230.50,1235.80,1231.20,1273.40,,1235.80,,,34917,43817586.00,4493,F1,1,,,,,
2026-07-28,2026-07-28,CM,NSE,STK,13192,INE265F01028,ENIL,EQ,,,,,ENTERTAIN NET. IND. LTD.,105.62,106.76,105.50,105.89,105.55,106.06,,105.89,,,11635,1232273.78,307,F1,1,,,,,
2026-07-28,2026-07-28,CM,NSE,STK,27213,INE0LLY01014,EIEL,EQ,,,,,ENVIRO INFRA ENGINEERS L,217.20,219.78,215.00,216.45,216.26,218.76,,216.47,,,514458,111624334.19,8360,F1,1,,,,,
2026-07-28,2026-07-28,CM,NSE,STK,25412,INE0SUH01015,ENVIRO,SM,,,,,ENVIROTECH SYSTEMS LTD,77.95,77.95,77.95,77.95,77.95,77.10,,77.95,,,1000,77950.00,1,F1,1000,,,,,
2026-07-28,2026-07-28,CM,NSE,STK,22463,INE0G5901015,EPACK,EQ,,,,,EPACK DURABLE LIMITED,232.90,233.44,230.00,231.83,232.20,232.10,,231.84,,,170605,39417598.87,2754,F1,1,,,,,
2026-07-28,2026-07-28,CM,NSE,STK,759251,INE0MLS01022,EPACKPEB,EQ,,,,,EPACK PREFAB TECHN LTD,256.10,256.11,241.23,253.19,253.59,255.19,,253.20,,,718432,178842426.39,11101,F1,1,,,,,
2026-07-28,2026-07-28,CM,NSE,STK,5382,INE071N01016,EPIGRAL,EQ,,,,,EPIGRAL LIMITED,1164.30,1187.30,1116.40,1170.50,1170.00,1157.00,,1170.60,,,108376,124170572.00,12068,F1,1,,,,,
2026-07-28,2026-07-28,CM,NSE,STK,981,INE255A01020,EPL,EQ,,,,,EPL LIMITED,239.00,239.88,234.43,235.07,237.11,239.06,,235.05,,,127999,30304217.42,4737,F1,1,,,,,
2026-07-28,2026-07-28,CM,NSE,STK,758346,INE11HF01010,EEPL,SM,,,,,EPPELTONE ENGINEERS LTD,104.50,104.50,100.05,103.95,103.95,104.45,,103.95,,,5000,514350.00,5,F1,1000,,,,,
2026-07-28,2026-07-28,CM,NSE,STK,3553,INE217G01035,EQUIPPP,BE,,,,,EQUIPPP SOC IMP TECH LTD,25.89,25.89,24.22,24.43,24.43,25.03,,24.43,,,8263,202985.03,39,F1,1,,,,,
2026-07-28,2026-07-28,CM,NSE,STK,913,INE063P01018,EQUITASBNK,EQ,,,,,EQUITAS SMALL FIN BNK LTD,79.55,79.59,73.26,74.63,75.20,79.00,,74.63,,,15652653,1194163848.93,77570,F1,1,,,,,
2026-07-28,2026-07-28,CM,NSE,STK,21154,INE406M01024,ERIS,EQ,,,,,ERIS LIFESCIENCES LIMITED,1403.50,1412.90,1383.00,1390.80,1390.00,1403.50,,1390.80,,,52640,73207986.20,10636,F1,1,,,,,
2026-07-28,2026-07-28,CM,NSE,STK,955,INE284A01012,ESABINDIA,EQ,,,,,ESAB INDIA LTD,5688.00,5689.50,5560.00,5567.00,5579.50,5621.50,,5567.00,,,2595,14521143.50,949,F1,1,,,,,
2026-07-28,2026-07-28,CM,NSE,STK,19878,INE818W01011,ESAFSFB,EQ,,,,,ESAF SMALL FINANCE BANK L,38.68,38.74,36.55,37.25,37.40,38.29,,37.25,,,1815530,68475078.94,6012,F1,1,,,,,
2026-07-28,2026-07-28,CM,NSE,STK,22764,INE0RQZ01017,ESCONET,SM,,,,,ESCONET TECHNOLOGIES LTD,129.05,132.50,126.75,127.85,127.00,130.40,,127.85,,,14800,1915080.00,35,F1,400,,,,,
2026-07-28,2026-07-28,CM,NSE,STK,958,INE042A01014,ESCORTS,EQ,,,,,ESCORTS KUBOTA LIMITED,2969.00,3020.00,2954.10,3009.90,3015.00,2954.10,,3009.80,,,219717,659573544.30,13711,F1,1,,,,,
2026-07-28,2026-07-28,CM,NSE,STK,761461,INE818W08164,1165ESFB32,N0,,,,,ESFB 11.65% 2032 SR 4,102000.00,102000.00,102000.00,102000.00,102000.00,103000.00,,102000.00,,,7,714000.00,6,F1,1,,,,,
2026-07-28,2026-07-28,CM,NSE,STK,24678,INE0SBP01018,ESPRIT,SM,,,,,ESPRIT STONES LIMITED,59.00,64.60,59.00,62.15,64.60,60.00,,62.15,,,24000,1481760.00,13,F1,1600,,,,,
2026-07-28,2026-07-28,CM,NSE,STK,25634,INE122M01019,ESSARSHPNG,EQ,,,,,ESSAR SHIPPING LTD,20.43,20.69,19.06,20.00,20.06,20.43,,20.00,,,316919,6372037.38,1373,F1,1,,,,,
2026-07-28,2026-07-28,CM,NSE,STK,17084,INE0ITO01014,ESFL,SM,,,,,ESSEN SPECIALITY FILMS L,128.00,128.00,123.45,123.85,123.45,129.90,,123.85,,,10080,1260918.00,24,F1,360,,,,,
2026-07-28,2026-07-28,CM,NSE,STK,24265,INE778B01029,ESTER,EQ,,,,,ESTER INDUSTRIES LTD,90.69,92.00,89.05,89.83,89.05,90.89,,89.82,,,43550,3929469.11,914,F1,1,,,,,
2026-07-28,2026-07-28,CM,NSE,STK,5097,INE758T01015,ETERNAL,EQ,,,,,ETERNAL LIMITED,295.70,310.00,294.20,308.35,307.50,295.85,,308.30,,,70410211,21418314271.90,380844,F1,1,,,,,
2026-07-28,2026-07-28,CM,NSE,STK,9750,INE04TZ01018,ETHOSLTD,EQ,,,,,ETHOS LIMITED,2630.00,2630.00,2525.20,2550.70,2525.20,2578.80,,2550.70,,,19767,50473724.20,3029,F1,1,,,,,
2026-07-28,2026-07-28,CM,NSE,STK,25162,INE0KCE01017,EUREKAFORB,EQ,,,,,EUREKA FORBES LIMITED,439.00,467.00,434.55,456.85,457.05,439.70,,456.85,,,338437,153610241.75,15739,F1,1,,,,,
2026-07-28,2026-07-28,CM,NSE,STK,6042,INE546V01010,EIFFL,BE,,,,,EURO (I) FRESH FOODS LTD,316.50,319.50,311.00,314.95,311.00,316.25,,314.95,,,18797,5917646.70,47,F1,1,,,,,
2026-07-28,2026-07-28,CM,NSE,STK,757953,INE505V01016,EUROBOND,EQ,,,,,EURO PANEL PRODUCTS LTD,162.06,163.18,157.62,157.88,158.00,158.99,,157.89,,,5452,868474.80,280,F1,1,,,,,
2026-07-28,2026-07-28,CM,NSE,STK,759797,INE198501012,EUROPRATIK,EQ,,,,,EURO PRATIK SALES LIMITED,314.40,315.10,305.35,306.75,305.50,314.60,,306.75,,,145785,45162157.45,2428,F1,1,,,,,
2026-07-28,2026-07-28,CM,NSE,STK,8886,INE022C01012,EUROTEXIND,BE,,,,,EUROTEX IND & EXPORTS LTD,12.85,12.87,12.85,12.85,12.85,12.26,,13.46,,,1224,15730.06,6,F1,1,,,,,
2026-07-28,2026-07-28,CM,NSE,STK,11782,INE128A01029,EVEREADY,EQ,,,,,EVEREADY INDS. IND.  LTD.,353.45,353.65,345.55,348.80,349.00,349.75,,348.60,,,47443,16542845.90,1919,F1,1,,,,,
2026-07-28,2026-07-28,CM,NSE,STK,6017,INE295A01018,EVERESTIND,BE,,,,,EVEREST INDUSTRIES LTD,564.00,564.00,513.65,518.45,513.75,540.65,,518.45,,,52412,28237975.60,658,F1,1,,,,,
2026-07-28,2026-07-28,CM,NSE,STK,13091,INE184H01027,EKC,EQ,,,,,EVEREST KANTO CYLINDERLTD,110.33,110.34,106.80,107.25,107.25,109.79,,107.27,,,118836,12836004.58,1907,F1,1,,,,,
2026-07-28,2026-07-28,CM,NSE,STK,11471,INE369A01029,EXCELINDUS,EQ,,,,,EXCEL INDUSTRIES LTD,980.00,999.00,976.00,984.65,986.00,982.15,,984.65,,,17457,17239715.05,1182,F1,1,,,,,
2026-07-28,2026-07-28,CM,NSE,STK,760007,INE606N01019,EXCELSOFT,EQ,,,,,EXCELSOFT TECHNOLOGIES L,77.50,77.91,76.42,76.80,76.85,77.47,,76.80,,,152895,11774523.35,1884,F1,1,,,,,
2026-07-28,2026-07-28,CM,NSE,STK,22947,INE777F01014,EXICOM,EQ,,,,,EXICOM TELE SYSTEMS LTD,165.20,165.20,157.55,158.88,159.00,165.20,,158.93,,,1004193,161170291.26,9112,F1,1,,,,,
2026-07-28,2026-07-28,CM,NSE,STK,676,INE302A01020,EXIDEIND,EQ,,,,,EXIDE INDUSTRIES LTD,429.45,441.30,421.60,423.40,422.05,427.00,,423.40,,,12543958,5386887005.80,89062,F1,1,,,,,
2026-07-28,2026-07-28,CM,NSE,STK,17486,INE201K01015,EXPLEOSOL,EQ,,,,,EXPLEO SOLUTIONS LIMITED,805.15,828.00,805.15,809.30,810.75,812.00,,809.30,,,27707,22609776.40,2321,F1,1,,,,,
2026-07-28,2026-07-28,CM,NSE,STK,5352,INE0GFE01026,EXXARO,EQ,,,,,EXXARO TILES LIMITED,6.58,6.68,6.20,6.36,6.35,6.58,,6.36,,,453738,2880400.31,965,F1,1,,,,,
2026-07-28,2026-07-28,CM,NSE,STK,760125,INE0HF201011,FABTECH,EQ,,,,,FABTECH TECHNOLOGIES LTD,148.30,153.12,147.22,149.07,149.00,148.90,,149.10,,,200728,30134499.73,3433,F1,1,,,,,
2026-07-28,2026-07-28,CM,NSE,STK,1008,INE188A01015,FACT,EQ,,,,,FACT LTD,819.55,833.35,814.10,817.00,815.95,819.55,,817.00,,,108132,89068469.15,7618,F1,1,,,,,
2026-07-28,2026-07-28,CM,NSE,STK,1619,INE0DNW01011,FAIRCHEMOR,BE,,,,,FAIRCHEM ORGANICS LIMITED,846.80,846.80,806.80,846.80,846.80,806.50,,846.80,,,186258,157492175.65,2001,F1,1,,,,,
2026-07-28,2026-07-28,CM,NSE,STK,24150,INE0PQK01013,FALCONTECH,SM,,,,,FALCON TECHNOPROJ IND LTD,11.30,11.30,11.20,11.25,11.20,11.70,,11.25,,,2400,27000.00,2,F1,1200,,,,,
2026-07-28,2026-07-28,CM,NSE,STK,12000,INE963C01033,FAZE3Q,EQ,,,,,FAZE THREE LIMITED,552.15,559.50,535.50,538.50,540.80,552.90,,538.70,,,3910,2112877.90,271,F1,1,,,,,
2026-07-28,2026-07-28,CM,NSE,STK,11999,INE512B01022,FCSSOFT,EQ,,,,,FCS SOFTWARE SOLN. LTD.,1.52,1.55,1.49,1.50,1.50,1.52,,1.50,,,1531986,2322251.08,1212,F1,1,,,,,
2026-07-28,2026-07-28,CM,NSE,STK,4898,INE258B01022,FDC,EQ,,,,,FDC LIMITED,417.10,417.95,404.90,407.45,408.40,417.10,,407.45,,,86917,35694585.80,5536,F1,1,,,,,
2026-07-28,2026-07-28,CM,NSE,STK,20322,INE007N01010,FEDFINA,EQ,,,,,FEDBANK FINANCIAL SER L,151.00,151.89,148.70,151.10,151.00,150.27,,151.09,,,950307,142804753.31,17030,F1,1,,,,,
2026-07-28,2026-07-28,CM,NSE,STK,762675,INE417D01020,FEDDERSHOL,EQ,,,,,FEDDERS HOLDING LTD.,44.89,48.33,41.37,42.22,42.80,44.64,,42.23,,,4646225,207477209.35,15089,F1,1,,,,,
2026-07-28,2026-07-28,CM,NSE,STK,1023,INE171A01029,FEDERALBNK,EQ,,,,,FEDERAL BANK LTD,357.00,358.70,354.50,357.25,356.60,356.50,,357.25,,,6332047,2261716130.60,95841,F1,1,,,,,
2026-07-28,2026-07-28,CM,NSE,STK,1190,INE529A01010,FMGOETZE,EQ,,,,,FEDERAL-MOGUL GOETZE (IND,483.75,489.70,480.00,483.80,482.40,483.75,,483.80,,,30138,14585537.75,1164,F1,1,,,,,
2026-07-28,2026-07-28,CM,NSE,STK,573,INE901X01013,FELIX,SM,,,,,FELIX INDUSTRIES LTD.,179.50,181.70,177.10,179.60,178.00,177.60,,179.60,,,55500,9938325.00,71,F1,500,,,,,
2026-07-28,2026-07-28,CM,NSE,STK,762680,INE225B01021,FERMENTA,EQ,,,,,FERMENTA BIOTECH LTD.,445.00,460.00,437.60,456.45,454.05,442.05,,456.45,,,83952,37643238.65,3721,F1,1,,,,,
2026-07-28,2026-07-28,CM,NSE,STK,8159,INE296C01020,FIBERWEB,EQ,,,,,FIBERWEB INDIA LIMITED,30.60,30.90,29.75,30.04,30.00,30.68,,30.06,,,7207,217124.82,75,F1,1,,,,,
2026-07-28,2026-07-28,CM,NSE,STK,13710,INE737H01014,FIEMIND,EQ,,,,,FIEM INDUSTRIES LIMITED,2340.00,2369.70,2322.00,2330.10,2333.00,2356.60,,2330.10,,,26431,61855304.40,4839,F1,1,,,,,
2026-07-28,2026-07-28,CM,NSE,STK,23651,INE185E01021,FILATFASH,BE,,,,,FILATEX FASHIONS LIMITED,0.18,0.19,0.18,0.18,0.19,0.18,,0.18,,,11021252,2045093.18,1522,F1,1,,,,,
2026-07-28,2026-07-28,CM,NSE,STK,24532,INE816B01035,FILATEX,EQ,,,,,FILATEX INDIA LTD,74.70,74.71,72.67,72.89,72.99,74.64,,72.89,,,2193176,160873737.91,12776,F1,1,,,,,
2026-07-28,2026-07-28,CM,NSE,STK,759776,INE0EDU01014,FINBUD,SM,,,,,FINBUD FINANCIAL SERV LTD,124.05,137.20,124.00,136.55,134.35,124.75,,136.55,,,181000,24400400.00,151,F1,1000,,,,,
2026-07-28,2026-07-28,CM,NSE,STK,3744,INE686Y01026,FINEORG,EQ,,,,,FINE ORGANIC IND. LTD.,4839.00,4857.00,4767.00,4790.50,4802.00,4838.50,,4790.00,,,6172,29626020.50,1934,F1,1,,,,,
2026-07-28,2026-07-28,CM,NSE,STK,6198,INE045J01034,FCL,EQ,,,,,FINEOTEX CHEMICAL LIMITED,39.62,41.49,39.62,40.74,40.52,40.22,,40.74,,,15700619,640266025.50,25298,F1,1,,,,,
2026-07-28,2026-07-28,CM,NSE,STK,759239,INE734I01027,FINKURVE,EQ,,,,,FINKURVE FINANCIAL SERV L,61.50,61.90,60.75,60.94,60.75,61.52,,60.94,,,55077,3373731.45,117,F1,1,,,,,
2026-07-28,2026-07-28,CM,NSE,STK,6579,INE02NC01014,FINOPB,EQ,,,,,FINO PAYMENTS BANK LTD,165.81,165.81,161.41,163.05,162.40,166.46,,163.10,,,520726,84768671.03,5879,F1,1,,,,,
2026-07-28,2026-07-28,CM,NSE,STK,1038,INE235A01022,FINCABLES,EQ,,,,,FINOLEX CABLES LTD,1006.60,1007.90,971.00,973.10,973.90,998.60,,973.20,,,199112,195478485.40,15628,F1,1,,,,,
2026-07-28,2026-07-28,CM,NSE,STK,1041,INE183A01024,FINPIPE,EQ,,,,,FINOLEX INDUSTRIES LTD,164.10,164.42,161.90,162.65,162.58,163.83,,162.65,,,211158,34394131.23,10348,F1,1,,,,,
2026-07-28,2026-07-28,CM,NSE,STK,14304,INE684F01012,FSL,EQ,,,,,FIRSTSOURCE SOLU. LTD.,263.99,270.00,261.51,263.06,264.00,262.23,,263.05,,,2915553,778982437.86,63069,F1,1,,,,,
2026-07-28,2026-07-28,CM,NSE,STK,757658,INE771F01041,FISCHER,EQ,,,,,FISCHER MEDICAL VENTURE L,38.13,38.13,36.62,36.87,36.96,37.70,,36.87,,,2482984,93026384.71,2972,F1,1,,,,,
2026-07-28,2026-07-28,CM,NSE,STK,12032,INE128S01021,FIVESTAR,EQ,,,,,FIVE-STAR BUS FIN LTD,540.00,573.60,540.00,561.30,561.40,540.25,,561.25,,,4133384,2314935940.85,135224,F1,1,,,,,
2026-07-28,2026-07-28,CM,NSE,STK,20372,INE00Y201027,FLAIR,EQ,,,,,FLAIR WRITING INDUST LTD,257.50,257.60,252.45,254.65,253.00,256.75,,254.70,,,32807,8378125.60,1053,F1,1,,,,,
2026-07-28,2026-07-28,CM,NSE,STK,25516,INE060J01017,FLEXITUFF,BE,,,,,FLEXITUFF VENTURES INT L,4.62,4.65,4.45,4.52,4.50,4.62,,4.54,,,36843,167168.29,80,F1,1,,,,,
2026-07-28,2026-07-28,CM,NSE,STK,758208,INE0VCK01011,FLYSBS,SM,,,,,FLYSBS AVIATION LIMITED,458.00,468.60,455.00,458.80,455.00,462.40,,458.80,,,10000,4601340.00,47,F1,200,,,,,
2026-07-28,2026-07-28,CM,NSE,STK,760331,INE0SQZ01015,FWSTC,SM,,,,,FLYWINGS SIMULAT T C LTD,200.00,200.00,194.50,200.00,200.00,200.00,,200.00,,,49800,9922200.00,48,F1,600,,,,,
2026-07-28,2026-07-28,CM,NSE,STK,6839,INE593W01028,FOCUS,BE,,,,,FOCUS LIGHTG & FIXTRS LTD,70.50,71.74,69.85,70.52,70.30,71.66,,70.52,,,32858,2304346.68,127,F1,1,,,,,
2026-07-28,2026-07-28,CM,NSE,STK,22517,INE0Q4701019,FONEBOX,SM,,,,,FONEBOX RETAIL LIMITED,79.80,79.80,79.80,79.80,79.80,82.00,,79.80,,,2000,159600.00,1,F1,1000,,,,,
2026-07-28,2026-07-28,CM,NSE,STK,6673,INE976E01023,FOODSIN,EQ,,,,,FOODS & INNS LIMITED,53.57,56.00,53.30,55.31,55.50,53.63,,55.31,,,97590,5360337.03,1292,F1,1,,,,,
2026-07-28,2026-07-28,CM,NSE,STK,24917,INE0U2501017,FORCAS,ST,,,,,FORCAS STUDIO LIMITED,182.50,190.15,182.00,190.15,190.15,181.10,,190.15,,,32000,6046080.00,18,F1,1600,,,,,
2026-07-28,2026-07-28,CM,NSE,STK,11573,INE451A01017,FORCEMOT,EQ,,,,,FORCE MOTORS LIMITED,17300.00,17480.00,17121.00,17197.00,17185.00,17268.00,,17198.00,,,81943,1414779614.00,26136,F1,1,,,,,
2026-07-28,2026-07-28,CM,NSE,STK,14592,INE061F01013,FORTIS,EQ,,,,,FORTIS HEALTHCARE LTD,940.00,948.20,936.95,945.45,946.45,942.30,,945.45,,,793673,747790357.45,25926,F1,1,,,,,
2026-07-28,2026-07-28,CM,NSE,STK,1073,INE519A01011,FOSECOIND,EQ,,,,,FOSECO INDIA LTD,5073.00,5094.00,4965.00,4975.50,4965.00,5036.50,,4976.00,,,915,4572188.00,263,F1,1,,,,,
2026-07-28,2026-07-28,CM,NSE,STK,760961,INE212S01015,FRACTAL,EQ,,,,,FRACTAL ANALYTICS LIMITED,806.95,818.90,789.00,792.10,790.30,809.30,,792.10,,,257726,206478774.75,15364,F1,1,,,,,
2026-07-28,2026-07-28,CM,NSE,STK,18179,INF090I01VX3,FICRF3GP,MF,,,,,FRANTEMAMC - FICRF3GP,449.00,449.00,449.00,449.00,449.00,410.00,,449.00,,,1,449.00,1,F1,1,,,,,
2026-07-28,2026-07-28,CM,NSE,STK,25868,INE0SFW01015,FRESHARA,SM,,,,,FRESHARA AGRO EXPORTS LTD,350.00,375.00,342.00,361.90,365.00,349.95,,361.90,,,75000,26645280.00,106,F1,600,,,,,
2026-07-28,2026-07-28,CM,NSE,STK,11504,INE385O01018,FROG,ST,,,,,FROG INNOVATIONS LIMITED,209.25,209.25,209.25,209.25,209.25,213.50,,209.25,,,2800,585900.00,6,F1,400,,,,,
2026-07-28,2026-07-28,CM,NSE,STK,762685,INE572D01014,FRONTSP,EQ,,,,,FRONTIER SPRINGS LTD.,1387.70,1392.90,1343.10,1354.60,1350.00,1380.80,,1354.50,,,7970,10841030.40,1527,F1,1,,,,,
2026-07-28,2026-07-28,CM,NSE,STK,6545,INE388Y01029,NYKAA,EQ,,,,,FSN E COMMERCE VENTURES,327.50,332.40,325.85,329.60,328.95,326.75,,329.60,,,6844872,2258906415.80,65650,F1,1,,,,,
2026-07-28,2026-07-28,CM,NSE,STK,759876,INE12UR01024,UTLSOLAR,EQ,,,,,FUJIYAMA POWER SYSTEMS L,388.00,388.00,381.05,382.55,381.45,384.40,,382.50,,,134050,51532949.35,6936,F1,1,,,,,
2026-07-28,2026-07-28,CM,NSE,STK,11932,INE139R01012,FUSION,EQ,,,,,FUSION FINANCE LIMITED,220.70,220.70,207.10,210.21,208.37,220.70,,210.21,,,661791,140362619.56,10486,F1,1,,,,,
2026-07-28,2026-07-28,CM,NSE,STK,14868,INE452O01016,FLFL,BZ,,,,,FUT LIFESTYLE FASH LTD,1.33,1.38,1.28,1.28,1.28,1.34,,1.29,,,59735,77093.73,77,F1,1,,,,,
2026-07-28,2026-07-28,CM,NSE,STK,13812,INE623B01027,FEL,BZ,,,,,FUTURE ENTERPRISES LTD,0.38,0.38,0.38,0.38,0.38,0.37,,0.38,,,117774,44754.12,29,F1,1,,,,,
2026-07-28,2026-07-28,CM,NSE,STK,30491,IN9623B01058,FELDVR,BZ,,,,,FUTURE ENTERPRISES LTD,2.45,2.45,2.29,2.45,2.45,2.37,,2.47,,,789,1932.63,15,F1,1,,,,,
2026-07-28,2026-07-28,CM,NSE,STK,21021,INE360L01017,FMNL,BE,,,,,FUTURE MKT NETWORKS LTD,9.25,9.40,9.01,9.04,9.04,9.18,,9.03,,,9985,92757.04,35,F1,1,,,,,
2026-07-28,2026-07-28,CM,NSE,STK,1168,INE075D01018,GMBREW,EQ,,,,,G M BREWERIES LTD,900.60,906.20,886.05,892.40,899.00,905.60,,892.40,,,29670,26538260.85,2337,F1,1,,,,,
2026-07-28,2026-07-28,CM,NSE,STK,5054,INE201P01022,GRINFRA,EQ,,,,,G R INFRAPROJECTS LIMITED,877.00,879.35,866.15,868.20,867.90,877.45,,868.20,,,8134,7082030.00,1006,F1,1,,,,,
2026-07-28,2026-07-28,CM,NSE,STK,1135,INE586X01012,GTECJAINX,BE,,,,,G-TEC JAINX EDUCATION LTD,29.20,29.20,29.20,29.20,29.20,28.64,,29.20,,,2051,59889.20,11,F1,1,,,,,
2026-07-28,2026-07-28,CM,NSE,STK,1085,INE524A01029,GABRIEL,EQ,,,,,GABRIEL INDIA LTD,1437.80,1439.20,1400.00,1407.80,1408.70,1437.80,,1407.90,,,285793,403684690.50,17700,F1,1,,,,,
2026-07-28,2026-07-28,CM,NSE,STK,17888,INE224E01028,GATECH,EQ,,,,,GACM TECHNOLOGIES LIMITED,0.49,0.50,0.48,0.48,0.49,0.49,,0.48,,,2942198,1437751.52,669,F1,1,,,,,
2026-07-28,2026-07-28,CM,NSE,STK,17,INE224E01036,GATECHDVR,EQ,,,,,GACM TECHNOLOGIES LIMITED,0.45,0.45,0.43,0.44,0.45,0.44,,0.44,,,344688,150763.35,109,F1,1,,,,,
2026-07-28,2026-07-28,CM,NSE,STK,4717,INE129A01019,GAIL,EQ,,,,,GAIL (INDIA) LTD,173.87,176.99,172.63,175.15,175.25,174.23,,175.15,,,17050693,2990662030.88,91730,F1,1,,,,,
2026-07-28,2026-07-28,CM,NSE,STK,25134,INE0RE001014,GALAPREC,EQ,,,,,GALA PRECISION ENG LTD,1165.00,1171.50,1090.10,1099.60,1099.10,1164.20,,1099.70,,,45301,50702865.70,5564,F1,1,,,,,
2026-07-28,2026-07-28,CM,NSE,STK,759089,INE09A801015,GML,SM,,,,,GALAXY MEDICARE LIMITED,17.20,17.20,17.20,17.20,17.20,17.60,,17.20,,,4000,68800.00,2,F1,2000,,,,,
2026-07-28,2026-07-28,CM,NSE,STK,1315,INE600K01018,GALAXYSURF,EQ,,,,,GALAXY SURFACTANTS LTD,1962.80,1980.00,1936.80,1958.90,1936.80,1962.80,,1958.90,,,5348,10491720.10,991,F1,1,,,,,
2026-07-28,2026-07-28,CM,NSE,STK,13337,INE297H01019,GALLANTT,EQ,,,,,GALLANTT ISPAT LIMITED,555.00,574.60,555.00,574.60,574.60,547.25,,575.85,,,148161,83870294.25,2372,F1,1,,,,,
2026-07-28,2026-07-28,CM,NSE,STK,20303,INE717W01049,GANDHAR,EQ,,,,,GANDHAR OIL REFINE IND L,252.00,255.99,235.55,237.93,237.01,245.47,,237.84,,,9767141,2374086940.44,81503,F1,1,,,,,
2026-07-28,2026-07-28,CM,NSE,STK,14116,INE524B01027,GANDHITUBE,EQ,,,,,GANDHI SPL. TUBES LTD,882.70,883.60,872.10,873.35,873.00,875.85,,873.45,,,3863,3401023.90,212,F1,1,,,,,
2026-07-28,2026-07-28,CM,NSE,STK,5614,INE388A01029,GANESHBE,EQ,,,,,GANESH BENZOPLAST LIMITED,112.07,129.99,112.00,124.93,126.11,112.35,,124.94,,,11433563,1386683527.96,73827,F1,1,,,,,
2026-07-28,2026-07-28,CM,NSE,STK,759012,INE652V01016,GANESHCP,EQ,,,,,GANESH CONSUMER PRODUCT L,169.30,171.90,168.06,168.96,169.00,169.90,,168.96,,,42835,7256032.69,1339,F1,1,,,,,
2026-07-28,2026-07-28,CM,NSE,STK,24439,INE0R8C01018,GGBL,SM,,,,,GANESH GREEN BHARAT LTD,263.65,263.65,256.10,257.75,257.55,263.65,,257.75,,,19500,5046600.00,64,F1,300,,,,,
2026-07-28,2026-07-28,CM,NSE,STK,14339,INE460C01014,GANESHHOU,EQ,,,,,GANESH HOUSING LIMITED,819.85,842.00,762.60,772.05,782.00,819.85,,772.15,,,115096,91533436.00,6359,F1,1,,,,,
2026-07-28,2026-07-28,CM,NSE,STK,27351,INE0TVT01024,GANESHIN,ST,,,,,GANESH INFRAWORLD LIMITED,94.50,95.85,88.05,88.50,88.05,92.65,,88.50,,,95200,8499640.00,80,F1,800,,,,,
2026-07-28,2026-07-28,CM,NSE,STK,6944,INE845D01014,GANECOS,EQ,,,,,GANESHA ECOSPHERE LIMITED,1224.95,1225.75,1178.55,1184.35,1186.00,1212.10,,1184.35,,,62764,75242480.05,4830,F1,1,,,,,
2026-07-28,2026-07-28,CM,NSE,STK,757525,INE0ZI101018,GANGABATH,SM,,,,,GANGA BATH FITTINGS LTD,22.25,22.45,21.40,21.50,21.50,21.95,,21.50,,,18000,396000.00,6,F1,3000,,,,,
2026-07-28,2026-07-28,CM,NSE,STK,4959,INE691Z01023,GANGAFORGE,BE,,,,,GANGA FORGING LIMITED,1.69,1.76,1.64,1.71,1.76,1.68,,1.71,,,996054,1715653.85,456,F1,1,,,,,
2026-07-28,2026-07-28,CM,NSE,STK,21399,INE335W01016,GANGESSECU,EQ,,,,,GANGES SECURITIES LIMITED,116.00,118.99,114.30,117.69,117.70,116.75,,117.69,,,359,42257.08,19,F1,1,,,,,
2026-07-28,2026-07-28,CM,NSE,STK,5475,INE382Z01011,GRSE,EQ,,,,,GARDEN REACH SHIP&ENG LTD,2649.70,2649.70,2590.00,2610.70,2599.00,2647.50,,2610.80,,,332253,868496391.90,22153,F1,1,,,,,
2026-07-28,2026-07-28,CM,NSE,STK,25800,INE0JVO01026,GARUDA,EQ,,,,,GARUDA CONSTRUCT N ENG L,173.48,173.81,170.06,170.98,171.80,172.34,,170.98,,,154814,26500347.44,3188,F1,1,,,,,
2026-07-28,2026-07-28,CM,NSE,STK,7982,INE291A01017,GRWRHITECH,EQ,,,,,GARWARE HI-TECH FILMS LTD,7199.50,7199.50,7055.00,7120.50,7139.00,7160.00,,7120.50,,,38003,270253193.00,8101,F1,1,,,,,
2026-07-28,2026-07-28,CM,NSE,STK,1100,INE276A01018,GARFIBRES,EQ,,,,,GARWARE TECH FIBRES LTD,755.80,756.00,730.30,737.35,734.90,753.00,,737.35,,,31795,23589919.60,5482,F1,1,,,,,
2026-07-28,2026-07-28,CM,NSE,STK,8510,INE079J01017,GATEWAY,EQ,,,,,GATEWAY DISTRIPARKS LTD,58.63,58.83,57.87,58.46,58.44,58.50,,58.46,,,566818,33077674.60,5268,F1,1,,,,,
2026-07-28,2026-07-28,CM,NSE,STK,760179,INE0P8B01020,GAUDIUMIVF,BE,,,,,GAUDIUM IVF N WOMEN H L,145.90,145.90,145.90,145.90,145.90,148.87,,145.50,,,13672,1994744.80,174,F1,1,,,,,
2026-07-28,2026-07-28,CM,NSE,STK,3693,INE287Z01012,GAYAHWS,EQ,,,,,GAYATRI HIGHWAYS LIMITED,1.94,2.06,1.86,1.91,1.91,1.88,,1.91,,,150790,287746.32,249,F1,1,,,,,
2026-07-28,2026-07-28,CM,NSE,STK,25027,INE336H01023,GAYAPROJ,BE,,,,,GAYATRI PROJECTS LTD,20.20,20.44,19.55,20.29,20.35,20.21,,20.29,,,212036,4269893.40,1106,F1,1,,,,,
2026-07-28,2026-07-28,CM,NSE,STK,7862,INE878A01011,GVPIL,EQ,,,,,GE POWER INDIA LIMITED,779.85,784.60,742.35,746.40,743.10,779.85,,746.00,,,157121,118222707.10,6595,F1,1,,,,,
2026-07-28,2026-07-28,CM,NSE,STK,16783,INE200A01026,GVT&D,EQ,,,,,GE VERNOVA T&D INDIA LTD,4170.10,4171.00,3962.20,4124.00,4111.00,4202.30,,4124.00,,,1721105,6999114200.10,112648,F1,1,,,,,
2026-07-28,2026-07-28,CM,NSE,STK,13662,INE916G01016,GEECEE,BE,,,,,GEECEE VENTURES LIMITED,347.00,347.00,327.00,337.30,331.05,340.90,,337.30,,,3705,1235775.50,72,F1,1,,,,,
2026-07-28,2026-07-28,CM,NSE,STK,17922,INE669X01032,GEEKAYWIRE,EQ,,,,,GEEKAY WIRES LIMITED,23.50,24.36,23.50,23.56,23.50,23.91,,23.56,,,55936,1331645.47,689,F1,1,,,,,
2026-07-28,2026-07-28,CM,NSE,STK,759461,INE06XZ01023,GEMAROMA,EQ,,,,,GEM AROMATICS LIMITED,193.00,193.00,182.41,183.32,182.50,189.37,,183.31,,,80272,14930385.45,1965,F1,1,,,,,
2026-07-28,2026-07-28,CM,NSE,STK,277,INE481Y01014,GICRE,EQ,,,,,GENERAL INS CORP OF INDIA,361.00,361.80,357.40,357.70,358.15,359.20,,357.70,,,465533,167583002.80,9554,F1,1,,,,,
2026-07-28,2026-07-28,CM,NSE,STK,2188,INE854S01022,GENCON,EQ,,,,,GENERIC ENG CONS PROJ LTD,40.22,40.45,38.60,39.35,38.60,40.46,,39.35,,,235918,9411428.18,1400,F1,1,,,,,
2026-07-28,2026-07-28,CM,NSE,STK,10905,INE727B01026,GENESYS,EQ,,,,,GENESYS INTL CORPN LTD,302.80,305.40,282.90,286.35,283.00,300.55,,286.45,,,359100,104256041.50,6366,F1,1,,,,,
2026-07-28,2026-07-28,CM,NSE,STK,6600,INE949P01018,GENUSPAPER,EQ,,,,,GENUS P&B LIMITED,12.66,12.79,12.15,12.23,12.30,12.59,,12.23,,,102862,1265318.51,235,F1,1,,,,,
2026-07-28,2026-07-28,CM,NSE,STK,11905,INE955D01029,GENUSPOWER,EQ,,,,,GENUS POWER INFRASTRU LTD,324.00,324.00,311.35,313.15,313.50,322.00,,313.15,,,1750686,552178509.70,20075,F1,1,,,,,
2026-07-28,2026-07-28,CM,NSE,STK,31942,INE1W0N01014,GENXAI,SM,,,,,GENXAI ANALYTICS LIMITED,74.00,74.00,68.25,70.55,70.95,74.65,,70.55,,,74400,5224320.00,61,F1,1200,,,,,
2026-07-28,2026-07-28,CM,NSE,STK,11896,INE007B01023,GEOJITFSL,EQ,,,,,GEOJIT FINANCIAL SER L,75.16,76.70,72.10,72.89,73.24,75.16,,72.90,,,307134,22658011.24,4119,F1,1,,,,,
2026-07-28,2026-07-28,CM,NSE,STK,1289,INE538A01037,GFLLIMITED,EQ,,,,,GFL LIMITED,47.60,47.60,46.10,46.80,46.25,46.95,,46.63,,,28551,1338342.19,381,F1,1,,,,,
2026-07-28,2026-07-28,CM,NSE,STK,1127,INE539A01019,GHCL,EQ,,,,,GHCL LIMITED,438.60,440.50,433.30,433.90,433.60,438.60,,433.90,,,67712,29546755.40,2757,F1,1,,,,,
2026-07-28,2026-07-28,CM,NSE,STK,16696,INE0PA801013,GHCLTEXTIL,EQ,,,,,GHCL TEXTILES LIMITED,116.93,118.50,112.91,114.23,114.80,116.15,,114.23,,,534819,61677182.82,5637,F1,1,,,,,
2026-07-28,2026-07-28,CM,NSE,STK,1139,INE289B01019,GICHSGFIN,EQ,,,,,GIC HOUSING FINANCE LTD,148.69,148.70,146.10,147.60,147.62,148.26,,147.59,,,54188,7973711.90,1302,F1,1,,,,,
2026-07-28,2026-07-28,CM,NSE,STK,17839,INE047B01011,GILLANDERS,EQ,,,,,GILLANDERS ARBUTHNOT LTD,88.14,89.00,88.14,88.25,88.25,88.14,,88.25,,,940,83069.16,10,F1,1,,,,,
2026-07-28,2026-07-28,CM,NSE,STK,1576,INE322A01010,GILLETTE,EQ,,,,,GILLETTE INDIA LTD,7948.50,8033.00,7754.50,7790.00,7825.00,7940.50,,7790.50,,,18349,144527219.00,6013,F1,1,,,,,
2026-07-28,2026-07-28,CM,NSE,STK,9294,INE424C01010,GINNIFILA,BE,,,,,GINNIFILAMENTS LTD.,49.19,49.49,46.54,46.92,46.54,48.98,,46.80,,,68696,3255654.64,244,F1,1,,,,,
2026-07-28,2026-07-28,CM,NSE,STK,2365,INE614Z01017,GIRIRAJ,SM,,,,,GIRIRAJ CIVIL DEVP LTD,81.50,81.50,77.45,77.45,77.45,81.50,,77.45,,,5750,451562.50,23,F1,250,,,,,
2026-07-28,2026-07-28,CM,NSE,STK,759048,INE1AG301022,GKENERGY,EQ,,,,,GK ENERGY LIMITED,136.69,138.54,133.76,134.36,134.20,136.69,,134.37,,,256447,34879396.48,5252,F1,1,,,,,
2026-07-28,2026-07-28,CM,NSE,STK,17357,INE528A01020,GKWLIMITED,EQ,,,,,GKW LIMITED,1612.60,1648.90,1612.50,1625.80,1640.00,1609.60,,1625.80,,,38,61625.70,11,F1,1,,,,,
2026-07-28,2026-07-28,CM,NSE,STK,1186,INE068V01023,GLAND,EQ,,,,,GLAND PHARMA LIMITED,2429.00,2459.90,2408.80,2428.30,2435.00,2427.10,,2428.10,,,142915,347841278.80,13841,F1,1,,,,,
2026-07-28,2026-07-28,CM,NSE,STK,1153,INE159A01016,GLAXO,EQ,,,,,GLAXOSMITHKLINE PHARMA LT,2553.90,2669.00,2538.80,2632.60,2660.30,2551.20,,2633.00,,,101759,265573827.60,13117,F1,1,,,,,
2026-07-28,2026-07-28,CM,NSE,STK,7406,INE935A01035,GLENMARK,EQ,,,,,GLENMARK PHARMACEUTICALS,2199.90,2208.00,2178.20,2184.60,2182.70,2196.00,,2184.60,,,490034,1073944915.60,25615,F1,1,,,,,
2026-07-28,2026-07-28,CM,NSE,STK,1415,INE291W01037,GLOBAL,EQ,,,,,GLOBAL EDUCATION LIMITED,102.50,106.90,102.50,104.99,106.00,103.99,,104.99,,,37978,3971509.99,428,F1,1,,,,,
2026-07-28,2026-07-28,CM,NSE,STK,11956,INE474Q01031,MEDANTA,EQ,,,,,GLOBAL HEALTH LIMITED,1416.50,1417.70,1383.20,1401.30,1393.30,1407.20,,1400.80,,,171258,240265540.80,14395,F1,1,,,,,
2026-07-28,2026-07-28,CM,NSE,STK,17170,INE0PS501019,GLOBALPET,ST,,,,,GLOBAL PET INDUSTRIES LTD,153.05,153.05,153.05,153.05,153.05,160.00,,153.05,,,750,114787.50,1,F1,750,,,,,
2026-07-28,2026-07-28,CM,NSE,STK,14599,INE0JSX01015,GSLSU,EQ,,,,,GLOBAL SURFACES LIMITED,30.88,30.88,27.94,28.14,27.94,29.41,,28.17,,,319738,9358884.39,1952,F1,1,,,,,
2026-07-28,2026-07-28,CM,NSE,STK,13735,INE792H01019,GLOBALVECT,EQ,,,,,GLOBAL VEC HELICORP LTD,162.70,181.98,160.21,166.98,166.10,159.71,,166.98,,,197741,34101583.27,6231,F1,1,,,,,
2026-07-28,2026-07-28,CM,NSE,STK,24934,INE0URU01010,GLOBALE,BE,,,,,GLOBALE TESSILE LIMITED,10.98,10.98,10.97,10.98,10.98,10.97,,10.98,,,26,285.47,5,F1,1,,,,,
2026-07-28,2026-07-28,CM,NSE,STK,758572,INE0V3U01015,GLOBECIVIL,EQ,,,,,GLOBE CIVIL PROJECTS LTD,40.40,41.49,39.00,40.21,40.58,40.15,,40.21,,,25348,1020200.33,270,F1,1,,,,,
2026-07-28,2026-07-28,CM,NSE,STK,393,INE581X01021,GLOBE,EQ,,,,,GLOBE ENTERPRISE (I) LTD,2.19,2.19,2.14,2.15,2.16,2.15,,2.15,,,111182,239391.85,119,F1,1,,,,,
2026-07-28,2026-07-28,CM,NSE,STK,761025,INE947T01022,GICL,EQ,,,,,GLOBE INTL CARRIERS LTD,16.50,16.70,15.74,16.26,16.70,16.23,,16.26,,,134095,2188975.82,438,F1,1,,,,,
2026-07-28,2026-07-28,CM,NSE,STK,9764,INE00WS01056,GSTL,SM,,,,,GLOBESECURE TECHNO LTD,16.55,16.55,16.55,16.55,16.55,17.40,,16.55,,,2000,33100.00,2,F1,1000,,,,,
2026-07-28,2026-07-28,CM,NSE,STK,17424,INE615I01010,GLOBUSSPR,EQ,,,,,GLOBUS SPIRITS LTD,895.20,896.50,869.10,874.25,879.00,889.45,,874.30,,,85486,75434752.60,5542,F1,1,,,,,
2026-07-28,2026-07-28,CM,NSE,STK,23590,INE350Z01018,GLOSTERLTD,EQ,,,,,GLOSTER LIMITED,676.30,694.00,667.00,684.00,690.00,677.75,,684.30,,,2630,1794016.15,245,F1,1,,,,,
2026-07-28,2026-07-28,CM,NSE,STK,760118,INE0TQE01026,GLOTTIS,BE,,,,,GLOTTIS LIMITED,65.37,67.01,65.37,66.49,66.07,66.67,,66.49,,,47285,3148732.67,305,F1,1,,,,,
2026-07-28,2026-07-28,CM,NSE,STK,1570,INE541A01023,GMMPFAUDLR,EQ,,,,,GMM PFAUDLER LIMITED,825.00,827.75,803.30,805.80,809.50,830.75,,805.80,,,62551,50787830.60,3574,F1,1,,,,,
2026-07-28,2026-07-28,CM,NSE,STK,13528,INE776C01039,GMRAIRPORT,EQ,,,,,GMR AIRPORTS LIMITED,108.00,108.75,107.17,107.96,107.72,108.00,,107.96,,,10535537,1138051843.82,42939,F1,1,,,,,
2026-07-28,2026-07-28,CM,NSE,STK,8529,INE0CU601026,GMRP&UI,EQ,,,,,GMR POW AND URBAN INFRA L,97.62,97.63,96.00,96.50,96.60,97.62,,96.50,,,360357,34833982.59,3734,F1,1,,,,,
2026-07-28,2026-07-28,CM,NSE,STK,18571,INE934S01014,GNA,EQ,,,,,GNA AXLES LIMITED,515.30,519.90,504.25,510.95,517.50,511.85,,510.90,,,194466,99426386.50,5634,F1,1,,,,,
2026-07-28,2026-07-28,CM,NSE,STK,757862,INE18JU01028,EBGNG,EQ,,,,,GNG ELECTRONICS LIMITED,583.05,591.65,557.95,577.30,580.00,587.30,,577.30,,,381368,218817208.40,11202,F1,1,,,,,
2026-07-28,2026-07-28,CM,NSE,STK,23799,INE03JT01014,GODIGIT,EQ,,,,,GO DIGIT GENERAL INS LTD,255.00,255.00,244.20,245.65,245.70,254.80,,245.65,,,919610,227965530.40,17683,F1,1,,,,,
2026-07-28,2026-07-28,CM,NSE,STK,6964,INE0BJS01011,GOCOLORS,EQ,,,,,GO FASHION INDIA LTD,329.50,329.55,306.50,313.65,315.00,329.40,,313.65,,,251457,79555368.15,5392,F1,1,,,,,
2026-07-28,2026-07-28,CM,NSE,STK,14687,INE426D01013,GOACARBON,EQ,,,,,GOA CARBON LIMITED,378.50,383.60,370.00,372.35,373.25,376.35,,372.35,,,8542,3208290.90,423,F1,1,,,,,
2026-07-28,2026-07-28,CM,NSE,STK,3963,INE077F01035,GOCLCORP,EQ,,,,,GOCL CORPORATION LIMITED,395.15,397.95,385.60,388.15,387.00,395.95,,388.15,,,37615,14690509.75,1506,F1,1,,,,,
2026-07-28,2026-07-28,CM,NSE,STK,25941,INE497S01012,GODAVARIB,EQ,,,,,GODAVARI BIOREFINERIES L,275.00,276.40,267.60,269.65,269.80,273.90,,269.65,,,57392,15584254.80,2180,F1,1,,,,,
2026-07-28,2026-07-28,CM,NSE,STK,13409,INE177H01039,GPIL,EQ,,,,,GODAWARI POW & ISP LTD,237.00,247.00,234.95,245.50,244.90,237.75,,245.50,,,1876861,456635833.70,27625,F1,1,,,,,
2026-07-28,2026-07-28,CM,NSE,STK,1181,INE260B01028,GODFRYPHLP,EQ,,,,,GODFREY PHILLIPS INDIA LT,2137.40,2137.40,2018.20,2031.30,2038.00,2210.50,,2031.00,,,2724128,5613497000.90,121000,F1,1,,,,,
2026-07-28,2026-07-28,CM,NSE,STK,144,INE850D01014,GODREJAGRO,EQ,,,,,GODREJ AGROVET LIMITED,578.35,578.80,570.00,577.10,577.45,574.35,,577.10,,,196782,113164420.40,6893,F1,1,,,,,
2026-07-28,2026-07-28,CM,NSE,STK,10099,INE102D01028,GODREJCP,EQ,,,,,GODREJ CONSUMER PRODUCTS,1073.70,1091.10,1059.00,1066.90,1067.00,1073.70,,1066.90,,,407368,436849017.60,24850,F1,1,,,,,
2026-07-28,2026-07-28,CM,NSE,STK,10925,INE233A01035,GODREJIND,EQ,,,,,GODREJ INDUSTRIES LTD,1332.90,1372.90,1304.20,1309.20,1307.00,1332.90,,1309.20,,,142477,189573264.70,10413,F1,1,,,,,
2026-07-28,2026-07-28,CM,NSE,STK,17875,INE484J01027,GODREJPROP,EQ,,,,,GODREJ PROPERTIES LTD,2073.00,2144.40,2058.80,2136.60,2144.40,2078.80,,2136.60,,,929586,1970371824.60,48129,F1,1,,,,,
2026-07-28,2026-07-28,CM,NSE,STK,28894,IN0020240191,679GS2031,GS,,,,,GOI LOAN   6.79% 2031,99.31,99.31,99.31,99.31,99.31,99.15,,99.31,,,701,69616.31,1,F1,1,,,,,
2026-07-28,2026-07-28,CM,NSE,STK,24705,IN0020240100,697GR2034,GS,,,,,GOI LOAN   6.97% 2034,101.00,101.00,101.00,101.00,101.00,101.00,,101.00,,,200,20200.00,2,F1,1,,,,,
2026-07-28,2026-07-28,CM,NSE,STK,27819,IN0020240175,698GR2054,GS,,,,,GOI LOAN   6.98% 2054,92.10,92.10,92.05,92.05,92.05,92.00,,92.05,,,50,4603.00,2,F1,1,,,,,
2026-07-28,2026-07-28,CM,NSE,STK,27170,IN0020240142,709GS2074,GS,,,,,GOI LOAN   7.09% 2074,95.74,95.74,95.45,95.47,95.69,95.74,,95.47,,,5953,568461.22,13,F1,1,,,,,
2026-07-28,2026-07-28,CM,NSE,STK,21735,IN0020230176,737GR2054,GS,,,,,GOI LOAN   7.37% 2054,101.25,101.25,101.25,101.25,101.25,103.00,,101.25,,,1,101.25,1,F1,1,,,,,
2026-07-28,2026-07-28,CM,NSE,STK,6695,IN0020210186,574GS2026,GS,,,,,GOI LOAN  5.74% 2026,100.41,101.08,100.41,101.08,101.08,100.00,,101.08,,,101,10142.08,2,F1,1,,,,,
2026-07-28,2026-07-28,CM,NSE,STK,1341,IN0020200294,585GS2030,GS,,,,,GOI LOAN  5.85% 2030,96.48,96.48,96.48,96.48,96.48,96.45,,96.48,,,2,192.96,2,F1,1,,,,,
2026-07-28,2026-07-28,CM,NSE,STK,757753,IN0020250034,591GS2028,GS,,,,,GOI LOAN  5.91% 2028,96.34,98.50,96.34,98.50,98.50,98.31,,98.50,,,200,19484.00,2,F1,1,,,,,
2026-07-28,2026-07-28,CM,NSE,STK,760622,IN0020250125,603GS2029,GS,,,,,GOI LOAN  6.03% 2029,100.30,100.30,100.30,100.30,100.30,100.00,,100.30,,,2000,200600.00,1,F1,1,,,,,
2026-07-28,2026-07-28,CM,NSE,STK,5012,IN0020210095,610GS2031,GS,,,,,GOI LOAN  6.10% 2031,103.75,103.75,103.75,103.75,103.75,102.85,,103.75,,,1,103.75,1,F1,1,,,,,
2026-07-28,2026-07-28,CM,NSE,STK,761020,IN0020250141,636GS2031,GS,,,,,GOI LOAN  6.36% 2031,102.70,102.70,102.30,102.30,102.30,102.00,,102.30,,,250,25615.00,2,F1,1,,,,,
2026-07-28,2026-07-28,CM,NSE,STK,759396,IN0020250091,648GS2035,GS,,,,,GOI LOAN  6.48% 2035,98.50,98.50,98.50,98.50,98.50,98.50,,98.50,,,200,19700.00,1,F1,1,,,,,
2026-07-28,2026-07-28,CM,NSE,STK,5577,IN0020210152,667GS2035,GS,,,,,GOI LOAN  6.67% 2035,98.51,98.51,98.50,98.50,98.50,103.48,,98.50,,,6,591.03,2,F1,1,,,,,
2026-07-28,2026-07-28,CM,NSE,STK,956,IN0020200252,667GS2050,GS,,,,,GOI LOAN  6.67% 2050,92.75,92.75,92.75,92.75,92.75,92.75,,92.75,,,400,37100.00,2,F1,1,,,,,
2026-07-28,2026-07-28,CM,NSE,STK,760623,IN0020250133,668GS2033,GS,,,,,GOI LOAN  6.68% 2033,100.00,100.00,100.00,100.00,100.00,100.00,,100.00,,,100,10000.00,1,F1,1,,,,,
2026-07-28,2026-07-28,CM,NSE,STK,757847,IN0020250042,668GS2040,GS,,,,,GOI LOAN  6.68% 2040,98.38,98.38,97.65,97.96,98.00,97.00,,97.96,,,1601,157064.45,6,F1,1,,,,,
2026-07-28,2026-07-28,CM,NSE,STK,2317,IN0020200401,676GS2061,GS,,,,,GOI LOAN  6.76% 2061,93.50,93.50,92.72,93.15,93.23,92.80,,93.15,,,36213,3373970.46,46,F1,1,,,,,
2026-07-28,2026-07-28,CM,NSE,STK,25736,IN0020240126,679GS2034,GS,,,,,GOI LOAN  6.79% 2034,100.16,100.40,100.16,100.40,100.40,100.55,,100.40,,,2,200.56,2,F1,1,,,,,
2026-07-28,2026-07-28,CM,NSE,STK,756014,IN0020250018,690GS2065,GS,,,,,GOI LOAN  6.90% 2065,94.00,94.00,93.55,93.81,93.82,93.55,,93.81,,,32788,3073653.79,17,F1,1,,,,,
2026-07-28,2026-07-28,CM,NSE,STK,763340,IN0020260025,694GS2036,GS,,,,,GOI LOAN  6.94% 2036,102.01,102.70,101.75,102.66,102.70,102.01,,102.66,,,8519,873563.61,8,F1,1,,,,,
2026-07-28,2026-07-28,CM,NSE,STK,6817,IN0020210202,695GS2061,GS,,,,,GOI LOAN  6.95% 2061,94.00,95.15,92.41,95.15,95.15,93.12,,95.15,,,8,747.94,7,F1,1,,,,,
2026-07-28,2026-07-28,CM,NSE,STK,6696,IN0020210194,699GS2051,GS,,,,,GOI LOAN  6.99% 2051,96.00,96.50,96.00,96.50,96.50,95.00,,96.50,,,2201,211366.50,6,F1,1,,,,,
2026-07-28,2026-07-28,CM,NSE,STK,23854,IN0020240043,702GS2027,GS,,,,,GOI LOAN  7.02% 2027,100.25,101.10,100.25,100.81,100.81,101.26,,100.81,,,220,22144.10,4,F1,1,,,,,
2026-07-28,2026-07-28,CM,NSE,STK,23919,IN0020240050,704GS2029,GS,,,,,GOI LOAN  7.04% 2029,101.56,101.60,101.56,101.60,101.60,101.55,,101.60,,,1100,111756.00,2,F1,1,,,,,
2026-07-28,2026-07-28,CM,NSE,STK,14970,IN0020230010,706GS2028,GS,,,,,GOI LOAN  7.06% 2028,102.75,103.34,102.75,103.02,103.34,103.00,,103.02,,,1981,204098.51,3,F1,1,,,,,
2026-07-28,2026-07-28,CM,NSE,STK,24949,IN0020240118,709GS2054,GS,,,,,GOI LOAN  7.09% 2054,99.20,99.51,99.00,99.43,99.00,99.20,,99.43,,,15433,1533456.77,20,F1,1,,,,,
2026-07-28,2026-07-28,CM,NSE,STK,17398,IN0020230077,718GS2037,GS,,,,,GOI LOAN  7.18% 2037,102.10,102.49,102.10,102.33,102.25,102.34,,102.33,,,64599,6599214.65,17,F1,1,,,,,
2026-07-28,2026-07-28,CM,NSE,STK,23518,IN0020240027,723GS2039,GS,,,,,GOI LOAN  7.23% 2039,104.40,104.40,104.40,104.40,104.40,104.40,,104.40,,,4100,428040.00,2,F1,1,,,,,
2026-07-28,2026-07-28,CM,NSE,STK,758674,IN0020250075,724GS2055,GS,,,,,GOI LOAN  7.24% 2055,101.20,101.43,101.19,101.43,101.43,101.31,,101.43,,,3853,389971.33,9,F1,1,,,,,
2026-07-28,2026-07-28,CM,NSE,STK,16733,IN0020230044,725GS2063,GS,,,,,GOI LOAN  7.25% 2063,97.43,97.65,97.15,97.39,97.37,97.43,,97.39,,,38426,3743345.45,56,F1,1,,,,,
2026-07-28,2026-07-28,CM,NSE,STK,10722,IN0020220060,726GS2032,GS,,,,,GOI LOAN  7.26% 2032,106.45,106.45,105.50,105.50,105.50,105.52,,105.50,,,2031,214271.45,3,F1,1,,,,,
2026-07-28,2026-07-28,CM,NSE,STK,16865,IN0020230051,73GS2053,GS,,,,,GOI LOAN  7.3% 2053,99.99,100.09,99.99,100.09,100.09,100.13,,100.09,,,5050,505254.50,8,F1,1,,,,,
2026-07-28,2026-07-28,CM,NSE,STK,20136,IN0020230135,732GS2030,GS,,,,,GOI LOAN  7.32% 2030,103.00,103.05,103.00,103.05,103.05,103.00,,103.05,,,1200,123605.00,4,F1,1,,,,,
2026-07-28,2026-07-28,CM,NSE,STK,19685,IN0020230119,733GS2026,GS,,,,,GOI LOAN  7.33% 2026,101.49,101.49,100.91,100.91,100.91,101.45,,100.91,,,5000,504747.00,3,F1,1,,,,,
2026-07-28,2026-07-28,CM,NSE,STK,23558,IN0020240035,734GS2064,GS,,,,,GOI LOAN  7.34% 2064,99.40,99.72,99.22,99.59,99.59,99.48,,99.59,,,63777,6356535.12,36,F1,1,,,,,
2026-07-28,2026-07-28,CM,NSE,STK,10931,IN0020220086,736GS2052,GS,,,,,GOI LOAN  7.36% 2052,101.10,101.85,100.65,101.30,101.30,101.25,,101.30,,,13236,1339433.70,9,F1,1,,,,,
2026-07-28,2026-07-28,CM,NSE,STK,19566,IN0020230101,737GS2028,GS,,,,,GOI LOAN  7.37% 2028,105.50,105.50,105.50,105.50,105.50,102.41,,105.50,,,1,105.50,1,F1,1,,,,,
2026-07-28,2026-07-28,CM,NSE,STK,10981,IN0020220094,74GS2062,GS,,,,,GOI LOAN  7.4% 2062,101.00,101.39,101.00,101.39,101.39,101.00,,101.39,,,2679,270581.73,3,F1,1,,,,,
2026-07-28,2026-07-28,CM,NSE,STK,13194,IN0020220102,741GS2036,GS,,,,,GOI LOAN  7.41% 2036,105.00,105.28,104.65,104.65,104.65,104.61,,104.65,,,991,104206.93,9,F1,1,,,,,
2026-07-28,2026-07-28,CM,NSE,STK,760649,IN0020250117,743GS2076,GS,,,,,GOI LOAN  7.43% 2076,99.00,99.60,99.00,99.46,99.51,99.41,,99.46,,,157766,15650774.27,324,F1,1,,,,,
2026-07-28,2026-07-28,CM,NSE,STK,19808,IN0020230127,746GS2073,GS,,,,,GOI LOAN  7.46% 2073,100.97,100.97,100.50,100.80,100.80,101.00,,100.80,,,7007,705054.26,10,F1,1,,,,,
2026-07-28,2026-07-28,CM,NSE,STK,763146,IN0020260017,750GS2056,GS,,,,,GOI LOAN  7.50% 2056,101.97,101.97,99.60,100.13,100.13,103.00,,100.13,,,1017,102030.44,10,F1,1,,,,,
2026-07-28,2026-07-28,CM,NSE,STK,9585,IN0020220029,754GS2036,GS,,,,,GOI LOAN  7.54% 2036,106.67,106.70,106.40,106.50,106.51,106.50,,106.50,,,262456,27949680.45,72,F1,1,,,,,
2026-07-28,2026-07-28,CM,NSE,STK,763489,IN0020260033,771GS2066,GS,,,,,GOI LOAN  7.71% 2066,103.35,104.70,103.35,104.50,104.50,104.05,,104.50,,,681,70584.00,8,F1,1,,,,,
2026-07-28,2026-07-28,CM,NSE,STK,6866,IN0020020247,601GS2028,GS,,,,,GOI LOAN 6.01% 2028,101.90,101.90,100.21,100.21,100.21,100.40,,100.21,,,2,202.11,2,F1,1,,,,,
2026-07-28,2026-07-28,CM,NSE,STK,18973,IN0020200096,619GS2034,GS,,,,,GOI LOAN 6.19% 2034,96.51,98.50,96.51,98.50,98.50,98.75,,98.50,,,1010,99467.05,4,F1,1,,,,,
2026-07-28,2026-07-28,CM,NSE,STK,13472,IN0020190362,645GS2029,GS,,,,,GOI LOAN 6.45% 2029,101.43,101.43,100.26,100.50,100.50,100.45,,100.50,,,6,606.48,3,F1,1,,,,,
2026-07-28,2026-07-28,CM,NSE,STK,18561,IN0020200054,716GS2050,GS,,,,,GOI LOAN 7.16% 2050,102.00,102.00,102.00,102.00,102.00,102.00,,102.00,,,200,20400.00,1,F1,1,,,,,
2026-07-28,2026-07-28,CM,NSE,STK,9913,IN0020220037,738GS2027,GS,,,,,GOI LOAN 7.38% 2027,101.70,101.94,101.70,101.73,101.73,101.95,,101.73,,,34642,3524308.79,21,F1,1,,,,,
2026-07-28,2026-07-28,CM,NSE,STK,9604,IN0020190032,772GS2049,GS,,,,,GOI LOAN 7.72% 2049,103.51,103.51,103.51,103.51,103.51,108.85,,103.51,,,2,207.02,2,F1,1,,,,,
2026-07-28,2026-07-28,CM,NSE,STK,6884,IN0020060078,824GS2027,GS,,,,,GOI LOAN 8.24%2027,107.00,107.00,106.00,106.00,106.00,106.00,,106.00,,,1015,107605.00,2,F1,1,,,,,
2026-07-28,2026-07-28,CM,NSE,STK,6898,IN0020070036,826GS2027,GS,,,,,GOI LOAN 8.26% 2027,105.25,105.25,105.25,105.25,105.25,105.40,,105.25,,,93,9788.25,1,F1,1,,,,,
2026-07-28,2026-07-28,CM,NSE,STK,7011,IN0020110055,897GS2030,GS,,,,,GOI LOAN 8.97% 2030,110.90,111.00,110.75,110.82,110.75,110.90,,110.82,,,6594,731228.00,24,F1,1,,,,,
2026-07-28,2026-07-28,CM,NSE,STK,7039,IN0020130053,92GS2030,GS,,,,,GOI LOAN 9.20% 2030,112.00,114.92,112.00,112.68,112.60,113.84,,112.68,,,14798,1674949.78,15,F1,1,,,,,
2026-07-28,2026-07-28,CM,NSE,STK,760940,IN002025Y453,182D130826,TB,,,,,GOI TBILL 182D-13/08/26,99.20,99.20,99.20,99.20,99.20,98.40,,99.20,,,1000,99200.00,1,F1,100,,,,,
2026-07-28,2026-07-28,CM,NSE,STK,761054,IN002025Y461,182D210826,TB,,,,,GOI TBILL 182D-21/08/26,99.05,99.15,99.05,99.15,99.15,99.00,,99.15,,,200,19820.00,2,F1,100,,,,,
2026-07-28,2026-07-28,CM,NSE,STK,764049,IN002026Z144,364D080727,TB,,,,,GOI TBILL 364D-08/07/27,94.50,94.65,94.50,94.65,94.65,93.60,,94.65,,,400,37830.00,2,F1,100,,,,,
2026-07-28,2026-07-28,CM,NSE,STK,760299,IN002025Z377,364D101226,TB,,,,,GOI TBILL 364D-10/12/26,97.70,97.70,97.70,97.70,97.70,97.51,,97.70,,,2000,195400.00,1,F1,100,,,,,
2026-07-28,2026-07-28,CM,NSE,STK,763781,IN002026X131,91D011026,TB,,,,,GOI TBILL 91D-01/10/26,98.51,98.61,98.51,98.61,98.61,98.39,,98.61,,,10000,985600.00,2,F1,100,,,,,
2026-07-28,2026-07-28,CM,NSE,STK,764047,IN002026X149,91D081026,TB,,,,,GOI TBILL 91D-08/10/26,98.30,98.60,98.26,98.60,98.60,98.40,,98.60,,,1700,167318.00,4,F1,100,,,,,
2026-07-28,2026-07-28,CM,NSE,STK,763525,IN002026X073,91D200826,TB,,,,,GOI TBILL 91D-20/08/26,99.50,99.50,99.50,99.50,99.50,99.50,,99.50,,,1400,139300.00,5,F1,100,,,,,
2026-07-28,2026-07-28,CM,NSE,STK,11778,INE887G01027,GOKEX,EQ,,,,,GOKALDAS EXPORTS LTD.,830.00,833.65,806.40,813.40,813.05,834.25,,813.40,,,227930,185467160.65,9522,F1,1,,,,,
2026-07-28,2026-07-28,CM,NSE,STK,14480,INE314T01033,GOKULAGRO,EQ,,,,,GOKUL AGRO RESOURCES LTD,210.84,214.00,210.21,210.79,210.73,211.55,,210.82,,,165078,35032489.87,2501,F1,1,,,,,
2026-07-28,2026-07-28,CM,NSE,STK,16705,INE020J01029,GOKUL,EQ,,,,,GOKUL REFOILS & SOLV LTD,40.17,40.35,38.46,38.87,39.19,39.61,,38.89,,,155786,6170004.70,1258,F1,1,,,,,
2026-07-28,2026-07-28,CM,NSE,STK,11619,INE973A01010,GOLDENTOBC,BZ,,,,,GOLDEN TOBACCO LIMITED,25.00,25.00,24.35,24.35,24.35,24.77,,24.42,,,1549,38031.57,29,F1,1,,,,,
2026-07-28,2026-07-28,CM,NSE,STK,11971,INE025B01025,GOLDIAM,EQ,,,,,GOLDIAM INTERNATIONAL LTD,357.00,364.00,351.50,358.70,357.80,355.75,,358.65,,,789460,283144250.60,15000,F1,1,,,,,
2026-07-28,2026-07-28,CM,NSE,STK,13616,INE06MH01016,GOLDKART,SM,,,,,GOLDKART JEWELS LIMITED,121.85,121.85,121.85,121.85,121.85,128.25,,121.85,,,1250,152312.50,1,F1,625,,,,,
2026-07-28,2026-07-28,CM,NSE,STK,1,INE405Y01021,GOLDSTAR,SM,,,,,GOLDSTAR POWER LIMITED,7.05,7.10,6.90,6.90,6.90,7.10,,6.90,,,45000,315000.00,4,F1,11250,,,,,
2026-07-28,2026-07-28,CM,NSE,STK,6125,INE127I01024,GOODLUCK,EQ,,,,,GOODLUCK INDIA LIMITED,1550.00,1561.00,1518.30,1525.80,1530.60,1527.60,,1525.90,,,91180,140082479.20,10394,F1,1,,,,,
2026-07-28,2026-07-28,CM,NSE,STK,1205,INE533A01012,GOODYEAR,EQ,,,,,GOODYEAR INDIA LIMITED,811.10,821.70,811.10,816.45,818.00,818.30,,816.45,,,7549,6172825.15,499,F1,1,,,,,
2026-07-28,2026-07-28,CM,NSE,STK,23066,INE0L9R01028,GOPAL,EQ,,,,,GOPAL SNACKS LIMITED,261.95,267.55,259.30,262.35,264.15,260.15,,262.35,,,115554,30365716.15,4386,F1,1,,,,,
2026-07-28,2026-07-28,CM,NSE,STK,11787,INE705X01026,GOYALALUM,EQ,,,,,GOYAL ALUMINIUMS LIMITED,6.48,6.62,6.46,6.56,6.60,6.46,,6.56,,,49456,322605.53,242,F1,1,,,,,
2026-07-28,2026-07-28,CM,NSE,STK,19356,INE0QFE01017,GOYALSALT,SM,,,,,GOYAL SALT LIMITED,116.00,116.00,114.00,114.00,114.00,114.05,,114.00,,,1800,207000.00,3,F1,600,,,,,
2026-07-28,2026-07-28,CM,NSE,STK,24113,INE0S7E01015,GPECO,ST,,,,,GP ECO SOLUTIONS INDIA L,425.50,452.00,425.20,441.90,441.90,430.50,,441.90,,,15800,6897550.00,68,F1,200,,,,,
2026-07-28,2026-07-28,CM,NSE,STK,11584,INE586G01017,GULFPETRO,BE,,,,,GP PETROLEUMS LIMITED,47.71,47.71,47.71,47.71,47.71,45.44,,47.71,,,729249,34792469.79,700,F1,1,,,,,
2026-07-28,2026-07-28,CM,NSE,STK,22846,INE486R01017,GPTHEALTH,EQ,,,,,GPT HEALTHCARE LIMITED,166.00,168.50,163.58,167.32,166.10,165.99,,167.31,,,357866,59742512.16,12146,F1,1,,,,,
2026-07-28,2026-07-28,CM,NSE,STK,17685,INE390G01014,GPTINFRA,EQ,,,,,GPT INFRAPROJECTS LTD,120.91,123.40,119.18,122.44,122.80,120.90,,122.39,,,224484,27303025.58,3687,F1,1,,,,,
2026-07-28,2026-07-28,CM,NSE,STK,763301,INE361K01017,GRADIENTE,BE,,,,,GRADIENTE INFOTAINMENT L,2.87,2.90,2.81,2.90,2.90,2.77,,2.90,,,416720,1204174.88,154,F1,1,,,,,
2026-07-28,2026-07-28,CM,NSE,STK,30289,INE12E301017,GCHOTELS,ST,,,,,GRAND CONTINENT HOTELS L,113.20,113.60,107.45,113.60,113.60,113.10,,113.60,,,24000,2623500.00,36,F1,600,,,,,
2026-07-28,2026-07-28,CM,NSE,STK,762695,INE926B01016,GRANDOAK,EQ,,,,,GRAND OAK CANYONS DIST L,39.35,40.97,37.22,37.22,37.22,39.17,,37.22,,,24129,927141.56,376,F1,1,,,,,
2026-07-28,2026-07-28,CM,NSE,STK,11872,INE101D01020,GRANULES,EQ,,,,,GRANULES INDIA LIMITED,847.00,852.00,835.40,845.40,850.00,842.80,,845.40,,,705470,593792455.55,20673,F1,1,,,,,
2026-07-28,2026-07-28,CM,NSE,STK,20454,INE0POU01017,GRAPHISAD,SM,,,,,GRAPHISADS LIMITED,29.05,30.30,27.80,27.80,27.80,29.00,,27.80,,,16800,482340.00,10,F1,1200,,,,,
2026-07-28,2026-07-28,CM,NSE,STK,592,INE371A01025,GRAPHITE,EQ,,,,,GRAPHITE INDIA LTD,658.00,660.35,644.30,648.55,647.00,662.65,,648.55,,,640164,415781424.45,17873,F1,1,,,,,
2026-07-28,2026-07-28,CM,NSE,STK,1232,INE047A01021,GRASIM,EQ,,,,,GRASIM INDUSTRIES LTD,3108.70,3126.60,3101.70,3116.20,3116.00,3112.40,,3116.20,,,388153,1208774856.20,33848,F1,1,,,,,
2026-07-28,2026-07-28,CM,NSE,STK,5200,INE266D01021,GRAUWEIL,EQ,,,,,GRAUER & WEIL IND LTD,75.25,75.52,73.15,73.54,73.50,75.32,,73.52,,,108180,8003824.86,1714,F1,1,,,,,
2026-07-28,2026-07-28,CM,NSE,STK,762700,INE214F01026,GRAVISSHO,EQ,,,,,GRAVISS HOSPITALITY LTD.,29.45,29.45,29.15,29.15,29.15,29.45,,30.30,,,500,14575.30,2,F1,1,,,,,
2026-07-28,2026-07-28,CM,NSE,STK,20534,INE024L01027,GRAVITA,EQ,,,,,GRAVITA INDIA LIMITED,1788.80,1799.00,1625.10,1638.50,1637.10,1788.80,,1638.50,,,797535,1333034773.00,59855,F1,1,,,,,
2026-07-28,2026-07-28,CM,NSE,STK,1235,INE224A01026,GREAVESCOT,EQ,,,,,GREAVES COTTON LTD.,243.10,244.70,238.00,238.68,239.88,245.99,,238.69,,,780658,187887917.66,16350,F1,1,,,,,
2026-07-28,2026-07-28,CM,NSE,STK,17092,INE0O7P01015,GREENCHEF,SM,,,,,GREENCHEF APPLIANCES LTD,48.00,49.00,47.05,47.35,47.35,47.10,,47.35,,,23200,1112360.00,5,F1,800,,,,,
2026-07-28,2026-07-28,CM,NSE,STK,6848,INE544R01021,GREENLAM,EQ,,,,,GREENLAM INDUSTRIES LTD.,255.00,255.05,249.85,253.10,251.00,256.30,,253.10,,,47106,11893877.50,1536,F1,1,,,,,
2026-07-28,2026-07-28,CM,NSE,STK,759427,INE0PLX01017,GREENLEAF,ST,,,,,GREENLEAF ENVIROTECH LTD,115.60,115.75,114.85,115.65,115.75,110.25,,115.65,,,15000,1728300.00,13,F1,1000,,,,,
2026-07-28,2026-07-28,CM,NSE,STK,13810,INE08ZM01014,GREENPANEL,EQ,,,,,GREENPANEL INDUSTRIES LTD,192.82,193.38,189.10,191.20,190.35,191.86,,191.17,,,84483,16165058.60,4132,F1,1,,,,,
2026-07-28,2026-07-28,CM,NSE,STK,3987,INE461C01038,GREENPLY,EQ,,,,,GREENPLY INDUSTRIES LTD,295.00,295.05,281.10,282.30,281.70,294.75,,282.35,,,201397,57721199.75,4530,F1,1,,,,,
2026-07-28,2026-07-28,CM,NSE,STK,758986,INE199P01028,GCSL,EQ,,,,,GRETEX CORPORATE SERVICES,533.35,535.00,517.20,519.60,517.20,531.10,,519.60,,,309121,163186142.50,4763,F1,1,,,,,
2026-07-28,2026-07-28,CM,NSE,STK,23562,INE0PC901019,BIRDYS,ST,,,,,GRILL SPLENDOUR SER LTD,91.00,91.50,88.50,88.50,88.50,92.10,,88.50,,,565200,51241500.00,13,F1,1200,,,,,
2026-07-28,2026-07-28,CM,NSE,STK,13560,INE536A01023,GRINDWELL,EQ,,,,,GRINDWELL NORTON LIMITED,2017.00,2053.40,1981.10,2043.30,2050.00,2014.60,,2043.10,,,32538,65803524.10,8774,F1,1,,,,,
2026-07-28,2026-07-28,CM,NSE,STK,10871,INE192H01020,GRMOVER,EQ,,,,,GRM OVERSEAS LIMITED,90.00,91.38,88.98,89.57,89.50,90.12,,89.57,,,213013,19155761.63,3804,F1,1,,,,,
2026-07-28,2026-07-28,CM,NSE,STK,760971,INE1TY801010,GJL,ST,,,,,GROVER JEWELLS LIMITED,151.00,155.25,151.00,155.00,155.00,154.55,,155.00,,,50400,7692000.00,9,F1,800,,,,,
2026-07-28,2026-07-28,CM,NSE,STK,764285,INF666M01PH7,CEMNTGROWW,EQ,,,,,GROWWAMC - CEMNTGROWW,15.58,15.97,14.90,15.36,15.34,15.27,,15.36,,,167039,2580991.85,930,F1,1,,,,,
2026-07-28,2026-07-28,CM,NSE,STK,760051,INF666M01MM4,GROWWCAPM,EQ,,,,,GROWWAMC - GROWWCAPM,11.29,11.29,11.02,11.09,11.11,11.20,,11.09,,,280558,3113373.88,964,F1,1,,,,,
2026-07-28,2026-07-28,CM,NSE,STK,760673,INF666M01NP5,GROWWCHEM,EQ,,,,,GROWWAMC - GROWWCHEM,30.51,30.72,29.93,29.99,29.96,30.36,,29.99,,,31382,943195.91,214,F1,1,,,,,
2026-07-28,2026-07-28,CM,NSE,STK,25758,INF666M01IO8,GROWWDEFNC,EQ,,,,,GROWWAMC - GROWWDEFNC,94.58,94.58,92.02,92.42,92.40,94.30,,92.42,,,379653,35107714.56,2964,F1,1,,,,,
2026-07-28,2026-07-28,CM,NSE,STK,24798,INF666M01IH2,GROWWEV,EQ,,,,,GROWWAMC - GROWWEV,31.94,31.99,31.64,31.80,31.65,31.94,,31.80,,,181726,5780277.89,1440,F1,1,,,,,
2026-07-28,2026-07-28,CM,NSE,STK,25872,INF666M01OE7,GROWWGOLD,EQ,,,,,GROWWAMC - GROWWGOLD,13.89,13.89,13.78,13.80,13.81,14.02,,13.80,,,944151,13060615.42,2823,F1,1,,,,,
2026-07-28,2026-07-28,CM,NSE,STK,760874,INF666M01OD9,GROWWHOSPI,EQ,,,,,GROWWAMC - GROWWHOSPI,54.24,54.50,53.48,54.29,54.50,54.12,,54.29,,,309559,16764148.95,886,F1,1,,,,,
2026-07-28,2026-07-28,CM,NSE,STK,25447,INF666M01IP5,GROWWLIQID,EQ,,,,,GROWWAMC - GROWWLIQID,110.10,110.10,110.09,110.09,110.10,110.08,,110.09,,,327431,36047779.87,183,F1,1,,,,,
2026-07-28,2026-07-28,CM,NSE,STK,758300,INF666M01LB9,GROWWLOVOL,EQ,,,,,GROWWAMC - GROWWLOVOL,10.25,10.60,10.25,10.46,10.49,10.50,,10.46,,,17298,181797.03,114,F1,1,,,,,
2026-07-28,2026-07-28,CM,NSE,STK,759719,INF666M01MV5,GROWWMC150,EQ,,,,,GROWWAMC - GROWWMC150,230.98,232.48,229.00,229.03,229.07,228.96,,229.03,,,294,67897.45,24,F1,1,,,,,
2026-07-28,2026-07-28,CM,NSE,STK,760438,INF666M01NI0,GROWWMETAL,EQ,,,,,GROWWAMC - GROWWMETAL,12.05,12.05,11.65,11.79,11.82,11.86,,11.79,,,223415,2644925.03,1700,F1,1,,,,,
2026-07-28,2026-07-28,CM,NSE,STK,756086,INF666M01KJ4,GROWWMOM50,EQ,,,,,GROWWAMC - GROWWMOM50,10.70,10.70,10.40,10.44,10.49,10.62,,10.44,,,375438,3937762.08,564,F1,1,,,,,
2026-07-28,2026-07-28,CM,NSE,STK,29872,INF666M01JV1,GROWWN200,EQ,,,,,GROWWAMC - GROWWN200,11.32,11.39,11.20,11.31,11.30,11.32,,11.31,,,887539,10009793.41,318,F1,1,,,,,
2026-07-28,2026-07-28,CM,NSE,STK,757814,INF666M01LI4,GROWWNET,EQ,,,,,GROWWAMC - GROWWNET,9.93,10.04,9.78,10.02,10.04,9.84,,10.02,,,312466,3119629.15,993,F1,1,,,,,
2026-07-28,2026-07-28,CM,NSE,STK,758697,INF666M01LL8,GROWWNIFTY,EQ,,,,,GROWWAMC - GROWWNIFTY,9.93,9.93,9.66,9.69,9.70,9.69,,9.69,,,415758,4033702.08,4268,F1,1,,,,,
2026-07-28,2026-07-28,CM,NSE,STK,759458,INF666M01LZ8,GROWWNXT50,EQ,,,,,GROWWAMC - GROWWNXT50,73.00,73.33,72.13,72.62,72.65,73.00,,72.62,,,2734,198362.92,73,F1,1,,,,,
2026-07-28,2026-07-28,CM,NSE,STK,758165,INF666M01LM6,GROWWPOWER,EQ,,,,,GROWWAMC - GROWWPOWER,11.71,11.74,11.42,11.46,11.49,11.73,,11.46,,,7466096,85716990.79,4937,F1,1,,,,,
2026-07-28,2026-07-28,CM,NSE,STK,760976,INF666M01NQ3,GROWWPSE,EQ,,,,,GROWWAMC - GROWWPSE,99.90,101.00,97.97,98.13,97.97,99.91,,98.13,,,8077,801191.60,63,F1,1,,,,,
2026-07-28,2026-07-28,CM,NSE,STK,761514,INF666M01OG2,GROWWPSUBK,EQ,,,,,GROWWAMC - GROWWPSUBK,84.06,84.06,82.22,83.32,83.55,83.98,,83.32,,,2507,209074.96,70,F1,1,,,,,
2026-07-28,2026-07-28,CM,NSE,STK,29527,INF666M01JJ6,GROWWRAIL,EQ,,,,,GROWWAMC - GROWWRAIL,28.82,28.96,28.55,28.68,28.77,28.81,,28.68,,,454146,13061703.51,1953,F1,1,,,,,
2026-07-28,2026-07-28,CM,NSE,STK,759428,INF666M01MN2,GROWWRLTY,EQ,,,,,GROWWAMC - GROWWRLTY,10.17,10.41,10.15,10.32,10.30,10.12,,10.32,,,365513,3755135.49,554,F1,1,,,,,
2026-07-28,2026-07-28,CM,NSE,STK,759522,INF666M01MO0,GROWWSC250,EQ,,,,,GROWWAMC - GROWWSC250,10.49,10.49,10.20,10.24,10.27,10.24,,10.24,,,59084,605740.89,475,F1,1,,,,,
2026-07-28,2026-07-28,CM,NSE,STK,756827,INF666M01OF4,GROWWSLVR,EQ,,,,,GROWWAMC - GROWWSLVR,21.35,21.38,21.10,21.15,21.10,21.81,,21.15,,,1668092,35406351.32,3005,F1,1,,,,,
2026-07-28,2026-07-28,CM,NSE,STK,763572,INF666M01OT5,PVTBKGROWW,EQ,,,,,GROWWAMC - PVTBKGROWW,27.85,27.85,27.20,27.42,27.41,27.55,,27.42,,,7804,214487.72,326,F1,1,,,,,
2026-07-28,2026-07-28,CM,NSE,STK,751745,INF666M01PG9,SMALLGROWW,EQ,,,,,GROWWAMC - SMALLGROWW,47.40,47.40,46.48,46.80,46.89,47.03,,46.80,,,4283,200109.25,75,F1,1,,,,,
2026-07-28,2026-07-28,CM,NSE,STK,6543,INE137I01015,GRPLTD,EQ,,,,,GRP LIMITED,2050.00,2050.00,1982.00,1999.90,2000.00,2021.10,,1999.90,,,2093,4195393.10,428,F1,1,,,,,
2026-07-28,2026-07-28,CM,NSE,STK,23888,INE0SQY01018,GSMFOILS,SM,,,,,GSM FOILS LIMITED,275.00,275.00,267.25,270.85,268.40,271.55,,270.85,,,49500,13480000.00,83,F1,500,,,,,
2026-07-28,2026-07-28,CM,NSE,STK,762239,INE713R01022,GSPCROP,EQ,,,,,GSP CROP SCIENCE LIMITED,561.90,564.95,541.00,546.40,546.00,556.60,,546.40,,,272168,149310740.80,7077,F1,1,,,,,
2026-07-28,2026-07-28,CM,NSE,STK,15347,INE871H01011,GSS,EQ,,,,,GSS INFOTECH LIMITED,12.29,12.29,11.79,11.96,12.00,11.89,,11.96,,,12306,146820.79,113,F1,1,,,,,
2026-07-28,2026-07-28,CM,NSE,STK,13745,INE221H01019,GTLINFRA,EQ,,,,,GTL INFRA.LTD,1.23,1.23,1.20,1.20,1.20,1.22,,1.20,,,12606850,15268681.47,9100,F1,1,,,,,
2026-07-28,2026-07-28,CM,NSE,STK,1162,INE043A01012,GTL,EQ,,,,,GTL LTD,7.60,7.60,7.20,7.24,7.28,7.36,,7.24,,,172058,1256247.96,784,F1,1,,,,,
2026-07-28,2026-07-28,CM,NSE,STK,21195,INE869I01013,GTPL,EQ,,,,,GTPL HATHWAY LIMITED,61.46,61.46,60.10,60.77,60.52,59.86,,60.77,,,5812,352353.10,214,F1,1,,,,,
2026-07-28,2026-07-28,CM,NSE,STK,11606,INE742B01025,GUFICBIO,EQ,,,,,GUFIC BIOSCIENCES LTD.,380.35,394.40,373.25,387.75,390.00,382.25,,387.70,,,67785,25967759.40,2544,F1,1,,,,,
2026-07-28,2026-07-28,CM,NSE,STK,1145,INE162A01010,GIPCL,EQ,,,,,GUJ IND POW CO. LTD,162.61,163.11,160.71,161.68,162.00,162.58,,161.67,,,144735,23423869.18,2102,F1,1,,,,,
2026-07-28,2026-07-28,CM,NSE,STK,1174,INE113A01013,GNFC,EQ,,,,,GUJ NAR VAL FER & CHEM L,512.10,515.55,509.00,511.75,513.80,513.95,,511.75,,,204449,104704249.15,8988,F1,1,,,,,
2026-07-28,2026-07-28,CM,NSE,STK,1247,INE026A01025,GSFC,EQ,,,,,GUJ STATE FERT & CHEM LTD,160.00,161.75,159.00,159.59,159.01,160.08,,159.61,,,365414,58673277.78,9373,F1,1,,,,,
2026-07-28,2026-07-28,CM,NSE,STK,14677,INE826C01016,GUJAPOLLO,EQ,,,,,GUJ. APOLLO IND. LTD.,358.60,362.00,350.00,351.90,352.15,359.20,,351.90,,,4167,1476532.05,713,F1,1,,,,,
2026-07-28,2026-07-28,CM,NSE,STK,1267,INE186A01019,GUJALKALI,EQ,,,,,GUJARAT ALKALIES & CHEM,698.90,711.00,672.15,699.95,695.00,694.10,,700.00,,,192744,132841089.95,8051,F1,1,,,,,
2026-07-28,2026-07-28,CM,NSE,STK,8828,INE036B01030,GAEL,EQ,,,,,GUJARAT AMBUJA EXPORTS LT,157.00,157.68,154.71,156.46,156.00,157.31,,156.46,,,1016858,158632902.23,13691,F1,1,,,,,
2026-07-28,2026-07-28,CM,NSE,STK,10599,INE844O01030,GUJENERGY,EQ,,,,,GUJARAT ENERGY LIMITED,266.00,273.70,265.55,268.30,269.25,265.55,,268.30,,,1229853,330442946.90,45643,F1,1,,,,,
2026-07-28,2026-07-28,CM,NSE,STK,13750,INE09N301011,FLUOROCHEM,EQ,,,,,GUJARAT FLUOROCHEM LTD,4552.00,4577.90,4423.20,4487.50,4520.00,4563.50,,4483.50,,,128231,575487161.90,17785,F1,1,,,,,
2026-07-28,2026-07-28,CM,NSE,STK,761197,INE0V0W01025,GKSL,EQ,,,,,GUJARAT KIDNEY N SUP SP L,128.03,128.90,126.80,127.00,127.00,127.39,,127.00,,,51827,6585191.47,820,F1,1,,,,,
2026-07-28,2026-07-28,CM,NSE,STK,8412,INE540A01017,GLFL,BE,,,,,GUJARAT LEASE FINANCING L,5.52,5.52,5.30,5.52,5.52,5.26,,5.52,,,10409,57013.93,25,F1,1,,,,,
2026-07-28,2026-07-28,CM,NSE,STK,5204,INE131A01031,GMDCLTD,EQ,,,,,GUJARAT MINERAL DEV CORP,560.20,563.80,552.00,553.80,553.40,562.15,,553.80,,,375052,208879655.80,10874,F1,1,,,,,
2026-07-28,2026-07-28,CM,NSE,STK,762690,INE207H01018,GNRL,EQ,,,,,GUJARAT NATURAL RES L,92.56,92.56,90.20,91.39,91.31,92.09,,91.39,,,34223,3117324.52,572,F1,1,,,,,
2026-07-28,2026-07-28,CM,NSE,STK,19731,INE517F01014,GPPL,EQ,,,,,GUJARAT PIPAVAV PORT LTD,148.30,149.68,147.80,148.33,148.60,148.31,,148.34,,,575157,85405312.16,9994,F1,1,,,,,
2026-07-28,2026-07-28,CM,NSE,STK,4548,INE610B01024,GUJRAFFIA,EQ,,,,,GUJARAT RAFFIA INDUST LTD,40.90,40.90,39.50,39.50,39.50,39.01,,39.50,,,796,31669.20,15,F1,1,,,,,
2026-07-28,2026-07-28,CM,NSE,STK,29731,INE942C01045,GUJTHEM,EQ,,,,,GUJARAT THEMIS BIOSYN LTD,360.75,363.80,355.00,355.90,355.15,360.75,,355.90,,,21278,7597189.05,846,F1,1,,,,,
2026-07-28,2026-07-28,CM,NSE,STK,4391,INE635Q01029,GULFOILLUB,EQ,,,,,GULF OIL LUB. IND. LTD.,1053.90,1061.60,1029.90,1035.60,1051.20,1048.20,,1035.60,,,47730,49926004.80,6861,F1,1,,,,,
2026-07-28,2026-07-28,CM,NSE,STK,6286,INE255D01024,GULPOLY,EQ,,,,,GULSHAN POLYOLS LIMITED,197.20,198.99,185.60,189.09,191.00,197.74,,189.14,,,381057,73425291.98,5366,F1,1,,,,,
2026-07-28,2026-07-28,CM,NSE,STK,759264,INE1CCX01012,GURUNANAK,ST,,,,,GURUNANAK AGRICULTUR IN L,38.90,38.90,38.10,38.90,38.90,37.05,,38.90,,,9600,372080.00,6,F1,1600,,,,,
2026-07-28,2026-07-28,CM,NSE,STK,13229,INE251H01024,GVKPIL,BE,,,,,GVK POW. & INFRA LTD.,2.40,2.43,2.38,2.40,2.39,2.39,,2.40,,,373800,899163.50,620,F1,1,,,,,
2026-07-28,2026-07-28,CM,NSE,STK,10865,INE382T01030,GVPTECH,EQ,,,,,GVP INFOTECH LIMITED,7.14,7.14,6.72,6.87,6.87,6.97,,6.87,,,34191,236840.27,288,F1,1,,,,,
2026-07-28,2026-07-28,CM,NSE,STK,764050,INE724A01017,GYFTR,EQ,,,,,GYFTR LIMITED,150.93,151.00,145.25,145.38,145.40,148.63,,145.26,,,30644,4556674.12,709,F1,1,,,,,
2026-07-28,2026-07-28,CM,NSE,STK,762712,INE640B01021,HBESD,EQ,,,,,H B ESTATE DEVELOPERS L,74.50,75.50,74.00,75.50,75.50,75.33,,75.50,,,1284,95704.75,10,F1,1,,,,,
2026-07-28,2026-07-28,CM,NSE,STK,1672,INE926X01010,HGINFRA,EQ,,,,,H.G.INFRA ENGINEERING LTD,538.40,539.60,535.05,536.15,537.00,539.80,,536.15,,,24564,13176229.85,2149,F1,1,,,,,
2026-07-28,2026-07-28,CM,NSE,STK,760715,INE115S01010,HALDER,EQ,,,,,HALDER VENTURE LIMITED,233.58,236.35,226.10,229.84,233.99,233.71,,225.33,,,28032,6573599.89,552,F1,1,,,,,
2026-07-28,2026-07-28,CM,NSE,STK,762708,INE506D01020,HALDYNGL,BE,,,,,HALDYN GLASS LTD.,121.00,123.00,118.65,120.16,122.00,120.45,,120.13,,,20610,2500330.52,122,F1,1,,,,,
2026-07-28,2026-07-28,CM,NSE,STK,21551,INE320X01016,HALEOSLABS,EQ,,,,,HALEOS LABS LIMITED,1545.00,1559.40,1533.10,1535.40,1535.00,1535.60,,1535.00,,,217,334208.50,42,F1,1,,,,,
2026-07-28,2026-07-28,CM,NSE,STK,13592,INE596H01014,HGM,EQ,,,,,HANDSON GBL MNGMNT LTD,53.00,54.85,49.50,50.38,49.51,52.40,,50.36,,,9938,524877.15,166,F1,1,,,,,
2026-07-28,2026-07-28,CM,NSE,STK,48,INE419U01012,HAPPSTMNDS,EQ,,,,,HAPPIEST MINDS TECHNO LTD,396.70,399.00,380.10,383.40,380.20,387.70,,383.45,,,3467013,1352807146.15,70456,F1,1,,,,,
2026-07-28,2026-07-28,CM,NSE,STK,20854,INE330T01021,HAPPYFORGE,EQ,,,,,HAPPY FORGINGS LIMITED,1666.00,1666.00,1554.30,1614.60,1632.00,1650.70,,1614.60,,,134650,215479988.30,16072,F1,1,,,,,
2026-07-28,2026-07-28,CM,NSE,STK,757668,INE0TLP01015,WHITEFORCE,ST,,,,,HAPPY SQUARE OUTSOURC S L,37.90,37.90,37.90,37.90,37.90,39.85,,37.90,,,1600,60640.00,1,F1,1600,,,,,
2026-07-28,2026-07-28,CM,NSE,STK,764134,INE1GFG01011,HAPPY,ST,,,,,HAPPY STEELS LIMITED,63.90,63.90,60.70,61.15,61.50,63.85,,61.15,,,36000,2216700.00,17,F1,2000,,,,,
2026-07-28,2026-07-28,CM,NSE,STK,8962,INE626Z01029,HARDWYN,EQ,,,,,HARDWYN INDIA LIMITED,11.88,11.89,11.06,11.49,11.50,15.59,,11.49,,,4052616,46932134.55,7039,F1,1,,,,,
2026-07-28,2026-07-28,CM,NSE,STK,8968,INE00EV01017,HARIOMPIPE,EQ,,,,,HARIOM PIPE INDUSTRIES L,392.30,394.00,385.50,387.25,386.90,395.00,,387.25,,,77733,30265292.40,2665,F1,1,,,,,
2026-07-28,2026-07-28,CM,NSE,STK,1313,INE544A01019,HARRMALAYA,EQ,,,,,HARRISON MALAYALAM LTD,218.50,218.78,208.55,208.99,208.55,214.89,,208.99,,,8419,1783300.22,380,F1,1,,,,,
2026-07-28,2026-07-28,CM,NSE,STK,11162,INE0JUS01029,HARSHA,EQ,,,,,HARSHA ENGINEERS INT LTD,407.75,409.70,398.10,404.45,403.15,405.75,,404.50,,,93025,37514101.50,4225,F1,1,,,,,
2026-07-28,2026-07-28,CM,NSE,STK,18154,INE982F01036,HATHWAY,EQ,,,,,HATHWAY CABLE & DATACOM,10.78,10.90,10.75,10.81,10.83,10.88,,10.80,,,748621,8099444.65,1821,F1,1,,,,,
2026-07-28,2026-07-28,CM,NSE,STK,3892,INE473B01035,HATSUN,EQ,,,,,HATSUN AGRO PRODUCT LTD.,877.00,883.50,864.50,868.25,871.00,874.65,,868.30,,,29398,25554674.35,3287,F1,1,,,,,
2026-07-28,2026-07-28,CM,NSE,STK,9819,INE176B01034,HAVELLS,EQ,,,,,HAVELLS INDIA LIMITED,1237.40,1240.00,1224.00,1227.10,1228.20,1237.40,,1227.10,,,658217,808901203.00,22363,F1,1,,,,,
2026-07-28,2026-07-28,CM,NSE,STK,4444,INE979B01015,HAWKINCOOK,EQ,,,,,HAWKINS COOKERS LTD,8900.00,8938.50,8699.50,8765.50,8790.00,8894.50,,8767.00,,,3422,30241518.00,741,F1,1,,,,,
2026-07-28,2026-07-28,CM,NSE,STK,4118,INE550B01022,HBSL,BE,,,,,HB STOCKHOLDINGS LIMITED,47.00,47.22,47.00,47.22,47.22,48.22,,47.51,,,735,34620.10,24,F1,1,,,,,
2026-07-28,2026-07-28,CM,NSE,STK,13966,INE292B01021,HBLENGINE,EQ,,,,,HBL ENGINEERING LTD,713.00,713.00,692.80,694.95,694.00,713.75,,695.00,,,613117,428956080.35,23570,F1,1,,,,,
2026-07-28,2026-07-28,CM,NSE,STK,1327,INE236A01020,HCL-INSYS,EQ,,,,,HCL INFOSYSTEMS LTD,11.60,11.60,11.40,11.46,11.42,11.49,,11.46,,,88260,1013951.16,617,F1,1,,,,,
2026-07-28,2026-07-28,CM,NSE,STK,7229,INE860A01027,HCLTECH,EQ,,,,,HCL TECHNOLOGIES LTD,1301.00,1342.00,1301.00,1318.60,1320.90,1295.90,,1318.60,,,5187064,6877299151.20,208348,F1,1,,,,,
2026-07-28,2026-07-28,CM,NSE,STK,757772,INE756I01012,HDBFS,EQ,,,,,HDB FINANCIAL SERVICES L,684.20,686.55,675.00,682.50,685.00,686.30,,682.45,,,255374,174007680.45,17420,F1,1,,,,,
2026-07-28,2026-07-28,CM,NSE,STK,4244,INE127D01025,HDFCAMC,EQ,,,,,HDFC AMC LIMITED,2552.40,2558.40,2515.30,2531.20,2535.90,2552.40,,2531.20,,,544077,1376568702.50,32757,F1,1,,,,,
2026-07-28,2026-07-28,CM,NSE,STK,1333,INE040A01034,HDFCBANK,EQ,,,,,HDFC BANK LTD,732.00,740.25,732.00,735.40,736.75,739.55,,735.40,,,33886037,24956102852.90,438835,F1,1,,,,,
2026-07-28,2026-07-28,CM,NSE,STK,19543,INF179KC1981,HDFCGOLD,EQ,,,,,HDFC GOLD ETF,121.60,121.77,120.63,120.78,120.63,122.57,,120.78,,,1956514,236573384.17,8607,F1,1,,,,,
2026-07-28,2026-07-28,CM,NSE,STK,467,INE795G01014,HDFCLIFE,EQ,,,,,HDFC LIFE INS CO LTD,552.85,560.45,551.20,558.75,559.50,552.85,,558.85,,,1829401,1017985647.20,48566,F1,1,,,,,
2026-07-28,2026-07-28,CM,NSE,STK,14230,INF179KC1EZ4,HDFCBSE500,EQ,,,,,HDFCAMC - HDFCBSE500,37.25,37.70,37.04,37.20,37.70,37.29,,37.20,,,1212571,45115152.91,351,F1,1,,,,,
2026-07-28,2026-07-28,CM,NSE,STK,11241,INF179KC1DJ0,HDFCGROWTH,EQ,,,,,HDFCAMC - HDFCGROWTH,117.93,119.77,117.92,119.27,119.20,117.96,,119.27,,,87979,10499438.41,494,F1,1,,,,,
2026-07-28,2026-07-28,CM,NSE,STK,18279,INF179KC1JG3,HDFCLIQUID,EQ,,,,,HDFCAMC - HDFCLIQUID,1066.00,1071.21,1065.70,1071.19,1071.19,1071.05,,1071.19,,,15475,16575540.45,47,F1,1,,,,,
2026-07-28,2026-07-28,CM,NSE,STK,11547,INF179KC1HU8,HDFCLOWVOL,EQ,,,,,HDFCAMC - HDFCLOWVOL,20.91,20.91,20.79,20.82,20.83,20.73,,20.81,,,5402,112541.24,41,F1,1,,,,,
2026-07-28,2026-07-28,CM,NSE,STK,14236,INF179KC1HT0,HDFCMID150,EQ,,,,,HDFCAMC - HDFCMID150,23.31,23.82,23.15,23.27,23.18,23.24,,23.27,,,291020,6763420.83,1120,F1,1,,,,,
2026-07-28,2026-07-28,CM,NSE,STK,11538,INF179KC1HV6,HDFCMOMENT,EQ,,,,,HDFCAMC - HDFCMOMENT,30.41,30.76,30.21,30.28,30.28,30.69,,30.29,,,200545,6076709.49,829,F1,1,,,,,
2026-07-28,2026-07-28,CM,NSE,STK,10619,INF179KC1HS2,HDFCNEXT50,EQ,,,,,HDFCAMC - HDFCNEXT50,74.20,74.39,73.44,73.58,73.60,74.00,,73.58,,,225403,16613130.91,738,F1,1,,,,,
2026-07-28,2026-07-28,CM,NSE,STK,10633,INF179KC1HR4,HDFCNIF100,EQ,,,,,HDFCAMC - HDFCNIF100,26.52,26.52,25.63,25.82,25.75,25.88,,25.82,,,41717,1079755.68,233,F1,1,,,,,
2026-07-28,2026-07-28,CM,NSE,STK,22433,INF179KC1HY0,HDFCNIFBAN,EQ,,,,,HDFCAMC - HDFCNIFBAN,58.79,58.80,58.38,58.43,58.61,58.79,,58.43,,,74669,4368230.23,844,F1,1,,,,,
2026-07-28,2026-07-28,CM,NSE,STK,12101,INF179KC1IA8,HDFCNIFIT,EQ,,,,,HDFCAMC - HDFCNIFIT,31.79,32.76,31.79,32.55,32.49,31.64,,32.55,,,662885,21547496.89,1362,F1,1,,,,,
2026-07-28,2026-07-28,CM,NSE,STK,11591,INF179KC1965,HDFCNIFTY,EQ,,,,,HDFCAMC - HDFCNIFTY,277.34,277.34,270.01,270.51,272.00,270.58,,270.51,,,229823,62210593.56,1418,F1,1,,,,,
2026-07-28,2026-07-28,CM,NSE,STK,12108,INF179KC1HZ7,HDFCPVTBAN,EQ,,,,,HDFCAMC - HDFCPVTBAN,27.93,28.20,27.50,27.77,27.55,27.92,,27.77,,,218637,6087354.76,383,F1,1,,,,,
2026-07-28,2026-07-28,CM,NSE,STK,11255,INF179KC1DL6,HDFCQUAL,EQ,,,,,HDFCAMC - HDFCQUAL,58.33,58.50,58.00,58.04,58.24,58.07,,58.04,,,21655,1259715.13,96,F1,1,,,,,
2026-07-28,2026-07-28,CM,NSE,STK,11593,INF179KC1HX2,HDFCSENSEX,EQ,,,,,HDFCAMC - HDFCSENSEX,86.52,87.43,86.52,86.93,86.60,86.95,,86.93,,,77726,6762982.35,448,F1,1,,,,,
2026-07-28,2026-07-28,CM,NSE,STK,10876,INF179KC1DI2,HDFCSILVER,EQ,,,,,HDFCAMC - HDFCSILVER,209.15,209.15,205.70,206.08,205.80,213.09,,206.08,,,3831708,793029091.37,16490,F1,1,,,,,
2026-07-28,2026-07-28,CM,NSE,STK,14233,INF179KC1FB2,HDFCSML250,EQ,,,,,HDFCAMC - HDFCSML250,179.94,179.97,178.47,179.06,179.22,179.94,,179.06,,,2251744,403053432.70,9962,F1,1,,,,,
2026-07-28,2026-07-28,CM,NSE,STK,11260,INF179KC1DK8,HDFCVALUE,EQ,,,,,HDFCAMC - HDFCVALUE,124.38,128.00,124.00,125.75,128.00,125.65,,125.75,,,1774,222359.34,67,F1,1,,,,,
2026-07-28,2026-07-28,CM,NSE,STK,22595,INF179KC1HW4,HDFCPSUBK,EQ,,,,,HDFCAMC HDFCPSUBK,84.14,84.56,83.82,83.97,84.16,84.56,,83.97,,,118517,9959202.98,473,F1,1,,,,,
2026-07-28,2026-07-28,CM,NSE,STK,19205,INE759V01019,HEADSUP,EQ,,,,,HEADS UP VENTURES LIMITED,7.09,7.09,6.59,6.70,6.75,7.09,,6.71,,,22083,148702.09,255,F1,1,,,,,
2026-07-28,2026-07-28,CM,NSE,STK,20063,INE019J01013,HEALTHX,EQ,,,,,HEALTH X PLATFORM LIMITED,308.05,314.60,303.75,305.65,303.75,313.55,,305.45,,,3171,975986.90,247,F1,1,,,,,
2026-07-28,2026-07-28,CM,NSE,STK,15555,INE075I01017,HCG,EQ,,,,,HEALTHCARE GLOB. ENT. LTD,682.80,685.00,673.25,679.35,678.00,676.95,,679.35,,,94231,64059382.70,12329,F1,1,,,,,
2026-07-28,2026-07-28,CM,NSE,STK,7425,INE558R01013,HECPROJECT,EQ,,,,,HEC INFRA PROJECTS LTD,137.70,140.98,134.10,136.43,137.20,137.70,,136.43,,,13909,1906641.66,765,F1,1,,,,,
2026-07-28,2026-07-28,CM,NSE,STK,1336,INE545A01024,HEG,EQ,,,,,HEG LTD,653.00,659.55,643.85,651.05,649.80,652.50,,651.05,,,1444725,943732227.15,27939,F1,1,,,,,
2026-07-28,2026-07-28,CM,NSE,STK,2316,INE578A01017,HEIDELBERG,EQ,,,,,HEIDELBERGCEMENT (I) LTD,158.00,158.15,156.52,156.85,156.70,158.06,,156.85,,,35589,5600048.43,768,F1,1,,,,,
2026-07-28,2026-07-28,CM,NSE,STK,701,INE0AJG01018,HEMIPROP,EQ,,,,,HEMISPHERE PROP IND LTD,135.00,137.30,133.55,133.97,133.90,135.14,,133.97,,,213248,28832461.36,2195,F1,1,,,,,
2026-07-28,2026-07-28,CM,NSE,STK,2614,INE694N01015,HERANBA,EQ,,,,,HERANBA INDUSTRIES LTD,178.99,179.00,173.60,175.45,178.99,175.94,,175.46,,,26047,4595006.16,995,F1,1,,,,,
2026-07-28,2026-07-28,CM,NSE,STK,4598,INE978A01027,HERITGFOOD,EQ,,,,,HERITAGE FOODS LTD,326.90,329.05,323.00,323.30,323.10,327.20,,323.30,,,132569,43157148.90,4133,F1,1,,,,,
2026-07-28,2026-07-28,CM,NSE,STK,1348,INE158A01026,HEROMOTOCO,EQ,,,,,HERO MOTOCORP LIMITED,5108.00,5172.80,5096.60,5154.30,5160.00,5113.80,,5154.20,,,633759,3263141385.70,65076,F1,1,,,,,
2026-07-28,2026-07-28,CM,NSE,STK,7048,INE782E01017,HESTERBIO,EQ,,,,,HESTER BIOSCIENCES LTD,2550.00,2564.90,2497.20,2520.40,2502.00,2528.40,,2520.60,,,10895,27594986.90,1149,F1,1,,,,,
2026-07-28,2026-07-28,CM,NSE,STK,27008,INE750M01017,HEXATRADEX,EQ,,,,,HEXA TRADEX LIMITED,155.11,160.11,155.11,158.88,159.00,157.23,,158.72,,,4939,784210.91,153,F1,1,,,,,
2026-07-28,2026-07-28,CM,NSE,STK,750116,INE0JUI01012,HEXAGON,BE,,,,,HEXAGON NUTRITION LIMITED,63.00,64.87,61.95,62.61,62.25,64.18,,62.57,,,305850,19111766.02,1324,F1,1,,,,,
2026-07-28,2026-07-28,CM,NSE,STK,29666,INE093A01041,HEXT,EQ,,,,,HEXAWARE TECHNOLOGIES LTD,563.00,619.80,563.00,593.15,590.65,562.95,,593.15,,,9864399,5923780733.10,184844,F1,1,,,,,
2026-07-28,2026-07-28,CM,NSE,STK,21951,INE548A01028,HFCL,EQ,,,,,HFCL LIMITED,187.00,196.90,182.92,188.39,189.00,192.54,,188.31,,,42541118,7926440947.14,116629,F1,1,,,,,
2026-07-28,2026-07-28,CM,NSE,STK,18794,INE0PIC01017,HIGREEN,SM,,,,,HI GREEN CARBON LIMITED,137.50,139.00,136.00,136.20,137.00,137.00,,136.20,,,21600,2968320.00,27,F1,800,,,,,
2026-07-28,2026-07-28,CM,NSE,STK,2868,INE106T01025,HITECH,EQ,,,,,HI-TECH PIPES LIMITED,86.50,86.64,84.76,84.93,85.00,86.74,,84.94,,,220036,18786342.21,2310,F1,1,,,,,
2026-07-28,2026-07-28,CM,NSE,STK,759103,INE00RL01028,HILINFRA,EQ,,,,,HIGHWAY INFRASTRUCTURE L,46.50,48.10,46.21,47.32,47.15,46.37,,47.32,,,67477,3198072.32,806,F1,1,,,,,
2026-07-28,2026-07-28,CM,NSE,STK,9668,INE475B01022,HIKAL,EQ,,,,,HIKAL LIMITED,221.66,223.38,215.35,216.99,217.08,221.98,,217.00,,,121539,26529158.22,3268,F1,1,,,,,
2026-07-28,2026-07-28,CM,NSE,STK,14631,INE788H01017,HILTON,BE,,,,,HILTON METAL FORGING LTD,21.29,21.32,20.80,21.00,21.00,21.05,,21.00,,,81170,1710570.34,151,F1,1,,,,,
2026-07-28,2026-07-28,CM,NSE,STK,14334,INE019C01026,HSCL,EQ,,,,,HIMADRI SPECIALITY CHEM L,792.00,793.90,736.00,749.65,746.00,790.45,,749.65,,,11559706,8744059318.30,130719,F1,1,,,,,
2026-07-28,2026-07-28,CM,NSE,STK,1360,INE049A01027,HIMATSEIDE,EQ,,,,,HIMATSINGKA SEIDE LTD,80.81,81.15,79.23,79.54,79.52,81.02,,79.53,,,347632,27858246.10,2507,F1,1,,,,,
2026-07-28,2026-07-28,CM,NSE,STK,13890,INE835D01023,HIRECT,EQ,,,,,HIND RECTIFIER LIMITED,1332.30,1332.30,1269.90,1311.50,1304.00,1332.30,,1311.70,,,85923,111280768.10,6670,F1,1,,,,,
2026-07-28,2026-07-28,CM,NSE,STK,1363,INE038A01020,HINDALCO,EQ,,,,,HINDALCO  INDUSTRIES  LTD,945.00,947.90,935.10,936.40,939.80,945.25,,936.40,,,3835947,3602627529.45,96505,F1,1,,,,,
2026-07-28,2026-07-28,CM,NSE,STK,4920,INE642Y01029,HINDCON,EQ,,,,,HINDCON CHEMICALS LIMITED,20.05,21.80,20.05,21.80,21.80,20.77,,21.80,,,61197,1318200.70,237,F1,1,,,,,
2026-07-28,2026-07-28,CM,NSE,STK,11796,INE05X901010,HPIL,EQ,,,,,HINDPRAKASH INDUSTRY LTD,123.00,123.99,121.20,121.48,122.05,121.84,,121.48,,,433,52885.14,15,F1,1,,,,,
2026-07-28,2026-07-28,CM,NSE,STK,14712,INE170I01016,HGS,EQ,,,,,HINDUJA GLOBAL SOLS. LTD.,421.50,432.80,419.00,421.00,419.55,422.55,,421.00,,,19266,8175607.65,1019,F1,1,,,,,
2026-07-28,2026-07-28,CM,NSE,STK,2303,INE066F01020,HAL,EQ,,,,,HINDUSTAN AERONAUTICS LTD,4618.00,4625.00,4500.10,4600.10,4595.00,4619.00,,4600.10,,,684639,3131494447.50,48618,F1,1,,,,,
2026-07-28,2026-07-28,CM,NSE,STK,1372,INE310C01029,HINDCOMPOS,EQ,,,,,HINDUSTAN COMPOSITES LTD.,425.50,435.90,416.65,426.65,432.80,423.95,,426.70,,,4867,2056765.25,402,F1,1,,,,,
2026-07-28,2026-07-28,CM,NSE,STK,1375,INE549A01026,HCC,EQ,,,,,HINDUSTAN CONSTRUCTION CO,21.89,21.89,20.92,21.08,21.02,21.73,,21.08,,,14281095,302979655.03,19903,F1,1,,,,,
2026-07-28,2026-07-28,CM,NSE,STK,17939,INE531E01026,HINDCOPPER,EQ,,,,,HINDUSTAN COPPER LTD,483.00,483.50,471.95,473.15,474.15,482.40,,473.15,,,2318453,1102096694.80,48277,F1,1,,,,,
2026-07-28,2026-07-28,CM,NSE,STK,12173,INE254N01026,HNDFDS,EQ,,,,,HINDUSTAN FOODS LIMITED,578.50,584.80,566.90,574.25,575.00,578.15,,574.30,,,44891,25959533.55,3564,F1,1,,,,,
2026-07-28,2026-07-28,CM,NSE,STK,19211,INE871K01015,HMVL,EQ,,,,,HINDUSTAN MEDIA VENT LTD,95.70,96.85,90.75,93.52,93.47,95.25,,93.51,,,248858,23089734.98,3970,F1,1,,,,,
2026-07-28,2026-07-28,CM,NSE,STK,1403,INE345A01011,HINDOILEXP,EQ,,,,,HINDUSTAN OIL EXPLORATION,158.00,158.80,156.00,157.08,156.71,157.98,,157.08,,,235380,37068115.64,3093,F1,1,,,,,
2026-07-28,2026-07-28,CM,NSE,STK,1406,INE094A01015,HINDPETRO,EQ,,,,,HINDUSTAN PETROLEUM CORP,396.40,401.65,390.85,400.05,400.00,393.95,,400.05,,,5800724,2304115831.45,54138,F1,1,,,,,
2026-07-28,2026-07-28,CM,NSE,STK,1394,INE030A01027,HINDUNILVR,EQ,,,,,HINDUSTAN UNILEVER LTD.,2174.60,2213.00,2016.00,2022.70,2020.00,2174.60,,2022.70,,,9947304,20625212241.70,350907,F1,1,,,,,
2026-07-28,2026-07-28,CM,NSE,STK,1424,INE267A01025,HINDZINC,EQ,,,,,HINDUSTAN ZINC LIMITED,530.05,530.90,524.00,526.90,527.85,529.65,,526.90,,,2197571,1157154792.40,34750,F1,1,,,,,
2026-07-28,2026-07-28,CM,NSE,STK,15883,INE05AN01011,HINDWAREAP,EQ,,,,,HINDWARE HME INOVATON LTD,222.80,225.00,215.50,217.00,217.95,221.05,,216.95,,,107093,23633435.95,3455,F1,1,,,,,
2026-07-28,2026-07-28,CM,NSE,STK,19322,INE598C01011,HISARMETAL,EQ,,,,,HISAR METAL IND. LIMITED,150.00,151.00,145.75,149.42,150.00,146.12,,149.42,,,450,66180.07,9,F1,1,,,,,
2026-07-28,2026-07-28,CM,NSE,STK,18457,INE07Y701011,POWERINDIA,EQ,,,,,HITACHI ENERGY INDIA LTD,31450.00,31450.00,30470.00,31130.00,31125.00,31550.00,,31130.00,,,197897,6110179290.00,54698,F1,1,,,,,
2026-07-28,2026-07-28,CM,NSE,STK,15165,INE120D01012,HITECHCORP,BE,,,,,HITECH CORPORATION LTD,319.50,324.00,319.20,320.65,321.90,319.35,,320.55,,,2753,881608.60,72,F1,1,,,,,
2026-07-28,2026-07-28,CM,NSE,STK,2289,INE461D01028,HLEGLAS,EQ,,,,,HLE GLASCOAT LIMITED,420.50,431.30,408.55,419.95,420.00,418.95,,419.75,,,138178,58110716.10,8021,F1,1,,,,,
2026-07-28,2026-07-28,CM,NSE,STK,1448,INE102A01024,HLVLTD,EQ,,,,,HLV LIMITED,7.30,7.31,7.16,7.26,7.20,7.31,,7.25,,,209486,1526094.57,403,F1,1,,,,,
2026-07-28,2026-07-28,CM,NSE,STK,17053,INE0ECP01024,HMAAGRO,EQ,,,,,HMA AGRO INDUSTRIES LTD,21.43,21.54,21.15,21.22,21.16,21.53,,21.22,,,229637,4876510.95,946,F1,1,,,,,
2026-07-28,2026-07-28,CM,NSE,STK,763705,INE2T2Q07345,850HMDA32,N0,,,,,HMDA 8.50% 2032 STRPP C,102250.68,102250.68,102250.68,102250.68,102250.68,101951.23,,102250.68,,,50,5112534.00,1,F1,1,,,,,
2026-07-28,2026-07-28,CM,NSE,STK,19698,INE262A01018,HMT,BZ,,,,,HMT LTD -,61.90,61.90,59.56,59.88,60.79,60.77,,59.88,,,4807,290285.10,79,F1,1,,,,,
2026-07-28,2026-07-28,CM,NSE,STK,23826,INE0S6S01017,HOACFOODS,ST,,,,,HOAC FOODS INDIA LIMITED,730.00,730.00,715.05,730.00,730.00,722.05,,730.00,,,1125,815643.75,3,F1,375,,,,,
2026-07-28,2026-07-28,CM,NSE,STK,18649,INE0LXA01019,HOLMARC,SM,,,,,HOLMARC OPTO MECHATRO L,105.20,105.20,105.00,105.00,105.00,109.00,,105.00,,,1500,157650.00,2,F1,750,,,,,
2026-07-28,2026-07-28,CM,NSE,STK,2056,INE481N01025,HOMEFIRST,EQ,,,,,HOME FIRST FIN CO IND LTD,1195.00,1226.30,1161.60,1181.00,1180.00,1182.50,,1181.00,,,381565,454546744.40,30938,F1,1,,,,,
2026-07-28,2026-07-28,CM,NSE,STK,19813,INE0J5401028,HONASA,EQ,,,,,HONASA CONSUMER LIMITED,452.75,458.35,443.10,452.10,450.00,452.75,,452.05,,,694595,311665180.20,18168,F1,1,,,,,
2026-07-28,2026-07-28,CM,NSE,STK,3138,INE634A01018,HONDAPOWER,EQ,,,,,HONDA I POWER PRODUCT LTD,2111.70,2129.90,2079.00,2090.80,2080.00,2124.20,,2090.80,,,1676,3521167.70,379,F1,1,,,,,
2026-07-28,2026-07-28,CM,NSE,STK,3417,INE671A01010,HONAUT,EQ,,,,,HONEYWELL AUTOMATION IND,37525.00,37735.00,37280.00,37510.00,37530.00,37525.00,,37510.00,,,861,32267650.00,614,F1,1,,,,,
2026-07-28,2026-07-28,CM,NSE,STK,17920,INE191I01012,HDIL,BZ,,,,,HOUSING DEV & INFRA LTD,1.67,1.69,1.65,1.66,1.66,1.66,,1.66,,,55019,91460.41,132,F1,1,,,,,
2026-07-28,2026-07-28,CM,NSE,STK,7376,INE0GSL01024,HPAL,EQ,,,,,HP ADHESIVES LIMITED,33.00,33.85,32.30,32.51,32.80,33.39,,32.51,,,42555,1405691.00,773,F1,1,,,,,
2026-07-28,2026-07-28,CM,NSE,STK,29875,INE0VA601019,HPTL,SM,,,,,HP TELECOM INDIA LIMITED,272.05,285.40,272.05,285.40,285.40,271.85,,285.40,,,4200,1184160.00,7,F1,600,,,,,
2026-07-28,2026-07-28,CM,NSE,STK,18679,INE495S01016,HPL,EQ,,,,,HPL ELECTRIC & POWER LTD,339.00,339.00,333.20,334.25,333.85,339.75,,334.25,,,46741,15660929.95,1907,F1,1,,,,,
2026-07-28,2026-07-28,CM,NSE,STK,761506,INF336L01RX2,HSBCGOLD,EQ,,,,,HSBCAMC - HSBCGOLD,125.42,126.40,122.41,122.83,122.41,125.42,,122.83,,,1696,208875.12,76,F1,1,,,,,
2026-07-28,2026-07-28,CM,NSE,STK,20825,INE031A01017,HUDCO,EQ,,,,,HSG & URBAN DEV CORPN LTD,202.03,203.20,193.50,194.45,194.00,202.16,,194.45,,,4480058,887088011.47,46054,F1,1,,,,,
2026-07-28,2026-07-28,CM,NSE,STK,11979,INE501G01024,HTMEDIA,EQ,,,,,HT MEDIA LIMITED,24.63,25.80,24.16,24.88,25.00,24.56,,24.98,,,78669,1933269.39,372,F1,1,,,,,
2026-07-28,2026-07-28,CM,NSE,STK,14203,INE703H01016,HUBTOWN,EQ,,,,,HUBTOWN LIMITED,196.45,199.00,188.90,189.62,190.00,196.04,,189.62,,,845958,162109822.03,9432,F1,1,,,,,
2026-07-28,2026-07-28,CM,NSE,STK,2562,INE275B01026,HUHTAMAKI,EQ,,,,,HUHTAMAKI INDIA LIMITED,306.00,309.80,258.06,298.51,298.00,312.61,,298.49,,,7465153,2101446078.06,103393,F1,1,,,,,
2026-07-28,2026-07-28,CM,NSE,STK,25708,INE0TO501019,HVAX,SM,,,,,HVAX TECHNOLOGIES LIMITED,625.00,625.00,625.00,625.00,625.00,635.00,,625.00,,,150,93750.00,1,F1,150,,,,,
2026-07-28,2026-07-28,CM,NSE,STK,12814,INE965B01022,HYBRIDFIN,BE,,,,,HYBRID FINANCIAL SERVICE,18.76,18.89,18.00,18.03,18.00,18.76,,18.03,,,3154,57363.58,28,F1,1,,,,,
2026-07-28,2026-07-28,CM,NSE,STK,25844,INE0V6F01027,HYUNDAI,EQ,,,,,HYUNDAI MOTOR INDIA LTD,1983.30,2009.50,1977.00,2001.90,2004.00,1984.60,,2001.90,,,576278,1151753296.60,24951,F1,1,,,,,
2026-07-28,2026-07-28,CM,NSE,STK,14086,INE204A01010,IGPL,EQ,,,,,I G PETROCHEMICALS LTD,475.00,475.00,459.90,463.00,465.00,472.75,,462.95,,,22337,10393584.70,1314,F1,1,,,,,
2026-07-28,2026-07-28,CM,NSE,STK,764064,INE0XE501015,ICELCO,SM,,,,,IC ELECTRICALS COMPANY L,154.00,154.10,145.05,149.80,149.00,153.65,,149.80,,,84000,12566280.00,69,F1,1200,,,,,
2026-07-28,2026-07-28,CM,NSE,STK,489,INE520Y01019,ICEMAKE,EQ,,,,,ICE MAKE REFRIGERAT LTD,860.00,872.00,851.00,855.80,860.00,863.25,,855.80,,,30228,25964892.15,2373,F1,1,,,,,
2026-07-28,2026-07-28,CM,NSE,STK,4963,INE090A01021,ICICIBANK,EQ,,,,,ICICI BANK LTD.,1442.30,1445.90,1417.60,1430.80,1417.60,1445.70,,1430.80,,,19486209,27890707962.20,245191,F1,1,,,,,
2026-07-28,2026-07-28,CM,NSE,STK,21770,INE765G01017,ICICIGI,EQ,,,,,ICICI LOMBARD GIC LIMITED,1684.30,1708.40,1665.20,1683.80,1699.00,1681.00,,1683.80,,,500147,842373602.00,26509,F1,1,,,,,
2026-07-28,2026-07-28,CM,NSE,STK,21254,INF109KC19U5,LOWVOLIETF,EQ,,,,,ICICI PR NIF LW VL 30 ETF,22.21,22.43,22.21,22.40,22.39,22.29,,22.40,,,6057531,135486160.10,1251,F1,1,,,,,
2026-07-28,2026-07-28,CM,NSE,STK,18652,INE726G01019,ICICIPRULI,EQ,,,,,ICICI PRU LIFE INS CO LTD,509.80,511.45,506.60,510.10,510.10,509.80,,510.10,,,735983,375230565.25,24324,F1,1,,,,,
2026-07-28,2026-07-28,CM,NSE,STK,17702,INF109KC10W0,MIDSELIETF,EQ,,,,,ICICI PRUD MIDCAP SEL ETF,19.45,19.80,19.43,19.50,19.55,19.45,,19.50,,,227907,4443795.11,535,F1,1,,,,,
2026-07-28,2026-07-28,CM,NSE,STK,30392,INF109KC16V9,NIF100IETF,EQ,,,,,ICICI PRUD NIFTY 100 ETF,28.35,28.35,27.65,27.85,27.65,27.95,,27.85,,,98778,2754680.16,808,F1,1,,,,,
2026-07-28,2026-07-28,CM,NSE,STK,29553,INF109K012R6,NIFTYIETF,EQ,,,,,ICICI PRUD NIFTY ETF,275.80,275.80,271.41,272.28,272.25,272.15,,272.28,,,583156,158760806.16,7383,F1,1,,,,,
2026-07-28,2026-07-28,CM,NSE,STK,4378,INF346A01034,SENSEXIETF,EQ,,,,,ICICI PRUD SENSEX ETF,876.51,885.08,876.51,882.49,883.90,883.44,,882.35,,,5196,4585928.23,316,F1,1,,,,,
2026-07-28,2026-07-28,CM,NSE,STK,760407,INE346A01027,ICICIAMC,EQ,,,,,ICICI PRUDENTIAL AMC LTD,3143.90,3148.00,3101.90,3113.70,3114.30,3143.90,,3113.50,,,133946,417523518.60,17519,F1,1,,,,,
2026-07-28,2026-07-28,CM,NSE,STK,19679,INF109KC1NT3,GOLDIETF,EQ,,,,,ICICI PRUDENTIAL GOLD ETF,122.36,122.36,120.71,120.99,120.82,122.93,,120.99,,,2955343,358084256.91,21573,F1,1,,,,,
2026-07-28,2026-07-28,CM,NSE,STK,17475,INF109KC11V0,NV20IETF,EQ,,,,,ICICI PRUDENTIAL NV20 ETF,13.52,13.70,13.52,13.56,13.60,13.62,,13.56,,,333993,4532457.40,1767,F1,1,,,,,
2026-07-28,2026-07-28,CM,NSE,STK,522,INF109KB15Y7,ICICIB22,EQ,,,,,ICICIPRAMC - BHARATIWIN,116.53,116.53,114.43,114.70,114.77,115.53,,114.70,,,158895,18236268.24,3197,F1,1,,,,,
2026-07-28,2026-07-28,CM,NSE,STK,30139,INF109K1A021,CASHIETF,EQ,,,,,ICICIPRAMC - CASHIETF,1072.74,1072.76,1072.74,1072.75,1072.76,1072.59,,1072.75,,,371577,398611764.99,350,F1,1,,,,,
2026-07-28,2026-07-28,CM,NSE,STK,755881,INF109K1A153,EVIETF,EQ,,,,,ICICIPRAMC - EVIETF,32.16,32.18,31.80,32.04,32.06,32.06,,32.04,,,145508,4657119.37,510,F1,1,,,,,
2026-07-28,2026-07-28,CM,NSE,STK,13143,INF109KC18O0,GSEC10IETF,EQ,,,,,ICICIPRAMC - ICICI10GS,263.63,265.00,263.63,264.00,264.00,265.45,,264.00,,,605,159909.26,8,F1,1,,,,,
2026-07-28,2026-07-28,CM,NSE,STK,3001,INF109KC1V59,BSE500IETF,EQ,,,,,ICICIPRAMC - ICICI500,39.08,39.17,39.04,39.06,39.07,39.10,,39.06,,,60094,2348827.20,614,F1,1,,,,,
2026-07-28,2026-07-28,CM,NSE,STK,8342,INF109KC14A8,GSEC5IETF,EQ,,,,,ICICIPRAMC - ICICI5GSEC,65.89,66.59,65.55,65.66,65.55,66.19,,65.66,,,3897,256817.05,35,F1,1,,,,,
2026-07-28,2026-07-28,CM,NSE,STK,22344,INF109KC17V7,ALPL30IETF,EQ,,,,,ICICIPRAMC - ICICIALPLV,27.98,28.02,27.89,27.97,27.97,27.97,,27.97,,,3394192,94681434.63,944,F1,1,,,,,
2026-07-28,2026-07-28,CM,NSE,STK,7844,INF109KC10V2,AUTOIETF,EQ,,,,,ICICIPRAMC - ICICIAUTO,28.55,28.90,28.33,28.80,28.86,28.60,,28.80,,,783816,22526243.86,1851,F1,1,,,,,
2026-07-28,2026-07-28,CM,NSE,STK,11386,INF109KC18U7,PVTBANIETF,EQ,,,,,ICICIPRAMC - ICICIBANKP,27.64,27.70,27.48,27.54,27.55,27.66,,27.54,,,3512754,96916155.40,3181,F1,1,,,,,
2026-07-28,2026-07-28,CM,NSE,STK,13198,INF109KC19O8,COMMOIETF,EQ,,,,,ICICIPRAMC - ICICICOMMO,101.85,101.85,98.67,98.87,99.70,99.85,,98.85,,,46025,4556567.41,1004,F1,1,,,,,
2026-07-28,2026-07-28,CM,NSE,STK,6446,INF109KC1V42,CONSUMIETF,EQ,,,,,ICICIPRAMC - ICICICONSU,126.14,126.14,122.94,123.27,123.33,123.07,,123.27,,,443588,54561031.24,268,F1,1,,,,,
2026-07-28,2026-07-28,CM,NSE,STK,5306,INF109KC19V3,FMCGIETF,EQ,,,,,ICICIPRAMC - ICICIFMCG,51.85,53.64,51.85,52.43,52.55,53.18,,52.43,,,2320475,122253821.68,5007,F1,1,,,,,
2026-07-28,2026-07-28,CM,NSE,STK,10723,INF109KC16E5,INFRAIETF,EQ,,,,,ICICIPRAMC - ICICIINFRA,96.49,96.49,95.01,95.17,95.14,95.63,,95.17,,,61085,5818998.90,11052,F1,1,,,,,
2026-07-28,2026-07-28,CM,NSE,STK,4838,INF109KC1KT9,LIQUIDIETF,EQ,,,,,ICICIPRAMC - ICICILIQ,999.99,1000.01,999.99,999.99,1000.00,999.99,,999.99,,,1217200,1217199623.90,242,F1,1,,,,,
2026-07-28,2026-07-28,CM,NSE,STK,17152,INF109KC11W8,MIDCAPIETF,EQ,,,,,ICICIPRAMC - ICICIM150,23.77,23.84,23.70,23.79,23.81,23.78,,23.79,,,681269,16191610.96,1748,F1,1,,,,,
2026-07-28,2026-07-28,CM,NSE,STK,10585,INF109KC17C7,MOM30IETF,EQ,,,,,ICICIPRAMC - ICICIMOM30,30.88,30.90,30.49,30.57,30.64,30.89,,30.57,,,500064,15296851.19,2384,F1,1,,,,,
2026-07-28,2026-07-28,CM,NSE,STK,4529,INF109KC1NS5,NEXT50IETF,EQ,,,,,ICICIPRAMC - ICICINXT50,77.94,77.94,75.96,76.08,76.15,76.41,,76.08,,,588924,44851468.33,3870,F1,1,,,,,
2026-07-28,2026-07-28,CM,NSE,STK,3626,INF109KC1Q72,HEALTHIETF,EQ,,,,,ICICIPRAMC - ICICIPHARM,168.86,170.55,168.50,169.13,170.00,168.86,,169.12,,,67681,11446463.37,1454,F1,1,,,,,
2026-07-28,2026-07-28,CM,NSE,STK,17808,INF109KC18V5,QUAL30IETF,EQ,,,,,ICICIPRAMC - ICICIQTY30,21.52,21.52,21.12,21.19,21.27,21.10,,21.19,,,70301,1491701.63,228,F1,1,,,,,
2026-07-28,2026-07-28,CM,NSE,STK,7942,INF109KC1Y56,SILVERIETF,EQ,,,,,ICICIPRAMC - ICICISILVE,219.99,219.99,215.00,215.28,215.12,222.24,,215.28,,,2953720,638692017.61,19419,F1,1,,,,,
2026-07-28,2026-07-28,CM,NSE,STK,22365,INF109KC16I6,ITIETF,EQ,,,,,ICICIPRAMC - ICICITECH,33.07,34.08,33.07,33.78,33.80,32.73,,33.78,,,4309728,145720365.70,3727,F1,1,,,,,
2026-07-28,2026-07-28,CM,NSE,STK,11037,INF109KC15I8,BANKIETF,EQ,,,,,ICICIPRAMC - IPRU5008,58.68,58.75,58.23,58.29,58.45,58.68,,58.28,,,271940,15901287.84,1598,F1,1,,,,,
2026-07-28,2026-07-28,CM,NSE,STK,24861,INF109KC19W1,METALIETF,EQ,,,,,ICICIPRAMC - METALIETF,12.68,12.68,12.45,12.46,12.49,12.54,,12.46,,,5227420,65279219.80,7336,F1,1,,,,,
2026-07-28,2026-07-28,CM,NSE,STK,24533,INF109KC18W3,OILIETF,EQ,,,,,ICICIPRAMC - OILIETF,11.35,11.35,11.20,11.24,11.26,11.27,,11.24,,,1292116,14518228.02,2543,F1,1,,,,,
2026-07-28,2026-07-28,CM,NSE,STK,14584,INF109KC10S8,PSUBNKIETF,EQ,,,,,ICICIPRAMC - PSUBANKICI,84.96,84.96,84.04,84.19,84.75,84.96,,84.19,,,63197,5329493.69,757,F1,1,,,,,
2026-07-28,2026-07-28,CM,NSE,STK,754612,INF109K1A476,SMALLIETF,EQ,,,,,ICICIPRAMC - SMALLIETF,17.86,18.38,17.74,17.81,18.38,17.86,,17.81,,,65967,1173989.68,107,F1,1,,,,,
2026-07-28,2026-07-28,CM,NSE,STK,757781,INF109K1A344,TOP15IETF,EQ,,,,,ICICIPRAMC - TOP15IETF,9.89,9.89,9.82,9.82,9.82,9.90,,9.82,,,44013,433392.83,182,F1,1,,,,,
2026-07-28,2026-07-28,CM,NSE,STK,25851,INF109KC16X5,VAL30IETF,EQ,,,,,ICICIPRAMC - VAL30IETF,15.41,15.41,15.20,15.24,15.34,15.35,,15.24,,,168843,2577726.47,452,F1,1,,,,,
2026-07-28,2026-07-28,CM,NSE,STK,12578,INF109KC17L8,FINIETF,EQ,,,,,ICICIPRAMC-ICICIFIN,32.84,32.84,32.35,32.43,32.40,32.58,,32.43,,,224995,7307178.22,943,F1,1,,,,,
2026-07-28,2026-07-28,CM,NSE,STK,14523,INE725G01011,ICRA,EQ,,,,,ICRA LIMITED,4745.00,4791.00,4692.00,4712.50,4720.00,4745.00,,4712.50,,,31252,147563074.00,5359,F1,1,,,,,
2026-07-28,2026-07-28,CM,NSE,STK,1476,INE008A01015,IDBI,EQ,,,,,IDBI BANK LIMITED,84.80,87.44,83.81,85.37,85.03,84.48,,85.38,,,17708455,1523405698.96,44177,F1,1,,,,,
2026-07-28,2026-07-28,CM,NSE,STK,17142,INE349Y01013,IDEAFORGE,BE,,,,,IDEAFORGE TECHNO LTD,860.00,863.20,840.00,847.95,847.00,860.25,,847.80,,,163692,138595233.80,6319,F1,1,,,,,
2026-07-28,2026-07-28,CM,NSE,STK,11184,INE092T01019,IDFCFIRSTB,EQ,,,,,IDFC FIRST BANK LIMITED,84.79,86.80,84.54,85.75,85.90,84.88,,85.75,,,51450994,4420763369.98,115060,F1,1,,,,,
2026-07-28,2026-07-28,CM,NSE,STK,9300,INE076C01018,IFBAGRO,BE,,,,,IFB AGRO INDUSTRIES LTD,1095.00,1096.75,992.35,1026.35,1025.00,1044.55,,1026.35,,,25573,26788012.75,915,F1,1,,,,,
2026-07-28,2026-07-28,CM,NSE,STK,1485,INE559A01017,IFBIND,EQ,,,,,IFB INDUSTRIES LTD,1329.60,1350.00,1306.50,1312.60,1335.00,1323.80,,1312.60,,,43508,57716467.60,4602,F1,1,,,,,
2026-07-28,2026-07-28,CM,NSE,STK,1491,INE039A01010,IFCI,EQ,,,,,IFCI LTD,70.49,70.81,68.15,68.52,68.43,70.39,,68.52,,,8957686,618094269.97,32141,F1,1,,,,,
2026-07-28,2026-07-28,CM,NSE,STK,436,INE133Y01011,IFGLEXPOR,EQ,,,,,IFGL REFRACTORIES LIMITED,208.13,208.13,193.00,195.44,196.00,200.88,,195.08,,,65042,12773181.43,3162,F1,1,,,,,
2026-07-28,2026-07-28,CM,NSE,STK,760656,INE01XO07025,1225IFL28,N0,,,,,IFL 12.25% 2028,7499.00,7499.00,7400.00,7450.00,7450.00,7184.00,,7450.00,,,25,186098.00,6,F1,1,,,,,
2026-07-28,2026-07-28,CM,NSE,STK,634,INE188B01013,IGARASHI,EQ,,,,,IGARASHI MOTORS INDIA LTD,455.65,456.80,444.65,447.05,448.25,455.65,,447.10,,,33453,15012453.75,1809,F1,1,,,,,
2026-07-28,2026-07-28,CM,NSE,STK,756154,INE530B07492,1025IIFL30,Y3,,,,,IIFL 10.25% TR I SR IX,1000.00,1022.00,1000.00,1022.00,1022.00,1025.00,,1022.00,,,2,2022.00,2,F1,1,,,,,
2026-07-28,2026-07-28,CM,NSE,STK,761117,INE530B07591,852IIFL29,Y5,,,,,IIFL 8.52% TR I SR II,952.00,961.00,952.00,961.00,961.00,983.17,,961.00,,,21,20082.00,4,F1,1,,,,,
2026-07-28,2026-07-28,CM,NSE,STK,761118,INE530B07633,865IIFL31,Y6,,,,,IIFL 8.65% TR I SR III,981.00,985.00,981.00,984.77,985.00,970.08,,984.77,,,845,832294.00,17,F1,1,,,,,
2026-07-28,2026-07-28,CM,NSE,STK,761121,INE530B07609,9IIFL31,Y9,,,,,IIFL 9.00% TR I SR VI,1013.00,1013.00,1001.00,1001.00,1001.00,1013.00,,1001.00,,,17,17101.00,2,F1,1,,,,,
2026-07-28,2026-07-28,CM,NSE,STK,13072,INE489L01022,IIFLCAPS,EQ,,,,,IIFL CAPITAL SERVICES LTD,337.75,338.40,335.60,336.30,336.50,337.70,,336.30,,,446244,150186248.55,6154,F1,1,,,,,
2026-07-28,2026-07-28,CM,NSE,STK,11809,INE530B01024,IIFL,EQ,,,,,IIFL FINANCE LIMITED,573.00,594.40,573.00,582.35,581.00,573.20,,582.35,,,2903322,1701722914.55,79331,F1,1,,,,,
2026-07-28,2026-07-28,CM,NSE,STK,761124,INE530B07641,IIFL06326,YC,,,,,IIFL TR I SR IX,985.00,985.00,982.78,982.78,982.78,982.78,,982.78,,,57,56062.86,3,F1,1,,,,,
2026-07-28,2026-07-28,CM,NSE,STK,761123,INE530B07625,IIFL60326,YB,,,,,IIFL TR I SR VIII,988.00,1038.00,988.00,1013.00,1038.00,980.23,,1013.00,,,30,30390.00,2,F1,1,,,,,
2026-07-28,2026-07-28,CM,NSE,STK,16822,INE0LOJ01019,IKIO,EQ,,,,,IKIO TECHNOLOGIES LIMITED,206.91,211.80,205.10,207.53,208.00,207.98,,207.51,,,259108,53673004.71,2826,F1,1,,,,,
2026-07-28,2026-07-28,CM,NSE,STK,9380,INE369I01014,IL&FSENGG,BZ,,,,,IL&FS ENG AND CONS CO LTD,30.38,32.23,30.38,32.23,32.23,30.70,,32.41,,,28172,888145.17,74,F1,1,,,,,
2026-07-28,2026-07-28,CM,NSE,STK,6711,INE050B01023,IVC,EQ,,,,,IL&FS INVESTMENT MANAGERS,8.36,8.36,8.16,8.22,8.24,8.27,,8.23,,,104764,861229.19,505,F1,1,,,,,
2026-07-28,2026-07-28,CM,NSE,STK,9381,INE975G01012,IL&FSTRANS,BZ,,,,,IL&FS TRANS NET LTD,2.21,2.22,2.12,2.20,2.22,2.12,,2.19,,,14852,32447.14,60,F1,1,,,,,
2026-07-28,2026-07-28,CM,NSE,STK,7672,INE172N01012,IMAGICAA,EQ,,,,,IMAGICAAWORLD ENT LTD,45.98,46.84,45.45,46.29,45.72,45.72,,46.29,,,409842,18970960.53,2138,F1,1,,,,,
2026-07-28,2026-07-28,CM,NSE,STK,17507,INE452L01012,INCREDIBLE,EQ,,,,,INCREDIBLE INDUSTRIES LTD,33.44,34.47,32.63,33.44,33.02,33.44,,33.47,,,7262,241736.80,71,F1,1,,,,,
2026-07-28,2026-07-28,CM,NSE,STK,12009,INE547E01014,IMPAL,EQ,,,,,IND MOTOR PART & ACC LTD,1124.90,1125.00,1110.00,1114.60,1110.70,1132.40,,1114.60,,,1742,1940272.10,270,F1,1,,,,,
2026-07-28,2026-07-28,CM,NSE,STK,4870,INE915B01019,INDSWFTLAB,EQ,,,,,IND SWIFT LABORATORIES LT,242.00,242.00,235.00,236.31,237.00,239.91,,236.31,,,392048,93148612.80,5751,F1,1,,,,,
2026-07-28,2026-07-28,CM,NSE,STK,21957,INE611L01021,INDTERRAIN,EQ,,,,,IND TERRAIN FASHIONS LTD,29.69,29.89,28.00,28.30,28.30,29.21,,28.30,,,26575,752516.49,231,F1,1,,,,,
2026-07-28,2026-07-28,CM,NSE,STK,16933,INE841B01017,INDBANK,EQ,,,,,INDBANK MERCH BANK,33.48,33.48,32.16,32.60,32.59,33.10,,32.60,,,39320,1284584.02,426,F1,1,,,,,
2026-07-28,2026-07-28,CM,NSE,STK,29678,INE0O9T01021,BAJAJINDEF,EQ,,,,,INDEF MANUFACTURING LTD,231.10,233.95,226.40,229.20,229.00,230.85,,229.20,,,11890,2724918.85,457,F1,1,,,,,
2026-07-28,2026-07-28,CM,NSE,STK,23693,INE065X01017,INDGN,EQ,,,,,INDEGENE LIMITED,508.05,517.30,504.75,508.50,507.05,508.05,,508.50,,,113363,57745129.55,13009,F1,1,,,,,
2026-07-28,2026-07-28,CM,NSE,STK,1521,INE560A01023,INDIAGLYCO,EQ,,,,,INDIA GLYCOLS LTD,1193.60,1193.60,1140.05,1147.90,1147.00,1184.45,,1147.90,,,91742,106560884.85,6650,F1,1,,,,,
2026-07-28,2026-07-28,CM,NSE,STK,4747,INE092B01025,INDNIPPON,EQ,,,,,INDIA NIPPON ELECT  LTD,1197.20,1197.20,1125.50,1163.10,1176.00,1198.90,,1163.10,,,51746,60002006.80,5529,F1,1,,,,,
2026-07-28,2026-07-28,CM,NSE,STK,4934,INE0D6701023,IPL,EQ,,,,,INDIA PESTICIDES LIMITED,149.89,151.95,149.89,151.11,150.10,149.88,,151.09,,,119105,17961171.53,1628,F1,1,,,,,
2026-07-28,2026-07-28,CM,NSE,STK,20556,INE922K01024,INDIASHLTR,EQ,,,,,INDIA SHELTER FIN CORP L,728.00,733.75,719.00,728.50,732.80,727.95,,728.50,,,88313,64068149.35,8203,F1,1,,,,,
2026-07-28,2026-07-28,CM,NSE,STK,19299,INE353K01014,ITDC,EQ,,,,,INDIA TOUR. DEV. CO. LTD.,736.00,748.00,714.00,717.35,720.00,735.15,,717.30,,,276556,200691285.60,12894,F1,1,,,,,
2026-07-28,2026-07-28,CM,NSE,STK,25003,INE126M01010,IBULLSLTD,BE,,,,,INDIABULLS LIMITED,31.50,31.50,29.61,29.61,29.61,31.16,,29.61,,,4156541,124749683.89,4521,F1,1,,,,,
2026-07-28,2026-07-28,CM,NSE,STK,10726,INE933S01016,INDIAMART,EQ,,,,,INDIAMART INTERMESH LTD,1768.40,1771.20,1740.00,1743.00,1746.00,1759.70,,1743.00,,,97059,169878517.20,17224,F1,1,,,,,
2026-07-28,2026-07-28,CM,NSE,STK,14309,INE562A01011,INDIANB,EQ,,,,,INDIAN BANK,834.00,841.30,824.45,834.25,835.00,831.25,,834.25,,,1432863,1196402814.90,30951,F1,1,,,,,
2026-07-28,2026-07-28,CM,NSE,STK,4422,INE061A01014,INDIANCARD,EQ,,,,,INDIAN CARD CLOTHING CO.,225.00,229.97,218.25,223.04,220.21,224.60,,223.04,,,6634,1479067.72,85,F1,1,,,,,
2026-07-28,2026-07-28,CM,NSE,STK,23789,INE0RRU01016,IEML,SM,,,,,INDIAN EMULSIFIERS LTD,43.40,43.40,41.65,42.20,42.05,43.40,,42.20,,,16500,697100.00,28,F1,500,,,,,
2026-07-28,2026-07-28,CM,NSE,STK,220,INE022Q01020,IEX,EQ,,,,,INDIAN ENERGY EXC LTD,126.70,132.50,126.51,132.11,131.97,126.77,,132.11,,,16857892,2200819257.82,81195,F1,1,,,,,
2026-07-28,2026-07-28,CM,NSE,STK,1530,INE323C01030,INDIANHUME,EQ,,,,,INDIAN HUME PIPE CO. LTD.,387.40,387.40,373.80,375.00,377.70,387.00,,374.95,,,23930,9038249.45,1482,F1,1,,,,,
2026-07-28,2026-07-28,CM,NSE,STK,19235,INE919H01018,IMFA,EQ,,,,,INDIAN METALS & FERRO,1361.80,1401.00,1321.40,1344.60,1344.00,1371.80,,1344.60,,,99997,134878566.80,10987,F1,1,,,,,
2026-07-28,2026-07-28,CM,NSE,STK,1624,INE242A01010,IOC,EQ,,,,,INDIAN OIL CORP LTD,142.00,142.95,141.03,141.28,141.48,141.52,,141.28,,,5767618,817206347.39,39047,F1,1,,,,,
2026-07-28,2026-07-28,CM,NSE,STK,9348,INE565A01014,IOB,EQ,,,,,INDIAN OVERSEAS BANK,34.00,34.20,33.81,33.84,33.95,34.12,,33.84,,,1513331,51293837.49,8185,F1,1,,,,,
2026-07-28,2026-07-28,CM,NSE,STK,25033,INE0DHF01018,IPHL,SM,,,,,INDIAN PHOSPHATE LIMITED,69.30,79.20,66.50,78.10,79.20,66.00,,78.10,,,404400,30288720.00,282,F1,1200,,,,,
2026-07-28,2026-07-28,CM,NSE,STK,13611,INE335Y01020,IRCTC,EQ,,,,,INDIAN RAIL TOUR CORP LTD,494.20,495.20,485.30,485.95,485.90,494.00,,485.95,,,992713,484852658.90,37921,F1,1,,,,,
2026-07-28,2026-07-28,CM,NSE,STK,2029,INE053F01010,IRFC,EQ,,,,,INDIAN RAILWAY FIN CORP L,88.13,88.40,87.00,87.15,87.40,88.13,,87.15,,,6530263,572869824.72,43999,F1,1,,,,,
2026-07-28,2026-07-28,CM,NSE,STK,20261,INE202E01016,IREDA,EQ,,,,,INDIAN RENEWABLE ENERGY,120.87,120.87,119.50,120.49,120.10,120.29,,120.48,,,3844449,462057395.72,20078,F1,1,,,,,
2026-07-28,2026-07-28,CM,NSE,STK,762727,INE586E01020,IWP,EQ,,,,,INDIAN WOOD PRODUCTS CO L,33.32,33.70,32.68,32.98,32.77,32.88,,33.05,,,1574,51979.19,36,F1,1,,,,,
2026-07-28,2026-07-28,CM,NSE,STK,2048,INE09VQ01012,INDIGOPNTS,EQ,,,,,INDIGO PAINTS LIMITED,1066.80,1081.20,1062.00,1066.60,1075.00,1073.90,,1066.60,,,39044,41842155.10,5443,F1,1,,,,,
2026-07-28,2026-07-28,CM,NSE,STK,20988,INE219X23014,INDIGRID,IV,,,,,INDIGRID INFRASTRUCT TRST,177.85,179.27,177.02,177.68,178.50,177.20,,177.68,,,680197,121352072.96,5995,F1,1,,,,,
2026-07-28,2026-07-28,CM,NSE,STK,757845,INE06ST01018,INDIQUBE,EQ,,,,,INDIQUBE SPACES LIMITED,178.40,180.59,174.31,177.52,175.86,177.51,,177.50,,,16945,3010041.11,607,F1,1,,,,,
2026-07-28,2026-07-28,CM,NSE,STK,9120,INE760F01028,INDOAMIN,BE,,,,,INDO AMINES LIMITED,129.30,130.99,127.00,127.72,127.05,128.11,,127.73,,,20095,2591901.51,242,F1,1,,,,,
2026-07-28,2026-07-28,CM,NSE,STK,8614,INE803D01021,INDOBORAX,EQ,,,,,INDO BORAX & CHEMICAL LTD,398.80,401.00,383.20,395.55,398.00,406.60,,395.55,,,218789,86046092.00,7507,F1,1,,,,,
2026-07-28,2026-07-28,CM,NSE,STK,11987,INE483B01026,ICIL,EQ,,,,,INDO COUNT INDUSTRIES LTD,401.00,416.70,396.15,410.75,410.15,401.15,,410.70,,,421352,172355207.65,16556,F1,1,,,,,
2026-07-28,2026-07-28,CM,NSE,STK,29025,INE622H01018,INDOFARM,EQ,,,,,INDO FARM EQUIPMENT LTD,155.38,155.40,151.60,152.11,151.80,155.38,,152.11,,,68002,10403598.45,1458,F1,1,,,,,
2026-07-28,2026-07-28,CM,NSE,STK,10993,INE156A01020,INDORAMA,EQ,,,,,INDO RAMA SYNTHETICS LTD,49.62,50.03,49.01,49.42,49.70,49.74,,49.42,,,86995,4322162.12,708,F1,1,,,,,
2026-07-28,2026-07-28,CM,NSE,STK,13278,INE332H01014,INDOTECH,BE,,,,,INDO TECH TRANSFORM LTD.,3599.00,3599.00,3420.00,3467.30,3475.00,3503.40,,3453.00,,,8446,29345736.50,1079,F1,1,,,,,
2026-07-28,2026-07-28,CM,NSE,STK,25608,INE337M01021,INDOTHAI,EQ,,,,,INDO THAI SEC LTD,221.40,231.90,213.73,220.51,221.90,220.09,,220.53,,,7806337,1724789153.59,33494,F1,1,,,,,
2026-07-28,2026-07-28,CM,NSE,STK,25503,INE250Z01010,INDOUS,EQ,,,,,INDO US BIOTECH LTD,87.25,87.25,84.00,84.10,85.19,85.00,,83.35,,,16413,1396096.49,140,F1,1,,,,,
2026-07-28,2026-07-28,CM,NSE,STK,6782,INE567A01028,NIPPOBATRY,EQ,,,,,INDO-NATIONAL LIMITED,330.95,334.95,325.00,329.40,325.65,333.40,,329.40,,,1203,393972.25,115,F1,1,,,,,
2026-07-28,2026-07-28,CM,NSE,STK,11677,INE873D01024,INDOCO,EQ,,,,,INDOCO REMEDIES LTD.,248.00,268.00,225.43,228.05,228.99,248.14,,228.05,,,5050021,1246031107.51,83333,F1,1,,,,,
2026-07-28,2026-07-28,CM,NSE,STK,757801,INE05J901018,IGCL,EQ,,,,,INDOGULF CROPSCIENCES LTD,75.00,76.38,71.00,73.03,73.98,75.17,,73.03,,,283608,20749210.98,2507,F1,1,,,,,
2026-07-28,2026-07-28,CM,NSE,STK,19955,INE866K01023,WAAREEINDO,EQ,,,,,INDOSOLAR LIMITED,319.05,329.65,318.30,318.90,318.30,335.05,,318.85,,,319832,102593127.40,4525,F1,1,,,,,
2026-07-28,2026-07-28,CM,NSE,STK,3088,INE896L01010,INDOSTAR,EQ,,,,,INDOSTAR CAPITAL FIN LTD,269.85,273.60,264.50,269.75,268.20,268.50,,269.75,,,105013,28293148.30,2203,F1,1,,,,,
2026-07-28,2026-07-28,CM,NSE,STK,14956,INE227G01018,INDOWIND,BE,,,,,INDOWIND ENERGY LTD,9.34,9.34,9.12,9.22,9.24,9.22,,9.28,,,30775,283757.50,158,F1,1,,,,,
2026-07-28,2026-07-28,CM,NSE,STK,11262,INE203G01027,IGL,EQ,,,,,INDRAPRASTHA GAS LTD,150.15,152.48,150.05,150.70,150.25,150.27,,150.70,,,1107118,167501898.78,13282,F1,1,,,,,
2026-07-28,2026-07-28,CM,NSE,STK,4751,INE681B01017,INDRAMEDCO,EQ,,,,,INDRAPRASTHA MEDICAL CORP,368.45,371.00,366.50,369.30,370.00,368.60,,369.25,,,83044,30617744.00,3536,F1,1,,,,,
2026-07-28,2026-07-28,CM,NSE,STK,23036,INE0NHL23019,INDUSINVIT,IV,,,,,INDUS INFRA TRUST,131.29,134.90,129.50,130.80,130.99,130.63,,130.81,,,129932,16974086.69,3344,F1,1,,,,,
2026-07-28,2026-07-28,CM,NSE,STK,29135,INE121J01017,INDUSTOWER,EQ,,,,,INDUS TOWERS LIMITED,386.75,391.90,380.70,381.60,380.70,387.40,,381.60,,,4530171,1745886821.90,70670,F1,1,,,,,
2026-07-28,2026-07-28,CM,NSE,STK,5258,INE095A01012,INDUSINDBK,EQ,,,,,INDUSIND BANK LIMITED,1001.00,1006.00,989.20,991.95,991.00,1006.65,,992.20,,,1643112,1635732246.50,46348,F1,1,,,,,
2026-07-28,2026-07-28,CM,NSE,STK,762717,INE620D01011,INDPRUD,EQ,,,,,INDUSTRIAL & PRU INV CO L,6552.00,6552.00,6500.00,6500.00,6520.00,6552.00,,6500.50,,,342,2224187.00,30,F1,1,,,,,
2026-07-28,2026-07-28,CM,NSE,STK,19525,INE886A01014,IITL,EQ,,,,,INDUSTRIAL INV TRUST LTD,133.94,137.00,130.00,131.33,137.00,132.59,,131.33,,,91965,12176570.31,807,F1,1,,,,,
2026-07-28,2026-07-28,CM,NSE,STK,15036,INE0MRE01011,INFINIUM,SM,,,,,INFINIUM PHARMACHEM LTD,211.50,211.50,204.50,206.05,206.05,206.10,,206.05,,,2500,518025.00,5,F1,500,,,,,
2026-07-28,2026-07-28,CM,NSE,STK,757602,INE0MYZ01012,INFLUX,SM,,,,,INFLUX HEALTHTECH LIMITED,285.00,290.00,285.00,290.00,290.00,285.00,,290.00,,,8400,2413260.00,14,F1,600,,,,,
2026-07-28,2026-07-28,CM,NSE,STK,13751,INE663F01032,NAUKRI,EQ,,,,,INFO EDGE (I) LTD,1200.00,1252.55,1198.00,1236.15,1234.00,1194.30,,1236.15,,,3902008,4822946414.05,94127,F1,1,,,,,
2026-07-28,2026-07-28,CM,NSE,STK,11027,INE344S01016,INFOBEAN,EQ,,,,,INFOBEANS TECHNO. LTD.,157.00,173.00,157.00,168.13,168.01,157.14,,168.13,,,4835653,812523314.27,51905,F1,1,,,,,
2026-07-28,2026-07-28,CM,NSE,STK,16588,INE0NNZ01013,INFOLLION,SM,,,,,INFOLLION RESEARCH SER L,158.75,161.90,156.00,161.90,161.90,158.75,,161.90,,,8800,1406640.00,18,F1,400,,,,,
2026-07-28,2026-07-28,CM,NSE,STK,13693,INE669A01022,INFOMEDIA,EQ,,,,,INFOMEDIA PRESS LIMITED,5.51,5.70,5.35,5.42,5.42,5.45,,5.42,,,13500,73640.57,80,F1,1,,,,,
2026-07-28,2026-07-28,CM,NSE,STK,1594,INE009A01021,INFY,EQ,,,,,INFOSYS LIMITED,1097.00,1118.50,1097.00,1105.70,1105.00,1079.20,,1105.70,,,28100895,31151507286.70,316063,F1,1,,,,,
2026-07-28,2026-07-28,CM,NSE,STK,1597,INE177A01018,INGERRAND,EQ,,,,,INGERSOLL-RAND INDIA LTD,4397.50,4397.50,4239.30,4255.00,4260.00,4378.90,,4255.10,,,5287,22715046.70,1443,F1,1,,,,,
2026-07-28,2026-07-28,CM,NSE,STK,25323,INE0S1D01010,INNOMET,ST,,,,,INNOMET ADVANCED MATERI L,176.90,176.90,176.90,176.90,176.90,180.50,,176.90,,,600,106140.00,1,F1,600,,,,,
2026-07-28,2026-07-28,CM,NSE,STK,21062,INE0DUT01020,INNOVACAP,EQ,,,,,INNOVA CAPTAB LIMITED,979.90,979.90,953.30,957.25,959.80,970.40,,957.25,,,15737,15126356.40,3607,F1,1,,,,,
2026-07-28,2026-07-28,CM,NSE,STK,27754,INE403Y01018,INNOVANA,EQ,,,,,INNOVANA THINKLABS LTD,354.00,354.00,332.35,335.90,335.40,347.55,,335.90,,,1221,416327.50,191,F1,1,,,,,
2026-07-28,2026-07-28,CM,NSE,STK,761528,INE0ADB01012,INNOVISION,EQ,,,,,INNOVISION LIMITED,282.50,285.00,281.80,283.25,283.50,283.55,,283.20,,,8961,2538963.50,473,F1,1,,,,,
2026-07-28,2026-07-28,CM,NSE,STK,12188,INE510W01014,INOXGREEN,EQ,,,,,INOX GREEN ENERGY SER LTD,198.00,201.70,193.05,194.68,193.70,199.05,,194.67,,,1521184,298742731.66,11294,F1,1,,,,,
2026-07-28,2026-07-28,CM,NSE,STK,20607,INE616N01034,INOXINDIA,EQ,,,,,INOX INDIA LIMITED,2014.00,2014.00,1882.50,1896.10,1898.00,1985.90,,1896.00,,,144649,278528422.80,17168,F1,1,,,,,
2026-07-28,2026-07-28,CM,NSE,STK,7852,INE066P01011,INOXWIND,EQ,,,,,INOX WIND LIMITED,78.35,78.44,75.54,75.94,75.96,78.23,,75.94,,,7493286,575348950.38,28069,F1,1,,,,,
2026-07-28,2026-07-28,CM,NSE,STK,14657,INE070I01018,INSECTICID,EQ,,,,,INSECTICIDES (I) LTD,610.70,634.00,610.70,629.45,630.00,612.55,,629.45,,,20200,12613318.15,1551,F1,1,,,,,
2026-07-28,2026-07-28,CM,NSE,STK,761099,INE0LGX01024,INA,EQ,,,,,INSOLATION ENERGY LIMITED,112.56,113.42,110.40,110.94,111.00,112.04,,110.93,,,359075,39933695.41,3605,F1,1,,,,,
2026-07-28,2026-07-28,CM,NSE,STK,13734,INE020G01017,INSPIRISYS,BE,,,,,INSPIRISYS SOLUTIONS LTD,103.90,103.90,98.05,101.47,101.00,99.34,,101.47,,,6158,620596.63,67,F1,1,,,,,
2026-07-28,2026-07-28,CM,NSE,STK,30327,INE418N01035,ESSENTIA,BE,,,,,INTEGRA ESSENTIA LIMITED,1.09,1.09,1.05,1.06,1.06,1.08,,1.06,,,1746458,1866989.73,844,F1,1,,,,,
2026-07-28,2026-07-28,CM,NSE,STK,11903,INE02EE01019,IPSL,SM,,,,,INTEGRATED PERSO SER LTD,242.90,242.90,219.25,221.00,221.00,244.80,,221.00,,,8000,1807025.00,16,F1,500,,,,,
2026-07-28,2026-07-28,CM,NSE,STK,757905,INE0YSH01017,INTEGRITY,ST,,,,,INTEGRITY INFRABUILD DE L,156.00,160.50,156.00,160.50,160.50,163.00,,160.50,,,32400,5194800.00,12,F1,1200,,,,,
2026-07-28,2026-07-28,CM,NSE,STK,5926,INE306R01017,INTELLECT,EQ,,,,,INTELLECT DESIGN ARENA,721.95,755.20,719.90,724.25,724.70,717.70,,724.25,,,1113030,822271566.60,37524,F1,1,,,,,
2026-07-28,2026-07-28,CM,NSE,STK,20071,INE781A01025,INTENTECH,EQ,,,,,INTENSE TECHNOLOGIES LTD,90.80,90.80,87.21,87.71,87.51,89.02,,87.71,,,12087,1072712.04,225,F1,1,,,,,
2026-07-28,2026-07-28,CM,NSE,STK,24909,INE00M901018,INTERARCH,EQ,,,,,INTERARCH BLDNG SOLTN LTD,1845.00,1845.00,1809.10,1816.70,1825.00,1827.10,,1816.70,,,17924,32596729.20,1959,F1,1,,,,,
2026-07-28,2026-07-28,CM,NSE,STK,11195,INE646L01027,INDIGO,EQ,,,,,INTERGLOBE AVIATION LTD,5255.00,5282.00,5218.00,5270.50,5278.00,5230.00,,5270.50,,,512549,2694356884.50,35931,F1,1,,,,,
2026-07-28,2026-07-28,CM,NSE,STK,22770,INE0OPC01015,INM,SM,,,,,INTERIORS & MORE LIMITED,180.05,187.00,180.00,187.00,187.00,180.00,,187.00,,,7200,1307460.00,8,F1,600,,,,,
2026-07-28,2026-07-28,CM,NSE,STK,5606,INE575C01027,INTLCONV,EQ,,,,,INTL CONVEYORS LIMITED,75.00,76.00,74.01,74.78,74.25,74.93,,74.78,,,28594,2148154.08,1028,F1,1,,,,,
2026-07-28,2026-07-28,CM,NSE,STK,28378,INE0Q9301021,IGIL,EQ,,,,,INTL GEMOLOGICAL INST LTD,333.00,333.00,327.50,328.75,328.00,329.70,,328.70,,,292537,96619342.15,15961,F1,1,,,,,
2026-07-28,2026-07-28,CM,NSE,STK,18479,INE566K01011,ISFT,EQ,,,,,INTRASOFT TECH. LTD,77.45,80.50,77.07,78.88,80.20,77.07,,78.89,,,15456,1219532.77,282,F1,1,,,,,
2026-07-28,2026-07-28,CM,NSE,STK,24870,INE878H01024,INVENTURE,EQ,,,,,INVENTURE GRO & SEC LTD,0.92,0.94,0.91,0.92,0.92,0.91,,0.92,,,743953,687301.57,266,F1,1,,,,,
2026-07-28,2026-07-28,CM,NSE,STK,28125,INE115Q01022,IKS,EQ,,,,,INVENTURUS KNOWLEDGE SO L,1835.00,1857.80,1811.50,1819.60,1813.50,1829.00,,1819.60,,,68747,125734707.00,10805,F1,1,,,,,
2026-07-28,2026-07-28,CM,NSE,STK,18292,INF205KA1BP1,IVZINGOLD,EQ,,,,,INVESCO INDIA GOLD ETF,124.00,124.00,121.00,122.20,122.50,125.00,,122.05,,,12069,1481822.85,160,F1,1,,,,,
2026-07-28,2026-07-28,CM,NSE,STK,24217,INF205K01DA9,IVZINNIFTY,EQ,,,,,INVESCO INDIA NIFTY ETF,2750.00,2766.45,2747.88,2754.23,2756.46,2752.73,,2754.23,,,1464,4030798.56,64,F1,1,,,,,
2026-07-28,2026-07-28,CM,NSE,STK,762725,INE155E01016,INVPRECQ,BE,,,,,INVESTMENT & PREC CAST L,985.00,1019.55,965.00,1015.00,1019.55,971.00,,1019.70,,,18105,18368315.70,242,F1,1,,,,,
2026-07-28,2026-07-28,CM,NSE,STK,760142,INE0XJ501010,INVICTA,ST,,,,,INVICTA DIAGNOSTIC LTD,66.00,66.00,66.00,66.00,66.00,66.75,,66.00,,,1600,105600.00,1,F1,1600,,,,,
2026-07-28,2026-07-28,CM,NSE,STK,20413,INE485C01029,IOLCP,EQ,,,,,IOL CHEM AND PHARMA LTD,151.48,152.80,145.79,147.15,147.84,151.46,,147.14,,,992986,147702017.82,9525,F1,1,,,,,
2026-07-28,2026-07-28,CM,NSE,STK,1630,INE570A01022,IONEXCHANG,EQ,,,,,ION EXCHANGE (INDIA) LTD,427.40,428.30,416.50,418.75,420.90,427.40,,418.75,,,269288,113298504.40,13148,F1,1,,,,,
2026-07-28,2026-07-28,CM,NSE,STK,1633,INE571A01038,IPCALAB,EQ,,,,,IPCA LABORATORIES LTD,1790.00,1804.20,1725.00,1789.00,1775.00,1777.60,,1788.80,,,238234,421422686.60,25030,F1,1,,,,,
2026-07-28,2026-07-28,CM,NSE,STK,15313,INE821I01022,IRB,EQ,,,,,IRB INFRA DEV LTD.,19.60,19.60,19.36,19.45,19.50,19.62,,19.45,,,4808149,93589188.38,13788,F1,1,,,,,
2026-07-28,2026-07-28,CM,NSE,STK,20817,INE183W23014,IRBINVIT,IV,,,,,IRB INVIT FUND,61.80,62.25,61.70,62.10,62.16,63.47,,62.10,,,670830,41641799.92,5021,F1,1,,,,,
2026-07-28,2026-07-28,CM,NSE,STK,4986,INE962Y01021,IRCON,EQ,,,,,IRCON INTERNATIONAL LTD,125.76,126.39,124.25,124.52,124.60,126.48,,124.52,,,690727,86451044.22,10949,F1,1,,,,,
2026-07-28,2026-07-28,CM,NSE,STK,1391,INE202E07138,880IREDA29,N5,,,,,IREDA 8.80NCDTR I SR II B,1106.10,1106.10,1105.31,1105.31,1105.31,1108.25,,1120.00,,,17,18791.85,2,F1,1,,,,,
2026-07-28,2026-07-28,CM,NSE,STK,1393,INE202E07153,880IREDA34,N6,,,,,IREDA 8.80NCDTR I SR IIIB,1260.00,1260.00,1260.00,1260.00,1260.00,1260.00,,1260.00,,,110,138600.00,2,F1,1,,,,,
2026-07-28,2026-07-28,CM,NSE,STK,2275,INE01GN01025,IRISDOREME,EQ,,,,,IRIS CLOTHINGS LIMITED,49.00,50.00,47.82,48.32,48.94,48.29,,48.32,,,505246,24694751.41,3866,F1,1,,,,,
2026-07-28,2026-07-28,CM,NSE,STK,6489,INE864K01010,IRIS,EQ,,,,,IRIS REGTECH SOLUTION LTD,245.00,247.65,235.10,237.90,240.00,244.25,,238.05,,,21402,5124473.85,919,F1,1,,,,,
2026-07-28,2026-07-28,CM,NSE,STK,19597,INE07U701015,IRMENERGY,EQ,,,,,IRM ENERGY LIMITED,258.80,260.30,255.00,255.95,255.20,258.80,,255.95,,,32215,8282469.60,1226,F1,1,,,,,
2026-07-28,2026-07-28,CM,NSE,STK,757708,INE413U07426,950ISF27C,N0,,,,,ISF 9.50% 2027,9910.00,9910.00,9910.00,9910.00,9910.00,9960.00,,9910.00,,,6,59460.00,2,F1,1,,,,,
2026-07-28,2026-07-28,CM,NSE,STK,3329,INE858B01029,ISGEC,EQ,,,,,ISGEC HEAVY ENG LTD,863.50,863.55,843.00,845.70,847.60,859.25,,845.65,,,10096,8587865.45,1689,F1,1,,,,,
2026-07-28,2026-07-28,CM,NSE,STK,30249,INE561M01018,ISHANCH,EQ,,,,,ISHAN DYES N CHEMICALS L,52.64,52.68,51.50,51.58,52.00,52.64,,51.60,,,7759,401992.16,109,F1,1,,,,,
2026-07-28,2026-07-28,CM,NSE,STK,10995,INE0LCW01025,ISHAN,SM,,,,,ISHAN INTERNATIONAL LTD,0.50,0.50,0.45,0.45,0.45,0.50,,0.45,,,336000,160800.00,4,F1,48000,,,,,
2026-07-28,2026-07-28,CM,NSE,STK,22645,INE0R7R01018,ITALIANE,SM,,,,,ITALIAN EDIBLES LIMITED,31.85,31.85,31.85,31.85,31.85,31.85,,31.85,,,2000,63700.00,1,F1,2000,,,,,
2026-07-28,2026-07-28,CM,NSE,STK,29251,INE379A01028,ITCHOTELS,EQ,,,,,ITC HOTELS LIMITED,165.99,165.99,160.63,161.01,161.00,165.43,,161.01,,,2460534,398366704.31,37615,F1,1,,,,,
2026-07-28,2026-07-28,CM,NSE,STK,1660,INE154A01025,ITC,EQ,,,,,ITC LTD,284.90,287.95,282.30,284.65,285.00,285.85,,284.65,,,14843878,4230575780.05,278823,F1,1,,,,,
2026-07-28,2026-07-28,CM,NSE,STK,1675,INE248A01017,ITI,EQ,,,,,ITI LTD,276.80,276.90,273.00,273.40,273.85,276.10,,273.40,,,97156,26644860.65,3411,F1,1,,,,,
2026-07-28,2026-07-28,CM,NSE,STK,759041,INE056801025,IVALUE,EQ,,,,,IVALUE INFOSOLUTIONS LTD,290.00,290.75,281.50,284.45,284.85,288.90,,284.45,,,181576,51901133.75,5583,F1,1,,,,,
2026-07-28,2026-07-28,CM,NSE,STK,8857,INE043C01018,IVP,BE,,,,,IVP LIMITED,154.28,158.00,151.50,152.51,151.50,154.28,,152.74,,,2617,401971.24,56,F1,1,,,,,
2026-07-28,2026-07-28,CM,NSE,STK,757644,INE1AII01014,IWARE,ST,,,,,IWARE SUPPLYCHAIN SER LTD,451.05,469.90,451.05,466.15,469.90,472.75,,466.15,,,12000,5562270.00,18,F1,600,,,,,
2026-07-28,2026-07-28,CM,NSE,STK,14174,INE848A01014,IZMO,EQ,,,,,IZMO LIMITED,1115.00,1151.80,1084.00,1095.90,1090.00,1104.00,,1095.90,,,148469,167362623.30,9101,F1,1,,,,,
2026-07-28,2026-07-28,CM,NSE,STK,5633,INE168A01041,J&KBANK,EQ,,,,,J & K BANK LTD.,177.39,180.00,173.73,177.30,177.99,177.51,,177.30,,,3784227,668936965.31,32280,F1,1,,,,,
2026-07-28,2026-07-28,CM,NSE,STK,23056,INE0MB501011,JGCHEM,EQ,,,,,J.G.CHEMICALS LIMITED,509.40,527.00,498.35,506.95,504.50,507.75,,506.95,,,257368,132073768.10,7931,F1,1,,,,,
2026-07-28,2026-07-28,CM,NSE,STK,13211,INE199G01027,JAGRAN,EQ,,,,,JAGRAN PRAKASHAN LIMITED,62.58,62.75,61.90,62.17,62.26,62.31,,62.17,,,194379,12085648.07,3593,F1,1,,,,,
2026-07-28,2026-07-28,CM,NSE,STK,4410,INE048B01035,JAGSNPHARM,EQ,,,,,JAGSONPAL PHARMACEUTICALS,229.00,229.56,222.46,224.06,222.46,229.61,,224.06,,,39188,8826468.27,1582,F1,1,,,,,
2026-07-28,2026-07-28,CM,NSE,STK,14076,INE091G01026,JAIBALAJI,BE,,,,,JAI BALAJI INDUSTRIES LTD,61.50,61.90,59.00,60.54,60.02,61.34,,60.54,,,312448,18829647.03,911,F1,1,,,,,
2026-07-28,2026-07-28,CM,NSE,STK,5143,INE070D01027,JAICORPLTD,EQ,,,,,JAI CORP LIMITED,102.75,102.86,100.00,100.37,100.50,102.69,,100.37,,,185946,18786414.49,2489,F1,1,,,,,
2026-07-28,2026-07-28,CM,NSE,STK,25684,IN9175A01010,JISLDVREQS,EQ,,,,,JAIN DVR EQUITY SHARES,21.40,22.39,21.25,22.00,22.00,21.92,,22.00,,,38672,845145.99,209,F1,1,,,,,
2026-07-28,2026-07-28,CM,NSE,STK,10397,INE175A01038,JISLJALEQS,EQ,,,,,JAIN IRRIGATION SYSTEMS,30.40,30.63,30.00,30.07,30.09,30.43,,30.07,,,1283531,38830411.36,5934,F1,1,,,,,
2026-07-28,2026-07-28,CM,NSE,STK,759244,INE0YD401026,JAINREC,EQ,,,,,JAIN RESOURCE RECYCLING L,338.40,340.00,331.45,337.95,336.90,338.45,,337.95,,,712395,239332327.80,16880,F1,1,,,,,
2026-07-28,2026-07-28,CM,NSE,STK,6012,INE02KC01010,JAINAM,SM,,,,,JAINAM FER ALLOYS (I) LTD,246.75,246.75,246.75,246.75,246.75,235.00,,246.75,,,500,123375.00,1,F1,500,,,,,
2026-07-28,2026-07-28,CM,NSE,STK,758303,INE0XIL01012,JAINIK,SM,,,,,JAINIK POWER CABLES LTD,175.00,180.00,175.00,180.00,180.00,178.40,,180.00,,,8400,1504920.00,6,F1,1200,,,,,
2026-07-28,2026-07-28,CM,NSE,STK,11763,INE351F01018,JPPOWER,EQ,,,,,JAIPRAKASH POWER VEN. LTD,17.02,17.21,16.89,16.92,16.91,17.01,,16.92,,,27062571,459907799.92,21214,F1,1,,,,,
2026-07-28,2026-07-28,CM,NSE,STK,20930,INE349X01015,JALAN,ST,,,,,JALAN TRANSOLU. INDIA LTD,1.60,1.60,1.60,1.60,1.60,1.60,,1.60,,,42000,67200.00,10,F1,3000,,,,,
2026-07-28,2026-07-28,CM,NSE,STK,20778,INE039C01032,JAMNAAUTO,EQ,,,,,JAMNA AUTO IND LTD,135.00,135.44,131.56,131.90,131.75,135.06,,131.90,,,771168,102591662.76,8191,F1,1,,,,,
2026-07-28,2026-07-28,CM,NSE,STK,22663,INE953L01027,JSFB,EQ,,,,,JANA SMALL FIN BANK LTD,539.95,544.95,527.85,531.10,534.60,537.25,,531.10,,,410878,219805088.50,13886,F1,1,,,,,
2026-07-28,2026-07-28,CM,NSE,STK,759951,INE00YJ01010,JARO,EQ,,,,,JARO INS OF TEC MG N RE L,480.05,501.00,469.10,485.15,487.00,478.55,,484.95,,,185909,90211476.20,7085,F1,1,,,,,
2026-07-28,2026-07-28,CM,NSE,STK,13982,INE039O01029,JASH,EQ,,,,,JASH ENGINEERING LIMITED,518.95,518.95,503.15,507.50,508.00,516.80,,507.45,,,59175,30069536.15,4062,F1,1,,,,,
2026-07-28,2026-07-28,CM,NSE,STK,25037,INE0SMY01017,JAYBEE,SM,,,,,JAY BEE LAMINATIONS LTD,87.55,94.00,87.55,90.00,90.00,89.90,,90.00,,,18500,1689075.00,34,F1,500,,,,,
2026-07-28,2026-07-28,CM,NSE,STK,1708,INE571B01036,JAYBARMARU,EQ,,,,,JAY BHARAT MARUTI LTD,171.50,171.99,160.95,161.05,160.95,169.42,,161.06,,,594143,97272618.08,5979,F1,1,,,,,
2026-07-28,2026-07-28,CM,NSE,STK,10889,INE0J6801010,KORE,SM,,,,,JAY JALARAM TECHNO LTD,180.00,180.00,172.50,180.00,180.00,177.20,,180.00,,,9250,1649225.00,19,F1,250,,,,,
2026-07-28,2026-07-28,CM,NSE,STK,4041,INE785A01026,JAYAGROGN,EQ,,,,,JAYANT AGRO ORGANICS LTD,237.00,237.00,226.95,230.10,231.79,232.68,,230.10,,,25991,6027507.24,1276,F1,1,,,,,
2026-07-28,2026-07-28,CM,NSE,STK,2331,INE854B01010,JAYNECOIND,EQ,,,,,JAYASWAL NECO INDUSTR LTD,87.36,90.00,86.40,88.36,88.25,87.58,,88.37,,,5700491,503458583.95,28898,F1,1,,,,,
2026-07-28,2026-07-28,CM,NSE,STK,759159,INE1AE401014,JAYESH,SM,,,,,JAYESH LOGISTICS LIMITED,130.05,130.05,130.00,130.00,130.00,140.00,,130.00,,,2000,260050.00,2,F1,1000,,,,,
2026-07-28,2026-07-28,CM,NSE,STK,760073,INE903A01025,JAYKAY,EQ,,,,,JAYKAY ENTERPRISES LTD,168.83,168.83,160.00,161.65,161.80,167.99,,161.68,,,140212,22753099.42,2631,F1,1,,,,,
2026-07-28,2026-07-28,CM,NSE,STK,1720,INE364A01020,JAYSREETEA,EQ,,,,,JAYSHREE TEA & INDUSTRIES,80.53,81.79,80.53,80.95,80.90,80.53,,80.95,,,9606,777948.62,204,F1,1,,,,,
2026-07-28,2026-07-28,CM,NSE,STK,11655,INE927D01051,JBMA,EQ,,,,,JBM AUTO LIMITED,662.00,675.50,657.30,659.05,660.00,665.00,,659.05,,,132304,87776616.80,8448,F1,1,,,,,
2026-07-28,2026-07-28,CM,NSE,STK,758115,INE0J5801029,JSLL,EQ,,,,,JEENA SIKHO LIFECARE LTD,562.05,572.25,553.00,564.45,566.75,565.35,,564.50,,,581139,326814317.35,17718,F1,1,,,,,
2026-07-28,2026-07-28,CM,NSE,STK,7211,INE982V01025,JETFREIGHT,EQ,,,,,JET FREIGHT LOGISTICS LTD,23.70,24.70,23.03,23.88,23.90,23.44,,23.87,,,115516,2717218.62,643,F1,1,,,,,
2026-07-28,2026-07-28,CM,NSE,STK,25150,INE0RXB01022,JEYYAM,ST,,,,,JEYYAM GLOBAL FOODS LTD,25.25,25.25,25.00,25.00,25.00,26.00,,25.00,,,8000,201400.00,4,F1,2000,,,,,
2026-07-28,2026-07-28,CM,NSE,STK,10885,INE0LA901015,JFLLIFE,SM,,,,,JFL LIFE SCIENCES LIMITED,11.70,11.80,11.70,11.80,11.80,11.25,,11.80,,,48000,565500.00,7,F1,6000,,,,,
2026-07-28,2026-07-28,CM,NSE,STK,13720,INE544H01014,JHS,EQ,,,,,JHS SVEND. LAB. LTD,7.33,7.64,7.33,7.57,7.63,7.40,,7.56,,,27440,206007.26,135,F1,1,,,,,
2026-07-28,2026-07-28,CM,NSE,STK,24145,INE03DD01011,RETAIL,EQ,,,,,JHS SVENDGAARD RETAIL V L,17.40,17.48,16.70,16.79,16.75,17.51,,16.79,,,1622,27334.41,38,F1,1,,,,,
2026-07-28,2026-07-28,CM,NSE,STK,31507,INE147P01019,JPOLYINVST,EQ,,,,,JIND POL INV & FIN CO LTD,1041.00,1050.80,1019.90,1030.60,1026.40,1043.10,,1030.60,,,4015,4156233.00,555,F1,1,,,,,
2026-07-28,2026-07-28,CM,NSE,STK,13875,INE742C01031,JINDRILL,EQ,,,,,JINDAL DRILLING IND. LTD,594.35,597.60,580.10,583.90,581.10,594.35,,583.90,,,75406,44352755.95,2701,F1,1,,,,,
2026-07-28,2026-07-28,CM,NSE,STK,11743,INE796G01012,JINDALPHOT,EQ,,,,,JINDAL PHOTO LIMITED,1063.50,1099.00,1051.00,1057.10,1065.00,1063.40,,1058.40,,,3351,3594952.70,483,F1,1,,,,,
2026-07-28,2026-07-28,CM,NSE,STK,1756,INE197D01010,JINDALPOLY,EQ,,,,,JINDAL POLY FILMS LIMITED,639.15,645.50,625.10,630.10,638.00,635.40,,630.20,,,13576,8621189.30,944,F1,1,,,,,
2026-07-28,2026-07-28,CM,NSE,STK,3024,INE324A01032,JINDALSAW,EQ,,,,,JINDAL SAW LIMITED,251.85,258.00,246.50,257.15,257.70,250.85,,257.15,,,1295088,327165316.95,26865,F1,1,,,,,
2026-07-28,2026-07-28,CM,NSE,STK,11236,INE220G01021,JSL,EQ,,,,,JINDAL STAINLESS LIMITED,724.00,732.80,717.00,724.30,727.00,724.00,,724.30,,,585587,424079347.45,26372,F1,1,,,,,
2026-07-28,2026-07-28,CM,NSE,STK,6733,INE749A01030,JINDALSTEL,EQ,,,,,JINDAL STEEL LIMITED,1072.00,1072.00,1051.50,1054.40,1053.50,1065.70,,1054.40,,,957009,1010678740.00,25955,F1,1,,,,,
2026-07-28,2026-07-28,CM,NSE,STK,20642,INE247D01039,JINDWORLD,EQ,,,,,JINDAL WORLDWIDE LTD,38.82,39.94,38.01,39.03,38.62,39.43,,39.03,,,14744968,575337772.50,34052,F1,1,,,,,
2026-07-28,2026-07-28,CM,NSE,STK,759206,INE1FF001016,JKIPL,BE,,,,,JINKUSHAL INDUSTRIES LTD,94.94,98.00,94.94,97.76,98.00,96.88,,97.76,,,7844,755868.59,79,F1,1,,,,,
2026-07-28,2026-07-28,CM,NSE,STK,18143,INE758E01017,JIOFIN,EQ,,,,,JIO FIN SERVICES LTD,236.00,239.21,235.51,237.08,237.50,236.17,,237.08,,,11263195,2672724599.46,85415,F1,1,,,,,
2026-07-28,2026-07-28,CM,NSE,STK,19691,INE863T01013,JITFINFRA,EQ,,,,,JITF INFRALOGISTICS LTD,351.95,353.55,336.05,340.75,340.00,350.35,,340.80,,,29369,10090571.40,1249,F1,1,,,,,
2026-07-28,2026-07-28,CM,NSE,STK,13270,INE823G01014,JKCEMENT,EQ,,,,,JK CEMENT LIMITED,5730.00,5760.00,5581.00,5642.50,5632.00,5730.00,,5642.50,,,57370,325827385.00,16435,F1,1,,,,,
2026-07-28,2026-07-28,CM,NSE,STK,13491,INE786A01032,JKLAKSHMI,EQ,,,,,JK LAKSHMI CEMENT LTD,574.20,583.00,557.10,562.95,561.35,574.20,,562.95,,,154550,87627025.60,9282,F1,1,,,,,
2026-07-28,2026-07-28,CM,NSE,STK,11860,INE789E01012,JKPAPER,EQ,,,,,JK PAPER LIMITED,410.00,427.00,390.50,394.70,392.35,414.55,,394.75,,,2674590,1093753605.00,52641,F1,1,,,,,
2026-07-28,2026-07-28,CM,NSE,STK,14435,INE573A01042,JKTYRE,EQ,,,,,JK TYRE & INDUSTRIES LTD,401.00,403.35,395.80,400.80,401.70,399.60,,400.80,,,479410,191748652.95,11509,F1,1,,,,,
2026-07-28,2026-07-28,CM,NSE,STK,15266,INE576I01022,JKIL,EQ,,,,,JKUMAR INFR.LTD.,487.55,488.90,480.10,480.95,480.20,489.00,,480.95,,,40237,19417138.30,4058,F1,1,,,,,
2026-07-28,2026-07-28,CM,NSE,STK,13637,INE780C01023,JMFINANCIL,EQ,,,,,JM FINANCIAL LIMITED,123.50,124.94,122.37,122.70,122.89,124.36,,122.70,,,857879,105606457.24,8623,F1,1,,,,,
2026-07-28,2026-07-28,CM,NSE,STK,23621,INE0OAF01028,JNKINDIA,EQ,,,,,JNK INDIA LIMITED,469.40,474.35,461.00,466.55,470.00,469.40,,466.60,,,114869,53723452.75,3189,F1,1,,,,,
2026-07-28,2026-07-28,CM,NSE,STK,16931,INE839G01010,JOCIL,BE,,,,,JOCIL LIMITED,147.50,148.50,141.50,145.00,145.00,148.00,,145.00,,,2102,309740.25,19,F1,1,,,,,
2026-07-28,2026-07-28,CM,NSE,STK,762623,INE515A01019,COCKERILL,EQ,,,,,JOHN COCKERILL INDIA LTD.,8900.00,8996.50,8670.50,8759.50,8785.00,8859.50,,8759.00,,,3453,30330035.00,1102,F1,1,,,,,
2026-07-28,2026-07-28,CM,NSE,STK,758460,INE718I01012,JSWCEMENT,EQ,,,,,JSW CEMENT LIMITED,134.49,134.96,133.41,134.22,134.15,134.41,,134.21,,,554961,74501592.77,9418,F1,1,,,,,
2026-07-28,2026-07-28,CM,NSE,STK,1467,INE133A01011,JSWDULUX,EQ,,,,,JSW DULUX LIMITED,2960.20,2960.20,2915.40,2929.20,2924.50,2944.00,,2929.20,,,4714,13808789.10,2037,F1,1,,,,,
2026-07-28,2026-07-28,CM,NSE,STK,17869,INE121E01018,JSWENERGY,EQ,,,,,JSW ENERGY LIMITED,548.90,548.90,540.05,544.25,545.20,549.70,,544.25,,,1974548,1074080100.25,26932,F1,1,,,,,
2026-07-28,2026-07-28,CM,NSE,STK,11880,INE824G01012,JSWHL,EQ,,,,,JSW HOLDINGS LIMITED,11051.00,11297.00,10801.00,10981.00,10900.00,10999.00,,10980.00,,,1506,16605336.00,734,F1,1,,,,,
2026-07-28,2026-07-28,CM,NSE,STK,19020,INE880J01026,JSWINFRA,EQ,,,,,JSW INFRASTRUCTURE LTD,322.00,324.25,317.40,318.20,317.40,321.80,,318.20,,,1676626,536858031.60,34841,F1,1,,,,,
2026-07-28,2026-07-28,CM,NSE,STK,11723,INE019A01038,JSWSTEEL,EQ,,,,,JSW STEEL LIMITED,1241.20,1259.90,1241.20,1246.90,1249.50,1244.60,,1246.90,,,1515691,1893752636.30,35941,F1,1,,,,,
2026-07-28,2026-07-28,CM,NSE,STK,3237,INE643A01035,JTEKTINDIA,EQ,,,,,JTEKT INDIA LIMITED,132.27,136.50,132.22,135.17,134.98,133.29,,135.15,,,219730,29522702.99,3782,F1,1,,,,,
2026-07-28,2026-07-28,CM,NSE,STK,7287,INE391J01032,JTLIND,EQ,,,,,JTL INDUSTRIES LIMITED,72.89,73.54,71.40,71.73,71.81,73.18,,71.73,,,600862,43323851.64,4794,F1,1,,,,,
2026-07-28,2026-07-28,CM,NSE,STK,29590,INE03CC01015,JUBLCPL,EQ,,,,,JUBILANT AGRI N CON PRO L,1885.00,1885.00,1802.10,1811.50,1805.00,1876.70,,1811.50,,,4235,7747811.60,637,F1,1,,,,,
2026-07-28,2026-07-28,CM,NSE,STK,18096,INE797F01020,JUBLFOOD,EQ,,,,,JUBILANT FOODWORKS LTD,430.00,433.95,427.60,432.20,431.35,427.45,,432.20,,,2680041,1155284647.05,33271,F1,1,,,,,
2026-07-28,2026-07-28,CM,NSE,STK,2783,INE0BY001018,JUBLINGREA,EQ,,,,,JUBILANT INGREVIA LIMITED,747.40,747.40,720.10,726.35,726.00,744.10,,726.35,,,236936,173779473.55,10406,F1,1,,,,,
2026-07-28,2026-07-28,CM,NSE,STK,3637,INE700A01033,JUBLPHARMA,EQ,,,,,JUBILANT PHARMOVA LTD,977.90,981.70,958.00,963.45,964.95,979.70,,963.45,,,126852,122420260.30,15098,F1,1,,,,,
2026-07-28,2026-07-28,CM,NSE,STK,7109,INE412C01023,JMA,EQ,,,,,JULLUNDUR MOT AGENCY LTD,89.66,89.66,85.00,87.02,87.90,88.88,,87.02,,,5417,470744.80,169,F1,1,,,,,
2026-07-28,2026-07-28,CM,NSE,STK,22824,INE696F01016,JUNIPER,EQ,,,,,JUNIPER HOTELS LIMITED,200.00,200.00,193.42,194.95,196.00,198.01,,194.95,,,37624,7371339.19,1182,F1,1,,,,,
2026-07-28,2026-07-28,CM,NSE,STK,18553,INE682M01020,JLHL,EQ,,,,,JUPITER LIFE LINE HOSP L,327.30,336.00,318.30,328.30,325.00,327.00,,328.30,,,337443,111243674.50,12183,F1,1,,,,,
2026-07-28,2026-07-28,CM,NSE,STK,20224,INE209L01016,JWL,EQ,,,,,JUPITER WAGONS LIMITED,247.40,248.90,245.10,245.65,246.00,247.60,,245.65,,,288344,71098662.90,7487,F1,1,,,,,
2026-07-28,2026-07-28,CM,NSE,STK,29962,INE599M01018,JUSTDIAL,EQ,,,,,JUSTDIAL LTD.,718.70,734.70,710.90,728.30,730.00,718.70,,728.30,,,397329,288577155.55,9463,F1,1,,,,,
2026-07-28,2026-07-28,CM,NSE,STK,15146,INE668F01031,JYOTHYLAB,EQ,,,,,JYOTHY LABS LIMITED,201.90,207.45,201.21,203.72,204.25,201.98,,203.75,,,612862,125363727.39,16618,F1,1,,,,,
2026-07-28,2026-07-28,CM,NSE,STK,21334,INE980O01024,JYOTICNC,EQ,,,,,JYOTI CNC AUTOMATION LTD,801.90,820.30,795.90,806.45,807.00,803.75,,806.45,,,479307,387424199.00,17177,F1,1,,,,,
2026-07-28,2026-07-28,CM,NSE,STK,758221,INE1M3T01017,JYOTIGLOBL,SM,,,,,JYOTI GLOBAL PLAST LTD,33.80,35.30,33.80,35.30,35.30,36.00,,35.30,,,8000,278800.00,4,F1,2000,,,,,
2026-07-28,2026-07-28,CM,NSE,STK,1802,INE197A01024,JYOTISTRUC,EQ,,,,,JYOTI STRUCTURES LTD,10.99,11.10,10.51,10.74,10.60,10.94,,10.74,,,1590700,17259977.89,2078,F1,1,,,,,
2026-07-28,2026-07-28,CM,NSE,STK,14667,INE157H01023,KMSUGAR,EQ,,,,,K M SUGAR MILLS LTD,28.21,28.60,28.05,28.25,28.33,28.33,,28.25,,,89569,2534812.10,705,F1,1,,,,,
2026-07-28,2026-07-28,CM,NSE,STK,27079,INE127T01021,KPEL,EQ,,,,,K.P. ENERGY LIMITED,310.70,318.00,308.85,311.45,312.90,311.15,,311.45,,,188566,58991340.55,6099,F1,1,,,,,
2026-07-28,2026-07-28,CM,NSE,STK,23462,INE0DEZ01013,K2INFRA,ST,,,,,K2 INFRAGEN LIMITED,57.00,57.00,54.90,55.60,55.10,56.30,,55.60,,,7200,400950.00,12,F1,600,,,,,
2026-07-28,2026-07-28,CM,NSE,STK,1805,INE900B01029,KABRAEXTRU,EQ,,,,,KABRA EXTRUSION TECHNIK L,405.20,405.20,390.00,399.30,396.10,404.80,,399.20,,,132656,52716944.20,6059,F1,1,,,,,
2026-07-28,2026-07-28,CM,NSE,STK,29192,INE0XOW01017,KKJEWELS,SM,,,,,KABRA JEWELS LIMITED,103.10,112.05,103.10,112.00,112.00,106.90,,112.00,,,13000,1426650.00,13,F1,1000,,,,,
2026-07-28,2026-07-28,CM,NSE,STK,1808,INE217B01036,KAJARIACER,EQ,,,,,KAJARIA CERAMICS LTD,1212.00,1228.00,1205.10,1209.10,1208.60,1220.00,,1209.10,,,220253,266990824.50,16319,F1,1,,,,,
2026-07-28,2026-07-28,CM,NSE,STK,8945,INE437B01014,KAKATCEM,BE,,,,,KAKATIYA CEM SUGAR &IND L,120.35,120.35,116.60,117.17,120.00,120.34,,117.29,,,1387,163395.96,42,F1,1,,,,,
2026-07-28,2026-07-28,CM,NSE,STK,25443,INE0T0L01014,KALANA,SM,,,,,KALANA ISPAT LIMITED,18.40,18.75,18.40,18.75,18.75,17.60,,18.75,,,12000,222100.00,6,F1,2000,,,,,
2026-07-28,2026-07-28,CM,NSE,STK,758558,INE227J01012,KALPATARU,EQ,,,,,KALPATARU LIMITED,267.00,272.25,266.00,270.40,270.10,267.00,,270.40,,,2657198,718474071.40,2920,F1,1,,,,,
2026-07-28,2026-07-28,CM,NSE,STK,1814,INE220B01022,KPIL,EQ,,,,,KALPATARU PROJECT INT LTD,1300.00,1300.60,1258.20,1265.50,1266.00,1298.40,,1265.50,,,91791,117129827.50,11520,F1,1,,,,,
2026-07-28,2026-07-28,CM,NSE,STK,2955,INE303R01014,KALYANKJIL,EQ,,,,,KALYAN JEWELLERS IND LTD,565.00,611.00,565.00,608.35,608.20,564.60,,608.40,,,36154077,21443862272.60,280440,F1,1,,,,,
2026-07-28,2026-07-28,CM,NSE,STK,15156,INE314G01014,KALYANIFRG,EQ,,,,,KALYANI FORGE LIMITED,600.00,613.90,590.40,606.50,603.30,604.00,,606.45,,,1368,826859.25,61,F1,1,,,,,
2026-07-28,2026-07-28,CM,NSE,STK,21119,INE029L01018,KICL,EQ,,,,,KALYANI INVEST CO LTD,5418.50,5430.00,5370.00,5396.50,5380.00,5445.50,,5396.50,,,312,1681484.50,98,F1,1,,,,,
2026-07-28,2026-07-28,CM,NSE,STK,18889,INE907A01026,KSL,EQ,,,,,KALYANI STEELS LIMITED,894.00,914.90,890.15,906.45,900.85,895.95,,906.50,,,23315,21072467.10,1851,F1,1,,,,,
2026-07-28,2026-07-28,CM,NSE,STK,762732,INE411F01010,KAMAHOLD,EQ,,,,,KAMA HOLDINGS LTD.,2543.10,2563.80,2502.00,2521.20,2524.00,2543.50,,2516.70,,,1033,2621055.20,295,F1,1,,,,,
2026-07-28,2026-07-28,CM,NSE,STK,1826,INE967C01018,KAMATHOTEL,EQ,,,,,KAMAT HOTELS (I) LTD,170.80,171.63,166.41,167.22,166.50,169.83,,167.21,,,15820,2668823.68,943,F1,1,,,,,
2026-07-28,2026-07-28,CM,NSE,STK,13461,INE390H01020,KAMDHENU,BE,,,,,KAMDHENU LIMITED,37.00,37.06,34.93,35.80,35.80,36.76,,35.87,,,962270,34842194.85,1081,F1,1,,,,,
2026-07-28,2026-07-28,CM,NSE,STK,13814,INE0BTI01037,KAMOPAINTS,EQ,,,,,KAMDHENU VENTURES LIMITED,4.67,4.67,4.52,4.59,4.60,4.61,,4.59,,,147291,675935.34,456,F1,1,,,,,
2026-07-28,2026-07-28,CM,NSE,STK,25786,INE879E01037,KANANIIND,EQ,,,,,KANANI INDUSTRIES LTD,1.51,1.53,1.47,1.49,1.48,1.51,,1.49,,,127468,190547.78,201,F1,1,,,,,
2026-07-28,2026-07-28,CM,NSE,STK,762740,INE081G01019,KANCHI,BE,,,,,KANCHI KARPOORAM LTD.,369.80,370.00,356.30,367.05,369.95,370.90,,367.05,,,1312,482599.40,35,F1,1,,,,,
2026-07-28,2026-07-28,CM,NSE,STK,11208,INE0MOT01016,KANDARP,SM,,,,,KANDARP DG SMART BPO LTD,100.00,100.00,92.50,92.50,92.50,96.70,,92.50,,,3000,285000.00,3,F1,1000,,,,,
2026-07-28,2026-07-28,CM,NSE,STK,9805,INE138C01024,KANORICHEM,BE,,,,,KANORIACHEMICALS-,160.50,162.00,151.75,156.47,158.30,159.73,,156.47,,,60635,9526364.12,314,F1,1,,,,,
2026-07-28,2026-07-28,CM,NSE,STK,1782,INE694E01014,KANPRPLA,EQ,,,,,KANPUR PLASTIPACK LIMITED,221.56,224.09,209.50,217.52,220.00,224.54,,217.54,,,69249,14804491.88,2234,F1,1,,,,,
2026-07-28,2026-07-28,CM,NSE,STK,1196,INE531A01024,KANSAINER,EQ,,,,,KANSAI NEROLAC PAINTS LTD,203.88,205.20,197.25,198.26,197.95,203.88,,198.26,,,315293,63364427.65,9179,F1,1,,,,,
2026-07-28,2026-07-28,CM,NSE,STK,18967,INE542Z01028,KAPSTON,EQ,,,,,KAPSTON SERVICES LIMITED,455.30,459.85,448.00,449.85,450.05,460.20,,449.85,,,24887,11273331.40,1582,F1,1,,,,,
2026-07-28,2026-07-28,CM,NSE,STK,24385,INE725L01011,KARMAENG,EQ,,,,,KARMA ENERGY LIMITED,38.11,38.11,37.42,38.03,38.11,37.81,,38.03,,,1381,52530.83,36,F1,1,,,,,
2026-07-28,2026-07-28,CM,NSE,STK,8054,INE614B01018,KTKBANK,EQ,,,,,KARNATAKA BANK LIMITED,286.95,287.00,275.70,276.75,278.10,285.55,,276.75,,,2855837,797428726.65,30551,F1,1,,,,,
2026-07-28,2026-07-28,CM,NSE,STK,19465,INE0MGA01012,KARNIKA,SM,,,,,KARNIKA INDUSTRIES LTD,113.95,115.50,113.00,114.90,114.90,111.85,,114.90,,,8000,913300.00,7,F1,1000,,,,,
2026-07-28,2026-07-28,CM,NSE,STK,1838,INE036D01028,KARURVYSYA,EQ,,,,,KARUR VYSYA BANK LTD,338.00,340.40,334.00,338.40,337.85,339.65,,338.40,,,2548741,860905479.65,89534,F1,1,,,,,
2026-07-28,2026-07-28,CM,NSE,STK,24528,INE0SVY01018,KATARIA,SM,,,,,KATARIA INDUSTRIES LTD,98.65,98.65,97.50,97.75,97.70,99.95,,97.75,,,5400,530250.00,8,F1,600,,,,,
2026-07-28,2026-07-28,CM,NSE,STK,15140,INE234I01028,KAUSHALYA,BE,,,,,KAUSHALYA INFRA DEV LTD.,919.00,919.00,882.00,910.00,910.00,909.50,,891.10,,,41,36653.60,17,F1,1,,,,,
2026-07-28,2026-07-28,CM,NSE,STK,21186,INE0Q2V01012,KLL,SM,,,,,KAUSHALYA LOGISTICS LTD,28.50,28.50,28.15,28.15,28.15,28.15,,28.15,,,3200,90640.00,3,F1,800,,,,,
2026-07-28,2026-07-28,CM,NSE,STK,14972,INE455I01029,KSCL,EQ,,,,,KAVERI SEED CO. LTD.,834.40,838.00,823.00,825.55,827.65,832.70,,825.60,,,21385,17687784.65,1284,F1,1,,,,,
2026-07-28,2026-07-28,CM,NSE,STK,15244,INE641C01019,KAVDEFENCE,EQ,,,,,KAVVERI DFS & WIR TEC LTD,57.37,58.30,56.00,56.41,56.06,57.37,,56.41,,,48185,2753895.93,950,F1,1,,,,,
2026-07-28,2026-07-28,CM,NSE,STK,21173,INE0RCG01017,KCEIL,SM,,,,,KAY CEE ENERGY & INFRA L,91.05,92.00,90.25,91.50,91.50,92.65,,91.50,,,6500,593325.00,13,F1,500,,,,,
2026-07-28,2026-07-28,CM,NSE,STK,10276,INE587G01015,KAYA,EQ,,,,,KAYA LIMITED,280.10,290.00,280.10,284.46,285.00,282.22,,284.44,,,13516,3856036.77,556,F1,1,,,,,
2026-07-28,2026-07-28,CM,NSE,STK,12092,INE918Z01012,KAYNES,EQ,,,,,KAYNES TECHNOLOGY IND LTD,3183.00,3250.00,3162.10,3227.70,3250.00,3181.30,,3227.80,,,647430,2077116626.10,39693,F1,1,,,,,
2026-07-28,2026-07-28,CM,NSE,STK,758868,INE13ZD01013,KAYTEX,SM,,,,,KAYTEX FABRICS LIMITED,56.25,59.75,56.25,57.50,57.50,58.50,,57.50,,,16000,935480.00,15,F1,800,,,,,
2026-07-28,2026-07-28,CM,NSE,STK,10293,INE0J1E01027,KCK,SM,,,,,KCK INDUSTRIES LTD,17.50,18.00,17.35,17.45,17.45,17.30,,17.45,,,912500,16008125.00,118,F1,2500,,,,,
2026-07-28,2026-07-28,CM,NSE,STK,1841,INE805C01028,KCP,EQ,,,,,KCP LTD,163.25,164.48,161.10,161.36,162.00,162.55,,161.30,,,79261,12895742.35,1673,F1,1,,,,,
2026-07-28,2026-07-28,CM,NSE,STK,4809,INE790B01024,KCPSUGIND,EQ,,,,,KCP SUGAR IND CORP LTD.,32.74,32.74,30.01,30.91,30.50,32.08,,30.89,,,792584,24673191.62,4178,F1,1,,,,,
2026-07-28,2026-07-28,CM,NSE,STK,14908,INE291D01011,KDDL,EQ,,,,,KDDL LIMITED,3117.00,3145.00,3087.40,3124.70,3130.00,3119.00,,3124.60,,,7359,22974144.10,1583,F1,1,,,,,
2026-07-28,2026-07-28,CM,NSE,STK,13260,INE389H01022,KEC,EQ,,,,,KEC INTL. LIMITED,465.05,468.70,460.30,466.00,464.90,464.60,,466.00,,,918875,426614357.40,29874,F1,1,,,,,
2026-07-28,2026-07-28,CM,NSE,STK,13310,INE878B01027,KEI,EQ,,,,,KEI INDUSTRIES LTD.,4853.00,4876.50,4821.00,4843.00,4840.50,4873.00,,4843.00,,,278239,1348756003.00,27399,F1,1,,,,,
2026-07-28,2026-07-28,CM,NSE,STK,13430,INE164B01030,KELLTONTEC,EQ,,,,,KELLTON TECH SOL LTD,14.14,14.60,14.02,14.20,14.20,14.10,,14.20,,,2461043,34946868.50,5330,F1,1,,,,,
2026-07-28,2026-07-28,CM,NSE,STK,29547,INE15DO01012,KEN,SM,,,,,KEN ENTERPRISES LIMITED,35.00,36.00,35.00,35.60,35.60,35.20,,35.60,,,10800,385020.00,9,F1,1200,,,,,
2026-07-28,2026-07-28,CM,NSE,STK,11841,INE717A01029,KENNAMET,EQ,,,,,KENNAMETAL INDIA LIMITED,2857.00,2898.00,2832.20,2886.30,2892.00,2837.30,,2886.30,,,7540,21601895.60,1151,F1,1,,,,,
2026-07-28,2026-07-28,CM,NSE,STK,13121,INE202H01019,KERNEX,EQ,,,,,KERNEX MICROSYS(I) LTD,2344.00,2362.00,2260.00,2282.40,2289.90,2321.20,,2282.40,,,125407,289577072.70,10491,F1,1,,,,,
2026-07-28,2026-07-28,CM,NSE,STK,4981,INE087A01019,KESORAMIND,BE,,,,,KESORAM INDUSTRIES LTD,11.30,11.57,11.00,11.02,11.18,11.45,,11.02,,,372491,4203689.34,640,F1,1,,,,,
2026-07-28,2026-07-28,CM,NSE,STK,13381,INE401H01017,KKCL,EQ,,,,,KEWAL KIRAN CLOTHING LTD,502.45,508.65,497.00,497.20,497.10,501.95,,497.20,,,11484,5737156.75,499,F1,1,,,,,
2026-07-28,2026-07-28,CM,NSE,STK,4157,INE681C01015,KEYFINSERV,EQ,,,,,KEYNOTE FIN SERV LTD.,255.52,266.00,255.52,258.49,256.02,259.08,,258.49,,,2539,657744.45,81,F1,1,,,,,
2026-07-28,2026-07-28,CM,NSE,STK,12219,INE263M01029,RUSTOMJEE,EQ,,,,,KEYSTONE REALTORS LIMITED,409.60,413.25,406.40,409.45,407.00,409.60,,409.45,,,12723,5224210.50,848,F1,1,,,,,
2026-07-28,2026-07-28,CM,NSE,STK,13359,INE138Y01010,KFINTECH,EQ,,,,,KFIN TECHNOLOGIES LIMITED,948.00,982.50,941.00,973.75,968.90,949.25,,973.70,,,3583217,3460418740.70,85049,F1,1,,,,,
2026-07-28,2026-07-28,CM,NSE,STK,433,INE834I01025,KHADIM,BE,,,,,KHADIM INDIA LIMITED,94.50,96.50,93.01,94.86,95.75,93.71,,94.86,,,8320,790966.12,131,F1,1,,,,,
2026-07-28,2026-07-28,CM,NSE,STK,9582,INE731C01018,KHAITANLTD,BE,,,,,KHAITAN (INDIA)LTD.,130.00,131.00,130.00,130.00,130.00,130.83,,130.00,,,1035,134637.24,15,F1,1,,,,,
2026-07-28,2026-07-28,CM,NSE,STK,896,INE745B01028,KHAICHEM,EQ,,,,,KHAITAN CHEM & FERT LTD,49.01,49.50,47.50,48.08,47.65,48.86,,48.04,,,68447,3317302.95,751,F1,1,,,,,
2026-07-28,2026-07-28,CM,NSE,STK,9641,INE060B01014,KHANDSE,EQ,,,,,KHANDWALA SECURITIES LTD,17.01,18.00,16.60,16.75,16.65,17.20,,16.75,,,2388,40262.57,39,F1,1,,,,,
2026-07-28,2026-07-28,CM,NSE,STK,9570,INE00UG01014,KHFM,SM,,,,,KHFM HOS FAC MANA SER LTD,47.80,47.80,45.05,45.35,46.10,47.80,,45.35,,,12400,566137.50,8,F1,1550,,,,,
2026-07-28,2026-07-28,CM,NSE,STK,762747,INE338F01015,KLBRENG-B,EQ,,,,,KILBURN ENGINEERING LTD.,435.25,444.00,434.00,442.15,442.95,439.65,,442.05,,,24759,10877344.20,1540,F1,1,,,,,
2026-07-28,2026-07-28,CM,NSE,STK,19941,INE729D01010,KILITCH,BE,,,,,KILITCH DRUGS INDIA LTD,181.99,185.00,178.55,183.59,184.00,180.85,,183.59,,,28404,5203663.40,184,F1,1,,,,,
2026-07-28,2026-07-28,CM,NSE,STK,18944,INE473D01015,KINGFA,EQ,,,,,KINGFA SCI & TEC IND LTD.,5060.00,5115.50,4891.00,5016.00,5027.00,5128.50,,5016.00,,,10957,54653862.00,3250,F1,1,,,,,
2026-07-28,2026-07-28,CM,NSE,STK,19126,INE880L01014,KIOCL,EQ,,,,,KIOCL LIMITED,354.95,356.00,347.20,348.70,351.35,355.35,,348.70,,,32111,11264245.65,1953,F1,1,,,,,
2026-07-28,2026-07-28,CM,NSE,STK,762742,INE555P01013,KIRANVYPAR,EQ,,,,,KIRAN VYAPAR LTD.,203.01,210.00,191.00,201.52,192.00,201.00,,201.87,,,3149,638136.34,83,F1,1,,,,,
2026-07-28,2026-07-28,CM,NSE,STK,16639,INE415I01015,KIRIINDUS,EQ,,,,,KIRI INDUSTRIES LIMITED,410.95,412.40,402.40,404.00,404.75,410.80,,404.00,,,64614,26222407.40,1933,F1,1,,,,,
2026-07-28,2026-07-28,CM,NSE,STK,18581,INE732A01036,KIRLOSBROS,EQ,,,,,KIRLOSKAR BROTHERS LTD,1822.50,1866.40,1807.60,1856.30,1850.00,1833.50,,1856.20,,,69514,128159662.60,9395,F1,1,,,,,
2026-07-28,2026-07-28,CM,NSE,STK,18220,INE134B01017,KECL,EQ,,,,,KIRLOSKAR ELECTRIC CO LTD,143.00,147.00,138.50,142.93,142.97,137.33,,142.92,,,803330,114907497.20,7642,F1,1,,,,,
2026-07-28,2026-07-28,CM,NSE,STK,14466,INE884B01025,KIRLFER,EQ,,,,,KIRLOSKAR FERROUS IND LTD,485.75,489.40,462.20,478.45,479.70,480.95,,478.65,,,52013,25031013.75,2772,F1,1,,,,,
2026-07-28,2026-07-28,CM,NSE,STK,19025,INE250A01039,KIRLOSIND,EQ,,,,,KIRLOSKAR INDUSTRIES LTD,3800.00,3819.90,3720.00,3761.50,3760.00,3807.20,,3761.50,,,3590,13525822.60,761,F1,1,,,,,
2026-07-28,2026-07-28,CM,NSE,STK,20936,INE146L01010,KIRLOSENG,EQ,,,,,KIRLOSKAR OIL ENG LTD,2283.10,2283.10,2175.50,2192.20,2191.00,2283.10,,2192.20,,,365332,802539627.40,35716,F1,1,,,,,
2026-07-28,2026-07-28,CM,NSE,STK,15180,INE811A01020,KIRLPNU,EQ,,,,,KIRLOSKAR PNEUMATIC COM L,1484.60,1489.50,1430.00,1442.30,1440.00,1489.60,,1442.30,,,117696,171264576.70,11377,F1,1,,,,,
2026-07-28,2026-07-28,CM,NSE,STK,28899,INE602G01020,KITEX,EQ,,,,,KITEX GARMENTS LTD,147.00,147.95,144.01,145.03,145.52,147.18,,145.00,,,293102,42660410.13,4191,F1,1,,,,,
2026-07-28,2026-07-28,CM,NSE,STK,760923,INE0KNW01016,KNAGRI,EQ,,,,,KN AGRI RESOURCES LIMITED,223.50,223.50,213.31,219.57,218.00,221.46,,219.57,,,4294,944298.19,163,F1,1,,,,,
2026-07-28,2026-07-28,CM,NSE,STK,763839,INE17QZ01016,KNACK,EQ,,,,,KNACK PACKAGING LIMITED,197.00,198.50,189.45,191.00,191.75,197.35,,191.06,,,1441246,277493263.49,14463,F1,1,,,,,
2026-07-28,2026-07-28,CM,NSE,STK,27084,INE0CJD01029,KMEW,EQ,,,,,KNOWLEDGE MARINE & EN W L,2427.00,2529.90,2370.00,2516.00,2524.00,2427.80,,2516.10,,,93628,231942697.00,14533,F1,1,,,,,
2026-07-28,2026-07-28,CM,NSE,STK,758431,INE1JAR25012,KRT,RR,,,,,KNOWLEDGE REALTY TRUST,118.10,118.88,117.16,118.40,118.51,118.04,,118.41,,,213603,25238557.64,2311,F1,1,,,,,
2026-07-28,2026-07-28,CM,NSE,STK,15283,INE634I01029,KNRCON,EQ,,,,,KNR CONSTRU LTD.,122.58,122.58,120.01,120.39,120.10,122.58,,120.39,,,399258,48281735.53,4815,F1,1,,,,,
2026-07-28,2026-07-28,CM,NSE,STK,18751,INE0Q7P01013,KODYTECH,SM,,,,,KODY TECHNOLAB LIMITED,1400.00,1432.00,1326.00,1404.90,1406.00,1345.30,,1404.90,,,23500,32555305.00,168,F1,100,,,,,
2026-07-28,2026-07-28,CM,NSE,STK,3009,INE080B01012,KOHINOOR,EQ,,,,,KOHINOOR FOODS LIMITED,23.00,23.58,22.52,22.81,22.99,23.21,,22.80,,,136157,3108770.59,2499,F1,1,,,,,
2026-07-28,2026-07-28,CM,NSE,STK,16827,INE760A01029,KOKUYOCMLN,EQ,,,,,KOKUYO CAMLIN LIMITED,86.00,86.76,84.42,85.27,85.15,85.86,,85.27,,,17286,1476011.63,382,F1,1,,,,,
2026-07-28,2026-07-28,CM,NSE,STK,15124,INE094I01018,KOLTEPATIL,EQ,,,,,KOLTE PATIL DEV. LTD.,384.85,399.70,377.55,394.50,394.50,386.60,,394.50,,,66560,25969657.15,2682,F1,1,,,,,
2026-07-28,2026-07-28,CM,NSE,STK,22475,INE0QEI01011,KONSTELEC,ST,,,,,KONSTELEC ENGINEERS LTD,62.00,63.00,62.00,62.70,62.70,62.00,,62.70,,,4000,250650.00,4,F1,1000,,,,,
2026-07-28,2026-07-28,CM,NSE,STK,4951,INE082A01010,KOPRAN,BE,,,,,KOPRAN LTD,201.21,202.50,197.00,199.34,197.20,201.21,,199.33,,,145469,29165116.02,722,F1,1,,,,,
2026-07-28,2026-07-28,CM,NSE,STK,16758,INE0O4R01018,KDL,SM,,,,,KORE DIGITAL LIMITED,111.25,119.00,108.60,110.85,111.00,114.30,,110.85,,,34500,3841657.50,158,F1,150,,,,,
2026-07-28,2026-07-28,CM,NSE,STK,14858,INF174KA1HJ8,GOLD1,EQ,,,,,KOTAK GOLD ETF,117.70,118.88,117.65,117.89,117.69,119.70,,117.89,,,1353955,159768502.62,6821,F1,1,,,,,
2026-07-28,2026-07-28,CM,NSE,STK,1922,INE237A01036,KOTAKBANK,EQ,,,,,KOTAK MAHINDRA BANK LTD,383.05,387.30,383.05,385.30,385.70,384.65,,385.30,,,14247981,5493797392.05,305962,F1,1,,,,,
2026-07-28,2026-07-28,CM,NSE,STK,18102,INF174K014P6,NIFTY1,EQ,,,,,KOTAK NIFTY ETF,273.08,273.08,265.14,266.16,266.29,266.42,,266.17,,,85150,22688936.70,1464,F1,1,,,,,
2026-07-28,2026-07-28,CM,NSE,STK,15061,INF174KA1A86,PSUBANK,EQ,,,,,KOTAK PSU BANK,83.42,84.90,82.80,83.18,84.66,83.93,,83.19,,,308371,25652842.02,625,F1,1,,,,,
2026-07-28,2026-07-28,CM,NSE,STK,759885,INF174KA1XV0,CHEMICAL,EQ,,,,,KOTAKMAMC - CHEMICAL,31.30,31.30,30.06,30.16,30.45,30.54,,30.16,,,324419,9815058.39,1433,F1,1,,,,,
2026-07-28,2026-07-28,CM,NSE,STK,7412,INF174KA1IA5,ALPHA,EQ,,,,,KOTAKMAMC - KOTAKALPHA,51.35,51.41,50.81,51.03,51.25,51.44,,51.03,,,866543,44159855.96,2381,F1,1,,,,,
2026-07-28,2026-07-28,CM,NSE,STK,10512,INF174KA1ZF8,CONS,EQ,,,,,KOTAKMAMC - KOTAKCONS,12.42,12.42,12.22,12.23,12.30,12.24,,12.23,,,292125,3571579.80,117,F1,1,,,,,
2026-07-28,2026-07-28,CM,NSE,STK,2627,INF174KA1GC5,IT,EQ,,,,,KOTAKMAMC - KOTAKIT,32.85,34.14,32.82,33.79,33.57,32.74,,33.79,,,3163528,107216927.88,2923,F1,1,,,,,
2026-07-28,2026-07-28,CM,NSE,STK,13950,INF174KA1LV5,LIQUID1,EQ,,,,,KOTAKMAMC - KOTAKLIQ,1115.35,1115.53,1115.35,1115.52,1115.53,1115.35,,1115.52,,,1180304,1316653056.62,569,F1,1,,,,,
2026-07-28,2026-07-28,CM,NSE,STK,8632,INF174KA1IY5,LOWVOL1,EQ,,,,,KOTAKMAMC - KOTAKLOVOL,21.07,21.69,21.07,21.52,21.69,21.25,,21.52,,,1947265,41668887.29,223,F1,1,,,,,
2026-07-28,2026-07-28,CM,NSE,STK,8077,INF174KA1ZC5,MIDCAP,EQ,,,,,KOTAKMAMC - KOTAKMID50,18.35,18.60,17.98,18.35,18.38,18.35,,18.35,,,192898,3536861.57,664,F1,1,,,,,
2026-07-28,2026-07-28,CM,NSE,STK,10676,INF174KA1JF2,MNC,EQ,,,,,KOTAKMAMC - KOTAKMNC,33.65,33.76,33.30,33.44,33.53,33.65,,33.44,,,445187,14861863.66,1503,F1,1,,,,,
2026-07-28,2026-07-28,CM,NSE,STK,13082,INF174KA1ZD3,SILVER1,EQ,,,,,KOTAKMAMC - KOTAKSILVE,21.95,21.95,20.90,20.94,20.94,21.57,,20.94,,,4387961,92231363.21,5117,F1,1,,,,,
2026-07-28,2026-07-28,CM,NSE,STK,11457,INF174KA1ZE1,NV20,EQ,,,,,KOTAKMAMC - KTKNV20ETF,14.23,14.23,13.86,13.88,13.95,13.95,,13.88,,,21521,299157.28,160,F1,1,,,,,
2026-07-28,2026-07-28,CM,NSE,STK,30469,INF174KA1VW2,MID150,EQ,,,,,KOTAKMAMC - MID150,23.35,23.38,23.27,23.30,23.34,23.27,,23.30,,,22464,523802.52,123,F1,1,,,,,
2026-07-28,2026-07-28,CM,NSE,STK,759488,INF174KA1XS6,MOMENTUM30,EQ,,,,,KOTAKMAMC - MOMENTUM30,30.39,30.50,29.98,30.02,30.50,30.38,,30.02,,,321744,9662273.35,149,F1,1,,,,,
2026-07-28,2026-07-28,CM,NSE,STK,29758,INF174KA1VD2,MSCIINDIA,EQ,,,,,KOTAKMAMC - MSCIINDIA,29.78,29.82,29.60,29.72,29.76,29.73,,29.72,,,75135,2233786.45,59,F1,1,,,,,
2026-07-28,2026-07-28,CM,NSE,STK,760709,INF174KA1YO3,NEXT50ETF,EQ,,,,,KOTAKMAMC - NEXT50ETF,72.90,72.97,71.58,72.56,72.14,72.90,,72.56,,,22682,1643201.90,64,F1,1,,,,,
2026-07-28,2026-07-28,CM,NSE,STK,29944,INF174KA1UW4,NIFTY100EW,EQ,,,,,KOTAKMAMC - NIFTY100EW,35.88,35.88,34.84,35.00,35.02,35.01,,35.00,,,41578,1455301.50,216,F1,1,,,,,
2026-07-28,2026-07-28,CM,NSE,STK,764195,INF174KA1A94,PVTBANK,EQ,,,,,KOTAKMAMC - PVTBANK,27.50,28.31,27.01,27.31,27.16,27.31,,27.31,,,21303,580483.19,60,F1,1,,,,,
2026-07-28,2026-07-28,CM,NSE,STK,757946,INF174KA1WT6,QUALITY30,EQ,,,,,KOTAKMAMC - QUALITY30,20.88,20.89,20.74,20.74,20.75,20.78,,20.74,,,2631,54702.26,24,F1,1,,,,,
2026-07-28,2026-07-28,CM,NSE,STK,5851,INF174KA1ZB7,BANKNIFTY1,EQ,,,,,KOTAKMAMC-KOTAKBKETF,59.51,59.51,58.90,58.96,59.01,59.36,,58.96,,,138728,8191756.38,672,F1,1,,,,,
2026-07-28,2026-07-28,CM,NSE,STK,762752,INE972A01020,KOTIC,EQ,,,,,KOTHARI INDUSTRIAL CORP L,161.20,167.25,155.00,158.20,158.00,164.82,,158.21,,,15482,2465615.97,547,F1,1,,,,,
2026-07-28,2026-07-28,CM,NSE,STK,4594,INE720A01015,KOTHARIPET,EQ,,,,,KOTHARI PETROCHEM LTD,136.00,136.25,133.00,133.56,133.06,136.07,,133.56,,,33518,4492402.71,1212,F1,1,,,,,
2026-07-28,2026-07-28,CM,NSE,STK,5528,INE823A01017,KOTHARIPRO,EQ,,,,,KOTHARI PRODUCTS LTD,68.25,68.95,66.00,67.17,66.50,68.25,,67.17,,,18984,1261947.51,128,F1,1,,,,,
2026-07-28,2026-07-28,CM,NSE,STK,11647,INE419A01022,KOTARISUG,EQ,,,,,KOTHARI SUG & CHEM LTD.,25.09,25.38,24.81,25.24,25.32,24.84,,25.24,,,35261,888011.08,264,F1,1,,,,,
2026-07-28,2026-07-28,CM,NSE,STK,761337,INE0J0B01017,KOTYARK,BE,,,,,KOTYARK INDUSTRIES LTD,31.60,33.56,30.90,33.55,33.56,31.97,,33.55,,,130677,4214115.29,349,F1,1,,,,,
2026-07-28,2026-07-28,CM,NSE,STK,5192,INE177F01017,KOVAI,EQ,,,,,KOVAI MEDICAL CENTER & HO,6129.00,6129.00,5823.00,5862.00,5877.00,5844.00,,5863.00,,,3284,19494460.00,1050,F1,1,,,,,
2026-07-28,2026-07-28,CM,NSE,STK,5108,INE542W01025,KPIGREEN,EQ,,,,,KPI GREEN ENERGY LIMITED,391.80,392.00,386.10,387.00,386.90,392.45,,387.00,,,262415,101918656.40,9741,F1,1,,,,,
2026-07-28,2026-07-28,CM,NSE,STK,9683,INE04I401011,KPITTECH,EQ,,,,,KPIT TECHNOLOGIES LIMITED,587.00,606.40,587.00,602.45,604.95,585.20,,602.45,,,8904454,5320803210.15,92454,F1,1,,,,,
2026-07-28,2026-07-28,CM,NSE,STK,14912,INE930H01031,KPRMILL,EQ,,,,,KPR MILL LTD.,1061.70,1061.90,1036.00,1043.30,1040.00,1056.00,,1043.30,,,179909,187631403.20,14493,F1,1,,,,,
2026-07-28,2026-07-28,CM,NSE,STK,10577,INE001B01026,KRBL,EQ,,,,,KRBL LIMITED,353.50,353.50,344.50,345.80,345.05,350.55,,345.80,,,138156,47824369.95,4452,F1,1,,,,,
2026-07-28,2026-07-28,CM,NSE,STK,1937,INE268B01013,KREBSBIO,EQ,,,,,KREBS BIOCHEMICALS & IND,54.60,55.00,52.65,53.35,53.35,55.50,,53.40,,,1669,89301.80,70,F1,1,,,,,
2026-07-28,2026-07-28,CM,NSE,STK,11488,INE524L01026,KRIDHANINF,BE,,,,,KRIDHAN INFRA LIMITED,2.35,2.39,2.30,2.32,2.37,2.34,,2.38,,,8669,20369.67,59,F1,1,,,,,
2026-07-28,2026-07-28,CM,NSE,STK,12847,INE506W01020,KRISHANA,EQ,,,,,KRISHANA PHOSCHEM LIMITED,169.00,170.15,160.50,164.80,164.60,167.65,,164.80,,,1339481,220880769.50,16862,F1,1,,,,,
2026-07-28,2026-07-28,CM,NSE,STK,16133,INE0NR701018,KRISHCA,SM,,,,,KRISHCA STRAPPING SLTN L,164.75,167.00,164.05,164.05,164.05,164.75,,164.05,,,3500,576075.00,7,F1,500,,,,,
2026-07-28,2026-07-28,CM,NSE,STK,756782,INE0GGO01015,KRISHIVAL,EQ,,,,,KRISHIVAL FOODS LIMITED,391.15,393.95,389.00,389.35,390.75,390.75,,389.35,,,3041,1191565.50,81,F1,1,,,,,
2026-07-28,2026-07-28,CM,NSE,STK,761192,INE0J5601015,KRISHNADEF,EQ,,,,,KRISHNA DEF AND ALD IND L,1292.90,1300.00,1201.10,1207.30,1212.00,1295.90,,1207.30,,,204208,252027317.90,14356,F1,1,,,,,
2026-07-28,2026-07-28,CM,NSE,STK,4847,INE967H01025,KIMS,EQ,,,,,KRISHNA INST OF MED SCI L,799.25,807.65,790.40,798.35,797.85,800.45,,798.35,,,371919,296604451.15,16363,F1,1,,,,,
2026-07-28,2026-07-28,CM,NSE,STK,6420,INE479D01038,KRITI,BE,,,,,KRITI INDUSTRIES IND LTD,65.79,65.80,64.00,65.51,65.80,64.64,,65.51,,,12269,794351.39,41,F1,1,,,,,
2026-07-28,2026-07-28,CM,NSE,STK,11432,INE798K01010,KRITINUT,EQ,,,,,KRITI NUTRIENTS LIMITED,76.91,78.40,75.18,75.51,75.28,78.71,,75.53,,,3434,261822.94,111,F1,1,,,,,
2026-07-28,2026-07-28,CM,NSE,STK,9288,INE00Z501029,KRITIKA,EQ,,,,,KRITIKA WIRES LIMITED,5.45,5.56,5.41,5.44,5.44,5.52,,5.44,,,81649,447112.49,307,F1,1,,,,,
2026-07-28,2026-07-28,CM,NSE,STK,760627,INE1MTV01019,KRMAYURVED,ST,,,,,KRM AYURVEDA LIMITED,258.65,258.65,249.55,252.70,253.00,255.00,,252.70,,,35000,8806450.00,21,F1,1000,,,,,
2026-07-28,2026-07-28,CM,NSE,STK,25645,INE0Q3J01015,KRN,BE,,,,,KRN HEAT EXCHANGE N REF L,1240.00,1250.00,1224.60,1226.70,1233.00,1244.60,,1226.70,,,67482,83194319.90,3051,F1,1,,,,,
2026-07-28,2026-07-28,CM,NSE,STK,24025,INE0ATZ01017,KRONOX,EQ,,,,,KRONOX LAB SCIENCES LTD,157.00,157.00,150.50,151.22,150.78,155.55,,151.25,,,61923,9416111.29,1195,F1,1,,,,,
2026-07-28,2026-07-28,CM,NSE,STK,25252,INE0O6601022,KROSS,EQ,,,,,KROSS LIMITED,190.00,197.25,188.49,195.77,196.75,190.31,,195.77,,,781641,151601178.42,14163,F1,1,,,,,
2026-07-28,2026-07-28,CM,NSE,STK,5359,INE08LI01020,KRSNAA,EQ,,,,,KRSNAA DIAGNOSTICS LTD,543.55,544.45,532.00,533.25,532.00,542.10,,533.25,,,30327,16254911.10,2696,F1,1,,,,,
2026-07-28,2026-07-28,CM,NSE,STK,23175,INE0QN801017,KRYSTAL,EQ,,,,,KRYSTAL INTEGRATED SER L,607.50,607.50,600.05,600.15,600.05,600.30,,600.15,,,3798,2283692.30,197,F1,1,,,,,
2026-07-28,2026-07-28,CM,NSE,STK,1949,INE999A01023,KSB,EQ,,,,,KSB LIMITED,877.40,884.00,844.65,846.75,844.70,877.40,,846.75,,,58723,50290985.45,6086,F1,1,,,,,
2026-07-28,2026-07-28,CM,NSE,STK,760433,INE987S01020,KSHINTL,EQ,,,,,KSH INTERNATIONAL LIMITED,880.05,887.00,835.55,844.05,847.00,885.10,,844.25,,,301219,256230560.55,20240,F1,1,,,,,
2026-07-28,2026-07-28,CM,NSE,STK,10412,INE013801027,KSHITIJPOL,BE,,,,,KSHITIJ POLYLINE LIMITED,3.14,3.15,2.90,3.10,3.12,3.00,,3.10,,,2060771,6396758.04,2098,F1,1,,,,,
2026-07-28,2026-07-28,CM,NSE,STK,11060,INE0D6I01023,KSOLVES,EQ,,,,,KSOLVES INDIA LIMITED,279.50,284.90,276.15,279.45,277.60,279.50,,279.45,,,48132,13503622.60,2266,F1,1,,,,,
2026-07-28,2026-07-28,CM,NSE,STK,759987,INE1SPP01016,KSR,EQ,,,,,KSR FOOTWEAR LIMITED,28.65,29.39,28.02,28.20,28.12,28.51,,28.20,,,5237,149426.31,139,F1,1,,,,,
2026-07-28,2026-07-28,CM,NSE,STK,13870,INE529I01021,KUANTUM,EQ,,,,,KUANTUM PAPERS LIMITED,80.60,80.60,76.80,77.59,78.29,80.17,,77.60,,,98648,7730296.91,1596,F1,1,,,,,
2026-07-28,2026-07-28,CM,NSE,STK,18708,INE0OWX01025,KEL,SM,,,,,KUNDAN EDIFICE LIMITED,75.55,78.00,75.55,78.00,78.00,78.10,,78.00,,,2400,184260.00,2,F1,1200,,,,,
2026-07-28,2026-07-28,CM,NSE,STK,764116,INE0ISX01025,KUSUMGAR,EQ,,,,,KUSUMGAR LIMITED,578.95,583.45,562.40,566.55,566.95,575.20,,566.95,,,374541,213599366.65,12886,F1,1,,,,,
2026-07-28,2026-07-28,CM,NSE,STK,762757,INE552U01010,KPL,EQ,,,,,KWALITY PHARMACEUTICALS L,2724.00,2724.00,2585.00,2590.40,2588.00,2708.00,,2590.10,,,26342,69140946.00,3757,F1,1,,,,,
2026-07-28,2026-07-28,CM,NSE,STK,760946,INE2KCE01013,KWIL,EQ,,,,,KWALITY WALL'S (INDIA) L,31.45,31.50,30.70,30.85,30.93,31.50,,30.85,,,4595950,142454413.73,13644,F1,1,,,,,
2026-07-28,2026-07-28,CM,NSE,STK,24948,INE498L01015,LTF,EQ,,,,,L&T FINANCE LIMITED,312.20,313.85,308.00,311.00,312.45,312.25,,311.00,,,2857446,887105656.90,29250,F1,1,,,,,
2026-07-28,2026-07-28,CM,NSE,STK,18564,INE010V01017,LTTS,EQ,,,,,L&T TECHNOLOGY SER. LTD.,3510.00,3611.30,3510.00,3599.30,3600.00,3498.10,,3599.30,,,207265,743399460.90,24840,F1,1,,,,,
2026-07-28,2026-07-28,CM,NSE,STK,14423,INE059D01020,LAOPALA,EQ,,,,,LA OPALA RG LIMITED,186.37,188.90,184.01,187.15,186.00,185.87,,187.15,,,110872,20690330.28,2122,F1,1,,,,,
2026-07-28,2026-07-28,CM,NSE,STK,5865,INE548Z01017,LAGNAM,EQ,,,,,LAGNAM SPINTEX LIMITED,92.00,92.00,88.40,89.51,89.00,90.38,,89.51,,,9544,851931.23,100,F1,1,,,,,
2026-07-28,2026-07-28,CM,NSE,STK,762762,INE515C01023,LAHOTIOV,EQ,,,,,LAHOTI OVERSEAS LTD.,42.11,43.87,40.00,40.75,42.00,43.95,,40.74,,,3776,154046.33,20,F1,1,,,,,
2026-07-28,2026-07-28,CM,NSE,STK,7902,INE850E01012,LFIC,EQ,,,,,LAKSHMI FIN IND CORP LTD,141.00,144.80,140.00,140.61,142.00,144.89,,140.61,,,262,36991.89,19,F1,1,,,,,
2026-07-28,2026-07-28,CM,NSE,STK,25860,INE0VZS01015,LAKSHYA,SM,,,,,LAKSHYA POWERTECH LIMITED,93.90,93.90,84.45,85.90,87.50,93.80,,85.90,,,40800,3605000.00,48,F1,800,,,,,
2026-07-28,2026-07-28,CM,NSE,STK,6407,INE112F01022,LAMBODHARA,EQ,,,,,LAMBODHARA TEXTILES LTD.,114.99,114.99,111.00,111.31,111.16,114.21,,111.32,,,2597,290035.22,92,F1,1,,,,,
2026-07-28,2026-07-28,CM,NSE,STK,27225,INE0R0201012,LAMOSAIC,ST,,,,,LAMOSAIC INDIA LIMITED,47.80,50.00,47.30,50.00,50.00,49.65,,50.00,,,57600,2774610.00,61,F1,600,,,,,
2026-07-28,2026-07-28,CM,NSE,STK,23027,INE572G01025,LANCORHOL,EQ,,,,,LANCOR HOLDINGS LIMITED,26.15,26.15,24.25,24.54,24.66,25.30,,24.54,,,99445,2461322.65,813,F1,1,,,,,
2026-07-28,2026-07-28,CM,NSE,STK,13276,INE559R01029,LANDMARK,EQ,,,,,LANDMARK CARS LIMITED,538.50,543.70,514.15,528.05,523.00,538.50,,528.05,,,337136,180148363.70,10698,F1,1,,,,,
2026-07-28,2026-07-28,CM,NSE,STK,16863,INE197J01017,LPDC,EQ,,,,,LANDMARK PR.DEV.CO.LTD,5.99,6.28,5.99,6.01,6.00,6.11,,6.01,,,45784,275659.22,89,F1,1,,,,,
2026-07-28,2026-07-28,CM,NSE,STK,17376,INE688J01023,LANDSMILL,EQ,,,,,LANDSMILL GREEN LIMITED,0.82,0.88,0.82,0.83,0.84,0.82,,0.83,,,3610837,3056350.06,1026,F1,1,,,,,
2026-07-28,2026-07-28,CM,NSE,STK,11483,INE018A01030,LT,EQ,,,,,LARSEN & TOUBRO LTD.,3812.00,3837.00,3793.00,3832.00,3830.00,3806.00,,3832.00,,,1702441,6505259791.70,130179,F1,1,,,,,
2026-07-28,2026-07-28,CM,NSE,STK,21713,INE670X01014,LASA,EQ,,,,,LASA SUPERGENERICS LTD,6.83,7.13,6.80,6.86,6.80,6.82,,6.86,,,9685,66583.98,84,F1,1,,,,,
2026-07-28,2026-07-28,CM,NSE,STK,764126,INE17IR01028,LASERPOWER,EQ,,,,,LASER POWER & INFRA LTD,307.66,307.66,283.05,285.66,283.50,306.22,,285.76,,,2809299,823909625.84,36855,F1,1,,,,,
2026-07-28,2026-07-28,CM,NSE,STK,6818,INE0I7C01011,LATENTVIEW,EQ,,,,,LATENT VIEW ANALYTICS LTD,315.20,324.80,310.60,312.05,316.15,313.85,,312.05,,,1438302,457784620.45,24582,F1,1,,,,,
2026-07-28,2026-07-28,CM,NSE,STK,15848,INE262Z01023,LATTEYS,BE,,,,,LATTEYS INDUSTRIES LTD,19.60,20.20,19.60,19.96,20.00,20.00,,19.96,,,25298,501929.54,125,F1,1,,,,,
2026-07-28,2026-07-28,CM,NSE,STK,19234,INE947Q01028,LAURUSLABS,EQ,,,,,LAURUS LABS LIMITED,1713.00,1762.00,1707.70,1758.90,1754.00,1713.40,,1758.80,,,4407907,7679004754.00,92351,F1,1,,,,,
2026-07-28,2026-07-28,CM,NSE,STK,6568,INE801V01019,LAXMICOT,EQ,,,,,LAXMI COTSPIN LIMITED,14.02,14.67,13.21,13.85,13.94,14.37,,13.85,,,12648,173726.10,115,F1,1,,,,,
2026-07-28,2026-07-28,CM,NSE,STK,29171,INE0WO601020,LAXMIDENTL,EQ,,,,,LAXMI DENTAL LIMITED,219.25,220.66,214.00,214.56,214.00,218.05,,214.56,,,54905,11921152.02,1618,F1,1,,,,,
2026-07-28,2026-07-28,CM,NSE,STK,19876,INE258Y01016,LGHL,EQ,,,,,LAXMI GOLDORNA HOUSE LTD,205.41,210.67,203.00,204.72,205.00,205.19,,204.72,,,41320,8479864.25,312,F1,1,,,,,
2026-07-28,2026-07-28,CM,NSE,STK,758865,INE06WU01026,LAXMIINDIA,BE,,,,,LAXMI INDIA FINANCE LTD,127.88,129.99,124.00,125.44,126.00,128.52,,125.51,,,43691,5557930.72,408,F1,1,,,,,
2026-07-28,2026-07-28,CM,NSE,STK,2841,INE576O01020,LXCHEM,EQ,,,,,LAXMI ORGANIC INDUS LTD,194.54,197.01,190.17,196.00,195.56,193.05,,196.01,,,2785326,541522515.83,28752,F1,1,,,,,
2026-07-28,2026-07-28,CM,NSE,STK,7529,INE938A01021,LCCINFOTEC,EQ,,,,,LCC INFOTECH LTD,4.34,4.44,4.17,4.22,4.19,4.34,,4.22,,,21563,92504.56,89,F1,1,,,,,
2026-07-28,2026-07-28,CM,NSE,STK,760300,INE0G1L01025,LEMERITE,EQ,,,,,LE MERITE EXPORTS LIMITED,21.99,22.39,21.48,22.35,22.35,21.33,,22.35,,,788573,17327957.28,1475,F1,1,,,,,
2026-07-28,2026-07-28,CM,NSE,STK,24067,INE0HV901016,IXIGO,EQ,,,,,LE TRAVENUES TECHNOLOGY L,195.02,196.88,191.40,191.93,191.40,195.99,,191.92,,,390110,75678270.66,11555,F1,1,,,,,
2026-07-28,2026-07-28,CM,NSE,STK,14204,INE0H4B01011,LRRPL,SM,,,,,LEAD REC AND RUB PROD LTD,83.00,91.00,83.00,91.00,91.00,86.00,,91.00,,,18000,1577625.00,10,F1,1500,,,,,
2026-07-28,2026-07-28,CM,NSE,STK,757014,INE0AQ201015,THELEELA,EQ,,,,,LEELA PALACES HOTEL LTD,478.00,479.60,473.65,475.60,475.05,475.60,,475.75,,,80082,38152969.15,7617,F1,1,,,,,
2026-07-28,2026-07-28,CM,NSE,STK,2606,INE970X01018,LEMONTREE,EQ,,,,,LEMON TREE HOTELS LTD,111.70,112.20,110.06,110.31,110.50,111.82,,110.32,,,1433745,159226697.55,16948,F1,1,,,,,
2026-07-28,2026-07-28,CM,NSE,STK,759605,INE956O01016,LENSKART,EQ,,,,,LENSKART SOLUTIONS LTD,572.00,575.70,550.15,554.65,556.00,572.00,,554.55,,,3234066,1809988206.35,72743,F1,1,,,,,
2026-07-28,2026-07-28,CM,NSE,STK,14459,INE500X01013,LEXUS,EQ,,,,,LEXUS GRANITO (INDIA) LTD,15.24,15.24,14.54,14.72,14.79,14.97,,14.72,,,3694,54211.84,39,F1,1,,,,,
2026-07-28,2026-07-28,CM,NSE,STK,18321,INE337A01034,LGBBROSLTD,EQ,,,,,LG BALAKRISHNAN & BROS,1571.50,1571.50,1547.20,1554.30,1559.60,1553.80,,1554.30,,,15118,23534800.90,1912,F1,1,,,,,
2026-07-28,2026-07-28,CM,NSE,STK,760213,INE324D01010,LGEINDIA,EQ,,,,,LG ELECTRONICS INDIA LTD,1528.00,1530.90,1506.00,1510.20,1510.00,1526.80,,1510.20,,,137813,208450037.80,12786,F1,1,,,,,
2026-07-28,2026-07-28,CM,NSE,STK,11082,INE908V01012,LIBAS,EQ,,,,,LIBAS CONSU PRODUCTS LTD,10.37,10.37,9.61,10.10,10.20,10.12,,10.10,,,25123,251370.99,155,F1,1,,,,,
2026-07-28,2026-07-28,CM,NSE,STK,1994,INE557B01019,LIBERTSHOE,EQ,,,,,LIBERTY SHOES LTD,270.00,270.00,260.10,262.85,261.00,269.00,,262.85,,,29705,7816920.00,1316,F1,1,,,,,
2026-07-28,2026-07-28,CM,NSE,STK,1997,INE115A01026,LICHSGFIN,EQ,,,,,LIC HOUSING FINANCE LTD,551.00,554.45,543.25,545.70,547.45,551.75,,545.70,,,560719,307056409.40,18374,F1,1,,,,,
2026-07-28,2026-07-28,CM,NSE,STK,25640,INF767K01SM1,LICMFGOLD,EQ,,,,,LIC MF - LIC GOLD ETF,128.40,128.45,127.30,127.70,127.35,129.05,,127.70,,,32893,4208950.15,448,F1,1,,,,,
2026-07-28,2026-07-28,CM,NSE,STK,11319,INF767K01OS7,LICNETFN50,EQ,,,,,LICNAMC - LICNFENGP,269.52,269.91,268.29,268.88,268.66,268.51,,268.93,,,886,238243.67,23,F1,1,,,,,
2026-07-28,2026-07-28,CM,NSE,STK,11441,INF767K01OT5,LICNETFSEN,EQ,,,,,LICNAMC - LICNFESGP,866.50,869.59,866.50,866.75,866.75,866.91,,866.75,,,27,23408.05,4,F1,1,,,,,
2026-07-28,2026-07-28,CM,NSE,STK,15229,INF767K01PC8,LICNFNHGP,EQ,,,,,LICNAMC - LICNFNHGP,275.38,275.38,273.80,274.98,274.98,275.10,,274.98,,,15,4114.56,4,F1,1,,,,,
2026-07-28,2026-07-28,CM,NSE,STK,6062,INF767K01MV5,LICNETFGSC,EQ,,,,,LICNAMC - LICNMFET,29.30,29.72,29.30,29.43,29.43,29.46,,29.43,,,7986,235674.37,76,F1,1,,,,,
2026-07-28,2026-07-28,CM,NSE,STK,22722,INF767K01RN1,LICNMID100,EQ,,,,,LICNAMC - LICNMID100,62.63,63.07,62.59,62.73,62.59,62.62,,62.73,,,3548,223104.15,51,F1,1,,,,,
2026-07-28,2026-07-28,CM,NSE,STK,9480,INE0J1Y01017,LICI,EQ,,,,,LIFE INSURA CORP OF INDIA,424.35,428.90,422.85,427.15,427.55,424.35,,427.15,,,2063111,880582732.55,24735,F1,1,,,,,
2026-07-28,2026-07-28,CM,NSE,STK,578,INE060901027,LIKHITHA,EQ,,,,,LIKHITHA INFRASTRUC LTD,235.30,235.30,218.00,219.60,218.00,230.30,,219.60,,,33174,7398210.15,1379,F1,1,,,,,
2026-07-28,2026-07-28,CM,NSE,STK,6951,INE802B01027,LINC,EQ,,,,,LINC LIMITED,104.96,104.98,100.87,101.50,101.10,102.83,,101.50,,,13808,1410158.20,414,F1,1,,,,,
2026-07-28,2026-07-28,CM,NSE,STK,11596,INE405C01035,LINCOLN,EQ,,,,,LINCOLN PHARMA LTD,589.30,589.30,573.30,579.45,576.00,582.10,,579.45,,,12214,7088109.10,830,F1,1,,,,,
2026-07-28,2026-07-28,CM,NSE,STK,1627,INE473A01011,LINDEINDIA,EQ,,,,,LINDE INDIA LIMITED,6766.50,6777.00,6652.00,6667.50,6708.00,6766.50,,6667.50,,,18057,120884044.00,4486,F1,1,,,,,
2026-07-28,2026-07-28,CM,NSE,STK,17801,INE093R01011,LLOYDSENGG,EQ,,,,,LLOYDS ENGG WORK LIMITED,91.79,92.79,88.25,91.18,90.80,91.33,,91.18,,,14505283,1321402222.31,49655,F1,1,,,,,
2026-07-28,2026-07-28,CM,NSE,STK,25807,INE080I01025,LLOYDSENT,EQ,,,,,LLOYDS ENTERPRISES LTD,81.64,81.77,79.47,79.94,79.80,81.64,,79.93,,,3161102,254455756.61,15741,F1,1,,,,,
2026-07-28,2026-07-28,CM,NSE,STK,11476,INE0DTQ01028,LLOYDS,ST,,,,,LLOYDS LUXURIES LIMITED,70.15,70.15,67.00,70.15,70.15,67.00,,70.15,,,4000,277450.00,4,F1,1000,,,,,
2026-07-28,2026-07-28,CM,NSE,STK,17313,INE281B01032,LLOYDSME,EQ,,,,,LLOYDS METALS N ENERGY L,2022.30,2022.30,1963.00,1979.10,1980.00,2014.90,,1979.10,,,537696,1068226446.50,26732,F1,1,,,,,
2026-07-28,2026-07-28,CM,NSE,STK,1979,INE269B01029,LMW,EQ,,,,,LMW LIMITED,16025.00,16170.00,15768.00,15849.00,15800.00,16140.00,,15849.00,,,5982,95208923.00,968,F1,1,,,,,
2026-07-28,2026-07-28,CM,NSE,STK,3220,INE670K01029,LODHA,EQ,,,,,LODHA DEVELOPERS LIMITED,1233.20,1316.40,1228.25,1301.40,1311.00,1198.70,,1301.40,,,12877563,16483388919.05,248925,F1,1,,,,,
2026-07-28,2026-07-28,CM,NSE,STK,13439,INE397H01017,LOKESHMACH,BE,,,,,LOKESH MACHINES LTD,335.40,339.00,335.40,336.50,336.50,335.00,,337.95,,,5691,1918289.40,87,F1,1,,,,,
2026-07-28,2026-07-28,CM,NSE,STK,18232,INE846D01012,LORDSCHLO,EQ,,,,,LORDS CHLORO ALKALI LTD,169.00,169.00,150.00,150.97,152.90,157.86,,151.07,,,136146,21619483.82,3099,F1,1,,,,,
2026-07-28,2026-07-28,CM,NSE,STK,14924,INE740X01023,LAL,EQ,,,,,LORENZINI APPARELS LTD,8.38,8.42,7.92,8.17,8.20,8.10,,8.17,,,90698,737624.08,170,F1,1,,,,,
2026-07-28,2026-07-28,CM,NSE,STK,16807,INE947I01017,LOTUSEYE,EQ,,,,,LOTUS EYE HOSP & INST L,120.52,121.71,118.15,118.57,118.99,118.95,,118.57,,,9290,1111468.21,436,F1,1,,,,,
2026-07-28,2026-07-28,CM,NSE,STK,22415,INE597L01014,LOVABLE,EQ,,,,,LOVABLE LINGERIE LTD,72.10,72.86,70.85,71.32,71.20,71.21,,71.33,,,4675,335895.78,178,F1,1,,,,,
2026-07-28,2026-07-28,CM,NSE,STK,10590,INE970D01010,LOYALTEX,EQ,,,,,LOYAL TEXTILE MILLS LTD,219.39,220.00,201.13,209.15,217.00,203.94,,209.15,,,220,46478.93,27,F1,1,,,,,
2026-07-28,2026-07-28,CM,NSE,STK,13816,INE818H01020,LTFOODS,EQ,,,,,LT FOODS LIMITED,378.20,378.25,368.00,370.15,370.50,376.40,,370.15,,,219952,82044861.95,12708,F1,1,,,,,
2026-07-28,2026-07-28,CM,NSE,STK,17818,INE214T01019,LTM,EQ,,,,,LTM LIMITED,4239.20,4386.60,4234.90,4309.20,4308.90,4190.80,,4309.30,,,879513,3809185080.10,66465,F1,1,,,,,
2026-07-28,2026-07-28,CM,NSE,STK,14014,INE872H01027,LUMAXTECH,EQ,,,,,LUMAX AUTO TECH LTD,1495.10,1503.90,1472.10,1489.30,1490.00,1493.90,,1489.30,,,62109,92200052.50,6056,F1,1,,,,,
2026-07-28,2026-07-28,CM,NSE,STK,2018,INE162B01018,LUMAXIND,EQ,,,,,LUMAX INDUSTRIES LTD,5196.00,5197.50,5095.50,5118.00,5110.00,5182.00,,5118.00,,,3311,16952386.50,1105,F1,1,,,,,
2026-07-28,2026-07-28,CM,NSE,STK,10440,INE326A01037,LUPIN,EQ,,,,,LUPIN LIMITED,2409.20,2416.80,2383.30,2395.80,2397.30,2410.00,,2395.80,,,607756,1456195661.00,59200,F1,1,,,,,
2026-07-28,2026-07-28,CM,NSE,STK,11301,INE150G01020,LUXIND,EQ,,,,,LUX INDUSTRIES LIMITED,1252.00,1258.40,1235.70,1236.90,1237.90,1246.60,,1236.90,,,8791,10898251.70,821,F1,1,,,,,
2026-07-28,2026-07-28,CM,NSE,STK,7248,INE933A01014,LYKALABS,BE,,,,,LYKA LABS LTD.,64.41,66.20,61.19,61.71,61.19,64.41,,61.79,,,37749,2365658.98,108,F1,1,,,,,
2026-07-28,2026-07-28,CM,NSE,STK,758150,INE08N601015,MBEL,EQ,,,,,M AND B ENGINEERING LTD,299.75,303.90,294.05,297.85,296.75,296.95,,297.80,,,102364,30624023.90,8110,F1,1,,,,,
2026-07-28,2026-07-28,CM,NSE,STK,16736,INE964W01021,MKPL,EQ,,,,,M K PROTEINS LIMITED,4.18,4.28,4.18,4.26,4.27,4.18,,4.25,,,68254,290004.55,259,F1,1,,,,,
2026-07-28,2026-07-28,CM,NSE,STK,22360,INE813V01022,MCL,EQ,,,,,M TEK COPPER LIMITED,53.20,54.21,52.47,52.68,53.00,53.33,,52.68,,,10446,551529.92,364,F1,1,,,,,
2026-07-28,2026-07-28,CM,NSE,STK,13285,INE774D01024,M&MFIN,EQ,,,,,M&M FIN. SERVICES LTD,361.90,376.25,352.65,373.50,375.10,363.00,,373.50,,,5544164,2042737258.40,63859,F1,1,,,,,
2026-07-28,2026-07-28,CM,NSE,STK,22976,INE0SGC01015,MVKAGRO,SM,,,,,M.V.K. AGRO FOOD PROD LTD,377.85,377.85,377.85,377.85,377.85,377.85,,377.85,,,300,113355.00,1,F1,300,,,,,
2026-07-28,2026-07-28,CM,NSE,STK,15017,INE215I01027,MAANALU,EQ,,,,,MAAN ALUMINIUM LIMITED,115.70,115.70,110.40,110.92,110.40,114.21,,110.92,,,66528,7436037.85,1014,F1,1,,,,,
2026-07-28,2026-07-28,CM,NSE,STK,762782,INE435D01014,MCCHRLS-B,EQ,,,,,MAC CHARLES (INDIA) LTD.,719.95,719.95,670.00,699.95,700.00,698.95,,702.20,,,1635,1105637.55,45,F1,1,,,,,
2026-07-28,2026-07-28,CM,NSE,STK,24545,INE0R0J01010,MACOBSTECH,SM,,,,,MACOBS TECHNOLOGIES LTD,215.00,219.00,214.90,215.25,215.25,207.00,,215.25,,,17600,3793680.00,16,F1,800,,,,,
2026-07-28,2026-07-28,CM,NSE,STK,22347,INE155Z01011,MACPOWER,EQ,,,,,MACPOWER CNC MACHINES LTD,1324.90,1325.00,1290.60,1296.00,1297.90,1318.30,,1296.00,,,6962,9040693.00,1017,F1,1,,,,,
2026-07-28,2026-07-28,CM,NSE,STK,762767,INE631R01026,MADHAVIPL,EQ,,,,,MADHAV INFRA PROJECTS L,7.88,8.15,7.82,8.07,8.09,7.81,,8.07,,,130226,1045991.39,643,F1,1,,,,,
2026-07-28,2026-07-28,CM,NSE,STK,15151,INE925C01016,MADHAV,EQ,,,,,MADHAV MARBLE & GRANITE,34.00,34.70,33.51,34.20,34.50,33.79,,34.20,,,1559,53131.15,41,F1,1,,,,,
2026-07-28,2026-07-28,CM,NSE,STK,13668,INE378D01032,MADHUCON,BE,,,,,MADHUCON PROJECTS LTD.,5.36,5.39,5.17,5.29,5.26,5.35,,5.29,,,1386,7380.15,20,F1,1,,,,,
2026-07-28,2026-07-28,CM,NSE,STK,18738,INE0P6701019,MADHUSUDAN,ST,,,,,MADHUSUDAN MASALA LIMITED,238.00,240.00,235.55,239.95,240.00,237.65,,239.95,,,12000,2860500.00,11,F1,1000,,,,,
2026-07-28,2026-07-28,CM,NSE,STK,12686,INE900L01028,MBAPL,EQ,,,,,MADHYA BHARAT AGRO P. LTD,165.00,165.90,158.70,161.20,161.00,163.95,,161.20,,,1829451,295122917.95,19291,F1,1,,,,,
2026-07-28,2026-07-28,CM,NSE,STK,4911,INE414A01015,MADRASFERT,EQ,,,,,MADRAS FERTILISERS LTD,66.98,66.98,65.72,65.90,65.94,66.55,,65.90,,,53590,3543141.13,732,F1,1,,,,,
2026-07-28,2026-07-28,CM,NSE,STK,762772,INE270B01035,MAFATIND,EQ,,,,,MAFATLAL INDUSTRIES LTD.,135.69,135.69,131.20,132.91,131.50,134.51,,132.89,,,24914,3324441.47,529,F1,1,,,,,
2026-07-28,2026-07-28,CM,NSE,STK,21392,INE347W01011,MAGADSUGAR,EQ,,,,,MAGADH SUGAR & ENERGY LTD,492.00,494.20,479.95,481.80,490.50,489.05,,481.75,,,9236,4473608.65,456,F1,1,,,,,
2026-07-28,2026-07-28,CM,NSE,STK,29482,INE613C01026,MCLOUD,EQ,,,,,MAGELLANIC CLOUD LIMITED,26.50,29.35,26.45,28.64,28.90,26.86,,28.65,,,14521671,404950851.22,30760,F1,1,,,,,
2026-07-28,2026-07-28,CM,NSE,STK,14957,INE387I01016,MAGNUM,EQ,,,,,MAGNUM VENTURES LTD.,19.85,20.25,19.35,19.98,19.85,19.85,,19.98,,,58657,1170634.58,83,F1,1,,,,,
2026-07-28,2026-07-28,CM,NSE,STK,17088,INE0O1S01012,MAGSON,SM,,,,,MAGSON RETAIL AND DIST L,185.00,186.00,180.00,180.00,180.00,182.00,,180.00,,,120000,21617750.00,28,F1,1000,,,,,
2026-07-28,2026-07-28,CM,NSE,STK,5239,INE843B01013,MAHAPEXLTD,EQ,,,,,MAHA RASHTRA APEX COPR. L,44.49,45.00,43.29,44.26,44.99,44.49,,44.26,,,5982,265563.31,87,F1,1,,,,,
2026-07-28,2026-07-28,CM,NSE,STK,24937,INE0US801024,MFML,EQ,,,,,MAHALAXMI FABRIC MILLS LT,18.56,18.84,18.48,18.58,18.50,18.84,,18.58,,,688,12866.84,37,F1,1,,,,,
2026-07-28,2026-07-28,CM,NSE,STK,7886,INE112D01035,MHLXMIRU,EQ,,,,,MAHALAXMI RUBTECH LIMITED,140.90,141.65,138.88,139.02,139.00,140.65,,139.02,,,15094,2116163.99,236,F1,1,,,,,
2026-07-28,2026-07-28,CM,NSE,STK,17527,INE451L01014,MAHASTEEL,EQ,,,,,MAHAMAYA STEEL INDS LTD,766.70,830.00,766.40,820.60,829.00,769.20,,820.65,,,4805,3891600.20,454,F1,1,,,,,
2026-07-28,2026-07-28,CM,NSE,STK,17534,INE002S01010,MGL,EQ,,,,,MAHANAGAR GAS LTD.,1098.00,1103.30,1071.60,1078.70,1078.00,1098.00,,1078.60,,,70351,76280465.90,6100,F1,1,,,,,
2026-07-28,2026-07-28,CM,NSE,STK,2294,INE153A01019,MTNL,EQ,,,,,MAHANAGAR TELEPHONE NIGAM,27.20,27.32,26.69,26.75,26.82,27.17,,26.75,,,405710,10922040.18,1971,F1,1,,,,,
2026-07-28,2026-07-28,CM,NSE,STK,2085,INE288A01013,MAHSCOOTER,EQ,,,,,MAHARASHTRA SCOOTERS LTD,13180.00,13180.00,12710.00,12733.00,12710.00,12986.00,,12733.00,,,2551,32736292.00,1250,F1,1,,,,,
2026-07-28,2026-07-28,CM,NSE,STK,2088,INE271B01025,MAHSEAMLES,EQ,,,,,MAHARASHTRA SEAMLESS LTD,576.85,580.30,567.00,574.10,574.15,576.85,,574.10,,,54003,30858581.70,4511,F1,1,,,,,
2026-07-28,2026-07-28,CM,NSE,STK,758688,INE632Q01018,MRIL,ST,,,,,MAHENDRA REALTO & INFRA L,66.25,68.50,66.25,68.45,68.45,69.60,,68.45,,,8000,537120.00,5,F1,1600,,,,,
2026-07-28,2026-07-28,CM,NSE,STK,9577,INE263W01010,MAHESHWARI,BE,,,,,MAHESHWARI LOGISTICS LTD.,72.10,73.75,69.83,73.01,73.50,73.50,,73.01,,,36127,2609642.25,91,F1,1,,,,,
2026-07-28,2026-07-28,CM,NSE,STK,2031,INE101A01026,M&M,EQ,,,,,MAHINDRA & MAHINDRA LTD,3225.00,3284.70,3222.00,3271.20,3280.00,3238.60,,3271.20,,,2208579,7217323346.20,99219,F1,1,,,,,
2026-07-28,2026-07-28,CM,NSE,STK,17603,INE215D01010,MAHEPC,EQ,,,,,MAHINDRA EPC IRRIG LTD,107.00,112.90,105.81,107.11,106.43,108.04,,107.11,,,45944,4977320.12,964,F1,1,,,,,
2026-07-28,2026-07-28,CM,NSE,STK,17333,INE998I01010,MHRIL,EQ,,,,,MAHINDRA HOLIDAYS LTD,222.45,222.45,216.50,218.28,217.89,223.83,,218.29,,,105056,22938085.48,5008,F1,1,,,,,
2026-07-28,2026-07-28,CM,NSE,STK,8050,INE813A01018,MAHLIFE,EQ,,,,,MAHINDRA LIFESPACE DEVLTD,382.00,382.55,375.80,380.25,381.40,380.25,,380.25,,,125243,47551078.80,5311,F1,1,,,,,
2026-07-28,2026-07-28,CM,NSE,STK,385,INE766P01016,MAHLOG,EQ,,,,,MAHINDRA LOGISTIC LIMITED,417.30,417.95,408.40,410.40,410.00,419.10,,410.40,,,229657,94671022.80,7712,F1,1,,,,,
2026-07-28,2026-07-28,CM,NSE,STK,24538,INE683C01011,MAITHANALL,EQ,,,,,MAITHAN ALLOYS LTD,962.30,979.00,956.50,962.50,960.00,966.30,,962.50,,,27425,26449696.90,2087,F1,1,,,,,
2026-07-28,2026-07-28,CM,NSE,STK,19809,INE0PLQ01011,MAITREYA,SM,,,,,MAITREYA MEDICARE LIMITED,119.00,124.00,119.00,119.05,119.05,120.00,,119.05,,,3200,386460.00,8,F1,400,,,,,
2026-07-28,2026-07-28,CM,NSE,STK,762777,INE201B01022,MAJESAUT,EQ,,,,,MAJESTIC AUTO LTD.,429.15,432.85,423.20,427.80,427.00,429.15,,428.00,,,9133,3909813.40,641,F1,1,,,,,
2026-07-28,2026-07-28,CM,NSE,STK,7965,INE389C01015,MALLCOM,EQ,,,,,MALLCOM (INDIA) LIMITED,1006.10,1048.00,1005.40,1024.60,1026.00,999.40,,1024.60,,,1956,2013509.30,402,F1,1,,,,,
2026-07-28,2026-07-28,CM,NSE,STK,13352,INE383H01017,MALUPAPER,EQ,,,,,MALU PAPER MILLS LIMITED,35.03,35.52,32.30,32.50,32.70,35.20,,32.50,,,58956,1960646.12,927,F1,1,,,,,
2026-07-28,2026-07-28,CM,NSE,STK,28687,INE0TO701015,MAMATA,EQ,,,,,MAMATA MACHINERY LIMITED,381.00,387.70,377.00,382.60,381.15,380.75,,382.60,,,52517,20096125.80,1902,F1,1,,,,,
2026-07-28,2026-07-28,CM,NSE,STK,7413,INE830Q01018,MANAKCOAT,EQ,,,,,MAN COAT METAL & IND LTD,124.90,125.56,121.15,123.03,121.50,126.11,,123.07,,,1359853,168871725.71,3491,F1,1,,,,,
2026-07-28,2026-07-28,CM,NSE,STK,11884,INE993A01026,MANINDS,EQ,,,,,MAN INDUSTRIES (I) LTD.,527.00,535.00,518.60,526.05,524.90,526.80,,526.10,,,128331,67483323.45,5718,F1,1,,,,,
2026-07-28,2026-07-28,CM,NSE,STK,18226,INE949H01023,MANINFRA,EQ,,,,,MAN INFRA LTD,99.00,99.43,97.01,97.42,97.15,98.38,,97.42,,,316061,31046134.97,2038,F1,1,,,,,
2026-07-28,2026-07-28,CM,NSE,STK,7420,INE859Q01017,MANAKALUCO,EQ,,,,,MANAK ALUMINIUM CO. LTD.,35.49,35.50,34.85,34.87,34.85,35.20,,34.87,,,18143,637322.86,344,F1,1,,,,,
2026-07-28,2026-07-28,CM,NSE,STK,15199,INE015D01022,MANAKSIA,EQ,,,,,MANAKSIA LTD.,58.30,58.30,55.00,55.29,55.30,56.02,,55.28,,,24896,1389276.37,671,F1,1,,,,,
2026-07-28,2026-07-28,CM,NSE,STK,7463,INE824Q01011,MANAKSTEEL,EQ,,,,,MANAKSIA STEELS LTD,68.94,69.89,66.62,66.94,66.90,69.97,,66.94,,,53634,3625284.64,580,F1,1,,,,,
2026-07-28,2026-07-28,CM,NSE,STK,13796,INE201A01024,MANALIPETC,EQ,,,,,MANALI PETROCHEMICALS LT,67.64,67.64,65.67,66.14,66.15,66.97,,66.14,,,299919,19856542.90,2607,F1,1,,,,,
2026-07-28,2026-07-28,CM,NSE,STK,19061,INE522D01027,MANAPPURAM,EQ,,,,,MANAPPURAM FINANCE LTD,357.00,363.00,355.00,361.25,362.00,359.85,,361.25,,,2437862,875491625.30,29168,F1,1,,,,,
2026-07-28,2026-07-28,CM,NSE,STK,759354,INE0U4H01011,MPEL,ST,,,,,MANAS POLYMER N ENERGIE L,35.10,35.10,35.10,35.10,35.10,36.50,,35.10,,,8000,280800.00,5,F1,1600,,,,,
2026-07-28,2026-07-28,CM,NSE,STK,21697,INE104Y01012,MANAV,SM,,,,,MANAV INFRA PROJECTS LTD,27.00,27.00,27.00,27.00,27.00,28.40,,27.00,,,8000,216000.00,2,F1,4000,,,,,
2026-07-28,2026-07-28,CM,NSE,STK,25597,INE939X01013,MANBA,EQ,,,,,MANBA FINANCE LIMITED,150.00,154.00,136.00,137.37,136.00,146.37,,137.35,,,722486,104541606.85,11721,F1,1,,,,,
2026-07-28,2026-07-28,CM,NSE,STK,24823,INE545L01039,MANCREDIT,EQ,,,,,MANGAL CREDIT N FINCORP L,222.02,222.17,217.70,219.80,220.16,222.30,,219.80,,,144106,31703832.46,1237,F1,1,,,,,
2026-07-28,2026-07-28,CM,NSE,STK,758748,INE0PKD01011,MEIL,EQ,,,,,MANGAL ELECTRICAL IND L,300.00,303.80,291.70,295.45,294.75,300.95,,295.15,,,33549,9991687.95,801,F1,1,,,,,
2026-07-28,2026-07-28,CM,NSE,STK,19134,INE00C401011,MAL,SM,,,,,MANGALAM ALLOYS LIMITED,32.45,33.00,32.45,33.00,33.00,32.40,,33.00,,,12800,419840.00,6,F1,1600,,,,,
2026-07-28,2026-07-28,CM,NSE,STK,2106,INE347A01017,MANGLMCEM,EQ,,,,,MANGALAM CEMENT LTD,985.00,985.90,960.15,967.80,965.00,984.70,,967.80,,,31414,30521123.30,1037,F1,1,,,,,
2026-07-28,2026-07-28,CM,NSE,STK,11817,INE584F01014,MANGALAM,EQ,,,,,MANGALAM DRUG & CHEM LTD,27.80,27.80,26.41,27.46,27.48,27.42,,27.44,,,18804,514355.84,95,F1,1,,,,,
2026-07-28,2026-07-28,CM,NSE,STK,1598,INE0APB01032,MGEL,BE,,,,,MANGALAM GLOBAL ENT LTD,16.35,16.45,16.18,16.39,16.40,16.43,,16.39,,,53212,870147.50,141,F1,1,,,,,
2026-07-28,2026-07-28,CM,NSE,STK,6428,INE370D01013,MANORG,BE,,,,,MANGALAM ORGANICS LIMITED,537.90,552.55,530.00,552.55,552.55,526.25,,552.80,,,5522,2991536.15,116,F1,1,,,,,
2026-07-28,2026-07-28,CM,NSE,STK,759169,INE0JYY01029,MWL,EQ,,,,,MANGALAM WORLDWIDE LTD,35.65,36.20,35.40,35.95,35.80,35.90,,35.95,,,214600,7673003.65,586,F1,1,,,,,
2026-07-28,2026-07-28,CM,NSE,STK,24629,INE0R3101011,MIEL,SM,,,,,MANGLAM INFRA & ENG LTD,12.60,13.00,12.60,13.00,13.00,12.40,,13.00,,,8000,103100.00,4,F1,2000,,,,,
2026-07-28,2026-07-28,CM,NSE,STK,760174,INE1ERK01013,MANILAM,SM,,,,,MANILAM INDUSTRIES IND L,53.50,53.90,53.50,53.90,53.90,55.30,,53.90,,,40000,2140800.00,2,F1,2000,,,,,
2026-07-28,2026-07-28,CM,NSE,STK,15380,INE634S01028,MANKIND,EQ,,,,,MANKIND PHARMA LIMITED,2550.00,2628.20,2541.00,2617.90,2620.00,2551.60,,2617.90,,,610061,1584153309.80,40798,F1,1,,,,,
2026-07-28,2026-07-28,CM,NSE,STK,19015,INE0KNT01012,MVGJL,EQ,,,,,MANOJ VAIBHAV GEM N JEW L,167.95,178.71,165.28,173.81,172.77,167.13,,173.79,,,179025,30981018.30,4401,F1,1,,,,,
2026-07-28,2026-07-28,CM,NSE,STK,13753,INE784W01015,MANOMAY,EQ,,,,,MANOMAY TEX INDIA LTD,207.50,211.51,204.59,209.90,211.00,206.46,,209.98,,,188692,39291316.27,1991,F1,1,,,,,
2026-07-28,2026-07-28,CM,NSE,STK,10227,INE00VM01036,MANORAMA,EQ,,,,,MANORAMA INDUSTRIES LTD,1671.00,1671.00,1630.00,1639.30,1636.50,1658.90,,1639.30,,,73395,120914407.10,6226,F1,1,,,,,
2026-07-28,2026-07-28,CM,NSE,STK,13575,INE867A01022,MANUGRAPH,BE,,,,,MANUGRAPH INDIA LIMITED,13.19,13.74,13.19,13.74,13.74,13.09,,13.88,,,7001,95950.89,13,F1,1,,,,,
2026-07-28,2026-07-28,CM,NSE,STK,7040,INE882A01013,MARALOVER,BE,,,,,MARAL OVERSEAS LTD,60.50,60.50,57.12,57.64,57.51,58.70,,57.64,,,28733,1698840.20,102,F1,1,,,,,
2026-07-28,2026-07-28,CM,NSE,STK,18659,INE182D01020,MARATHON,EQ,,,,,MARATHON NXTGEN REALT LTD,386.75,397.90,381.65,383.50,381.65,388.70,,383.75,,,80702,31468662.70,3802,F1,1,,,,,
2026-07-28,2026-07-28,CM,NSE,STK,760453,INE0TD401015,MARC,SM,,,,,MARC TECHNOCRATS LIMITED,122.00,128.00,122.00,126.85,127.00,115.55,,126.85,,,122400,15442980.00,90,F1,1200,,,,,
2026-07-28,2026-07-28,CM,NSE,STK,4067,INE196A01026,MARICO,EQ,,,,,MARICO LIMITED,858.65,886.30,857.25,883.25,885.00,858.65,,883.25,,,2384426,2089108837.45,70416,F1,1,,,,,
2026-07-28,2026-07-28,CM,NSE,STK,1328,INE01JE01028,MARINE,EQ,,,,,MARINE ELECTRICAL (I) LTD,270.00,271.90,260.20,269.50,269.00,269.95,,269.50,,,1003726,267574779.10,18721,F1,1,,,,,
2026-07-28,2026-07-28,CM,NSE,STK,20410,INE0P1P01017,MARINETRAN,SM,,,,,MARINETRANS INDIA LIMITED,14.10,14.10,14.10,14.10,14.10,14.15,,14.10,,,4000,56400.00,1,F1,4000,,,,,
2026-07-28,2026-07-28,CM,NSE,STK,760204,INE0FW001016,MARKOLINES,EQ,,,,,MARKOLINES PAVEMENT TEC L,178.00,178.00,171.10,172.78,173.00,178.36,,172.73,,,118778,20663203.06,1266,F1,1,,,,,
2026-07-28,2026-07-28,CM,NSE,STK,10579,INE750C01026,MARKSANS,EQ,,,,,MARKSANS PHARMA LIMITED,263.70,265.40,254.15,256.65,257.40,263.40,,256.65,,,940587,242565466.90,20863,F1,1,,,,,
2026-07-28,2026-07-28,CM,NSE,STK,761386,INE415B01044,MARSONS,EQ,,,,,MARSONS LIMITED,112.00,113.54,108.66,109.48,110.41,111.86,,109.49,,,2817779,311898131.89,16283,F1,1,,,,,
2026-07-28,2026-07-28,CM,NSE,STK,761042,INE0X7G01013,MARUSHIKA,SM,,,,,MARUSHIKA TECHNOLOGY LTD,94.00,94.25,94.00,94.25,94.25,94.00,,94.25,,,2400,225900.00,2,F1,1200,,,,,
2026-07-28,2026-07-28,CM,NSE,STK,10999,INE585B01010,MARUTI,EQ,,,,,MARUTI SUZUKI INDIA LTD.,13729.00,13848.00,13669.00,13802.00,13805.00,13730.00,,13802.00,,,481068,6628557089.00,75988,F1,1,,,,,
2026-07-28,2026-07-28,CM,NSE,STK,2133,INE575Z01010,MDL,ST,,,,,MARVEL DECOR LIMITED,67.80,67.80,67.80,67.80,67.80,69.00,,67.80,,,3000,203400.00,1,F1,1000,,,,,
2026-07-28,2026-07-28,CM,NSE,STK,199,INE348L01012,MASFIN,EQ,,,,,MAS FINANCIAL SERV LTD,319.95,320.95,313.75,314.75,314.80,318.30,,314.75,,,76275,24132909.95,4007,F1,1,,,,,
2026-07-28,2026-07-28,CM,NSE,STK,18731,INE885F01015,MASKINVEST,BE,,,,,MASK INVESTMENTS LIMITED,151.00,151.00,151.00,151.00,151.00,151.00,,151.00,,,488,73688.00,7,F1,1,,,,,
2026-07-28,2026-07-28,CM,NSE,STK,24278,INE0SH001010,MASON,SM,,,,,MASON INFRATECH LIMITED,122.25,122.90,121.55,122.00,122.00,125.25,,122.00,,,5000,610375.00,10,F1,500,,,,,
2026-07-28,2026-07-28,CM,NSE,STK,2124,INE759A01021,MASTEK,EQ,,,,,MASTEK LTD,1732.00,1881.00,1732.00,1873.40,1880.00,1731.60,,1873.40,,,593106,1094211823.20,49697,F1,1,,,,,
2026-07-28,2026-07-28,CM,NSE,STK,27047,INE677D01037,MASTERTR,EQ,,,,,MASTER TRUST LIMITED,83.77,84.84,81.82,82.09,82.05,84.14,,82.09,,,222721,18582825.56,1477,F1,1,,,,,
2026-07-28,2026-07-28,CM,NSE,STK,21726,INE866R01028,MATRIMONY,EQ,,,,,MATRIMONY.COM LIMITED,425.50,436.80,425.30,433.90,436.00,429.30,,433.35,,,4546,1966083.40,214,F1,1,,,,,
2026-07-28,2026-07-28,CM,NSE,STK,759945,INE132901013,MGSL,SM,,,,,MATRIX GEO SOLUTIONS LTD,68.50,68.50,65.40,66.50,66.50,68.55,,66.50,,,6000,399480.00,5,F1,1200,,,,,
2026-07-28,2026-07-28,CM,NSE,STK,17026,INE636A01039,MAWANASUG,BE,,,,,MAWANA SUGARS LIMITED,109.44,110.48,107.50,108.15,108.00,109.44,,108.16,,,30443,3300943.08,214,F1,1,,,,,
2026-07-28,2026-07-28,CM,NSE,STK,19646,INE03EI01018,MAXESTATES,EQ,,,,,MAX ESTATES LIMITED,392.30,398.30,390.85,396.00,391.55,395.45,,395.85,,,38442,15180047.45,2573,F1,1,,,,,
2026-07-28,2026-07-28,CM,NSE,STK,2142,INE180A01020,MFSL,EQ,,,,,MAX FINANCIAL SERV LTD,1510.50,1516.00,1493.20,1506.70,1511.50,1511.10,,1506.90,,,902096,1357464962.70,102157,F1,1,,,,,
2026-07-28,2026-07-28,CM,NSE,STK,22377,INE027H01010,MAXHEALTH,EQ,,,,,MAX HEALTHCARE INS LTD,1119.60,1124.90,1099.70,1104.80,1103.70,1114.60,,1104.80,,,1123951,1244934255.40,35203,F1,1,,,,,
2026-07-28,2026-07-28,CM,NSE,STK,22428,INE0CG601016,MAXIND,EQ,,,,,MAX INDIA LIMITED,186.80,186.80,171.00,173.31,173.90,184.96,,173.29,,,307294,54416931.21,8588,F1,1,,,,,
2026-07-28,2026-07-28,CM,NSE,STK,21691,INE0ECC01022,MAXPOSURE,SM,,,,,MAXPOSURE LIMITED,33.15,33.20,31.00,32.65,32.65,33.50,,32.65,,,48000,1551100.00,38,F1,1000,,,,,
2026-07-28,2026-07-28,CM,NSE,STK,29657,INE10A501018,MAXVOLT,ST,,,,,MAXVOLT ENERGY INDUS L,321.00,343.00,312.40,327.45,325.15,327.70,,327.45,,,64800,21356860.00,134,F1,400,,,,,
2026-07-28,2026-07-28,CM,NSE,STK,757587,INE0ZTO01018,MAYASHEEL,SM,,,,,MAYASHEEL VENTURES LTD,38.95,38.95,38.95,38.95,38.95,38.45,,38.95,,,3000,116850.00,1,F1,3000,,,,,
2026-07-28,2026-07-28,CM,NSE,STK,28906,INE040D01038,MAYURUNIQ,EQ,,,,,MAYUR UNIQUOTERS LTD,817.65,817.65,783.20,785.90,786.60,817.65,,785.90,,,62838,49950409.60,7279,F1,1,,,,,
2026-07-28,2026-07-28,CM,NSE,STK,509,INE249Z01020,MAZDOCK,EQ,,,,,MAZAGON DOCK SHIPBUIL LTD,2330.30,2331.00,2290.00,2295.80,2293.00,2330.30,,2295.80,,,466171,1072648921.90,27796,F1,1,,,,,
2026-07-28,2026-07-28,CM,NSE,STK,18870,INE885E01042,MAZDA,BE,,,,,MAZDA LIMITED,217.81,221.80,212.00,212.53,214.90,216.92,,212.53,,,4633,996277.67,115,F1,1,,,,,
2026-07-28,2026-07-28,CM,NSE,STK,18033,INE912H01013,MBLINFRA,BE,,,,,MBL INFRASTRUCTURE LTD,24.46,25.39,23.80,24.34,24.82,24.45,,24.30,,,125807,3055203.20,265,F1,1,,,,,
2026-07-28,2026-07-28,CM,NSE,STK,11944,INE942G01012,MCLEODRUSS,BE,,,,,MCLEOD RUSSEL INDIA LTD.,52.50,52.50,50.70,51.67,51.69,52.57,,51.64,,,88096,4546508.90,410,F1,1,,,,,
2026-07-28,2026-07-28,CM,NSE,STK,14574,INE0O4M01019,MCON,SM,,,,,MCON RASAYAN INDIA LTD,45.50,46.20,45.05,46.20,46.20,46.20,,46.20,,,9000,409750.00,5,F1,1000,,,,,
2026-07-28,2026-07-28,CM,NSE,STK,21705,INE456Z01021,MEDIASSIST,EQ,,,,,MEDI ASSIST HEALTH SER L,346.35,351.00,343.75,347.20,348.00,347.15,,347.20,,,43810,15208240.70,1946,F1,1,,,,,
2026-07-28,2026-07-28,CM,NSE,STK,762805,INE200D01020,MMWL,BE,,,,,MEDIA MATRIX WORLDWIDE L,14.29,14.29,13.50,13.73,13.70,13.72,,14.00,,,49278,680987.73,53,F1,1,,,,,
2026-07-28,2026-07-28,CM,NSE,STK,6278,INE646B01010,MEDICAMEQ,EQ,,,,,MEDICAMEN BIOTECH LIMITED,241.15,246.15,237.95,239.10,242.00,241.15,,239.10,,,6411,1550531.40,311,F1,1,,,,,
2026-07-28,2026-07-28,CM,NSE,STK,24239,INE0PE401018,MEDIORG,SM,,,,,MEDICAMEN ORGANICS LTD,25.90,26.00,25.90,26.00,26.00,25.50,,26.00,,,6000,155800.00,3,F1,2000,,,,,
2026-07-28,2026-07-28,CM,NSE,STK,9667,INE630Y01024,MEDICO,EQ,,,,,MEDICO REMEDIES LIMITED,41.90,45.00,40.05,43.54,43.51,40.75,,43.53,,,902320,37881611.83,2656,F1,1,,,,,
2026-07-28,2026-07-28,CM,NSE,STK,758423,INE0UOY01019,MEDISTEP,SM,,,,,MEDISTEP HEALTHCARE LTD,18.00,18.00,18.00,18.00,18.00,18.50,,18.00,,,3000,54000.00,1,F1,3000,,,,,
2026-07-28,2026-07-28,CM,NSE,STK,7254,INE804L01022,MEDPLUS,EQ,,,,,MEDPLUS HEALTH SERV LTD,716.90,717.00,695.00,700.65,705.00,716.90,,700.65,,,393743,276546837.35,23879,F1,1,,,,,
2026-07-28,2026-07-28,CM,NSE,STK,760229,INE0VDM01015,MEESHO,EQ,,,,,MEESHO LIMITED,178.00,186.24,176.70,181.48,181.80,182.10,,181.48,,,16176746,2938154239.79,131706,F1,1,,,,,
2026-07-28,2026-07-28,CM,NSE,STK,8153,INE00EM01016,MEGASTAR,EQ,,,,,MEGASTAR FOODS LIMITED,339.10,340.00,330.20,333.05,340.00,338.40,,333.05,,,1767,590215.90,185,F1,1,,,,,
2026-07-28,2026-07-28,CM,NSE,STK,22560,INE531R01010,MEGATHERM,SM,,,,,MEGATHERM INDUCTION LTD,211.50,212.60,209.00,210.50,209.00,214.30,,210.50,,,10400,2193080.00,26,F1,400,,,,,
2026-07-28,2026-07-28,CM,NSE,STK,5394,INE0CT101020,MOL,EQ,,,,,MEGHMANI ORGANICS LIMITED,58.25,58.25,55.15,55.75,55.31,55.61,,55.74,,,1027010,57917444.45,4705,F1,1,,,,,
2026-07-28,2026-07-28,CM,NSE,STK,6971,INE071D01033,MENONBE,BE,,,,,MENON BEARINGS LIMITED,218.90,227.95,209.25,226.55,227.00,217.46,,226.55,,,81038,17997501.30,985,F1,1,,,,,
2026-07-28,2026-07-28,CM,NSE,STK,762787,INE650G01029,MENNPIS,EQ,,,,,MENON PISTONS LTD.,74.24,74.89,72.75,73.82,74.75,73.87,,73.82,,,35645,2640098.73,884,F1,1,,,,,
2026-07-28,2026-07-28,CM,NSE,STK,25882,INE776I01010,MEP,BZ,,,,,MEP INFRA. DEVELOPERS LTD,0.54,0.55,0.53,0.53,0.53,0.54,,0.53,,,484380,261617.74,134,F1,1,,,,,
2026-07-28,2026-07-28,CM,NSE,STK,762792,INE689O01013,MERCANTILE,EQ,,,,,MERCANTILE VENTURES LTD.,25.00,25.20,24.20,24.20,24.20,24.69,,24.20,,,2205,53510.34,32,F1,1,,,,,
2026-07-28,2026-07-28,CM,NSE,STK,763663,INE763M01028,MERCURYEV,EQ,,,,,MERCURY EV-TECH LIMITED,36.41,36.41,35.05,35.86,36.14,35.92,,35.88,,,161626,5767869.31,856,F1,1,,,,,
2026-07-28,2026-07-28,CM,NSE,STK,764278,INE1II801013,METALIC,ST,,,,,METALIC TECHNOFORGE LTD,87.00,90.90,82.65,83.05,83.50,77.00,,83.05,,,2686400,233750160.00,1081,F1,1600,,,,,
2026-07-28,2026-07-28,CM,NSE,STK,7242,INE317I01021,METROBRAND,EQ,,,,,METRO BRANDS LIMITED,1043.90,1043.90,1018.00,1026.00,1025.00,1031.70,,1026.10,,,25231,25901271.70,4432,F1,1,,,,,
2026-07-28,2026-07-28,CM,NSE,STK,762797,INE085D01033,METROGLOBL,EQ,,,,,METROGLOBAL LTD.,131.99,131.99,127.00,127.65,127.00,130.92,,127.65,,,1394,178213.37,61,F1,1,,,,,
2026-07-28,2026-07-28,CM,NSE,STK,9581,INE112L01020,METROPOLIS,EQ,,,,,METROPOLIS HEALTHCARE LTD,582.00,593.00,579.75,585.50,585.00,577.35,,585.50,,,360255,211759206.65,19471,F1,1,,,,,
2026-07-28,2026-07-28,CM,NSE,STK,7165,INE287C01037,MICEL,BE,,,,,MIC ELECTRONICS LTD,37.00,38.23,35.95,36.81,36.50,36.41,,36.82,,,301452,11136152.97,1057,F1,1,,,,,
2026-07-28,2026-07-28,CM,NSE,STK,19887,INE0PZK01014,MICROPRO,SM,,,,,MICROPRO SOFTWARE SOL L,18.75,19.40,17.20,18.95,18.95,19.95,,18.95,,,22400,405600.00,13,F1,1600,,,,,
2026-07-28,2026-07-28,CM,NSE,STK,759517,INE0XAD01024,MIDWESTLTD,EQ,,,,,MIDWEST LIMITED,1240.00,1250.80,1200.00,1206.60,1215.00,1240.10,,1206.70,,,16087,19591824.10,1332,F1,1,,,,,
2026-07-28,2026-07-28,CM,NSE,STK,159,INE376Y01016,MILTON,SM,,,,,MILTON INDUSTRIES LIMITED,33.40,33.40,33.40,33.40,33.40,35.15,,33.40,,,2200,73480.00,1,F1,2200,,,,,
2026-07-28,2026-07-28,CM,NSE,STK,25897,INE842C01021,MINDACORP,EQ,,,,,MINDA CORPORATION LTD,695.00,698.50,680.95,683.60,681.20,692.55,,683.60,,,87237,60126983.20,6893,F1,1,,,,,
2026-07-28,2026-07-28,CM,NSE,STK,22308,INE0CCU25019,MINDSPACE,RR,,,,,MINDSPACE BUSINESS P REIT,494.70,495.50,492.15,495.12,495.00,494.07,,495.12,,,103518,51201972.53,4624,F1,1,,,,,
2026-07-28,2026-07-28,CM,NSE,STK,18049,INE110B01017,MINDTECK,EQ,,,,,MINDTECK (INDIA) LIMITED,194.64,197.76,192.70,193.72,194.63,194.68,,193.73,,,27038,5273487.27,812,F1,1,,,,,
2026-07-28,2026-07-28,CM,NSE,STK,19640,INF769K01KU7,ALPHAETF,EQ,,,,,MIRAEAMC - ALPHAETF,25.90,25.90,25.60,25.70,25.75,25.89,,25.70,,,285188,7331044.34,827,F1,1,,,,,
2026-07-28,2026-07-28,CM,NSE,STK,17419,INF769K01KR3,BANKETF,EQ,,,,,MIRAEAMC - BANKETF,580.73,580.83,578.00,579.27,578.80,581.47,,579.27,,,6458,3744037.59,1344,F1,1,,,,,
2026-07-28,2026-07-28,CM,NSE,STK,25725,INF769K01LZ4,BANKPSU,EQ,,,,,MIRAEAMC - BANKPSU,84.20,84.21,83.51,83.69,83.80,84.28,,83.69,,,6190,518905.82,96,F1,1,,,,,
2026-07-28,2026-07-28,CM,NSE,STK,28969,INF769K01NS5,CONSUMER,EQ,,,,,MIRAEAMC - CONSUMER,11.83,11.93,11.82,11.90,11.90,11.80,,11.90,,,311294,3699269.45,327,F1,1,,,,,
2026-07-28,2026-07-28,CM,NSE,STK,761046,INF769K01QC2,DEFENCE,EQ,,,,,MIRAEAMC - DEFENCE,80.15,80.15,76.98,77.11,77.20,78.58,,77.11,,,290706,22456348.33,883,F1,1,,,,,
2026-07-28,2026-07-28,CM,NSE,STK,760412,INF769K01PY8,DIVIDEND,EQ,,,,,MIRAEAMC - DIVIDEND,35.54,35.74,35.48,35.66,35.66,35.48,,35.66,,,12679,452219.65,50,F1,1,,,,,
2026-07-28,2026-07-28,CM,NSE,STK,759780,INF769K01PR2,ENERGY,EQ,,,,,MIRAEAMC - ENERGY,39.02,39.42,38.26,38.35,38.37,39.02,,38.35,,,747735,28711612.59,2035,F1,1,,,,,
2026-07-28,2026-07-28,CM,NSE,STK,30121,INF769K01OA1,EQUAL200,EQ,,,,,MIRAEAMC - EQUAL200,13.79,13.82,13.74,13.79,13.80,13.74,,13.79,,,523,7216.66,34,F1,1,,,,,
2026-07-28,2026-07-28,CM,NSE,STK,757142,INF769K01OO2,EQUAL50,EQ,,,,,MIRAEAMC - EQUAL50,332.89,333.47,332.88,332.90,332.88,331.25,,332.90,,,263,87567.28,8,F1,1,,,,,
2026-07-28,2026-07-28,CM,NSE,STK,24461,INF769K01LQ3,EVINDIA,EQ,,,,,MIRAEAMC - EVINDIA,32.66,32.66,31.82,32.01,32.04,32.02,,32.01,,,176999,5665297.00,1354,F1,1,,,,,
2026-07-28,2026-07-28,CM,NSE,STK,760986,INF769K01QA6,HEALTHCARE,EQ,,,,,MIRAEAMC - HEALTHCARE,21.40,21.42,21.22,21.35,21.39,21.33,,21.35,,,54834,1167587.94,145,F1,1,,,,,
2026-07-28,2026-07-28,CM,NSE,STK,761030,INF769K01QB4,INFRA,EQ,,,,,MIRAEAMC - INFRA,12.13,12.13,12.01,12.06,12.06,12.13,,12.06,,,20229,243893.68,201,F1,1,,,,,
2026-07-28,2026-07-28,CM,NSE,STK,758595,INF769K01PB6,INTERNET,EQ,,,,,MIRAEAMC - INTERNET,13.31,13.53,13.31,13.49,13.49,13.26,,13.49,,,174424,2350222.59,160,F1,1,,,,,
2026-07-28,2026-07-28,CM,NSE,STK,19633,INF769K01KV5,ITETF,EQ,,,,,MIRAEAMC - ITETF,31.64,32.49,31.64,32.27,32.21,31.16,,32.27,,,1546125,49804502.27,1663,F1,1,,,,,
2026-07-28,2026-07-28,CM,NSE,STK,17572,INF769K01KS1,LIQUID,EQ,,,,,MIRAEAMC - LIQUID,999.99,1000.00,999.99,999.99,1000.00,999.99,,999.99,,,164053,164051792.14,136,F1,1,,,,,
2026-07-28,2026-07-28,CM,NSE,STK,27075,INF769K01MY5,LIQUIDPLUS,EQ,,,,,MIRAEAMC - LIQUIDPLUS,1096.31,1096.33,1096.10,1096.31,1096.33,1096.16,,1096.31,,,636198,697470970.50,205,F1,1,,,,,
2026-07-28,2026-07-28,CM,NSE,STK,1200,INF769K01GS9,ESG,EQ,,,,,MIRAEAMC - MAESGETF,41.46,41.49,41.25,41.25,41.39,41.46,,41.25,,,98853,4079524.16,86,F1,1,,,,,
2026-07-28,2026-07-28,CM,NSE,STK,3507,INF769K01HF4,MAFANG,EQ,,,,,MIRAEAMC - MAFANG,191.12,191.12,191.12,191.12,191.12,192.54,,191.12,,,102367,19564381.04,400,F1,1,,,,,
2026-07-28,2026-07-28,CM,NSE,STK,5220,INF769K01HI8,BFSI,EQ,,,,,MIRAEAMC - MAFSETF,27.78,27.78,26.97,27.04,27.06,27.12,,27.04,,,205975,5577070.35,702,F1,1,,,,,
2026-07-28,2026-07-28,CM,NSE,STK,14286,INF769K01JP9,GOLDETF,EQ,,,,,MIRAEAMC - MAGOLDETF,138.88,138.88,137.25,137.71,137.25,139.40,,137.71,,,716800,98710682.06,15231,F1,1,,,,,
2026-07-28,2026-07-28,CM,NSE,STK,14938,INF769K01KF8,GSEC10YEAR,EQ,,,,,MIRAEAMC - MAGS813ETF,30.64,30.64,30.35,30.64,30.64,30.60,,30.64,,,1805,54793.06,13,F1,1,,,,,
2026-07-28,2026-07-28,CM,NSE,STK,7074,INF769K01HS7,MAHKTECH,EQ,,,,,MIRAEAMC - MAHKTECH,22.96,22.96,22.96,22.96,22.96,23.31,,22.96,,,339967,7805642.32,296,F1,1,,,,,
2026-07-28,2026-07-28,CM,NSE,STK,8413,INF769K01IC9,MIDCAPETF,EQ,,,,,MIRAEAMC - MAM150ETF,23.99,23.99,23.37,23.41,23.44,23.41,,23.41,,,1834537,42983472.19,3777,F1,1,,,,,
2026-07-28,2026-07-28,CM,NSE,STK,7979,INF769K01IB1,MAKEINDIA,EQ,,,,,MIRAEAMC - MAMFGETF,162.83,162.83,161.97,162.11,162.50,163.08,,162.11,,,16060,2605818.27,293,F1,1,,,,,
2026-07-28,2026-07-28,CM,NSE,STK,6353,INF769K01EG9,NIFTYETF,EQ,,,,,MIRAEAMC - MAN50ETF,261.26,261.53,260.35,260.75,261.20,261.26,,260.75,,,205059,53486623.04,1686,F1,1,,,,,
2026-07-28,2026-07-28,CM,NSE,STK,14786,INF769K01JU9,LOWVOL,EQ,,,,,MIRAEAMC - MANV30F,208.22,209.14,208.22,209.07,209.07,208.11,,209.07,,,357,74367.82,5,F1,1,,,,,
2026-07-28,2026-07-28,CM,NSE,STK,17181,INF769K01FN2,NEXT50,EQ,,,,,MIRAEAMC - MANXT50,743.56,751.67,742.37,742.57,744.62,747.30,,742.58,,,23265,17318568.02,1361,F1,1,,,,,
2026-07-28,2026-07-28,CM,NSE,STK,16777,INF769K01KG6,SILVERAG,EQ,,,,,MIRAEAMC - MASILVER,211.56,212.33,209.94,210.41,210.20,216.80,,210.42,,,152230,32088446.95,2881,F1,1,,,,,
2026-07-28,2026-07-28,CM,NSE,STK,5782,INF769K01HP3,MASPTOP50,EQ,,,,,MIRAEAMC - MASPTOP50,77.90,77.90,77.90,77.90,77.90,78.09,,77.90,,,80982,6308497.80,1476,F1,1,,,,,
2026-07-28,2026-07-28,CM,NSE,STK,25744,INF769K01LY7,METAL,EQ,,,,,MIRAEAMC - METAL,12.59,12.64,12.50,12.52,12.55,12.59,,12.52,,,2211738,27722217.32,4814,F1,1,,,,,
2026-07-28,2026-07-28,CM,NSE,STK,23855,INF769K01LJ8,MIDSMALL,EQ,,,,,MIRAEAMC - MIDSMALL,51.14,51.14,50.41,50.60,50.68,50.75,,50.60,,,229399,11598361.26,1359,F1,1,,,,,
2026-07-28,2026-07-28,CM,NSE,STK,764198,INF769K01RC0,MOMMIDCAP,EQ,,,,,MIRAEAMC - MOMMIDCAP,12.57,12.57,12.28,12.45,12.46,12.51,,12.45,,,6607702,82323335.38,675,F1,1,,,,,
2026-07-28,2026-07-28,CM,NSE,STK,25080,INF769K01LX9,MULTICAP,EQ,,,,,MIRAEAMC - MULTICAP,16.58,16.60,16.51,16.53,16.56,16.56,,16.53,,,108291,1791650.04,362,F1,1,,,,,
2026-07-28,2026-07-28,CM,NSE,STK,30109,INF769K01ON4,SELECTIPO,EQ,,,,,MIRAEAMC - SELECTIPO,46.01,46.41,45.99,46.34,46.40,46.09,,46.34,,,66527,3077297.41,86,F1,1,,,,,
2026-07-28,2026-07-28,CM,NSE,STK,19224,INF769K01KT9,SENSEXETF,EQ,,,,,MIRAEAMC - SENSEXETF,79.23,79.47,79.10,79.30,79.10,79.23,,79.30,,,18868,1496278.23,168,F1,1,,,,,
2026-07-28,2026-07-28,CM,NSE,STK,759814,INF769K01PQ4,SMALL250,EQ,,,,,MIRAEAMC - SMALL250,17.94,17.94,17.75,17.81,17.77,17.84,,17.80,,,258197,4597495.16,576,F1,1,,,,,
2026-07-28,2026-07-28,CM,NSE,STK,22832,INF769K01LC3,SMALLCAP,EQ,,,,,MIRAEAMC - SMALLCAP,47.41,47.41,46.31,46.64,46.59,46.91,,46.64,,,2028756,94462824.52,4297,F1,1,,,,,
2026-07-28,2026-07-28,CM,NSE,STK,760415,INF769K01PZ5,TOP20,EQ,,,,,MIRAEAMC - TOP20,9.08,9.08,8.87,8.87,8.89,8.86,,8.87,,,118574,1053949.35,124,F1,1,,,,,
2026-07-28,2026-07-28,CM,NSE,STK,761511,INF769K01QV2,VALUE,EQ,,,,,MIRAEAMC - VALUE,16.04,16.04,15.94,15.98,15.99,16.07,,15.98,,,14687,235008.37,74,F1,1,,,,,
2026-07-28,2026-07-28,CM,NSE,STK,4394,INE771A01026,MIRZAINT,EQ,,,,,MIRZA INTERNATIONAL LIMIT,35.04,35.92,34.45,34.67,35.13,35.14,,34.67,,,111541,3881422.51,1436,F1,1,,,,,
2026-07-28,2026-07-28,CM,NSE,STK,2463,INE099Z01011,MIDHANI,EQ,,,,,MISHRA DHATU NIGAM LTD,397.10,399.15,390.55,391.75,392.50,397.10,,391.75,,,195182,76778683.00,10632,F1,1,,,,,
2026-07-28,2026-07-28,CM,NSE,STK,8475,INE828O01033,MITCON,BE,,,,,MITCON CON & ENG SER LTD,70.03,76.00,70.00,72.00,72.00,73.15,,72.00,,,898,64743.42,12,F1,1,,,,,
2026-07-28,2026-07-28,CM,NSE,STK,18562,INE997Y01027,MITTAL,EQ,,,,,MITTAL LIFE STYLE LIMITED,0.91,0.93,0.90,0.90,0.92,0.91,,0.90,,,862921,786977.58,244,F1,1,,,,,
2026-07-28,2026-07-28,CM,NSE,STK,13844,INE227C01017,MMFL,EQ,,,,,MM FORGINGS LTD,556.80,564.80,532.75,553.40,553.80,559.50,,553.40,,,115179,63112680.90,5806,F1,1,,,,,
2026-07-28,2026-07-28,CM,NSE,STK,16395,INE511Y01018,MMP,EQ,,,,,MMP INDUSTRIES LIMITED,283.60,285.45,277.20,280.55,282.70,285.05,,280.55,,,28002,7868530.60,1038,F1,1,,,,,
2026-07-28,2026-07-28,CM,NSE,STK,17957,INE123F01029,MMTC,EQ,,,,,MMTC LIMITED,61.74,61.74,60.50,60.59,60.66,61.66,,60.59,,,818740,49886287.28,5865,F1,1,,,,,
2026-07-28,2026-07-28,CM,NSE,STK,760199,INE1YNB01019,MOBILISE,ST,,,,,MOBILISE APP LAB LIMITED,117.00,117.00,111.00,114.00,111.05,116.60,,114.00,,,6400,729680.00,4,F1,1600,,,,,
2026-07-28,2026-07-28,CM,NSE,STK,2241,INE794W01014,MODTHREAD,EQ,,,,,MODERN THREADS INDIA LTD,49.27,49.27,48.99,49.00,49.00,49.27,,49.00,,,28,1372.25,4,F1,1,,,,,
2026-07-28,2026-07-28,CM,NSE,STK,760280,INE537F01012,MODINATUR,BE,,,,,MODI NATURALS LIMITED,410.90,410.95,393.55,396.80,393.55,411.65,,397.30,,,4239,1691866.65,87,F1,1,,,,,
2026-07-28,2026-07-28,CM,NSE,STK,2229,INE832A01018,MODIRUBBER,EQ,,,,,MODI RUBBER LTD,126.00,126.60,122.00,123.64,123.31,126.00,,123.56,,,971,120127.58,51,F1,1,,,,,
2026-07-28,2026-07-28,CM,NSE,STK,759752,INE0L0L01012,MODIS,EQ,,,,,MODIS NAVNIRMAN LTD,393.00,403.95,388.05,390.15,389.00,388.45,,390.15,,,59675,23707908.70,2933,F1,1,,,,,
2026-07-28,2026-07-28,CM,NSE,STK,3325,INE737D01021,MODISONLTD,BE,,,,,MODISON LIMITED,269.75,269.75,258.65,259.00,260.45,272.25,,259.00,,,86962,22716631.50,939,F1,1,,,,,
2026-07-28,2026-07-28,CM,NSE,STK,1426,INE450S01011,MHHL,SM,,,,,MOHINI HEALTH&HYGIENE LTD,35.50,35.50,35.50,35.50,35.50,33.85,,35.50,,,1500,53250.00,1,F1,1500,,,,,
2026-07-28,2026-07-28,CM,NSE,STK,29423,INE954E01012,MOHITIND,EQ,,,,,MOHIT INDUSTRIES LTD,23.36,23.90,22.05,22.71,22.27,22.94,,22.67,,,8575,194550.67,106,F1,1,,,,,
2026-07-28,2026-07-28,CM,NSE,STK,20830,INE490G01020,MOIL,EQ,,,,,MOIL LIMITED,269.00,271.90,265.40,267.25,267.00,268.40,,267.25,,,275060,73756025.25,9334,F1,1,,,,,
2026-07-28,2026-07-28,CM,NSE,STK,3586,INE514Y01020,MOKSH,EQ,,,,,MOKSH ORNAMENTS LIMITED,10.29,10.46,10.15,10.24,10.15,10.29,,10.24,,,58139,596049.62,154,F1,1,,,,,
2026-07-28,2026-07-28,CM,NSE,STK,6713,INE893J01029,MOLDTKPAC,EQ,,,,,MOLD-TEK PACKAGING LTD,693.05,702.00,641.35,657.30,657.00,692.35,,657.40,,,345779,228972887.20,15615,F1,1,,,,,
2026-07-28,2026-07-28,CM,NSE,STK,17625,INE835B01035,MOLDTECH,EQ,,,,,MOLD-TEK TECHNOLOGIES LTD,142.60,142.60,134.00,134.75,134.10,142.39,,134.74,,,62453,8597943.83,1403,F1,1,,,,,
2026-07-28,2026-07-28,CM,NSE,STK,7679,INE903D01011,MONARCH,EQ,,,,,MONARCH NETWORTH CAP LTD,398.90,400.00,388.20,391.65,388.20,397.60,,391.65,,,505032,199136613.40,11228,F1,1,,,,,
2026-07-28,2026-07-28,CM,NSE,STK,759381,INE296Q01012,MONEYBOXX,EQ,,,,,MONEYBOXX FINANCE LIMITED,61.90,61.90,57.25,59.35,60.00,59.01,,59.37,,,13881,822808.05,189,F1,1,,,,,
2026-07-28,2026-07-28,CM,NSE,STK,756958,INE1DV401010,MONOLITH,SM,,,,,MONOLITHISCH INDIA LTD,835.00,848.00,818.00,823.95,824.00,820.75,,823.95,,,55000,45857350.00,182,F1,250,,,,,
2026-07-28,2026-07-28,CM,NSE,STK,5938,INE950M01013,MONTECARLO,EQ,,,,,MONTE CARLO FASHIONS LTD.,546.85,546.95,536.00,541.00,542.90,546.85,,541.00,,,17326,9368099.95,1111,F1,1,,,,,
2026-07-28,2026-07-28,CM,NSE,STK,2259,INE083A01026,MOREPENLAB,EQ,,,,,MOREPEN LAB. LTD,56.55,56.89,55.01,55.30,55.05,56.66,,55.30,,,3092284,172542286.02,10466,F1,1,,,,,
2026-07-28,2026-07-28,CM,NSE,STK,15057,INE0N7S01028,MOS,ST,,,,,MOS UTILITY LIMITED,11.95,12.00,11.30,11.45,11.30,11.85,,11.45,,,84000,974400.00,20,F1,4000,,,,,
2026-07-28,2026-07-28,CM,NSE,STK,29459,INE935B01025,MOSCHIP,EQ,,,,,MOSCHIP TECHNOLOGIES LTD,207.40,207.90,202.00,202.62,202.35,208.30,,202.62,,,3533976,722428115.31,33972,F1,1,,,,,
2026-07-28,2026-07-28,CM,NSE,STK,8596,INE0FS801015,MSUMI,EQ,,,,,MOTHERSON SUMI WRNG IND L,41.70,41.72,40.71,41.52,41.50,41.74,,41.52,,,6259867,258251211.55,22359,F1,1,,,,,
2026-07-28,2026-07-28,CM,NSE,STK,21423,INF247L01023,MOM100,EQ,,,,,MOTILAL OS MIDCAP100 ETF,67.26,67.58,67.06,67.34,67.47,67.27,,67.34,,,209404,14096028.80,1726,F1,1,,,,,
2026-07-28,2026-07-28,CM,NSE,STK,22739,INF247L01AP3,MON100,EQ,,,,,MOTILAL OS NASDAQ100 ETF,318.46,318.46,318.46,318.46,318.46,322.11,,318.46,,,331097,105441150.62,1262,F1,1,,,,,
2026-07-28,2026-07-28,CM,NSE,STK,14947,INE338I01027,MOTILALOFS,EQ,,,,,MOTILAL OSWAL FIN LTD,869.30,870.00,850.10,856.15,853.55,869.30,,856.15,,,984358,845460213.10,32581,F1,1,,,,,
2026-07-28,2026-07-28,CM,NSE,STK,19289,INF247L01536,MOM50,EQ,,,,,MOTILAL OSWAL M50 ETF,251.12,251.79,250.92,251.27,251.25,251.12,,251.27,,,3670,921995.18,95,F1,1,,,,,
2026-07-28,2026-07-28,CM,NSE,STK,1507,INF247L01AK4,MOGSEC,EQ,,,,,MOTILALAMC - G5,65.72,65.72,65.02,65.09,65.49,65.73,,65.09,,,16018,1045777.90,40,F1,1,,,,,
2026-07-28,2026-07-28,CM,NSE,STK,757669,INF247L01FR8,MOALPHA50,EQ,,,,,MOTILALAMC - MOALPHA50,53.48,53.48,52.60,53.00,53.09,53.48,,53.00,,,8058,425584.81,80,F1,1,,,,,
2026-07-28,2026-07-28,CM,NSE,STK,761693,INF247L01GV8,MOBANK10,EQ,,,,,MOTILALAMC - MOBANK10,16.82,16.92,16.82,16.84,16.85,16.88,,16.84,,,9393,158650.44,70,F1,1,,,,,
2026-07-28,2026-07-28,CM,NSE,STK,30065,INF247L01EV3,MOCAPITAL,EQ,,,,,MOTILALAMC - MOCAPITAL,53.40,53.45,52.52,52.86,53.22,53.14,,52.85,,,922389,48654704.21,3204,F1,1,,,,,
2026-07-28,2026-07-28,CM,NSE,STK,24944,INF247L01DJ0,MODEFENCE,EQ,,,,,MOTILALAMC - MODEFENCE,103.31,103.98,101.02,101.30,101.30,103.31,,101.30,,,1653474,167826495.02,9891,F1,1,,,,,
2026-07-28,2026-07-28,CM,NSE,STK,759374,INF247L01GH7,MOENERGY,EQ,,,,,MOTILALAMC - MOENERGY,39.10,39.10,38.19,38.28,38.35,38.95,,38.28,,,255507,9800779.60,3479,F1,1,,,,,
2026-07-28,2026-07-28,CM,NSE,STK,757791,INF247L01FY4,MOGOLD,EQ,,,,,MOTILALAMC - MOGOLD,141.35,141.35,139.75,139.90,139.85,141.85,,139.95,,,18505,2594845.05,386,F1,1,,,,,
2026-07-28,2026-07-28,CM,NSE,STK,10508,INF247L01BB1,MOHEALTH,EQ,,,,,MOTILALAMC - MOHEALTH,51.67,51.68,50.79,51.03,51.16,51.54,,51.03,,,72814,3715572.78,763,F1,1,,,,,
2026-07-28,2026-07-28,CM,NSE,STK,757031,INF247L01FL1,MOINFRA,EQ,,,,,MOTILALAMC - MOINFRA,60.56,60.56,60.09,60.21,60.45,60.57,,60.21,,,8752,527470.64,55,F1,1,,,,,
2026-07-28,2026-07-28,CM,NSE,STK,759891,INF247L01GI5,MOIPO,EQ,,,,,MOTILALAMC - MOIPO,46.12,46.44,46.12,46.21,46.21,46.09,,46.21,,,889,41219.89,21,F1,1,,,,,
2026-07-28,2026-07-28,CM,NSE,STK,8654,INF247L01BL0,MOLOWVOL,EQ,,,,,MOTILALAMC - MOLOWVOL,37.14,37.16,36.98,37.06,37.06,36.99,,37.06,,,169,6265.39,10,F1,1,,,,,
2026-07-28,2026-07-28,CM,NSE,STK,25606,INF247L01DK8,MOMENTUM50,EQ,,,,,MOTILALAMC - MOMENTUM50,54.80,54.80,51.60,51.82,52.09,52.44,,51.82,,,427334,22155030.30,2753,F1,1,,,,,
2026-07-28,2026-07-28,CM,NSE,STK,757099,INF247L01FK3,MOMGF,EQ,,,,,MOTILALAMC - MOMGF,159.68,160.00,158.62,160.00,160.00,159.99,,160.00,,,1177,187665.21,22,F1,1,,,,,
2026-07-28,2026-07-28,CM,NSE,STK,757817,INF247L01FQ0,MOMIDMTM,EQ,,,,,MOTILALAMC - MOMIDMTM,64.40,64.40,62.55,63.08,63.50,63.14,,63.08,,,33037,2074175.37,248,F1,1,,,,,
2026-07-28,2026-07-28,CM,NSE,STK,760054,INF247L01GK1,MOMNC,EQ,,,,,MOTILALAMC - MOMNC,32.59,32.59,32.27,32.45,32.45,32.67,,32.45,,,470,15213.82,6,F1,1,,,,,
2026-07-28,2026-07-28,CM,NSE,STK,8182,INF247L01BK2,MOMOMENTUM,EQ,,,,,MOTILALAMC - MOMOMENTUM,61.15,61.18,60.56,60.80,61.17,61.48,,60.81,,,101982,6197762.22,597,F1,1,,,,,
2026-07-28,2026-07-28,CM,NSE,STK,756900,INF247L01FC0,MON50EQUAL,EQ,,,,,MOTILALAMC - MON50EQUAL,33.40,33.47,33.33,33.42,33.44,33.24,,33.42,,,390,13043.41,36,F1,1,,,,,
2026-07-28,2026-07-28,CM,NSE,STK,757167,INF247L01FD8,MONEXT50,EQ,,,,,MOTILALAMC - MONEXT50,72.60,73.56,72.00,73.24,73.56,72.56,,73.24,,,1376,99788.08,52,F1,1,,,,,
2026-07-28,2026-07-28,CM,NSE,STK,759371,INF247L01GG9,MONIFTY100,EQ,,,,,MOTILALAMC - MONIFTY100,25.27,25.29,25.21,25.21,25.21,25.27,,25.21,,,1860,46929.13,37,F1,1,,,,,
2026-07-28,2026-07-28,CM,NSE,STK,19237,INF247L01BU1,MONIFTY500,EQ,,,,,MOTILALAMC - MONIFTY500,24.21,24.21,23.43,23.62,23.68,23.62,,23.62,,,629022,14861776.09,1166,F1,1,,,,,
2026-07-28,2026-07-28,CM,NSE,STK,7422,INF247L01AU3,MONQ50,EQ,,,,,MOTILALAMC - MONQ50,140.88,140.88,140.88,140.88,140.88,142.17,,140.88,,,13923,1961472.24,205,F1,1,,,,,
2026-07-28,2026-07-28,CM,NSE,STK,757431,INF247L01FO5,MOPSE,EQ,,,,,MOTILALAMC - MOPSE,100.75,100.75,100.23,100.44,100.23,101.64,,100.44,,,1021,102639.28,16,F1,1,,,,,
2026-07-28,2026-07-28,CM,NSE,STK,10822,INF247L01BH8,MOQUALITY,EQ,,,,,MOTILALAMC - MOQUALITY,202.26,202.26,200.59,201.08,201.08,201.57,,201.08,,,302,60707.65,11,F1,1,,,,,
2026-07-28,2026-07-28,CM,NSE,STK,23184,INF247L01CI4,MOREALTY,EQ,,,,,MOTILALAMC - MOREALTY,90.45,92.54,90.45,92.22,92.00,90.38,,92.22,,,912815,83745721.34,2304,F1,1,,,,,
2026-07-28,2026-07-28,CM,NSE,STK,760001,INF247L01GJ3,MOSERVICE,EQ,,,,,MOTILALAMC - MOSERVICE,31.01,31.01,30.91,31.01,31.01,31.01,,31.01,,,2599,80409.41,14,F1,1,,,,,
2026-07-28,2026-07-28,CM,NSE,STK,758457,INF247L01FZ1,MOSILVER,EQ,,,,,MOTILALAMC - MOSILVER,216.39,216.39,213.14,213.84,214.58,219.69,,213.84,,,90421,19388928.06,1093,F1,1,,,,,
2026-07-28,2026-07-28,CM,NSE,STK,23181,INF247L01CH6,MOSMALL250,EQ,,,,,MOTILALAMC - MOSMALL250,17.57,18.07,17.57,17.87,17.90,17.93,,17.87,,,1597126,28520537.88,2066,F1,1,,,,,
2026-07-28,2026-07-28,CM,NSE,STK,757443,INF247L01FP2,MOTOUR,EQ,,,,,MOTILALAMC - MOTOUR,78.81,79.15,78.41,78.70,79.02,78.81,,78.70,,,8691,684804.72,131,F1,1,,,,,
2026-07-28,2026-07-28,CM,NSE,STK,10825,INF247L01BE5,MOVALUE,EQ,,,,,MOTILALAMC - MOVALUE,113.55,113.55,112.46,112.73,112.52,113.54,,112.75,,,34643,3911089.43,653,F1,1,,,,,
2026-07-28,2026-07-28,CM,NSE,STK,20788,INE0FRK01020,MOTISONS,EQ,,,,,MOTISONS JEWELLERS LTD,13.98,14.79,13.81,14.62,14.61,13.96,,14.62,,,56882432,817320533.63,124427,F1,1,,,,,
2026-07-28,2026-07-28,CM,NSE,STK,8793,INE861B01023,MOTOGENFIN,BE,,,,,MOTOR & GENERAL FINANCE L,26.73,26.73,26.70,26.71,26.70,27.39,,26.71,,,800,21372.00,5,F1,1,,,,,
2026-07-28,2026-07-28,CM,NSE,STK,13507,INE0N6D01014,MOXSH,ST,,,,,MOXSH OVERSEAS EDUCON LTD,102.00,102.00,101.50,101.50,101.50,106.00,,101.50,,,4800,488800.00,2,F1,1600,,,,,
2026-07-28,2026-07-28,CM,NSE,STK,4503,INE356A01018,MPHASIS,EQ,,,,,MPHASIS LIMITED,2374.70,2449.90,2368.50,2413.50,2416.00,2332.70,,2413.50,,,1377173,3337675903.50,84230,F1,1,,,,,
2026-07-28,2026-07-28,CM,NSE,STK,10578,INE943D01017,MPSLTD,EQ,,,,,MPS LIMITED,2685.00,2685.00,2570.00,2609.90,2605.10,2687.10,,2609.90,,,56362,147754187.60,6535,F1,1,,,,,
2026-07-28,2026-07-28,CM,NSE,STK,2277,INE883A01011,MRF,EQ,,,,,MRF LTD,132500.00,134000.00,132100.00,133140.00,133000.00,132020.00,,133135.00,,,5493,730738795.00,3012,F1,1,,,,,
2026-07-28,2026-07-28,CM,NSE,STK,2283,INE103A01014,MRPL,EQ,,,,,MRPL,163.00,164.00,159.30,160.03,159.74,162.29,,160.03,,,5369542,866149523.18,32867,F1,1,,,,,
2026-07-28,2026-07-28,CM,NSE,STK,1628,INE495P01020,BECTORFOOD,EQ,,,,,MRS BECTORS FOOD SPE LTD,212.00,215.75,207.47,210.16,209.00,211.89,,210.15,,,4088081,864313030.40,31807,F1,1,,,,,
2026-07-28,2026-07-28,CM,NSE,STK,11919,INE752G01015,MSPL,EQ,,,,,MSP STEEL & POWER LTD.,36.00,36.66,35.05,36.22,35.75,36.14,,36.21,,,518094,18533534.14,3509,F1,1,,,,,
2026-07-28,2026-07-28,CM,NSE,STK,9356,INE255X01014,MSTCLTD,EQ,,,,,MSTC LIMITED,604.00,606.55,593.05,596.55,599.50,602.70,,596.45,,,96862,58061072.00,4886,F1,1,,,,,
2026-07-28,2026-07-28,CM,NSE,STK,31413,INE472M01018,MTEDUCARE,BE,,,,,MT EDUCARE LTD,1.90,2.10,1.90,1.92,1.92,2.00,,1.92,,,38902,79244.70,77,F1,1,,,,,
2026-07-28,2026-07-28,CM,NSE,STK,2715,INE864I01014,MTARTECH,BE,,,,,MTAR TECHNOLOGIES LIMITED,5760.00,5788.00,5467.00,5467.00,5467.00,5754.50,,5463.00,,,137624,760257973.50,12739,F1,1,,,,,
2026-07-28,2026-07-28,CM,NSE,STK,19783,INE08KJ01020,MUFIN,EQ,,,,,MUFIN GREEN FINANCE LTD,125.48,125.95,122.57,123.96,125.00,125.61,,123.98,,,1103987,137381075.68,3455,F1,1,,,,,
2026-07-28,2026-07-28,CM,NSE,STK,11325,INE304A01026,MUKANDLTD,EQ,,,,,MUKAND LTD.,140.05,142.00,138.45,139.10,139.48,140.57,,139.08,,,69297,9705478.93,1155,F1,1,,,,,
2026-07-28,2026-07-28,CM,NSE,STK,22980,INE0CG401037,MUKKA,EQ,,,,,MUKKA PROTEINS LIMITED,22.80,23.12,22.60,22.91,22.87,22.62,,22.91,,,131599,3007568.93,633,F1,1,,,,,
2026-07-28,2026-07-28,CM,NSE,STK,8691,INE374B01019,MUKTAARTS,BE,,,,,MUKTA ARTS LIMITED,58.45,61.38,56.51,58.19,58.20,58.50,,58.19,,,7859,469447.46,38,F1,1,,,,,
2026-07-28,2026-07-28,CM,NSE,STK,31181,INE745G01043,MCX,EQ,,,,,MULTI COMMODITY EXCHANGE,2739.50,2764.80,2700.00,2713.40,2725.00,2755.10,,2713.30,,,1135493,3094153504.20,83144,F1,1,,,,,
2026-07-28,2026-07-28,CM,NSE,STK,759419,INE1K8Y01018,MUNISH,ST,,,,,MUNISH FORGE LIMITED,77.70,77.70,77.70,77.70,77.70,77.70,,77.70,,,1200,93240.00,1,F1,1200,,,,,
2026-07-28,2026-07-28,CM,NSE,STK,13511,INE672B01032,MUNJALAU,EQ,,,,,MUNJAL AUTO IND. LTD.,105.00,105.00,101.84,102.32,102.22,104.90,,102.33,,,234161,24049975.86,2432,F1,1,,,,,
2026-07-28,2026-07-28,CM,NSE,STK,2307,INE577A01027,MUNJALSHOW,EQ,,,,,MUNJAL SHOWA LTD,140.00,140.00,136.80,137.30,137.00,136.93,,137.22,,,34456,4758814.72,735,F1,1,,,,,
2026-07-28,2026-07-28,CM,NSE,STK,2313,INE692B01014,MURUDCERA,EQ,,,,,MURUDESHWAR CERAMICS LTD,30.50,31.50,30.50,30.66,30.95,30.66,,30.66,,,5498,169807.97,124,F1,1,,,,,
2026-07-28,2026-07-28,CM,NSE,STK,19877,INE919I01024,RADIOCITY,EQ,,,,,MUSIC BROADCAST LIMITED,6.89,6.89,6.40,6.66,6.74,6.58,,6.66,,,83061,546798.99,189,F1,1,,,,,
2026-07-28,2026-07-28,CM,NSE,STK,10415,INE296G01013,MUTHOOTCAP,EQ,,,,,MUTHOOT CAP SERV LTD,217.53,220.00,214.82,218.62,218.89,215.09,,218.52,,,17307,3776464.54,629,F1,1,,,,,
2026-07-28,2026-07-28,CM,NSE,STK,23650,INE414G01012,MUTHOOTFIN,EQ,,,,,MUTHOOT FINANCE LIMITED,3021.00,3036.00,2968.00,3014.40,3026.60,3025.90,,3014.30,,,662562,1990448632.90,36831,F1,1,,,,,
2026-07-28,2026-07-28,CM,NSE,STK,20831,INE046W01019,MUTHOOTMF,EQ,,,,,MUTHOOT MICROFIN LIMITED,255.99,258.70,249.86,255.81,255.50,255.03,,255.79,,,305535,77642130.91,5421,F1,1,,,,,
2026-07-28,2026-07-28,CM,NSE,STK,25208,INE0RVQ01016,MYMUDRA,SM,,,,,MY MUDRA FINCORP LIMITED,79.00,80.50,77.00,77.00,77.00,79.55,,77.00,,,4800,379800.00,4,F1,1200,,,,,
2026-07-28,2026-07-28,CM,NSE,STK,20314,INE740D01017,NRAIL,EQ,,,,,N R AGARWAL INDS LTD,480.95,487.40,461.05,464.45,463.00,478.60,,464.50,,,10242,4797330.75,717,F1,1,,,,,
2026-07-28,2026-07-28,CM,NSE,STK,757492,INE104101014,NRVANDANA,ST,,,,,N R VANDANA TEX IND LTD,69.40,69.55,68.50,68.50,68.50,68.85,,68.50,,,51000,3523050.00,11,F1,3000,,,,,
2026-07-28,2026-07-28,CM,NSE,STK,19111,INE365I01020,NBIFIN,EQ,,,,,N.B.I. IND. FIN. CO. LTD,2189.30,2268.60,2161.00,2170.00,2179.90,2222.40,,2170.00,,,300,656285.50,74,F1,1,,,,,
2026-07-28,2026-07-28,CM,NSE,STK,20425,INE295D01020,NACLIND,EQ,,,,,NACL INDUSTRIES LIMITED,192.69,193.29,184.01,185.37,184.20,193.10,,185.33,,,595073,111195249.73,9627,F1,1,,,,,
2026-07-28,2026-07-28,CM,NSE,STK,18371,INE756C01015,NDGL,EQ,,,,,NAGA DHUNSERI GROUP LTD,2780.00,2780.00,2720.00,2772.40,2774.90,2736.00,,2772.40,,,36,99295.80,18,F1,1,,,,,
2026-07-28,2026-07-28,CM,NSE,STK,14942,INE245I01016,NAGREEKCAP,EQ,,,,,NAGREEKA CAP & INFR.LTD,22.06,23.86,22.06,22.98,22.98,22.73,,22.95,,,3344,77311.78,82,F1,1,,,,,
2026-07-28,2026-07-28,CM,NSE,STK,14702,INE123B01028,NAGREEKEXP,EQ,,,,,NAGREEKA EXPORTS LTD.,22.55,23.72,20.10,21.28,21.50,22.83,,21.28,,,51193,1085777.16,398,F1,1,,,,,
2026-07-28,2026-07-28,CM,NSE,STK,15360,INE049I01012,NAHARCAP,EQ,,,,,NAHAR CAP & FIN.,244.25,249.99,244.13,247.39,249.00,244.53,,248.92,,,1642,407139.34,37,F1,1,,,,,
2026-07-28,2026-07-28,CM,NSE,STK,13106,INE289A01011,NAHARINDUS,EQ,,,,,NAHAR INDS ENT LTD,115.95,117.78,113.22,115.56,114.85,116.50,,115.56,,,8901,1026033.11,369,F1,1,,,,,
2026-07-28,2026-07-28,CM,NSE,STK,14445,INE308A01027,NAHARPOLY,EQ,,,,,NAHAR POLY FILMS LIMITED,280.00,282.90,263.00,266.10,265.60,279.55,,266.10,,,28684,7751424.50,1134,F1,1,,,,,
2026-07-28,2026-07-28,CM,NSE,STK,14443,INE290A01027,NAHARSPING,BE,,,,,NAHAR SPINNING MILLS LTD.,280.00,281.90,276.20,280.10,281.00,279.65,,280.10,,,10357,2899732.30,117,F1,1,,,,,
2026-07-28,2026-07-28,CM,NSE,STK,5404,INE236Y01012,NGIL,BE,,,,,NAKODA GROUP OF IND. LTD,38.26,38.99,37.50,37.54,37.51,39.04,,37.54,,,4648,175149.66,23,F1,1,,,,,
2026-07-28,2026-07-28,CM,NSE,STK,11239,INE023A01030,NSIL,EQ,,,,,NALWA SONS INVESTMENT LTD,5426.00,5460.00,5411.50,5434.50,5412.00,5445.00,,5436.50,,,786,4270817.00,211,F1,1,,,,,
2026-07-28,2026-07-28,CM,NSE,STK,23379,INE0RJM01010,NAMAN,SM,,,,,NAMAN INDUSTRE PRXIMA LTD,45.15,45.15,45.15,45.15,45.15,47.50,,45.15,,,5600,252840.00,3,F1,800,,,,,
2026-07-28,2026-07-28,CM,NSE,STK,25170,INE08NZ01012,NAMOEWASTE,ST,,,,,NAMO EWASTE MANAGEMENT L,289.00,289.00,283.00,283.00,283.00,283.65,,283.00,,,17600,5057920.00,19,F1,800,,,,,
2026-07-28,2026-07-28,CM,NSE,STK,31258,INE875G01048,NDL,EQ,,,,,NANDAN DENIM LIMITED,2.35,2.35,2.26,2.27,2.28,2.32,,2.27,,,1128198,2578300.78,1149,F1,1,,,,,
2026-07-28,2026-07-28,CM,NSE,STK,5516,INE696V01013,JAIPURKURT,EQ,,,,,NANDANI CREATION LIMITED,27.65,27.96,26.16,26.56,26.24,26.65,,26.56,,,2432,65695.85,63,F1,1,,,,,
2026-07-28,2026-07-28,CM,NSE,STK,11840,INE410P01011,NH,EQ,,,,,NARAYANA HRUDAYALAYA LTD.,2065.00,2091.70,2050.60,2072.80,2080.00,2054.00,,2072.80,,,365357,756975971.00,33821,F1,1,,,,,
2026-07-28,2026-07-28,CM,NSE,STK,11627,INE117Z01011,NARMADA,EQ,,,,,NARMADA AGROBASE LIMITED,33.90,34.59,32.88,33.86,33.90,32.98,,33.86,,,835224,28119160.09,4444,F1,1,,,,,
2026-07-28,2026-07-28,CM,NSE,STK,3918,INE987B01026,NATCOPHARM,EQ,,,,,NATCO PHARMA LTD.,927.10,933.95,920.10,925.05,928.00,927.10,,925.00,,,151767,140389826.10,13583,F1,1,,,,,
2026-07-28,2026-07-28,CM,NSE,STK,11065,INE448G01010,NATHBIOGEN,EQ,,,,,NATH BIO-GENES (I) LTD,167.00,167.00,162.22,163.88,164.00,164.88,,163.87,,,7718,1265853.69,254,F1,1,,,,,
2026-07-28,2026-07-28,CM,NSE,STK,6364,INE139A01034,NATIONALUM,EQ,,,,,NATIONAL ALUMINIUM CO LTD,339.40,340.20,333.00,334.55,335.95,339.35,,334.55,,,3721274,1250478000.60,50126,F1,1,,,,,
2026-07-28,2026-07-28,CM,NSE,STK,13925,INE870D01012,NFL,EQ,,,,,NATIONAL FERT. LTD,71.10,71.85,70.72,71.30,71.37,71.04,,71.30,,,553351,39507322.78,3115,F1,1,,,,,
2026-07-28,2026-07-28,CM,NSE,STK,6531,INE0H7R23014,NHIT,IV,,,,,NATIONAL HIGHW INFRA TRUS,171.00,171.50,171.00,171.50,171.50,171.00,,171.50,,,1575000,269452500.00,11,F1,25000,,,,,
2026-07-28,2026-07-28,CM,NSE,STK,762807,INE166R01015,NATIONSTD,EQ,,,,,NATIONAL STAND (INDIA) L,289.00,289.00,289.00,289.00,289.00,304.20,,289.20,,,12117,3501813.00,205,F1,1,,,,,
2026-07-28,2026-07-28,CM,NSE,STK,29583,INE936B01015,NATCAPSUQ,EQ,,,,,NATURAL CAPSULES LIMITED,149.31,149.31,142.55,146.81,146.99,147.84,,146.81,,,4467,655025.65,87,F1,1,,,,,
2026-07-28,2026-07-28,CM,NSE,STK,4014,INE725A01030,NAVA,EQ,,,,,NAVA LIMITED,564.00,566.15,547.00,552.30,555.00,564.65,,552.30,,,191681,106609546.00,10453,F1,1,,,,,
2026-07-28,2026-07-28,CM,NSE,STK,14672,INE048G01026,NAVINFLUOR,EQ,,,,,NAVIN FLUORINE INT. LTD,7690.00,7723.00,7478.50,7512.50,7509.00,7711.00,,7512.50,,,102356,773398113.50,18136,F1,1,,,,,
2026-07-28,2026-07-28,CM,NSE,STK,10557,INE278M01019,NAVKARCORP,EQ,,,,,NAVKAR CORPORATION LTD.,105.15,105.15,102.00,102.40,102.21,104.17,,102.39,,,327314,33771093.95,3360,F1,1,,,,,
2026-07-28,2026-07-28,CM,NSE,STK,29149,INE268H01044,NAVKARURB,BE,,,,,NAVKAR URBANSTRUCTURE LTD,1.07,1.07,1.01,1.05,1.07,1.06,,1.05,,,336736,348477.62,212,F1,1,,,,,
2026-07-28,2026-07-28,CM,NSE,STK,2385,INE060A01024,NAVNETEDUL,EQ,,,,,NAVNEET EDUCATION LTD,145.24,145.92,139.70,142.70,142.09,144.54,,142.71,,,407621,58109881.66,7761,F1,1,,,,,
2026-07-28,2026-07-28,CM,NSE,STK,2987,INE418L01047,NAZARA,EQ,,,,,NAZARA TECHNOLOGIES LTD,303.00,305.00,296.20,304.00,302.85,303.40,,304.00,,,2856692,862196632.25,15156,F1,1,,,,,
2026-07-28,2026-07-28,CM,NSE,STK,31415,INE095N01031,NBCC,EQ,,,,,NBCC (INDIA) LIMITED,94.90,95.30,94.19,94.51,94.49,94.90,,94.51,,,4465009,422957011.02,24186,F1,1,,,,,
2026-07-28,2026-07-28,CM,NSE,STK,2319,INE868B01028,NCC,EQ,,,,,NCC LIMITED,142.02,143.00,137.29,137.70,137.99,142.14,,137.70,,,1802264,250752982.11,16294,F1,1,,,,,
2026-07-28,2026-07-28,CM,NSE,STK,14490,INE732C01016,NCLIND,EQ,,,,,NCL INDUSTRIES LIMITED,185.59,187.98,183.00,185.22,185.99,185.59,,185.20,,,14304,2634980.54,736,F1,1,,,,,
2026-07-28,2026-07-28,CM,NSE,STK,14547,INE353A01023,NDLVENTURE,EQ,,,,,NDL VENTURES LIMITED,125.00,125.00,121.17,122.20,122.60,121.16,,122.25,,,4295,526986.15,235,F1,1,,,,,
2026-07-28,2026-07-28,CM,NSE,STK,22255,INE07OG01012,NDRAUTO,EQ,,,,,NDR AUTO COMPONENTS LTD,817.20,827.95,801.00,806.20,801.00,824.90,,806.15,,,15134,12230663.15,1395,F1,1,,,,,
2026-07-28,2026-07-28,CM,NSE,STK,22680,INE0Q7Q23015,NDRINVIT,IV,,,,,NDR INVIT TRUST,140.00,140.00,140.00,140.00,140.00,145.90,,140.00,,,25000,3500000.00,1,F1,25000,,,,,
2026-07-28,2026-07-28,CM,NSE,STK,11427,INE155G01029,NDTV,EQ,,,,,NDTV LTD,77.00,77.34,76.11,76.48,76.51,77.42,,76.48,,,50508,3868943.98,917,F1,1,,,,,
2026-07-28,2026-07-28,CM,NSE,STK,11930,INE023H01027,NECLIFE,BE,,,,,NECTAR LIFESCIENCES LTD.,10.45,10.45,10.14,10.18,10.20,10.41,,10.18,,,82849,851658.45,293,F1,1,,,,,
2026-07-28,2026-07-28,CM,NSE,STK,762812,INE605D01012,NEAGI,EQ,,,,,NEELAMALAI AGRO INDS. L,3186.80,3186.80,3025.10,3026.10,3025.10,3035.10,,3026.30,,,89,278511.20,17,F1,1,,,,,
2026-07-28,2026-07-28,CM,NSE,STK,14761,INE189I01024,NELCAST,EQ,,,,,NELCAST LIMITED,115.01,119.37,115.00,116.32,116.00,116.64,,116.33,,,388785,45589491.74,6355,F1,1,,,,,
2026-07-28,2026-07-28,CM,NSE,STK,2388,INE045B01015,NELCO,EQ,,,,,NELCO LTD,935.50,974.30,921.20,962.40,964.45,933.75,,962.35,,,348927,334007134.40,14911,F1,1,,,,,
2026-07-28,2026-07-28,CM,NSE,STK,760931,INE21UM01018,NEOCHEM,ST,,,,,NEOCHEM BIO SOLUTIONS LTD,91.35,91.35,87.50,91.35,91.35,89.45,,91.35,,,10800,972360.00,9,F1,1200,,,,,
2026-07-28,2026-07-28,CM,NSE,STK,9917,INE136S01016,NEOGEN,EQ,,,,,NEOGEN CHEMICALS LIMITED,2105.80,2220.00,2011.00,2024.30,2020.00,2064.10,,2024.20,,,703139,1501127404.90,70804,F1,1,,,,,
2026-07-28,2026-07-28,CM,NSE,STK,24353,INE0SUN01013,NEPHROCARE,ST,,,,,NEPHRO CARE INDIA LIMITED,61.65,62.75,60.55,62.00,62.00,63.00,,62.00,,,10000,618000.00,24,F1,400,,,,,
2026-07-28,2026-07-28,CM,NSE,STK,760346,INE428V01029,NEPHROPLUS,EQ,,,,,NEPHROCARE HEALTH SERV L,681.90,695.00,677.00,689.80,691.90,681.65,,689.80,,,181380,124738986.65,19829,F1,1,,,,,
2026-07-28,2026-07-28,CM,NSE,STK,757493,INE156901014,NEPTUNE,SM,,,,,NEPTUNE PETROCHEMICALS L,177.00,177.00,177.00,177.00,177.00,180.00,,177.00,,,500,88500.00,1,F1,500,,,,,
2026-07-28,2026-07-28,CM,NSE,STK,15409,INE317F01035,NESCO,EQ,,,,,NESCO LTD.,1010.00,1055.00,1002.60,1048.60,1040.00,1008.30,,1048.60,,,97303,100507217.10,11437,F1,1,,,,,
2026-07-28,2026-07-28,CM,NSE,STK,17963,INE239A01024,NESTLEIND,EQ,,,,,NESTLE INDIA LIMITED,1454.60,1507.20,1448.50,1491.80,1492.30,1446.10,,1491.80,,,5464860,8118162796.50,148921,F1,1,,,,,
2026-07-28,2026-07-28,CM,NSE,STK,17433,INE0NT901020,NETWEB,EQ,,,,,NETWEB TECH INDIA LTD,4380.00,4478.30,4280.10,4395.70,4464.90,4362.20,,4396.60,,,960643,4182645311.10,71202,F1,1,,,,,
2026-07-28,2026-07-28,CM,NSE,STK,756324,INE0FFK01017,NPST,EQ,,,,,NETWORK PEOPLE SRV TECH L,1557.10,1589.00,1541.60,1550.70,1552.60,1557.10,,1550.50,,,25313,39551241.90,1694,F1,1,,,,,
2026-07-28,2026-07-28,CM,NSE,STK,14111,INE870H01013,NETWORK18,EQ,,,,,NETWORK18 MEDIA & INV LTD,28.75,29.15,28.62,28.86,28.82,28.85,,28.86,,,2128595,61481678.07,5538,F1,1,,,,,
2026-07-28,2026-07-28,CM,NSE,STK,2406,INE794A01010,NEULANDLAB,EQ,,,,,NEULAND LAB LTD.,18978.00,19117.00,18674.00,18871.00,18939.00,18994.00,,18864.00,,,15593,294156557.00,7427,F1,1,,,,,
2026-07-28,2026-07-28,CM,NSE,STK,1164,INE619B01017,NEWGEN,EQ,,,,,NEWGEN SOFTWARE TECH LTD,508.25,544.80,508.25,525.45,526.00,506.30,,525.45,,,7766585,4134401374.20,143566,F1,1,,,,,
2026-07-28,2026-07-28,CM,NSE,STK,19161,INE0PW501021,NEWJAISA,ST,,,,,NEWJAISA TECHNOLOGIES LTD,14.80,15.15,14.70,15.00,15.00,15.40,,15.00,,,12000,178650.00,8,F1,1500,,,,,
2026-07-28,2026-07-28,CM,NSE,STK,9867,INE747B01016,NEXTMEDIA,EQ,,,,,NEXT MEDIAWORKS LIMITED,3.95,4.00,3.83,3.91,3.94,3.96,,3.91,,,3746,14795.21,39,F1,1,,,,,
2026-07-28,2026-07-28,CM,NSE,STK,15815,INE0NDH25011,NXST,RR,,,,,NEXUS SELECT TRUST,167.11,168.15,166.00,167.43,167.70,167.50,,167.43,,,166917,27941515.54,5895,F1,1,,,,,
2026-07-28,2026-07-28,CM,NSE,STK,763536,INE0T1501010,NFPSAMPOOR,SM,,,,,NFP SAMPOORNA FOODS LTD,24.00,24.00,23.20,23.20,23.20,23.80,,23.20,,,14000,329000.00,7,F1,2000,,,,,
2026-07-28,2026-07-28,CM,NSE,STK,10277,INE887E01022,NGLFINE,EQ,,,,,NGL FINE CHEM LIMITED,3220.50,3238.30,3087.20,3212.00,3224.00,3226.50,,3212.00,,,6379,20106750.60,1144,F1,1,,,,,
2026-07-28,2026-07-28,CM,NSE,STK,1765,INE557F07181,893NHB29,N6,,,,,NHB 8.93 NCD TR II SR 2 B,5555.00,5570.00,5555.00,5562.40,5560.00,5555.00,,5562.40,,,121,672610.00,15,F1,1,,,,,
2026-07-28,2026-07-28,CM,NSE,STK,17400,INE848E01016,NHPC,EQ,,,,,NHPC LTD,79.40,79.55,77.85,78.28,78.22,79.72,,78.28,,,8083250,634780206.46,41164,F1,1,,,,,
2026-07-28,2026-07-28,CM,NSE,STK,29487,INE149O01018,NIBE,EQ,,,,,NIBE LIMITED,1499.00,1499.00,1445.50,1449.50,1452.00,1494.20,,1449.40,,,31952,46837065.80,2949,F1,1,,,,,
2026-07-28,2026-07-28,CM,NSE,STK,17747,INE342G01023,NIITMTS,EQ,,,,,NIIT LEARNING SYSTEMS LTD,239.90,239.90,230.60,231.08,231.00,233.57,,231.08,,,99480,23108658.44,4716,F1,1,,,,,
2026-07-28,2026-07-28,CM,NSE,STK,11522,INE161A01038,NIITLTD,EQ,,,,,NIIT LIMITED,94.95,96.75,94.30,95.15,94.65,95.08,,95.17,,,337850,32197588.67,3327,F1,1,,,,,
2026-07-28,2026-07-28,CM,NSE,STK,758178,INE0FLF01015,NIKITA,SM,,,,,NIKITA GRENTEC RECYCL LTD,75.30,78.65,73.60,73.60,73.60,75.25,,73.60,,,20400,1538460.00,11,F1,1200,,,,,
2026-07-28,2026-07-28,CM,NSE,STK,9253,INE937C01029,NILAINFRA,EQ,,,,,NILA INFRASTRUCTURES LTD,7.50,7.54,7.32,7.42,7.45,7.39,,7.42,,,100105,740860.85,389,F1,1,,,,,
2026-07-28,2026-07-28,CM,NSE,STK,7411,INE00S901012,NILASPACES,EQ,,,,,NILA SPACES LIMITED,12.12,12.25,11.50,11.76,11.78,12.12,,11.77,,,167733,1994940.40,508,F1,1,,,,,
2026-07-28,2026-07-28,CM,NSE,STK,762817,INE445D01013,NILE,EQ,,,,,NILE LTD.,1900.10,1931.90,1858.60,1861.70,1867.90,1897.20,,1861.60,,,1676,3175205.70,332,F1,1,,,,,
2026-07-28,2026-07-28,CM,NSE,STK,2421,INE310A01015,NILKAMAL,EQ,,,,,NILKAMAL LIMITED,1776.00,1983.50,1770.20,1947.60,1968.00,1775.20,,1947.90,,,330501,620550324.70,27963,F1,1,,,,,
2026-07-28,2026-07-28,CM,NSE,STK,761723,INE875B01015,NIMBSPROJ,BE,,,,,NIMBUS PROJECTS LIMITED,191.00,194.00,187.00,187.00,187.00,190.00,,187.00,,,1172,220589.00,18,F1,1,,,,,
2026-07-28,2026-07-28,CM,NSE,STK,14197,INE395U01014,NINSYS,BE,,,,,NINTEC SYSTEMS LIMITED,840.00,860.00,821.60,846.70,847.00,845.20,,846.60,,,3001,2528270.00,211,F1,1,,,,,
2026-07-28,2026-07-28,CM,NSE,STK,11439,INF204KB15I9,BANKBEES,EQ,,,,,NIP IND ETF BANK BEES,592.87,592.87,586.91,587.54,587.80,591.44,,587.54,,,646995,381022065.41,7780,F1,1,,,,,
2026-07-28,2026-07-28,CM,NSE,STK,2435,INF204KA1LD7,CONSUMBEES,EQ,,,,,NIP IND ETF CONSUMPTION,132.26,133.00,132.18,132.83,132.92,132.26,,132.83,,,167922,22279697.29,974,F1,1,,,,,
2026-07-28,2026-07-28,CM,NSE,STK,2636,INF204KA1MS3,DIVOPPBEES,EQ,,,,,NIP IND ETF DIV OPP,76.20,77.98,76.20,76.99,77.00,77.48,,76.99,,,25792,1997250.24,592,F1,1,,,,,
2026-07-28,2026-07-28,CM,NSE,STK,9847,INF204KB18I3,NV20BEES,EQ,,,,,NIP IND ETF ETF NV20,139.53,139.61,138.50,138.88,138.50,139.09,,138.88,,,6794,944382.74,151,F1,1,,,,,
2026-07-28,2026-07-28,CM,NSE,STK,14428,INF204KB17I5,GOLDBEES,EQ,,,,,NIP IND ETF GOLD BEES,117.48,117.48,116.60,116.83,116.65,118.62,,116.83,,,12182667,1425443902.58,73161,F1,1,,,,,
2026-07-28,2026-07-28,CM,NSE,STK,18284,INF204KB19I1,HNGSNGBEES,EQ,,,,,NIP IND ETF HANGSENG BEES,487.41,493.99,481.55,489.13,489.19,488.21,,489.13,,,60628,29609658.39,2876,F1,1,,,,,
2026-07-28,2026-07-28,CM,NSE,STK,20072,INF732E01268,INFRABEES,EQ,,,,,NIP IND ETF INFRA BEES,960.75,964.36,955.89,960.01,958.72,963.34,,960.02,,,8166,7836761.47,1203,F1,1,,,,,
2026-07-28,2026-07-28,CM,NSE,STK,19084,INF204KB15V2,ITBEES,EQ,,,,,NIP IND ETF IT,32.81,34.04,32.81,33.77,33.75,32.70,,33.77,,,49766625,1680202016.41,36565,F1,1,,,,,
2026-07-28,2026-07-28,CM,NSE,STK,10939,INF732E01045,JUNIORBEES,EQ,,,,,NIP IND ETF JUNIOR BEES,781.50,785.50,778.52,779.58,779.15,783.45,,779.59,,,271082,211651429.85,6760,F1,1,,,,,
2026-07-28,2026-07-28,CM,NSE,STK,11006,INF732E01037,LIQUIDBEES,EQ,,,,,NIP IND ETF LIQUID BEES,975.01,1001.00,975.01,1000.00,1000.01,999.99,,1000.00,,,5583500,5583534396.98,5256,F1,1,,,,,
2026-07-28,2026-07-28,CM,NSE,STK,17700,INF204KB1882,LTGILTBEES,EQ,,,,,NIP IND ETF LONGTERM GILT,29.98,30.10,29.92,29.97,29.99,29.98,,29.97,,,615806,18465361.18,505,F1,1,,,,,
2026-07-28,2026-07-28,CM,NSE,STK,8506,INF204KB1V68,MID150BEES,EQ,,,,,NIP IND ETF MIDCAP 150,235.10,238.00,235.08,237.09,236.70,237.47,,237.08,,,382853,90795360.17,4307,F1,1,,,,,
2026-07-28,2026-07-28,CM,NSE,STK,29577,INF204K014N5,NIF100BEES,EQ,,,,,NIP IND ETF NIFTY 100,269.19,269.19,265.00,265.82,265.00,266.49,,265.59,,,16065,4274482.11,1198,F1,1,,,,,
2026-07-28,2026-07-28,CM,NSE,STK,10576,INF204KB14I2,NIFTYBEES,EQ,,,,,NIP IND ETF NIFTY BEES,273.59,274.12,272.74,273.53,273.80,273.59,,273.53,,,7704303,2108925773.34,26938,F1,1,,,,,
2026-07-28,2026-07-28,CM,NSE,STK,15032,INF204KB16I7,PSUBNKBEES,EQ,,,,,NIP IND ETF PSU BANK BEES,94.00,94.00,92.54,92.73,92.82,93.52,,92.73,,,1881982,174947914.81,5678,F1,1,,,,,
2026-07-28,2026-07-28,CM,NSE,STK,17044,INF732E01128,SHARIABEES,EQ,,,,,NIP IND ETF SHARIAH BEES,463.85,466.79,460.17,462.52,460.17,460.40,,462.38,,,22619,10494238.26,492,F1,1,,,,,
2026-07-28,2026-07-28,CM,NSE,STK,357,INE298J01013,NAM-INDIA,EQ,,,,,NIPPON L I A M LTD,1157.00,1168.90,1142.00,1150.30,1153.00,1153.90,,1150.30,,,1028947,1186765561.40,32996,F1,1,,,,,
2026-07-28,2026-07-28,CM,NSE,STK,757725,INF204KC1FU1,LIQGRWBEES,EQ,,,,,NIPPONAMC - LIQGRWBEES,1049.32,1049.34,1049.32,1049.33,1049.34,1049.18,,1049.33,,,43054,45177897.58,138,F1,1,,,,,
2026-07-28,2026-07-28,CM,NSE,STK,758667,INF204KC1GH6,MANUFGBEES,EQ,,,,,NIPPONAMC - MANUFGBEES,160.99,160.99,159.65,159.84,159.92,160.99,,159.84,,,3002,480319.96,69,F1,1,,,,,
2026-07-28,2026-07-28,CM,NSE,STK,7880,INF204KC1337,AUTOBEES,EQ,,,,,NIPPONAMC - NETFAUTO,285.79,287.94,284.27,287.37,287.36,285.24,,287.37,,,242894,69676854.07,2472,F1,1,,,,,
2026-07-28,2026-07-28,CM,NSE,STK,4973,INF204KC1089,PHARMABEES,EQ,,,,,NIPPONAMC - NETFPHARMA,26.85,26.85,26.61,26.73,26.74,26.72,,26.73,,,2655669,70948949.04,7564,F1,1,,,,,
2026-07-28,2026-07-28,CM,NSE,STK,8080,INF204KC1402,SILVERBEES,EQ,,,,,NIPPONAMC - NETFSILVER,208.37,208.60,206.00,206.20,206.30,213.01,,206.20,,,22757754,4712036657.32,92415,F1,1,,,,,
2026-07-28,2026-07-28,CM,NSE,STK,757455,INF204KC1EZ3,SNXT30BEES,EQ,,,,,NIPPONAMC - SNXT30BEES,42.10,42.50,42.10,42.21,42.22,42.18,,42.22,,,2063,87119.49,41,F1,1,,,,,
2026-07-28,2026-07-28,CM,NSE,STK,261,INE368I01016,NIRAJ,BE,,,,,NIRAJ CEMENT STRUC LTD,29.92,29.92,28.01,29.05,29.22,28.97,,28.99,,,137199,3976611.50,135,F1,1,,,,,
2026-07-28,2026-07-28,CM,NSE,STK,18840,INE326T01011,NIRAJISPAT,EQ,,,,,NIRAJ ISPAT IND LTD,190.00,190.00,181.00,190.00,190.00,190.50,,190.00,,,13,2401.00,5,F1,1,,,,,
2026-07-28,2026-07-28,CM,NSE,STK,2433,INE910A01012,NIRLON,EQ,,,,,NIRLON LTD,615.10,627.15,615.10,620.00,620.00,620.05,,620.00,,,5237,3250077.90,228,F1,1,,,,,
2026-07-28,2026-07-28,CM,NSE,STK,14722,INE0OK701014,NIRMAN,SM,,,,,NIRMAN AGRI GENTICS LTD,41.95,44.00,39.50,39.60,39.50,42.10,,39.60,,,34500,1446675.00,79,F1,300,,,,,
2026-07-28,2026-07-28,CM,NSE,STK,13300,INE858F01012,NITCO,EQ,,,,,NITCO LIMITED,107.50,107.59,102.51,103.18,103.10,107.59,,103.23,,,332416,34645765.38,4485,F1,1,,,,,
2026-07-28,2026-07-28,CM,NSE,STK,13175,INE229H01012,NITINSPIN,EQ,,,,,NITIN SPINNERS LIMITED,539.85,556.00,530.00,532.90,533.00,539.85,,533.00,,,109550,59477862.95,4669,F1,1,,,,,
2026-07-28,2026-07-28,CM,NSE,STK,3247,INE439T01012,NITIRAJ,EQ,,,,,NITIRAJ ENGINEERS LTD,220.00,220.00,205.63,218.88,219.00,218.95,,218.88,,,6284,1351108.94,193,F1,1,,,,,
2026-07-28,2026-07-28,CM,NSE,STK,762824,INE265B01019,NITTAGELA,EQ,,,,,NITTA GELATIN INDIA LTD.,1904.60,1917.90,1827.10,1838.90,1844.70,1904.90,,1838.80,,,8627,15948740.80,1411,F1,1,,,,,
2026-07-28,2026-07-28,CM,NSE,STK,27097,INE995S01015,NIVABUPA,EQ,,,,,NIVA BUPA HEALTH INS CO L,86.81,87.68,86.06,86.58,86.68,86.92,,86.58,,,286119,24778495.99,5972,F1,1,,,,,
2026-07-28,2026-07-28,CM,NSE,STK,2439,INE542C01019,NKIND,EQ,,,,,NK INDUSTRIES LTD,59.80,62.40,57.40,57.99,58.00,59.51,,57.99,,,346,20006.08,11,F1,1,,,,,
2026-07-28,2026-07-28,CM,NSE,STK,8585,INE589A01014,NLCINDIA,EQ,,,,,NLC INDIA LIMITED,297.80,300.65,294.60,299.05,299.00,298.45,,299.05,,,2308356,689175269.90,47118,F1,1,,,,,
2026-07-28,2026-07-28,CM,NSE,STK,761079,INE579F24040,805NMC33,N5,,,,,NMC 8.05% 2033 SR STRPP E,125.00,125.00,125.00,125.00,125.00,129.00,,125.00,,,2,250.00,1,F1,1,,,,,
2026-07-28,2026-07-28,CM,NSE,STK,15332,INE584A01023,NMDC,EQ,,,,,NMDC LTD.,83.54,84.33,83.01,83.92,84.06,83.52,,83.92,,,16206608,1356650477.71,44071,F1,1,,,,,
2026-07-28,2026-07-28,CM,NSE,STK,14180,INE0NNS01018,NSLNISP,EQ,,,,,NMDC STEEL LIMITED,42.25,42.30,41.60,42.05,42.05,42.15,,42.06,,,1502068,63037497.18,8271,F1,1,,,,,
2026-07-28,2026-07-28,CM,NSE,STK,2442,INE163A01018,NOCIL,EQ,,,,,NOCIL LIMITED,163.45,163.45,160.30,160.96,160.80,163.03,,160.96,,,173906,28047671.99,2801,F1,1,,,,,
2026-07-28,2026-07-28,CM,NSE,STK,11214,INE781B01015,NOIDATOLL,BE,,,,,NOIDA TOLL BRIDGE CO LTD,4.53,4.60,4.36,4.53,4.59,4.44,,4.53,,,80216,362251.64,179,F1,1,,,,,
2026-07-28,2026-07-28,CM,NSE,STK,4160,INE369C01017,NORBTEAEXP,EQ,,,,,NORBEN TEA & EXPORTS LTD,68.00,71.40,64.66,69.23,70.00,68.06,,69.34,,,4181,286438.07,72,F1,1,,,,,
2026-07-28,2026-07-28,CM,NSE,STK,13533,INE553C01016,NECCLTD,BE,,,,,NORTH EAST CARRY CORP LTD,14.90,15.35,14.90,15.05,15.17,15.15,,15.04,,,19512,293622.21,88,F1,1,,,,,
2026-07-28,2026-07-28,CM,NSE,STK,25426,INE850M01015,NORTHARC,EQ,,,,,NORTHERN ARC CAPITAL LTD,300.00,300.10,278.60,285.35,287.00,300.10,,285.35,,,3058621,876531136.30,46391,F1,1,,,,,
2026-07-28,2026-07-28,CM,NSE,STK,22478,INE02H701025,NOVAAGRI,BE,,,,,NOVA AGRITECH LIMITED,23.48,23.48,22.56,22.95,23.00,23.17,,22.95,,,20030,459747.20,165,F1,1,,,,,
2026-07-28,2026-07-28,CM,NSE,STK,9007,INE234A01025,NOVARTIND,EQ,,,,,NOVARTIS INDIA LIMITED,1654.90,1654.90,1573.50,1579.30,1583.00,1631.00,,1579.30,,,24509,39020951.70,3645,F1,1,,,,,
2026-07-28,2026-07-28,CM,NSE,STK,7553,INE349A01021,NRBBEARING,EQ,,,,,NRB BEARING LIMITED,430.00,434.80,419.00,422.80,420.00,419.25,,422.85,,,566606,240912748.10,11264,F1,1,,,,,
2026-07-28,2026-07-28,CM,NSE,STK,29733,INE047O01014,NIBL,EQ,,,,,NRB INDUS. BEARINGS LTD.,37.80,38.00,36.52,37.00,36.99,36.91,,37.00,,,67835,2530158.36,12883,F1,1,,,,,
2026-07-28,2026-07-28,CM,NSE,STK,27176,INE0ONG01011,NTPCGREEN,EQ,,,,,NTPC GREEN ENERGY LIMITED,93.10,93.63,91.80,92.27,92.35,93.69,,92.27,,,4493314,415020825.61,33195,F1,1,,,,,
2026-07-28,2026-07-28,CM,NSE,STK,11630,INE733E01010,NTPC,EQ,,,,,NTPC LTD,349.95,350.00,342.10,343.75,343.10,350.80,,343.75,,,12409670,4266025890.40,156465,F1,1,,,,,
2026-07-28,2026-07-28,CM,NSE,STK,10791,INE096B01018,NUCLEUS,EQ,,,,,NUCLEUS SOFTWARE EXPORTS,734.65,744.40,722.25,724.85,728.00,731.50,,724.90,,,37993,27922615.15,2201,F1,1,,,,,
2026-07-28,2026-07-28,CM,NSE,STK,13680,INE0JM501013,NRL,BE,,,,,NUPUR RECYCLERS LIMITED,101.04,102.00,101.04,102.00,102.00,103.10,,102.00,,,131870,13417825.66,230,F1,1,,,,,
2026-07-28,2026-07-28,CM,NSE,STK,2350,INE0DSF01015,NURECA,EQ,,,,,NURECA LIMITED,314.00,319.00,306.01,311.76,311.50,315.70,,311.68,,,18993,5909650.22,822,F1,1,,,,,
2026-07-28,2026-07-28,CM,NSE,STK,18721,INE531F01023,NUVAMA,EQ,,,,,NUVAMA WEALTH MANAGE LTD,1862.90,1924.40,1785.00,1808.80,1799.00,1916.60,,1808.80,,,558899,1021962649.50,30145,F1,1,,,,,
2026-07-28,2026-07-28,CM,NSE,STK,5426,INE118D01016,NUVOCO,EQ,,,,,NUVOCO VISTAS CORP LTD,354.50,356.70,348.70,350.45,351.00,351.15,,350.45,,,312460,109786357.25,10416,F1,1,,,,,
2026-07-28,2026-07-28,CM,NSE,STK,8797,INE426Z01016,OBCL,EQ,,,,,OBCL LIMITED,53.50,53.74,52.60,52.65,52.65,53.35,,52.93,,,272,14493.76,11,F1,1,,,,,
2026-07-28,2026-07-28,CM,NSE,STK,20242,INE093I01010,OBEROIRLTY,EQ,,,,,OBEROI REALTY LIMITED,1830.70,1846.10,1810.50,1829.50,1830.00,1832.60,,1829.50,,,247453,451927871.90,16511,F1,1,,,,,
2026-07-28,2026-07-28,CM,NSE,STK,25923,INE0YHV01011,OBSCP,SM,,,,,OBSC PERFECTION LIMITED,591.00,611.80,580.50,597.90,604.85,591.90,,597.90,,,30800,18406900.00,75,F1,400,,,,,
2026-07-28,2026-07-28,CM,NSE,STK,25920,INE0PK601023,OCCLLTD,BE,,,,,OCCL LIMITED,157.40,159.81,150.00,153.65,153.85,152.20,,153.65,,,372326,57903836.93,899,F1,1,,,,,
2026-07-28,2026-07-28,CM,NSE,STK,27575,INE054301028,ODIGMA,BE,,,,,ODIGMA CONSULTANCY SOL L,22.60,23.14,22.51,22.66,22.66,23.06,,22.66,,,6297,143371.80,184,F1,1,,,,,
2026-07-28,2026-07-28,CM,NSE,STK,2475,INE213A01029,ONGC,EQ,,,,,OIL AND NATURAL GAS CORP.,238.00,239.98,236.09,238.91,238.76,238.56,,238.91,,,13362577,3182226113.58,97480,F1,1,,,,,
2026-07-28,2026-07-28,CM,NSE,STK,8109,INE591A01010,OILCOUNTUB,BE,,,,,OIL COUNTRY TUBULAR LTD.,57.30,57.30,54.60,56.32,56.79,56.65,,56.27,,,44601,2489762.12,176,F1,1,,,,,
2026-07-28,2026-07-28,CM,NSE,STK,17438,INE274J01014,OIL,EQ,,,,,OIL INDIA LTD,438.05,458.00,435.40,444.60,447.00,442.00,,444.60,,,3561983,1578463410.60,43521,F1,1,,,,,
2026-07-28,2026-07-28,CM,NSE,STK,24777,INE0LXG01040,OLAELEC,EQ,,,,,OLA ELECTRIC MOBILITY LTD,37.27,37.67,36.95,37.11,37.24,37.27,,37.11,,,27307641,1018195362.05,51437,F1,1,,,,,
2026-07-28,2026-07-28,CM,NSE,STK,10637,INE260D01016,OLECTRA,EQ,,,,,OLECTRA GREENTECH LIMITED,1330.00,1343.00,1302.00,1312.70,1313.00,1328.10,,1312.70,,,184856,244498097.70,11476,F1,1,,,,,
2026-07-28,2026-07-28,CM,NSE,STK,759412,INE1BZC01019,OMFREIGHT,BE,,,,,OM FREIGHT FORWARDERS LTD,90.01,91.79,89.25,89.51,89.50,91.90,,89.43,,,9246,831387.53,87,F1,1,,,,,
2026-07-28,2026-07-28,CM,NSE,STK,24231,INE239D01028,OMINFRAL,EQ,,,,,OM INFRA LIMITED,92.01,97.50,87.70,90.34,91.20,87.04,,90.34,,,1473436,135884052.26,11556,F1,1,,,,,
2026-07-28,2026-07-28,CM,NSE,STK,762432,INE25E901019,OMPOWER,EQ,,,,,OM POWER TRANSMISSION LTD,167.71,170.00,167.01,167.74,167.25,169.87,,167.74,,,36840,6181796.34,926,F1,1,,,,,
2026-07-28,2026-07-28,CM,NSE,STK,14125,INE090B01011,OMAXAUTO,BE,,,,,OMAX AUTOS LTD,204.35,204.35,204.35,204.35,204.35,215.10,,204.41,,,16879,3449223.65,236,F1,1,,,,,
2026-07-28,2026-07-28,CM,NSE,STK,14853,INE800H01010,OMAXE,EQ,,,,,OMAXE LIMITED,89.57,89.93,86.20,86.62,86.33,89.95,,86.62,,,187178,16393113.69,2393,F1,1,,,,,
2026-07-28,2026-07-28,CM,NSE,STK,120,INE338Y01016,OMFURN,ST,,,,,OMFURN INDIA LIMITED,57.95,59.40,57.95,59.40,59.40,56.60,,59.40,,,21600,1271160.00,14,F1,1200,,,,,
2026-07-28,2026-07-28,CM,NSE,STK,760865,INE0UH301010,OMNI,EQ,,,,,OMNITECH ENGINEERING LTD,620.00,620.00,590.80,595.75,596.05,619.65,,595.70,,,396496,237989675.70,17848,F1,1,,,,,
2026-07-28,2026-07-28,CM,NSE,STK,19692,INE00ER01015,ONDOOR,SM,,,,,ON DOOR CONCEPTS LIMITED,250.00,263.00,250.00,255.15,257.00,253.60,,255.15,,,8400,2176605.00,28,F1,300,,,,,
2026-07-28,2026-07-28,CM,NSE,STK,6705,INE982J01020,PAYTM,EQ,,,,,ONE 97 COMMUNICATIONS LTD,1292.50,1322.60,1287.00,1307.90,1310.00,1289.40,,1307.90,,,3215599,4205510066.80,68548,F1,1,,,,,
2026-07-28,2026-07-28,CM,NSE,STK,28046,INE0HLU01028,MOBIKWIK,EQ,,,,,ONE MOBIKWIK SYSTEMS LTD,205.88,208.60,198.10,199.24,198.98,205.56,,199.24,,,782917,158535451.91,8612,F1,1,,,,,
2026-07-28,2026-07-28,CM,NSE,STK,9939,INE840Y01029,ONEPOINT,EQ,,,,,ONE POINT ONE SOL LTD,55.30,56.00,55.06,55.65,55.35,55.44,,55.65,,,344586,19155141.14,1148,F1,1,,,,,
2026-07-28,2026-07-28,CM,NSE,STK,19433,INE0OPS01011,OLIL,ST,,,,,ONECLICK LOGISTICS IND L,422.00,422.00,419.00,420.00,420.00,418.00,,420.00,,,2800,1178720.00,5,F1,400,,,,,
2026-07-28,2026-07-28,CM,NSE,STK,25496,INE912L01015,ONELIFECAP,BE,,,,,ONELIFE CAP ADVISORS LTD,39.78,39.78,37.40,37.86,37.90,37.89,,37.99,,,72779,2771370.43,112,F1,1,,,,,
2026-07-28,2026-07-28,CM,NSE,STK,763294,INE12F801023,KISSHT,EQ,,,,,ONEMI TECHNOLOGY SOL LTD,340.80,347.00,336.00,342.80,341.30,342.25,,342.80,,,844074,288848251.95,18997,F1,1,,,,,
2026-07-28,2026-07-28,CM,NSE,STK,29224,INE013P01021,ONESOURCE,EQ,,,,,ONESOURCE SPECL PHARMA L,1704.50,1750.00,1672.10,1731.30,1726.00,1688.90,,1731.00,,,384200,666078876.90,33009,F1,1,,,,,
2026-07-28,2026-07-28,CM,NSE,STK,6853,INE831A01028,ONIDA,BE,,,,,ONIDA ELECTRONICS LIMITED,38.29,38.50,36.90,37.61,37.27,38.26,,37.58,,,228845,8600638.36,973,F1,1,,,,,
2026-07-28,2026-07-28,CM,NSE,STK,15282,INE809I01019,ONMOBILE,BE,,,,,ONMOBILE GLOBAL LTD.,62.35,63.99,61.20,62.83,62.80,62.05,,62.86,,,70430,4413715.92,281,F1,1,,,,,
2026-07-28,2026-07-28,CM,NSE,STK,2481,INE229A01017,ONWARDTEC,EQ,,,,,ONWARD TECHNOLOGIES LTD,291.25,304.90,289.20,296.30,296.00,292.75,,296.35,,,312201,93004355.40,9336,F1,1,,,,,
2026-07-28,2026-07-28,CM,NSE,STK,27143,INE0WVU01018,ONYX,ST,,,,,ONYX BIOTEC LIMITED,40.80,40.80,40.80,40.80,40.80,38.90,,40.80,,,14000,571200.00,4,F1,2000,,,,,
2026-07-28,2026-07-28,CM,NSE,STK,21469,INE350C01017,OPTIEMUS,EQ,,,,,OPTIEMUS INFRACOM LTD,610.45,622.00,599.75,619.20,621.00,610.45,,619.30,,,144117,88702817.25,4492,F1,1,,,,,
2026-07-28,2026-07-28,CM,NSE,STK,758900,INE15B101011,OPTIVALUE,SM,,,,,OPTIVALUE TEK CONSULT LTD,136.50,142.70,131.00,142.70,142.70,118.95,,142.70,,,1267200,176316160.00,616,F1,1600,,,,,
2026-07-28,2026-07-28,CM,NSE,STK,10738,INE881D01027,OFSS,EQ,,,,,ORACLE FIN SERV SOFT LTD.,11181.00,11475.00,11170.00,11334.00,11320.00,11089.00,,11334.00,,,469607,5326259901.00,60964,F1,1,,,,,
2026-07-28,2026-07-28,CM,NSE,STK,31479,INE231G01010,ORBTEXP,BE,,,,,ORBIT EXPORTS LIMITED,245.00,245.00,240.02,244.00,244.00,244.07,,244.00,,,5786,1407381.81,68,F1,1,,,,,
2026-07-28,2026-07-28,CM,NSE,STK,29492,INE215B01022,ORCHASP,EQ,,,,,ORCHASP LIMITED,1.63,1.63,1.54,1.54,1.57,1.60,,1.54,,,267774,417708.16,271,F1,1,,,,,
2026-07-28,2026-07-28,CM,NSE,STK,926,INE191A01027,ORCHPHARMA,EQ,,,,,ORCHID PHARMA LIMITED,987.30,992.00,968.10,985.35,992.00,987.95,,985.35,,,43875,43068459.85,8164,F1,1,,,,,
2026-07-28,2026-07-28,CM,NSE,STK,17882,INE0OUT01019,ORIANA,SM,,,,,ORIANA POWER LIMITED,1421.00,1432.00,1400.00,1403.10,1406.95,1438.25,,1403.10,,,24525,34665296.25,219,F1,75,,,,,
2026-07-28,2026-07-28,CM,NSE,STK,10159,INE730A01022,ORICONENT,EQ,,,,,ORICON ENTERPRISES LTD,53.90,55.71,52.49,52.79,53.60,54.35,,52.79,,,61957,3298851.39,2230,F1,1,,,,,
2026-07-28,2026-07-28,CM,NSE,STK,14278,INE607D01018,ORIENTBELL,EQ,,,,,ORIENT BELL LIMITED,325.60,325.95,319.00,320.70,320.00,327.20,,320.75,,,3986,1279038.20,175,F1,1,,,,,
2026-07-28,2026-07-28,CM,NSE,STK,30089,INE876N01018,ORIENTCEM,EQ,,,,,ORIENT CEMENT LTD.,135.80,137.50,132.71,134.73,134.56,136.11,,134.73,,,316636,42819021.31,5051,F1,1,,,,,
2026-07-28,2026-07-28,CM,NSE,STK,13111,INE569C01020,ORIENTCER,EQ,,,,,ORIENT CERATECH LIMITED,41.00,41.25,40.00,40.25,40.15,40.32,,40.25,,,37897,1529426.54,748,F1,1,,,,,
2026-07-28,2026-07-28,CM,NSE,STK,2972,INE142Z01019,ORIENTELEC,EQ,,,,,ORIENT ELECTRIC LIMITED,174.00,174.00,169.70,170.51,170.79,172.98,,170.53,,,643583,109843541.13,7023,F1,1,,,,,
2026-07-28,2026-07-28,CM,NSE,STK,20110,INE999K01014,GREENPOWER,EQ,,,,,ORIENT GREEN POWER CO LTD,9.92,10.07,9.81,9.90,9.90,9.99,,9.90,,,1203635,11968362.87,3152,F1,1,,,,,
2026-07-28,2026-07-28,CM,NSE,STK,2493,INE750A01020,ORIENTHOT,EQ,,,,,ORIENT HOTELS LTD,136.67,139.49,135.00,136.60,138.00,137.35,,136.59,,,282021,38653565.31,3057,F1,1,,,,,
2026-07-28,2026-07-28,CM,NSE,STK,2496,INE592A01026,ORIENTPPR,EQ,,,,,ORIENT PAPER AND INDS LTD,18.34,18.44,17.59,17.64,17.71,18.21,,17.64,,,203258,3661758.44,859,F1,1,,,,,
2026-07-28,2026-07-28,CM,NSE,STK,18208,INE609C01024,ORIENTLTD,EQ,,,,,ORIENT PRESS LIMITED,96.70,96.70,88.65,89.85,88.65,98.44,,89.85,,,27877,2570540.44,630,F1,1,,,,,
2026-07-28,2026-07-28,CM,NSE,STK,24961,INE0PPK01015,ORIENTTECH,EQ,,,,,ORIENT TECHNOLOGIES LTD,279.17,283.67,268.01,272.50,269.90,279.17,,272.58,,,740262,202829775.21,15119,F1,1,,,,,
2026-07-28,2026-07-28,CM,NSE,STK,10768,INE959C01023,OAL,EQ,,,,,ORIENTAL AROMATICS LTD,392.75,392.75,370.00,371.10,370.00,392.45,,371.10,,,32616,12412228.80,1735,F1,1,,,,,
2026-07-28,2026-07-28,CM,NSE,STK,14346,INE998H01012,ORIENTALTL,EQ,,,,,ORIENTAL TRIMEX LTD,5.32,5.40,5.29,5.30,5.30,5.32,,5.30,,,41679,221309.75,123,F1,1,,,,,
2026-07-28,2026-07-28,CM,NSE,STK,19931,INE725E01024,ORISSAMINE,EQ,,,,,ORISSA MIN DEV CO LTD,3799.00,3947.30,3757.00,3771.80,3760.00,3713.30,,3771.90,,,16895,64529361.20,3407,F1,1,,,,,
2026-07-28,2026-07-28,CM,NSE,STK,759569,INE16NZ01023,ORKLAINDIA,EQ,,,,,ORKLA INDIA LIMITED,584.90,584.90,562.00,567.20,562.00,568.90,,567.15,,,74832,42924574.20,7558,F1,1,,,,,
2026-07-28,2026-07-28,CM,NSE,STK,13321,INE849L01019,ORTEL,BZ,,,,,ORTEL COMMUNICATIONS LTD,1.65,1.79,1.64,1.79,1.79,1.72,,1.79,,,4407,7699.95,12,F1,1,,,,,
2026-07-28,2026-07-28,CM,NSE,STK,2980,INE749B01020,ORTINGLOBE,BE,,,,,ORTIN GLOBAL LIMITED,14.50,15.20,14.00,14.43,14.98,14.51,,14.55,,,1101,16196.06,293,F1,1,,,,,
2026-07-28,2026-07-28,CM,NSE,STK,25386,INE0RMF01018,OSELDEVICE,SM,,,,,OSEL DEVICES LIMITED,415.00,421.90,408.00,409.90,413.90,419.75,,409.90,,,15800,6507790.00,60,F1,200,,,,,
2026-07-28,2026-07-28,CM,NSE,STK,12643,INE06IR01021,OSIAHYPER,BE,,,,,OSIA HYPER RETAIL LIMITED,2.92,2.98,2.90,2.94,2.98,2.96,,2.94,,,284571,834440.65,318,F1,1,,,,,
2026-07-28,2026-07-28,CM,NSE,STK,2514,INE142A01012,OSWALAGRO,EQ,,,,,OSWAL AGRO MILLS LTD,38.77,40.49,38.15,38.28,38.26,38.77,,38.29,,,13153,512848.10,458,F1,1,,,,,
2026-07-28,2026-07-28,CM,NSE,STK,471,INE143A01010,OSWALGREEN,EQ,,,,,OSWAL GREENTECH LIMITED,21.50,21.50,20.61,20.76,20.69,21.17,,20.74,,,67067,1407225.12,692,F1,1,,,,,
2026-07-28,2026-07-28,CM,NSE,STK,756802,INE0BYP01024,OSWALPUMPS,EQ,,,,,OSWAL PUMPS LIMITED,349.05,351.20,343.20,344.65,345.00,349.20,,344.65,,,273085,94474016.95,6787,F1,1,,,,,
2026-07-28,2026-07-28,CM,NSE,STK,22914,INE0R8M01017,OWAIS,ST,,,,,OWAIS METAL & MINERAL,99.45,99.45,95.00,97.20,97.00,99.50,,97.20,,,12000,1157455.00,83,F1,100,,,,,
2026-07-28,2026-07-28,CM,NSE,STK,25312,INE953R01016,PNGJL,EQ,,,,,P N GADGIL JEWELLERS LTD,689.00,690.00,649.90,679.35,679.00,689.05,,679.35,,,1583145,1067003294.25,50193,F1,1,,,,,
2026-07-28,2026-07-28,CM,NSE,STK,29665,INE0XUS01020,PSRAJ,ST,,,,,P S RAJ STEELS LIMITED,88.55,94.75,88.55,94.75,94.75,90.50,,94.75,,,12500,1168875.00,5,F1,2500,,,,,
2026-07-28,2026-07-28,CM,NSE,STK,2535,INE179A01014,PGHH,EQ,,,,,P&G HYGIENE & HEALTH CARE,9039.00,9039.00,8916.50,8973.00,8990.00,8993.50,,8972.50,,,9683,86885389.00,1698,F1,1,,,,,
2026-07-28,2026-07-28,CM,NSE,STK,759342,INE0S3G01027,PACEDIGITK,EQ,,,,,PACE DIGITEK LIMITED,197.80,197.95,193.35,193.88,194.44,197.80,,193.88,,,503805,97993044.33,6209,F1,1,,,,,
2026-07-28,2026-07-28,CM,NSE,STK,14413,INE761H01022,PAGEIND,EQ,,,,,PAGE INDUSTRIES LTD,40140.00,40465.00,39750.00,40370.00,40450.00,39970.00,,40370.00,,,10031,402536625.00,5436,F1,1,,,,,
2026-07-28,2026-07-28,CM,NSE,STK,25468,INE420C01059,PAISALO,EQ,,,,,PAISALO DIGITAL LIMITED,70.60,71.65,69.62,71.14,71.25,70.44,,71.14,,,10259626,729211137.78,17656,F1,1,,,,,
2026-07-28,2026-07-28,CM,NSE,STK,17197,INE551D01018,PAKKA,EQ,,,,,PAKKA LIMITED,70.65,72.18,69.55,69.97,71.00,71.10,,69.97,,,94502,6634472.45,826,F1,1,,,,,
2026-07-28,2026-07-28,CM,NSE,STK,21383,INE471W01019,PALASHSECU,EQ,,,,,PALASH SECURITIES LTD,88.20,88.34,85.98,86.59,85.98,89.11,,85.91,,,2341,203979.10,308,F1,1,,,,,
2026-07-28,2026-07-28,CM,NSE,STK,17059,INE218G01033,PALREDTEC,BE,,,,,PALRED TECHNOLOGIES LTD,47.49,47.50,43.00,44.00,44.00,45.24,,44.00,,,3944,171854.20,42,F1,1,,,,,
2026-07-28,2026-07-28,CM,NSE,STK,4055,INE922B01023,PANACEABIO,EQ,,,,,PANACEA BIOTEC LTD,428.05,433.95,411.45,414.40,414.95,433.10,,414.45,,,193646,80773383.50,5023,F1,1,,,,,
2026-07-28,2026-07-28,CM,NSE,STK,16355,INE895W01019,PANACHE,BE,,,,,PANACHE DIGILIFE LIMITED,408.00,420.00,408.00,410.55,410.00,426.45,,410.55,,,959,394497.65,52,F1,1,,,,,
2026-07-28,2026-07-28,CM,NSE,STK,25392,INE305C01029,PANAMAPET,EQ,,,,,PANAMA PETROCHEM LTD,493.35,493.40,448.10,451.35,451.00,487.10,,451.35,,,289079,133374706.40,9609,F1,1,,,,,
2026-07-28,2026-07-28,CM,NSE,STK,6141,INE697V01011,PANSARI,EQ,,,,,PANSARI DEVELOPERS LTD,345.05,360.00,340.05,352.85,345.10,340.25,,352.85,,,1951,676419.85,276,F1,1,,,,,
2026-07-28,2026-07-28,CM,NSE,STK,5631,INE04LG01015,PAR,EQ,,,,,PAR DRUGS AND CHEM LTD,94.35,96.96,93.25,95.37,95.98,94.35,,95.37,,,4769,453278.33,140,F1,1,,,,,
2026-07-28,2026-07-28,CM,NSE,STK,9741,INE088F01024,PARADEEP,EQ,,,,,PARADEEP PHOSPHATES LTD,135.00,140.10,133.05,139.21,139.25,134.64,,139.21,,,4443842,612067942.80,40344,F1,1,,,,,
2026-07-28,2026-07-28,CM,NSE,STK,17130,INE883N01014,PARAGMILK,EQ,,,,,PARAG MILK FOODS LTD.,216.10,220.78,214.50,219.87,219.70,217.41,,219.86,,,324581,70823578.90,4812,F1,1,,,,,
2026-07-28,2026-07-28,CM,NSE,STK,25069,INE0S2W01018,PARAMATRIX,SM,,,,,PARAMATRIX TECHNOLOGIES L,58.05,58.05,58.00,58.00,58.00,58.05,,58.00,,,2400,139260.00,2,F1,1200,,,,,
2026-07-28,2026-07-28,CM,NSE,STK,13951,INE074B01023,PARACABLES,EQ,,,,,PARAMOUNT COMM LTD,62.86,63.89,61.61,62.22,62.24,62.90,,62.24,,,1171565,73143511.16,5995,F1,1,,,,,
2026-07-28,2026-07-28,CM,NSE,STK,25431,INE0Q6001012,PSFL,SM,,,,,PARAMOUNT SPECIALI FORG L,31.00,31.50,31.00,31.50,31.50,31.00,,31.50,,,14000,435000.00,6,F1,2000,,,,,
2026-07-28,2026-07-28,CM,NSE,STK,1353,INE749Y01014,PARAMPARA,SM,,,,,PARAMPARA DAIRY DLGHT LTD,11.15,11.15,11.15,11.15,11.15,11.70,,11.15,,,8000,89200.00,1,F1,8000,,,,,
2026-07-28,2026-07-28,CM,NSE,STK,5911,INE045601023,PARAS,EQ,,,,,PARAS DEF AND SPCE TECH L,1219.30,1219.30,1181.00,1186.10,1186.00,1221.30,,1186.10,,,431567,515112788.00,18331,F1,1,,,,,
2026-07-28,2026-07-28,CM,NSE,STK,3972,INE162C01024,PARASPETRO,EQ,,,,,PARAS PETROFILS LTD.,2.23,2.39,1.97,2.39,2.39,2.18,,2.39,,,1326876,3079906.11,679,F1,1,,,,,
2026-07-28,2026-07-28,CM,NSE,STK,5460,INE00U801010,PARIN,SM,,,,,PARIN ENTERPRISES LIMITED,720.00,728.95,711.00,725.50,728.55,734.40,,725.50,,,5500,3946125.00,7,F1,250,,,,,
2026-07-28,2026-07-28,CM,NSE,STK,760351,INE119201023,PARKHOSPS,EQ,,,,,PARK MEDI WORLD LIMITED,279.70,281.10,277.15,277.65,277.60,279.70,,277.65,,,131549,36623619.35,4048,F1,1,,,,,
2026-07-28,2026-07-28,CM,NSE,STK,22649,INE988S01028,PARKHOTELS,EQ,,,,,PARKHOTELS,122.32,124.50,119.60,119.95,119.60,122.32,,119.95,,,120298,14510855.21,3237,F1,1,,,,,
2026-07-28,2026-07-28,CM,NSE,STK,13795,INE561H01026,PARSVNATH,BE,,,,,PARSVNATH DEVELOPER LTD,1.89,1.89,1.89,1.89,1.89,1.92,,1.89,,,96918,183175.02,116,F1,1,,,,,
2026-07-28,2026-07-28,CM,NSE,STK,758217,INE1H7V01011,PARTH,SM,,,,,PARTH ELEC & ENG LTD,460.05,466.00,454.20,454.20,454.20,478.00,,454.20,,,12400,5713940.00,27,F1,400,,,,,
2026-07-28,2026-07-28,CM,NSE,STK,2599,INE06ZX01015,PARTYCRUS,SM,,,,,PARTY CRUISERS LIMITED,90.00,90.00,90.00,90.00,90.00,89.95,,90.00,,,6000,540000.00,6,F1,1000,,,,,
2026-07-28,2026-07-28,CM,NSE,STK,757955,INE124Y01028,PASHUPATI,EQ,,,,,PASHUPATI COTSPIN LIMITED,87.70,87.70,85.50,86.48,86.60,86.80,,86.50,,,26347,2283896.28,2694,F1,1,,,,,
2026-07-28,2026-07-28,CM,NSE,STK,6048,INE818B01023,PASUPTAC,BE,,,,,PASUPATI ACRYLON LIMITED,57.23,59.00,57.23,58.00,58.01,57.22,,58.28,,,34936,2029953.30,153,F1,1,,,,,
2026-07-28,2026-07-28,CM,NSE,STK,17029,INE619A01035,PATANJALI,EQ,,,,,PATANJALI FOODS LIMITED,348.05,349.30,340.85,342.95,342.00,346.85,,342.95,,,7391469,2542745842.70,44104,F1,1,,,,,
2026-07-28,2026-07-28,CM,NSE,STK,11699,INE244B01030,PATELENG,EQ,,,,,PATEL ENGINEERING LTD.,27.98,28.01,26.91,27.06,27.19,27.98,,27.06,,,3368739,92227251.07,9538,F1,1,,,,,
2026-07-28,2026-07-28,CM,NSE,STK,15223,INE529D01014,PATINTLOG,BE,,,,,PATEL INT. LOG. LTD,14.39,14.49,13.85,14.14,14.27,14.14,,14.14,,,22727,322960.70,147,F1,1,,,,,
2026-07-28,2026-07-28,CM,NSE,STK,759439,INE0R8B01010,PATELRMART,EQ,,,,,PATEL RETAIL LIMITED,226.00,226.00,219.42,221.63,221.66,222.21,,221.63,,,40108,8861974.50,1910,F1,1,,,,,
2026-07-28,2026-07-28,CM,NSE,STK,756966,INE17GV01016,PATILAUTOM,ST,,,,,PATIL AUTOMATION LIMITED,180.50,185.00,175.15,179.30,181.00,182.05,,179.30,,,69000,12403320.00,93,F1,600,,,,,
2026-07-28,2026-07-28,CM,NSE,STK,762834,INE291E01019,PML,EQ,,,,,PAUL MERCHANTS LTD.,488.50,488.95,471.10,472.00,486.75,476.05,,472.80,,,264,126759.35,30,F1,1,,,,,
2026-07-28,2026-07-28,CM,NSE,STK,759969,INE111F01024,PAUSHAKLTD,EQ,,,,,PAUSHAK LIMITED,577.85,605.00,572.30,582.55,583.00,572.15,,582.50,,,67367,39934388.30,4245,F1,1,,,,,
2026-07-28,2026-07-28,CM,NSE,STK,16192,INE07S101038,PAVNAIND,EQ,,,,,PAVNA INDUSTRIES LIMITED,16.78,18.00,16.03,17.55,17.59,16.22,,17.56,,,267436,4645125.19,869,F1,1,,,,,
2026-07-28,2026-07-28,CM,NSE,STK,6656,INE417T01026,POLICYBZR,EQ,,,,,PB FINTECH LIMITED,1551.40,1591.90,1546.20,1583.30,1591.90,1553.20,,1583.30,,,693263,1092156583.90,35986,F1,1,,,,,
2026-07-28,2026-07-28,CM,NSE,STK,29124,INE785M01021,PCJEWELLER,EQ,,,,,PC JEWELLER LTD,9.43,9.45,9.18,9.22,9.20,9.35,,9.22,,,155709979,1446648216.84,82245,F1,1,,,,,
2026-07-28,2026-07-28,CM,NSE,STK,2649,INE602A01031,PCBL,EQ,,,,,PCBL CHEMICAL LIMITED,327.80,327.80,316.95,318.40,320.25,326.15,,318.40,,,568540,182149476.30,10775,F1,1,,,,,
2026-07-28,2026-07-28,CM,NSE,STK,5264,INE111Q01021,PDSL,EQ,,,,,PDS LIMITED,359.15,359.15,347.10,349.70,349.95,357.50,,349.70,,,78878,27761216.10,4661,F1,1,,,,,
2026-07-28,2026-07-28,CM,NSE,STK,14260,INE940H01022,PGIL,EQ,,,,,PEARL GLOBAL IND LIMITED,2005.10,2026.90,1972.00,1993.40,1985.00,2016.60,,1993.30,,,173791,346475220.80,17796,F1,1,,,,,
2026-07-28,2026-07-28,CM,NSE,STK,8188,INE844A01013,PEARLPOLY,BE,,,,,PEARL POLYMERS LTD,17.74,17.75,17.01,17.50,17.50,17.00,,17.50,,,5895,103601.98,19,F1,1,,,,,
2026-07-28,2026-07-28,CM,NSE,STK,25408,INE0VG601013,PELATRO,SM,,,,,PELATRO LIMITED,263.00,270.00,258.00,269.60,270.00,260.00,,269.60,,,15000,3914685.00,16,F1,300,,,,,
2026-07-28,2026-07-28,CM,NSE,STK,5358,INE138A01028,PENINLAND,BE,,,,,PENINSULA LAND LIMITED,16.08,16.41,16.08,16.41,16.41,16.09,,16.40,,,55684,910916.50,63,F1,1,,,,,
2026-07-28,2026-07-28,CM,NSE,STK,20621,INE932A01024,PENIND,EQ,,,,,PENNAR INDUSTRIES LTD,165.00,166.55,163.25,165.20,164.40,165.16,,165.20,,,149929,24757330.18,2696,F1,1,,,,,
2026-07-28,2026-07-28,CM,NSE,STK,18365,INE262H01021,PERSISTENT,EQ,,,,,PERSISTENT SYSTEMS LTD,5335.80,5515.00,5335.80,5428.40,5437.80,5268.20,,5428.40,,,1045445,5703564019.00,75051,F1,1,,,,,
2026-07-28,2026-07-28,CM,NSE,STK,24290,INE998U01015,PCCL,SM,,,,,PETRO CARBON AND CHEMI L,259.20,269.55,259.20,269.30,269.50,269.00,,269.30,,,10800,2891660.00,9,F1,400,,,,,
2026-07-28,2026-07-28,CM,NSE,STK,11351,INE347G01014,PETRONET,EQ,,,,,PETRONET LNG LIMITED,272.95,280.00,271.35,277.80,278.65,272.90,,277.80,,,1815030,499971371.10,22806,F1,1,,,,,
2026-07-28,2026-07-28,CM,NSE,STK,760801,INE134E07DP0,7PFCL31,N3,,,,,PFCL 7.00% 2031 SR I,970.00,975.01,970.00,975.01,975.01,975.00,,975.01,,,1024,998359.99,4,F1,1,,,,,
2026-07-28,2026-07-28,CM,NSE,STK,760810,INE134E07DU0,730PFCL41,NC,,,,,PFCL 7.30% 2041 SR IV,960.00,1000.00,960.00,997.00,997.00,998.99,,997.00,,,2269,2209797.90,8,F1,1,,,,,
2026-07-28,2026-07-28,CM,NSE,STK,2643,INE182A01018,PFIZER,EQ,,,,,PFIZER LTD,4700.00,4767.30,4652.30,4710.70,4725.00,4692.60,,4710.60,,,119614,564012937.30,24685,F1,1,,,,,
2026-07-28,2026-07-28,CM,NSE,STK,25358,INE457L01029,PGEL,EQ,,,,,PG ELECTROPLAST LTD,578.40,588.55,571.50,585.45,585.10,579.70,,585.45,,,1104930,640221904.60,19577,F1,1,,,,,
2026-07-28,2026-07-28,CM,NSE,STK,11612,INE0MLZ01019,PHANTOMFX,SM,,,,,PHANTOM DIGITAL EFF LTD,181.40,182.65,175.00,179.95,180.00,187.25,,179.95,,,14700,2620410.00,38,F1,300,,,,,
2026-07-28,2026-07-28,CM,NSE,STK,759723,INE0LP301011,PWL,EQ,,,,,PHYSICSWALLAH LIMITED,124.00,127.75,123.15,124.20,124.07,123.09,,124.20,,,6241445,782697800.64,35766,F1,1,,,,,
2026-07-28,2026-07-28,CM,NSE,STK,24184,INE603J01030,PIIND,EQ,,,,,PI INDUSTRIES LTD,2751.00,2751.20,2698.80,2706.60,2705.00,2742.60,,2706.60,,,140120,380652857.90,17717,F1,1,,,,,
2026-07-28,2026-07-28,CM,NSE,STK,757754,INE546C01010,PICCADIL,EQ,,,,,PICCADILY AGRO INDUSTRI L,756.65,756.65,730.00,737.85,738.00,757.05,,737.85,,,143417,106051123.30,7909,F1,1,,,,,
2026-07-28,2026-07-28,CM,NSE,STK,24785,INE0YAL01017,PPSL,SM,,,,,PICTUREPOST STUDIOS LTD,3.70,3.80,3.40,3.80,3.80,3.20,,3.80,,,963000,3573300.00,157,F1,3000,,,,,
2026-07-28,2026-07-28,CM,NSE,STK,2664,INE318A01026,PIDILITIND,EQ,,,,,PIDILITE INDUSTRIES LTD,1625.00,1632.70,1610.50,1619.60,1627.00,1611.30,,1619.60,,,1065976,1726713523.60,34494,F1,1,,,,,
2026-07-28,2026-07-28,CM,NSE,STK,30838,INE600A01035,PILITA,BE,,,,,PIL ITALICA LIFESTYLE LTD,8.90,8.95,8.63,8.78,8.79,8.73,,8.78,,,27433,241608.89,73,F1,1,,,,,
2026-07-28,2026-07-28,CM,NSE,STK,11445,INE417C01014,PILANIINVS,EQ,,,,,PILANI INV & IND COR LTD,4335.00,4343.80,4230.00,4240.00,4250.10,4345.20,,4240.90,,,1884,8045612.60,272,F1,1,,,,,
2026-07-28,2026-07-28,CM,NSE,STK,759820,INE15B701018,PINELABS,EQ,,,,,PINE LABS LIMITED,149.00,156.25,143.55,152.94,154.30,148.94,,152.94,,,39988745,6027001179.73,207990,F1,1,,,,,
2026-07-28,2026-07-28,CM,NSE,STK,13463,INE156C01018,PIONEEREMB,EQ,,,,,PIONEER EMBROIDERIES LTD,23.04,23.44,22.56,22.93,22.97,23.04,,22.96,,,7081,162807.13,68,F1,1,,,,,
2026-07-28,2026-07-28,CM,NSE,STK,762832,INE746D01014,PIONRINV,BE,,,,,PIONEER INVESTCORP LTD.,96.16,96.16,88.60,88.67,88.60,93.26,,88.68,,,970,86735.98,22,F1,1,,,,,
2026-07-28,2026-07-28,CM,NSE,STK,759551,INE202B01038,PIRAMALFIN,EQ,,,,,PIRAMAL FINANCE LIMITED,2048.00,2055.00,1989.70,2005.80,2001.20,2044.80,,2005.80,,,173997,349300678.00,22366,F1,1,,,,,
2026-07-28,2026-07-28,CM,NSE,STK,11571,INE0DK501011,PPLPHARMA,EQ,,,,,PIRAMAL PHARMA LIMITED,191.75,194.46,187.90,193.43,193.35,192.05,,193.43,,,7171264,1376595608.92,58399,F1,1,,,,,
2026-07-28,2026-07-28,CM,NSE,STK,14134,INE450D01021,PITTIENG,EQ,,,,,PITTI ENGINEERING LIMITED,928.35,937.20,906.10,914.45,915.05,930.70,,914.55,,,13695,12560638.10,1230,F1,1,,,,,
2026-07-28,2026-07-28,CM,NSE,STK,9087,INE751B01018,PIXTRANS,EQ,,,,,PIX TRANSMISSIONS LIMITED,1791.60,1791.60,1740.60,1748.40,1742.00,1796.70,,1748.70,,,9008,15887480.50,1091,F1,1,,,,,
2026-07-28,2026-07-28,CM,NSE,STK,19492,INE0PXD01014,PLADAINFO,SM,,,,,PLADA INFOTECH SERVICES L,10.45,10.45,10.45,10.45,10.45,10.90,,10.45,,,9000,94050.00,3,F1,3000,,,,,
2026-07-28,2026-07-28,CM,NSE,STK,13920,INE083C01022,PLASTIBLEN,EQ,,,,,PLASTIBLENDS INDIA LTD,192.03,192.16,188.04,190.10,190.40,191.08,,190.11,,,26455,5025120.14,939,F1,1,,,,,
2026-07-28,2026-07-28,CM,NSE,STK,22930,INE0PT501018,PLATIND,EQ,,,,,PLATINUM INDUSTRIES LTD,240.24,247.00,236.12,243.86,241.10,240.24,,243.85,,,92824,22469614.74,2233,F1,1,,,,,
2026-07-28,2026-07-28,CM,NSE,STK,19461,INE0INJ01017,PLAZACABLE,BE,,,,,PLAZA WIRES LIMITED,43.47,43.47,41.50,41.98,42.50,42.80,,41.99,,,6522,274370.97,116,F1,1,,,,,
2026-07-28,2026-07-28,CM,NSE,STK,8736,INE859A01011,PNBGILTS,EQ,,,,,PNB GILTS LIMITED,85.81,86.02,83.30,83.80,83.80,85.44,,83.82,,,234108,19796010.13,2131,F1,1,,,,,
2026-07-28,2026-07-28,CM,NSE,STK,18908,INE572E01012,PNBHOUSING,EQ,,,,,PNB HOUSING FIN LTD.,1077.00,1086.70,1053.20,1069.40,1072.90,1078.50,,1069.40,,,979913,1048167006.50,48870,F1,1,,,,,
2026-07-28,2026-07-28,CM,NSE,STK,9385,INE195J01029,PNCINFRA,EQ,,,,,PNC INFRATECH LTD.,241.80,241.98,232.77,233.98,234.34,241.85,,233.91,,,290888,68754343.03,9997,F1,1,,,,,
2026-07-28,2026-07-28,CM,NSE,STK,760242,INE1RDG01013,PNGSREVA,EQ,,,,,PNGS REVA DIAMOND JEWEL L,417.40,432.75,415.00,423.95,427.00,414.10,,423.85,,,194733,82821956.65,6165,F1,1,,,,,
2026-07-28,2026-07-28,CM,NSE,STK,19036,INE371C01013,PODDARMENT,EQ,,,,,PODDAR PIGMENTS LIMITED,250.10,259.18,243.61,249.65,249.57,252.74,,249.65,,,10049,2517601.32,418,F1,1,,,,,
2026-07-28,2026-07-28,CM,NSE,STK,17651,INE637C01025,POKARNA,EQ,,,,,POKARNA LIMITED,934.20,943.00,905.40,923.20,927.00,933.30,,923.20,,,40470,37124955.10,3373,F1,1,,,,,
2026-07-28,2026-07-28,CM,NSE,STK,25718,INE205C01021,POLYMED,EQ,,,,,POLY MEDICURE LIMITED,1670.10,1679.60,1639.00,1647.70,1654.90,1680.70,,1647.70,,,42335,70329640.50,7348,F1,1,,,,,
2026-07-28,2026-07-28,CM,NSE,STK,9590,INE455K01017,POLYCAB,EQ,,,,,POLYCAB INDIA LIMITED,9061.00,9143.50,9001.00,9121.50,9125.00,9010.00,,9121.50,,,442150,4021697343.00,59532,F1,1,,,,,
2026-07-28,2026-07-28,CM,NSE,STK,2687,INE633B01018,POLYPLEX,EQ,,,,,POLYPLEX CORPORATION LTD,1168.80,1168.80,1136.50,1141.35,1148.05,1161.90,,1141.30,,,34488,39488746.70,2454,F1,1,,,,,
2026-07-28,2026-07-28,CM,NSE,STK,22711,INE517M01028,POLYSIL,SM,,,,,POLYSIL IRRIGATION SYST L,116.50,117.00,106.00,112.10,110.00,112.50,,112.10,,,7500,841725.00,11,F1,500,,,,,
2026-07-28,2026-07-28,CM,NSE,STK,14385,INE063E01061,POCL,EQ,,,,,PONDY OXIDES & CHEM LTD,523.00,527.40,510.00,513.00,513.50,522.80,,513.00,,,416371,215589875.10,10746,F1,1,,,,,
2026-07-28,2026-07-28,CM,NSE,STK,10661,INE838E01017,PONNIERODE,EQ,,,,,PONNIE SUGARS (ERODE) LTD,311.40,311.40,306.00,307.30,309.45,311.50,,307.15,,,15413,4735305.35,593,F1,1,,,,,
2026-07-28,2026-07-28,CM,NSE,STK,11403,INE511C01022,POONAWALLA,EQ,,,,,POONAWALLA FINCORP LTD,466.90,469.10,458.35,465.85,467.00,465.10,,465.85,,,447458,207255977.80,11696,F1,1,,,,,
2026-07-28,2026-07-28,CM,NSE,STK,23142,INE772T01024,PVSL,EQ,,,,,POPULAR VEHICLES N SER L,109.00,110.00,107.59,108.44,108.50,108.25,,108.44,,,32985,3584242.04,518,F1,1,,,,,
2026-07-28,2026-07-28,CM,NSE,STK,24864,INE0S3H01017,POSITRON,SM,,,,,POSITRON ENERGY LIMITED,184.00,184.00,174.50,174.50,174.50,180.00,,174.50,,,4200,740970.00,10,F1,300,,,,,
2026-07-28,2026-07-28,CM,NSE,STK,14299,INE134E01011,PFC,EQ,,,,,POWER FIN CORP LTD.,420.00,423.50,417.30,419.90,419.80,420.10,,419.90,,,4699114,1976796712.85,46019,F1,1,,,,,
2026-07-28,2026-07-28,CM,NSE,STK,14977,INE752E01010,POWERGRID,EQ,,,,,POWER GRID CORP. LTD.,287.30,288.00,283.10,285.30,285.30,288.85,,285.30,,,7118852,2031008496.20,65291,F1,1,,,,,
2026-07-28,2026-07-28,CM,NSE,STK,15716,INE557Z01018,PIGL,EQ,,,,,POWER INSTRUMENT (G) LTD,109.07,110.93,105.50,106.62,106.99,109.07,,106.65,,,44546,4772055.29,1520,F1,1,,,,,
2026-07-28,2026-07-28,CM,NSE,STK,10473,INE211R01019,POWERMECH,EQ,,,,,POWER MECH PROJECTS LTD.,2690.00,2699.00,2610.50,2636.10,2669.00,2692.90,,2636.00,,,59173,156874184.20,8365,F1,1,,,,,
2026-07-28,2026-07-28,CM,NSE,STK,3494,INE0GGX23010,PGINVIT,IV,,,,,POWERGRID INFRA. INVITS,101.85,102.00,101.34,101.66,101.57,101.33,,101.66,,,2140827,217924534.82,6761,F1,1,,,,,
2026-07-28,2026-07-28,CM,NSE,STK,761680,INE921L01032,POWERICA,EQ,,,,,POWERICA LIMITED,569.00,569.00,543.00,548.15,548.80,565.70,,548.15,,,110405,61152052.65,5442,F1,1,,,,,
2026-07-28,2026-07-28,CM,NSE,STK,15213,INE095I01015,PPAP,BE,,,,,PPAP AUTOMOTIVE LIMITED,287.43,289.00,275.30,281.40,282.00,287.43,,281.34,,,21993,6172392.64,384,F1,1,,,,,
2026-07-28,2026-07-28,CM,NSE,STK,30134,INE0I0M01023,PRABHA,EQ,,,,,PRABHA ENERGY LIMITED,142.50,143.50,139.52,142.72,142.00,142.02,,142.72,,,26623,3763717.74,324,F1,1,,,,,
2026-07-28,2026-07-28,CM,NSE,STK,762842,INE770A01010,PRADPME,BE,,,,,PRADEEP METALS LTD.,512.80,517.90,510.00,514.90,517.00,510.25,,522.45,,,2940,1511831.30,50,F1,1,,,,,
2026-07-28,2026-07-28,CM,NSE,STK,2705,INE074A01025,PRAJIND,EQ,,,,,PRAJ INDUSTRIES LTD,315.50,316.00,300.80,302.45,302.60,316.00,,302.45,,,1863606,567584144.70,51158,F1,1,,,,,
2026-07-28,2026-07-28,CM,NSE,STK,13941,INE505C01016,PRAENG,EQ,,,,,PRAJAY ENG. SYN. LTD.,22.66,22.66,20.75,21.01,20.95,22.11,,21.01,,,48170,1038312.75,369,F1,1,,,,,
2026-07-28,2026-07-28,CM,NSE,STK,2708,INE603A01013,PRAKASH,EQ,,,,,PRAKASH INDUSTRIES LTD,125.90,126.34,123.26,123.64,123.73,125.47,,123.65,,,146858,18263708.84,2168,F1,1,,,,,
2026-07-28,2026-07-28,CM,NSE,STK,10299,INE050001010,PPL,BE,,,,,PRAKASH PIPES LIMITED,276.85,277.00,267.00,268.40,269.45,268.60,,268.40,,,16915,4596626.05,307,F1,1,,,,,
2026-07-28,2026-07-28,CM,NSE,STK,19599,INE696K01024,PRAKASHSTL,EQ,,,,,PRAKASH STEELAGE LTD,4.05,4.12,4.01,4.02,4.04,4.06,,4.02,,,62513,252472.95,223,F1,1,,,,,
2026-07-28,2026-07-28,CM,NSE,STK,18514,INE0O7A01017,PRAMARA,SM,,,,,PRAMARA PROMOTIONS LTD,132.50,132.50,124.25,124.25,124.25,128.70,,124.25,,,22000,2790025.00,36,F1,500,,,,,
2026-07-28,2026-07-28,CM,NSE,STK,21840,INE393P01035,DIAMONDYD,EQ,,,,,PRATAAP SNACKS LIMITED,1096.50,1098.00,1062.30,1073.50,1082.00,1097.60,,1073.60,,,13571,14704992.10,1272,F1,1,,,,,
2026-07-28,2026-07-28,CM,NSE,STK,23113,INE0QA601016,PRATHAM,SM,,,,,PRATHAM EPC PROJECTS LTD,114.00,115.80,113.90,114.85,115.80,114.15,,114.85,,,1200,137480.00,3,F1,400,,,,,
2026-07-28,2026-07-28,CM,NSE,STK,762844,INE722B01019,PRAVEG,EQ,,,,,PRAVEG LTD.,298.00,304.90,284.33,285.30,285.00,301.07,,285.30,,,127895,37194680.30,2860,F1,1,,,,,
2026-07-28,2026-07-28,CM,NSE,STK,1216,INE546Y01022,PRAXIS,BE,,,,,PRAXIS HOME RETAIL LTD,6.91,7.20,6.89,6.96,6.97,7.03,,7.04,,,122558,847507.77,70,F1,1,,,,,
2026-07-28,2026-07-28,CM,NSE,STK,12603,INE484I01029,PRECAM,EQ,,,,,PRECISION CAMSHAFTS LTD.,140.70,140.78,137.80,138.34,137.80,139.85,,138.34,,,49946,6952254.82,1366,F1,1,,,,,
2026-07-28,2026-07-28,CM,NSE,STK,7950,INE0HKW01018,PRECISION,SM,,,,,PRECISION METALIKS LTD,8.20,8.20,8.20,8.20,8.20,8.00,,8.20,,,2000,16400.00,1,F1,2000,,,,,
2026-07-28,2026-07-28,CM,NSE,STK,2717,INE372C01037,PRECWIRE,EQ,,,,,PRECISION WIRES INDIA LTD,373.50,373.50,364.00,366.60,372.00,373.95,,366.65,,,112197,41155101.70,8931,F1,1,,,,,
2026-07-28,2026-07-28,CM,NSE,STK,2711,INE283A01014,PRECOT,EQ,,,,,PRECOT LIMITED,844.50,849.10,802.30,802.30,802.30,844.50,,802.30,,,5750,4691970.10,475,F1,1,,,,,
2026-07-28,2026-07-28,CM,NSE,STK,762849,INE001E01012,PREMCO,EQ,,,,,PREMCO GLOBAL LTD.,375.95,375.95,362.00,371.70,371.80,368.15,,370.90,,,220,81310.50,39,F1,1,,,,,
2026-07-28,2026-07-28,CM,NSE,STK,25049,INE0BS701011,PREMIERENE,EQ,,,,,PREMIER ENERGIES LIMITED,1036.00,1043.70,1011.50,1016.90,1014.00,1039.90,,1016.90,,,449205,460223584.90,15280,F1,1,,,,,
2026-07-28,2026-07-28,CM,NSE,STK,17397,INE863B01029,PREMEXPLN,EQ,,,,,PREMIER EXPLOSIVES LTD,666.05,677.90,660.65,663.15,663.00,669.10,,663.15,,,255539,169787492.40,3610,F1,1,,,,,
2026-07-28,2026-07-28,CM,NSE,STK,6248,INE342A01018,PREMIER,BE,,,,,PREMIER LIMITED,2.90,2.94,2.80,2.80,2.80,2.94,,2.87,,,17459,48955.32,46,F1,1,,,,,
2026-07-28,2026-07-28,CM,NSE,STK,3908,INE309M01020,PREMIERPOL,EQ,,,,,PREMIER POLYFILM LTD,73.51,78.82,73.50,75.40,75.74,74.48,,75.36,,,365695,27672640.60,4362,F1,1,,,,,
2026-07-28,2026-07-28,CM,NSE,STK,23764,INE0CFG01012,PRLIND,SM,,,,,PREMIER ROADLINES LIMITED,44.65,44.65,44.10,44.40,44.25,44.75,,44.40,,,28000,1242600.00,18,F1,1000,,,,,
2026-07-28,2026-07-28,CM,NSE,STK,25898,INE0M1F01011,PREMIUM,SM,,,,,PREMIUM PLAST LIMITED,38.50,38.50,38.00,38.25,38.05,38.50,,38.25,,,12000,459150.00,4,F1,3000,,,,,
2026-07-28,2026-07-28,CM,NSE,STK,20498,INE0R1601012,PRESSTONIC,SM,,,,,PRESSTONIC ENGINEERING L,25.75,27.00,25.60,26.35,27.00,25.35,,26.35,,,20000,520800.00,16,F1,800,,,,,
2026-07-28,2026-07-28,CM,NSE,STK,20302,INE811K01011,PRESTIGE,EQ,,,,,PRESTIGE ESTATE LTD,1656.80,1689.00,1638.00,1682.30,1688.30,1644.60,,1682.30,,,618576,1028288692.20,26958,F1,1,,,,,
2026-07-28,2026-07-28,CM,NSE,STK,19631,INE726V01018,PRICOLLTD,EQ,,,,,PRICOL LIMITED,665.35,669.00,654.00,665.10,668.10,665.35,,665.20,,,343053,227179132.85,17740,F1,1,,,,,
2026-07-28,2026-07-28,CM,NSE,STK,759075,INE0CQA01020,PRIMECAB,ST,,,,,PRIME CABLE INDUSTRIES L,180.00,192.90,180.00,192.00,192.00,183.75,,192.00,,,36800,6900320.00,21,F1,1600,,,,,
2026-07-28,2026-07-28,CM,NSE,STK,13496,INE367G01038,PFOCUS,EQ,,,,,PRIME FOCUS LIMITED,288.00,291.00,282.06,289.23,286.90,287.75,,289.19,,,302561,86667873.57,8696,F1,1,,,,,
2026-07-28,2026-07-28,CM,NSE,STK,11864,INE032B01021,PRIMESECU,EQ,,,,,PRIME SECURITIES LIMITED,271.00,278.55,271.00,273.60,274.00,274.50,,273.60,,,33288,9121707.70,565,F1,1,,,,,
2026-07-28,2026-07-28,CM,NSE,STK,756925,INE607A01022,PRIMO,EQ,,,,,PRIMO CHEMICALS LIMITED,22.41,23.00,22.00,22.32,22.23,22.49,,22.32,,,88050,1971851.69,1490,F1,1,,,,,
2026-07-28,2026-07-28,CM,NSE,STK,16045,INE689W01016,PRINCEPIPE,EQ,,,,,PRINCE PIPES FITTINGS LTD,267.45,267.50,259.00,259.80,260.10,265.65,,259.80,,,80526,21039911.55,2158,F1,1,,,,,
2026-07-28,2026-07-28,CM,NSE,STK,2739,INE010A01011,PRSMJOHNSN,EQ,,,,,PRISM JOHNSON LIMITED,109.10,109.26,106.47,106.98,106.90,108.55,,107.00,,,71125,7628398.81,1572,F1,1,,,,,
2026-07-28,2026-07-28,CM,NSE,STK,8310,INE974Z01015,PRITI,BE,,,,,PRITI INTERNATIONAL LTD,37.97,37.97,36.03,36.19,36.03,37.11,,36.19,,,9461,344275.14,107,F1,1,,,,,
2026-07-28,2026-07-28,CM,NSE,STK,5296,INE583R01029,PRITIKAUTO,BE,,,,,PRITIKA AUTO INDUS LTD,17.65,18.00,17.50,17.58,17.51,17.96,,17.58,,,58853,1038927.14,254,F1,1,,,,,
2026-07-28,2026-07-28,CM,NSE,STK,12971,INE0MJQ01020,PRITIKA,SM,,,,,PRITIKA ENG COMPO LTD,54.50,57.00,51.15,55.15,55.90,57.80,,55.15,,,52000,2827400.00,20,F1,2000,,,,,
2026-07-28,2026-07-28,CM,NSE,STK,9342,INE392B01011,PNC,EQ,,,,,PRITISH NANDY COMMUNICATI,19.60,20.17,19.37,19.81,19.97,19.60,,19.81,,,2236,44433.11,134,F1,1,,,,,
2026-07-28,2026-07-28,CM,NSE,STK,8825,INE959A01019,PRIVISCL,EQ,,,,,PRIVI SPECIALITY CHE LTD,3655.00,3664.90,3594.10,3629.20,3622.00,3623.60,,3629.00,,,45668,165304402.30,7980,F1,1,,,,,
2026-07-28,2026-07-28,CM,NSE,STK,24511,INE0V9N01017,PRIZOR,ST,,,,,PRIZOR VIZTECH LIMITED,851.50,851.90,847.00,851.90,851.90,860.00,,851.90,,,9200,7810800.00,20,F1,400,,,,,
2026-07-28,2026-07-28,CM,NSE,STK,757806,INE0VJT01017,PROFX,SM,,,,,PRO FX TECH LIMITED,72.00,75.00,70.10,73.50,73.50,72.00,,73.50,,,25600,1851200.00,9,F1,1600,,,,,
2026-07-28,2026-07-28,CM,NSE,STK,940,INE199A01012,PGHL,EQ,,,,,PROCTER & GAMBLE HEALTH L,6755.00,6807.50,6660.00,6675.50,6680.00,6784.00,,6675.50,,,6730,45199333.50,2018,F1,1,,,,,
2026-07-28,2026-07-28,CM,NSE,STK,758173,INE0BX301013,PROSTARM,EQ,,,,,PROSTARM INFO SYSTEMS LTD,124.03,124.03,121.00,121.74,122.13,123.41,,121.63,,,63908,7819923.95,1604,F1,1,,,,,
2026-07-28,2026-07-28,CM,NSE,STK,29472,INE004A01022,PROTEAN,EQ,,,,,PROTEAN EGOV TECHNO LTD,623.50,644.00,618.70,623.50,622.05,625.75,,623.55,,,646723,409376189.85,18803,F1,1,,,,,
2026-07-28,2026-07-28,CM,NSE,STK,16483,INE0ONE01016,PROV,SM,,,,,PROVENTUS AGROCOM LIMITED,1680.00,1720.00,1680.00,1720.00,1720.00,1720.00,,1720.00,,,240,408000.00,3,F1,80,,,,,
2026-07-28,2026-07-28,CM,NSE,STK,28859,INE195N01013,PROZONER,EQ,,,,,PROZONE REALTY LIMITED,43.70,44.81,43.30,43.50,43.40,44.11,,43.50,,,40354,1764547.30,572,F1,1,,,,,
2026-07-28,2026-07-28,CM,NSE,STK,9553,INE00F201020,PRUDENT,EQ,,,,,PRUDENT CORP ADV SER LTD,2870.00,3120.00,2865.00,3089.50,3119.90,2870.00,,3089.70,,,106125,323565547.50,20446,F1,1,,,,,
2026-07-28,2026-07-28,CM,NSE,STK,20528,INE024D01016,PRUDMOULI,BE,,,,,PRUDENTIAL SUGAR CORPORAT,13.00,13.48,12.50,12.54,12.51,13.00,,12.84,,,25684,321972.84,37,F1,1,,,,,
2026-07-28,2026-07-28,CM,NSE,STK,20877,INE488V01015,PSPPROJECT,EQ,,,,,PSP PROJECTS LIMITED,1050.50,1055.80,1012.30,1022.00,1020.00,1055.90,,1022.00,,,35024,35987750.80,3042,F1,1,,,,,
2026-07-28,2026-07-28,CM,NSE,STK,22602,INE560K01014,PFS,EQ,,,,,PTC INDIA FIN SERV LTD,29.24,29.38,28.71,28.78,28.80,29.24,,28.78,,,354875,10289657.66,1513,F1,1,,,,,
2026-07-28,2026-07-28,CM,NSE,STK,11355,INE877F01012,PTC,EQ,,,,,PTC INDIA LIMITED,166.27,167.16,165.10,165.91,165.99,166.33,,165.91,,,366729,60858418.71,6368,F1,1,,,,,
2026-07-28,2026-07-28,CM,NSE,STK,16682,INE596F01018,PTCIL,EQ,,,,,PTC INDUSTRIES LIMITED,17854.00,17970.00,17790.00,17874.00,17840.00,17923.00,,17871.00,,,7179,128301726.00,2688,F1,1,,,,,
2026-07-28,2026-07-28,CM,NSE,STK,14101,INE034D01049,PTL,EQ,,,,,PTL ENTERPRISES LTD,39.50,39.79,39.07,39.26,39.34,39.42,,39.26,,,21160,833190.48,556,F1,1,,,,,
2026-07-28,2026-07-28,CM,NSE,STK,15377,INE865T01018,PDMJEPAPER,EQ,,,,,PUDUMJEE PAPER PRO. LTD,96.28,98.98,95.81,96.60,96.63,95.75,,96.62,,,215661,20918638.86,2177,F1,1,,,,,
2026-07-28,2026-07-28,CM,NSE,STK,507,INE335X01014,PULZ,SM,,,,,PULZ ELECTRONICS LIMITED,24.00,24.15,24.00,24.15,24.15,23.00,,24.15,,,14000,336600.00,7,F1,2000,,,,,
2026-07-28,2026-07-28,CM,NSE,STK,21001,INE608A01012,PSB,EQ,,,,,PUNJAB & SIND BANK,23.89,23.99,23.63,23.71,23.78,23.89,,23.71,,,767510,18200081.56,2632,F1,1,,,,,
2026-07-28,2026-07-28,CM,NSE,STK,4344,INE277B01014,PUNJABCHEM,EQ,,,,,PUNJAB CHEM & CROP PROT L,1156.10,1179.90,1144.10,1158.20,1146.00,1156.10,,1158.10,,,7260,8421824.40,988,F1,1,,,,,
2026-07-28,2026-07-28,CM,NSE,STK,10666,INE160A01022,PNB,EQ,,,,,PUNJAB NATIONAL BANK,111.62,112.33,111.18,111.65,111.79,111.62,,111.65,,,15684441,1753741323.71,52706,F1,1,,,,,
2026-07-28,2026-07-28,CM,NSE,STK,14922,INE323I01011,PURVA,EQ,,,,,PURAVANKARA LIMITED,220.66,220.84,214.35,214.97,215.70,219.45,,214.90,,,72895,15748847.46,2409,F1,1,,,,,
2026-07-28,2026-07-28,CM,NSE,STK,28044,INE0P5R01014,PURPLEUTED,ST,,,,,PURPLE UNITED SALES LTD,326.00,330.00,315.90,318.70,321.00,332.50,,318.70,,,32000,10218325.00,99,F1,250,,,,,
2026-07-28,2026-07-28,CM,NSE,STK,757683,INE154801018,PUSHPA,SM,,,,,PUSHPA JEWELLERS LIMITED,110.00,115.00,105.00,105.50,105.00,107.55,,105.50,,,16000,1719650.00,15,F1,1000,,,,,
2026-07-28,2026-07-28,CM,NSE,STK,4010,INE362A01016,PVP,EQ,,,,,PVP VENTURES LIMITED,27.40,28.23,27.01,27.22,27.30,27.40,,27.22,,,460805,12747988.03,2414,F1,1,,,,,
2026-07-28,2026-07-28,CM,NSE,STK,13147,INE191H01014,PVRINOX,EQ,,,,,PVR INOX LIMITED,1122.90,1163.00,1107.00,1118.15,1112.05,1123.20,,1118.20,,,942040,1072717404.30,41217,F1,1,,,,,
2026-07-28,2026-07-28,CM,NSE,STK,18250,INE0MIS01010,PYRAMID,EQ,,,,,PYRAMID TECHNOPLAST LTD,198.60,198.69,181.25,183.06,181.99,195.96,,183.13,,,988550,185651218.43,15261,F1,1,,,,,
2026-07-28,2026-07-28,CM,NSE,STK,763594,INE1G2W01011,QLINE,SM,,,,,Q-LINE BIOTECH LIMITED,499.00,502.85,488.20,496.55,493.70,500.30,,496.55,,,60000,29629500.00,142,F1,400,,,,,
2026-07-28,2026-07-28,CM,NSE,STK,751607,INE0FMW01018,QMSMEDI,EQ,,,,,QMS MEDICAL ALLIED S LTD,112.69,116.95,110.51,112.55,114.00,112.13,,112.55,,,27654,3148462.02,837,F1,1,,,,,
2026-07-28,2026-07-28,CM,NSE,STK,29087,INE0LRY01011,QUADFUTURE,EQ,,,,,QUADRANT FUTURE TEK LTD,358.90,363.75,344.50,345.80,345.15,362.70,,345.80,,,260390,91609497.25,7925,F1,1,,,,,
2026-07-28,2026-07-28,CM,NSE,STK,14613,INE0O1M01015,QFIL,SM,,,,,QUALITY FOILS (INDIA) LTD,62.80,62.80,62.80,62.80,62.80,62.80,,62.80,,,1000,62800.00,1,F1,1000,,,,,
2026-07-28,2026-07-28,CM,NSE,STK,29713,INE0SII01026,QPOWER,BE,,,,,QUALITY POWER ELEC EQUP L,1105.60,1114.70,1080.00,1096.60,1094.00,1105.60,,1097.60,,,48359,52948044.40,2260,F1,1,,,,,
2026-07-28,2026-07-28,CM,NSE,STK,15330,INF082J01408,QGOLDHALF,EQ,,,,,QUANTUM GOLD FUND,118.33,118.33,116.84,117.05,116.98,118.91,,117.05,,,80213,9396473.55,669,F1,1,,,,,
2026-07-28,2026-07-28,CM,NSE,STK,16819,INF082J01499,QNIFTY,EQ,,,,,QUANTUM NIFTY 50 ETF,264.40,264.80,263.60,264.19,264.20,264.20,,264.19,,,2459,649832.22,94,F1,1,,,,,
2026-07-28,2026-07-28,CM,NSE,STK,17704,INE615P01015,QUESS,EQ,,,,,QUESS CORP LIMITED,295.00,310.00,294.00,303.25,303.10,295.75,,303.25,,,615850,187797890.95,12144,F1,1,,,,,
2026-07-28,2026-07-28,CM,NSE,STK,23793,INE0TNW01017,QUESTLAB,SM,,,,,QUEST LABORATORIES LTD,89.00,90.00,88.50,90.00,90.00,92.95,,90.00,,,18000,1609080.00,14,F1,1200,,,,,
2026-07-28,2026-07-28,CM,NSE,STK,13131,INE306L01010,QUICKHEAL,BE,,,,,QUICK HEAL TECH LTD,155.72,161.35,154.50,156.73,158.95,155.72,,156.74,,,64665,10265307.61,733,F1,1,,,,,
2026-07-28,2026-07-28,CM,NSE,STK,15285,INE0K4D01020,QUICKTOUCH,SM,,,,,QUICKTOUCH TECHNOLOGIES L,21.10,21.95,21.10,21.80,21.80,21.10,,21.80,,,3000,64750.00,5,F1,500,,,,,
2026-07-28,2026-07-28,CM,NSE,STK,762854,INE641R01017,QUINT,EQ,,,,,QUINT DIGITAL LTD.,39.00,39.00,36.55,37.14,39.00,37.35,,37.19,,,645,24194.45,19,F1,1,,,,,
2026-07-28,2026-07-28,CM,NSE,STK,24957,INE0KZF01015,QVCEL,SM,,,,,QVC EXPORTS LIMITED,23.60,23.60,23.60,23.60,23.60,23.55,,23.60,,,1600,37760.00,1,F1,1600,,,,,
2026-07-28,2026-07-28,CM,NSE,STK,23043,INE0NQ801033,RKSWAMY,EQ,,,,,R K SWAMY LIMITED,108.00,108.68,103.15,104.03,105.00,106.71,,104.03,,,44968,4735699.31,1114,F1,1,,,,,
2026-07-28,2026-07-28,CM,NSE,STK,757834,INE219Y01026,RMDRIP,EQ,,,,,R M DRIP & SPRINK SYS LTD,18.52,18.83,17.87,18.02,17.95,18.65,,18.02,,,3748502,68332698.29,3421,F1,1,,,,,
2026-07-28,2026-07-28,CM,NSE,STK,762864,INE951M01037,RRIL,EQ,,,,,R R I L LTD.,16.16,17.80,16.16,17.38,17.80,16.45,,17.44,,,21453,367538.24,127,F1,1,,,,,
2026-07-28,2026-07-28,CM,NSE,STK,18566,INE777K01022,RRKABEL,EQ,,,,,R R KABEL LIMITED,2750.00,2775.00,2516.50,2576.90,2585.00,2525.30,,2576.90,,,3862524,10140439262.50,234267,F1,1,,,,,
2026-07-28,2026-07-28,CM,NSE,STK,762869,INE616F01022,RSDFIN,EQ,,,,,R S D FINANCE LTD.,74.00,88.87,65.60,77.69,74.10,82.00,,77.69,,,638,44653.41,29,F1,1,,,,,
2026-07-28,2026-07-28,CM,NSE,STK,13414,INE411H01032,RSYSTEMS,EQ,,,,,R SYS INTERNATIONAL LTD,253.00,262.70,252.85,254.20,253.11,252.85,,254.20,,,514825,132962013.29,19517,F1,1,,,,,
2026-07-28,2026-07-28,CM,NSE,STK,758981,INE012Q01039,RNBDENIMS,EQ,,,,,R&B DENIMS LIMITED,9.32,9.46,9.10,9.14,9.14,9.32,,9.14,,,159105,1464512.45,757,F1,1,,,,,
2026-07-28,2026-07-28,CM,NSE,STK,8426,INE165B01029,RSSOFTWARE,BE,,,,,R. S. SOFTWARE (INDIA) LI,31.60,32.60,31.01,31.28,32.35,32.09,,31.22,,,14305,451459.43,72,F1,1,,,,,
2026-07-28,2026-07-28,CM,NSE,STK,20760,INE324L01013,RPPINFRA,EQ,,,,,R.P.P INFRA PROJECTS LTD,62.50,63.10,62.01,62.58,62.85,62.15,,62.58,,,10316,645878.83,276,F1,1,,,,,
2026-07-28,2026-07-28,CM,NSE,STK,762244,INE2PB023011,RIIT,IV,,,,,RAAJMARG INFRA INVEST T,117.99,117.99,116.06,116.66,116.75,116.82,,116.66,,,5356381,624063238.40,2959,F1,1,,,,,
2026-07-28,2026-07-28,CM,NSE,STK,15391,INE084Q01012,RACE,EQ,,,,,RACE ECO CHAIN LIMITED,111.32,111.32,108.00,108.01,108.00,109.03,,108.01,,,2357,256060.92,52,F1,1,,,,,
2026-07-28,2026-07-28,CM,NSE,STK,9854,INE02OY01016,RILINFRA,SM,,,,,RACHANA INFRA LTD,39.00,39.95,38.70,39.00,39.00,39.35,,39.00,,,23000,906575.00,35,F1,100,,,,,
2026-07-28,2026-07-28,CM,NSE,STK,27171,INE704B01017,RACLGEAR,EQ,,,,,RACL GEARTECH LIMITED,1340.10,1340.30,1295.00,1309.40,1298.00,1332.20,,1309.30,,,12840,16902031.90,1298,F1,1,,,,,
2026-07-28,2026-07-28,CM,NSE,STK,10932,INE874F01027,RADAAN,EQ,,,,,RADAAN MEDIAWORKS (I) LTD,2.85,3.34,2.81,3.16,3.25,2.79,,3.16,,,162760,503613.85,324,F1,1,,,,,
2026-07-28,2026-07-28,CM,NSE,STK,10343,INE583V01021,RADHIKAJWE,EQ,,,,,RADHIKA JEWELTECH LIMITED,67.90,69.89,66.81,68.87,68.66,68.03,,68.87,,,1727266,118364871.13,16108,F1,1,,,,,
2026-07-28,2026-07-28,CM,NSE,STK,13580,INE855R01021,RADIANTCMS,EQ,,,,,RADIANT CASH MGMT SER LTD,36.20,36.84,36.02,36.66,36.55,36.64,,36.69,,,54342,1991532.60,834,F1,1,,,,,
2026-07-28,2026-07-28,CM,NSE,STK,10990,INE944F01028,RADICO,EQ,,,,,RADICO KHAITAN LTD,4171.00,4350.00,4080.10,4289.70,4344.90,4149.50,,4289.60,,,1546434,6470884435.70,108806,F1,1,,,,,
2026-07-28,2026-07-28,CM,NSE,STK,23445,INE430U01019,RADIOWALLA,ST,,,,,RADIOWALLA NETWORK LTD,27.70,27.70,27.70,27.70,27.70,28.25,,27.70,,,1600,44320.00,1,F1,1600,,,,,
2026-07-28,2026-07-28,CM,NSE,STK,24735,INE912T01018,RPEL,EQ,,,,,RAGHAV PRODUCTIVITY ENH L,1287.10,1300.00,1251.00,1264.40,1282.80,1292.70,,1264.10,,,32872,42051429.00,3975,F1,1,,,,,
2026-07-28,2026-07-28,CM,NSE,STK,9552,INE415G01027,RVNL,EQ,,,,,RAIL VIKAS NIGAM LIMITED,224.49,224.49,220.16,221.34,221.40,223.95,,221.33,,,3463190,768061295.17,33601,F1,1,,,,,
2026-07-28,2026-07-28,CM,NSE,STK,2431,INE0DD101019,RAILTEL,EQ,,,,,RAILTEL CORP OF IND LTD,288.55,290.00,284.65,286.55,286.50,288.55,,286.50,,,325567,93454641.15,8731,F1,1,,,,,
2026-07-28,2026-07-28,CM,NSE,STK,15337,INE855B01025,RAIN,EQ,,,,,RAIN INDUSTRIES LIMITED,224.70,224.80,217.40,220.28,219.17,223.74,,220.29,,,2889362,637887173.58,23590,F1,1,,,,,
2026-07-28,2026-07-28,CM,NSE,STK,9408,INE961O01016,RAINBOW,EQ,,,,,RAINBOW CHILDRENS MED LTD,1489.50,1489.50,1464.30,1469.50,1470.00,1483.50,,1469.50,,,22597,33273981.60,4747,F1,1,,,,,
2026-07-28,2026-07-28,CM,NSE,STK,359,INE294G01026,ROML,EQ,,,,,RAJ OIL MILLS LIMITED,44.20,45.79,44.11,44.62,44.88,44.98,,44.62,,,1784,79889.53,52,F1,1,,,,,
2026-07-28,2026-07-28,CM,NSE,STK,8428,INE533D01032,RAJRILTD,BE,,,,,RAJ RAYON INDUSTRIES LTD,20.27,20.46,20.26,20.28,20.26,20.67,,20.32,,,5235,106311.41,85,F1,1,,,,,
2026-07-28,2026-07-28,CM,NSE,STK,14403,INE952H01027,RAJTV,EQ,,,,,RAJ TV NETWORK LTD,11.99,12.00,11.58,11.93,11.95,11.81,,11.93,,,8827,105400.23,89,F1,1,,,,,
2026-07-28,2026-07-28,CM,NSE,STK,762859,INE296E01026,RAJPALAYAM,EQ,,,,,RAJAPALAYAM MILLS LTD.,820.00,825.00,805.05,810.55,809.90,810.75,,810.90,,,634,514774.65,32,F1,1,,,,,
2026-07-28,2026-07-28,CM,NSE,STK,181,INE610C01014,ARENTERP,EQ,,,,,RAJDARSHAN INDUSTRIES LTD,41.80,42.89,39.51,41.27,41.70,41.10,,41.27,,,13525,553141.58,143,F1,1,,,,,
2026-07-28,2026-07-28,CM,NSE,STK,760461,INE343B01030,RAJESHEXPO,BZ,,,,,RAJESH EXPORTS LTD,88.01,88.90,86.60,86.85,86.81,88.46,,86.85,,,90926,7941931.95,1397,F1,1,,,,,
2026-07-28,2026-07-28,CM,NSE,STK,19681,INE0BZQ01011,RCDL,SM,,,,,RAJGOR CASTOR DERIVATI L,24.00,24.45,24.00,24.45,24.45,24.00,,24.45,,,6000,145350.00,2,F1,3000,,,,,
2026-07-28,2026-07-28,CM,NSE,STK,2168,INE00KV01022,RAJMET,EQ,,,,,RAJNANDINI METAL LIMITED,3.26,3.38,3.26,3.30,3.37,3.33,,3.30,,,128636,426589.10,421,F1,1,,,,,
2026-07-28,2026-07-28,CM,NSE,STK,757052,INE535F01024,RAJOOENG,BE,,,,,RAJOO ENGINEERS LIMITED,54.00,54.95,51.65,52.13,52.10,54.18,,52.13,,,170565,8994493.69,788,F1,1,,,,,
2026-07-28,2026-07-28,CM,NSE,STK,27269,INE0VHU01019,RAJPUTANA,SM,,,,,RAJPUTANA BIODIESEL LTD,198.95,200.00,195.20,195.20,195.20,199.00,,195.20,,,5000,984050.00,6,F1,500,,,,,
2026-07-28,2026-07-28,CM,NSE,STK,761439,INE313L01016,RSL,EQ,,,,,RAJPUTANA STAINLESS LTD,133.94,140.50,133.83,139.45,140.00,134.33,,139.45,,,415920,57328230.03,4820,F1,1,,,,,
2026-07-28,2026-07-28,CM,NSE,STK,18962,INE451D01029,RAJRATAN,EQ,,,,,RAJRATAN GLOBAL WIRE LTD,507.00,508.85,480.15,486.45,491.40,504.50,,486.45,,,180773,88900600.70,8321,F1,1,,,,,
2026-07-28,2026-07-28,CM,NSE,STK,6913,INE760W01023,RPPL,EQ,,,,,RAJSHREE POLYPACK LTD,22.45,22.45,19.90,20.38,20.46,21.69,,20.38,,,131576,2713635.44,1456,F1,1,,,,,
2026-07-28,2026-07-28,CM,NSE,STK,2809,INE562B01019,RAJSREESUG,EQ,,,,,RAJSHREE SUGAR & CHEMICAL,30.70,30.70,29.00,29.34,29.20,30.83,,29.34,,,36581,1075184.46,390,F1,1,,,,,
2026-07-28,2026-07-28,CM,NSE,STK,2816,INE613A01020,RALLIS,EQ,,,,,RALLIS INDIA LTD,221.59,221.89,214.85,215.61,215.50,221.59,,215.65,,,1035688,224776433.52,23214,F1,1,,,,,
2026-07-28,2026-07-28,CM,NSE,STK,10485,INE207E01023,RAMRAT,EQ,,,,,RAM RATNA WIRES LIMITED,422.00,443.20,405.10,436.05,435.00,425.30,,436.05,,,802852,348477767.05,18341,F1,1,,,,,
2026-07-28,2026-07-28,CM,NSE,STK,10568,INE809A01032,RAMAPHO,EQ,,,,,RAMA PHOSPHATES LIMITED,132.87,132.87,127.13,128.62,127.13,130.90,,128.73,,,32900,4288748.58,897,F1,1,,,,,
2026-07-28,2026-07-28,CM,NSE,STK,10304,INE230R01035,RAMASTEEL,BE,,,,,RAMA STEEL TUBES LIMITED,4.23,4.24,4.17,4.21,4.23,4.24,,4.21,,,1315067,5544323.33,2980,F1,1,,,,,
2026-07-28,2026-07-28,CM,NSE,STK,757777,INE14W901010,RTL,SM,,,,,RAMA TELECOM LIMITED,80.00,82.50,80.00,80.00,80.00,80.00,,80.00,,,6000,485000.00,3,F1,2000,,,,,
2026-07-28,2026-07-28,CM,NSE,STK,4587,INE614A01028,RAMCOIND,EQ,,,,,RAMCO INDUSTRIES LIMITED,335.15,341.90,330.10,332.05,331.90,336.85,,332.00,,,147146,49129247.25,3649,F1,1,,,,,
2026-07-28,2026-07-28,CM,NSE,STK,7851,INE246B01019,RAMCOSYS,EQ,,,,,RAMCO SYSTEMS LTD.,607.95,607.95,607.95,607.95,607.95,639.90,,607.15,,,39702,24136830.90,607,F1,1,,,,,
2026-07-28,2026-07-28,CM,NSE,STK,23565,INE0RJH01010,RBS,SM,,,,,RAMDEVBABA SOLVENT LTD,79.75,80.50,72.00,80.10,80.00,75.60,,80.10,,,56000,4260080.00,61,F1,800,,,,,
2026-07-28,2026-07-28,CM,NSE,STK,11411,INE399G01023,RKFORGE,EQ,,,,,RAMKRISHNA FORGINGS LTD,626.00,641.00,620.25,630.65,631.60,625.45,,630.65,,,3100372,1960076837.80,57829,F1,1,,,,,
2026-07-28,2026-07-28,CM,NSE,STK,20134,INE874I01013,RAMKY,EQ,,,,,RAMKY INFRA LTD,375.25,378.75,370.00,371.45,372.55,375.20,,371.45,,,20932,7806875.50,949,F1,1,,,,,
2026-07-28,2026-07-28,CM,NSE,STK,2837,INE625B01014,RANASUG,EQ,,,,,RANA SUGARS LTD.,11.97,12.08,11.80,11.94,11.98,11.84,,11.94,,,143690,1717955.93,420,F1,1,,,,,
2026-07-28,2026-07-28,CM,NSE,STK,11975,INE050H01012,RML,EQ,,,,,RANE (MADRAS) LIMITED,1154.00,1155.80,1116.50,1126.10,1131.90,1149.00,,1126.20,,,21273,24110555.80,2550,F1,1,,,,,
2026-07-28,2026-07-28,CM,NSE,STK,2844,INE384A01010,RANEHOLDIN,EQ,,,,,RANE HOLDINGS LIMITED,1758.30,1764.30,1737.00,1744.60,1740.00,1762.70,,1744.60,,,8777,15331508.80,1172,F1,1,,,,,
2026-07-28,2026-07-28,CM,NSE,STK,25610,INE0MVO01012,RAPPID,SM,,,,,RAPPID VALVES (INDIA) LTD,327.50,336.00,327.50,336.00,336.00,330.20,,336.00,,,4800,1593480.00,8,F1,600,,,,,
2026-07-28,2026-07-28,CM,NSE,STK,22670,INE0J1F01024,RPTECH,EQ,,,,,RASHI PERIPHERALS LIMITED,808.75,810.00,773.20,785.30,781.50,801.45,,785.35,,,345314,274014822.80,16266,F1,1,,,,,
2026-07-28,2026-07-28,CM,NSE,STK,2866,INE027A01015,RCF,EQ,,,,,RASHTRIYA CHEMICALS & FER,126.01,127.95,125.34,126.30,126.00,126.27,,126.30,,,654433,82898807.45,7738,F1,1,,,,,
2026-07-28,2026-07-28,CM,NSE,STK,7177,INE0CLI01024,RATEGAIN,EQ,,,,,RATEGAIN TRAVEL TECHN LTD,900.50,931.50,900.50,908.25,902.20,905.80,,908.25,,,219533,200910937.00,12866,F1,1,,,,,
2026-07-28,2026-07-28,CM,NSE,STK,13451,INE703B01027,RATNAMANI,EQ,,,,,RATNAMANI MET & TUB LTD.,2400.00,2410.80,2350.00,2356.50,2359.10,2404.30,,2356.50,,,19778,46925275.70,4542,F1,1,,,,,
2026-07-28,2026-07-28,CM,NSE,STK,18423,INE05CZ01011,RATNAVEER,EQ,,,,,RATNAVEER PRECISION ENG L,202.28,207.79,183.37,186.17,185.20,199.61,,186.17,,,23401716,4608813326.48,159440,F1,1,,,,,
2026-07-28,2026-07-28,CM,NSE,STK,27297,INE834M01019,RTNINDIA,EQ,,,,,RATTANINDIA ENT LIMITED,32.28,32.28,31.50,31.58,31.59,32.03,,31.58,,,446215,14185580.91,2326,F1,1,,,,,
2026-07-28,2026-07-28,CM,NSE,STK,17520,INE399K01017,RTNPOWER,EQ,,,,,RATTANINDIA POWER LIMITED,8.70,8.70,8.45,8.51,8.48,8.63,,8.51,,,8695044,74280481.43,8685,F1,1,,,,,
2026-07-28,2026-07-28,CM,NSE,STK,20950,INE722J01012,RKDL,EQ,,,,,RAVI KUMAR DIST. LTD.,19.11,19.69,19.01,19.14,19.02,19.48,,19.14,,,17602,338689.38,128,F1,1,,,,,
2026-07-28,2026-07-28,CM,NSE,STK,1565,INE09E501017,RVHL,EQ,,,,,RAVINDER HEIGHTS LIMITED,45.89,46.00,45.23,45.25,45.25,45.53,,45.25,,,4869,222368.64,38,F1,1,,,,,
2026-07-28,2026-07-28,CM,NSE,STK,24596,INE206N01018,RELTD,EQ,,,,,RAVINDRA ENERGY LIMITED,174.99,176.50,169.45,174.79,174.70,174.03,,174.80,,,168785,29135282.49,3394,F1,1,,,,,
2026-07-28,2026-07-28,CM,NSE,STK,25073,INE02ID01020,RAYMONDLSL,EQ,,,,,RAYMOND LIFESTYLE LIMITED,708.45,726.85,700.00,707.25,705.00,705.60,,707.35,,,128761,91578611.10,7479,F1,1,,,,,
2026-07-28,2026-07-28,CM,NSE,STK,2859,INE301A01014,RAYMOND,EQ,,,,,RAYMOND LTD,593.95,599.45,571.55,576.80,576.00,595.00,,576.80,,,400617,232872610.80,11321,F1,1,,,,,
2026-07-28,2026-07-28,CM,NSE,STK,758551,INE1SY401010,RAYMONDREL,EQ,,,,,RAYMOND REALTY LIMITED,660.00,668.25,647.05,662.10,660.00,665.90,,662.10,,,237160,156322508.85,8707,F1,1,,,,,
2026-07-28,2026-07-28,CM,NSE,STK,18391,INE976G01028,RBLBANK,EQ,,,,,RBL BANK LIMITED,363.00,367.60,361.25,364.90,364.30,362.85,,364.90,,,3630371,1321893021.15,35845,F1,1,,,,,
2026-07-28,2026-07-28,CM,NSE,STK,13570,INE0NA301016,RBMINFRA,SM,,,,,RBM INFRACON LIMITED,288.90,290.90,273.55,276.60,275.00,290.90,,276.60,,,58800,16737790.00,102,F1,200,,,,,
2026-07-28,2026-07-28,CM,NSE,STK,20874,INE0PEQ01016,RBZJEWEL,EQ,,,,,RBZ JEWELLERS LIMITED,146.49,147.40,141.00,144.86,145.00,145.61,,144.84,,,97634,14039719.13,2130,F1,1,,,,,
2026-07-28,2026-07-28,CM,NSE,STK,29561,INE10QL01011,READYMIX,SM,,,,,READYMIX CONSTRU MACHI L,112.90,112.90,102.60,104.15,102.60,105.00,,104.15,,,14000,1482500.00,14,F1,1000,,,,,
2026-07-28,2026-07-28,CM,NSE,STK,15355,INE020B01018,RECLTD,EQ,,,,,REC LIMITED,368.00,372.10,365.25,368.45,368.50,368.15,,368.45,,,4252211,1571086133.00,41802,F1,1,,,,,
2026-07-28,2026-07-28,CM,NSE,STK,14255,INE891D01026,REDINGTON,EQ,,,,,REDINGTON LIMITED,277.00,281.00,274.15,278.05,278.50,278.15,,278.05,,,3036387,843809777.25,39088,F1,1,,,,,
2026-07-28,2026-07-28,CM,NSE,STK,17859,INE0LXT01019,REDTAPE,EQ,,,,,REDTAPE LIMITED,127.99,127.99,126.30,127.22,127.16,127.28,,127.22,,,125282,15900597.40,2459,F1,1,,,,,
2026-07-28,2026-07-28,CM,NSE,STK,17764,INE056I01025,REFEX,EQ,,,,,REFEX INDUSTRIES LIMITED,334.80,334.90,326.30,328.10,328.00,331.55,,328.15,,,423808,139567204.30,6770,F1,1,,,,,
2026-07-28,2026-07-28,CM,NSE,STK,23718,INE0TNX01015,REFRACTORY,SM,,,,,REFRACTORY SHAPES LIMITED,26.95,26.95,24.85,26.50,26.50,25.90,,26.50,,,14000,355850.00,10,F1,1000,,,,,
2026-07-28,2026-07-28,CM,NSE,STK,758682,INE0MHO01029,REGAAL,BE,,,,,REGAAL RESOURCES LIMITED,77.58,80.50,76.64,79.76,79.90,77.58,,79.75,,,60454,4803515.25,350,F1,1,,,,,
2026-07-28,2026-07-28,CM,NSE,STK,4130,INE277C01012,REGENCERAM,EQ,,,,,REGENCY CERAMICS LTD.,33.31,34.80,32.80,33.01,33.00,33.60,,33.01,,,1529,50892.09,51,F1,1,,,,,
2026-07-28,2026-07-28,CM,NSE,STK,24225,INE131B01039,RELAXO,EQ,,,,,RELAXO FOOT LTD.,400.10,406.65,390.40,391.95,392.00,401.40,,391.95,,,262351,104277685.75,8001,F1,1,,,,,
2026-07-28,2026-07-28,CM,NSE,STK,3172,INF204KC1030,GILT5YBEES,EQ,,,,,RELCAPAMC - NETFGILT5Y,65.36,66.72,65.36,66.06,66.08,66.03,,66.06,,,161804,10690112.52,353,F1,1,,,,,
2026-07-28,2026-07-28,CM,NSE,STK,24378,INE375Y01018,RELIABLE,EQ,,,,,RELIABLE DATA SERVICE LTD,140.07,140.78,136.48,136.94,136.80,139.22,,136.94,,,4046,557292.22,255,F1,1,,,,,
2026-07-28,2026-07-28,CM,NSE,STK,9652,INE750D01016,RELCHEMQ,EQ,,,,,RELIANCE CHEMOTEX IND LTD,130.90,130.90,122.60,124.76,124.95,128.07,,124.76,,,3194,402534.34,93,F1,1,,,,,
2026-07-28,2026-07-28,CM,NSE,STK,13188,INE330H01018,RCOM,BE,,,,,RELIANCE COMMUNICATIONS L,0.84,0.85,0.83,0.83,0.83,0.83,,0.83,,,1810461,1510124.07,1440,F1,1,,,,,
2026-07-28,2026-07-28,CM,NSE,STK,759204,INE217K01011,RHFL,BZ,,,,,RELIANCE HOME FINANCE LTD,1.99,1.99,1.92,1.93,1.94,1.96,,1.93,,,380063,741226.78,597,F1,1,,,,,
2026-07-28,2026-07-28,CM,NSE,STK,2912,INE046A01015,RIIL,EQ,,,,,RELIANCE INDUSTRIAL INFRA,731.45,736.95,725.00,727.15,725.95,736.20,,727.15,,,42879,31293573.25,2180,F1,1,,,,,
2026-07-28,2026-07-28,CM,NSE,STK,2885,INE002A01018,RELIANCE,EQ,,,,,RELIANCE INDUSTRIES LTD,1275.00,1279.20,1265.90,1267.70,1271.70,1280.00,,1267.70,,,9312184,11836095240.80,233124,F1,1,,,,,
2026-07-28,2026-07-28,CM,NSE,STK,15259,INE614G01033,RPOWER,EQ,,,,,RELIANCE POWER LTD.,23.76,23.80,23.41,23.46,23.50,23.76,,23.46,,,11759749,276528556.52,21399,F1,1,,,,,
2026-07-28,2026-07-28,CM,NSE,STK,15068,INE621H01010,RELIGARE,EQ,,,,,RELIGARE ENTER. LTD.,255.45,256.10,249.95,250.30,250.95,255.45,,250.30,,,293185,73766393.65,4969,F1,1,,,,,
2026-07-28,2026-07-28,CM,NSE,STK,3965,INE474C01023,REMSONSIND,EQ,,,,,REMSONS INDUSTRIES LTD,81.00,81.50,78.00,78.60,78.13,79.63,,78.60,,,47812,3783927.08,1229,F1,1,,,,,
2026-07-28,2026-07-28,CM,NSE,STK,16154,INE0O5T01011,REMUS,SM,,,,,REMUS PHARMACEUTICALS L,721.00,729.00,713.00,714.65,715.00,721.00,,714.65,,,3600,2582105.00,26,F1,100,,,,,
2026-07-28,2026-07-28,CM,NSE,STK,15129,INE722H01024,RGL,EQ,,,,,RENAISSANCE GLOBAL LTD,118.00,118.25,115.77,116.26,116.80,118.04,,116.28,,,105000,12315537.30,1010,F1,1,,,,,
2026-07-28,2026-07-28,CM,NSE,STK,758157,INE0VZX01015,RNPL,SM,,,,,RENOL POLYCHEM LIMITED,78.00,78.00,77.25,78.00,78.00,74.60,,78.00,,,8400,652920.00,7,F1,1200,,,,,
2026-07-28,2026-07-28,CM,NSE,STK,29598,INE612J01015,REPCOHOME,EQ,,,,,REPCO HOME FINANCE LTD,391.45,392.70,383.80,384.75,384.50,391.05,,384.75,,,55738,21562839.30,2245,F1,1,,,,,
2026-07-28,2026-07-28,CM,NSE,STK,13126,INE461B01014,REPRO,EQ,,,,,REPRO INDIA LIMITED,372.50,372.50,365.05,369.90,366.20,372.80,,374.40,,,11611,4288722.45,306,F1,1,,,,,
2026-07-28,2026-07-28,CM,NSE,STK,20323,INE688D01026,RESPONIND,EQ,,,,,RESPONSIVE INDUSTRIES LTD,175.47,176.87,172.15,172.99,173.00,175.47,,172.99,,,89531,15634809.44,2101,F1,1,,,,,
2026-07-28,2026-07-28,CM,NSE,STK,1494,INE07T201019,RBA,EQ,,,,,RESTAURANT BRAND ASIA LTD,68.10,68.10,66.15,66.67,66.60,67.57,,66.67,,,2450390,164347413.48,8382,F1,1,,,,,
2026-07-28,2026-07-28,CM,NSE,STK,25157,INE0DAB01012,RVTH,EQ,,,,,REVATHI EQUIPMENT INDIA L,709.50,746.85,702.00,718.60,719.00,709.50,,718.60,,,116,83241.25,23,F1,1,,,,,
2026-07-28,2026-07-28,CM,NSE,STK,29270,INE113601012,REXPRO,SM,,,,,REXPRO ENTERPRISES LTD,39.90,39.90,38.25,38.60,38.60,39.90,,38.60,,,3000,116750.00,3,F1,1000,,,,,
2026-07-28,2026-07-28,CM,NSE,STK,763468,INE0V2V01015,RFBL,ST,,,,,RFBL FLEXI PACK LIMITED,95.00,97.00,95.00,95.70,95.85,92.40,,95.70,,,798000,77092050.00,22,F1,3000,,,,,
2026-07-28,2026-07-28,CM,NSE,STK,759062,INE0KKN01029,RHETAN,EQ,,,,,RHETAN TMT LIMITED,29.53,30.23,29.51,29.52,29.52,29.05,,29.52,,,11864278,351826438.57,10072,F1,1,,,,,
2026-07-28,2026-07-28,CM,NSE,STK,31163,INE743M01012,RHIM,EQ,,,,,RHI MAGNESITA INDIA LTD,403.10,407.65,390.70,391.85,391.00,401.05,,391.85,,,271988,108456067.45,6902,F1,1,,,,,
2026-07-28,2026-07-28,CM,NSE,STK,2909,INE209B01025,RICOAUTO,EQ,,,,,RICO AUTO INDUSTRIES LTD,146.00,150.39,140.56,141.23,141.23,145.59,,141.23,,,2679790,388608344.30,21913,F1,1,,,,,
2026-07-28,2026-07-28,CM,NSE,STK,764121,INE302D01024,RIR,EQ,,,,,RIR POWER ELECTRONICS L,157.99,159.65,154.30,155.23,156.00,157.21,,155.22,,,101951,15899339.86,2721,F1,1,,,,,
2026-07-28,2026-07-28,CM,NSE,STK,18417,INE0N2P01017,RISHABH,EQ,,,,,RISHABH INSTRUMENTS LTD,624.20,631.10,600.00,602.95,606.40,624.70,,602.95,,,102349,62200241.65,5596,F1,1,,,,,
2026-07-28,2026-07-28,CM,NSE,STK,8944,INE01EG01016,RITCO,EQ,,,,,RITCO LOGISTICS LIMITED,295.15,299.75,289.05,290.50,289.05,295.10,,290.45,,,64841,19087281.60,1699,F1,1,,,,,
2026-07-28,2026-07-28,CM,NSE,STK,11917,INE0MRA01019,RITEZONE,ST,,,,,RITE ZONE CHEMCON IND LTD,19.50,19.50,19.50,19.50,19.50,20.50,,19.50,,,3200,62400.00,2,F1,1600,,,,,
2026-07-28,2026-07-28,CM,NSE,STK,3761,INE320J01015,RITES,EQ,,,,,RITES LIMITED,217.00,217.74,213.60,214.29,214.30,217.15,,214.25,,,256955,55349942.56,7054,F1,1,,,,,
2026-07-28,2026-07-28,CM,NSE,STK,1547,INE786W01010,RKEC,EQ,,,,,RKEC PROJECTS LIMITED,26.67,28.00,26.00,26.77,26.50,26.96,,26.77,,,51077,1350825.47,233,F1,1,,,,,
2026-07-28,2026-07-28,CM,NSE,STK,762346,INE655V01019,RMC,EQ,,,,,RMC SWITCHGEARS LIMITED,264.95,264.95,256.00,257.90,258.40,265.65,,258.15,,,31252,8105036.65,1212,F1,1,,,,,
2026-07-28,2026-07-28,CM,NSE,STK,24589,INE0SA001017,RNFI,SM,,,,,RNFI SERVICES LIMITED,269.00,279.85,266.20,274.70,274.00,268.00,,274.70,,,127800,35100420.00,64,F1,600,,,,,
2026-07-28,2026-07-28,CM,NSE,STK,15157,INE508K01013,RHL,EQ,,,,,ROBUST HOTELS LIMITED,167.80,169.21,166.40,167.13,166.40,168.64,,167.15,,,1824,305476.05,82,F1,1,,,,,
2026-07-28,2026-07-28,CM,NSE,STK,5279,INE645S01024,ROLEXRINGS,EQ,,,,,ROLEX RINGS LIMITED,138.40,139.38,136.92,137.56,137.88,137.92,,137.56,,,587648,81008981.56,17279,F1,1,,,,,
2026-07-28,2026-07-28,CM,NSE,STK,19108,INE927A01040,ROLLT,BE,,,,,ROLLATAINERS LIMITED,2.31,2.33,2.14,2.25,2.28,2.22,,2.26,,,207696,475067.94,108,F1,1,,,,,
2026-07-28,2026-07-28,CM,NSE,STK,19410,INE02A801020,ROSSARI,EQ,,,,,ROSSARI BIOTECH LIMITED,519.00,520.40,503.00,504.30,507.60,519.95,,504.25,,,72315,37069839.10,4158,F1,1,,,,,
2026-07-28,2026-07-28,CM,NSE,STK,28913,INE847C01020,ROSSELLIND,EQ,,,,,ROSSELL INDIA LIMITED,58.33,61.94,58.14,59.19,59.60,58.89,,59.22,,,46767,2797085.16,1121,F1,1,,,,,
2026-07-28,2026-07-28,CM,NSE,STK,27353,INE0OJW01016,ROSSTECH,EQ,,,,,ROSSELL TECHSYS LIMITED,978.55,1006.35,890.00,911.60,905.00,975.65,,911.85,,,1079902,1006071334.30,57629,F1,1,,,,,
2026-07-28,2026-07-28,CM,NSE,STK,9049,INE535D01037,ROTO,EQ,,,,,ROTO PUMPS LIMITED,67.11,67.79,65.61,66.00,66.18,67.29,,66.00,,,308615,20483797.92,2376,F1,1,,,,,
2026-07-28,2026-07-28,CM,NSE,STK,128,INE450U01017,ROUTE,EQ,,,,,ROUTE MOBILE LIMITED,540.60,564.65,535.75,551.35,549.00,540.60,,551.55,,,941502,519849804.65,22378,F1,1,,,,,
2026-07-28,2026-07-28,CM,NSE,STK,20167,INE0PDJ01013,ROXHITECH,SM,,,,,ROX HI TECH LIMITED,47.00,51.25,46.50,50.25,50.85,45.55,,50.25,,,161600,7894560.00,91,F1,1600,,,,,
2026-07-28,2026-07-28,CM,NSE,STK,13182,INE283H01019,ROHLTD,EQ,,,,,ROYAL ORCHID HOTELS LTD,325.15,333.00,318.10,320.30,321.00,322.35,,320.20,,,11141,3593400.95,534,F1,1,,,,,
2026-07-28,2026-07-28,CM,NSE,STK,16725,INE105J01010,RPGLIFE,EQ,,,,,RPG LIFE SCIENCES LTD,2920.00,2924.60,2850.00,2888.70,2875.00,2928.10,,2888.00,,,8327,24036795.60,1637,F1,1,,,,,
2026-07-28,2026-07-28,CM,NSE,STK,8119,INE425Y01011,RPSGVENT,EQ,,,,,RPSG VENTURES LIMITED,898.70,908.90,895.00,896.80,895.00,898.70,,896.80,,,14868,13377957.55,600,F1,1,,,,,
2026-07-28,2026-07-28,CM,NSE,STK,7292,INE611A01016,RSWM,BE,,,,,RSWM LIMITED,211.58,218.00,211.58,215.43,213.90,213.67,,215.43,,,28929,6207367.51,157,F1,1,,,,,
2026-07-28,2026-07-28,CM,NSE,STK,24730,INE642C01025,RUBFILA,EQ,,,,,RUBFILA INTERNATIONAL LTD,71.01,72.90,71.01,72.06,72.86,72.34,,72.05,,,12110,870602.32,241,F1,1,,,,,
2026-07-28,2026-07-28,CM,NSE,STK,759316,INE506V01022,RUBICON,EQ,,,,,RUBICON RESEARCH LIMITED,1570.70,1589.70,1530.00,1535.60,1537.80,1556.00,,1535.50,,,198618,308732850.00,18872,F1,1,,,,,
2026-07-28,2026-07-28,CM,NSE,STK,4566,INE413B01023,RUCHINFRA,EQ,,,,,RUCHI INFRASTRUCTURE LTD,6.10,6.10,5.87,5.88,5.88,5.95,,5.89,,,12568,74008.62,101,F1,1,,,,,
2026-07-28,2026-07-28,CM,NSE,STK,13821,INE803H01014,RUCHIRA,EQ,,,,,RUCHIRA PAPERS LIMITED,111.80,111.85,108.36,109.92,110.00,110.42,,109.92,,,29087,3184419.78,399,F1,1,,,,,
2026-07-28,2026-07-28,CM,NSE,STK,760392,INE027T01023,RUDRA,EQ,,,,,RUDRA GLOBAL INFRA PROD L,18.00,18.00,17.55,17.62,17.65,17.68,,17.62,,,44360,787644.78,199,F1,1,,,,,
2026-07-28,2026-07-28,CM,NSE,STK,1486,INE364Z01019,REPL,BE,,,,,RUDRABHISHEK ENTERP LTD,63.59,65.99,62.32,63.55,64.35,63.59,,63.55,,,2823,179718.91,31,F1,1,,,,,
2026-07-28,2026-07-28,CM,NSE,STK,23830,INE0R7301013,RULKA,SM,,,,,RULKA ELECTRICALS LIMITED,110.50,112.90,109.50,109.50,109.50,111.05,,109.50,,,2100,232995.00,7,F1,300,,,,,
2026-07-28,2026-07-28,CM,NSE,STK,25724,INE895B01021,RUPA,EQ,,,,,RUPA & COMPANY LTD,163.20,164.51,162.00,162.30,162.00,164.00,,162.29,,,53901,8783834.23,1260,F1,1,,,,,
2026-07-28,2026-07-28,CM,NSE,STK,24595,INE573K01025,RUSHIL,EQ,,,,,RUSHIL DECOR LIMITED,17.64,18.90,17.46,18.40,18.33,17.64,,18.40,,,5820010,107509685.64,11353,F1,1,,,,,
2026-07-28,2026-07-28,CM,NSE,STK,24674,INE0BSN01013,SATECH,SM,,,,,S A TECH SOFTWARE INDIA L,33.95,35.35,33.55,35.00,35.00,33.95,,35.00,,,4000,137850.00,4,F1,1000,,,,,
2026-07-28,2026-07-28,CM,NSE,STK,20698,INE807K01035,SCHAND,EQ,,,,,S CHAND AND COMPANY LTD,149.40,149.70,145.63,146.74,145.63,147.86,,146.74,,,9754,1434712.66,470,F1,1,,,,,
2026-07-28,2026-07-28,CM,NSE,STK,25528,INE0X6F01017,SDREAMS,SM,,,,,S D RETAIL LIMITED,90.00,91.00,89.00,89.00,89.00,88.50,,89.00,,,5000,449000.00,4,F1,1000,,,,,
2026-07-28,2026-07-28,CM,NSE,STK,11212,INE500L01026,SHK,EQ,,,,,S H KELKAR AND CO. LTD.,150.48,150.48,142.00,143.97,143.01,148.26,,143.97,,,416488,60423815.27,6742,F1,1,,,,,
2026-07-28,2026-07-28,CM,NSE,STK,20542,INE0F3301020,SJLOGISTIC,SM,,,,,S J LOGISTICS (INDIA) LTD,303.70,308.70,303.00,304.00,304.95,307.35,,304.00,,,8750,2670475.00,34,F1,250,,,,,
2026-07-28,2026-07-28,CM,NSE,STK,2951,INE902B01017,S&SPOWER,EQ,,,,,S&S POWER SWITCHGEARS LTD,353.00,353.00,323.00,324.85,324.00,336.80,,324.85,,,1632,540014.90,64,F1,1,,,,,
2026-07-28,2026-07-28,CM,NSE,STK,18252,INE212I01016,SPAL,EQ,,,,,S. P. APPARELS LIMITED,1009.20,1020.00,942.30,986.20,986.70,1014.40,,986.60,,,153654,149105025.50,10166,F1,1,,,,,
2026-07-28,2026-07-28,CM,NSE,STK,11637,INE658G01014,SALSTEEL,BE,,,,,S.A.L. STEEL LTD.,62.00,62.00,59.54,61.06,60.70,59.54,,61.06,,,135202,8282116.61,446,F1,1,,,,,
2026-07-28,2026-07-28,CM,NSE,STK,19112,INE0PSK01027,SAAKSHI,ST,,,,,SAAKSHI MEDTEC N PANELS L,290.00,305.10,287.50,300.85,305.10,290.60,,300.85,,,13800,4118010.00,16,F1,600,,,,,
2026-07-28,2026-07-28,CM,NSE,STK,759057,INE13B501022,SAATVIKGL,EQ,,,,,SAATVIK GREEN ENERGY LTD,445.50,445.50,436.00,437.85,437.00,442.95,,437.85,,,41198,18111371.95,2620,F1,1,,,,,
2026-07-28,2026-07-28,CM,NSE,STK,18497,INE860T01019,SABEVENTS,EQ,,,,,SAB EVENTS & GOVERNANCE,6.93,6.93,6.93,6.93,6.93,7.29,,6.93,,,1569,10873.17,21,F1,1,,,,,
2026-07-28,2026-07-28,CM,NSE,STK,10982,INE0DZ101013,SABAR,SM,,,,,SABAR FLEX INDIA LIMITED,5.85,5.90,5.85,5.90,5.90,5.65,,5.90,,,25000,146500.00,5,F1,5000,,,,,
2026-07-28,2026-07-28,CM,NSE,STK,757409,INE1ARD01016,SACHEEROME,SM,,,,,SACHEEROME LIMITED,422.00,422.00,385.00,402.30,409.00,424.95,,402.30,,,30300,12171345.00,92,F1,300,,,,,
2026-07-28,2026-07-28,CM,NSE,STK,13236,INE226H01026,SADBHAV,EQ,,,,,SADBHAV ENGINEERING LTD,8.40,9.14,8.40,9.14,9.14,8.31,,9.14,,,526851,4694664.87,824,F1,1,,,,,
2026-07-28,2026-07-28,CM,NSE,STK,10622,INE764L01010,SADBHIN,BE,,,,,SADBHAV INFRA PROJ LTD.,2.35,2.35,2.27,2.29,2.29,2.32,,2.29,,,89478,204924.60,142,F1,1,,,,,
2026-07-28,2026-07-28,CM,NSE,STK,15349,INE888C01040,SADHNANIQ,BE,,,,,SADHANA NITROCHEM LIMITED,2.64,2.70,2.64,2.66,2.66,2.69,,2.73,,,1472397,3928855.85,360,F1,1,,,,,
2026-07-28,2026-07-28,CM,NSE,STK,22897,INE0K5H01010,SADHAV,SM,,,,,SADHAV SHIPPING LIMITED,117.95,117.95,117.00,117.00,117.00,118.05,,117.00,,,2400,281910.00,4,F1,600,,,,,
2026-07-28,2026-07-28,CM,NSE,STK,13035,INE429E01023,SAFARI,EQ,,,,,SAFARI IND (INDIA) LTD,1606.50,1606.50,1548.70,1559.60,1576.90,1594.20,,1559.50,,,13746,21573682.80,2472,F1,1,,,,,
2026-07-28,2026-07-28,CM,NSE,STK,757583,INE17D601016,SAFEENTP,SM,,,,,SAFE ENTER RETAIL FIX LTD,250.05,253.00,248.00,248.20,249.70,252.70,,248.20,,,36000,8978450.00,58,F1,500,,,,,
2026-07-28,2026-07-28,CM,NSE,STK,14068,INE229C01021,SAGCEM,EQ,,,,,SAGAR CEMENTS LIMITED,172.00,179.00,171.12,178.27,177.10,183.15,,178.27,,,175123,30738834.04,3244,F1,1,,,,,
2026-07-28,2026-07-28,CM,NSE,STK,8175,INE976T01013,SAGARDEEP,EQ,,,,,SAGARDEEP ALLOYS LIMITED,24.46,25.53,24.46,24.60,24.60,24.96,,24.60,,,1535,37879.44,23,F1,1,,,,,
2026-07-28,2026-07-28,CM,NSE,STK,27052,INE0W2G01015,SAGILITY,EQ,,,,,SAGILITY LIMITED,43.17,44.35,42.75,43.16,43.20,43.29,,43.16,,,51303654,2243481473.32,98943,F1,1,,,,,
2026-07-28,2026-07-28,CM,NSE,STK,24478,INE0P4701011,SAHAJSOLAR,SM,,,,,SAHAJ SOLAR LIMITED,121.20,122.40,115.00,117.50,119.30,123.60,,117.50,,,13600,1627760.00,33,F1,400,,,,,
2026-07-28,2026-07-28,CM,NSE,STK,16711,INE0LEX01011,SAHANA,SM,,,,,SAHANA SYSTEM LIMITED,935.00,956.40,919.00,943.45,940.25,919.70,,943.45,,,25250,23696187.50,128,F1,125,,,,,
2026-07-28,2026-07-28,CM,NSE,STK,25671,INE0RBQ01018,SAHASRA,ST,,,,,SAHASRA ELECTRONIC SOLU L,337.90,337.90,310.25,323.65,320.00,326.55,,323.65,,,36400,11661480.00,85,F1,400,,,,,
2026-07-28,2026-07-28,CM,NSE,STK,14900,INE280H01015,SAHYADRI,EQ,,,,,SAHYADRI INDUSTRIES LTD,293.00,315.00,288.10,303.65,303.90,292.25,,303.65,,,18599,5589600.90,714,F1,1,,,,,
2026-07-28,2026-07-28,CM,NSE,STK,27839,INE570L01029,SAILIFE,EQ,,,,,SAI LIFE SCIENCES LIMITED,1287.00,1305.50,1272.70,1300.50,1302.90,1287.00,,1300.50,,,391243,506644814.50,20042,F1,1,,,,,
2026-07-28,2026-07-28,CM,NSE,STK,761675,INE0H9F01037,SAIPARENT,EQ,,,,,SAI PARENTERALS LIMITED,559.75,561.40,542.80,547.40,544.00,559.75,,547.35,,,62554,34391607.15,2435,F1,1,,,,,
2026-07-28,2026-07-28,CM,NSE,STK,18755,INE438K01021,KALAMANDIR,EQ,,,,,SAI SILKS (KALAMANDIR) L,88.00,91.85,87.49,87.87,87.70,87.34,,87.88,,,1100870,98457962.68,8537,F1,1,,,,,
2026-07-28,2026-07-28,CM,NSE,STK,25715,INE00MT01022,SAJHOTELS,ST,,,,,SAJ HOTELS LIMITED,35.50,35.50,35.10,35.10,35.10,36.90,,35.10,,,12000,422000.00,6,F1,2000,,,,,
2026-07-28,2026-07-28,CM,NSE,STK,9539,INE732S01012,SAKAR,EQ,,,,,SAKAR HEALTHCARE LIMITED,835.65,857.00,817.60,846.90,849.00,830.00,,846.90,,,148264,125101213.85,10263,F1,1,,,,,
2026-07-28,2026-07-28,CM,NSE,STK,11794,INE667G01023,SAKSOFT,EQ,,,,,SAKSOFT LIMITED,165.12,168.00,160.86,162.47,163.80,164.69,,162.47,,,1296756,213484691.37,14619,F1,1,,,,,
2026-07-28,2026-07-28,CM,NSE,STK,2969,INE623A01011,SAKHTISUG,EQ,,,,,SAKTHI SUGARS LTD,17.28,17.36,16.80,16.86,16.86,17.20,,16.84,,,38637,656533.17,316,F1,1,,,,,
2026-07-28,2026-07-28,CM,NSE,STK,13251,INE190H01024,SAKUMA,EQ,,,,,SAKUMA EXPORTS LIMITED,1.67,1.68,1.63,1.66,1.67,1.66,,1.66,,,636974,1049340.08,758,F1,1,,,,,
2026-07-28,2026-07-28,CM,NSE,STK,21362,INE170V01027,SALASAR,EQ,,,,,SALASAR TECHNO ENGG. LTD.,5.95,5.97,5.88,5.89,5.89,5.96,,5.89,,,1764773,10438822.80,3089,F1,1,,,,,
2026-07-28,2026-07-28,CM,NSE,STK,17351,INE498E01010,SALONA,EQ,,,,,SALONA COTSPIN LTD.,245.00,254.85,243.00,245.70,249.40,245.65,,245.80,,,3746,918818.70,128,F1,1,,,,,
2026-07-28,2026-07-28,CM,NSE,STK,11399,INE457F01013,SALZERELEC,EQ,,,,,SALZER ELECTRONICS LTD,575.40,576.35,561.00,562.45,562.10,573.85,,562.20,,,35038,19817551.90,1783,F1,1,,,,,
2026-07-28,2026-07-28,CM,NSE,STK,4127,INE699B01027,SAMBHAAV,EQ,,,,,SAMBHAAV MEDIA LTD,6.58,6.58,6.19,6.29,6.46,6.33,,6.29,,,38619,245075.73,104,F1,1,,,,,
2026-07-28,2026-07-28,CM,NSE,STK,757767,INE12NJ01018,SAMBHV,EQ,,,,,SAMBHV STEEL TUBES LTD,121.69,122.00,119.50,119.79,119.85,121.69,,119.79,,,811161,97485492.93,6754,F1,1,,,,,
2026-07-28,2026-07-28,CM,NSE,STK,21096,INE0PZA01015,SAIFL,SM,,,,,SAMEERA AGRO AND INFRA L,5.15,5.15,5.05,5.10,5.15,5.10,,5.10,,,152000,774000.00,27,F1,4000,,,,,
2026-07-28,2026-07-28,CM,NSE,STK,18614,INE08U801020,SAMHI,EQ,,,,,SAMHI HOTELS LIMITED,178.86,180.69,174.65,176.36,177.00,178.54,,176.35,,,394588,69607592.12,5428,F1,1,,,,,
2026-07-28,2026-07-28,CM,NSE,STK,30125,INE148I01020,SAMMAANCAP,EQ,,,,,SAMMAAN CAPITAL LIMITED,164.85,164.85,161.25,163.27,163.10,164.96,,163.27,,,4504309,733742753.19,20140,F1,1,,,,,
2026-07-28,2026-07-28,CM,NSE,STK,27303,INE735M01018,SAMPANN,EQ,,,,,SAMPANN UTPADAN INDIA LTD,27.64,28.40,27.00,27.25,27.01,27.64,,27.28,,,11169,305308.26,180,F1,1,,,,,
2026-07-28,2026-07-28,CM,NSE,STK,4204,INE775A01035,MOTHERSON,EQ,,,,,SAMVRDHNA MTHRSN INTL LTD,147.00,148.50,145.60,147.86,148.00,148.97,,147.86,,,12742933,1878390357.59,84628,F1,1,,,,,
2026-07-28,2026-07-28,CM,NSE,STK,28805,INE0JPD01013,SANATHAN,EQ,,,,,SANATHAN TEXTILES LIMITED,478.00,494.50,472.00,476.05,476.00,488.25,,476.10,,,31991,15384774.60,1867,F1,1,,,,,
2026-07-28,2026-07-28,CM,NSE,STK,2988,INE583B01015,SANDESH,EQ,,,,,SANDESH LTD,973.00,973.00,966.00,973.00,973.00,974.55,,973.00,,,139,134991.00,11,F1,1,,,,,
2026-07-28,2026-07-28,CM,NSE,STK,2397,INE278H01035,SANDHAR,EQ,,,,,SANDHAR TECHNOLOGIES LTD,600.00,600.00,582.00,584.85,585.00,599.55,,584.85,,,86306,50591885.80,6356,F1,1,,,,,
2026-07-28,2026-07-28,CM,NSE,STK,18359,INE149K01016,SANDUMA,EQ,,,,,SANDUR MANG & IRON ORES L,198.00,203.20,196.48,201.55,202.00,198.15,,201.55,,,680556,136507806.88,13274,F1,1,,,,,
2026-07-28,2026-07-28,CM,NSE,STK,4184,INE495C01010,SANGAMIND,EQ,,,,,SANGAM (INDIA) LTD,611.50,612.55,599.05,602.35,599.75,612.55,,602.35,,,31132,18821066.80,1954,F1,1,,,,,
2026-07-28,2026-07-28,CM,NSE,STK,18035,INE0OVI01010,SANGANI,SM,,,,,SANGANI HOSPITALS LIMITED,44.80,44.80,44.80,44.80,44.80,44.80,,44.80,,,3000,134400.00,2,F1,1500,,,,,
2026-07-28,2026-07-28,CM,NSE,STK,14058,INE989A01032,SANGHVIMOV,EQ,,,,,SANGHVI MOVERS LTD,450.00,451.95,434.20,436.45,436.10,450.00,,436.45,,,147193,64500701.25,5070,F1,1,,,,,
2026-07-28,2026-07-28,CM,NSE,STK,11033,INE753W01010,SANGINITA,BE,,,,,SANGINITA CHEMICALS LTD,64.11,64.11,64.11,64.11,64.11,62.86,,64.11,,,48972,3139594.92,95,F1,1,,,,,
2026-07-28,2026-07-28,CM,NSE,STK,25222,INE0UOS01011,SANOFICONR,EQ,,,,,SANOFI CONS HEALTHC IND L,4685.20,4789.30,4652.10,4707.20,4701.00,4685.20,,4707.20,,,84199,396669416.00,2238,F1,1,,,,,
2026-07-28,2026-07-28,CM,NSE,STK,1442,INE058A01010,SANOFI,EQ,,,,,SANOFI INDIA LIMITED,3370.00,3400.00,3354.70,3363.20,3375.00,3368.80,,3363.10,,,8539,28825772.50,2657,F1,1,,,,,
2026-07-28,2026-07-28,CM,NSE,STK,5751,INE953O01021,SANSERA,EQ,,,,,SANSERA ENGINEERING LTD,3274.40,3277.00,3171.20,3177.20,3176.50,3273.00,,3177.10,,,131491,420557303.80,20813,F1,1,,,,,
2026-07-28,2026-07-28,CM,NSE,STK,24582,INE08NE01025,SANSTAR,EQ,,,,,SANSTAR LIMITED,117.00,117.01,110.49,111.24,111.10,116.24,,111.25,,,236433,26568437.00,4359,F1,1,,,,,
2026-07-28,2026-07-28,CM,NSE,STK,46,INE890C01046,SANWARIA,BZ,,,,,SANWARIA CONSUMER LIMITED,0.21,0.21,0.20,0.20,0.21,0.20,,0.20,,,295135,59565.12,91,F1,1,,,,,
2026-07-28,2026-07-28,CM,NSE,STK,6718,INE806T01020,SAPPHIRE,EQ,,,,,SAPPHIRE FOODS INDIA LTD,187.99,188.63,183.00,184.23,183.11,187.09,,184.22,,,513149,94604368.51,9666,F1,1,,,,,
2026-07-28,2026-07-28,CM,NSE,STK,19863,INE0PUC01020,SARTELE,SM,,,,,SAR TELEVENTURE LIMITED,117.80,117.80,113.15,114.15,114.60,117.80,,114.15,,,58000,6653850.00,109,F1,500,,,,,
2026-07-28,2026-07-28,CM,NSE,STK,762985,INE967G01019,ZSARACOM,EQ,,,,,SARASWATI COMM (INDIA) L,12420.50,12420.50,12000.50,12180.00,12200.00,12342.50,,12288.50,,,7,85920.50,6,F1,1,,,,,
2026-07-28,2026-07-28,CM,NSE,STK,24856,INE0PQ101010,SSDL,EQ,,,,,SARASWATI SAREE DEPOT LTD,52.93,53.94,52.72,52.85,52.79,52.93,,52.85,,,6582,348587.92,229,F1,1,,,,,
2026-07-28,2026-07-28,CM,NSE,STK,17758,INE385C01021,SARDAEN,EQ,,,,,SARDA ENERGY & MIN LTD,513.00,524.25,508.60,510.20,510.10,512.30,,510.20,,,505281,261406918.30,17597,F1,1,,,,,
2026-07-28,2026-07-28,CM,NSE,STK,4892,INE979A01025,SAREGAMA,EQ,,,,,SAREGAMA INDIA LIMITED,514.45,531.00,508.10,524.25,518.00,514.85,,524.20,,,1374091,719360779.80,43190,F1,1,,,,,
2026-07-28,2026-07-28,CM,NSE,STK,14043,INE453D01025,SARLAPOLY,EQ,,,,,SARLA PERF. FIBERS LTD,100.00,101.00,98.41,98.64,98.94,100.58,,98.62,,,36859,3669540.15,894,F1,1,,,,,
2026-07-28,2026-07-28,CM,NSE,STK,6843,INE017W01010,SMLT,EQ,,,,,SARTHAK METALS LIMITED,67.50,68.25,66.15,66.26,66.20,67.54,,66.21,,,2559,171116.68,110,F1,1,,,,,
2026-07-28,2026-07-28,CM,NSE,STK,12913,INE324X01026,SARVESHWAR,EQ,,,,,SARVESHWAR FOODS LIMITED,3.38,3.45,3.30,3.35,3.36,3.38,,3.35,,,991001,3335412.47,1715,F1,1,,,,,
2026-07-28,2026-07-28,CM,NSE,STK,11983,INE231F01020,SASKEN,EQ,,,,,SASKEN TECHNOLOGIES LTD,1814.10,1855.80,1728.10,1742.20,1739.00,1819.00,,1742.40,,,59055,104577059.20,5440,F1,1,,,,,
2026-07-28,2026-07-28,CM,NSE,STK,29154,INE0NB801022,SATKARTAR,ST,,,,,SAT KARTAR LIFE LIMITED,130.20,130.20,126.00,126.85,128.95,131.60,,126.85,,,18400,2362720.00,20,F1,800,,,,,
2026-07-28,2026-07-28,CM,NSE,STK,24697,INE0RFP01011,SSEGL,SM,,,,,SATHLOKHAR SYN E&C GLOB L,317.20,334.00,316.00,318.65,317.15,317.20,,318.65,,,60400,19663090.00,211,F1,200,,,,,
2026-07-28,2026-07-28,CM,NSE,STK,24507,INE0RPM01017,SATIPOLY,ST,,,,,SATI POLY PLAST LIMITED,39.35,39.35,39.35,39.35,39.35,37.50,,39.35,,,1000,39350.00,2,F1,500,,,,,
2026-07-28,2026-07-28,CM,NSE,STK,11045,INE170E01023,SATIA,EQ,,,,,SATIA INDUSTRIES LIMITED,62.25,63.39,60.10,60.54,60.60,62.13,,60.54,,,177750,10914779.54,1355,F1,1,,,,,
2026-07-28,2026-07-28,CM,NSE,STK,10453,INE836B01017,SATIN,EQ,,,,,SATIN CREDIT NET LTD,261.01,266.00,254.41,259.60,260.00,261.51,,259.58,,,615587,160094455.69,13090,F1,1,,,,,
2026-07-28,2026-07-28,CM,NSE,STK,758960,INE14DW01018,SATTVAENGG,SM,,,,,SATTVA ENGINEERING CSTN L,78.00,78.00,76.00,76.00,76.00,79.00,,76.00,,,9600,733600.00,6,F1,1600,,,,,
2026-07-28,2026-07-28,CM,NSE,STK,3018,INE626A01014,SAURASHCEM,EQ,,,,,SAURASHTRA CEMENT LIMITED,57.88,58.06,56.12,57.09,56.98,57.93,,57.09,,,48673,2774673.17,889,F1,1,,,,,
2026-07-28,2026-07-28,CM,NSE,STK,3021,INE035D01020,SOTL,EQ,,,,,SAVITA OIL TECHNOLO. LTD,650.00,655.90,613.10,619.65,622.00,649.35,,619.65,,,246684,154909077.55,8097,F1,1,,,,,
2026-07-28,2026-07-28,CM,NSE,STK,757704,INE0UCN01017,SAVY,SM,,,,,SAVY INFRA AND LOGI LTD,118.20,121.95,116.05,116.95,117.95,122.95,,116.95,,,19200,2275980.00,16,F1,1200,,,,,
2026-07-28,2026-07-28,CM,NSE,STK,758444,INE10VS01016,SAWALIYA,SM,,,,,SAWALIYA FOOD PRODUCTS L,290.50,293.50,288.00,291.40,291.00,289.60,,291.40,,,90600,26462580.00,50,F1,600,,,,,
2026-07-28,2026-07-28,CM,NSE,STK,762879,INE318C01014,SAYAJIHOTL,EQ,,,,,SAYAJI HOTELS LTD.,284.65,298.00,284.65,284.65,284.65,299.60,,284.65,,,43,12364.10,8,F1,1,,,,,
2026-07-28,2026-07-28,CM,NSE,STK,6792,INE04AK01028,SBC,EQ,,,,,SBC EXPORTS LIMITED,42.20,42.29,42.01,42.04,42.06,42.09,,42.04,,,7044001,296463006.77,2377,F1,1,,,,,
2026-07-28,2026-07-28,CM,NSE,STK,18026,INE423Y01016,SBFC,EQ,,,,,SBFC FINANCE LIMITED,90.80,90.89,88.56,90.26,90.70,90.38,,90.26,,,4789879,430753980.44,9751,F1,1,,,,,
2026-07-28,2026-07-28,CM,NSE,STK,17971,INE018E01016,SBICARD,EQ,,,,,SBI CARDS & PAY SER LTD,645.25,666.75,644.95,654.90,656.00,645.00,,654.90,,,2161968,1427001383.10,38800,F1,1,,,,,
2026-07-28,2026-07-28,CM,NSE,STK,764173,INE640G01020,SBIFUNDS,EQ,,,,,SBI FUNDS MANAGEMENT LTD,584.00,586.30,574.30,576.35,575.00,583.20,,576.35,,,3273086,1892026138.40,68792,F1,1,,,,,
2026-07-28,2026-07-28,CM,NSE,STK,21808,INE123W01016,SBILIFE,EQ,,,,,SBI LIFE INSURANCE CO LTD,1865.00,1893.50,1860.50,1889.10,1888.80,1866.80,,1889.10,,,850030,1599437011.90,54691,F1,1,,,,,
2026-07-28,2026-07-28,CM,NSE,STK,17272,INF200KA16D8,SETFGOLD,EQ,,,,,SBI-ETF GOLD,121.80,121.80,120.12,120.52,120.30,122.35,,120.52,,,2242175,270482424.27,9822,F1,1,,,,,
2026-07-28,2026-07-28,CM,NSE,STK,10176,INF200KA1FS1,SETFNIF50,EQ,,,,,SBI-ETF NIFTY 50,258.68,258.99,257.94,258.51,258.58,258.69,,258.52,,,536865,138740181.47,5212,F1,1,,,,,
2026-07-28,2026-07-28,CM,NSE,STK,7361,INF200KA1580,SETFNIFBK,EQ,,,,,SBI-ETF NIFTY BANK,585.00,586.04,582.48,583.17,584.07,587.20,,583.17,,,68740,40152911.38,2138,F1,1,,,,,
2026-07-28,2026-07-28,CM,NSE,STK,7353,INF200KA1598,SETFNN50,EQ,,,,,SBI-ETF NIFTY NEXT 50,781.17,781.49,772.01,773.24,775.00,777.91,,773.24,,,13191,10217847.24,1268,F1,1,,,,,
2026-07-28,2026-07-28,CM,NSE,STK,19705,INF200KA13Z8,LIQUIDSBI,EQ,,,,,SBIAMC - LIQUIDSBI,999.99,1000.01,999.99,1000.00,999.99,999.99,,1000.00,,,6018,6017972.29,21,F1,1,,,,,
2026-07-28,2026-07-28,CM,NSE,STK,30290,INF200KB1712,SBIBPB,EQ,,,,,SBIAMC - SBIBPB,48.76,48.76,47.75,48.00,48.15,48.26,,48.00,,,44077,2122331.30,376,F1,1,,,,,
2026-07-28,2026-07-28,CM,NSE,STK,5168,INF200KA1X17,SBIETFCON,EQ,,,,,SBIAMC - SBIETFCON,122.62,123.99,122.48,122.81,122.88,122.62,,122.81,,,7253,890685.24,101,F1,1,,,,,
2026-07-28,2026-07-28,CM,NSE,STK,740,INF200KA1S14,SBIETFIT,EQ,,,,,SBIAMC - SBIETFIT,331.94,339.88,326.15,337.64,336.86,326.09,,337.64,,,45366,15310082.13,1222,F1,1,,,,,
2026-07-28,2026-07-28,CM,NSE,STK,722,INF200KA1S22,SBIETFPB,EQ,,,,,SBIAMC - SBIETFPB,281.18,284.90,277.72,278.52,284.90,279.71,,278.52,,,1979,552472.70,106,F1,1,,,,,
2026-07-28,2026-07-28,CM,NSE,STK,7218,INF200KA1WX6,SBIETFQLTY,EQ,,,,,SBIAMC - SBIETFQLTY,223.05,224.10,222.18,223.06,223.00,222.01,,223.06,,,1547,345820.47,44,F1,1,,,,,
2026-07-28,2026-07-28,CM,NSE,STK,758496,INF200KB1969,SBILIQETF,EQ,,,,,SBIAMC - SBILIQETF,1049.34,1049.34,1049.32,1049.32,1049.34,1049.18,,1049.32,,,152012,159509599.65,80,F1,1,,,,,
2026-07-28,2026-07-28,CM,NSE,STK,761095,INF200KB1AJ0,SBIMIDMOM,EQ,,,,,SBIAMC - SBIMIDMOM,62.74,62.79,61.65,62.14,62.39,62.16,,62.12,,,12071,750111.96,142,F1,1,,,,,
2026-07-28,2026-07-28,CM,NSE,STK,24524,INF200KB1282,SBINEQWETF,EQ,,,,,SBIAMC - SBINEQWETF,33.36,33.53,33.06,33.44,33.45,33.36,,33.44,,,9496,317677.32,234,F1,1,,,,,
2026-07-28,2026-07-28,CM,NSE,STK,761741,INF200KB1AK8,SBINMID150,EQ,,,,,SBIAMC - SBINMID150,22.95,23.25,22.91,22.98,23.06,22.95,,22.98,,,4108,94566.83,93,F1,1,,,,,
2026-07-28,2026-07-28,CM,NSE,STK,24366,INF200KB1217,SBISILVER,EQ,,,,,SBIAMC - SBISILVER,216.30,216.30,211.13,211.43,211.52,218.31,,211.43,,,1105939,234646518.41,8651,F1,1,,,,,
2026-07-28,2026-07-28,CM,NSE,STK,763543,INF200KB1AY9,SBISMLETF,EQ,,,,,SBIAMC - SBISMLETF,18.02,18.05,17.69,17.83,17.85,17.85,,17.83,,,44778,796572.97,153,F1,1,,,,,
2026-07-28,2026-07-28,CM,NSE,STK,763546,INF200KB1AX1,SBIVALETF,EQ,,,,,SBIAMC - SBIVALETF,14.82,14.89,14.80,14.85,14.85,14.89,,14.85,,,3090,45874.91,30,F1,1,,,,,
2026-07-28,2026-07-28,CM,NSE,STK,17395,INF200KA1JT1,SETF10GILT,EQ,,,,,SBIAMC - SETF10GILT,266.50,267.48,264.16,266.55,267.15,266.50,,266.55,,,768,204948.39,31,F1,1,,,,,
2026-07-28,2026-07-28,CM,NSE,STK,762884,INE099G01011,SCANSTL,EQ,,,,,SCAN STEELS LTD.,48.28,52.00,47.53,50.51,50.00,48.27,,50.52,,,374679,19027176.98,2774,F1,1,,,,,
2026-07-28,2026-07-28,CM,NSE,STK,1011,INE513A01022,SCHAEFFLER,EQ,,,,,SCHAEFFLER INDIA LIMITED,4185.00,4188.80,4082.00,4144.60,4147.30,4185.50,,4144.60,,,66949,275179396.90,10152,F1,1,,,,,
2026-07-28,2026-07-28,CM,NSE,STK,31234,INE839M01018,SCHNEIDER,EQ,,,,,SCHNEIDER ELECTRIC INFRA,1348.00,1355.50,1305.20,1332.70,1335.00,1352.00,,1332.70,,,181482,240870195.90,14195,F1,1,,,,,
2026-07-28,2026-07-28,CM,NSE,STK,757464,INE148I07XP9,925SCL2028,N8,,,,,SCL 9.25% 2028 SR IV,1000.00,1000.00,1000.00,1000.00,1000.00,1000.00,,1000.00,,,40,40000.00,1,F1,1,,,,,
2026-07-28,2026-07-28,CM,NSE,STK,30220,INE148I07WH8,925SCL27B,N1,,,,,SCL 9.25% SR II,997.81,997.81,997.81,997.81,997.81,997.00,,997.81,,,76,75833.56,2,F1,1,,,,,
2026-07-28,2026-07-28,CM,NSE,STK,757478,INE090501011,SCODATUBES,EQ,,,,,SCODA TUBES LIMITED,147.73,151.50,146.00,146.80,147.67,147.73,,146.81,,,179542,26618860.13,2880,F1,1,,,,,
2026-07-28,2026-07-28,CM,NSE,STK,19487,IN1020230505,767AP38,SG,,,,,SDL AP 7.67% 2038,99.75,99.75,99.75,99.75,99.75,95.00,,99.75,,,500,49875.00,1,F1,100,,,,,
2026-07-28,2026-07-28,CM,NSE,STK,22694,IN3520230142,743CG29,SG,,,,,SDL CG 7.43% 2029,93.00,93.00,93.00,93.00,93.00,96.90,,93.00,,,400,37200.00,1,F1,100,,,,,
2026-07-28,2026-07-28,CM,NSE,STK,757109,IN1520250037,669GJ34,SG,,,,,SDL GJ 6.69% 2034,93.60,93.60,93.60,93.60,93.60,93.28,,93.60,,,100,9360.00,1,F1,100,,,,,
2026-07-28,2026-07-28,CM,NSE,STK,5232,IN2220210206,71MH36,SG,,,,,SDL MH 7.1% 2036,96.25,96.25,96.25,96.25,96.25,101.25,,96.25,,,100,9625.00,1,F1,100,,,,,
2026-07-28,2026-07-28,CM,NSE,STK,15503,IN3120230021,739TN33,SG,,,,,SDL TN 7.39% 2033,99.72,99.72,99.72,99.72,99.72,95.00,,99.72,,,15000,1495800.00,1,F1,100,,,,,
2026-07-28,2026-07-28,CM,NSE,STK,20643,INE027E07972,935LTF29,N5,,,,,SE RE NCD 9.35% SR.V OP2,1075.10,1075.50,1075.10,1075.26,1075.50,1095.00,,1075.26,,,20,21505.20,8,F1,1,,,,,
2026-07-28,2026-07-28,CM,NSE,STK,2616,INE497B01018,SEAMECLTD,EQ,,,,,SEAMEC LIMITED,1411.20,1449.00,1403.50,1438.80,1438.00,1411.20,,1438.80,,,31576,45351018.20,2927,F1,1,,,,,
2026-07-28,2026-07-28,CM,NSE,STK,7674,INE477L07AS8,IIFLHF29,NE,,,,,SEC RE NCD 0% SR.VIII,1495.00,1499.11,1382.00,1447.01,1499.11,1447.04,,1447.01,,,99,142897.55,11,F1,1,,,,,
2026-07-28,2026-07-28,CM,NSE,STK,20771,INE413U07277,10ISFL26,N3,,,,,SEC RE NCD 10% SR 4,1064.35,1064.45,1064.35,1064.45,1064.45,1041.80,,1064.45,,,200,212878.50,5,F1,1,,,,,
2026-07-28,2026-07-28,CM,NSE,STK,20779,INE413U07269,1003ISFL28,N4,,,,,SEC RE NCD 10.03% SR 5,1015.00,1015.00,1006.00,1010.00,1010.00,1015.00,,1010.00,,,44,44424.00,6,F1,1,,,,,
2026-07-28,2026-07-28,CM,NSE,STK,15253,INE244L07523,890SFIL23A,NZ,,,,,SEC RE NCD 10.03% SR.VIII,430.00,430.00,420.00,420.00,420.00,430.00,,420.00,,,97,41210.00,10,F1,1,,,,,
2026-07-28,2026-07-28,CM,NSE,STK,21016,INE148I07RS5,925SCL28B,YC,,,,,SEC RE NCD 10.15% SR VII,1053.53,1053.53,1053.53,1053.53,1053.53,1040.00,,1053.53,,,97,102192.41,1,F1,1,,,,,
2026-07-28,2026-07-28,CM,NSE,STK,23323,INE148I07SQ7,1025SCL34,Z8,,,,,SEC RE NCD 10.25% SR XII,1040.00,1040.00,1040.00,1040.00,1040.00,1040.00,,1040.00,,,100,104000.00,1,F1,1,,,,,
2026-07-28,2026-07-28,CM,NSE,STK,21056,INE148I07RZ0,835SCL23B,YM,,,,,SEC RE NCD 10.25% SR XII,1016.00,1016.00,1016.00,1016.00,1016.00,1016.00,,1016.00,,,5,5080.00,1,F1,1,,,,,
2026-07-28,2026-07-28,CM,NSE,STK,15249,INE244L07556,1003SFIL28,NX,,,,,SEC RE NCD 10.50% SR.VII,519.00,519.00,519.00,519.00,519.00,519.00,,519.00,,,2,1038.00,2,F1,1,,,,,
2026-07-28,2026-07-28,CM,NSE,STK,23123,INE342T07460,1065NFL27,NC,,,,,SEC RE NCD 10.65% SR.IV,1011.05,1011.05,1011.05,1011.05,1011.05,1011.05,,1011.03,,,10,10110.50,2,F1,1,,,,,
2026-07-28,2026-07-28,CM,NSE,STK,21042,INE148I07RW7,1075SCL33,YK,,,,,SEC RE NCD 10.75% SR XI,1085.20,1085.20,1085.20,1085.20,1085.20,1086.15,,1085.20,,,25,27130.00,1,F1,1,,,,,
2026-07-28,2026-07-28,CM,NSE,STK,11658,INE0H7R07017,79NHIT35,N1,,,,,SEC RE NCD 7.90% STRPP A,309.05,309.05,309.05,309.05,309.05,311.61,,309.05,,,3,927.15,1,F1,1,,,,,
2026-07-28,2026-07-28,CM,NSE,STK,11669,INE0H7R07033,79NHIT47,N3,,,,,SEC RE NCD 7.90% STRPP C,419.00,419.91,419.00,419.91,419.91,414.14,,419.46,,,200,83927.40,2,F1,1,,,,,
2026-07-28,2026-07-28,CM,NSE,STK,3464,INE219X07264,82IGT31,NJ,,,,,SEC RE NCD 8.20% SR.V,1028.00,1028.00,1028.00,1028.00,1028.00,1023.51,,1028.00,,,300,308400.00,4,F1,1,,,,,
2026-07-28,2026-07-28,CM,NSE,STK,17958,INE121A07RE9,84CIFCL28,NA,,,,,SEC RE NCD 8.40% SR 5,1030.00,1030.00,1030.00,1030.00,1030.00,1080.00,,1030.00,,,50,51500.00,1,F1,1,,,,,
2026-07-28,2026-07-28,CM,NSE,STK,6197,INE530B07161,842IIFL26,NL,,,,,SEC RE NCD 8.42% SR.V,996.50,997.00,996.50,997.00,997.00,996.00,,997.00,,,772,769309.00,9,F1,1,,,,,
2026-07-28,2026-07-28,CM,NSE,STK,7668,INE477L07AQ2,843IHFL29,NC,,,,,SEC RE NCD 8.43% SR.VI,976.00,976.00,976.00,976.00,976.00,975.00,,976.00,,,1,976.00,1,F1,1,,,,,
2026-07-28,2026-07-28,CM,NSE,STK,13852,INE530B07310,865IIFL28,NS,,,,,SEC RE NCD 8.65% SR.V,991.51,991.51,988.00,989.63,989.60,990.00,,989.63,,,3427,3390319.86,44,F1,1,,,,,
2026-07-28,2026-07-28,CM,NSE,STK,7671,INE477L07AR0,875IHFL29,ND,,,,,SEC RE NCD 8.75% SR.VII,1022.20,1022.20,1022.20,1022.20,1022.20,1030.00,,1022.20,,,65,66443.00,1,F1,1,,,,,
2026-07-28,2026-07-28,CM,NSE,STK,9277,INE148I07LV2,889SCL27,YT,,,,,SEC RE NCD 8.89% SR.VIII,997.00,997.00,997.00,997.00,997.00,990.00,,997.00,,,25,24925.00,1,F1,1,,,,,
2026-07-28,2026-07-28,CM,NSE,STK,23706,INE338I07164,897MOFSL29,N4,,,,,SEC RE NCD 8.97% SR V,1035.00,1035.00,1019.00,1020.00,1020.00,1045.00,,1020.00,,,500,509916.00,17,F1,1,,,,,
2026-07-28,2026-07-28,CM,NSE,STK,13854,INE530B07260,9IIFL28A,NT,,,,,SEC RE NCD 9% SR.VI,1038.40,1044.75,1038.40,1044.75,1044.75,1038.90,,1044.75,,,3,3121.55,2,F1,1,,,,,
2026-07-28,2026-07-28,CM,NSE,STK,5855,INE148I07KN1,889SCL26,NS,,,,,SEC RE NCD 9.25% SR.VII,1079.55,1079.55,1079.55,1079.55,1079.55,1071.84,,1079.55,,,70,75568.50,1,F1,1,,,,,
2026-07-28,2026-07-28,CM,NSE,STK,7769,INE148I07LC2,925SCFL27,YA,,,,,SEC RE NCD 9.25% SR.VII,1042.60,1042.60,1042.60,1042.60,1042.60,1041.74,,1042.60,,,395,411827.00,6,F1,1,,,,,
2026-07-28,2026-07-28,CM,NSE,STK,9262,INE148I07LT6,925SCL27,YR,,,,,SEC RE NCD 9.25% SR.VII,1020.35,1020.35,1020.35,1020.35,1020.35,1020.35,,1020.35,,,8,8162.80,1,F1,1,,,,,
2026-07-28,2026-07-28,CM,NSE,STK,23710,INE338I07115,93MOFSL34,N6,,,,,SEC RE NCD 9.30% SR VII,1140.50,1140.50,1140.10,1140.10,1140.10,1032.00,,1113.55,,,200,228060.00,2,F1,1,,,,,
2026-07-28,2026-07-28,CM,NSE,STK,13497,INE148I07ND6,965SCL25C,N0,,,,,SEC RE NCD 9.39% SR.VIII,443.25,443.25,443.25,443.25,443.25,450.00,,443.25,,,2,886.50,1,F1,1,,,,,
2026-07-28,2026-07-28,CM,NSE,STK,25552,INE148I07UC3,948SCL27D,N1,,,,,SEC RE NCD 9.48% SR V,960.00,960.00,960.00,960.00,960.00,1040.00,,960.00,,,2,1920.00,1,F1,1,,,,,
2026-07-28,2026-07-28,CM,NSE,STK,25294,INE423A07336,956AEL29,N6,,,,,SEC RE NCD 9.56% SR VI,1021.03,1021.03,1021.01,1021.01,1021.01,1020.00,,1023.51,,,20,20420.30,2,F1,1,,,,,
2026-07-28,2026-07-28,CM,NSE,STK,18487,INE741K07579,970CAGL28,ND,,,,,SEC RE NCD 9.70% SR VII,1030.00,1030.00,1030.00,1030.00,1030.00,1021.00,,1030.00,,,175,180250.00,4,F1,1,,,,,
2026-07-28,2026-07-28,CM,NSE,STK,25548,INE148I07UE9,990SCL27B,N1,,,,,SEC RE NCD 9.90% SR IV,1091.20,1091.20,1091.20,1091.20,1091.20,1061.20,,1091.20,,,13,14185.60,2,F1,1,,,,,
2026-07-28,2026-07-28,CM,NSE,STK,17952,INE121A07RD1,CIFC26A,N9,,,,,SEC RE NCD SR 4,1261.90,1261.90,1261.90,1261.90,1261.90,1260.00,,1261.90,,,5,6309.50,1,F1,1,,,,,
2026-07-28,2026-07-28,CM,NSE,STK,23704,INE338I07099,0MOFSL27,N3,,,,,SEC RE NCD SR IV,1213.61,1213.61,1213.61,1213.61,1213.61,1211.94,,1213.61,,,2,2427.22,1,F1,1,,,,,
2026-07-28,2026-07-28,CM,NSE,STK,7975,INE804IA7014,1015ECL29,NR,,,,,SEC RED NCD 10.15% SR. VI,1021.00,1021.00,1021.00,1021.00,1021.00,1019.73,,1020.85,,,200,204200.00,4,F1,1,,,,,
2026-07-28,2026-07-28,CM,NSE,STK,7986,INE804IA7022,1060ECL29,NS,,,,,SEC RED NCD 10.6% SR. VII,1051.00,1051.00,1051.00,1051.00,1051.00,1069.95,,1051.00,,,100,105100.00,1,F1,1,,,,,
2026-07-28,2026-07-28,CM,NSE,STK,16870,INE033L07GS6,81TCHF28,N8,,,,,SEC RED NCD 8.10% SR.IV,1014.70,1014.70,1005.25,1005.86,1010.00,1015.00,,1005.87,,,934,940549.20,32,F1,1,,,,,
2026-07-28,2026-07-28,CM,NSE,STK,18628,INE148I07GL3,9SCL26BA,NA,,,,,SEC RED NCD 9.0% SR. VI,1070.20,1070.20,1070.00,1070.02,1070.00,1074.00,,1070.02,,,53,56711.10,8,F1,1,,,,,
2026-07-28,2026-07-28,CM,NSE,STK,8625,INE721A07ON4,957ICCL25,YW,,,,,SEC RED NCD 9.30% SR. II,1050.00,1050.00,1049.90,1050.00,1050.00,1050.00,,1050.00,,,201,211044.60,3,F1,1,,,,,
2026-07-28,2026-07-28,CM,NSE,STK,1001,INE721A07NX5,94SFL28,YL,,,,,SEC RED NCD 9.40% SR. V,1041.20,1041.20,1041.20,1041.20,1041.20,1041.00,,1041.43,,,35,36442.00,1,F1,1,,,,,
2026-07-28,2026-07-28,CM,NSE,STK,4288,INE804I078Y8,943ECL28,NJ,,,,,SEC RED NCD 9.43% SR. VI,1000.00,1001.00,998.11,1001.00,1001.00,1000.00,,1001.00,,,2194,2192218.91,24,F1,1,,,,,
2026-07-28,2026-07-28,CM,NSE,STK,12933,INE721A07PE0,97SFL26,Z9,,,,,SEC RED NCD 9.7% SR.VII,1087.00,1087.00,1087.00,1087.00,1087.00,1088.00,,1087.00,,,786,854382.00,13,F1,1,,,,,
2026-07-28,2026-07-28,CM,NSE,STK,4292,INE804I079Y6,985ECL28,NK,,,,,SEC RED NCD 9.85% SR. VII,1004.99,1004.99,1000.70,1000.70,1000.70,1000.00,,1000.35,,,51,51250.20,3,F1,1,,,,,
2026-07-28,2026-07-28,CM,NSE,STK,12941,INE721A07PH3,SFLZC26A,ZC,,,,,SEC RED NCD SR.X,1885.11,1890.00,1885.11,1890.00,1890.00,1888.00,,1890.00,,,91,171985.11,5,F1,1,,,,,
2026-07-28,2026-07-28,CM,NSE,STK,19496,INE0BTM01013,SECMARK,EQ,,,,,SECMARK CONSULTANCY LTD,130.00,130.00,122.40,123.77,123.52,125.10,,123.77,,,7464,931357.97,68,F1,1,,,,,
2026-07-28,2026-07-28,CM,NSE,STK,11058,INE650K01021,SECURKLOUD,EQ,,,,,SECUREKLOUD TECH LIMITED,17.93,18.00,17.57,17.92,17.99,17.51,,17.92,,,3928,69831.41,50,F1,1,,,,,
2026-07-28,2026-07-28,CM,NSE,STK,761153,INE00XB01019,SEDEMAC,EQ,,,,,SEDEMAC MECHATRONICS LTD,2778.30,2815.40,2675.80,2705.40,2720.00,2778.30,,2705.50,,,113774,309786771.10,13580,F1,1,,,,,
2026-07-28,2026-07-28,CM,NSE,STK,7094,INE955I01044,SEJALLTD,BE,,,,,SEJAL GLASS LIMITED,774.90,778.75,740.00,762.35,762.00,772.45,,762.35,,,10922,8302727.85,156,F1,1,,,,,
2026-07-28,2026-07-28,CM,NSE,STK,6262,INE105I01020,SELMC,EQ,,,,,SEL MANUFACTURING CO LTD,28.23,28.60,27.24,27.41,27.69,27.68,,27.41,,,5921,163076.36,106,F1,1,,,,,
2026-07-28,2026-07-28,CM,NSE,STK,11964,INE617A01013,SEMAC,BE,,,,,SEMAC CONSTRUCTION LTD,321.50,321.50,321.50,321.50,321.50,319.95,,321.50,,,3,964.50,1,F1,1,,,,,
2026-07-28,2026-07-28,CM,NSE,STK,17271,INE602W01027,SENCO,EQ,,,,,SENCO GOLD LIMITED,420.90,420.90,408.20,418.65,419.00,417.95,,418.65,,,3081645,1282747980.85,52278,F1,1,,,,,
2026-07-28,2026-07-28,CM,NSE,STK,28888,INE0RB801010,SENORES,EQ,,,,,SENORES PHARMACEUTICALS L,1408.30,1414.80,1287.90,1323.90,1325.00,1412.00,,1324.00,,,1164703,1541390120.50,61863,F1,1,,,,,
2026-07-28,2026-07-28,CM,NSE,STK,15308,INE964H01014,SEPC,EQ,,,,,SEPC LIMITED,6.05,6.05,5.78,5.87,5.86,6.06,,5.87,,,11845860,70204551.91,8545,F1,1,,,,,
2026-07-28,2026-07-28,CM,NSE,STK,20715,INE027E07BC8,865LTF26,NN,,,,,SERENCD 8.65% SR.VI OP12,1055.00,1055.00,1053.00,1055.00,1055.00,1050.00,,1055.00,,,29,30587.00,4,F1,1,,,,,
2026-07-28,2026-07-28,CM,NSE,STK,20687,INE027E07AL1,905LTF27,NF,,,,,SERENCD 9.05% SR.VI OPII,1034.99,1035.00,1028.20,1030.02,1028.20,1035.00,,1030.02,,,448,462707.75,12,F1,1,,,,,
2026-07-28,2026-07-28,CM,NSE,STK,21197,INE306N07LM5,865TCAPS27,N8,,,,,SERENCD8.65%SR.IIICIII&IV,1099.99,1099.99,1089.00,1089.00,1089.00,1089.00,,1088.41,,,35,38360.67,4,F1,1,,,,,
2026-07-28,2026-07-28,CM,NSE,STK,17399,INE0P1Q01015,SERVICE,SM,,,,,SERVICE CARE LIMITED,61.05,61.05,60.00,60.90,60.90,61.80,,60.90,,,22000,1335300.00,9,F1,2000,,,,,
2026-07-28,2026-07-28,CM,NSE,STK,5507,INE782X01033,SERVOTECH,EQ,,,,,SERVOTECH REN POW SYS LTD,95.60,95.60,92.85,93.05,93.10,95.60,,93.05,,,531491,49657072.27,4730,F1,1,,,,,
2026-07-28,2026-07-28,CM,NSE,STK,759934,INE04VU01023,STYL,EQ,,,,,SESHAASAI TECHNOLOGIES L,359.40,362.00,342.05,343.35,342.30,359.40,,343.35,,,118453,41413403.20,4271,F1,1,,,,,
2026-07-28,2026-07-28,CM,NSE,STK,3066,INE630A01024,SESHAPAPER,EQ,,,,,SESHASAYEE PAPER & BOARDS,238.01,239.07,232.00,235.28,235.80,237.29,,235.26,,,115093,27096977.18,2960,F1,1,,,,,
2026-07-28,2026-07-28,CM,NSE,STK,17518,INE878E01021,SETCO,BE,,,,,SETCO AUTOMOTIVE LTD,17.99,17.99,17.81,17.90,17.90,18.00,,18.64,,,27921,499538.13,52,F1,1,,,,,
2026-07-28,2026-07-28,CM,NSE,STK,18024,INE023M01027,SETUINFRA,BZ,,,,,SETUBANDHAN INFRA LTD,0.43,0.43,0.41,0.43,0.43,0.43,,0.43,,,28454,12192.68,38,F1,1,,,,,
2026-07-28,2026-07-28,CM,NSE,STK,10836,INE573R01012,SEYAIND,BE,,,,,SEYA INDUSTRIES LIMITED,12.20,12.42,12.00,12.42,12.42,12.18,,12.41,,,2112,25983.42,24,F1,1,,,,,
2026-07-28,2026-07-28,CM,NSE,STK,758853,INE618R01015,SGFIN,EQ,,,,,SG FINSERVE LIMITED,692.00,700.00,666.15,673.55,672.85,688.10,,673.55,,,329353,221909555.10,9877,F1,1,,,,,
2026-07-28,2026-07-28,CM,NSE,STK,758889,INE385F01024,SGMART,EQ,,,,,SG MART LIMITED,715.15,724.35,709.05,711.55,713.00,720.65,,711.55,,,169131,121073396.15,8702,F1,1,,,,,
2026-07-28,2026-07-28,CM,NSE,STK,761469,INE12UN01015,SHADOWFAX,EQ,,,,,SHADOWFAX TECHNOLOGIES L,211.40,211.47,202.72,207.52,209.00,209.60,,207.52,,,8208103,1697357997.78,124348,F1,1,,,,,
2026-07-28,2026-07-28,CM,NSE,STK,11856,INE640C01011,SHAHALLOYS,EQ,,,,,SHAH ALLOYS LIMITED,66.50,67.79,66.00,66.03,66.00,66.33,,66.03,,,663,44074.37,15,F1,1,,,,,
2026-07-28,2026-07-28,CM,NSE,STK,20296,INE482J01021,SHAH,EQ,,,,,SHAH METACORP LIMITED,4.51,4.58,4.07,4.10,4.12,4.56,,4.10,,,13422373,56745827.43,4039,F1,1,,,,,
2026-07-28,2026-07-28,CM,NSE,STK,8727,INE151G01028,SHAILY,EQ,,,,,SHAILY ENG PLASTICS LTD,3049.90,3069.10,2975.10,3051.80,3041.00,3049.70,,3051.70,,,191372,579420473.90,19946,F1,1,,,,,
2026-07-28,2026-07-28,CM,NSE,STK,25574,INE908D01010,SHAKTIPUMP,EQ,,,,,SHAKTI PUMPS (I) LTD,530.50,534.80,513.00,518.85,518.00,529.50,,518.90,,,663486,345746728.65,24276,F1,1,,,,,
2026-07-28,2026-07-28,CM,NSE,STK,714,INE597J01018,SHALBY,EQ,,,,,SHALBY LIMITED,164.00,167.60,160.20,161.14,160.35,163.48,,161.15,,,39398,6380446.27,1042,F1,1,,,,,
2026-07-28,2026-07-28,CM,NSE,STK,761688,INE861D01011,SAHLIBHFI,EQ,,,,,SHALIBHADRA FINANCE LTD,78.20,79.80,77.00,79.78,79.78,78.20,,79.78,,,7532,599922.47,31,F1,1,,,,,
2026-07-28,2026-07-28,CM,NSE,STK,15342,INE849C01026,SHALPAINTS,EQ,,,,,SHALIM PAINTS LTD,70.29,72.45,66.40,67.70,66.80,69.57,,67.69,,,322386,22457102.41,2404,F1,1,,,,,
2026-07-28,2026-07-28,CM,NSE,STK,25737,INE01NE01012,SRD,EQ,,,,,SHANKAR LAL RAMPAL LTD,37.63,37.80,37.01,37.23,37.35,37.63,,37.24,,,5558,207774.77,80,F1,1,,,,,
2026-07-28,2026-07-28,CM,NSE,STK,20321,INE274V01019,SHANKARA,EQ,,,,,SHANKARA BLDG PRODUCT LTD,140.87,143.00,138.72,141.33,141.60,140.87,,141.33,,,63932,9036892.03,749,F1,1,,,,,
2026-07-28,2026-07-28,CM,NSE,STK,760594,INE24OJ01011,BUILDPRO,EQ,,,,,SHANKARA BUILDPRO LIMITED,1205.30,1274.00,1175.60,1192.50,1187.00,1219.30,,1192.60,,,49655,60571285.50,4311,F1,1,,,,,
2026-07-28,2026-07-28,CM,NSE,STK,19752,INE0Q9Q01017,SHANTHALA,SM,,,,,SHANTHALA FMCG PRODUCTS L,18.00,18.00,18.00,18.00,18.00,18.00,,18.00,,,1200,21600.00,1,F1,1200,,,,,
2026-07-28,2026-07-28,CM,NSE,STK,3078,INE631A01022,SHANTIGEAR,EQ,,,,,SHANTHI GEARS LTD,419.00,420.60,415.50,419.95,419.80,416.60,,419.95,,,57083,23964827.15,674,F1,1,,,,,
2026-07-28,2026-07-28,CM,NSE,STK,762889,INE440T01028,SEIL,EQ,,,,,SHANTI EDU INITIATIVES L,205.00,205.00,200.34,200.76,200.35,205.10,,200.74,,,84074,17011772.11,920,F1,1,,,,,
2026-07-28,2026-07-28,CM,NSE,STK,758002,INE06ZD01017,SHANTIGOLD,EQ,,,,,SHANTI GOLD INTERNATION L,220.00,220.00,215.00,216.09,215.99,216.91,,216.09,,,577880,125433023.37,8167,F1,1,,,,,
2026-07-28,2026-07-28,CM,NSE,STK,5650,INE933X01016,SHANTI,EQ,,,,,SHANTI OVERSEAS INDIA LTD,7.09,7.09,6.70,6.89,6.90,6.87,,6.89,,,26040,176688.56,76,F1,1,,,,,
2026-07-28,2026-07-28,CM,NSE,STK,762904,INE220Z01013,SHINDL,EQ,,,,,SHARAT INDUSTRIES LTD.,159.99,162.49,158.00,160.42,161.95,158.97,,160.34,,,138187,21978706.73,904,F1,1,,,,,
2026-07-28,2026-07-28,CM,NSE,STK,4992,INE221J01015,SHARDACROP,EQ,,,,,SHARDA CROPCHEM LTD.,889.00,892.20,874.50,877.00,874.90,888.60,,876.25,,,67560,59555406.90,4293,F1,1,,,,,
2026-07-28,2026-07-28,CM,NSE,STK,10530,INE597I01028,SHARDAMOTR,EQ,,,,,SHARDA MOTOR INDS LTD,836.20,836.20,826.00,830.50,831.65,834.55,,830.50,,,11046,9169796.45,1519,F1,1,,,,,
2026-07-28,2026-07-28,CM,NSE,STK,762897,INE037B01020,SHARDUL,BE,,,,,SHARDUL SECURITIES LTD.,48.39,48.39,48.39,48.39,48.39,50.93,,48.53,,,2172,105103.08,26,F1,1,,,,,
2026-07-28,2026-07-28,CM,NSE,STK,104,INE932X01026,SHAREINDIA,EQ,,,,,SHARE IND. SECURITIES LTD,186.20,187.06,178.19,179.21,179.18,188.39,,179.23,,,783448,142538189.29,6680,F1,1,,,,,
2026-07-28,2026-07-28,CM,NSE,STK,19469,INE460Q01014,SCML,SM,,,,,SHARP CHUCKS N MACHINES L,80.00,83.55,77.00,78.50,78.50,78.85,,78.50,,,28000,2215400.00,24,F1,1000,,,,,
2026-07-28,2026-07-28,CM,NSE,STK,759410,INE0YJV01017,SHEEL,ST,,,,,SHEEL BIOTECH LIMITED,69.95,69.95,69.95,69.95,69.95,69.00,,69.95,,,2000,139900.00,1,F1,2000,,,,,
2026-07-28,2026-07-28,CM,NSE,STK,19184,INE916U01025,SFL,EQ,,,,,SHEELA FOAM LIMITED,773.00,776.10,752.75,764.75,760.00,767.20,,764.70,,,93516,71488581.55,6527,F1,1,,,,,
2026-07-28,2026-07-28,CM,NSE,STK,12072,INE501Y01019,SCPL,EQ,,,,,SHEETAL COOL PRODUCTS LTD,599.30,599.30,573.75,578.75,575.00,599.30,,578.70,,,21098,12271371.25,1781,F1,1,,,,,
2026-07-28,2026-07-28,CM,NSE,STK,20415,INE04VX01019,SHEETAL,SM,,,,,SHEETAL UNIVERSAL LIMITED,290.00,298.70,290.00,298.70,298.70,291.90,,298.70,,,4500,1311850.00,6,F1,500,,,,,
2026-07-28,2026-07-28,CM,NSE,STK,21095,INE268L01046,SHEKHAWATI,EQ,,,,,SHEKHAWATI INDUSTRIES LTD,12.88,13.18,12.11,12.60,12.89,12.63,,12.66,,,6882,86936.77,84,F1,1,,,,,
2026-07-28,2026-07-28,CM,NSE,STK,5072,INE363M01019,SHEMAROO,BE,,,,,SHEMAROO ENTER. LTD.,118.97,119.50,117.00,117.36,117.96,118.97,,117.36,,,5245,619356.02,59,F1,1,,,,,
2026-07-28,2026-07-28,CM,NSE,STK,14176,INE0MM001019,SHERA,ST,,,,,SHERA ENERGY LIMITED,169.00,169.00,164.00,165.70,165.70,172.00,,165.70,,,18000,2982050.00,18,F1,1000,,,,,
2026-07-28,2026-07-28,CM,NSE,STK,8394,INE03KJ01013,SHIGAN,SM,,,,,SHIGAN QUANTUM TECH LTD,64.80,65.50,64.80,65.50,65.50,62.55,,65.50,,,4500,292950.00,3,F1,1500,,,,,
2026-07-28,2026-07-28,CM,NSE,STK,759847,INE024F01011,SHILCTECH,EQ,,,,,SHILCHAR TECHNOLOGIES LTD,4407.10,4453.00,4340.00,4423.70,4404.10,4407.10,,4423.10,,,15797,69717243.50,4082,F1,1,,,,,
2026-07-28,2026-07-28,CM,NSE,STK,17752,INE790G01031,SHILPAMED,EQ,,,,,SHILPA MEDICARE LTD,625.00,625.25,600.55,605.20,604.15,620.60,,605.20,,,434497,264088875.10,16356,F1,1,,,,,
2026-07-28,2026-07-28,CM,NSE,STK,23127,INE0PB301013,SCILAL,EQ,,,,,SHIPPING CORP OF ILA LTD,42.75,42.75,41.32,41.47,41.50,42.15,,41.47,,,190509,7924324.35,1068,F1,1,,,,,
2026-07-28,2026-07-28,CM,NSE,STK,3048,INE109A01011,SCI,EQ,,,,,SHIPPING CORP OF INDIA LT,285.00,285.50,277.50,278.90,278.00,283.80,,278.90,,,1467397,410866404.05,19864,F1,1,,,,,
2026-07-28,2026-07-28,CM,NSE,STK,759747,INE719F01016,SHIVAUM,EQ,,,,,SHIV AUM STEELS LIMITED,400.00,427.15,385.00,427.15,427.15,388.35,,427.15,,,19308,8150580.10,67,F1,1,,,,,
2026-07-28,2026-07-28,CM,NSE,STK,1503,INE644Y01017,SHIVAMILLS,BE,,,,,SHIVA MILLS LIMITED,58.00,61.85,56.60,60.05,60.05,59.55,,60.05,,,1119,68495.27,22,F1,1,,,,,
2026-07-28,2026-07-28,CM,NSE,STK,804,INE705C01020,SHIVATEX,EQ,,,,,SHIVA TEXYARN LIMITED,158.18,160.00,151.51,152.63,151.62,154.75,,152.63,,,3074,475193.87,84,F1,1,,,,,
2026-07-28,2026-07-28,CM,NSE,STK,24249,INE0T7B01010,SPCL,SM,,,,,SHIVALIC POWER CONTROL L,70.20,70.20,67.60,68.15,68.00,69.80,,68.15,,,19200,1312170.00,32,F1,600,,,,,
2026-07-28,2026-07-28,CM,NSE,STK,4656,INE386D01027,SBCL,EQ,,,,,SHIVALIK BIMETAL CON. LTD,742.25,746.85,719.00,729.70,734.50,742.25,,729.70,,,130967,95069425.55,6488,F1,1,,,,,
2026-07-28,2026-07-28,CM,NSE,STK,7026,INE788J01021,SHIVALIK,BE,,,,,SHIVALIK RASAYAN LIMITED,264.85,275.00,255.00,257.48,259.99,264.18,,257.48,,,33413,8776995.67,404,F1,1,,,,,
2026-07-28,2026-07-28,CM,NSE,STK,13757,INE637H01024,SHIVAMAUTO,BE,,,,,SHIVAM AUTO.LTD,17.74,17.74,17.74,17.74,17.74,17.40,,18.00,,,20211,358543.14,17,F1,1,,,,,
2026-07-28,2026-07-28,CM,NSE,STK,758744,INE1DLF01018,SHIVASHRIT,SM,,,,,SHIVASHRIT FOODS LIMITED,122.15,125.50,120.00,123.45,123.45,125.00,,123.45,,,23000,2840800.00,19,F1,1000,,,,,
2026-07-28,2026-07-28,CM,NSE,STK,11813,INE498B01024,SHOPERSTOP,EQ,,,,,SHOPPERS STOP LIMITED,385.85,392.85,380.55,384.15,384.00,385.85,,384.15,,,18279,7027433.10,1305,F1,1,,,,,
2026-07-28,2026-07-28,CM,NSE,STK,708,INE715Y01031,SHRADHA,EQ,,,,,SHRADHA REALTY LIMITED,34.75,34.90,33.70,34.47,34.41,34.86,,34.47,,,20991,725768.79,116,F1,1,,,,,
2026-07-28,2026-07-28,CM,NSE,STK,10588,INE712K01011,SHREEPUSHK,EQ,,,,,SHRE PUSH CHEM & FERT LTD,386.70,395.60,382.00,393.90,395.00,388.15,,393.90,,,20003,7793485.65,1012,F1,1,,,,,
2026-07-28,2026-07-28,CM,NSE,STK,762874,INE185C01017,SAPPL,EQ,,,,,SHREE AJIT PULP & PAPER L,299.10,299.15,299.10,299.10,299.10,299.10,,299.10,,,35,10469.25,7,F1,1,,,,,
2026-07-28,2026-07-28,CM,NSE,STK,3103,INE070A01015,SHREECEM,EQ,,,,,SHREE CEMENT LIMITED,26755.00,27050.00,26680.00,26875.00,26700.00,26860.00,,26875.00,,,15715,422511360.00,7821,F1,1,,,,,
2026-07-28,2026-07-28,CM,NSE,STK,3099,INE232A01011,SHREDIGCEM,EQ,,,,,SHREE DIGVIJAY CEM CO LTD,73.00,73.99,72.75,73.33,73.73,73.18,,73.31,,,99647,7324626.28,747,F1,1,,,,,
2026-07-28,2026-07-28,CM,NSE,STK,20603,INE02S501018,SHREEOSFM,SM,,,,,SHREE OSFM E-MOBILITY LTD,58.75,58.75,57.10,57.10,57.10,60.50,,57.10,,,5000,290450.00,3,F1,1000,,,,,
2026-07-28,2026-07-28,CM,NSE,STK,760188,INE19GK01015,SRTL,EQ,,,,,SHREE RAM TWISTEX LIMITED,40.87,40.87,39.80,40.07,39.99,40.87,,40.04,,,35726,1438004.13,453,F1,1,,,,,
2026-07-28,2026-07-28,CM,NSE,STK,7627,INE879A01019,SHREERAMA,EQ,,,,,SHREE RAMA MULTI TECH LTD,39.75,40.95,37.62,38.05,38.00,39.80,,38.05,,,102008,3940814.03,1207,F1,1,,,,,
2026-07-28,2026-07-28,CM,NSE,STK,13565,INE278B01020,RAMANEWS,EQ,,,,,SHREE RAMA NEWSPRINT LTD,28.53,29.40,28.52,28.77,28.87,28.52,,28.81,,,8191,236587.22,139,F1,1,,,,,
2026-07-28,2026-07-28,CM,NSE,STK,12026,INE087H01022,RENUKA,EQ,,,,,SHREE RENUKA SUGARS LTD,21.93,21.93,21.60,21.64,21.66,21.86,,21.64,,,1865205,40490752.78,5033,F1,1,,,,,
2026-07-28,2026-07-28,CM,NSE,STK,25203,INE0S2G01011,BALAJEE,EQ,,,,,SHREE TIRUPATI BALAJEE L,27.13,27.13,26.00,26.65,26.95,27.13,,26.67,,,19493,523456.34,217,F1,1,,,,,
2026-07-28,2026-07-28,CM,NSE,STK,15126,INE00CE01017,SVLL,BE,,,,,SHREE VASU LOGISTICS LTD,757.50,769.00,757.50,760.00,760.00,758.00,,760.00,,,2063,1573022.60,13,F1,1,,,,,
2026-07-28,2026-07-28,CM,NSE,STK,762112,INE0K3301012,SHREEDHAR,SM,,,,,SHREEDHAR SPINNERS LTD,80.00,89.25,76.00,89.00,89.00,85.00,,89.00,,,230000,18465000.00,83,F1,2000,,,,,
2026-07-28,2026-07-28,CM,NSE,STK,759805,INE1FL101016,SHETHJI,ST,,,,,SHREEJI GLOBAL FMCG LTD,151.05,152.50,150.00,151.55,152.50,150.05,,151.55,,,18000,2711650.00,15,F1,1000,,,,,
2026-07-28,2026-07-28,CM,NSE,STK,759448,INE1B6101010,SHREEJISPG,EQ,,,,,SHREEJI SHIPPING GLOBAL L,632.80,637.20,614.50,615.85,616.00,631.25,,615.85,,,447409,279996895.40,6220,F1,1,,,,,
2026-07-28,2026-07-28,CM,NSE,STK,14305,INE00IK01029,OSWALSEEDS,EQ,,,,,SHREEOSWAL S AND CHE LTD,10.24,10.80,10.05,10.43,10.40,10.10,,10.43,,,55798,572472.00,198,F1,1,,,,,
2026-07-28,2026-07-28,CM,NSE,STK,760252,INE632X01030,SHRENIK,BZ,,,,,SHRENIK LIMITED,0.34,0.34,0.32,0.33,0.33,0.33,,0.33,,,747907,247806.30,208,F1,1,,,,,
2026-07-28,2026-07-28,CM,NSE,STK,3126,INE231C01019,SHREYANIND,EQ,,,,,SHREYANS INDUSTRIES LTD,141.00,145.50,141.00,141.53,141.11,143.00,,141.53,,,5323,762387.02,155,F1,1,,,,,
2026-07-28,2026-07-28,CM,NSE,STK,756409,INE0DM401012,SHRIAHIMSA,ST,,,,,SHRI AHIMSA NATURALS LTD,380.00,385.00,377.10,377.10,377.10,385.00,,377.10,,,6600,2519460.00,11,F1,600,,,,,
2026-07-28,2026-07-28,CM,NSE,STK,762899,INE402H01015,SHBAJRG,EQ,,,,,SHRI BAJRANG ALLIANCE L,184.26,184.89,179.20,184.40,182.05,182.44,,183.33,,,2008,364880.81,92,F1,1,,,,,
2026-07-28,2026-07-28,CM,NSE,STK,758568,INE0NON01025,SHKSIL,SM,,,,,SHRI HARE-KRI SPO IRON L,37.95,40.25,36.95,40.25,40.25,40.00,,40.25,,,28000,1047700.00,14,F1,2000,,,,,
2026-07-28,2026-07-28,CM,NSE,STK,760202,INE1V4601019,SHRIKANHA,SM,,,,,SHRI KANHA STAINLESS LTD,22.25,23.00,22.25,23.00,23.00,23.00,,23.00,,,4800,108000.00,3,F1,1600,,,,,
2026-07-28,2026-07-28,CM,NSE,STK,762909,INE997I01012,SHRIKRISH,EQ,,,,,SHRI KRISHNA DEVCON LTD.,40.98,41.00,39.50,40.12,40.50,39.47,,40.25,,,691,27972.01,18,F1,1,,,,,
2026-07-28,2026-07-28,CM,NSE,STK,759093,INE1B3L01017,SHRINGARMS,EQ,,,,,SHRINGAR HOU OF MANGALS L,220.90,221.86,216.41,219.70,219.75,220.18,,219.73,,,465689,102078623.38,3616,F1,1,,,,,
2026-07-28,2026-07-28,CM,NSE,STK,24374,INF680P01422,LIQUIDSHRI,EQ,,,,,SHRIRAM - LIQUIDSHRI,1114.83,1114.85,1114.83,1114.84,1114.85,1114.68,,1114.84,,,7672,8553058.07,23,F1,1,,,,,
2026-07-28,2026-07-28,CM,NSE,STK,4306,INE721A01047,SHRIRAMFIN,EQ,,,,,SHRIRAM FINANCE LIMITED,1045.00,1049.90,1036.40,1040.90,1044.90,1038.20,,1040.90,,,7160194,7476438978.50,103120,F1,1,,,,,
2026-07-28,2026-07-28,CM,NSE,STK,7200,INE217L01019,SHRIRAMPPS,EQ,,,,,SHRIRAM PROPERTIES LTD,85.48,88.15,84.00,86.96,87.25,85.49,,86.96,,,586425,50594799.73,4779,F1,1,,,,,
2026-07-28,2026-07-28,CM,NSE,STK,6451,INE01Z401013,SHUBHLAXMI,SM,,,,,SHUBHLAXMI JEWEL ART LTD,19.50,19.50,19.50,19.50,19.50,20.50,,19.50,,,11000,214500.00,3,F1,1000,,,,,
2026-07-28,2026-07-28,CM,NSE,STK,10192,INE979R01011,SHYAMCENT,BE,,,,,SHYAM CENTURY FERROUS LTD,5.20,5.25,4.96,5.07,4.96,5.22,,5.07,,,48150,246101.36,145,F1,1,,,,,
2026-07-28,2026-07-28,CM,NSE,STK,4693,INE810G01011,SHYAMMETL,EQ,,,,,SHYAM METALICS AND ENGY L,1044.90,1044.90,1019.90,1027.00,1020.45,1035.10,,1026.95,,,112640,115888400.60,9876,F1,1,,,,,
2026-07-28,2026-07-28,CM,NSE,STK,13741,INE635A01023,SHYAMTEL,BE,,,,,SHYAM TELECOM LIMITED,15.93,16.00,15.93,16.00,16.00,16.01,,16.08,,,474,7582.74,8,F1,1,,,,,
2026-07-28,2026-07-28,CM,NSE,STK,16875,INE176J01011,SICAGEN,EQ,,,,,SICAGEN INDIA LIMITED,50.94,51.74,47.50,49.31,49.15,50.94,,49.23,,,14744,733892.71,109,F1,1,,,,,
2026-07-28,2026-07-28,CM,NSE,STK,19434,INE075B01020,SICALLOG,EQ,,,,,SICAL LOGISTICS LIMITED,105.00,107.01,100.06,107.01,107.01,101.92,,107.03,,,73288,7708211.60,603,F1,1,,,,,
2026-07-28,2026-07-28,CM,NSE,STK,759053,INE0SVO01019,SIDDHICOTS,SM,,,,,SIDDHI COTSPIN LIMITED,28.40,28.55,28.40,28.40,28.40,28.55,,28.40,,,10800,307380.00,7,F1,1200,,,,,
2026-07-28,2026-07-28,CM,NSE,STK,756871,INE1NPP01017,ENRIN,EQ,,,,,SIEMENS ENERGY INDIA LTD,3265.00,3265.00,3126.00,3180.90,3180.00,3264.60,,3181.00,,,429092,1365943725.70,47765,F1,1,,,,,
2026-07-28,2026-07-28,CM,NSE,STK,3150,INE003A01024,SIEMENS,EQ,,,,,SIEMENS LTD,3700.00,3712.90,3620.00,3681.00,3684.00,3718.00,,3681.00,,,337464,1233204392.90,22811,F1,1,,,,,
2026-07-28,2026-07-28,CM,NSE,STK,6664,INE0D0K01022,SIGACHI,BE,,,,,SIGACHI INDUSTRIES LTD,25.43,25.55,25.43,25.43,25.43,25.94,,25.42,,,519833,13251760.03,522,F1,1,,,,,
2026-07-28,2026-07-28,CM,NSE,STK,14797,INE933B01012,SIGMAADV,BE,,,,,SIGMA ADVANCED SYSTEM LTD,576.60,576.60,576.60,576.60,576.60,549.15,,576.35,,,61609,35523749.40,651,F1,1,,,,,
2026-07-28,2026-07-28,CM,NSE,STK,16658,INE0A0S01028,SIGMA,EQ,,,,,SIGMA SOLVE LIMITED,37.93,38.45,37.20,37.55,37.30,37.93,,37.49,,,37681,1421454.23,531,F1,1,,,,,
2026-07-28,2026-07-28,CM,NSE,STK,18743,INE903U01023,SIGNATURE,EQ,,,,,SIGNATUREGLOBAL INDIA LTD,791.00,811.55,791.00,800.30,798.00,790.80,,800.40,,,348592,279735405.35,17475,F1,1,,,,,
2026-07-28,2026-07-28,CM,NSE,STK,4522,INE529F01035,SIGIND,EQ,,,,,SIGNET INDUSTRIES LIMITED,45.75,46.71,45.00,45.78,45.99,45.78,,45.89,,,4475,204458.19,56,F1,1,,,,,
2026-07-28,2026-07-28,CM,NSE,STK,22656,INE0KGZ01021,SIGNPOST,EQ,,,,,SIGNPOST INDIA LIMITED,305.85,317.70,302.10,304.80,302.50,305.65,,304.80,,,107809,33111824.00,2682,F1,1,,,,,
2026-07-28,2026-07-28,CM,NSE,STK,762914,INE438E01032,SIKA,EQ,,,,,SIKA INTERPLANT SYSTEMS L,1122.00,1149.20,1100.70,1120.80,1117.30,1123.50,,1118.50,,,19917,22256811.10,2124,F1,1,,,,,
2026-07-28,2026-07-28,CM,NSE,STK,6218,INE112X01025,SIKKO,EQ,,,,,SIKKO INDUSTRIES LIMITED,5.25,5.40,5.00,5.02,5.10,5.02,,5.02,,,980724,4990416.43,1152,F1,1,,,,,
2026-07-28,2026-07-28,CM,NSE,STK,4105,INE923A01015,SILINV,EQ,,,,,SIL INVESTMENTS LIMITED,415.50,420.60,410.10,414.25,414.20,416.80,,414.25,,,1185,490895.40,46,F1,1,,,,,
2026-07-28,2026-07-28,CM,NSE,STK,2492,INE01II01013,SILGO,EQ,,,,,SILGO RETAIL LIMITED,73.79,74.68,69.00,71.93,69.00,74.31,,71.93,,,125523,9202279.15,1223,F1,1,,,,,
2026-07-28,2026-07-28,CM,NSE,STK,23739,INE0STN01015,SILKFLEX,ST,,,,,SILKFLEX POLYMERS INDIA L,206.95,207.00,195.00,205.15,207.00,197.90,,205.15,,,13000,2645150.00,13,F1,1000,,,,,
2026-07-28,2026-07-28,CM,NSE,STK,757679,INE0SN801015,SILKY,SM,,,,,SILKY OVERSEAS LIMITED,77.80,77.80,71.00,75.00,75.00,70.95,,75.00,,,6400,467120.00,8,F1,800,,,,,
2026-07-28,2026-07-28,CM,NSE,STK,19097,INE203Y01012,SILLYMONKS,EQ,,,,,SILLY MONKS ENTERTAIN LTD,16.79,16.80,16.11,16.60,16.80,16.60,,16.60,,,6294,105008.81,57,F1,1,,,,,
2026-07-28,2026-07-28,CM,NSE,STK,9422,INE625X01026,SILVERTUC,EQ,,,,,SILVER TOUCH TECHNO LTD,203.90,209.80,201.63,204.66,204.80,202.42,,204.68,,,342455,70237907.23,5929,F1,1,,,,,
2026-07-28,2026-07-28,CM,NSE,STK,758836,INE748T01016,SIMBHALS,BZ,,,,,SIMBHAOLI SUGARS LTD.,6.73,6.79,6.60,6.61,6.71,6.85,,6.61,,,7410,49409.09,39,F1,1,,,,,
2026-07-28,2026-07-28,CM,NSE,STK,763375,INE1K4J01018,SIMCA,SM,,,,,SIMCA ADVERTISING LIMITED,206.00,220.00,206.00,217.95,218.05,208.55,,217.95,,,138600,29775300.00,148,F1,600,,,,,
2026-07-28,2026-07-28,CM,NSE,STK,3162,INE059B01024,SIMPLEXINF,EQ,,,,,SIMPLEX INFRASTRUCTURES L,235.00,237.95,233.90,235.90,234.00,237.95,,235.90,,,15450,3643826.50,517,F1,1,,,,,
2026-07-28,2026-07-28,CM,NSE,STK,23480,INE985A01022,SINCLAIR,EQ,,,,,SINCLAIRS HOTELS LIMITED,74.00,74.69,73.12,73.58,73.52,73.65,,73.59,,,14075,1038356.33,254,F1,1,,,,,
2026-07-28,2026-07-28,CM,NSE,STK,16859,INE325D01025,SINDHUTRAD,EQ,,,,,SINDHU TRADE LINKS LTD,24.82,25.40,24.78,25.05,24.87,24.81,,25.04,,,565711,14197129.07,1313,F1,1,,,,,
2026-07-28,2026-07-28,CM,NSE,STK,761420,INE638A01035,SINGERIND,EQ,,,,,SINGER INDIA LIMITED,66.80,66.80,65.00,65.31,65.15,66.47,,65.31,,,17908,1172634.33,502,F1,1,,,,,
2026-07-28,2026-07-28,CM,NSE,STK,381,INE129Z01016,SINTERCOM,EQ,,,,,SINTERCOM INDIA LIMITED,81.00,87.00,81.00,84.50,84.50,81.37,,84.50,,,19630,1665101.24,193,F1,1,,,,,
2026-07-28,2026-07-28,CM,NSE,STK,11050,INE792Z01011,SIRCA,EQ,,,,,SIRCA PAINT INDIA LIMITED,401.20,401.90,386.05,391.30,392.00,397.75,,391.15,,,388878,152922816.85,5806,F1,1,,,,,
2026-07-28,2026-07-28,CM,NSE,STK,21501,INE285J01028,SIS,EQ,,,,,SIS LIMITED,436.55,436.55,429.05,430.50,430.50,435.40,,430.50,,,84526,36467503.95,3876,F1,1,,,,,
2026-07-28,2026-07-28,CM,NSE,STK,29210,INE965H01011,SITINET,BZ,,,,,SITI NETWORKS LIMITED,0.32,0.33,0.31,0.31,0.31,0.32,,0.31,,,874247,275956.04,141,F1,1,,,,,
2026-07-28,2026-07-28,CM,NSE,STK,14096,INE076B01028,SIYSIL,EQ,,,,,SIYARAM SILK MILLS LTD,630.00,631.90,616.00,619.60,616.05,624.70,,619.60,,,27311,17063594.10,2062,F1,1,,,,,
2026-07-28,2026-07-28,CM,NSE,STK,6643,INE284S01014,SJS,EQ,,,,,SJS ENTERPRISES LIMITED,2423.00,2439.90,2299.20,2355.60,2375.00,2419.30,,2355.60,,,207559,490846400.50,29988,F1,1,,,,,
2026-07-28,2026-07-28,CM,NSE,STK,18883,INE002L01015,SJVN,EQ,,,,,SJVN LTD,68.09,68.30,67.56,67.65,67.65,68.04,,67.65,,,1128657,76540374.53,10250,F1,1,,,,,
2026-07-28,2026-07-28,CM,NSE,STK,760101,INE2J8701016,SKFINDUS,EQ,,,,,SKF IND (INDUSTRIAL) LTD,2741.10,2745.70,2702.10,2731.80,2728.00,2714.00,,2731.80,,,8535,23343611.80,2411,F1,1,,,,,
2026-07-28,2026-07-28,CM,NSE,STK,3186,INE640A01023,SKFINDIA,EQ,,,,,SKF INDIA LTD,1481.40,1484.80,1463.60,1469.40,1473.00,1481.40,,1469.40,,,18747,27550019.60,4330,F1,1,,,,,
2026-07-28,2026-07-28,CM,NSE,STK,9428,INE439E01022,SKIPPER,EQ,,,,,SKIPPER LIMITED,520.65,520.65,503.30,505.25,506.60,520.65,,505.25,,,404879,206134926.00,13408,F1,1,,,,,
2026-07-28,2026-07-28,CM,NSE,STK,4732,INE411D01023,SKMEGGPROD,EQ,,,,,SKM EGG PROD EXPORT(I) LT,316.00,317.30,262.20,270.50,273.00,318.80,,270.55,,,2358044,656050400.55,48095,F1,1,,,,,
2026-07-28,2026-07-28,CM,NSE,STK,10325,INE0KZA01016,SKP,SM,,,,,SKP BEARING INDUSTRI. LTD,159.00,160.90,159.00,160.90,160.90,159.00,,160.90,,,1000,159950.00,2,F1,500,,,,,
2026-07-28,2026-07-28,CM,NSE,STK,13631,INE01IU01018,SKYGOLD,EQ,,,,,SKY GOLD AND DIAMONDS LTD,671.95,680.00,665.00,668.50,668.60,671.65,,668.50,,,392375,263246261.75,14047,F1,1,,,,,
2026-07-28,2026-07-28,CM,NSE,STK,23692,INE0SMA01017,SLONE,ST,,,,,SLONE INFOSYSTEMS LIMITED,128.00,134.00,126.00,126.00,126.00,128.30,,126.00,,,4800,626960.00,11,F1,400,,,,,
2026-07-28,2026-07-28,CM,NSE,STK,757622,INE14GK01016,SMARTEN,ST,,,,,SMARTEN POWER SYSTEMS LTD,56.50,58.90,55.05,57.60,58.90,57.80,,57.60,,,7200,411780.00,6,F1,1200,,,,,
2026-07-28,2026-07-28,CM,NSE,STK,9893,INE178C01020,SMARTLINK,BE,,,,,SMARTLINK HOLDINGS LTD,211.00,215.00,201.05,209.52,208.00,210.60,,209.65,,,2502,523694.38,57,F1,1,,,,,
2026-07-28,2026-07-28,CM,NSE,STK,757965,INE0NAZ01010,SMARTWORKS,EQ,,,,,SMARTWORKS COWORKING SP L,491.95,495.00,476.40,478.95,477.00,485.00,,478.95,,,264954,128447944.45,7691,F1,1,,,,,
2026-07-28,2026-07-28,CM,NSE,STK,760219,INE05NX24031,8SMC30,N2,,,,,SMC 8% 2030 STRPP B,509.90,509.90,509.90,509.90,509.90,510.00,,509.90,,,12,6118.80,1,F1,1,,,,,
2026-07-28,2026-07-28,CM,NSE,STK,2320,INE103C01036,SMCGLOBAL,EQ,,,,,SMC GLOBAL SECURITIES LTD,75.16,80.90,75.01,79.87,80.21,76.31,,79.85,,,1051131,82767084.27,5473,F1,1,,,,,
2026-07-28,2026-07-28,CM,NSE,STK,3387,INE294B01019,SMLMAH,EQ,,,,,SML MAHINDRA LIMITED,3907.70,3910.00,3771.30,3805.00,3810.00,3903.80,,3805.00,,,65705,250841061.90,6583,F1,1,,,,,
2026-07-28,2026-07-28,CM,NSE,STK,14329,INE812G01025,SMSPHARMA,EQ,,,,,SMS PHARMACEUTICALS LTD.,391.90,391.90,379.30,380.75,380.80,391.90,,380.75,,,102761,39322846.20,3170,F1,1,,,,,
2026-07-28,2026-07-28,CM,NSE,STK,758946,INE1OIC01018,SNEHAA,SM,,,,,SNEHAA ORGANICS LIMITED,48.90,48.90,48.90,48.90,48.90,47.50,,48.90,,,1000,48900.00,1,F1,1000,,,,,
2026-07-28,2026-07-28,CM,NSE,STK,4843,INE734N01019,SNOWMAN,EQ,,,,,SNOWMAN LOGISTICS LTD.,36.30,36.98,35.96,36.06,35.98,36.35,,36.06,,,52869,1912130.13,1150,F1,1,,,,,
2026-07-28,2026-07-28,CM,NSE,STK,13826,INE671H01015,SOBHA,EQ,,,,,SOBHA LIMITED,1361.00,1371.20,1340.00,1344.40,1347.00,1361.20,,1344.40,,,113072,152574942.30,11611,F1,1,,,,,
2026-07-28,2026-07-28,CM,NSE,STK,8268,INE728Z01015,SOFTTECH,BE,,,,,SOFTTECH ENGINEERS LTD,411.80,413.60,411.80,413.60,413.60,415.00,,413.60,,,1367,564939.20,10,F1,1,,,,,
2026-07-28,2026-07-28,CM,NSE,STK,13332,INE343H01029,SOLARINDS,EQ,,,,,SOLAR INDUSTRIES (I) LTD,18628.00,18684.00,18103.00,18244.00,18243.00,18628.00,,18244.00,,,103577,1889704915.00,27414,F1,1,,,,,
2026-07-28,2026-07-28,CM,NSE,STK,3672,INE624Z01016,SOLARA,EQ,,,,,SOLARA ACTIVE PHA SCI LTD,504.35,509.00,495.20,507.00,507.95,505.00,,507.00,,,193855,97330634.35,6638,F1,1,,,,,
2026-07-28,2026-07-28,CM,NSE,STK,759929,INE0TY101024,SOLARWORLD,EQ,,,,,SOLARWORLD ENERGY SOL LTD,199.80,200.79,195.20,198.12,198.40,200.50,,198.16,,,73667,14530226.91,1984,F1,1,,,,,
2026-07-28,2026-07-28,CM,NSE,STK,759397,INE880Y01017,SOLEX,EQ,,,,,SOLEX ENERGY LIMITED,935.10,942.50,910.00,912.10,914.00,939.60,,912.10,,,20048,18435805.50,2018,F1,1,,,,,
2026-07-28,2026-07-28,CM,NSE,STK,1338,INE480C01038,SDBL,EQ,,,,,SOM DIST & BREW LTD,71.98,72.14,70.30,70.59,70.60,72.07,,70.61,,,460644,32702175.86,4463,F1,1,,,,,
2026-07-28,2026-07-28,CM,NSE,STK,4201,INE314C01013,SOMATEX,EQ,,,,,SOMA TEXTILES & INDUST LT,100.57,100.57,95.05,96.25,96.00,99.53,,96.25,,,18154,1765536.88,530,F1,1,,,,,
2026-07-28,2026-07-28,CM,NSE,STK,3880,INE355A01028,SOMANYCERA,EQ,,,,,SOMANY CERAMICS LIMITED,488.65,493.45,476.10,479.30,477.40,491.85,,479.30,,,47627,23052997.05,3216,F1,1,,,,,
2026-07-28,2026-07-28,CM,NSE,STK,17794,INE323J01019,SOMICONVEY,EQ,,,,,SOMI CONVEYOR BELT. LTD.,96.10,98.58,96.10,96.96,97.00,97.22,,97.02,,,4651,451845.88,131,F1,1,,,,,
2026-07-28,2026-07-28,CM,NSE,STK,4684,INE073K01018,SONACOMS,EQ,,,,,SONA BLW PRECISION FRGS L,722.00,723.75,707.00,713.00,712.30,720.90,,713.00,,,1889106,1345410394.25,33801,F1,1,,,,,
2026-07-28,2026-07-28,CM,NSE,STK,23052,INE0Q6H01012,SONAMAC,SM,,,,,SONA MACHINERY LIMITED,35.20,35.25,35.20,35.25,35.25,35.25,,35.25,,,2000,70450.00,2,F1,1000,,,,,
2026-07-28,2026-07-28,CM,NSE,STK,762919,INE321M01017,SONAL,EQ,,,,,SONAL MERCANTILE LTD.,90.08,90.08,88.28,88.28,88.28,90.08,,90.76,,,17,1527.76,3,F1,1,,,,,
2026-07-28,2026-07-28,CM,NSE,STK,8806,INE00LM01029,SONAMLTD,EQ,,,,,SONAM LIMITED,56.91,56.99,54.40,55.67,56.10,55.99,,55.67,,,12604,700617.89,347,F1,1,,,,,
2026-07-28,2026-07-28,CM,NSE,STK,6596,INE269A01021,SONATSOFTW,EQ,,,,,SONATA SOFTWARE LTD,294.25,307.00,294.25,297.65,299.10,293.35,,297.65,,,2644423,799399386.45,40017,F1,1,,,,,
2026-07-28,2026-07-28,CM,NSE,STK,9463,INE0JZA01018,SONUINFRA,ST,,,,,SONU INFRATECH LIMITED,40.85,40.85,40.85,40.85,40.85,43.00,,40.85,,,6000,245100.00,3,F1,1500,,,,,
2026-07-28,2026-07-28,CM,NSE,STK,9678,INE980Y01015,SOUTHWEST,EQ,,,,,SOUTH WEST PINNACLE LTD,235.00,235.57,224.76,226.61,226.58,235.31,,226.65,,,107757,24542289.84,3259,F1,1,,,,,
2026-07-28,2026-07-28,CM,NSE,STK,8521,INE0JW501011,SPRL,SM,,,,,SP REFRACTORIES LIMITED,93.00,93.00,93.00,93.00,93.00,93.00,,93.00,,,800,74400.00,1,F1,800,,,,,
2026-07-28,2026-07-28,CM,NSE,STK,19372,INE970N01027,SPCENET,EQ,,,,,SPACENET ENTERS IND LTD,3.49,3.49,3.32,3.33,3.32,3.44,,3.33,,,774838,2602192.24,666,F1,1,,,,,
2026-07-28,2026-07-28,CM,NSE,STK,758420,IN9572J01019,SSFLPP,E1,,,,,SPANDANA RS.5 PPD UP,141.40,146.00,141.00,141.45,141.40,145.00,,141.45,,,2202,311597.20,34,F1,1,,,,,
2026-07-28,2026-07-28,CM,NSE,STK,11435,INE572J01011,SPANDANA,EQ,,,,,SPANDANA SPHOORTY FIN LTD,274.00,274.00,265.00,266.95,266.00,266.00,,266.95,,,188750,50587653.05,5315,F1,1,,,,,
2026-07-28,2026-07-28,CM,NSE,STK,760138,INE1CW901027,SPEB,ST,,,,,SPEB ADHESIVES LIMITED,83.00,83.10,83.00,83.10,83.10,85.90,,83.10,,,4000,332200.00,2,F1,2000,,,,,
2026-07-28,2026-07-28,CM,NSE,STK,27107,INE247M01014,SPECIALITY,EQ,,,,,SPECIALITY REST LTD,130.20,134.00,128.62,133.81,132.50,132.03,,133.77,,,25785,3392599.09,928,F1,1,,,,,
2026-07-28,2026-07-28,CM,NSE,STK,30455,INE01EO01010,SPECTRUM,EQ,,,,,SPECTRUM ELECTRIC IND LTD,2203.10,2460.00,2185.00,2357.30,2346.00,2203.10,,2357.30,,,264970,632763982.20,21894,F1,1,,,,,
2026-07-28,2026-07-28,CM,NSE,STK,16876,INE0OL001018,SPECTSTM,SM,,,,,SPECTRUM TALENT MGMT LTD,67.70,69.50,67.00,68.00,68.00,63.20,,68.00,,,9600,656440.00,8,F1,800,,,,,
2026-07-28,2026-07-28,CM,NSE,STK,8163,INE020801028,SPENCERS,EQ,,,,,SPENCER S RETAIL LIMITED,33.62,33.62,32.21,32.86,32.97,33.46,,32.86,,,51646,1696752.76,564,F1,1,,,,,
2026-07-28,2026-07-28,CM,NSE,STK,3252,INE147A01011,SPIC,EQ,,,,,SPIC LTD,66.09,66.64,65.31,65.55,65.37,66.15,,65.55,,,153744,10131224.09,1749,F1,1,,,,,
2026-07-28,2026-07-28,CM,NSE,STK,11935,INE978G01016,SPLIL,EQ,,,,,SPL INDUSTRIES LIMITED,31.01,31.16,30.30,30.47,30.95,30.92,,30.47,,,2296,70981.24,43,F1,1,,,,,
2026-07-28,2026-07-28,CM,NSE,STK,3321,INE937A01023,SPMLINFRA,EQ,,,,,SPML INFRA LIMITED,197.25,199.34,193.10,194.00,194.11,198.57,,194.01,,,118148,23155036.86,2382,F1,1,,,,,
2026-07-28,2026-07-28,CM,NSE,STK,10733,INE885H01029,SPORTKING,EQ,,,,,SPORTKING INDIA LIMITED,216.49,217.15,208.55,214.98,215.25,215.56,,214.97,,,175680,37572045.77,4783,F1,1,,,,,
2026-07-28,2026-07-28,CM,NSE,STK,17186,INE526E01018,SHRIPISTON,EQ,,,,,SPR AUTO TECHNOLOGIES LTD,4231.00,4288.10,4200.00,4270.30,4250.00,4241.80,,4270.40,,,48623,206450376.80,9798,F1,1,,,,,
2026-07-28,2026-07-28,CM,NSE,STK,757865,INE19QH01010,SPUNWEB,SM,,,,,SPUNWEB NONWOVEN LIMITED,102.55,102.55,100.00,100.00,100.00,102.15,,100.00,,,6000,603480.00,5,F1,1200,,,,,
2026-07-28,2026-07-28,CM,NSE,STK,14582,INE917H01012,SRHHYPOLTD,EQ,,,,,SREE RAYALSEEMA HHP LTD.,490.80,493.90,480.20,483.00,487.95,487.10,,482.95,,,4437,2149395.20,312,F1,1,,,,,
2026-07-28,2026-07-28,CM,NSE,STK,31837,INE099F01013,SREEL,EQ,,,,,SREELEATHERS LIMITED,225.00,225.00,215.35,216.33,217.50,222.71,,216.35,,,6460,1408546.29,267,F1,1,,,,,
2026-07-28,2026-07-28,CM,NSE,STK,3273,INE647A01010,SRF,EQ,,,,,SRF LTD,2656.60,2659.20,2611.00,2633.40,2640.80,2636.50,,2633.50,,,336758,884624400.30,30840,F1,1,,,,,
2026-07-28,2026-07-28,CM,NSE,STK,18119,INE559N01010,SRGHFL,EQ,,,,,SRG HOUSING FINANCE L,312.95,317.10,303.10,311.60,314.50,309.10,,311.60,,,22049,6884097.00,175,F1,1,,,,,
2026-07-28,2026-07-28,CM,NSE,STK,7457,INE293B01029,HAVISHA,EQ,,,,,SRI HAVISHA HOSP & INFR L,1.24,1.27,1.21,1.23,1.23,1.21,,1.25,,,40945,50767.89,85,F1,1,,,,,
2026-07-28,2026-07-28,CM,NSE,STK,758145,INE0V9Q01010,LOTUSDEV,EQ,,,,,SRI LOTUS DEVLPRS N RTY L,188.05,191.89,186.55,188.88,188.65,187.95,,188.88,,,8127965,1545858594.27,16556,F1,1,,,,,
2026-07-28,2026-07-28,CM,NSE,STK,761393,INE0TPJ01019,SPCON,SM,,,,,SRINIBAS PRADHAN CONST L,127.10,127.10,126.50,127.10,127.10,134.00,,127.10,,,6000,761460.00,5,F1,1200,,,,,
2026-07-28,2026-07-28,CM,NSE,STK,18059,INE0ON201012,SSFL,ST,,,,,SRIVARI SPICES N FOODS L,260.00,267.00,254.80,254.90,254.80,260.00,,254.90,,,8000,2072325.00,15,F1,500,,,,,
2026-07-28,2026-07-28,CM,NSE,STK,14416,INE0NPI01014,SRIVASAVI,ST,,,,,SRIVASAVI ADHESIVE TAPE L,86.10,86.30,86.10,86.25,86.25,82.20,,86.25,,,9000,776250.00,7,F1,1000,,,,,
2026-07-28,2026-07-28,CM,NSE,STK,23402,INE0R6Z01013,SRM,EQ,,,,,SRM CONTRACTORS LIMITED,511.90,513.50,500.55,506.15,506.60,509.55,,505.90,,,30671,15458688.15,1569,F1,1,,,,,
2026-07-28,2026-07-28,CM,NSE,STK,29204,INE0RYC01010,STALLION,EQ,,,,,STALLION IND FLUOROCHEM L,256.80,257.86,246.00,249.69,246.40,255.50,,249.65,,,2102738,528916870.30,24318,F1,1,,,,,
2026-07-28,2026-07-28,CM,NSE,STK,29075,INE0M4D01010,SETL,EQ,,,,,STANDARD ENGNG TCNLGY LTD,282.80,284.00,268.70,269.70,269.90,282.80,,269.70,,,394999,107196483.50,4950,F1,1,,,,,
2026-07-28,2026-07-28,CM,NSE,STK,11297,INE173A01025,SIL,EQ,,,,,STANDARD INDUSTRIES LTD.,16.22,16.49,15.87,16.40,16.42,16.22,,16.40,,,15126,247133.55,164,F1,1,,,,,
2026-07-28,2026-07-28,CM,NSE,STK,24226,INE01A001028,STANLEY,EQ,,,,,STANLEY LIFESTYLES LTD,155.29,156.53,154.71,154.92,154.78,156.07,,154.92,,,46676,7259083.13,1495,F1,1,,,,,
2026-07-28,2026-07-28,CM,NSE,STK,21091,INE460H01021,STARCEMENT,EQ,,,,,STAR CEMENT LIMITED,204.05,204.31,201.75,202.01,202.69,202.83,,202.04,,,82509,16720629.25,1904,F1,1,,,,,
2026-07-28,2026-07-28,CM,NSE,STK,7083,INE575P01011,STARHEALTH,EQ,,,,,STAR HEALTH & AL INS CO L,590.60,592.05,579.05,584.00,585.60,592.05,,584.00,,,354375,206904278.75,21492,F1,1,,,,,
2026-07-28,2026-07-28,CM,NSE,STK,3291,INE733A01018,STARPAPER,EQ,,,,,STAR PAPER MILLS LTD,152.28,152.28,145.30,147.21,147.48,150.53,,147.21,,,12342,1833224.09,238,F1,1,,,,,
2026-07-28,2026-07-28,CM,NSE,STK,9305,INE992I01013,STARTECK,EQ,,,,,STARTECK FINANCE LIMITED,265.00,278.80,264.90,267.95,268.00,268.70,,267.95,,,10394,2789568.25,165,F1,1,,,,,
2026-07-28,2026-07-28,CM,NSE,STK,3045,INE062A01020,SBIN,EQ,,,,,STATE BANK OF INDIA,1018.00,1022.00,1008.30,1013.20,1014.40,1020.60,,1013.20,,,9873370,10012879318.80,181378,F1,1,,,,,
2026-07-28,2026-07-28,CM,NSE,STK,2963,INE114A01011,SAIL,EQ,,,,,STEEL AUTHORITY OF INDIA,162.62,167.30,160.02,165.85,166.00,162.62,,165.85,,,22209978,3668255674.70,143370,F1,1,,,,,
2026-07-28,2026-07-28,CM,NSE,STK,10406,INE395H01011,STEELCITY,EQ,,,,,STEEL CITY SECURITIES LTD,75.88,75.88,74.00,75.08,75.00,75.57,,75.08,,,2560,191599.13,95,F1,1,,,,,
2026-07-28,2026-07-28,CM,NSE,STK,21339,INE503B01021,STEELXIND,EQ,,,,,STEEL EXCHANGE INDIA LTD,11.69,11.75,11.10,11.20,11.20,11.58,,11.20,,,1003245,11426443.99,2133,F1,1,,,,,
2026-07-28,2026-07-28,CM,NSE,STK,11829,INE802C01033,SSWL,EQ,,,,,STEEL STRIPS WHEELS LTD.,294.20,300.20,291.00,294.92,295.00,293.95,,294.92,,,771203,227928231.56,11369,F1,1,,,,,
2026-07-28,2026-07-28,CM,NSE,STK,6803,INE124E01038,STEELCAS,EQ,,,,,STEELCAST LIMITED,310.00,312.45,298.80,300.25,300.00,311.45,,300.20,,,47683,14409139.65,2286,F1,1,,,,,
2026-07-28,2026-07-28,CM,NSE,STK,21484,INE577L01016,STEL,EQ,,,,,STEL HOLDINGS LIMITED,564.60,565.00,550.05,553.40,550.20,558.60,,552.65,,,1982,1102465.55,168,F1,1,,,,,
2026-07-28,2026-07-28,CM,NSE,STK,6188,INE334A01023,STERTOOLS,BE,,,,,STERLING TOOLS LIMITED,242.55,242.55,237.26,238.51,238.51,241.83,,238.51,,,5073,1217999.89,149,F1,1,,,,,
2026-07-28,2026-07-28,CM,NSE,STK,9313,INE089C01029,STLTECH,BE,,,,,STERLITE TECHNOLOGIES LTD,538.00,539.00,527.65,530.05,527.65,555.40,,530.10,,,2448534,1295716349.10,18632,F1,1,,,,,
2026-07-28,2026-07-28,CM,NSE,STK,13367,INE353H01010,SGL,EQ,,,,,STL GLOBAL LIMITED,9.86,10.08,9.63,9.72,9.71,9.86,,9.73,,,5393,52659.47,39,F1,1,,,,,
2026-07-28,2026-07-28,CM,NSE,STK,758978,INE1VXE01018,STLNETWORK,BE,,,,,STL NETWORKS LIMITED,25.71,25.80,24.43,24.43,24.43,25.71,,24.43,,,571169,14144219.88,1275,F1,1,,,,,
2026-07-28,2026-07-28,CM,NSE,STK,2107,INE00IN01015,STOVEKRAFT,EQ,,,,,STOVE KRAFT LIMITED,804.80,815.00,787.60,796.70,800.00,795.90,,796.70,,,134819,108130997.45,7471,F1,1,,,,,
2026-07-28,2026-07-28,CM,NSE,STK,761091,INE1XWN01017,STRIDERS,SM,,,,,STRIDERS IMPEX LIMITED,63.00,67.45,62.20,67.45,67.45,64.95,,67.45,,,4800,308240.00,3,F1,1600,,,,,
2026-07-28,2026-07-28,CM,NSE,STK,7374,INE939A01011,STAR,EQ,,,,,STRIDES PHARMA SCI LTD,1036.60,1064.00,1036.60,1041.70,1040.00,1043.00,,1041.70,,,89685,94110346.60,11438,F1,1,,,,,
2026-07-28,2026-07-28,CM,NSE,STK,12489,INE00M201021,SWSOLAR,EQ,,,,,STRLNG & WIL REN ENE LTD,209.00,209.75,205.34,206.39,207.50,208.27,,206.39,,,683500,141333639.65,6934,F1,1,,,,,
2026-07-28,2026-07-28,CM,NSE,STK,759587,INE00Q601028,STUDDS,EQ,,,,,STUDDS ACCESSORIES LTD,444.00,446.75,440.00,440.95,442.40,444.20,,440.95,,,16943,7496465.45,1022,F1,1,,,,,
2026-07-28,2026-07-28,CM,NSE,STK,758527,INE17VO01028,STUDIOLSD,SM,,,,,STUDIO LSD LIMITED,9.80,9.80,9.40,9.40,9.40,9.40,,9.40,,,4000,38400.00,2,F1,2000,,,,,
2026-07-28,2026-07-28,CM,NSE,STK,5186,INE239C01020,STYLAMIND,EQ,,,,,STYLAM INDUSTRIES LIMITED,3428.00,3565.70,3376.00,3407.30,3391.00,3415.20,,3407.30,,,98418,337682387.70,19333,F1,1,,,,,
2026-07-28,2026-07-28,CM,NSE,STK,19,INE189B01011,STYRENIX,EQ,,,,,STYRENIX PERFORMANCE LTD,2515.00,2520.00,2425.00,2441.60,2440.00,2476.00,,2442.90,,,46449,114860624.50,5917,F1,1,,,,,
2026-07-28,2026-07-28,CM,NSE,STK,760112,INE0RYR01018,SUBAHOTELS,SM,,,,,SUBA HOTELS LIMITED,111.65,111.65,107.05,107.85,107.05,108.90,,107.85,,,27600,2993940.00,23,F1,1200,,,,,
2026-07-28,2026-07-28,CM,NSE,STK,959,INE754A01055,SUBEXLTD,BE,,,,,SUBEX LTD,12.11,12.54,12.00,12.15,12.18,12.31,,12.14,,,673565,8204521.44,948,F1,1,,,,,
2026-07-28,2026-07-28,CM,NSE,STK,3324,INE287B01021,SUBROS,EQ,,,,,SUBROS LIMITED,788.00,788.00,775.10,777.15,778.00,788.00,,777.15,,,13393,10464492.65,1439,F1,1,,,,,
2026-07-28,2026-07-28,CM,NSE,STK,3327,INE659A01023,SUDARSCHEM,EQ,,,,,SUDARSHAN CHEMICAL INDS L,1056.00,1060.00,1021.15,1032.35,1029.00,1056.35,,1032.25,,,268978,278626601.10,20371,F1,1,,,,,
2026-07-28,2026-07-28,CM,NSE,STK,715,INE492A01029,SUDARCOLOR,EQ,,,,,SUDARSHAN COLORNT IND LTD,360.15,360.15,354.00,355.30,354.00,360.00,,355.20,,,4036,1440073.45,260,F1,1,,,,,
2026-07-28,2026-07-28,CM,NSE,STK,760039,INE0QPI01025,SUDEEPPHRM,EQ,,,,,SUDEEP PHARMA LIMITED,864.00,891.90,859.00,861.80,861.90,858.10,,861.80,,,325976,285518695.30,18397,F1,1,,,,,
2026-07-28,2026-07-28,CM,NSE,STK,11804,INE450E01029,SUKHJITS,EQ,,,,,SUKHJIT STARCH & CHEM LTD,168.80,172.50,165.00,170.13,170.75,168.76,,170.19,,,23368,3964520.41,567,F1,1,,,,,
2026-07-28,2026-07-28,CM,NSE,STK,13218,INE142Q01026,SULA,EQ,,,,,SULA VINEYARDS LIMITED,150.51,161.30,150.01,157.76,160.45,150.85,,157.75,,,670672,104942618.21,7724,F1,1,,,,,
2026-07-28,2026-07-28,CM,NSE,STK,20790,INE235C01036,SUMEETINDS,EQ,,,,,SUMEET IND LIMITED,25.98,25.98,25.98,25.98,25.98,27.34,,25.98,,,49103,1275695.94,141,F1,1,,,,,
2026-07-28,2026-07-28,CM,NSE,STK,11141,INE748Z01013,SUMIT,BE,,,,,SUMIT WOODS LIMITED,53.89,53.89,50.50,52.15,52.38,52.05,,52.15,,,6546,345168.80,55,F1,1,,,,,
2026-07-28,2026-07-28,CM,NSE,STK,17105,INE258G01013,SUMICHEM,EQ,,,,,SUMITOMO CHEM INDIA LTD,540.50,540.50,522.60,528.40,528.00,538.85,,528.40,,,821174,434537337.10,58416,F1,1,,,,,
2026-07-28,2026-07-28,CM,NSE,STK,21275,INE519C01017,SUMMITSEC,EQ,,,,,SUMMIT SECURITIES LTD,1510.00,1511.90,1473.10,1479.80,1477.20,1496.50,,1479.50,,,840,1248535.90,276,F1,1,,,,,
2026-07-28,2026-07-28,CM,NSE,STK,14788,INE232I01014,SPARC,EQ,,,,,SUN PHARMA ADV.RES.CO.LTD,214.88,215.06,207.41,208.96,209.20,214.91,,208.96,,,918663,192941560.80,11806,F1,1,,,,,
2026-07-28,2026-07-28,CM,NSE,STK,3351,INE044A01036,SUNPHARMA,EQ,,,,,SUN PHARMACEUTICAL IND L,1978.80,1993.00,1970.90,1976.70,1976.10,1973.70,,1976.70,,,4579529,9075722744.10,132433,F1,1,,,,,
2026-07-28,2026-07-28,CM,NSE,STK,13404,INE424H01027,SUNTV,EQ,,,,,SUN TV NETWORK LIMITED,489.00,495.70,488.00,490.45,492.00,488.70,,490.50,,,672656,329881258.35,8346,F1,1,,,,,
2026-07-28,2026-07-28,CM,NSE,STK,20956,INE0Q3R01026,SUNCLAY,EQ,,,,,SUNDARAM CLAYTON LIMITED,1418.00,1454.00,1262.00,1305.80,1286.00,1399.80,,1306.20,,,130074,172006657.90,10903,F1,1,,,,,
2026-07-28,2026-07-28,CM,NSE,STK,3339,INE660A01013,SUNDARMFIN,EQ,,,,,SUNDARAM FINANCE LTD,4416.80,4450.50,4343.10,4422.10,4425.00,4416.80,,4422.00,,,40051,176665665.80,8494,F1,1,,,,,
2026-07-28,2026-07-28,CM,NSE,STK,18931,INE108E01023,SUNDARAM,EQ,,,,,SUNDARAM MULTI PAP LTD,1.27,1.32,1.26,1.28,1.29,1.28,,1.28,,,400197,514695.80,303,F1,1,,,,,
2026-07-28,2026-07-28,CM,NSE,STK,9848,INE073D01013,SUNDRMBRAK,BE,,,,,SUNDARAMBRAKE LININGS LTD,787.50,788.00,770.00,775.95,775.85,786.00,,775.95,,,432,336590.45,27,F1,1,,,,,
2026-07-28,2026-07-28,CM,NSE,STK,3345,INE387A01021,SUNDRMFAST,EQ,,,,,SUNDRAM FASTENERS LTD,963.00,975.45,950.00,953.75,957.80,958.30,,953.75,,,44006,42388433.00,6308,F1,1,,,,,
2026-07-28,2026-07-28,CM,NSE,STK,761205,INE0CTB01014,SOCL,ST,,,,,SUNDREX OIL COMPANY LTD,25.65,26.35,25.65,26.35,26.35,27.00,,26.35,,,11200,292560.00,7,F1,1600,,,,,
2026-07-28,2026-07-28,CM,NSE,STK,1663,INE209A01019,SUNDROP,EQ,,,,,SUNDROP BRANDS LIMITED,685.00,685.00,671.60,674.00,685.00,682.55,,674.00,,,24591,16609446.60,514,F1,1,,,,,
2026-07-28,2026-07-28,CM,NSE,STK,3348,INE947A01014,SUNFLAG,EQ,,,,,SUNFLAG IRON AND STEEL CO,367.00,367.00,353.05,355.10,353.15,362.15,,355.05,,,97058,34679982.35,2704,F1,1,,,,,
2026-07-28,2026-07-28,CM,NSE,STK,18264,INE0O3O01017,SEL,SM,,,,,SUNGARNER ENERGIES LTD,260.00,260.00,255.00,257.50,260.00,264.50,,257.50,,,600,155000.00,3,F1,200,,,,,
2026-07-28,2026-07-28,CM,NSE,STK,24872,INE0U2N01013,SUNLITE,ST,,,,,SUNLITE RECYCLING IND LTD,446.00,455.00,430.00,443.75,442.00,445.70,,443.75,,,12000,5296140.00,35,F1,300,,,,,
2026-07-28,2026-07-28,CM,NSE,STK,757766,INE0SGZ01016,SUNTECH,ST,,,,,SUNTECH INFRA SOLUTIONS L,30.10,32.50,30.00,30.50,30.50,31.00,,30.50,,,19200,604160.00,11,F1,1600,,,,,
2026-07-28,2026-07-28,CM,NSE,STK,17641,INE805D01034,SUNTECK,EQ,,,,,SUNTECK REALTY LIMITED,309.95,311.65,306.00,307.05,307.75,310.75,,307.05,,,183527,56497996.00,4262,F1,1,,,,,
2026-07-28,2026-07-28,CM,NSE,STK,8931,INE662A01027,SUPERSPIN,BE,,,,,SUPER SPINNING MILLS LTD,5.72,5.72,5.71,5.71,5.71,5.61,,5.56,,,43119,246539.89,26,F1,1,,,,,
2026-07-28,2026-07-28,CM,NSE,STK,20616,INE712B01010,SUPERHOUSE,EQ,,,,,SUPERHOUSE LIMITED,160.00,160.70,157.15,157.93,157.25,157.12,,158.00,,,6449,1023860.81,115,F1,1,,,,,
2026-07-28,2026-07-28,CM,NSE,STK,11689,INE399C01030,SUPRAJIT,EQ,,,,,SUPRAJIT ENGINEERING LTD,492.00,494.50,485.00,487.15,490.00,491.40,,487.15,,,29547,14457034.35,2586,F1,1,,,,,
2026-07-28,2026-07-28,CM,NSE,STK,758997,INE319Z01021,SUPREMEENG,BZ,,,,,SUPREME ENGINEERING LTD,1.98,1.98,1.98,1.98,1.98,1.95,,1.98,,,88853,175928.94,28,F1,1,,,,,
2026-07-28,2026-07-28,CM,NSE,STK,28069,INE0U6N01014,SFML,SM,,,,,SUPREME FACILITY MGMT LTD,23.90,23.95,23.25,23.25,23.25,23.05,,23.25,,,6400,150960.00,4,F1,1600,,,,,
2026-07-28,2026-07-28,CM,NSE,STK,29439,INE822E01011,SUPREME,EQ,,,,,SUPREME HOLDIN N HOSP I L,44.61,44.70,43.10,43.72,44.00,44.58,,43.72,,,24794,1089802.73,286,F1,1,,,,,
2026-07-28,2026-07-28,CM,NSE,STK,3363,INE195A01028,SUPREMEIND,EQ,,,,,SUPREME INDUSTRIES LTD,3320.00,3492.80,3297.00,3395.40,3405.00,3338.20,,3395.40,,,704099,2395993254.20,68548,F1,1,,,,,
2026-07-28,2026-07-28,CM,NSE,STK,15002,INE550H01011,SUPREMEINF,EQ,,,,,SUPREME INFRA. LTD.,80.20,81.81,78.32,78.70,78.50,80.29,,78.70,,,31047,2464167.82,1229,F1,1,,,,,
2026-07-28,2026-07-28,CM,NSE,STK,9617,INE663A01033,SPLPETRO,EQ,,,,,SUPREME PETROCHEM LIMITED,783.00,783.80,735.25,740.40,741.00,760.90,,740.45,,,1380090,1052804782.25,47046,F1,1,,,,,
2026-07-28,2026-07-28,CM,NSE,STK,21067,INE0QHG01026,SUPREMEPWR,SM,,,,,SUPREME POWER EQUIPMENT L,209.05,212.00,202.05,203.25,202.50,209.05,,203.25,,,21000,4336575.00,36,F1,500,,,,,
2026-07-28,2026-07-28,CM,NSE,STK,7390,INE07RO01027,SUPRIYA,EQ,,,,,SUPRIYA LIFESCIENCE LTD,850.00,850.90,824.30,830.10,829.00,844.90,,830.10,,,92852,77208142.80,6276,F1,1,,,,,
2026-07-28,2026-07-28,CM,NSE,STK,20822,INE843S01025,SURAJEST,EQ,,,,,SURAJ ESTATE DEVELOPERS L,196.69,196.69,193.00,193.78,193.00,195.57,,193.80,,,10848,2115128.29,416,F1,1,,,,,
2026-07-28,2026-07-28,CM,NSE,STK,24966,INE713C01016,SURAJLTD,EQ,,,,,SURAJ LIMITED,225.00,226.66,222.97,223.43,225.15,219.13,,223.44,,,1591,355450.90,60,F1,1,,,,,
2026-07-28,2026-07-28,CM,NSE,STK,27334,INE877V01027,SURAKSHA,EQ,,,,,SURAKSHA DIAGNOSTIC LTD,252.35,252.60,248.00,248.85,248.00,249.60,,248.90,,,10898,2718484.90,901,F1,1,,,,,
2026-07-28,2026-07-28,CM,NSE,STK,21077,INE272L01022,SURANASOL,EQ,,,,,SURANA SOLAR LIMITED,28.30,28.42,26.65,26.83,26.70,27.90,,26.79,,,118981,3248806.25,1198,F1,1,,,,,
2026-07-28,2026-07-28,CM,NSE,STK,10700,INE130B01031,SURANAT&P,EQ,,,,,SURANA TELECOM AND POW LT,18.13,18.47,17.90,18.07,18.00,18.12,,18.07,,,25063,453008.68,224,F1,1,,,,,
2026-07-28,2026-07-28,CM,NSE,STK,8513,INE01ZJ01015,SURANI,SM,,,,,SURANI STEEL TUBES LTD.,93.45,95.00,93.45,95.00,95.00,93.45,,95.00,,,400,37690.00,2,F1,200,,,,,
2026-07-28,2026-07-28,CM,NSE,STK,14139,INE05ST01028,SBGLP,EQ,,,,,SURATWWALA BUS GROUP LTD,24.60,25.49,24.58,25.14,25.20,24.43,,25.14,,,14112,354653.10,49,F1,1,,,,,
2026-07-28,2026-07-28,CM,NSE,STK,3375,INE335A01020,SURYAROSNI,EQ,,,,,SURYA ROSHNI LTD,239.05,243.20,236.25,239.35,239.75,239.20,,239.30,,,232829,55884860.40,5762,F1,1,,,,,
2026-07-28,2026-07-28,CM,NSE,STK,11852,INE713B01026,SURYALAXMI,EQ,,,,,SURYALAKSHMI COT MIL LTD,58.32,58.61,57.00,57.90,58.29,56.80,,57.90,,,3886,225976.23,31,F1,1,,,,,
2026-07-28,2026-07-28,CM,NSE,STK,762924,INE132C01027,SURYALA,EQ,,,,,SURYALATA SPINNING MILL L,429.85,430.00,420.00,422.20,422.25,422.50,,422.20,,,1266,535329.80,38,F1,1,,,,,
2026-07-28,2026-07-28,CM,NSE,STK,2970,INE428Q01011,SURYODAY,EQ,,,,,SURYODAY SMALL FIN BK LTD,184.00,184.43,164.17,165.68,167.00,184.62,,165.67,,,6673624,1138803708.11,50623,F1,1,,,,,
2026-07-28,2026-07-28,CM,NSE,STK,13804,INE645H01027,SUTLEJTEX,BE,,,,,SUTLEJ TEXT & INDUS LTD,38.15,39.40,38.00,38.00,38.00,38.13,,38.00,,,16206,619846.21,64,F1,1,,,,,
2026-07-28,2026-07-28,CM,NSE,STK,11233,INE495B01038,SUVEN,EQ,,,,,SUVEN LIFE SCIENCES LTD,311.65,313.50,290.50,294.15,295.20,311.65,,294.15,,,1103601,328764238.15,23748,F1,1,,,,,
2026-07-28,2026-07-28,CM,NSE,STK,2998,INE018401013,SUVIDHAA,EQ,,,,,SUVIDHAA INFOSERVE LTD,2.42,2.55,2.42,2.50,2.49,2.41,,2.50,,,60622,151063.13,151,F1,1,,,,,
2026-07-28,2026-07-28,CM,NSE,STK,24851,INE442P01014,SUYOG,EQ,,,,,SUYOG TELEMATICS LIMITED,884.75,892.00,866.85,889.10,891.00,885.40,,889.10,,,17750,15702097.65,1263,F1,1,,,,,
2026-07-28,2026-07-28,CM,NSE,STK,12018,INE040H01021,SUZLON,EQ,,,,,SUZLON ENERGY LIMITED,53.15,53.20,47.84,48.02,47.98,53.15,,48.02,,,224762106,11167400421.77,274575,F1,1,,,,,
2026-07-28,2026-07-28,CM,NSE,STK,5023,INE308E01029,SVPGLOB,BE,,,,,SVP GLOBAL TEXTILES LTD,3.72,3.98,3.61,3.78,3.78,3.80,,3.76,,,49348,182721.46,63,F1,1,,,,,
2026-07-28,2026-07-28,CM,NSE,STK,27095,INE665A01038,SWANCORP,EQ,,,,,SWAN CORP LIMITED,311.00,317.20,308.10,309.00,308.80,312.20,,309.00,,,834383,259708911.85,15199,F1,1,,,,,
2026-07-28,2026-07-28,CM,NSE,STK,29164,INE542F01020,SWANDEF,BE,,,,,SWAN DEFENCE N HEVY IND L,2467.90,2467.90,2331.10,2408.30,2440.00,2430.70,,2408.20,,,9971,23977584.20,602,F1,1,,,,,
2026-07-28,2026-07-28,CM,NSE,STK,3384,INE277A01016,SWARAJENG,EQ,,,,,SWARAJ ENGINES LTD,3604.90,3609.00,3551.00,3558.40,3551.00,3605.40,,3558.50,,,6324,22568004.30,1204,F1,1,,,,,
2026-07-28,2026-07-28,CM,NSE,STK,8608,INE0GMR01016,SWARAJ,SM,,,,,SWARAJ SUITING LIMITED,360.00,367.50,359.95,360.95,360.00,354.40,,360.95,,,124500,45283325.00,102,F1,500,,,,,
2026-07-28,2026-07-28,CM,NSE,STK,11497,INE0DGC01025,SWASTIK,ST,,,,,SWASTIK PIPE LIMITED,19.35,19.35,19.10,19.35,19.35,19.00,,19.35,,,8400,161340.00,6,F1,1200,,,,,
2026-07-28,2026-07-28,CM,NSE,STK,11909,INE409B01013,SWELECTES,EQ,,,,,SWELECT ENERGY SYS LTD,608.45,610.00,599.85,601.90,600.00,607.85,,601.90,,,5086,3078230.85,504,F1,1,,,,,
2026-07-28,2026-07-28,CM,NSE,STK,27066,INE00H001014,SWIGGY,EQ,,,,,SWIGGY LIMITED,257.90,273.00,256.35,268.47,270.10,257.98,,268.47,,,35649183,9503295429.79,204373,F1,1,,,,,
2026-07-28,2026-07-28,CM,NSE,STK,24267,INE01IH01015,SYLVANPLY,SM,,,,,SYLVAN PLYBOARD (INDIA) L,52.30,53.70,52.30,53.70,53.70,52.35,,53.70,,,4000,212000.00,2,F1,2000,,,,,
2026-07-28,2026-07-28,CM,NSE,STK,24190,INE225D01027,SYMPHONY,EQ,,,,,SYMPHONY LIMITED,678.00,695.00,678.00,688.55,690.00,678.95,,688.55,,,63446,43567588.05,7265,F1,1,,,,,
2026-07-28,2026-07-28,CM,NSE,STK,11992,INE312C01025,SYNCOMF,EQ,,,,,SYNCOM FORMU (I) LTD,13.11,13.24,12.86,12.94,13.06,13.17,,12.94,,,866854,11311661.03,3870,F1,1,,,,,
2026-07-28,2026-07-28,CM,NSE,STK,5114,INE00QT01015,SGIL,EQ,,,,,SYNERGY GREEN IND. LTD,609.00,609.00,595.00,600.95,607.40,599.75,,600.95,,,6992,4191692.20,166,F1,1,,,,,
2026-07-28,2026-07-28,CM,NSE,STK,10243,INE398R01022,SYNGENE,EQ,,,,,SYNGENE INTERNATIONAL LTD,414.00,414.25,404.60,409.15,409.00,413.85,,409.15,,,727739,297177509.40,20249,F1,1,,,,,
2026-07-28,2026-07-28,CM,NSE,STK,17206,INE0BTR01012,SYNOPTICS,ST,,,,,SYNOPTICS TECHNOLOGIES L,74.20,74.20,74.20,74.20,74.20,78.10,,74.20,,,1200,89040.00,2,F1,600,,,,,
2026-07-28,2026-07-28,CM,NSE,STK,10793,INE0DYJ01015,SYRMA,EQ,,,,,SYRMA SGS TECHNOLOGY LTD,1317.70,1319.80,1270.50,1306.00,1308.20,1316.20,,1306.00,,,832973,1075505582.30,42050,F1,1,,,,,
2026-07-28,2026-07-28,CM,NSE,STK,14506,INE0O7R01011,SYSTANGO,SM,,,,,SYSTANGO TECHNOLOGIES LTD,217.00,220.00,212.60,218.50,219.85,214.90,,218.50,,,12000,2597580.00,26,F1,400,,,,,
2026-07-28,2026-07-28,CM,NSE,STK,759358,INE356B01024,SYSTMTXC,BE,,,,,SYSTEMATIX CORP SERVICE L,59.20,61.30,57.00,57.45,59.00,60.00,,57.45,,,5218,304041.57,115,F1,1,,,,,
2026-07-28,2026-07-28,CM,NSE,STK,14314,INE592B01024,TTL,EQ,,,,,T T LIMITED,6.27,6.39,6.11,6.16,6.15,6.27,,6.17,,,48755,303578.53,121,F1,1,,,,,
2026-07-28,2026-07-28,CM,NSE,STK,762929,INE524T01011,TAALTECH,EQ,,,,,TAAL TECH LTD.,3981.30,3989.90,3882.10,3925.10,3910.00,3975.80,,3925.00,,,1639,6433934.00,363,F1,1,,,,,
2026-07-28,2026-07-28,CM,NSE,STK,23438,INE0SOY01013,TAC,SM,,,,,TAC INFOSEC LIMITED,501.25,504.00,489.35,489.35,489.35,515.10,,489.35,,,88200,43491310.00,305,F1,200,,,,,
2026-07-28,2026-07-28,CM,NSE,STK,3396,INE123C01018,TAINWALCHM,EQ,,,,,TAINWALA CHEMICAL AND PLA,206.80,207.98,196.37,199.81,203.70,204.11,,199.82,,,4556,917720.28,152,F1,1,,,,,
2026-07-28,2026-07-28,CM,NSE,STK,9354,INE586B01026,TAJGVK,EQ,,,,,TAJ GVK HOTELS & RESORTS,358.45,365.75,356.00,360.05,361.00,360.10,,360.05,,,101439,36670890.25,3657,F1,1,,,,,
2026-07-28,2026-07-28,CM,NSE,STK,14917,INE142I01023,TAKE,EQ,,,,,TAKE SOLUTIONS LTD,20.80,20.90,20.10,20.63,20.45,20.84,,20.57,,,969429,20028821.18,876,F1,1,,,,,
2026-07-28,2026-07-28,CM,NSE,STK,13648,INE187D01029,TALBROAUTO,EQ,,,,,TALBROS AUTO. COMP. LTD,386.85,396.05,380.70,394.65,395.00,386.85,,394.60,,,123175,48145382.40,3886,F1,1,,,,,
2026-07-28,2026-07-28,CM,NSE,STK,762937,INE864J01012,TAMBOLIIN,BE,,,,,TAMBOLI INDUSTRIES LTD.,222.90,225.00,211.55,218.00,218.00,215.10,,218.00,,,37477,8082322.95,77,F1,1,,,,,
2026-07-28,2026-07-28,CM,NSE,STK,10945,INE668A01016,TMB,EQ,,,,,TAMILNAD MERCA BANK LTD,900.00,908.80,857.60,880.80,876.65,893.65,,880.90,,,2559460,2254205693.80,79339,F1,1,,,,,
2026-07-28,2026-07-28,CM,NSE,STK,3980,INE107A01015,TNPL,EQ,,,,,TAMILNADU NEWSPRT & PAPER,156.00,157.56,150.45,150.84,150.99,156.04,,150.84,,,262857,40378839.23,3662,F1,1,,,,,
2026-07-28,2026-07-28,CM,NSE,STK,3509,INE148A01019,TNPETRO,EQ,,,,,TAMILNADU PETROPRODUCTS L,94.23,97.05,93.46,93.88,93.49,94.14,,93.89,,,74248,7047848.17,1457,F1,1,,,,,
2026-07-28,2026-07-28,CM,NSE,STK,3512,INE141D01018,TNTELE,EQ,,,,,TAMILNADU TELECOMMUNICATI,9.25,9.55,9.02,9.20,9.15,9.09,,9.29,,,34826,322949.27,184,F1,1,,,,,
2026-07-28,2026-07-28,CM,NSE,STK,13976,INE483C01032,TANLA,EQ,,,,,TANLA PLATFORMS LIMITED,588.45,609.80,582.25,597.50,597.90,587.10,,597.50,,,1602858,962121889.25,37186,F1,1,,,,,
2026-07-28,2026-07-28,CM,NSE,STK,23512,INE555Z01020,TARACHAND,EQ,,,,,TARA CHAND INFRA SOLN LTD,54.60,55.48,53.30,54.19,55.48,54.60,,54.19,,,53255,2883311.50,1425,F1,1,,,,,
2026-07-28,2026-07-28,CM,NSE,STK,18827,INE747K01017,TARAPUR,EQ,,,,,TARAPUR TRANSFORMERS LTD,17.53,18.10,17.01,17.12,17.19,17.74,,17.12,,,39277,680197.50,216,F1,1,,,,,
2026-07-28,2026-07-28,CM,NSE,STK,1581,INE0EK901012,TARC,EQ,,,,,TARC LIMITED,133.30,134.46,130.25,130.88,130.33,132.93,,130.88,,,295849,39200224.97,3111,F1,1,,,,,
2026-07-28,2026-07-28,CM,NSE,STK,14771,INE924H01018,TARMAT,EQ,,,,,TARMAT LIMITED,51.50,51.50,50.30,50.42,50.30,50.44,,50.43,,,1985,100104.26,64,F1,1,,,,,
2026-07-28,2026-07-28,CM,NSE,STK,6943,INE144Z01023,TARSONS,EQ,,,,,TARSONS PRODUCTS LIMITED,323.95,325.00,306.45,310.95,312.30,320.90,,310.95,,,80119,24971794.70,3014,F1,1,,,,,
2026-07-28,2026-07-28,CM,NSE,STK,20092,INE488B01017,TASTYBITE,EQ,,,,,TASTY BITE EATABLES LTD,8918.00,9088.00,8841.00,9018.00,9075.00,8873.50,,9018.00,,,2339,20989147.00,745,F1,1,,,,,
2026-07-28,2026-07-28,CM,NSE,STK,759265,INE976I01016,TATACAP,EQ,,,,,TATA CAPITAL LIMITED,353.00,357.95,348.45,354.95,355.10,350.55,,354.95,,,2217141,784852974.95,36437,F1,1,,,,,
2026-07-28,2026-07-28,CM,NSE,STK,3405,INE092A01019,TATACHEM,EQ,,,,,TATA CHEMICALS LTD,689.25,695.00,670.00,674.30,672.80,698.90,,674.35,,,1062773,721885505.55,32528,F1,1,,,,,
2026-07-28,2026-07-28,CM,NSE,STK,3721,INE151A01013,TATACOMM,EQ,,,,,TATA COMMUNICATIONS LTD,1735.20,1784.20,1727.80,1764.50,1752.00,1735.20,,1764.50,,,427084,753156222.30,35576,F1,1,,,,,
2026-07-28,2026-07-28,CM,NSE,STK,11536,INE467B01029,TCS,EQ,,,,,TATA CONSULTANCY SERV LT,2325.00,2417.40,2323.00,2398.00,2398.00,2295.60,,2398.00,,,8248513,19711786830.00,256167,F1,1,,,,,
2026-07-28,2026-07-28,CM,NSE,STK,3432,INE192A01025,TATACONSUM,EQ,,,,,TATA CONSUMER PRODUCT LTD,1108.00,1115.90,1078.20,1082.10,1087.00,1107.40,,1082.10,,,1500024,1634537555.00,49024,F1,1,,,,,
2026-07-28,2026-07-28,CM,NSE,STK,3411,INE670A01012,TATAELXSI,EQ,,,,,TATA ELXSI LIMITED,3560.60,3629.90,3560.60,3581.80,3577.00,3554.40,,3581.80,,,685420,2467947472.40,48164,F1,1,,,,,
2026-07-28,2026-07-28,CM,NSE,STK,1621,INE672A01026,TATAINVEST,EQ,,,,,TATA INVESTMENT CORP LTD,649.95,659.45,648.45,654.30,654.00,649.95,,654.30,,,192864,126233492.20,15613,F1,1,,,,,
2026-07-28,2026-07-28,CM,NSE,STK,759782,INE1TAE01010,TMCV,EQ,,,,,TATA MOTORS LIMITED,411.10,417.70,410.20,416.70,416.70,411.10,,416.70,,,5957500,2470029064.90,69262,F1,1,,,,,
2026-07-28,2026-07-28,CM,NSE,STK,3456,INE155A01022,TMPV,EQ,,,,,TATA MOTORS PASS VEH LTD,327.00,327.35,322.80,324.40,324.55,327.65,,324.40,,,6650930,2160080763.50,72955,F1,1,,,,,
2026-07-28,2026-07-28,CM,NSE,STK,3426,INE245A01021,TATAPOWER,EQ,,,,,TATA POWER CO LTD,382.00,383.50,367.85,371.35,371.00,377.35,,371.35,,,9124123,3402370583.75,91269,F1,1,,,,,
2026-07-28,2026-07-28,CM,NSE,STK,3499,INE081A01020,TATASTEEL,EQ,,,,,TATA STEEL LIMITED,184.31,185.14,182.01,182.63,182.90,184.25,,182.63,,,19135253,3504743365.78,161410,F1,1,,,,,
2026-07-28,2026-07-28,CM,NSE,STK,20293,INE142M01025,TATATECH,EQ,,,,,TATA TECHNOLOGIES LIMITED,717.00,754.00,717.00,738.60,740.00,713.30,,738.55,,,2168933,1609784194.40,60040,F1,1,,,,,
2026-07-28,2026-07-28,CM,NSE,STK,8954,INE517B01013,TTML,EQ,,,,,TATA TELESERV(MAHARASTRA),38.53,41.16,38.53,38.98,38.90,39.48,,38.97,,,3274241,129314407.53,16353,F1,1,,,,,
2026-07-28,2026-07-28,CM,NSE,STK,7838,INF277K015R5,NETF,EQ,,,,,TATAAML - NETF,262.45,262.45,260.05,260.21,260.90,260.41,,260.21,,,1807,471705.74,98,F1,1,,,,,
2026-07-28,2026-07-28,CM,NSE,STK,12978,INF277K010X4,NPBET,EQ,,,,,TATAAML - NPBET,286.87,287.98,282.37,283.03,282.46,284.31,,283.03,,,119,33758.71,41,F1,1,,,,,
2026-07-28,2026-07-28,CM,NSE,STK,8882,INF277KA1364,TNIDETF,EQ,,,,,TATAAML - TNIDETF,85.85,87.82,85.25,87.62,87.60,85.58,,87.62,,,223744,19512406.48,1272,F1,1,,,,,
2026-07-28,2026-07-28,CM,NSE,STK,21401,INF277KA1976,TATAGOLD,EQ,,,,,TATAAML-TATAGOLD,13.86,13.86,13.51,13.74,13.75,13.93,,13.74,,,29249790,402504276.51,58217,F1,1,,,,,
2026-07-28,2026-07-28,CM,NSE,STK,21428,INF277KA1984,TATSILV,EQ,,,,,TATAAML-TATSILV,21.37,21.37,20.90,20.94,20.94,21.63,,20.94,,,52098297,1095971563.54,58843,F1,1,,,,,
2026-07-28,2026-07-28,CM,NSE,STK,5162,INE0GK401011,TATVA,EQ,,,,,TATVA CHIN PHARM CHEM LTD,1817.10,1820.00,1675.00,1718.20,1729.90,1800.10,,1718.40,,,201897,354331186.90,17296,F1,1,,,,,
2026-07-28,2026-07-28,CM,NSE,STK,759756,INE0XWS01018,TAURIAN,SM,,,,,TAURIAN MPS LIMITED,375.00,380.00,375.00,376.50,375.00,384.00,,376.50,,,6400,2420880.00,8,F1,800,,,,,
2026-07-28,2026-07-28,CM,NSE,STK,11754,INE053F07835,753IRFC30,NJ,,,,,TAX FREE  7.53% SR. 103 A,1131.97,1131.97,1131.97,1131.97,1131.97,1131.99,,1131.04,,,1,1131.97,1,F1,1,,,,,
2026-07-28,2026-07-28,CM,NSE,STK,15168,INE053F07900,764IRFC31,NO,,,,,TAX FREE  7.64% SR. 108A,1138.51,1140.90,1138.00,1139.01,1139.01,1138.30,,1139.01,,,1218,1386562.90,14,F1,1,,,,,
2026-07-28,2026-07-28,CM,NSE,STK,14529,INE906B07EP5,769NHAI31,NE,,,,,TAX FREE 7.69% SR. IIB,1148.90,1148.90,1148.90,1148.90,1148.90,1144.00,,1149.20,,,1,1148.90,1,F1,1,,,,,
2026-07-28,2026-07-28,CM,NSE,STK,11954,INE906B07EI0,735NHAI31,N9,,,,,TAX FREE7.35% SR.IIA,1108.00,1108.00,1108.00,1108.00,1108.00,1097.50,,1108.00,,,1,1108.00,1,F1,1,,,,,
2026-07-28,2026-07-28,CM,NSE,STK,12003,INE906B07EJ8,76NHAI31,NA,,,,,TAX FREE7.60% SR.IIB,1106.05,1108.20,1106.01,1107.97,1108.00,1107.00,,1108.00,,,2678,2966353.80,21,F1,1,,,,,
2026-07-28,2026-07-28,CM,NSE,STK,24019,INE0N2D01013,TBI,SM,,,,,TBI CORN LIMITED,63.00,63.00,60.70,61.80,61.85,63.50,,61.80,,,24600,1515120.00,39,F1,600,,,,,
2026-07-28,2026-07-28,CM,NSE,STK,23740,INE673O01025,TBOTEK,EQ,,,,,TBO TEK LIMITED,1516.00,1526.90,1490.50,1508.60,1512.00,1519.20,,1508.60,,,139216,210279491.30,13349,F1,1,,,,,
2026-07-28,2026-07-28,CM,NSE,STK,761814,INE887D01016,TCC,EQ,,,,,TCC CONCEPT LIMITED,269.90,271.85,260.45,262.30,264.85,269.20,,262.65,,,36469,9668867.40,1551,F1,1,,,,,
2026-07-28,2026-07-28,CM,NSE,STK,19223,INE586V01016,TCIEXP,EQ,,,,,TCI EXPRESS LIMITED,561.35,561.40,541.15,548.40,548.00,561.35,,548.40,,,17409,9599649.60,1258,F1,1,,,,,
2026-07-28,2026-07-28,CM,NSE,STK,8722,INE911B01018,TCIFINANCE,BE,,,,,TCIFINANCELTD-ROLL SETT,14.87,15.45,14.42,14.79,14.45,15.17,,14.79,,,35644,524527.27,175,F1,1,,,,,
2026-07-28,2026-07-28,CM,NSE,STK,184,INE822C01015,TCPLPACK,EQ,,,,,TCPL PACKAGING LIMITED,3211.90,3279.90,3168.20,3234.60,3250.00,3208.70,,3234.50,,,2905,9343526.20,729,F1,1,,,,,
2026-07-28,2026-07-28,CM,NSE,STK,25178,INE419M01027,TDPOWERSYS,EQ,,,,,TD POWER SYSTEMS LTD.,1140.00,1140.00,1090.40,1114.80,1115.90,1141.50,,1114.60,,,661901,735614812.40,30346,F1,1,,,,,
2026-07-28,2026-07-28,CM,NSE,STK,10717,INE289C01025,TEAMGTY,EQ,,,,,TEAM INDIA GUARANTY LTD,244.50,244.50,220.20,222.82,230.00,229.49,,223.50,,,427,97465.41,38,F1,1,,,,,
2026-07-28,2026-07-28,CM,NSE,STK,12716,INE985S01024,TEAMLEASE,EQ,,,,,TEAMLEASE SERVICES LTD.,1309.90,1313.90,1289.00,1300.50,1300.00,1294.00,,1300.50,,,25330,32940884.70,4249,F1,1,,,,,
2026-07-28,2026-07-28,CM,NSE,STK,16996,INE065J01024,TPHQ,EQ,,,,,TEAMO PRODUCTIONS HQ LTD,0.44,0.45,0.41,0.41,0.41,0.43,,0.41,,,1682534,710150.86,304,F1,1,,,,,
2026-07-28,2026-07-28,CM,NSE,STK,763571,INE2OL601013,TEAMTECH,ST,,,,,TEAMTECH FORMWORK SOL LTD,120.05,121.20,119.25,119.25,119.25,125.50,,119.25,,,98000,11699900.00,38,F1,2000,,,,,
2026-07-28,2026-07-28,CM,NSE,STK,13538,INE669C01036,TECHM,EQ,,,,,TECH MAHINDRA LIMITED,1599.00,1643.90,1595.80,1635.20,1630.00,1575.00,,1635.20,,,5082959,8275028393.80,129037,F1,1,,,,,
2026-07-28,2026-07-28,CM,NSE,STK,759141,INE0Y5H01014,TECHD,ST,,,,,TECHD CYBERSECURITY LTD,623.50,623.50,601.25,603.95,605.05,623.65,,603.95,,,7500,4591170.00,25,F1,300,,,,,
2026-07-28,2026-07-28,CM,NSE,STK,25652,INE0JQS01019,TECHERA,SM,,,,,TECHERA ENGINEER (IND) L,149.00,150.00,143.00,144.00,143.25,149.40,,144.00,,,93600,13587520.00,96,F1,800,,,,,
2026-07-28,2026-07-28,CM,NSE,STK,6445,INE285K01026,TECHNOE,EQ,,,,,TECHNO ELEC & ENG CO. LTD,997.90,1006.90,990.40,991.90,992.00,997.20,,991.90,,,60685,60366756.00,5373,F1,1,,,,,
2026-07-28,2026-07-28,CM,NSE,STK,14223,INE545H01011,TIIL,EQ,,,,,TECHNOCRAFT IND LTD,2593.00,2625.00,2561.00,2572.20,2566.00,2593.00,,2572.30,,,7394,19174395.10,1053,F1,1,,,,,
2026-07-28,2026-07-28,CM,NSE,STK,762939,INE314H01012,TECHNVISN,EQ,,,,,TECHNVISION VENTURES LTD.,4702.60,4818.00,4650.10,4793.60,4800.00,4914.00,,4796.00,,,1081,5142147.10,289,F1,1,,,,,
2026-07-28,2026-07-28,CM,NSE,STK,3453,INE014B01011,TECILCHEM,EQ,,,,,TECIL CHEMICALS,9.99,10.16,9.60,10.09,10.00,9.99,,10.09,,,13579,136688.06,42,F1,1,,,,,
2026-07-28,2026-07-28,CM,NSE,STK,23530,INE0K6601012,TGL,ST,,,,,TEERTH GOPICON LIMITED,19.75,20.15,18.35,19.85,20.15,19.30,,19.85,,,19800,373690.00,43,F1,200,,,,,
2026-07-28,2026-07-28,CM,NSE,STK,7105,INE011K01018,TEGA,EQ,,,,,TEGA INDUSTRIES LIMITED,1525.00,1549.10,1496.00,1501.00,1501.00,1510.50,,1501.00,,,240197,366311657.20,19971,F1,1,,,,,
2026-07-28,2026-07-28,CM,NSE,STK,763825,INE0R1301019,TEJA,SM,,,,,TEJA ENGINEERING IND L,676.00,677.95,659.00,665.25,666.35,669.40,,665.25,,,33000,21988230.00,49,F1,600,,,,,
2026-07-28,2026-07-28,CM,NSE,STK,21131,INE010J01012,TEJASNET,EQ,,,,,TEJAS NETWORKS LIMITED,503.90,505.00,491.95,494.30,493.35,513.05,,494.30,,,1736606,859985777.55,35731,F1,1,,,,,
2026-07-28,2026-07-28,CM,NSE,STK,3275,INE869Y01010,TEMBO,EQ,,,,,TEMBO GLOBAL IND LTD,550.00,584.50,535.00,561.20,560.00,552.30,,561.20,,,582906,331931714.30,10442,F1,1,,,,,
2026-07-28,2026-07-28,CM,NSE,STK,759880,INE19RI01016,TENNIND,EQ,,,,,TENNECO CLEAN AIR INDIA L,543.60,543.60,525.95,526.90,526.40,540.45,,526.90,,,645288,342843459.30,33202,F1,1,,,,,
2026-07-28,2026-07-28,CM,NSE,STK,19292,INE482B01010,TERASOFT,EQ,,,,,TERA SOFTWARE LIMITED,391.00,396.75,385.20,387.70,388.00,392.85,,387.70,,,8972,3497448.90,227,F1,1,,,,,
2026-07-28,2026-07-28,CM,NSE,STK,11549,INE435C01024,TEXINFRA,EQ,,,,,TEXMACO INFRA & HOLDG LTD,112.85,114.90,112.63,114.41,114.88,113.20,,114.40,,,100575,11414806.68,737,F1,1,,,,,
2026-07-28,2026-07-28,CM,NSE,STK,21828,INE621L01012,TEXRAIL,EQ,,,,,TEXMACO RAIL & ENG. LTD.,112.82,113.02,109.12,109.71,109.90,112.77,,109.71,,,1043317,115569101.27,8196,F1,1,,,,,
2026-07-28,2026-07-28,CM,NSE,STK,18214,INE141K01013,TEXMOPIPES,EQ,,,,,TEXMO PIPE & PRODUCTS LTD,43.40,44.00,42.05,43.19,43.00,43.47,,43.20,,,20907,893724.16,209,F1,1,,,,,
2026-07-28,2026-07-28,CM,NSE,STK,10744,INE733E07JT8,737NTPC35C,NA,,,,,TFB 7.37% 2035 SR. 3A,1202.00,1202.00,1202.00,1202.00,1202.00,1398.00,,1202.00,,,96,115392.00,1,F1,1,,,,,
2026-07-28,2026-07-28,CM,NSE,STK,14607,INE797H01018,TGBHOTELS,EQ,,,,,TGB BANQUETS&HOTELS LTD,9.08,10.14,8.73,9.69,9.70,9.04,,9.69,,,242476,2343052.10,870,F1,1,,,,,
2026-07-28,2026-07-28,CM,NSE,STK,22777,INE0QJL01014,TCL,SM,,,,,THAAI CASTING LIMITED,108.15,110.00,108.15,110.00,110.00,109.25,,110.00,,,10400,1137120.00,13,F1,800,,,,,
2026-07-28,2026-07-28,CM,NSE,STK,762947,INE077P01034,THACKER,BE,,,,,THACKER & CO. LTD.,1011.00,1011.00,1011.00,1011.00,1011.00,1011.00,,1011.00,,,6,6066.00,2,F1,1,,,,,
2026-07-28,2026-07-28,CM,NSE,STK,762949,INE403F01017,THAKDEV,EQ,,,,,THAKKERS DEVELOPERS LTD.,152.95,152.95,152.95,152.95,152.95,161.00,,152.95,,,103,15753.85,10,F1,1,,,,,
2026-07-28,2026-07-28,CM,NSE,STK,18118,INE085J01014,THANGAMAYL,EQ,,,,,THANGAMAYIL JEWELLERY LTD,7346.00,7430.00,7100.00,7168.50,7170.00,7309.50,,7169.00,,,225099,1638323875.00,34688,F1,1,,,,,
2026-07-28,2026-07-28,CM,NSE,STK,9014,INE294Z01018,ANUP,EQ,,,,,THE ANUP ENGINEERING LTD,2146.00,2185.70,2078.00,2117.60,2160.00,2144.40,,2117.70,,,23546,49889012.70,5380,F1,1,,,,,
2026-07-28,2026-07-28,CM,NSE,STK,7930,INE319B01014,BYKE,BE,,,,,THE BYKE HOSPITALITY LTD,33.25,33.25,32.48,32.50,32.50,32.75,,32.49,,,5761,188626.69,36,F1,1,,,,,
2026-07-28,2026-07-28,CM,NSE,STK,13776,INE017A01032,GESHIP,EQ,,,,,THE GE SHPG.LTD,1398.00,1402.70,1370.00,1377.40,1384.60,1398.60,,1377.40,,,314349,435276489.60,22338,F1,1,,,,,
2026-07-28,2026-07-28,CM,NSE,STK,17770,INE646C01018,GROBTEA,EQ,,,,,THE GROB TEA COMPANY LTD,905.00,905.00,899.95,905.00,905.00,899.95,,905.00,,,128,115834.95,7,F1,1,,,,,
2026-07-28,2026-07-28,CM,NSE,STK,8568,INE127B01011,HITECHGEAR,BE,,,,,THE HI-TECH GEARS LIMITED,580.65,585.00,575.00,577.30,584.95,577.80,,577.30,,,1037,602556.70,34,F1,1,,,,,
2026-07-28,2026-07-28,CM,NSE,STK,1515,INE383A01012,INDIACEM,EQ,,,,,THE INDIA CEMENTS LIMITED,398.35,398.35,388.00,389.95,388.25,398.35,,389.95,,,225090,88061721.70,10431,F1,1,,,,,
2026-07-28,2026-07-28,CM,NSE,STK,1512,INE053A01029,INDHOTEL,EQ,,,,,THE INDIAN HOTELS CO. LTD,733.60,741.45,732.55,734.70,736.95,733.75,,734.70,,,1636579,1205079609.85,36486,F1,1,,,,,
2026-07-28,2026-07-28,CM,NSE,STK,21427,INE924D01017,THEINVEST,EQ,,,,,THE INVEST TRUST OF IND L,96.89,96.89,92.00,96.03,95.12,96.40,,96.14,,,5083,482805.19,163,F1,1,,,,,
2026-07-28,2026-07-28,CM,NSE,STK,399,INE470Y01017,NIACL,EQ,,,,,THE NEW INDIA ASSU CO LTD,165.00,166.52,162.11,163.07,162.45,165.57,,163.01,,,602125,98483144.89,8655,F1,1,,,,,
2026-07-28,2026-07-28,CM,NSE,STK,10321,INE431F01018,PKTEA,EQ,,,,,THE P K TEA PROD CO LTD,699.80,710.00,680.00,705.05,705.00,698.00,,705.05,,,458,322238.30,35,F1,1,,,,,
2026-07-28,2026-07-28,CM,NSE,STK,14552,INE211B01039,PHOENIXLTD,EQ,,,,,THE PHOENIX MILLS LTD,2035.10,2045.40,2012.50,2023.20,2040.00,2036.60,,2023.20,,,529554,1072016654.10,32521,F1,1,,,,,
2026-07-28,2026-07-28,CM,NSE,STK,2043,INE331A01037,RAMCOCEM,EQ,,,,,THE RAMCO CEMENTS LIMITED,913.05,920.90,901.65,908.50,914.00,919.75,,908.55,,,169091,153566609.85,9052,F1,1,,,,,
2026-07-28,2026-07-28,CM,NSE,STK,10123,INE301D01026,RUBYMILLS,BE,,,,,THE RUBY MILLS LTD,397.55,409.80,386.00,390.10,397.40,397.55,,390.15,,,6648,2619880.10,171,F1,1,,,,,
2026-07-28,2026-07-28,CM,NSE,STK,5948,INE683A01023,SOUTHBANK,EQ,,,,,THE SOUTH INDIAN BANK LTD,48.00,48.04,47.02,47.13,47.11,47.90,,47.13,,,7738124,366244116.20,20083,F1,1,,,,,
2026-07-28,2026-07-28,CM,NSE,STK,10948,INE655A01013,STCINDIA,EQ,,,,,THE STATE TRADING CORPN,118.90,119.80,117.40,117.61,117.50,118.40,,117.60,,,14043,1657368.64,348,F1,1,,,,,
2026-07-28,2026-07-28,CM,NSE,STK,19578,INE071E01023,UGARSUGAR,EQ,,,,,THE UGAR SUGAR WORKS LTD,43.47,44.65,41.20,41.48,41.45,43.49,,41.48,,,249325,10581687.86,2503,F1,1,,,,,
2026-07-28,2026-07-28,CM,NSE,STK,20481,INE215F01023,WIPL,EQ,,,,,THE WESTERN INDIA PLY LTD,177.00,177.00,165.43,169.00,169.00,169.07,,169.00,,,348,58526.57,19,F1,1,,,,,
2026-07-28,2026-07-28,CM,NSE,STK,19279,INE121N01019,THEJO,EQ,,,,,THEJO ENGINEERING LIMITED,1920.90,1929.80,1880.00,1901.90,1908.00,1921.20,,1901.90,,,4272,8139786.40,1110,F1,1,,,,,
2026-07-28,2026-07-28,CM,NSE,STK,14485,INE083B01024,THEMISMED,EQ,,,,,THEMIS MEDICARE LTD.,106.51,111.51,105.16,105.78,106.00,107.93,,105.77,,,34271,3659396.03,1238,F1,1,,,,,
2026-07-28,2026-07-28,CM,NSE,STK,3475,INE152A01029,THERMAX,EQ,,,,,THERMAX LTD,4460.00,4531.50,4384.00,4416.50,4420.00,4454.50,,4416.50,,,108819,480761488.50,16281,F1,1,,,,,
2026-07-28,2026-07-28,CM,NSE,STK,25651,INE0SHE01019,THESL,ST,,,,,THINKING HATS ENTER SOL L,18.30,18.30,18.10,18.10,18.10,19.00,,18.10,,,6000,109200.00,2,F1,3000,,,,,
2026-07-28,2026-07-28,CM,NSE,STK,3496,INE338A01024,TIRUMALCHM,EQ,,,,,THIRUMALAI CHEMICALS LTD,172.50,176.00,170.80,172.46,171.68,172.09,,172.45,,,338748,58619765.79,6839,F1,1,,,,,
2026-07-28,2026-07-28,CM,NSE,STK,3481,INE332A01027,THOMASCOOK,EQ,,,,,THOMAS COOK (INDIA) LTD,98.91,99.77,97.21,97.88,98.00,98.45,,97.89,,,402771,39705933.68,3592,F1,1,,,,,
2026-07-28,2026-07-28,CM,NSE,STK,31017,INE480M01011,THOMASCOTT,EQ,,,,,THOMAS SCOTT (INDIA) LTD,317.10,319.35,296.80,298.35,297.00,315.15,,298.35,,,34449,10490803.35,1503,F1,1,,,,,
2026-07-28,2026-07-28,CM,NSE,STK,17032,INE594H01019,THYROCARE,EQ,,,,,THYROCARE TECH LTD,587.50,597.65,575.20,579.70,578.00,584.05,,579.70,,,656770,386147052.05,23019,F1,1,,,,,
2026-07-28,2026-07-28,CM,NSE,STK,759179,INE906O01029,TIGERLOGS,BE,,,,,TIGER LOGISTICS (INDIA) L,31.85,32.39,30.65,31.13,31.00,31.85,,31.13,,,25644,799265.73,205,F1,1,,,,,
2026-07-28,2026-07-28,CM,NSE,STK,25482,INE440L01017,TIJARIA,EQ,,,,,TIJARIA POLYPIPES LTD,4.47,4.68,4.33,4.59,4.68,4.47,,4.59,,,220388,975496.50,254,F1,1,,,,,
2026-07-28,2026-07-28,CM,NSE,STK,3484,INE806C01018,TIL,EQ,,,,,TIL LTD,213.36,235.80,210.61,232.75,231.00,214.06,,232.74,,,931391,212936606.52,13825,F1,1,,,,,
2026-07-28,2026-07-28,CM,NSE,STK,19196,INE133E01013,TI,EQ,,,,,TILAKNAGAR INDUSTRIES LTD,438.75,448.15,425.30,444.10,446.25,446.70,,444.10,,,1334669,582317114.30,35069,F1,1,,,,,
2026-07-28,2026-07-28,CM,NSE,STK,14707,INE508G01029,TIMETECHNO,EQ,,,,,TIME TECHNOPLAST LTD.,206.60,212.80,204.90,210.75,210.78,206.75,,210.75,,,5620538,1183782763.62,32724,F1,1,,,,,
2026-07-28,2026-07-28,CM,NSE,STK,7800,INE0IJY01014,TIMESCAN,SM,,,,,TIMESCAN LOGISTICS IND L,39.00,39.00,39.00,39.00,39.00,41.05,,39.00,,,2000,78000.00,1,F1,2000,,,,,
2026-07-28,2026-07-28,CM,NSE,STK,762954,INE064A01026,TIMEX,EQ,,,,,TIMEX GROUP INDIA LTD.,561.80,575.00,561.15,566.70,568.00,561.25,,566.75,,,275138,155997147.00,13613,F1,1,,,,,
2026-07-28,2026-07-28,CM,NSE,STK,14198,INE325A01013,TIMKEN,EQ,,,,,TIMKEN INDIA LTD.,3132.50,3144.10,3068.80,3075.60,3075.00,3126.90,,3075.30,,,22846,70540634.60,5986,F1,1,,,,,
2026-07-28,2026-07-28,CM,NSE,STK,756020,INE015C01016,TINNARUBR,EQ,,,,,TINNA RUBBER AND INFR LTD,1143.90,1145.95,1090.10,1103.60,1110.00,1139.30,,1103.50,,,78339,87323413.80,7040,F1,1,,,,,
2026-07-28,2026-07-28,CM,NSE,STK,11374,INE0LQS01015,TIPSFILMS,EQ,,,,,TIPS FILMS LIMITED,377.25,377.25,352.40,360.35,360.00,377.25,,360.35,,,23370,8454294.00,1117,F1,1,,,,,
2026-07-28,2026-07-28,CM,NSE,STK,9117,INE716B01029,TIPSMUSIC,EQ,,,,,TIPS MUSIC LIMITED,709.10,715.40,689.50,691.95,702.00,712.55,,692.00,,,227863,159515047.85,10491,F1,1,,,,,
2026-07-28,2026-07-28,CM,NSE,STK,22284,INE319Y01024,TIRUPATIFL,BE,,,,,TIRUPATI FORGE LIMITED,75.31,75.68,71.96,73.34,73.75,75.31,,73.34,,,195860,14371373.12,1049,F1,1,,,,,
2026-07-28,2026-07-28,CM,NSE,STK,15414,INE615H01020,TITAGARH,EQ,,,,,TITAGARH RAIL SYSTEMS LTD,816.00,820.20,807.00,810.40,807.00,816.10,,810.40,,,174928,142060153.40,9642,F1,1,,,,,
2026-07-28,2026-07-28,CM,NSE,STK,3506,INE280A01028,TITAN,EQ,,,,,TITAN COMPANY LIMITED,4750.00,4860.00,4712.90,4849.70,4858.20,4740.10,,4849.40,,,1321587,6358106263.90,101310,F1,1,,,,,
2026-07-28,2026-07-28,CM,NSE,STK,9710,INE932C01012,TOKYOPLAST,BE,,,,,TOKYO PLAST  INTL LTD.,81.99,81.99,77.32,77.38,78.90,81.38,,77.38,,,3074,239443.43,68,F1,1,,,,,
2026-07-28,2026-07-28,CM,NSE,STK,25262,INE0RWQ01014,TOLINS,EQ,,,,,TOLINS TYRES LIMITED,103.60,104.30,102.00,102.30,102.71,102.89,,102.30,,,17588,1804749.55,338,F1,1,,,,,
2026-07-28,2026-07-28,CM,NSE,STK,3518,INE685A01028,TORNTPHARM,EQ,,,,,TORRENT PHARMACEUTICALS L,5020.10,5040.00,4866.00,4898.30,4892.50,5019.50,,4898.30,,,549152,2697802603.60,46924,F1,1,,,,,
2026-07-28,2026-07-28,CM,NSE,STK,13786,INE813H01021,TORNTPOWER,EQ,,,,,TORRENT POWER LTD,1441.00,1446.50,1429.10,1431.80,1433.90,1440.00,,1431.80,,,291670,417770461.00,14065,F1,1,,,,,
2026-07-28,2026-07-28,CM,NSE,STK,22423,INE336X01012,TOTAL,EQ,,,,,TOTAL TRANSPORT SYS LTD,48.99,49.48,48.15,49.14,49.32,48.10,,49.14,,,4230,206682.17,46,F1,1,,,,,
2026-07-28,2026-07-28,CM,NSE,STK,16908,INE486Y01013,TOUCHWOOD,EQ,,,,,TOUCHWOOD ENTERTAIN LTD.,66.66,67.99,65.66,65.79,66.98,67.00,,65.79,,,2108,139209.86,41,F1,1,,,,,
2026-07-28,2026-07-28,CM,NSE,STK,3466,INE305A01023,TFCILTD,EQ,,,,,TOURISM FINANCE CORP. OF,94.95,98.00,94.80,97.04,97.10,94.80,,97.04,,,33454183,3252380126.21,60887,F1,1,,,,,
2026-07-28,2026-07-28,CM,NSE,STK,9219,INE413G01022,TPLPLASTEH,EQ,,,,,TPL PLASTECH LIMITED,78.56,79.25,78.25,78.45,78.25,78.34,,78.47,,,105805,8339448.24,1475,F1,1,,,,,
2026-07-28,2026-07-28,CM,NSE,STK,11582,INE0HMF01019,TRACXN,EQ,,,,,TRACXN TECHNOLOGIES LTD,29.60,30.05,29.54,29.60,29.54,30.08,,29.60,,,88249,2626535.47,549,F1,1,,,,,
2026-07-28,2026-07-28,CM,NSE,STK,15174,INE763I01026,TARIL,EQ,,,,,TRANS & RECTI. LTD,302.50,302.50,294.25,295.60,294.90,302.50,,295.60,,,894252,266240382.45,14702,F1,1,,,,,
2026-07-28,2026-07-28,CM,NSE,STK,17795,INE0O3901029,TREL,EQ,,,,,TRANSINDIA REAL ESTATE L,24.03,24.65,23.90,23.96,23.99,24.41,,23.96,,,38760,931349.79,281,F1,1,,,,,
2026-07-28,2026-07-28,CM,NSE,STK,3531,INE687A01016,TRANSPEK,EQ,,,,,TRANSPEK INDUSTRY LTD,1101.05,1118.90,1052.65,1065.15,1086.50,1110.30,,1064.40,,,7661,8353820.45,1307,F1,1,,,,,
2026-07-28,2026-07-28,CM,NSE,STK,10580,INE688A01022,TCI,EQ,,,,,TRANSPORT CORPN OF INDIA,928.00,935.20,920.00,921.05,920.00,932.30,,921.05,,,10336,9570849.45,1533,F1,1,,,,,
2026-07-28,2026-07-28,CM,NSE,STK,28714,INE454P01035,TRANSRAILL,EQ,,,,,TRANSRAIL LIGHTING LTD,484.00,488.95,480.15,481.10,481.00,485.00,,481.10,,,214248,103352896.95,10279,F1,1,,,,,
2026-07-28,2026-07-28,CM,NSE,STK,19801,INE0NVI01020,TRANSTEEL,SM,,,,,TRANSTEEL SEATING TECH L,111.00,117.00,111.00,114.10,114.00,112.75,,114.10,,,34000,3882500.00,27,F1,1000,,,,,
2026-07-28,2026-07-28,CM,NSE,STK,14319,INE804H01012,TFL,EQ,,,,,TRANSWARRANTY FIN. LTD.,11.28,11.28,10.61,11.04,11.07,11.17,,11.04,,,9081,99582.46,97,F1,1,,,,,
2026-07-28,2026-07-28,CM,NSE,STK,8619,INE757B01015,TRANSWORLD,BE,,,,,TRANSWORLD SHIP LINES LTD,165.00,165.00,159.11,161.12,162.00,163.89,,161.12,,,5159,845590.55,45,F1,1,,,,,
2026-07-28,2026-07-28,CM,NSE,STK,757545,INE103V01028,TRAVELFOOD,EQ,,,,,TRAVEL FOOD SERVICES LTD,1276.40,1312.00,1270.40,1288.30,1299.70,1276.40,,1288.40,,,14681,19016678.10,2750,F1,1,,,,,
2026-07-28,2026-07-28,CM,NSE,STK,25082,INE040M01013,TREEHOUSE,EQ,,,,,TREE HOUSE EDU LTD,6.26,6.47,6.26,6.34,6.37,6.46,,6.34,,,26631,171325.16,79,F1,1,,,,,
2026-07-28,2026-07-28,CM,NSE,STK,7518,INE00CA01015,TREJHARA,EQ,,,,,TREJHARA SOLUTIONS LTD,131.40,139.98,131.40,137.26,138.00,138.01,,137.26,,,2820,384586.95,190,F1,1,,,,,
2026-07-28,2026-07-28,CM,NSE,STK,1964,INE849A01020,TRENT,EQ,,,,,TRENT LTD,2938.30,2945.30,2908.80,2930.70,2930.00,2938.30,,2930.70,,,514388,1505818013.30,45778,F1,1,,,,,
2026-07-28,2026-07-28,CM,NSE,STK,17987,INE391D01019,TRF,EQ,,,,,TRF LIMITED,233.84,236.70,227.00,227.80,228.68,232.67,,227.79,,,39745,9229017.08,1221,F1,1,,,,,
2026-07-28,2026-07-28,CM,NSE,STK,27037,INE760L01018,TBZ,EQ,,,,,TRIB BHIMJI ZAVERI LTD,282.39,293.90,271.72,291.10,288.78,280.22,,291.09,,,4091175,1163919982.43,57000,F1,1,,,,,
2026-07-28,2026-07-28,CM,NSE,STK,9685,INE064C01022,TRIDENT,EQ,,,,,TRIDENT LIMITED,25.15,25.19,24.75,24.78,24.84,25.08,,24.78,,,3638564,90551709.50,10586,F1,1,,,,,
2026-07-28,2026-07-28,CM,NSE,STK,21093,INE0QD201012,TECHLABS,ST,,,,,TRIDENT TECHLABS LIMITED,128.00,128.00,121.65,123.25,123.00,128.00,,123.25,,,22875,2847987.50,66,F1,125,,,,,
2026-07-28,2026-07-28,CM,NSE,STK,5428,INE948A01012,TRIGYN,EQ,,,,,TRIGYN TECHNOLOGIES LTD,53.95,54.55,53.02,53.89,53.54,53.41,,53.89,,,13344,717269.47,272,F1,1,,,,,
2026-07-28,2026-07-28,CM,NSE,STK,13084,INE256C01024,TRIVENI,BE,,,,,TRIVENI ENGG. & INDS. LTD,235.90,237.00,228.05,228.75,230.30,240.00,,228.80,,,732831,169183526.35,5830,F1,1,,,,,
2026-07-28,2026-07-28,CM,NSE,STK,25584,INE152M01016,TRITURBINE,EQ,,,,,TRIVENI TURBINE LIMITED,615.55,620.25,604.10,609.35,607.05,623.40,,609.35,,,411838,251544220.35,26462,F1,1,,,,,
2026-07-28,2026-07-28,CM,NSE,STK,24645,INE0SYV01018,TROM,ST,,,,,TROM INDUSTRIES LIMITED,58.00,58.00,58.00,58.00,58.00,58.00,,58.00,,,2400,139200.00,4,F1,600,,,,,
2026-07-28,2026-07-28,CM,NSE,STK,759210,INE0MWH01014,TRUALT,EQ,,,,,TRUALT BIOENERGY LIMITED,424.60,430.80,411.00,419.15,419.85,421.25,,419.15,,,359987,151463989.05,11510,F1,1,,,,,
2026-07-28,2026-07-28,CM,NSE,STK,9378,INE615R01029,TRU,EQ,,,,,TRUCAP FINANCE LIMITED,4.99,4.99,4.67,4.69,4.71,4.91,,4.69,,,178629,850243.43,480,F1,1,,,,,
2026-07-28,2026-07-28,CM,NSE,STK,23417,INE0SWN01019,TRUST,SM,,,,,TRUST FINTECH LIMITED,29.05,29.05,28.25,28.25,28.25,28.50,,28.25,,,1200,34380.00,2,F1,600,,,,,
2026-07-28,2026-07-28,CM,NSE,STK,757858,INE16VK01010,TSC,SM,,,,,TSC INDIA LIMITED,33.90,34.80,33.90,34.50,34.80,33.00,,34.50,,,22000,759700.00,11,F1,2000,,,,,
2026-07-28,2026-07-28,CM,NSE,STK,2183,INE202Z01029,TSFINV,EQ,,,,,TSF INVESTMENTS LIMITED,436.60,453.15,427.45,446.55,445.00,431.60,,446.55,,,82739,36381229.55,5240,F1,1,,,,,
2026-07-28,2026-07-28,CM,NSE,STK,27408,INE1C3207073,935TSI29,N0,,,,,TSI 9.35% 29 SR I-C,101760.02,101760.02,101760.02,101760.02,101760.02,101500.00,,101760.02,,,1,101760.02,1,F1,1,,,,,
2026-07-28,2026-07-28,CM,NSE,STK,27448,INE1C3207065,935TSI30,N0,,,,,TSI 9.35% 30 SR I-D,103475.00,104250.00,103475.00,104250.00,104250.00,103500.00,,104250.00,,,3,311959.00,3,F1,1,,,,,
2026-07-28,2026-07-28,CM,NSE,STK,11369,INE910C01018,TTKHLTCARE,EQ,,,,,TTK HEALTHCARE LIMITED,1055.00,1097.25,1038.00,1048.15,1058.80,1088.80,,1048.15,,,18952,19922332.05,1704,F1,1,,,,,
2026-07-28,2026-07-28,CM,NSE,STK,3546,INE690A01028,TTKPRESTIG,EQ,,,,,TTK PRESTIGE LTD,656.00,742.90,644.20,702.25,689.00,655.35,,702.45,,,11906234,8510065675.10,284064,F1,1,,,,,
2026-07-28,2026-07-28,CM,NSE,STK,312,INE974X01010,TIINDIA,EQ,,,,,TUBE INVEST OF INDIA LTD,2849.30,2891.40,2779.60,2825.30,2820.10,2849.30,,2825.20,,,312172,880844510.50,25538,F1,1,,,,,
2026-07-28,2026-07-28,CM,NSE,STK,24520,INE0OXV01027,TUNWAL,SM,,,,,TUNWAL E-MOTORS LIMITED,26.70,26.75,26.30,26.30,26.30,26.20,,26.30,,,34000,906100.00,16,F1,2000,,,,,
2026-07-28,2026-07-28,CM,NSE,STK,756090,INE0OC301013,TURTLEMINT,EQ,,,,,TURTLEMINT FINTECH SOLS L,124.88,125.83,120.12,121.84,122.30,125.92,,121.85,,,664064,81115303.94,9465,F1,1,,,,,
2026-07-28,2026-07-28,CM,NSE,STK,11275,INE038F01029,TVTODAY,EQ,,,,,TV TODAY NETWORK LTD,117.01,118.31,115.00,115.97,117.80,117.60,,115.95,,,25940,3025530.53,509,F1,1,,,,,
2026-07-28,2026-07-28,CM,NSE,STK,18504,INE871L01013,TVVISION,EQ,,,,,TV VISION LIMITED,4.75,4.75,4.65,4.69,4.65,4.65,,4.64,,,4237,19876.81,35,F1,1,,,,,
2026-07-28,2026-07-28,CM,NSE,STK,11265,INE236G01019,TVSELECT,EQ,,,,,TVS ELECTRONICS LTD,490.50,499.45,482.00,484.25,484.05,494.00,,484.30,,,35399,17225234.80,1716,F1,1,,,,,
2026-07-28,2026-07-28,CM,NSE,STK,29008,INE105A01035,TVSHLTD,EQ,,,,,TVS HOLDINGS LIMITED,14751.00,14939.00,14653.00,14754.00,14793.00,14694.00,,14755.00,,,5737,84831186.00,1427,F1,1,,,,,
2026-07-28,2026-07-28,CM,NSE,STK,8479,INE494B01023,TVSMOTOR,EQ,,,,,TVS MOTOR COMPANY  LTD,3855.00,4001.40,3852.00,3993.50,3980.00,3876.40,,3993.40,,,2042411,8104521998.20,133625,F1,1,,,,,
2026-07-28,2026-07-28,CM,NSE,STK,761141,INE494B04019,TVSMNCRPS,P1,,,,,TVS MOTOR COMPANY LIMITED,10.45,10.45,10.40,10.40,10.40,10.40,,10.40,,,557305,5796464.10,291,F1,1,,,,,
2026-07-28,2026-07-28,CM,NSE,STK,14245,INE421C01016,TVSSRICHAK,EQ,,,,,TVS SRICHAKRA LIMITED,3976.50,4013.80,3976.00,3989.70,3980.40,3972.50,,3989.50,,,1605,6405641.20,332,F1,1,,,,,
2026-07-28,2026-07-28,CM,NSE,STK,18151,INE395N01027,TVSSCS,EQ,,,,,TVS SUPPLY CHAIN SOL L,137.24,137.68,135.30,135.60,135.50,136.62,,135.61,,,171624,23381738.04,3653,F1,1,,,,,
2026-07-28,2026-07-28,CM,NSE,STK,19503,INE388G01026,TICL,BE,,,,,TWAMEV CONS AND INFRA LTD,9.25,9.45,9.00,9.23,9.19,9.26,,9.22,,,73725,684060.54,162,F1,1,,,,,
2026-07-28,2026-07-28,CM,NSE,STK,25626,INE152C01025,UYFINCORP,EQ,,,,,U. Y. FINCORP LIMITED,19.00,19.90,18.54,19.49,19.58,18.88,,19.49,,,561264,10898782.15,1164,F1,1,,,,,
2026-07-28,2026-07-28,CM,NSE,STK,3570,INE139B01016,UCAL,EQ,,,,,UCAL LIMITED,118.25,119.50,116.00,116.47,116.30,117.67,,116.47,,,6895,806767.06,223,F1,1,,,,,
2026-07-28,2026-07-28,CM,NSE,STK,755996,INE583D07562,10UCL26,ND,,,,,UCL 10.00% SR I,1000.10,1000.10,1000.10,1000.10,1000.10,1000.00,,1000.10,,,10,10001.00,1,F1,1,,,,,
2026-07-28,2026-07-28,CM,NSE,STK,756004,INE583D07596,1050UCL28,NH,,,,,UCL 10.50% SR V,1020.00,1036.00,1015.00,1036.00,1036.00,1004.11,,1036.00,,,186,191595.60,7,F1,1,,,,,
2026-07-28,2026-07-28,CM,NSE,STK,11223,INE691A01018,UCOBANK,EQ,,,,,UCO BANK,26.70,27.02,26.40,26.67,26.63,26.66,,26.67,,,8710410,232906499.00,15538,F1,1,,,,,
2026-07-28,2026-07-28,CM,NSE,STK,14871,INE0N0Y01013,USK,EQ,,,,,UDAYSHIVAKUMAR INFRA LTD,22.97,22.97,21.50,21.79,21.57,21.91,,21.80,,,18268,404079.59,130,F1,1,,,,,
2026-07-28,2026-07-28,CM,NSE,STK,1053,INE516A01017,UFLEX,EQ,,,,,UFLEX LIMITED,484.95,485.70,465.00,472.00,475.00,476.45,,471.95,,,107012,50435557.50,3830,F1,1,,,,,
2026-07-28,2026-07-28,CM,NSE,STK,9039,INE527H01019,UFO,EQ,,,,,UFO MOVIEZ INDIA LTD.,68.45,69.47,67.13,68.15,68.61,68.45,,68.24,,,19564,1331744.44,459,F1,1,,,,,
2026-07-28,2026-07-28,CM,NSE,STK,5313,INE583D01011,UGROCAP,EQ,,,,,UGRO CAPITAL LIMITED,95.00,95.68,94.20,94.86,95.30,95.65,,94.86,,,57058,5416003.23,1121,F1,1,,,,,
2026-07-28,2026-07-28,CM,NSE,STK,23507,INE899L01030,UEL,EQ,,,,,UJAAS ENERGY LIMITED,121.78,123.39,119.17,120.93,121.00,120.96,,120.80,,,2574,310216.83,140,F1,1,,,,,
2026-07-28,2026-07-28,CM,NSE,STK,15228,INE551W01018,UJJIVANSFB,EQ,,,,,UJJIVAN SMALL FINANC BANK,70.03,73.03,69.73,70.12,70.30,71.57,,70.12,,,42462662,3026832617.86,125066,F1,1,,,,,
2026-07-28,2026-07-28,CM,NSE,STK,5945,INE00F301010,UWCSL,SM,,,,,ULTRA WIRING CONN SYS LTD,91.55,100.70,91.55,100.70,100.70,95.95,,100.70,,,5000,493550.00,5,F1,1000,,,,,
2026-07-28,2026-07-28,CM,NSE,STK,762961,INE405A01021,ULTRAMAR,EQ,,,,,ULTRAMARINE & PIGMENTS L,375.90,376.00,365.00,368.95,371.00,374.95,,368.85,,,12603,4680064.85,1969,F1,1,,,,,
2026-07-28,2026-07-28,CM,NSE,STK,11532,INE481G01011,ULTRACEMCO,EQ,,,,,ULTRATECH CEMENT LIMITED,11894.00,12049.00,11822.00,11956.00,11979.00,11881.00,,11956.00,,,406573,4863422524.00,51596,F1,1,,,,,
2026-07-28,2026-07-28,CM,NSE,STK,8845,INE0GIU01018,UMAEXPORTS,BE,,,,,UMA EXPORTS LIMITED,19.47,19.95,19.40,19.59,19.77,19.47,,19.60,,,8070,158329.26,58,F1,1,,,,,
2026-07-28,2026-07-28,CM,NSE,STK,8998,INE398B01018,UMIYA-MRO,EQ,,,,,UMIYA BUILDCON LIMITED,89.12,90.19,88.88,90.06,90.18,89.82,,90.06,,,2342,209386.43,92,F1,1,,,,,
2026-07-28,2026-07-28,CM,NSE,STK,3579,INE351A01035,UNICHEMLAB,EQ,,,,,UNICHEM LABORATORIES LTD,546.50,546.50,529.00,533.55,531.00,539.95,,533.55,,,69461,37174369.80,3577,F1,1,,,,,
2026-07-28,2026-07-28,CM,NSE,STK,24809,INE00U401027,UNIECOM,EQ,,,,,UNICOMMERCE ESOLUTIONS L,86.80,87.00,84.70,85.06,84.70,85.73,,85.07,,,95510,8152056.03,1658,F1,1,,,,,
2026-07-28,2026-07-28,CM,NSE,STK,18582,INE0PRF01011,UNIHEALTH,SM,,,,,UNIHEALTH HOSPITALS LTD,772.00,784.00,709.20,721.80,726.00,786.25,,721.80,,,38000,28199700.00,73,F1,500,,,,,
2026-07-28,2026-07-28,CM,NSE,STK,7797,INE481Z01011,UNIINFO,BE,,,,,UNIINFO TELECOM SERVI LTD,12.35,12.35,12.35,12.35,12.35,12.35,,12.35,,,101,1247.35,2,F1,1,,,,,
2026-07-28,2026-07-28,CM,NSE,STK,25633,INE0B2801011,UNILEX,SM,,,,,UNILEX COLOURS AND CHEM L,25.50,25.50,25.50,25.50,25.50,25.00,,25.50,,,1600,40800.00,1,F1,1600,,,,,
2026-07-28,2026-07-28,CM,NSE,STK,28960,INE0U3I01011,UNIMECH,EQ,,,,,UNIMECH AEROSPACE N MFG L,1212.00,1219.30,1175.00,1180.80,1182.70,1203.20,,1180.80,,,65736,78066006.50,7293,F1,1,,,,,
2026-07-28,2026-07-28,CM,NSE,STK,10753,INE692A01016,UNIONBANK,EQ,,,,,UNION BANK OF INDIA,170.68,171.40,167.70,168.24,167.70,170.11,,168.24,,,10776044,1828632652.29,48587,F1,1,,,,,
2026-07-28,2026-07-28,CM,NSE,STK,29687,INF582M01KS4,UNIONGOLD,EQ,,,,,UNIONAMC - UNIONGOLD,140.00,140.70,137.90,138.15,137.90,140.65,,138.20,,,2903,402343.50,75,F1,1,,,,,
2026-07-28,2026-07-28,CM,NSE,STK,13057,INE244O01017,UNIPARTS,EQ,,,,,UNIPARTS INDIA LIMITED,711.20,711.20,686.05,689.30,692.00,704.80,,689.30,,,37799,26125326.25,2748,F1,1,,,,,
2026-07-28,2026-07-28,CM,NSE,STK,11293,INE037A01022,UNIENTER,EQ,,,,,UNIPHOS ENTERPRISES LTD,101.90,101.90,95.00,96.62,96.01,97.64,,96.62,,,8834,851915.83,531,F1,1,,,,,
2026-07-28,2026-07-28,CM,NSE,STK,3594,INE694A01020,UNITECH,EQ,,,,,UNITECH LTD,4.25,4.34,4.18,4.21,4.21,4.30,,4.21,,,5034934,21423108.89,10566,F1,1,,,,,
2026-07-28,2026-07-28,CM,NSE,STK,16713,INE686F01025,UBL,EQ,,,,,UNITED BREWERIES LTD,1437.70,1449.30,1427.00,1434.70,1435.70,1428.70,,1434.70,,,134464,193344452.80,14732,F1,1,,,,,
2026-07-28,2026-07-28,CM,NSE,STK,204,INE961D01019,UNIDT,BE,,,,,UNITED DRILLING TOOLS LTD,221.56,225.50,220.10,220.92,222.99,226.07,,220.92,,,1980,437164.13,58,F1,1,,,,,
2026-07-28,2026-07-28,CM,NSE,STK,3127,INE382M01027,UFBL,EQ,,,,,UNITED FOODBRANDS LIMITED,699.35,705.00,685.55,699.65,700.00,699.35,,699.65,,,107536,75405263.25,2222,F1,1,,,,,
2026-07-28,2026-07-28,CM,NSE,STK,25938,INE0SMR01011,UHTL,ST,,,,,UNITED HEAT TRANSFER LTD,105.70,105.70,104.00,105.45,105.45,103.75,,105.45,,,20000,2098700.00,9,F1,2000,,,,,
2026-07-28,2026-07-28,CM,NSE,STK,17999,INE458F01011,UNITEDTEA,EQ,,,,,UNITED NILGIRI TEA LTD,474.00,477.35,469.00,472.90,472.90,472.95,,472.90,,,627,296190.25,96,F1,1,,,,,
2026-07-28,2026-07-28,CM,NSE,STK,7564,INE368U01029,UNITEDPOLY,BE,,,,,UNITED POLYFAB GUJ. LTD.,31.55,31.55,29.10,30.24,30.60,30.06,,30.26,,,29619,889829.42,157,F1,1,,,,,
2026-07-28,2026-07-28,CM,NSE,STK,10447,INE854D01024,UNITDSPR,EQ,,,,,UNITED SPIRITS LIMITED,1480.00,1511.90,1475.40,1508.80,1511.00,1482.00,,1508.80,,,882152,1319595586.90,34953,F1,1,,,,,
2026-07-28,2026-07-28,CM,NSE,STK,18979,INE562X01013,UNIVASTU,BE,,,,,UNIVASTU INDIA LIMITED,129.00,129.00,124.00,125.48,125.45,124.88,,125.48,,,194834,24472365.15,762,F1,1,,,,,
2026-07-28,2026-07-28,CM,NSE,STK,3607,INE279A01012,UNIVCABLES,EQ,,,,,UNIVERSAL CABLES LTD,1251.00,1338.00,1240.10,1316.20,1310.00,1256.20,,1316.20,,,417557,545804276.70,25398,F1,1,,,,,
2026-07-28,2026-07-28,CM,NSE,STK,17661,INE03V001013,UNIVPHOTO,BE,,,,,UNIVERSUS IMAGINGS LTD,465.65,489.00,464.60,471.60,482.85,489.05,,471.65,,,7423,3568085.05,100,F1,1,,,,,
2026-07-28,2026-07-28,CM,NSE,STK,14154,INE405E01023,UNOMINDA,EQ,,,,,UNO MINDA LIMITED,1164.00,1174.80,1150.00,1163.90,1165.00,1162.40,,1163.90,,,1088896,1266903649.00,23863,F1,1,,,,,
2026-07-28,2026-07-28,CM,NSE,STK,18632,INE148I08231,879SCL26,NC,,,,,UNS RED NCD 8.79% SR.VIII,990.30,990.30,989.80,989.80,989.80,1001.00,,989.80,,,30,29696.50,2,F1,1,,,,,
2026-07-28,2026-07-28,CM,NSE,STK,18636,INE148I08256,915SCL26,NE,,,,,UNS RED NCD 9.15% SR.IX,1070.34,1070.34,1070.00,1070.00,1070.00,1064.00,,1070.00,,,100,107001.70,12,F1,1,,,,,
2026-07-28,2026-07-28,CM,NSE,STK,2883,INE530B08110,IIFLZC28,NG,,,,,UNSE RE NCD 0% SR.III,1640.00,1640.00,1640.00,1640.00,1640.00,1640.00,,1640.00,,,150,246000.00,2,F1,1,,,,,
2026-07-28,2026-07-28,CM,NSE,STK,2871,INE530B08094,10IIFL28A,NE,,,,,UNSE RE NCD 10% SR.I,1120.80,1120.80,1030.10,1032.55,1032.00,1030.00,,1032.55,,,55,56882.80,7,F1,1,,,,,
2026-07-28,2026-07-28,CM,NSE,STK,2877,INE530B08102,96IIFL28A,NF,,,,,UNSE RE NCD 9.6% SR.II,1002.00,1003.04,1002.00,1002.53,1003.02,1003.00,,1002.53,,,1339,1342189.14,20,F1,1,,,,,
2026-07-28,2026-07-28,CM,NSE,STK,5217,INE477L08162,IIFLZC28C,N6,,,,,UNSEC RE NCD 0% SR.III,1573.80,1580.00,1572.00,1572.00,1572.00,1565.15,,1572.00,,,160,252129.00,5,F1,1,,,,,
2026-07-28,2026-07-28,CM,NSE,STK,5212,INE477L08147,10IIFL28,N4,,,,,UNSEC RE NCD 10% SR.I,999.03,1000.00,999.03,1000.00,1000.00,1004.00,,1000.00,,,100,99951.50,2,F1,1,,,,,
2026-07-28,2026-07-28,CM,NSE,STK,19045,INE866I08279,10IIFL29,N6,,,,,UNSEC RED NCD 10.0% SR. V,1020.00,1022.00,1020.00,1022.00,1022.00,1020.00,,1022.00,,,29,29634.00,2,F1,1,,,,,
2026-07-28,2026-07-28,CM,NSE,STK,19047,INE866I08295,105IIFL29,N7,,,,,UNSEC RED NCD 10.5% SR.VI,1046.00,1046.00,1046.00,1046.00,1046.00,1099.00,,1046.00,,,80,83680.00,1,F1,1,,,,,
2026-07-28,2026-07-28,CM,NSE,STK,21229,INE306N08342,885TCAPS29,NC,,,,,UNSERENCD8.85%SRIVCIII&IV,1115.00,1115.00,1115.00,1115.00,1115.00,1085.00,,1115.00,,,1,1115.00,1,F1,1,,,,,
2026-07-28,2026-07-28,CM,NSE,STK,21225,INE306N08292,910TCAP28,NA,,,,,UNSERENCD9.1%SRIIICIII&IV,1113.25,1113.25,1106.00,1106.00,1106.00,1102.99,,1106.00,,,70,77474.04,7,F1,1,,,,,
2026-07-28,2026-07-28,CM,NSE,STK,19113,INE851I01011,UDS,EQ,,,,,UPDATER SERVICES LIMITED,205.10,209.68,205.00,207.97,206.20,206.60,,207.97,,,321022,66676491.71,5173,F1,1,,,,,
2026-07-28,2026-07-28,CM,NSE,STK,11287,INE628A01036,UPL,EQ,,,,,UPL LIMITED,607.00,610.45,596.75,599.65,601.00,608.50,,599.65,,,2262031,1358018736.60,37448,F1,1,,,,,
2026-07-28,2026-07-28,CM,NSE,STK,17081,INE568Z01015,URAVIDEF,BE,,,,,URAVI DEFENCE &TECH LTD,115.80,115.80,111.22,111.85,113.00,114.00,,111.85,,,1178,132911.17,49,F1,1,,,,,
2026-07-28,2026-07-28,CM,NSE,STK,759084,INE0CAZ01013,URBANCO,EQ,,,,,URBAN COMPANY LIMITED,130.42,133.00,129.66,130.30,130.31,130.42,,130.30,,,1181488,154713786.44,14858,F1,1,,,,,
2026-07-28,2026-07-28,CM,NSE,STK,16888,INE0O0201019,URBAN,SM,,,,,URBAN ENVIRO WASTE MGMT L,133.00,136.25,132.50,132.75,132.50,133.15,,132.75,,,12800,1709320.00,15,F1,800,,,,,
2026-07-28,2026-07-28,CM,NSE,STK,20203,INE550C01020,URJA,EQ,,,,,URJA GLOBAL LIMITED,9.10,9.22,9.00,9.01,9.07,9.10,,9.01,,,607295,5507498.00,3046,F1,1,,,,,
2026-07-28,2026-07-28,CM,NSE,STK,19142,INE240C01028,UMESLTD,EQ,,,,,USHA MARTIN EDU & SOL LTD,5.26,5.62,5.26,5.52,5.56,5.36,,5.52,,,18683,103139.21,69,F1,1,,,,,
2026-07-28,2026-07-28,CM,NSE,STK,8840,INE228A01035,USHAMART,EQ,,,,,USHA MARTIN LTD.,520.00,527.00,504.30,512.30,512.50,502.10,,512.30,,,3875797,1989594602.50,74582,F1,1,,,,,
2026-07-28,2026-07-28,CM,NSE,STK,4214,INE00NI01015,UCL,ST,,,,,USHANTI COLOUR CHEM LTD,193.75,193.75,193.75,193.75,193.75,190.00,,193.75,,,2000,387500.00,1,F1,2000,,,,,
2026-07-28,2026-07-28,CM,NSE,STK,527,INE094J01016,UTIAMC,EQ,,,,,UTI ASSET MNGMT CO LTD,904.05,907.20,892.05,900.25,900.05,904.00,,900.25,,,188565,169358674.40,11407,F1,1,,,,,
2026-07-28,2026-07-28,CM,NSE,STK,764180,INF789F1AG68,LIQUIDBETA,EQ,,,,,UTIAMC - LIQUIDBETA,1001.84,1001.86,1001.84,1001.86,1001.86,1001.72,,1001.86,,,504,504937.36,2,F1,1,,,,,
2026-07-28,2026-07-28,CM,NSE,STK,22440,INF789F1AUV1,BANKBETA,EQ,,,,,UTIAMC-BANKBETA,58.61,59.65,57.95,58.78,58.80,59.13,,58.78,,,38459,2261391.21,418,F1,1,,,,,
2026-07-28,2026-07-28,CM,NSE,STK,22524,INF789F1AZF3,GILT10BETA,EQ,,,,,UTIAMC-GILT10BETA,26.93,26.93,26.40,26.41,26.41,26.32,,26.41,,,714,18854.00,9,F1,1,,,,,
2026-07-28,2026-07-28,CM,NSE,STK,22521,INF789F1AZE6,GILT5BETA,EQ,,,,,UTIAMC-GILT5BETA,66.29,66.29,66.29,66.29,66.29,65.64,,66.29,,,15,994.35,1,F1,1,,,,,
2026-07-28,2026-07-28,CM,NSE,STK,22488,INF789F1AZD8,ITBETA,EQ,,,,,UTIAMC-ITBETA,317.63,322.50,317.63,320.65,321.30,309.43,,319.80,,,18173,5814842.77,67,F1,1,,,,,
2026-07-28,2026-07-28,CM,NSE,STK,18347,INF789F1AYX9,MIDCAPBETA,EQ,,,,,UTIAMC-MIDCAPBETA,232.25,232.52,231.14,232.19,232.19,232.00,,234.06,,,1077,249778.56,29,F1,1,,,,,
2026-07-28,2026-07-28,CM,NSE,STK,21478,INF789F1AUW9,NEXT50BETA,EQ,,,,,UTIAMC-NEXT50BETA,76.20,78.47,76.20,77.91,77.99,78.16,,77.90,,,102435,7987826.46,649,F1,1,,,,,
2026-07-28,2026-07-28,CM,NSE,STK,10511,INF789F1AZC0,NIFTYBETA,EQ,,,,,UTIAMC-NIFTYBETA,268.75,269.06,265.37,266.10,265.82,266.36,,266.10,,,11316,3012419.12,298,F1,1,,,,,
2026-07-28,2026-07-28,CM,NSE,STK,10515,INF789FB1X58,SENSEXBETA,EQ,,,,,UTIAMC-SENSEXBETA,851.18,853.86,845.00,846.80,845.00,849.42,,846.94,,,1380,1172497.99,124,F1,1,,,,,
2026-07-28,2026-07-28,CM,NSE,STK,15085,INF789F1AYK6,SILVERBETA,EQ,,,,,UTIAMC-SILVERBETA,212.51,212.51,208.00,208.28,208.68,215.47,,208.28,,,732079,153012882.09,6443,F1,1,,,,,
2026-07-28,2026-07-28,CM,NSE,STK,9168,INF789F1AUU3,SNXT50BETA,EQ,,,,,UTIAMC-SNXT50BETA,94.80,94.80,93.81,94.01,94.02,93.99,,94.01,,,2015,189597.30,56,F1,1,,,,,
2026-07-28,2026-07-28,CM,NSE,STK,14535,INF789F1AUX7,GOLDBETA,EQ,,,,,UTIAMC-UTIGOLDBETA,119.80,119.80,118.80,119.05,118.90,120.75,,119.05,,,215793,25706667.80,2285,F1,1,,,,,
2026-07-28,2026-07-28,CM,NSE,STK,751580,INE1V1R01014,UTKAL,SM,,,,,UTKAL SPEC INDUS INDIA L,42.15,42.25,40.25,42.25,42.25,40.25,,42.25,,,54000,2272500.00,21,F1,2000,,,,,
2026-07-28,2026-07-28,CM,NSE,STK,17358,INE735W01017,UTKARSHBNK,EQ,,,,,UTKARSH SMALL FIN BANK L,14.64,14.72,14.21,14.27,14.29,14.51,,14.27,,,2493172,35785556.34,7602,F1,1,,,,,
2026-07-28,2026-07-28,CM,NSE,STK,24729,INE06IJ01010,UTSSAV,ST,,,,,UTSSAV CZ GOLD JEWELS LTD,495.00,518.40,470.35,514.95,510.00,495.10,,514.95,,,51600,26057370.00,61,F1,600,,,,,
2026-07-28,2026-07-28,CM,NSE,STK,13376,INE786F01031,UTTAMSUGAR,EQ,,,,,UTTAM SUGAR MILLS LTD.,227.42,228.39,222.50,223.79,223.50,228.71,,223.79,,,46161,10394284.46,1164,F1,1,,,,,
2026-07-28,2026-07-28,CM,NSE,STK,3188,INE0GXK01018,VMARCIND,SM,,,,,V MARC INDIA LIMITED,277.25,281.40,275.00,278.65,275.40,279.00,,278.65,,,138000,38320050.00,71,F1,1500,,,,,
2026-07-28,2026-07-28,CM,NSE,STK,23018,INE0QQM01017,VR,SM,,,,,V R INFRASPACE LIMITED,113.40,113.40,113.40,113.40,113.40,108.00,,113.40,,,800,90720.00,2,F1,400,,,,,
2026-07-28,2026-07-28,CM,NSE,STK,15362,INE951I01027,VGUARD,EQ,,,,,V-GUARD IND LTD.,294.40,296.45,290.75,292.25,292.05,294.40,,292.25,,,273309,79902089.95,12172,F1,1,,,,,
2026-07-28,2026-07-28,CM,NSE,STK,24609,INE0QXL01015,VLINFRA,ST,,,,,V.L.INFRAPROJECTS LIMITED,26.20,26.20,26.20,26.20,26.20,27.55,,26.20,,,1500,39300.00,1,F1,1500,,,,,
2026-07-28,2026-07-28,CM,NSE,STK,14766,INE945H01021,V2RETAIL,EQ,,,,,V2 RETAIL LIMITED,222.11,224.58,220.11,221.87,222.19,223.46,,221.84,,,366611,81354108.33,7378,F1,1,,,,,
2026-07-28,2026-07-28,CM,NSE,STK,20188,INE956G01038,WABAG,EQ,,,,,VA TECH WABAG LTD,1980.50,1982.30,1856.00,1893.60,1894.90,1977.50,,1893.60,,,1435337,2709486928.90,76035,F1,1,,,,,
2026-07-28,2026-07-28,CM,NSE,STK,24196,INE694D01016,VADILALIND,EQ,,,,,VADILAL INDUSTRIES LTD,6761.50,6904.50,6665.00,6741.50,6746.50,6761.50,,6741.50,,,11469,77542658.00,2381,F1,1,,,,,
2026-07-28,2026-07-28,CM,NSE,STK,11364,INE884A01027,VAIBHAVGBL,EQ,,,,,VAIBHAV GLOBAL LIMITED,264.90,282.30,262.15,271.20,270.75,264.99,,271.20,,,1723119,472354320.06,29498,F1,1,,,,,
2026-07-28,2026-07-28,CM,NSE,STK,8262,INE0JR301013,MADHAVBAUG,ST,,,,,VAIDYA SANE AYUR LAB LTD,191.90,191.90,191.90,191.90,191.90,191.90,,191.90,,,800,153520.00,2,F1,400,,,,,
2026-07-28,2026-07-28,CM,NSE,STK,16589,INE972X01022,VAISHALI,EQ,,,,,VAISHALI PHARMA LIMITED,7.98,7.98,6.96,7.39,7.39,7.72,,7.39,,,920925,6945089.92,498,F1,1,,,,,
2026-07-28,2026-07-28,CM,NSE,STK,13342,INE051B01021,VAKRANGEE,EQ,,,,,VAKRANGEE LIMITED,6.12,6.25,5.96,6.05,6.10,6.09,,6.05,,,1218465,7363285.05,1856,F1,1,,,,,
2026-07-28,2026-07-28,CM,NSE,STK,19220,INE0JWS01017,VALIANTLAB,BE,,,,,VALIANT LABORATORIES LTD,62.05,62.50,60.06,60.37,60.06,61.51,,60.37,,,6329,385540.39,94,F1,1,,,,,
2026-07-28,2026-07-28,CM,NSE,STK,334,INE565V01010,VALIANTORG,BE,,,,,VALIANT ORGANICS LIMITED,262.40,268.75,259.50,261.55,260.00,262.40,,261.55,,,8304,2178506.30,126,F1,1,,,,,
2026-07-28,2026-07-28,CM,NSE,STK,18128,INE879I01012,DBREALTY,BE,,,,,VALOR ESTATE LIMITED,111.75,115.87,111.75,113.09,112.26,113.85,,113.09,,,284599,32249467.30,992,F1,1,,,,,
2026-07-28,2026-07-28,CM,NSE,STK,763304,INE1E7Y01018,VALUE360,SM,,,,,VALUE 360 COMMUNICATION L,76.10,79.45,76.10,79.45,79.45,79.00,,79.45,,,2400,186660.00,2,F1,1200,,,,,
2026-07-28,2026-07-28,CM,NSE,STK,13403,INE116G01013,VARDHACRLC,BE,,,,,VARDHAMAN ACRYLICS LTD,44.15,46.24,43.61,46.24,46.24,44.04,,46.24,,,177034,8147289.40,396,F1,1,,,,,
2026-07-28,2026-07-28,CM,NSE,STK,11892,INE701A01023,VHL,EQ,,,,,VARDHMAN HOLDINGS LIMITED,3442.00,3539.90,3442.00,3466.30,3473.20,3503.30,,3467.70,,,441,1532466.10,143,F1,1,,,,,
2026-07-28,2026-07-28,CM,NSE,STK,3646,INE835A01029,VARDMNPOLY,EQ,,,,,VARDHMAN POLYTEX LTD.,6.20,6.30,6.05,6.09,6.15,6.15,,6.09,,,107316,658315.02,320,F1,1,,,,,
2026-07-28,2026-07-28,CM,NSE,STK,27067,INE050M01012,VSSL,EQ,,,,,VARDHMAN SPC STEEL LTD,298.00,298.45,290.05,296.90,298.00,297.30,,296.90,,,69217,20384014.10,1995,F1,1,,,,,
2026-07-28,2026-07-28,CM,NSE,STK,2073,INE825A01020,VTL,EQ,,,,,VARDHMAN TEXTILES LIMITED,625.10,631.90,608.60,612.50,613.35,628.25,,612.50,,,203030,125372091.70,14790,F1,1,,,,,
2026-07-28,2026-07-28,CM,NSE,STK,3857,INE665L01035,VARROC,EQ,,,,,VARROC ENGINEERING LTD.,667.70,667.70,655.00,658.70,655.00,665.70,,658.65,,,60586,40017352.00,7842,F1,1,,,,,
2026-07-28,2026-07-28,CM,NSE,STK,18921,INE200M01039,VBL,EQ,,,,,VARUN BEVERAGES LIMITED,464.70,470.00,423.00,430.00,429.50,464.50,,430.00,,,47975773,21014699038.30,449343,F1,1,,,,,
2026-07-28,2026-07-28,CM,NSE,STK,13771,INE273D01027,VGL,EQ,,,,,VARVEE GLOBAL LIMITED,62.95,62.95,60.99,61.11,61.00,61.62,,61.11,,,6437,393671.58,144,F1,1,,,,,
2026-07-28,2026-07-28,CM,NSE,STK,16454,INE0N5801013,DENTALKART,SM,,,,,VASA DENTICITY LIMITED,428.95,431.30,410.20,424.95,424.95,431.60,,424.95,,,5000,2125812.50,20,F1,250,,,,,
2026-07-28,2026-07-28,CM,NSE,STK,18114,INE893I01013,VASCONEQ,BE,,,,,VASCON ENGINEERS LTD,32.50,32.80,31.82,31.92,31.95,32.53,,31.92,,,80350,2581806.36,442,F1,1,,,,,
2026-07-28,2026-07-28,CM,NSE,STK,25340,INE590L01019,VASWANI,EQ,,,,,VASWANI IND LTD,52.34,53.19,52.21,52.51,52.50,52.68,,52.45,,,13916,731534.25,228,F1,1,,,,,
2026-07-28,2026-07-28,CM,NSE,STK,9020,INE098201036,VCL,EQ,,,,,VAXTEX COTFAB LIMITED,1.02,1.06,0.99,0.99,1.00,1.02,,0.99,,,203724,207087.76,252,F1,1,,,,,
2026-07-28,2026-07-28,CM,NSE,STK,757413,INE04HY07294,1025VCCL28,N0,,,,,VCCL 10.25% 2028,96089.00,96090.82,96089.00,96090.82,96090.82,94104.00,,96090.82,,,9,864811.10,3,F1,1,,,,,
2026-07-28,2026-07-28,CM,NSE,STK,757719,INE04HY07286,115VCCL27,N0,,,,,VCCL 11.5% 2027 SR II,99995.55,99995.55,99995.55,99995.55,99995.55,97510.55,,99995.55,,,1,99995.55,1,F1,1,,,,,
2026-07-28,2026-07-28,CM,NSE,STK,758342,INE04HY07245,118VCCL27,N0,,,,,VCCL 11.8% 2027 SR B,98400.96,98400.96,98400.96,98400.96,98400.96,97844.00,,98400.96,,,1,98400.96,1,F1,1,,,,,
2026-07-28,2026-07-28,CM,NSE,STK,756916,INE04HY07229,12VCCL29B,N0,,,,,VCCL 12% 2029,99000.00,99000.00,99000.00,99000.00,99000.00,98650.00,,99000.00,,,1,99000.00,1,F1,1,,,,,
2026-07-28,2026-07-28,CM,NSE,STK,760558,INE04HY08011,125VCCL31,N0,,,,,VCCL 12.5% 2031,96699.99,97000.00,96699.99,97000.00,97000.00,96699.99,,97000.00,,,4,387699.99,2,F1,1,,,,,
2026-07-28,2026-07-28,CM,NSE,STK,29274,INE04HY07203,12VCCL29A,N0,,,,,VCCL12% 2029,99000.00,99000.00,98000.00,98160.00,98000.00,98010.00,,98160.00,,,6,589800.00,4,F1,1,,,,,
2026-07-28,2026-07-28,CM,NSE,STK,25054,INE0U2M01015,VDEAL,SM,,,,,VDEAL SYSTEM LIMITED,152.00,152.00,149.00,149.50,150.00,154.00,,149.50,,,2400,361350.00,4,F1,600,,,,,
2026-07-28,2026-07-28,CM,NSE,STK,8167,INE825V01034,MANYAVAR,EQ,,,,,VEDANT FASHIONS LIMITED,410.30,434.80,405.45,409.45,407.00,410.30,,409.45,,,1310356,545150540.35,70809,F1,1,,,,,
2026-07-28,2026-07-28,CM,NSE,STK,750174,INE1CDF01017,VAML,EQ,,,,,VEDANTA ALUMINIUM METAL L,438.00,443.00,430.45,432.10,431.90,437.15,,432.10,,,4613811,2009409539.55,82090,F1,1,,,,,
2026-07-28,2026-07-28,CM,NSE,STK,750290,INE1CLE01013,VISL,EQ,,,,,VEDANTA IRON AND STEEL L,30.36,30.60,29.30,29.51,29.70,30.36,,29.51,,,19638622,582918466.89,42520,F1,1,,,,,
2026-07-28,2026-07-28,CM,NSE,STK,3063,INE205A01025,VEDL,EQ,,,,,VEDANTA LIMITED,264.65,266.00,259.00,259.35,259.55,264.65,,259.35,,,5991534,1564814694.95,58571,F1,1,,,,,
2026-07-28,2026-07-28,CM,NSE,STK,750368,INE704J01044,VOGL,EQ,,,,,VEDANTA OIL AND GAS LTD,35.08,35.14,33.85,34.18,33.98,34.84,,34.17,,,17642485,606233847.24,39681,F1,1,,,,,
2026-07-28,2026-07-28,CM,NSE,STK,750518,INE694L01019,VEDPOWER,EQ,,,,,VEDANTA POWER LIMITED,37.19,37.19,35.45,35.66,35.56,36.97,,35.66,,,15136629,544847553.09,41300,F1,1,,,,,
2026-07-28,2026-07-28,CM,NSE,STK,14019,INE484C01030,VEEDOL,EQ,,,,,VEEDOL CORPORATION LTD,1393.70,1405.80,1388.00,1391.00,1388.10,1392.30,,1390.90,,,6091,8504820.20,833,F1,1,,,,,
2026-07-28,2026-07-28,CM,NSE,STK,10710,INE0KTW01013,VEEKAYEM,SM,,,,,VEEKAYEM FASH & APP LTD,122.00,125.00,122.00,125.00,125.00,122.00,,125.00,,,8000,997000.00,12,F1,500,,,,,
2026-07-28,2026-07-28,CM,NSE,STK,762969,INE232E01013,VELJAN,BE,,,,,VELJAN DENISON LTD.,1804.30,1817.00,1771.00,1795.00,1780.00,1804.30,,1795.00,,,586,1046330.90,36,F1,1,,,,,
2026-07-28,2026-07-28,CM,NSE,STK,3757,INE398A01010,VENKEYS,EQ,,,,,VENKY S (INDIA) LIMITED,1500.00,1584.60,1492.00,1505.10,1503.00,1503.70,,1505.10,,,94704,145139923.90,7299,F1,1,,,,,
2026-07-28,2026-07-28,CM,NSE,STK,28847,INE781S01027,VENTIVE,EQ,,,,,VENTIVE HOSPITALITY LTD,620.00,622.00,615.55,619.25,617.20,617.80,,619.30,,,7646,4735650.30,456,F1,1,,,,,
2026-07-28,2026-07-28,CM,NSE,STK,9592,INE0JA001018,VENUSPIPES,EQ,,,,,VENUS PIPES & TUBES LTD,1675.00,1700.60,1649.20,1661.40,1665.00,1688.00,,1661.30,,,52408,87630379.50,5052,F1,1,,,,,
2026-07-28,2026-07-28,CM,NSE,STK,13856,INE411B01019,VENUSREM,BE,,,,,VENUS REMEDIES LIMITED,1530.10,1610.00,1493.40,1530.70,1535.00,1572.00,,1531.20,,,98366,149612964.50,3209,F1,1,,,,,
2026-07-28,2026-07-28,CM,NSE,STK,2666,INE709Z01015,VERA,SM,,,,,VERA SYNTHETIC LIMITED,78.25,78.25,78.25,78.25,78.25,78.25,,78.25,,,1500,117375.00,1,F1,1500,,,,,
2026-07-28,2026-07-28,CM,NSE,STK,8890,INE0IQ001011,VERANDA,EQ,,,,,VERANDA LEARNING SOL LTD,232.80,233.69,227.15,228.75,229.00,232.95,,228.77,,,82017,18967198.93,1799,F1,1,,,,,
2026-07-28,2026-07-28,CM,NSE,STK,14491,INE0NLB01018,VERTEXPLUS,SM,,,,,VERTEXPLUS TECHNOLOGIES L,45.90,45.90,45.90,45.90,45.90,48.30,,45.90,,,600,27540.00,1,F1,600,,,,,
2026-07-28,2026-07-28,CM,NSE,STK,10757,INE0KXY23015,VERTIS,IV,,,,,VERTIS INFRASTRUCTURE TST,113.00,113.00,113.00,113.00,113.00,113.00,,113.00,,,275000,31075000.00,11,F1,25000,,,,,
2026-07-28,2026-07-28,CM,NSE,STK,18865,INE188Y01031,VERTOZ,BE,,,,,VERTOZ LIMITED,35.10,35.95,34.55,35.06,35.77,35.55,,35.06,,,42129,1498678.38,210,F1,1,,,,,
2026-07-28,2026-07-28,CM,NSE,STK,3676,INE386A01023,VESUVIUS,EQ,,,,,VESUVIUS INDIA LTD,452.70,453.50,447.05,449.60,453.45,450.95,,449.60,,,34583,15573007.15,2592,F1,1,,,,,
2026-07-28,2026-07-28,CM,NSE,STK,8660,INE918N01018,VETO,BE,,,,,VETO SWITCHGEAR CABLE LTD,120.21,122.48,119.00,119.55,120.00,121.14,,120.39,,,11430,1377803.19,162,F1,1,,,,,
2026-07-28,2026-07-28,CM,NSE,STK,22730,INE0QTF01015,VSTL,EQ,,,,,VIBHOR STEEL TUBES LTD,111.90,112.36,107.81,111.26,110.51,111.33,,111.26,,,16105,1765858.67,423,F1,1,,,,,
2026-07-28,2026-07-28,CM,NSE,STK,23386,INE048C01025,VHLTD,BE,,,,,VICEROY HOTELS LIMITED,133.90,133.90,132.01,132.01,132.01,134.09,,131.86,,,396,52503.03,25,F1,1,,,,,
2026-07-28,2026-07-28,CM,NSE,STK,13536,INE632C01026,VIDHIING,EQ,,,,,VIDHI SPCLTY F INGRDNTS L,325.00,325.00,311.95,312.75,312.00,315.15,,312.75,,,65191,20723493.65,1523,F1,1,,,,,
2026-07-28,2026-07-28,CM,NSE,STK,760224,INE14UN01029,VIDYAWIRES,EQ,,,,,VIDYA WIRES LIMITED,91.31,91.42,88.60,89.66,89.85,91.30,,89.65,,,549148,49286212.88,5588,F1,1,,,,,
2026-07-28,2026-07-28,CM,NSE,STK,758908,INE1DM601016,VIGOR,ST,,,,,VIGOR PLAST INDIA LIMITED,96.00,100.75,95.00,99.00,99.00,98.75,,99.00,,,27200,2681840.00,15,F1,1600,,,,,
2026-07-28,2026-07-28,CM,NSE,STK,5585,INE043W01024,VIJAYA,EQ,,,,,VIJAYA DIAGNOSTIC CEN LTD,1339.00,1363.30,1336.80,1359.10,1360.00,1350.80,,1359.10,,,65926,89155230.20,7393,F1,1,,,,,
2026-07-28,2026-07-28,CM,NSE,STK,760121,INE0WL901019,VIJAYPD,SM,,,,,VIJAYPD CEUTICAL LIMITED,64.10,64.10,63.50,63.50,63.50,64.20,,63.50,,,8000,511000.00,4,F1,2000,,,,,
2026-07-28,2026-07-28,CM,NSE,STK,17695,INE159N01027,VIJIFIN,BE,,,,,VIJI FINANCE LIMITED,9.63,9.63,9.63,9.63,9.63,9.45,,9.70,,,28673,276120.99,36,F1,1,,,,,
2026-07-28,2026-07-28,CM,NSE,STK,25756,INE806A01020,VIKASECO,EQ,,,,,VIKAS ECOTECH LIMITED,1.11,1.13,1.10,1.10,1.10,1.12,,1.10,,,1865818,2081448.94,3853,F1,1,,,,,
2026-07-28,2026-07-28,CM,NSE,STK,9931,INE161L01027,VIKASLIFE,EQ,,,,,VIKAS LIFECARE LIMITED,1.27,1.30,1.27,1.28,1.29,1.27,,1.28,,,1782537,2286252.99,5158,F1,1,,,,,
2026-07-28,2026-07-28,CM,NSE,STK,759453,INE078V01014,VIKRAMSOLR,EQ,,,,,VIKRAM SOLAR LIMITED,181.73,182.44,175.98,177.31,178.00,181.19,,177.32,,,2191990,393083478.04,22378,F1,1,,,,,
2026-07-28,2026-07-28,CM,NSE,STK,758973,INE01R501028,VIKRAN,EQ,,,,,VIKRAN ENGINEERING LTD,71.77,71.99,70.50,70.71,70.99,71.83,,70.71,,,730302,51913686.48,4135,F1,1,,,,,
2026-07-28,2026-07-28,CM,NSE,STK,23909,INE0AZY01017,VILAS,SM,,,,,VILAS TRANSCORE LIMITED,353.70,354.05,345.00,347.85,349.80,353.70,,347.85,,,30500,10638175.00,96,F1,250,,,,,
2026-07-28,2026-07-28,CM,NSE,STK,13101,INE579C01029,VIMTALABS,EQ,,,,,VIMTA LABS LIMITED,587.15,608.00,577.90,601.95,601.05,587.15,,602.00,,,443733,264475277.05,16536,F1,1,,,,,
2026-07-28,2026-07-28,CM,NSE,STK,17364,INE410B01037,VINATIORGA,EQ,,,,,VINATI ORGANICS LTD,1313.60,1316.80,1299.00,1300.90,1300.20,1313.60,,1300.90,,,25524,33356381.80,2650,F1,1,,,,,
2026-07-28,2026-07-28,CM,NSE,STK,3694,INE707A01012,VINDHYATEL,EQ,,,,,VINDHYA TELELINKS LTD,1899.00,1903.20,1856.40,1868.00,1869.00,1907.50,,1868.10,,,10326,19423103.00,1879,F1,1,,,,,
2026-07-28,2026-07-28,CM,NSE,STK,3809,INE505Y01010,VINEETLAB,BE,,,,,VINEET LABORATORIES LTD,38.80,39.50,38.00,38.92,39.00,38.87,,38.92,,,23066,892029.02,130,F1,1,,,,,
2026-07-28,2026-07-28,CM,NSE,STK,763821,INE27V201011,VMOBILE,SM,,,,,VINIT MOBILE LIMITED,71.05,71.05,71.05,71.05,71.05,67.70,,71.05,,,8000,568400.00,9,F1,800,,,,,
2026-07-28,2026-07-28,CM,NSE,STK,12490,INE01KI01027,VINNY,EQ,,,,,VINNY OVERSEAS LIMITED,1.05,1.08,1.05,1.07,1.08,1.05,,1.07,,,166688,178013.59,102,F1,1,,,,,
2026-07-28,2026-07-28,CM,NSE,STK,17905,INE0OSJ01014,VINSYS,ST,,,,,VINSYS IT SERVICES IND LT,525.00,530.00,520.00,527.55,526.65,523.50,,527.55,,,24000,12675825.00,41,F1,250,,,,,
2026-07-28,2026-07-28,CM,NSE,STK,25835,INE498Q01014,VINCOFE,EQ,,,,,VINTAGE COFFEE N BVRGS L,163.95,165.50,160.00,164.02,165.00,162.87,,164.04,,,1684820,272742568.48,12377,F1,1,,,,,
2026-07-28,2026-07-28,CM,NSE,STK,19206,INE0OLS01010,VINYAS,SM,,,,,VINYAS INNOVATIVE TECH L,1275.00,1285.00,1246.20,1259.70,1247.00,1275.00,,1259.70,,,2400,3034580.00,21,F1,100,,,,,
2026-07-28,2026-07-28,CM,NSE,STK,16821,INE250B01029,VINYLINDIA,EQ,,,,,VINYL CHEMICALS (I) LTD.,254.00,255.95,237.90,241.95,243.40,251.20,,242.00,,,25553,6247856.25,1193,F1,1,,,,,
2026-07-28,2026-07-28,CM,NSE,STK,14847,INE450G01024,VIPCLOTHNG,BE,,,,,VIP CLOTHING LIMITED,21.83,22.22,21.70,21.91,21.93,21.83,,21.91,,,11283,246677.81,101,F1,1,,,,,
2026-07-28,2026-07-28,CM,NSE,STK,3703,INE054A01027,VIPIND,EQ,,,,,VIP INDUSTRIES LTD,296.00,299.00,290.00,291.00,291.35,296.25,,291.00,,,93883,27427878.05,4943,F1,1,,,,,
2026-07-28,2026-07-28,CM,NSE,STK,8437,INE946H01037,VIPULLTD,BE,,,,,VIPUL LIMITED,10.95,12.09,10.95,12.09,12.09,11.52,,12.24,,,506077,5710135.62,335,F1,1,,,,,
2026-07-28,2026-07-28,CM,NSE,STK,15295,INE539B01017,VIRINCHI,EQ,,,,,VIRINCHI LIMITED,15.80,15.88,15.36,15.48,15.69,15.49,,15.48,,,26155,406512.16,178,F1,1,,,,,
2026-07-28,2026-07-28,CM,NSE,STK,757060,INE0VRH01015,VGINFOTECH,SM,,,,,VIRTUAL GALAXY INFOTECH L,151.10,152.35,147.00,148.20,148.00,152.20,,148.20,,,65000,9702250.00,58,F1,1000,,,,,
2026-07-28,2026-07-28,CM,NSE,STK,761916,INE0I0T01010,VOEPL,EQ,,,,,VIRTUOSO OPTOELECTRONIC L,501.40,525.00,471.60,479.00,484.65,496.60,,479.20,,,372778,187562643.90,8602,F1,1,,,,,
2026-07-28,2026-07-28,CM,NSE,STK,13298,INE286H01012,VISACHROME,BE,,,,,VISA CHROME LIMITED,38.49,38.49,37.10,37.85,37.82,37.97,,37.85,,,20998,796128.02,46,F1,1,,,,,
2026-07-28,2026-07-28,CM,NSE,STK,29877,INE370E01029,VIVIDHA,EQ,,,,,VISAGAR POLYTEX LTD,0.52,0.53,0.51,0.51,0.52,0.52,,0.51,,,204881,105980.50,134,F1,1,,,,,
2026-07-28,2026-07-28,CM,NSE,STK,4221,INE392A01021,VISAKAIND,EQ,,,,,VISAKA INDUSTRIES LIMITED,83.94,85.00,80.10,82.47,82.50,82.29,,82.47,,,325740,26870395.04,3289,F1,1,,,,,
2026-07-28,2026-07-28,CM,NSE,STK,27969,INE01EA01019,VMM,EQ,,,,,VISHAL MEGA MART LIMITED,110.31,110.31,108.16,109.58,109.40,110.31,,109.57,,,7153469,781013513.41,40139,F1,1,,,,,
2026-07-28,2026-07-28,CM,NSE,STK,6908,INE270I01022,VISHNU,EQ,,,,,VISHNU CHEMICALS LIMITED,640.10,644.00,619.05,620.30,621.10,636.30,,620.30,,,74277,46628035.10,5421,F1,1,,,,,
2026-07-28,2026-07-28,CM,NSE,STK,18343,INE0AE001013,VPRPL,BE,,,,,VISHNU PRAKASH R PUNGLI L,28.29,29.10,26.88,27.02,27.38,28.29,,27.02,,,212308,5898844.95,1026,F1,1,,,,,
2026-07-28,2026-07-28,CM,NSE,STK,19300,INE0PQ001012,VISHNUINFR,SM,,,,,VISHNUSURYA PROJ N INFR L,159.15,159.20,159.00,159.05,159.00,161.35,,159.05,,,3500,556825.00,6,F1,500,,,,,
2026-07-28,2026-07-28,CM,NSE,STK,13702,INE430N01022,VISHWARAJ,EQ,,,,,VISHWARAJ SUGAR IND LTD,5.29,5.34,5.20,5.21,5.21,5.25,,5.21,,,98219,512833.60,243,F1,1,,,,,
2026-07-28,2026-07-28,CM,NSE,STK,23373,INE0S2E01016,VISHWAS,ST,,,,,VISHWAS AGRI SEEDS LTD,44.00,44.00,44.00,44.00,44.00,44.00,,44.00,,,1600,70400.00,1,F1,1600,,,,,
2026-07-28,2026-07-28,CM,NSE,STK,25231,INE0TR001017,VIESL,SM,,,,,VISION INFRA EQUIP SOL L,312.30,312.30,304.50,305.20,305.85,316.35,,305.20,,,14400,4434880.00,18,F1,800,,,,,
2026-07-28,2026-07-28,CM,NSE,STK,761150,INE0L4K01016,VITAL,BE,,,,,VITAL CHEMTECH LIMITED,46.00,46.00,46.00,46.00,46.00,46.00,,46.00,,,1864,85744.00,7,F1,1,,,,,
2026-07-28,2026-07-28,CM,NSE,STK,763637,INE0MEG01014,VIVIANA,BE,,,,,VIVIANA POWER TECH LTD,739.90,768.90,723.55,762.85,768.50,732.30,,762.85,,,21685,16451604.35,529,F1,1,,,,,
2026-07-28,2026-07-28,CM,NSE,STK,761771,INE24H301028,VIVIDEL,ST,,,,,VIVID ELECTROMECH LIMITED,1256.00,1295.00,1254.00,1254.00,1254.00,1320.00,,1254.00,,,13440,17015064.00,33,F1,240,,,,,
2026-07-28,2026-07-28,CM,NSE,STK,11968,INE526G01021,VIVIMEDLAB,BE,,,,,VIVIMED LABS LIMITED,5.39,5.39,5.18,5.20,5.20,5.26,,5.20,,,39836,207755.51,60,F1,1,,,,,
2026-07-28,2026-07-28,CM,NSE,STK,7610,INE0IA701014,VIVO,SM,,,,,VIVO COLLAB SOLUTIONS LTD,81.20,81.20,81.20,81.20,81.20,77.35,,81.20,,,1600,129920.00,1,F1,1600,,,,,
2026-07-28,2026-07-28,CM,NSE,STK,14296,INE807F01027,VIYASH,EQ,,,,,VIYASH SCIENTIFIC LIMITED,260.70,261.00,252.15,253.45,253.10,259.70,,253.45,,,928140,236355104.50,18402,F1,1,,,,,
2026-07-28,2026-07-28,CM,NSE,STK,18021,INE03HW01020,VLEGOV,BE,,,,,VL E GOV AND IT SOL LTD,10.90,10.90,10.90,10.90,10.90,10.69,,10.82,,,30020,327218.00,52,F1,1,,,,,
2026-07-28,2026-07-28,CM,NSE,STK,3715,INE709A01018,VLSFINANCE,EQ,,,,,VLS FINANCE LTD,254.95,255.45,252.15,253.10,252.95,254.35,,253.10,,,5927,1503913.70,192,F1,1,,,,,
2026-07-28,2026-07-28,CM,NSE,STK,29284,INE665J01013,VMART,EQ,,,,,VMART RETAIL LTD,722.45,727.00,708.50,714.15,710.00,714.95,,714.15,,,106258,76090253.75,7818,F1,1,,,,,
2026-07-28,2026-07-28,CM,NSE,STK,759153,INE0SJA01013,VMSTMT,BE,,,,,VMS TMT LIMITED,44.00,44.50,42.56,43.01,43.50,44.02,,43.03,,,17960,780865.45,144,F1,1,,,,,
2026-07-28,2026-07-28,CM,NSE,STK,14366,INE669E01016,IDEA,EQ,,,,,VODAFONE IDEA LIMITED,13.06,13.14,12.89,12.95,12.94,13.06,,12.95,,,286262076,3723940155.68,516776,F1,1,,,,,
2026-07-28,2026-07-28,CM,NSE,STK,29658,INE241X01014,VOLERCAR,SM,,,,,VOLER CAR LIMITED,220.05,227.00,220.00,220.00,220.00,224.85,,220.00,,,5600,1244680.00,7,F1,800,,,,,
2026-07-28,2026-07-28,CM,NSE,STK,13577,INE540H01012,VOLTAMP,EQ,,,,,VOLTAMP TRANSFORMERS LTD,9179.00,9343.00,9120.00,9290.00,9311.00,9183.00,,9290.00,,,32161,297273096.00,14157,F1,1,,,,,
2026-07-28,2026-07-28,CM,NSE,STK,3718,INE226A01021,VOLTAS,EQ,,,,,VOLTAS LTD,1312.00,1318.80,1295.50,1311.10,1312.60,1319.30,,1311.10,,,280794,366315063.40,15739,F1,1,,,,,
2026-07-28,2026-07-28,CM,NSE,STK,24321,INE0S2V01010,VRAJ,EQ,,,,,VRAJ IRON AND STEEL LTD,129.40,129.78,125.10,125.98,125.65,128.50,,125.99,,,15757,2006834.50,1023,F1,1,,,,,
2026-07-28,2026-07-28,CM,NSE,STK,8696,INE366I01010,VRLLOG,EQ,,,,,VRL LOGISTICS LIMITED,261.45,263.98,257.51,260.14,259.50,262.75,,260.14,,,260436,67884747.81,6712,F1,1,,,,,
2026-07-28,2026-07-28,CM,NSE,STK,3724,INE710A01016,VSTIND,EQ,,,,,VST INDUSTRIES LTD,232.50,233.00,228.00,229.25,230.85,234.70,,229.25,,,229911,52965023.40,4408,F1,1,,,,,
2026-07-28,2026-07-28,CM,NSE,STK,24292,INE764D01017,VSTTILLERS,EQ,,,,,VST TILLERS TRACTORS LTD,4412.90,4447.90,4375.00,4389.20,4400.00,4430.20,,4388.90,,,4988,21937970.10,1594,F1,1,,,,,
2026-07-28,2026-07-28,CM,NSE,STK,762978,INE765D01022,WPIL,EQ,,,,,W P I L LTD.,444.80,458.00,432.30,434.75,438.80,442.20,,434.80,,,36985,16207496.60,2287,F1,1,,,,,
2026-07-28,2026-07-28,CM,NSE,STK,14828,INE100D01014,WSI,EQ,,,,,W.S.INDUSTRIES (I) LTD.,62.40,65.50,61.60,62.68,62.00,62.40,,62.66,,,216006,13760409.74,2815,F1,1,,,,,
2026-07-28,2026-07-28,CM,NSE,STK,25907,INE377N01017,WAAREEENER,EQ,,,,,WAAREE ENERGIES LIMITED,2741.00,2783.30,2687.00,2694.30,2689.70,2741.40,,2694.30,,,1036716,2837684315.00,48807,F1,1,,,,,
2026-07-28,2026-07-28,CM,NSE,STK,756038,INE299N01021,WAAREERTL,EQ,,,,,WAAREE RENEWABLE TECH LTD,932.20,940.00,919.90,923.50,919.90,931.30,,923.50,,,162521,151198528.20,10710,F1,1,,,,,
2026-07-28,2026-07-28,CM,NSE,STK,760259,INE0E7301029,WAKEFIT,EQ,,,,,WAKEFIT INNOVATIONS LTD,126.31,129.08,124.62,126.18,126.01,127.70,,126.18,,,1843046,232363813.43,14663,F1,1,,,,,
2026-07-28,2026-07-28,CM,NSE,STK,3736,INE711A01022,WALCHANNAG,EQ,,,,,WALCHANDNAGAR INDUSTRIES,234.30,235.70,224.30,226.15,228.60,233.50,,226.15,,,596015,136345605.35,8419,F1,1,,,,,
2026-07-28,2026-07-28,CM,NSE,STK,14063,INE107F01022,WANBURY,EQ,,,,,WANBURY LIMITED,330.00,331.70,310.20,312.45,312.80,329.25,,312.45,,,285158,90697290.80,6236,F1,1,,,,,
2026-07-28,2026-07-28,CM,NSE,STK,762163,INE0LZF01013,CORDELIA,EQ,,,,,WATERWAYS LEISURE TOUR L,820.70,822.05,800.00,804.20,801.50,820.70,,804.00,,,81709,66076758.20,4442,F1,1,,,,,
2026-07-28,2026-07-28,CM,NSE,STK,9865,INE082W01014,WEWIN,BE,,,,,WE WIN LIMITED,46.00,46.00,45.30,45.36,45.30,46.50,,45.35,,,363,16507.05,15,F1,1,,,,,
2026-07-28,2026-07-28,CM,NSE,STK,760482,INF2F0001370,TWCGOLDETF,EQ,,,,,WEALTH - TWCGOLDETF,142.00,142.00,140.59,140.88,140.76,143.17,,140.88,,,2402,338409.12,174,F1,1,,,,,
2026-07-28,2026-07-28,CM,NSE,STK,1923,INE658T01017,WEALTH,EQ,,,,,WEALTH FRST PORT. MG. LTD,958.95,987.45,955.15,969.10,966.00,958.95,,969.10,,,1956,1898188.15,329,F1,1,,,,,
2026-07-28,2026-07-28,CM,NSE,STK,14602,INE855C01023,WEBELSOLAR,EQ,,,,,WEBSOL ENERGY SYSTEM LTD,99.49,100.49,98.07,99.46,99.50,99.01,,99.45,,,1040029,103191469.80,5030,F1,1,,,,,
2026-07-28,2026-07-28,CM,NSE,STK,3748,INE080A01014,WEIZMANIND,EQ,,,,,WEIZMANN LTD,78.10,78.15,77.37,77.37,77.37,77.41,,77.37,,,913,71071.08,20,F1,1,,,,,
2026-07-28,2026-07-28,CM,NSE,STK,11821,INE191B01025,WELCORP,EQ,,,,,WELSPUN CORP LIMITED,1619.90,1648.70,1610.20,1643.10,1640.30,1599.80,,1643.10,,,825791,1345812552.40,50781,F1,1,,,,,
2026-07-28,2026-07-28,CM,NSE,STK,11626,INE625G01013,WELENT,EQ,,,,,WELSPUN ENTERPRISES LTD.,598.00,603.00,590.00,594.35,595.25,596.80,,594.45,,,92440,54937240.05,4102,F1,1,,,,,
2026-07-28,2026-07-28,CM,NSE,STK,19804,INE389K01018,WELINV,BE,,,,,WELSPUN INV & COMM LTD,1922.30,1941.50,1847.00,1895.20,1894.30,1931.90,,1895.20,,,164,310848.80,16,F1,1,,,,,
2026-07-28,2026-07-28,CM,NSE,STK,11253,INE192B01031,WELSPUNLIV,EQ,,,,,WELSPUN LIVING LIMITED,163.70,164.28,159.04,160.23,160.20,163.53,,160.23,,,1081405,173917961.62,11947,F1,1,,,,,
2026-07-28,2026-07-28,CM,NSE,STK,762971,INE731F01037,WELSPLSOL,EQ,,,,,WELSPUN SPECIALTY SOL L,52.08,52.99,51.12,52.42,52.31,51.69,,52.42,,,600526,31362200.37,3164,F1,1,,,,,
2026-07-28,2026-07-28,CM,NSE,STK,4235,INE274C01019,WENDT,EQ,,,,,WENDT (INDIA) LIMITED,8290.00,8550.00,8155.00,8299.50,8300.00,8302.50,,8299.50,,,22784,190493554.50,6895,F1,1,,,,,
2026-07-28,2026-07-28,CM,NSE,STK,3799,INE976A01021,WSTCSTPAPR,EQ,,,,,WEST COAST PAPER MILLS LT,583.90,583.90,557.10,570.30,570.60,581.70,,570.30,,,194510,110646918.70,8842,F1,1,,,,,
2026-07-28,2026-07-28,CM,NSE,STK,25403,INE0CJF01024,WCIL,EQ,,,,,WESTERN CARRIERS (IND) L,91.49,91.55,89.21,89.43,89.21,91.06,,89.40,,,19425,1751291.19,520,F1,1,,,,,
2026-07-28,2026-07-28,CM,NSE,STK,11580,INE274F01020,WESTLIFE,EQ,,,,,WESTLIFE FOODWORLD LTD,462.05,470.00,462.05,466.80,468.00,464.50,,466.80,,,53583,24962674.00,4172,F1,1,,,,,
2026-07-28,2026-07-28,CM,NSE,STK,759434,INE085001019,WEWORK,EQ,,,,,WEWORK INDIA MANAGEMENT L,720.00,720.00,700.00,710.10,710.00,724.40,,710.10,,,142145,100814450.80,14974,F1,1,,,,,
2026-07-28,2026-07-28,CM,NSE,STK,3766,INE715A01015,WHEELS,EQ,,,,,WHEELS INDIA LTD,1459.90,1459.90,1375.00,1417.10,1415.00,1495.60,,1417.10,,,259460,364280192.30,21318,F1,1,,,,,
2026-07-28,2026-07-28,CM,NSE,STK,18011,INE716A01013,WHIRLPOOL,EQ,,,,,WHIRLPOOL OF INDIA LTD,793.00,799.70,779.05,780.40,779.50,794.80,,780.35,,,123386,96778910.85,11068,F1,1,,,,,
2026-07-28,2026-07-28,CM,NSE,STK,3772,INE210A01017,WILLAMAGOR,EQ,,,,,WILLIAMSON MAGOR,25.01,26.17,24.55,25.96,26.17,25.45,,25.95,,,813,20741.40,23,F1,1,,,,,
2026-07-28,2026-07-28,CM,NSE,STK,5366,INE0H5O01029,WINDLAS,EQ,,,,,WINDLAS BIOTECH LIMITED,854.00,862.40,848.30,849.00,848.60,857.50,,849.00,,,13436,11470178.70,1144,F1,1,,,,,
2026-07-28,2026-07-28,CM,NSE,STK,24969,INE052A01021,WINDMACHIN,EQ,,,,,WINDSOR MACHINES LIMITED,282.50,288.95,273.40,276.85,275.15,281.90,,276.85,,,58258,16151658.30,1952,F1,1,,,,,
2026-07-28,2026-07-28,CM,NSE,STK,24173,INE0S9101013,WINNY,SM,,,,,WINNY IMMIGRA & EDU SER L,33.85,33.85,33.85,33.85,33.85,35.60,,33.85,,,2500,84625.00,4,F1,500,,,,,
2026-07-28,2026-07-28,CM,NSE,STK,23714,INE0S3D01016,WINSOL,SM,,,,,WINSOL ENGINEERS LIMITED,113.50,113.50,108.05,109.40,109.20,112.65,,109.40,,,11200,1237260.00,24,F1,400,,,,,
2026-07-28,2026-07-28,CM,NSE,STK,14757,INE784B01035,WINSOME,BZ,,,,,WINSOME YARNS LIMITED,2.43,2.43,2.43,2.43,2.43,2.39,,2.43,,,7961,19345.23,8,F1,1,,,,,
2026-07-28,2026-07-28,CM,NSE,STK,3787,INE075A01022,WIPRO,EQ,,,,,WIPRO LTD,178.55,181.70,178.55,181.12,181.05,178.53,,181.12,,,26873060,4858205193.47,122922,F1,1,,,,,
2026-07-28,2026-07-28,CM,NSE,STK,22725,INE623Y01011,WTICAB,SM,,,,,WISE TRAVEL INDIA LIMITED,119.60,119.60,110.05,113.00,114.45,119.60,,113.00,,,40000,4539950.00,70,F1,500,,,,,
2026-07-28,2026-07-28,CM,NSE,STK,7506,INE049B01025,WOCKPHARMA,EQ,,,,,WOCKHARDT LIMITED,1859.90,1898.00,1843.70,1890.10,1892.00,1865.20,,1889.60,,,361389,677372108.40,19319,F1,1,,,,,
2026-07-28,2026-07-28,CM,NSE,STK,25605,INE0OO201011,WOL3D,ST,,,,,WOL 3D INDIA LIMITED,131.00,131.00,131.00,131.00,131.00,131.00,,131.00,,,2000,262000.00,2,F1,1000,,,,,
2026-07-28,2026-07-28,CM,NSE,STK,19627,INE0Q9601016,WOMANCART,SM,,,,,WOMANCART LIMITED,100.00,103.90,97.05,101.55,101.55,99.95,,101.55,,,6800,681360.00,16,F1,400,,,,,
2026-07-28,2026-07-28,CM,NSE,STK,7835,INE02WG01024,WEL,EQ,,,,,WONDER ELECTRICALS LTD,109.97,113.29,109.97,110.60,109.97,109.97,,110.60,,,365083,40639759.12,1639,F1,1,,,,,
2026-07-28,2026-07-28,CM,NSE,STK,3002,INE066O01014,WONDERLA,EQ,,,,,WONDERLA HOLIDAYS LTD.,466.20,470.00,460.25,461.60,461.00,467.75,,461.65,,,43045,19999432.90,3925,F1,1,,,,,
2026-07-28,2026-07-28,CM,NSE,STK,22277,INE196Y01018,WORTHPERI,EQ,,,,,WORTH PERIPHERALS LIMITED,141.56,146.30,141.56,142.94,145.90,143.31,,142.94,,,8757,1263899.83,82,F1,1,,,,,
2026-07-28,2026-07-28,CM,NSE,STK,11705,INE692G01013,XCHANGING,EQ,,,,,XCHANGING SOLUTIONS LTD,64.70,67.05,64.12,65.86,66.18,64.19,,65.87,,,168135,11088187.59,2553,F1,1,,,,,
2026-07-28,2026-07-28,CM,NSE,STK,8477,INE01P501012,XELPMOC,EQ,,,,,XELPMOC DESIGN & TECH LTD,81.00,81.00,78.60,80.07,81.00,79.32,,80.11,,,12687,1006570.87,245,F1,1,,,,,
2026-07-28,2026-07-28,CM,NSE,STK,11407,INE445C01015,XPROINDIA,EQ,,,,,XPRO INDIA LIMITED,1387.10,1405.70,1369.10,1378.00,1387.80,1394.10,,1378.30,,,16965,23537668.40,2099,F1,1,,,,,
2026-07-28,2026-07-28,CM,NSE,STK,25235,INE547B01028,XTGLOBAL,EQ,,,,,XTGLOBAL INFOTECH LIMITED,28.80,31.85,27.51,31.28,30.10,28.39,,31.27,,,316526,9558995.28,1646,F1,1,,,,,
2026-07-28,2026-07-28,CM,NSE,STK,760873,INE0U0J01015,YAAP,ST,,,,,YAAP DIGITAL LIMITED,154.00,157.35,154.00,157.35,157.35,155.30,,157.35,,,8000,1235350.00,4,F1,1000,,,,,
2026-07-28,2026-07-28,CM,NSE,STK,23451,INE0TO601017,YASHOPTICS,SM,,,,,YASH OPTICS & LENS LTD,112.30,113.00,111.30,111.30,111.30,111.30,,111.30,,,4000,448480.00,5,F1,800,,,,,
2026-07-28,2026-07-28,CM,NSE,STK,18131,INE616Z01012,YASHO,EQ,,,,,YASHO INDUSTRIES LIMITED,3092.00,3243.90,3041.80,3195.30,3170.00,3092.60,,3195.40,,,17021,53469895.60,3494,F1,1,,,,,
2026-07-28,2026-07-28,CM,NSE,STK,17738,INE0JO301016,YATHARTH,EQ,,,,,YATHARTH HOSP & TRA C S L,850.00,853.05,831.00,833.95,837.95,843.90,,833.95,,,118261,99155491.05,7937,F1,1,,,,,
2026-07-28,2026-07-28,CM,NSE,STK,18760,INE0JR601024,YATRA,EQ,,,,,YATRA ONLINE LIMITED,111.19,112.35,106.41,107.34,107.36,110.65,,107.35,,,603659,65868586.00,8733,F1,1,,,,,
2026-07-28,2026-07-28,CM,NSE,STK,11915,INE528G01035,YESBANK,EQ,,,,,YES BANK LIMITED,22.94,22.98,22.76,22.81,22.81,22.94,,22.81,,,71668089,1638623271.65,62888,F1,1,,,,,
2026-07-28,2026-07-28,CM,NSE,STK,5501,INE384C01016,YUKEN,EQ,,,,,YUKEN INDIA LIMITED,710.35,717.50,695.00,701.60,695.05,710.55,,701.50,,,7350,5189892.65,536,F1,1,,,,,
2026-07-28,2026-07-28,CM,NSE,STK,4229,INE116C01012,ZFSTEERING,EQ,,,,,Z F STEERING GEAR (I) LTD,696.25,697.70,661.50,673.70,668.00,686.40,,674.90,,,16265,11165365.05,496,F1,1,,,,,
2026-07-28,2026-07-28,CM,NSE,STK,23976,INE0ISZ01012,ZTECH,SM,,,,,Z-TECH (INDIA) LIMITED,520.00,543.95,517.55,522.50,527.45,517.20,,522.50,,,9000,4757445.00,27,F1,300,,,,,
2026-07-28,2026-07-28,CM,NSE,STK,18608,INE07K301024,ZAGGLE,EQ,,,,,ZAGGLE PREPA OCEAN SER L,206.00,209.20,202.53,203.79,203.50,203.34,,203.79,,,700302,144266798.97,9227,F1,1,,,,,
2026-07-28,2026-07-28,CM,NSE,STK,17766,INE0PPS01018,ZEAL,SM,,,,,ZEAL GLOBAL SERVICES LTD,62.00,62.00,60.95,61.00,61.00,63.00,,61.00,,,9000,553770.00,14,F1,600,,,,,
2026-07-28,2026-07-28,CM,NSE,STK,3812,INE256A01028,ZEEL,EQ,,,,,ZEE ENTERTAINMENT ENT LTD,109.15,110.20,106.25,107.57,107.28,108.86,,107.57,,,13030601,1415755669.07,45794,F1,1,,,,,
2026-07-28,2026-07-28,CM,NSE,STK,20856,INE565L01011,ZEELEARN,BE,,,,,ZEE LEARN LIMITED,8.16,8.56,8.14,8.48,8.56,8.16,,8.47,,,411866,3429707.36,387,F1,1,,,,,
2026-07-28,2026-07-28,CM,NSE,STK,14003,INE966H01019,ZEEMEDIA,EQ,,,,,ZEE MEDIA CORPORATION LTD,7.91,8.00,7.86,7.92,7.97,7.96,,7.92,,,238330,1887476.39,599,F1,1,,,,,
2026-07-28,2026-07-28,CM,NSE,STK,7508,INE251B01027,ZENTEC,EQ,,,,,ZEN TECHNOLOGIES LIMITED,1688.10,1688.10,1625.50,1640.60,1642.00,1688.20,,1640.60,,,600117,984805493.00,33678,F1,1,,,,,
2026-07-28,2026-07-28,CM,NSE,STK,22803,INE0QWN01013,ZENITHDRUG,SM,,,,,ZENITH DRUGS LIMITED,51.00,51.00,49.25,49.25,49.25,49.00,,49.25,,,4000,202600.00,2,F1,800,,,,,
2026-07-28,2026-07-28,CM,NSE,STK,4176,INE058B01018,ZENITHEXPO,EQ,,,,,ZENITH EXPORTS LTD,204.00,207.80,194.75,199.86,196.45,205.00,,199.86,,,1601,320978.71,40,F1,1,,,,,
2026-07-28,2026-07-28,CM,NSE,STK,14562,INE318D01020,ZENITHSTL,EQ,,,,,ZENITH STEEL PIP IND LTD,5.83,5.87,5.26,5.53,5.52,5.72,,5.53,,,130568,720219.66,384,F1,1,,,,,
2026-07-28,2026-07-28,CM,NSE,STK,1076,INE520A01027,ZENSARTECH,EQ,,,,,ZENSAR TECHNOLOGIES  LTD,516.60,541.50,516.60,524.65,524.70,515.40,,524.60,,,5365009,2857578604.65,94164,F1,1,,,,,
2026-07-28,2026-07-28,CM,NSE,STK,22901,INF0R8F01042,GOLDCASE,EQ,,,,,ZERODHAAMC - GOLDCASE,22.16,22.46,22.16,22.23,22.24,22.56,,22.23,,,7486761,166638124.53,9652,F1,1,,,,,
2026-07-28,2026-07-28,CM,NSE,STK,21750,INF0R8F01034,LIQUIDCASE,EQ,,,,,ZERODHAAMC - LIQUIDCASE,115.21,115.21,115.19,115.19,115.21,115.19,,115.19,,,14936566,1720647072.72,9021,F1,1,,,,,
2026-07-28,2026-07-28,CM,NSE,STK,758705,INF0R8F01133,LTGILTCASE,EQ,,,,,ZERODHAAMC - LTGILTCASE,30.87,30.87,29.96,30.55,30.56,30.53,,30.54,,,101810,3110503.61,254,F1,1,,,,,
2026-07-28,2026-07-28,CM,NSE,STK,24077,INF0R8F01059,MID150CASE,EQ,,,,,ZERODHAAMC - MID150CASE,11.55,11.81,11.49,11.52,11.54,11.53,,11.52,,,1100336,12678269.22,3231,F1,1,,,,,
2026-07-28,2026-07-28,CM,NSE,STK,759302,INF0R8F01166,NIFTYCASE,EQ,,,,,ZERODHAAMC - NIFTYCASE,11.40,11.40,9.60,9.63,9.64,9.64,,9.63,,,1243192,11989143.82,1562,F1,1,,,,,
2026-07-28,2026-07-28,CM,NSE,STK,30274,INF0R8F01091,SILVERCASE,EQ,,,,,ZERODHAAMC - SILVERCASE,22.35,22.35,21.83,21.88,21.85,22.56,,21.88,,,7810754,171433058.07,9915,F1,1,,,,,
2026-07-28,2026-07-28,CM,NSE,STK,758955,INF0R8F01141,SML100CASE,EQ,,,,,ZERODHAAMC - SML100CASE,10.95,10.95,10.80,10.85,10.87,10.87,,10.85,,,461943,5004509.86,1129,F1,1,,,,,
2026-07-28,2026-07-28,CM,NSE,STK,24081,INF0R8F01067,TOP100CASE,EQ,,,,,ZERODHAAMC - TOP100CASE,10.40,10.67,10.40,10.51,10.53,10.52,,10.51,,,467794,4922574.29,1557,F1,1,,,,,
2026-07-28,2026-07-28,CM,NSE,STK,16915,INE342J01019,ZFCVINDIA,EQ,,,,,ZF COM VE CTR SYS IND LTD,2309.90,2383.70,2287.00,2376.90,2367.00,2299.10,,2376.90,,,108931,255697805.40,16284,F1,1,,,,,
2026-07-28,2026-07-28,CM,NSE,STK,12412,INE518E01015,ZIMLAB,BE,,,,,ZIM LABORATORIES LIMITED,115.65,115.65,115.64,115.64,115.64,118.00,,115.45,,,10561,1221344.62,32,F1,1,,,,,
2026-07-28,2026-07-28,CM,NSE,STK,3821,INE206B01013,ZODIACLOTH,EQ,,,,,ZODIAC CLOTHING CO. LTD.,75.65,77.00,74.72,75.08,74.96,75.84,,75.05,,,1919,144089.78,70,F1,1,,,,,
2026-07-28,2026-07-28,CM,NSE,STK,7138,INE761Y01019,ZODIAC,BE,,,,,ZODIAC ENERGY LIMITED,245.90,249.15,241.10,244.65,244.20,245.90,,244.70,,,3929,959273.00,180,F1,1,,,,,
2026-07-28,2026-07-28,CM,NSE,STK,11394,INE358U01012,ZOTA,EQ,,,,,ZOTA HEALTH CARE LIMITED,1290.00,1292.00,1261.50,1274.90,1278.40,1283.10,,1274.90,,,57134,73024930.20,2229,F1,1,,,,,
2026-07-28,2026-07-28,CM,NSE,STK,29050,INE840M01016,ZUARI,EQ,,,,,ZUARI AGRO CHEMICALS LTD,222.00,227.47,221.50,225.68,225.23,222.10,,225.66,,,96736,21785559.45,2429,F1,1,,,,,
2026-07-28,2026-07-28,CM,NSE,STK,3827,INE217A01012,ZUARIIND,EQ,,,,,ZUARI INDUSTRIES LIMITED,253.30,259.65,249.05,250.15,251.00,255.60,,250.15,,,32051,8052778.55,741,F1,1,,,,,
2026-07-28,2026-07-28,CM,NSE,STK,7929,INE010B01027,ZYDUSLIFE,EQ,,,,,ZYDUS LIFESCIENCES LTD,1108.20,1115.90,1095.20,1099.20,1101.00,1108.20,,1099.20,,,748145,826057912.10,42177,F1,1,,,,,
2026-07-28,2026-07-28,CM,NSE,STK,17635,INE768C01028,ZYDUSWELL,EQ,,,,,ZYDUS WELLNESS LIMITED,558.00,563.75,547.45,549.45,548.50,559.35,,549.45,,,127145,70308175.40,7647,F1,1,,,,,
