TradDt,BizDt,Sgmt,Src,FinInstrmTp,FinInstrmId,ISIN,TckrSymb,SctySrs,XpryDt,FininstrmActlXpryDt,StrkPric,OptnTp,FinInstrmNm,OpnPric,HghPric,LwPric,ClsPric,LastPric,PrvsClsgPric,UndrlygPric,SttlmPric,OpnIntrst,ChngInOpnIntrst,TtlTradgVol,TtlTrfVal,TtlNbOfTxsExctd,SsnId,NewBrdLotQty,Rmks,Rsvd1,Rsvd2,Rsvd3,Rsvd4
2026-08-03,2026-08-03,CM,NSE,STK,19078,IN0020200104,SGBJUN28,GB,,,,,2.5%GOLDBONDS2028SR-III,13852.00,14197.99,13852.00,14159.91,14159.91,14093.00,,14159.91,,,296,4184595.44,45,F1,1,,,,,
2026-08-03,2026-08-03,CM,NSE,STK,1342,IN0020200286,SGBN28VIII,GB,,,,,2.5%GOLDBONDS2028SR-VIII,14131.00,14250.00,14131.00,14158.10,14152.00,14125.37,,14158.10,,,272,3870424.72,40,F1,1,,,,,
2026-08-03,2026-08-03,CM,NSE,STK,3742,IN0020210053,SGBMAY29I,GB,,,,,2.5%GOLDBONDS2029SR-I,14160.00,14320.98,14160.00,14183.79,14162.20,14151.29,,14176.69,,,308,4368951.47,75,F1,1,,,,,
2026-08-03,2026-08-03,CM,NSE,STK,3743,IN0020210061,SGBJUN29II,GB,,,,,2.5%GOLDBONDS2029SR-II,14121.00,14200.00,14121.00,14190.20,14199.00,14119.60,,14191.55,,,162,2292216.09,33,F1,1,,,,,
2026-08-03,2026-08-03,CM,NSE,STK,3800,IN0020210087,SGBJU29III,GB,,,,,2.5%GOLDBONDS2029SR-III,14200.00,14205.42,14135.01,14200.00,14200.00,14118.07,,14197.50,,,81,1149423.91,23,F1,1,,,,,
2026-08-03,2026-08-03,CM,NSE,STK,5575,IN0020210145,SGBSEP29VI,GB,,,,,2.5%GOLDBONDS2029SR-VI,14191.64,14299.99,14150.00,14208.30,14220.00,14191.64,,14208.30,,,201,2858578.59,49,F1,1,,,,,
2026-08-03,2026-08-03,CM,NSE,STK,6518,IN0020210178,SGBNV29VII,GB,,,,,2.5%GOLDBONDS2029SR-VII,14051.00,14250.00,14051.00,14159.18,14155.00,14154.58,,14158.39,,,87,1232741.93,37,F1,1,,,,,
2026-08-03,2026-08-03,CM,NSE,STK,6355,IN0020180314,SGBNOV26,GB,,,,,2.50%GOLDBONDS2026SR-III,14005.01,14200.00,14005.01,14200.00,14200.00,14250.00,,14200.00,,,15,212805.01,4,F1,1,,,,,
2026-08-03,2026-08-03,CM,NSE,STK,11154,IN0020190081,SGBJUL27,GB,,,,,2.50%GOLDBONDS2027SR-II,14100.00,14100.00,14100.00,14100.00,14100.00,14099.00,,14100.00,,,7,98700.00,3,F1,1,,,,,
2026-08-03,2026-08-03,CM,NSE,STK,12904,IN0020190107,SGBAUG27,GB,,,,,2.50%GOLDBONDS2027SR-III,14300.00,14300.00,14250.00,14295.00,14295.00,14301.00,,14322.50,,,13,185586.01,7,F1,1,,,,,
2026-08-03,2026-08-03,CM,NSE,STK,13209,IN0020190115,SGBSEP27,GB,,,,,2.50%GOLDBONDS2027SR-IV,14150.00,14200.00,14150.00,14200.00,14200.00,14120.00,,14215.00,,,21,297250.00,2,F1,1,,,,,
2026-08-03,2026-08-03,CM,NSE,STK,8308,IN0020180462,SGBJAN27,GB,,,,,2.50%GOLDBONDS2027SR-V,14010.01,14220.00,14010.01,14220.00,14220.00,14100.00,,14220.00,,,18,255262.02,6,F1,1,,,,,
2026-08-03,2026-08-03,CM,NSE,STK,15432,IN0020190461,SGBDC27VII,GB,,,,,2.50%GOLDBONDS2027SR-VII,14142.97,14142.97,14142.97,14142.97,14142.97,14142.97,,14128.99,,,1,14142.97,1,F1,1,,,,,
2026-08-03,2026-08-03,CM,NSE,STK,18862,IN0020200062,SGBAPR28I,GB,,,,,2.50%GOLDBONDS2028SR-I,14387.00,14387.00,14208.18,14225.78,14225.00,14236.65,,14226.42,,,427,6088513.87,62,F1,1,,,,,
2026-08-03,2026-08-03,CM,NSE,STK,18972,IN0020200088,SGBMAY28,GB,,,,,2.50%GOLDBONDS2028SR-II,14190.00,14190.00,14143.50,14149.89,14143.50,14109.37,,14149.89,,,101,1431666.84,30,F1,1,,,,,
2026-08-03,2026-08-03,CM,NSE,STK,22242,IN0020200146,SGBJUL28IV,GB,,,,,2.50%GOLDBONDS2028SR-IV,14125.00,14176.00,14115.00,14159.99,14159.99,14113.63,,14159.99,,,153,2165483.07,53,F1,1,,,,,
2026-08-03,2026-08-03,CM,NSE,STK,17664,IN0020190545,SGBFEB28IX,GB,,,,,2.50%GOLDBONDS2028SR-IX,14032.00,14032.00,14032.00,14032.00,14032.00,14200.00,,14032.00,,,3,42096.00,1,F1,1,,,,,
2026-08-03,2026-08-03,CM,NSE,STK,22385,IN0020200161,SGBAUG28V,GB,,,,,2.50%GOLDBONDS2028SR-V,14269.99,14270.00,14201.00,14210.63,14201.00,14256.57,,14210.63,,,714,10160820.24,103,F1,1,,,,,
2026-08-03,2026-08-03,CM,NSE,STK,149,IN0020200195,SGBSEP28VI,GB,,,,,2.50%GOLDBONDS2028SR-VI,14160.59,14250.00,14160.59,14206.83,14191.02,14160.59,,14220.41,,,102,1448505.22,21,F1,1,,,,,
2026-08-03,2026-08-03,CM,NSE,STK,834,IN0020200203,SGBOC28VII,GB,,,,,2.50%GOLDBONDS2028SR-VII,14200.00,14240.00,14180.01,14180.01,14180.01,14130.00,,14180.01,,,111,1576469.80,20,F1,1,,,,,
2026-08-03,2026-08-03,CM,NSE,STK,18451,IN0020190552,SGBMAR28X,GB,,,,,2.50%GOLDBONDS2028SR-X,13796.25,14170.00,13796.25,14170.00,14170.00,14150.00,,14170.00,,,10,140866.50,6,F1,1,,,,,
2026-08-03,2026-08-03,CM,NSE,STK,5113,IN0020210111,SGBJUL29IV,GB,,,,,2.50%GOLDBONDS2029SR-IV,14110.01,14298.00,14108.00,14247.38,14298.00,14108.04,,14242.23,,,389,5522683.01,63,F1,1,,,,,
2026-08-03,2026-08-03,CM,NSE,STK,1920,IN0020200377,SGBJAN29IX,GB,,,,,2.50%GOLDBONDS2029SR-IX,14094.00,14248.99,14061.00,14175.08,14171.00,14148.00,,14175.08,,,88,1246748.66,25,F1,1,,,,,
2026-08-03,2026-08-03,CM,NSE,STK,5455,IN0020210129,SGBAUG29V,GB,,,,,2.50%GOLDBONDS2029SR-V,14250.00,14388.99,14215.01,14235.16,14230.00,14251.17,,14230.97,,,213,3037165.12,39,F1,1,,,,,
2026-08-03,2026-08-03,CM,NSE,STK,7098,IN0020210228,SGBD29VIII,GB,,,,,2.50%GOLDBONDS2029SR-VIII,14300.00,14360.00,14175.01,14210.00,14205.00,14312.37,,14210.00,,,69,981706.94,31,F1,1,,,,,
2026-08-03,2026-08-03,CM,NSE,STK,2003,IN0020200385,SGBJAN29X,GB,,,,,2.50%GOLDBONDS2029SR-X,14285.94,14285.94,14132.00,14178.18,14160.00,14144.50,,14173.84,,,45,637899.94,19,F1,1,,,,,
2026-08-03,2026-08-03,CM,NSE,STK,2200,IN0020200393,SGBFEB29XI,GB,,,,,2.50%GOLDBONDS2029SR-XI,14205.00,14249.00,14202.52,14209.15,14245.00,14202.52,,14217.38,,,34,483596.88,16,F1,1,,,,,
2026-08-03,2026-08-03,CM,NSE,STK,2810,IN0020200427,SGBMR29XII,GB,,,,,2.50%GOLDBONDS2029SR-XII,14183.60,14249.97,14183.60,14208.12,14205.00,14183.60,,14205.73,,,100,1420134.05,29,F1,1,,,,,
2026-08-03,2026-08-03,CM,NSE,STK,10232,IN0020220045,SGBJUN30,GB,,,,,2.50%GOLDBONDS2030SR-I,14250.00,14370.98,14220.00,14234.96,14235.00,14204.50,,14234.96,,,250,3565968.64,69,F1,1,,,,,
2026-08-03,2026-08-03,CM,NSE,STK,11192,IN0020220078,SGBAUG30,GB,,,,,2.50%GOLDBONDS2030SR-II,14369.16,14499.99,14311.00,14373.28,14360.00,14297.67,,14365.41,,,182,2617000.60,41,F1,1,,,,,
2026-08-03,2026-08-03,CM,NSE,STK,13642,IN0020220110,SGBDE30III,GB,,,,,2.50%GOLDBONDS2030SR-III,14305.01,14448.99,14305.01,14350.00,14350.00,14282.03,,14377.62,,,102,1464693.66,45,F1,1,,,,,
2026-08-03,2026-08-03,CM,NSE,STK,7879,IN0020210236,SGBJAN30IX,GB,,,,,2.50%GOLDBONDS2030SR-IX,14105.01,14321.98,14105.01,14290.00,14290.00,14199.00,,14290.00,,,332,4718712.09,59,F1,1,,,,,
2026-08-03,2026-08-03,CM,NSE,STK,8401,IN0020210319,SGBMAR30X,GB,,,,,2.50%GOLDBONDS2030SR-X,14126.00,14398.80,14126.00,14257.83,14315.90,14219.05,,14260.31,,,125,1781027.29,43,F1,1,,,,,
2026-08-03,2026-08-03,CM,NSE,STK,17202,IN0020230069,SGBJUN31I,GB,,,,,2.50%GOLDBONDS2031SR-I,14492.46,14697.86,14435.00,14437.67,14435.00,14492.46,,14434.09,,,475,6885627.43,164,F1,1,,,,,
2026-08-03,2026-08-03,CM,NSE,STK,19456,IN0020230093,SGBSEP31II,GB,,,,,2.50%GOLDBONDS2031SR-II,14500.00,14539.99,14325.00,14469.69,14469.00,14455.04,,14467.55,,,773,11183016.82,125,F1,1,,,,,
2026-08-03,2026-08-03,CM,NSE,STK,22476,IN0020230168,SGBDE31III,GB,,,,,2.50%GOLDBONDS2031SR-III,14514.00,14699.00,14450.00,14535.26,14536.00,14514.87,,14533.16,,,1220,17718238.48,255,F1,1,,,,,
2026-08-03,2026-08-03,CM,NSE,STK,14598,IN0020220169,SGBMAR31IV,GB,,,,,2.50%GOLDBONDS2031SR-IV,14450.00,14589.98,14435.00,14452.36,14459.00,14450.00,,14443.73,,,245,3540744.22,85,F1,1,,,,,
2026-08-03,2026-08-03,CM,NSE,STK,22886,IN0020230184,SGBFEB32IV,GB,,,,,2.50%GOLDBONDS2032SR-IV,14674.84,14899.00,14501.00,14640.14,14615.00,14601.83,,14636.03,,,1201,17582603.75,271,F1,1,,,,,
2026-08-03,2026-08-03,CM,NSE,STK,16921,INE144J01027,20MICRONS,EQ,,,,,20 MICRONS LTD,193.03,199.80,192.50,196.03,195.00,192.46,,196.07,,,173167,34129182.32,3859,F1,1,,,,,
2026-08-03,2026-08-03,CM,NSE,STK,4,INE253B01015,21STCENMGM,EQ,,,,,21ST CENTURY MGMT SERVICE,40.17,40.97,39.94,40.97,40.97,40.17,,40.97,,,4003,163895.05,55,F1,1,,,,,
2026-08-03,2026-08-03,CM,NSE,STK,13061,INE466L01038,360ONE,EQ,,,,,360 ONE WAM LIMITED,1153.60,1158.50,1136.60,1147.80,1147.80,1135.30,,1147.70,,,366010,420902973.10,18019,F1,1,,,,,
2026-08-03,2026-08-03,CM,NSE,STK,30105,INF579M01BB5,GOLD360,EQ,,,,,360ONEAMC - GOLD360,138.75,139.90,138.25,138.50,138.30,138.75,,138.52,,,9120,1264754.20,250,F1,1,,,,,
2026-08-03,2026-08-03,CM,NSE,STK,763602,INF579M01BP5,MSCI360,EQ,,,,,360ONEAMC - MSCI360,10.23,10.51,10.10,10.37,10.16,10.23,,10.37,,,31339,323310.32,60,F1,1,,,,,
2026-08-03,2026-08-03,CM,NSE,STK,756150,INF579M01BC3,SILVER360,EQ,,,,,360ONEAMC - SILVER360,212.59,213.94,211.94,212.30,212.38,212.26,,212.34,,,6761,1437758.62,250,F1,1,,,,,
2026-08-03,2026-08-03,CM,NSE,STK,762518,INE994E01018,3BBLACKBIO,EQ,,,,,3B BLACKBIO DX LTD.,1247.10,1282.00,1231.20,1248.10,1231.20,1247.10,,1247.09,,,4007,5047101.70,472,F1,1,,,,,
2026-08-03,2026-08-03,CM,NSE,STK,6232,INE748C01038,3IINFOLTD,EQ,,,,,3I INFOTECH LIMITED,23.41,25.05,23.40,24.39,24.50,23.21,,24.39,,,3449586,84002459.61,8011,F1,1,,,,,
2026-08-03,2026-08-03,CM,NSE,STK,474,INE470A01017,3MINDIA,EQ,,,,,3M INDIA LIMITED,35170.00,36660.00,35020.00,35955.00,35800.00,34615.00,,35953.81,,,6489,232536525.00,3365,F1,1,,,,,
2026-08-03,2026-08-03,CM,NSE,STK,2595,INE105C01023,3PLAND,EQ,,,,,3P LAND HOLDINGS LIMITED,33.00,33.00,31.45,31.63,32.40,31.70,,31.63,,,2931,93164.34,95,F1,1,,,,,
2026-08-03,2026-08-03,CM,NSE,STK,445,INE618L01018,5PAISA,EQ,,,,,5PAISA CAPITAL LIMITED,353.75,356.20,350.40,353.25,352.00,348.60,,353.10,,,16751,5929099.70,834,F1,1,,,,,
2026-08-03,2026-08-03,CM,NSE,STK,11868,INE111B01023,63MOONS,EQ,,,,,63 MOONS TECHNOLOGIES LTD,941.25,957.95,882.00,897.05,893.00,931.40,,897.11,,,2873773,2665856600.55,73300,F1,1,,,,,
2026-08-03,2026-08-03,CM,NSE,STK,20052,INE787H07156,740IIFCL33,N1,,,,,7.40% TAX FREETRI SRIII,1150.06,1150.06,1150.06,1150.06,1150.06,1145.20,,1150.06,,,120,138007.20,1,F1,1,,,,,
2026-08-03,2026-08-03,CM,NSE,STK,19926,INE020B07JU4,743REC35,NH,,,,,7.43% TAX FREE TRI SR3B,1200.00,1200.00,1200.00,1200.00,1200.00,1185.00,,1200.00,,,20,24000.00,1,F1,1,,,,,
2026-08-03,2026-08-03,CM,NSE,STK,29312,INE031A07865,751HUDCO28,N5,,,,,7.51 NCD 16FEB28 TR1 SR2,1063.95,1063.95,1062.13,1062.13,1062.13,1062.00,,1062.13,,,150,159410.50,2,F1,1,,,,,
2026-08-03,2026-08-03,CM,NSE,STK,19976,INE134E07588,760PFCL35,N3,,,,,7.60% TAX FREE NCD,1206.01,1206.01,1206.01,1206.01,1206.01,1203.04,,1206.01,,,278,335270.78,4,F1,1,,,,,
2026-08-03,2026-08-03,CM,NSE,STK,20034,INE261F07032,764NABAR31,N2,,,,,7.64% TAX FREE TRI SRIIB,1105.55,1113.00,1105.00,1109.17,1110.99,1106.29,,1109.17,,,3392,3757166.43,43,F1,1,,,,,
2026-08-03,2026-08-03,CM,NSE,STK,19928,INE031A07AO5,764HUDCO31,N8,,,,,7.64% TAX FREETRI SR2B,1120.00,1120.00,1120.00,1120.00,1120.00,1120.29,,1118.00,,,30,33600.00,1,F1,1,,,,,
2026-08-03,2026-08-03,CM,NSE,STK,19930,INE031A07AT4,769HUDCO31,N9,,,,,7.69% TAX FREETRII SR2B,1128.80,1128.80,1128.70,1128.70,1128.70,1127.60,,1128.70,,,2,2257.50,2,F1,1,,,,,
2026-08-03,2026-08-03,CM,NSE,STK,19924,INE020B07GH7,812REC27,NI,,,,,8.12/8.32% TAX FREE NCD,1024.00,1024.00,1024.00,1024.00,1024.00,1023.00,,1024.00,,,250,256000.00,2,F1,1,,,,,
2026-08-03,2026-08-03,CM,NSE,STK,31240,INE031A07840,82HUDCO27,N2,,,,,8.20 NCD05MAR27 FV 1000,1046.00,1046.00,1046.00,1046.00,1046.00,1047.00,,1046.00,,,800,836800.00,3,F1,1,,,,,
2026-08-03,2026-08-03,CM,NSE,STK,20022,INE134E07208,830PFCL27,N5,,,,,8.30% TAX FREE NCD,1075.66,1079.00,1075.66,1079.00,1079.00,1079.00,,1079.00,,,40,43039.76,2,F1,1,,,,,
2026-08-03,2026-08-03,CM,NSE,STK,186,INE906B07DE1,850NHAI29,N5,,,,,8.50% TAX FREE TR I S IIA,1101.52,1101.52,1101.52,1101.52,1101.52,1101.50,,1101.52,,,5,5507.60,2,F1,1,,,,,
2026-08-03,2026-08-03,CM,NSE,STK,192,INE906B07DF8,875NHAI29,N6,,,,,8.75% TAX FREE TR I S IIB,1111.49,1112.00,1111.49,1112.00,1112.00,1112.00,,1112.00,,,101,112311.49,3,F1,1,,,,,
2026-08-03,2026-08-03,CM,NSE,STK,19968,INE031A07949,876HUDCO28,ND,,,,,8.76% TAX FREETRI SR2B,1149.50,1149.50,1136.00,1139.99,1139.99,1140.00,,1139.99,,,136,154752.79,5,F1,1,,,,,
2026-08-03,2026-08-03,CM,NSE,STK,20058,INE787H07370,891IIFCL34,N4,,,,,8.91% TAX FREE NCD,1251.00,1255.00,1242.15,1244.17,1242.15,1252.00,,1246.20,,,2521,3141054.55,26,F1,1,,,,,
2026-08-03,2026-08-03,CM,NSE,STK,31768,INE733E07JJ9,891NTPC33,N6,,,,,8.91%S-R-NCD SERIES 3B,1272.35,1274.00,1272.00,1274.00,1274.00,1276.00,,1273.18,,,65,82780.95,9,F1,1,,,,,
2026-08-03,2026-08-03,CM,NSE,STK,20028,INE134E07463,892PFCL33,N8,,,,,8.92% TAX FREE NCD,1277.21,1280.00,1277.21,1280.00,1280.00,1277.21,,1280.00,,,200,255721.00,3,F1,1,,,,,
2026-08-03,2026-08-03,CM,NSE,STK,19970,INE031A07AB2,901HUDCO34,NE,,,,,9.01% TAX FREETRII SR3B,1285.00,1288.00,1271.00,1281.00,1281.00,1285.00,,1281.00,,,1120,1441730.60,12,F1,1,,,,,
2026-08-03,2026-08-03,CM,NSE,STK,759130,INE08PH01015,ABCOTS,EQ,,,,,A B COTSPIN INDIA LIMITED,199.05,202.90,198.60,200.91,202.00,198.85,,200.92,,,4106,826117.44,241,F1,1,,,,,
2026-08-03,2026-08-03,CM,NSE,STK,27020,INE00YB01025,ABINFRA,EQ,,,,,A B INFRABUILD LIMITED,10.18,10.20,10.00,10.06,10.00,10.05,,10.06,,,195761,1980983.59,462,F1,1,,,,,
2026-08-03,2026-08-03,CM,NSE,STK,762528,INE850B01026,ABMKNO,EQ,,,,,A B M KNOWLEDGEWARE LTD.,197.00,201.92,188.00,198.99,198.99,190.05,,200.16,,,492,98516.28,35,F1,1,,,,,
2026-08-03,2026-08-03,CM,NSE,STK,762533,INE366C01021,ACSTECH,EQ,,,,,A C S TECHNOLOGIES LTD.,39.80,41.40,39.80,40.21,40.00,39.97,,40.21,,,143511,5846080.58,436,F1,1,,,,,
2026-08-03,2026-08-03,CM,NSE,STK,762538,INE701G01012,AKCAPIT,EQ,,,,,A K CAPITAL SERVICES LTD.,1712.00,1750.00,1693.20,1748.50,1740.00,1693.30,,1745.70,,,1972,3412836.40,305,F1,1,,,,,
2026-08-03,2026-08-03,CM,NSE,STK,20906,INE619I01012,A2ZINFRA,EQ,,,,,A2Z INFRA ENGINEERING LTD,15.76,17.10,15.76,17.10,17.10,15.55,,17.10,,,1605294,26905322.77,1930,F1,1,,,,,
2026-08-03,2026-08-03,CM,NSE,STK,12533,INE0D0U01013,AAATECH,EQ,,,,,AAA TECHNOLOGIES LIMITED,89.38,91.45,88.00,90.60,90.38,89.38,,90.58,,,16635,1497862.38,837,F1,1,,,,,
2026-08-03,2026-08-03,CM,NSE,STK,23729,INE883F01010,AADHARHFC,EQ,,,,,AADHAR HOUSING FINANCE L,502.05,515.95,490.40,504.15,500.55,496.70,,504.05,,,656790,329242569.90,25125,F1,1,,,,,
2026-08-03,2026-08-03,CM,NSE,STK,757579,INE1GYP01013,AAKAAR,SM,,,,,AAKAAR MEDICAL TECHNO LTD,66.00,66.00,65.40,66.00,66.00,68.00,,66.00,,,4800,315840.00,3,F1,1600,,,,,
2026-08-03,2026-08-03,CM,NSE,STK,235,INE087Z01024,AAKASH,EQ,,,,,AAKASH EXPLORATION SER L,9.13,9.13,8.85,8.98,8.98,8.95,,8.98,,,77021,693320.80,313,F1,1,,,,,
2026-08-03,2026-08-03,CM,NSE,STK,758120,INE124401014,AARADHYA,SM,,,,,AARADHYA DISPOSAL INDUS L,75.20,75.20,73.60,73.60,73.60,75.00,,73.60,,,6000,448380.00,5,F1,1200,,,,,
2026-08-03,2026-08-03,CM,NSE,STK,5248,INE198H01019,AAREYDRUGS,BE,,,,,AAREY DRUGS & PHARM LTD,80.47,81.75,77.50,81.53,81.75,77.86,,81.39,,,59350,4776313.21,295,F1,1,,,,,
2026-08-03,2026-08-03,CM,NSE,STK,761821,INE750R01016,AARNAV,EQ,,,,,AARNAV FASHIONS LIMITED,31.73,31.73,30.25,30.44,30.25,31.36,,30.42,,,37253,1140004.15,351,F1,1,,,,,
2026-08-03,2026-08-03,CM,NSE,STK,1030,INE721Z01010,AARON,EQ,,,,,AARON INDUSTRIES LIMITED,133.50,136.75,130.00,131.60,130.12,135.81,,131.60,,,21709,2885009.16,780,F1,1,,,,,
2026-08-03,2026-08-03,CM,NSE,STK,17164,INE01C001026,AARTECH,BE,,,,,AARTECH SOLONICS LIMITED,46.44,48.50,46.01,46.96,47.84,46.44,,46.95,,,19078,896170.72,130,F1,1,,,,,
2026-08-03,2026-08-03,CM,NSE,STK,4481,INE767A01016,AARTIDRUGS,EQ,,,,,AARTI DRUGS LTD.,424.00,424.00,405.00,407.25,407.60,422.75,,407.24,,,383239,158565868.45,12168,F1,1,,,,,
2026-08-03,2026-08-03,CM,NSE,STK,7,INE769A01020,AARTIIND,EQ,,,,,AARTI INDUSTRIES LTD,486.35,492.55,482.00,486.80,486.00,489.10,,486.79,,,805775,393378465.55,18506,F1,1,,,,,
2026-08-03,2026-08-03,CM,NSE,STK,13868,INE0LRU01027,AARTIPHARM,EQ,,,,,AARTI PHARMALABS LIMITED,670.80,693.00,670.65,675.80,675.00,667.15,,675.77,,,86652,58747119.60,8103,F1,1,,,,,
2026-08-03,2026-08-03,CM,NSE,STK,19233,INE09EO01013,AARTISURF,EQ,,,,,AARTI SURFACTANTS LIMITED,470.00,481.00,455.25,481.00,481.00,400.85,,481.43,,,103704,48949116.30,1711,F1,1,,,,,
2026-08-03,2026-08-03,CM,NSE,STK,19073,INE754X01016,AARVI,EQ,,,,,AARVI ENCON LIMITED,153.00,158.28,153.00,155.21,155.00,156.70,,155.21,,,36090,5610950.35,1364,F1,1,,,,,
2026-08-03,2026-08-03,CM,NSE,STK,763800,INE2FMX01012,AASTHA,EQ,,,,,AASTHA SPINTEX LIMITED,76.60,77.40,76.00,76.12,76.10,76.25,,76.12,,,1564318,119209662.49,3331,F1,1,,,,,
2026-08-03,2026-08-03,CM,NSE,STK,16961,INE0OB201016,AATMAJ,SM,,,,,AATMAJ HEALTHCARE LIMITED,18.15,18.15,18.15,18.15,18.15,18.50,,18.15,,,2000,36300.00,1,F1,2000,,,,,
2026-08-03,2026-08-03,CM,NSE,STK,5385,INE216P01012,AAVAS,EQ,,,,,AAVAS FINANCIERS LIMITED,1359.80,1453.20,1359.80,1439.00,1439.00,1359.80,,1438.86,,,142280,203560417.00,18278,F1,1,,,,,
2026-08-03,2026-08-03,CM,NSE,STK,7759,INE421A01028,ABAN,BE,,,,,ABAN OFFSHORE LTD.,16.57,16.57,16.57,16.57,16.57,15.79,,16.57,,,54545,903810.65,176,F1,1,,,,,
2026-08-03,2026-08-03,CM,NSE,STK,762526,INE365O01028,ABANSENT,BE,,,,,ABANS ENTERPRISES LTD.,25.72,26.45,25.70,25.95,25.95,26.79,,25.95,,,11572,299344.88,93,F1,1,,,,,
2026-08-03,2026-08-03,CM,NSE,STK,13288,INE00ZE01026,AFSL,EQ,,,,,ABANS FINANCIAL SRVCS LTD,201.07,202.49,201.00,201.72,201.25,201.04,,202.02,,,9485,1910162.63,112,F1,1,,,,,
2026-08-03,2026-08-03,CM,NSE,STK,13,INE117A01022,ABB,EQ,,,,,ABB INDIA LIMITED,7243.50,7657.00,7243.00,7601.00,7601.00,7284.50,,7600.21,,,1207164,9001932245.00,97429,F1,1,,,,,
2026-08-03,2026-08-03,CM,NSE,STK,17903,INE358A01014,ABBOTINDIA,EQ,,,,,ABBOTT INDIA LIMITED,27950.00,28045.00,27680.00,27895.00,27830.00,27800.00,,27892.98,,,9455,263778600.00,4124,F1,1,,,,,
2026-08-03,2026-08-03,CM,NSE,STK,755942,INE860H07IR8,ABCL26,N3,,,,,ABCL SR II,1225.98,1225.98,1225.98,1225.98,1225.98,1225.98,,1225.98,,,18,22067.64,1,F1,1,,,,,
2026-08-03,2026-08-03,CM,NSE,STK,5549,INE251C01025,ABMINTLLTD,EQ,,,,,ABM INTERNATIONAL LTD,45.00,45.00,42.00,42.51,42.50,43.71,,42.51,,,1513,63815.31,9,F1,1,,,,,
2026-08-03,2026-08-03,CM,NSE,STK,23786,INE0QRV01016,ABSMARINE,ST,,,,,ABS MARINE SERVICES LTD,219.45,219.45,213.05,216.80,218.45,220.55,,216.80,,,56500,12185850.00,102,F1,500,,,,,
2026-08-03,2026-08-03,CM,NSE,STK,22,INE012A01025,ACC,EQ,,,,,ACC LIMITED,1374.00,1400.90,1360.00,1398.00,1400.00,1357.40,,1397.96,,,427582,594046221.50,23775,F1,1,,,,,
2026-08-03,2026-08-03,CM,NSE,STK,7053,INE793A01012,ACCELYA,EQ,,,,,ACCELYA SOLN INDIA LTD,1160.00,1160.00,1135.50,1141.90,1139.20,1142.60,,1141.92,,,4889,5594136.20,896,F1,1,,,,,
2026-08-03,2026-08-03,CM,NSE,STK,20488,INE0Q5D01013,ACCENTMIC,SM,,,,,ACCENT MICROCELL LIMITED,509.00,514.85,492.05,508.00,508.00,508.10,,508.00,,,64500,32532225.00,111,F1,500,,,,,
2026-08-03,2026-08-03,CM,NSE,STK,757024,INE0T8T01010,ACCPL,ST,,,,,ACCRETION PHARMA LIMITED,171.00,178.00,165.45,172.00,172.00,169.90,,172.00,,,38400,6707220.00,27,F1,1200,,,,,
2026-08-03,2026-08-03,CM,NSE,STK,1472,INE648Z01023,ACCURACY,BE,,,,,ACCURACY SHIPPING LIMITED,4.80,4.86,4.75,4.80,4.80,4.80,,4.73,,,30080,144889.11,171,F1,1,,,,,
2026-08-03,2026-08-03,CM,NSE,STK,11779,INE543V01017,ACEINTEG,EQ,,,,,ACE INTEGRATED SOLU. LTD.,19.85,19.85,18.81,19.37,19.20,19.04,,19.37,,,5575,106941.71,80,F1,1,,,,,
2026-08-03,2026-08-03,CM,NSE,STK,761112,INE1J6M01010,ACETEC,SM,,,,,ACETECH E-COMMERCE LTD,140.95,140.95,140.95,140.95,140.95,134.00,,140.95,,,1200,169140.00,1,F1,1200,,,,,
2026-08-03,2026-08-03,CM,NSE,STK,27061,INE622W01025,ACMESOLAR,EQ,,,,,ACME SOLAR HOLDINGS LTD,364.70,376.35,362.60,371.10,371.00,362.60,,371.06,,,3058650,1133673083.65,58098,F1,1,,,,,
2026-08-03,2026-08-03,CM,NSE,STK,13587,INE731H01025,ACE,EQ,,,,,ACTION CONST EQUIP LTD,1072.00,1114.80,1071.40,1105.40,1090.10,1070.30,,1105.29,,,853582,936519294.10,34111,F1,1,,,,,
2026-08-03,2026-08-03,CM,NSE,STK,5578,INE00FF01025,ACUTAAS,EQ,,,,,ACUTAAS CHEMICALS LIMITED,3100.00,3150.70,3025.00,3116.40,3118.30,3104.90,,3116.50,,,479397,1488216960.30,60422,F1,1,,,,,
2026-08-03,2026-08-03,CM,NSE,STK,10217,INE931S01010,ADANIENSOL,EQ,,,,,ADANI ENERGY SOLUTION LTD,1654.30,1676.00,1635.80,1647.00,1647.00,1645.40,,1646.79,,,1135101,1876009583.20,38730,F1,1,,,,,
2026-08-03,2026-08-03,CM,NSE,STK,25,INE423A01024,ADANIENT,EQ,,,,,ADANI ENTERPRISES LIMITED,3025.00,3077.00,3024.50,3068.00,3068.00,3009.50,,3067.99,,,891429,2726738681.50,43917,F1,1,,,,,
2026-08-03,2026-08-03,CM,NSE,STK,3568,INE364U01010,ADANIGREEN,BL,,,,,ADANI GREEN ENERGY LTD,1400.00,1400.00,1400.00,1400.00,1400.00,1510.00,,1400.00,,,17000000,23800000000.00,1,F1,999999999,,,,,
2026-08-03,2026-08-03,CM,NSE,STK,3563,INE364U01010,ADANIGREEN,EQ,,,,,ADANI GREEN ENERGY LTD,1390.00,1427.00,1386.60,1395.00,1395.00,1383.00,,1394.98,,,3037528,4276693005.20,62114,F1,1,,,,,
2026-08-03,2026-08-03,CM,NSE,STK,15083,INE742F01042,ADANIPORTS,EQ,,,,,ADANI PORT & SEZ LTD,1713.40,1715.90,1692.80,1701.00,1701.00,1696.50,,1700.95,,,1664693,2837168507.80,72450,F1,1,,,,,
2026-08-03,2026-08-03,CM,NSE,STK,17388,INE814H01029,ADANIPOWER,EQ,,,,,ADANI POWER LTD,211.80,215.11,211.15,213.65,213.65,211.31,,213.62,,,13859607,2952130842.31,81285,F1,1,,,,,
2026-08-03,2026-08-03,CM,NSE,STK,6066,INE399L01023,ATGL,EQ,,,,,ADANI TOTAL GAS LIMITED,655.90,677.85,654.00,667.60,667.30,651.45,,667.61,,,1235916,827960967.55,32775,F1,1,,,,,
2026-08-03,2026-08-03,CM,NSE,STK,22468,INE0RDH01021,ADDICTIVE,SM,,,,,ADDICTIVE LEARNING TECH L,40.70,41.90,40.05,41.80,41.90,39.95,,41.80,,,35500,1483300.00,35,F1,500,,,,,
2026-08-03,2026-08-03,CM,NSE,STK,19761,INE982B01027,ADFFOODS,EQ,,,,,ADF FOODS LIMITED,272.95,279.90,270.95,273.75,272.10,270.95,,273.79,,,117969,32372279.15,4829,F1,1,,,,,
2026-08-03,2026-08-03,CM,NSE,STK,763156,INE20PL01012,ADISOFT,SM,,,,,ADISOFT TECHNOLOGIES LTD,175.25,178.90,175.20,177.70,177.90,174.25,,177.70,,,16000,2830120.00,20,F1,800,,,,,
2026-08-03,2026-08-03,CM,NSE,STK,6018,INE404A01024,ABSLAMC,EQ,,,,,ADIT BIRL SUN LIF AMC LTD,1026.30,1027.80,1000.00,1017.80,1010.00,1011.80,,1017.64,,,292827,298417254.50,18720,F1,1,,,,,
2026-08-03,2026-08-03,CM,NSE,STK,21614,INE674K01013,ABCAPITAL,EQ,,,,,ADITYA BIRLA CAPITAL LTD.,410.00,430.70,410.00,424.35,424.35,404.30,,424.31,,,14133770,5989442724.55,136186,F1,1,,,,,
2026-08-03,2026-08-03,CM,NSE,STK,30108,INE647O01011,ABFRL,EQ,,,,,ADITYA BIRLA FASHION & RT,60.69,62.95,60.15,62.41,61.45,60.24,,62.41,,,10947431,678829564.93,49225,F1,1,,,,,
2026-08-03,2026-08-03,CM,NSE,STK,756843,INE14LE01019,ABLBL,EQ,,,,,ADITYA BIRLA LIFES BRAN L,95.40,96.17,93.85,95.91,95.10,94.67,,95.89,,,1330639,126993700.00,11672,F1,1,,,,,
2026-08-03,2026-08-03,CM,NSE,STK,15239,INE865C01022,BIRLAMONEY,EQ,,,,,ADITYA BIRLA MONEY LTD,134.84,136.37,133.15,134.25,135.80,134.84,,134.25,,,44422,5999183.17,1107,F1,1,,,,,
2026-08-03,2026-08-03,CM,NSE,STK,625,INE055A01016,ABREL,EQ,,,,,ADITYA BIRLA REAL EST LTD,1446.90,1449.50,1415.10,1432.10,1415.20,1418.10,,1432.27,,,98610,141095128.40,8670,F1,1,,,,,
2026-08-03,2026-08-03,CM,NSE,STK,758858,INE819V01029,CPPLUS,EQ,,,,,ADITYA INFOTECH LIMITED,3444.20,3525.00,3346.60,3428.70,3391.20,3391.00,,3427.67,,,164705,568044152.40,20688,F1,1,,,,,
2026-08-03,2026-08-03,CM,NSE,STK,25248,INE01YQ01013,AUSL,SM,,,,,ADITYA ULTRA STEEL LTD,25.45,25.45,24.15,24.15,24.15,25.20,,24.15,,,4000,99200.00,2,F1,2000,,,,,
2026-08-03,2026-08-03,CM,NSE,STK,25984,INE679V01027,AVL,EQ,,,,,ADITYA VISION LIMITED,625.00,635.10,604.80,623.65,622.50,638.05,,623.68,,,338580,210019779.80,20768,F1,1,,,,,
2026-08-03,2026-08-03,CM,NSE,STK,23804,INF209KB18D3,BSLGOLDETF,EQ,,,,,ADITYBIRLA SL GOLD ETF-GR,125.91,125.91,124.36,124.69,125.00,124.66,,124.69,,,121126,15112260.89,1998,F1,1,,,,,
2026-08-03,2026-08-03,CM,NSE,STK,24781,INF209KB19D1,BSLNIFTY,EQ,,,,,ADITYBIRLA SL NIF ETF-GR,28.60,29.31,28.20,28.84,28.77,28.60,,28.84,,,1988887,57349426.25,8848,F1,1,,,,,
2026-08-03,2026-08-03,CM,NSE,STK,34,INE045A01017,ADOR,EQ,,,,,ADOR WELDING LTD,1480.00,1508.80,1474.10,1503.30,1500.00,1444.70,,1503.25,,,60045,89736683.10,5846,F1,1,,,,,
2026-08-03,2026-08-03,CM,NSE,STK,4953,INE737B01033,ADROITINFO,EQ,,,,,ADROIT INFOTECH LIMITED,9.99,10.99,9.73,9.87,9.80,10.01,,9.87,,,74649,749910.16,257,F1,1,,,,,
2026-08-03,2026-08-03,CM,NSE,STK,760657,INE0ALI01010,ADVAIT,EQ,,,,,ADVAIT ENRGY TRANSITION L,2340.00,2418.00,2315.00,2359.20,2381.00,2310.60,,2360.41,,,56187,133661453.50,6490,F1,1,,,,,
2026-08-03,2026-08-03,CM,NSE,STK,759402,INE1B0W01010,ADVANCE,EQ,,,,,ADVANCE AGROLIFE LIMITED,126.26,129.00,122.30,124.56,125.35,125.01,,124.56,,,539029,68416076.81,4261,F1,1,,,,,
2026-08-03,2026-08-03,CM,NSE,STK,18039,INE837H01020,ADVENZYMES,EQ,,,,,ADVANCED ENZYME TECH LTD,334.00,343.00,318.60,323.75,323.00,315.10,,323.74,,,1793899,590433897.05,33909,F1,1,,,,,
2026-08-03,2026-08-03,CM,NSE,STK,14745,INE199C01026,ADVANIHOTR,EQ,,,,,ADVANI HOT.& RES.(I) LTD,51.13,52.00,51.13,51.56,51.75,51.06,,51.56,,,9794,506764.80,279,F1,1,,,,,
2026-08-03,2026-08-03,CM,NSE,STK,759769,INE28GN01010,ADVENTHTL,EQ,,,,,ADVENT HOTELS INTERNATI L,148.10,149.75,146.82,147.88,147.00,147.67,,147.87,,,91892,13604397.82,1662,F1,1,,,,,
2026-08-03,2026-08-03,CM,NSE,STK,762227,INE1SJO01012,RAMBHAJO,EQ,,,,,ADVIT JEWELS LIMITED,180.30,189.49,178.64,183.76,180.78,178.32,,183.72,,,280637,51860293.35,6144,F1,1,,,,,
2026-08-03,2026-08-03,CM,NSE,STK,40,INE208C01025,AEGISLOG,EQ,,,,,AEGIS LOGISTICS LIMITED,1286.50,1400.00,1282.10,1388.30,1384.90,1280.80,,1388.20,,,2444861,3330357385.80,85673,F1,1,,,,,
2026-08-03,2026-08-03,CM,NSE,STK,757336,INE0INX01018,AEGISVOPAK,EQ,,,,,AEGIS VOPAK TERMINALS LTD,293.00,306.40,292.60,301.80,301.30,290.16,,301.80,,,2083398,629136057.10,38458,F1,1,,,,,
2026-08-03,2026-08-03,CM,NSE,STK,757870,INE423A07401,AEL17725,NA,,,,,AEL 0% 2027 SR II,1089.95,1089.95,1089.95,1089.95,1089.95,1089.95,,1089.45,,,34,37058.30,3,F1,1,,,,,
2026-08-03,2026-08-03,CM,NSE,STK,757873,INE423A07419,AEL170725,ND,,,,,AEL 0% 2028 SR V,1053.00,1053.00,1053.00,1053.00,1053.00,1074.53,,1053.00,,,16,16848.00,1,F1,1,,,,,
2026-08-03,2026-08-03,CM,NSE,STK,757876,INE423A07468,AEL170725A,NG,,,,,AEL 0% 2030 SR VIII,1100.00,1100.00,1100.00,1100.00,1100.00,1080.00,,1100.00,,,1,1100.00,1,F1,1,,,,,
2026-08-03,2026-08-03,CM,NSE,STK,761342,INE423A07492,848AEL29,NJ,,,,,AEL 8.48% 2029 SR III,1003.05,1003.05,1003.05,1003.05,1003.05,1005.05,,1003.05,,,6,6018.30,1,F1,1,,,,,
2026-08-03,2026-08-03,CM,NSE,STK,761340,INE423A07484,860AEL28,NH,,,,,AEL 8.60% 2028 SR I,1043.50,1043.50,1043.50,1043.50,1043.50,1031.20,,1043.50,,,170,177395.00,2,F1,1,,,,,
2026-08-03,2026-08-03,CM,NSE,STK,761345,INE423A07518,862AEL31,NM,,,,,AEL 8.62% 2031 SR VI,1019.00,1020.00,1010.00,1020.00,1020.00,1020.00,,1020.00,,,64,65190.00,4,F1,1,,,,,
2026-08-03,2026-08-03,CM,NSE,STK,761346,INE423A07526,890AEL31,NN,,,,,AEL 8.90% 2031 SR VII,1046.20,1050.00,1046.20,1049.00,1049.00,1045.62,,1049.00,,,1374,1442361.20,10,F1,1,,,,,
2026-08-03,2026-08-03,CM,NSE,STK,757869,INE423A07450,895AEL27,N9,,,,,AEL 8.95% 2027 SR I,1000.00,1001.01,1000.00,1001.01,1001.01,1018.00,,1001.01,,,11,11003.03,2,F1,1,,,,,
2026-08-03,2026-08-03,CM,NSE,STK,757874,INE423A07443,9AEL30,NE,,,,,AEL 9% 2030 SR VI,1030.00,1030.00,1030.00,1030.00,1030.00,1030.00,,1024.07,,,37,38110.00,1,F1,1,,,,,
2026-08-03,2026-08-03,CM,NSE,STK,757875,INE423A07393,930AEL30,NF,,,,,AEL 9.3% 2030 SR VII,1077.00,1077.00,1040.00,1040.00,1040.00,1033.00,,1037.17,,,50,52810.00,6,F1,1,,,,,
2026-08-03,2026-08-03,CM,NSE,STK,760234,INE947N01017,AEQUS,EQ,,,,,AEQUS LIMITED,229.70,240.68,228.20,233.66,234.44,229.16,,233.66,,,4222534,995768435.62,39143,F1,1,,,,,
2026-08-03,2026-08-03,CM,NSE,STK,12015,INE065D01027,AEROENTER,EQ,,,,,AEROFLEX ENTERPRISES LTD,121.22,124.00,120.81,123.30,123.00,119.43,,123.28,,,220022,27075218.53,3118,F1,1,,,,,
2026-08-03,2026-08-03,CM,NSE,STK,18268,INE024001021,AEROFLEX,EQ,,,,,AEROFLEX INDUSTRIES LTD,435.70,439.75,428.10,431.40,431.90,435.45,,431.40,,,607121,263534452.70,12783,F1,1,,,,,
2026-08-03,2026-08-03,CM,NSE,STK,13689,INE035801013,AERONEU,EQ,,,,,AEROFLEX NEU LIMITED,86.00,89.80,86.00,87.73,88.04,86.00,,87.73,,,64813,5684736.22,1719,F1,1,,,,,
2026-08-03,2026-08-03,CM,NSE,STK,25065,INE0WL801011,AERON,SM,,,,,AERON COMPOSITE LIMITED,78.55,78.80,76.80,78.80,78.80,77.00,,78.80,,,9000,703400.00,8,F1,1000,,,,,
2026-08-03,2026-08-03,CM,NSE,STK,9810,INE0BWX01014,AETHER,EQ,,,,,AETHER INDUSTRIES LIMITED,1561.00,1574.90,1492.70,1509.50,1515.00,1539.60,,1509.18,,,557752,849303294.00,37869,F1,1,,,,,
2026-08-03,2026-08-03,CM,NSE,STK,25977,INE101I01011,AFCONS,EQ,,,,,AFCONS INFRASTRUCTURE LTD,271.15,282.05,271.15,275.95,275.00,271.15,,275.95,,,1309257,362036878.95,24059,F1,1,,,,,
2026-08-03,2026-08-03,CM,NSE,STK,11343,INE00WC01027,AFFLE,EQ,,,,,AFFLE 3I LIMITED,1608.70,1668.20,1580.00,1663.00,1667.00,1586.00,,1663.00,,,447915,735310141.60,40703,F1,1,,,,,
2026-08-03,2026-08-03,CM,NSE,STK,25857,INE692Z01013,AFFORDABLE,BE,,,,,AFFORD ROBO & AUTO LTD,182.95,182.95,175.30,177.54,178.90,180.86,,177.86,,,12142,2168773.69,250,F1,1,,,,,
2026-08-03,2026-08-03,CM,NSE,STK,760459,INE916Y07065,1150AFIL28,N0,,,,,AFIL 11.50% 2028 SR 05,9850.00,9950.00,9751.00,9751.00,9751.00,9850.00,,9751.00,,,6,59101.00,3,F1,1,,,,,
2026-08-03,2026-08-03,CM,NSE,STK,759098,INE916Y07040,12AFIL27A,N0,,,,,AFIL 12% 2027,9990.00,10006.69,9990.00,10006.69,10006.69,10003.59,,10006.69,,,34,340060.56,3,F1,1,,,,,
2026-08-03,2026-08-03,CM,NSE,STK,759283,INE916Y07057,12AFIL28,N0,,,,,AFIL 12% 2028,9850.75,9980.00,9850.75,9980.00,9980.00,9850.75,,9980.00,,,31,308601.73,12,F1,1,,,,,
2026-08-03,2026-08-03,CM,NSE,STK,14263,INE0MLA01012,AGARWALFT,SM,,,,,AGARWAL FLOAT GLASS I LTD,37.00,37.40,37.00,37.15,37.15,37.50,,37.15,,,31500,1170900.00,5,F1,1500,,,,,
2026-08-03,2026-08-03,CM,NSE,STK,3389,INE204E01012,AGARIND,EQ,,,,,AGARWAL INDS CORP LTD.,510.00,526.90,509.80,514.95,511.25,499.80,,514.99,,,59423,30816261.10,2729,F1,1,,,,,
2026-08-03,2026-08-03,CM,NSE,STK,27309,INE0P8X01016,AGARWALTUF,SM,,,,,AGARWAL TOUGH GLASS IND L,137.95,143.50,137.00,140.25,139.00,132.50,,140.25,,,114000,15940080.00,73,F1,1200,,,,,
2026-08-03,2026-08-03,CM,NSE,STK,1412,INE415A01038,AGI,EQ,,,,,AGI GREENPAC LIMITED,710.00,713.30,703.00,704.25,703.00,709.25,,704.25,,,80787,57112087.85,2508,F1,1,,,,,
2026-08-03,2026-08-03,CM,NSE,STK,24445,INE976R01033,AGIIL,EQ,,,,,AGI INFRA LIMITED,315.95,324.50,307.70,309.15,309.00,312.10,,309.15,,,2549469,806936868.00,18354,F1,1,,,,,
2026-08-03,2026-08-03,CM,NSE,STK,10491,INE0LF301013,AGNI,SM,,,,,AGNI GREEN POWER LTD,17.30,17.30,17.30,17.30,17.30,16.65,,17.30,,,2500,43250.00,1,F1,2500,,,,,
2026-08-03,2026-08-03,CM,NSE,STK,11076,INE449G01018,AGRITECH,BE,,,,,AGRI-TECH (INDIA) LIMITED,114.89,114.89,109.00,112.00,112.00,109.63,,110.82,,,5130,563560.96,71,F1,1,,,,,
2026-08-03,2026-08-03,CM,NSE,STK,9046,INE740V01019,AGROPHOS,EQ,,,,,AGRO PHOS INDIA LIMITED,29.33,29.72,28.63,29.18,29.46,29.25,,29.18,,,9808,285775.11,145,F1,1,,,,,
2026-08-03,2026-08-03,CM,NSE,STK,759202,INE583L01014,AGSTRA,BZ,,,,,AGS TRANSACT TECH LTD,2.20,2.20,2.07,2.19,2.20,2.10,,2.20,,,730820,1598001.30,898,F1,1,,,,,
2026-08-03,2026-08-03,CM,NSE,STK,2004,INE00PV01013,AHLADA,EQ,,,,,AHLADA ENGINEERS LIMITED,37.94,37.94,36.00,36.38,36.89,36.96,,36.38,,,15998,589041.81,148,F1,1,,,,,
2026-08-03,2026-08-03,CM,NSE,STK,17833,INE758C01029,AHLUCONT,EQ,,,,,AHLUWALIA CONT IND LTD,824.00,848.00,823.75,833.60,835.00,821.40,,833.24,,,33625,28041933.90,4262,F1,1,,,,,
2026-08-03,2026-08-03,CM,NSE,STK,13086,INE212H01026,AIAENG,EQ,,,,,AIA ENGINEERING LIMITED,4568.00,4700.00,4460.00,4684.60,4665.00,4591.00,,4684.62,,,57776,267678204.20,15054,F1,1,,,,,
2026-08-03,2026-08-03,CM,NSE,STK,23984,INE0RUV01018,AIMTRON,SM,,,,,AIMTRON ELECTRONICS LTD,1413.00,1493.00,1413.00,1479.70,1480.00,1386.45,,1479.70,,,85400,124818080.00,409,F1,200,,,,,
2026-08-03,2026-08-03,CM,NSE,STK,9878,INE805A01014,GOLDTECH,BE,,,,,AION-TECH SOLUTIONS LTD,56.38,57.80,54.20,54.94,55.00,56.38,,54.94,,,17269,972665.80,203,F1,1,,,,,
2026-08-03,2026-08-03,CM,NSE,STK,9897,INE645W01026,AIRAN,EQ,,,,,AIRAN LIMITED,15.40,15.40,14.97,15.03,15.10,15.13,,15.03,,,86715,1307945.55,330,F1,1,,,,,
2026-08-03,2026-08-03,CM,NSE,STK,6068,INE801L01010,AIROLAM,EQ,,,,,AIRO LAM LIMITED,88.00,88.49,86.04,86.17,86.12,86.03,,86.17,,,934,80704.87,42,F1,1,,,,,
2026-08-03,2026-08-03,CM,NSE,STK,8124,INE031B01049,AJANTPHARM,EQ,,,,,AJANTA PHARMA LIMITED,3485.50,3540.00,3476.20,3513.90,3514.00,3465.20,,3513.93,,,119278,418959859.20,23153,F1,1,,,,,
2026-08-03,2026-08-03,CM,NSE,STK,29624,INE274Y01021,AJAXENGG,EQ,,,,,AJAX ENGINEERING LIMITED,580.50,597.50,580.50,594.00,595.05,580.15,,593.90,,,49050,28986888.95,3272,F1,1,,,,,
2026-08-03,2026-08-03,CM,NSE,STK,17307,INE298G01035,AJMERA,EQ,,,,,AJMERA REALTY & INF I LTD,126.95,131.00,126.95,130.41,129.50,126.34,,130.40,,,297862,38596204.81,3571,F1,1,,,,,
2026-08-03,2026-08-03,CM,NSE,STK,3403,INE820Y01021,AJOONI,EQ,,,,,AJOONI BIOTECH LIMITED,3.93,4.05,3.93,3.99,4.01,4.00,,3.99,,,201708,807942.96,473,F1,1,,,,,
2026-08-03,2026-08-03,CM,NSE,STK,21132,INE0PCY01014,AKANKSHA,ST,,,,,AKANKSHA POWER N INFRA L,95.90,95.90,95.90,95.90,95.90,91.35,,95.90,,,9000,863100.00,7,F1,1000,,,,,
2026-08-03,2026-08-03,CM,NSE,STK,13510,INE737W01013,AKASH,EQ,,,,,AKASH INFRA-PROJECTS LTD,26.55,27.23,26.16,26.34,26.28,26.69,,26.34,,,6719,177265.25,61,F1,1,,,,,
2026-08-03,2026-08-03,CM,NSE,STK,2176,INE00Y801016,AKG,EQ,,,,,AKG EXIM LIMITED,10.06,10.69,9.90,10.05,10.16,9.86,,10.05,,,30104,303892.02,118,F1,1,,,,,
2026-08-03,2026-08-03,CM,NSE,STK,14890,INE642Z01026,AKI,EQ,,,,,AKI INDIA LIMITED,4.28,4.28,4.01,4.08,4.09,4.14,,4.08,,,136796,561522.41,218,F1,1,,,,,
2026-08-03,2026-08-03,CM,NSE,STK,24307,INE0PMR01017,AKIKO,ST,,,,,AKIKO GLOBAL SERVICES L,354.95,354.95,337.50,337.85,337.50,355.25,,337.85,,,69600,23543280.00,68,F1,800,,,,,
2026-08-03,2026-08-03,CM,NSE,STK,24159,INE916Y01027,AFIL,EQ,,,,,AKME FINTRADE (INDIA) LTD,9.34,9.44,9.15,9.22,9.30,9.30,,9.22,,,253814,2346498.77,574,F1,1,,,,,
2026-08-03,2026-08-03,CM,NSE,STK,8595,INE523B01011,AKSHOPTFBR,BE,,,,,AKSH OPTIFIBRE  LTD,5.70,5.71,5.47,5.71,5.71,5.44,,5.72,,,133889,763540.09,137,F1,1,,,,,
2026-08-03,2026-08-03,CM,NSE,STK,9558,INE256Z01025,AKSHAR,EQ,,,,,AKSHAR SPINTEX LIMITED,0.39,0.41,0.39,0.40,0.40,0.39,,0.40,,,1354682,551265.40,271,F1,1,,,,,
2026-08-03,2026-08-03,CM,NSE,STK,20194,INE542B01011,AKSHARCHEM,BE,,,,,AKSHARCHEM INDIA LIMITED,249.93,260.00,241.20,255.54,256.00,249.94,,256.15,,,7544,1923136.61,118,F1,1,,,,,
2026-08-03,2026-08-03,CM,NSE,STK,24715,INE09XN01023,AKUMS,EQ,,,,,AKUMS DRUGS AND PHARMA L,666.70,688.30,664.65,681.20,678.10,658.35,,681.17,,,143860,97892168.95,9219,F1,1,,,,,
2026-08-03,2026-08-03,CM,NSE,STK,9921,INE914E01040,ALANKIT,EQ,,,,,ALANKIT LIMITED,7.90,7.90,7.62,7.77,7.80,7.78,,7.76,,,103580,805769.17,603,F1,1,,,,,
2026-08-03,2026-08-03,CM,NSE,STK,17256,INE155C01010,ALBERTDAVD,EQ,,,,,ALBERT DAVID LIMITED,691.75,707.85,686.20,692.55,686.20,689.30,,692.39,,,5943,4140098.70,195,F1,1,,,,,
2026-08-03,2026-08-03,CM,NSE,STK,18762,INE448V01019,ALCODIS,SM,,,,,ALCOKRAFT DISTILLERIE LTD,66.00,70.00,66.00,68.40,67.60,75.95,,68.40,,,6250,426750.00,10,F1,625,,,,,
2026-08-03,2026-08-03,CM,NSE,STK,79,INE426A01027,ALEMBICLTD,EQ,,,,,ALEMBIC LIMITED,91.35,92.17,91.07,91.67,91.60,91.13,,91.67,,,594583,54467510.23,3829,F1,1,,,,,
2026-08-03,2026-08-03,CM,NSE,STK,25328,INE901L01018,APLLTD,EQ,,,,,ALEMBIC PHARMA LTD,797.05,815.05,792.55,805.75,805.05,797.05,,805.79,,,58590,47330078.55,5604,F1,1,,,,,
2026-08-03,2026-08-03,CM,NSE,STK,761270,INE598D01035,ALGOQUANT,EQ,,,,,ALGOQUANT FINTECH LIMITED,69.00,70.97,67.60,69.34,70.50,68.41,,69.44,,,1528105,105238033.89,6412,F1,1,,,,,
2026-08-03,2026-08-03,CM,NSE,STK,13656,INE062D01024,ALICON,EQ,,,,,ALICON CASTALLOY LIMITED,679.95,724.90,661.20,702.75,700.00,672.35,,702.74,,,23053,16159543.05,1817,F1,1,,,,,
2026-08-03,2026-08-03,CM,NSE,STK,5265,INE03Q201024,ALIVUS,EQ,,,,,ALIVUS LIFE SCIENCES LTD,1182.80,1225.00,1172.90,1214.40,1219.00,1160.00,,1214.14,,,199736,241203654.80,25069,F1,1,,,,,
2026-08-03,2026-08-03,CM,NSE,STK,16963,INE773I01017,ALKALI,BE,,,,,ALKALI METALS LTD,71.00,71.00,68.50,68.59,69.75,70.66,,68.61,,,13416,928380.60,86,F1,1,,,,,
2026-08-03,2026-08-03,CM,NSE,STK,11703,INE540L01014,ALKEM,EQ,,,,,ALKEM LABORATORIES LTD.,5774.50,5774.50,5668.00,5707.00,5707.00,5751.50,,5706.97,,,122664,699128451.50,22120,F1,1,,,,,
2026-08-03,2026-08-03,CM,NSE,STK,4487,INE150B01039,ALKYLAMINE,EQ,,,,,ALKYL AMINES CHEM. LTD,1785.90,1845.00,1785.90,1824.40,1812.50,1785.60,,1823.99,,,48406,88314502.30,8268,F1,1,,,,,
2026-08-03,2026-08-03,CM,NSE,STK,13212,INE0M2X01012,ALLETEC,ST,,,,,ALL E TECHNOLOGIES LTD,136.10,144.20,136.10,141.95,141.00,139.00,,141.95,,,5200,738360.00,13,F1,400,,,,,
2026-08-03,2026-08-03,CM,NSE,STK,758448,INE0GV601021,ALLTIME,EQ,,,,,ALL TIME PLASTICS LIMITED,223.25,227.00,220.15,221.95,220.15,221.01,,221.94,,,57115,12745396.36,1777,F1,1,,,,,
2026-08-03,2026-08-03,CM,NSE,STK,763784,INE1YPB01014,AGL,EQ,,,,,ALLCARGO GLOBAL LIMITED,12.10,12.55,12.10,12.46,12.45,12.23,,12.46,,,1465955,18099611.65,3101,F1,1,,,,,
2026-08-03,2026-08-03,CM,NSE,STK,13501,INE418H01029,ALLCARGO,EQ,,,,,ALLCARGO LOGISTICS LTD,8.08,8.25,8.05,8.20,8.12,8.03,,8.20,,,2879970,23572923.61,3539,F1,1,,,,,
2026-08-03,2026-08-03,CM,NSE,STK,17778,INE0NN701020,ATL,EQ,,,,,ALLCARGO TERMINALS LTD,23.26,23.60,23.16,23.28,23.40,23.24,,23.29,,,64482,1507041.68,516,F1,1,,,,,
2026-08-03,2026-08-03,CM,NSE,STK,11798,INE835G01018,ALLDIGI,EQ,,,,,ALLDIGI TECH LIMITED,815.70,816.95,792.00,814.40,816.65,812.70,,814.39,,,16603,13440449.55,1216,F1,1,,,,,
2026-08-03,2026-08-03,CM,NSE,STK,24308,INE552Z01027,ABDL,EQ,,,,,ALLIED BLEND N DISTILS L,619.50,630.00,616.00,619.55,619.95,619.50,,619.54,,,159051,99020321.45,7748,F1,1,,,,,
2026-08-03,2026-08-03,CM,NSE,STK,14813,INE102I01027,ADSL,EQ,,,,,ALLIED DIGITAL SERV. LTD,120.00,120.00,115.53,116.94,117.10,114.64,,116.94,,,121064,14166484.92,2005,F1,1,,,,,
2026-08-03,2026-08-03,CM,NSE,STK,16719,INE326B01035,ALMONDZ,EQ,,,,,ALMONDZ GLOBAL SEC LTD,14.76,14.94,13.57,13.80,13.88,14.76,,13.81,,,168249,2387513.70,681,F1,1,,,,,
2026-08-03,2026-08-03,CM,NSE,STK,17675,INE270A01029,ALOKINDS,EQ,,,,,ALOK INDUSTRIES LIMITED,12.01,12.13,12.01,12.04,12.05,11.92,,12.04,,,2054221,24786228.38,4049,F1,1,,,,,
2026-08-03,2026-08-03,CM,NSE,STK,14848,INE385I01010,ALPA,EQ,,,,,ALPA LABORATORIES LTD,67.55,68.25,66.15,66.66,67.22,66.84,,66.66,,,13453,903046.57,309,F1,1,,,,,
2026-08-03,2026-08-03,CM,NSE,STK,22688,INE0R4701017,ALPEXSOLAR,SM,,,,,ALPEX SOLAR LIMITED,839.00,844.00,829.05,841.45,840.00,829.05,,841.45,,,20900,17525265.00,172,F1,100,,,,,
2026-08-03,2026-08-03,CM,NSE,STK,14597,INE137C01018,ALPHAGEO,EQ,,,,,ALPHAGEO (INDIA) LIMITED,225.90,264.15,220.25,264.15,264.15,220.13,,264.22,,,276528,70850621.30,5046,F1,1,,,,,
2026-08-03,2026-08-03,CM,NSE,STK,764187,INE1JCQ01037,ALPINETEX,BE,,,,,ALPINE TEXWORLD LIMITED,71.30,74.50,69.50,71.68,71.92,73.15,,71.59,,,456767,32129933.43,4786,F1,1,,,,,
2026-08-03,2026-08-03,CM,NSE,STK,23474,INE0STM01017,ALUWIND,SM,,,,,ALUWIND INFRA-TECH LTD,49.50,50.70,49.50,50.10,50.70,49.20,,50.10,,,3000,150300.00,2,F1,1500,,,,,
2026-08-03,2026-08-03,CM,NSE,STK,760740,INE121R01077,AMAGI,EQ,,,,,AMAGI MEDIA LABS LIMITED,659.00,690.00,652.35,669.70,670.00,650.70,,669.69,,,376284,253751849.90,28658,F1,1,,,,,
2026-08-03,2026-08-03,CM,NSE,STK,758910,INE084K01015,AMANTA,BE,,,,,AMANTA HEALTHCARE LIMITED,171.80,172.09,171.80,172.09,172.09,168.72,,171.35,,,40274,6928632.85,183,F1,1,,,,,
2026-08-03,2026-08-03,CM,NSE,STK,100,INE885A01032,ARE&M,EQ,,,,,AMARA RAJA ENERGY MOB LTD,916.20,939.40,912.00,932.30,932.50,910.45,,932.30,,,1710264,1592978394.05,68911,F1,1,,,,,
2026-08-03,2026-08-03,CM,NSE,STK,763256,INE293601014,AMBAAUTO,SM,,,,,AMBA AUTO SALES AND SER L,101.00,106.25,94.50,106.25,106.25,96.60,,106.25,,,37000,3832750.00,37,F1,1000,,,,,
2026-08-03,2026-08-03,CM,NSE,STK,762543,INE432A01017,AMBALALSA,EQ,,,,,AMBALAL SARABHAI ENT L,35.49,37.70,34.07,36.83,36.94,34.84,,36.96,,,403707,14874981.81,2094,F1,1,,,,,
2026-08-03,2026-08-03,CM,NSE,STK,1185,INE371P01015,AMBER,EQ,,,,,AMBER ENTERPRISES (I) LTD,7567.00,7567.00,7400.00,7400.00,7400.00,7440.50,,7400.04,,,133339,997487572.50,17988,F1,1,,,,,
2026-08-03,2026-08-03,CM,NSE,STK,11496,INE792B01012,AMBICAAGAR,EQ,,,,,AMBICA AGAR & AROMAINDLTD,25.49,25.49,24.75,25.05,25.08,25.00,,25.05,,,3362,83983.48,35,F1,1,,,,,
2026-08-03,2026-08-03,CM,NSE,STK,15234,INE540G01014,AMBIKCO,EQ,,,,,AMBIKA COTTON MILL LTD.,1711.80,1788.00,1711.80,1778.90,1780.00,1711.80,,1778.95,,,22628,40069453.30,2000,F1,1,,,,,
2026-08-03,2026-08-03,CM,NSE,STK,1270,INE079A01024,AMBUJACEM,EQ,,,,,AMBUJA CEMENTS LTD,434.20,444.50,434.20,444.00,444.00,432.20,,443.99,,,3648798,1611866316.25,40362,F1,1,,,,,
2026-08-03,2026-08-03,CM,NSE,STK,14398,INE005I01014,AMDIND,EQ,,,,,AMD INDUSTRIES LIMITED,46.99,47.99,46.43,47.52,47.00,46.43,,47.52,,,14397,679765.22,145,F1,1,,,,,
2026-08-03,2026-08-03,CM,NSE,STK,10898,INE0KT901015,AMEYA,SM,,,,,AMEYA PRECISION ENG LTD,109.05,109.05,109.05,109.05,109.05,109.00,,109.05,,,1000,109050.00,1,F1,1000,,,,,
2026-08-03,2026-08-03,CM,NSE,STK,19867,INE275D01022,AMNPLST,EQ,,,,,AMINES & PLASTICIZERS LTD,202.01,208.26,196.00,197.51,196.50,198.81,,197.38,,,10787,2168165.86,582,F1,1,,,,,
2026-08-03,2026-08-03,CM,NSE,STK,761670,INE05TO01019,AEROPLANE,EQ,,,,,AMIR CHAND JAG KUM (E) L,204.90,206.90,198.00,198.62,198.99,200.34,,198.65,,,587646,119322850.52,6248,F1,1,,,,,
2026-08-03,2026-08-03,CM,NSE,STK,2598,INE606A01024,AMJLAND,EQ,,,,,AMJ LAND HOLDINGS LIMITED,39.46,39.46,36.30,38.12,38.15,39.34,,38.12,,,31333,1185215.03,473,F1,1,,,,,
2026-08-03,2026-08-03,CM,NSE,STK,17547,INE098F01031,AMRUTANJAN,EQ,,,,,AMRUTAJAN HEALTH LTD,520.00,522.40,517.50,521.20,521.35,515.00,,521.16,,,8820,4585408.05,874,F1,1,,,,,
2026-08-03,2026-08-03,CM,NSE,STK,759956,INE549H01021,ARSSBL,EQ,,,,,ANAND RATHI SH N STK BR L,518.70,518.70,510.00,511.20,510.75,510.80,,511.21,,,83356,42707615.80,2541,F1,1,,,,,
2026-08-03,2026-08-03,CM,NSE,STK,7145,INE463V01026,ANANDRATHI,EQ,,,,,ANAND RATHI WEALTH LTD,2094.00,2114.90,2050.00,2058.70,2053.10,2073.70,,2058.46,,,121852,252505657.30,13953,F1,1,,,,,
2026-08-03,2026-08-03,CM,NSE,STK,13620,INE242C01024,ANANTRAJ,EQ,,,,,ANANT RAJ LIMITED,626.00,641.70,621.15,626.15,626.00,624.50,,626.13,,,2760905,1743448203.45,48613,F1,1,,,,,
2026-08-03,2026-08-03,CM,NSE,STK,759363,INE1UA823019,ANANTAM,IV,,,,,ANANTAM HIGHWAYS TRUST,105.49,105.49,104.96,105.02,105.00,104.96,,105.02,,,10828,1137141.60,188,F1,1,,,,,
2026-08-03,2026-08-03,CM,NSE,STK,758427,INE0VG001016,AMCL,SM,,,,,ANB METAL CAST LIMITED,395.00,395.00,391.05,393.50,393.50,391.05,,393.50,,,2800,1100260.00,5,F1,400,,,,,
2026-08-03,2026-08-03,CM,NSE,STK,15420,INE666E01020,ACL,EQ,,,,,ANDHRA CEMENTS LIMITED,48.85,48.85,47.16,47.72,47.85,47.63,,47.72,,,11075,529960.79,195,F1,1,,,,,
2026-08-03,2026-08-03,CM,NSE,STK,166,INE435A01051,ANDHRAPAP,EQ,,,,,ANDHRA PAPER LIMITED,62.40,62.84,61.65,61.99,62.00,61.03,,61.99,,,313581,19472528.91,1192,F1,1,,,,,
2026-08-03,2026-08-03,CM,NSE,STK,136,INE715B01021,ANDHRSUGAR,EQ,,,,,ANDHRA SUGARS LTD,82.99,86.20,82.95,85.48,85.74,82.13,,85.48,,,398288,33977665.69,3956,F1,1,,,,,
2026-08-03,2026-08-03,CM,NSE,STK,324,INE732I01021,ANGELONE,EQ,,,,,ANGEL ONE LIMITED,299.90,302.50,296.30,302.00,302.00,297.95,,301.95,,,4487008,1345595580.20,40137,F1,1,,,,,
2026-08-03,2026-08-03,CM,NSE,STK,482,INE635Y01015,AISL,SM,,,,,ANI INTEGRATED SERV LTD.,59.00,59.00,57.00,57.00,57.00,59.00,,57.00,,,25800,1495800.00,3,F1,600,,,,,
2026-08-03,2026-08-03,CM,NSE,STK,16657,INE087B01017,ANIKINDS,EQ,,,,,ANIK INDUSTRIES LTD,43.50,43.50,42.98,43.13,43.26,41.33,,42.56,,,5878,253014.55,39,F1,1,,,,,
2026-08-03,2026-08-03,CM,NSE,STK,20453,INE071F01012,APCL,EQ,,,,,ANJANI PORTLAND CEM LTD,101.15,103.40,101.15,102.03,101.50,100.60,,102.03,,,6249,638548.31,199,F1,1,,,,,
2026-08-03,2026-08-03,CM,NSE,STK,25878,INE106I01010,ANKITMETAL,BZ,,,,,ANKIT MET & POW LTD,1.56,1.63,1.51,1.62,1.62,1.56,,1.62,,,50531,81673.81,72,F1,1,,,,,
2026-08-03,2026-08-03,CM,NSE,STK,758968,INE0Y8W01025,AHCL,EQ,,,,,ANLON HEALTHCARE LIMITED,14.45,14.85,14.45,14.71,14.76,14.61,,14.71,,,1760550,25958108.08,2692,F1,1,,,,,
2026-08-03,2026-08-03,CM,NSE,STK,13664,INE0LR101013,ANLON,ST,,,,,ANLON TECHNOLOGY SOL LTD,606.95,618.00,605.00,617.95,618.00,606.95,,617.95,,,3200,1951960.00,8,F1,400,,,,,
2026-08-03,2026-08-03,CM,NSE,STK,3727,INE02AR01019,ANMOL,EQ,,,,,ANMOL INDIA LIMITED,10.00,10.20,9.96,10.01,10.13,10.12,,10.01,,,16537,166573.95,141,F1,1,,,,,
2026-08-03,2026-08-03,CM,NSE,STK,11198,INE0MGM01017,ANNAPURNA,SM,,,,,ANNAPURNA SWADISHT LTD,130.00,133.50,127.00,130.65,133.50,128.05,,130.65,,,86000,11100500.00,156,F1,250,,,,,
2026-08-03,2026-08-03,CM,NSE,STK,758740,INE0VTV01012,ANONDITA,SM,,,,,ANONDITA MEDICARE LIMITED,1060.20,1090.00,1041.00,1050.45,1046.90,1088.75,,1050.45,,,21600,22985410.00,99,F1,200,,,,,
2026-08-03,2026-08-03,CM,NSE,STK,19677,INE436A01026,ANSALAPI,BZ,,,,,ANSAL PROP & INFRA LTD,3.39,3.39,3.39,3.39,3.39,3.33,,3.57,,,5300,17967.00,10,F1,1,,,,,
2026-08-03,2026-08-03,CM,NSE,STK,5194,INE414B01021,ANTGRAPHIC,EQ,,,,,ANTARCTICA LTD,0.76,0.78,0.75,0.75,0.78,0.75,,0.75,,,116107,87963.16,199,F1,1,,,,,
2026-08-03,2026-08-03,CM,NSE,STK,13598,INE818A01017,ANTELOPUS,EQ,,,,,ANTELOPUS SELAN ENRGY LTD,821.00,846.00,812.00,834.55,833.05,821.50,,834.45,,,130427,108937646.00,5757,F1,1,,,,,
2026-08-03,2026-08-03,CM,NSE,STK,757885,INE0CZ201020,ANTHEM,EQ,,,,,ANTHEM BIOSCIENCES LTD,819.00,832.95,802.20,829.85,828.10,809.20,,829.88,,,960047,790584073.25,44115,F1,1,,,,,
2026-08-03,2026-08-03,CM,NSE,STK,1797,INE01BK01022,AWHCL,EQ,,,,,ANTONY WASTE HDG CELL LTD,429.55,438.95,426.80,429.65,429.50,426.80,,429.65,,,130134,56058643.45,4982,F1,1,,,,,
2026-08-03,2026-08-03,CM,NSE,STK,28314,INE489G01022,ANUHPHR,EQ,,,,,ANUH PHARMA LIMITED,81.47,81.47,79.50,80.41,80.50,79.48,,80.43,,,47682,3842475.26,915,F1,1,,,,,
2026-08-03,2026-08-03,CM,NSE,STK,2829,INE930P01018,ANURAS,EQ,,,,,ANUPAM RASAYAN INDIA LTD,1211.00,1216.80,1196.00,1209.80,1212.80,1207.80,,1209.80,,,199378,240840995.90,10171,F1,1,,,,,
2026-08-03,2026-08-03,CM,NSE,STK,28983,INE0SI601032,ANYA,SM,,,,,ANYA POLYTECH & FERTI LTD,15.25,15.25,15.25,15.25,15.25,15.20,,15.25,,,5000,76250.00,1,F1,5000,,,,,
2026-08-03,2026-08-03,CM,NSE,STK,11945,INE0MIZ23019,ANZEN,IV,,,,,ANZEN IND ENE YLD PLU TRU,132.00,132.00,132.00,132.00,132.00,129.00,,132.00,,,25000,3300000.00,1,F1,25000,,,,,
2026-08-03,2026-08-03,CM,NSE,STK,758904,INF1J2R01114,AONEGOLD,EQ,,,,,AONEAMC - AONEGOLD,13.26,13.37,13.21,13.27,13.28,13.26,,13.27,,,557416,7397862.73,1857,F1,1,,,,,
2026-08-03,2026-08-03,CM,NSE,STK,30472,INF1J2R01056,AONELIQUID,EQ,,,,,AONEAMC - AONELIQUID,1070.96,1070.96,1070.94,1070.94,1070.96,1070.80,,1070.94,,,40902,43803922.37,156,F1,1,,,,,
2026-08-03,2026-08-03,CM,NSE,STK,757096,INF1J2R01064,AONENIFTY,EQ,,,,,AONEAMC - AONENIFTY,10.30,10.30,9.95,10.13,10.04,10.05,,10.13,,,330350,3344537.31,1837,F1,1,,,,,
2026-08-03,2026-08-03,CM,NSE,STK,760193,INF1J2R01171,AONESILVER,EQ,,,,,AONEAMC - AONESILVER,8.34,8.38,8.25,8.28,8.29,8.28,,8.28,,,455260,3775328.91,1172,F1,1,,,,,
2026-08-03,2026-08-03,CM,NSE,STK,759992,INF1J2R01148,AONETMMQ50,EQ,,,,,AONEAMC - AONETMMQ50,10.09,10.15,9.93,9.98,10.05,10.04,,9.98,,,58298,587497.41,338,F1,1,,,,,
2026-08-03,2026-08-03,CM,NSE,STK,29975,INF1J2R01015,AONETOTAL,EQ,,,,,AONEAMC - AONETOTAL,11.94,12.10,11.91,12.02,12.01,11.94,,12.02,,,444230,5353079.76,2084,F1,1,,,,,
2026-08-03,2026-08-03,CM,NSE,STK,11491,INE372A01015,APARINDS,EQ,,,,,APAR INDUSTRIES LTD.,14400.00,14994.00,14321.00,14746.00,14750.00,14348.00,,14746.36,,,281739,4159747803.00,47243,F1,1,,,,,
2026-08-03,2026-08-03,CM,NSE,STK,154,INE116A01032,APCOTEXIND,EQ,,,,,APCOTEX INDUSTRIES LIMITE,614.00,636.00,605.10,617.60,615.00,611.35,,617.66,,,621211,385490371.00,18927,F1,1,,,,,
2026-08-03,2026-08-03,CM,NSE,STK,27291,INE0T4V01015,APEXECO,ST,,,,,APEX ECOTECH LIMITED,261.80,269.90,261.80,269.90,269.90,261.80,,269.90,,,6400,1702160.00,6,F1,800,,,,,
2026-08-03,2026-08-03,CM,NSE,STK,21623,INE346W01013,APEX,EQ,,,,,APEX FROZEN FOODS LIMITED,373.95,382.55,372.75,380.40,378.70,371.50,,380.45,,,83417,31668125.40,3419,F1,1,,,,,
2026-08-03,2026-08-03,CM,NSE,STK,25780,INE702C01027,APLAPOLLO,EQ,,,,,APL APOLLO TUBES LTD,1820.30,1958.00,1820.30,1941.50,1941.50,1819.50,,1941.56,,,4251591,8099294787.50,129957,F1,1,,,,,
2026-08-03,2026-08-03,CM,NSE,STK,757178,INE0TLC07085,930APMD27,N0,,,,,APMD 9.30% 2027 STRPP A,75590.00,75590.00,75590.00,75590.00,75590.00,75850.00,,75590.00,,,10,755900.00,1,F1,1,,,,,
2026-08-03,2026-08-03,CM,NSE,STK,757182,INE0TLC07069,930APMD29,N0,,,,,APMD 9.30% 2029 STRPP C,101850.00,101850.00,101850.00,101850.00,101850.00,102990.00,,101850.00,,,2,203700.00,1,F1,1,,,,,
2026-08-03,2026-08-03,CM,NSE,STK,757186,INE0TLC07051,930APMD31,N0,,,,,APMD 9.30% 2031 STRPP E,105000.00,105000.00,105000.00,105000.00,105000.00,103650.00,,105000.00,,,7,735000.00,2,F1,1,,,,,
2026-08-03,2026-08-03,CM,NSE,STK,757172,INE0TLC07028,930APMD33,N0,,,,,APMD 9.30% 2033 STRPP G,103445.20,103445.20,103445.20,103445.20,103445.20,105338.08,,103445.20,,,1,103445.20,1,F1,1,,,,,
2026-08-03,2026-08-03,CM,NSE,STK,157,INE437A01024,APOLLOHOSP,EQ,,,,,APOLLO HOSPITALS ENTER. L,9030.00,9049.00,8789.00,8820.00,8820.00,8957.00,,8820.00,,,250717,2225793468.00,31071,F1,1,,,,,
2026-08-03,2026-08-03,CM,NSE,STK,1134,INE713T01028,APOLLO,EQ,,,,,APOLLO MICRO SYSTEMS LTD,393.95,400.10,391.05,397.35,396.00,389.90,,397.37,,,4826053,1913908370.25,38945,F1,1,,,,,
2026-08-03,2026-08-03,CM,NSE,STK,14361,INE126J01016,APOLLOPIPE,EQ,,,,,APOLLO PIPES LIMITED,520.00,533.60,510.00,515.85,513.00,515.60,,515.72,,,217488,113178895.60,6530,F1,1,,,,,
2026-08-03,2026-08-03,CM,NSE,STK,6302,INE451F01024,APOLSINHOT,EQ,,,,,APOLLO SINDOORI HOTEL LTD,1210.70,1217.80,1195.10,1207.10,1206.00,1200.00,,1207.10,,,382,461324.00,89,F1,1,,,,,
2026-08-03,2026-08-03,CM,NSE,STK,163,INE438A01022,APOLLOTYRE,EQ,,,,,APOLLO TYRES LTD,432.25,438.35,430.95,436.60,437.80,428.15,,436.52,,,623690,271692584.05,19506,F1,1,,,,,
2026-08-03,2026-08-03,CM,NSE,STK,24638,INE0LQG01010,APRAMEYA,SM,,,,,APRAMEYA ENGINEERING LTD,146.00,146.00,146.00,146.00,146.00,147.10,,146.00,,,500,73000.00,1,F1,500,,,,,
2026-08-03,2026-08-03,CM,NSE,STK,760366,INE0M2307370,915APSBC28,N0,,,,,APSBC 9.15% 2028 STRPP C,102898.36,103199.59,102898.36,103199.59,103199.59,102932.42,,103199.59,,,3,308996.31,2,F1,1,,,,,
2026-08-03,2026-08-03,CM,NSE,STK,760372,INE0M2307388,915APSBC31,N0,,,,,APSBC 9.15% 2031 STRPP F,102361.01,102361.01,102361.01,102361.01,102361.01,102361.00,,102361.01,,,1,102361.01,1,F1,1,,,,,
2026-08-03,2026-08-03,CM,NSE,STK,761435,INE1OOJ01011,APSISAERO,ST,,,,,APSIS AEROCOM LIMITED,436.00,441.00,436.00,437.95,437.95,434.15,,437.95,,,8400,3687420.00,7,F1,1200,,,,,
2026-08-03,2026-08-03,CM,NSE,STK,14074,INE266F01018,APTECHT,BE,,,,,APTECH LIMITED,92.10,96.00,90.48,95.27,95.30,91.67,,95.24,,,146999,13816465.64,1405,F1,1,,,,,
2026-08-03,2026-08-03,CM,NSE,STK,5435,INE852O01025,APTUS,EQ,,,,,APTUS VALUE HSG FIN I LTD,263.95,265.20,258.50,263.60,264.45,261.20,,263.59,,,1314539,344920742.10,28464,F1,1,,,,,
2026-08-03,2026-08-03,CM,NSE,STK,23365,INE416A01051,AQYLON,EQ,,,,,AQYLON NEXUS LIMITED,25.81,26.76,24.22,26.75,26.75,25.49,,26.75,,,10374623,273058764.94,12963,F1,1,,,,,
2026-08-03,2026-08-03,CM,NSE,STK,758670,INE0YDV01010,ARCIIL,SM,,,,,ARC INSULATION & INSU LTD,37.55,37.95,37.55,37.95,37.95,36.80,,37.95,,,2000,75500.00,2,F1,1000,,,,,
2026-08-03,2026-08-03,CM,NSE,STK,12024,INE128X01021,ACI,EQ,,,,,ARCHEAN CHEMICAL IND LTD,528.00,543.10,522.60,535.60,540.00,525.65,,535.60,,,407906,218248963.10,16755,F1,1,,,,,
2026-08-03,2026-08-03,CM,NSE,STK,245,INE0CHO01012,ADL,EQ,,,,,ARCHIDPLY DECOR LIMITED,72.00,82.85,69.52,78.97,82.85,71.33,,79.51,,,2531,192197.96,35,F1,1,,,,,
2026-08-03,2026-08-03,CM,NSE,STK,16795,INE877I01016,ARCHIDPLY,EQ,,,,,ARCHIDPLY IND. LTD,83.00,83.48,81.30,81.80,81.80,81.14,,81.80,,,1504,123167.79,58,F1,1,,,,,
2026-08-03,2026-08-03,CM,NSE,STK,5688,INE731A01020,ARCHIES,EQ,,,,,ARCHIES LTD,13.88,14.75,13.77,13.95,13.99,13.77,,13.95,,,5427,76289.92,87,F1,1,,,,,
2026-08-03,2026-08-03,CM,NSE,STK,758700,INE784R01023,ARFIN,EQ,,,,,ARFIN INDIA LIMITED,89.00,90.44,84.00,85.49,84.30,89.77,,85.49,,,2342321,206093284.73,7970,F1,1,,,,,
2026-08-03,2026-08-03,CM,NSE,STK,13092,INE0L2Y01011,ARHAM,SM,,,,,ARHAM TECHNOLOGIES LTD,177.40,182.50,177.00,181.30,182.40,174.00,,181.30,,,55000,9877800.00,52,F1,1000,,,,,
2026-08-03,2026-08-03,CM,NSE,STK,15204,INE298I01015,ARIES,EQ,,,,,ARIES AGRO LTD.,334.10,342.00,333.45,340.70,338.00,337.45,,340.68,,,4220,1430006.60,201,F1,1,,,,,
2026-08-03,2026-08-03,CM,NSE,STK,3813,INE420B01036,ARIHANTCAP,EQ,,,,,ARIHANT CAPITAL MKTS LTD,78.00,79.70,77.02,77.48,77.02,78.34,,77.48,,,208574,16396054.41,1892,F1,1,,,,,
2026-08-03,2026-08-03,CM,NSE,STK,13885,INE413D01011,ARIHANT,EQ,,,,,ARIHANT FOUN & HOU LTD,1142.00,1142.00,1106.20,1137.90,1140.00,1142.75,,1138.01,,,1624,1842028.80,194,F1,1,,,,,
2026-08-03,2026-08-03,CM,NSE,STK,20159,INE643K01018,ARIHANTSUP,EQ,,,,,ARIHANT SUPERSTRUCT LTD,262.00,263.00,259.00,259.85,259.35,261.85,,259.86,,,4384,1141677.05,128,F1,1,,,,,
2026-08-03,2026-08-03,CM,NSE,STK,757614,INE0H9P01028,ARIS,EQ,,,,,ARISINFRA SOLUTIONS LTD,129.95,133.50,129.00,129.94,129.50,128.65,,129.94,,,1878707,246937378.21,12978,F1,1,,,,,
2026-08-03,2026-08-03,CM,NSE,STK,25398,INE0QRL01017,ARKADE,EQ,,,,,ARKADE DEVELOPERS LIMITED,142.50,142.97,140.00,140.65,140.00,141.19,,140.65,,,239449,33879722.79,3000,F1,1,,,,,
2026-08-03,2026-08-03,CM,NSE,STK,17263,INE109C01017,ARMANFIN,EQ,,,,,ARMAN FIN SERV LTD,1941.00,2001.00,1941.00,1994.30,1973.50,1941.00,,1994.31,,,34160,67811912.70,3251,F1,1,,,,,
2026-08-03,2026-08-03,CM,NSE,STK,14557,INE210C01013,AROGRANITE,EQ,,,,,ARO GRANITE IND. LTD.,25.50,25.79,24.90,25.16,25.08,25.44,,25.16,,,20710,521216.20,124,F1,1,,,,,
2026-08-03,2026-08-03,CM,NSE,STK,9264,INE570D01018,ARROWGREEN,BE,,,,,ARROW GREENTECH LIMITED,732.00,736.00,715.00,727.50,730.00,722.40,,727.50,,,10421,7557144.10,286,F1,1,,,,,
2026-08-03,2026-08-03,CM,NSE,STK,29015,INE968D01022,ARSHIYA,BZ,,,,,ARSHIYA LIMITED,0.99,0.99,0.94,0.96,0.97,0.98,,0.96,,,135614,130739.00,99,F1,1,,,,,
2026-08-03,2026-08-03,CM,NSE,STK,6156,INE738V01013,ARTNIRMAN,EQ,,,,,ART NIRMAN LIMITED,37.02,39.50,37.02,38.18,39.44,37.07,,38.18,,,3348,127825.60,55,F1,1,,,,,
2026-08-03,2026-08-03,CM,NSE,STK,761330,INE757T01025,AEPL,EQ,,,,,ARTEMIS ELECTRICALS & P L,14.21,14.57,14.21,14.32,14.38,14.38,,14.30,,,12960,185099.30,108,F1,1,,,,,
2026-08-03,2026-08-03,CM,NSE,STK,16913,INE025R01021,ARTEMISMED,EQ,,,,,ARTEMIS MED SERVICE LTD,304.80,305.00,299.00,302.20,302.10,298.50,,302.20,,,261601,78871002.90,5366,F1,1,,,,,
2026-08-03,2026-08-03,CM,NSE,STK,756899,INE0TTG01017,ARUNAYA,ST,,,,,ARUNAYA ORGANICS LIMITED,15.55,16.10,15.55,16.10,16.10,16.10,,16.10,,,4000,63300.00,2,F1,2000,,,,,
2026-08-03,2026-08-03,CM,NSE,STK,2814,INE006Z01016,ARVEE,EQ,,,,,ARVEE LABORATORIES I LTD,156.72,158.29,153.85,155.44,154.02,156.72,,155.44,,,62,9574.06,8,F1,1,,,,,
2026-08-03,2026-08-03,CM,NSE,STK,9111,INE955V01021,ARVINDFASN,EQ,,,,,ARVIND FASHIONS LIMITED,453.45,456.70,445.55,449.15,449.80,450.00,,449.03,,,164972,74318184.75,9182,F1,1,,,,,
2026-08-03,2026-08-03,CM,NSE,STK,193,INE034A01011,ARVIND,EQ,,,,,ARVIND LIMITED,517.80,537.40,516.50,528.95,526.05,513.20,,528.92,,,623621,330610444.95,25417,F1,1,,,,,
2026-08-03,2026-08-03,CM,NSE,STK,19579,INE0P4T01013,ARVINDPORT,SM,,,,,ARVIND PORT AND INFRA LTD,31.30,31.30,28.65,28.95,28.90,30.15,,28.95,,,54000,1566750.00,18,F1,1500,,,,,
2026-08-03,2026-08-03,CM,NSE,STK,10457,INE034S01021,ARVSMART,EQ,,,,,ARVIND SMARTSPACES LTD,595.90,604.45,595.90,600.65,600.00,592.55,,600.45,,,16680,9995800.25,868,F1,1,,,,,
2026-08-03,2026-08-03,CM,NSE,STK,5378,INE439A01020,ASAHIINDIA,EQ,,,,,ASAHI INDIA GLASS LIMITED,875.00,900.55,875.00,897.05,891.05,876.55,,897.01,,,46380,41447692.30,5055,F1,1,,,,,
2026-08-03,2026-08-03,CM,NSE,STK,25092,INE228I01012,ASAHISONG,BE,,,,,ASAHI SONGWON COLOR LTD,413.95,413.95,378.00,391.35,387.10,394.90,,391.35,,,36757,14292179.70,615,F1,1,,,,,
2026-08-03,2026-08-03,CM,NSE,STK,24711,INE0LAA01017,ASHALOG,SM,,,,,ASHAPURA LOGISTICS LTD,55.40,56.00,55.00,56.00,56.00,53.05,,56.00,,,3000,166400.00,3,F1,1000,,,,,
2026-08-03,2026-08-03,CM,NSE,STK,203,INE348A01023,ASHAPURMIN,EQ,,,,,ASHAPURA MINECHEM LTD,709.65,731.00,708.00,717.85,716.00,702.55,,717.82,,,903568,652871032.95,22721,F1,1,,,,,
2026-08-03,2026-08-03,CM,NSE,STK,24403,INE365D01021,ASHIANA,EQ,,,,,ASHIANA HOUSING LTD,397.00,399.00,384.30,385.55,385.70,390.65,,385.57,,,53104,20698487.65,1721,F1,1,,,,,
2026-08-03,2026-08-03,CM,NSE,STK,762548,INE094B01013,ASHIKAG,EQ,,,,,ASHIKA GLOBAL SEC LTD,509.90,520.95,471.10,477.50,477.80,498.55,,477.55,,,900303,441814422.90,14523,F1,1,,,,,
2026-08-03,2026-08-03,CM,NSE,STK,206,INE440A01010,ASHIMASYN,EQ,,,,,ASHIMA LTD,18.08,18.59,17.80,18.09,17.85,18.08,,18.10,,,106327,1939185.16,595,F1,1,,,,,
2026-08-03,2026-08-03,CM,NSE,STK,212,INE208A01029,ASHOKLEY,EQ,,,,,ASHOK LEYLAND LTD,169.28,175.00,169.13,174.55,174.55,166.18,,174.51,,,47817945,8277104966.59,211720,F1,1,,,,,
2026-08-03,2026-08-03,CM,NSE,STK,20182,INE442H01029,ASHOKA,EQ,,,,,ASHOKA BUILDCON LTD,121.92,122.68,120.80,121.12,120.80,121.09,,121.12,,,960055,116557484.73,6122,F1,1,,,,,
2026-08-03,2026-08-03,CM,NSE,STK,16943,INE760Y01011,ASHOKAMET,EQ,,,,,ASHOKA METCAST LIMITED,14.18,14.50,14.18,14.19,14.19,14.18,,14.19,,,15401,219076.79,99,F1,1,,,,,
2026-08-03,2026-08-03,CM,NSE,STK,760418,INE1A6Q01010,ASHWINI,SM,,,,,ASHWINI CONTAINER MOVER L,199.00,199.50,195.00,195.15,195.00,196.45,,195.15,,,12000,2355600.00,12,F1,1000,,,,,
2026-08-03,2026-08-03,CM,NSE,STK,7030,INE276G01015,ASIANENE,EQ,,,,,ASIAN ENERGY SERVICES LTD,408.90,418.00,402.05,410.65,411.00,398.55,,410.65,,,835789,344629336.05,16969,F1,1,,,,,
2026-08-03,2026-08-03,CM,NSE,STK,14889,INE022I01019,ASIANTILES,EQ,,,,,ASIAN GRANITO IND. LTD.,54.97,55.18,53.07,53.83,53.80,54.68,,53.83,,,5168198,278929934.86,13953,F1,1,,,,,
2026-08-03,2026-08-03,CM,NSE,STK,19438,INE926K01017,AHLEAST,EQ,,,,,ASIAN HOTELS (EAST) LTD,144.10,144.99,142.05,143.12,142.10,145.10,,143.11,,,1406,200946.65,58,F1,1,,,,,
2026-08-03,2026-08-03,CM,NSE,STK,18422,INE363A01022,ASIANHOTNR,EQ,,,,,ASIAN HOTELS (NORTH) LTD,307.95,308.90,299.65,303.35,304.00,300.10,,303.35,,,118626,36185174.30,2259,F1,1,,,,,
2026-08-03,2026-08-03,CM,NSE,STK,19370,INE915K01010,AHLWEST,BE,,,,,ASIAN HOTELS (WEST) LTD,542.00,542.00,521.00,537.00,537.00,541.15,,537.00,,,402,211440.30,9,F1,1,,,,,
2026-08-03,2026-08-03,CM,NSE,STK,236,INE021A01026,ASIANPAINT,EQ,,,,,ASIAN PAINTS LIMITED,2770.90,2810.00,2762.10,2810.00,2810.00,2747.30,,2809.76,,,1040453,2890424435.50,54451,F1,1,,,,,
2026-08-03,2026-08-03,CM,NSE,STK,762553,INE194D01017,ASTAR,EQ,,,,,ASIAN STAR CO. LTD.,624.90,624.90,585.10,585.10,585.10,594.95,,585.10,,,92,54694.00,9,F1,1,,,,,
2026-08-03,2026-08-03,CM,NSE,STK,20152,INE491J01022,ASKAUTOLTD,EQ,,,,,ASK AUTOMOTIVE LIMITED,535.00,577.95,529.00,569.65,569.00,528.05,,569.66,,,1082723,600182776.85,39691,F1,1,,,,,
2026-08-03,2026-08-03,CM,NSE,STK,17270,INE991I01015,ASPINWALL,EQ,,,,,ASPINWALL & CO LTD,234.10,243.00,234.10,236.19,236.11,233.57,,236.19,,,1733,413455.42,60,F1,1,,,,,
2026-08-03,2026-08-03,CM,NSE,STK,23396,INE0S7801010,ASPIRE,SM,,,,,ASPIRE & INNOVATIVE ADV L,13.80,14.95,13.80,14.95,14.95,14.50,,14.95,,,6000,85100.00,3,F1,2000,,,,,
2026-08-03,2026-08-03,CM,NSE,STK,17598,INE073G01016,ASALCBR,EQ,,,,,ASSO ALCOHOLS & BREW LTD,765.00,793.15,765.00,777.85,778.00,763.25,,777.93,,,25180,19696672.65,2174,F1,1,,,,,
2026-08-03,2026-08-03,CM,NSE,STK,17728,INE563J01010,ASTEC,EQ,,,,,ASTEC LIFESCIENCES LTD,645.00,663.80,625.00,628.30,625.05,655.35,,628.27,,,70469,44831593.45,4536,F1,1,,,,,
2026-08-03,2026-08-03,CM,NSE,STK,1508,INE914M01019,ASTERDM,EQ,,,,,ASTER DM QUALITY CARE LTD,825.05,836.50,808.00,815.15,810.30,822.15,,815.03,,,623483,510437261.50,36482,F1,1,,,,,
2026-08-03,2026-08-03,CM,NSE,STK,11618,INE386C01029,ASTRAMICRO,EQ,,,,,ASTRA MICROWAVE LTD,1878.00,1893.50,1831.00,1848.80,1835.00,1861.60,,1848.47,,,372847,694610925.70,21944,F1,1,,,,,
2026-08-03,2026-08-03,CM,NSE,STK,14418,INE006I01046,ASTRAL,EQ,,,,,ASTRAL LIMITED,1465.00,1465.70,1425.20,1435.60,1435.60,1448.60,,1435.61,,,652477,941540138.50,33076,F1,1,,,,,
2026-08-03,2026-08-03,CM,NSE,STK,5610,INE203A01020,ASTRAZEN,EQ,,,,,ASTRAZENECA PHARMA IND LT,8250.00,8510.00,8180.00,8300.00,8300.00,8100.00,,8299.82,,,13555,113207271.50,4568,F1,1,,,,,
2026-08-03,2026-08-03,CM,NSE,STK,880,INE646X01014,ASTRON,BE,,,,,ASTRON PAPER BORD MIL LTD,3.93,3.93,3.70,3.88,3.88,3.80,,3.88,,,37132,141334.18,75,F1,1,,,,,
2026-08-03,2026-08-03,CM,NSE,STK,15649,INE0ALR01029,ATALREAL,EQ,,,,,ATAL REALTECH LIMITED,33.25,33.90,33.25,33.54,33.28,33.17,,33.55,,,8515476,285848335.57,6129,F1,1,,,,,
2026-08-03,2026-08-03,CM,NSE,STK,15404,INE09KD01013,ATAM,EQ,,,,,ATAM VALVES LIMITED,65.99,67.00,65.01,65.49,65.76,64.44,,65.49,,,5993,394343.91,119,F1,1,,,,,
2026-08-03,2026-08-03,CM,NSE,STK,756405,INE0V0Q01019,ATCENERGY,ST,,,,,ATC ENERGIES SYSTEM LTD,23.10,23.10,23.10,23.10,23.10,22.00,,23.10,,,4800,110880.00,4,F1,1200,,,,,
2026-08-03,2026-08-03,CM,NSE,STK,757645,INE0LEZ01016,ATHERENERG,EQ,,,,,ATHER ENERGY LIMITED,1269.00,1289.90,1242.00,1272.70,1280.00,1260.30,,1272.66,,,3918512,4948437772.20,112841,F1,1,,,,,
2026-08-03,2026-08-03,CM,NSE,STK,760953,IN90NN701011,ATLPP,E1,,,,,ATL RE.0.50 PPD UP,8.95,8.95,8.65,8.80,8.80,8.74,,8.80,,,1444,12656.75,14,F1,1,,,,,
2026-08-03,2026-08-03,CM,NSE,STK,759007,INE0Z4F01028,ATLANTAELE,EQ,,,,,ATLANTA ELECTRICALS LTD,1588.00,1610.00,1551.30,1589.80,1580.00,1539.00,,1589.72,,,109420,173507367.70,9253,F1,1,,,,,
2026-08-03,2026-08-03,CM,NSE,STK,13585,INE285H01022,ATLANTAA,EQ,,,,,ATLANTAA LIMITED,35.10,35.70,34.56,35.20,35.50,35.10,,35.29,,,15290,538485.43,336,F1,1,,,,,
2026-08-03,2026-08-03,CM,NSE,STK,4568,INE446A01025,ATLASCYCLE,EQ,,,,,ATLAS CYCLE (HARYANA) LTD,99.25,99.25,96.43,97.58,97.70,98.35,,97.58,,,3463,337730.72,66,F1,1,,,,,
2026-08-03,2026-08-03,CM,NSE,STK,22788,INE05DH01017,ATMASTCO,ST,,,,,ATMASTCO LIMITED,152.00,154.50,151.00,151.00,151.00,151.75,,151.00,,,4400,670360.00,11,F1,400,,,,,
2026-08-03,2026-08-03,CM,NSE,STK,30023,INE951D01028,ATULAUTO,EQ,,,,,ATUL AUTO LIMITED,521.50,573.75,520.00,563.35,565.00,515.45,,563.40,,,1998434,1102988363.00,44570,F1,1,,,,,
2026-08-03,2026-08-03,CM,NSE,STK,263,INE100A01010,ATUL,EQ,,,,,ATUL LTD,6765.00,6872.00,6756.50,6777.00,6765.00,6736.50,,6777.11,,,23390,159198451.00,6125,F1,1,,,,,
2026-08-03,2026-08-03,CM,NSE,STK,21238,INE949L01017,AUBANK,EQ,,,,,AU SMALL FINANCE BANK LTD,1054.10,1060.00,1038.40,1060.00,1060.00,1047.30,,1059.96,,,1367532,1431275890.10,33222,F1,1,,,,,
2026-08-03,2026-08-03,CM,NSE,STK,12022,INE132H01018,AURIONPRO,EQ,,,,,AURIONPRO SOLN LTD,734.15,751.00,733.00,739.55,736.00,733.40,,739.53,,,233978,173112699.30,8595,F1,1,,,,,
2026-08-03,2026-08-03,CM,NSE,STK,15869,INE0NUL01018,AUROIMPEX,SM,,,,,AURO IMPEX & CHEMICALS L,26.00,26.70,26.00,26.70,26.70,27.20,,26.70,,,6400,167840.00,4,F1,1600,,,,,
2026-08-03,2026-08-03,CM,NSE,STK,275,INE406A01037,AUROPHARMA,EQ,,,,,AUROBINDO PHARMA LTD,1586.90,1591.80,1541.60,1554.70,1554.70,1580.20,,1555.17,,,1496353,2341846690.80,96457,F1,1,,,,,
2026-08-03,2026-08-03,CM,NSE,STK,10310,INE898S01029,AURUM,EQ,,,,,AURUM PROPTECH LIMITED,224.99,224.99,218.00,218.62,218.10,219.92,,218.61,,,165374,36371048.36,2482,F1,1,,,,,
2026-08-03,2026-08-03,CM,NSE,STK,31468,INE142K01011,AURUS,EQ,,,,,AURUS GEM CORP LIMITED,4.55,4.75,4.50,4.61,4.61,4.54,,4.60,,,24301,111295.55,110,F1,1,,,,,
2026-08-03,2026-08-03,CM,NSE,STK,9035,INE218C01016,AUSOMENT,BE,,,,,AUSOM ENTERPRISE LIMITED,143.14,146.00,139.00,142.14,146.00,143.14,,142.14,,,5384,758845.50,59,F1,1,,,,,
2026-08-03,2026-08-03,CM,NSE,STK,21451,INE0P0001010,APS,SM,,,,,AUSTRALIAN PREM SOLAR I L,270.15,273.80,264.20,266.00,264.20,270.95,,266.00,,,22250,5968575.00,81,F1,250,,,,,
2026-08-03,2026-08-03,CM,NSE,STK,23553,INE206F01022,AIIL,EQ,,,,,AUTHUM INVEST & INFRA LTD,549.00,556.75,541.40,548.80,544.50,539.30,,548.80,,,105935,58027003.60,6848,F1,1,,,,,
2026-08-03,2026-08-03,CM,NSE,STK,14110,INE718H01014,AUTOIND,BE,,,,,AUTOLINE INDUSTRIES LTD,88.45,90.50,86.01,88.86,88.60,87.83,,88.93,,,34292,3057655.56,195,F1,1,,,,,
2026-08-03,2026-08-03,CM,NSE,STK,278,INE449A01011,AUTOAXLES,EQ,,,,,AUTOMOTIVE AXLES LIMITED,1824.40,1890.00,1810.20,1880.50,1865.80,1801.20,,1880.45,,,43652,80917621.90,3328,F1,1,,,,,
2026-08-03,2026-08-03,CM,NSE,STK,10634,INE900C01027,ASAL,EQ,,,,,AUTOMOTIVE STAMPINGS & AS,501.90,510.00,501.90,507.85,510.00,500.20,,507.91,,,13492,6833570.20,1050,F1,1,,,,,
2026-08-03,2026-08-03,CM,NSE,STK,21406,INE349W01017,AVADHSUGAR,EQ,,,,,AVADH SUG & ENERGY LTD,510.00,575.00,510.00,558.70,567.00,504.00,,558.86,,,578282,314572828.80,19065,F1,1,,,,,
2026-08-03,2026-08-03,CM,NSE,STK,15058,INE0LCL01028,AVALON,EQ,,,,,AVALON TECHNOLOGIES LTD,1814.00,1834.30,1740.00,1751.80,1748.00,1807.90,,1751.69,,,280823,500853376.70,31001,F1,1,,,,,
2026-08-03,2026-08-03,CM,NSE,STK,760736,INE1KU201016,AVANA,ST,,,,,AVANA ELECTROSYSTEMS LTD,153.95,153.95,149.00,149.00,149.00,149.00,,149.00,,,4000,605900.00,2,F1,2000,,,,,
2026-08-03,2026-08-03,CM,NSE,STK,24610,INE005B01027,AVANTEL,EQ,,,,,AVANTEL LIMITED,162.00,164.79,162.00,162.99,163.45,161.89,,162.99,,,634730,103782794.46,6984,F1,1,,,,,
2026-08-03,2026-08-03,CM,NSE,STK,7936,INE871C01038,AVANTIFEED,EQ,,,,,AVANTI FEEDS LIMITED,907.35,931.90,901.00,907.30,908.00,899.60,,907.26,,,650344,593202429.20,21901,F1,1,,,,,
2026-08-03,2026-08-03,CM,NSE,STK,20503,INE617I01024,AVATAR,ST,,,,,AVATAR INDUSTRIES LIMITED,182.75,182.75,182.75,182.75,182.75,179.20,,182.75,,,12000,2193000.00,3,F1,2000,,,,,
2026-08-03,2026-08-03,CM,NSE,STK,19913,INE192R01011,DMART,EQ,,,,,AVENUE SUPERMARTS LIMITED,3945.10,4017.00,3912.10,4015.00,4015.00,3921.00,,4014.94,,,497304,1979749552.60,32754,F1,1,,,,,
2026-08-03,2026-08-03,CM,NSE,STK,16249,INE483S01020,CCAVENUE,EQ,,,,,AVENUESAI LIMITED,16.04,18.05,15.92,17.43,17.71,15.85,,17.44,,,95564917,1641509170.14,100946,F1,1,,,,,
2026-08-03,2026-08-03,CM,NSE,STK,15638,INE680Z01018,AVG,BE,,,,,AVG LOGISTICS LIMITED,204.15,209.00,202.05,204.00,204.00,204.15,,204.36,,,8304,1708093.41,127,F1,1,,,,,
2026-08-03,2026-08-03,CM,NSE,STK,25520,INE0TFB01017,AVIANSH,SM,,,,,AVI ANSH TEXTILE LIMITED,102.00,103.00,102.00,103.00,103.00,102.00,,103.00,,,5000,512700.00,4,F1,1000,,,,,
2026-08-03,2026-08-03,CM,NSE,STK,755092,INE0V9I01017,AVIENCE,SM,,,,,AVIENCE BIOMEDICALS LTD,261.00,262.90,257.00,258.05,257.00,257.00,,258.05,,,13200,3440040.00,21,F1,600,,,,,
2026-08-03,2026-08-03,CM,NSE,STK,14069,INE855F01042,ASMS,BE,,,,,AVIO SMART MRKT STACK LTD,7.02,7.20,7.00,7.08,7.15,7.02,,7.08,,,118400,837758.09,342,F1,1,,,,,
2026-08-03,2026-08-03,CM,NSE,STK,13557,INE323B01024,AVONMORE,EQ,,,,,AVONMORE CAP&MGT SERV LTD,11.35,11.48,11.25,11.36,11.34,11.17,,11.35,,,126394,1434896.06,617,F1,1,,,,,
2026-08-03,2026-08-03,CM,NSE,STK,23159,INE0R9401019,AVPINFRA,SM,,,,,AVP INFRACON LIMITED,67.00,67.30,64.30,66.95,66.95,65.65,,66.95,,,13600,896600.00,15,F1,800,,,,,
2026-08-03,2026-08-03,CM,NSE,STK,8827,INE652Z01025,AVROIND,EQ,,,,,AVRO INDIA LIMITED,8.79,8.83,8.53,8.77,8.83,8.71,,8.76,,,94601,826065.77,368,F1,1,,,,,
2026-08-03,2026-08-03,CM,NSE,STK,14008,INE488D01021,AVTNPL,EQ,,,,,AVT NATURAL PRODUCTS LTD,72.18,72.18,69.10,70.71,71.00,71.47,,70.71,,,42562,3013819.96,633,F1,1,,,,,
2026-08-03,2026-08-03,CM,NSE,STK,23864,INE108V01019,AWFIS,EQ,,,,,AWFIS SPACE SOLUTIONS LTD,280.00,283.10,276.05,277.30,276.60,278.10,,277.30,,,171951,47935503.70,4883,F1,1,,,,,
2026-08-03,2026-08-03,CM,NSE,STK,8110,INE699H01024,AWL,EQ,,,,,AWL AGRI BUSINESS LIMITED,190.25,193.90,189.36,190.30,189.99,189.44,,190.29,,,3413191,651280322.07,31138,F1,1,,,,,
2026-08-03,2026-08-03,CM,NSE,STK,5900,INE238A01034,AXISBANK,EQ,,,,,AXIS BANK LIMITED,1236.90,1272.00,1230.50,1272.00,1272.00,1229.50,,1271.94,,,6713421,8381120870.50,121530,F1,1,,,,,
2026-08-03,2026-08-03,CM,NSE,STK,1044,INF846K01X63,BNKETFAXIS,EQ,,,,,AXISAMC-BNKETFAXIS,592.05,596.71,592.05,593.71,593.71,587.51,,593.71,,,820,487434.09,114,F1,1,,,,,
2026-08-03,2026-08-03,CM,NSE,STK,5732,INF846K016C7,CONSUMAXIS,EQ,,,,,AXISAMC-CONSUMAXIS,124.29,125.69,124.29,125.10,124.69,124.29,,125.10,,,7213,904868.58,46,F1,1,,,,,
2026-08-03,2026-08-03,CM,NSE,STK,20532,INF846K01W80,GOLDAXIS,EQ,,,,,AXISAMC-GOLDAXIS,118.52,118.53,117.70,118.23,118.24,117.96,,118.23,,,538980,63690775.23,3964,F1,1,,,,,
2026-08-03,2026-08-03,CM,NSE,STK,3608,INF846K01Z12,HEALTHAXIS,EQ,,,,,AXISAMC-HEALTHAXIS,170.60,172.30,168.63,170.26,172.30,170.60,,171.07,,,8530,1455191.73,187,F1,1,,,,,
2026-08-03,2026-08-03,CM,NSE,STK,3010,INF846K01Y96,ITAXIS,EQ,,,,,AXISAMC-ITAXIS,341.14,349.00,338.10,345.94,339.23,337.83,,345.79,,,7479,2577688.87,224,F1,1,,,,,
2026-08-03,2026-08-03,CM,NSE,STK,21252,INF846K01W98,NIFTYAXIS,EQ,,,,,AXISAMC-NIFTYAXIS,271.39,272.20,270.73,271.85,272.20,269.30,,271.85,,,13577,3688517.12,622,F1,1,,,,,
2026-08-03,2026-08-03,CM,NSE,STK,14742,INF846K010Q0,SENSEXAXIS,EQ,,,,,AXISAMC-SENSEXAXIS,82.69,82.70,80.01,81.00,80.20,81.07,,81.05,,,3300,268995.27,129,F1,1,,,,,
2026-08-03,2026-08-03,CM,NSE,STK,11193,INF846K011K1,SILVERAXIS,EQ,,,,,AXISAMC-SILVERAXIS,215.41,216.55,214.20,214.72,215.00,214.71,,214.72,,,166495,35799859.76,2349,F1,1,,,,,
2026-08-03,2026-08-03,CM,NSE,STK,30155,INF846KA1119,VALUEAXIS,EQ,,,,,AXISAMC-VALUEAXIS,33.06,33.37,32.76,33.18,33.02,33.06,,33.18,,,59247,1969068.94,381,F1,1,,,,,
2026-08-03,2026-08-03,CM,NSE,STK,9436,INE555B01013,AXISCADES,EQ,,,,,AXISCADES TECH LTD,1564.00,1599.00,1535.80,1572.90,1572.00,1553.50,,1572.91,,,224880,351705483.40,13753,F1,1,,,,,
2026-08-03,2026-08-03,CM,NSE,STK,9902,INE02EZ01022,AXITA,EQ,,,,,AXITA COTTON LIMITED,7.35,7.42,7.30,7.30,7.32,7.32,,7.30,,,414015,3041298.98,824,F1,1,,,,,
2026-08-03,2026-08-03,CM,NSE,STK,760981,INE501X01029,AYE,EQ,,,,,AYE FINANCE LIMITED,167.97,175.49,166.41,172.60,174.70,166.52,,172.60,,,852884,147624198.98,13902,F1,1,,,,,
2026-08-03,2026-08-03,CM,NSE,STK,10285,INE193B01039,AYMSYNTEX,EQ,,,,,AYM SYNTEX LIMITED,251.00,259.90,248.00,251.60,248.00,251.81,,251.47,,,14782,3725819.20,1200,F1,1,,,,,
2026-08-03,2026-08-03,CM,NSE,STK,20905,INE02IJ01035,AZAD,EQ,,,,,AZAD ENGINEERING LIMITED,2309.70,2372.00,2275.10,2306.80,2310.10,2292.50,,2306.64,,,304016,708305001.50,25287,F1,1,,,,,
2026-08-03,2026-08-03,CM,NSE,STK,762616,INE489D01011,BNALTD,BE,,,,,B & A LTD.,391.05,411.00,383.00,411.00,411.00,393.00,,411.00,,,106,40847.80,13,F1,1,,,,,
2026-08-03,2026-08-03,CM,NSE,STK,12153,INE01EE01011,BBTCL,EQ,,,,,B&B TRIPLEWALL CONT LTD,239.00,239.00,220.00,222.48,222.00,241.22,,222.81,,,31193,7079798.15,1079,F1,1,,,,,
2026-08-03,2026-08-03,CM,NSE,STK,11226,INE116D01028,BAGFILMS,EQ,,,,,B.A.G FILMS AND MEDIA LTD,4.47,4.53,4.37,4.45,4.46,4.42,,4.45,,,116426,519197.84,161,F1,1,,,,,
2026-08-03,2026-08-03,CM,NSE,STK,13290,INE350H01032,BLKASHYAP,EQ,,,,,B.L.KASHYAP & SON LTD,55.00,55.25,53.80,54.32,53.82,54.46,,54.32,,,174052,9501044.79,1274,F1,1,,,,,
2026-08-03,2026-08-03,CM,NSE,STK,25116,INE01FR01028,STYLEBAAZA,BE,,,,,BAAZAR STYLE RETAIL LTD,275.00,281.00,272.05,278.05,279.40,271.40,,278.05,,,96840,26934477.10,1129,F1,1,,,,,
2026-08-03,2026-08-03,CM,NSE,STK,17735,INE878I01022,BAFNAPH,BE,,,,,BAFNA PHARMACEUTICALS LTD,268.20,268.20,268.20,268.20,268.20,262.91,,273.15,,,593,159042.60,16,F1,1,,,,,
2026-08-03,2026-08-03,CM,NSE,STK,763363,INE2OVN25015,BAGMANE,RR,,,,,BAGMANE PRIME OFFICE REIT,105.84,105.93,105.00,105.13,105.00,105.13,,105.13,,,691717,72912561.03,8808,F1,1,,,,,
2026-08-03,2026-08-03,CM,NSE,STK,12989,INE029Q01017,BAHETI,SM,,,,,BAHETI RECYCLING IND LTD,715.05,731.00,710.00,724.20,727.00,719.30,,724.20,,,27000,19540200.00,54,F1,375,,,,,
2026-08-03,2026-08-03,CM,NSE,STK,13794,INE020D01022,BAIDFIN,EQ,,,,,BAID FINSERV LIMITED,9.89,10.10,9.89,10.01,10.00,9.81,,9.99,,,24127,240973.55,192,F1,1,,,,,
2026-08-03,2026-08-03,CM,NSE,STK,16669,INE917I01010,BAJAJ-AUTO,EQ,,,,,BAJAJ AUTO LIMITED,11575.00,11856.00,11456.00,11856.00,11856.00,11520.50,,11855.66,,,281232,3238878272.00,41492,F1,1,,,,,
2026-08-03,2026-08-03,CM,NSE,STK,19531,INE933K01021,BAJAJCON,EQ,,,,,BAJAJ CONSUMER CARE LTD,524.10,534.45,518.45,523.80,523.00,524.10,,523.80,,,1264747,663577262.30,47269,F1,1,,,,,
2026-08-03,2026-08-03,CM,NSE,STK,15034,INE193E01025,BAJAJELEC,EQ,,,,,BAJAJ ELECT.LTD,336.00,342.00,334.00,337.65,335.55,332.90,,337.54,,,110852,37533319.20,3046,F1,1,,,,,
2026-08-03,2026-08-03,CM,NSE,STK,317,INE296A01032,BAJFINANCE,EQ,,,,,BAJAJ FINANCE LIMITED,1176.30,1176.40,1140.20,1153.00,1153.00,1141.20,,1152.79,,,13758012,15941654317.20,222678,F1,1,,,,,
2026-08-03,2026-08-03,CM,NSE,STK,16675,INE918I01026,BAJAJFINSV,EQ,,,,,BAJAJ FINSERV LTD.,2050.50,2096.00,2040.40,2096.00,2096.00,2029.10,,2095.75,,,2850085,5922649717.10,107806,F1,1,,,,,
2026-08-03,2026-08-03,CM,NSE,STK,6863,INE411U01027,BAJAJHCARE,EQ,,,,,BAJAJ HEALTHCARE LIMITED,341.00,342.00,336.70,340.40,340.20,336.45,,340.39,,,111278,37733901.95,3070,F1,1,,,,,
2026-08-03,2026-08-03,CM,NSE,STK,308,INE306A01021,BAJAJHIND,EQ,,,,,BAJAJ HINDUSTHAN SUGAR LT,16.90,17.65,16.90,17.52,17.45,16.75,,17.52,,,8736035,152025511.02,11642,F1,1,,,,,
2026-08-03,2026-08-03,CM,NSE,STK,305,INE118A01012,BAJAJHLDNG,EQ,,,,,BAJAJ HOLDINGS & INVS LTD,11313.00,11629.00,11257.00,11599.00,11599.00,11343.00,,11599.00,,,46101,528071650.00,14262,F1,1,,,,,
2026-08-03,2026-08-03,CM,NSE,STK,25270,INE377Y01014,BAJAJHFL,EQ,,,,,BAJAJ HOUSING FINANCE LTD,86.85,87.29,86.31,86.85,86.74,86.02,,86.85,,,3208217,278626755.21,28966,F1,1,,,,,
2026-08-03,2026-08-03,CM,NSE,STK,762563,INE704G01024,BAJAJST,EQ,,,,,BAJAJ STEEL INDS. LTD.,396.40,403.30,382.20,385.55,388.85,396.40,,385.67,,,24121,9402849.60,1454,F1,1,,,,,
2026-08-03,2026-08-03,CM,NSE,STK,20531,INE0KQN01018,BAJEL,EQ,,,,,BAJEL PROJECTS LIMITED,175.50,180.00,175.50,177.35,176.80,176.80,,177.30,,,117082,20870682.86,1517,F1,1,,,,,
2026-08-03,2026-08-03,CM,NSE,STK,13441,INE083D01012,BALPHARMA,EQ,,,,,BAL PHARMA LTD.,88.40,90.59,88.00,89.49,89.25,88.09,,89.49,,,14911,1331366.16,349,F1,1,,,,,
2026-08-03,2026-08-03,CM,NSE,STK,14501,INE050E01027,BALAMINES,EQ,,,,,BALAJI AMINES LIMITED,2148.00,2165.00,2010.40,2025.20,2029.00,2133.30,,2025.10,,,368391,763425898.70,33051,F1,1,,,,,
2026-08-03,2026-08-03,CM,NSE,STK,30030,INE0PQ601019,BALAJIPHOS,SM,,,,,BALAJI PHOSPHATES LIMITED,89.95,89.95,89.95,89.95,89.95,88.50,,89.95,,,1000,89950.00,1,F1,1000,,,,,
2026-08-03,2026-08-03,CM,NSE,STK,9158,INE794B01026,BALAJITELE,EQ,,,,,BALAJI TELEFILMS LIMITED.,84.01,86.70,84.00,84.54,84.05,83.61,,84.55,,,116653,9955037.12,1244,F1,1,,,,,
2026-08-03,2026-08-03,CM,NSE,STK,11309,INE618N01022,BALAXI,EQ,,,,,BALAXI PHARMA LTD,23.67,24.75,23.67,24.00,24.04,23.90,,24.00,,,13887,333580.10,120,F1,1,,,,,
2026-08-03,2026-08-03,CM,NSE,STK,335,INE787D01026,BALKRISIND,EQ,,,,,BALKRISHNA IND. LTD,2478.50,2521.90,2442.10,2492.20,2493.40,2473.50,,2492.30,,,541456,1346996572.10,41221,F1,1,,,,,
2026-08-03,2026-08-03,CM,NSE,STK,10181,INE875R01011,BALKRISHNA,EQ,,,,,BALKRISHNA PAPER MILLS L,17.25,18.25,17.25,18.05,18.25,17.24,,18.05,,,16164,288837.41,98,F1,1,,,,,
2026-08-03,2026-08-03,CM,NSE,STK,338,INE164A01016,BALMLAWRIE,EQ,,,,,BALMER LAWRIE & CO LTD,173.95,175.65,172.68,174.14,173.55,172.20,,174.14,,,167087,29088739.40,2680,F1,1,,,,,
2026-08-03,2026-08-03,CM,NSE,STK,762603,INE525F01025,BLIL,EQ,,,,,BALMER LAWRIE INVSTS. L,70.89,71.25,70.06,70.88,70.98,70.37,,70.88,,,61331,4334442.13,935,F1,1,,,,,
2026-08-03,2026-08-03,CM,NSE,STK,341,INE119A01028,BALRAMCHIN,EQ,,,,,BALRAMPUR CHINI MILLS LTD,595.05,665.50,594.00,646.80,650.55,586.20,,646.77,,,3161974,1994973304.55,62714,F1,1,,,,,
2026-08-03,2026-08-03,CM,NSE,STK,23607,INE011E01029,BALUFORGE,EQ,,,,,BALU FORGE INDUSTRIES LTD,440.45,451.95,440.45,444.85,442.50,440.35,,444.82,,,387655,172838264.10,9665,F1,1,,,,,
2026-08-03,2026-08-03,CM,NSE,STK,347,INE655B01011,BANARBEADS,EQ,,,,,BANARAS BEADS LTD,115.40,117.60,112.01,113.98,112.01,115.29,,113.98,,,4734,544729.51,200,F1,1,,,,,
2026-08-03,2026-08-03,CM,NSE,STK,13880,INE213C01025,BANCOINDIA,EQ,,,,,BANCO PRODUCTS (I) LTD,644.20,664.00,643.60,657.75,658.95,637.25,,657.71,,,158594,104353103.95,12049,F1,1,,,,,
2026-08-03,2026-08-03,CM,NSE,STK,2263,INE545U01014,BANDHANBNK,EQ,,,,,BANDHAN BANK LIMITED,175.14,176.25,172.59,173.65,173.65,174.13,,173.64,,,5621918,983683837.98,58612,F1,1,,,,,
2026-08-03,2026-08-03,CM,NSE,STK,760325,INF194KB1KJ7,GOLDBND,EQ,,,,,BANDHANAMC - GOLDBND,143.38,143.90,141.06,141.95,142.00,141.96,,142.89,,,3741,531601.17,165,F1,1,,,,,
2026-08-03,2026-08-03,CM,NSE,STK,18783,INF194KA1U07,IDFNIFTYET,EQ,,,,,BANDHANAMC - IDFNIFTYET,271.98,272.20,267.11,271.54,270.69,269.59,,271.54,,,2385,647261.15,88,F1,1,,,,,
2026-08-03,2026-08-03,CM,NSE,STK,760328,INF194KB1KI9,SILVERBND,EQ,,,,,BANDHANAMC - SILVERBND,217.87,218.47,212.01,216.89,217.85,216.79,,216.96,,,3341,724999.69,118,F1,1,,,,,
2026-08-03,2026-08-03,CM,NSE,STK,15303,INE863I01016,BANG,EQ,,,,,BANG OVERSEAS LTD.,30.10,31.25,29.30,30.27,30.41,29.57,,30.27,,,16281,486831.34,121,F1,1,,,,,
2026-08-03,2026-08-03,CM,NSE,STK,4668,INE028A01039,BANKBARODA,EQ,,,,,BANK OF BARODA,244.05,248.48,244.00,247.25,247.25,242.60,,247.25,,,8511143,2100328333.47,72513,F1,1,,,,,
2026-08-03,2026-08-03,CM,NSE,STK,4745,INE084A01016,BANKINDIA,EQ,,,,,BANK OF INDIA,139.01,141.66,139.01,140.50,140.50,137.95,,140.47,,,8509334,1194083288.20,38866,F1,1,,,,,
2026-08-03,2026-08-03,CM,NSE,STK,11377,INE457A01014,MAHABANK,EQ,,,,,BANK OF MAHARASHTRA,80.00,80.76,78.97,79.57,79.40,79.33,,79.57,,,11500933,917888499.23,69474,F1,1,,,,,
2026-08-03,2026-08-03,CM,NSE,STK,828,INE862Y01015,BANKA,BE,,,,,BANKA BIOLOO LIMITED,88.00,88.00,87.00,87.92,87.99,86.01,,87.92,,,445,39041.35,17,F1,1,,,,,
2026-08-03,2026-08-03,CM,NSE,STK,12037,INE186H01022,BASML,BE,,,,,BANNARI AM SPIN MILL LTD.,26.06,27.50,26.06,27.06,27.00,26.87,,27.06,,,57271,1554696.60,168,F1,1,,,,,
2026-08-03,2026-08-03,CM,NSE,STK,350,INE459A01010,BANARISUG,EQ,,,,,BANNARI AMMAN SUGARS LTD,3474.90,3532.50,3470.00,3487.20,3480.00,3475.30,,3487.20,,,345,1208855.80,70,F1,1,,,,,
2026-08-03,2026-08-03,CM,NSE,STK,24386,INE0B9K01025,BANSALWIRE,EQ,,,,,BANSAL WIRE INDUSTRIES L,315.00,320.00,315.00,318.50,315.65,314.65,,318.50,,,54172,17199914.45,1624,F1,1,,,,,
2026-08-03,2026-08-03,CM,NSE,STK,14511,INE629D01020,BANSWRAS,EQ,,,,,BANSWARA SYNTEX LIMITED,126.00,128.00,123.50,127.34,126.56,123.66,,127.34,,,31778,4013829.99,560,F1,1,,,,,
2026-08-03,2026-08-03,CM,NSE,STK,15073,INE139I01011,BVCL,EQ,,,,,BARAK VALLEY CEM. LTD.,42.42,42.42,39.25,40.61,40.55,41.20,,40.64,,,22305,902740.38,227,F1,1,,,,,
2026-08-03,2026-08-03,CM,NSE,STK,29176,INE0QX401014,BARFLEX,SM,,,,,BARFLEX POLYFILMS LIMITED,55.00,55.00,55.00,55.00,55.00,55.00,,55.00,,,2000,110000.00,1,F1,2000,,,,,
2026-08-03,2026-08-03,CM,NSE,STK,24117,INF251K01TL6,BBNPNBETF,EQ,,,,,BARODABNP - BBNPNBETF,58.70,58.97,57.91,58.29,58.29,57.56,,58.16,,,934,54345.18,43,F1,1,,,,,
2026-08-03,2026-08-03,CM,NSE,STK,20547,INF251K01SU9,BBNPPGOLD,EQ,,,,,BARODABNP - BBNPPGOLD,136.85,137.80,136.00,137.05,137.05,137.50,,137.05,,,2773,380661.60,86,F1,1,,,,,
2026-08-03,2026-08-03,CM,NSE,STK,368,INE373A01013,BASF,EQ,,,,,BASF INDIA LTD,3652.00,3750.00,3652.00,3729.70,3710.00,3633.80,,3728.58,,,14660,54637336.20,2829,F1,1,,,,,
2026-08-03,2026-08-03,CM,NSE,STK,18442,INE0OCC01013,BASILIC,SM,,,,,BASILIC FLY STUDIO LTD,201.00,219.70,196.00,201.95,202.90,199.45,,201.95,,,153900,31644660.00,407,F1,300,,,,,
2026-08-03,2026-08-03,CM,NSE,STK,371,INE176A01028,BATAINDIA,EQ,,,,,BATA INDIA LTD,693.10,716.00,693.10,709.65,708.00,696.15,,709.69,,,600705,425863816.75,20094,F1,1,,,,,
2026-08-03,2026-08-03,CM,NSE,STK,762568,INE177C01022,BATLIBOI,EQ,,,,,BATLIBOI LTD.,82.00,83.91,82.00,82.55,82.95,81.88,,82.55,,,8753,727557.55,173,F1,1,,,,,
2026-08-03,2026-08-03,CM,NSE,STK,22574,INE0JFJ01011,BAWEJA,ST,,,,,BAWEJA STUDIOS LIMITED,28.00,28.75,26.45,28.75,28.75,27.80,,28.75,,,50400,1362000.00,33,F1,800,,,,,
2026-08-03,2026-08-03,CM,NSE,STK,17927,INE462A01022,BAYERCROP,EQ,,,,,BAYER CROPSCIENCE LTD,4270.00,4324.00,4255.80,4303.30,4300.00,4234.40,,4303.15,,,27279,117213678.70,5305,F1,1,,,,,
2026-08-03,2026-08-03,CM,NSE,STK,2513,INE412G01024,BCLIND,EQ,,,,,BCL INDUSTRIES LIMITED,37.75,38.25,37.00,37.89,37.99,36.74,,37.88,,,1467506,55594991.12,7343,F1,1,,,,,
2026-08-03,2026-08-03,CM,NSE,STK,761494,INE00SW01015,BCPL,EQ,,,,,BCPL RAILWAY INFRA LTD,70.80,71.69,70.00,70.41,70.30,69.07,,70.43,,,9435,666390.13,198,F1,1,,,,,
2026-08-03,2026-08-03,CM,NSE,STK,23925,INE639X01027,BEACON,ST,,,,,BEACON TRUSTEESHIP LTD,86.90,87.90,84.55,85.20,85.20,87.00,,85.20,,,10000,859050.00,9,F1,1000,,,,,
2026-08-03,2026-08-03,CM,NSE,STK,17933,INE520H01022,BEARDSELL,EQ,,,,,BEARDSELL LIMITED,26.85,27.76,26.85,27.50,27.75,26.85,,27.50,,,13877,378993.25,105,F1,1,,,,,
2026-08-03,2026-08-03,CM,NSE,STK,20196,INE844K01012,BEDMUTHA,EQ,,,,,BEDMUTHA INDUST LTD,109.40,114.00,109.20,111.71,110.01,108.91,,111.71,,,3431,382359.10,52,F1,1,,,,,
2026-08-03,2026-08-03,CM,NSE,STK,762573,INE213D01015,BEEKAY,EQ,,,,,BEEKAY STEEL INDS. LTD.,406.20,406.20,390.70,392.80,391.20,394.40,,392.79,,,1540,607064.00,75,F1,1,,,,,
2026-08-03,2026-08-03,CM,NSE,STK,757938,INE344T01014,BELLACASA,EQ,,,,,BELLA CASA FASH AND RET L,242.00,254.99,238.10,246.04,245.30,237.40,,246.04,,,24355,6027369.75,967,F1,1,,,,,
2026-08-03,2026-08-03,CM,NSE,STK,757102,INE894V01022,BELRISE,EQ,,,,,BELRISE INDUSTRIES LTD,239.90,244.90,238.40,241.86,240.50,236.73,,241.86,,,5748763,1392809271.67,61334,F1,1,,,,,
2026-08-03,2026-08-03,CM,NSE,STK,15067,INE0N7W01012,BLAL,EQ,,,,,BEML LAND ASSETS LIMITED,172.75,176.20,172.75,174.62,174.98,172.75,,174.61,,,17946,3134002.45,387,F1,1,,,,,
2026-08-03,2026-08-03,CM,NSE,STK,395,INE258A01024,BEML,EQ,,,,,BEML LIMITED,1755.00,1768.00,1740.00,1743.70,1744.40,1750.40,,1743.66,,,149171,260794775.90,12295,F1,1,,,,,
2026-08-03,2026-08-03,CM,NSE,STK,762578,INE083K01017,BENGALASM,EQ,,,,,BENGAL & ASSAM CO. LTD.,6379.00,6379.00,6180.50,6205.00,6204.50,6218.50,,6205.00,,,43,269223.50,23,F1,1,,,,,
2026-08-03,2026-08-03,CM,NSE,STK,404,INE463A01038,BERGEPAINT,EQ,,,,,BERGER PAINTS (I) LTD,522.30,536.55,522.00,526.55,527.00,520.45,,526.54,,,389074,205403610.05,16813,F1,1,,,,,
2026-08-03,2026-08-03,CM,NSE,STK,2306,INE052T01021,BESTAGRO,EQ,,,,,BEST AGROLIFE LIMITED,19.71,19.80,18.50,18.89,18.62,19.12,,18.89,,,9001014,170571790.27,18572,F1,1,,,,,
2026-08-03,2026-08-03,CM,NSE,STK,759842,INE351Y01019,BETA,EQ,,,,,BETA DRUGS LIMITED,2231.90,2390.00,2226.80,2353.00,2369.80,2231.90,,2353.00,,,33631,78016096.40,5625,F1,1,,,,,
2026-08-03,2026-08-03,CM,NSE,STK,5662,INE0HQI01014,BEWLTD,SM,,,,,BEW ENGINEERING LIMITED,58.90,58.90,57.40,57.95,57.95,57.75,,57.95,,,11500,668975.00,19,F1,500,,,,,
2026-08-03,2026-08-03,CM,NSE,STK,21113,INE878K01010,BFINVEST,EQ,,,,,BF INVESTMENT LIMITED,468.50,487.00,460.05,483.00,484.90,454.85,,482.99,,,140019,67443339.20,7246,F1,1,,,,,
2026-08-03,2026-08-03,CM,NSE,STK,14567,INE243D01012,BFUTILITIE,EQ,,,,,BF UTILITIES LIMITED,580.00,595.95,575.00,576.20,576.00,570.35,,576.21,,,85468,49931398.30,3276,F1,1,,,,,
2026-08-03,2026-08-03,CM,NSE,STK,764183,INF0QA701CI0,BANK10BETF,EQ,,,,,BFAM - BANK10BETF,20.98,21.15,20.82,20.82,20.98,20.98,,20.82,,,5999,125960.31,21,F1,1,,,,,
2026-08-03,2026-08-03,CM,NSE,STK,21986,INF0QA701714,BANKBETF,EQ,,,,,BFAM - BANKBETF,58.09,59.30,58.09,58.61,58.70,58.09,,58.63,,,18123,1063395.83,342,F1,1,,,,,
2026-08-03,2026-08-03,CM,NSE,STK,23915,INF0QA701854,LIQUIDBETF,EQ,,,,,BFAM - LIQUIDBETF,1092.99,1092.99,1092.97,1092.98,1092.98,1092.84,,1092.98,,,438816,479615012.67,144,F1,1,,,,,
2026-08-03,2026-08-03,CM,NSE,STK,21959,INF0QA701722,NIFTYBETF,EQ,,,,,BFAM - NIFTYBETF,253.25,253.30,251.91,252.68,252.26,251.06,,252.68,,,4929,1245314.60,168,F1,1,,,,,
2026-08-03,2026-08-03,CM,NSE,STK,15193,INE661I01014,BGRENERGY,BE,,,,,BGR ENERGY SYSTEMS LTD,289.00,293.85,273.25,278.40,278.50,287.60,,278.40,,,100511,27999437.20,1342,F1,1,,,,,
2026-08-03,2026-08-03,CM,NSE,STK,758228,INE0ZRC01017,BHADORA,ST,,,,,BHADORA INDUSTRIES LTD,87.00,90.00,86.95,89.50,90.00,86.00,,89.50,,,14400,1262220.00,11,F1,1200,,,,,
2026-08-03,2026-08-03,CM,NSE,STK,13427,INE354C01027,BHAGERIA,BE,,,,,BHAGERIA INDUSTRIES LTD,222.78,222.78,214.11,219.57,221.00,212.18,,219.58,,,46209,10212575.76,443,F1,1,,,,,
2026-08-03,2026-08-03,CM,NSE,STK,6164,INE414D01027,BHAGCHEM,EQ,,,,,BHAGIRADHA CHEM & INDS L,291.95,316.90,289.05,298.35,294.35,290.75,,298.34,,,1299490,398895217.10,27206,F1,1,,,,,
2026-08-03,2026-08-03,CM,NSE,STK,20799,INE458B01036,BHAGYANGR,BE,,,,,BHAGYANAGAR INDIA LIMITED,389.90,393.30,376.10,387.45,393.00,380.30,,387.20,,,73246,28385692.20,1225,F1,1,,,,,
2026-08-03,2026-08-03,CM,NSE,STK,19560,INE474E01029,BHANDARI,BE,,,,,BHANDARI HOSIERY EXP LTD,2.84,2.90,2.84,2.89,2.90,2.86,,2.89,,,73669,211802.73,178,F1,1,,,,,
2026-08-03,2026-08-03,CM,NSE,STK,419,INE922A01025,BEPL,EQ,,,,,BHANSALI ENG. POLYMERS LT,117.89,121.70,116.93,120.72,121.00,116.02,,120.71,,,2334789,278723516.10,16191,F1,1,,,,,
2026-08-03,2026-08-03,CM,NSE,STK,13761,INE464A01036,BBL,EQ,,,,,BHARAT BIJLEE LTD,2539.00,2586.60,2535.00,2564.50,2555.00,2524.40,,2564.48,,,28315,72743954.70,3842,F1,1,,,,,
2026-08-03,2026-08-03,CM,NSE,STK,760726,INE05XR01022,BHARATCOAL,EQ,,,,,BHARAT COKING COAL LTD,34.25,34.59,33.90,34.09,34.04,33.97,,34.09,,,7406978,253473712.54,16713,F1,1,,,,,
2026-08-03,2026-08-03,CM,NSE,STK,2144,INE171Z01026,BDL,EQ,,,,,BHARAT DYNAMICS LIMITED,1254.90,1272.00,1254.90,1265.00,1265.00,1253.10,,1264.51,,,361236,456833258.20,16475,F1,1,,,,,
2026-08-03,2026-08-03,CM,NSE,STK,383,INE263A01024,BEL,EQ,,,,,BHARAT ELECTRONICS LTD,390.00,392.25,388.00,392.15,392.15,387.85,,392.09,,,9389415,3660928507.10,206783,F1,1,,,,,
2026-08-03,2026-08-03,CM,NSE,STK,422,INE465A01025,BHARATFORG,EQ,,,,,BHARAT FORGE LTD,2218.00,2232.50,2192.00,2211.00,2211.00,2199.80,,2210.96,,,596791,1317534048.40,33516,F1,1,,,,,
2026-08-03,2026-08-03,CM,NSE,STK,9397,INE561C01019,BHARATGEAR,BE,,,,,BHARAT GEARS LTD,125.03,127.40,122.20,123.57,123.50,126.22,,123.57,,,18702,2323208.39,223,F1,1,,,,,
2026-08-03,2026-08-03,CM,NSE,STK,526,INE029A01011,BPCL,EQ,,,,,BHARAT PETROLEUM CORP  LT,324.75,329.95,322.00,329.95,329.95,319.75,,329.91,,,5844038,1897168659.65,45871,F1,1,,,,,
2026-08-03,2026-08-03,CM,NSE,STK,3834,INE838B01021,BHARATRAS,EQ,,,,,BHARAT RASAYAN LTD,1286.00,1349.90,1280.30,1337.20,1349.90,1280.30,,1337.26,,,19868,26338895.60,1992,F1,1,,,,,
2026-08-03,2026-08-03,CM,NSE,STK,21683,INE727S01012,BRNL,EQ,,,,,BHARAT ROAD NETWORK LTD,17.55,18.22,17.20,17.47,17.69,17.51,,17.49,,,45968,808533.88,279,F1,1,,,,,
2026-08-03,2026-08-03,CM,NSE,STK,30244,INE415D01024,BHARATSE,EQ,,,,,BHARAT SEATS LIMITED,223.90,230.99,222.10,223.36,222.51,221.65,,223.29,,,423854,96082947.79,10553,F1,1,,,,,
2026-08-03,2026-08-03,CM,NSE,STK,16123,INE316L01019,BHARATWIRE,EQ,,,,,BHARAT WIRE ROPES LTD.,197.48,204.85,197.48,202.77,201.10,196.99,,202.76,,,204511,41304688.88,3462,F1,1,,,,,
2026-08-03,2026-08-03,CM,NSE,STK,11371,INE224M01013,BGLOBAL,BZ,,,,,BHARATIYA GLOBAL INFO LTD,3.27,3.27,3.10,3.27,3.27,3.12,,3.26,,,25626,82286.41,63,F1,1,,,,,
2026-08-03,2026-08-03,CM,NSE,STK,10604,INE397D01024,BHARTIARTL,EQ,,,,,BHARTI AIRTEL LIMITED,1987.40,1987.40,1943.00,1970.50,1970.50,1972.00,,1970.46,,,4361200,8535939553.80,132115,F1,1,,,,,
2026-08-03,2026-08-03,CM,NSE,STK,23489,INE343G01021,BHARTIHEXA,EQ,,,,,BHARTI HEXACOM LIMITED,1633.40,1653.90,1618.40,1645.80,1641.00,1607.50,,1646.04,,,68641,112820382.90,7869,F1,1,,,,,
2026-08-03,2026-08-03,CM,NSE,STK,7848,INE828A01016,BIL,EQ,,,,,BHARTIYA INTERNATIONAL,764.95,764.95,735.00,760.85,760.10,740.60,,760.93,,,1859,1397567.40,130,F1,1,,,,,
2026-08-03,2026-08-03,CM,NSE,STK,438,INE257A01026,BHEL,EQ,,,,,BHEL,409.00,414.35,406.45,411.15,411.15,407.00,,411.12,,,5593016,2296286699.20,51573,F1,1,,,,,
2026-08-03,2026-08-03,CM,NSE,STK,762621,INE274K01012,BTTL,BE,,,,,BHILWARA TECHNICAL TEXT L,45.32,46.36,45.11,46.14,46.00,47.48,,46.15,,,15770,716508.79,65,F1,1,,,,,
2026-08-03,2026-08-03,CM,NSE,STK,18431,INE412U01025,BIGBLOC,EQ,,,,,BIGBLOC CONSTRUCTION LTD,45.45,46.03,44.50,45.80,46.00,45.45,,45.81,,,42425,1935295.72,774,F1,1,,,,,
2026-08-03,2026-08-03,CM,NSE,STK,11966,INE00E101023,BIKAJI,EQ,,,,,BIKAJI FOODS INTERN LTD,641.65,656.00,641.65,650.00,651.00,641.65,,649.99,,,86120,56049437.60,7087,F1,1,,,,,
2026-08-03,2026-08-03,CM,NSE,STK,25527,INE0SQH01013,BIKEWO,ST,,,,,BIKEWO GREEN TECH LIMITED,65.05,66.00,63.65,64.70,64.25,65.10,,64.70,,,108000,7045300.00,44,F1,2000,,,,,
2026-08-03,2026-08-03,CM,NSE,STK,13622,INE071A01013,BILVYAPAR,BE,,,,,BIL VYAPAR LIMITED,4.09,4.09,3.91,4.04,4.08,4.06,,4.04,,,2912,11597.23,23,F1,1,,,,,
2026-08-03,2026-08-03,CM,NSE,STK,762583,INE986A01012,BI,EQ,,,,,BILCARE LTD.,59.07,62.50,59.07,61.83,61.89,58.89,,61.78,,,14711,904152.92,227,F1,1,,,,,
2026-08-03,2026-08-03,CM,NSE,STK,759806,INE0HOQ01053,GROWW,EQ,,,,,BILLIONBRAINS GARAGE VN L,195.35,195.35,190.60,192.60,192.30,194.37,,192.60,,,33125267,6373248450.38,181065,F1,1,,,,,
2026-08-03,2026-08-03,CM,NSE,STK,762588,INE469A01019,BIMETAL,EQ,,,,,BIMETAL BEARINGS LTD.,651.30,678.00,635.25,637.15,635.25,669.70,,638.32,,,2106,1363696.35,109,F1,1,,,,,
2026-08-03,2026-08-03,CM,NSE,STK,763598,INE1BKA01015,BMLL,SM,,,,,BIO MEDICA LABORATORIES L,151.00,158.90,151.00,158.00,158.40,158.95,,158.00,,,76000,11735800.00,17,F1,1000,,,,,
2026-08-03,2026-08-03,CM,NSE,STK,11373,INE376G01013,BIOCON,EQ,,,,,BIOCON LIMITED.,429.00,429.50,423.30,427.00,427.00,425.70,,426.97,,,3389704,1444587815.55,30908,F1,1,,,,,
2026-08-03,2026-08-03,CM,NSE,STK,4136,INE829A01014,BIOFILCHEM,EQ,,,,,BIOFIL CHEM & PHARMA LTD,32.05,33.89,32.05,33.07,32.80,31.94,,33.07,,,12853,424059.39,173,F1,1,,,,,
2026-08-03,2026-08-03,CM,NSE,STK,760942,INE0XW001014,BIOPOL,SM,,,,,BIOPOL CHEMICALS LIMITED,103.95,103.95,96.00,101.55,101.25,101.95,,101.55,,,98400,9918780.00,53,F1,1200,,,,,
2026-08-03,2026-08-03,CM,NSE,STK,6815,INE800A01015,BIRLACABLE,BE,,,,,BIRLA CABLE LIMITED,214.00,214.00,214.00,214.00,214.00,203.81,,214.07,,,22264,4764496.00,198,F1,1,,,,,
2026-08-03,2026-08-03,CM,NSE,STK,480,INE340A01012,BIRLACORPN,EQ,,,,,BIRLA CORPORATION LTD,903.00,909.20,884.00,906.10,902.00,890.50,,906.10,,,129029,115592317.40,11954,F1,1,,,,,
2026-08-03,2026-08-03,CM,NSE,STK,762593,INE372E01025,BIRLAPREC,EQ,,,,,BIRLA PRECISION TECH L,34.80,34.95,33.56,34.80,34.71,34.07,,34.80,,,10751,372020.72,92,F1,1,,,,,
2026-08-03,2026-08-03,CM,NSE,STK,1455,INE557A01011,BIRLANU,EQ,,,,,BIRLANU LIMITED,1341.70,1369.90,1334.70,1341.30,1335.00,1334.70,,1341.60,,,6095,8209254.20,819,F1,1,,,,,
2026-08-03,2026-08-03,CM,NSE,STK,24404,INF209KC1134,ABGSEC,EQ,,,,,BIRLASLAMC - ABGSEC,113.67,114.98,113.33,113.63,113.63,114.01,,113.63,,,182,20810.16,18,F1,1,,,,,
2026-08-03,2026-08-03,CM,NSE,STK,760247,INF209KC1670,ABSL10BANK,EQ,,,,,BIRLASLAMC - ABSL10BANK,170.30,179.98,170.30,171.95,170.65,170.30,,172.05,,,21450,3686441.46,207,F1,1,,,,,
2026-08-03,2026-08-03,CM,NSE,STK,13987,INF209KB17D5,ABSLBANETF,EQ,,,,,BIRLASLAMC - ABSLBANETF,59.77,59.77,58.60,59.14,59.40,58.60,,59.14,,,30836,1824741.44,374,F1,1,,,,,
2026-08-03,2026-08-03,CM,NSE,STK,14518,INF209KB18T9,ABSLLIQUID,EQ,,,,,BIRLASLAMC - ABSLLIQUID,1000.01,1000.01,999.99,1000.00,1000.00,1000.00,,1000.00,,,6730,6730029.07,33,F1,1,,,,,
2026-08-03,2026-08-03,CM,NSE,STK,761066,INF209KC1662,ABSLMSCIN,EQ,,,,,BIRLASLAMC - ABSLMSCIN,30.10,30.18,29.55,29.79,29.55,29.87,,29.79,,,1644,49564.70,13,F1,1,,,,,
2026-08-03,2026-08-03,CM,NSE,STK,7339,INF209KB16D7,ABSLNN50ET,EQ,,,,,BIRLASLAMC - ABSLNN50ET,77.98,78.95,77.02,78.07,78.33,77.40,,78.03,,,29937,2337864.55,390,F1,1,,,,,
2026-08-03,2026-08-03,CM,NSE,STK,5957,INF209KB10E8,BSLSENETFG,EQ,,,,,BIRLASLAMC - BSLSENETFG,77.75,79.97,76.98,79.14,78.00,78.55,,79.13,,,3241,256811.32,228,F1,1,,,,,
2026-08-03,2026-08-03,CM,NSE,STK,24847,INF209KC1142,GSEC10ABSL,EQ,,,,,BIRLASLAMC - GSEC10ABSL,113.27,113.27,113.27,113.27,113.27,113.42,,113.27,,,1,113.27,1,F1,1,,,,,
2026-08-03,2026-08-03,CM,NSE,STK,6297,INF209KB10C2,HEALTHY,EQ,,,,,BIRLASLAMC - HEALTHY,17.51,17.51,17.09,17.12,17.20,17.20,,17.12,,,552949,9519044.49,1753,F1,1,,,,,
2026-08-03,2026-08-03,CM,NSE,STK,10693,INF209KB14K7,MOMENTUM,EQ,,,,,BIRLASLAMC - MOMENTUM,30.90,31.28,30.83,30.93,30.84,30.90,,30.89,,,54980,1710603.07,314,F1,1,,,,,
2026-08-03,2026-08-03,CM,NSE,STK,10690,INF209KB15K4,NIFTYQLITY,EQ,,,,,BIRLASLAMC - NIFTYQLITY,21.68,21.99,21.54,21.69,21.69,21.58,,21.66,,,94304,2052362.17,241,F1,1,,,,,
2026-08-03,2026-08-03,CM,NSE,STK,8003,INF209KB19F6,SILVER,EQ,,,,,BIRLASLAMC - SILVER,217.99,217.99,215.10,215.54,215.70,215.60,,215.54,,,618961,133662893.35,7627,F1,1,,,,,
2026-08-03,2026-08-03,CM,NSE,STK,6462,INF209KB11D8,TECH,EQ,,,,,BIRLASLAMC - TECH,34.17,34.58,33.77,34.48,33.86,33.65,,34.50,,,137169,4696828.65,367,F1,1,,,,,
2026-08-03,2026-08-03,CM,NSE,STK,23806,INF209KB19Z4,ABSLPSE,EQ,,,,,BIRLASLAMC-ABSLPSE,10.40,10.40,10.32,10.36,10.39,10.34,,10.36,,,260079,2693229.99,487,F1,1,,,,,
2026-08-03,2026-08-03,CM,NSE,STK,6994,INE836A01035,BSOFT,EQ,,,,,BIRLASOFT LIMITED,303.95,323.00,303.10,321.50,318.25,302.40,,321.51,,,3371518,1069457734.00,52782,F1,1,,,,,
2026-08-03,2026-08-03,CM,NSE,STK,3435,INE676A01027,BBOX,EQ,,,,,BLACK BOX LIMITED,769.00,796.00,742.20,753.70,753.85,755.50,,753.82,,,509040,391550096.20,27422,F1,1,,,,,
2026-08-03,2026-08-03,CM,NSE,STK,762601,INE761G01016,BLACKROSE,BE,,,,,BLACK ROSE INDS. LTD.,116.28,116.29,113.10,113.86,114.75,110.76,,114.02,,,44745,5155825.70,478,F1,1,,,,,
2026-08-03,2026-08-03,CM,NSE,STK,27144,INE0UIZ01018,BLACKBUCK,EQ,,,,,BLACKBUCK LIMITED,545.20,555.00,541.00,551.00,552.00,542.50,,550.94,,,455290,249924836.45,19008,F1,1,,,,,
2026-08-03,2026-08-03,CM,NSE,STK,8132,INE791A01024,BLBLIMITED,EQ,,,,,BLB LIMITED,15.88,15.95,15.35,15.39,15.35,15.50,,15.39,,,114654,1783178.59,289,F1,1,,,,,
2026-08-03,2026-08-03,CM,NSE,STK,19269,INE416D01022,BLISSGVS,BE,,,,,BLISS GVS PHARMA LTD,473.50,483.90,462.55,466.45,463.15,465.65,,466.42,,,156322,73920309.20,1882,F1,1,,,,,
2026-08-03,2026-08-03,CM,NSE,STK,22566,INE0NLT01010,BLSE,EQ,,,,,BLS E-SERVICES LIMITED,306.10,307.65,298.10,299.80,301.00,300.66,,299.80,,,824838,249793490.05,12933,F1,1,,,,,
2026-08-03,2026-08-03,CM,NSE,STK,17279,INE153T01027,BLS,EQ,,,,,BLS INTL SERVS LTD,240.00,251.50,239.42,250.75,250.40,239.40,,250.74,,,1694645,419361724.77,29051,F1,1,,,,,
2026-08-03,2026-08-03,CM,NSE,STK,8650,INE657B01025,BLUECHIP,BE,,,,,BLUE CHIP INDIA LIMITED,1.73,1.73,1.73,1.73,1.73,1.76,,2.02,,,5452,9431.96,22,F1,1,,,,,
2026-08-03,2026-08-03,CM,NSE,STK,8552,INE472B01011,BLUECOAST,BE,,,,,BLUE COAST HOTELS LIMITED,24.74,25.91,24.61,24.64,25.50,24.74,,24.67,,,3945,98188.27,33,F1,1,,,,,
2026-08-03,2026-08-03,CM,NSE,STK,495,INE233B01017,BLUEDART,EQ,,,,,BLUE DART EXPRESS LTD,5560.00,5745.00,5326.00,5427.00,5332.00,5160.30,,5427.13,,,601176,3320243691.50,88033,F1,1,,,,,
2026-08-03,2026-08-03,CM,NSE,STK,19686,INE0KBH01020,BLUEJET,EQ,,,,,BLUE JET HEALTHCARE LTD,633.00,647.80,577.05,589.50,588.40,626.25,,589.50,,,6512064,3931615080.00,140606,F1,1,,,,,
2026-08-03,2026-08-03,CM,NSE,STK,23410,INE0SAK01011,BLUEPEBBLE,SM,,,,,BLUE PEBBLE LIMITED,69.90,70.00,69.90,70.00,70.00,69.95,,70.00,,,3600,251880.00,6,F1,400,,,,,
2026-08-03,2026-08-03,CM,NSE,STK,8311,INE472A01039,BLUESTARCO,EQ,,,,,BLUE STAR LIMITED,1683.40,1730.00,1678.60,1729.20,1729.20,1681.20,,1729.17,,,374036,640184785.40,22891,F1,1,,,,,
2026-08-03,2026-08-03,CM,NSE,STK,758185,INE0X3M01010,BLUEWATER,ST,,,,,BLUE WATER LOGISTICS LTD,442.00,443.95,421.05,440.00,440.00,439.90,,440.00,,,16000,6959050.00,16,F1,1000,,,,,
2026-08-03,2026-08-03,CM,NSE,STK,759291,INE304W01038,BLUESTONE,EQ,,,,,BLUESTONE JEWEL LFSTL LTD,823.40,831.00,791.05,802.70,799.00,816.20,,802.73,,,5474663,4426430819.70,108887,F1,1,,,,,
2026-08-03,2026-08-03,CM,NSE,STK,757520,INE0U4101014,BLUSPRING,EQ,,,,,BLUSPRING ENTERPRISES LTD,115.85,120.99,112.05,114.78,114.20,115.85,,114.78,,,643179,75295485.41,6226,F1,1,,,,,
2026-08-03,2026-08-03,CM,NSE,STK,759256,INE965W01036,BMWVENTLTD,EQ,,,,,BMW VENTURES LIMITED,56.86,58.41,56.76,57.69,57.95,56.85,,57.69,,,76337,4402302.38,883,F1,1,,,,,
2026-08-03,2026-08-03,CM,NSE,STK,762611,INE00HZ01011,BNAGROCHEM,BE,,,,,BN AGROCHEM LTD.,279.00,292.95,269.50,285.75,285.75,279.00,,285.75,,,818,224547.20,37,F1,1,,,,,
2026-08-03,2026-08-03,CM,NSE,STK,760821,INE00XL07015,975BNAL28,N0,,,,,BNAL 9.75% 2028 SR TR 1,9975.00,9975.00,9975.00,9975.00,9975.00,10075.26,,9975.00,,,27,269325.00,3,F1,1,,,,,
2026-08-03,2026-08-03,CM,NSE,STK,25021,INE338D01028,BODALCHEM,BE,,,,,BODAL CHEMICALS LTD,70.66,74.19,70.66,73.97,73.51,70.66,,73.92,,,481198,35297049.15,1419,F1,1,,,,,
2026-08-03,2026-08-03,CM,NSE,STK,14150,INE0EEJ01023,BTML,EQ,,,,,BODHI TREE MULTIMEDIA LTD,6.95,6.98,6.58,6.84,6.85,7.09,,6.85,,,403947,2739395.39,760,F1,1,,,,,
2026-08-03,2026-08-03,CM,NSE,STK,11640,INE802W01023,BOHRAIND,EQ,,,,,BOHRA INDUSTRIES LIMITED,14.96,15.29,14.10,15.00,15.20,14.67,,15.00,,,14199,206614.32,79,F1,1,,,,,
2026-08-03,2026-08-03,CM,NSE,STK,380,INE050A01025,BBTC,EQ,,,,,BOMBAY BURMAH TRADING COR,1520.00,1558.00,1497.00,1537.20,1532.00,1497.10,,1537.18,,,111484,169864891.80,9863,F1,1,,,,,
2026-08-03,2026-08-03,CM,NSE,STK,513,INE032A01023,BOMDYEING,EQ,,,,,BOMBAY DYEING & MFG. CO L,122.30,122.99,121.60,121.92,121.60,121.53,,121.91,,,200678,24539302.87,2728,F1,1,,,,,
2026-08-03,2026-08-03,CM,NSE,STK,812,INE032Z01020,BSHSL,BE,,,,,BOMBAY SUPER HYBRID SEEDS,86.00,88.55,85.35,86.00,86.00,85.00,,85.81,,,4759,411987.30,44,F1,1,,,,,
2026-08-03,2026-08-03,CM,NSE,STK,31128,INE053F07538,810IRFC27,N2,,,,,BOND 8.10% PA TAX FREE S2,1074.26,1075.01,1074.15,1075.01,1075.01,1080.00,,1075.01,,,2365,2541248.09,8,F1,1,,,,,
2026-08-03,2026-08-03,CM,NSE,STK,31040,INE906B07CB9,830NHAI27,N2,,,,,BOND 8.30% PA TAX FREE S2,1080.10,1080.85,1078.66,1080.85,1080.85,1079.76,,1080.85,,,979,1057134.09,22,F1,1,,,,,
2026-08-03,2026-08-03,CM,NSE,STK,1991,INE053F07728,863IRFC29,NC,,,,,BOND 8.63% PA TF TII-SIIA,1120.00,1140.00,1120.00,1140.00,1140.00,1110.00,,1140.00,,,175,198350.00,4,F1,1,,,,,
2026-08-03,2026-08-03,CM,NSE,STK,31966,INE557F07090,863NHB29,N2,,,,,BOND 8.63%PA TF TR-I S 2A,5590.00,5590.00,5590.00,5590.00,5590.00,5600.00,,5590.00,,,86,480740.00,1,F1,1,,,,,
2026-08-03,2026-08-03,CM,NSE,STK,603,INE053F07686,865IRFC29,NA,,,,,BOND 8.65% PA TF TI-SIIB,1105.00,1105.00,1098.37,1101.00,1101.00,1103.00,,1101.79,,,1510,1662061.85,27,F1,1,,,,,
2026-08-03,2026-08-03,CM,NSE,STK,30990,INE020B07HS2,871REC28,N9,,,,,BOND 8.71% TAX FREE S2B,1120.00,1120.00,1119.00,1119.00,1119.00,1115.88,,1119.00,,,374,418770.00,5,F1,1,,,,,
2026-08-03,2026-08-03,CM,NSE,STK,1999,INE053F07744,888IRFC29,NE,,,,,BOND 8.88% PA TF TII-SIIB,1125.00,1125.00,1119.99,1123.42,1124.46,1118.00,,1123.42,,,716,803166.10,27,F1,1,,,,,
2026-08-03,2026-08-03,CM,NSE,STK,31969,INE557F07124,888NHB29,N5,,,,,BOND 8.88%PA TF TR-I S 2B,5900.00,5900.00,5650.00,5650.00,5650.00,5900.00,,5650.00,,,101,577650.00,6,F1,1,,,,,
2026-08-03,2026-08-03,CM,NSE,STK,31970,INE557F07132,901NHB34,N6,,,,,BOND 9.01%PA TF TR-I S 3B,6350.00,6369.00,6309.01,6317.81,6309.01,6345.00,,6317.81,,,267,1691419.12,18,F1,1,,,,,
2026-08-03,2026-08-03,CM,NSE,STK,2933,INE020B07ID2,863REC29,NC,,,,,BOND8.63% PA TF TR II S2A,1134.10,1134.10,1134.00,1134.00,1134.00,1130.00,,1134.00,,,13,14742.15,4,F1,1,,,,,
2026-08-03,2026-08-03,CM,NSE,STK,2953,INE020B07IH3,886REC34,NG,,,,,BOND8.86% PA TF TR II S3B,1299.00,1299.00,1299.00,1299.00,1299.00,1300.00,,1299.00,,,5,6495.00,1,F1,1,,,,,
2026-08-03,2026-08-03,CM,NSE,STK,2947,INE020B07IG5,888REC29,NF,,,,,BOND8.88% PA TF TR II S2B,1197.99,1197.99,1148.99,1148.99,1148.99,1132.11,,1148.99,,,735,880032.65,3,F1,1,,,,,
2026-08-03,2026-08-03,CM,NSE,STK,761056,INE0B9A01018,BONLON,EQ,,,,,BONLON INDUSTRIES LIMITED,38.55,42.35,38.55,41.23,41.48,40.34,,41.27,,,1950,80857.45,77,F1,1,,,,,
2026-08-03,2026-08-03,CM,NSE,STK,757919,INE16SF01016,BORANA,EQ,,,,,BORANA WEAVES LIMITED,324.65,334.00,317.25,318.85,320.00,324.65,,318.85,,,24131,7775499.00,573,F1,1,,,,,
2026-08-03,2026-08-03,CM,NSE,STK,19401,INE02PY01013,BOROLTD,EQ,,,,,BOROSIL LIMITED,236.60,239.84,231.47,233.47,233.00,236.44,,233.43,,,91420,21507079.04,3133,F1,1,,,,,
2026-08-03,2026-08-03,CM,NSE,STK,3149,INE666D01022,BORORENEW,EQ,,,,,BOROSIL RENEWABLES LTD,564.00,564.00,552.05,553.95,552.90,555.70,,553.98,,,409223,228006352.95,11819,F1,1,,,,,
2026-08-03,2026-08-03,CM,NSE,STK,24014,INE02L001032,BOROSCI,EQ,,,,,BOROSIL SCIENTIFIC LTD,160.01,163.50,147.20,153.42,150.00,157.65,,153.36,,,341108,53857745.41,4290,F1,1,,,,,
2026-08-03,2026-08-03,CM,NSE,STK,4491,INE782A01015,BOSCH-HCIL,EQ,,,,,BOSCH HOME COMFRT IND LTD,1398.00,1409.70,1374.00,1390.20,1390.00,1391.30,,1390.16,,,71134,99176111.00,2718,F1,1,,,,,
2026-08-03,2026-08-03,CM,NSE,STK,2181,INE323A01026,BOSCHLTD,EQ,,,,,BOSCH LIMITED,41325.00,41600.00,41105.00,41300.00,41300.00,41085.00,,41300.00,,,14910,616401000.00,6149,F1,1,,,,,
2026-08-03,2026-08-03,CM,NSE,STK,25119,INE0QNI01012,BOSS,SM,,,,,BOSS PACKAGING SOLU LTD,39.30,39.30,36.00,38.90,39.30,37.50,,38.90,,,18000,695100.00,7,F1,2000,,,,,
2026-08-03,2026-08-03,CM,NSE,STK,530,INE110A01019,BPL,EQ,,,,,BPL LTD,53.90,54.95,53.90,54.49,54.60,53.33,,54.48,,,24580,1338220.32,609,F1,1,,,,,
2026-08-03,2026-08-03,CM,NSE,STK,24905,INE0R4Z01018,BRACEPORT,SM,,,,,BRACE PORT LOGISTICS LTD,61.05,70.40,61.05,70.40,70.40,61.05,,70.40,,,19200,1273440.00,12,F1,1600,,,,,
2026-08-03,2026-08-03,CM,NSE,STK,24814,INE02RE01045,FIRSTCRY,EQ,,,,,BRAINBEES SOLUTIONS LTD,213.20,215.17,213.20,214.61,214.88,212.26,,214.61,,,290453,62201464.79,5217,F1,1,,,,,
2026-08-03,2026-08-03,CM,NSE,STK,7780,INE977Y01011,BCONCEPTS,EQ,,,,,BRAND CONCEPTS LIMITED,188.05,191.00,185.88,189.14,188.00,188.55,,189.14,,,10751,2019932.87,628,F1,1,,,,,
2026-08-03,2026-08-03,CM,NSE,STK,760972,INE0XUD01014,BRANDMAN,SM,,,,,BRANDMAN RETAIL LIMITED,170.00,175.00,170.00,171.10,171.10,178.05,,171.10,,,19200,3313400.00,24,F1,800,,,,,
2026-08-03,2026-08-03,CM,NSE,STK,15184,INE791I01019,BRIGADE,EQ,,,,,BRIGADE ENTER. LTD,581.95,587.55,575.00,583.65,584.80,580.20,,583.44,,,430693,251185030.45,19297,F1,1,,,,,
2026-08-03,2026-08-03,CM,NSE,STK,757794,INE03NU01014,BRIGHOTEL,EQ,,,,,BRIGADE HOTEL VENTURE LTD,60.29,62.79,59.65,61.04,60.93,59.45,,61.04,,,268790,16468794.92,3968,F1,1,,,,,
2026-08-03,2026-08-03,CM,NSE,STK,8833,INE425B01027,BCG,EQ,,,,,BRIGHTCOM GROUP LIMITED,9.38,9.50,9.30,9.35,9.35,9.33,,9.35,,,2536384,23849299.15,2956,F1,1,,,,,
2026-08-03,2026-08-03,CM,NSE,STK,547,INE216A01030,BRITANNIA,EQ,,,,,BRITANNIA INDUSTRIES LTD,5422.00,5531.00,5401.00,5531.00,5531.00,5416.50,,5530.75,,,201410,1098057953.00,21091,F1,1,,,,,
2026-08-03,2026-08-03,CM,NSE,STK,2203,INE0FDU25010,BIRET,RR,,,,,BROOKFIELD INDIA RET,342.49,343.88,340.50,342.00,341.99,341.48,,342.00,,,1200298,410535331.92,12169,F1,1,,,,,
2026-08-03,2026-08-03,CM,NSE,STK,25140,INE650L01011,BROOKS,BE,,,,,BROOKS LAB LIMITED,61.16,62.40,61.00,61.26,61.60,60.98,,61.26,,,8073,498977.70,89,F1,1,,,,,
2026-08-03,2026-08-03,CM,NSE,STK,19585,INE118H01025,BSE,EQ,,,,,BSE LIMITED,3660.00,3671.40,3560.00,3575.00,3575.00,3646.20,,3575.00,,,3750195,13556092530.90,185434,F1,1,,,,,
2026-08-03,2026-08-03,CM,NSE,STK,559,INE594B01012,BSL,EQ,,,,,BSL LTD,126.95,126.95,123.25,123.65,123.65,124.80,,123.65,,,3036,376892.91,103,F1,1,,,,,
2026-08-03,2026-08-03,CM,NSE,STK,2716,INE295F01017,BUTTERFLY,EQ,,,,,BTRFLY GANDHI APPL LTD,723.40,755.00,722.20,736.50,739.65,719.65,,736.43,,,82511,60868635.80,4082,F1,1,,,,,
2026-08-03,2026-08-03,CM,NSE,STK,24701,INE0SZ301012,BULKCORP,SM,,,,,BULKCORP INTERNATIONAL L,58.60,58.60,58.60,58.60,58.60,58.60,,58.60,,,1200,70320.00,1,F1,1200,,,,,
2026-08-03,2026-08-03,CM,NSE,STK,760854,INE0SMX01019,CKKRETAIL,SM,,,,,C K K RETAIL MART LIMITED,145.30,145.30,145.00,145.00,145.00,145.00,,145.00,,,2400,348280.00,3,F1,800,,,,,
2026-08-03,2026-08-03,CM,NSE,STK,18372,INE0QBU01012,CPS,SM,,,,,C P S SHAPERS LIMITED,1050.00,1074.15,1000.05,1051.35,1074.15,1023.00,,1051.35,,,3600,3784410.00,20,F1,150,,,,,
2026-08-03,2026-08-03,CM,NSE,STK,7227,INE0BV301023,MAPMYINDIA,EQ,,,,,C.E. INFO SYSTEMS LIMITED,1195.70,1217.40,1186.40,1196.00,1194.00,1181.65,,1196.11,,,192256,230539667.10,14508,F1,1,,,,,
2026-08-03,2026-08-03,CM,NSE,STK,27274,INE0U7V01015,C2C,SM,,,,,C2C ADVANCED SYSTEMS LTD,265.55,274.65,263.90,268.00,269.00,263.80,,268.00,,,102000,27325170.00,455,F1,150,,,,,
2026-08-03,2026-08-03,CM,NSE,STK,764255,INE11XY01018,CMLL,EQ,,,,,CALIBER MINING AND LOG L,566.90,571.65,542.00,566.85,566.70,556.10,,566.98,,,1270104,710707879.55,24194,F1,1,,,,,
2026-08-03,2026-08-03,CM,NSE,STK,8400,INE526B01014,CALSOFT,BE,,,,,CALIFORNIA SOFTWARE CO LT,21.32,22.10,21.11,21.81,21.97,21.32,,21.81,,,52140,1126297.86,187,F1,1,,,,,
2026-08-03,2026-08-03,CM,NSE,STK,14218,INE627H01017,CTE,EQ,,,,,CAMBRIDGE TECH ENTER LTD,36.48,38.35,34.00,37.65,38.04,34.92,,37.70,,,79517,2965401.83,673,F1,1,,,,,
2026-08-03,2026-08-03,CM,NSE,STK,6216,INE052I01032,CAMLINFINE,EQ,,,,,CAMLIN FINE SCIENCES LTD,125.25,130.50,125.25,128.47,128.45,127.74,,128.45,,,331756,42733521.66,4750,F1,1,,,,,
2026-08-03,2026-08-03,CM,NSE,STK,9362,INE278Y01022,CAMPUS,EQ,,,,,CAMPUS ACTIVEWEAR LIMITED,223.90,225.00,222.38,223.20,223.15,222.35,,223.21,,,553988,123884648.56,12924,F1,1,,,,,
2026-08-03,2026-08-03,CM,NSE,STK,583,INE477A01020,CANFINHOME,EQ,,,,,CAN FIN HOMES LTD,824.60,825.25,813.45,817.00,817.00,820.60,,816.98,,,287473,234769495.10,16843,F1,1,,,,,
2026-08-03,2026-08-03,CM,NSE,STK,10794,INE476A01022,CANBK,EQ,,,,,CANARA BANK,125.95,127.59,125.50,127.10,127.10,124.98,,127.10,,,18180646,2307424542.68,84292,F1,1,,,,,
2026-08-03,2026-08-03,CM,NSE,STK,759477,INE01TY01017,CANHLIFE,EQ,,,,,CANARA HSBC LIFE INS CO L,148.00,154.80,147.15,150.92,151.90,146.45,,150.94,,,1146685,172490394.22,11486,F1,1,,,,,
2026-08-03,2026-08-03,CM,NSE,STK,759311,INE218I01013,CRAMC,EQ,,,,,CANARA ROBECO AMC LIMITED,262.00,265.00,258.90,261.20,258.90,261.27,,261.18,,,358624,94177804.00,9976,F1,1,,,,,
2026-08-03,2026-08-03,CM,NSE,STK,19368,INE0QG301017,CANARYS,SM,,,,,CANARYS AUTOMATIONS LTD,21.00,21.95,20.15,21.30,21.45,20.25,,21.30,,,188000,3992000.00,47,F1,4000,,,,,
2026-08-03,2026-08-03,CM,NSE,STK,20160,INE068L01024,CANTABIL,EQ,,,,,CANTABIL RETAIL LTD,245.55,252.47,244.60,247.24,247.20,245.55,,247.23,,,189873,46871443.44,2594,F1,1,,,,,
2026-08-03,2026-08-03,CM,NSE,STK,21749,INE264T01014,CAPACITE,EQ,,,,,CAPACITE INFRAPROJECT LTD,216.01,218.70,213.05,213.61,213.51,214.70,,213.60,,,362818,77976105.92,5859,F1,1,,,,,
2026-08-03,2026-08-03,CM,NSE,STK,759867,INE0ILV01024,CAPILLARY,EQ,,,,,CAPILLARY TECHNO INDIA L,505.95,505.95,493.05,495.55,494.10,497.35,,495.55,,,61368,30425505.80,1965,F1,1,,,,,
2026-08-03,2026-08-03,CM,NSE,STK,756015,INE345H01024,CIFL,EQ,,,,,CAPITAL INDIA FINANCE LTD,21.89,22.61,20.62,20.76,21.00,20.78,,20.75,,,102825,2192121.33,627,F1,1,,,,,
2026-08-03,2026-08-03,CM,NSE,STK,29157,INE0Z8Z23013,CAPINVIT,IV,,,,,CAPITAL INFRA TRUST,74.20,74.60,74.13,74.58,74.60,74.13,,74.58,,,255411,18993575.48,2253,F1,1,,,,,
2026-08-03,2026-08-03,CM,NSE,STK,22675,INE646H01017,CAPITALSFB,EQ,,,,,CAPITAL SMALL FIN BANK L,292.00,298.90,292.00,295.65,293.70,291.70,,295.63,,,18503,5456287.75,691,F1,1,,,,,
2026-08-03,2026-08-03,CM,NSE,STK,19447,INE707C01018,CAPTRUST,EQ,,,,,CAPITAL TRUST LIMITED,18.70,19.07,18.70,19.07,19.07,18.17,,19.07,,,87562,1665765.57,355,F1,1,,,,,
2026-08-03,2026-08-03,CM,NSE,STK,3906,INE475E01026,CAPLIPOINT,EQ,,,,,CAPLIN POINT LAB LTD.,2516.80,2586.50,2496.20,2566.10,2550.00,2516.80,,2566.03,,,55647,142208407.40,11512,F1,1,,,,,
2026-08-03,2026-08-03,CM,NSE,STK,20329,INE180C01042,CGCL,EQ,,,,,CAPRI GLOBAL CAPITAL LTD,232.38,234.83,225.10,227.47,226.50,232.38,,227.46,,,2461491,567865672.84,21724,F1,1,,,,,
2026-08-03,2026-08-03,CM,NSE,STK,764203,INE536P01021,CPL,EQ,,,,,CAPTAIN POLYPLAST LIMITED,71.50,72.45,70.20,70.49,70.40,71.04,,70.50,,,29740,2119329.71,327,F1,1,,,,,
2026-08-03,2026-08-03,CM,NSE,STK,595,INE120A01034,CARBORUNIV,EQ,,,,,CARBORUNDUM UNIVERSAL LTD,1076.10,1110.00,1063.80,1095.50,1090.40,1063.80,,1095.74,,,199525,216710068.10,21113,F1,1,,,,,
2026-08-03,2026-08-03,CM,NSE,STK,29113,INE752H01013,CARERATING,EQ,,,,,CARE RATINGS LIMITED,1723.00,1763.00,1703.20,1715.60,1722.00,1709.50,,1715.44,,,50880,88148596.10,9541,F1,1,,,,,
2026-08-03,2026-08-03,CM,NSE,STK,758941,INE0P6P01016,CPEDU,EQ,,,,,CAREER POINT EDUTECH LTD,208.00,215.10,202.60,207.48,209.20,208.81,,207.48,,,16046,3381896.05,455,F1,1,,,,,
2026-08-03,2026-08-03,CM,NSE,STK,28879,INE0V7W01012,CARRARO,EQ,,,,,CARRARO INDIA LIMITED,538.90,545.15,533.05,542.80,540.00,536.40,,542.73,,,129879,70552815.45,10079,F1,1,,,,,
2026-08-03,2026-08-03,CM,NSE,STK,5407,INE290S01011,CARTRADE,EQ,,,,,CARTRADE TECH LIMITED,2746.00,2827.90,2727.70,2803.30,2809.00,2719.60,,2803.32,,,352049,986160394.20,28171,F1,1,,,,,
2026-08-03,2026-08-03,CM,NSE,STK,1879,INE482D01024,CARYSIL,EQ,,,,,CARYSIL LIMITED,1170.10,1196.00,1168.00,1188.30,1185.00,1175.30,,1188.31,,,71106,84096403.00,6502,F1,1,,,,,
2026-08-03,2026-08-03,CM,NSE,STK,758156,INE0WL201014,CUDML,ST,,,,,CASH UR DRIVE MARKETING L,131.00,131.00,131.00,131.00,131.00,133.50,,131.00,,,5000,655000.00,5,F1,1000,,,,,
2026-08-03,2026-08-03,CM,NSE,STK,1250,INE172A01027,CASTROLIND,EQ,,,,,CASTROL INDIA LIMITED,185.54,186.90,184.98,185.84,185.25,185.21,,185.83,,,1264598,235296743.03,14505,F1,1,,,,,
2026-08-03,2026-08-03,CM,NSE,STK,11452,INE421D01022,CCL,EQ,,,,,CCL PRODUCTS (I) LTD,1156.50,1197.10,1136.10,1152.40,1139.00,1155.30,,1152.12,,,182159,212704290.30,16031,F1,1,,,,,
2026-08-03,2026-08-03,CM,NSE,STK,15254,INE482A01020,CEATLTD,EQ,,,,,CEAT LIMITED,3481.90,3563.00,3451.10,3542.50,3550.00,3429.90,,3542.22,,,152999,539938476.70,23911,F1,1,,,,,
2026-08-03,2026-08-03,CM,NSE,STK,757690,INE11J101017,CEDAAR,ST,,,,,CEDAAR TEXTILE LIMITED,17.20,17.20,17.20,17.20,17.20,17.20,,17.20,,,1000,17200.00,1,F1,1000,,,,,
2026-08-03,2026-08-03,CM,NSE,STK,24742,INE0AG901020,CEIGALL,EQ,,,,,CEIGALL INDIA LIMITED,342.75,349.45,342.75,344.75,344.50,342.75,,344.79,,,120537,41783294.00,3852,F1,1,,,,,
2026-08-03,2026-08-03,CM,NSE,STK,761037,INE016Q01014,CEINSYS,EQ,,,,,CEINSYS TECH LIMITED,841.00,858.00,820.00,833.10,841.70,839.35,,833.04,,,50461,42553676.65,3676,F1,1,,,,,
2026-08-03,2026-08-03,CM,NSE,STK,13162,INE185H01016,CELEBRITY,EQ,,,,,CELEBRITY FASHIONS LTD,7.12,7.30,6.97,7.11,7.21,6.95,,7.11,,,29141,207892.38,104,F1,1,,,,,
2026-08-03,2026-08-03,CM,NSE,STK,16950,INE0O0001013,CELLPOINT,SM,,,,,CELL POINT (INDIA) LTD,18.95,18.95,18.95,18.95,18.95,17.25,,18.95,,,1200,22740.00,1,F1,1200,,,,,
2026-08-03,2026-08-03,CM,NSE,STK,18811,INE0OMO01025,CELLECOR,ST,,,,,CELLECOR GADGETS LIMITED,34.40,34.90,33.60,33.65,33.60,34.05,,33.65,,,45000,1545300.00,15,F1,3000,,,,,
2026-08-03,2026-08-03,CM,NSE,STK,19795,INE0LMW01024,CELLO,EQ,,,,,CELLO WORLD LIMITED,345.00,348.50,344.05,345.55,344.10,343.30,,345.56,,,182632,63222422.15,9240,F1,1,,,,,
2026-08-03,2026-08-03,CM,NSE,STK,5622,INE686A01026,CEMPRO,EQ,,,,,CEMINDIA PROJECTS LIMITED,1375.00,1375.00,1326.10,1363.30,1363.00,1367.80,,1363.40,,,439717,595217819.60,20005,F1,1,,,,,
2026-08-03,2026-08-03,CM,NSE,STK,14894,INE483A01010,CENTRALBK,EQ,,,,,CENTRAL BANK OF INDIA,31.11,31.60,31.09,31.46,31.43,30.97,,31.46,,,6387087,200608494.18,14922,F1,1,,,,,
2026-08-03,2026-08-03,CM,NSE,STK,21174,INE736A01011,CDSL,EQ,,,,,CENTRAL DEPO SER (I) LTD,1341.90,1354.00,1318.00,1322.20,1322.20,1333.00,,1322.20,,,2784297,3727584788.90,56772,F1,1,,,,,
2026-08-03,2026-08-03,CM,NSE,STK,761581,INE05HV01027,CMPDI,EQ,,,,,CENTRAL MINE P N D INST L,243.80,249.70,243.51,247.49,247.50,239.83,,247.48,,,1911924,472170645.13,46264,F1,1,,,,,
2026-08-03,2026-08-03,CM,NSE,STK,2454,INE660C01027,CENTRUM,EQ,,,,,CENTRUM CAPITAL LIMITED,23.81,24.76,23.52,24.09,24.43,23.73,,24.09,,,611346,14730636.58,2087,F1,1,,,,,
2026-08-03,2026-08-03,CM,NSE,STK,14982,INE320B01020,CENTUM,EQ,,,,,CENTUM ELECTRONICS LTD,3600.00,3748.40,3577.20,3676.50,3660.00,3543.10,,3676.17,,,52835,194951462.70,11027,F1,1,,,,,
2026-08-03,2026-08-03,CM,NSE,STK,619,INE485A01015,CENTENKA,EQ,,,,,CENTURY ENKA LTD,615.00,625.90,614.50,621.60,624.40,610.45,,621.59,,,161398,100209671.60,4955,F1,1,,,,,
2026-08-03,2026-08-03,CM,NSE,STK,11511,INE281A01026,CENTEXT,EQ,,,,,CENTURY EXTRUSIONS LTD,20.00,20.69,19.37,20.00,20.00,19.87,,19.99,,,203679,4117380.34,999,F1,1,,,,,
2026-08-03,2026-08-03,CM,NSE,STK,13305,INE348B01021,CENTURYPLY,EQ,,,,,CENTURY PLYBOARDS (I) LTD,802.00,827.90,767.10,772.80,767.15,799.50,,772.79,,,358636,286124177.70,15510,F1,1,,,,,
2026-08-03,2026-08-03,CM,NSE,STK,15039,INE739E01017,CERA,EQ,,,,,CERA SANITARYWARE LTD,6200.00,6308.00,6130.00,6280.50,6305.00,6126.00,,6278.09,,,6740,41979963.50,2018,F1,1,,,,,
2026-08-03,2026-08-03,CM,NSE,STK,29016,INE345B01019,CEREBRAINT,BZ,,,,,CEREBRA INT TECH LTD,2.95,3.00,2.92,2.97,2.96,2.95,,2.97,,,40312,120160.40,107,F1,1,,,,,
2026-08-03,2026-08-03,CM,NSE,STK,628,INE486A01021,CESC,EQ,,,,,CESC LTD,166.00,169.10,164.58,165.98,166.08,165.57,,165.98,,,901195,149841914.75,18409,F1,1,,,,,
2026-08-03,2026-08-03,CM,NSE,STK,760,INE067A01029,CGPOWER,EQ,,,,,CG POWER AND IND SOL LTD,865.55,867.95,826.10,826.10,826.10,863.40,,826.18,,,4042469,3466028713.65,76778,F1,1,,,,,
2026-08-03,2026-08-03,CM,NSE,STK,8546,INE427F01016,CHALET,EQ,,,,,CHALET HOTELS LIMITED,811.40,828.45,807.95,821.50,820.00,811.40,,821.50,,,69654,57132596.60,9088,F1,1,,,,,
2026-08-03,2026-08-03,CM,NSE,STK,3482,INE419D01026,CLSEL,EQ,,,,,CHAMAN LAL SETIA EXP LTD,288.00,297.00,285.05,292.30,294.00,285.50,,292.30,,,87977,25652986.55,2214,F1,1,,,,,
2026-08-03,2026-08-03,CM,NSE,STK,13731,INE06PV01010,CMNL,SM,,,,,CHAMAN METALLICS LIMITED,97.40,100.00,97.40,98.80,99.75,94.00,,98.80,,,18000,1776375.00,17,F1,750,,,,,
2026-08-03,2026-08-03,CM,NSE,STK,637,INE085A01013,CHAMBLFERT,EQ,,,,,CHAMBAL FERTILIZERS LTD,440.00,455.70,439.75,455.00,455.00,438.90,,455.00,,,882614,398919318.95,16512,F1,1,,,,,
2026-08-03,2026-08-03,CM,NSE,STK,29541,INE11HG01018,CHAMUNDA,SM,,,,,CHAMUNDA ELECTRICAL LTD,43.95,44.00,43.00,43.00,43.00,43.00,,43.00,,,9000,392850.00,3,F1,3000,,,,,
2026-08-03,2026-08-03,CM,NSE,STK,29633,INE0B2N01016,CHANDAN,SM,,,,,CHANDAN HEALTHCARE LTD,250.00,251.95,244.25,250.50,251.00,239.10,,250.50,,,44000,10928760.00,54,F1,800,,,,,
2026-08-03,2026-08-03,CM,NSE,STK,18654,INE0PT101017,CHAVDA,SM,,,,,CHAVDA INFRA LIMITED,127.50,131.00,126.70,128.35,128.45,125.90,,128.35,,,55000,7047500.00,53,F1,1000,,,,,
2026-08-03,2026-08-03,CM,NSE,STK,757991,INE0TGX01019,CHEMBONDCH,BE,,,,,CHEMBOND CHEMICAL LIMITED,234.00,234.00,221.00,225.43,225.00,226.41,,225.55,,,10415,2359039.82,158,F1,1,,,,,
2026-08-03,2026-08-03,CM,NSE,STK,14620,INE995D01025,CHEMBOND,BE,,,,,CHEMBOND MATERIALTECH LTD,165.50,175.30,161.60,173.91,174.00,167.00,,173.84,,,7569,1282656.18,104,F1,1,,,,,
2026-08-03,2026-08-03,CM,NSE,STK,276,INE03YM01018,CHEMCON,BE,,,,,CHEMCON SPECIAL CHEM LTD,184.00,184.28,177.00,184.09,184.28,175.51,,184.24,,,28460,5205733.81,371,F1,1,,,,,
2026-08-03,2026-08-03,CM,NSE,STK,2815,INE783X01023,CHEMFAB,BE,,,,,CHEMFAB ALKALIS LIMITED,375.00,377.00,364.00,376.95,377.00,374.70,,376.95,,,1550,576739.20,33,F1,1,,,,,
2026-08-03,2026-08-03,CM,NSE,STK,5449,INE488A01050,CHEMPLASTS,EQ,,,,,CHEMPLAST SANMAR LIMITED,194.21,198.30,194.21,196.10,195.10,194.18,,196.12,,,226481,44545734.91,4533,F1,1,,,,,
2026-08-03,2026-08-03,CM,NSE,STK,2049,INE178A01016,CHENNPETRO,EQ,,,,,CHENNAI PETROLEUM CORP LT,1266.70,1343.00,1266.00,1325.50,1326.00,1260.60,,1325.45,,,3024039,3989182570.30,78483,F1,1,,,,,
2026-08-03,2026-08-03,CM,NSE,STK,24628,INE0U1T01012,CHETANA,ST,,,,,CHETANA EDUCATION LIMITED,46.00,46.00,46.00,46.00,46.00,46.00,,46.00,,,3200,147200.00,2,F1,1600,,,,,
2026-08-03,2026-08-03,CM,NSE,STK,9879,INE974B01016,CHEVIOT,EQ,,,,,CHEVIOT COMPANY LIMITED,1150.00,1150.00,1112.00,1130.40,1128.40,1106.60,,1130.19,,,2008,2268205.70,271,F1,1,,,,,
2026-08-03,2026-08-03,CM,NSE,STK,8866,INE102B01014,CHOICEIN,EQ,,,,,CHOICE INTERNATIONAL LTD,828.00,835.80,821.00,828.10,827.00,822.95,,828.09,,,550388,456955305.45,8558,F1,1,,,,,
2026-08-03,2026-08-03,CM,NSE,STK,759610,INF2KCX01012,CHOICEGOLD,EQ,,,,,CHOICEAMC - CHOICEGOLD,141.10,142.99,139.05,140.54,140.54,141.10,,140.54,,,41553,5855784.80,183,F1,1,,,,,
2026-08-03,2026-08-03,CM,NSE,STK,21740,INE149A01033,CHOLAHLDNG,EQ,,,,,CHOLAMANDALAM FIN HOL LTD,1554.00,1590.00,1550.00,1574.60,1565.00,1534.20,,1574.60,,,291653,458226807.00,26256,F1,1,,,,,
2026-08-03,2026-08-03,CM,NSE,STK,685,INE121A01024,CHOLAFIN,EQ,,,,,CHOLAMANDALAM IN & FIN CO,1870.40,1913.00,1861.10,1888.20,1888.20,1849.90,,1888.20,,,2277492,4300551577.90,86522,F1,1,,,,,
2026-08-03,2026-08-03,CM,NSE,STK,14937,INE536H01010,CIEINDIA,EQ,,,,,CIE AUTOMOTIVE INDIA LTD,409.45,422.00,409.45,419.65,418.10,408.60,,419.64,,,467187,195394874.65,19585,F1,1,,,,,
2026-08-03,2026-08-03,CM,NSE,STK,27161,INE704H01022,CINELINE,EQ,,,,,CINELINE INDIA LIMITED,89.75,92.90,87.90,88.53,89.00,87.80,,88.55,,,62732,5651511.23,1066,F1,1,,,,,
2026-08-03,2026-08-03,CM,NSE,STK,8024,INE039B01026,CINEVISTA,EQ,,,,,CINEVISTA LIMITED,15.49,15.49,14.81,14.94,15.25,15.06,,14.91,,,11459,172003.25,97,F1,1,,,,,
2026-08-03,2026-08-03,CM,NSE,STK,694,INE059A01026,CIPLA,EQ,,,,,CIPLA LTD,1475.00,1480.60,1454.30,1474.40,1474.40,1473.20,,1474.39,,,811745,1190560929.20,31756,F1,1,,,,,
2026-08-03,2026-08-03,CM,NSE,STK,763149,INE2Q7823014,CITIUSINVT,IV,,,,,CITIUS TRANSNET INV TRUST,109.61,112.78,108.21,109.09,109.03,109.54,,109.09,,,212228,23236835.84,1198,F1,1,,,,,
2026-08-03,2026-08-03,CM,NSE,STK,5701,INE491A01021,CUB,EQ,,,,,CITY UNION BANK LTD,208.50,210.48,202.60,204.65,204.00,206.50,,204.55,,,2349845,485277758.59,34009,F1,1,,,,,
2026-08-03,2026-08-03,CM,NSE,STK,20233,INE201M01029,CLEDUCATE,BE,,,,,CL EDUCATE LIMITED,57.49,59.28,56.70,59.28,59.28,56.46,,59.27,,,27052,1594618.02,111,F1,1,,,,,
2026-08-03,2026-08-03,CM,NSE,STK,754695,INE1QGM01024,CLAYCRAFT,SM,,,,,CLAY CRAFT INDIA LIMITED,170.00,178.00,169.30,175.10,176.50,166.15,,175.10,,,63600,11092530.00,80,F1,600,,,,,
2026-08-03,2026-08-03,CM,NSE,STK,13846,INE376C01038,CLCIND,BE,,,,,CLC INDUSTRIES LIMITED,59.58,59.58,59.58,59.58,59.58,56.75,,59.58,,,1840,109627.20,16,F1,1,,,,,
2026-08-03,2026-08-03,CM,NSE,STK,760183,INE647U01026,CLEANMAX,EQ,,,,,CLEAN MAX ENVIRO EN SOL L,1373.00,1417.50,1338.00,1349.50,1355.00,1335.60,,1349.69,,,514965,705297441.60,42465,F1,1,,,,,
2026-08-03,2026-08-03,CM,NSE,STK,5049,INE227W01023,CLEAN,EQ,,,,,CLEAN SCIENCE & TECH LTD,757.55,799.80,735.00,764.15,767.00,734.05,,764.15,,,3558094,2712798000.35,153295,F1,1,,,,,
2026-08-03,2026-08-03,CM,NSE,STK,760143,INE1EF801010,CSSL,SM,,,,,CLEAR SECURED SERVICES L,100.00,100.00,99.00,99.25,99.00,98.15,,99.25,,,5000,498500.00,5,F1,1000,,,,,
2026-08-03,2026-08-03,CM,NSE,STK,19676,INE981B01011,CMICABLES,BZ,,,,,CMI LIMITED,2.83,2.94,2.70,2.79,2.80,2.84,,2.79,,,10575,30211.82,37,F1,1,,,,,
2026-08-03,2026-08-03,CM,NSE,STK,30893,INE00WV01027,CMRGREEN,EQ,,,,,CMR GREEN TECHNOLOGIES L,219.00,227.80,217.30,222.58,223.00,216.70,,222.54,,,1805490,403058222.33,25610,F1,1,,,,,
2026-08-03,2026-08-03,CM,NSE,STK,7603,INE925R01014,CMSINFO,EQ,,,,,CMS INFO SYSTEMS LIMITED,267.70,278.60,267.50,275.40,276.00,263.70,,275.39,,,1312567,360515398.80,21640,F1,1,,,,,
2026-08-03,2026-08-03,CM,NSE,STK,20374,INE522F01014,COALINDIA,EQ,,,,,COAL INDIA LTD,415.95,416.00,412.60,416.00,416.00,414.15,,416.00,,,5371911,2226313720.75,110579,F1,1,,,,,
2026-08-03,2026-08-03,CM,NSE,STK,6006,INE377E01024,COASTCORP,EQ,,,,,COASTAL CORPORATION LTD,49.01,56.68,49.01,51.04,50.99,48.84,,51.04,,,876777,46289350.54,4271,F1,1,,,,,
2026-08-03,2026-08-03,CM,NSE,STK,21508,INE704P01025,COCHINSHIP,EQ,,,,,COCHIN SHIPYARD LIMITED,1430.00,1448.60,1423.50,1441.90,1441.90,1423.00,,1441.75,,,919243,1324522140.50,35482,F1,1,,,,,
2026-08-03,2026-08-03,CM,NSE,STK,11169,INE335K01011,COFFEEDAY,BE,,,,,COFFEE DAY ENTERPRISE LTD,30.99,32.03,30.99,32.03,32.03,30.51,,32.03,,,370012,11765095.04,753,F1,1,,,,,
2026-08-03,2026-08-03,CM,NSE,STK,11543,INE591G01025,COFORGE,EQ,,,,,COFORGE LIMITED,1739.00,1771.00,1719.00,1768.00,1768.00,1721.00,,1767.98,,,2365023,4129402307.10,65382,F1,1,,,,,
2026-08-03,2026-08-03,CM,NSE,STK,17945,INE03QK01018,COHANCE,EQ,,,,,COHANCE LIFESCIENCES LTD,425.05,436.70,423.00,425.35,425.75,425.05,,425.03,,,312974,134148581.35,10429,F1,1,,,,,
2026-08-03,2026-08-03,CM,NSE,STK,15141,INE259A01022,COLPAL,EQ,,,,,COLGATE PALMOLIVE LTD.,2076.10,2116.60,2050.10,2077.00,2077.00,2076.10,,2076.97,,,515125,1069332406.20,32295,F1,1,,,,,
2026-08-03,2026-08-03,CM,NSE,STK,762628,INE819A01049,COMFINTE,EQ,,,,,COMFORT INTECH LTD.,6.99,7.05,6.89,6.89,6.90,6.91,,6.89,,,710523,4933314.11,731,F1,1,,,,,
2026-08-03,2026-08-03,CM,NSE,STK,21578,INE073V01015,COMSYN,EQ,,,,,COMMERCIAL SYN BAGS LTD,215.00,218.80,208.00,208.72,211.00,214.81,,208.73,,,565652,118597418.32,3932,F1,1,,,,,
2026-08-03,2026-08-03,CM,NSE,STK,19516,INE597Z01014,COMMITTED,ST,,,,,COMMITTED CARGO CARE LTD,342.50,350.00,332.50,350.00,350.00,350.00,,350.00,,,61600,21496960.00,32,F1,800,,,,,
2026-08-03,2026-08-03,CM,NSE,STK,19670,INE070C01037,COMPINFO,BZ,,,,,COMPUAGE INFOCOM LTD,1.08,1.18,1.08,1.15,1.11,1.13,,1.15,,,43895,49894.36,44,F1,1,,,,,
2026-08-03,2026-08-03,CM,NSE,STK,31138,INE453B01029,COMPUSOFT,EQ,,,,,COMPUCOM SOFTWARE LTD,13.43,13.67,13.32,13.40,13.36,13.43,,13.41,,,15772,211833.38,174,F1,1,,,,,
2026-08-03,2026-08-03,CM,NSE,STK,342,INE596I01020,CAMS,EQ,,,,,COMPUTER AGE MNGT SER LTD,810.00,815.00,789.80,791.00,791.00,796.15,,791.07,,,1922245,1544732267.25,49977,F1,1,,,,,
2026-08-03,2026-08-03,CM,NSE,STK,18060,INE338H01029,CONCORDBIO,EQ,,,,,CONCORD BIOTECH LIMITED,1444.40,1456.30,1389.00,1414.60,1410.00,1420.80,,1414.53,,,402980,571505006.50,27971,F1,1,,,,,
2026-08-03,2026-08-03,CM,NSE,STK,28764,INE037Z01029,CEWATER,EQ,,,,,CONCORD ENVIRO SYSTEMS L,290.00,290.05,285.00,285.80,285.35,287.80,,285.82,,,74058,21281623.40,2489,F1,1,,,,,
2026-08-03,2026-08-03,CM,NSE,STK,10238,INE552D01024,CONFIPET,EQ,,,,,CONFIDENCE PETRO IND LTD.,80.03,84.40,80.00,83.77,84.00,79.66,,83.77,,,5300850,440278583.99,27634,F1,1,,,,,
2026-08-03,2026-08-03,CM,NSE,STK,758453,INE0EAS01014,CONNPLEX,SM,,,,,CONNPLEX CINEMAS LIMITED,205.50,207.45,204.25,204.50,204.50,202.05,,204.50,,,13600,2791840.00,16,F1,800,,,,,
2026-08-03,2026-08-03,CM,NSE,STK,14992,INE429I01024,CCCL,EQ,,,,,CONS. CONST. CONSORT LTD,15.65,15.99,15.56,15.73,15.85,15.49,,15.73,,,124087,1957463.10,511,F1,1,,,,,
2026-08-03,2026-08-03,CM,NSE,STK,11732,INE025A01027,CONSOFINVT,BE,,,,,CONSO. FIN. & HOLD. LTD.,301.00,302.70,292.00,295.75,299.80,298.25,,295.75,,,6069,1794914.80,103,F1,1,,,,,
2026-08-03,2026-08-03,CM,NSE,STK,4749,INE111A01025,CONCOR,EQ,,,,,CONTAINER CORP OF IND LTD,527.00,531.70,522.50,525.00,525.00,525.50,,524.97,,,1928428,1013775979.15,39186,F1,1,,,,,
2026-08-03,2026-08-03,CM,NSE,STK,17477,INE663B01015,CONTROLPR,EQ,,,,,CONTROL PRINT LIMITED,571.05,577.00,570.05,571.45,570.40,572.50,,571.46,,,23627,13540399.15,2236,F1,1,,,,,
2026-08-03,2026-08-03,CM,NSE,STK,8567,INE0HS001028,COOLCAPS,ST,,,,,COOL CAPS INDUSTRIES LTD,22.00,23.00,21.05,22.90,23.00,22.00,,22.90,,,50000,1106312.50,25,F1,1250,,,,,
2026-08-03,2026-08-03,CM,NSE,STK,4007,INE558D01021,CORALFINAC,EQ,,,,,CORAL INDIA FIN & HOUS LT,34.74,35.95,32.70,33.40,32.89,33.60,,33.42,,,272811,9326859.69,998,F1,1,,,,,
2026-08-03,2026-08-03,CM,NSE,STK,15275,INE792I01017,CORDSCABLE,BE,,,,,CORDS CABLE INDUS LTD.,204.85,211.60,204.00,211.60,211.60,201.53,,211.68,,,33925,7146700.84,296,F1,1,,,,,
2026-08-03,2026-08-03,CM,NSE,STK,739,INE169A01031,COROMANDEL,EQ,,,,,COROMANDEL INTERNTL. LTD,2083.00,2128.90,2064.50,2115.30,2114.00,2073.60,,2115.34,,,184125,387537327.20,20441,F1,1,,,,,
2026-08-03,2026-08-03,CM,NSE,STK,760254,INE02ZQ01018,CORONA,EQ,,,,,CORONA REMEDIES LIMITED,2210.00,2210.00,2052.00,2105.70,2120.00,2098.80,,2105.67,,,115041,243310818.10,24236,F1,1,,,,,
2026-08-03,2026-08-03,CM,NSE,STK,742,INE757A01017,COSMOFIRST,EQ,,,,,COSMO FIRST LIMITED,896.75,914.90,894.10,910.05,903.30,892.30,,910.30,,,102857,93231827.90,5625,F1,1,,,,,
2026-08-03,2026-08-03,CM,NSE,STK,6385,INE652F01027,CCHHL,EQ,,,,,COUNTRY CLUB HOSP HOL LTD,13.01,13.47,12.82,13.06,13.10,13.08,,13.06,,,32135,424200.29,153,F1,1,,,,,
2026-08-03,2026-08-03,CM,NSE,STK,16986,INE695B01025,COUNCODOS,EQ,,,,,COUNTRY CONDO S LIMITED,5.95,6.24,5.89,6.02,6.08,5.95,,6.01,,,47085,280893.03,192,F1,1,,,,,
2026-08-03,2026-08-03,CM,NSE,STK,20090,INE521J01018,CPCAP,BE,,,,,CP CAPITAL LIMITED,112.50,115.00,111.00,114.57,114.95,110.07,,114.57,,,23954,2710804.69,144,F1,1,,,,,
2026-08-03,2026-08-03,CM,NSE,STK,2328,INF457M01133,CPSEETF,EQ,,,,,CPSE ETF,94.99,96.29,94.70,94.89,95.00,94.91,,94.89,,,757122,71948028.27,11157,F1,1,,,,,
2026-08-03,2026-08-03,CM,NSE,STK,2854,INE00LO01017,CRAFTSMAN,EQ,,,,,CRAFTSMAN AUTOMATION LTD,9934.50,10400.00,9922.50,10338.50,10228.50,9873.50,,10336.39,,,85274,875540240.00,23601,F1,1,,,,,
2026-08-03,2026-08-03,CM,NSE,STK,9384,INE230B01021,CREATIVEYE,EQ,,,,,CREATIVE EYE LIMITED,6.10,6.72,6.10,6.20,6.20,6.24,,6.20,,,13205,82576.94,77,F1,1,,,,,
2026-08-03,2026-08-03,CM,NSE,STK,23468,INE0R7401011,CGRAPHICS,SM,,,,,CREATIVE GRAPHICS S IND L,136.75,151.00,136.75,143.65,143.90,135.40,,143.65,,,84800,12365760.00,98,F1,800,,,,,
2026-08-03,2026-08-03,CM,NSE,STK,11155,INE985W01018,CNL,EQ,,,,,CREATIVE NEWTECH LIMITED,1006.00,1028.95,1000.25,1015.90,1018.00,993.20,,1015.87,,,67299,68280257.75,4199,F1,1,,,,,
2026-08-03,2026-08-03,CM,NSE,STK,4421,INE741K01010,CREDITACC,EQ,,,,,CREDITACCESS GRAMEEN LTD,1602.00,1606.00,1542.20,1558.20,1558.80,1592.80,,1558.13,,,290154,452333133.70,27286,F1,1,,,,,
2026-08-03,2026-08-03,CM,NSE,STK,20878,INE220Q01020,MUFTI,EQ,,,,,CREDO BRANDS MARKETING L,81.90,83.40,81.71,82.69,83.35,81.52,,82.67,,,36229,2986907.45,685,F1,1,,,,,
2026-08-03,2026-08-03,CM,NSE,STK,13900,INE559D01011,CREST,EQ,,,,,CREST VENTURES LIMITED,376.55,395.00,372.10,389.70,393.95,376.20,,389.70,,,15908,6138030.20,584,F1,1,,,,,
2026-08-03,2026-08-03,CM,NSE,STK,757,INE007A01025,CRISIL,EQ,,,,,CRISIL LTD,4359.80,4450.00,4309.90,4424.90,4370.80,4359.80,,4422.93,,,53732,237126167.60,9151,F1,1,,,,,
2026-08-03,2026-08-03,CM,NSE,STK,757850,INE0S4R01014,CRIZAC,EQ,,,,,CRIZAC LIMITED,198.40,205.00,188.22,195.88,194.70,195.13,,195.88,,,2333300,456234846.41,41637,F1,1,,,,,
2026-08-03,2026-08-03,CM,NSE,STK,17094,INE299U01018,CROMPTON,EQ,,,,,CROMPT GREA CON ELEC LTD,261.50,268.80,260.80,266.30,266.30,260.20,,266.29,,,1873396,498157124.25,27339,F1,1,,,,,
2026-08-03,2026-08-03,CM,NSE,STK,18260,INE00NH01017,CLSL,SM,,,,,CROP LIFE SCIENCE LIMITED,65.90,66.40,65.00,66.20,66.40,65.90,,66.20,,,58000,3790400.00,16,F1,2000,,,,,
2026-08-03,2026-08-03,CM,NSE,STK,8083,INE491V01019,CROWN,EQ,,,,,CROWN LIFTERS LIMITED,114.59,116.00,113.16,115.11,115.49,114.59,,115.11,,,7190,828076.82,72,F1,1,,,,,
2026-08-03,2026-08-03,CM,NSE,STK,14966,INE679A01013,CSBBANK,EQ,,,,,CSB BANK LIMITED,330.10,334.75,329.65,332.80,332.10,329.90,,332.80,,,211279,70290916.25,6141,F1,1,,,,,
2026-08-03,2026-08-03,CM,NSE,STK,10350,INE718F01018,CSLFINANCE,EQ,,,,,CSL FINANCE LIMITED,214.99,225.99,212.02,219.78,223.89,212.96,,219.89,,,15488,3368819.17,288,F1,1,,,,,
2026-08-03,2026-08-03,CM,NSE,STK,763753,INE0ZK601013,CSM,EQ,,,,,CSM TECHNOLOGIES LIMITED,102.52,108.20,101.10,104.88,102.01,104.78,,104.87,,,1147334,122170519.65,9290,F1,1,,,,,
2026-08-03,2026-08-03,CM,NSE,STK,15078,INE0NR623014,CUBEINVIT,IV,,,,,CUBE HIGHWAYS TRUST,156.05,157.44,153.52,156.49,156.50,156.96,,156.49,,,4831179,753592791.80,33886,F1,1,,,,,
2026-08-03,2026-08-03,CM,NSE,STK,4064,INE144D01012,CUBEXTUB,EQ,,,,,CUBEX TUBINGS LTD,77.50,79.95,76.66,79.65,79.20,76.28,,79.59,,,54804,4303475.24,961,F1,1,,,,,
2026-08-03,2026-08-03,CM,NSE,STK,1901,INE298A01020,CUMMINSIND,EQ,,,,,CUMMINS INDIA LTD,5526.00,5550.00,5486.00,5550.00,5550.00,5519.00,,5549.87,,,146209,806481376.50,19873,F1,1,,,,,
2026-08-03,2026-08-03,CM,NSE,STK,18520,INE509F01029,CUPID,EQ,,,,,CUPID LIMITED,231.50,234.38,229.00,230.95,231.40,230.62,,230.95,,,11488664,2667878991.36,67980,F1,1,,,,,
2026-08-03,2026-08-03,CM,NSE,STK,30189,INE117B01020,CURAA,EQ,,,,,CURA TECHNOLOGIES LIMITED,71.11,72.78,71.10,72.50,72.50,73.14,,74.05,,,470,33540.74,34,F1,1,,,,,
2026-08-03,2026-08-03,CM,NSE,STK,759825,INE1BZN01016,CURIS,SM,,,,,CURIS LIFESCIENCES LTD,125.00,125.00,110.00,110.10,110.00,113.00,,110.10,,,9000,1030600.00,9,F1,1000,,,,,
2026-08-03,2026-08-03,CM,NSE,STK,758964,INE1CRQ01014,CURRENT,SM,,,,,CURRENT INFRAPROJECTS LTD,100.60,103.50,100.60,103.50,103.50,108.00,,103.50,,,6400,656160.00,4,F1,1600,,,,,
2026-08-03,2026-08-03,CM,NSE,STK,11845,INE278G01037,CYBERMEDIA,BE,,,,,CYBER MEDIA (INDIA) LTD.,16.40,16.40,15.31,16.19,16.19,15.83,,16.19,,,5658,92157.54,38,F1,1,,,,,
2026-08-03,2026-08-03,CM,NSE,STK,11447,INE075Z01011,CMRSL,SM,,,,,CYBER MEDIA RES & SER LTD,60.90,62.85,60.90,62.85,62.85,64.10,,62.85,,,6400,391360.00,7,F1,800,,,,,
2026-08-03,2026-08-03,CM,NSE,STK,6054,INE214A01019,CYBERTECH,BE,,,,,CYBERTECH SYSTEMS & SOFTW,138.33,143.35,138.33,141.59,141.45,140.27,,141.59,,,5834,827203.51,129,F1,1,,,,,
2026-08-03,2026-08-03,CM,NSE,STK,17187,INE055S01018,CYIENTDLM,EQ,,,,,CYIENT DLM LIMITED,672.00,687.20,670.00,671.70,670.10,670.05,,671.63,,,207998,140919333.35,12292,F1,1,,,,,
2026-08-03,2026-08-03,CM,NSE,STK,5748,INE136B01020,CYIENT,EQ,,,,,CYIENT LIMITED,847.70,865.90,845.00,858.55,859.00,847.70,,858.44,,,309567,266088819.00,20292,F1,1,,,,,
2026-08-03,2026-08-03,CM,NSE,STK,6249,INE0GN101014,DKEGL,SM,,,,,D K ENTERPRISES GLOBAL L,66.00,66.00,66.00,66.00,66.00,65.25,,66.00,,,1500,99000.00,1,F1,1500,,,,,
2026-08-03,2026-08-03,CM,NSE,STK,16902,INE864X01013,DPWIRES,BE,,,,,D P WIRES LIMITED,166.98,166.98,162.05,164.27,164.68,165.53,,164.48,,,7304,1202463.82,195,F1,1,,,,,
2026-08-03,2026-08-03,CM,NSE,STK,17851,INE250K01012,DLINKINDIA,EQ,,,,,D-LINK INDIA LTD,452.85,459.20,449.10,450.80,452.50,451.80,,450.79,,,114653,52096034.90,4247,F1,1,,,,,
2026-08-03,2026-08-03,CM,NSE,STK,936,INE266Y01019,DPABHUSHAN,EQ,,,,,D. P. ABHUSHAN LIMITED,1329.90,1436.00,1329.90,1420.20,1415.00,1317.95,,1419.49,,,73799,103236823.40,7253,F1,1,,,,,
2026-08-03,2026-08-03,CM,NSE,STK,17881,INE950I01011,DBCORP,EQ,,,,,D.B.CORP LTD,210.00,213.20,208.28,210.53,208.82,208.95,,210.48,,,140805,29619805.01,3519,F1,1,,,,,
2026-08-03,2026-08-03,CM,NSE,STK,772,INE016A01026,DABUR,EQ,,,,,DABUR INDIA LTD,423.80,426.20,421.40,425.80,425.80,421.45,,425.79,,,1969475,835361126.25,30847,F1,1,,,,,
2026-08-03,2026-08-03,CM,NSE,STK,762636,INE928C01010,DAICHI,BE,,,,,DAI-ICHI KARKARIA LTD.,307.90,326.95,303.05,321.10,322.00,315.80,,320.65,,,1081,337760.50,40,F1,1,,,,,
2026-08-03,2026-08-03,CM,NSE,STK,8075,INE00R701025,DALBHARAT,EQ,,,,,DALMIA BHARAT LIMITED,1799.70,1846.60,1795.00,1844.60,1844.60,1799.70,,1844.51,,,226772,414866011.70,12764,F1,1,,,,,
2026-08-03,2026-08-03,CM,NSE,STK,781,INE495A01022,DALMIASUG,EQ,,,,,DALMIA BHARAT SUG IN LTD,351.00,421.05,351.00,411.85,419.80,350.90,,411.97,,,10294952,4114467129.90,123948,F1,1,,,,,
2026-08-03,2026-08-03,CM,NSE,STK,28662,INE284H01025,DAMCAPITAL,EQ,,,,,DAM CAPITAL ADVISORS LTD,155.70,155.70,152.10,153.71,152.10,152.86,,153.69,,,197235,30376120.71,2743,F1,1,,,,,
2026-08-03,2026-08-03,CM,NSE,STK,17569,INE497D01022,DAMODARIND,BE,,,,,DAMODAR INDUSTRIES LTD,29.40,29.40,27.32,28.05,28.05,28.54,,28.05,,,3532,98210.74,35,F1,1,,,,,
2026-08-03,2026-08-03,CM,NSE,STK,1110,INE688Y01022,DANGEE,EQ,,,,,DANGEE DUMS LIMITED,2.95,3.08,2.90,2.98,2.98,2.94,,2.98,,,51910,157766.76,88,F1,1,,,,,
2026-08-03,2026-08-03,CM,NSE,STK,25927,INE0YU901016,DANISH,SM,,,,,DANISH POWER LIMITED,825.00,833.00,815.00,820.20,823.00,814.60,,820.20,,,27150,22289025.00,108,F1,150,,,,,
2026-08-03,2026-08-03,CM,NSE,STK,757107,INE04Q901010,DCCL,SM,,,,,DAR CREDIT & CAPITAL LTD,49.50,50.90,49.50,50.90,50.90,49.00,,50.90,,,6000,302600.00,3,F1,2000,,,,,
2026-08-03,2026-08-03,CM,NSE,STK,7358,INE0IX101010,DATAPATTNS,EQ,,,,,DATA PATTERNS INDIA LTD,4300.70,4455.00,4236.10,4428.80,4450.00,4281.00,,4428.91,,,1046196,4557166740.00,78504,F1,1,,,,,
2026-08-03,2026-08-03,CM,NSE,STK,11423,INE365B01017,DATAMATICS,EQ,,,,,DATAMATICS GLOBAL SER LTD,833.70,835.00,820.05,824.95,824.00,832.05,,824.96,,,58143,48105915.15,4436,F1,1,,,,,
2026-08-03,2026-08-03,CM,NSE,STK,21794,INE179G01029,DAVANGERE,EQ,,,,,DAVANGERE SUGAR COMPANY L,3.25,3.29,3.17,3.18,3.19,3.19,,3.18,,,5404905,17308914.92,2075,F1,1,,,,,
2026-08-03,2026-08-03,CM,NSE,STK,31111,INE921B01025,DBSTOCKBRO,BE,,,,,DB (INT) STOCK BROKERS,34.46,35.98,33.60,34.16,33.60,34.46,,34.17,,,10951,381406.84,95,F1,1,,,,,
2026-08-03,2026-08-03,CM,NSE,STK,11566,INE0A1101019,DCI,EQ,,,,,DC INFOTECH AND COMUN LTD,345.00,365.90,315.00,337.20,338.00,329.70,,337.23,,,155608,54808178.75,5756,F1,1,,,,,
2026-08-03,2026-08-03,CM,NSE,STK,13725,INE503A01015,DCBBANK,EQ,,,,,DCB BANK LIMITED,189.00,191.89,187.16,191.09,191.40,186.09,,191.09,,,801482,153016010.70,9628,F1,1,,,,,
2026-08-03,2026-08-03,CM,NSE,STK,23520,INE0S8401018,DCG,SM,,,,,DCG CABLES & WIRES LTD,54.50,54.90,54.35,54.60,54.90,52.15,,54.60,,,13200,720840.00,10,F1,1200,,,,,
2026-08-03,2026-08-03,CM,NSE,STK,4775,INE891B01012,DCMFINSERV,EQ,,,,,DCM FINANCIAL SERVICES LT,5.05,5.59,4.70,4.94,5.15,5.22,,5.02,,,25466,125533.97,131,F1,1,,,,,
2026-08-03,2026-08-03,CM,NSE,STK,7323,INE498A01018,DCM,BE,,,,,DCM LIMITED,89.80,89.80,83.65,83.65,83.65,88.05,,83.68,,,14955,1255927.16,109,F1,1,,,,,
2026-08-03,2026-08-03,CM,NSE,STK,11041,INE08KP01019,DCMNVL,BE,,,,,DCM NOUVELLE LIMITED,141.75,143.20,140.05,142.57,142.90,137.37,,142.57,,,3917,556548.55,38,F1,1,,,,,
2026-08-03,2026-08-03,CM,NSE,STK,760893,INE0OFM01015,DSFCL,BE,,,,,DCM SHRIRAM FINE CHEM LTD,25.81,25.81,25.33,25.56,25.56,25.81,,25.81,,,16848,432657.21,67,F1,1,,,,,
2026-08-03,2026-08-03,CM,NSE,STK,7325,INE843D01027,DCMSRIND,EQ,,,,,DCM SHRIRAM IND LTD,39.30,42.35,39.30,41.56,41.90,39.26,,41.55,,,218527,8962106.34,2269,F1,1,,,,,
2026-08-03,2026-08-03,CM,NSE,STK,760898,INE0OU201013,DCMSIL,BE,,,,,DCM SHRIRAM INTERNATNL L,70.74,76.49,70.74,75.68,75.82,73.37,,75.65,,,108852,7936333.24,556,F1,1,,,,,
2026-08-03,2026-08-03,CM,NSE,STK,811,INE499A01024,DCMSHRIRAM,EQ,,,,,DCM SHRIRAM LIMITED,1045.90,1045.90,1025.00,1029.80,1030.90,1033.90,,1029.61,,,134290,138855981.40,8621,F1,1,,,,,
2026-08-03,2026-08-03,CM,NSE,STK,817,INE500A01029,DCW,EQ,,,,,DCW LTD,46.46,47.30,46.28,46.73,46.65,46.19,,46.73,,,584703,27432918.02,2625,F1,1,,,,,
2026-08-03,2026-08-03,CM,NSE,STK,11895,INE0KL801015,DCXINDIA,EQ,,,,,DCX SYSTEMS LIMITED,181.80,184.50,181.31,183.55,184.50,180.37,,183.54,,,286931,52649031.58,4269,F1,1,,,,,
2026-08-03,2026-08-03,CM,NSE,STK,29098,INE0HR601026,DDEVPLSTIK,EQ,,,,,DDEV PLASTIKS IND LTD,268.15,289.95,268.15,288.35,288.50,268.15,,288.37,,,265871,74968147.80,4509,F1,1,,,,,
2026-08-03,2026-08-03,CM,NSE,STK,15449,INE0JWV01011,DENEERS,SM,,,,,DE NEERS TOOLS LIMITED,185.00,188.95,182.00,185.10,188.00,186.95,,185.10,,,42000,7757820.00,54,F1,600,,,,,
2026-08-03,2026-08-03,CM,NSE,STK,4279,INE244A01016,DENORA,EQ,,,,,DE NORA INDIA LIMITED,906.40,935.30,870.60,891.05,886.65,906.40,,890.54,,,15207,13760732.60,1122,F1,1,,,,,
2026-08-03,2026-08-03,CM,NSE,STK,760462,INE411Y01011,DIL,BZ,,,,,DEBOCK INDUSTRIES LIMITED,0.81,0.82,0.77,0.77,0.77,0.81,,0.77,,,640877,500396.87,532,F1,1,,,,,
2026-08-03,2026-08-03,CM,NSE,STK,14838,INE583C01021,DECCANCE,EQ,,,,,DECCAN CEMENTS LIMITED,551.10,561.85,551.10,556.00,557.00,553.20,,555.99,,,12303,6848540.60,326,F1,1,,,,,
2026-08-03,2026-08-03,CM,NSE,STK,762638,INE945F01025,DECNGOLD,EQ,,,,,DECCAN GOLD MINES LTD.,199.99,205.70,198.00,204.28,203.96,197.73,,204.27,,,1642489,332966757.04,18261,F1,1,,,,,
2026-08-03,2026-08-03,CM,NSE,STK,24156,INE841L01016,DEEDEV,BE,,,,,DEE DEVELOPMENT ENG LTD,682.00,695.00,680.00,692.35,694.00,678.55,,692.36,,,56156,38768687.55,1361,F1,1,,,,,
2026-08-03,2026-08-03,CM,NSE,STK,22802,INE586O01011,DEEM,ST,,,,,DEEM ROLL TECH LIMITED,48.50,48.50,48.50,48.50,48.50,51.00,,48.50,,,1000,48500.00,1,F1,1000,,,,,
2026-08-03,2026-08-03,CM,NSE,STK,3292,INE0FHS01024,DEEPINDS,EQ,,,,,DEEP INDUSTRIES LIMITED,613.00,655.00,608.90,649.30,644.00,596.90,,649.30,,,3599984,2293232259.75,77808,F1,1,,,,,
2026-08-03,2026-08-03,CM,NSE,STK,25894,INE0OPA01027,DBEIL,BE,,,,,DEEPAK BUILDERS & ENG I L,7.35,7.60,7.28,7.30,7.29,7.35,,7.30,,,213420,1573777.67,402,F1,1,,,,,
2026-08-03,2026-08-03,CM,NSE,STK,827,INE501A01019,DEEPAKFERT,EQ,,,,,DEEPAK FERTILIZERS & PETR,1562.00,1593.80,1536.10,1576.00,1582.00,1552.80,,1576.00,,,297790,469468881.30,16195,F1,1,,,,,
2026-08-03,2026-08-03,CM,NSE,STK,19943,INE288B01029,DEEPAKNTR,EQ,,,,,DEEPAK NITRITE LTD,1667.00,1725.00,1656.10,1713.80,1722.00,1662.20,,1713.80,,,179743,305625081.30,17551,F1,1,,,,,
2026-08-03,2026-08-03,CM,NSE,STK,22527,INE0SK801018,DELAPLEX,SM,,,,,DELAPLEX LIMITED,94.50,99.70,94.50,95.35,95.35,94.50,,95.35,,,7800,744780.00,10,F1,600,,,,,
2026-08-03,2026-08-03,CM,NSE,STK,9599,INE148O01028,DELHIVERY,EQ,,,,,DELHIVERY LIMITED,487.95,487.95,468.85,470.00,470.00,481.95,,470.06,,,3336754,1589651381.45,50893,F1,1,,,,,
2026-08-03,2026-08-03,CM,NSE,STK,24395,INE726L01027,DELPHIFX,BE,,,,,DELPHI WORLD MONEY LTD,6.99,6.99,6.64,6.81,6.95,6.71,,6.79,,,53774,369170.12,172,F1,1,,,,,
2026-08-03,2026-08-03,CM,NSE,STK,29092,INE0XRN01019,DELTIC,SM,,,,,DELTA AUTOCORP LIMITED,36.30,38.80,36.25,38.15,38.15,36.45,,38.15,,,36000,1348900.00,27,F1,1000,,,,,
2026-08-03,2026-08-03,CM,NSE,STK,15044,INE124G01033,DELTACORP,EQ,,,,,DELTA CORP LIMITED,63.29,63.94,63.12,63.40,63.16,62.97,,63.40,,,744582,47323925.56,3902,F1,1,,,,,
2026-08-03,2026-08-03,CM,NSE,STK,1214,INE393A01011,DELTAMAGNT,EQ,,,,,DELTA MANUFACTURING LTD,56.76,59.00,56.76,57.92,57.25,56.86,,57.93,,,2731,157918.03,65,F1,1,,,,,
2026-08-03,2026-08-03,CM,NSE,STK,17722,INE947J01015,DEN,EQ,,,,,DEN NETWORKS LTD,27.49,27.86,27.49,27.72,27.62,27.41,,27.72,,,271484,7514276.82,1311,F1,1,,,,,
2026-08-03,2026-08-03,CM,NSE,STK,29256,INE0R4L01018,DENTA,EQ,,,,,DENTA WATER N INFRA SOL L,358.75,366.00,352.25,364.05,364.75,354.25,,364.10,,,460266,165820420.65,12535,F1,1,,,,,
2026-08-03,2026-08-03,CM,NSE,STK,759079,INE0VOV01021,DEVX,EQ,,,,,DEV ACCELERATOR LIMITED,34.97,34.97,33.90,34.33,34.48,33.94,,34.33,,,62313,2142288.85,2452,F1,1,,,,,
2026-08-03,2026-08-03,CM,NSE,STK,8146,INE060X01034,DEVIT,EQ,,,,,DEV INFO TECHNOLOGY LTD,27.30,27.49,26.81,27.12,27.11,27.03,,27.12,,,27764,754471.50,221,F1,1,,,,,
2026-08-03,2026-08-03,CM,NSE,STK,5373,INE872J01023,DEVYANI,EQ,,,,,DEVYANI INTERNATIONAL LTD,114.50,117.14,112.55,116.76,116.84,114.18,,116.76,,,2504773,289591291.88,41491,F1,1,,,,,
2026-08-03,2026-08-03,CM,NSE,STK,10893,INE0I3401014,DBOL,EQ,,,,,DHAMPUR BIO ORGANICS LTD,97.55,106.13,97.01,102.91,103.50,97.88,,102.90,,,260131,26558156.71,2758,F1,1,,,,,
2026-08-03,2026-08-03,CM,NSE,STK,857,INE041A01016,DHAMPURSUG,EQ,,,,,DHAMPUR SUGAR MILLS LTD.,139.50,146.25,138.46,143.84,144.35,135.48,,143.82,,,1242280,177976668.64,18192,F1,1,,,,,
2026-08-03,2026-08-03,CM,NSE,STK,11359,INE680A01011,DHANBANK,EQ,,,,,DHANLAXMI BANK LIMITED,32.60,33.66,32.27,32.73,32.85,32.07,,32.73,,,1294688,42553846.49,5156,F1,1,,,,,
2026-08-03,2026-08-03,CM,NSE,STK,27723,INE0V9V01010,DHANLAXMI,SM,,,,,DHANLAXMI CROP SCIENCE L,26.95,26.95,26.95,26.95,26.95,27.10,,26.95,,,2000,53900.00,1,F1,2000,,,,,
2026-08-03,2026-08-03,CM,NSE,STK,24409,INE435G01025,DHANUKA,EQ,,,,,DHANUKA AGRITECH LTD,1019.00,1049.50,943.30,1023.30,1036.50,1021.90,,1023.65,,,340620,340981827.80,23185,F1,1,,,,,
2026-08-03,2026-08-03,CM,NSE,STK,760492,INE2HJL01019,DHARARAIL,ST,,,,,DHARA RAIL PROJECTS LTD,136.00,136.85,134.00,135.80,136.00,133.80,,135.80,,,49000,6659050.00,22,F1,1000,,,,,
2026-08-03,2026-08-03,CM,NSE,STK,759203,INE278R01034,DHARAN,BZ,,,,,DHARAN INFRA-EPC LIMITED,0.16,0.16,0.15,0.15,0.15,0.15,,0.15,,,9616608,1493085.41,1501,F1,1,,,,,
2026-08-03,2026-08-03,CM,NSE,STK,24747,INE0YRN01025,DHARIWAL,SM,,,,,DHARIWALCORP LIMITED,30.00,31.00,27.25,27.90,27.55,30.45,,27.90,,,333000,9532800.00,102,F1,3000,,,,,
2026-08-03,2026-08-03,CM,NSE,STK,13001,INE00OQ01016,DHARMAJ,EQ,,,,,DHARMAJ CROP GUARD LTD,270.40,272.50,267.75,269.85,270.05,267.85,,269.85,,,20508,5535645.55,893,F1,1,,,,,
2026-08-03,2026-08-03,CM,NSE,STK,6860,INE506Z01015,DHRUV,BE,,,,,DHRUV CONSULTANCY SER LTD,24.60,24.60,24.30,24.55,24.55,24.59,,24.55,,,1190,29043.32,15,F1,1,,,,,
2026-08-03,2026-08-03,CM,NSE,STK,22233,INE320L01011,DHUNINV,EQ,,,,,DHUNSERI INVESTMENTS LTD,866.55,895.00,865.00,886.90,895.00,846.55,,886.59,,,517,456567.50,114,F1,1,,,,,
2026-08-03,2026-08-03,CM,NSE,STK,6227,INE341R01014,DTIL,EQ,,,,,DHUNSERI TEA & IND. LTD.,130.87,133.97,130.01,130.39,132.59,130.87,,130.39,,,2121,278500.68,39,F1,1,,,,,
2026-08-03,2026-08-03,CM,NSE,STK,15214,INE477B01010,DVL,EQ,,,,,DHUNSERI VENTURES LIMITED,239.85,247.20,238.25,245.89,245.25,240.64,,245.75,,,6618,1617463.48,297,F1,1,,,,,
2026-08-03,2026-08-03,CM,NSE,STK,18644,INE591D01014,DIAMINESQ,EQ,,,,,DIAMINES & CHEMICALS LTD,243.40,244.00,239.10,239.73,239.12,243.05,,239.74,,,3443,832692.58,202,F1,1,,,,,
2026-08-03,2026-08-03,CM,NSE,STK,18543,INE989C01038,DIACABS,EQ,,,,,DIAMOND POWER INFRA LTD,322.00,329.00,316.50,322.85,323.50,323.97,,323.03,,,3140560,1014906004.80,28910,F1,1,,,,,
2026-08-03,2026-08-03,CM,NSE,STK,703,INE303A01010,DICIND,EQ,,,,,DIC INDIA LIMITED,510.40,528.00,508.00,510.10,510.50,514.65,,510.10,,,765,392923.10,44,F1,1,,,,,
2026-08-03,2026-08-03,CM,NSE,STK,24313,INE0JRD01019,DTL,SM,,,,,DIENSTEN TECH LIMITED,120.00,120.00,120.00,120.00,120.00,120.00,,120.00,,,1200,144000.00,1,F1,1200,,,,,
2026-08-03,2026-08-03,CM,NSE,STK,25672,INE184O01015,DIFFNKG,EQ,,,,,DIFFUSION ENGINEERS LTD,385.10,410.00,385.10,406.10,402.60,383.65,,406.08,,,164109,66056019.80,5484,F1,1,,,,,
2026-08-03,2026-08-03,CM,NSE,STK,10346,INE03JI01017,DGCONTENT,EQ,,,,,DIGICONTENT LIMITED,24.98,25.29,23.62,23.84,23.62,23.96,,23.84,,,23800,577348.32,145,F1,1,,,,,
2026-08-03,2026-08-03,CM,NSE,STK,21247,INE0PSC01024,DIGIDRIVE,EQ,,,,,DIGIDRIVE DISTRIBUTORS L,17.63,18.00,17.55,17.76,17.61,17.76,,17.74,,,32984,582892.68,133,F1,1,,,,,
2026-08-03,2026-08-03,CM,NSE,STK,19138,INE0QJ901011,DIGIKORE,SM,,,,,DIGIKORE STUDIOS LIMITED,38.25,42.65,38.00,41.90,40.80,39.00,,41.90,,,144800,5914960.00,193,F1,400,,,,,
2026-08-03,2026-08-03,CM,NSE,STK,16687,INE927C01020,DIGISPICE,BE,,,,,DIGISPICE TECHNOLOGIES LT,17.95,18.38,17.75,17.98,17.99,18.10,,17.98,,,18310,329924.18,120,F1,1,,,,,
2026-08-03,2026-08-03,CM,NSE,STK,757515,INE0U4701011,DIGITIDE,EQ,,,,,DIGITIDE SOLUTIONS LTD,101.49,102.89,99.20,100.15,99.20,101.33,,100.09,,,210639,21271504.45,2617,F1,1,,,,,
2026-08-03,2026-08-03,CM,NSE,STK,6127,INE731U01028,DIGJAMLMTD,EQ,,,,,DIGJAM LTD,49.01,50.00,47.03,48.59,48.50,48.95,,48.58,,,16187,793381.81,114,F1,1,,,,,
2026-08-03,2026-08-03,CM,NSE,STK,641,INE016M01021,DNAMEDIA,EQ,,,,,DILIGENT MEDIA CORP LTD.,2.76,3.15,2.76,2.87,2.92,2.83,,2.87,,,167358,486631.42,197,F1,1,,,,,
2026-08-03,2026-08-03,CM,NSE,STK,18086,INE917M01012,DBL,EQ,,,,,DILIP BUILDCON LIMITED,426.90,464.70,425.90,444.35,440.05,429.20,,444.38,,,1336317,603752738.15,32626,F1,1,,,,,
2026-08-03,2026-08-03,CM,NSE,STK,762643,INE131C01011,DISAQ,EQ,,,,,DISA INDIA LTD.,12350.00,12350.00,12200.00,12332.00,12348.00,12225.00,,12332.94,,,824,10123234.00,549,F1,1,,,,,
2026-08-03,2026-08-03,CM,NSE,STK,14540,INE836F01026,DISHTV,BE,,,,,DISH TV INDIA LTD.,2.85,2.86,2.82,2.84,2.85,2.85,,2.85,,,576402,1634649.08,949,F1,1,,,,,
2026-08-03,2026-08-03,CM,NSE,STK,21704,INE385W01011,DCAL,EQ,,,,,DISHMAN CARBO AMCIS LTD,187.30,191.24,187.05,188.05,188.30,186.94,,188.04,,,106708,20199072.20,2796,F1,1,,,,,
2026-08-03,2026-08-03,CM,NSE,STK,14479,INE753U01022,DIVGIITTS,EQ,,,,,DIVGI TORQTRANSFER SYST L,984.85,986.95,960.45,975.60,967.50,962.75,,975.42,,,25072,24467978.25,2465,F1,1,,,,,
2026-08-03,2026-08-03,CM,NSE,STK,10940,INE361B01024,DIVISLAB,EQ,,,,,DIVI S LABORATORIES LTD,8380.00,8585.00,8105.00,8585.00,8585.00,8056.00,,8583.89,,,1798150,15008398635.50,150785,F1,1,,,,,
2026-08-03,2026-08-03,CM,NSE,STK,30262,INE0NA501011,DIVINEHIRA,ST,,,,,DIVINE HIRA JEWELLERS LTD,108.00,109.00,107.00,109.00,109.00,107.90,,109.00,,,12000,1296540.00,10,F1,1200,,,,,
2026-08-03,2026-08-03,CM,NSE,STK,24286,INE0SCO01019,DPEL,SM,,,,,DIVINE POWER ENERGY LTD,560.05,563.00,547.00,548.00,547.00,558.50,,548.00,,,44500,24611050.00,85,F1,500,,,,,
2026-08-03,2026-08-03,CM,NSE,STK,25680,INE0QYI01019,DIVYADHAN,ST,,,,,DIVYADHAN RECYCLING IND L,54.80,54.80,54.80,54.80,54.80,53.75,,54.80,,,4000,219200.00,2,F1,2000,,,,,
2026-08-03,2026-08-03,CM,NSE,STK,21690,INE935N01020,DIXON,EQ,,,,,DIXON TECHNO (INDIA) LTD,13875.00,14085.00,13579.00,13892.00,13892.00,14049.00,,13883.64,,,728101,10096518927.00,94021,F1,1,,,,,
2026-08-03,2026-08-03,CM,NSE,STK,12749,INE0B1K01014,DJML,EQ,,,,,DJ MEDIAPRINT & LOG LTD,114.30,115.86,111.10,112.58,113.70,114.81,,112.65,,,203464,23102249.17,3364,F1,1,,,,,
2026-08-03,2026-08-03,CM,NSE,STK,14732,INE271C01023,DLF,EQ,,,,,DLF LIMITED,668.25,670.90,660.60,668.55,668.55,659.30,,668.52,,,1660676,1105863770.05,32490,F1,1,,,,,
2026-08-03,2026-08-03,CM,NSE,STK,6973,INE505A01010,DMCC,EQ,,,,,DMCC SPECIALITY CHEMICALS,282.75,285.90,274.35,278.00,279.00,282.75,,278.01,,,52656,14722673.00,1628,F1,1,,,,,
2026-08-03,2026-08-03,CM,NSE,STK,4822,INE021O01019,DODLA,EQ,,,,,DODLA DAIRY LIMITED,1026.10,1052.80,1026.10,1046.30,1045.60,1040.60,,1046.35,,,12607,13165971.90,2375,F1,1,,,,,
2026-08-03,2026-08-03,CM,NSE,STK,12124,INE966A01022,DOLATALGO,EQ,,,,,DOLAT ALGOTECH LIMITED,67.77,68.84,67.45,67.56,67.52,68.17,,67.56,,,170157,11546146.79,1809,F1,1,,,,,
2026-08-03,2026-08-03,CM,NSE,STK,20560,INE325C01035,DOLLAR,EQ,,,,,DOLLAR INDUSTRIES LIMITED,267.95,269.30,264.55,267.40,264.80,264.00,,267.22,,,65550,17547050.85,1626,F1,1,,,,,
2026-08-03,2026-08-03,CM,NSE,STK,13323,INE0JHH01011,DOLLEX,SM,,,,,DOLLEX AGROTECH LIMITED,30.00,31.50,30.00,30.45,31.50,30.25,,30.45,,,56000,1700800.00,8,F1,4000,,,,,
2026-08-03,2026-08-03,CM,NSE,STK,18139,INE920A01037,DOLPHIN,EQ,,,,,DOLPHIN OFF ENT (IND) L,404.00,418.40,390.15,405.45,408.00,393.80,,405.45,,,69378,28259848.10,1889,F1,1,,,,,
2026-08-03,2026-08-03,CM,NSE,STK,20551,INE321T01012,DOMS,EQ,,,,,DOMS INDUSTRIES LIMITED,2282.60,2324.70,2230.00,2292.00,2242.00,2260.00,,2291.56,,,53904,123926559.90,9179,F1,1,,,,,
2026-08-03,2026-08-03,CM,NSE,STK,13839,INE668D01028,DONEAR,EQ,,,,,DONEAR IND. LIMITED,84.95,85.00,82.01,84.44,84.95,84.74,,84.44,,,62982,5270746.88,675,F1,1,,,,,
2026-08-03,2026-08-03,CM,NSE,STK,15423,INE360C01024,DPSCLTD,BE,,,,,DPSC LIMITED,7.50,7.70,7.41,7.53,7.53,7.35,,7.53,,,99625,752150.35,465,F1,1,,,,,
2026-08-03,2026-08-03,CM,NSE,STK,29452,INE943P01029,AGARWALEYE,EQ,,,,,DR AGARWALS HEALTH CARE L,477.90,495.20,477.35,483.30,482.00,478.00,,483.32,,,56679,27395434.90,5864,F1,1,,,,,
2026-08-03,2026-08-03,CM,NSE,STK,762648,INE934C01018,DRAGARWQ,EQ,,,,,DR. AGARWAL'S EYE HOSP L,5134.50,5134.50,5000.00,5007.00,5048.50,5022.50,,5008.39,,,1335,6697186.00,184,F1,1,,,,,
2026-08-03,2026-08-03,CM,NSE,STK,11654,INE600L01024,LALPATHLAB,EQ,,,,,DR. LAL PATH LABS LTD.,1920.00,1941.70,1880.60,1900.40,1904.90,1905.20,,1900.05,,,718505,1365244434.30,55770,F1,1,,,,,
2026-08-03,2026-08-03,CM,NSE,STK,881,INE089A01031,DRREDDY,EQ,,,,,DR. REDDY S LABORATORIES,1166.20,1182.00,1160.30,1180.00,1180.00,1148.10,,1179.98,,,2150927,2509924768.90,89061,F1,1,,,,,
2026-08-03,2026-08-03,CM,NSE,STK,2645,INE03RS01027,DRCSYSTEMS,EQ,,,,,DRC SYSTEMS INDIA LIMITED,13.21,13.63,13.15,13.57,13.63,13.12,,13.57,,,23317,311929.48,240,F1,1,,,,,
2026-08-03,2026-08-03,CM,NSE,STK,10859,INE0JS101016,DREAMFOLKS,EQ,,,,,DREAMFOLKS SERVICES LTD,66.01,68.45,66.00,67.48,67.00,66.66,,67.49,,,41228,2788016.12,1207,F1,1,,,,,
2026-08-03,2026-08-03,CM,NSE,STK,11271,INE506A01018,DREDGECORP,EQ,,,,,DREDGING CORP OF INDIA,1145.00,1161.50,1088.00,1096.50,1095.00,1139.40,,1096.49,,,139028,156077781.30,8824,F1,1,,,,,
2026-08-03,2026-08-03,CM,NSE,STK,17372,INE0P7201019,DRONE,SM,,,,,DRONE DESTINATION LIMITED,41.30,41.30,39.05,39.40,40.00,39.40,,39.40,,,17500,696950.00,32,F1,500,,,,,
2026-08-03,2026-08-03,CM,NSE,STK,8772,INE891A01022,DSKULKARNI,BE,,,,,DS KULKARNI DEVELOPERS L,8.60,9.03,8.60,9.03,9.03,1.00,,9.03,,,59,531.91,3,F1,1,,,,,
2026-08-03,2026-08-03,CM,NSE,STK,778,INE055C01020,KEEPLEARN,EQ,,,,,DSJ KEEP LEARNING LTD,1.99,1.99,1.85,1.94,1.94,1.91,,1.94,,,37793,73435.65,65,F1,1,,,,,
2026-08-03,2026-08-03,CM,NSE,STK,1927,INF740KA1EU7,LIQUIDETF,EQ,,,,,DSP LIQUID ETF,999.99,1000.01,999.99,1000.00,1000.01,1000.00,,1000.00,,,162788,162788088.51,259,F1,1,,,,,
2026-08-03,2026-08-03,CM,NSE,STK,761364,INF740KA1YH2,BANK10ADD,EQ,,,,,DSPAMC - BANK10ADD,17.08,17.55,17.08,17.19,17.13,17.02,,17.19,,,209619,3603458.61,287,F1,1,,,,,
2026-08-03,2026-08-03,CM,NSE,STK,13644,INF740KA1RX3,BANKADD,EQ,,,,,DSPAMC - DSPBANK,58.91,59.23,58.08,58.66,58.08,58.57,,58.60,,,37342,2206948.60,128,F1,1,,,,,
2026-08-03,2026-08-03,CM,NSE,STK,15356,INF740KA1SW3,GOLDADD,EQ,,,,,DSPAMC - DSPGOLD,137.92,138.06,137.39,137.82,137.50,137.70,,137.82,,,326479,44995014.49,5347,F1,1,,,,,
2026-08-03,2026-08-03,CM,NSE,STK,17207,INF740KA1SX1,ITADD,EQ,,,,,DSPAMC - DSPIT,32.72,33.50,32.70,33.22,33.00,32.59,,33.23,,,125860,4159149.25,203,F1,1,,,,,
2026-08-03,2026-08-03,CM,NSE,STK,6606,INF740KA1QK2,EQUAL50ADD,EQ,,,,,DSPAMC - DSPNEWETF,349.73,354.33,349.52,351.94,352.00,348.51,,351.94,,,38349,13478690.12,510,F1,1,,,,,
2026-08-03,2026-08-03,CM,NSE,STK,7451,INF740KA1CL0,NIFTYADD,EQ,,,,,DSPAMC - DSPNIFTY,259.19,260.00,257.27,258.73,260.00,256.62,,258.71,,,33314,8623052.44,320,F1,1,,,,,
2026-08-03,2026-08-03,CM,NSE,STK,17616,INF740KA1SY9,PSUBANKADD,EQ,,,,,DSPAMC - DSPPSBKETF,84.45,86.22,84.45,85.42,85.80,84.46,,85.26,,,61957,5315829.22,314,F1,1,,,,,
2026-08-03,2026-08-03,CM,NSE,STK,17576,INF740KA1TA7,PVTBANKADD,EQ,,,,,DSPAMC - DSPPVBKETF,28.02,28.37,27.43,27.76,28.37,27.90,,27.76,,,1098199,30873787.37,439,F1,1,,,,,
2026-08-03,2026-08-03,CM,NSE,STK,7456,INF740KA1ZF3,MIDQ50ADD,EQ,,,,,DSPAMC - DSPQ50ETF,25.26,25.52,25.26,25.46,25.52,25.18,,25.47,,,201399,5115314.52,176,F1,1,,,,,
2026-08-03,2026-08-03,CM,NSE,STK,17613,INF740KA1SZ6,SENSEXADD,EQ,,,,,DSPAMC - DSPSENXETF,78.35,81.32,78.35,81.11,81.02,80.36,,81.06,,,1702,137882.13,38,F1,1,,,,,
2026-08-03,2026-08-03,CM,NSE,STK,10761,INF740KA1RE3,SILVERADD,EQ,,,,,DSPAMC - DSPSILVETF,207.93,209.80,207.43,207.86,207.91,208.08,,207.86,,,131285,27346618.02,2259,F1,1,,,,,
2026-08-03,2026-08-03,CM,NSE,STK,759368,INF740KA1WU9,FLEXIADD,EQ,,,,,DSPAMC - FLEXIADD,10.12,10.33,10.12,10.30,10.28,10.19,,10.30,,,90814,934889.41,493,F1,1,,,,,
2026-08-03,2026-08-03,CM,NSE,STK,763530,INF740KA1ZA4,FMCGADD,EQ,,,,,DSPAMC - FMCGADD,49.85,50.25,49.67,50.00,50.00,49.43,,50.11,,,7978,398644.58,235,F1,1,,,,,
2026-08-03,2026-08-03,CM,NSE,STK,22592,INF740KA1ZG1,HEALTHADD,EQ,,,,,DSPAMC - HEALTHADD,17.00,17.06,16.80,16.80,16.80,16.91,,16.80,,,43283,731479.21,353,F1,1,,,,,
2026-08-03,2026-08-03,CM,NSE,STK,23407,INF740KA1UM0,LIQUIDADD,EQ,,,,,DSPAMC - LIQUIDADD,1138.59,1138.69,1138.56,1138.57,1138.56,1138.43,,1138.57,,,576733,656653781.36,918,F1,1,,,,,
2026-08-03,2026-08-03,CM,NSE,STK,760356,INF740KA1WW5,MIDCAPADD,EQ,,,,,DSPAMC - MIDCAPADD,23.32,23.46,23.28,23.35,23.43,23.21,,23.35,,,64339,1503913.81,57,F1,1,,,,,
2026-08-03,2026-08-03,CM,NSE,STK,759978,INF740KA1WV7,MSCIADD,EQ,,,,,DSPAMC - MSCIADD,30.01,30.21,30.01,30.07,30.05,29.96,,30.07,,,16332,491556.52,18,F1,1,,,,,
2026-08-03,2026-08-03,CM,NSE,STK,29464,INF740KA1VE5,NEXT30ADD,EQ,,,,,DSPAMC - NEXT30ADD,43.63,43.69,43.47,43.65,43.47,43.19,,43.65,,,8854,386492.95,82,F1,1,,,,,
2026-08-03,2026-08-03,CM,NSE,STK,760599,INF740KA1XU7,NEXT50ADD,EQ,,,,,DSPAMC - NEXT50ADD,75.70,75.70,73.58,74.12,75.00,74.19,,74.12,,,1968,146857.63,194,F1,1,,,,,
2026-08-03,2026-08-03,CM,NSE,STK,760359,INF740KA1WX3,SMALLADD,EQ,,,,,DSPAMC - SMALLADD,18.09,18.31,18.09,18.27,18.31,18.06,,18.27,,,30591,557737.51,169,F1,1,,,,,
2026-08-03,2026-08-03,CM,NSE,STK,25171,INF740KA1UR9,TOP10ADD,EQ,,,,,DSPAMC - TOP10ADD,89.13,89.69,89.00,89.56,89.66,88.32,,89.57,,,124240,11121257.47,927,F1,1,,,,,
2026-08-03,2026-08-03,CM,NSE,STK,13766,INE0LZO01015,DUCOL,SM,,,,,DUCOL ORGS AND COLOURS LT,114.90,114.90,104.65,113.45,113.45,103.10,,113.45,,,13600,1484520.00,9,F1,800,,,,,
2026-08-03,2026-08-03,CM,NSE,STK,28952,INE741L01018,DUCON,EQ,,,,,DUCON INFRATECHNOLOGIES L,3.00,3.02,2.90,2.98,2.99,2.95,,2.98,,,140674,419862.38,288,F1,1,,,,,
2026-08-03,2026-08-03,CM,NSE,STK,24164,INE0OUW01013,DURLAX,SM,,,,,DURLAX TOP SURFACE LTD,58.45,58.45,57.00,57.00,57.00,57.15,,57.00,,,30000,1740800.00,14,F1,2000,,,,,
2026-08-03,2026-08-03,CM,NSE,STK,11667,INE366A01041,DWARKESH,EQ,,,,,DWARIKESH SUGAR IND LTD,37.28,39.49,37.28,39.00,38.62,37.04,,39.00,,,2345093,90936055.06,11952,F1,1,,,,,
2026-08-03,2026-08-03,CM,NSE,STK,25690,INE417B01040,DSSL,EQ,,,,,DYNACONS SYS & SOLN LTD,1241.00,1280.00,1226.00,1253.30,1231.00,1233.10,,1252.92,,,38680,48128128.30,2383,F1,1,,,,,
2026-08-03,2026-08-03,CM,NSE,STK,4525,INE221B01012,DYNAMATECH,EQ,,,,,DYNAMATIC TECHNOLOGIES,10356.00,10985.00,10356.00,10763.00,10703.00,10339.00,,10760.80,,,17854,193358322.00,6555,F1,1,,,,,
2026-08-03,2026-08-03,CM,NSE,STK,10417,INE600Y01019,DYCL,EQ,,,,,DYNAMIC CABLES LIMITED,398.00,406.85,394.65,402.45,401.05,395.20,,402.41,,,345799,139466442.90,8179,F1,1,,,,,
2026-08-03,2026-08-03,CM,NSE,STK,6082,INE0DZ701010,DYNAMIC,ST,,,,,DYNAMIC SRVCS & SEC LTD,136.75,136.95,134.00,134.00,134.00,137.25,,134.00,,,2000,270875.00,4,F1,500,,,,,
2026-08-03,2026-08-03,CM,NSE,STK,21314,INE256H01015,DYNPRO,EQ,,,,,DYNEMIC PRODUCTS LIMITED,275.00,275.00,260.60,264.20,265.00,263.12,,264.20,,,19622,5222546.15,547,F1,1,,,,,
2026-08-03,2026-08-03,CM,NSE,STK,19267,INE0KFF01017,EFACTOR,SM,,,,,E FACTOR EXPERIENCES LTD,175.55,176.60,170.00,172.20,176.60,175.00,,172.20,,,4400,765280.00,10,F1,400,,,,,
2026-08-03,2026-08-03,CM,NSE,STK,760534,INE1CEJ01017,E2ERAIL,ST,,,,,E TO E TRANS INFRA LTD,272.00,279.40,272.00,279.40,279.40,267.55,,279.40,,,18400,5065800.00,22,F1,800,,,,,
2026-08-03,2026-08-03,CM,NSE,STK,8937,INE255Z01027,E2E,EQ,,,,,E2E NETWORKS LIMITED,536.35,543.00,526.90,543.00,543.00,517.15,,543.11,,,539520,290375584.10,4742,F1,1,,,,,
2026-08-03,2026-08-03,CM,NSE,STK,9769,INE962C01035,EASTSILK,BE,,,,,EASTERN SILK INDUSTRIES L,60.24,62.63,59.36,62.63,62.63,59.65,,62.63,,,3515,219826.54,42,F1,1,,,,,
2026-08-03,2026-08-03,CM,NSE,STK,2792,INE07O001026,EASEMYTRIP,EQ,,,,,EASY TRIP PLANNERS LTD,6.66,6.74,6.59,6.60,6.62,6.61,,6.60,,,21818045,144992938.25,12443,F1,1,,,,,
2026-08-03,2026-08-03,CM,NSE,STK,759974,INE528S07110,888ECL28,N1,,,,,ECL 8.88% 2028 SR V,998.95,998.95,998.50,998.50,998.50,980.00,,998.50,,,18,17978.85,2,F1,1,,,,,
2026-08-03,2026-08-03,CM,NSE,STK,15179,INE738I01010,ECLERX,EQ,,,,,ECLERX SERVICES LTD,1860.10,1945.00,1852.00,1922.20,1880.00,1845.50,,1920.98,,,159968,306109325.80,18099,F1,1,,,,,
2026-08-03,2026-08-03,CM,NSE,STK,759964,INE0VBS01016,ECOLINE,ST,,,,,ECOLINE EXIM LIMITED,198.00,200.00,188.00,194.00,194.00,195.70,,194.00,,,23000,4421400.00,18,F1,1000,,,,,
2026-08-03,2026-08-03,CM,NSE,STK,25062,INE06HJ01020,ECOSMOBLTY,BE,,,,,ECOS (INDIA) MOB & HOSP L,137.70,137.81,131.05,135.20,135.00,134.48,,135.15,,,33507,4541366.60,278,F1,1,,,,,
2026-08-03,2026-08-03,CM,NSE,STK,7196,INF754K01OB1,BBETF0432,EQ,,,,,EDELAMC - BBETF0432,1356.77,1358.00,1355.00,1355.09,1355.00,1356.86,,1355.09,,,291,394931.16,40,F1,1,,,,,
2026-08-03,2026-08-03,CM,NSE,STK,25258,INF754K01TE4,EBANKNIFTY,EQ,,,,,EDELAMC - EBANKNIFTY,58.25,58.54,57.86,58.41,58.41,57.95,,58.41,,,4830,280504.84,42,F1,1,,,,,
2026-08-03,2026-08-03,CM,NSE,STK,16253,INF754K01KO2,EBBETF0430,EQ,,,,,EDELAMC - EBBETF0430,1615.70,1615.70,1608.01,1610.35,1609.15,1608.56,,1610.35,,,24591,39629715.29,2159,F1,1,,,,,
2026-08-03,2026-08-03,CM,NSE,STK,22239,INF754K01LE1,EBBETF0431,EQ,,,,,EDELAMC - EBBETF0431,1437.00,1444.74,1435.64,1438.99,1439.00,1441.34,,1438.99,,,57504,82740930.08,211,F1,1,,,,,
2026-08-03,2026-08-03,CM,NSE,STK,13139,INF754K01QX0,EBBETF0433,EQ,,,,,EDELAMC - EBBETF0433,1318.86,1320.00,1312.70,1319.23,1319.99,1316.96,,1319.23,,,10158,13383690.96,224,F1,1,,,,,
2026-08-03,2026-08-03,CM,NSE,STK,29019,INF754K01TX4,ECAPINSURE,EQ,,,,,EDELAMC - ECAPINSURE,23.58,24.15,23.58,23.97,24.15,23.82,,23.98,,,61152,1461053.56,361,F1,1,,,,,
2026-08-03,2026-08-03,CM,NSE,STK,19933,INF754K01SE6,EGOLD,EQ,,,,,EDELAMC - EGOLD,143.05,143.05,141.40,141.70,141.45,141.65,,141.70,,,29918,4239629.60,454,F1,1,,,,,
2026-08-03,2026-08-03,CM,NSE,STK,759466,INF754K01VW2,ELIQUID,EQ,,,,,EDELAMC - ELIQUID,1042.06,1042.06,1042.04,1042.05,1042.06,1041.92,,1042.05,,,31610,32939148.32,24,F1,1,,,,,
2026-08-03,2026-08-03,CM,NSE,STK,758952,INF754K01VV4,ELM250,EQ,,,,,EDELAMC - ELM250,16.34,17.00,16.34,16.90,16.99,16.67,,16.90,,,47480,799851.58,232,F1,1,,,,,
2026-08-03,2026-08-03,CM,NSE,STK,764288,INF754K01XG1,EMETAL,EQ,,,,,EDELAMC - EMETAL,12.81,13.36,12.81,12.94,12.98,12.87,,12.94,,,11246,145797.54,47,F1,1,,,,,
2026-08-03,2026-08-03,CM,NSE,STK,25996,INF754K01TF1,EMULTIMQ,EQ,,,,,EDELAMC - EMULTIMQ,41.17,41.88,40.23,40.96,40.80,41.07,,40.96,,,319038,13063991.87,365,F1,1,,,,,
2026-08-03,2026-08-03,CM,NSE,STK,763540,INF754K01XF3,ENEXT50,EQ,,,,,EDELAMC - ENEXT50,74.25,74.25,73.70,74.00,74.00,73.66,,74.00,,,89,6592.55,5,F1,1,,,,,
2026-08-03,2026-08-03,CM,NSE,STK,759998,INF754K01VX0,ENIFTY,EQ,,,,,EDELAMC - ENIFTY,25.08,25.08,24.60,24.79,24.84,24.59,,24.79,,,6734,166779.31,95,F1,1,,,,,
2026-08-03,2026-08-03,CM,NSE,STK,759995,INF754K01VY8,ESENSEX,EQ,,,,,EDELAMC - ESENSEX,80.33,80.33,78.73,79.37,79.37,78.75,,79.37,,,2051,162252.03,13,F1,1,,,,,
2026-08-03,2026-08-03,CM,NSE,STK,20257,INF754K01SF3,ESILVER,EQ,,,,,EDELAMC - ESILVER,218.63,218.63,215.20,216.05,218.00,216.47,,216.05,,,376947,81445564.03,1132,F1,1,,,,,
2026-08-03,2026-08-03,CM,NSE,STK,15119,INE532F01054,EDELWEISS,EQ,,,,,EDELWEISS FIN SERV LTD,116.60,118.45,116.04,116.33,116.29,115.47,,116.33,,,1669628,195602869.19,17235,F1,1,,,,,
2026-08-03,2026-08-03,CM,NSE,STK,21747,INE216H01027,EDUCOMP,BZ,,,,,EDUCOMP SOLUTIONS LTD,0.90,0.94,0.86,0.91,0.90,0.90,,0.91,,,63346,57716.44,100,F1,1,,,,,
2026-08-03,2026-08-03,CM,NSE,STK,758675,INE886D01026,EFCIL,EQ,,,,,EFC (I) LIMITED,194.51,195.98,192.05,193.96,193.07,194.86,,193.96,,,283297,54767469.40,4310,F1,1,,,,,
2026-08-03,2026-08-03,CM,NSE,STK,24438,INE0U9101019,EFFWA,ST,,,,,EFFWA INFRA & RESEARCH L,374.75,383.00,365.55,377.25,370.25,371.05,,377.25,,,14000,5262740.00,23,F1,400,,,,,
2026-08-03,2026-08-03,CM,NSE,STK,910,INE066A01021,EICHERMOT,EQ,,,,,EICHER MOTORS LTD,7900.00,8056.00,7852.00,8050.00,8050.00,7833.50,,8049.72,,,1009396,8070998222.00,83688,F1,1,,,,,
2026-08-03,2026-08-03,CM,NSE,STK,916,INE126A01031,EIDPARRY,EQ,,,,,EID PARRY INDIA LTD,761.20,782.80,761.20,780.30,780.50,760.05,,780.38,,,179666,139636379.40,11279,F1,1,,,,,
2026-08-03,2026-08-03,CM,NSE,STK,15399,INE276C01014,EIHAHOTELS,EQ,,,,,EIH ASSOCIATED HOTELS LTD,313.00,317.00,309.20,312.55,313.95,309.95,,312.55,,,14302,4492678.00,736,F1,1,,,,,
2026-08-03,2026-08-03,CM,NSE,STK,919,INE230A01023,EIHOTEL,EQ,,,,,EIH LIMITED,327.55,332.10,327.40,330.10,327.60,327.00,,330.03,,,85964,28383961.50,4198,F1,1,,,,,
2026-08-03,2026-08-03,CM,NSE,STK,4040,INE158B01016,EIMCOELECO,EQ,,,,,EIMCO ELECON (INDIA) LTD,1793.00,1874.50,1785.50,1837.80,1850.00,1780.80,,1836.64,,,21467,39165379.30,2585,F1,1,,,,,
2026-08-03,2026-08-03,CM,NSE,STK,762653,INE280B01018,ELANTAS,EQ,,,,,ELANTAS BECK INDIA LTD.,9497.00,9899.00,9497.00,9797.00,9760.00,9370.00,,9797.00,,,935,9093846.50,310,F1,1,,,,,
2026-08-03,2026-08-03,CM,NSE,STK,762658,INE927X01018,ELCIDIN,EQ,,,,,ELCID INVESTMENTS LTD.,112995.00,112995.00,110600.00,111750.00,111750.00,111000.00,,111750.00,,,18,2005920.00,17,F1,1,,,,,
2026-08-03,2026-08-03,CM,NSE,STK,8953,INE668G01021,ELDEHSG,EQ,,,,,ELDECO HSG & IND LTD.,796.80,807.70,775.00,803.50,800.05,771.80,,803.50,,,1301,1036247.95,56,F1,1,,,,,
2026-08-03,2026-08-03,CM,NSE,STK,13643,INE205B01031,ELECON,EQ,,,,,ELECON ENG. CO. LTD,425.20,434.90,422.45,428.30,429.00,419.05,,428.33,,,367171,157843071.15,18457,F1,1,,,,,
2026-08-03,2026-08-03,CM,NSE,STK,20899,INE0Q1W01012,EFORCE,SM,,,,,ELECTRO FORCE (INDIA) LTD,20.60,21.25,20.60,21.25,21.25,21.75,,21.25,,,25200,525720.00,18,F1,1200,,,,,
2026-08-03,2026-08-03,CM,NSE,STK,11530,INE02YR01019,EMIL,EQ,,,,,ELECTRONICS MART IND LTD,130.50,135.38,130.50,131.35,131.50,130.16,,131.35,,,3324272,439959325.20,24466,F1,1,,,,,
2026-08-03,2026-08-03,CM,NSE,STK,928,INE086A01029,ELECTCAST,EQ,,,,,ELECTROSTEEL CASTINGS LTD,70.98,72.99,70.98,71.80,71.75,70.65,,71.80,,,1007842,72837853.48,9385,F1,1,,,,,
2026-08-03,2026-08-03,CM,NSE,STK,4469,INE822G01016,ELECTHERM,EQ,,,,,ELECTROTHERM (I) LTD.,1010.40,1064.90,1000.00,1008.00,1001.00,1007.60,,1007.95,,,29706,30513089.20,2081,F1,1,,,,,
2026-08-03,2026-08-03,CM,NSE,STK,29595,INE0R9101015,ELGNZ,SM,,,,,ELEGANZ INTERIORS LIMITED,104.05,105.00,99.10,102.00,102.00,102.65,,102.00,,,28000,2877800.00,20,F1,1000,,,,,
2026-08-03,2026-08-03,CM,NSE,STK,937,INE285A01027,ELGIEQUIP,EQ,,,,,ELGI EQUIPMENTS LTD,570.05,585.10,569.65,582.60,581.00,569.65,,582.53,,,172551,100328678.45,12843,F1,1,,,,,
2026-08-03,2026-08-03,CM,NSE,STK,24924,INE819L01012,ELGIRUBCO,EQ,,,,,ELGI RUBBER CO. LTD,60.00,60.31,57.00,57.41,57.50,59.69,,57.41,,,65204,3812091.46,764,F1,1,,,,,
2026-08-03,2026-08-03,CM,NSE,STK,13423,INE050401020,ELIN,EQ,,,,,ELIN ELECTRONICS LIMITED,100.60,105.11,100.60,103.55,102.90,100.60,,103.53,,,193419,19981678.62,3010,F1,1,,,,,
2026-08-03,2026-08-03,CM,NSE,STK,762663,INE669R01026,ELITECON,EQ,,,,,ELITECON INTERNATIONAL L,15.80,17.20,15.68,17.19,17.20,15.64,,17.22,,,2801719,46989687.31,6637,F1,1,,,,,
2026-08-03,2026-08-03,CM,NSE,STK,758563,INE236E01022,ELLEN,EQ,,,,,ELLENBARRIE INDUS GASES L,267.95,280.50,265.10,273.05,273.85,263.45,,273.01,,,751725,206382540.30,11603,F1,1,,,,,
2026-08-03,2026-08-03,CM,NSE,STK,4471,INE579B01039,ELPROINTL,EQ,,,,,ELPRO INTERNATIONAL LTD,177.00,179.00,176.51,178.37,179.00,177.00,,178.32,,,68128,12116228.02,440,F1,1,,,,,
2026-08-03,2026-08-03,CM,NSE,STK,29229,INE0ZOL01023,EMAPARTNER,SM,,,,,EMA PARTNERS INDIA LTD,80.40,80.40,79.00,79.00,79.00,80.75,,79.00,,,18000,1441350.00,5,F1,1000,,,,,
2026-08-03,2026-08-03,CM,NSE,STK,13517,INE548C01032,EMAMILTD,EQ,,,,,EMAMI LIMITED,399.50,407.95,398.70,406.00,406.00,398.05,,405.99,,,413488,167685052.35,12380,F1,1,,,,,
2026-08-03,2026-08-03,CM,NSE,STK,10084,INE830C01026,EMAMIPAP,BE,,,,,EMAMI PAPER MILLS LIMITED,114.98,115.06,111.00,114.90,115.05,109.59,,114.96,,,82627,9413591.78,590,F1,1,,,,,
2026-08-03,2026-08-03,CM,NSE,STK,19281,INE778K01012,EMAMIREAL,BE,,,,,EMAMI REALTY LIMITED,76.85,81.50,76.85,78.28,78.00,78.42,,78.28,,,9953,791173.78,82,F1,1,,,,,
2026-08-03,2026-08-03,CM,NSE,STK,14450,INE069I01010,EMBDL,EQ,,,,,EMBASSY DEVELOPMENTS LTD,62.00,62.30,60.25,60.79,60.80,61.14,,60.79,,,1877185,115176708.64,11737,F1,1,,,,,
2026-08-03,2026-08-03,CM,NSE,STK,9383,INE041025011,EMBASSY,RR,,,,,EMBASSY OFFICE PARKS REIT,439.00,443.94,438.00,443.04,443.50,437.99,,443.04,,,744612,329736400.08,16861,F1,1,,,,,
2026-08-03,2026-08-03,CM,NSE,STK,24398,INE168P01015,EMCURE,EQ,,,,,EMCURE PHARMACEUTICALS L,1966.00,1996.70,1933.10,1969.70,1957.00,1960.10,,1969.57,,,116048,228739694.40,15449,F1,1,,,,,
2026-08-03,2026-08-03,CM,NSE,STK,27629,INE0RHD01013,ETML,SM,,,,,EMERALD TYRE MANUF LTD,84.00,84.50,84.00,84.50,84.50,84.50,,84.50,,,4800,404520.00,4,F1,1200,,,,,
2026-08-03,2026-08-03,CM,NSE,STK,13421,INE296H01011,EMKAY,EQ,,,,,EMKAY GLOBAL FIN SERV LTD,245.90,246.58,238.21,241.35,242.00,241.75,,241.35,,,10919,2649603.14,520,F1,1,,,,,
2026-08-03,2026-08-03,CM,NSE,STK,10253,INE332S01011,EMKAYTOOLS,SM,,,,,EMKAY TAP & CUT. TOOL LTD,99.00,99.00,94.05,94.30,94.30,93.50,,94.30,,,750,72352.50,5,F1,150,,,,,
2026-08-03,2026-08-03,CM,NSE,STK,18146,INE753K01015,EMMBI,BE,,,,,EMMBI INDUSTRIES LIMITED,88.00,89.90,83.10,85.61,85.52,87.46,,85.61,,,10054,869266.13,112,F1,1,,,,,
2026-08-03,2026-08-03,CM,NSE,STK,759728,INE1C6T01020,EMMVEE,EQ,,,,,EMMVEE PHOTOVOLTAIC PWR L,319.75,323.50,314.40,319.55,318.90,317.60,,319.51,,,1059943,339539179.95,26346,F1,1,,,,,
2026-08-03,2026-08-03,CM,NSE,STK,762673,INE507F01023,EMPOWER,BE,,,,,EMPOWER INDIA LTD.,2.65,2.69,2.60,2.68,2.69,2.57,,2.68,,,4036841,10796100.70,3086,F1,1,,,,,
2026-08-03,2026-08-03,CM,NSE,STK,18593,INE0OV601013,EMSLIMITED,EQ,,,,,EMS LIMITED,414.00,416.85,407.55,414.35,413.80,411.50,,414.34,,,245231,101098486.80,6973,F1,1,,,,,
2026-08-03,2026-08-03,CM,NSE,STK,9756,INE01QM01018,EMUDHRA,EQ,,,,,EMUDHRA LIMITED,462.90,483.90,462.90,477.85,476.00,464.10,,477.76,,,315431,149132982.15,7885,F1,1,,,,,
2026-08-03,2026-08-03,CM,NSE,STK,760321,INE433T01015,ENCOMPAS,SM,,,,,ENCOMPASS DESIGN INDIA L,245.50,253.90,233.00,247.50,249.00,245.15,,247.50,,,12000,2938700.00,27,F1,400,,,,,
2026-08-03,2026-08-03,CM,NSE,STK,18822,INE913H01037,ENDURANCE,EQ,,,,,ENDURANCE TECHNO. LTD.,2771.90,2835.30,2731.40,2787.60,2746.00,2758.30,,2783.46,,,125969,353960451.40,16447,F1,1,,,,,
2026-08-03,2026-08-03,CM,NSE,STK,15049,INE306C01019,ENERGYDEV,EQ,,,,,ENERGY DEVE. CO.LTD,16.75,17.41,16.75,16.77,16.76,16.72,,16.77,,,27320,459752.62,271,F1,1,,,,,
2026-08-03,2026-08-03,CM,NSE,STK,23745,INE0S1L01013,EMMIL,SM,,,,,ENERGY MISSION MACH IND L,122.80,122.80,117.00,121.35,122.80,124.05,,121.35,,,6250,753575.00,22,F1,250,,,,,
2026-08-03,2026-08-03,CM,NSE,STK,23224,INE0S3X01014,ENFUSE,SM,,,,,ENFUSE SOLUTIONS LIMITED,160.00,169.00,159.20,159.20,159.20,164.50,,159.20,,,4800,778530.00,8,F1,600,,,,,
2026-08-03,2026-08-03,CM,NSE,STK,4907,INE510A01028,ENGINERSIN,EQ,,,,,ENGINEERS INDIA LTD,222.38,228.68,222.38,226.80,226.99,222.38,,226.80,,,1543983,350540987.51,26342,F1,1,,,,,
2026-08-03,2026-08-03,CM,NSE,STK,23230,INE0R9I01021,ENSER,SM,,,,,ENSER COMMUNICATIONS LTD,14.10,14.70,14.00,14.55,14.70,13.75,,14.55,,,165000,2366000.00,27,F1,5000,,,,,
2026-08-03,2026-08-03,CM,NSE,STK,22717,INE010601016,ENTERO,EQ,,,,,ENTERO HEALTHCARE SOLU L,1264.50,1264.50,1231.00,1233.20,1231.00,1243.90,,1233.23,,,70955,87932711.80,7498,F1,1,,,,,
2026-08-03,2026-08-03,CM,NSE,STK,13192,INE265F01028,ENIL,EQ,,,,,ENTERTAIN NET. IND. LTD.,108.00,112.99,107.52,108.81,109.67,108.00,,108.81,,,22979,2525583.65,654,F1,1,,,,,
2026-08-03,2026-08-03,CM,NSE,STK,27213,INE0LLY01014,EIEL,EQ,,,,,ENVIRO INFRA ENGINEERS L,223.00,224.40,221.10,222.64,221.80,220.06,,222.63,,,641485,142884281.05,10811,F1,1,,,,,
2026-08-03,2026-08-03,CM,NSE,STK,25412,INE0SUH01015,ENVIRO,SM,,,,,ENVIROTECH SYSTEMS LTD,81.90,82.50,78.45,81.85,81.90,78.00,,81.85,,,17000,1386800.00,16,F1,1000,,,,,
2026-08-03,2026-08-03,CM,NSE,STK,22463,INE0G5901015,EPACK,EQ,,,,,EPACK DURABLE LIMITED,230.73,232.85,229.00,229.94,229.30,229.59,,229.94,,,358583,82775701.13,5145,F1,1,,,,,
2026-08-03,2026-08-03,CM,NSE,STK,759251,INE0MLS01022,EPACKPEB,EQ,,,,,EPACK PREFAB TECHN LTD,248.35,254.45,239.05,243.95,244.00,267.31,,243.94,,,3446835,847051100.90,44935,F1,1,,,,,
2026-08-03,2026-08-03,CM,NSE,STK,5382,INE071N01016,EPIGRAL,EQ,,,,,EPIGRAL LIMITED,1095.00,1137.00,1089.50,1120.70,1115.80,1088.70,,1120.60,,,49169,55125224.60,4497,F1,1,,,,,
2026-08-03,2026-08-03,CM,NSE,STK,981,INE255A01020,EPL,EQ,,,,,EPL LIMITED,225.00,229.40,223.29,226.70,224.98,222.42,,226.69,,,278760,63076167.30,9510,F1,1,,,,,
2026-08-03,2026-08-03,CM,NSE,STK,758346,INE11HF01010,EEPL,SM,,,,,EPPELTONE ENGINEERS LTD,101.20,102.00,99.30,102.00,102.00,101.15,,102.00,,,15000,1514850.00,14,F1,1000,,,,,
2026-08-03,2026-08-03,CM,NSE,STK,761217,INE1KEC01023,EPWINDIA,ST,,,,,EPW INDIA LIMITED,239.00,243.30,239.00,243.30,243.30,231.75,,243.30,,,8400,2029920.00,7,F1,1200,,,,,
2026-08-03,2026-08-03,CM,NSE,STK,3553,INE217G01035,EQUIPPP,BE,,,,,EQUIPPP SOC IMP TECH LTD,21.87,23.10,21.77,23.09,23.00,22.33,,23.09,,,9293,211673.52,42,F1,1,,,,,
2026-08-03,2026-08-03,CM,NSE,STK,913,INE063P01018,EQUITASBNK,EQ,,,,,EQUITAS SMALL FIN BNK LTD,75.00,77.00,75.00,76.26,75.09,75.21,,76.24,,,3338159,255199366.46,30133,F1,1,,,,,
2026-08-03,2026-08-03,CM,NSE,STK,21154,INE406M01024,ERIS,EQ,,,,,ERIS LIFESCIENCES LIMITED,1353.00,1388.00,1352.50,1383.20,1388.00,1354.70,,1383.20,,,110236,151219700.90,10322,F1,1,,,,,
2026-08-03,2026-08-03,CM,NSE,STK,955,INE284A01012,ESABINDIA,EQ,,,,,ESAB INDIA LTD,5680.00,5689.00,5602.00,5614.50,5614.00,5628.50,,5615.00,,,2518,14206886.50,1157,F1,1,,,,,
2026-08-03,2026-08-03,CM,NSE,STK,19878,INE818W01011,ESAFSFB,EQ,,,,,ESAF SMALL FINANCE BANK L,41.00,42.49,40.00,40.92,41.12,42.05,,40.92,,,9790624,404709927.26,34998,F1,1,,,,,
2026-08-03,2026-08-03,CM,NSE,STK,22764,INE0RQZ01017,ESCONET,SM,,,,,ESCONET TECHNOLOGIES LTD,136.50,136.75,128.60,134.00,134.00,130.85,,134.00,,,15600,2053820.00,36,F1,400,,,,,
2026-08-03,2026-08-03,CM,NSE,STK,958,INE042A01014,ESCORTS,EQ,,,,,ESCORTS KUBOTA LIMITED,3110.00,3150.00,3043.40,3135.50,3115.00,3086.00,,3135.57,,,678771,2111942301.40,55083,F1,1,,,,,
2026-08-03,2026-08-03,CM,NSE,STK,759296,INE818W08149,113ESFB31,N0,,,,,ESFB 11.3% 2031 SR 2,100001.00,100001.00,100001.00,100001.00,100001.00,101001.00,,100001.00,,,1,100001.00,1,F1,1,,,,,
2026-08-03,2026-08-03,CM,NSE,STK,761461,INE818W08164,1165ESFB32,N0,,,,,ESFB 11.65% 2032 SR 4,102000.00,102000.00,102000.00,102000.00,102000.00,102000.00,,102000.00,,,3,306000.00,2,F1,1,,,,,
2026-08-03,2026-08-03,CM,NSE,STK,24678,INE0SBP01018,ESPRIT,SM,,,,,ESPRIT STONES LIMITED,65.00,67.95,62.95,67.20,66.50,62.50,,67.20,,,96000,6227600.00,55,F1,1600,,,,,
2026-08-03,2026-08-03,CM,NSE,STK,25634,INE122M01019,ESSARSHPNG,EQ,,,,,ESSAR SHIPPING LTD,20.20,20.81,19.97,20.57,20.52,19.93,,20.57,,,131530,2697792.29,749,F1,1,,,,,
2026-08-03,2026-08-03,CM,NSE,STK,17084,INE0ITO01014,ESFL,SM,,,,,ESSEN SPECIALITY FILMS L,124.00,124.00,117.15,119.85,121.00,123.30,,119.85,,,13680,1638882.00,31,F1,360,,,,,
2026-08-03,2026-08-03,CM,NSE,STK,24265,INE778B01029,ESTER,EQ,,,,,ESTER INDUSTRIES LTD,89.39,89.68,85.10,86.67,86.27,87.90,,86.67,,,138696,12161947.29,1671,F1,1,,,,,
2026-08-03,2026-08-03,CM,NSE,STK,5097,INE758T01015,ETERNAL,EQ,,,,,ETERNAL LIMITED,303.50,310.90,300.05,310.50,310.50,302.45,,310.50,,,26906290,8253870643.10,138259,F1,1,,,,,
2026-08-03,2026-08-03,CM,NSE,STK,9750,INE04TZ01018,ETHOSLTD,EQ,,,,,ETHOS LIMITED,2556.00,3090.40,2555.90,2962.70,2902.50,2575.40,,2962.89,,,1592283,4654612422.70,119912,F1,1,,,,,
2026-08-03,2026-08-03,CM,NSE,STK,25162,INE0KCE01017,EUREKAFORB,EQ,,,,,EUREKA FORBES LIMITED,448.50,456.95,448.00,453.65,452.90,448.45,,453.63,,,68833,31223820.90,5907,F1,1,,,,,
2026-08-03,2026-08-03,CM,NSE,STK,6042,INE546V01010,EIFFL,BE,,,,,EURO (I) FRESH FOODS LTD,325.00,325.00,298.10,299.10,298.10,313.75,,299.10,,,17056,5167926.00,161,F1,1,,,,,
2026-08-03,2026-08-03,CM,NSE,STK,757953,INE505V01016,EUROBOND,EQ,,,,,EURO PANEL PRODUCTS LTD,158.29,163.80,156.25,161.15,163.40,158.29,,161.15,,,7046,1126119.71,158,F1,1,,,,,
2026-08-03,2026-08-03,CM,NSE,STK,759797,INE198501012,EUROPRATIK,EQ,,,,,EURO PRATIK SALES LIMITED,303.75,307.55,300.35,301.70,301.70,305.05,,301.70,,,139763,42375264.40,2792,F1,1,,,,,
2026-08-03,2026-08-03,CM,NSE,STK,8886,INE022C01012,EUROTEXIND,BE,,,,,EUROTEX IND & EXPORTS LTD,12.81,12.81,12.69,12.69,12.69,12.87,,13.75,,,719,9190.11,5,F1,1,,,,,
2026-08-03,2026-08-03,CM,NSE,STK,11782,INE128A01029,EVEREADY,EQ,,,,,EVEREADY INDS. IND.  LTD.,350.00,357.00,347.60,355.65,356.00,342.85,,355.66,,,187826,66276215.90,3223,F1,1,,,,,
2026-08-03,2026-08-03,CM,NSE,STK,6017,INE295A01018,EVERESTIND,BE,,,,,EVEREST INDUSTRIES LTD,455.00,468.80,450.00,462.85,466.00,450.65,,462.83,,,9558,4388564.50,212,F1,1,,,,,
2026-08-03,2026-08-03,CM,NSE,STK,13091,INE184H01027,EKC,EQ,,,,,EVEREST KANTO CYLINDERLTD,107.70,110.50,106.89,109.78,110.00,106.77,,109.78,,,180853,19712047.80,2822,F1,1,,,,,
2026-08-03,2026-08-03,CM,NSE,STK,11471,INE369A01029,EXCELINDUS,EQ,,,,,EXCEL INDUSTRIES LTD,991.20,1041.10,987.05,1021.70,1011.05,986.30,,1021.22,,,14306,14456091.90,770,F1,1,,,,,
2026-08-03,2026-08-03,CM,NSE,STK,760007,INE606N01019,EXCELSOFT,EQ,,,,,EXCELSOFT TECHNOLOGIES L,78.00,85.38,77.90,82.99,82.46,77.41,,82.99,,,3128940,260399902.10,17563,F1,1,,,,,
2026-08-03,2026-08-03,CM,NSE,STK,22947,INE777F01014,EXICOM,EQ,,,,,EXICOM TELE SYSTEMS LTD,160.70,165.92,159.96,163.95,165.00,158.37,,163.96,,,1190577,193956080.55,10228,F1,1,,,,,
2026-08-03,2026-08-03,CM,NSE,STK,676,INE302A01020,EXIDEIND,EQ,,,,,EXIDE INDUSTRIES LTD,449.95,460.00,440.00,444.70,442.00,449.80,,444.68,,,3583632,1615934263.70,56403,F1,1,,,,,
2026-08-03,2026-08-03,CM,NSE,STK,760422,INE19I001020,EXIMROUTES,SM,,,,,EXIM ROUTES LIMITED,109.55,109.55,109.55,109.55,109.55,109.55,,109.55,,,800,87640.00,1,F1,800,,,,,
2026-08-03,2026-08-03,CM,NSE,STK,17486,INE201K01015,EXPLEOSOL,EQ,,,,,EXPLEO SOLUTIONS LIMITED,801.00,818.00,801.00,805.15,801.00,802.85,,805.26,,,62353,50208205.55,2205,F1,1,,,,,
2026-08-03,2026-08-03,CM,NSE,STK,5352,INE0GFE01026,EXXARO,EQ,,,,,EXXARO TILES LIMITED,6.10,6.36,5.99,6.11,6.18,6.06,,6.11,,,783552,4776223.53,770,F1,1,,,,,
2026-08-03,2026-08-03,CM,NSE,STK,760125,INE0HF201011,FABTECH,EQ,,,,,FABTECH TECHNOLOGIES LTD,151.69,152.50,149.00,149.77,151.50,149.46,,149.74,,,66667,10053746.16,1353,F1,1,,,,,
2026-08-03,2026-08-03,CM,NSE,STK,1008,INE188A01015,FACT,EQ,,,,,FACT LTD,831.00,849.95,831.00,843.25,840.30,826.65,,843.26,,,129872,109476081.95,8926,F1,1,,,,,
2026-08-03,2026-08-03,CM,NSE,STK,1619,INE0DNW01011,FAIRCHEMOR,BE,,,,,FAIRCHEM ORGANICS LIMITED,781.20,813.00,781.20,813.00,813.00,797.10,,793.85,,,25905,21020538.00,262,F1,1,,,,,
2026-08-03,2026-08-03,CM,NSE,STK,12000,INE963C01033,FAZE3Q,EQ,,,,,FAZE THREE LIMITED,536.95,563.75,536.95,551.25,545.00,536.95,,551.26,,,29565,16446351.80,879,F1,1,,,,,
2026-08-03,2026-08-03,CM,NSE,STK,11999,INE512B01022,FCSSOFT,EQ,,,,,FCS SOFTWARE SOLN. LTD.,1.52,1.53,1.49,1.49,1.49,1.50,,1.49,,,2060375,3094982.92,1227,F1,1,,,,,
2026-08-03,2026-08-03,CM,NSE,STK,4898,INE258B01022,FDC,EQ,,,,,FDC LIMITED,409.80,425.05,399.05,404.65,401.75,409.80,,404.58,,,464734,190598357.90,20542,F1,1,,,,,
2026-08-03,2026-08-03,CM,NSE,STK,20322,INE007N01010,FEDFINA,EQ,,,,,FEDBANK FINANCIAL SER L,156.80,156.80,149.80,150.37,150.21,153.83,,150.37,,,1857400,281115181.27,26324,F1,1,,,,,
2026-08-03,2026-08-03,CM,NSE,STK,762675,INE417D01020,FEDDERSHOL,EQ,,,,,FEDDERS HOLDING LTD.,42.00,43.00,41.93,42.40,42.05,42.17,,42.39,,,546391,23126334.69,2677,F1,1,,,,,
2026-08-03,2026-08-03,CM,NSE,STK,1023,INE171A01029,FEDERALBNK,EQ,,,,,FEDERAL BANK LTD,359.45,371.70,357.30,371.70,371.70,358.85,,371.69,,,4384044,1579727402.30,65646,F1,1,,,,,
2026-08-03,2026-08-03,CM,NSE,STK,1190,INE529A01010,FMGOETZE,EQ,,,,,FEDERAL-MOGUL GOETZE (IND,472.25,481.00,472.25,474.45,473.90,474.35,,474.37,,,30889,14700033.40,1252,F1,1,,,,,
2026-08-03,2026-08-03,CM,NSE,STK,573,INE901X01013,FELIX,SM,,,,,FELIX INDUSTRIES LTD.,179.90,189.00,178.00,185.65,185.85,180.60,,185.65,,,54000,9980325.00,85,F1,500,,,,,
2026-08-03,2026-08-03,CM,NSE,STK,762680,INE225B01021,FERMENTA,EQ,,,,,FERMENTA BIOTECH LTD.,505.05,520.00,505.05,511.70,511.25,501.35,,511.69,,,159878,82055505.70,6643,F1,1,,,,,
2026-08-03,2026-08-03,CM,NSE,STK,8159,INE296C01020,FIBERWEB,EQ,,,,,FIBERWEB INDIA LIMITED,29.99,29.99,28.20,29.28,29.30,29.27,,29.28,,,36341,1057212.83,334,F1,1,,,,,
2026-08-03,2026-08-03,CM,NSE,STK,9858,INE0LQQ01019,FIDEL,SM,,,,,FIDEL SOFTECH LIMITED,142.50,144.40,139.60,140.50,141.00,148.95,,140.50,,,23000,3266700.00,22,F1,1000,,,,,
2026-08-03,2026-08-03,CM,NSE,STK,13710,INE737H01014,FIEMIND,EQ,,,,,FIEM INDUSTRIES LIMITED,2358.10,2358.10,2306.10,2338.40,2330.00,2323.30,,2337.73,,,63451,147930247.30,9441,F1,1,,,,,
2026-08-03,2026-08-03,CM,NSE,STK,23651,INE185E01021,FILATFASH,BE,,,,,FILATEX FASHIONS LIMITED,0.18,0.19,0.18,0.18,0.19,0.18,,0.18,,,13710709,2558136.81,1982,F1,1,,,,,
2026-08-03,2026-08-03,CM,NSE,STK,24532,INE816B01035,FILATEX,EQ,,,,,FILATEX INDIA LTD,74.13,79.00,72.69,76.70,77.25,73.52,,76.70,,,13952850,1072656683.38,57096,F1,1,,,,,
2026-08-03,2026-08-03,CM,NSE,STK,759776,INE0EDU01014,FINBUD,SM,,,,,FINBUD FINANCIAL SERV LTD,146.00,151.00,145.00,145.40,145.80,144.40,,145.40,,,57000,8424700.00,55,F1,1000,,,,,
2026-08-03,2026-08-03,CM,NSE,STK,3744,INE686Y01026,FINEORG,EQ,,,,,FINE ORGANIC IND. LTD.,4800.00,4989.60,4768.60,4933.70,4913.90,4816.50,,4933.17,,,21917,107946409.00,7197,F1,1,,,,,
2026-08-03,2026-08-03,CM,NSE,STK,6198,INE045J01034,FCL,EQ,,,,,FINEOTEX CHEMICAL LIMITED,39.74,40.29,39.11,39.27,39.39,39.32,,39.27,,,4962550,196669717.97,10141,F1,1,,,,,
2026-08-03,2026-08-03,CM,NSE,STK,759239,INE734I01027,FINKURVE,EQ,,,,,FINKURVE FINANCIAL SERV L,61.75,62.73,59.01,59.72,59.95,62.73,,59.74,,,161723,9758955.37,1115,F1,1,,,,,
2026-08-03,2026-08-03,CM,NSE,STK,6579,INE02NC01014,FINOPB,EQ,,,,,FINO PAYMENTS BANK LTD,160.05,166.16,160.05,162.25,162.50,159.09,,162.25,,,594852,97087658.56,7669,F1,1,,,,,
2026-08-03,2026-08-03,CM,NSE,STK,1038,INE235A01022,FINCABLES,EQ,,,,,FINOLEX CABLES LTD,991.00,1006.00,988.00,998.05,1002.40,987.60,,998.07,,,200264,199963897.60,19843,F1,1,,,,,
2026-08-03,2026-08-03,CM,NSE,STK,1041,INE183A01024,FINPIPE,EQ,,,,,FINOLEX INDUSTRIES LTD,163.48,166.60,163.16,165.79,165.50,162.37,,165.78,,,520336,86013007.97,16203,F1,1,,,,,
2026-08-03,2026-08-03,CM,NSE,STK,14304,INE684F01012,FSL,EQ,,,,,FIRSTSOURCE SOLU. LTD.,304.00,330.95,304.00,324.35,323.00,302.12,,324.35,,,10047629,3238627010.65,108197,F1,1,,,,,
2026-08-03,2026-08-03,CM,NSE,STK,757658,INE771F01041,FISCHER,EQ,,,,,FISCHER MEDICAL VENTURE L,38.13,39.14,38.07,38.67,38.25,39.13,,38.66,,,2436237,93615118.73,4507,F1,1,,,,,
2026-08-03,2026-08-03,CM,NSE,STK,12032,INE128S01021,FIVESTAR,EQ,,,,,FIVE-STAR BUS FIN LTD,550.00,564.00,549.00,551.40,549.10,547.95,,551.35,,,338346,187879597.50,11681,F1,1,,,,,
2026-08-03,2026-08-03,CM,NSE,STK,20372,INE00Y201027,FLAIR,EQ,,,,,FLAIR WRITING INDUST LTD,263.80,263.80,248.15,252.00,248.60,259.10,,251.98,,,140255,35572244.25,3192,F1,1,,,,,
2026-08-03,2026-08-03,CM,NSE,STK,25516,INE060J01017,FLEXITUFF,BE,,,,,FLEXITUFF VENTURES INT L,4.36,4.36,4.10,4.20,4.20,4.30,,4.20,,,54023,225826.09,86,F1,1,,,,,
2026-08-03,2026-08-03,CM,NSE,STK,758208,INE0VCK01011,FLYSBS,SM,,,,,FLYSBS AVIATION LIMITED,468.05,475.00,456.05,460.55,456.70,468.55,,460.55,,,43600,20376630.00,172,F1,200,,,,,
2026-08-03,2026-08-03,CM,NSE,STK,760331,INE0SQZ01015,FWSTC,SM,,,,,FLYWINGS SIMULAT T C LTD,196.00,196.00,187.00,188.50,187.00,199.00,,188.50,,,4200,808860.00,7,F1,600,,,,,
2026-08-03,2026-08-03,CM,NSE,STK,6839,INE593W01028,FOCUS,BE,,,,,FOCUS LIGHTG & FIXTRS LTD,69.50,71.00,68.00,70.44,71.00,70.21,,70.44,,,59668,4124592.15,302,F1,1,,,,,
2026-08-03,2026-08-03,CM,NSE,STK,22517,INE0Q4701019,FONEBOX,SM,,,,,FONEBOX RETAIL LIMITED,89.90,90.30,89.90,90.30,90.30,86.00,,90.30,,,9000,811200.00,8,F1,1000,,,,,
2026-08-03,2026-08-03,CM,NSE,STK,6673,INE976E01023,FOODSIN,EQ,,,,,FOODS & INNS LIMITED,55.16,55.16,54.01,54.33,54.59,54.61,,54.37,,,28155,1539970.87,599,F1,1,,,,,
2026-08-03,2026-08-03,CM,NSE,STK,24917,INE0U2501017,FORCAS,ST,,,,,FORCAS STUDIO LIMITED,204.15,209.85,197.60,201.15,201.15,207.90,,201.15,,,8000,1627040.00,5,F1,1600,,,,,
2026-08-03,2026-08-03,CM,NSE,STK,11573,INE451A01017,FORCEMOT,EQ,,,,,FORCE MOTORS LIMITED,18216.00,18647.00,18103.00,18494.00,18494.00,17902.00,,18491.46,,,124218,2290604749.00,32034,F1,1,,,,,
2026-08-03,2026-08-03,CM,NSE,STK,25664,INE0YKW01013,FORGEAUTO,SM,,,,,FORGE AUTO INTERNATION L,95.00,95.65,94.95,95.65,95.65,91.10,,95.65,,,14400,1374960.00,12,F1,1200,,,,,
2026-08-03,2026-08-03,CM,NSE,STK,14592,INE061F01013,FORTIS,EQ,,,,,FORTIS HEALTHCARE LTD,953.80,979.60,938.00,940.00,940.00,945.00,,940.00,,,2160190,2067684316.10,46646,F1,1,,,,,
2026-08-03,2026-08-03,CM,NSE,STK,1073,INE519A01011,FOSECOIND,EQ,,,,,FOSECO INDIA LTD,5180.00,5300.00,5082.00,5204.50,5214.00,5133.50,,5204.37,,,3096,16117095.00,688,F1,1,,,,,
2026-08-03,2026-08-03,CM,NSE,STK,760961,INE212S01015,FRACTAL,EQ,,,,,FRACTAL ANALYTICS LIMITED,822.70,822.70,797.60,803.45,803.20,812.05,,803.45,,,310799,250425497.75,14288,F1,1,,,,,
2026-08-03,2026-08-03,CM,NSE,STK,18179,INF090I01VX3,FICRF3GP,MF,,,,,FRANTEMAMC - FICRF3GP,511.00,511.00,511.00,511.00,511.00,489.00,,511.00,,,1,511.00,1,F1,1,,,,,
2026-08-03,2026-08-03,CM,NSE,STK,25871,INE0SFW01015,FRESHARA,ST,,,,,FRESHARA AGRO EXPORTS LTD,325.10,354.75,325.10,354.75,354.75,337.90,,354.75,,,37200,12809010.00,55,F1,600,,,,,
2026-08-03,2026-08-03,CM,NSE,STK,11504,INE385O01018,FROG,ST,,,,,FROG INNOVATIONS LIMITED,195.00,200.90,195.00,200.90,200.90,197.00,,200.90,,,10800,2138400.00,22,F1,400,,,,,
2026-08-03,2026-08-03,CM,NSE,STK,762685,INE572D01014,FRONTSP,EQ,,,,,FRONTIER SPRINGS LTD.,1363.90,1390.00,1354.60,1381.40,1369.00,1349.30,,1381.37,,,16587,22759908.20,2295,F1,1,,,,,
2026-08-03,2026-08-03,CM,NSE,STK,6545,INE388Y01029,NYKAA,EQ,,,,,FSN E COMMERCE VENTURES,335.00,344.90,332.80,344.90,344.90,333.40,,344.90,,,6931047,2357549794.65,82097,F1,1,,,,,
2026-08-03,2026-08-03,CM,NSE,STK,759876,INE12UR01024,UTLSOLAR,EQ,,,,,FUJIYAMA POWER SYSTEMS L,387.00,394.00,385.20,389.30,390.00,380.50,,389.32,,,341058,132996494.70,21055,F1,1,,,,,
2026-08-03,2026-08-03,CM,NSE,STK,11932,INE139R01012,FUSION,EQ,,,,,FUSION FINANCE LIMITED,208.86,218.09,207.50,210.78,211.99,207.83,,210.78,,,505834,107016626.42,11073,F1,1,,,,,
2026-08-03,2026-08-03,CM,NSE,STK,14868,INE452O01016,FLFL,BZ,,,,,FUT LIFESTYLE FASH LTD,1.29,1.29,1.23,1.24,1.24,1.29,,1.24,,,68967,87049.71,89,F1,1,,,,,
2026-08-03,2026-08-03,CM,NSE,STK,760500,INE220J01025,FCONSUMER,BZ,,,,,FUTURE CONSUMER LIMITED,0.28,0.28,0.26,0.26,0.26,0.27,,0.26,,,4920906,1293105.24,1118,F1,1,,,,,
2026-08-03,2026-08-03,CM,NSE,STK,13812,INE623B01027,FEL,BZ,,,,,FUTURE ENTERPRISES LTD,0.39,0.39,0.38,0.38,0.38,0.38,,0.38,,,210176,80689.00,125,F1,1,,,,,
2026-08-03,2026-08-03,CM,NSE,STK,30491,IN9623B01058,FELDVR,BZ,,,,,FUTURE ENTERPRISES LTD,2.50,2.50,2.31,2.49,2.49,2.39,,2.48,,,4314,10610.41,32,F1,1,,,,,
2026-08-03,2026-08-03,CM,NSE,STK,21021,INE360L01017,FMNL,BE,,,,,FUTURE MKT NETWORKS LTD,9.43,9.94,9.35,9.85,9.85,9.47,,9.58,,,31038,305215.18,83,F1,1,,,,,
2026-08-03,2026-08-03,CM,NSE,STK,1168,INE075D01018,GMBREW,EQ,,,,,G M BREWERIES LTD,902.65,906.45,895.00,896.20,897.00,898.30,,896.22,,,28514,25623055.90,1648,F1,1,,,,,
2026-08-03,2026-08-03,CM,NSE,STK,5054,INE201P01022,GRINFRA,EQ,,,,,G R INFRAPROJECTS LIMITED,885.10,915.00,885.10,907.00,898.35,884.10,,905.86,,,17876,16160847.75,1921,F1,1,,,,,
2026-08-03,2026-08-03,CM,NSE,STK,1135,INE586X01012,GTECJAINX,BE,,,,,G-TEC JAINX EDUCATION LTD,27.39,29.34,27.39,28.05,28.00,27.95,,28.05,,,4846,140507.50,38,F1,1,,,,,
2026-08-03,2026-08-03,CM,NSE,STK,1085,INE524A01029,GABRIEL,EQ,,,,,GABRIEL INDIA LTD,1465.30,1542.00,1461.00,1527.40,1527.00,1441.80,,1527.67,,,886748,1336417066.60,44089,F1,1,,,,,
2026-08-03,2026-08-03,CM,NSE,STK,17888,INE224E01028,GATECH,EQ,,,,,GACM TECHNOLOGIES LIMITED,0.75,0.75,0.74,0.75,0.75,0.69,,0.77,,,43550740,32634734.92,2137,F1,1,,,,,
2026-08-03,2026-08-03,CM,NSE,STK,17,INE224E01036,GATECHDVR,EQ,,,,,GACM TECHNOLOGIES LIMITED,0.54,0.59,0.53,0.53,0.54,0.53,,0.53,,,2299277,1249657.84,529,F1,1,,,,,
2026-08-03,2026-08-03,CM,NSE,STK,4717,INE129A01019,GAIL,EQ,,,,,GAIL (INDIA) LTD,182.10,182.38,172.15,174.30,174.30,181.44,,174.29,,,37607447,6556486054.00,166524,F1,1,,,,,
2026-08-03,2026-08-03,CM,NSE,STK,25134,INE0RE001014,GALAPREC,EQ,,,,,GALA PRECISION ENG LTD,1100.90,1120.60,1067.60,1090.50,1067.60,1093.90,,1090.04,,,24656,27149641.10,2935,F1,1,,,,,
2026-08-03,2026-08-03,CM,NSE,STK,759089,INE09A801015,GML,SM,,,,,GALAXY MEDICARE LIMITED,16.70,16.70,16.70,16.70,16.70,16.75,,16.70,,,4000,66800.00,2,F1,2000,,,,,
2026-08-03,2026-08-03,CM,NSE,STK,1315,INE600K01018,GALAXYSURF,EQ,,,,,GALAXY SURFACTANTS LTD,1950.90,2026.70,1950.90,1988.80,1975.00,1944.50,,1987.25,,,17874,35656017.30,3257,F1,1,,,,,
2026-08-03,2026-08-03,CM,NSE,STK,13337,INE297H01019,GALLANTT,EQ,,,,,GALLANTT ISPAT LIMITED,644.00,644.00,614.00,627.60,620.20,614.60,,627.78,,,358473,224547900.10,15520,F1,1,,,,,
2026-08-03,2026-08-03,CM,NSE,STK,20303,INE717W01049,GANDHAR,EQ,,,,,GANDHAR OIL REFINE IND L,224.78,238.27,223.52,231.64,232.95,223.25,,231.63,,,3962749,926123331.15,39416,F1,1,,,,,
2026-08-03,2026-08-03,CM,NSE,STK,14116,INE524B01027,GANDHITUBE,EQ,,,,,GANDHI SPL. TUBES LTD,881.70,883.90,873.00,881.20,881.10,876.35,,880.92,,,4746,4183865.55,330,F1,1,,,,,
2026-08-03,2026-08-03,CM,NSE,STK,5617,INE388A01029,GANESHBE,BE,,,,,GANESH BENZOPLAST LIMITED,112.33,117.30,111.00,113.64,115.69,112.33,,113.96,,,154551,17723039.87,708,F1,1,,,,,
2026-08-03,2026-08-03,CM,NSE,STK,759012,INE652V01016,GANESHCP,EQ,,,,,GANESH CONSUMER PRODUCT L,180.98,184.70,175.27,177.80,175.91,178.28,,177.79,,,193376,34626293.73,3245,F1,1,,,,,
2026-08-03,2026-08-03,CM,NSE,STK,24439,INE0R8C01018,GGBL,SM,,,,,GANESH GREEN BHARAT LTD,252.60,259.70,252.60,259.20,259.40,251.45,,259.20,,,29700,7645095.00,91,F1,300,,,,,
2026-08-03,2026-08-03,CM,NSE,STK,14339,INE460C01014,GANESHHOU,EQ,,,,,GANESH HOUSING LIMITED,749.70,790.00,745.00,778.15,789.90,740.60,,778.01,,,59334,45975819.05,5808,F1,1,,,,,
2026-08-03,2026-08-03,CM,NSE,STK,27351,INE0TVT01024,GANESHIN,ST,,,,,GANESH INFRAWORLD LIMITED,103.75,103.75,103.75,103.75,103.75,98.95,,103.75,,,56800,5893000.00,49,F1,800,,,,,
2026-08-03,2026-08-03,CM,NSE,STK,6944,INE845D01014,GANECOS,EQ,,,,,GANESHA ECOSPHERE LIMITED,1192.00,1225.00,1126.30,1156.60,1154.90,1183.80,,1156.57,,,260274,304294019.30,16320,F1,1,,,,,
2026-08-03,2026-08-03,CM,NSE,STK,757525,INE0ZI101018,GANGABATH,SM,,,,,GANGA BATH FITTINGS LTD,23.40,23.40,21.80,22.70,22.70,22.85,,22.70,,,33000,743850.00,10,F1,3000,,,,,
2026-08-03,2026-08-03,CM,NSE,STK,4959,INE691Z01023,GANGAFORGE,BE,,,,,GANGA FORGING LIMITED,1.79,1.80,1.78,1.79,1.79,1.77,,1.79,,,766871,1371590.50,430,F1,1,,,,,
2026-08-03,2026-08-03,CM,NSE,STK,21399,INE335W01016,GANGESSECU,EQ,,,,,GANGES SECURITIES LIMITED,112.57,120.00,112.57,120.00,120.00,113.13,,116.70,,,7681,880943.72,72,F1,1,,,,,
2026-08-03,2026-08-03,CM,NSE,STK,5475,INE382Z01011,GRSE,EQ,,,,,GARDEN REACH SHIP&ENG LTD,2615.00,2622.80,2575.00,2582.70,2581.80,2601.20,,2582.58,,,317050,823115482.40,21352,F1,1,,,,,
2026-08-03,2026-08-03,CM,NSE,STK,25800,INE0JVO01026,GARUDA,EQ,,,,,GARUDA CONSTRUCT N ENG L,173.50,175.42,171.25,172.50,172.90,172.80,,172.49,,,163285,28334192.96,2439,F1,1,,,,,
2026-08-03,2026-08-03,CM,NSE,STK,7982,INE291A01017,GRWRHITECH,EQ,,,,,GARWARE HI-TECH FILMS LTD,7190.00,7249.00,7115.50,7182.00,7192.00,7151.50,,7182.10,,,38146,273931336.50,6913,F1,1,,,,,
2026-08-03,2026-08-03,CM,NSE,STK,1100,INE276A01018,GARFIBRES,EQ,,,,,GARWARE TECH FIBRES LTD,735.80,770.95,732.95,761.60,763.95,732.90,,761.43,,,53200,40441986.55,9370,F1,1,,,,,
2026-08-03,2026-08-03,CM,NSE,STK,8510,INE079J01017,GATEWAY,EQ,,,,,GATEWAY DISTRIPARKS LTD,58.30,59.48,58.00,58.14,58.00,57.97,,58.12,,,1261361,73923693.46,8105,F1,1,,,,,
2026-08-03,2026-08-03,CM,NSE,STK,760179,INE0P8B01020,GAUDIUMIVF,BE,,,,,GAUDIUM IVF N WOMEN H L,134.75,134.75,134.75,134.75,134.75,137.50,,134.75,,,45151,6084097.25,390,F1,1,,,,,
2026-08-03,2026-08-03,CM,NSE,STK,3693,INE287Z01012,GAYAHWS,EQ,,,,,GAYATRI HIGHWAYS LIMITED,2.11,2.11,1.92,2.00,2.00,2.02,,2.00,,,584877,1167076.12,419,F1,1,,,,,
2026-08-03,2026-08-03,CM,NSE,STK,25027,INE336H01023,GAYAPROJ,BE,,,,,GAYATRI PROJECTS LTD,20.00,20.79,19.71,19.98,19.99,19.98,,19.99,,,336149,6813052.17,1514,F1,1,,,,,
2026-08-03,2026-08-03,CM,NSE,STK,14055,INE0LVM01018,GRCL,ST,,,,,GAYATRI RUBB AND CHEM LTD,542.00,570.00,542.00,566.00,566.00,566.05,,566.00,,,3000,1697500.00,9,F1,250,,,,,
2026-08-03,2026-08-03,CM,NSE,STK,7862,INE878A01011,GVPIL,EQ,,,,,GE POWER INDIA LIMITED,700.00,758.00,700.00,758.00,758.00,721.95,,758.28,,,157148,115491274.05,7277,F1,1,,,,,
2026-08-03,2026-08-03,CM,NSE,STK,16783,INE200A01026,GVT&D,EQ,,,,,GE VERNOVA T&D INDIA LTD,4323.00,4370.00,4267.90,4370.00,4370.00,4323.30,,4369.82,,,478516,2069887915.30,42815,F1,1,,,,,
2026-08-03,2026-08-03,CM,NSE,STK,13662,INE916G01016,GEECEE,BE,,,,,GEECEE VENTURES LIMITED,350.30,367.30,349.50,361.45,360.50,352.05,,361.45,,,5161,1868126.05,96,F1,1,,,,,
2026-08-03,2026-08-03,CM,NSE,STK,17922,INE669X01032,GEEKAYWIRE,EQ,,,,,GEEKAY WIRES LIMITED,23.20,23.47,22.72,23.21,23.37,22.52,,23.21,,,103800,2395823.26,1099,F1,1,,,,,
2026-08-03,2026-08-03,CM,NSE,STK,759461,INE06XZ01023,GEMAROMA,EQ,,,,,GEM AROMATICS LIMITED,191.01,198.00,191.01,196.21,196.00,191.60,,196.17,,,189088,37058338.39,3024,F1,1,,,,,
2026-08-03,2026-08-03,CM,NSE,STK,277,INE481Y01014,GICRE,EQ,,,,,GENERAL INS CORP OF INDIA,359.50,363.75,357.05,358.05,358.40,356.60,,358.06,,,600417,216075950.95,17445,F1,1,,,,,
2026-08-03,2026-08-03,CM,NSE,STK,2188,INE854S01022,GENCON,EQ,,,,,GENERIC ENG CONS PROJ LTD,40.73,41.04,39.25,39.62,39.31,40.33,,39.64,,,388963,15675366.54,954,F1,1,,,,,
2026-08-03,2026-08-03,CM,NSE,STK,10905,INE727B01026,GENESYS,EQ,,,,,GENESYS INTL CORPN LTD,275.00,298.75,274.95,298.75,298.75,271.60,,298.74,,,511803,148698405.70,10538,F1,1,,,,,
2026-08-03,2026-08-03,CM,NSE,STK,758842,INE06H201014,GENSOL,BZ,,,,,GENSOL ENGINEERING LTD,18.31,18.31,18.31,18.31,18.31,17.44,,18.31,,,344004,6298713.24,1719,F1,1,,,,,
2026-08-03,2026-08-03,CM,NSE,STK,6600,INE949P01018,GENUSPAPER,EQ,,,,,GENUS P&B LIMITED,12.08,12.75,11.95,12.47,12.37,12.08,,12.47,,,306737,3784581.54,500,F1,1,,,,,
2026-08-03,2026-08-03,CM,NSE,STK,11905,INE955D01029,GENUSPOWER,EQ,,,,,GENUS POWER INFRASTRU LTD,314.75,319.95,314.00,316.00,317.00,312.70,,316.02,,,918619,291423776.10,14337,F1,1,,,,,
2026-08-03,2026-08-03,CM,NSE,STK,31942,INE1W0N01014,GENXAI,SM,,,,,GENXAI ANALYTICS LIMITED,76.60,81.85,76.05,81.50,81.50,76.60,,81.50,,,73200,5869080.00,59,F1,1200,,,,,
2026-08-03,2026-08-03,CM,NSE,STK,11896,INE007B01023,GEOJITFSL,EQ,,,,,GEOJIT FINANCIAL SER L,77.89,77.89,75.90,77.52,77.40,76.36,,77.50,,,231942,17888667.61,2922,F1,1,,,,,
2026-08-03,2026-08-03,CM,NSE,STK,1289,INE538A01037,GFLLIMITED,EQ,,,,,GFL LIMITED,47.50,48.50,47.02,48.26,48.10,46.64,,48.25,,,54627,2611764.67,1512,F1,1,,,,,
2026-08-03,2026-08-03,CM,NSE,STK,1127,INE539A01019,GHCL,EQ,,,,,GHCL LIMITED,445.00,451.95,434.20,444.10,446.00,438.10,,444.11,,,411921,182581358.40,9903,F1,1,,,,,
2026-08-03,2026-08-03,CM,NSE,STK,16696,INE0PA801013,GHCLTEXTIL,EQ,,,,,GHCL TEXTILES LIMITED,113.01,118.30,113.01,114.36,114.58,113.62,,114.38,,,1159893,133831682.64,12272,F1,1,,,,,
2026-08-03,2026-08-03,CM,NSE,STK,1139,INE289B01019,GICHSGFIN,EQ,,,,,GIC HOUSING FINANCE LTD,149.00,151.00,148.00,148.10,148.00,147.68,,148.10,,,59019,8793750.49,1186,F1,1,,,,,
2026-08-03,2026-08-03,CM,NSE,STK,17839,INE047B01011,GILLANDERS,EQ,,,,,GILLANDERS ARBUTHNOT LTD,89.75,90.89,88.55,88.66,88.55,89.31,,88.98,,,992,88666.36,29,F1,1,,,,,
2026-08-03,2026-08-03,CM,NSE,STK,1576,INE322A01010,GILLETTE,EQ,,,,,GILLETTE INDIA LTD,7624.00,7776.00,7624.00,7719.00,7715.00,7624.00,,7719.10,,,25853,199577035.00,7507,F1,1,,,,,
2026-08-03,2026-08-03,CM,NSE,STK,9294,INE424C01010,GINNIFILA,BE,,,,,GINNIFILAMENTS LTD.,45.99,46.89,45.30,45.86,46.00,45.63,,45.86,,,17864,823792.99,111,F1,1,,,,,
2026-08-03,2026-08-03,CM,NSE,STK,2365,INE614Z01017,GIRIRAJ,SM,,,,,GIRIRAJ CIVIL DEVP LTD,66.85,70.20,63.60,63.60,63.60,66.90,,63.60,,,25000,1613462.50,59,F1,250,,,,,
2026-08-03,2026-08-03,CM,NSE,STK,759048,INE1AG301022,GKENERGY,EQ,,,,,GK ENERGY LIMITED,130.50,132.88,130.25,131.17,131.81,129.38,,131.17,,,221635,29123436.24,3259,F1,1,,,,,
2026-08-03,2026-08-03,CM,NSE,STK,17357,INE528A01020,GKWLIMITED,EQ,,,,,GKW LIMITED,1622.90,1685.00,1622.90,1660.20,1670.00,1630.80,,1660.20,,,963,1605044.70,58,F1,1,,,,,
2026-08-03,2026-08-03,CM,NSE,STK,1186,INE068V01023,GLAND,EQ,,,,,GLAND PHARMA LIMITED,2505.60,2585.00,2494.10,2579.20,2570.00,2502.90,,2579.05,,,502554,1286519330.40,33396,F1,1,,,,,
2026-08-03,2026-08-03,CM,NSE,STK,1153,INE159A01016,GLAXO,EQ,,,,,GLAXOSMITHKLINE PHARMA LT,2665.40,2670.00,2630.00,2662.30,2655.00,2655.40,,2662.11,,,89406,237414521.40,15660,F1,1,,,,,
2026-08-03,2026-08-03,CM,NSE,STK,7406,INE935A01035,GLENMARK,EQ,,,,,GLENMARK PHARMACEUTICALS,2256.40,2256.40,2162.00,2230.00,2230.00,2233.90,,2229.58,,,1307223,2894954710.10,63779,F1,1,,,,,
2026-08-03,2026-08-03,CM,NSE,STK,1415,INE291W01037,GLOBAL,EQ,,,,,GLOBAL EDUCATION LIMITED,101.30,104.47,100.50,101.36,101.50,104.06,,101.36,,,50348,5141369.45,540,F1,1,,,,,
2026-08-03,2026-08-03,CM,NSE,STK,11956,INE474Q01031,MEDANTA,EQ,,,,,GLOBAL HEALTH LIMITED,1412.60,1475.80,1405.00,1444.90,1450.00,1405.60,,1444.87,,,382840,553438983.60,37378,F1,1,,,,,
2026-08-03,2026-08-03,CM,NSE,STK,14599,INE0JSX01015,GSLSU,EQ,,,,,GLOBAL SURFACES LIMITED,27.96,28.75,27.10,27.69,28.00,27.95,,27.68,,,33189,937446.00,415,F1,1,,,,,
2026-08-03,2026-08-03,CM,NSE,STK,13735,INE792H01019,GLOBALVECT,EQ,,,,,GLOBAL VEC HELICORP LTD,177.90,177.90,163.95,165.10,164.30,165.13,,165.06,,,17703,3005657.87,568,F1,1,,,,,
2026-08-03,2026-08-03,CM,NSE,STK,24934,INE0URU01010,GLOBALE,BE,,,,,GLOBALE TESSILE LIMITED,11.24,11.24,10.40,10.69,10.70,10.89,,10.69,,,369,3963.07,13,F1,1,,,,,
2026-08-03,2026-08-03,CM,NSE,STK,758572,INE0V3U01015,GLOBECIVIL,EQ,,,,,GLOBE CIVIL PROJECTS LTD,40.26,40.69,38.50,39.93,40.00,39.04,,39.91,,,44727,1769970.16,297,F1,1,,,,,
2026-08-03,2026-08-03,CM,NSE,STK,393,INE581X01021,GLOBE,EQ,,,,,GLOBE ENTERPRISE (I) LTD,2.05,2.18,2.01,2.10,2.10,2.09,,2.10,,,620321,1303007.06,351,F1,1,,,,,
2026-08-03,2026-08-03,CM,NSE,STK,761025,INE947T01022,GICL,EQ,,,,,GLOBE INTL CARRIERS LTD,17.50,18.00,17.30,17.83,17.90,17.17,,17.83,,,89079,1583538.10,287,F1,1,,,,,
2026-08-03,2026-08-03,CM,NSE,STK,9764,INE00WS01056,GSTL,SM,,,,,GLOBESECURE TECHNO LTD,16.45,16.45,16.35,16.35,16.35,15.70,,16.35,,,2000,32800.00,2,F1,1000,,,,,
2026-08-03,2026-08-03,CM,NSE,STK,17424,INE615I01010,GLOBUSSPR,EQ,,,,,GLOBUS SPIRITS LTD,888.00,909.90,882.60,900.85,906.90,883.50,,900.93,,,70266,62715648.95,4655,F1,1,,,,,
2026-08-03,2026-08-03,CM,NSE,STK,23590,INE350Z01018,GLOSTERLTD,EQ,,,,,GLOSTER LIMITED,669.40,670.00,662.00,668.60,670.00,659.60,,668.60,,,734,489305.15,95,F1,1,,,,,
2026-08-03,2026-08-03,CM,NSE,STK,760118,INE0TQE01026,GLOTTIS,BE,,,,,GLOTTIS LIMITED,68.00,68.00,66.05,67.06,67.00,67.00,,67.02,,,19878,1333895.75,182,F1,1,,,,,
2026-08-03,2026-08-03,CM,NSE,STK,1570,INE541A01023,GMMPFAUDLR,EQ,,,,,GMM PFAUDLER LIMITED,855.00,875.95,851.00,858.45,854.50,864.40,,858.33,,,72539,62446767.90,5669,F1,1,,,,,
2026-08-03,2026-08-03,CM,NSE,STK,13528,INE776C01039,GMRAIRPORT,EQ,,,,,GMR AIRPORTS LIMITED,106.87,106.87,104.88,105.55,105.55,105.26,,105.55,,,5825312,615532476.08,26331,F1,1,,,,,
2026-08-03,2026-08-03,CM,NSE,STK,8529,INE0CU601026,GMRP&UI,EQ,,,,,GMR POW AND URBAN INFRA L,100.00,100.60,96.46,97.18,97.40,99.16,,97.18,,,1512131,147997774.43,12382,F1,1,,,,,
2026-08-03,2026-08-03,CM,NSE,STK,18571,INE934S01014,GNA,EQ,,,,,GNA AXLES LIMITED,544.00,544.35,528.15,537.20,532.10,535.75,,537.25,,,184492,98902682.00,5692,F1,1,,,,,
2026-08-03,2026-08-03,CM,NSE,STK,757862,INE18JU01028,EBGNG,EQ,,,,,GNG ELECTRONICS LIMITED,539.15,547.00,516.85,535.20,534.00,528.65,,535.18,,,561641,299579167.60,21505,F1,1,,,,,
2026-08-03,2026-08-03,CM,NSE,STK,23799,INE03JT01014,GODIGIT,EQ,,,,,GO DIGIT GENERAL INS LTD,255.00,264.00,252.80,262.75,261.80,254.30,,262.77,,,611681,159695824.65,13522,F1,1,,,,,
2026-08-03,2026-08-03,CM,NSE,STK,6964,INE0BJS01011,GOCOLORS,EQ,,,,,GO FASHION INDIA LTD,327.05,334.65,322.00,323.80,323.00,327.05,,323.84,,,339001,110526265.55,7146,F1,1,,,,,
2026-08-03,2026-08-03,CM,NSE,STK,14687,INE426D01013,GOACARBON,EQ,,,,,GOA CARBON LIMITED,387.45,387.45,380.55,382.70,381.15,380.60,,382.70,,,6466,2476554.55,389,F1,1,,,,,
2026-08-03,2026-08-03,CM,NSE,STK,3963,INE077F01035,GOCLCORP,EQ,,,,,GOCL CORPORATION LIMITED,407.50,419.55,405.10,416.15,415.00,402.55,,416.13,,,109585,45159796.70,4881,F1,1,,,,,
2026-08-03,2026-08-03,CM,NSE,STK,25941,INE497S01012,GODAVARIB,EQ,,,,,GODAVARI BIOREFINERIES L,260.00,265.45,258.30,260.65,260.00,260.90,,260.63,,,154431,40339837.90,3785,F1,1,,,,,
2026-08-03,2026-08-03,CM,NSE,STK,13409,INE177H01039,GPIL,EQ,,,,,GODAWARI POW & ISP LTD,244.05,248.95,240.00,244.37,242.03,242.40,,244.36,,,1106208,273114134.80,18018,F1,1,,,,,
2026-08-03,2026-08-03,CM,NSE,STK,1181,INE260B01028,GODFRYPHLP,EQ,,,,,GODFREY PHILLIPS INDIA LT,2144.80,2269.90,2134.20,2247.00,2247.00,2133.40,,2246.77,,,1547162,3460225455.70,78754,F1,1,,,,,
2026-08-03,2026-08-03,CM,NSE,STK,144,INE850D01014,GODREJAGRO,EQ,,,,,GODREJ AGROVET LIMITED,557.05,566.75,557.05,565.05,565.10,556.80,,565.05,,,112626,63480950.85,7772,F1,1,,,,,
2026-08-03,2026-08-03,CM,NSE,STK,10099,INE102D01028,GODREJCP,EQ,,,,,GODREJ CONSUMER PRODUCTS,1072.10,1100.00,1071.10,1085.90,1085.90,1070.40,,1085.89,,,615866,667832001.60,25517,F1,1,,,,,
2026-08-03,2026-08-03,CM,NSE,STK,10925,INE233A01035,GODREJIND,EQ,,,,,GODREJ INDUSTRIES LTD,1326.00,1352.90,1319.20,1337.10,1336.20,1317.60,,1337.02,,,78905,105644595.40,10885,F1,1,,,,,
2026-08-03,2026-08-03,CM,NSE,STK,17875,INE484J01027,GODREJPROP,EQ,,,,,GODREJ PROPERTIES LTD,2125.00,2126.60,2060.00,2089.70,2089.70,2105.70,,2089.53,,,366499,764637713.00,20476,F1,1,,,,,
2026-08-03,2026-08-03,CM,NSE,STK,27127,IN0020240134,692GS2039,GS,,,,,GOI LOAN   6.92% 2039,98.00,99.25,98.00,99.25,99.25,101.00,,99.25,,,200,19725.00,2,F1,1,,,,,
2026-08-03,2026-08-03,CM,NSE,STK,24705,IN0020240100,697GR2034,GS,,,,,GOI LOAN   6.97% 2034,103.50,103.50,102.42,102.50,102.50,101.00,,102.50,,,2501,257844.50,7,F1,1,,,,,
2026-08-03,2026-08-03,CM,NSE,STK,27170,IN0020240142,709GS2074,GS,,,,,GOI LOAN   7.09% 2074,95.70,95.70,95.37,95.39,95.40,95.43,,95.40,,,49036,4678435.03,41,F1,1,,,,,
2026-08-03,2026-08-03,CM,NSE,STK,6695,IN0020210186,574GS2026,GS,,,,,GOI LOAN  5.74% 2026,101.45,101.45,101.45,101.45,101.45,101.17,,101.33,,,4,405.80,1,F1,1,,,,,
2026-08-03,2026-08-03,CM,NSE,STK,757753,IN0020250034,591GS2028,GS,,,,,GOI LOAN  5.91% 2028,98.34,99.00,98.34,98.45,98.45,98.33,,98.45,,,22300,2198193.65,16,F1,1,,,,,
2026-08-03,2026-08-03,CM,NSE,STK,757983,IN0020250067,601GS2030,GS,,,,,GOI LOAN  6.01% 2030,99.50,99.50,99.50,99.50,99.50,99.50,,99.50,,,1,99.50,1,F1,1,,,,,
2026-08-03,2026-08-03,CM,NSE,STK,953,IN0020200245,622GS2035,GS,,,,,GOI LOAN  6.22% 2035,98.85,98.85,98.85,98.85,98.85,98.55,,98.85,,,3700,365745.00,1,F1,1,,,,,
2026-08-03,2026-08-03,CM,NSE,STK,757994,IN0020250059,628GS2032,GS,,,,,GOI LOAN  6.28% 2032,98.65,98.65,98.65,98.65,98.65,97.50,,98.65,,,190,18743.50,1,F1,1,,,,,
2026-08-03,2026-08-03,CM,NSE,STK,761020,IN0020250141,636GS2031,GS,,,,,GOI LOAN  6.36% 2031,102.20,102.20,102.20,102.20,102.20,102.30,,102.20,,,100,10220.00,2,F1,1,,,,,
2026-08-03,2026-08-03,CM,NSE,STK,7843,IN0020210244,654GS2032,GS,,,,,GOI LOAN  6.54% 2032,99.25,100.00,99.00,99.75,99.75,99.50,,99.75,,,317500,31458880.00,10,F1,1,,,,,
2026-08-03,2026-08-03,CM,NSE,STK,956,IN0020200252,667GS2050,GS,,,,,GOI LOAN  6.67% 2050,91.00,93.50,91.00,93.10,93.10,93.50,,93.10,,,1747,162962.05,12,F1,1,,,,,
2026-08-03,2026-08-03,CM,NSE,STK,760623,IN0020250133,668GS2033,GS,,,,,GOI LOAN  6.68% 2033,103.00,103.00,103.00,103.00,103.00,103.00,,103.00,,,2,206.00,2,F1,1,,,,,
2026-08-03,2026-08-03,CM,NSE,STK,757847,IN0020250042,668GS2040,GS,,,,,GOI LOAN  6.68% 2040,98.19,98.19,98.10,98.10,98.10,98.19,,98.10,,,568,55756.79,10,F1,1,,,,,
2026-08-03,2026-08-03,CM,NSE,STK,2317,IN0020200401,676GS2061,GS,,,,,GOI LOAN  6.76% 2061,93.50,93.50,92.76,93.31,93.30,93.25,,93.31,,,38452,3589194.88,27,F1,1,,,,,
2026-08-03,2026-08-03,CM,NSE,STK,25736,IN0020240126,679GS2034,GS,,,,,GOI LOAN  6.79% 2034,101.50,101.50,101.50,101.50,101.50,101.50,,101.50,,,100,10150.00,1,F1,1,,,,,
2026-08-03,2026-08-03,CM,NSE,STK,756014,IN0020250018,690GS2065,GS,,,,,GOI LOAN  6.90% 2065,94.30,94.30,93.50,93.81,93.97,93.96,,93.81,,,3517,329478.00,13,F1,1,,,,,
2026-08-03,2026-08-03,CM,NSE,STK,763340,IN0020260025,694GS2036,GS,,,,,GOI LOAN  6.94% 2036,106.00,106.00,106.00,106.00,106.00,102.01,,106.00,,,1,106.00,1,F1,1,,,,,
2026-08-03,2026-08-03,CM,NSE,STK,6817,IN0020210202,695GS2061,GS,,,,,GOI LOAN  6.95% 2061,94.00,94.00,93.01,93.01,93.01,94.00,,93.01,,,1006,94563.01,6,F1,1,,,,,
2026-08-03,2026-08-03,CM,NSE,STK,6696,IN0020210194,699GS2051,GS,,,,,GOI LOAN  6.99% 2051,95.00,97.46,95.00,97.46,97.46,97.49,,97.46,,,12,1142.46,2,F1,1,,,,,
2026-08-03,2026-08-03,CM,NSE,STK,23854,IN0020240043,702GS2027,GS,,,,,GOI LOAN  7.02% 2027,102.20,102.20,100.83,100.83,100.83,102.98,,100.83,,,201,20538.55,4,F1,1,,,,,
2026-08-03,2026-08-03,CM,NSE,STK,24072,IN0020240076,702GS2031,GS,,,,,GOI LOAN  7.02% 2031,101.00,101.00,101.00,101.00,101.00,102.80,,101.00,,,40,4040.00,3,F1,1,,,,,
2026-08-03,2026-08-03,CM,NSE,STK,14970,IN0020230010,706GS2028,GS,,,,,GOI LOAN  7.06% 2028,102.76,102.76,102.76,102.76,102.76,103.00,,102.76,,,17,1746.92,1,F1,1,,,,,
2026-08-03,2026-08-03,CM,NSE,STK,764295,IN0020260041,706GS2041,GS,,,,,GOI LOAN  7.06% 2041,99.25,99.41,99.25,99.41,99.41,100.25,,99.41,,,475,47183.50,5,F1,1,,,,,
2026-08-03,2026-08-03,CM,NSE,STK,24949,IN0020240118,709GS2054,GS,,,,,GOI LOAN  7.09% 2054,99.99,99.99,99.02,99.87,99.87,99.09,,99.87,,,21392,2120116.44,16,F1,1,,,,,
2026-08-03,2026-08-03,CM,NSE,STK,23463,IN0020240019,71GS2034,GS,,,,,GOI LOAN  7.1% 2034,104.00,104.00,103.32,103.32,103.32,103.20,,103.21,,,5800,601104.00,7,F1,1,,,,,
2026-08-03,2026-08-03,CM,NSE,STK,15050,IN0020230036,717GS2030,GS,,,,,GOI LOAN  7.17% 2030,103.50,103.50,103.50,103.50,103.50,104.00,,103.50,,,2700,279450.00,2,F1,1,,,,,
2026-08-03,2026-08-03,CM,NSE,STK,18025,IN0020230085,718GS2033,GS,,,,,GOI LOAN  7.18% 2033,105.50,105.50,105.50,105.50,105.50,105.50,,105.25,,,1225,129237.50,1,F1,1,,,,,
2026-08-03,2026-08-03,CM,NSE,STK,17398,IN0020230077,718GS2037,GS,,,,,GOI LOAN  7.18% 2037,102.20,102.55,101.50,102.22,102.15,102.19,,102.22,,,133171,13592710.45,21,F1,1,,,,,
2026-08-03,2026-08-03,CM,NSE,STK,23518,IN0020240027,723GS2039,GS,,,,,GOI LOAN  7.23% 2039,104.50,104.55,104.50,104.55,104.55,104.40,,104.55,,,200000,20905000.00,2,F1,1,,,,,
2026-08-03,2026-08-03,CM,NSE,STK,758674,IN0020250075,724GS2055,GS,,,,,GOI LOAN  7.24% 2055,101.39,101.40,101.00,101.39,101.40,101.00,,101.39,,,12826,1299709.23,16,F1,1,,,,,
2026-08-03,2026-08-03,CM,NSE,STK,16733,IN0020230044,725GS2063,GS,,,,,GOI LOAN  7.25% 2063,98.00,98.00,97.55,97.63,97.70,97.70,,97.63,,,1265659,123571956.00,775,F1,1,,,,,
2026-08-03,2026-08-03,CM,NSE,STK,10722,IN0020220060,726GS2032,GS,,,,,GOI LOAN  7.26% 2032,105.50,107.00,105.50,107.00,107.00,106.23,,107.00,,,9012,952234.00,5,F1,1,,,,,
2026-08-03,2026-08-03,CM,NSE,STK,14051,IN0020220151,726GS2033,GS,,,,,GOI LOAN  7.26% 2033,105.11,105.90,105.11,105.90,105.90,106.00,,105.90,,,1281,135545.50,4,F1,1,,,,,
2026-08-03,2026-08-03,CM,NSE,STK,16865,IN0020230051,73GS2053,GS,,,,,GOI LOAN  7.3% 2053,99.81,100.00,99.81,99.81,99.81,99.76,,99.81,,,7346,733456.01,8,F1,1,,,,,
2026-08-03,2026-08-03,CM,NSE,STK,20136,IN0020230135,732GS2030,GS,,,,,GOI LOAN  7.32% 2030,103.00,103.00,103.00,103.00,103.00,103.06,,103.00,,,100,10300.00,1,F1,1,,,,,
2026-08-03,2026-08-03,CM,NSE,STK,19685,IN0020230119,733GS2026,GS,,,,,GOI LOAN  7.33% 2026,100.78,101.63,100.78,101.60,101.60,101.80,,101.60,,,820,83221.90,8,F1,1,,,,,
2026-08-03,2026-08-03,CM,NSE,STK,23558,IN0020240035,734GS2064,GS,,,,,GOI LOAN  7.34% 2064,99.90,99.90,99.20,99.48,99.45,99.60,,99.48,,,52249,5199661.48,37,F1,1,,,,,
2026-08-03,2026-08-03,CM,NSE,STK,10931,IN0020220086,736GS2052,GS,,,,,GOI LOAN  7.36% 2052,103.45,103.45,103.45,103.45,103.45,102.99,,103.45,,,525,54311.25,1,F1,1,,,,,
2026-08-03,2026-08-03,CM,NSE,STK,19566,IN0020230101,737GS2028,GS,,,,,GOI LOAN  7.37% 2028,104.00,104.01,104.00,104.00,104.00,104.00,,104.00,,,2400,249600.25,5,F1,1,,,,,
2026-08-03,2026-08-03,CM,NSE,STK,13194,IN0020220102,741GS2036,GS,,,,,GOI LOAN  7.41% 2036,104.85,104.87,104.85,104.85,104.87,104.85,,104.85,,,13747,1441449.49,7,F1,1,,,,,
2026-08-03,2026-08-03,CM,NSE,STK,760649,IN0020250117,743GS2076,GS,,,,,GOI LOAN  7.43% 2076,99.50,99.95,99.49,99.50,99.50,99.51,,99.50,,,87080,8667275.55,94,F1,1,,,,,
2026-08-03,2026-08-03,CM,NSE,STK,19808,IN0020230127,746GS2073,GS,,,,,GOI LOAN  7.46% 2073,101.00,101.00,100.42,100.50,100.50,100.70,,100.50,,,2601,261377.00,8,F1,1,,,,,
2026-08-03,2026-08-03,CM,NSE,STK,763146,IN0020260017,750GS2056,GS,,,,,GOI LOAN  7.50% 2056,100.60,100.60,100.60,100.60,100.60,100.60,,100.60,,,98,9858.80,1,F1,1,,,,,
2026-08-03,2026-08-03,CM,NSE,STK,9585,IN0020220029,754GS2036,GS,,,,,GOI LOAN  7.54% 2036,106.99,106.99,106.11,106.68,106.70,106.51,,106.68,,,352719,37611944.96,145,F1,1,,,,,
2026-08-03,2026-08-03,CM,NSE,STK,763489,IN0020260033,771GS2066,GS,,,,,GOI LOAN  7.71% 2066,104.00,105.50,103.80,104.99,104.99,105.46,,104.99,,,12711,1333846.40,17,F1,1,,,,,
2026-08-03,2026-08-03,CM,NSE,STK,6833,IN0020010081,1018GS2026,GS,,,,,GOI LOAN 10.18% 2026,104.45,104.45,104.45,104.45,104.45,104.00,,103.73,,,22,2297.90,6,F1,1,,,,,
2026-08-03,2026-08-03,CM,NSE,STK,18857,IN0020200070,579GS2030,GS,,,,,GOI LOAN 5.79% 2030,97.20,97.20,97.20,97.20,97.20,96.50,,97.20,,,1,97.20,1,F1,1,,,,,
2026-08-03,2026-08-03,CM,NSE,STK,6868,IN0020030022,613GS2028,GS,,,,,GOI LOAN 6.13% 2028,99.40,99.40,99.40,99.40,99.40,99.80,,99.40,,,2,198.80,1,F1,1,,,,,
2026-08-03,2026-08-03,CM,NSE,STK,7193,IN0020160092,662GS2051,GS,,,,,GOI LOAN 6.62% 2051,90.46,90.46,90.46,90.46,90.46,91.99,,90.46,,,3,271.38,1,F1,1,,,,,
2026-08-03,2026-08-03,CM,NSE,STK,9047,IN0020220011,710GS2029,GS,,,,,GOI LOAN 7.10% 2029,103.40,103.40,103.40,103.40,103.40,103.40,,103.40,,,1909,197390.60,21,F1,1,,,,,
2026-08-03,2026-08-03,CM,NSE,STK,18474,IN0020200039,719GS2060,GS,,,,,GOI LOAN 7.19% 2060,101.90,101.90,101.90,101.90,101.90,97.51,,101.90,,,30,3057.00,2,F1,1,,,,,
2026-08-03,2026-08-03,CM,NSE,STK,9913,IN0020220037,738GS2027,GS,,,,,GOI LOAN 7.38% 2027,101.18,102.20,101.18,102.01,101.96,102.20,,102.01,,,68415,6980340.35,107,F1,1,,,,,
2026-08-03,2026-08-03,CM,NSE,STK,6884,IN0020060078,824GS2027,GS,,,,,GOI LOAN 8.24%2027,105.10,105.10,105.10,105.10,105.10,105.95,,105.10,,,3000,315300.00,3,F1,1,,,,,
2026-08-03,2026-08-03,CM,NSE,STK,6898,IN0020070036,826GS2027,GS,,,,,GOI LOAN 8.26% 2027,101.68,101.68,101.68,101.68,101.68,101.70,,101.68,,,3,305.04,2,F1,1,,,,,
2026-08-03,2026-08-03,CM,NSE,STK,7034,IN0020120062,83GS2042,GS,,,,,GOI LOAN 8.30% 2042,104.51,105.10,104.51,105.10,105.10,109.68,,105.10,,,400,41922.00,2,F1,1,,,,,
2026-08-03,2026-08-03,CM,NSE,STK,7011,IN0020110055,897GS2030,GS,,,,,GOI LOAN 8.97% 2030,111.00,111.00,111.00,111.00,111.00,111.00,,111.00,,,4000,444000.00,20,F1,1,,,,,
2026-08-03,2026-08-03,CM,NSE,STK,7039,IN0020130053,92GS2030,GS,,,,,GOI LOAN 9.20% 2030,115.00,115.00,113.99,113.99,113.99,114.84,,113.99,,,5227,598928.49,8,F1,1,,,,,
2026-08-03,2026-08-03,CM,NSE,STK,760166,IN002025Z476,364D250227,TB,,,,,GOI TBILL 364D-25/02/27,95.92,96.02,95.92,96.02,96.02,96.29,,96.02,,,200,19194.00,2,F1,100,,,,,
2026-08-03,2026-08-03,CM,NSE,STK,764330,IN002026Z177,364D290727,TB,,,,,GOI TBILL 364D-29/07/27,94.60,94.60,94.10,94.10,94.10,94.60,,94.10,,,5300,498880.00,3,F1,100,,,,,
2026-08-03,2026-08-03,CM,NSE,STK,31717,IN002026X107,91D100926,TB,,,,,GOI TBILL 91D-10/09/26,98.79,98.79,98.79,98.79,98.79,98.97,,98.79,,,1500,148185.00,1,F1,100,,,,,
2026-08-03,2026-08-03,CM,NSE,STK,763372,IN002026X065,91D130826,TB,,,,,GOI TBILL 91D-13/08/26,99.28,99.28,99.28,99.28,99.28,99.18,,99.28,,,64700,6423416.00,6,F1,100,,,,,
2026-08-03,2026-08-03,CM,NSE,STK,753772,IN002026X115,91D170926,TB,,,,,GOI TBILL 91D-17/09/26,98.66,99.00,98.66,99.00,99.00,98.70,,99.00,,,200,19766.00,2,F1,100,,,,,
2026-08-03,2026-08-03,CM,NSE,STK,763525,IN002026X073,91D200826,TB,,,,,GOI TBILL 91D-20/08/26,99.61,99.61,99.55,99.55,99.55,99.61,,99.55,,,40200,4004298.00,13,F1,100,,,,,
2026-08-03,2026-08-03,CM,NSE,STK,763624,IN002026X081,91D280826,TB,,,,,GOI TBILL 91D-28/08/26,99.45,99.45,99.35,99.35,99.35,99.45,,99.35,,,7000,696050.00,2,F1,100,,,,,
2026-08-03,2026-08-03,CM,NSE,STK,764328,IN002026X172,91D291026,TB,,,,,GOI TBILL 91D-29/10/26,98.00,98.50,98.00,98.50,98.50,98.69,,98.50,,,500,49150.00,5,F1,100,,,,,
2026-08-03,2026-08-03,CM,NSE,STK,11778,INE887G01027,GOKEX,EQ,,,,,GOKALDAS EXPORTS LTD.,818.95,835.85,810.00,816.80,813.05,814.95,,816.78,,,182653,150567240.95,8613,F1,1,,,,,
2026-08-03,2026-08-03,CM,NSE,STK,14480,INE314T01033,GOKULAGRO,EQ,,,,,GOKUL AGRO RESOURCES LTD,225.00,236.90,224.99,231.58,228.67,225.11,,231.55,,,704955,163348321.42,12395,F1,1,,,,,
2026-08-03,2026-08-03,CM,NSE,STK,16705,INE020J01029,GOKUL,EQ,,,,,GOKUL REFOILS & SOLV LTD,39.05,39.99,38.90,39.43,39.50,39.05,,39.42,,,148731,5879967.78,701,F1,1,,,,,
2026-08-03,2026-08-03,CM,NSE,STK,11619,INE973A01010,GOLDENTOBC,BZ,,,,,GOLDEN TOBACCO LIMITED,24.99,24.99,24.05,24.85,24.85,24.99,,24.85,,,594,14772.21,30,F1,1,,,,,
2026-08-03,2026-08-03,CM,NSE,STK,11971,INE025B01025,GOLDIAM,EQ,,,,,GOLDIAM INTERNATIONAL LTD,376.00,381.45,361.10,362.95,361.10,375.70,,362.95,,,765796,282832592.00,14792,F1,1,,,,,
2026-08-03,2026-08-03,CM,NSE,STK,13616,INE06MH01016,GOLDKART,SM,,,,,GOLDKART JEWELS LIMITED,99.35,99.35,99.35,99.35,99.35,104.55,,99.35,,,1250,124187.50,2,F1,625,,,,,
2026-08-03,2026-08-03,CM,NSE,STK,1,INE405Y01021,GOLDSTAR,SM,,,,,GOLDSTAR POWER LIMITED,7.15,7.15,6.90,6.90,6.90,6.95,,6.90,,,22500,158062.50,2,F1,11250,,,,,
2026-08-03,2026-08-03,CM,NSE,STK,6125,INE127I01024,GOODLUCK,EQ,,,,,GOODLUCK INDIA LIMITED,1518.90,1535.40,1496.20,1507.20,1501.80,1517.50,,1507.15,,,132434,200524152.60,14053,F1,1,,,,,
2026-08-03,2026-08-03,CM,NSE,STK,1205,INE533A01012,GOODYEAR,EQ,,,,,GOODYEAR INDIA LIMITED,839.00,862.95,835.15,857.15,857.80,833.25,,857.21,,,84106,71745621.05,4402,F1,1,,,,,
2026-08-03,2026-08-03,CM,NSE,STK,23066,INE0L9R01028,GOPAL,EQ,,,,,GOPAL SNACKS LIMITED,273.00,281.15,273.00,278.90,276.35,270.50,,278.87,,,275249,76278033.55,9747,F1,1,,,,,
2026-08-03,2026-08-03,CM,NSE,STK,11787,INE705X01026,GOYALALUM,EQ,,,,,GOYAL ALUMINIUMS LIMITED,6.44,6.69,6.44,6.58,6.60,6.52,,6.58,,,53149,349422.02,383,F1,1,,,,,
2026-08-03,2026-08-03,CM,NSE,STK,19356,INE0QFE01017,GOYALSALT,SM,,,,,GOYAL SALT LIMITED,115.00,115.00,115.00,115.00,115.00,113.00,,115.00,,,600,69000.00,1,F1,600,,,,,
2026-08-03,2026-08-03,CM,NSE,STK,24113,INE0S7E01015,GPECO,ST,,,,,GP ECO SOLUTIONS INDIA L,426.00,426.00,418.20,422.55,418.20,428.00,,422.55,,,10000,4201610.00,42,F1,200,,,,,
2026-08-03,2026-08-03,CM,NSE,STK,11584,INE586G01017,GULFPETRO,BE,,,,,GP PETROLEUMS LIMITED,52.45,52.45,52.45,52.45,52.45,49.96,,52.45,,,204084,10704205.80,429,F1,1,,,,,
2026-08-03,2026-08-03,CM,NSE,STK,22846,INE486R01017,GPTHEALTH,EQ,,,,,GPT HEALTHCARE LIMITED,169.64,170.00,163.00,163.94,163.04,170.49,,163.91,,,509164,84672998.04,7818,F1,1,,,,,
2026-08-03,2026-08-03,CM,NSE,STK,17685,INE390G01014,GPTINFRA,EQ,,,,,GPT INFRAPROJECTS LTD,117.00,118.85,113.50,114.02,114.08,118.62,,114.02,,,251340,28916988.41,3209,F1,1,,,,,
2026-08-03,2026-08-03,CM,NSE,STK,763301,INE361K01017,GRADIENTE,BE,,,,,GRADIENTE INFOTAINMENT L,2.84,2.84,2.61,2.78,2.79,2.74,,2.78,,,204269,554197.16,125,F1,1,,,,,
2026-08-03,2026-08-03,CM,NSE,STK,30289,INE12E301017,GCHOTELS,ST,,,,,GRAND CONTINENT HOTELS L,108.20,111.00,103.55,109.50,109.00,109.00,,109.50,,,99000,10458840.00,99,F1,600,,,,,
2026-08-03,2026-08-03,CM,NSE,STK,11079,INE534A01028,GFSTEELS,BE,,,,,GRAND FOUNDRY LTD,14.29,14.29,14.29,14.29,14.29,14.29,,13.49,,,1359,19420.11,8,F1,1,,,,,
2026-08-03,2026-08-03,CM,NSE,STK,762695,INE926B01016,GRANDOAK,EQ,,,,,GRAND OAK CANYONS DIST L,35.90,36.59,35.00,36.59,36.59,34.85,,37.35,,,6500,235018.47,119,F1,1,,,,,
2026-08-03,2026-08-03,CM,NSE,STK,11872,INE101D01020,GRANULES,EQ,,,,,GRANULES INDIA LIMITED,827.80,848.65,814.20,843.20,838.00,824.65,,843.09,,,957769,803895487.75,40900,F1,1,,,,,
2026-08-03,2026-08-03,CM,NSE,STK,20454,INE0POU01017,GRAPHISAD,SM,,,,,GRAPHISADS LIMITED,29.50,29.50,28.50,28.50,28.50,29.80,,28.50,,,2400,69600.00,2,F1,1200,,,,,
2026-08-03,2026-08-03,CM,NSE,STK,592,INE371A01025,GRAPHITE,EQ,,,,,GRAPHITE INDIA LTD,657.00,672.00,654.35,657.95,659.90,656.40,,657.90,,,878541,581838281.65,19853,F1,1,,,,,
2026-08-03,2026-08-03,CM,NSE,STK,1232,INE047A01021,GRASIM,EQ,,,,,GRASIM INDUSTRIES LTD,3120.00,3260.00,3103.10,3260.00,3260.00,3100.80,,3259.67,,,393816,1240290032.30,27419,F1,1,,,,,
2026-08-03,2026-08-03,CM,NSE,STK,5200,INE266D01021,GRAUWEIL,EQ,,,,,GRAUER & WEIL IND LTD,77.37,79.80,76.83,78.76,77.90,76.56,,78.76,,,236764,18585724.21,6971,F1,1,,,,,
2026-08-03,2026-08-03,CM,NSE,STK,762700,INE214F01026,GRAVISSHO,EQ,,,,,GRAVISS HOSPITALITY LTD.,30.00,31.00,29.35,30.99,30.99,30.83,,30.99,,,4462,135623.08,45,F1,1,,,,,
2026-08-03,2026-08-03,CM,NSE,STK,20534,INE024L01027,GRAVITA,EQ,,,,,GRAVITA INDIA LIMITED,1624.40,1673.00,1613.20,1663.90,1663.50,1616.40,,1663.82,,,268858,443056924.60,16762,F1,1,,,,,
2026-08-03,2026-08-03,CM,NSE,STK,1235,INE224A01026,GREAVESCOT,EQ,,,,,GREAVES COTTON LTD.,240.00,241.85,231.20,232.67,233.00,238.05,,232.68,,,1179564,278826185.17,19485,F1,1,,,,,
2026-08-03,2026-08-03,CM,NSE,STK,17092,INE0O7P01015,GREENCHEF,SM,,,,,GREENCHEF APPLIANCES LTD,53.95,53.95,51.00,52.00,52.00,51.45,,52.00,,,8000,417640.00,9,F1,800,,,,,
2026-08-03,2026-08-03,CM,NSE,STK,6848,INE544R01021,GREENLAM,EQ,,,,,GREENLAM INDUSTRIES LTD.,252.00,257.70,250.25,251.70,250.80,251.90,,251.69,,,52394,13252948.40,2475,F1,1,,,,,
2026-08-03,2026-08-03,CM,NSE,STK,759427,INE0PLX01017,GREENLEAF,ST,,,,,GREENLEAF ENVIROTECH LTD,115.00,115.00,110.40,111.60,111.60,115.85,,111.60,,,7000,783600.00,7,F1,1000,,,,,
2026-08-03,2026-08-03,CM,NSE,STK,13810,INE08ZM01014,GREENPANEL,EQ,,,,,GREENPANEL INDUSTRIES LTD,194.01,197.50,193.42,196.72,196.30,193.02,,196.73,,,66735,13063815.74,3183,F1,1,,,,,
2026-08-03,2026-08-03,CM,NSE,STK,3987,INE461C01038,GREENPLY,EQ,,,,,GREENPLY INDUSTRIES LTD,289.95,295.90,285.25,287.40,285.25,284.75,,287.37,,,195013,56843356.40,5083,F1,1,,,,,
2026-08-03,2026-08-03,CM,NSE,STK,758986,INE199P01028,GCSL,EQ,,,,,GRETEX CORPORATE SERVICES,528.95,528.95,506.00,508.75,508.15,520.55,,508.75,,,596679,305739022.55,5707,F1,1,,,,,
2026-08-03,2026-08-03,CM,NSE,STK,13560,INE536A01023,GRINDWELL,EQ,,,,,GRINDWELL NORTON LIMITED,2130.90,2146.20,2061.00,2087.80,2080.00,2120.20,,2086.43,,,21035,44260379.50,5322,F1,1,,,,,
2026-08-03,2026-08-03,CM,NSE,STK,10871,INE192H01020,GRMOVER,EQ,,,,,GRM OVERSEAS LIMITED,89.73,96.49,89.10,94.88,93.56,89.73,,94.90,,,2999165,280125970.24,91407,F1,1,,,,,
2026-08-03,2026-08-03,CM,NSE,STK,760971,INE1TY801010,GJL,ST,,,,,GROVER JEWELLS LIMITED,171.00,171.25,167.10,170.00,170.00,163.10,,170.00,,,32000,5403440.00,14,F1,800,,,,,
2026-08-03,2026-08-03,CM,NSE,STK,764285,INF666M01PH7,CEMNTGROWW,EQ,,,,,GROWWAMC - CEMNTGROWW,15.55,15.55,15.24,15.49,15.50,15.23,,15.49,,,79261,1221648.70,515,F1,1,,,,,
2026-08-03,2026-08-03,CM,NSE,STK,760051,INF666M01MM4,GROWWCAPM,EQ,,,,,GROWWAMC - GROWWCAPM,11.27,11.31,11.07,11.12,11.17,11.22,,11.12,,,601299,6707730.65,1335,F1,1,,,,,
2026-08-03,2026-08-03,CM,NSE,STK,760673,INF666M01NP5,GROWWCHEM,EQ,,,,,GROWWAMC - GROWWCHEM,30.24,30.95,30.12,30.45,30.95,30.24,,30.45,,,121420,3703787.41,290,F1,1,,,,,
2026-08-03,2026-08-03,CM,NSE,STK,25758,INF666M01IO8,GROWWDEFNC,EQ,,,,,GROWWAMC - GROWWDEFNC,93.17,94.67,93.17,94.22,93.40,93.16,,94.22,,,250272,23553224.79,3635,F1,1,,,,,
2026-08-03,2026-08-03,CM,NSE,STK,24798,INF666M01IH2,GROWWEV,EQ,,,,,GROWWAMC - GROWWEV,32.66,33.32,32.45,33.15,33.22,32.66,,33.15,,,637915,21076070.56,3565,F1,1,,,,,
2026-08-03,2026-08-03,CM,NSE,STK,25872,INF666M01OE7,GROWWGOLD,EQ,,,,,GROWWAMC - GROWWGOLD,13.85,13.91,13.80,13.85,13.83,13.85,,13.85,,,970075,13455525.26,5398,F1,1,,,,,
2026-08-03,2026-08-03,CM,NSE,STK,760874,INF666M01OD9,GROWWHOSPI,EQ,,,,,GROWWAMC - GROWWHOSPI,54.37,55.22,54.00,54.08,54.51,54.37,,54.08,,,555963,30230102.84,1609,F1,1,,,,,
2026-08-03,2026-08-03,CM,NSE,STK,25447,INF666M01IP5,GROWWLIQID,EQ,,,,,GROWWAMC - GROWWLIQID,110.18,110.19,110.18,110.18,110.19,110.17,,110.18,,,418290,46089950.80,358,F1,1,,,,,
2026-08-03,2026-08-03,CM,NSE,STK,758300,INF666M01LB9,GROWWLOVOL,EQ,,,,,GROWWAMC - GROWWLOVOL,10.52,10.87,10.52,10.70,10.75,10.62,,10.70,,,9128,97670.64,150,F1,1,,,,,
2026-08-03,2026-08-03,CM,NSE,STK,759719,INF666M01MV5,GROWWMC150,EQ,,,,,GROWWAMC - GROWWMC150,234.58,235.85,228.99,232.82,232.48,231.23,,232.82,,,3130,734604.97,49,F1,1,,,,,
2026-08-03,2026-08-03,CM,NSE,STK,760438,INF666M01NI0,GROWWMETAL,EQ,,,,,GROWWAMC - GROWWMETAL,12.14,12.40,12.14,12.24,12.25,12.14,,12.24,,,540113,6613515.03,2310,F1,1,,,,,
2026-08-03,2026-08-03,CM,NSE,STK,756086,INF666M01KJ4,GROWWMOM50,EQ,,,,,GROWWAMC - GROWWMOM50,11.07,11.07,10.64,10.75,10.74,10.67,,10.75,,,171803,1845033.65,680,F1,1,,,,,
2026-08-03,2026-08-03,CM,NSE,STK,29872,INF666M01JV1,GROWWN200,EQ,,,,,GROWWAMC - GROWWN200,11.54,11.61,11.39,11.56,11.41,11.40,,11.56,,,83575,965652.74,424,F1,1,,,,,
2026-08-03,2026-08-03,CM,NSE,STK,757814,INF666M01LI4,GROWWNET,EQ,,,,,GROWWAMC - GROWWNET,10.00,10.35,10.00,10.31,10.35,10.04,,10.31,,,844267,8658922.73,2071,F1,1,,,,,
2026-08-03,2026-08-03,CM,NSE,STK,758697,INF666M01LL8,GROWWNIFTY,EQ,,,,,GROWWAMC - GROWWNIFTY,9.85,10.00,9.71,9.89,9.92,9.85,,9.89,,,1349589,13416504.01,12426,F1,1,,,,,
2026-08-03,2026-08-03,CM,NSE,STK,759458,INF666M01LZ8,GROWWNXT50,EQ,,,,,GROWWAMC - GROWWNXT50,73.88,76.79,73.67,76.32,74.60,73.67,,76.32,,,9217,690219.22,199,F1,1,,,,,
2026-08-03,2026-08-03,CM,NSE,STK,758165,INF666M01LM6,GROWWPOWER,EQ,,,,,GROWWAMC - GROWWPOWER,11.69,11.69,11.52,11.62,11.60,11.56,,11.62,,,1228437,14277556.77,2893,F1,1,,,,,
2026-08-03,2026-08-03,CM,NSE,STK,760976,INF666M01NQ3,GROWWPSE,EQ,,,,,GROWWAMC - GROWWPSE,100.00,101.80,97.50,100.17,101.80,99.52,,100.17,,,4047,405166.42,54,F1,1,,,,,
2026-08-03,2026-08-03,CM,NSE,STK,761514,INF666M01OG2,GROWWPSUBK,EQ,,,,,GROWWAMC - GROWWPSUBK,84.90,85.45,83.10,84.80,84.54,83.75,,84.80,,,4423,375706.61,114,F1,1,,,,,
2026-08-03,2026-08-03,CM,NSE,STK,29527,INF666M01JJ6,GROWWRAIL,EQ,,,,,GROWWAMC - GROWWRAIL,29.25,30.00,29.04,29.78,30.00,29.02,,29.77,,,1569075,46366888.81,4445,F1,1,,,,,
2026-08-03,2026-08-03,CM,NSE,STK,759428,INF666M01MN2,GROWWRLTY,EQ,,,,,GROWWAMC - GROWWRLTY,10.30,10.30,9.97,10.09,10.12,10.11,,10.09,,,328115,3326215.06,635,F1,1,,,,,
2026-08-03,2026-08-03,CM,NSE,STK,759522,INF666M01MO0,GROWWSC250,EQ,,,,,GROWWAMC - GROWWSC250,10.35,10.55,10.14,10.51,10.52,10.34,,10.51,,,343921,3597872.41,687,F1,1,,,,,
2026-08-03,2026-08-03,CM,NSE,STK,756827,INF666M01OF4,GROWWSLVR,EQ,,,,,GROWWAMC - GROWWSLVR,21.23,21.36,21.12,21.15,21.16,21.16,,21.15,,,1175641,24930633.33,3183,F1,1,,,,,
2026-08-03,2026-08-03,CM,NSE,STK,763572,INF666M01OT5,PVTBKGROWW,EQ,,,,,GROWWAMC - PVTBKGROWW,27.84,27.94,27.51,27.79,27.89,27.50,,27.79,,,14226,395548.56,186,F1,1,,,,,
2026-08-03,2026-08-03,CM,NSE,STK,751745,INF666M01PG9,SMALLGROWW,EQ,,,,,GROWWAMC - SMALLGROWW,47.36,47.70,46.71,47.56,47.69,46.92,,47.56,,,7049,334559.89,117,F1,1,,,,,
2026-08-03,2026-08-03,CM,NSE,STK,6543,INE137I01015,GRPLTD,EQ,,,,,GRP LIMITED,2100.00,2143.40,2011.30,2028.70,2011.30,2098.20,,2029.06,,,3607,7559626.10,765,F1,1,,,,,
2026-08-03,2026-08-03,CM,NSE,STK,23888,INE0SQY01018,GSMFOILS,SM,,,,,GSM FOILS LIMITED,172.35,172.35,172.35,172.35,172.35,191.50,,172.35,,,56000,9651600.00,69,F1,500,,,,,
2026-08-03,2026-08-03,CM,NSE,STK,762239,INE713R01022,GSPCROP,EQ,,,,,GSP CROP SCIENCE LIMITED,582.00,594.00,580.75,587.85,593.00,582.95,,587.85,,,191658,112237242.25,4727,F1,1,,,,,
2026-08-03,2026-08-03,CM,NSE,STK,15347,INE871H01011,GSS,EQ,,,,,GSS INFOTECH LIMITED,12.82,13.82,12.64,13.79,13.81,12.57,,13.79,,,165823,2241040.06,493,F1,1,,,,,
2026-08-03,2026-08-03,CM,NSE,STK,13745,INE221H01019,GTLINFRA,EQ,,,,,GTL INFRA.LTD,1.24,1.34,1.23,1.31,1.32,1.23,,1.31,,,69477266,90251868.54,16218,F1,1,,,,,
2026-08-03,2026-08-03,CM,NSE,STK,1162,INE043A01012,GTL,EQ,,,,,GTL LTD,7.39,7.60,7.30,7.44,7.46,7.29,,7.44,,,241270,1789473.95,775,F1,1,,,,,
2026-08-03,2026-08-03,CM,NSE,STK,21195,INE869I01013,GTPL,EQ,,,,,GTPL HATHWAY LIMITED,61.35,61.35,59.66,59.95,59.99,59.90,,59.98,,,18323,1099580.73,254,F1,1,,,,,
2026-08-03,2026-08-03,CM,NSE,STK,11606,INE742B01025,GUFICBIO,EQ,,,,,GUFIC BIOSCIENCES LTD.,390.45,397.35,386.55,390.50,395.00,389.85,,390.51,,,35368,13845583.90,1567,F1,1,,,,,
2026-08-03,2026-08-03,CM,NSE,STK,1145,INE162A01010,GIPCL,EQ,,,,,GUJ IND POW CO. LTD,163.00,164.00,161.10,161.48,161.90,161.17,,161.48,,,180171,29218397.45,1941,F1,1,,,,,
2026-08-03,2026-08-03,CM,NSE,STK,1174,INE113A01013,GNFC,EQ,,,,,GUJ NAR VAL FER & CHEM L,514.95,529.85,512.10,516.10,515.00,510.30,,516.11,,,378921,196693755.70,14264,F1,1,,,,,
2026-08-03,2026-08-03,CM,NSE,STK,1247,INE026A01025,GSFC,EQ,,,,,GUJ STATE FERT & CHEM LTD,160.20,161.95,159.99,160.81,160.69,158.84,,160.81,,,286583,46113486.94,3970,F1,1,,,,,
2026-08-03,2026-08-03,CM,NSE,STK,14677,INE826C01016,GUJAPOLLO,EQ,,,,,GUJ. APOLLO IND. LTD.,385.00,385.00,346.15,364.00,363.75,344.35,,364.08,,,25548,9369235.60,1217,F1,1,,,,,
2026-08-03,2026-08-03,CM,NSE,STK,1267,INE186A01019,GUJALKALI,EQ,,,,,GUJARAT ALKALIES & CHEM,689.00,719.00,680.05,697.25,696.45,670.80,,697.22,,,465124,328927918.55,18113,F1,1,,,,,
2026-08-03,2026-08-03,CM,NSE,STK,8828,INE036B01030,GAEL,EQ,,,,,GUJARAT AMBUJA EXPORTS LT,178.00,182.00,171.52,180.68,180.47,172.11,,180.68,,,8639340,1532679001.02,71059,F1,1,,,,,
2026-08-03,2026-08-03,CM,NSE,STK,10599,INE844O01030,GUJENERGY,EQ,,,,,GUJARAT ENERGY LIMITED,277.30,281.90,274.80,277.55,275.90,274.50,,277.64,,,670676,186446683.50,28482,F1,1,,,,,
2026-08-03,2026-08-03,CM,NSE,STK,13750,INE09N301011,FLUOROCHEM,EQ,,,,,GUJARAT FLUOROCHEM LTD,4386.70,4523.90,4376.80,4483.50,4379.00,4366.80,,4480.13,,,125504,560441422.90,14079,F1,1,,,,,
2026-08-03,2026-08-03,CM,NSE,STK,761197,INE0V0W01025,GKSL,EQ,,,,,GUJARAT KIDNEY N SUP SP L,127.00,129.00,126.75,127.74,127.00,127.32,,127.80,,,49403,6292912.30,1152,F1,1,,,,,
2026-08-03,2026-08-03,CM,NSE,STK,8412,INE540A01017,GLFL,BE,,,,,GUJARAT LEASE FINANCING L,5.91,6.15,5.60,5.85,5.85,5.89,,5.85,,,2338,13678.34,24,F1,1,,,,,
2026-08-03,2026-08-03,CM,NSE,STK,5204,INE131A01031,GMDCLTD,EQ,,,,,GUJARAT MINERAL DEV CORP,562.00,569.00,558.25,561.00,560.50,564.25,,561.01,,,769090,433362771.40,19481,F1,1,,,,,
2026-08-03,2026-08-03,CM,NSE,STK,762690,INE207H01018,GNRL,EQ,,,,,GUJARAT NATURAL RES L,93.50,94.90,92.31,93.23,93.00,93.46,,93.30,,,63887,5959471.34,788,F1,1,,,,,
2026-08-03,2026-08-03,CM,NSE,STK,19731,INE517F01014,GPPL,EQ,,,,,GUJARAT PIPAVAV PORT LTD,151.45,152.79,150.50,151.37,151.60,150.27,,151.34,,,879659,133316476.89,12843,F1,1,,,,,
2026-08-03,2026-08-03,CM,NSE,STK,4548,INE610B01024,GUJRAFFIA,EQ,,,,,GUJARAT RAFFIA INDUST LTD,39.15,41.38,39.01,39.59,39.01,39.65,,39.59,,,1607,63821.88,38,F1,1,,,,,
2026-08-03,2026-08-03,CM,NSE,STK,29731,INE942C01045,GUJTHEM,EQ,,,,,GUJARAT THEMIS BIOSYN LTD,356.30,361.30,354.10,356.60,359.00,358.05,,356.33,,,35793,12856004.20,791,F1,1,,,,,
2026-08-03,2026-08-03,CM,NSE,STK,4391,INE635Q01029,GULFOILLUB,EQ,,,,,GULF OIL LUB. IND. LTD.,1072.90,1121.00,1072.90,1115.10,1117.00,1069.30,,1115.05,,,143329,158857715.30,10243,F1,1,,,,,
2026-08-03,2026-08-03,CM,NSE,STK,6286,INE255D01024,GULPOLY,EQ,,,,,GULSHAN POLYOLS LIMITED,199.00,206.99,196.61,198.50,197.55,197.32,,198.47,,,442709,89573819.76,7264,F1,1,,,,,
2026-08-03,2026-08-03,CM,NSE,STK,759264,INE1CCX01012,GURUNANAK,ST,,,,,GURUNANAK AGRICULTUR IN L,40.00,40.00,40.00,40.00,40.00,40.00,,40.00,,,1600,64000.00,1,F1,1600,,,,,
2026-08-03,2026-08-03,CM,NSE,STK,13229,INE251H01024,GVKPIL,BE,,,,,GVK POW. & INFRA LTD.,2.39,2.42,2.35,2.39,2.40,2.39,,2.39,,,601035,1435651.95,937,F1,1,,,,,
2026-08-03,2026-08-03,CM,NSE,STK,10865,INE382T01030,GVPTECH,EQ,,,,,GVP INFOTECH LIMITED,7.24,7.24,6.95,7.06,7.09,7.03,,7.06,,,63841,450887.30,302,F1,1,,,,,
2026-08-03,2026-08-03,CM,NSE,STK,764050,INE724A01017,GYFTR,EQ,,,,,GYFTR LIMITED,158.00,168.00,156.00,161.69,163.70,159.68,,161.78,,,44488,7203333.21,729,F1,1,,,,,
2026-08-03,2026-08-03,CM,NSE,STK,762712,INE640B01021,HBESD,EQ,,,,,H B ESTATE DEVELOPERS L,73.00,78.94,73.00,75.00,75.00,75.03,,75.00,,,1436,110125.70,37,F1,1,,,,,
2026-08-03,2026-08-03,CM,NSE,STK,1672,INE926X01010,HGINFRA,EQ,,,,,H.G.INFRA ENGINEERING LTD,538.55,548.00,538.00,546.85,547.30,538.55,,546.81,,,48918,26647130.20,4070,F1,1,,,,,
2026-08-03,2026-08-03,CM,NSE,STK,760715,INE115S01010,HALDER,EQ,,,,,HALDER VENTURE LIMITED,240.44,260.00,240.44,255.00,258.00,247.11,,254.64,,,27523,6841548.91,319,F1,1,,,,,
2026-08-03,2026-08-03,CM,NSE,STK,762708,INE506D01020,HALDYNGL,BE,,,,,HALDYN GLASS LTD.,120.61,126.26,120.61,126.26,126.26,120.25,,126.19,,,151391,18944788.51,384,F1,1,,,,,
2026-08-03,2026-08-03,CM,NSE,STK,21551,INE320X01016,HALEOSLABS,EQ,,,,,HALEOS LABS LIMITED,1541.20,1590.00,1541.20,1589.00,1590.00,1530.80,,1589.00,,,302,474758.20,59,F1,1,,,,,
2026-08-03,2026-08-03,CM,NSE,STK,13592,INE596H01014,HGM,EQ,,,,,HANDSON GBL MNGMNT LTD,52.70,52.70,48.50,49.45,49.49,50.31,,49.50,,,18981,932759.90,107,F1,1,,,,,
2026-08-03,2026-08-03,CM,NSE,STK,48,INE419U01012,HAPPSTMNDS,EQ,,,,,HAPPIEST MINDS TECHNO LTD,377.20,387.00,371.35,384.00,382.00,377.20,,383.98,,,1063697,405332893.20,32628,F1,1,,,,,
2026-08-03,2026-08-03,CM,NSE,STK,20854,INE330T01021,HAPPYFORGE,EQ,,,,,HAPPY FORGINGS LIMITED,1668.00,1710.50,1652.80,1699.20,1710.00,1652.70,,1699.20,,,56505,95592993.20,7104,F1,1,,,,,
2026-08-03,2026-08-03,CM,NSE,STK,757665,INE0TLP01015,WHITEFORCE,SM,,,,,HAPPY SQUARE OUTSOURC S L,39.30,39.30,39.00,39.00,39.00,35.95,,39.00,,,6400,250080.00,4,F1,1600,,,,,
2026-08-03,2026-08-03,CM,NSE,STK,764131,INE1GFG01011,HAPPY,SM,,,,,HAPPY STEELS LIMITED,61.20,63.00,59.55,60.10,60.10,60.05,,60.10,,,38000,2306100.00,19,F1,2000,,,,,
2026-08-03,2026-08-03,CM,NSE,STK,8962,INE626Z01029,HARDWYN,EQ,,,,,HARDWYN INDIA LIMITED,11.30,11.55,11.16,11.23,11.28,11.27,,11.23,,,2675789,30125436.23,1971,F1,1,,,,,
2026-08-03,2026-08-03,CM,NSE,STK,8968,INE00EV01017,HARIOMPIPE,EQ,,,,,HARIOM PIPE INDUSTRIES L,391.00,408.50,391.00,402.70,401.00,390.50,,402.74,,,229192,92193881.60,4862,F1,1,,,,,
2026-08-03,2026-08-03,CM,NSE,STK,1313,INE544A01019,HARRMALAYA,EQ,,,,,HARRISON MALAYALAM LTD,215.55,220.00,212.25,214.63,214.53,215.55,,214.65,,,10527,2281188.44,454,F1,1,,,,,
2026-08-03,2026-08-03,CM,NSE,STK,11162,INE0JUS01029,HARSHA,EQ,,,,,HARSHA ENGINEERS INT LTD,402.55,409.00,402.55,407.55,407.50,401.05,,407.56,,,61608,25049326.70,2411,F1,1,,,,,
2026-08-03,2026-08-03,CM,NSE,STK,18154,INE982F01036,HATHWAY,EQ,,,,,HATHWAY CABLE & DATACOM,10.77,11.13,10.77,11.05,10.96,10.77,,11.06,,,1971674,21635064.06,2723,F1,1,,,,,
2026-08-03,2026-08-03,CM,NSE,STK,3892,INE473B01035,HATSUN,EQ,,,,,HATSUN AGRO PRODUCT LTD.,877.00,894.45,877.00,884.80,886.00,885.40,,884.84,,,18783,16597051.60,1691,F1,1,,,,,
2026-08-03,2026-08-03,CM,NSE,STK,9819,INE176B01034,HAVELLS,EQ,,,,,HAVELLS INDIA LIMITED,1261.90,1287.30,1259.10,1285.00,1285.00,1260.70,,1283.28,,,1214090,1548265998.00,29693,F1,1,,,,,
2026-08-03,2026-08-03,CM,NSE,STK,4444,INE979B01015,HAWKINCOOK,EQ,,,,,HAWKINS COOKERS LTD,8500.50,8649.50,8400.00,8496.50,8450.00,8549.50,,8505.91,,,984,8410642.00,513,F1,1,,,,,
2026-08-03,2026-08-03,CM,NSE,STK,4116,INE550B01022,HBSL,EQ,,,,,HB STOCKHOLDINGS LIMITED,52.60,52.74,49.95,50.50,50.50,48.00,,50.50,,,3507,179594.29,118,F1,1,,,,,
2026-08-03,2026-08-03,CM,NSE,STK,13966,INE292B01021,HBLENGINE,EQ,,,,,HBL ENGINEERING LTD,724.00,741.70,721.65,739.20,736.05,718.70,,739.19,,,967783,711993258.60,27827,F1,1,,,,,
2026-08-03,2026-08-03,CM,NSE,STK,1327,INE236A01020,HCL-INSYS,EQ,,,,,HCL INFOSYSTEMS LTD,11.53,11.89,11.42,11.66,11.61,11.39,,11.65,,,218623,2544068.88,885,F1,1,,,,,
2026-08-03,2026-08-03,CM,NSE,STK,7229,INE860A01027,HCLTECH,EQ,,,,,HCL TECHNOLOGIES LTD,1352.00,1377.00,1343.50,1377.00,1377.00,1346.90,,1376.93,,,2314332,3137412666.60,101947,F1,1,,,,,
2026-08-03,2026-08-03,CM,NSE,STK,757772,INE756I01012,HDBFS,EQ,,,,,HDB FINANCIAL SERVICES L,690.00,697.00,681.40,684.85,685.00,686.35,,684.83,,,375358,258953554.90,20127,F1,1,,,,,
2026-08-03,2026-08-03,CM,NSE,STK,4244,INE127D01025,HDFCAMC,EQ,,,,,HDFC AMC LIMITED,2640.00,2644.80,2562.20,2600.60,2600.60,2615.80,,2600.53,,,534990,1384511957.80,49789,F1,1,,,,,
2026-08-03,2026-08-03,CM,NSE,STK,1333,INE040A01034,HDFCBANK,EQ,,,,,HDFC BANK LTD,753.05,756.85,750.05,753.00,753.00,748.15,,753.00,,,14827841,11164788358.50,392396,F1,1,,,,,
2026-08-03,2026-08-03,CM,NSE,STK,19543,INF179KC1981,HDFCGOLD,EQ,,,,,HDFC GOLD ETF,121.55,121.75,120.80,121.20,121.30,121.02,,121.20,,,3241656,392802041.38,13881,F1,1,,,,,
2026-08-03,2026-08-03,CM,NSE,STK,467,INE795G01014,HDFCLIFE,EQ,,,,,HDFC LIFE INS CO LTD,553.70,554.00,549.10,553.10,553.10,548.50,,553.09,,,2516331,1386270122.90,50997,F1,1,,,,,
2026-08-03,2026-08-03,CM,NSE,STK,14230,INF179KC1EZ4,HDFCBSE500,EQ,,,,,HDFCAMC - HDFCBSE500,37.86,38.40,37.83,38.25,38.32,37.80,,38.25,,,340883,13003658.96,414,F1,1,,,,,
2026-08-03,2026-08-03,CM,NSE,STK,11241,INF179KC1DJ0,HDFCGROWTH,EQ,,,,,HDFCAMC - HDFCGROWTH,121.96,124.00,121.96,123.35,122.97,121.81,,123.34,,,119630,14703993.14,679,F1,1,,,,,
2026-08-03,2026-08-03,CM,NSE,STK,18279,INF179KC1JG3,HDFCLIQUID,EQ,,,,,HDFCAMC - HDFCLIQUID,1072.06,1072.08,1072.06,1072.06,1072.06,1071.94,,1072.06,,,13186,14136270.85,55,F1,1,,,,,
2026-08-03,2026-08-03,CM,NSE,STK,11547,INF179KC1HU8,HDFCLOWVOL,EQ,,,,,HDFCAMC - HDFCLOWVOL,21.49,21.49,21.06,21.20,21.06,21.10,,21.22,,,17547,373111.59,136,F1,1,,,,,
2026-08-03,2026-08-03,CM,NSE,STK,14236,INF179KC1HT0,HDFCMID150,EQ,,,,,HDFCAMC - HDFCMID150,24.00,24.00,23.43,23.67,23.60,23.38,,23.66,,,458400,10844460.15,1941,F1,1,,,,,
2026-08-03,2026-08-03,CM,NSE,STK,11538,INF179KC1HV6,HDFCMOMENT,EQ,,,,,HDFCAMC - HDFCMOMENT,31.21,31.21,30.71,30.86,30.72,30.81,,30.86,,,163285,5061205.34,841,F1,1,,,,,
2026-08-03,2026-08-03,CM,NSE,STK,10619,INF179KC1HS2,HDFCNEXT50,EQ,,,,,HDFCAMC - HDFCNEXT50,76.09,76.09,74.63,75.30,74.90,75.19,,75.30,,,2537116,192224341.47,1585,F1,1,,,,,
2026-08-03,2026-08-03,CM,NSE,STK,10633,INF179KC1HR4,HDFCNIF100,EQ,,,,,HDFCAMC - HDFCNIF100,26.96,26.96,26.08,26.45,26.29,26.31,,26.45,,,50419,1338081.46,512,F1,1,,,,,
2026-08-03,2026-08-03,CM,NSE,STK,22433,INF179KC1HY0,HDFCNIFBAN,EQ,,,,,HDFCAMC - HDFCNIFBAN,59.13,59.55,58.63,59.00,59.40,58.91,,59.00,,,142086,8429611.51,757,F1,1,,,,,
2026-08-03,2026-08-03,CM,NSE,STK,12101,INF179KC1IA8,HDFCNIFIT,EQ,,,,,HDFCAMC - HDFCNIFIT,32.86,33.73,32.86,33.58,33.10,32.86,,33.58,,,196822,6569646.62,491,F1,1,,,,,
2026-08-03,2026-08-03,CM,NSE,STK,11591,INF179KC1965,HDFCNIFTY,EQ,,,,,HDFCAMC - HDFCNIFTY,274.00,281.16,271.50,275.72,273.79,274.31,,275.72,,,105484,29186283.96,1549,F1,1,,,,,
2026-08-03,2026-08-03,CM,NSE,STK,764336,INF179KC1KT4,HDFCNIMEG,EQ,,,,,HDFCAMC - HDFCNIMEG,130.42,132.00,128.04,130.70,131.79,127.24,,130.60,,,61917,7963547.17,59,F1,1,,,,,
2026-08-03,2026-08-03,CM,NSE,STK,12108,INF179KC1HZ7,HDFCPVTBAN,EQ,,,,,HDFCAMC - HDFCPVTBAN,28.34,28.50,28.10,28.39,28.45,28.09,,28.39,,,365678,10352276.45,744,F1,1,,,,,
2026-08-03,2026-08-03,CM,NSE,STK,11255,INF179KC1DL6,HDFCQUAL,EQ,,,,,HDFCAMC - HDFCQUAL,59.18,59.71,58.43,59.29,58.51,58.89,,59.33,,,52828,3147657.05,348,F1,1,,,,,
2026-08-03,2026-08-03,CM,NSE,STK,11593,INF179KC1HX2,HDFCSENSEX,EQ,,,,,HDFCAMC - HDFCSENSEX,86.21,90.64,86.21,89.02,89.19,88.43,,89.02,,,40131,3579603.71,860,F1,1,,,,,
2026-08-03,2026-08-03,CM,NSE,STK,10876,INF179KC1DI2,HDFCSILVER,EQ,,,,,HDFCAMC - HDFCSILVER,207.13,208.25,206.02,206.78,207.77,206.60,,206.78,,,2552996,528820930.71,12965,F1,1,,,,,
2026-08-03,2026-08-03,CM,NSE,STK,14233,INF179KC1FB2,HDFCSML250,EQ,,,,,HDFCAMC - HDFCSML250,180.67,183.50,180.67,183.38,183.45,180.67,,183.38,,,2334249,426848520.78,13856,F1,1,,,,,
2026-08-03,2026-08-03,CM,NSE,STK,11260,INF179KC1DK8,HDFCVALUE,EQ,,,,,HDFCAMC - HDFCVALUE,128.00,128.72,128.00,128.21,128.30,127.07,,128.21,,,5334,683931.61,105,F1,1,,,,,
2026-08-03,2026-08-03,CM,NSE,STK,22595,INF179KC1HW4,HDFCPSUBK,EQ,,,,,HDFCAMC HDFCPSUBK,86.30,86.30,83.93,84.83,83.93,84.61,,84.83,,,276802,23756942.09,523,F1,1,,,,,
2026-08-03,2026-08-03,CM,NSE,STK,19205,INE759V01019,HEADSUP,EQ,,,,,HEADS UP VENTURES LIMITED,6.98,6.98,6.53,6.79,6.78,6.53,,6.79,,,16070,109749.01,65,F1,1,,,,,
2026-08-03,2026-08-03,CM,NSE,STK,20063,INE019J01013,HEALTHX,EQ,,,,,HEALTH X PLATFORM LIMITED,307.95,319.45,307.95,315.00,315.00,307.95,,315.00,,,21093,6624740.65,401,F1,1,,,,,
2026-08-03,2026-08-03,CM,NSE,STK,15555,INE075I01017,HCG,EQ,,,,,HEALTHCARE GLOB. ENT. LTD,684.00,684.00,663.90,671.75,672.75,671.20,,671.69,,,77076,52047178.85,10944,F1,1,,,,,
2026-08-03,2026-08-03,CM,NSE,STK,7425,INE558R01013,HECPROJECT,EQ,,,,,HEC INFRA PROJECTS LTD,132.22,138.40,132.18,135.49,137.70,131.53,,135.49,,,6912,930227.36,320,F1,1,,,,,
2026-08-03,2026-08-03,CM,NSE,STK,1336,INE545A01024,HEG,EQ,,,,,HEG LTD,661.00,671.80,652.40,665.25,666.00,657.25,,665.27,,,722406,480718929.30,15889,F1,1,,,,,
2026-08-03,2026-08-03,CM,NSE,STK,2316,INE578A01017,HEIDELBERG,EQ,,,,,HEIDELBERGCEMENT (I) LTD,153.10,155.89,153.10,155.51,155.88,152.69,,155.51,,,65037,10046126.89,1321,F1,1,,,,,
2026-08-03,2026-08-03,CM,NSE,STK,701,INE0AJG01018,HEMIPROP,EQ,,,,,HEMISPHERE PROP IND LTD,135.38,141.95,135.10,140.00,140.10,134.32,,140.00,,,1780008,248508750.15,9593,F1,1,,,,,
2026-08-03,2026-08-03,CM,NSE,STK,2614,INE694N01015,HERANBA,EQ,,,,,HERANBA INDUSTRIES LTD,179.57,187.18,178.48,182.74,182.62,179.57,,182.67,,,37947,6916161.92,1296,F1,1,,,,,
2026-08-03,2026-08-03,CM,NSE,STK,4598,INE978A01027,HERITGFOOD,EQ,,,,,HERITAGE FOODS LTD,334.30,339.30,333.35,335.10,335.75,330.15,,335.10,,,244425,82115212.25,3859,F1,1,,,,,
2026-08-03,2026-08-03,CM,NSE,STK,1348,INE158A01026,HEROMOTOCO,EQ,,,,,HERO MOTOCORP LIMITED,5425.00,5460.50,5388.00,5460.00,5460.00,5386.00,,5459.96,,,602971,3275218274.50,49858,F1,1,,,,,
2026-08-03,2026-08-03,CM,NSE,STK,7048,INE782E01017,HESTERBIO,EQ,,,,,HESTER BIOSCIENCES LTD,2477.00,2489.80,2420.00,2442.40,2423.20,2477.70,,2442.38,,,6340,15558052.80,1223,F1,1,,,,,
2026-08-03,2026-08-03,CM,NSE,STK,27008,INE750M01017,HEXATRADEX,EQ,,,,,HEXA TRADEX LIMITED,157.01,159.90,156.40,157.90,159.90,157.38,,157.91,,,3521,554559.90,74,F1,1,,,,,
2026-08-03,2026-08-03,CM,NSE,STK,750116,INE0JUI01012,HEXAGON,BE,,,,,HEXAGON NUTRITION LIMITED,65.29,66.99,64.00,66.35,66.98,64.19,,66.32,,,373945,24466212.91,1166,F1,1,,,,,
2026-08-03,2026-08-03,CM,NSE,STK,29666,INE093A01041,HEXT,EQ,,,,,HEXAWARE TECHNOLOGIES LTD,567.40,569.85,549.10,559.85,555.65,561.65,,559.84,,,676648,376300092.20,23743,F1,1,,,,,
2026-08-03,2026-08-03,CM,NSE,STK,21951,INE548A01028,HFCL,EQ,,,,,HFCL LIMITED,196.95,203.61,195.70,202.52,201.00,193.92,,202.60,,,39140552,7889481523.90,116664,F1,1,,,,,
2026-08-03,2026-08-03,CM,NSE,STK,18794,INE0PIC01017,HIGREEN,SM,,,,,HI GREEN CARBON LIMITED,138.00,141.80,137.00,140.50,141.80,138.70,,140.50,,,23200,3250480.00,29,F1,800,,,,,
2026-08-03,2026-08-03,CM,NSE,STK,2868,INE106T01025,HITECH,EQ,,,,,HI-TECH PIPES LIMITED,84.99,86.90,84.99,85.49,85.40,84.65,,85.49,,,552712,47611201.83,3505,F1,1,,,,,
2026-08-03,2026-08-03,CM,NSE,STK,759103,INE00RL01028,HILINFRA,EQ,,,,,HIGHWAY INFRASTRUCTURE L,46.48,47.20,45.71,47.00,47.20,45.90,,47.00,,,68684,3206343.40,542,F1,1,,,,,
2026-08-03,2026-08-03,CM,NSE,STK,9668,INE475B01022,HIKAL,EQ,,,,,HIKAL LIMITED,222.20,234.80,222.20,229.90,229.51,221.31,,229.91,,,575992,132580167.01,9340,F1,1,,,,,
2026-08-03,2026-08-03,CM,NSE,STK,14631,INE788H01017,HILTON,BE,,,,,HILTON METAL FORGING LTD,21.70,21.95,20.42,21.37,21.37,21.49,,21.37,,,164617,3425948.22,358,F1,1,,,,,
2026-08-03,2026-08-03,CM,NSE,STK,14334,INE019C01026,HSCL,EQ,,,,,HIMADRI SPECIALITY CHEM L,750.00,756.85,735.20,750.65,749.00,750.65,,750.53,,,3225995,2415731373.65,47263,F1,1,,,,,
2026-08-03,2026-08-03,CM,NSE,STK,1360,INE049A01027,HIMATSEIDE,EQ,,,,,HIMATSINGKA SEIDE LTD,79.99,81.82,79.99,80.99,80.75,79.23,,80.99,,,325428,26367904.26,2908,F1,1,,,,,
2026-08-03,2026-08-03,CM,NSE,STK,13890,INE835D01023,HIRECT,EQ,,,,,HIND RECTIFIER LIMITED,1344.00,1360.00,1319.90,1339.40,1330.00,1338.30,,1339.37,,,80334,107965199.70,6816,F1,1,,,,,
2026-08-03,2026-08-03,CM,NSE,STK,1363,INE038A01020,HINDALCO,EQ,,,,,HINDALCO  INDUSTRIES  LTD,990.00,994.90,981.35,994.90,994.90,974.45,,994.89,,,5617219,5552403552.20,161480,F1,1,,,,,
2026-08-03,2026-08-03,CM,NSE,STK,4920,INE642Y01029,HINDCON,EQ,,,,,HINDCON CHEMICALS LIMITED,24.44,24.44,23.06,23.15,23.11,24.03,,23.15,,,16892,398755.10,310,F1,1,,,,,
2026-08-03,2026-08-03,CM,NSE,STK,11796,INE05X901010,HPIL,EQ,,,,,HINDPRAKASH INDUSTRY LTD,125.00,130.99,123.21,127.74,127.65,126.08,,127.74,,,3083,392917.60,54,F1,1,,,,,
2026-08-03,2026-08-03,CM,NSE,STK,14712,INE170I01016,HGS,EQ,,,,,HINDUJA GLOBAL SOLS. LTD.,422.90,435.90,422.90,430.55,431.50,422.90,,430.55,,,25443,10958051.80,1424,F1,1,,,,,
2026-08-03,2026-08-03,CM,NSE,STK,2303,INE066F01020,HAL,EQ,,,,,HINDUSTAN AERONAUTICS LTD,4660.40,4699.00,4647.50,4690.00,4690.00,4646.50,,4689.93,,,466729,2180869526.80,36570,F1,1,,,,,
2026-08-03,2026-08-03,CM,NSE,STK,1372,INE310C01029,HINDCOMPOS,EQ,,,,,HINDUSTAN COMPOSITES LTD.,425.50,431.95,424.50,425.55,425.30,423.00,,425.55,,,3202,1366550.60,190,F1,1,,,,,
2026-08-03,2026-08-03,CM,NSE,STK,1375,INE549A01026,HCC,EQ,,,,,HINDUSTAN CONSTRUCTION CO,21.60,22.00,21.51,21.81,21.83,21.44,,21.81,,,13986818,305348163.76,16684,F1,1,,,,,
2026-08-03,2026-08-03,CM,NSE,STK,17939,INE531E01026,HINDCOPPER,EQ,,,,,HINDUSTAN COPPER LTD,495.00,498.50,491.00,495.05,493.95,491.60,,495.04,,,2755226,1363147565.75,45229,F1,1,,,,,
2026-08-03,2026-08-03,CM,NSE,STK,12173,INE254N01026,HNDFDS,EQ,,,,,HINDUSTAN FOODS LIMITED,580.00,593.90,573.80,589.05,587.55,574.65,,588.98,,,104727,61618101.00,10573,F1,1,,,,,
2026-08-03,2026-08-03,CM,NSE,STK,19211,INE871K01015,HMVL,EQ,,,,,HINDUSTAN MEDIA VENT LTD,93.10,95.50,92.70,95.08,95.50,94.63,,95.04,,,44985,4233503.53,752,F1,1,,,,,
2026-08-03,2026-08-03,CM,NSE,STK,1403,INE345A01011,HINDOILEXP,EQ,,,,,HINDUSTAN OIL EXPLORATION,161.00,162.00,158.00,161.13,161.00,161.29,,161.11,,,341878,54963813.07,4720,F1,1,,,,,
2026-08-03,2026-08-03,CM,NSE,STK,1406,INE094A01015,HINDPETRO,EQ,,,,,HINDUSTAN PETROLEUM CORP,396.90,398.85,392.10,395.00,395.00,389.75,,394.97,,,4909326,1940845881.35,38676,F1,1,,,,,
2026-08-03,2026-08-03,CM,NSE,STK,1394,INE030A01027,HINDUNILVR,EQ,,,,,HINDUSTAN UNILEVER LTD.,2107.00,2138.00,2105.30,2138.00,2138.00,2101.30,,2137.97,,,740649,1568908252.00,47718,F1,1,,,,,
2026-08-03,2026-08-03,CM,NSE,STK,1424,INE267A01025,HINDZINC,EQ,,,,,HINDUSTAN ZINC LIMITED,543.60,550.45,541.45,547.00,547.00,539.20,,546.96,,,2640411,1444607116.00,41138,F1,1,,,,,
2026-08-03,2026-08-03,CM,NSE,STK,15883,INE05AN01011,HINDWAREAP,EQ,,,,,HINDWARE HME INOVATON LTD,220.45,226.50,219.93,222.23,220.10,220.45,,222.19,,,78473,17567131.55,1627,F1,1,,,,,
2026-08-03,2026-08-03,CM,NSE,STK,19322,INE598C01011,HISARMETAL,EQ,,,,,HISAR METAL IND. LIMITED,146.00,151.00,144.00,146.47,146.50,147.29,,146.47,,,3008,443504.18,46,F1,1,,,,,
2026-08-03,2026-08-03,CM,NSE,STK,18457,INE07Y701011,POWERINDIA,EQ,,,,,HITACHI ENERGY INDIA LTD,32180.00,32380.00,31865.00,32000.00,32000.00,32175.00,,31997.59,,,57777,1856263810.00,19799,F1,1,,,,,
2026-08-03,2026-08-03,CM,NSE,STK,15165,INE120D01012,HITECHCORP,BE,,,,,HITECH CORPORATION LTD,321.00,324.00,319.00,319.20,319.05,320.20,,319.20,,,14716,4704418.00,116,F1,1,,,,,
2026-08-03,2026-08-03,CM,NSE,STK,2289,INE461D01028,HLEGLAS,EQ,,,,,HLE GLASCOAT LIMITED,433.00,434.00,420.10,422.85,424.00,426.90,,422.81,,,105745,44975490.05,4866,F1,1,,,,,
2026-08-03,2026-08-03,CM,NSE,STK,1448,INE102A01024,HLVLTD,EQ,,,,,HLV LIMITED,7.12,7.54,7.00,7.21,7.23,7.12,,7.21,,,374443,2689000.31,900,F1,1,,,,,
2026-08-03,2026-08-03,CM,NSE,STK,17053,INE0ECP01024,HMAAGRO,EQ,,,,,HMA AGRO INDUSTRIES LTD,20.51,21.50,20.51,20.89,20.90,20.52,,20.89,,,491190,10332577.26,1898,F1,1,,,,,
2026-08-03,2026-08-03,CM,NSE,STK,761797,INE2T2Q07162,87HMDA41,N0,,,,,HMDA 8.7% 2041 STRPP L,105409.78,105409.78,105409.78,105409.78,105409.78,100000.00,,105409.78,,,50,5270489.00,1,F1,1,,,,,
2026-08-03,2026-08-03,CM,NSE,STK,19698,INE262A01018,HMT,BZ,,,,,HMT LTD -,60.10,62.49,60.00,61.40,61.40,61.42,,60.70,,,8971,542174.24,93,F1,1,,,,,
2026-08-03,2026-08-03,CM,NSE,STK,23826,INE0S6S01017,HOACFOODS,ST,,,,,HOAC FOODS INDIA LIMITED,720.00,740.00,720.00,739.00,739.00,720.00,,739.00,,,6000,4395731.25,12,F1,375,,,,,
2026-08-03,2026-08-03,CM,NSE,STK,18649,INE0LXA01019,HOLMARC,SM,,,,,HOLMARC OPTO MECHATRO L,106.40,106.40,101.00,101.00,101.00,101.35,,101.00,,,6750,693712.50,7,F1,750,,,,,
2026-08-03,2026-08-03,CM,NSE,STK,2056,INE481N01025,HOMEFIRST,EQ,,,,,HOME FIRST FIN CO IND LTD,1193.50,1220.00,1168.00,1170.20,1173.00,1189.00,,1170.22,,,114585,136253296.10,11252,F1,1,,,,,
2026-08-03,2026-08-03,CM,NSE,STK,13526,INE0N7F01017,HOMESFY,SM,,,,,HOMESFY REALTY LIMITED,116.75,117.20,116.75,117.00,116.75,122.85,,117.00,,,3000,350460.00,7,F1,300,,,,,
2026-08-03,2026-08-03,CM,NSE,STK,19813,INE0J5401028,HONASA,EQ,,,,,HONASA CONSUMER LIMITED,447.25,461.80,437.30,458.20,460.00,449.55,,458.20,,,725342,329084776.25,27046,F1,1,,,,,
2026-08-03,2026-08-03,CM,NSE,STK,3138,INE634A01018,HONDAPOWER,EQ,,,,,HONDA I POWER PRODUCT LTD,2093.90,2126.60,2077.20,2096.00,2097.00,2093.90,,2095.98,,,6450,13528280.50,915,F1,1,,,,,
2026-08-03,2026-08-03,CM,NSE,STK,3417,INE671A01010,HONAUT,EQ,,,,,HONEYWELL AUTOMATION IND,38355.00,38945.00,38255.00,38570.00,38415.00,38155.00,,38570.47,,,3672,142102430.00,1930,F1,1,,,,,
2026-08-03,2026-08-03,CM,NSE,STK,17920,INE191I01012,HDIL,BZ,,,,,HOUSING DEV & INFRA LTD,1.63,1.69,1.63,1.65,1.65,1.67,,1.65,,,117720,196058.34,192,F1,1,,,,,
2026-08-03,2026-08-03,CM,NSE,STK,7376,INE0GSL01024,HPAL,EQ,,,,,HP ADHESIVES LIMITED,32.56,34.00,32.56,33.30,33.78,32.56,,33.30,,,49769,1663631.08,799,F1,1,,,,,
2026-08-03,2026-08-03,CM,NSE,STK,29875,INE0VA601019,HPTL,SM,,,,,HP TELECOM INDIA LIMITED,327.95,327.95,327.95,327.95,327.95,329.00,,327.95,,,1200,393540.00,1,F1,600,,,,,
2026-08-03,2026-08-03,CM,NSE,STK,18679,INE495S01016,HPL,EQ,,,,,HPL ELECTRIC & POWER LTD,335.00,342.00,335.00,335.95,335.15,332.45,,335.95,,,65003,21937722.95,2982,F1,1,,,,,
2026-08-03,2026-08-03,CM,NSE,STK,21107,INE0R3501012,HRHNEXT,SM,,,,,HRH NEXT SERVICES LIMITED,27.25,27.25,27.00,27.00,27.00,28.40,,27.00,,,7500,203175.00,5,F1,1500,,,,,
2026-08-03,2026-08-03,CM,NSE,STK,761506,INF336L01RX2,HSBCGOLD,EQ,,,,,HSBCAMC - HSBCGOLD,123.39,124.01,123.15,123.40,123.15,123.10,,123.40,,,15876,1963697.23,29,F1,1,,,,,
2026-08-03,2026-08-03,CM,NSE,STK,20825,INE031A01017,HUDCO,EQ,,,,,HSG & URBAN DEV CORPN LTD,195.90,200.39,195.90,199.38,198.01,195.10,,199.40,,,2281853,453018647.87,27349,F1,1,,,,,
2026-08-03,2026-08-03,CM,NSE,STK,11979,INE501G01024,HTMEDIA,EQ,,,,,HT MEDIA LIMITED,24.31,25.24,24.31,24.87,24.75,24.65,,24.84,,,44939,1122985.08,220,F1,1,,,,,
2026-08-03,2026-08-03,CM,NSE,STK,14203,INE703H01016,HUBTOWN,EQ,,,,,HUBTOWN LIMITED,190.88,194.00,188.00,190.51,192.99,190.58,,190.56,,,350784,67058431.04,4171,F1,1,,,,,
2026-08-03,2026-08-03,CM,NSE,STK,2562,INE275B01026,HUHTAMAKI,EQ,,,,,HUHTAMAKI INDIA LIMITED,298.00,310.70,295.50,300.00,299.70,298.14,,300.00,,,459416,139268004.05,9008,F1,1,,,,,
2026-08-03,2026-08-03,CM,NSE,STK,25708,INE0TO501019,HVAX,SM,,,,,HVAX TECHNOLOGIES LIMITED,640.00,640.00,640.00,640.00,640.00,640.95,,640.00,,,150,96000.00,1,F1,150,,,,,
2026-08-03,2026-08-03,CM,NSE,STK,12814,INE965B01022,HYBRIDFIN,BE,,,,,HYBRID FINANCIAL SERVICE,18.01,18.75,18.00,18.02,18.02,18.50,,18.21,,,8156,147789.63,73,F1,1,,,,,
2026-08-03,2026-08-03,CM,NSE,STK,25844,INE0V6F01027,HYUNDAI,EQ,,,,,HYUNDAI MOTOR INDIA LTD,2212.10,2247.60,2200.00,2207.00,2207.00,2180.70,,2206.93,,,1774484,3937356931.20,72254,F1,1,,,,,
2026-08-03,2026-08-03,CM,NSE,STK,14086,INE204A01010,IGPL,EQ,,,,,I G PETROCHEMICALS LTD,478.30,500.00,471.05,496.65,494.00,471.25,,496.65,,,185122,90649879.80,5123,F1,1,,,,,
2026-08-03,2026-08-03,CM,NSE,STK,21348,INE0O7401018,IBLFL,SM,,,,,IBL FINANCE LIMITED,58.55,61.60,58.50,61.60,61.60,61.55,,61.60,,,10000,597500.00,5,F1,2000,,,,,
2026-08-03,2026-08-03,CM,NSE,STK,764064,INE0XE501015,ICELCO,SM,,,,,IC ELECTRICALS COMPANY L,151.00,153.00,150.00,150.00,150.00,149.25,,150.00,,,24000,3627720.00,20,F1,1200,,,,,
2026-08-03,2026-08-03,CM,NSE,STK,6977,INE613B01010,ICDSLTD,EQ,,,,,ICDS LTD,39.10,41.00,39.00,39.65,39.11,40.39,,40.08,,,4879,193608.37,39,F1,1,,,,,
2026-08-03,2026-08-03,CM,NSE,STK,489,INE520Y01019,ICEMAKE,EQ,,,,,ICE MAKE REFRIGERAT LTD,827.00,840.00,822.00,825.25,823.35,831.35,,825.25,,,13373,11085362.50,1349,F1,1,,,,,
2026-08-03,2026-08-03,CM,NSE,STK,4963,INE090A01021,ICICIBANK,EQ,,,,,ICICI BANK LTD.,1442.00,1460.00,1433.00,1460.00,1460.00,1435.40,,1459.99,,,7706747,11142959295.90,185170,F1,1,,,,,
2026-08-03,2026-08-03,CM,NSE,STK,21770,INE765G01017,ICICIGI,EQ,,,,,ICICI LOMBARD GIC LIMITED,1632.70,1675.00,1632.70,1675.00,1675.00,1623.70,,1674.92,,,908054,1501649001.50,25599,F1,1,,,,,
2026-08-03,2026-08-03,CM,NSE,STK,21254,INF109KC19U5,LOWVOLIETF,EQ,,,,,ICICI PR NIF LW VL 30 ETF,22.27,22.91,22.20,22.81,22.50,22.72,,22.81,,,2472893,56393874.19,2298,F1,1,,,,,
2026-08-03,2026-08-03,CM,NSE,STK,18652,INE726G01019,ICICIPRULI,EQ,,,,,ICICI PRU LIFE INS CO LTD,515.40,522.35,513.80,522.35,522.35,515.40,,522.28,,,2151448,1115847805.95,39510,F1,1,,,,,
2026-08-03,2026-08-03,CM,NSE,STK,17702,INF109KC10W0,MIDSELIETF,EQ,,,,,ICICI PRUD MIDCAP SEL ETF,19.60,19.80,19.59,19.71,19.63,19.60,,19.71,,,363403,7175099.49,954,F1,1,,,,,
2026-08-03,2026-08-03,CM,NSE,STK,30392,INF109KC16V9,NIF100IETF,EQ,,,,,ICICI PRUD NIFTY 100 ETF,28.65,28.71,28.40,28.64,28.59,28.38,,28.64,,,132554,3795175.77,2573,F1,1,,,,,
2026-08-03,2026-08-03,CM,NSE,STK,29553,INF109K012R6,NIFTYIETF,EQ,,,,,ICICI PRUD NIFTY ETF,276.71,280.00,276.71,278.33,278.72,276.01,,278.33,,,670228,186576420.58,19706,F1,1,,,,,
2026-08-03,2026-08-03,CM,NSE,STK,4378,INF346A01034,SENSEXIETF,EQ,,,,,ICICI PRUD SENSEX ETF,901.10,905.90,884.41,898.76,890.15,896.51,,898.76,,,27386,24685797.61,722,F1,1,,,,,
2026-08-03,2026-08-03,CM,NSE,STK,760407,INE346A01027,ICICIAMC,EQ,,,,,ICICI PRUDENTIAL AMC LTD,3129.00,3130.00,3087.10,3099.10,3101.00,3115.90,,3099.09,,,322476,1001454675.70,43321,F1,1,,,,,
2026-08-03,2026-08-03,CM,NSE,STK,19679,INF109KC1NT3,GOLDIETF,EQ,,,,,ICICI PRUDENTIAL GOLD ETF,122.23,122.23,120.26,121.44,121.53,121.33,,121.44,,,6404088,777973666.07,49080,F1,1,,,,,
2026-08-03,2026-08-03,CM,NSE,STK,17475,INF109KC11V0,NV20IETF,EQ,,,,,ICICI PRUDENTIAL NV20 ETF,13.50,13.94,13.00,13.89,13.90,13.78,,13.89,,,574609,7976074.73,2886,F1,1,,,,,
2026-08-03,2026-08-03,CM,NSE,STK,522,INF109KB15Y7,ICICIB22,EQ,,,,,ICICIPRAMC - BHARATIWIN,116.00,117.15,115.00,116.60,115.22,115.79,,116.60,,,391983,45794351.92,5118,F1,1,,,,,
2026-08-03,2026-08-03,CM,NSE,STK,30139,INF109K1A021,CASHIETF,EQ,,,,,ICICIPRAMC - CASHIETF,1073.61,1073.63,1073.61,1073.62,1073.63,1073.50,,1073.62,,,155914,167392596.35,502,F1,1,,,,,
2026-08-03,2026-08-03,CM,NSE,STK,755881,INF109K1A153,EVIETF,EQ,,,,,ICICIPRAMC - EVIETF,32.88,33.27,32.81,33.17,33.27,32.79,,33.16,,,365917,12122967.52,1069,F1,1,,,,,
2026-08-03,2026-08-03,CM,NSE,STK,13143,INF109KC18O0,GSEC10IETF,EQ,,,,,ICICIPRAMC - ICICI10GS,261.79,265.44,261.79,264.77,262.49,261.79,,264.77,,,3465,911563.44,19,F1,1,,,,,
2026-08-03,2026-08-03,CM,NSE,STK,3001,INF109KC1V59,BSE500IETF,EQ,,,,,ICICIPRAMC - ICICI500,39.21,40.07,39.21,40.00,39.95,39.58,,40.03,,,104846,4189353.07,1955,F1,1,,,,,
2026-08-03,2026-08-03,CM,NSE,STK,8342,INF109KC14A8,GSEC5IETF,EQ,,,,,ICICIPRAMC - ICICI5GSEC,67.16,67.16,66.00,66.02,66.02,66.50,,66.02,,,3492,231994.96,51,F1,1,,,,,
2026-08-03,2026-08-03,CM,NSE,STK,22344,INF109KC17V7,ALPL30IETF,EQ,,,,,ICICIPRAMC - ICICIALPLV,28.38,28.65,27.98,28.33,28.45,28.38,,28.33,,,721158,20518707.60,1520,F1,1,,,,,
2026-08-03,2026-08-03,CM,NSE,STK,7844,INF109KC10V2,AUTOIETF,EQ,,,,,ICICIPRAMC - ICICIAUTO,29.97,30.17,29.41,29.74,29.94,29.73,,29.74,,,2585573,77304226.58,3230,F1,1,,,,,
2026-08-03,2026-08-03,CM,NSE,STK,11386,INF109KC18U7,PVTBANIETF,EQ,,,,,ICICIPRAMC - ICICIBANKP,28.10,28.14,27.90,28.05,28.14,27.75,,28.05,,,3285922,92136003.97,1844,F1,1,,,,,
2026-08-03,2026-08-03,CM,NSE,STK,13198,INF109KC19O8,COMMOIETF,EQ,,,,,ICICIPRAMC - ICICICOMMO,99.62,101.70,99.62,101.49,101.70,100.63,,101.49,,,62270,6305199.93,681,F1,1,,,,,
2026-08-03,2026-08-03,CM,NSE,STK,6446,INF109KC1V42,CONSUMIETF,EQ,,,,,ICICIPRAMC - ICICICONSU,127.91,127.91,125.35,125.94,125.50,125.40,,125.94,,,26499,3338939.47,314,F1,1,,,,,
2026-08-03,2026-08-03,CM,NSE,STK,5306,INF109KC19V3,FMCGIETF,EQ,,,,,ICICIPRAMC - ICICIFMCG,53.01,53.70,52.43,53.03,53.00,52.72,,53.04,,,1740791,93007375.57,3996,F1,1,,,,,
2026-08-03,2026-08-03,CM,NSE,STK,10723,INF109KC16E5,INFRAIETF,EQ,,,,,ICICIPRAMC - ICICIINFRA,97.91,97.91,96.35,97.52,97.40,96.65,,97.52,,,384312,37461299.71,4293,F1,1,,,,,
2026-08-03,2026-08-03,CM,NSE,STK,4838,INF109KC1KT9,LIQUIDIETF,EQ,,,,,ICICIPRAMC - ICICILIQ,999.99,1000.01,999.98,999.99,1000.00,999.99,,999.99,,,580250,580249880.62,280,F1,1,,,,,
2026-08-03,2026-08-03,CM,NSE,STK,17152,INF109KC11W8,MIDCAPIETF,EQ,,,,,ICICIPRAMC - ICICIM150,24.22,24.24,23.83,24.15,24.20,23.94,,24.15,,,1593023,38500020.18,4270,F1,1,,,,,
2026-08-03,2026-08-03,CM,NSE,STK,10585,INF109KC17C7,MOM30IETF,EQ,,,,,ICICIPRAMC - ICICIMOM30,31.26,31.49,30.43,31.10,31.10,31.09,,31.10,,,1208367,37752008.50,2554,F1,1,,,,,
2026-08-03,2026-08-03,CM,NSE,STK,4529,INF109KC1NS5,NEXT50IETF,EQ,,,,,ICICIPRAMC - ICICINXT50,77.66,78.49,77.30,78.06,78.10,77.59,,78.06,,,1622959,126937736.33,8078,F1,1,,,,,
2026-08-03,2026-08-03,CM,NSE,STK,3626,INF109KC1Q72,HEALTHIETF,EQ,,,,,ICICIPRAMC - ICICIPHARM,172.61,173.68,170.20,171.14,171.59,171.89,,171.14,,,223480,38430127.93,2899,F1,1,,,,,
2026-08-03,2026-08-03,CM,NSE,STK,17808,INF109KC18V5,QUAL30IETF,EQ,,,,,ICICIPRAMC - ICICIQTY30,21.58,21.61,21.37,21.60,21.56,21.39,,21.60,,,161980,3491135.21,293,F1,1,,,,,
2026-08-03,2026-08-03,CM,NSE,STK,7942,INF109KC1Y56,SILVERIETF,EQ,,,,,ICICIPRAMC - ICICISILVE,217.19,217.30,214.92,215.46,215.66,215.72,,215.46,,,2136953,461388559.05,22532,F1,1,,,,,
2026-08-03,2026-08-03,CM,NSE,STK,22365,INF109KC16I6,ITIETF,EQ,,,,,ICICIPRAMC - ICICITECH,34.32,35.83,34.03,34.90,35.17,34.20,,34.90,,,1165091,40482984.41,2437,F1,1,,,,,
2026-08-03,2026-08-03,CM,NSE,STK,11037,INF109KC15I8,BANKIETF,EQ,,,,,ICICIPRAMC - IPRU5008,59.49,59.49,58.43,59.04,59.38,58.78,,59.06,,,831443,49301258.31,2777,F1,1,,,,,
2026-08-03,2026-08-03,CM,NSE,STK,24861,INF109KC19W1,METALIETF,EQ,,,,,ICICIPRAMC - METALIETF,12.95,13.01,12.82,12.97,12.98,12.78,,12.97,,,10939689,141514205.20,15280,F1,1,,,,,
2026-08-03,2026-08-03,CM,NSE,STK,24533,INF109KC18W3,OILIETF,EQ,,,,,ICICIPRAMC - OILIETF,11.48,11.53,11.42,11.45,11.42,11.42,,11.45,,,2463758,28250296.16,3048,F1,1,,,,,
2026-08-03,2026-08-03,CM,NSE,STK,14584,INF109KC10S8,PSUBNKIETF,EQ,,,,,ICICIPRAMC - PSUBANKICI,85.14,86.50,84.53,85.60,84.55,84.77,,85.59,,,201181,17287581.46,1196,F1,1,,,,,
2026-08-03,2026-08-03,CM,NSE,STK,754612,INF109K1A476,SMALLIETF,EQ,,,,,ICICIPRAMC - SMALLIETF,18.15,18.25,18.05,18.21,18.22,17.98,,18.21,,,41113,747851.84,140,F1,1,,,,,
2026-08-03,2026-08-03,CM,NSE,STK,757781,INF109K1A344,TOP15IETF,EQ,,,,,ICICIPRAMC - TOP15IETF,9.76,10.16,9.76,10.03,10.04,10.02,,10.03,,,376593,3813105.51,433,F1,1,,,,,
2026-08-03,2026-08-03,CM,NSE,STK,25851,INF109KC16X5,VAL30IETF,EQ,,,,,ICICIPRAMC - VAL30IETF,15.20,15.66,15.20,15.52,15.54,15.42,,15.50,,,295710,4594001.38,680,F1,1,,,,,
2026-08-03,2026-08-03,CM,NSE,STK,12578,INF109KC17L8,FINIETF,EQ,,,,,ICICIPRAMC-ICICIFIN,34.37,34.37,33.54,33.80,33.86,33.54,,33.80,,,556566,18868704.08,1990,F1,1,,,,,
2026-08-03,2026-08-03,CM,NSE,STK,14523,INE725G01011,ICRA,EQ,,,,,ICRA LIMITED,4969.00,5145.00,4911.00,5131.50,5100.00,4903.50,,5131.23,,,109701,554930676.20,18706,F1,1,,,,,
2026-08-03,2026-08-03,CM,NSE,STK,1476,INE008A01015,IDBI,EQ,,,,,IDBI BANK LIMITED,84.80,86.23,84.51,84.71,84.80,83.75,,84.70,,,4244574,362027769.44,16692,F1,1,,,,,
2026-08-03,2026-08-03,CM,NSE,STK,17142,INE349Y01013,IDEAFORGE,BE,,,,,IDEAFORGE TECHNO LTD,892.00,899.00,870.05,887.10,887.90,875.10,,887.34,,,124436,110676832.75,3804,F1,1,,,,,
2026-08-03,2026-08-03,CM,NSE,STK,24950,INE0T9I01011,IDEALTECHO,SM,,,,,IDEAL TECHNOPLAST IND LTD,175.00,175.85,175.00,175.85,175.85,173.25,,175.85,,,2000,350850.00,4,F1,500,,,,,
2026-08-03,2026-08-03,CM,NSE,STK,28574,INE0TD101011,IDENTICAL,SM,,,,,IDENTICAL BRAINS STUDIO L,17.40,17.50,17.00,17.50,17.50,17.40,,17.50,,,12000,208800.00,5,F1,2000,,,,,
2026-08-03,2026-08-03,CM,NSE,STK,11184,INE092T01019,IDFCFIRSTB,EQ,,,,,IDFC FIRST BANK LIMITED,85.31,86.50,84.69,86.00,86.00,84.68,,85.96,,,12814087,1094696303.85,53877,F1,1,,,,,
2026-08-03,2026-08-03,CM,NSE,STK,9300,INE076C01018,IFBAGRO,BE,,,,,IFB AGRO INDUSTRIES LTD,994.00,997.95,975.00,984.00,983.00,978.25,,984.38,,,2843,2792635.40,165,F1,1,,,,,
2026-08-03,2026-08-03,CM,NSE,STK,1485,INE559A01017,IFBIND,EQ,,,,,IFB INDUSTRIES LTD,1315.70,1365.50,1305.00,1354.00,1341.20,1315.70,,1353.49,,,70710,95049932.60,9762,F1,1,,,,,
2026-08-03,2026-08-03,CM,NSE,STK,1491,INE039A01010,IFCI,EQ,,,,,IFCI LTD,77.30,79.20,76.92,77.31,77.25,76.54,,77.31,,,20352925,1584218740.93,51969,F1,1,,,,,
2026-08-03,2026-08-03,CM,NSE,STK,436,INE133Y01011,IFGLEXPOR,EQ,,,,,IFGL REFRACTORIES LIMITED,212.00,218.30,203.92,207.35,208.48,208.57,,207.42,,,79459,16959230.95,2591,F1,1,,,,,
2026-08-03,2026-08-03,CM,NSE,STK,759897,INE01XO07017,1225IFL27,N0,,,,,IFL 12.25% 2027,6207.30,7310.00,6207.30,7310.00,7310.00,7516.13,,7310.00,,,5,32139.20,2,F1,1,,,,,
2026-08-03,2026-08-03,CM,NSE,STK,760656,INE01XO07025,1225IFL28,N0,,,,,IFL 12.25% 2028,7592.00,7800.00,7451.00,7650.00,7650.00,7595.00,,7650.00,,,17,128830.00,10,F1,1,,,,,
2026-08-03,2026-08-03,CM,NSE,STK,634,INE188B01013,IGARASHI,EQ,,,,,IGARASHI MOTORS INDIA LTD,451.40,469.90,451.40,467.15,465.00,451.15,,467.17,,,57816,26669337.95,2629,F1,1,,,,,
2026-08-03,2026-08-03,CM,NSE,STK,761116,INE530B07658,837IIFL28,Y4,,,,,IIFL 8.37% TR I SR I,989.50,989.50,981.20,981.20,981.20,989.50,,982.60,,,89,87650.50,4,F1,1,,,,,
2026-08-03,2026-08-03,CM,NSE,STK,761117,INE530B07591,852IIFL29,Y5,,,,,IIFL 8.52% TR I SR II,990.00,990.00,990.00,990.00,990.00,990.00,,990.00,,,320,316800.00,4,F1,1,,,,,
2026-08-03,2026-08-03,CM,NSE,STK,761118,INE530B07633,865IIFL31,Y6,,,,,IIFL 8.65% TR I SR III,999.99,999.99,986.05,990.00,990.00,986.00,,990.00,,,425,423080.25,12,F1,1,,,,,
2026-08-03,2026-08-03,CM,NSE,STK,761121,INE530B07609,9IIFL31,Y9,,,,,IIFL 9.00% TR I SR VI,1000.00,1000.00,1000.00,1000.00,1000.00,1000.00,,1000.00,,,5,5000.00,1,F1,1,,,,,
2026-08-03,2026-08-03,CM,NSE,STK,756153,INE530B07484,960IIFL30,Y2,,,,,IIFL 9.60% TR I SR VIII,1040.00,1040.00,1040.00,1040.00,1040.00,1040.00,,1040.00,,,100,104000.00,1,F1,1,,,,,
2026-08-03,2026-08-03,CM,NSE,STK,13072,INE489L01022,IIFLCAPS,EQ,,,,,IIFL CAPITAL SERVICES LTD,339.30,339.30,335.10,336.65,335.25,337.80,,336.65,,,293307,98587003.30,9714,F1,1,,,,,
2026-08-03,2026-08-03,CM,NSE,STK,11809,INE530B01024,IIFL,EQ,,,,,IIFL FINANCE LIMITED,610.80,622.00,602.40,617.85,618.10,608.65,,617.84,,,2681421,1640889011.80,47163,F1,1,,,,,
2026-08-03,2026-08-03,CM,NSE,STK,761124,INE530B07641,IIFL06326,YC,,,,,IIFL TR I SR IX,980.00,980.00,980.00,980.00,980.00,980.00,,980.00,,,1,980.00,1,F1,1,,,,,
2026-08-03,2026-08-03,CM,NSE,STK,761122,INE530B07583,IIFL060326,YA,,,,,IIFL TR I SR VII,1005.00,1005.00,1005.00,1005.00,1005.00,994.00,,1005.00,,,600,603000.00,3,F1,1,,,,,
2026-08-03,2026-08-03,CM,NSE,STK,16822,INE0LOJ01019,IKIO,EQ,,,,,IKIO TECHNOLOGIES LIMITED,201.00,203.90,199.30,201.54,201.51,200.22,,201.53,,,165776,33336908.08,2111,F1,1,,,,,
2026-08-03,2026-08-03,CM,NSE,STK,9380,INE369I01014,IL&FSENGG,BZ,,,,,IL&FS ENG AND CONS CO LTD,36.96,36.96,35.14,35.19,35.99,36.98,,35.22,,,63162,2233560.23,112,F1,1,,,,,
2026-08-03,2026-08-03,CM,NSE,STK,6711,INE050B01023,IVC,EQ,,,,,IL&FS INVESTMENT MANAGERS,8.50,8.51,8.44,8.45,8.45,8.40,,8.45,,,154929,1311585.98,692,F1,1,,,,,
2026-08-03,2026-08-03,CM,NSE,STK,9381,INE975G01012,IL&FSTRANS,BZ,,,,,IL&FS TRANS NET LTD,2.10,2.15,2.10,2.11,2.12,2.08,,2.11,,,20986,44568.48,53,F1,1,,,,,
2026-08-03,2026-08-03,CM,NSE,STK,7672,INE172N01012,IMAGICAA,EQ,,,,,IMAGICAAWORLD ENT LTD,47.24,49.85,47.18,49.09,48.50,46.99,,49.10,,,1090738,53038629.98,4524,F1,1,,,,,
2026-08-03,2026-08-03,CM,NSE,STK,25881,INE691G01015,IMPEXFERRO,BZ,,,,,IMPEX FERRO TECH LIMITED,2.62,2.62,2.62,2.62,2.62,2.50,,2.62,,,24689,64685.18,19,F1,1,,,,,
2026-08-03,2026-08-03,CM,NSE,STK,17507,INE452L01012,INCREDIBLE,EQ,,,,,INCREDIBLE INDUSTRIES LTD,33.48,33.99,33.02,33.10,33.02,33.15,,32.73,,,86,2878.27,12,F1,1,,,,,
2026-08-03,2026-08-03,CM,NSE,STK,12009,INE547E01014,IMPAL,EQ,,,,,IND MOTOR PART & ACC LTD,1080.00,1114.70,1070.00,1104.60,1100.00,1084.40,,1104.60,,,1846,2020420.20,336,F1,1,,,,,
2026-08-03,2026-08-03,CM,NSE,STK,4870,INE915B01019,INDSWFTLAB,EQ,,,,,IND SWIFT LABORATORIES LT,224.27,231.20,222.20,228.63,226.89,224.27,,228.57,,,195400,44623764.50,3589,F1,1,,,,,
2026-08-03,2026-08-03,CM,NSE,STK,21957,INE611L01021,INDTERRAIN,EQ,,,,,IND TERRAIN FASHIONS LTD,28.60,33.39,28.12,33.39,33.39,27.83,,33.39,,,296135,9569326.72,1388,F1,1,,,,,
2026-08-03,2026-08-03,CM,NSE,STK,16933,INE841B01017,INDBANK,EQ,,,,,INDBANK MERCH BANK,32.26,32.84,32.26,32.49,32.50,32.35,,32.49,,,19689,640613.96,284,F1,1,,,,,
2026-08-03,2026-08-03,CM,NSE,STK,29678,INE0O9T01021,BAJAJINDEF,EQ,,,,,INDEF MANUFACTURING LTD,238.99,238.99,232.65,234.80,235.30,234.70,,234.83,,,11245,2651598.57,290,F1,1,,,,,
2026-08-03,2026-08-03,CM,NSE,STK,23693,INE065X01017,INDGN,EQ,,,,,INDEGENE LIMITED,523.45,554.85,512.30,545.25,544.20,515.15,,545.22,,,1886714,1018753073.25,61663,F1,1,,,,,
2026-08-03,2026-08-03,CM,NSE,STK,1521,INE560A01023,INDIAGLYCO,EQ,,,,,INDIA GLYCOLS LTD,1158.00,1164.60,1140.00,1145.20,1140.00,1147.45,,1145.25,,,110002,126880197.70,9414,F1,1,,,,,
2026-08-03,2026-08-03,CM,NSE,STK,4747,INE092B01025,INDNIPPON,EQ,,,,,INDIA NIPPON ELECT  LTD,1186.50,1214.60,1150.10,1173.20,1170.00,1170.40,,1173.84,,,64388,76750602.70,3607,F1,1,,,,,
2026-08-03,2026-08-03,CM,NSE,STK,4934,INE0D6701023,IPL,EQ,,,,,INDIA PESTICIDES LIMITED,144.01,152.48,142.40,148.57,147.20,154.15,,148.56,,,1006156,147418009.75,11778,F1,1,,,,,
2026-08-03,2026-08-03,CM,NSE,STK,20556,INE922K01024,INDIASHLTR,EQ,,,,,INDIA SHELTER FIN CORP L,722.85,745.40,715.30,726.50,715.30,726.50,,726.19,,,98972,72418999.30,7700,F1,1,,,,,
2026-08-03,2026-08-03,CM,NSE,STK,19299,INE353K01014,ITDC,EQ,,,,,INDIA TOUR. DEV. CO. LTD.,707.00,730.20,705.45,715.20,712.00,700.70,,715.17,,,343982,247358373.75,17311,F1,1,,,,,
2026-08-03,2026-08-03,CM,NSE,STK,25003,INE126M01010,IBULLSLTD,BE,,,,,INDIABULLS LIMITED,27.02,28.01,26.60,27.09,27.05,27.38,,27.10,,,6862536,186883869.53,5380,F1,1,,,,,
2026-08-03,2026-08-03,CM,NSE,STK,10726,INE933S01016,INDIAMART,EQ,,,,,INDIAMART INTERMESH LTD,1820.00,1825.00,1790.00,1798.60,1799.90,1799.80,,1798.56,,,165345,299098000.30,15699,F1,1,,,,,
2026-08-03,2026-08-03,CM,NSE,STK,14309,INE562A01011,INDIANB,EQ,,,,,INDIAN BANK,841.95,853.80,838.00,845.00,845.00,836.50,,844.97,,,1497239,1268306727.85,44304,F1,1,,,,,
2026-08-03,2026-08-03,CM,NSE,STK,4422,INE061A01014,INDIANCARD,EQ,,,,,INDIAN CARD CLOTHING CO.,225.72,232.00,222.03,224.29,224.25,225.72,,224.29,,,1358,307441.05,51,F1,1,,,,,
2026-08-03,2026-08-03,CM,NSE,STK,23789,INE0RRU01016,IEML,SM,,,,,INDIAN EMULSIFIERS LTD,42.95,43.00,42.20,42.80,43.00,41.80,,42.80,,,10500,448750.00,20,F1,500,,,,,
2026-08-03,2026-08-03,CM,NSE,STK,220,INE022Q01020,IEX,EQ,,,,,INDIAN ENERGY EXC LTD,133.00,133.80,126.01,128.00,128.00,132.24,,127.99,,,18350173,2353078630.78,105970,F1,1,,,,,
2026-08-03,2026-08-03,CM,NSE,STK,1530,INE323C01030,INDIANHUME,EQ,,,,,INDIAN HUME PIPE CO. LTD.,393.20,421.00,393.20,414.50,407.00,390.75,,414.47,,,183169,74829545.55,7879,F1,1,,,,,
2026-08-03,2026-08-03,CM,NSE,STK,19235,INE919H01018,IMFA,EQ,,,,,INDIAN METALS & FERRO,1482.90,1498.90,1454.00,1492.00,1490.00,1448.60,,1492.16,,,229842,340530516.70,15338,F1,1,,,,,
2026-08-03,2026-08-03,CM,NSE,STK,1624,INE242A01010,IOC,EQ,,,,,INDIAN OIL CORP LTD,142.52,145.20,142.38,143.70,143.70,140.17,,143.69,,,17986947,2581441355.91,81731,F1,1,,,,,
2026-08-03,2026-08-03,CM,NSE,STK,9348,INE565A01014,IOB,EQ,,,,,INDIAN OVERSEAS BANK,34.29,34.60,34.01,34.10,34.07,33.90,,34.10,,,2431701,83443767.63,11008,F1,1,,,,,
2026-08-03,2026-08-03,CM,NSE,STK,25033,INE0DHF01018,IPHL,SM,,,,,INDIAN PHOSPHATE LIMITED,76.00,76.00,72.35,74.85,74.85,73.05,,74.85,,,24000,1795140.00,18,F1,1200,,,,,
2026-08-03,2026-08-03,CM,NSE,STK,13611,INE335Y01020,IRCTC,EQ,,,,,INDIAN RAIL TOUR CORP LTD,494.35,517.50,493.00,513.50,505.80,489.80,,513.45,,,2801518,1426127913.95,54823,F1,1,,,,,
2026-08-03,2026-08-03,CM,NSE,STK,2029,INE053F01010,IRFC,EQ,,,,,INDIAN RAILWAY FIN CORP L,89.50,90.85,89.42,90.25,90.25,89.15,,90.24,,,11813006,1066691375.98,51917,F1,1,,,,,
2026-08-03,2026-08-03,CM,NSE,STK,20261,INE202E01016,IREDA,EQ,,,,,INDIAN RENEWABLE ENERGY,120.38,123.90,120.19,123.00,123.00,119.59,,122.99,,,7823276,959955189.17,38873,F1,1,,,,,
2026-08-03,2026-08-03,CM,NSE,STK,762727,INE586E01020,IWP,EQ,,,,,INDIAN WOOD PRODUCTS CO L,34.45,34.45,32.80,33.13,33.14,33.49,,33.36,,,2124,70269.41,37,F1,1,,,,,
2026-08-03,2026-08-03,CM,NSE,STK,2048,INE09VQ01012,INDIGOPNTS,EQ,,,,,INDIGO PAINTS LIMITED,1106.60,1113.40,1086.00,1087.40,1088.50,1111.80,,1087.36,,,48464,53169423.80,6879,F1,1,,,,,
2026-08-03,2026-08-03,CM,NSE,STK,20988,INE219X23014,INDIGRID,IV,,,,,INDIGRID INFRASTRUCT TRST,179.30,179.50,178.26,178.36,178.46,178.76,,178.36,,,1071087,191614412.15,10333,F1,1,,,,,
2026-08-03,2026-08-03,CM,NSE,STK,757845,INE06ST01018,INDIQUBE,EQ,,,,,INDIQUBE SPACES LIMITED,176.84,178.40,169.45,171.97,170.80,173.76,,171.97,,,47200,8250127.28,1477,F1,1,,,,,
2026-08-03,2026-08-03,CM,NSE,STK,9120,INE760F01028,INDOAMIN,BE,,,,,INDO AMINES LIMITED,127.00,129.00,121.50,126.24,127.48,127.48,,126.75,,,46167,5805533.87,400,F1,1,,,,,
2026-08-03,2026-08-03,CM,NSE,STK,8614,INE803D01021,INDOBORAX,EQ,,,,,INDO BORAX & CHEMICAL LTD,378.15,422.35,373.00,418.70,416.10,374.90,,418.72,,,889883,365970097.50,27670,F1,1,,,,,
2026-08-03,2026-08-03,CM,NSE,STK,11987,INE483B01026,ICIL,EQ,,,,,INDO COUNT INDUSTRIES LTD,401.25,415.85,401.25,409.70,411.00,401.25,,409.70,,,487006,199142232.10,15247,F1,1,,,,,
2026-08-03,2026-08-03,CM,NSE,STK,29025,INE622H01018,INDOFARM,EQ,,,,,INDO FARM EQUIPMENT LTD,161.90,164.50,160.16,161.60,161.80,161.22,,161.60,,,179064,29130502.02,3645,F1,1,,,,,
2026-08-03,2026-08-03,CM,NSE,STK,10993,INE156A01020,INDORAMA,EQ,,,,,INDO RAMA SYNTHETICS LTD,56.55,64.85,56.55,63.49,63.50,56.25,,63.49,,,2539412,156580447.02,18808,F1,1,,,,,
2026-08-03,2026-08-03,CM,NSE,STK,13278,INE332H01014,INDOTECH,BE,,,,,INDO TECH TRANSFORM LTD.,3510.00,3529.80,3351.10,3470.70,3500.00,3453.80,,3470.74,,,20769,72223246.80,908,F1,1,,,,,
2026-08-03,2026-08-03,CM,NSE,STK,25608,INE337M01021,INDOTHAI,EQ,,,,,INDO THAI SEC LTD,214.90,215.00,170.75,170.75,170.75,213.43,,170.49,,,2912295,533334986.71,27445,F1,1,,,,,
2026-08-03,2026-08-03,CM,NSE,STK,25503,INE250Z01010,INDOUS,EQ,,,,,INDO US BIOTECH LTD,81.00,84.63,81.00,83.60,83.97,81.62,,83.60,,,10809,899999.03,636,F1,1,,,,,
2026-08-03,2026-08-03,CM,NSE,STK,764301,INE084101034,INDOMIM,EQ,,,,,INDO-MIM LIMITED,776.00,802.70,765.00,770.15,769.00,776.15,,770.11,,,7110886,5568660157.40,243747,F1,1,,,,,
2026-08-03,2026-08-03,CM,NSE,STK,6782,INE567A01028,NIPPOBATRY,EQ,,,,,INDO-NATIONAL LIMITED,327.00,330.05,321.10,327.15,328.00,322.35,,327.48,,,2179,711787.80,154,F1,1,,,,,
2026-08-03,2026-08-03,CM,NSE,STK,11677,INE873D01024,INDOCO,EQ,,,,,INDOCO REMEDIES LTD.,222.78,225.02,220.00,221.76,222.01,219.49,,221.77,,,89085,19821225.93,2697,F1,1,,,,,
2026-08-03,2026-08-03,CM,NSE,STK,757801,INE05J901018,IGCL,EQ,,,,,INDOGULF CROPSCIENCES LTD,77.90,77.90,75.00,75.47,75.20,77.90,,75.46,,,118216,9032035.56,1745,F1,1,,,,,
2026-08-03,2026-08-03,CM,NSE,STK,19955,INE866K01023,WAAREEINDO,EQ,,,,,INDOSOLAR LIMITED,310.00,322.00,305.60,322.00,322.00,306.70,,321.90,,,97025,30632008.65,3074,F1,1,,,,,
2026-08-03,2026-08-03,CM,NSE,STK,3088,INE896L01010,INDOSTAR,EQ,,,,,INDOSTAR CAPITAL FIN LTD,250.25,253.00,243.05,245.25,243.10,250.00,,245.26,,,101092,25200592.45,2124,F1,1,,,,,
2026-08-03,2026-08-03,CM,NSE,STK,14956,INE227G01018,INDOWIND,BE,,,,,INDOWIND ENERGY LTD,9.18,9.36,9.10,9.12,9.14,9.18,,9.12,,,79213,727533.91,288,F1,1,,,,,
2026-08-03,2026-08-03,CM,NSE,STK,11262,INE203G01027,IGL,EQ,,,,,INDRAPRASTHA GAS LTD,152.05,156.52,152.05,156.17,156.50,151.98,,156.17,,,1720749,267127997.47,34078,F1,1,,,,,
2026-08-03,2026-08-03,CM,NSE,STK,4751,INE681B01017,INDRAMEDCO,EQ,,,,,INDRAPRASTHA MEDICAL CORP,367.00,373.30,365.65,368.90,369.00,366.35,,368.84,,,118293,43722854.55,3350,F1,1,,,,,
2026-08-03,2026-08-03,CM,NSE,STK,23036,INE0NHL23019,INDUSINVIT,IV,,,,,INDUS INFRA TRUST,133.30,133.30,131.51,131.98,131.90,131.88,,131.99,,,138273,18253534.53,5094,F1,1,,,,,
2026-08-03,2026-08-03,CM,NSE,STK,29135,INE121J01017,INDUSTOWER,EQ,,,,,INDUS TOWERS LIMITED,394.00,398.30,390.10,395.30,395.30,391.10,,395.30,,,2253714,889535407.70,34763,F1,1,,,,,
2026-08-03,2026-08-03,CM,NSE,STK,5258,INE095A01012,INDUSINDBK,EQ,,,,,INDUSIND BANK LIMITED,1019.00,1028.90,1013.30,1028.90,1028.90,1012.45,,1028.90,,,887652,905090675.40,30372,F1,1,,,,,
2026-08-03,2026-08-03,CM,NSE,STK,762717,INE620D01011,INDPRUD,EQ,,,,,INDUSTRIAL & PRU INV CO L,6660.00,6660.00,6420.00,6550.00,6550.00,6598.50,,6556.00,,,98,640258.00,32,F1,1,,,,,
2026-08-03,2026-08-03,CM,NSE,STK,19525,INE886A01014,IITL,EQ,,,,,INDUSTRIAL INV TRUST LTD,133.21,153.21,133.21,153.21,153.21,127.68,,153.21,,,270241,39192622.15,3433,F1,1,,,,,
2026-08-03,2026-08-03,CM,NSE,STK,15036,INE0MRE01011,INFINIUM,SM,,,,,INFINIUM PHARMACHEM LTD,208.00,209.00,202.00,202.00,202.00,208.50,,202.00,,,6500,1327225.00,13,F1,500,,,,,
2026-08-03,2026-08-03,CM,NSE,STK,757602,INE0MYZ01012,INFLUX,SM,,,,,INFLUX HEALTHTECH LIMITED,296.45,296.45,287.05,288.65,287.50,296.45,,288.65,,,7800,2273670.00,12,F1,600,,,,,
2026-08-03,2026-08-03,CM,NSE,STK,13751,INE663F01032,NAUKRI,EQ,,,,,INFO EDGE (I) LTD,1231.80,1268.80,1231.80,1268.80,1268.80,1226.25,,1268.79,,,937278,1175387214.90,43753,F1,1,,,,,
2026-08-03,2026-08-03,CM,NSE,STK,11027,INE344S01016,INFOBEAN,EQ,,,,,INFOBEANS TECHNO. LTD.,170.44,175.88,167.69,171.95,169.48,166.86,,171.89,,,424632,73334776.26,7092,F1,1,,,,,
2026-08-03,2026-08-03,CM,NSE,STK,16588,INE0NNZ01013,INFOLLION,SM,,,,,INFOLLION RESEARCH SER L,161.90,163.05,159.00,159.00,159.00,157.10,,159.00,,,4000,646020.00,10,F1,400,,,,,
2026-08-03,2026-08-03,CM,NSE,STK,13693,INE669A01022,INFOMEDIA,EQ,,,,,INFOMEDIA PRESS LIMITED,5.45,5.70,5.13,5.38,5.51,5.43,,5.38,,,13289,72398.30,79,F1,1,,,,,
2026-08-03,2026-08-03,CM,NSE,STK,1594,INE009A01021,INFY,EQ,,,,,INFOSYS LIMITED,1145.10,1180.00,1138.10,1180.00,1180.00,1130.10,,1179.96,,,8582270,9962989189.50,157993,F1,1,,,,,
2026-08-03,2026-08-03,CM,NSE,STK,1597,INE177A01018,INGERRAND,EQ,,,,,INGERSOLL-RAND INDIA LTD,4335.60,4418.20,4290.00,4327.00,4361.00,4335.60,,4325.58,,,7602,33182235.50,1222,F1,1,,,,,
2026-08-03,2026-08-03,CM,NSE,STK,25323,INE0S1D01010,INNOMET,ST,,,,,INNOMET ADVANCED MATERI L,183.95,183.95,183.95,183.95,183.95,180.35,,183.95,,,26400,4856280.00,28,F1,600,,,,,
2026-08-03,2026-08-03,CM,NSE,STK,21062,INE0DUT01020,INNOVACAP,EQ,,,,,INNOVA CAPTAB LIMITED,975.00,975.85,945.20,956.40,945.70,974.25,,955.44,,,18202,17541478.05,2970,F1,1,,,,,
2026-08-03,2026-08-03,CM,NSE,STK,27754,INE403Y01018,INNOVANA,EQ,,,,,INNOVANA THINKLABS LTD,315.00,336.75,315.00,322.00,322.00,327.90,,321.98,,,2468,797701.35,166,F1,1,,,,,
2026-08-03,2026-08-03,CM,NSE,STK,761528,INE0ADB01012,INNOVISION,EQ,,,,,INNOVISION LIMITED,284.10,288.00,283.60,285.75,287.05,285.50,,285.74,,,14255,4077766.85,577,F1,1,,,,,
2026-08-03,2026-08-03,CM,NSE,STK,12193,INE510W01014,INOXGREEN,BE,,,,,INOX GREEN ENERGY SER LTD,170.00,177.30,165.00,174.32,171.30,169.89,,174.31,,,653228,111704463.49,2612,F1,1,,,,,
2026-08-03,2026-08-03,CM,NSE,STK,20607,INE616N01034,INOXINDIA,EQ,,,,,INOX INDIA LIMITED,1908.00,1980.00,1879.00,1920.40,1922.00,1908.00,,1919.56,,,133526,256447365.50,16505,F1,1,,,,,
2026-08-03,2026-08-03,CM,NSE,STK,7852,INE066P01011,INOXWIND,EQ,,,,,INOX WIND LIMITED,78.90,81.14,78.54,78.90,78.90,78.14,,78.90,,,11919807,951504259.44,39978,F1,1,,,,,
2026-08-03,2026-08-03,CM,NSE,STK,14657,INE070I01018,INSECTICID,EQ,,,,,INSECTICIDES (I) LTD,643.30,665.95,636.10,663.60,662.40,641.20,,663.60,,,61729,40616274.10,2711,F1,1,,,,,
2026-08-03,2026-08-03,CM,NSE,STK,761099,INE0LGX01024,INA,EQ,,,,,INSOLATION ENERGY LIMITED,111.31,113.98,111.11,112.75,112.70,111.78,,112.86,,,374327,42207669.91,4696,F1,1,,,,,
2026-08-03,2026-08-03,CM,NSE,STK,13734,INE020G01017,INSPIRISYS,BE,,,,,INSPIRISYS SOLUTIONS LTD,97.00,99.00,96.10,98.49,98.89,99.00,,98.49,,,4502,437441.37,65,F1,1,,,,,
2026-08-03,2026-08-03,CM,NSE,STK,30327,INE418N01035,ESSENTIA,BE,,,,,INTEGRA ESSENTIA LIMITED,1.13,1.15,1.11,1.15,1.15,1.10,,1.15,,,757500,861563.84,496,F1,1,,,,,
2026-08-03,2026-08-03,CM,NSE,STK,757905,INE0YSH01017,INTEGRITY,ST,,,,,INTEGRITY INFRABUILD DE L,155.70,156.80,155.70,156.80,156.80,154.60,,156.80,,,3600,561840.00,2,F1,1200,,,,,
2026-08-03,2026-08-03,CM,NSE,STK,5926,INE306R01017,INTELLECT,EQ,,,,,INTELLECT DESIGN ARENA,727.70,764.40,722.15,748.85,749.40,719.90,,748.81,,,1625516,1220233953.20,50251,F1,1,,,,,
2026-08-03,2026-08-03,CM,NSE,STK,20071,INE781A01025,INTENTECH,EQ,,,,,INTENSE TECHNOLOGIES LTD,82.50,85.87,82.50,83.07,83.50,83.32,,83.07,,,25387,2132225.31,787,F1,1,,,,,
2026-08-03,2026-08-03,CM,NSE,STK,24909,INE00M901018,INTERARCH,EQ,,,,,INTERARCH BLDNG SOLTN LTD,1811.00,1858.00,1811.00,1846.10,1845.20,1808.80,,1846.11,,,53516,98342970.50,4280,F1,1,,,,,
2026-08-03,2026-08-03,CM,NSE,STK,11195,INE646L01027,INDIGO,EQ,,,,,INTERGLOBE AVIATION LTD,5300.00,5402.00,5276.00,5400.00,5400.00,5171.00,,5399.75,,,990927,5307860572.00,70011,F1,1,,,,,
2026-08-03,2026-08-03,CM,NSE,STK,22770,INE0OPC01015,INM,SM,,,,,INTERIORS & MORE LIMITED,181.00,181.00,180.00,180.00,180.00,183.00,,180.00,,,1200,216600.00,2,F1,600,,,,,
2026-08-03,2026-08-03,CM,NSE,STK,5606,INE575C01027,INTLCONV,EQ,,,,,INTL CONVEYORS LIMITED,74.00,75.75,73.55,73.77,73.87,74.47,,73.79,,,49859,3707856.71,2427,F1,1,,,,,
2026-08-03,2026-08-03,CM,NSE,STK,28378,INE0Q9301021,IGIL,EQ,,,,,INTL GEMOLOGICAL INST LTD,355.00,371.40,354.60,364.95,365.00,353.45,,364.95,,,1356968,495572205.90,34386,F1,1,,,,,
2026-08-03,2026-08-03,CM,NSE,STK,18479,INE566K01011,ISFT,EQ,,,,,INTRASOFT TECH. LTD,82.50,84.00,78.30,82.50,82.94,81.31,,82.70,,,5293,436747.56,228,F1,1,,,,,
2026-08-03,2026-08-03,CM,NSE,STK,24870,INE878H01024,INVENTURE,EQ,,,,,INVENTURE GRO & SEC LTD,0.91,0.95,0.90,0.91,0.91,0.90,,0.92,,,2382685,2198685.14,489,F1,1,,,,,
2026-08-03,2026-08-03,CM,NSE,STK,28125,INE115Q01022,IKS,EQ,,,,,INVENTURUS KNOWLEDGE SO L,1858.00,1858.00,1839.30,1846.40,1848.50,1848.90,,1846.37,,,61283,113137432.60,13849,F1,1,,,,,
2026-08-03,2026-08-03,CM,NSE,STK,18292,INF205KA1BP1,IVZINGOLD,EQ,,,,,INVESCO INDIA GOLD ETF,124.00,124.20,122.65,123.50,123.50,123.35,,123.50,,,77619,9573674.15,304,F1,1,,,,,
2026-08-03,2026-08-03,CM,NSE,STK,24217,INF205KA1CC7,IVZINNIFTY,EQ,,,,,INVESCO INDIA NIFTY ETF,287.59,287.59,278.00,280.97,280.00,280.58,,280.97,,,3673,1031298.12,148,F1,1,,,,,
2026-08-03,2026-08-03,CM,NSE,STK,762725,INE155E01016,INVPRECQ,BE,,,,,INVESTMENT & PREC CAST L,1152.50,1152.50,1060.10,1113.10,1136.90,1097.65,,1113.35,,,11175,12346362.50,396,F1,1,,,,,
2026-08-03,2026-08-03,CM,NSE,STK,760139,INE0XJ501010,INVICTA,SM,,,,,INVICTA DIAGNOSTIC LTD,71.00,73.90,71.00,72.80,73.25,68.15,,72.80,,,16000,1159360.00,10,F1,1600,,,,,
2026-08-03,2026-08-03,CM,NSE,STK,20413,INE485C01029,IOLCP,EQ,,,,,IOL CHEM AND PHARMA LTD,147.10,153.90,146.48,151.70,151.01,146.33,,151.70,,,1909350,288225319.60,15664,F1,1,,,,,
2026-08-03,2026-08-03,CM,NSE,STK,1630,INE570A01022,IONEXCHANG,EQ,,,,,ION EXCHANGE (INDIA) LTD,420.70,436.00,419.75,429.95,432.00,420.70,,430.00,,,321970,137639683.45,11392,F1,1,,,,,
2026-08-03,2026-08-03,CM,NSE,STK,1633,INE571A01038,IPCALAB,EQ,,,,,IPCA LABORATORIES LTD,1752.90,1767.00,1714.00,1725.60,1730.20,1747.80,,1725.54,,,159711,278136312.80,23023,F1,1,,,,,
2026-08-03,2026-08-03,CM,NSE,STK,15313,INE821I01022,IRB,EQ,,,,,IRB INFRA DEV LTD.,20.17,20.38,20.06,20.18,20.16,20.00,,20.18,,,6221967,125773373.84,16333,F1,1,,,,,
2026-08-03,2026-08-03,CM,NSE,STK,20817,INE183W23014,IRBINVIT,IV,,,,,IRB INVIT FUND,63.25,63.25,62.83,63.03,63.01,62.81,,63.03,,,1073898,67669486.67,7152,F1,1,,,,,
2026-08-03,2026-08-03,CM,NSE,STK,4986,INE962Y01021,IRCON,EQ,,,,,IRCON INTERNATIONAL LTD,126.12,132.38,126.10,131.88,131.60,125.99,,131.88,,,3483133,455353440.91,29317,F1,1,,,,,
2026-08-03,2026-08-03,CM,NSE,STK,1393,INE202E07153,880IREDA34,N6,,,,,IREDA 8.80NCDTR I SR IIIB,1256.00,1256.00,1256.00,1256.00,1256.00,1253.60,,1256.00,,,1,1256.00,1,F1,1,,,,,
2026-08-03,2026-08-03,CM,NSE,STK,2275,INE01GN01025,IRISDOREME,EQ,,,,,IRIS CLOTHINGS LIMITED,53.26,54.50,52.81,53.52,53.20,52.96,,53.52,,,459911,24535351.61,2782,F1,1,,,,,
2026-08-03,2026-08-03,CM,NSE,STK,6489,INE864K01010,IRIS,EQ,,,,,IRIS REGTECH SOLUTION LTD,252.00,263.97,249.80,254.52,253.79,248.20,,253.70,,,19353,4931987.82,615,F1,1,,,,,
2026-08-03,2026-08-03,CM,NSE,STK,19597,INE07U701015,IRMENERGY,EQ,,,,,IRM ENERGY LIMITED,257.60,268.40,257.60,265.00,264.00,257.55,,265.00,,,97929,25890027.55,3086,F1,1,,,,,
2026-08-03,2026-08-03,CM,NSE,STK,760901,INE413U07459,920ISF28B,N0,,,,,ISF 9.20% 2028 SR A,9999.99,9999.99,9999.99,9999.99,9999.99,9999.99,,9999.99,,,3,29999.97,1,F1,1,,,,,
2026-08-03,2026-08-03,CM,NSE,STK,761208,INE413U07442,925ISF28,N0,,,,,ISF 9.25% 2028,9850.00,9850.00,9850.00,9850.00,9850.00,9661.55,,9850.00,,,1,9850.00,1,F1,1,,,,,
2026-08-03,2026-08-03,CM,NSE,STK,757708,INE413U07426,950ISF27C,N0,,,,,ISF 9.50% 2027,10015.00,10015.00,10015.00,10015.00,10015.00,10015.00,,10015.00,,,2,20030.00,2,F1,1,,,,,
2026-08-03,2026-08-03,CM,NSE,STK,759100,INE413U07434,965ISF28,N0,,,,,ISF 9.65% 2028,100182.83,100182.83,100182.83,100182.83,100182.83,99599.00,,100182.83,,,1,100182.83,1,F1,1,,,,,
2026-08-03,2026-08-03,CM,NSE,STK,3329,INE858B01029,ISGEC,EQ,,,,,ISGEC HEAVY ENG LTD,834.00,847.00,833.35,838.95,836.20,825.95,,838.95,,,39861,33477984.20,3469,F1,1,,,,,
2026-08-03,2026-08-03,CM,NSE,STK,30249,INE561M01018,ISHANCH,EQ,,,,,ISHAN DYES N CHEMICALS L,52.99,53.30,50.50,51.84,50.50,52.22,,51.84,,,49811,2607360.62,279,F1,1,,,,,
2026-08-03,2026-08-03,CM,NSE,STK,10995,INE0LCW01025,ISHAN,SM,,,,,ISHAN INTERNATIONAL LTD,0.50,0.50,0.45,0.45,0.45,0.45,,0.45,,,336000,163200.00,7,F1,48000,,,,,
2026-08-03,2026-08-03,CM,NSE,STK,29251,INE379A01028,ITCHOTELS,EQ,,,,,ITC HOTELS LIMITED,163.59,167.35,162.80,165.22,165.30,162.37,,165.22,,,2135051,353497678.95,33860,F1,1,,,,,
2026-08-03,2026-08-03,CM,NSE,STK,1660,INE154A01025,ITC,EQ,,,,,ITC LTD,284.45,292.55,283.00,287.00,287.00,281.00,,286.99,,,45392755,13120068403.80,397056,F1,1,,,,,
2026-08-03,2026-08-03,CM,NSE,STK,1675,INE248A01017,ITI,EQ,,,,,ITI LTD,279.40,282.90,277.80,282.15,282.10,276.70,,282.15,,,264548,74360914.35,6001,F1,1,,,,,
2026-08-03,2026-08-03,CM,NSE,STK,759041,INE056801025,IVALUE,EQ,,,,,IVALUE INFOSOLUTIONS LTD,272.55,282.00,271.35,274.70,275.20,274.05,,274.64,,,446702,123205651.40,6970,F1,1,,,,,
2026-08-03,2026-08-03,CM,NSE,STK,8857,INE043C01018,IVP,BE,,,,,IVP LIMITED,153.50,158.90,153.35,158.23,158.90,152.00,,158.23,,,6857,1070759.28,118,F1,1,,,,,
2026-08-03,2026-08-03,CM,NSE,STK,757644,INE1AII01014,IWARE,ST,,,,,IWARE SUPPLYCHAIN SER LTD,474.00,482.00,474.00,482.00,482.00,489.80,,482.00,,,3600,1723380.00,6,F1,600,,,,,
2026-08-03,2026-08-03,CM,NSE,STK,14174,INE848A01014,IZMO,EQ,,,,,IZMO LIMITED,997.00,1028.25,973.85,988.90,985.00,992.90,,988.83,,,91192,91380463.90,7374,F1,1,,,,,
2026-08-03,2026-08-03,CM,NSE,STK,5633,INE168A01041,J&KBANK,EQ,,,,,J & K BANK LTD.,155.00,158.70,152.55,156.12,155.80,156.00,,156.13,,,6169987,968746094.98,53526,F1,1,,,,,
2026-08-03,2026-08-03,CM,NSE,STK,23056,INE0MB501011,JGCHEM,EQ,,,,,J.G.CHEMICALS LIMITED,507.00,514.80,501.65,508.40,510.00,503.80,,508.40,,,84625,43043948.95,3425,F1,1,,,,,
2026-08-03,2026-08-03,CM,NSE,STK,13211,INE199G01027,JAGRAN,EQ,,,,,JAGRAN PRAKASHAN LIMITED,64.20,64.50,62.80,62.88,62.92,63.81,,62.88,,,361401,22847801.81,2836,F1,1,,,,,
2026-08-03,2026-08-03,CM,NSE,STK,4410,INE048B01035,JAGSNPHARM,EQ,,,,,JAGSONPAL PHARMACEUTICALS,228.50,239.00,227.21,235.37,235.00,230.80,,235.39,,,182821,42332496.11,3945,F1,1,,,,,
2026-08-03,2026-08-03,CM,NSE,STK,14076,INE091G01026,JAIBALAJI,BE,,,,,JAI BALAJI INDUSTRIES LTD,57.96,60.59,57.71,60.59,60.59,57.71,,60.62,,,187525,11184705.89,748,F1,1,,,,,
2026-08-03,2026-08-03,CM,NSE,STK,5143,INE070D01027,JAICORPLTD,EQ,,,,,JAI CORP LIMITED,102.15,104.39,102.15,103.83,103.80,101.64,,103.83,,,283415,29395973.60,2747,F1,1,,,,,
2026-08-03,2026-08-03,CM,NSE,STK,25684,IN9175A01010,JISLDVREQS,EQ,,,,,JAIN DVR EQUITY SHARES,22.21,23.23,22.05,22.53,22.80,22.10,,22.72,,,28796,645692.86,157,F1,1,,,,,
2026-08-03,2026-08-03,CM,NSE,STK,10397,INE175A01038,JISLJALEQS,EQ,,,,,JAIN IRRIGATION SYSTEMS,30.07,32.40,30.05,31.33,31.30,29.94,,31.33,,,4959953,155574409.69,16232,F1,1,,,,,
2026-08-03,2026-08-03,CM,NSE,STK,759244,INE0YD401026,JAINREC,EQ,,,,,JAIN RESOURCE RECYCLING L,353.90,363.00,321.20,350.20,348.00,348.20,,350.21,,,6506503,2258715416.10,119306,F1,1,,,,,
2026-08-03,2026-08-03,CM,NSE,STK,758303,INE0XIL01012,JAINIK,SM,,,,,JAINIK POWER CABLES LTD,178.50,185.00,178.50,183.00,183.00,182.00,,183.00,,,10800,1982880.00,7,F1,1200,,,,,
2026-08-03,2026-08-03,CM,NSE,STK,11763,INE351F01018,JPPOWER,EQ,,,,,JAIPRAKASH POWER VEN. LTD,18.59,19.28,18.31,18.76,18.73,18.29,,18.76,,,197024299,3734467003.36,113139,F1,1,,,,,
2026-08-03,2026-08-03,CM,NSE,STK,20930,INE349X01015,JALAN,ST,,,,,JALAN TRANSOLU. INDIA LTD,1.60,1.60,1.50,1.60,1.60,1.55,,1.60,,,54000,82350.00,9,F1,3000,,,,,
2026-08-03,2026-08-03,CM,NSE,STK,20778,INE039C01032,JAMNAAUTO,EQ,,,,,JAMNA AUTO IND LTD,132.99,141.60,132.49,140.86,140.90,131.18,,140.86,,,6125287,849918269.68,51207,F1,1,,,,,
2026-08-03,2026-08-03,CM,NSE,STK,22663,INE953L01027,JSFB,EQ,,,,,JANA SMALL FIN BANK LTD,579.00,593.00,573.60,584.85,585.00,575.00,,584.86,,,673070,393308022.15,24389,F1,1,,,,,
2026-08-03,2026-08-03,CM,NSE,STK,759951,INE00YJ01010,JARO,EQ,,,,,JARO INS OF TEC MG N RE L,474.80,476.65,469.75,472.55,471.45,467.85,,472.53,,,113121,53466658.65,2200,F1,1,,,,,
2026-08-03,2026-08-03,CM,NSE,STK,13982,INE039O01029,JASH,EQ,,,,,JASH ENGINEERING LIMITED,506.00,511.40,496.20,500.60,497.00,504.55,,500.27,,,90209,45598718.15,6134,F1,1,,,,,
2026-08-03,2026-08-03,CM,NSE,STK,25037,INE0SMY01017,JAYBEE,SM,,,,,JAY BEE LAMINATIONS LTD,89.90,89.90,84.00,87.00,87.20,89.90,,87.00,,,16500,1442175.00,31,F1,500,,,,,
2026-08-03,2026-08-03,CM,NSE,STK,1708,INE571B01036,JAYBARMARU,EQ,,,,,JAY BHARAT MARUTI LTD,165.00,165.12,160.00,162.17,161.76,160.59,,162.15,,,471198,76827567.70,5777,F1,1,,,,,
2026-08-03,2026-08-03,CM,NSE,STK,10889,INE0J6801010,KORE,SM,,,,,JAY JALARAM TECHNO LTD,159.85,184.00,159.85,170.75,175.00,174.50,,170.75,,,3500,605462.50,12,F1,250,,,,,
2026-08-03,2026-08-03,CM,NSE,STK,4041,INE785A01026,JAYAGROGN,EQ,,,,,JAYANT AGRO ORGANICS LTD,236.00,241.35,229.20,230.95,232.00,229.35,,230.97,,,42437,9997105.06,1611,F1,1,,,,,
2026-08-03,2026-08-03,CM,NSE,STK,2331,INE854B01010,JAYNECOIND,EQ,,,,,JAYASWAL NECO INDUSTR LTD,86.48,89.26,86.20,88.18,87.26,86.03,,88.18,,,3042725,266544205.57,18128,F1,1,,,,,
2026-08-03,2026-08-03,CM,NSE,STK,759159,INE1AE401014,JAYESH,SM,,,,,JAYESH LOGISTICS LIMITED,137.00,162.30,137.00,144.25,141.00,135.25,,144.25,,,41000,5999000.00,27,F1,1000,,,,,
2026-08-03,2026-08-03,CM,NSE,STK,760073,INE903A01025,JAYKAY,EQ,,,,,JAYKAY ENTERPRISES LTD,169.80,172.00,163.68,165.32,166.00,167.36,,165.27,,,121972,20422896.44,2819,F1,1,,,,,
2026-08-03,2026-08-03,CM,NSE,STK,1720,INE364A01020,JAYSREETEA,EQ,,,,,JAYSHREE TEA & INDUSTRIES,82.90,84.15,82.48,83.27,82.82,81.96,,83.27,,,20508,1707639.74,348,F1,1,,,,,
2026-08-03,2026-08-03,CM,NSE,STK,11655,INE927D01051,JBMA,EQ,,,,,JBM AUTO LIMITED,663.00,670.95,660.00,662.60,660.95,658.35,,662.57,,,161748,107633995.55,8554,F1,1,,,,,
2026-08-03,2026-08-03,CM,NSE,STK,758115,INE0J5801029,JSLL,EQ,,,,,JEENA SIKHO LIFECARE LTD,595.60,602.05,573.20,582.50,573.20,586.15,,582.27,,,415999,245375257.05,12549,F1,1,,,,,
2026-08-03,2026-08-03,CM,NSE,STK,7211,INE982V01025,JETFREIGHT,EQ,,,,,JET FREIGHT LOGISTICS LTD,23.77,23.85,22.51,22.67,22.51,22.70,,22.67,,,276654,6410907.25,1098,F1,1,,,,,
2026-08-03,2026-08-03,CM,NSE,STK,25150,INE0RXB01022,JEYYAM,ST,,,,,JEYYAM GLOBAL FOODS LTD,24.25,24.75,24.00,24.00,24.00,24.35,,24.00,,,24000,582100.00,12,F1,2000,,,,,
2026-08-03,2026-08-03,CM,NSE,STK,10885,INE0LA901015,JFLLIFE,SM,,,,,JFL LIFE SCIENCES LIMITED,13.25,13.60,13.00,13.25,13.00,13.00,,13.25,,,66000,878100.00,11,F1,6000,,,,,
2026-08-03,2026-08-03,CM,NSE,STK,13720,INE544H01014,JHS,EQ,,,,,JHS SVEND. LAB. LTD,7.74,7.79,7.49,7.64,7.55,7.57,,7.64,,,95703,731483.73,331,F1,1,,,,,
2026-08-03,2026-08-03,CM,NSE,STK,24145,INE03DD01011,RETAIL,EQ,,,,,JHS SVENDGAARD RETAIL V L,16.56,17.40,16.01,16.57,16.55,16.48,,16.52,,,3428,57292.84,52,F1,1,,,,,
2026-08-03,2026-08-03,CM,NSE,STK,31507,INE147P01019,JPOLYINVST,EQ,,,,,JIND POL INV & FIN CO LTD,1021.00,1045.00,1021.00,1029.20,1035.40,1020.80,,1029.29,,,5203,5354792.90,391,F1,1,,,,,
2026-08-03,2026-08-03,CM,NSE,STK,13875,INE742C01031,JINDRILL,EQ,,,,,JINDAL DRILLING IND. LTD,622.90,628.35,607.00,611.15,607.95,616.20,,611.12,,,283953,174949577.70,11698,F1,1,,,,,
2026-08-03,2026-08-03,CM,NSE,STK,11743,INE796G01012,JINDALPHOT,EQ,,,,,JINDAL PHOTO LIMITED,1070.00,1079.90,1038.00,1064.00,1062.10,1061.10,,1063.85,,,2158,2286463.50,282,F1,1,,,,,
2026-08-03,2026-08-03,CM,NSE,STK,1756,INE197D01010,JINDALPOLY,EQ,,,,,JINDAL POLY FILMS LIMITED,642.00,642.00,622.00,625.00,625.60,633.30,,625.07,,,16801,10549497.25,1376,F1,1,,,,,
2026-08-03,2026-08-03,CM,NSE,STK,3024,INE324A01032,JINDALSAW,EQ,,,,,JINDAL SAW LIMITED,256.75,260.80,253.25,259.30,259.00,256.95,,259.29,,,1071375,275153747.10,23315,F1,1,,,,,
2026-08-03,2026-08-03,CM,NSE,STK,11236,INE220G01021,JSL,EQ,,,,,JINDAL STAINLESS LIMITED,734.80,740.00,719.95,731.70,735.00,734.80,,731.66,,,382465,280838188.05,20907,F1,1,,,,,
2026-08-03,2026-08-03,CM,NSE,STK,6733,INE749A01030,JINDALSTEL,EQ,,,,,JINDAL STEEL LIMITED,1114.00,1128.30,1105.10,1105.10,1105.10,1102.40,,1105.10,,,1173261,1305568774.50,32751,F1,1,,,,,
2026-08-03,2026-08-03,CM,NSE,STK,20642,INE247D01039,JINDWORLD,EQ,,,,,JINDAL WORLDWIDE LTD,37.91,42.40,37.63,40.41,40.28,38.34,,40.41,,,123958484,5085617362.03,226240,F1,1,,,,,
2026-08-03,2026-08-03,CM,NSE,STK,759206,INE1FF001016,JKIPL,BE,,,,,JINKUSHAL INDUSTRIES LTD,98.50,101.00,94.51,96.83,96.50,97.97,,97.46,,,10971,1069081.19,148,F1,1,,,,,
2026-08-03,2026-08-03,CM,NSE,STK,18143,INE758E01017,JIOFIN,EQ,,,,,JIO FIN SERVICES LTD,260.00,266.95,256.30,263.00,263.00,256.46,,262.99,,,36582683,9571818101.80,177781,F1,1,,,,,
2026-08-03,2026-08-03,CM,NSE,STK,19691,INE863T01013,JITFINFRA,EQ,,,,,JITF INFRALOGISTICS LTD,340.00,352.00,335.65,345.25,335.65,337.95,,345.27,,,30630,10611410.30,1341,F1,1,,,,,
2026-08-03,2026-08-03,CM,NSE,STK,13270,INE823G01014,JKCEMENT,EQ,,,,,JK CEMENT LIMITED,5461.00,5595.00,5461.00,5563.50,5543.00,5444.00,,5563.41,,,39151,217384203.50,11716,F1,1,,,,,
2026-08-03,2026-08-03,CM,NSE,STK,13491,INE786A01032,JKLAKSHMI,EQ,,,,,JK LAKSHMI CEMENT LTD,569.90,571.85,564.00,568.65,570.90,564.65,,568.61,,,67274,38226252.75,4288,F1,1,,,,,
2026-08-03,2026-08-03,CM,NSE,STK,11860,INE789E01012,JKPAPER,EQ,,,,,JK PAPER LIMITED,390.95,392.70,385.00,385.75,385.80,390.55,,385.76,,,205827,80021913.75,6562,F1,1,,,,,
2026-08-03,2026-08-03,CM,NSE,STK,14435,INE573A01042,JKTYRE,EQ,,,,,JK TYRE & INDUSTRIES LTD,405.00,418.25,403.15,410.30,411.00,399.75,,410.29,,,1668484,686631844.80,37784,F1,1,,,,,
2026-08-03,2026-08-03,CM,NSE,STK,15266,INE576I01022,JKIL,EQ,,,,,JKUMAR INFR.LTD.,484.00,489.90,483.10,485.20,488.00,482.00,,485.20,,,72309,35163838.40,4510,F1,1,,,,,
2026-08-03,2026-08-03,CM,NSE,STK,13637,INE780C01023,JMFINANCIL,EQ,,,,,JM FINANCIAL LIMITED,123.69,125.25,117.70,120.89,121.26,122.16,,120.89,,,8194497,991022536.54,58434,F1,1,,,,,
2026-08-03,2026-08-03,CM,NSE,STK,23621,INE0OAF01028,JNKINDIA,EQ,,,,,JNK INDIA LIMITED,430.00,430.00,405.20,410.85,409.00,437.55,,410.86,,,732715,305883236.25,17851,F1,1,,,,,
2026-08-03,2026-08-03,CM,NSE,STK,16931,INE839G01010,JOCIL,BE,,,,,JOCIL LIMITED,147.50,151.50,146.10,150.87,150.90,144.29,,150.87,,,12800,1919305.69,96,F1,1,,,,,
2026-08-03,2026-08-03,CM,NSE,STK,762623,INE515A01019,COCKERILL,EQ,,,,,JOHN COCKERILL INDIA LTD.,8670.00,9149.00,8500.50,8987.50,8950.00,8645.50,,8988.08,,,8857,78096634.50,2329,F1,1,,,,,
2026-08-03,2026-08-03,CM,NSE,STK,758460,INE718I01012,JSWCEMENT,EQ,,,,,JSW CEMENT LIMITED,134.00,134.75,132.15,132.90,132.90,133.10,,132.90,,,692633,92647893.03,10380,F1,1,,,,,
2026-08-03,2026-08-03,CM,NSE,STK,1467,INE133A01011,JSWDULUX,EQ,,,,,JSW DULUX LIMITED,2938.80,3035.00,2938.80,3015.50,3028.60,2938.80,,3013.37,,,13123,39497207.50,2834,F1,1,,,,,
2026-08-03,2026-08-03,CM,NSE,STK,17869,INE121E01018,JSWENERGY,EQ,,,,,JSW ENERGY LIMITED,559.00,569.00,557.35,569.00,569.00,554.65,,568.99,,,2824425,1591047841.20,56499,F1,1,,,,,
2026-08-03,2026-08-03,CM,NSE,STK,11880,INE824G01012,JSWHL,EQ,,,,,JSW HOLDINGS LIMITED,11250.00,12200.00,11250.00,12016.00,12073.00,11257.00,,12015.90,,,7448,87838859.00,2591,F1,1,,,,,
2026-08-03,2026-08-03,CM,NSE,STK,19020,INE880J01026,JSWINFRA,EQ,,,,,JSW INFRASTRUCTURE LTD,317.70,330.95,314.40,329.00,329.70,312.40,,329.01,,,6061606,1969194088.55,105860,F1,1,,,,,
2026-08-03,2026-08-03,CM,NSE,STK,11723,INE019A01038,JSWSTEEL,EQ,,,,,JSW STEEL LIMITED,1278.90,1294.80,1268.70,1292.30,1292.30,1270.00,,1292.27,,,2577735,3293740965.60,57931,F1,1,,,,,
2026-08-03,2026-08-03,CM,NSE,STK,3237,INE643A01035,JTEKTINDIA,EQ,,,,,JTEKT INDIA LIMITED,141.90,143.94,138.20,141.74,141.60,140.71,,141.73,,,256541,36315008.43,4247,F1,1,,,,,
2026-08-03,2026-08-03,CM,NSE,STK,7287,INE391J01032,JTLIND,EQ,,,,,JTL INDUSTRIES LIMITED,77.40,77.40,75.30,75.73,75.35,75.39,,75.73,,,1165467,89020046.88,8357,F1,1,,,,,
2026-08-03,2026-08-03,CM,NSE,STK,29590,INE03CC01015,JUBLCPL,EQ,,,,,JUBILANT AGRI N CON PRO L,1800.00,1848.70,1800.00,1822.30,1816.40,1778.60,,1821.45,,,1471,2671052.90,298,F1,1,,,,,
2026-08-03,2026-08-03,CM,NSE,STK,18096,INE797F01020,JUBLFOOD,EQ,,,,,JUBILANT FOODWORKS LTD,439.95,470.80,439.95,470.00,470.00,438.25,,469.79,,,6073943,2807939971.05,78614,F1,1,,,,,
2026-08-03,2026-08-03,CM,NSE,STK,2783,INE0BY001018,JUBLINGREA,EQ,,,,,JUBILANT INGREVIA LIMITED,739.90,760.55,734.05,757.45,757.50,735.70,,757.45,,,300636,226235276.50,18340,F1,1,,,,,
2026-08-03,2026-08-03,CM,NSE,STK,3637,INE700A01033,JUBLPHARMA,EQ,,,,,JUBILANT PHARMOVA LTD,936.00,944.45,925.40,933.15,934.25,935.15,,933.08,,,204728,191251600.70,19899,F1,1,,,,,
2026-08-03,2026-08-03,CM,NSE,STK,7109,INE412C01023,JMA,EQ,,,,,JULLUNDUR MOT AGENCY LTD,89.00,90.90,87.02,88.67,89.00,87.92,,88.67,,,12766,1141269.17,214,F1,1,,,,,
2026-08-03,2026-08-03,CM,NSE,STK,22824,INE696F01016,JUNIPER,EQ,,,,,JUNIPER HOTELS LIMITED,198.00,199.00,196.45,197.75,196.75,195.33,,197.77,,,82931,16414497.61,1525,F1,1,,,,,
2026-08-03,2026-08-03,CM,NSE,STK,18553,INE682M01020,JLHL,EQ,,,,,JUPITER LIFE LINE HOSP L,325.00,325.00,310.30,319.00,323.00,331.50,,318.71,,,607371,192810072.10,32790,F1,1,,,,,
2026-08-03,2026-08-03,CM,NSE,STK,20224,INE209L01016,JWL,EQ,,,,,JUPITER WAGONS LIMITED,259.25,269.55,259.25,264.95,263.00,259.20,,264.94,,,1890451,502019896.15,25367,F1,1,,,,,
2026-08-03,2026-08-03,CM,NSE,STK,29962,INE599M01018,JUSTDIAL,EQ,,,,,JUSTDIAL LTD.,719.90,729.35,705.80,710.65,707.55,716.70,,710.69,,,399720,286039612.70,10336,F1,1,,,,,
2026-08-03,2026-08-03,CM,NSE,STK,15146,INE668F01031,JYOTHYLAB,EQ,,,,,JYOTHY LABS LIMITED,200.83,207.40,199.84,206.06,203.47,198.85,,206.06,,,941754,193549290.76,22751,F1,1,,,,,
2026-08-03,2026-08-03,CM,NSE,STK,21334,INE980O01024,JYOTICNC,EQ,,,,,JYOTI CNC AUTOMATION LTD,814.80,864.20,812.05,858.30,851.10,808.65,,858.29,,,1473324,1247635152.55,39134,F1,1,,,,,
2026-08-03,2026-08-03,CM,NSE,STK,758221,INE1M3T01017,JYOTIGLOBL,SM,,,,,JYOTI GLOBAL PLAST LTD,35.90,35.90,35.90,35.90,35.90,35.95,,35.90,,,4000,143600.00,2,F1,2000,,,,,
2026-08-03,2026-08-03,CM,NSE,STK,1802,INE197A01024,JYOTISTRUC,EQ,,,,,JYOTI STRUCTURES LTD,10.88,11.74,10.88,11.60,11.60,10.80,,11.60,,,9771430,111470146.41,10661,F1,1,,,,,
2026-08-03,2026-08-03,CM,NSE,STK,14667,INE157H01023,KMSUGAR,EQ,,,,,K M SUGAR MILLS LTD,27.80,28.50,27.75,28.19,28.15,27.60,,28.19,,,149407,4224993.59,907,F1,1,,,,,
2026-08-03,2026-08-03,CM,NSE,STK,27079,INE127T01021,KPEL,EQ,,,,,K.P. ENERGY LIMITED,309.05,319.20,309.05,316.25,312.00,306.95,,316.37,,,193005,60791183.95,4846,F1,1,,,,,
2026-08-03,2026-08-03,CM,NSE,STK,23462,INE0DEZ01013,K2INFRA,ST,,,,,K2 INFRAGEN LIMITED,54.50,54.70,53.50,54.45,54.45,54.05,,54.45,,,11400,617280.00,19,F1,600,,,,,
2026-08-03,2026-08-03,CM,NSE,STK,1805,INE900B01029,KABRAEXTRU,EQ,,,,,KABRA EXTRUSION TECHNIK L,401.00,447.95,395.00,418.60,419.00,394.95,,418.58,,,873684,371602394.60,27866,F1,1,,,,,
2026-08-03,2026-08-03,CM,NSE,STK,29192,INE0XOW01017,KKJEWELS,SM,,,,,KABRA JEWELS LIMITED,106.05,106.05,104.50,104.90,104.50,107.00,,104.90,,,9000,946750.00,9,F1,1000,,,,,
2026-08-03,2026-08-03,CM,NSE,STK,1808,INE217B01036,KAJARIACER,EQ,,,,,KAJARIA CERAMICS LTD,1220.30,1223.00,1188.20,1214.70,1206.00,1198.30,,1214.62,,,664373,802908604.10,45153,F1,1,,,,,
2026-08-03,2026-08-03,CM,NSE,STK,8945,INE437B01014,KAKATCEM,BE,,,,,KAKATIYA CEM SUGAR &IND L,121.50,121.50,117.01,119.87,119.00,122.37,,119.73,,,3518,421438.36,62,F1,1,,,,,
2026-08-03,2026-08-03,CM,NSE,STK,25443,INE0T0L01014,KALANA,SM,,,,,KALANA ISPAT LIMITED,18.95,18.95,18.95,18.95,18.95,18.50,,18.95,,,2000,37900.00,1,F1,2000,,,,,
2026-08-03,2026-08-03,CM,NSE,STK,758558,INE227J01012,KALPATARU,EQ,,,,,KALPATARU LIMITED,300.75,309.80,297.00,300.70,297.00,297.85,,300.70,,,100525,30352158.05,2532,F1,1,,,,,
2026-08-03,2026-08-03,CM,NSE,STK,1814,INE220B01022,KPIL,EQ,,,,,KALPATARU PROJECT INT LTD,1289.00,1310.00,1273.10,1283.50,1285.00,1289.60,,1283.44,,,152552,196232497.80,17688,F1,1,,,,,
2026-08-03,2026-08-03,CM,NSE,STK,2955,INE303R01014,KALYANKJIL,EQ,,,,,KALYAN JEWELLERS IND LTD,616.35,623.40,602.55,608.00,608.00,612.60,,608.00,,,15638729,9560273125.65,129745,F1,1,,,,,
2026-08-03,2026-08-03,CM,NSE,STK,15156,INE314G01014,KALYANIFRG,EQ,,,,,KALYANI FORGE LIMITED,620.00,620.00,593.00,599.60,606.25,601.90,,599.58,,,989,595668.70,91,F1,1,,,,,
2026-08-03,2026-08-03,CM,NSE,STK,21119,INE029L01018,KICL,EQ,,,,,KALYANI INVEST CO LTD,5580.00,5600.00,5490.50,5522.00,5504.50,5498.50,,5522.00,,,1259,7004151.00,312,F1,1,,,,,
2026-08-03,2026-08-03,CM,NSE,STK,18889,INE907A01026,KSL,EQ,,,,,KALYANI STEELS LIMITED,889.00,889.70,875.05,886.50,879.45,874.05,,886.02,,,15557,13715628.65,1538,F1,1,,,,,
2026-08-03,2026-08-03,CM,NSE,STK,762732,INE411F01010,KAMAHOLD,EQ,,,,,KAMA HOLDINGS LTD.,2520.00,2545.00,2510.00,2516.40,2520.00,2511.10,,2514.15,,,2500,6317954.60,302,F1,1,,,,,
2026-08-03,2026-08-03,CM,NSE,STK,1826,INE967C01018,KAMATHOTEL,EQ,,,,,KAMAT HOTELS (I) LTD,166.30,171.39,166.30,170.15,170.77,166.99,,170.17,,,34581,5883057.90,876,F1,1,,,,,
2026-08-03,2026-08-03,CM,NSE,STK,13461,INE390H01020,KAMDHENU,BE,,,,,KAMDHENU LIMITED,34.30,34.89,33.44,34.55,34.51,34.30,,34.55,,,367286,12668841.79,614,F1,1,,,,,
2026-08-03,2026-08-03,CM,NSE,STK,13814,INE0BTI01037,KAMOPAINTS,EQ,,,,,KAMDHENU VENTURES LIMITED,4.57,4.73,4.50,4.56,4.53,4.58,,4.56,,,307600,1407607.67,799,F1,1,,,,,
2026-08-03,2026-08-03,CM,NSE,STK,25786,INE879E01037,KANANIIND,EQ,,,,,KANANI INDUSTRIES LTD,1.55,1.55,1.47,1.50,1.50,1.49,,1.50,,,79472,119755.09,295,F1,1,,,,,
2026-08-03,2026-08-03,CM,NSE,STK,762740,INE081G01019,KANCHI,BE,,,,,KANCHI KARPOORAM LTD.,365.00,374.00,355.05,364.60,372.90,365.95,,364.60,,,1404,512465.55,45,F1,1,,,,,
2026-08-03,2026-08-03,CM,NSE,STK,11208,INE0MOT01016,KANDARP,SM,,,,,KANDARP DG SMART BPO LTD,98.75,99.00,97.00,98.45,98.45,100.90,,98.45,,,7000,689050.00,7,F1,1000,,,,,
2026-08-03,2026-08-03,CM,NSE,STK,9805,INE138C01024,KANORICHEM,BE,,,,,KANORIACHEMICALS-,140.99,147.50,139.00,142.97,145.95,142.38,,142.51,,,14005,2006504.02,146,F1,1,,,,,
2026-08-03,2026-08-03,CM,NSE,STK,1782,INE694E01014,KANPRPLA,EQ,,,,,KANPUR PLASTIPACK LIMITED,209.99,213.37,206.44,211.01,210.05,207.13,,211.01,,,11000,2319369.68,627,F1,1,,,,,
2026-08-03,2026-08-03,CM,NSE,STK,1196,INE531A01024,KANSAINER,EQ,,,,,KANSAI NEROLAC PAINTS LTD,197.19,205.26,197.19,204.18,203.55,196.74,,204.17,,,514487,104765884.11,17125,F1,1,,,,,
2026-08-03,2026-08-03,CM,NSE,STK,18967,INE542Z01028,KAPSTON,EQ,,,,,KAPSTON SERVICES LIMITED,483.90,534.00,478.80,525.90,531.00,474.90,,525.90,,,302591,156274112.50,12319,F1,1,,,,,
2026-08-03,2026-08-03,CM,NSE,STK,24385,INE725L01011,KARMAENG,EQ,,,,,KARMA ENERGY LIMITED,36.60,39.90,36.60,38.50,38.50,38.24,,38.50,,,1381,52982.68,76,F1,1,,,,,
2026-08-03,2026-08-03,CM,NSE,STK,8054,INE614B01018,KTKBANK,EQ,,,,,KARNATAKA BANK LIMITED,288.00,294.00,286.00,289.45,289.05,284.75,,289.44,,,3342740,974885923.35,32818,F1,1,,,,,
2026-08-03,2026-08-03,CM,NSE,STK,19465,INE0MGA01012,KARNIKA,SM,,,,,KARNIKA INDUSTRIES LTD,115.10,120.00,115.10,119.20,119.50,117.80,,119.20,,,42000,4972250.00,35,F1,1000,,,,,
2026-08-03,2026-08-03,CM,NSE,STK,1838,INE036D01028,KARURVYSYA,EQ,,,,,KARUR VYSYA BANK LTD,343.50,351.80,342.50,348.10,349.00,342.45,,348.13,,,3406254,1185565641.80,57118,F1,1,,,,,
2026-08-03,2026-08-03,CM,NSE,STK,24528,INE0SVY01018,KATARIA,SM,,,,,KATARIA INDUSTRIES LTD,98.00,99.80,97.00,99.80,99.80,97.75,,99.80,,,7800,773460.00,12,F1,600,,,,,
2026-08-03,2026-08-03,CM,NSE,STK,15140,INE234I01028,KAUSHALYA,BE,,,,,KAUSHALYA INFRA DEV LTD.,892.30,929.00,892.30,924.55,929.00,909.00,,923.83,,,148,134814.20,25,F1,1,,,,,
2026-08-03,2026-08-03,CM,NSE,STK,21186,INE0Q2V01012,KLL,SM,,,,,KAUSHALYA LOGISTICS LTD,27.00,28.70,27.00,28.25,28.25,27.90,,28.25,,,6400,179160.00,7,F1,800,,,,,
2026-08-03,2026-08-03,CM,NSE,STK,14972,INE455I01029,KSCL,EQ,,,,,KAVERI SEED CO. LTD.,782.40,801.95,772.25,780.50,773.00,782.45,,780.39,,,178531,140654423.20,8704,F1,1,,,,,
2026-08-03,2026-08-03,CM,NSE,STK,15244,INE641C01019,KAVDEFENCE,EQ,,,,,KAVVERI DFS & WIR TEC LTD,56.71,59.71,56.71,58.52,58.50,57.11,,58.50,,,117414,6887442.87,1553,F1,1,,,,,
2026-08-03,2026-08-03,CM,NSE,STK,21173,INE0RCG01017,KCEIL,SM,,,,,KAY CEE ENERGY & INFRA L,86.15,89.15,86.15,88.70,88.70,87.45,,88.70,,,10000,872000.00,10,F1,500,,,,,
2026-08-03,2026-08-03,CM,NSE,STK,10276,INE587G01015,KAYA,EQ,,,,,KAYA LIMITED,275.15,283.00,275.15,278.45,279.65,275.74,,278.45,,,7972,2225859.40,201,F1,1,,,,,
2026-08-03,2026-08-03,CM,NSE,STK,12092,INE918Z01012,KAYNES,EQ,,,,,KAYNES TECHNOLOGY IND LTD,3830.00,3866.80,3760.00,3805.00,3805.00,3804.60,,3804.49,,,1176113,4477279665.00,70307,F1,1,,,,,
2026-08-03,2026-08-03,CM,NSE,STK,758868,INE13ZD01013,KAYTEX,SM,,,,,KAYTEX FABRICS LIMITED,58.65,58.65,57.80,57.90,58.00,58.50,,57.90,,,68000,3940240.00,57,F1,800,,,,,
2026-08-03,2026-08-03,CM,NSE,STK,10293,INE0J1E01027,KCK,SM,,,,,KCK INDUSTRIES LTD,19.00,19.00,18.10,18.35,18.10,19.00,,18.35,,,252500,4692500.00,69,F1,2500,,,,,
2026-08-03,2026-08-03,CM,NSE,STK,1841,INE805C01028,KCP,EQ,,,,,KCP LTD,161.60,165.39,148.98,152.97,156.00,161.57,,152.97,,,890397,139015442.59,18639,F1,1,,,,,
2026-08-03,2026-08-03,CM,NSE,STK,4809,INE790B01024,KCPSUGIND,EQ,,,,,KCP SUGAR IND CORP LTD.,32.27,33.00,30.80,32.59,32.80,31.95,,32.59,,,537049,17368575.30,1855,F1,1,,,,,
2026-08-03,2026-08-03,CM,NSE,STK,14908,INE291D01011,KDDL,EQ,,,,,KDDL LIMITED,3318.50,3495.00,3272.70,3463.20,3461.80,3302.00,,3462.87,,,54531,185564596.70,7077,F1,1,,,,,
2026-08-03,2026-08-03,CM,NSE,STK,13260,INE389H01022,KEC,EQ,,,,,KEC INTL. LIMITED,473.75,482.85,472.35,478.75,478.95,468.95,,478.75,,,806688,386109605.55,21616,F1,1,,,,,
2026-08-03,2026-08-03,CM,NSE,STK,13310,INE878B01027,KEI,EQ,,,,,KEI INDUSTRIES LTD.,5024.00,5063.20,4963.20,5023.30,5023.30,4999.00,,5022.90,,,274828,1379004606.20,29119,F1,1,,,,,
2026-08-03,2026-08-03,CM,NSE,STK,13430,INE164B01030,KELLTONTEC,EQ,,,,,KELLTON TECH SOL LTD,14.27,14.40,14.15,14.27,14.39,14.18,,14.28,,,1738942,24828873.91,3153,F1,1,,,,,
2026-08-03,2026-08-03,CM,NSE,STK,29547,INE15DO01012,KEN,SM,,,,,KEN ENTERPRISES LIMITED,36.40,38.00,36.15,38.00,38.00,38.00,,38.00,,,10800,404760.00,9,F1,1200,,,,,
2026-08-03,2026-08-03,CM,NSE,STK,11841,INE717A01029,KENNAMET,EQ,,,,,KENNAMETAL INDIA LIMITED,2888.00,2987.00,2851.30,2907.50,2882.00,2821.40,,2907.23,,,16803,49075084.30,2206,F1,1,,,,,
2026-08-03,2026-08-03,CM,NSE,STK,13121,INE202H01019,KERNEX,EQ,,,,,KERNEX MICROSYS(I) LTD,2337.00,2352.80,2270.00,2278.00,2298.00,2291.70,,2278.16,,,119055,274050092.10,8899,F1,1,,,,,
2026-08-03,2026-08-03,CM,NSE,STK,4981,INE087A01019,KESORAMIND,BE,,,,,KESORAM INDUSTRIES LTD,13.14,13.14,13.14,13.14,13.14,12.52,,13.25,,,1049528,13790797.92,353,F1,1,,,,,
2026-08-03,2026-08-03,CM,NSE,STK,13381,INE401H01017,KKCL,EQ,,,,,KEWAL KIRAN CLOTHING LTD,505.00,514.50,497.70,509.95,503.00,497.00,,509.95,,,32890,16705505.25,5657,F1,1,,,,,
2026-08-03,2026-08-03,CM,NSE,STK,4157,INE681C01015,KEYFINSERV,EQ,,,,,KEYNOTE FIN SERV LTD.,259.85,260.70,251.15,253.20,257.00,256.00,,253.20,,,1581,405071.55,67,F1,1,,,,,
2026-08-03,2026-08-03,CM,NSE,STK,12219,INE263M01029,RUSTOMJEE,EQ,,,,,KEYSTONE REALTORS LIMITED,405.85,407.60,395.40,396.80,398.75,399.85,,396.80,,,48605,19406902.70,2598,F1,1,,,,,
2026-08-03,2026-08-03,CM,NSE,STK,13359,INE138Y01010,KFINTECH,EQ,,,,,KFIN TECHNOLOGIES LIMITED,943.70,953.55,934.25,945.00,945.00,937.90,,944.98,,,514392,485676845.00,17955,F1,1,,,,,
2026-08-03,2026-08-03,CM,NSE,STK,433,INE834I01025,KHADIM,BE,,,,,KHADIM INDIA LIMITED,97.80,97.80,95.05,96.79,97.42,96.99,,96.79,,,11164,1076902.97,149,F1,1,,,,,
2026-08-03,2026-08-03,CM,NSE,STK,3912,INE731C01018,KHAITANLTD,EQ,,,,,KHAITAN (INDIA)LTD.,141.00,155.40,134.00,155.39,155.40,129.50,,155.94,,,49355,7394468.00,641,F1,1,,,,,
2026-08-03,2026-08-03,CM,NSE,STK,896,INE745B01028,KHAICHEM,EQ,,,,,KHAITAN CHEM & FERT LTD,47.90,52.79,47.70,49.35,49.25,47.15,,49.36,,,234709,11693444.39,1734,F1,1,,,,,
2026-08-03,2026-08-03,CM,NSE,STK,9641,INE060B01014,KHANDSE,EQ,,,,,KHANDWALA SECURITIES LTD,17.90,17.90,17.00,17.52,17.58,17.93,,17.52,,,1503,26336.71,45,F1,1,,,,,
2026-08-03,2026-08-03,CM,NSE,STK,9570,INE00UG01014,KHFM,SM,,,,,KHFM HOS FAC MANA SER LTD,47.40,49.70,47.40,49.70,49.70,47.40,,49.70,,,3100,150505.00,2,F1,1550,,,,,
2026-08-03,2026-08-03,CM,NSE,STK,762747,INE338F01015,KLBRENG-B,EQ,,,,,KILBURN ENGINEERING LTD.,450.85,453.00,417.45,421.60,421.00,435.50,,421.59,,,113179,48367819.65,4733,F1,1,,,,,
2026-08-03,2026-08-03,CM,NSE,STK,19941,INE729D01010,KILITCH,BE,,,,,KILITCH DRUGS INDIA LTD,192.00,192.00,185.00,190.86,191.50,186.59,,190.86,,,17781,3379981.49,146,F1,1,,,,,
2026-08-03,2026-08-03,CM,NSE,STK,18944,INE473D01015,KINGFA,EQ,,,,,KINGFA SCI & TEC IND LTD.,5248.00,5250.50,5160.00,5185.50,5225.00,5248.50,,5185.52,,,2833,14744786.50,1177,F1,1,,,,,
2026-08-03,2026-08-03,CM,NSE,STK,19126,INE880L01014,KIOCL,EQ,,,,,KIOCL LIMITED,371.00,410.70,369.55,394.90,393.05,365.55,,394.87,,,2831917,1124691981.95,57530,F1,1,,,,,
2026-08-03,2026-08-03,CM,NSE,STK,762742,INE555P01013,KIRANVYPAR,EQ,,,,,KIRAN VYAPAR LTD.,197.51,203.90,192.10,202.99,203.00,197.51,,200.46,,,3066,618131.13,67,F1,1,,,,,
2026-08-03,2026-08-03,CM,NSE,STK,16639,INE415I01015,KIRIINDUS,EQ,,,,,KIRI INDUSTRIES LIMITED,415.95,429.95,415.95,425.60,425.50,414.65,,425.60,,,346596,147143571.45,7685,F1,1,,,,,
2026-08-03,2026-08-03,CM,NSE,STK,18581,INE732A01036,KIRLOSBROS,EQ,,,,,KIRLOSKAR BROTHERS LTD,1840.00,1914.00,1839.90,1859.70,1855.90,1870.10,,1859.69,,,147293,277501191.10,20072,F1,1,,,,,
2026-08-03,2026-08-03,CM,NSE,STK,18220,INE134B01017,KECL,EQ,,,,,KIRLOSKAR ELECTRIC CO LTD,134.00,140.00,130.40,135.26,135.00,137.79,,135.27,,,303094,40857437.43,3928,F1,1,,,,,
2026-08-03,2026-08-03,CM,NSE,STK,14466,INE884B01025,KIRLFER,EQ,,,,,KIRLOSKAR FERROUS IND LTD,477.00,484.40,470.05,475.05,472.45,475.65,,475.04,,,55463,26542316.60,2500,F1,1,,,,,
2026-08-03,2026-08-03,CM,NSE,STK,19025,INE250A01039,KIRLOSIND,EQ,,,,,KIRLOSKAR INDUSTRIES LTD,3970.00,4067.80,3924.00,3952.60,3938.80,3940.80,,3953.65,,,10676,42767018.00,2186,F1,1,,,,,
2026-08-03,2026-08-03,CM,NSE,STK,20936,INE146L01010,KIRLOSENG,EQ,,,,,KIRLOSKAR OIL ENG LTD,2190.00,2246.90,2157.50,2225.20,2181.00,2189.80,,2224.53,,,271651,604646612.90,29453,F1,1,,,,,
2026-08-03,2026-08-03,CM,NSE,STK,15180,INE811A01020,KIRLPNU,EQ,,,,,KIRLOSKAR PNEUMATIC COM L,1483.00,1491.10,1460.00,1463.30,1461.50,1482.40,,1463.30,,,75867,111787349.20,10478,F1,1,,,,,
2026-08-03,2026-08-03,CM,NSE,STK,28899,INE602G01020,KITEX,EQ,,,,,KITEX GARMENTS LTD,146.45,149.19,145.00,146.34,145.00,145.81,,146.32,,,346394,51064805.15,3631,F1,1,,,,,
2026-08-03,2026-08-03,CM,NSE,STK,760923,INE0KNW01016,KNAGRI,EQ,,,,,KN AGRI RESOURCES LIMITED,215.00,215.59,207.00,207.06,207.05,208.24,,207.06,,,9368,1978771.91,144,F1,1,,,,,
2026-08-03,2026-08-03,CM,NSE,STK,763839,INE17QZ01016,KNACK,EQ,,,,,KNACK PACKAGING LIMITED,192.50,202.90,192.49,197.28,198.00,190.15,,197.25,,,2439087,483286814.53,21695,F1,1,,,,,
2026-08-03,2026-08-03,CM,NSE,STK,27084,INE0CJD01029,KMEW,EQ,,,,,KNOWLEDGE MARINE & EN W L,2470.60,2533.00,2470.60,2493.50,2495.00,2463.30,,2493.94,,,51459,128961585.40,7665,F1,1,,,,,
2026-08-03,2026-08-03,CM,NSE,STK,758431,INE1JAR25012,KRT,RR,,,,,KNOWLEDGE REALTY TRUST,118.40,118.90,117.50,117.64,117.90,118.40,,117.64,,,637159,75134818.34,3218,F1,1,,,,,
2026-08-03,2026-08-03,CM,NSE,STK,15283,INE634I01029,KNRCON,EQ,,,,,KNR CONSTRU LTD.,121.85,127.70,121.85,126.53,127.30,121.85,,126.53,,,983664,123196906.73,9333,F1,1,,,,,
2026-08-03,2026-08-03,CM,NSE,STK,18751,INE0Q7P01013,KODYTECH,SM,,,,,KODY TECHNOLAB LIMITED,1418.80,1450.00,1411.00,1441.70,1450.00,1418.80,,1441.70,,,12600,18060355.00,102,F1,100,,,,,
2026-08-03,2026-08-03,CM,NSE,STK,3009,INE080B01012,KOHINOOR,EQ,,,,,KOHINOOR FOODS LIMITED,23.27,23.77,23.04,23.25,23.24,23.27,,23.25,,,41849,978132.29,1384,F1,1,,,,,
2026-08-03,2026-08-03,CM,NSE,STK,16827,INE760A01029,KOKUYOCMLN,EQ,,,,,KOKUYO CAMLIN LIMITED,85.94,88.80,85.25,85.93,85.25,85.94,,85.93,,,42642,3698790.86,456,F1,1,,,,,
2026-08-03,2026-08-03,CM,NSE,STK,15124,INE094I01018,KOLTEPATIL,EQ,,,,,KOLTE PATIL DEV. LTD.,385.50,399.95,385.20,391.40,388.00,385.10,,391.37,,,164542,64865626.95,4861,F1,1,,,,,
2026-08-03,2026-08-03,CM,NSE,STK,22475,INE0QEI01011,KONSTELEC,ST,,,,,KONSTELEC ENGINEERS LTD,62.10,62.90,61.50,62.80,62.80,61.45,,62.80,,,40000,2508400.00,11,F1,1000,,,,,
2026-08-03,2026-08-03,CM,NSE,STK,4951,INE082A01010,KOPRAN,BE,,,,,KOPRAN LTD,188.22,194.60,182.15,190.27,192.50,191.03,,190.20,,,61771,11750271.61,865,F1,1,,,,,
2026-08-03,2026-08-03,CM,NSE,STK,16758,INE0O4R01018,KDL,SM,,,,,KORE DIGITAL LIMITED,107.65,107.95,103.65,106.25,106.75,102.85,,106.25,,,21000,2224102.50,102,F1,150,,,,,
2026-08-03,2026-08-03,CM,NSE,STK,14858,INF174KA1HJ8,GOLD1,EQ,,,,,KOTAK GOLD ETF,118.16,119.49,117.01,118.39,118.30,118.16,,118.39,,,1261516,149320705.50,8140,F1,1,,,,,
2026-08-03,2026-08-03,CM,NSE,STK,1922,INE237A01036,KOTAKBANK,EQ,,,,,KOTAK MAHINDRA BANK LTD,392.00,397.50,391.05,397.50,397.50,390.30,,397.50,,,11247062,4422396675.35,198837,F1,1,,,,,
2026-08-03,2026-08-03,CM,NSE,STK,18102,INF174K014P6,NIFTY1,EQ,,,,,KOTAK NIFTY ETF,272.70,273.49,270.85,272.05,270.85,270.14,,272.04,,,156388,42633047.84,2025,F1,1,,,,,
2026-08-03,2026-08-03,CM,NSE,STK,15061,INF174KA1A86,PSUBANK,EQ,,,,,KOTAK PSU BANK,83.95,85.50,83.33,84.54,83.33,83.65,,84.54,,,448463,38153198.09,1187,F1,1,,,,,
2026-08-03,2026-08-03,CM,NSE,STK,759885,INF174KA1XV0,CHEMICAL,EQ,,,,,KOTAKMAMC - CHEMICAL,29.75,30.87,29.75,30.69,30.85,30.17,,30.69,,,507603,15519847.96,1226,F1,1,,,,,
2026-08-03,2026-08-03,CM,NSE,STK,7412,INF174KA1IA5,ALPHA,EQ,,,,,KOTAKMAMC - KOTAKALPHA,52.32,52.43,51.93,52.24,52.30,51.93,,52.24,,,1226216,64091072.69,2850,F1,1,,,,,
2026-08-03,2026-08-03,CM,NSE,STK,10512,INF174KA1ZF8,CONS,EQ,,,,,KOTAKMAMC - KOTAKCONS,12.65,12.65,12.29,12.47,12.29,12.47,,12.47,,,80418,1006502.33,212,F1,1,,,,,
2026-08-03,2026-08-03,CM,NSE,STK,2627,INF174KA1GC5,IT,EQ,,,,,KOTAKMAMC - KOTAKIT,34.83,35.14,33.75,34.95,35.00,34.15,,34.95,,,685778,23750848.13,1573,F1,1,,,,,
2026-08-03,2026-08-03,CM,NSE,STK,13950,INF174KA1LV5,LIQUID1,EQ,,,,,KOTAKMAMC - KOTAKLIQ,1116.30,1116.45,1116.30,1116.43,1116.44,1116.30,,1116.43,,,544885,608330261.94,607,F1,1,,,,,
2026-08-03,2026-08-03,CM,NSE,STK,8632,INF174KA1IY5,LOWVOL1,EQ,,,,,KOTAKMAMC - KOTAKLOVOL,21.53,21.98,21.53,21.86,21.98,21.67,,21.86,,,603966,13182955.51,277,F1,1,,,,,
2026-08-03,2026-08-03,CM,NSE,STK,8077,INF174KA1ZC5,MIDCAP,EQ,,,,,KOTAKMAMC - KOTAKMID50,18.01,18.98,18.01,18.61,18.65,18.48,,18.61,,,602905,11238867.92,1157,F1,1,,,,,
2026-08-03,2026-08-03,CM,NSE,STK,10676,INF174KA1JF2,MNC,EQ,,,,,KOTAKMAMC - KOTAKMNC,34.24,34.44,34.10,34.35,34.42,34.04,,34.35,,,202047,6935918.98,736,F1,1,,,,,
2026-08-03,2026-08-03,CM,NSE,STK,13082,INF174KA1ZD3,SILVER1,EQ,,,,,KOTAKMAMC - KOTAKSILVE,20.97,21.14,20.91,20.95,20.97,20.96,,20.95,,,4005765,84048160.74,4992,F1,1,,,,,
2026-08-03,2026-08-03,CM,NSE,STK,11457,INF174KA1ZE1,NV20,EQ,,,,,KOTAKMAMC - KTKNV20ETF,14.29,14.30,14.15,14.26,14.29,14.09,,14.26,,,77602,1105930.49,341,F1,1,,,,,
2026-08-03,2026-08-03,CM,NSE,STK,30469,INF174KA1VW2,MID150,EQ,,,,,KOTAKMAMC - MID150,23.60,23.78,23.58,23.71,23.78,23.47,,23.71,,,273011,6451258.51,275,F1,1,,,,,
2026-08-03,2026-08-03,CM,NSE,STK,759488,INF174KA1XS6,MOMENTUM30,EQ,,,,,KOTAKMAMC - MOMENTUM30,30.48,30.85,30.32,30.60,30.85,30.63,,30.60,,,28217,867665.21,90,F1,1,,,,,
2026-08-03,2026-08-03,CM,NSE,STK,29758,INF174KA1VD2,MSCIINDIA,EQ,,,,,KOTAKMAMC - MSCIINDIA,29.30,30.54,29.30,30.50,30.53,30.15,,30.50,,,1069823,32640313.85,232,F1,1,,,,,
2026-08-03,2026-08-03,CM,NSE,STK,760709,INF174KA1YO3,NEXT50ETF,EQ,,,,,KOTAKMAMC - NEXT50ETF,75.97,75.97,74.14,74.87,74.99,74.14,,74.87,,,24962,1867911.59,110,F1,1,,,,,
2026-08-03,2026-08-03,CM,NSE,STK,29944,INF174KA1UW4,NIFTY100EW,EQ,,,,,KOTAKMAMC - NIFTY100EW,34.45,35.90,34.45,35.79,35.72,35.34,,35.79,,,41917,1499640.41,282,F1,1,,,,,
2026-08-03,2026-08-03,CM,NSE,STK,764195,INF174KA1A94,PVTBANK,EQ,,,,,KOTAKMAMC - PVTBANK,27.72,27.92,27.50,27.86,27.50,27.50,,27.86,,,15780,438136.77,25,F1,1,,,,,
2026-08-03,2026-08-03,CM,NSE,STK,757946,INF174KA1WT6,QUALITY30,EQ,,,,,KOTAKMAMC - QUALITY30,20.94,21.23,20.94,21.22,21.22,20.94,,21.22,,,12969,274041.98,33,F1,1,,,,,
2026-08-03,2026-08-03,CM,NSE,STK,5851,INF174KA1ZB7,BANKNIFTY1,EQ,,,,,KOTAKMAMC-KOTAKBKETF,60.25,60.25,58.90,59.87,59.92,59.46,,59.87,,,410042,24600432.91,1548,F1,1,,,,,
2026-08-03,2026-08-03,CM,NSE,STK,762752,INE972A01020,KOTIC,EQ,,,,,KOTHARI INDUSTRIAL CORP L,161.41,165.18,152.35,155.65,155.10,158.82,,155.82,,,25135,3957785.97,690,F1,1,,,,,
2026-08-03,2026-08-03,CM,NSE,STK,4594,INE720A01015,KOTHARIPET,EQ,,,,,KOTHARI PETROCHEM LTD,139.99,148.77,139.09,147.14,146.50,139.86,,147.14,,,369243,54055524.75,4354,F1,1,,,,,
2026-08-03,2026-08-03,CM,NSE,STK,5528,INE823A01017,KOTHARIPRO,EQ,,,,,KOTHARI PRODUCTS LTD,68.43,71.00,66.36,68.66,69.60,66.77,,68.68,,,7339,508246.85,202,F1,1,,,,,
2026-08-03,2026-08-03,CM,NSE,STK,11647,INE419A01022,KOTARISUG,EQ,,,,,KOTHARI SUG & CHEM LTD.,25.07,26.48,25.07,26.13,26.11,25.28,,26.13,,,112364,2931167.36,491,F1,1,,,,,
2026-08-03,2026-08-03,CM,NSE,STK,761337,INE0J0B01017,KOTYARK,BE,,,,,KOTYARK INDUSTRIES LTD,34.56,34.89,34.55,34.89,34.89,33.23,,35.62,,,143927,5017188.41,298,F1,1,,,,,
2026-08-03,2026-08-03,CM,NSE,STK,5192,INE177F01017,KOVAI,EQ,,,,,KOVAI MEDICAL CENTER & HO,5895.00,5920.00,5810.00,5832.50,5810.00,5910.00,,5833.54,,,4105,24051015.00,1674,F1,1,,,,,
2026-08-03,2026-08-03,CM,NSE,STK,5108,INE542W01025,KPIGREEN,EQ,,,,,KPI GREEN ENERGY LIMITED,375.40,383.00,375.40,380.85,381.45,373.75,,380.85,,,369696,140557210.50,12660,F1,1,,,,,
2026-08-03,2026-08-03,CM,NSE,STK,9683,INE04I401011,KPITTECH,EQ,,,,,KPIT TECHNOLOGIES LIMITED,602.15,622.50,598.45,619.25,619.25,598.40,,619.25,,,4526739,2780014673.90,63094,F1,1,,,,,
2026-08-03,2026-08-03,CM,NSE,STK,14912,INE930H01031,KPRMILL,EQ,,,,,KPR MILL LTD.,1064.70,1077.00,1050.50,1063.70,1060.00,1049.80,,1063.70,,,156682,166400920.20,17474,F1,1,,,,,
2026-08-03,2026-08-03,CM,NSE,STK,10577,INE001B01026,KRBL,EQ,,,,,KRBL LIMITED,350.00,381.00,350.00,373.70,370.00,351.10,,373.73,,,798295,294502486.40,17457,F1,1,,,,,
2026-08-03,2026-08-03,CM,NSE,STK,1937,INE268B01013,KREBSBIO,EQ,,,,,KREBS BIOCHEMICALS & IND,53.11,58.04,53.11,55.79,56.99,53.65,,55.79,,,10136,568969.40,83,F1,1,,,,,
2026-08-03,2026-08-03,CM,NSE,STK,11488,INE524L01026,KRIDHANINF,BE,,,,,KRIDHAN INFRA LIMITED,2.44,2.44,2.28,2.30,2.35,2.34,,2.30,,,24337,56482.30,54,F1,1,,,,,
2026-08-03,2026-08-03,CM,NSE,STK,12847,INE506W01020,KRISHANA,EQ,,,,,KRISHANA PHOSCHEM LIMITED,183.70,186.00,178.50,180.38,179.60,182.95,,180.38,,,980090,178736711.44,13813,F1,1,,,,,
2026-08-03,2026-08-03,CM,NSE,STK,16133,INE0NR701018,KRISHCA,SM,,,,,KRISHCA STRAPPING SLTN L,160.55,165.50,157.45,159.55,159.20,160.30,,159.55,,,23500,3779325.00,42,F1,500,,,,,
2026-08-03,2026-08-03,CM,NSE,STK,756782,INE0GGO01015,KRISHIVAL,EQ,,,,,KRISHIVAL FOODS LIMITED,394.15,400.00,387.60,389.35,388.55,393.55,,389.32,,,104025,40578769.85,332,F1,1,,,,,
2026-08-03,2026-08-03,CM,NSE,STK,761192,INE0J5601015,KRISHNADEF,EQ,,,,,KRISHNA DEF AND ALD IND L,1206.70,1230.00,1202.00,1218.30,1211.00,1198.50,,1218.30,,,69989,85337366.60,5036,F1,1,,,,,
2026-08-03,2026-08-03,CM,NSE,STK,4847,INE967H01025,KIMS,EQ,,,,,KRISHNA INST OF MED SCI L,805.95,826.65,804.20,820.60,826.00,804.70,,820.59,,,818769,668109717.10,24514,F1,1,,,,,
2026-08-03,2026-08-03,CM,NSE,STK,6420,INE479D01038,KRITI,BE,,,,,KRITI INDUSTRIES IND LTD,69.71,71.30,69.05,69.60,69.60,70.34,,69.60,,,3815,267235.46,31,F1,1,,,,,
2026-08-03,2026-08-03,CM,NSE,STK,11432,INE798K01010,KRITINUT,EQ,,,,,KRITI NUTRIENTS LIMITED,72.00,76.94,71.85,73.69,73.75,72.58,,73.68,,,9034,665506.14,119,F1,1,,,,,
2026-08-03,2026-08-03,CM,NSE,STK,9288,INE00Z501029,KRITIKA,EQ,,,,,KRITIKA WIRES LIMITED,6.39,6.39,5.98,6.01,5.98,6.14,,6.01,,,415349,2532352.42,1032,F1,1,,,,,
2026-08-03,2026-08-03,CM,NSE,STK,760627,INE1MTV01019,KRMAYURVED,ST,,,,,KRM AYURVEDA LIMITED,282.70,288.60,282.70,288.60,288.60,274.90,,288.60,,,60000,17264050.00,35,F1,1000,,,,,
2026-08-03,2026-08-03,CM,NSE,STK,25645,INE0Q3J01015,KRN,BE,,,,,KRN HEAT EXCHANGE N REF L,1175.00,1218.00,1175.00,1212.10,1209.20,1174.40,,1211.98,,,46692,56263087.30,2566,F1,1,,,,,
2026-08-03,2026-08-03,CM,NSE,STK,24025,INE0ATZ01017,KRONOX,EQ,,,,,KRONOX LAB SCIENCES LTD,151.30,154.90,151.30,153.81,153.50,151.30,,153.80,,,33807,5194110.82,1132,F1,1,,,,,
2026-08-03,2026-08-03,CM,NSE,STK,25252,INE0O6601022,KROSS,EQ,,,,,KROSS LIMITED,196.20,204.99,196.20,203.39,204.45,196.20,,203.37,,,421877,85167276.65,7721,F1,1,,,,,
2026-08-03,2026-08-03,CM,NSE,STK,5359,INE08LI01020,KRSNAA,EQ,,,,,KRSNAA DIAGNOSTICS LTD,529.00,561.45,526.55,540.80,547.00,527.45,,540.86,,,220315,120333959.40,9203,F1,1,,,,,
2026-08-03,2026-08-03,CM,NSE,STK,23175,INE0QN801017,KRYSTAL,EQ,,,,,KRYSTAL INTEGRATED SER L,602.00,608.85,601.00,602.20,601.15,600.05,,602.20,,,12552,7594353.85,479,F1,1,,,,,
2026-08-03,2026-08-03,CM,NSE,STK,1949,INE999A01023,KSB,EQ,,,,,KSB LIMITED,858.00,868.55,850.50,857.75,850.50,855.90,,857.77,,,50364,43271683.00,6714,F1,1,,,,,
2026-08-03,2026-08-03,CM,NSE,STK,760433,INE987S01020,KSHINTL,EQ,,,,,KSH INTERNATIONAL LIMITED,845.45,885.60,845.45,878.20,874.60,839.70,,878.18,,,211171,184359484.60,15589,F1,1,,,,,
2026-08-03,2026-08-03,CM,NSE,STK,10412,INE013801027,KSHITIJPOL,BE,,,,,KSHITIJ POLYLINE LIMITED,3.03,3.03,2.88,2.97,2.97,2.97,,2.97,,,945344,2805001.84,1267,F1,1,,,,,
2026-08-03,2026-08-03,CM,NSE,STK,11060,INE0D6I01023,KSOLVES,EQ,,,,,KSOLVES INDIA LIMITED,281.55,286.80,281.55,282.80,283.80,281.50,,282.86,,,34087,9691162.15,1448,F1,1,,,,,
2026-08-03,2026-08-03,CM,NSE,STK,759987,INE1SPP01016,KSR,EQ,,,,,KSR FOOTWEAR LIMITED,29.69,30.00,28.68,29.67,29.01,29.69,,29.68,,,10836,322352.57,44,F1,1,,,,,
2026-08-03,2026-08-03,CM,NSE,STK,13870,INE529I01021,KUANTUM,EQ,,,,,KUANTUM PAPERS LIMITED,79.00,80.80,78.71,79.35,79.45,78.05,,79.35,,,103500,8244737.02,1246,F1,1,,,,,
2026-08-03,2026-08-03,CM,NSE,STK,18708,INE0OWX01025,KEL,SM,,,,,KUNDAN EDIFICE LIMITED,85.00,85.00,77.50,84.45,84.45,81.00,,84.45,,,13200,1057200.00,11,F1,1200,,,,,
2026-08-03,2026-08-03,CM,NSE,STK,764116,INE0ISX01025,KUSUMGAR,EQ,,,,,KUSUMGAR LIMITED,587.95,633.00,583.60,615.80,613.70,582.85,,615.80,,,2180851,1348817606.15,61801,F1,1,,,,,
2026-08-03,2026-08-03,CM,NSE,STK,762757,INE552U01010,KPL,EQ,,,,,KWALITY PHARMACEUTICALS L,2598.90,2625.00,2550.00,2562.00,2550.20,2578.90,,2560.87,,,12762,32889289.10,2362,F1,1,,,,,
2026-08-03,2026-08-03,CM,NSE,STK,760946,INE2KCE01013,KWIL,EQ,,,,,KWALITY WALL'S (INDIA) L,31.19,33.42,30.94,33.16,33.15,30.91,,33.16,,,17265472,565398227.82,34930,F1,1,,,,,
2026-08-03,2026-08-03,CM,NSE,STK,24948,INE498L01015,LTF,EQ,,,,,L&T FINANCE LIMITED,314.55,324.10,314.10,318.00,318.00,311.25,,318.00,,,8873490,2837287001.00,69342,F1,1,,,,,
2026-08-03,2026-08-03,CM,NSE,STK,18564,INE010V01017,LTTS,EQ,,,,,L&T TECHNOLOGY SER. LTD.,3580.00,3593.00,3454.80,3564.80,3570.00,3555.40,,3563.78,,,147067,525038481.90,17713,F1,1,,,,,
2026-08-03,2026-08-03,CM,NSE,STK,14423,INE059D01020,LAOPALA,EQ,,,,,LA OPALA RG LIMITED,185.30,190.25,185.30,187.81,187.05,184.35,,187.81,,,155641,29339799.41,2821,F1,1,,,,,
2026-08-03,2026-08-03,CM,NSE,STK,5865,INE548Z01017,LAGNAM,EQ,,,,,LAGNAM SPINTEX LIMITED,85.80,89.50,85.00,88.44,87.25,86.34,,88.44,,,24808,2174657.70,223,F1,1,,,,,
2026-08-03,2026-08-03,CM,NSE,STK,762762,INE515C01023,LAHOTIOV,EQ,,,,,LAHOTI OVERSEAS LTD.,41.01,42.00,40.05,41.49,41.50,41.01,,41.41,,,9924,407768.43,133,F1,1,,,,,
2026-08-03,2026-08-03,CM,NSE,STK,7902,INE850E01012,LFIC,EQ,,,,,LAKSHMI FIN IND CORP LTD,142.00,145.00,138.10,141.06,141.05,144.12,,141.06,,,2693,380929.17,55,F1,1,,,,,
2026-08-03,2026-08-03,CM,NSE,STK,4774,INE651C01018,LAKPRE,BZ,,,,,LAKSHMI PRE SCRE LTD,5.17,5.17,4.81,4.81,4.81,4.93,,4.82,,,360,1808.26,10,F1,1,,,,,
2026-08-03,2026-08-03,CM,NSE,STK,25860,INE0VZS01015,LAKSHYA,SM,,,,,LAKSHYA POWERTECH LIMITED,87.10,90.00,87.10,90.00,90.00,89.90,,90.00,,,3200,284840.00,4,F1,800,,,,,
2026-08-03,2026-08-03,CM,NSE,STK,6407,INE112F01022,LAMBODHARA,EQ,,,,,LAMBODHARA TEXTILES LTD.,114.70,115.95,111.00,111.30,111.03,113.75,,111.30,,,9964,1116830.93,229,F1,1,,,,,
2026-08-03,2026-08-03,CM,NSE,STK,27225,INE0R0201012,LAMOSAIC,ST,,,,,LAMOSAIC INDIA LIMITED,51.85,52.80,50.35,52.50,52.80,51.50,,52.50,,,30600,1578000.00,31,F1,600,,,,,
2026-08-03,2026-08-03,CM,NSE,STK,23027,INE572G01025,LANCORHOL,EQ,,,,,LANCOR HOLDINGS LIMITED,26.17,26.94,26.05,26.54,26.68,26.16,,26.54,,,48293,1276031.61,245,F1,1,,,,,
2026-08-03,2026-08-03,CM,NSE,STK,13276,INE559R01029,LANDMARK,EQ,,,,,LANDMARK CARS LIMITED,541.00,558.90,538.20,542.90,540.10,540.75,,542.88,,,265414,145684189.05,12713,F1,1,,,,,
2026-08-03,2026-08-03,CM,NSE,STK,16863,INE197J01017,LPDC,EQ,,,,,LANDMARK PR.DEV.CO.LTD,6.02,6.34,6.01,6.30,6.34,6.05,,6.30,,,65016,400676.53,107,F1,1,,,,,
2026-08-03,2026-08-03,CM,NSE,STK,17376,INE688J01023,LANDSMILL,EQ,,,,,LANDSMILL GREEN LIMITED,0.82,0.82,0.80,0.80,0.81,0.81,,0.80,,,1487699,1201701.74,883,F1,1,,,,,
2026-08-03,2026-08-03,CM,NSE,STK,11483,INE018A01030,LT,EQ,,,,,LARSEN & TOUBRO LTD.,3974.00,4025.00,3962.50,4025.00,4025.00,3938.90,,4024.84,,,1890377,7548984805.70,92604,F1,1,,,,,
2026-08-03,2026-08-03,CM,NSE,STK,21713,INE670X01014,LASA,EQ,,,,,LASA SUPERGENERICS LTD,7.10,7.10,6.86,6.93,6.92,6.87,,6.93,,,39764,274998.43,148,F1,1,,,,,
2026-08-03,2026-08-03,CM,NSE,STK,764126,INE17IR01028,LASERPOWER,EQ,,,,,LASER POWER & INFRA LTD,303.00,307.80,288.00,295.10,293.40,299.37,,295.15,,,2496781,740769415.25,26043,F1,1,,,,,
2026-08-03,2026-08-03,CM,NSE,STK,6818,INE0I7C01011,LATENTVIEW,EQ,,,,,LATENT VIEW ANALYTICS LTD,300.00,308.70,292.60,297.85,298.10,316.20,,297.84,,,3420336,1023250994.20,51252,F1,1,,,,,
2026-08-03,2026-08-03,CM,NSE,STK,15848,INE262Z01023,LATTEYS,BE,,,,,LATTEYS INDUSTRIES LTD,19.26,20.20,19.26,19.86,19.85,19.98,,19.86,,,57845,1154949.47,178,F1,1,,,,,
2026-08-03,2026-08-03,CM,NSE,STK,19234,INE947Q01028,LAURUSLABS,EQ,,,,,LAURUS LABS LIMITED,1821.00,1838.30,1789.10,1811.40,1811.40,1816.20,,1811.40,,,1919384,3490014250.70,56463,F1,1,,,,,
2026-08-03,2026-08-03,CM,NSE,STK,6568,INE801V01019,LAXMICOT,EQ,,,,,LAXMI COTSPIN LIMITED,14.49,15.58,14.49,14.63,14.65,14.49,,14.63,,,15770,235509.97,157,F1,1,,,,,
2026-08-03,2026-08-03,CM,NSE,STK,29171,INE0WO601020,LAXMIDENTL,EQ,,,,,LAXMI DENTAL LIMITED,214.69,227.90,214.69,218.13,217.22,212.69,,218.16,,,320951,71367434.54,7485,F1,1,,,,,
2026-08-03,2026-08-03,CM,NSE,STK,19876,INE258Y01016,LGHL,EQ,,,,,LAXMI GOLDORNA HOUSE LTD,209.25,209.25,198.99,201.31,201.50,205.37,,201.31,,,39063,7878344.09,928,F1,1,,,,,
2026-08-03,2026-08-03,CM,NSE,STK,758865,INE06WU01026,LAXMIINDIA,BE,,,,,LAXMI INDIA FINANCE LTD,129.00,131.80,125.00,131.05,131.00,126.48,,131.04,,,226143,29461859.54,733,F1,1,,,,,
2026-08-03,2026-08-03,CM,NSE,STK,2841,INE576O01020,LXCHEM,EQ,,,,,LAXMI ORGANIC INDUS LTD,180.45,184.80,178.77,180.46,178.77,178.48,,180.45,,,1691485,307870828.64,13902,F1,1,,,,,
2026-08-03,2026-08-03,CM,NSE,STK,7529,INE938A01021,LCCINFOTEC,EQ,,,,,LCC INFOTECH LTD,4.01,4.38,4.01,4.14,4.12,4.18,,4.14,,,159959,674047.51,136,F1,1,,,,,
2026-08-03,2026-08-03,CM,NSE,STK,760300,INE0G1L01025,LEMERITE,EQ,,,,,LE MERITE EXPORTS LIMITED,23.57,24.20,23.01,23.26,24.00,23.27,,23.26,,,242961,5645915.74,838,F1,1,,,,,
2026-08-03,2026-08-03,CM,NSE,STK,24067,INE0HV901016,IXIGO,EQ,,,,,LE TRAVENUES TECHNOLOGY L,199.85,204.58,198.13,199.60,198.30,197.62,,199.58,,,591507,118523553.44,14413,F1,1,,,,,
2026-08-03,2026-08-03,CM,NSE,STK,14204,INE0H4B01011,LRRPL,SM,,,,,LEAD REC AND RUB PROD LTD,89.00,89.00,89.00,89.00,89.00,92.85,,89.00,,,1500,133500.00,1,F1,1500,,,,,
2026-08-03,2026-08-03,CM,NSE,STK,757014,INE0AQ201015,THELEELA,EQ,,,,,LEELA PALACES HOTEL LTD,505.00,517.95,498.00,501.80,500.85,494.60,,501.79,,,2192952,1115242397.10,61550,F1,1,,,,,
2026-08-03,2026-08-03,CM,NSE,STK,2606,INE970X01018,LEMONTREE,EQ,,,,,LEMON TREE HOTELS LTD,110.13,114.58,110.00,114.03,113.05,109.30,,114.01,,,5869426,661124745.12,40508,F1,1,,,,,
2026-08-03,2026-08-03,CM,NSE,STK,759605,INE956O01016,LENSKART,EQ,,,,,LENSKART SOLUTIONS LTD,566.00,574.55,559.30,568.35,568.00,561.40,,568.34,,,2729162,1546602975.10,51414,F1,1,,,,,
2026-08-03,2026-08-03,CM,NSE,STK,14459,INE500X01013,LEXUS,EQ,,,,,LEXUS GRANITO (INDIA) LTD,14.45,15.20,14.45,14.64,14.60,14.66,,14.64,,,20296,298236.79,104,F1,1,,,,,
2026-08-03,2026-08-03,CM,NSE,STK,18321,INE337A01034,LGBBROSLTD,EQ,,,,,LG BALAKRISHNAN & BROS,1569.00,1569.00,1524.00,1532.40,1527.00,1588.40,,1532.46,,,60387,92862132.00,6748,F1,1,,,,,
2026-08-03,2026-08-03,CM,NSE,STK,760213,INE324D01010,LGEINDIA,EQ,,,,,LG ELECTRONICS INDIA LTD,1510.90,1574.00,1499.00,1569.80,1569.00,1490.50,,1569.87,,,520588,808177651.30,27881,F1,1,,,,,
2026-08-03,2026-08-03,CM,NSE,STK,11082,INE908V01012,LIBAS,EQ,,,,,LIBAS CONSU PRODUCTS LTD,10.43,10.43,9.71,10.09,10.13,10.07,,10.09,,,14102,142089.65,94,F1,1,,,,,
2026-08-03,2026-08-03,CM,NSE,STK,1994,INE557B01019,LIBERTSHOE,EQ,,,,,LIBERTY SHOES LTD,264.25,265.00,260.05,261.90,261.50,260.40,,261.85,,,14474,3805908.45,757,F1,1,,,,,
2026-08-03,2026-08-03,CM,NSE,STK,1997,INE115A01026,LICHSGFIN,EQ,,,,,LIC HOUSING FINANCE LTD,525.50,527.00,515.10,519.00,519.00,523.10,,518.97,,,2191300,1138793308.45,43372,F1,1,,,,,
2026-08-03,2026-08-03,CM,NSE,STK,25640,INF767K01SM1,LICMFGOLD,EQ,,,,,LIC MF - LIC GOLD ETF,127.95,128.45,127.55,127.80,128.25,127.40,,127.83,,,38616,4942863.10,616,F1,1,,,,,
2026-08-03,2026-08-03,CM,NSE,STK,11319,INF767K01OS7,LICNETFN50,EQ,,,,,LICNAMC - LICNFENGP,274.06,276.47,274.06,275.94,276.00,272.83,,275.94,,,1685,463317.00,55,F1,1,,,,,
2026-08-03,2026-08-03,CM,NSE,STK,11441,INF767K01OT5,LICNETFSEN,EQ,,,,,LICNAMC - LICNFESGP,889.00,889.00,852.00,888.50,888.50,877.10,,888.50,,,182,160870.16,22,F1,1,,,,,
2026-08-03,2026-08-03,CM,NSE,STK,15229,INF767K01PC8,LICNFNHGP,EQ,,,,,LICNAMC - LICNFNHGP,279.71,282.90,272.05,282.62,282.90,276.95,,282.62,,,386,107987.56,26,F1,1,,,,,
2026-08-03,2026-08-03,CM,NSE,STK,6062,INF767K01MV5,LICNETFGSC,EQ,,,,,LICNAMC - LICNMFET,29.49,29.63,29.22,29.43,29.38,29.49,,29.43,,,100528,2959772.81,152,F1,1,,,,,
2026-08-03,2026-08-03,CM,NSE,STK,22722,INF767K01RN1,LICNMID100,EQ,,,,,LICNAMC - LICNMID100,63.79,64.07,63.26,63.80,63.89,63.24,,63.81,,,23633,1510289.96,139,F1,1,,,,,
2026-08-03,2026-08-03,CM,NSE,STK,9480,INE0J1Y01017,LICI,EQ,,,,,LIFE INSURA CORP OF INDIA,426.05,431.30,422.95,428.50,428.50,424.70,,428.48,,,2043005,874694304.85,23297,F1,1,,,,,
2026-08-03,2026-08-03,CM,NSE,STK,578,INE060901027,LIKHITHA,EQ,,,,,LIKHITHA INFRASTRUC LTD,222.00,228.43,222.00,226.10,226.70,220.80,,226.20,,,24746,5583449.26,776,F1,1,,,,,
2026-08-03,2026-08-03,CM,NSE,STK,6951,INE802B01027,LINC,EQ,,,,,LINC LIMITED,102.30,103.00,100.22,101.64,101.47,102.19,,101.64,,,16037,1633925.19,437,F1,1,,,,,
2026-08-03,2026-08-03,CM,NSE,STK,11596,INE405C01035,LINCOLN,EQ,,,,,LINCOLN PHARMA LTD,578.90,592.80,578.00,580.75,578.00,577.15,,580.62,,,14502,8475116.20,765,F1,1,,,,,
2026-08-03,2026-08-03,CM,NSE,STK,1627,INE473A01011,LINDEINDIA,EQ,,,,,LINDE INDIA LIMITED,6770.50,7035.00,6770.50,6980.50,6930.00,6745.00,,6980.47,,,50665,351658099.00,13113,F1,1,,,,,
2026-08-03,2026-08-03,CM,NSE,STK,17801,INE093R01011,LLOYDSENGG,EQ,,,,,LLOYDS ENGG WORK LIMITED,89.20,92.50,88.72,91.84,91.99,88.66,,91.84,,,10908467,995736961.47,37178,F1,1,,,,,
2026-08-03,2026-08-03,CM,NSE,STK,25807,INE080I01025,LLOYDSENT,EQ,,,,,LLOYDS ENTERPRISES LTD,81.88,84.16,80.76,81.57,81.10,79.96,,81.57,,,3960227,326791828.56,16632,F1,1,,,,,
2026-08-03,2026-08-03,CM,NSE,STK,11476,INE0DTQ01028,LLOYDS,ST,,,,,LLOYDS LUXURIES LIMITED,68.50,68.50,68.50,68.50,68.50,68.50,,68.50,,,2000,137000.00,2,F1,1000,,,,,
2026-08-03,2026-08-03,CM,NSE,STK,17313,INE281B01032,LLOYDSME,EQ,,,,,LLOYDS METALS N ENERGY L,2050.90,2068.00,2035.10,2050.60,2049.90,2047.00,,2050.64,,,607387,1246443217.50,41936,F1,1,,,,,
2026-08-03,2026-08-03,CM,NSE,STK,1979,INE269B01029,LMW,EQ,,,,,LMW LIMITED,16152.00,16342.00,16071.00,16182.00,16100.00,16152.00,,16180.44,,,1403,22790338.00,669,F1,1,,,,,
2026-08-03,2026-08-03,CM,NSE,STK,3220,INE670K01029,LODHA,EQ,,,,,LODHA DEVELOPERS LIMITED,1248.00,1257.80,1226.40,1239.80,1239.80,1243.95,,1239.76,,,1834226,2273104991.40,25660,F1,1,,,,,
2026-08-03,2026-08-03,CM,NSE,STK,764296,INE0QJW01029,LCL,EQ,,,,,LOHIA CORP LIMITED,534.00,547.70,517.30,525.70,520.75,535.15,,525.69,,,2411586,1286281954.70,58749,F1,1,,,,,
2026-08-03,2026-08-03,CM,NSE,STK,13439,INE397H01017,LOKESHMACH,BE,,,,,LOKESH MACHINES LTD,337.95,338.00,335.00,335.10,335.10,338.00,,337.70,,,6194,2092661.05,64,F1,1,,,,,
2026-08-03,2026-08-03,CM,NSE,STK,18232,INE846D01012,LORDSCHLO,EQ,,,,,LORDS CHLORO ALKALI LTD,145.25,149.50,145.25,147.86,147.69,143.77,,147.85,,,12408,1835981.13,362,F1,1,,,,,
2026-08-03,2026-08-03,CM,NSE,STK,14924,INE740X01023,LAL,EQ,,,,,LORENZINI APPARELS LTD,8.37,8.69,8.05,8.13,8.05,8.53,,8.14,,,253681,2105382.72,370,F1,1,,,,,
2026-08-03,2026-08-03,CM,NSE,STK,16807,INE947I01017,LOTUSEYE,EQ,,,,,LOTUS EYE HOSP & INST L,122.00,122.00,116.30,117.46,117.30,117.51,,117.46,,,14327,1690445.69,425,F1,1,,,,,
2026-08-03,2026-08-03,CM,NSE,STK,22415,INE597L01014,LOVABLE,EQ,,,,,LOVABLE LINGERIE LTD,72.00,74.90,71.07,73.93,73.71,71.44,,73.93,,,24559,1809050.06,480,F1,1,,,,,
2026-08-03,2026-08-03,CM,NSE,STK,10590,INE970D01010,LOYALTEX,EQ,,,,,LOYAL TEXTILE MILLS LTD,205.00,215.00,200.05,200.05,200.05,204.00,,203.65,,,187,38294.40,14,F1,1,,,,,
2026-08-03,2026-08-03,CM,NSE,STK,13816,INE818H01020,LTFOODS,EQ,,,,,LT FOODS LIMITED,414.50,417.00,408.70,415.30,415.00,410.35,,415.25,,,748298,309815378.75,22032,F1,1,,,,,
2026-08-03,2026-08-03,CM,NSE,STK,17818,INE214T01019,LTM,EQ,,,,,LTM LIMITED,4399.00,4720.40,4386.10,4690.00,4690.00,4362.10,,4689.19,,,1900137,8786462034.90,104072,F1,1,,,,,
2026-08-03,2026-08-03,CM,NSE,STK,14014,INE872H01027,LUMAXTECH,EQ,,,,,LUMAX AUTO TECH LTD,1579.00,1652.00,1579.00,1625.70,1615.40,1568.30,,1625.68,,,308962,502804084.80,26660,F1,1,,,,,
2026-08-03,2026-08-03,CM,NSE,STK,2018,INE162B01018,LUMAXIND,EQ,,,,,LUMAX INDUSTRIES LTD,5316.00,5878.00,5316.00,5772.50,5790.00,5284.50,,5773.28,,,106937,611602095.50,19275,F1,1,,,,,
2026-08-03,2026-08-03,CM,NSE,STK,10440,INE326A01037,LUPIN,EQ,,,,,LUPIN LIMITED,2435.00,2440.00,2362.60,2393.00,2393.00,2415.00,,2392.96,,,1717110,4094970329.50,96482,F1,1,,,,,
2026-08-03,2026-08-03,CM,NSE,STK,11301,INE150G01020,LUXIND,EQ,,,,,LUX INDUSTRIES LIMITED,1258.00,1270.00,1248.00,1260.00,1251.50,1247.60,,1259.76,,,19126,24104109.60,1578,F1,1,,,,,
2026-08-03,2026-08-03,CM,NSE,STK,7248,INE933A01014,LYKALABS,BE,,,,,LYKA LABS LTD.,60.80,63.84,60.30,63.84,63.84,60.80,,63.84,,,26590,1669370.74,118,F1,1,,,,,
2026-08-03,2026-08-03,CM,NSE,STK,758150,INE08N601015,MBEL,EQ,,,,,M AND B ENGINEERING LTD,293.65,297.00,292.30,294.70,292.30,293.65,,294.70,,,97922,28902893.70,4819,F1,1,,,,,
2026-08-03,2026-08-03,CM,NSE,STK,16736,INE964W01021,MKPL,EQ,,,,,M K PROTEINS LIMITED,4.16,4.32,4.16,4.25,4.24,4.18,,4.25,,,111596,476006.79,375,F1,1,,,,,
2026-08-03,2026-08-03,CM,NSE,STK,22360,INE813V01022,MCL,EQ,,,,,M TEK COPPER LIMITED,52.80,57.67,52.80,56.17,56.44,53.30,,56.17,,,55568,3060301.56,1901,F1,1,,,,,
2026-08-03,2026-08-03,CM,NSE,STK,13285,INE774D01024,M&MFIN,EQ,,,,,M&M FIN. SERVICES LTD,390.05,409.75,388.05,405.50,403.70,385.75,,405.43,,,5394649,2161184926.05,65862,F1,1,,,,,
2026-08-03,2026-08-03,CM,NSE,STK,22976,INE0SGC01015,MVKAGRO,SM,,,,,M.V.K. AGRO FOOD PROD LTD,297.20,330.10,297.15,297.15,297.15,330.15,,297.15,,,773700,235156305.00,899,F1,300,,,,,
2026-08-03,2026-08-03,CM,NSE,STK,15017,INE215I01027,MAANALU,EQ,,,,,MAAN ALUMINIUM LIMITED,124.70,128.00,121.88,126.78,126.30,122.62,,126.79,,,167145,21007413.09,1568,F1,1,,,,,
2026-08-03,2026-08-03,CM,NSE,STK,762782,INE435D01014,MCCHRLS-B,EQ,,,,,MAC CHARLES (INDIA) LTD.,667.95,699.00,665.05,690.00,690.00,671.30,,694.29,,,405,279570.95,41,F1,1,,,,,
2026-08-03,2026-08-03,CM,NSE,STK,24545,INE0R0J01010,MACOBSTECH,SM,,,,,MACOBS TECHNOLOGIES LTD,222.00,222.80,215.00,220.30,220.70,215.80,,220.30,,,95200,21149560.00,14,F1,800,,,,,
2026-08-03,2026-08-03,CM,NSE,STK,22347,INE155Z01011,MACPOWER,EQ,,,,,MACPOWER CNC MACHINES LTD,1489.80,1510.00,1431.50,1457.80,1450.00,1458.20,,1457.80,,,38917,57197143.70,4131,F1,1,,,,,
2026-08-03,2026-08-03,CM,NSE,STK,762767,INE631R01026,MADHAVIPL,EQ,,,,,MADHAV INFRA PROJECTS L,7.72,7.97,7.72,7.85,7.84,7.82,,7.85,,,81225,639006.43,281,F1,1,,,,,
2026-08-03,2026-08-03,CM,NSE,STK,15151,INE925C01016,MADHAV,EQ,,,,,MADHAV MARBLE & GRANITE,34.91,35.00,33.90,34.22,34.43,34.80,,34.22,,,3669,126280.73,181,F1,1,,,,,
2026-08-03,2026-08-03,CM,NSE,STK,13668,INE378D01032,MADHUCON,BE,,,,,MADHUCON PROJECTS LTD.,5.02,5.33,5.02,5.28,5.28,5.14,,5.28,,,15244,78147.84,59,F1,1,,,,,
2026-08-03,2026-08-03,CM,NSE,STK,18738,INE0P6701019,MADHUSUDAN,ST,,,,,MADHUSUDAN MASALA LIMITED,236.00,236.00,229.00,234.00,234.00,235.45,,234.00,,,20000,4637050.00,19,F1,1000,,,,,
2026-08-03,2026-08-03,CM,NSE,STK,12686,INE900L01028,MBAPL,EQ,,,,,MADHYA BHARAT AGRO P. LTD,161.80,164.00,158.50,160.01,159.99,160.20,,160.01,,,686146,110896319.04,10289,F1,1,,,,,
2026-08-03,2026-08-03,CM,NSE,STK,4911,INE414A01015,MADRASFERT,EQ,,,,,MADRAS FERTILISERS LTD,66.76,67.55,66.67,66.76,66.70,66.43,,66.76,,,46486,3112995.77,468,F1,1,,,,,
2026-08-03,2026-08-03,CM,NSE,STK,762772,INE270B01035,MAFATIND,EQ,,,,,MAFATLAL INDUSTRIES LTD.,134.60,137.19,132.40,134.61,134.00,133.63,,134.56,,,47533,6396174.39,984,F1,1,,,,,
2026-08-03,2026-08-03,CM,NSE,STK,21392,INE347W01011,MAGADSUGAR,EQ,,,,,MAGADH SUGAR & ENERGY LTD,497.65,541.30,497.65,534.95,538.95,500.40,,535.01,,,104201,55361476.25,5354,F1,1,,,,,
2026-08-03,2026-08-03,CM,NSE,STK,29482,INE613C01026,MCLOUD,EQ,,,,,MAGELLANIC CLOUD LIMITED,29.30,29.64,29.01,29.23,29.28,29.29,,29.23,,,2037635,59765456.21,4183,F1,1,,,,,
2026-08-03,2026-08-03,CM,NSE,STK,14957,INE387I01016,MAGNUM,EQ,,,,,MAGNUM VENTURES LTD.,19.77,20.10,19.55,19.99,20.10,19.68,,20.01,,,9265,185050.71,120,F1,1,,,,,
2026-08-03,2026-08-03,CM,NSE,STK,17088,INE0O1S01012,MAGSON,SM,,,,,MAGSON RETAIL AND DIST L,180.00,180.00,180.00,180.00,180.00,180.00,,180.00,,,111000,19980000.00,26,F1,1000,,,,,
2026-08-03,2026-08-03,CM,NSE,STK,5239,INE843B01013,MAHAPEXLTD,EQ,,,,,MAHA RASHTRA APEX COPR. L,45.15,46.00,44.00,45.55,45.65,44.92,,45.55,,,5253,237651.97,115,F1,1,,,,,
2026-08-03,2026-08-03,CM,NSE,STK,24937,INE0US801024,MFML,EQ,,,,,MAHALAXMI FABRIC MILLS LT,18.99,19.99,18.99,19.84,19.98,18.92,,19.84,,,1696,33227.29,45,F1,1,,,,,
2026-08-03,2026-08-03,CM,NSE,STK,7886,INE112D01035,MHLXMIRU,EQ,,,,,MAHALAXMI RUBTECH LIMITED,143.50,148.33,141.90,148.33,148.33,141.27,,148.33,,,75124,11094643.82,446,F1,1,,,,,
2026-08-03,2026-08-03,CM,NSE,STK,17527,INE451L01014,MAHASTEEL,EQ,,,,,MAHAMAYA STEEL INDS LTD,1000.00,1035.00,975.10,1027.10,1018.90,1001.25,,1027.23,,,29414,29891163.70,1219,F1,1,,,,,
2026-08-03,2026-08-03,CM,NSE,STK,17534,INE002S01010,MGL,EQ,,,,,MAHANAGAR GAS LTD.,1125.90,1131.10,1110.80,1115.70,1111.80,1120.50,,1115.70,,,145295,162774502.30,13622,F1,1,,,,,
2026-08-03,2026-08-03,CM,NSE,STK,2294,INE153A01019,MTNL,EQ,,,,,MAHANAGAR TELEPHONE NIGAM,27.16,28.60,27.16,28.11,27.97,27.03,,28.11,,,1325102,37170522.21,4635,F1,1,,,,,
2026-08-03,2026-08-03,CM,NSE,STK,2085,INE288A01013,MAHSCOOTER,EQ,,,,,MAHARASHTRA SCOOTERS LTD,13149.00,14099.00,13013.00,13937.00,14038.00,13009.00,,13937.63,,,20823,285531084.00,7296,F1,1,,,,,
2026-08-03,2026-08-03,CM,NSE,STK,2088,INE271B01025,MAHSEAMLES,EQ,,,,,MAHARASHTRA SEAMLESS LTD,572.50,583.60,567.00,573.70,575.00,565.35,,573.54,,,135333,77858404.30,8211,F1,1,,,,,
2026-08-03,2026-08-03,CM,NSE,STK,9577,INE263W01010,MAHESHWARI,BE,,,,,MAHESHWARI LOGISTICS LTD.,72.63,73.50,71.20,73.00,73.00,72.99,,73.00,,,45196,3290807.64,59,F1,1,,,,,
2026-08-03,2026-08-03,CM,NSE,STK,2839,INE961Y01015,MAHICKRA,SM,,,,,MAHICKRA CHEMICAL LIMITED,257.00,260.00,257.00,260.00,260.00,274.65,,260.00,,,1500,387750.00,2,F1,750,,,,,
2026-08-03,2026-08-03,CM,NSE,STK,2031,INE101A01026,M&M,EQ,,,,,MAHINDRA & MAHINDRA LTD,3465.00,3465.00,3386.20,3428.60,3428.60,3398.50,,3428.46,,,2169303,7392129687.80,128713,F1,1,,,,,
2026-08-03,2026-08-03,CM,NSE,STK,17603,INE215D01010,MAHEPC,EQ,,,,,MAHINDRA EPC IRRIG LTD,106.80,108.18,106.21,107.76,107.99,106.66,,107.69,,,15937,1709575.34,489,F1,1,,,,,
2026-08-03,2026-08-03,CM,NSE,STK,17333,INE998I01010,MHRIL,EQ,,,,,MAHINDRA HOLIDAYS LTD,218.41,221.75,217.76,218.96,218.10,218.41,,218.95,,,86726,19020469.07,2233,F1,1,,,,,
2026-08-03,2026-08-03,CM,NSE,STK,8050,INE813A01018,MAHLIFE,EQ,,,,,MAHINDRA LIFESPACE DEVLTD,395.00,400.00,391.05,398.25,398.05,392.65,,398.26,,,142818,56613599.25,7669,F1,1,,,,,
2026-08-03,2026-08-03,CM,NSE,STK,385,INE766P01016,MAHLOG,EQ,,,,,MAHINDRA LOGISTIC LIMITED,414.00,418.70,412.25,416.30,415.50,409.50,,416.27,,,184166,76616620.20,7212,F1,1,,,,,
2026-08-03,2026-08-03,CM,NSE,STK,24538,INE683C01011,MAITHANALL,EQ,,,,,MAITHAN ALLOYS LTD,990.00,992.70,955.35,963.90,965.40,983.70,,963.86,,,87126,84491999.85,5170,F1,1,,,,,
2026-08-03,2026-08-03,CM,NSE,STK,19809,INE0PLQ01011,MAITREYA,SM,,,,,MAITREYA MEDICARE LIMITED,120.45,125.00,119.90,121.00,125.00,127.00,,121.00,,,6800,818020.00,15,F1,400,,,,,
2026-08-03,2026-08-03,CM,NSE,STK,762777,INE201B01022,MAJESAUT,EQ,,,,,MAJESTIC AUTO LTD.,436.00,484.00,433.00,475.30,480.00,431.70,,474.64,,,92023,42112906.30,4093,F1,1,,,,,
2026-08-03,2026-08-03,CM,NSE,STK,11218,INE0CDK01019,MAKS,SM,,,,,MAKS ENERGY SOL INDIA LTD,18.00,18.00,18.00,18.00,18.00,18.05,,18.00,,,1500,27000.00,1,F1,1500,,,,,
2026-08-03,2026-08-03,CM,NSE,STK,7965,INE389C01015,MALLCOM,EQ,,,,,MALLCOM (INDIA) LIMITED,982.20,982.20,970.10,975.85,979.00,982.20,,976.07,,,3458,3382701.40,266,F1,1,,,,,
2026-08-03,2026-08-03,CM,NSE,STK,13352,INE383H01017,MALUPAPER,EQ,,,,,MALU PAPER MILLS LIMITED,32.70,33.40,32.20,33.15,33.27,32.26,,33.15,,,9651,317872.98,122,F1,1,,,,,
2026-08-03,2026-08-03,CM,NSE,STK,28687,INE0TO701015,MAMATA,EQ,,,,,MAMATA MACHINERY LIMITED,408.45,413.30,400.05,403.15,400.05,406.45,,403.12,,,66661,27143444.20,3111,F1,1,,,,,
2026-08-03,2026-08-03,CM,NSE,STK,7413,INE830Q01018,MANAKCOAT,EQ,,,,,MAN COAT METAL & IND LTD,120.30,121.81,120.00,120.08,120.00,119.97,,120.07,,,92221,11132188.55,1612,F1,1,,,,,
2026-08-03,2026-08-03,CM,NSE,STK,11884,INE993A01026,MANINDS,EQ,,,,,MAN INDUSTRIES (I) LTD.,538.00,552.95,530.30,548.60,548.05,532.30,,548.59,,,334265,182091024.45,10085,F1,1,,,,,
2026-08-03,2026-08-03,CM,NSE,STK,18226,INE949H01023,MANINFRA,EQ,,,,,MAN INFRA LTD,98.99,102.25,98.60,99.82,100.15,98.08,,99.82,,,1280728,128685678.26,5456,F1,1,,,,,
2026-08-03,2026-08-03,CM,NSE,STK,7420,INE859Q01017,MANAKALUCO,EQ,,,,,MANAK ALUMINIUM CO. LTD.,34.50,36.60,34.01,34.50,34.51,35.22,,34.50,,,81640,2868476.65,845,F1,1,,,,,
2026-08-03,2026-08-03,CM,NSE,STK,15199,INE015D01022,MANAKSIA,EQ,,,,,MANAKSIA LTD.,57.00,57.50,56.17,56.67,56.56,55.73,,56.66,,,12185,694031.47,215,F1,1,,,,,
2026-08-03,2026-08-03,CM,NSE,STK,7463,INE824Q01011,MANAKSTEEL,EQ,,,,,MANAKSIA STEELS LTD,68.50,75.21,68.50,75.21,75.21,68.38,,75.38,,,85658,6285575.25,534,F1,1,,,,,
2026-08-03,2026-08-03,CM,NSE,STK,13796,INE201A01024,MANALIPETC,EQ,,,,,MANALI PETROCHEMICALS LT,64.89,68.50,64.25,66.64,66.30,64.89,,66.64,,,541344,36019278.75,4528,F1,1,,,,,
2026-08-03,2026-08-03,CM,NSE,STK,19061,INE522D01027,MANAPPURAM,EQ,,,,,MANAPPURAM FINANCE LTD,364.00,371.00,357.30,365.00,365.00,371.85,,364.94,,,17549652,6385774007.30,184606,F1,1,,,,,
2026-08-03,2026-08-03,CM,NSE,STK,759354,INE0U4H01011,MPEL,ST,,,,,MANAS POLYMER N ENERGIE L,36.75,36.75,36.50,36.50,36.50,35.85,,36.50,,,6400,234080.00,4,F1,1600,,,,,
2026-08-03,2026-08-03,CM,NSE,STK,21697,INE104Y01012,MANAV,SM,,,,,MANAV INFRA PROJECTS LTD,22.50,22.50,22.35,22.35,22.35,23.50,,22.35,,,8000,179400.00,2,F1,4000,,,,,
2026-08-03,2026-08-03,CM,NSE,STK,25597,INE939X01013,MANBA,EQ,,,,,MANBA FINANCE LIMITED,138.00,139.41,135.25,137.29,135.25,135.48,,137.26,,,61575,8431997.50,608,F1,1,,,,,
2026-08-03,2026-08-03,CM,NSE,STK,24823,INE545L01039,MANCREDIT,EQ,,,,,MANGAL CREDIT N FINCORP L,248.00,262.76,247.63,257.36,253.25,245.28,,257.20,,,285884,72966501.76,5612,F1,1,,,,,
2026-08-03,2026-08-03,CM,NSE,STK,758748,INE0PKD01011,MEIL,EQ,,,,,MANGAL ELECTRICAL IND L,293.90,295.00,286.40,289.00,286.70,284.05,,289.01,,,32122,9341501.25,1107,F1,1,,,,,
2026-08-03,2026-08-03,CM,NSE,STK,19134,INE00C401011,MAL,SM,,,,,MANGALAM ALLOYS LIMITED,33.75,33.75,31.70,33.00,33.00,33.35,,33.00,,,54400,1753920.00,20,F1,1600,,,,,
2026-08-03,2026-08-03,CM,NSE,STK,2106,INE347A01017,MANGLMCEM,EQ,,,,,MANGALAM CEMENT LTD,950.00,960.95,944.00,945.50,944.00,950.45,,944.59,,,11334,10747379.35,623,F1,1,,,,,
2026-08-03,2026-08-03,CM,NSE,STK,11817,INE584F01014,MANGALAM,EQ,,,,,MANGALAM DRUG & CHEM LTD,27.66,27.99,26.80,26.98,26.85,27.11,,26.98,,,20871,566124.00,198,F1,1,,,,,
2026-08-03,2026-08-03,CM,NSE,STK,1598,INE0APB01032,MGEL,BE,,,,,MANGALAM GLOBAL ENT LTD,16.28,16.45,15.35,15.51,15.79,15.95,,15.51,,,177353,2782308.33,392,F1,1,,,,,
2026-08-03,2026-08-03,CM,NSE,STK,6428,INE370D01013,MANORG,BE,,,,,MANGALAM ORGANICS LIMITED,486.00,486.00,475.00,478.20,480.00,485.30,,478.38,,,7487,3602686.60,151,F1,1,,,,,
2026-08-03,2026-08-03,CM,NSE,STK,759169,INE0JYY01029,MWL,EQ,,,,,MANGALAM WORLDWIDE LTD,37.40,40.19,36.36,37.90,37.25,36.00,,37.90,,,2911152,112295389.96,13316,F1,1,,,,,
2026-08-03,2026-08-03,CM,NSE,STK,24629,INE0R3101011,MIEL,SM,,,,,MANGLAM INFRA & ENG LTD,13.00,13.00,13.00,13.00,13.00,13.00,,13.00,,,2000,26000.00,1,F1,2000,,,,,
2026-08-03,2026-08-03,CM,NSE,STK,760174,INE1ERK01013,MANILAM,SM,,,,,MANILAM INDUSTRIES IND L,50.50,50.50,50.50,50.50,50.50,51.75,,50.50,,,2000,101000.00,1,F1,2000,,,,,
2026-08-03,2026-08-03,CM,NSE,STK,15380,INE634S01028,MANKIND,EQ,,,,,MANKIND PHARMA LIMITED,2458.00,2497.90,2442.20,2483.00,2483.00,2469.60,,2482.92,,,639674,1584447378.50,29159,F1,1,,,,,
2026-08-03,2026-08-03,CM,NSE,STK,19015,INE0KNT01012,MVGJL,EQ,,,,,MANOJ VAIBHAV GEM N JEW L,168.30,172.89,167.62,170.70,170.10,168.14,,170.71,,,18255,3117547.39,536,F1,1,,,,,
2026-08-03,2026-08-03,CM,NSE,STK,13753,INE784W01015,MANOMAY,EQ,,,,,MANOMAY TEX INDIA LTD,211.99,215.00,208.05,213.30,213.45,210.39,,213.38,,,249028,52948184.50,2333,F1,1,,,,,
2026-08-03,2026-08-03,CM,NSE,STK,10227,INE00VM01036,MANORAMA,EQ,,,,,MANORAMA INDUSTRIES LTD,1602.90,1640.40,1602.10,1633.00,1635.00,1604.50,,1632.60,,,67319,109717328.10,7976,F1,1,,,,,
2026-08-03,2026-08-03,CM,NSE,STK,13575,INE867A01022,MANUGRAPH,BE,,,,,MANUGRAPH INDIA LIMITED,14.39,14.88,14.10,14.50,14.50,14.45,,14.46,,,8348,120392.03,59,F1,1,,,,,
2026-08-03,2026-08-03,CM,NSE,STK,7040,INE882A01013,MARALOVER,BE,,,,,MARAL OVERSEAS LTD,58.36,58.50,55.45,57.01,57.79,58.36,,57.03,,,37980,2134803.64,133,F1,1,,,,,
2026-08-03,2026-08-03,CM,NSE,STK,18659,INE182D01020,MARATHON,EQ,,,,,MARATHON NXTGEN REALT LTD,400.35,413.80,392.05,402.25,399.10,389.70,,401.92,,,122627,49472496.30,4145,F1,1,,,,,
2026-08-03,2026-08-03,CM,NSE,STK,760453,INE0TD401015,MARC,SM,,,,,MARC TECHNOCRATS LIMITED,116.00,122.00,116.00,116.60,116.60,115.25,,116.60,,,14400,1703040.00,11,F1,1200,,,,,
2026-08-03,2026-08-03,CM,NSE,STK,18773,INE0QP001012,MARCO,SM,,,,,MARCO CABLE & CONDUCTOR L,30.10,30.95,30.10,30.95,30.95,30.00,,30.95,,,3000,91575.00,2,F1,1500,,,,,
2026-08-03,2026-08-03,CM,NSE,STK,4067,INE196A01026,MARICO,EQ,,,,,MARICO LIMITED,870.00,881.35,865.30,880.95,880.95,870.65,,880.95,,,2383722,2085857687.00,92199,F1,1,,,,,
2026-08-03,2026-08-03,CM,NSE,STK,1328,INE01JE01028,MARINE,EQ,,,,,MARINE ELECTRICAL (I) LTD,270.35,290.00,268.00,287.75,289.00,266.00,,287.75,,,1548816,435867526.45,20112,F1,1,,,,,
2026-08-03,2026-08-03,CM,NSE,STK,20410,INE0P1P01017,MARINETRAN,SM,,,,,MARINETRANS INDIA LIMITED,14.10,14.10,14.10,14.10,14.10,14.10,,14.10,,,4000,56400.00,1,F1,4000,,,,,
2026-08-03,2026-08-03,CM,NSE,STK,760204,INE0FW001016,MARKOLINES,EQ,,,,,MARKOLINES PAVEMENT TEC L,177.00,182.50,171.45,177.28,171.45,176.35,,177.18,,,242655,43714506.48,2251,F1,1,,,,,
2026-08-03,2026-08-03,CM,NSE,STK,10579,INE750C01026,MARKSANS,EQ,,,,,MARKSANS PHARMA LIMITED,259.00,264.00,258.85,262.25,262.35,258.35,,262.25,,,653691,171470970.00,18207,F1,1,,,,,
2026-08-03,2026-08-03,CM,NSE,STK,761386,INE415B01044,MARSONS,EQ,,,,,MARSONS LIMITED,111.15,113.49,109.35,110.45,110.10,110.04,,110.45,,,2317039,258453217.26,8991,F1,1,,,,,
2026-08-03,2026-08-03,CM,NSE,STK,761042,INE0X7G01013,MARUSHIKA,SM,,,,,MARUSHIKA TECHNOLOGY LTD,97.50,100.00,96.05,99.95,100.00,103.00,,99.95,,,9600,943200.00,6,F1,1200,,,,,
2026-08-03,2026-08-03,CM,NSE,STK,10999,INE585B01010,MARUTI,EQ,,,,,MARUTI SUZUKI INDIA LTD.,14300.00,14440.00,13901.00,14150.00,14150.00,14234.00,,14149.34,,,961183,13566817027.00,133296,F1,1,,,,,
2026-08-03,2026-08-03,CM,NSE,STK,199,INE348L01012,MASFIN,EQ,,,,,MAS FINANCIAL SERV LTD,326.35,326.35,315.10,317.65,317.15,319.80,,317.58,,,120744,38721928.10,11886,F1,1,,,,,
2026-08-03,2026-08-03,CM,NSE,STK,18731,INE885F01015,MASKINVEST,BE,,,,,MASK INVESTMENTS LIMITED,149.00,149.00,147.00,147.00,147.00,150.00,,147.00,,,351,52116.00,7,F1,1,,,,,
2026-08-03,2026-08-03,CM,NSE,STK,24278,INE0SH001010,MASON,SM,,,,,MASON INFRATECH LIMITED,122.50,122.50,122.50,122.50,122.50,125.00,,122.50,,,500,61250.00,1,F1,500,,,,,
2026-08-03,2026-08-03,CM,NSE,STK,2124,INE759A01021,MASTEK,EQ,,,,,MASTEK LTD,1874.80,1909.60,1845.10,1893.20,1865.90,1874.80,,1893.14,,,85210,160041489.40,11178,F1,1,,,,,
2026-08-03,2026-08-03,CM,NSE,STK,19011,INE0OJM01017,MASTER,SM,,,,,MASTER COMPONENTS LIMITED,462.00,480.00,445.00,479.40,479.80,460.00,,479.40,,,5500,2567900.00,11,F1,500,,,,,
2026-08-03,2026-08-03,CM,NSE,STK,27047,INE677D01037,MASTERTR,EQ,,,,,MASTER TRUST LIMITED,82.15,85.30,82.15,84.85,84.45,82.14,,84.86,,,326366,27334376.66,1991,F1,1,,,,,
2026-08-03,2026-08-03,CM,NSE,STK,21726,INE866R01028,MATRIMONY,EQ,,,,,MATRIMONY.COM LIMITED,432.00,444.00,429.00,430.95,433.40,437.00,,430.94,,,16227,7023661.60,665,F1,1,,,,,
2026-08-03,2026-08-03,CM,NSE,STK,759945,INE132901013,MGSL,SM,,,,,MATRIX GEO SOLUTIONS LTD,77.00,82.00,75.55,77.75,77.75,75.85,,77.75,,,64800,5100120.00,39,F1,1200,,,,,
2026-08-03,2026-08-03,CM,NSE,STK,17026,INE636A01039,MAWANASUG,BE,,,,,MAWANA SUGARS LIMITED,107.00,109.86,107.00,109.86,109.86,104.63,,111.17,,,50173,5492071.52,150,F1,1,,,,,
2026-08-03,2026-08-03,CM,NSE,STK,19646,INE03EI01018,MAXESTATES,EQ,,,,,MAX ESTATES LIMITED,397.00,406.40,394.00,400.35,405.00,393.20,,400.37,,,72890,29172990.75,3125,F1,1,,,,,
2026-08-03,2026-08-03,CM,NSE,STK,2142,INE180A01020,MFSL,EQ,,,,,MAX FINANCIAL SERV LTD,1519.10,1542.50,1510.00,1542.50,1542.50,1499.00,,1542.50,,,500008,763672786.20,34250,F1,1,,,,,
2026-08-03,2026-08-03,CM,NSE,STK,22377,INE027H01010,MAXHEALTH,EQ,,,,,MAX HEALTHCARE INS LTD,1109.80,1113.90,1089.00,1100.40,1100.40,1098.50,,1100.33,,,1187048,1310267642.70,36521,F1,1,,,,,
2026-08-03,2026-08-03,CM,NSE,STK,22428,INE0CG601016,MAXIND,EQ,,,,,MAX INDIA LIMITED,171.50,178.00,171.50,174.64,174.00,172.22,,174.64,,,71610,12539567.71,1457,F1,1,,,,,
2026-08-03,2026-08-03,CM,NSE,STK,21691,INE0ECC01022,MAXPOSURE,SM,,,,,MAXPOSURE LIMITED,34.00,34.00,34.00,34.00,34.00,34.00,,34.00,,,1000,34000.00,1,F1,1000,,,,,
2026-08-03,2026-08-03,CM,NSE,STK,29657,INE10A501018,MAXVOLT,ST,,,,,MAXVOLT ENERGY INDUS L,337.45,348.95,336.00,348.95,348.95,332.35,,348.95,,,25600,8867300.00,57,F1,400,,,,,
2026-08-03,2026-08-03,CM,NSE,STK,757587,INE0ZTO01018,MAYASHEEL,SM,,,,,MAYASHEEL VENTURES LTD,39.00,40.00,39.00,40.00,40.00,38.50,,40.00,,,30000,1196850.00,9,F1,3000,,,,,
2026-08-03,2026-08-03,CM,NSE,STK,28906,INE040D01038,MAYURUNIQ,EQ,,,,,MAYUR UNIQUOTERS LTD,752.00,794.00,752.00,783.95,790.00,750.95,,783.90,,,82833,64890405.55,7119,F1,1,,,,,
2026-08-03,2026-08-03,CM,NSE,STK,509,INE249Z01020,MAZDOCK,EQ,,,,,MAZAGON DOCK SHIPBUIL LTD,2387.40,2412.00,2375.50,2390.00,2390.00,2381.80,,2389.55,,,498319,1190787057.00,23023,F1,1,,,,,
2026-08-03,2026-08-03,CM,NSE,STK,18870,INE885E01042,MAZDA,BE,,,,,MAZDA LIMITED,219.90,224.97,216.10,221.63,221.05,217.17,,221.63,,,8012,1772117.45,142,F1,1,,,,,
2026-08-03,2026-08-03,CM,NSE,STK,18033,INE912H01013,MBLINFRA,BE,,,,,MBL INFRASTRUCTURE LTD,24.50,25.49,24.50,25.13,25.00,24.99,,25.13,,,11577,289916.67,58,F1,1,,,,,
2026-08-03,2026-08-03,CM,NSE,STK,11944,INE942G01012,MCLEODRUSS,BE,,,,,MCLEOD RUSSEL INDIA LTD.,51.90,52.80,50.65,51.95,51.81,51.96,,51.96,,,155395,8094777.45,310,F1,1,,,,,
2026-08-03,2026-08-03,CM,NSE,STK,14574,INE0O4M01019,MCON,SM,,,,,MCON RASAYAN INDIA LTD,44.00,44.00,44.00,44.00,44.00,43.90,,44.00,,,1000,44000.00,1,F1,1000,,,,,
2026-08-03,2026-08-03,CM,NSE,STK,21705,INE456Z01021,MEDIASSIST,EQ,,,,,MEDI ASSIST HEALTH SER L,363.75,369.65,359.90,361.00,360.70,358.00,,361.00,,,116139,42375146.10,6924,F1,1,,,,,
2026-08-03,2026-08-03,CM,NSE,STK,762805,INE200D01020,MMWL,BE,,,,,MEDIA MATRIX WORLDWIDE L,13.72,14.40,13.72,13.90,13.90,13.73,,13.49,,,2808,38832.47,39,F1,1,,,,,
2026-08-03,2026-08-03,CM,NSE,STK,6278,INE646B01010,MEDICAMEQ,EQ,,,,,MEDICAMEN BIOTECH LIMITED,238.00,242.22,233.00,240.02,242.00,234.55,,240.01,,,15083,3574312.04,507,F1,1,,,,,
2026-08-03,2026-08-03,CM,NSE,STK,24239,INE0PE401018,MEDIORG,SM,,,,,MEDICAMEN ORGANICS LTD,25.80,28.50,25.80,28.50,28.50,27.15,,28.50,,,22000,611300.00,10,F1,2000,,,,,
2026-08-03,2026-08-03,CM,NSE,STK,9667,INE630Y01024,MEDICO,EQ,,,,,MEDICO REMEDIES LIMITED,49.70,51.49,47.00,49.66,48.66,48.87,,49.68,,,649441,31797413.01,2118,F1,1,,,,,
2026-08-03,2026-08-03,CM,NSE,STK,7254,INE804L01022,MEDPLUS,EQ,,,,,MEDPLUS HEALTH SERV LTD,704.95,708.75,695.00,696.40,695.80,704.95,,696.39,,,218379,152661269.85,18938,F1,1,,,,,
2026-08-03,2026-08-03,CM,NSE,STK,760229,INE0VDM01015,MEESHO,EQ,,,,,MEESHO LIMITED,182.19,192.77,180.26,191.57,189.40,182.19,,191.57,,,11827508,2242087128.93,60108,F1,1,,,,,
2026-08-03,2026-08-03,CM,NSE,STK,8153,INE00EM01016,MEGASTAR,EQ,,,,,MEGASTAR FOODS LIMITED,331.90,336.40,321.55,327.20,325.05,331.95,,327.14,,,2994,989846.95,315,F1,1,,,,,
2026-08-03,2026-08-03,CM,NSE,STK,22560,INE531R01010,MEGATHERM,SM,,,,,MEGATHERM INDUCTION LTD,211.00,220.00,201.70,205.00,205.00,209.65,,205.00,,,44000,9178660.00,85,F1,400,,,,,
2026-08-03,2026-08-03,CM,NSE,STK,5394,INE0CT101020,MOL,EQ,,,,,MEGHMANI ORGANICS LIMITED,54.33,55.70,53.90,54.36,54.38,53.88,,54.36,,,1111172,60815130.06,4767,F1,1,,,,,
2026-08-03,2026-08-03,CM,NSE,STK,6971,INE071D01033,MENONBE,BE,,,,,MENON BEARINGS LIMITED,214.00,221.11,210.59,221.09,221.11,210.59,,222.27,,,94482,20761508.39,558,F1,1,,,,,
2026-08-03,2026-08-03,CM,NSE,STK,762787,INE650G01029,MENNPIS,EQ,,,,,MENON PISTONS LTD.,70.90,74.95,70.90,74.43,74.95,70.62,,74.42,,,54766,4070178.20,1070,F1,1,,,,,
2026-08-03,2026-08-03,CM,NSE,STK,25882,INE776I01010,MEP,BZ,,,,,MEP INFRA. DEVELOPERS LTD,0.53,0.53,0.53,0.53,0.53,0.52,,0.53,,,34417,18241.01,39,F1,1,,,,,
2026-08-03,2026-08-03,CM,NSE,STK,762792,INE689O01013,MERCANTILE,EQ,,,,,MERCANTILE VENTURES LTD.,24.17,25.70,24.17,24.33,24.25,24.00,,24.35,,,5945,147961.22,56,F1,1,,,,,
2026-08-03,2026-08-03,CM,NSE,STK,763663,INE763M01028,MERCURYEV,EQ,,,,,MERCURY EV-TECH LIMITED,34.82,35.97,34.82,35.43,35.50,35.09,,35.42,,,110395,3902500.61,595,F1,1,,,,,
2026-08-03,2026-08-03,CM,NSE,STK,764278,INE1II801013,METALIC,ST,,,,,METALIC TECHNOFORGE LTD,100.90,100.90,93.60,100.90,100.90,96.10,,100.90,,,790400,79351920.00,334,F1,1600,,,,,
2026-08-03,2026-08-03,CM,NSE,STK,7242,INE317I01021,METROBRAND,EQ,,,,,METRO BRANDS LIMITED,1036.60,1043.30,1027.00,1034.90,1027.00,1036.60,,1034.57,,,28132,29131440.90,3623,F1,1,,,,,
2026-08-03,2026-08-03,CM,NSE,STK,762797,INE085D01033,METROGLOBL,EQ,,,,,METROGLOBAL LTD.,131.90,135.00,129.10,133.26,133.50,131.90,,133.20,,,748,99096.25,67,F1,1,,,,,
2026-08-03,2026-08-03,CM,NSE,STK,9581,INE112L01020,METROPOLIS,EQ,,,,,METROPOLIS HEALTHCARE LTD,584.95,605.00,584.70,596.45,596.95,582.45,,596.44,,,184833,110136946.45,11869,F1,1,,,,,
2026-08-03,2026-08-03,CM,NSE,STK,7165,INE287C01037,MICEL,BE,,,,,MIC ELECTRONICS LTD,39.50,39.50,38.00,38.65,38.60,38.37,,38.64,,,284722,11040620.95,1637,F1,1,,,,,
2026-08-03,2026-08-03,CM,NSE,STK,759517,INE0XAD01024,MIDWESTLTD,EQ,,,,,MIDWEST LIMITED,1195.10,1221.00,1195.10,1214.90,1213.00,1194.10,,1214.90,,,10062,12224470.90,784,F1,1,,,,,
2026-08-03,2026-08-03,CM,NSE,STK,159,INE376Y01016,MILTON,SM,,,,,MILTON INDUSTRIES LIMITED,32.00,32.00,32.00,32.00,32.00,32.00,,32.00,,,8800,281600.00,2,F1,2200,,,,,
2026-08-03,2026-08-03,CM,NSE,STK,25897,INE842C01021,MINDACORP,EQ,,,,,MINDA CORPORATION LTD,703.05,735.90,699.50,727.60,728.00,700.95,,727.62,,,749804,544513608.00,32658,F1,1,,,,,
2026-08-03,2026-08-03,CM,NSE,STK,22308,INE0CCU25019,MINDSPACE,RR,,,,,MINDSPACE BUSINESS P REIT,494.69,495.97,491.16,493.15,492.60,492.13,,493.20,,,73358,36234822.05,7014,F1,1,,,,,
2026-08-03,2026-08-03,CM,NSE,STK,18049,INE110B01017,MINDTECK,EQ,,,,,MINDTECK (INDIA) LIMITED,193.50,197.94,192.20,193.37,192.25,193.86,,193.37,,,45377,8856049.04,1517,F1,1,,,,,
2026-08-03,2026-08-03,CM,NSE,STK,19640,INF769K01KU7,ALPHAETF,EQ,,,,,MIRAEAMC - ALPHAETF,26.44,26.44,26.23,26.25,26.39,26.18,,26.26,,,416257,10972145.42,970,F1,1,,,,,
2026-08-03,2026-08-03,CM,NSE,STK,17419,INF769K01KR3,BANKETF,EQ,,,,,MIRAEAMC - BANKETF,586.03,594.30,585.08,589.78,594.30,582.97,,590.98,,,20372,11984658.97,443,F1,1,,,,,
2026-08-03,2026-08-03,CM,NSE,STK,25725,INF769K01LZ4,BANKPSU,EQ,,,,,MIRAEAMC - BANKPSU,82.60,86.14,82.60,85.33,85.34,84.51,,85.33,,,16035,1370540.70,197,F1,1,,,,,
2026-08-03,2026-08-03,CM,NSE,STK,28969,INF769K01NS5,CONSUMER,EQ,,,,,MIRAEAMC - CONSUMER,12.11,12.25,12.10,12.18,12.24,12.08,,12.18,,,421073,5121252.73,502,F1,1,,,,,
2026-08-03,2026-08-03,CM,NSE,STK,761046,INF769K01QC2,DEFENCE,EQ,,,,,MIRAEAMC - DEFENCE,80.70,80.70,78.70,79.12,79.11,78.35,,79.12,,,129174,10214308.44,667,F1,1,,,,,
2026-08-03,2026-08-03,CM,NSE,STK,760412,INF769K01PY8,DIVIDEND,EQ,,,,,MIRAEAMC - DIVIDEND,36.38,36.55,36.31,36.46,36.55,36.10,,36.46,,,6132,222975.47,83,F1,1,,,,,
2026-08-03,2026-08-03,CM,NSE,STK,759780,INF769K01PR2,ENERGY,EQ,,,,,MIRAEAMC - ENERGY,38.96,39.17,38.53,38.99,39.10,38.85,,38.99,,,291666,11382937.53,1121,F1,1,,,,,
2026-08-03,2026-08-03,CM,NSE,STK,30121,INF769K01OA1,EQUAL200,EQ,,,,,MIRAEAMC - EQUAL200,14.04,14.12,13.99,14.08,14.12,13.91,,14.08,,,13473,189712.44,93,F1,1,,,,,
2026-08-03,2026-08-03,CM,NSE,STK,757142,INF769K01OO2,EQUAL50,EQ,,,,,MIRAEAMC - EQUAL50,339.95,342.59,335.03,341.18,342.59,336.58,,340.99,,,10851,3699225.70,75,F1,1,,,,,
2026-08-03,2026-08-03,CM,NSE,STK,24461,INF769K01LQ3,EVINDIA,EQ,,,,,MIRAEAMC - EVINDIA,33.65,33.65,32.87,33.12,33.19,32.83,,33.12,,,534370,17694556.02,3168,F1,1,,,,,
2026-08-03,2026-08-03,CM,NSE,STK,760986,INF769K01QA6,HEALTHCARE,EQ,,,,,MIRAEAMC - HEALTHCARE,22.26,22.26,21.56,21.61,21.70,21.61,,21.62,,,78987,1715983.63,314,F1,1,,,,,
2026-08-03,2026-08-03,CM,NSE,STK,764333,INF769K01RJ5,HYBRIDETF,EQ,,,,,MIRAEAMC - HYBRIDETF,10.28,10.28,10.04,10.06,10.06,10.03,,10.06,,,42360,426466.74,90,F1,1,,,,,
2026-08-03,2026-08-03,CM,NSE,STK,761030,INF769K01QB4,INFRA,EQ,,,,,MIRAEAMC - INFRA,12.15,12.28,12.15,12.25,12.28,12.14,,12.25,,,23976,293292.60,206,F1,1,,,,,
2026-08-03,2026-08-03,CM,NSE,STK,758595,INF769K01PB6,INTERNET,EQ,,,,,MIRAEAMC - INTERNET,13.62,13.95,13.61,13.92,13.95,13.58,,13.92,,,295701,4099296.00,332,F1,1,,,,,
2026-08-03,2026-08-03,CM,NSE,STK,19633,INF769K01KV5,ITETF,EQ,,,,,MIRAEAMC - ITETF,32.79,33.60,32.66,33.46,33.60,32.57,,33.46,,,589716,19512148.67,1132,F1,1,,,,,
2026-08-03,2026-08-03,CM,NSE,STK,17572,INF769K01KS1,LIQUID,EQ,,,,,MIRAEAMC - LIQUID,999.99,1000.00,999.99,999.99,1000.00,999.99,,999.99,,,886933,886928163.65,267,F1,1,,,,,
2026-08-03,2026-08-03,CM,NSE,STK,27075,INF769K01MY5,LIQUIDPLUS,EQ,,,,,MIRAEAMC - LIQUIDPLUS,1098.00,1098.00,1097.21,1097.21,1097.23,1097.06,,1097.21,,,360740,395808961.13,311,F1,1,,,,,
2026-08-03,2026-08-03,CM,NSE,STK,1200,INF769K01GS9,ESG,EQ,,,,,MIRAEAMC - MAESGETF,42.29,42.68,42.20,42.47,42.68,42.08,,42.47,,,54940,2329066.73,177,F1,1,,,,,
2026-08-03,2026-08-03,CM,NSE,STK,3507,INF769K01HF4,MAFANG,EQ,,,,,MIRAEAMC - MAFANG,191.18,191.18,191.18,191.18,191.18,185.74,,191.18,,,121688,23264311.84,536,F1,1,,,,,
2026-08-03,2026-08-03,CM,NSE,STK,5220,INF769K01HI8,BFSI,EQ,,,,,MIRAEAMC - MAFSETF,27.78,28.20,27.43,27.90,28.00,27.61,,27.92,,,599668,16726057.42,1194,F1,1,,,,,
2026-08-03,2026-08-03,CM,NSE,STK,14286,INF769K01JP9,GOLDETF,EQ,,,,,MIRAEAMC - MAGOLDETF,136.01,138.31,136.01,137.90,137.98,137.85,,137.90,,,620775,85613701.83,9056,F1,1,,,,,
2026-08-03,2026-08-03,CM,NSE,STK,14938,INF769K01KF8,GSEC10YEAR,EQ,,,,,MIRAEAMC - MAGS813ETF,30.16,31.30,30.15,30.15,30.15,30.31,,30.15,,,2318,70265.16,36,F1,1,,,,,
2026-08-03,2026-08-03,CM,NSE,STK,7074,INF769K01HS7,MAHKTECH,EQ,,,,,MIRAEAMC - MAHKTECH,23.60,23.60,23.60,23.60,23.60,23.69,,23.60,,,252187,5951613.20,414,F1,1,,,,,
2026-08-03,2026-08-03,CM,NSE,STK,8413,INF769K01IC9,MIDCAPETF,EQ,,,,,MIRAEAMC - MAM150ETF,23.65,23.91,23.65,23.86,23.91,23.64,,23.86,,,3667403,87475525.63,7415,F1,1,,,,,
2026-08-03,2026-08-03,CM,NSE,STK,7979,INF769K01IB1,MAKEINDIA,EQ,,,,,MIRAEAMC - MAMFGETF,166.70,168.29,166.66,167.29,167.86,166.26,,167.31,,,54293,9081185.67,726,F1,1,,,,,
2026-08-03,2026-08-03,CM,NSE,STK,6353,INF769K01EG9,NIFTYETF,EQ,,,,,MIRAEAMC - MAN50ETF,268.11,269.05,266.24,267.69,267.50,265.46,,267.70,,,2196167,587971444.90,1775,F1,1,,,,,
2026-08-03,2026-08-03,CM,NSE,STK,14786,INF769K01JU9,LOWVOL,EQ,,,,,MIRAEAMC - MANV30F,212.75,215.00,212.32,214.30,215.00,211.70,,214.30,,,1969,419619.88,19,F1,1,,,,,
2026-08-03,2026-08-03,CM,NSE,STK,17181,INF769K01FN2,NEXT50,EQ,,,,,MIRAEAMC - MANXT50,761.00,769.11,761.00,768.39,768.90,759.41,,768.11,,,72334,55525831.24,1393,F1,1,,,,,
2026-08-03,2026-08-03,CM,NSE,STK,16777,INF769K01KG6,SILVERAG,EQ,,,,,MIRAEAMC - MASILVER,210.38,211.99,209.77,210.34,211.40,210.31,,210.34,,,124705,26280055.41,2370,F1,1,,,,,
2026-08-03,2026-08-03,CM,NSE,STK,5782,INF769K01HP3,MASPTOP50,EQ,,,,,MIRAEAMC - MASPTOP50,77.42,77.42,77.42,77.42,77.42,75.48,,77.42,,,59174,4581251.08,223,F1,1,,,,,
2026-08-03,2026-08-03,CM,NSE,STK,25744,INF769K01LY7,METAL,EQ,,,,,MIRAEAMC - METAL,13.16,13.16,12.87,13.00,13.02,12.84,,13.00,,,3066601,39821723.25,6882,F1,1,,,,,
2026-08-03,2026-08-03,CM,NSE,STK,23855,INF769K01LJ8,MIDSMALL,EQ,,,,,MIRAEAMC - MIDSMALL,51.21,51.57,51.10,51.42,51.44,51.17,,51.42,,,572832,29453690.11,988,F1,1,,,,,
2026-08-03,2026-08-03,CM,NSE,STK,764198,INF769K01RC0,MOMMIDCAP,EQ,,,,,MIRAEAMC - MOMMIDCAP,12.90,12.90,12.52,12.72,12.79,12.65,,12.72,,,1688150,21500467.89,823,F1,1,,,,,
2026-08-03,2026-08-03,CM,NSE,STK,25080,INF769K01LX9,MULTICAP,EQ,,,,,MIRAEAMC - MULTICAP,17.07,17.37,16.83,16.93,16.97,16.74,,16.93,,,232698,3936798.03,668,F1,1,,,,,
2026-08-03,2026-08-03,CM,NSE,STK,30109,INF769K01ON4,SELECTIPO,EQ,,,,,MIRAEAMC - SELECTIPO,47.85,47.85,47.22,47.57,47.79,46.91,,47.57,,,75449,3587069.33,176,F1,1,,,,,
2026-08-03,2026-08-03,CM,NSE,STK,19224,INF769K01KT9,SENSEXETF,EQ,,,,,MIRAEAMC - SENSEXETF,80.80,81.69,80.80,81.25,81.69,80.45,,81.25,,,48270,3918448.77,301,F1,1,,,,,
2026-08-03,2026-08-03,CM,NSE,STK,759814,INF769K01PQ4,SMALL250,EQ,,,,,MIRAEAMC - SMALL250,18.04,18.50,18.02,18.28,18.24,17.97,,18.27,,,678931,12378355.18,1296,F1,1,,,,,
2026-08-03,2026-08-03,CM,NSE,STK,22832,INF769K01LC3,SMALLCAP,EQ,,,,,MIRAEAMC - SMALLCAP,46.83,47.68,46.30,47.40,47.56,46.83,,47.41,,,1681432,79835194.55,3990,F1,1,,,,,
2026-08-03,2026-08-03,CM,NSE,STK,760415,INF769K01PZ5,TOP20,EQ,,,,,MIRAEAMC - TOP20,9.10,9.18,9.07,9.14,9.18,9.03,,9.14,,,138749,1263755.61,167,F1,1,,,,,
2026-08-03,2026-08-03,CM,NSE,STK,761511,INF769K01QV2,VALUE,EQ,,,,,MIRAEAMC - VALUE,16.32,16.40,16.32,16.35,16.37,16.23,,16.35,,,38463,629127.22,110,F1,1,,,,,
2026-08-03,2026-08-03,CM,NSE,STK,4394,INE771A01026,MIRZAINT,EQ,,,,,MIRZA INTERNATIONAL LIMIT,33.01,34.43,33.01,33.72,34.00,33.27,,33.72,,,167395,5671961.71,1166,F1,1,,,,,
2026-08-03,2026-08-03,CM,NSE,STK,2463,INE099Z01011,MIDHANI,EQ,,,,,MISHRA DHATU NIGAM LTD,398.05,406.90,396.00,403.65,403.30,396.00,,403.65,,,321794,129781897.15,11241,F1,1,,,,,
2026-08-03,2026-08-03,CM,NSE,STK,8475,INE828O01033,MITCON,BE,,,,,MITCON CON & ENG SER LTD,76.99,76.99,73.01,75.70,75.70,73.50,,75.70,,,590,44563.18,13,F1,1,,,,,
2026-08-03,2026-08-03,CM,NSE,STK,18562,INE997Y01027,MITTAL,EQ,,,,,MITTAL LIFE STYLE LIMITED,0.93,0.94,0.91,0.91,0.92,0.91,,0.91,,,296308,270509.10,277,F1,1,,,,,
2026-08-03,2026-08-03,CM,NSE,STK,13844,INE227C01017,MMFL,EQ,,,,,MM FORGINGS LTD,551.05,560.00,550.00,554.40,552.00,546.85,,554.41,,,57875,32155413.85,3420,F1,1,,,,,
2026-08-03,2026-08-03,CM,NSE,STK,16395,INE511Y01018,MMP,EQ,,,,,MMP INDUSTRIES LIMITED,297.20,298.90,290.20,294.65,293.60,292.50,,294.65,,,48017,14124652.30,1826,F1,1,,,,,
2026-08-03,2026-08-03,CM,NSE,STK,17957,INE123F01029,MMTC,EQ,,,,,MMTC LIMITED,62.93,64.57,62.55,63.65,63.68,62.66,,63.65,,,1667788,106311749.07,9039,F1,1,,,,,
2026-08-03,2026-08-03,CM,NSE,STK,760199,INE1YNB01019,MOBILISE,ST,,,,,MOBILISE APP LAB LIMITED,118.65,118.65,114.00,114.00,114.00,113.50,,114.00,,,8000,938560.00,5,F1,1600,,,,,
2026-08-03,2026-08-03,CM,NSE,STK,2241,INE794W01014,MODTHREAD,EQ,,,,,MODERN THREADS INDIA LTD,47.86,52.14,47.86,48.85,48.85,47.88,,48.85,,,331,16175.49,16,F1,1,,,,,
2026-08-03,2026-08-03,CM,NSE,STK,760280,INE537F01012,MODINATUR,BE,,,,,MODI NATURALS LIMITED,390.05,405.35,390.00,394.10,393.20,389.20,,399.61,,,4233,1663034.10,39,F1,1,,,,,
2026-08-03,2026-08-03,CM,NSE,STK,2229,INE832A01018,MODIRUBBER,EQ,,,,,MODI RUBBER LTD,121.51,125.42,118.35,121.37,124.99,120.84,,121.37,,,1912,230880.39,80,F1,1,,,,,
2026-08-03,2026-08-03,CM,NSE,STK,759752,INE0L0L01012,MODIS,EQ,,,,,MODIS NAVNIRMAN LTD,397.00,410.00,394.75,398.55,395.70,393.15,,398.55,,,26859,10766698.10,860,F1,1,,,,,
2026-08-03,2026-08-03,CM,NSE,STK,3325,INE737D01021,MODISONLTD,BE,,,,,MODISON LIMITED,268.95,281.80,268.95,281.80,281.80,268.40,,281.80,,,63381,17709135.70,830,F1,1,,,,,
2026-08-03,2026-08-03,CM,NSE,STK,29423,INE954E01012,MOHITIND,EQ,,,,,MOHIT INDUSTRIES LTD,23.59,23.61,22.33,22.45,22.45,22.58,,22.48,,,10846,247160.81,67,F1,1,,,,,
2026-08-03,2026-08-03,CM,NSE,STK,20830,INE490G01020,MOIL,EQ,,,,,MOIL LIMITED,283.45,286.75,280.55,282.05,282.35,281.05,,282.06,,,707805,200513039.05,11047,F1,1,,,,,
2026-08-03,2026-08-03,CM,NSE,STK,3586,INE514Y01020,MOKSH,EQ,,,,,MOKSH ORNAMENTS LIMITED,10.05,10.34,10.05,10.20,10.18,10.06,,10.20,,,38729,395698.85,129,F1,1,,,,,
2026-08-03,2026-08-03,CM,NSE,STK,6713,INE893J01029,MOLDTKPAC,EQ,,,,,MOLD-TEK PACKAGING LTD,672.20,679.80,669.00,675.10,677.00,672.20,,675.08,,,45411,30558844.70,2758,F1,1,,,,,
2026-08-03,2026-08-03,CM,NSE,STK,17625,INE835B01035,MOLDTECH,EQ,,,,,MOLD-TEK TECHNOLOGIES LTD,151.00,154.50,146.99,149.19,151.96,152.76,,149.20,,,205395,30923646.21,4500,F1,1,,,,,
2026-08-03,2026-08-03,CM,NSE,STK,7679,INE903D01011,MONARCH,EQ,,,,,MONARCH NETWORTH CAP LTD,396.00,396.95,382.10,384.55,385.50,390.15,,384.50,,,94012,36644101.10,2296,F1,1,,,,,
2026-08-03,2026-08-03,CM,NSE,STK,759381,INE296Q01012,MONEYBOXX,EQ,,,,,MONEYBOXX FINANCE LIMITED,57.30,62.98,57.30,60.69,61.10,58.22,,60.76,,,71113,4304842.57,337,F1,1,,,,,
2026-08-03,2026-08-03,CM,NSE,STK,18392,INE0OIP01012,MONOPHARMA,SM,,,,,MONO PHARMACARE LIMITED,9.65,9.65,9.50,9.50,9.50,9.95,,9.50,,,22000,210000.00,10,F1,2000,,,,,
2026-08-03,2026-08-03,CM,NSE,STK,756958,INE1DV401010,MONOLITH,SM,,,,,MONOLITHISCH INDIA LTD,858.20,893.00,858.20,887.70,883.00,858.20,,887.70,,,67250,59530375.00,153,F1,250,,,,,
2026-08-03,2026-08-03,CM,NSE,STK,5938,INE950M01013,MONTECARLO,EQ,,,,,MONTE CARLO FASHIONS LTD.,529.00,538.00,524.30,533.00,530.60,523.00,,533.03,,,55989,29684191.20,2806,F1,1,,,,,
2026-08-03,2026-08-03,CM,NSE,STK,25876,INE161G01027,MORARJEE,BZ,,,,,MORARJEE TEXTILES LIMITED,11.82,11.83,11.24,11.24,11.24,11.83,,10.37,,,46965,546510.71,13,F1,1,,,,,
2026-08-03,2026-08-03,CM,NSE,STK,2259,INE083A01026,MOREPENLAB,EQ,,,,,MOREPEN LAB. LTD,58.00,58.90,57.25,57.65,57.60,57.04,,57.65,,,5950210,346058972.18,15630,F1,1,,,,,
2026-08-03,2026-08-03,CM,NSE,STK,15057,INE0N7S01028,MOS,ST,,,,,MOS UTILITY LIMITED,10.75,11.20,10.50,10.70,10.50,11.00,,10.70,,,232000,2488200.00,47,F1,4000,,,,,
2026-08-03,2026-08-03,CM,NSE,STK,29459,INE935B01025,MOSCHIP,EQ,,,,,MOSCHIP TECHNOLOGIES LTD,209.60,212.90,208.30,210.23,210.00,207.80,,210.24,,,1394138,294047747.32,13090,F1,1,,,,,
2026-08-03,2026-08-03,CM,NSE,STK,8596,INE0FS801015,MSUMI,EQ,,,,,MOTHERSON SUMI WRNG IND L,41.25,42.22,40.75,41.48,41.03,40.61,,41.48,,,7432396,309348745.57,27752,F1,1,,,,,
2026-08-03,2026-08-03,CM,NSE,STK,21423,INF247L01023,MOM100,EQ,,,,,MOTILAL OS MIDCAP100 ETF,67.07,68.97,66.51,68.22,68.47,67.87,,68.25,,,1932452,132121353.93,3787,F1,1,,,,,
2026-08-03,2026-08-03,CM,NSE,STK,22739,INF247L01AP3,MON100,EQ,,,,,MOTILAL OS NASDAQ100 ETF,315.45,315.45,315.45,315.45,315.45,305.18,,315.45,,,210240,66320208.00,1389,F1,1,,,,,
2026-08-03,2026-08-03,CM,NSE,STK,14947,INE338I01027,MOTILALOFS,EQ,,,,,MOTILAL OSWAL FIN LTD,861.00,873.75,852.70,867.95,867.95,851.95,,867.94,,,688125,596434385.50,25315,F1,1,,,,,
2026-08-03,2026-08-03,CM,NSE,STK,19289,INF247L01536,MOM50,EQ,,,,,MOTILAL OSWAL M50 ETF,258.40,258.40,254.86,256.41,258.25,255.03,,256.49,,,251906,65027183.35,258,F1,1,,,,,
2026-08-03,2026-08-03,CM,NSE,STK,1507,INF247L01AK4,MOGSEC,EQ,,,,,MOTILALAMC - G5,65.52,67.33,65.00,66.02,65.16,65.56,,66.01,,,1466559,95859954.87,207,F1,1,,,,,
2026-08-03,2026-08-03,CM,NSE,STK,757669,INF247L01FR8,MOALPHA50,EQ,,,,,MOTILALAMC - MOALPHA50,55.17,55.50,53.39,54.39,54.99,55.23,,54.39,,,26515,1440711.40,351,F1,1,,,,,
2026-08-03,2026-08-03,CM,NSE,STK,761693,INF247L01GV8,MOBANK10,EQ,,,,,MOTILALAMC - MOBANK10,17.13,17.21,17.06,17.17,17.20,17.23,,17.17,,,10496,180126.75,139,F1,1,,,,,
2026-08-03,2026-08-03,CM,NSE,STK,30065,INF247L01EV3,MOCAPITAL,EQ,,,,,MOTILALAMC - MOCAPITAL,53.67,53.67,52.55,52.76,52.90,53.38,,52.76,,,1203129,63850691.47,5676,F1,1,,,,,
2026-08-03,2026-08-03,CM,NSE,STK,24944,INF247L01DJ0,MODEFENCE,EQ,,,,,MOTILALAMC - MODEFENCE,101.01,103.44,100.75,102.98,103.20,102.34,,102.98,,,1090925,112471296.52,8523,F1,1,,,,,
2026-08-03,2026-08-03,CM,NSE,STK,759374,INF247L01GH7,MOENERGY,EQ,,,,,MOTILALAMC - MOENERGY,39.97,39.97,38.85,38.98,39.00,38.94,,38.98,,,126782,4947208.89,1048,F1,1,,,,,
2026-08-03,2026-08-03,CM,NSE,STK,757791,INF247L01FY4,MOGOLD,EQ,,,,,MOTILALAMC - MOGOLD,140.00,142.00,139.60,140.55,140.05,140.00,,140.64,,,27945,3926123.40,580,F1,1,,,,,
2026-08-03,2026-08-03,CM,NSE,STK,10508,INF247L01BB1,MOHEALTH,EQ,,,,,MOTILALAMC - MOHEALTH,52.97,52.97,51.37,51.52,51.87,51.66,,51.52,,,97623,5054445.31,982,F1,1,,,,,
2026-08-03,2026-08-03,CM,NSE,STK,757031,INF247L01FL1,MOINFRA,EQ,,,,,MOTILALAMC - MOINFRA,60.94,61.40,60.94,61.25,61.26,60.60,,61.25,,,1467,89778.07,91,F1,1,,,,,
2026-08-03,2026-08-03,CM,NSE,STK,759891,INF247L01GI5,MOIPO,EQ,,,,,MOTILALAMC - MOIPO,47.46,48.01,47.29,47.84,48.01,47.13,,47.84,,,5127,244814.65,53,F1,1,,,,,
2026-08-03,2026-08-03,CM,NSE,STK,8654,INF247L01BL0,MOLOWVOL,EQ,,,,,MOTILALAMC - MOLOWVOL,37.81,39.64,37.05,39.01,37.05,37.26,,39.00,,,2596147,97930759.35,92,F1,1,,,,,
2026-08-03,2026-08-03,CM,NSE,STK,25606,INF247L01DK8,MOMENTUM50,EQ,,,,,MOTILALAMC - MOMENTUM50,52.63,53.19,52.63,53.01,53.15,52.63,,53.01,,,2888975,152949960.71,1846,F1,1,,,,,
2026-08-03,2026-08-03,CM,NSE,STK,757099,INF247L01FK3,MOMGF,EQ,,,,,MOTILALAMC - MOMGF,168.42,168.42,163.44,163.87,163.44,163.51,,163.87,,,1226,201236.32,104,F1,1,,,,,
2026-08-03,2026-08-03,CM,NSE,STK,757817,INF247L01FQ0,MOMIDMTM,EQ,,,,,MOTILALAMC - MOMIDMTM,64.19,64.25,63.65,63.80,64.00,63.97,,63.80,,,157640,10089768.64,519,F1,1,,,,,
2026-08-03,2026-08-03,CM,NSE,STK,760054,INF247L01GK1,MOMNC,EQ,,,,,MOTILALAMC - MOMNC,33.92,34.00,33.03,33.47,33.50,32.93,,33.47,,,13398,446568.94,39,F1,1,,,,,
2026-08-03,2026-08-03,CM,NSE,STK,8182,INF247L01BK2,MOMOMENTUM,EQ,,,,,MOTILALAMC - MOMOMENTUM,62.00,62.90,61.87,62.09,61.87,61.90,,62.09,,,168761,10494275.17,740,F1,1,,,,,
2026-08-03,2026-08-03,CM,NSE,STK,756900,INF247L01FC0,MON50EQUAL,EQ,,,,,MOTILALAMC - MON50EQUAL,34.74,34.74,34.00,34.24,34.24,33.90,,34.24,,,3849,131496.32,86,F1,1,,,,,
2026-08-03,2026-08-03,CM,NSE,STK,757167,INF247L01FD8,MONEXT50,EQ,,,,,MOTILALAMC - MONEXT50,73.86,74.44,73.86,73.97,74.38,73.07,,73.97,,,539926,39969079.54,158,F1,1,,,,,
2026-08-03,2026-08-03,CM,NSE,STK,759371,INF247L01GG9,MONIFTY100,EQ,,,,,MOTILALAMC - MONIFTY100,25.83,26.08,25.53,25.77,25.92,25.65,,25.77,,,72973,1891632.29,100,F1,1,,,,,
2026-08-03,2026-08-03,CM,NSE,STK,19237,INF247L01BU1,MONIFTY500,EQ,,,,,MOTILALAMC - MONIFTY500,24.67,24.67,24.11,24.19,24.23,24.07,,24.19,,,1339302,32399838.76,2032,F1,1,,,,,
2026-08-03,2026-08-03,CM,NSE,STK,7422,INF247L01AU3,MONQ50,EQ,,,,,MOTILALAMC - MONQ50,140.56,140.56,140.56,140.56,140.56,137.56,,140.56,,,48243,6781036.08,428,F1,1,,,,,
2026-08-03,2026-08-03,CM,NSE,STK,757431,INF247L01FO5,MOPSE,EQ,,,,,MOTILALAMC - MOPSE,101.57,101.59,100.00,101.30,101.30,100.23,,101.30,,,2427,245104.65,25,F1,1,,,,,
2026-08-03,2026-08-03,CM,NSE,STK,10822,INF247L01BH8,MOQUALITY,EQ,,,,,MOTILALAMC - MOQUALITY,204.56,219.90,204.30,206.55,216.80,204.09,,204.46,,,491673,100952128.51,105,F1,1,,,,,
2026-08-03,2026-08-03,CM,NSE,STK,23184,INF247L01CI4,MOREALTY,EQ,,,,,MOTILALAMC - MOREALTY,91.30,91.31,89.63,90.41,90.10,90.31,,90.41,,,963160,87317385.92,2409,F1,1,,,,,
2026-08-03,2026-08-03,CM,NSE,STK,760001,INF247L01GJ3,MOSERVICE,EQ,,,,,MOTILALAMC - MOSERVICE,31.61,31.86,31.59,31.77,31.70,31.49,,31.77,,,24792,788004.29,51,F1,1,,,,,
2026-08-03,2026-08-03,CM,NSE,STK,758457,INF247L01FZ1,MOSILVER,EQ,,,,,MOTILALAMC - MOSILVER,213.68,215.39,213.14,214.46,213.41,213.69,,214.46,,,63254,13552304.99,1352,F1,1,,,,,
2026-08-03,2026-08-03,CM,NSE,STK,23181,INF247L01CH6,MOSMALL250,EQ,,,,,MOTILALAMC - MOSMALL250,18.13,18.27,16.20,17.89,18.15,18.05,,17.89,,,10512377,191181736.54,3773,F1,1,,,,,
2026-08-03,2026-08-03,CM,NSE,STK,757443,INF247L01FP2,MOTOUR,EQ,,,,,MOTILALAMC - MOTOUR,79.98,81.55,77.61,80.33,81.50,78.41,,80.33,,,59253,4739213.80,326,F1,1,,,,,
2026-08-03,2026-08-03,CM,NSE,STK,10825,INF247L01BE5,MOVALUE,EQ,,,,,MOTILALAMC - MOVALUE,115.00,115.75,114.01,115.24,115.39,114.33,,115.25,,,110633,12753642.15,998,F1,1,,,,,
2026-08-03,2026-08-03,CM,NSE,STK,20788,INE0FRK01020,MOTISONS,EQ,,,,,MOTISONS JEWELLERS LTD,14.30,14.55,14.10,14.25,14.21,14.22,,14.26,,,7971960,114230580.60,7866,F1,1,,,,,
2026-08-03,2026-08-03,CM,NSE,STK,8793,INE861B01023,MOTOGENFIN,BE,,,,,MOTOR & GENERAL FINANCE L,26.51,27.49,26.00,26.48,26.49,26.95,,26.53,,,15198,403883.68,79,F1,1,,,,,
2026-08-03,2026-08-03,CM,NSE,STK,757813,INE0XM301010,MMEL,ST,,,,,MOVING MEDIA ENTER LTD,28.05,28.05,28.05,28.05,28.05,29.50,,28.05,,,6000,168300.00,3,F1,2000,,,,,
2026-08-03,2026-08-03,CM,NSE,STK,4503,INE356A01018,MPHASIS,EQ,,,,,MPHASIS LIMITED,2361.00,2429.00,2339.90,2429.00,2429.00,2342.30,,2428.93,,,423329,1011931433.60,27330,F1,1,,,,,
2026-08-03,2026-08-03,CM,NSE,STK,10578,INE943D01017,MPSLTD,EQ,,,,,MPS LIMITED,2700.00,2790.00,2644.70,2770.50,2750.00,2696.00,,2770.25,,,61657,168972220.90,7541,F1,1,,,,,
2026-08-03,2026-08-03,CM,NSE,STK,2277,INE883A01011,MRF,EQ,,,,,MRF LTD,134100.00,134550.00,133205.00,133730.00,133705.00,132770.00,,133731.61,,,3472,465013605.00,2596,F1,1,,,,,
2026-08-03,2026-08-03,CM,NSE,STK,2283,INE103A01014,MRPL,EQ,,,,,MRPL,170.32,176.30,170.32,174.06,173.73,169.94,,174.06,,,8770678,1532654734.42,43913,F1,1,,,,,
2026-08-03,2026-08-03,CM,NSE,STK,1628,INE495P01020,BECTORFOOD,EQ,,,,,MRS BECTORS FOOD SPE LTD,207.34,213.20,207.13,211.27,210.37,206.46,,211.25,,,1052608,222189540.43,13624,F1,1,,,,,
2026-08-03,2026-08-03,CM,NSE,STK,11919,INE752G01015,MSPL,EQ,,,,,MSP STEEL & POWER LTD.,34.47,35.51,34.25,35.07,35.00,34.31,,35.07,,,857318,30128109.17,3913,F1,1,,,,,
2026-08-03,2026-08-03,CM,NSE,STK,9356,INE255X01014,MSTCLTD,EQ,,,,,MSTC LIMITED,630.00,630.00,602.10,608.80,608.85,618.20,,608.76,,,158493,97957787.60,8373,F1,1,,,,,
2026-08-03,2026-08-03,CM,NSE,STK,31413,INE472M01018,MTEDUCARE,BE,,,,,MT EDUCARE LTD,1.92,2.12,1.92,2.01,1.94,2.02,,2.01,,,55763,111153.20,85,F1,1,,,,,
2026-08-03,2026-08-03,CM,NSE,STK,2715,INE864I01014,MTARTECH,BE,,,,,MTAR TECHNOLOGIES LIMITED,6012.00,6012.00,6012.00,6012.00,6012.00,5726.00,,6011.99,,,75480,453785760.00,3026,F1,1,,,,,
2026-08-03,2026-08-03,CM,NSE,STK,19783,INE08KJ01020,MUFIN,EQ,,,,,MUFIN GREEN FINANCE LTD,132.50,135.80,131.50,133.10,131.75,131.74,,133.09,,,1896535,254460569.96,8119,F1,1,,,,,
2026-08-03,2026-08-03,CM,NSE,STK,11325,INE304A01026,MUKANDLTD,EQ,,,,,MUKAND LTD.,141.60,144.50,141.60,143.60,143.89,141.42,,143.60,,,112231,16077830.60,1688,F1,1,,,,,
2026-08-03,2026-08-03,CM,NSE,STK,22980,INE0CG401037,MUKKA,EQ,,,,,MUKKA PROTEINS LIMITED,22.70,23.37,22.70,23.29,23.35,22.54,,23.28,,,432151,9987857.85,1157,F1,1,,,,,
2026-08-03,2026-08-03,CM,NSE,STK,8691,INE374B01019,MUKTAARTS,BE,,,,,MUKTA ARTS LIMITED,56.06,56.06,54.88,55.40,55.01,56.80,,55.40,,,1420,79156.70,15,F1,1,,,,,
2026-08-03,2026-08-03,CM,NSE,STK,31181,INE745G01043,MCX,EQ,,,,,MULTI COMMODITY EXCHANGE,2700.00,2710.00,2630.10,2642.10,2642.10,2692.20,,2641.80,,,2108978,5588961714.80,120127,F1,1,,,,,
2026-08-03,2026-08-03,CM,NSE,STK,759419,INE1K8Y01018,MUNISH,ST,,,,,MUNISH FORGE LIMITED,77.00,77.05,77.00,77.05,77.05,73.40,,77.05,,,7200,554700.00,6,F1,1200,,,,,
2026-08-03,2026-08-03,CM,NSE,STK,13511,INE672B01032,MUNJALAU,EQ,,,,,MUNJAL AUTO IND. LTD.,102.49,104.32,101.72,103.68,103.96,101.34,,103.72,,,311141,32188145.58,3371,F1,1,,,,,
2026-08-03,2026-08-03,CM,NSE,STK,2307,INE577A01027,MUNJALSHOW,EQ,,,,,MUNJAL SHOWA LTD,138.11,147.10,138.11,143.47,143.95,137.35,,143.46,,,653918,93909468.14,6484,F1,1,,,,,
2026-08-03,2026-08-03,CM,NSE,STK,2313,INE692B01014,MURUDCERA,EQ,,,,,MURUDESHWAR CERAMICS LTD,30.93,31.25,30.61,30.70,30.65,30.62,,30.70,,,11268,347571.52,100,F1,1,,,,,
2026-08-03,2026-08-03,CM,NSE,STK,19877,INE919I01024,RADIOCITY,EQ,,,,,MUSIC BROADCAST LIMITED,6.79,7.09,6.79,6.81,6.81,6.79,,6.81,,,69178,475675.28,233,F1,1,,,,,
2026-08-03,2026-08-03,CM,NSE,STK,10415,INE296G01013,MUTHOOTCAP,EQ,,,,,MUTHOOT CAP SERV LTD,231.40,239.57,231.40,237.88,238.00,233.48,,237.88,,,29195,6918245.94,812,F1,1,,,,,
2026-08-03,2026-08-03,CM,NSE,STK,23650,INE414G01012,MUTHOOTFIN,EQ,,,,,MUTHOOT FINANCE LIMITED,2876.00,2928.00,2671.00,2890.90,2890.90,3119.60,,2890.85,,,8573629,24325878875.30,568272,F1,1,,,,,
2026-08-03,2026-08-03,CM,NSE,STK,20831,INE046W01019,MUTHOOTMF,EQ,,,,,MUTHOOT MICROFIN LIMITED,246.78,249.40,230.10,235.66,233.18,245.46,,235.65,,,670040,161486623.21,10967,F1,1,,,,,
2026-08-03,2026-08-03,CM,NSE,STK,25208,INE0RVQ01016,MYMUDRA,SM,,,,,MY MUDRA FINCORP LIMITED,79.80,83.95,79.60,81.90,81.90,80.00,,81.90,,,27600,2236500.00,20,F1,1200,,,,,
2026-08-03,2026-08-03,CM,NSE,STK,20314,INE740D01017,NRAIL,EQ,,,,,N R AGARWAL INDS LTD,484.80,490.00,476.10,488.15,487.00,473.40,,488.06,,,3261,1579476.55,260,F1,1,,,,,
2026-08-03,2026-08-03,CM,NSE,STK,757492,INE104101014,NRVANDANA,ST,,,,,N R VANDANA TEX IND LTD,67.40,69.80,67.40,69.80,69.80,67.40,,69.80,,,9000,620850.00,3,F1,3000,,,,,
2026-08-03,2026-08-03,CM,NSE,STK,19111,INE365I01020,NBIFIN,EQ,,,,,N.B.I. IND. FIN. CO. LTD,2191.00,2244.90,2190.00,2226.30,2223.00,2200.40,,2226.30,,,353,782376.70,102,F1,1,,,,,
2026-08-03,2026-08-03,CM,NSE,STK,20425,INE295D01020,NACLIND,EQ,,,,,NACL INDUSTRIES LIMITED,190.00,193.74,175.00,178.59,178.48,188.93,,178.60,,,1856983,337683965.94,26109,F1,1,,,,,
2026-08-03,2026-08-03,CM,NSE,STK,18371,INE756C01015,NDGL,EQ,,,,,NAGA DHUNSERI GROUP LTD,2805.00,2850.00,2775.00,2849.00,2849.00,2783.70,,2849.00,,,182,513392.60,27,F1,1,,,,,
2026-08-03,2026-08-03,CM,NSE,STK,13060,INE454M01024,NAGAFERT,BZ,,,,,NAGARJUN FERT AND CHE LTD,2.49,2.49,2.49,2.49,2.49,2.62,,2.51,,,427016,1063269.84,495,F1,1,,,,,
2026-08-03,2026-08-03,CM,NSE,STK,14942,INE245I01016,NAGREEKCAP,EQ,,,,,NAGREEKA CAP & INFR.LTD,23.35,23.99,22.81,22.89,22.99,23.35,,22.89,,,14150,329920.29,96,F1,1,,,,,
2026-08-03,2026-08-03,CM,NSE,STK,14702,INE123B01028,NAGREEKEXP,EQ,,,,,NAGREEKA EXPORTS LTD.,21.22,23.00,21.22,22.48,22.85,21.55,,22.47,,,8197,183921.57,141,F1,1,,,,,
2026-08-03,2026-08-03,CM,NSE,STK,15360,INE049I01012,NAHARCAP,EQ,,,,,NAHAR CAP & FIN.,250.37,265.00,249.95,262.72,262.00,249.13,,262.83,,,7726,2002728.15,207,F1,1,,,,,
2026-08-03,2026-08-03,CM,NSE,STK,13106,INE289A01011,NAHARINDUS,EQ,,,,,NAHAR INDS ENT LTD,113.20,119.50,112.64,118.15,117.30,113.31,,118.36,,,14251,1673641.31,261,F1,1,,,,,
2026-08-03,2026-08-03,CM,NSE,STK,14445,INE308A01027,NAHARPOLY,EQ,,,,,NAHAR POLY FILMS LIMITED,265.20,276.95,265.10,274.90,275.05,268.65,,275.09,,,28525,7785612.80,1260,F1,1,,,,,
2026-08-03,2026-08-03,CM,NSE,STK,14440,INE290A01027,NAHARSPING,EQ,,,,,NAHAR SPINNING MILLS LTD.,283.30,313.80,283.30,311.15,313.50,281.10,,311.28,,,176570,53402616.55,3164,F1,1,,,,,
2026-08-03,2026-08-03,CM,NSE,STK,5404,INE236Y01012,NGIL,BE,,,,,NAKODA GROUP OF IND. LTD,40.94,42.02,39.15,40.00,40.00,40.94,,40.00,,,48485,1973760.21,28,F1,1,,,,,
2026-08-03,2026-08-03,CM,NSE,STK,11239,INE023A01030,NSIL,EQ,,,,,NALWA SONS INVESTMENT LTD,5562.50,5749.00,5504.00,5622.00,5634.00,5520.00,,5622.04,,,4566,25757142.50,817,F1,1,,,,,
2026-08-03,2026-08-03,CM,NSE,STK,23379,INE0RJM01010,NAMAN,SM,,,,,NAMAN INDUSTRE PRXIMA LTD,45.00,45.00,45.00,45.00,45.00,45.00,,45.00,,,1600,72000.00,2,F1,800,,,,,
2026-08-03,2026-08-03,CM,NSE,STK,25170,INE08NZ01012,NAMOEWASTE,ST,,,,,NAMO EWASTE MANAGEMENT L,279.50,279.50,274.00,279.00,279.00,274.05,,279.00,,,35200,9770400.00,32,F1,800,,,,,
2026-08-03,2026-08-03,CM,NSE,STK,31258,INE875G01048,NDL,EQ,,,,,NANDAN DENIM LIMITED,2.38,2.40,2.36,2.37,2.37,2.36,,2.37,,,545178,1297512.28,954,F1,1,,,,,
2026-08-03,2026-08-03,CM,NSE,STK,5516,INE696V01013,JAIPURKURT,EQ,,,,,NANDANI CREATION LIMITED,26.50,27.96,26.50,26.91,26.94,26.67,,26.91,,,141267,3851650.93,181,F1,1,,,,,
2026-08-03,2026-08-03,CM,NSE,STK,11840,INE410P01011,NH,EQ,,,,,NARAYANA HRUDAYALAYA LTD.,1999.00,1999.00,1914.00,1919.70,1914.90,2029.20,,1919.67,,,1188916,2297406833.20,64370,F1,1,,,,,
2026-08-03,2026-08-03,CM,NSE,STK,11627,INE117Z01029,NARMADA,EQ,,,,,NARMADA AGROBASE LIMITED,17.40,17.50,16.05,16.26,16.20,17.02,,16.26,,,6126667,102439718.26,10250,F1,1,,,,,
2026-08-03,2026-08-03,CM,NSE,STK,3918,INE987B01026,NATCOPHARM,EQ,,,,,NATCO PHARMA LTD.,921.00,939.85,918.10,929.10,928.20,917.00,,929.06,,,289116,269471795.90,22345,F1,1,,,,,
2026-08-03,2026-08-03,CM,NSE,STK,11065,INE448G01010,NATHBIOGEN,EQ,,,,,NATH BIO-GENES (I) LTD,160.00,160.70,158.60,158.84,159.00,159.18,,158.83,,,9732,1550279.34,271,F1,1,,,,,
2026-08-03,2026-08-03,CM,NSE,STK,6364,INE139A01034,NATIONALUM,EQ,,,,,NATIONAL ALUMINIUM CO LTD,357.95,369.00,353.50,369.00,369.00,350.05,,368.91,,,12541474,4519335456.35,86960,F1,1,,,,,
2026-08-03,2026-08-03,CM,NSE,STK,13925,INE870D01012,NFL,EQ,,,,,NATIONAL FERT. LTD,71.70,72.54,71.70,71.84,71.80,71.47,,71.84,,,356485,25689171.04,2653,F1,1,,,,,
2026-08-03,2026-08-03,CM,NSE,STK,762807,INE166R01015,NATIONSTD,EQ,,,,,NATIONAL STAND (INDIA) L,235.51,235.51,235.51,235.51,235.51,247.90,,235.51,,,4204,990084.04,187,F1,1,,,,,
2026-08-03,2026-08-03,CM,NSE,STK,29583,INE936B01015,NATCAPSUQ,EQ,,,,,NATURAL CAPSULES LIMITED,144.71,168.90,144.10,162.33,157.95,143.28,,162.36,,,161886,25657629.91,1765,F1,1,,,,,
2026-08-03,2026-08-03,CM,NSE,STK,4014,INE725A01030,NAVA,EQ,,,,,NAVA LIMITED,561.80,589.40,556.20,579.90,576.00,553.45,,579.88,,,527726,306305289.80,23033,F1,1,,,,,
2026-08-03,2026-08-03,CM,NSE,STK,14672,INE048G01026,NAVINFLUOR,EQ,,,,,NAVIN FLUORINE INT. LTD,7650.00,7703.50,7510.00,7555.00,7510.00,7567.50,,7554.47,,,97345,742271470.50,20654,F1,1,,,,,
2026-08-03,2026-08-03,CM,NSE,STK,10557,INE278M01019,NAVKARCORP,EQ,,,,,NAVKAR CORPORATION LTD.,103.00,104.36,102.50,103.26,102.90,102.72,,103.23,,,387137,40129034.16,2926,F1,1,,,,,
2026-08-03,2026-08-03,CM,NSE,STK,29149,INE268H01044,NAVKARURB,BE,,,,,NAVKAR URBANSTRUCTURE LTD,1.07,1.07,1.02,1.03,1.04,1.03,,1.03,,,3823692,3943120.52,336,F1,1,,,,,
2026-08-03,2026-08-03,CM,NSE,STK,2385,INE060A01024,NAVNETEDUL,EQ,,,,,NAVNEET EDUCATION LTD,134.16,136.17,131.70,132.18,131.70,134.10,,132.18,,,276327,36816152.67,4230,F1,1,,,,,
2026-08-03,2026-08-03,CM,NSE,STK,2987,INE418L01047,NAZARA,EQ,,,,,NAZARA TECHNOLOGIES LTD,344.95,345.80,335.95,339.55,339.00,339.00,,339.56,,,3028157,1029026036.95,35528,F1,1,,,,,
2026-08-03,2026-08-03,CM,NSE,STK,31415,INE095N01031,NBCC,EQ,,,,,NBCC (INDIA) LIMITED,95.20,96.60,95.00,95.50,95.50,94.80,,95.50,,,5156861,494488999.29,23254,F1,1,,,,,
2026-08-03,2026-08-03,CM,NSE,STK,2319,INE868B01028,NCC,EQ,,,,,NCC LIMITED,143.00,145.81,143.00,144.42,144.10,141.08,,144.42,,,1905604,275419820.92,19365,F1,1,,,,,
2026-08-03,2026-08-03,CM,NSE,STK,14490,INE732C01016,NCLIND,EQ,,,,,NCL INDUSTRIES LIMITED,180.60,184.30,180.60,182.45,182.92,182.14,,182.45,,,28836,5266798.43,2714,F1,1,,,,,
2026-08-03,2026-08-03,CM,NSE,STK,14547,INE353A01023,NDLVENTURE,EQ,,,,,NDL VENTURES LIMITED,129.99,132.96,127.00,129.34,128.65,129.03,,129.34,,,46986,6143635.04,494,F1,1,,,,,
2026-08-03,2026-08-03,CM,NSE,STK,22255,INE07OG01012,NDRAUTO,EQ,,,,,NDR AUTO COMPONENTS LTD,818.00,835.55,817.55,824.65,826.05,817.55,,824.66,,,18333,15152674.25,1505,F1,1,,,,,
2026-08-03,2026-08-03,CM,NSE,STK,11427,INE155G01029,NDTV,EQ,,,,,NDTV LTD,77.20,78.48,76.86,77.39,77.00,77.10,,77.39,,,105058,8148298.65,1338,F1,1,,,,,
2026-08-03,2026-08-03,CM,NSE,STK,11930,INE023H01027,NECLIFE,BE,,,,,NECTAR LIFESCIENCES LTD.,10.78,10.97,10.50,10.72,10.74,10.58,,10.71,,,95867,1033999.23,338,F1,1,,,,,
2026-08-03,2026-08-03,CM,NSE,STK,762812,INE605D01012,NEAGI,EQ,,,,,NEELAMALAI AGRO INDS. L,3172.00,3172.00,3169.90,3170.00,3170.00,3172.00,,3191.39,,,26,82459.90,7,F1,1,,,,,
2026-08-03,2026-08-03,CM,NSE,STK,14761,INE189I01024,NELCAST,EQ,,,,,NELCAST LIMITED,121.70,122.82,120.21,121.35,121.79,121.37,,121.33,,,88182,10720243.18,1846,F1,1,,,,,
2026-08-03,2026-08-03,CM,NSE,STK,2388,INE045B01015,NELCO,EQ,,,,,NELCO LTD,1024.10,1026.00,995.50,1000.80,1000.00,1015.65,,1000.80,,,772071,777362029.40,22831,F1,1,,,,,
2026-08-03,2026-08-03,CM,NSE,STK,760931,INE21UM01018,NEOCHEM,ST,,,,,NEOCHEM BIO SOLUTIONS LTD,89.20,90.00,88.00,88.85,88.85,89.10,,88.85,,,8400,745560.00,7,F1,1200,,,,,
2026-08-03,2026-08-03,CM,NSE,STK,9917,INE136S01016,NEOGEN,EQ,,,,,NEOGEN CHEMICALS LIMITED,2055.70,2072.00,2005.10,2056.10,2040.00,2023.10,,2056.14,,,81141,166761642.50,14206,F1,1,,,,,
2026-08-03,2026-08-03,CM,NSE,STK,24353,INE0SUN01013,NEPHROCARE,ST,,,,,NEPHRO CARE INDIA LIMITED,64.00,65.90,62.00,65.90,65.90,64.25,,65.90,,,16000,1007880.00,25,F1,400,,,,,
2026-08-03,2026-08-03,CM,NSE,STK,760346,INE428V01029,NEPHROPLUS,EQ,,,,,NEPHROCARE HEALTH SERV L,689.00,699.00,676.50,688.75,692.00,681.65,,688.62,,,100842,69605633.60,9923,F1,1,,,,,
2026-08-03,2026-08-03,CM,NSE,STK,757493,INE156901014,NEPTUNE,SM,,,,,NEPTUNE PETROCHEMICALS L,180.00,180.00,178.00,178.35,178.00,177.75,,178.35,,,4000,715000.00,4,F1,500,,,,,
2026-08-03,2026-08-03,CM,NSE,STK,15409,INE317F01035,NESCO,EQ,,,,,NESCO LTD.,1080.00,1089.00,1065.20,1073.40,1065.20,1064.80,,1073.47,,,22505,24290461.30,3303,F1,1,,,,,
2026-08-03,2026-08-03,CM,NSE,STK,17963,INE239A01024,NESTLEIND,EQ,,,,,NESTLE INDIA LIMITED,1509.50,1530.00,1505.40,1530.00,1530.00,1509.60,,1529.99,,,1232625,1868260379.40,50032,F1,1,,,,,
2026-08-03,2026-08-03,CM,NSE,STK,17433,INE0NT901020,NETWEB,EQ,,,,,NETWEB TECH INDIA LTD,4560.40,4740.00,4540.00,4586.00,4580.00,4524.00,,4586.19,,,2334958,10818693948.90,178283,F1,1,,,,,
2026-08-03,2026-08-03,CM,NSE,STK,756324,INE0FFK01017,NPST,EQ,,,,,NETWORK PEOPLE SRV TECH L,1560.00,1560.00,1505.00,1523.00,1540.00,1525.60,,1523.04,,,25007,38239804.90,2052,F1,1,,,,,
2026-08-03,2026-08-03,CM,NSE,STK,14111,INE870H01013,NETWORK18,EQ,,,,,NETWORK18 MEDIA & INV LTD,29.56,29.87,29.25,29.38,29.35,29.45,,29.38,,,2035411,60208919.15,6635,F1,1,,,,,
2026-08-03,2026-08-03,CM,NSE,STK,30554,INE333I01044,NEUEON,BE,,,,,NEUEON CORPORATION LTD,14.84,14.84,14.84,14.84,14.84,15.62,,14.90,,,4882,72448.88,29,F1,1,,,,,
2026-08-03,2026-08-03,CM,NSE,STK,2406,INE794A01010,NEULANDLAB,EQ,,,,,NEULAND LAB LTD.,19149.00,19912.00,19005.00,19675.00,19650.00,19043.00,,19671.30,,,46146,907361117.00,15161,F1,1,,,,,
2026-08-03,2026-08-03,CM,NSE,STK,1164,INE619B01017,NEWGEN,EQ,,,,,NEWGEN SOFTWARE TECH LTD,559.00,569.75,553.55,562.75,560.80,555.70,,562.66,,,1071891,603503896.55,28094,F1,1,,,,,
2026-08-03,2026-08-03,CM,NSE,STK,19161,INE0PW501021,NEWJAISA,ST,,,,,NEWJAISA TECHNOLOGIES LTD,14.50,14.70,13.35,14.25,13.80,14.00,,14.25,,,166500,2421450.00,52,F1,1500,,,,,
2026-08-03,2026-08-03,CM,NSE,STK,28801,INE0TP801012,NMSTEEL,SM,,,,,NEWMALAYALAM STEEL LTD,24.75,24.75,24.75,24.75,24.75,24.75,,24.75,,,6400,158400.00,4,F1,1600,,,,,
2026-08-03,2026-08-03,CM,NSE,STK,9867,INE747B01016,NEXTMEDIA,EQ,,,,,NEXT MEDIAWORKS LIMITED,4.00,4.03,3.87,3.87,3.87,3.95,,3.87,,,2586,10212.80,12,F1,1,,,,,
2026-08-03,2026-08-03,CM,NSE,STK,15815,INE0NDH25011,NXST,RR,,,,,NEXUS SELECT TRUST,167.40,168.40,166.26,166.96,167.00,166.90,,166.96,,,251076,41909152.53,3732,F1,1,,,,,
2026-08-03,2026-08-03,CM,NSE,STK,763536,INE0T1501010,NFPSAMPOOR,SM,,,,,NFP SAMPOORNA FOODS LTD,23.00,23.10,22.50,22.95,23.10,23.00,,22.95,,,26000,594300.00,12,F1,2000,,,,,
2026-08-03,2026-08-03,CM,NSE,STK,10277,INE887E01022,NGLFINE,EQ,,,,,NGL FINE CHEM LIMITED,3299.00,3448.20,3200.10,3292.80,3229.90,3260.30,,3292.46,,,18024,60611108.10,3891,F1,1,,,,,
2026-08-03,2026-08-03,CM,NSE,STK,1765,INE557F07181,893NHB29,N6,,,,,NHB 8.93 NCD TR II SR 2 B,5575.00,5575.00,5550.00,5550.00,5550.00,5550.00,,5550.00,,,23,127850.00,4,F1,1,,,,,
2026-08-03,2026-08-03,CM,NSE,STK,17400,INE848E01016,NHPC,EQ,,,,,NHPC LTD,78.50,80.70,78.50,79.25,79.25,78.73,,79.25,,,21147708,1690130507.69,38170,F1,1,,,,,
2026-08-03,2026-08-03,CM,NSE,STK,29487,INE149O01018,NIBE,EQ,,,,,NIBE LIMITED,1399.00,1399.00,1360.00,1364.40,1360.00,1379.00,,1364.31,,,40021,55030848.00,3327,F1,1,,,,,
2026-08-03,2026-08-03,CM,NSE,STK,6592,INE0J6L01013,NIDAN,SM,,,,,NIDAN LABS AND HEALTH LTD,13.85,13.85,12.45,13.00,13.00,13.45,,13.00,,,8000,103200.00,7,F1,1000,,,,,
2026-08-03,2026-08-03,CM,NSE,STK,17747,INE342G01023,NIITMTS,EQ,,,,,NIIT LEARNING SYSTEMS LTD,243.40,249.95,226.00,246.61,244.40,239.81,,246.60,,,328404,81118602.98,6406,F1,1,,,,,
2026-08-03,2026-08-03,CM,NSE,STK,11522,INE161A01038,NIITLTD,EQ,,,,,NIIT LIMITED,95.80,98.99,95.80,96.86,96.50,95.76,,96.86,,,343623,33476590.22,3375,F1,1,,,,,
2026-08-03,2026-08-03,CM,NSE,STK,758178,INE0FLF01015,NIKITA,SM,,,,,NIKITA GRENTEC RECYCL LTD,73.80,73.95,73.70,73.90,73.90,73.50,,73.90,,,8400,620340.00,7,F1,1200,,,,,
2026-08-03,2026-08-03,CM,NSE,STK,9253,INE937C01029,NILAINFRA,EQ,,,,,NILA INFRASTRUCTURES LTD,7.32,7.80,7.32,7.66,7.67,7.38,,7.65,,,264861,2001701.28,514,F1,1,,,,,
2026-08-03,2026-08-03,CM,NSE,STK,7411,INE00S901012,NILASPACES,EQ,,,,,NILA SPACES LIMITED,12.00,13.30,11.94,12.74,12.75,11.89,,12.74,,,2101294,26944187.45,3189,F1,1,,,,,
2026-08-03,2026-08-03,CM,NSE,STK,762817,INE445D01013,NILE,EQ,,,,,NILE LTD.,1873.50,1974.40,1873.50,1958.20,1974.40,1873.30,,1952.05,,,5388,10428319.80,857,F1,1,,,,,
2026-08-03,2026-08-03,CM,NSE,STK,2421,INE310A01015,NILKAMAL,EQ,,,,,NILKAMAL LIMITED,1789.00,1797.60,1645.00,1699.90,1722.00,1797.80,,1699.89,,,251226,428069755.10,17302,F1,1,,,,,
2026-08-03,2026-08-03,CM,NSE,STK,761723,INE875B01015,NIMBSPROJ,BE,,,,,NIMBUS PROJECTS LIMITED,192.15,192.15,180.00,182.59,180.00,183.00,,182.59,,,1260,230453.15,19,F1,1,,,,,
2026-08-03,2026-08-03,CM,NSE,STK,14197,INE395U01014,NINSYS,BE,,,,,NINTEC SYSTEMS LIMITED,779.00,797.00,743.00,751.50,746.00,782.10,,751.65,,,29470,22126416.65,520,F1,1,,,,,
2026-08-03,2026-08-03,CM,NSE,STK,11439,INF204KB15I9,BANKBEES,EQ,,,,,NIP IND ETF BANK BEES,592.26,599.00,592.21,597.34,597.35,592.26,,597.35,,,1031006,615981172.02,10367,F1,1,,,,,
2026-08-03,2026-08-03,CM,NSE,STK,2435,INF204KA1LD7,CONSUMBEES,EQ,,,,,NIP IND ETF CONSUMPTION,135.09,135.93,133.53,135.20,135.40,134.53,,135.20,,,219813,29780160.68,1435,F1,1,,,,,
2026-08-03,2026-08-03,CM,NSE,STK,2636,INF204KA1MS3,DIVOPPBEES,EQ,,,,,NIP IND ETF DIV OPP,79.11,79.44,78.28,79.31,79.20,78.34,,79.31,,,86558,6860778.53,1361,F1,1,,,,,
2026-08-03,2026-08-03,CM,NSE,STK,9847,INF204KB18I3,NV20BEES,EQ,,,,,NIP IND ETF ETF NV20,142.56,142.90,141.00,142.62,141.00,140.78,,142.62,,,14634,2084337.99,349,F1,1,,,,,
2026-08-03,2026-08-03,CM,NSE,STK,14428,INF204KB17I5,GOLDBEES,EQ,,,,,NIP IND ETF GOLD BEES,117.20,117.46,116.92,117.26,117.27,117.11,,117.26,,,19279545,2260914246.49,119076,F1,1,,,,,
2026-08-03,2026-08-03,CM,NSE,STK,18284,INF204KB19I1,HNGSNGBEES,EQ,,,,,NIP IND ETF HANGSENG BEES,512.52,512.52,494.04,496.64,495.50,497.59,,496.63,,,126477,63180260.93,6565,F1,1,,,,,
2026-08-03,2026-08-03,CM,NSE,STK,20072,INF732E01268,INFRABEES,EQ,,,,,NIP IND ETF INFRA BEES,975.66,980.88,965.20,972.07,971.00,971.97,,972.44,,,8431,8229023.14,750,F1,1,,,,,
2026-08-03,2026-08-03,CM,NSE,STK,19084,INF204KB15V2,ITBEES,EQ,,,,,NIP IND ETF IT,34.20,35.20,34.00,34.98,34.35,34.12,,34.98,,,19835504,688893018.61,26577,F1,1,,,,,
2026-08-03,2026-08-03,CM,NSE,STK,10939,INF732E01045,JUNIORBEES,EQ,,,,,NIP IND ETF JUNIOR BEES,800.00,805.00,795.00,801.59,805.00,795.65,,801.59,,,548402,439906489.86,18462,F1,1,,,,,
2026-08-03,2026-08-03,CM,NSE,STK,11006,INF732E01037,LIQUIDBEES,EQ,,,,,NIP IND ETF LIQUID BEES,1000.00,1000.01,999.22,999.99,1000.00,1000.00,,999.99,,,2215987,2215979830.65,4593,F1,1,,,,,
2026-08-03,2026-08-03,CM,NSE,STK,17700,INF204KB1882,LTGILTBEES,EQ,,,,,NIP IND ETF LONGTERM GILT,30.00,30.18,29.78,29.96,29.93,29.98,,29.96,,,3216391,96307788.31,1237,F1,1,,,,,
2026-08-03,2026-08-03,CM,NSE,STK,8506,INF204KB1V68,MID150BEES,EQ,,,,,NIP IND ETF MIDCAP 150,239.72,242.20,238.25,241.51,238.51,239.48,,241.51,,,1672922,404168437.55,17929,F1,1,,,,,
2026-08-03,2026-08-03,CM,NSE,STK,29577,INF204K014N5,NIF100BEES,EQ,,,,,NIP IND ETF NIFTY 100,271.30,273.37,269.05,270.30,270.55,270.06,,270.30,,,92498,25155557.32,1011,F1,1,,,,,
2026-08-03,2026-08-03,CM,NSE,STK,10576,INF204KB14I2,NIFTYBEES,EQ,,,,,NIP IND ETF NIFTY BEES,278.50,280.09,278.50,279.87,279.90,277.42,,279.87,,,8115406,2269895657.42,71098,F1,1,,,,,
2026-08-03,2026-08-03,CM,NSE,STK,15032,INF204KB16I7,PSUBNKBEES,EQ,,,,,NIP IND ETF PSU BANK BEES,94.49,95.22,93.33,94.57,94.65,93.42,,94.57,,,5391757,511119451.98,8277,F1,1,,,,,
2026-08-03,2026-08-03,CM,NSE,STK,17044,INF732E01128,SHARIABEES,EQ,,,,,NIP IND ETF SHARIAH BEES,475.25,478.28,470.00,474.65,475.75,470.54,,474.65,,,10908,5173001.95,935,F1,1,,,,,
2026-08-03,2026-08-03,CM,NSE,STK,357,INE298J01013,NAM-INDIA,EQ,,,,,NIPPON L I A M LTD,1171.10,1178.40,1161.00,1165.00,1165.00,1161.40,,1164.93,,,515538,601841977.20,26640,F1,1,,,,,
2026-08-03,2026-08-03,CM,NSE,STK,757725,INF204KC1FU1,LIQGRWBEES,EQ,,,,,NIPPONAMC - LIQGRWBEES,1049.05,1050.15,1049.05,1050.14,1050.13,1050.01,,1050.14,,,78228,82150433.86,213,F1,1,,,,,
2026-08-03,2026-08-03,CM,NSE,STK,758667,INF204KC1GH6,MANUFGBEES,EQ,,,,,NIPPONAMC - MANUFGBEES,165.11,165.60,162.43,163.54,162.43,164.36,,163.76,,,9774,1609796.42,153,F1,1,,,,,
2026-08-03,2026-08-03,CM,NSE,STK,7880,INF204KC1337,AUTOBEES,EQ,,,,,NIPPONAMC - NETFAUTO,299.98,301.02,298.07,299.32,299.96,297.13,,299.32,,,557956,167032893.56,15222,F1,1,,,,,
2026-08-03,2026-08-03,CM,NSE,STK,4973,INF204KC1089,PHARMABEES,EQ,,,,,NIPPONAMC - NETFPHARMA,27.27,27.95,27.16,27.23,27.34,27.27,,27.23,,,5428430,148156358.54,21173,F1,1,,,,,
2026-08-03,2026-08-03,CM,NSE,STK,8080,INF204KC1402,SILVERBEES,EQ,,,,,NIPPONAMC - NETFSILVER,206.55,208.20,206.00,206.45,206.50,206.51,,206.45,,,18831765,3899255496.12,76885,F1,1,,,,,
2026-08-03,2026-08-03,CM,NSE,STK,757455,INF204KC1EZ3,SNXT30BEES,EQ,,,,,NIPPONAMC - SNXT30BEES,42.94,43.65,42.94,43.39,43.65,42.94,,43.39,,,16508,716942.91,182,F1,1,,,,,
2026-08-03,2026-08-03,CM,NSE,STK,261,INE368I01016,NIRAJ,BE,,,,,NIRAJ CEMENT STRUC LTD,28.98,29.85,28.98,29.08,29.10,28.95,,29.08,,,62984,1843846.74,90,F1,1,,,,,
2026-08-03,2026-08-03,CM,NSE,STK,18840,INE326T01011,NIRAJISPAT,EQ,,,,,NIRAJ ISPAT IND LTD,220.00,220.00,210.00,215.99,216.00,222.49,,215.99,,,174,37406.79,20,F1,1,,,,,
2026-08-03,2026-08-03,CM,NSE,STK,2433,INE910A01012,NIRLON,EQ,,,,,NIRLON LTD,620.65,632.20,615.50,620.15,618.55,620.50,,620.18,,,3137,1951346.50,274,F1,1,,,,,
2026-08-03,2026-08-03,CM,NSE,STK,14722,INE0OK701014,NIRMAN,SM,,,,,NIRMAN AGRI GENTICS LTD,39.15,39.80,36.00,37.00,37.75,39.15,,37.00,,,37200,1390185.00,76,F1,300,,,,,
2026-08-03,2026-08-03,CM,NSE,STK,13300,INE858F01012,NITCO,EQ,,,,,NITCO LIMITED,107.84,109.90,107.20,108.09,108.50,107.60,,108.09,,,479633,51904105.43,3850,F1,1,,,,,
2026-08-03,2026-08-03,CM,NSE,STK,13175,INE229H01012,NITINSPIN,EQ,,,,,NITIN SPINNERS LIMITED,545.95,583.90,543.90,572.35,567.05,544.20,,572.25,,,285468,162846579.95,8742,F1,1,,,,,
2026-08-03,2026-08-03,CM,NSE,STK,3247,INE439T01012,NITIRAJ,EQ,,,,,NITIRAJ ENGINEERS LTD,219.95,220.00,213.20,214.87,213.80,215.82,,214.87,,,1976,427846.41,97,F1,1,,,,,
2026-08-03,2026-08-03,CM,NSE,STK,762824,INE265B01019,NITTAGELA,EQ,,,,,NITTA GELATIN INDIA LTD.,1822.20,1822.20,1700.00,1729.20,1725.00,1922.50,,1729.24,,,39875,69402652.10,5468,F1,1,,,,,
2026-08-03,2026-08-03,CM,NSE,STK,27097,INE995S01015,NIVABUPA,EQ,,,,,NIVA BUPA HEALTH INS CO L,87.21,88.70,86.00,86.56,86.80,87.01,,86.56,,,1535003,134658289.20,16845,F1,1,,,,,
2026-08-03,2026-08-03,CM,NSE,STK,2439,INE542C01019,NKIND,EQ,,,,,NK INDUSTRIES LTD,60.80,65.70,59.00,62.82,62.90,57.63,,62.82,,,1565,98047.85,74,F1,1,,,,,
2026-08-03,2026-08-03,CM,NSE,STK,8585,INE589A01014,NLCINDIA,EQ,,,,,NLC INDIA LIMITED,299.80,301.30,296.60,298.05,297.35,297.90,,298.05,,,1390048,416054195.25,28068,F1,1,,,,,
2026-08-03,2026-08-03,CM,NSE,STK,15332,INE584A01023,NMDC,EQ,,,,,NMDC LTD.,85.60,85.84,83.05,83.80,83.80,85.04,,83.79,,,18494856,1554834278.41,65761,F1,1,,,,,
2026-08-03,2026-08-03,CM,NSE,STK,14180,INE0NNS01018,NSLNISP,EQ,,,,,NMDC STEEL LIMITED,43.50,43.80,43.15,43.37,43.40,43.02,,43.37,,,3092634,134449481.06,9724,F1,1,,,,,
2026-08-03,2026-08-03,CM,NSE,STK,2442,INE163A01018,NOCIL,EQ,,,,,NOCIL LIMITED,165.25,184.00,165.25,174.05,172.70,164.17,,174.06,,,12374720,2196493977.31,107642,F1,1,,,,,
2026-08-03,2026-08-03,CM,NSE,STK,11214,INE781B01015,NOIDATOLL,BE,,,,,NOIDA TOLL BRIDGE CO LTD,4.50,4.60,4.36,4.44,4.44,4.39,,4.44,,,72994,324869.45,219,F1,1,,,,,
2026-08-03,2026-08-03,CM,NSE,STK,4160,INE369C01017,NORBTEAEXP,EQ,,,,,NORBEN TEA & EXPORTS LTD,66.85,70.00,65.15,65.29,65.15,68.57,,65.29,,,2954,198240.84,84,F1,1,,,,,
2026-08-03,2026-08-03,CM,NSE,STK,13533,INE553C01016,NECCLTD,BE,,,,,NORTH EAST CARRY CORP LTD,15.19,15.68,15.19,15.68,15.68,14.94,,15.75,,,43911,678151.32,101,F1,1,,,,,
2026-08-03,2026-08-03,CM,NSE,STK,25426,INE850M01015,NORTHARC,EQ,,,,,NORTHERN ARC CAPITAL LTD,290.00,295.60,282.00,284.65,282.00,287.00,,284.62,,,597266,172934931.30,8573,F1,1,,,,,
2026-08-03,2026-08-03,CM,NSE,STK,22478,INE02H701025,NOVAAGRI,BE,,,,,NOVA AGRITECH LIMITED,22.56,23.49,22.56,23.00,23.29,23.12,,23.01,,,32890,760884.72,230,F1,1,,,,,
2026-08-03,2026-08-03,CM,NSE,STK,9007,INE234A01025,NOVARTIND,EQ,,,,,NOVARTIS INDIA LIMITED,1540.10,1651.40,1540.10,1635.70,1644.00,1537.10,,1635.13,,,29922,48418822.20,2930,F1,1,,,,,
2026-08-03,2026-08-03,CM,NSE,STK,7553,INE349A01021,NRBBEARING,EQ,,,,,NRB BEARING LIMITED,418.40,440.25,416.50,433.80,432.10,409.90,,433.92,,,756420,327214293.75,15597,F1,1,,,,,
2026-08-03,2026-08-03,CM,NSE,STK,29733,INE047O01014,NIBL,EQ,,,,,NRB INDUS. BEARINGS LTD.,34.69,35.69,34.55,35.09,35.39,33.87,,35.09,,,22502,789778.13,331,F1,1,,,,,
2026-08-03,2026-08-03,CM,NSE,STK,27176,INE0ONG01011,NTPCGREEN,EQ,,,,,NTPC GREEN ENERGY LIMITED,90.85,91.60,90.02,90.70,90.88,90.03,,90.70,,,4694420,426853888.46,27332,F1,1,,,,,
2026-08-03,2026-08-03,CM,NSE,STK,11630,INE733E01010,NTPC,EQ,,,,,NTPC LTD,347.25,350.90,345.30,350.90,350.90,347.25,,350.90,,,5460220,1895835113.85,66213,F1,1,,,,,
2026-08-03,2026-08-03,CM,NSE,STK,10791,INE096B01018,NUCLEUS,EQ,,,,,NUCLEUS SOFTWARE EXPORTS,686.05,702.75,686.05,696.70,698.50,686.05,,696.60,,,36002,25024217.10,1885,F1,1,,,,,
2026-08-03,2026-08-03,CM,NSE,STK,13680,INE0JM501013,NRL,BE,,,,,NUPUR RECYCLERS LIMITED,108.72,108.72,108.72,108.72,108.72,106.59,,108.72,,,42236,4591897.92,150,F1,1,,,,,
2026-08-03,2026-08-03,CM,NSE,STK,2350,INE0DSF01015,NURECA,EQ,,,,,NURECA LIMITED,332.20,346.60,327.00,333.40,333.00,343.60,,333.39,,,36669,12320553.25,1986,F1,1,,,,,
2026-08-03,2026-08-03,CM,NSE,STK,18721,INE531F01023,NUVAMA,EQ,,,,,NUVAMA WEALTH MANAGE LTD,1822.70,1840.00,1744.00,1765.70,1764.90,1803.80,,1765.71,,,316161,558737127.30,20924,F1,1,,,,,
2026-08-03,2026-08-03,CM,NSE,STK,5426,INE118D01016,NUVOCO,EQ,,,,,NUVOCO VISTAS CORP LTD,349.75,353.20,347.05,350.60,349.25,344.65,,350.61,,,284291,99564782.50,11135,F1,1,,,,,
2026-08-03,2026-08-03,CM,NSE,STK,8797,INE426Z01016,OBCL,EQ,,,,,OBCL LIMITED,52.00,53.90,52.00,53.10,53.47,52.68,,53.10,,,65944,3495128.04,39,F1,1,,,,,
2026-08-03,2026-08-03,CM,NSE,STK,20242,INE093I01010,OBEROIRLTY,EQ,,,,,OBEROI REALTY LIMITED,1834.10,1861.10,1821.60,1861.10,1861.10,1827.70,,1861.10,,,178400,326769166.70,14501,F1,1,,,,,
2026-08-03,2026-08-03,CM,NSE,STK,25923,INE0YHV01011,OBSCP,SM,,,,,OBSC PERFECTION LIMITED,665.00,702.00,665.00,696.30,700.00,657.60,,696.30,,,113600,78397200.00,262,F1,400,,,,,
2026-08-03,2026-08-03,CM,NSE,STK,25920,INE0PK601023,OCCLLTD,BE,,,,,OCCL LIMITED,174.32,174.32,174.32,174.32,174.32,166.02,,175.65,,,30139,5253830.48,93,F1,1,,,,,
2026-08-03,2026-08-03,CM,NSE,STK,27575,INE054301028,ODIGMA,BE,,,,,ODIGMA CONSULTANCY SOL L,23.25,23.25,22.51,22.82,22.88,22.73,,22.81,,,23128,527114.93,309,F1,1,,,,,
2026-08-03,2026-08-03,CM,NSE,STK,2475,INE213A01029,ONGC,EQ,,,,,OIL AND NATURAL GAS CORP.,241.45,242.62,240.06,242.00,242.00,242.53,,242.00,,,8277525,1997203449.34,73374,F1,1,,,,,
2026-08-03,2026-08-03,CM,NSE,STK,8109,INE591A01010,OILCOUNTUB,BE,,,,,OIL COUNTRY TUBULAR LTD.,55.94,56.90,55.13,56.49,56.49,56.10,,56.59,,,9742,548629.82,71,F1,1,,,,,
2026-08-03,2026-08-03,CM,NSE,STK,17438,INE274J01014,OIL,EQ,,,,,OIL INDIA LTD,454.00,457.65,450.00,452.00,452.00,458.60,,451.96,,,3770840,1705386210.25,32377,F1,1,,,,,
2026-08-03,2026-08-03,CM,NSE,STK,24777,INE0LXG01040,OLAELEC,EQ,,,,,OLA ELECTRIC MOBILITY LTD,38.66,39.18,38.50,38.74,38.60,38.66,,38.74,,,20929717,814352114.54,52344,F1,1,,,,,
2026-08-03,2026-08-03,CM,NSE,STK,10637,INE260D01016,OLECTRA,EQ,,,,,OLECTRA GREENTECH LIMITED,1330.70,1353.90,1326.80,1344.20,1337.80,1324.20,,1344.04,,,216171,291001216.30,12635,F1,1,,,,,
2026-08-03,2026-08-03,CM,NSE,STK,759412,INE1BZC01019,OMFREIGHT,BE,,,,,OM FREIGHT FORWARDERS LTD,89.66,91.95,88.00,88.00,88.00,89.66,,88.00,,,8030,710890.82,128,F1,1,,,,,
2026-08-03,2026-08-03,CM,NSE,STK,24231,INE239D01028,OMINFRAL,EQ,,,,,OM INFRA LIMITED,91.50,92.25,89.90,91.60,91.38,89.34,,91.61,,,102499,9313405.37,1351,F1,1,,,,,
2026-08-03,2026-08-03,CM,NSE,STK,762432,INE25E901019,OMPOWER,EQ,,,,,OM POWER TRANSMISSION LTD,171.99,171.99,167.01,169.40,168.50,167.93,,169.25,,,59098,9964117.89,1190,F1,1,,,,,
2026-08-03,2026-08-03,CM,NSE,STK,14125,INE090B01011,OMAXAUTO,BE,,,,,OMAX AUTOS LTD,193.80,197.70,183.15,190.92,195.97,190.59,,190.96,,,62654,12013792.39,801,F1,1,,,,,
2026-08-03,2026-08-03,CM,NSE,STK,14853,INE800H01010,OMAXE,EQ,,,,,OMAXE LIMITED,86.16,87.84,84.35,85.38,84.65,86.16,,85.39,,,201187,17368162.99,2260,F1,1,,,,,
2026-08-03,2026-08-03,CM,NSE,STK,120,INE338Y01016,OMFURN,ST,,,,,OMFURN INDIA LIMITED,65.00,65.00,65.00,65.00,65.00,67.00,,65.00,,,1200,78000.00,1,F1,1200,,,,,
2026-08-03,2026-08-03,CM,NSE,STK,760865,INE0UH301010,OMNI,EQ,,,,,OMNITECH ENGINEERING LTD,588.00,638.50,583.85,602.30,602.00,580.95,,602.27,,,920924,566266921.30,33197,F1,1,,,,,
2026-08-03,2026-08-03,CM,NSE,STK,19692,INE00ER01015,ONDOOR,SM,,,,,ON DOOR CONCEPTS LIMITED,285.00,285.00,271.15,273.45,272.00,269.30,,273.45,,,17700,4876620.00,41,F1,300,,,,,
2026-08-03,2026-08-03,CM,NSE,STK,6705,INE982J01020,PAYTM,EQ,,,,,ONE 97 COMMUNICATIONS LTD,1348.00,1437.60,1344.40,1410.00,1410.00,1343.00,,1409.32,,,7964165,11180573468.00,167761,F1,1,,,,,
2026-08-03,2026-08-03,CM,NSE,STK,28046,INE0HLU01028,MOBIKWIK,EQ,,,,,ONE MOBIKWIK SYSTEMS LTD,207.95,222.80,206.10,214.77,214.00,205.21,,214.76,,,17160792,3703651872.65,172794,F1,1,,,,,
2026-08-03,2026-08-03,CM,NSE,STK,9939,INE840Y01029,ONEPOINT,EQ,,,,,ONE POINT ONE SOL LTD,58.00,58.38,56.25,56.90,57.00,57.46,,56.90,,,776161,44352577.53,6023,F1,1,,,,,
2026-08-03,2026-08-03,CM,NSE,STK,19433,INE0OPS01011,OLIL,ST,,,,,ONECLICK LOGISTICS IND L,419.00,419.00,418.50,418.50,418.50,410.00,,418.50,,,2000,837200.00,5,F1,400,,,,,
2026-08-03,2026-08-03,CM,NSE,STK,25496,INE912L01015,ONELIFECAP,BE,,,,,ONELIFE CAP ADVISORS LTD,35.22,36.90,34.90,36.09,36.00,36.13,,36.05,,,61128,2204969.08,109,F1,1,,,,,
2026-08-03,2026-08-03,CM,NSE,STK,763294,INE12F801023,KISSHT,EQ,,,,,ONEMI TECHNOLOGY SOL LTD,320.00,321.65,307.00,313.60,314.50,317.80,,313.61,,,2279384,716940922.95,62620,F1,1,,,,,
2026-08-03,2026-08-03,CM,NSE,STK,29224,INE013P01021,ONESOURCE,EQ,,,,,ONESOURCE SPECL PHARMA L,1624.00,1624.00,1550.00,1560.50,1555.20,1619.70,,1560.44,,,291606,462427609.10,29225,F1,1,,,,,
2026-08-03,2026-08-03,CM,NSE,STK,6853,INE831A01028,ONIDA,BE,,,,,ONIDA ELECTRONICS LIMITED,39.99,41.00,37.90,39.85,39.70,39.54,,39.96,,,407321,15912088.83,869,F1,1,,,,,
2026-08-03,2026-08-03,CM,NSE,STK,15282,INE809I01019,ONMOBILE,BE,,,,,ONMOBILE GLOBAL LTD.,66.55,66.58,64.72,66.58,66.58,63.41,,66.63,,,69195,4595295.08,503,F1,1,,,,,
2026-08-03,2026-08-03,CM,NSE,STK,2481,INE229A01017,ONWARDTEC,EQ,,,,,ONWARD TECHNOLOGIES LTD,294.90,297.35,290.00,293.85,291.10,292.10,,293.85,,,49531,14537767.30,1351,F1,1,,,,,
2026-08-03,2026-08-03,CM,NSE,STK,27143,INE0WVU01018,ONYX,ST,,,,,ONYX BIOTEC LIMITED,43.95,45.05,43.95,45.05,45.05,42.95,,45.05,,,146000,6552400.00,37,F1,2000,,,,,
2026-08-03,2026-08-03,CM,NSE,STK,21469,INE350C01017,OPTIEMUS,EQ,,,,,OPTIEMUS INFRACOM LTD,641.20,661.00,635.85,657.80,660.70,637.65,,657.80,,,394268,257430834.75,16495,F1,1,,,,,
2026-08-03,2026-08-03,CM,NSE,STK,758903,INE15B101011,OPTIVALUE,ST,,,,,OPTIVALUE TEK CONSULT LTD,167.95,170.35,156.20,165.75,165.75,162.25,,165.75,,,281600,45859280.00,91,F1,1600,,,,,
2026-08-03,2026-08-03,CM,NSE,STK,10738,INE881D01027,OFSS,EQ,,,,,ORACLE FIN SERV SOFT LTD.,11186.00,11484.00,11160.00,11332.00,11332.00,11186.00,,11332.00,,,164111,1864900828.00,24078,F1,1,,,,,
2026-08-03,2026-08-03,CM,NSE,STK,31479,INE231G01010,ORBTEXP,BE,,,,,ORBIT EXPORTS LIMITED,246.00,250.00,233.00,243.79,243.79,241.14,,242.31,,,39086,9579351.94,157,F1,1,,,,,
2026-08-03,2026-08-03,CM,NSE,STK,29492,INE215B01022,ORCHASP,EQ,,,,,ORCHASP LIMITED,1.80,1.80,1.60,1.65,1.67,1.63,,1.65,,,242277,399685.82,512,F1,1,,,,,
2026-08-03,2026-08-03,CM,NSE,STK,926,INE191A01027,ORCHPHARMA,EQ,,,,,ORCHID PHARMA LIMITED,990.00,998.00,975.10,990.65,982.10,986.55,,990.51,,,44068,43577752.70,5374,F1,1,,,,,
2026-08-03,2026-08-03,CM,NSE,STK,17882,INE0OUT01019,ORIANA,SM,,,,,ORIANA POWER LIMITED,1380.00,1517.90,1380.00,1474.25,1475.00,1379.05,,1474.25,,,102900,150271938.75,999,F1,75,,,,,
2026-08-03,2026-08-03,CM,NSE,STK,10159,INE730A01022,ORICONENT,EQ,,,,,ORICON ENTERPRISES LTD,54.88,54.88,53.51,54.24,54.21,53.79,,54.24,,,16899,919004.51,211,F1,1,,,,,
2026-08-03,2026-08-03,CM,NSE,STK,14278,INE607D01018,ORIENTBELL,EQ,,,,,ORIENT BELL LIMITED,319.25,320.25,311.55,317.60,317.30,319.25,,317.53,,,5191,1650107.40,331,F1,1,,,,,
2026-08-03,2026-08-03,CM,NSE,STK,30089,INE876N01018,ORIENTCEM,EQ,,,,,ORIENT CEMENT LTD.,136.07,140.10,136.07,139.51,138.55,136.64,,139.50,,,265963,37015899.86,2123,F1,1,,,,,
2026-08-03,2026-08-03,CM,NSE,STK,13111,INE569C01020,ORIENTCER,EQ,,,,,ORIENT CERATECH LIMITED,41.70,41.70,40.72,41.00,41.00,40.97,,41.00,,,23646,975412.70,301,F1,1,,,,,
2026-08-03,2026-08-03,CM,NSE,STK,2972,INE142Z01019,ORIENTELEC,EQ,,,,,ORIENT ELECTRIC LIMITED,174.90,177.00,173.80,175.55,174.91,174.77,,175.54,,,342278,60003184.17,6459,F1,1,,,,,
2026-08-03,2026-08-03,CM,NSE,STK,20110,INE999K01014,GREENPOWER,EQ,,,,,ORIENT GREEN POWER CO LTD,10.00,10.29,10.00,10.08,10.04,9.95,,10.08,,,2062868,20925635.47,4081,F1,1,,,,,
2026-08-03,2026-08-03,CM,NSE,STK,2493,INE750A01020,ORIENTHOT,EQ,,,,,ORIENT HOTELS LTD,132.34,137.10,131.75,135.39,135.90,131.65,,135.39,,,278925,37562677.49,3761,F1,1,,,,,
2026-08-03,2026-08-03,CM,NSE,STK,2496,INE592A01026,ORIENTPPR,EQ,,,,,ORIENT PAPER AND INDS LTD,18.20,19.35,18.05,19.05,19.20,18.37,,19.04,,,790848,14841998.89,1635,F1,1,,,,,
2026-08-03,2026-08-03,CM,NSE,STK,18211,INE609C01024,ORIENTLTD,BE,,,,,ORIENT PRESS LIMITED,83.40,83.40,76.91,77.26,77.00,80.95,,77.07,,,16074,1249239.26,109,F1,1,,,,,
2026-08-03,2026-08-03,CM,NSE,STK,24961,INE0PPK01015,ORIENTTECH,EQ,,,,,ORIENT TECHNOLOGIES LTD,261.50,265.45,258.85,261.50,262.50,261.32,,261.51,,,330338,86387864.05,5702,F1,1,,,,,
2026-08-03,2026-08-03,CM,NSE,STK,10768,INE959C01023,OAL,EQ,,,,,ORIENTAL AROMATICS LTD,371.00,385.00,362.00,378.85,380.50,364.50,,378.84,,,33764,12794592.10,1316,F1,1,,,,,
2026-08-03,2026-08-03,CM,NSE,STK,14346,INE998H01012,ORIENTALTL,EQ,,,,,ORIENTAL TRIMEX LTD,5.03,5.30,5.03,5.19,5.16,5.13,,5.19,,,67795,351876.47,220,F1,1,,,,,
2026-08-03,2026-08-03,CM,NSE,STK,19931,INE725E01024,ORISSAMINE,EQ,,,,,ORISSA MIN DEV CO LTD,4050.00,4140.00,4005.00,4106.30,4110.30,3986.40,,4106.13,,,12037,49125244.00,2150,F1,1,,,,,
2026-08-03,2026-08-03,CM,NSE,STK,759569,INE16NZ01023,ORKLAINDIA,EQ,,,,,ORKLA INDIA LIMITED,557.00,581.10,557.00,573.60,573.00,557.30,,573.56,,,96546,54971977.80,9353,F1,1,,,,,
2026-08-03,2026-08-03,CM,NSE,STK,13321,INE849L01019,ORTEL,BZ,,,,,ORTEL COMMUNICATIONS LTD,1.87,1.87,1.79,1.87,1.87,1.79,,1.95,,,9294,17113.10,24,F1,1,,,,,
2026-08-03,2026-08-03,CM,NSE,STK,2980,INE749B01020,ORTINGLOBE,BE,,,,,ORTIN GLOBAL LIMITED,14.60,15.99,14.60,15.50,15.50,15.35,,15.55,,,25275,393760.30,131,F1,1,,,,,
2026-08-03,2026-08-03,CM,NSE,STK,25386,INE0RMF01018,OSELDEVICE,SM,,,,,OSEL DEVICES LIMITED,411.95,414.90,405.00,407.05,405.00,413.05,,407.05,,,17200,7029990.00,60,F1,200,,,,,
2026-08-03,2026-08-03,CM,NSE,STK,12643,INE06IR01021,OSIAHYPER,BE,,,,,OSIA HYPER RETAIL LIMITED,2.95,3.01,2.85,2.91,2.97,2.89,,2.91,,,321474,948337.05,395,F1,1,,,,,
2026-08-03,2026-08-03,CM,NSE,STK,2514,INE142A01012,OSWALAGRO,EQ,,,,,OSWAL AGRO MILLS LTD,39.89,40.25,38.20,38.49,38.22,38.25,,38.49,,,52487,2048104.82,356,F1,1,,,,,
2026-08-03,2026-08-03,CM,NSE,STK,471,INE143A01010,OSWALGREEN,EQ,,,,,OSWAL GREENTECH LIMITED,21.04,22.04,21.04,21.76,21.85,21.04,,21.75,,,263168,5657643.94,943,F1,1,,,,,
2026-08-03,2026-08-03,CM,NSE,STK,756802,INE0BYP01024,OSWALPUMPS,EQ,,,,,OSWAL PUMPS LIMITED,332.90,339.15,329.60,331.25,331.70,329.15,,331.26,,,812409,271332836.90,19291,F1,1,,,,,
2026-08-03,2026-08-03,CM,NSE,STK,22914,INE0R8M01017,OWAIS,ST,,,,,OWAIS METAL & MINERAL,97.85,101.60,95.90,100.75,101.00,97.85,,100.75,,,6500,649685.00,50,F1,100,,,,,
2026-08-03,2026-08-03,CM,NSE,STK,25312,INE953R01016,PNGJL,EQ,,,,,P N GADGIL JEWELLERS LTD,670.30,679.50,655.00,658.05,658.25,670.30,,658.02,,,356967,238597626.50,12376,F1,1,,,,,
2026-08-03,2026-08-03,CM,NSE,STK,29665,INE0XUS01020,PSRAJ,ST,,,,,P S RAJ STEELS LIMITED,85.50,85.50,85.50,85.50,85.50,90.00,,85.50,,,7500,641250.00,3,F1,2500,,,,,
2026-08-03,2026-08-03,CM,NSE,STK,2535,INE179A01014,PGHH,EQ,,,,,P&G HYGIENE & HEALTH CARE,8644.50,8700.00,8582.00,8649.00,8650.00,8594.00,,8649.00,,,16117,139331577.00,3606,F1,1,,,,,
2026-08-03,2026-08-03,CM,NSE,STK,759342,INE0S3G01027,PACEDIGITK,EQ,,,,,PACE DIGITEK LIMITED,206.35,207.67,201.01,201.59,201.60,205.38,,201.57,,,775987,158347703.24,8123,F1,1,,,,,
2026-08-03,2026-08-03,CM,NSE,STK,14413,INE761H01022,PAGEIND,EQ,,,,,PAGE INDUSTRIES LTD,40500.00,40665.00,40125.00,40200.00,40200.00,40375.00,,40198.82,,,8626,347753350.00,4551,F1,1,,,,,
2026-08-03,2026-08-03,CM,NSE,STK,25468,INE420C01059,PAISALO,EQ,,,,,PAISALO DIGITAL LIMITED,71.79,73.25,70.91,72.29,71.52,71.20,,72.29,,,9209200,661482552.48,14375,F1,1,,,,,
2026-08-03,2026-08-03,CM,NSE,STK,17197,INE551D01018,PAKKA,EQ,,,,,PAKKA LIMITED,71.10,72.94,71.01,71.28,71.11,70.79,,71.17,,,49666,3564908.69,822,F1,1,,,,,
2026-08-03,2026-08-03,CM,NSE,STK,21383,INE471W01019,PALASHSECU,EQ,,,,,PALASH SECURITIES LTD,87.80,91.35,87.04,89.01,89.15,87.07,,89.00,,,1841,164013.02,155,F1,1,,,,,
2026-08-03,2026-08-03,CM,NSE,STK,17059,INE218G01033,PALREDTEC,BE,,,,,PALRED TECHNOLOGIES LTD,45.55,46.35,44.81,45.39,45.20,44.15,,45.39,,,3212,146419.55,39,F1,1,,,,,
2026-08-03,2026-08-03,CM,NSE,STK,4055,INE922B01023,PANACEABIO,EQ,,,,,PANACEA BIOTEC LTD,425.05,425.05,415.60,423.45,424.10,421.45,,423.42,,,71008,29775374.85,3260,F1,1,,,,,
2026-08-03,2026-08-03,CM,NSE,STK,16355,INE895W01019,PANACHE,BE,,,,,PANACHE DIGILIFE LIMITED,429.00,448.00,429.00,439.55,437.10,430.50,,439.55,,,3504,1539829.05,86,F1,1,,,,,
2026-08-03,2026-08-03,CM,NSE,STK,25392,INE305C01029,PANAMAPET,EQ,,,,,PANAMA PETROCHEM LTD,459.80,471.35,456.00,460.75,458.00,453.55,,460.76,,,132370,61564742.35,4781,F1,1,,,,,
2026-08-03,2026-08-03,CM,NSE,STK,6141,INE697V01011,PANSARI,EQ,,,,,PANSARI DEVELOPERS LTD,336.85,343.00,316.10,329.10,343.00,323.90,,329.10,,,4836,1571655.50,429,F1,1,,,,,
2026-08-03,2026-08-03,CM,NSE,STK,5631,INE04LG01015,PAR,EQ,,,,,PAR DRUGS AND CHEM LTD,100.99,101.97,97.02,99.09,98.51,98.90,,99.09,,,4025,399986.57,138,F1,1,,,,,
2026-08-03,2026-08-03,CM,NSE,STK,9741,INE088F01024,PARADEEP,EQ,,,,,PARADEEP PHOSPHATES LTD,148.80,150.20,144.00,144.92,144.98,147.33,,144.90,,,7384190,1089538137.62,59078,F1,1,,,,,
2026-08-03,2026-08-03,CM,NSE,STK,17130,INE883N01014,PARAGMILK,EQ,,,,,PARAG MILK FOODS LTD.,218.00,227.00,216.19,225.47,224.00,214.31,,225.39,,,695232,154876898.25,9926,F1,1,,,,,
2026-08-03,2026-08-03,CM,NSE,STK,19779,INE0N4G01012,PARAGON,SM,,,,,PARAGON FINE S.C. LTD.,49.50,49.50,48.40,48.40,48.40,48.30,,48.40,,,3600,175560.00,3,F1,1200,,,,,
2026-08-03,2026-08-03,CM,NSE,STK,25069,INE0S2W01018,PARAMATRIX,SM,,,,,PARAMATRIX TECHNOLOGIES L,56.00,56.00,56.00,56.00,56.00,56.00,,56.00,,,2400,134400.00,2,F1,1200,,,,,
2026-08-03,2026-08-03,CM,NSE,STK,13951,INE074B01023,PARACABLES,EQ,,,,,PARAMOUNT COMM LTD,65.06,67.35,64.16,66.39,66.35,64.88,,66.39,,,2042931,134800470.07,11542,F1,1,,,,,
2026-08-03,2026-08-03,CM,NSE,STK,25720,INE0TG801013,PARAMOUNT,ST,,,,,PARAMOUNT DYE TEC LIMITED,39.10,39.10,35.45,35.50,35.50,37.25,,35.50,,,9600,349800.00,7,F1,1200,,,,,
2026-08-03,2026-08-03,CM,NSE,STK,5911,INE045601023,PARAS,EQ,,,,,PARAS DEF AND SPCE TECH L,1262.80,1323.00,1255.00,1292.30,1287.00,1256.50,,1292.02,,,1553761,2020256514.30,58816,F1,1,,,,,
2026-08-03,2026-08-03,CM,NSE,STK,3972,INE162C01024,PARASPETRO,EQ,,,,,PARAS PETROFILS LTD.,2.53,2.59,2.43,2.44,2.43,2.47,,2.44,,,491460,1240483.29,540,F1,1,,,,,
2026-08-03,2026-08-03,CM,NSE,STK,5460,INE00U801010,PARIN,SM,,,,,PARIN ENTERPRISES LIMITED,729.00,729.95,691.00,721.00,721.00,721.00,,721.00,,,15750,11126187.50,12,F1,250,,,,,
2026-08-03,2026-08-03,CM,NSE,STK,760351,INE119201023,PARKHOSPS,EQ,,,,,PARK MEDI WORLD LIMITED,299.00,302.80,280.00,288.60,281.85,292.65,,288.52,,,1692327,500006993.80,37719,F1,1,,,,,
2026-08-03,2026-08-03,CM,NSE,STK,22649,INE988S01028,PARKHOTELS,EQ,,,,,PARKHOTELS,122.38,127.90,122.38,124.53,124.00,122.38,,124.51,,,234150,29362802.54,5196,F1,1,,,,,
2026-08-03,2026-08-03,CM,NSE,STK,13795,INE561H01026,PARSVNATH,BE,,,,,PARSVNATH DEVELOPER LTD,1.77,1.77,1.77,1.77,1.77,1.80,,1.77,,,203245,359743.65,147,F1,1,,,,,
2026-08-03,2026-08-03,CM,NSE,STK,758217,INE1H7V01011,PARTH,SM,,,,,PARTH ELEC & ENG LTD,480.00,514.00,480.00,504.15,500.00,480.00,,504.15,,,16400,8161760.00,35,F1,400,,,,,
2026-08-03,2026-08-03,CM,NSE,STK,2599,INE06ZX01015,PARTYCRUS,SM,,,,,PARTY CRUISERS LIMITED,85.55,85.55,85.50,85.50,85.50,88.00,,85.50,,,2000,171050.00,2,F1,1000,,,,,
2026-08-03,2026-08-03,CM,NSE,STK,757955,INE124Y01028,PASHUPATI,EQ,,,,,PASHUPATI COTSPIN LIMITED,85.80,86.70,85.13,85.32,85.67,85.55,,85.36,,,80796,6931069.26,1511,F1,1,,,,,
2026-08-03,2026-08-03,CM,NSE,STK,6048,INE818B01023,PASUPTAC,BE,,,,,PASUPATI ACRYLON LIMITED,58.00,60.74,58.00,60.49,60.55,58.34,,60.40,,,58400,3503348.85,330,F1,1,,,,,
2026-08-03,2026-08-03,CM,NSE,STK,17029,INE619A01035,PATANJALI,EQ,,,,,PATANJALI FOODS LIMITED,358.00,365.50,352.50,364.00,364.00,354.60,,363.94,,,5089623,1829291224.05,39408,F1,1,,,,,
2026-08-03,2026-08-03,CM,NSE,STK,758732,INE244B07243,1025PATE28,N0,,,,,PATE 10.25% 2028,100100.00,100100.00,100100.00,100100.00,100100.00,99800.00,,100100.00,,,1,100100.00,1,F1,1,,,,,
2026-08-03,2026-08-03,CM,NSE,STK,11699,INE244B01030,PATELENG,EQ,,,,,PATEL ENGINEERING LTD.,27.51,28.97,27.50,28.85,28.83,27.33,,28.85,,,6702672,191156454.69,15033,F1,1,,,,,
2026-08-03,2026-08-03,CM,NSE,STK,15223,INE529D01014,PATINTLOG,BE,,,,,PATEL INT. LOG. LTD,13.92,14.39,13.90,14.01,14.10,13.92,,14.01,,,54644,773869.99,177,F1,1,,,,,
2026-08-03,2026-08-03,CM,NSE,STK,759439,INE0R8B01010,PATELRMART,EQ,,,,,PATEL RETAIL LIMITED,226.90,228.70,223.73,226.78,225.00,225.65,,226.76,,,93105,21059155.08,2345,F1,1,,,,,
2026-08-03,2026-08-03,CM,NSE,STK,756966,INE17GV01016,PATILAUTOM,ST,,,,,PATIL AUTOMATION LIMITED,196.95,196.95,192.00,192.90,193.00,191.45,,192.90,,,40800,7931490.00,43,F1,600,,,,,
2026-08-03,2026-08-03,CM,NSE,STK,762834,INE291E01019,PML,EQ,,,,,PAUL MERCHANTS LTD.,506.95,510.05,490.60,493.65,508.30,504.50,,493.65,,,155,77896.35,27,F1,1,,,,,
2026-08-03,2026-08-03,CM,NSE,STK,759969,INE111F01024,PAUSHAKLTD,EQ,,,,,PAUSHAK LIMITED,659.40,661.00,644.00,652.80,646.00,629.70,,652.73,,,69349,45339165.25,3585,F1,1,,,,,
2026-08-03,2026-08-03,CM,NSE,STK,16192,INE07S101038,PAVNAIND,EQ,,,,,PAVNA INDUSTRIES LIMITED,18.90,18.90,17.72,18.01,18.38,18.11,,17.99,,,36102,659173.32,226,F1,1,,,,,
2026-08-03,2026-08-03,CM,NSE,STK,6656,INE417T01026,POLICYBZR,EQ,,,,,PB FINTECH LIMITED,1607.00,1650.00,1600.60,1650.00,1650.00,1601.50,,1649.97,,,648291,1054701031.90,44383,F1,1,,,,,
2026-08-03,2026-08-03,CM,NSE,STK,29124,INE785M01021,PCJEWELLER,EQ,,,,,PC JEWELLER LTD,9.32,9.77,9.23,9.64,9.66,9.26,,9.64,,,252990519,2429392555.05,90985,F1,1,,,,,
2026-08-03,2026-08-03,CM,NSE,STK,2649,INE602A01031,PCBL,EQ,,,,,PCBL CHEMICAL LIMITED,322.05,334.80,322.05,326.80,326.00,317.90,,326.81,,,3202738,1053293854.35,41763,F1,1,,,,,
2026-08-03,2026-08-03,CM,NSE,STK,5264,INE111Q01021,PDSL,EQ,,,,,PDS LIMITED,370.00,372.65,354.90,357.25,356.20,363.55,,357.20,,,83148,30151508.75,5318,F1,1,,,,,
2026-08-03,2026-08-03,CM,NSE,STK,14260,INE940H01022,PGIL,EQ,,,,,PEARL GLOBAL IND LIMITED,2066.60,2127.50,2066.60,2103.40,2110.00,2064.80,,2103.17,,,70465,148531036.70,9531,F1,1,,,,,
2026-08-03,2026-08-03,CM,NSE,STK,8188,INE844A01013,PEARLPOLY,BE,,,,,PEARL POLYMERS LTD,17.75,17.75,16.43,16.65,16.85,17.29,,16.72,,,22373,371762.36,98,F1,1,,,,,
2026-08-03,2026-08-03,CM,NSE,STK,25408,INE0VG601013,PELATRO,SM,,,,,PELATRO LIMITED,266.00,267.00,262.50,267.00,267.00,262.40,,267.00,,,3900,1032840.00,12,F1,300,,,,,
2026-08-03,2026-08-03,CM,NSE,STK,5358,INE138A01028,PENINLAND,BE,,,,,PENINSULA LAND LIMITED,15.50,15.81,15.30,15.81,15.81,15.50,,16.11,,,84000,1309250.46,82,F1,1,,,,,
2026-08-03,2026-08-03,CM,NSE,STK,20621,INE932A01024,PENIND,EQ,,,,,PENNAR INDUSTRIES LTD,166.00,171.28,165.50,169.12,168.50,165.12,,169.11,,,311606,52765796.88,4639,F1,1,,,,,
2026-08-03,2026-08-03,CM,NSE,STK,18365,INE262H01021,PERSISTENT,EQ,,,,,PERSISTENT SYSTEMS LTD,5533.50,5575.00,5319.50,5575.00,5575.00,5549.00,,5574.44,,,1344826,7335282852.00,86493,F1,1,,,,,
2026-08-03,2026-08-03,CM,NSE,STK,24290,INE998U01015,PCCL,SM,,,,,PETRO CARBON AND CHEMI L,283.05,302.00,283.05,299.30,299.95,285.00,,299.30,,,26000,7694680.00,58,F1,400,,,,,
2026-08-03,2026-08-03,CM,NSE,STK,11351,INE347G01014,PETRONET,EQ,,,,,PETRONET LNG LIMITED,280.75,284.85,279.05,284.85,284.85,280.75,,284.85,,,1506784,425402815.65,25735,F1,1,,,,,
2026-08-03,2026-08-03,CM,NSE,STK,760807,INE134E07DW6,PFCL36B,N9,,,,,PFCL 0% ZCB 2036 SR III,51601.00,51601.00,51601.00,51601.00,51601.00,51150.02,,51601.00,,,1,51601.00,1,F1,1,,,,,
2026-08-03,2026-08-03,CM,NSE,STK,760801,INE134E07DP0,7PFCL31,N3,,,,,PFCL 7.00% 2031 SR I,980.00,983.03,980.00,983.03,983.03,1000.00,,983.03,,,40,39240.40,4,F1,1,,,,,
2026-08-03,2026-08-03,CM,NSE,STK,760810,INE134E07DU0,730PFCL41,NC,,,,,PFCL 7.30% 2041 SR IV,973.15,973.15,973.15,973.15,973.15,970.00,,973.15,,,10,9731.50,1,F1,1,,,,,
2026-08-03,2026-08-03,CM,NSE,STK,2643,INE182A01018,PFIZER,EQ,,,,,PFIZER LTD,4823.90,4934.00,4804.90,4914.60,4901.00,4823.90,,4914.62,,,44131,216201684.10,6517,F1,1,,,,,
2026-08-03,2026-08-03,CM,NSE,STK,759562,INE140A07740,905PFL26,N1,,,,,PFL 9.05% SR II 2026,1068.05,1068.05,1066.00,1066.00,1066.00,1058.05,,1066.00,,,12,12812.50,2,F1,1,,,,,
2026-08-03,2026-08-03,CM,NSE,STK,25358,INE457L01029,PGEL,EQ,,,,,PG ELECTROPLAST LTD,616.00,629.00,612.20,618.00,618.00,613.35,,617.92,,,1239700,769525806.35,20556,F1,1,,,,,
2026-08-03,2026-08-03,CM,NSE,STK,11612,INE0MLZ01019,PHANTOMFX,SM,,,,,PHANTOM DIGITAL EFF LTD,168.25,171.70,165.90,166.95,167.35,167.70,,166.95,,,41400,6998565.00,72,F1,300,,,,,
2026-08-03,2026-08-03,CM,NSE,STK,759723,INE0LP301011,PWL,EQ,,,,,PHYSICSWALLAH LIMITED,125.20,129.09,123.85,126.03,126.20,124.89,,126.03,,,4198871,531385103.20,39003,F1,1,,,,,
2026-08-03,2026-08-03,CM,NSE,STK,24184,INE603J01030,PIIND,EQ,,,,,PI INDUSTRIES LTD,2754.60,2845.00,2746.60,2793.00,2793.00,2751.20,,2793.22,,,276209,778295189.90,20396,F1,1,,,,,
2026-08-03,2026-08-03,CM,NSE,STK,757754,INE546C01010,PICCADIL,EQ,,,,,PICCADILY AGRO INDUSTRI L,742.45,755.00,727.30,752.00,750.00,733.85,,752.00,,,299304,223405565.15,14266,F1,1,,,,,
2026-08-03,2026-08-03,CM,NSE,STK,24785,INE0YAL01017,PPSL,SM,,,,,PICTUREPOST STUDIOS LTD,3.40,3.40,3.10,3.10,3.10,3.40,,3.10,,,351000,1110450.00,65,F1,3000,,,,,
2026-08-03,2026-08-03,CM,NSE,STK,2664,INE318A01026,PIDILITIND,EQ,,,,,PIDILITE INDUSTRIES LTD,1623.00,1642.50,1622.00,1642.50,1642.50,1611.40,,1642.44,,,653565,1065002264.70,19289,F1,1,,,,,
2026-08-03,2026-08-03,CM,NSE,STK,30838,INE600A01035,PILITA,BE,,,,,PIL ITALICA LIFESTYLE LTD,8.60,8.81,8.41,8.65,8.65,8.62,,8.68,,,24611,210014.62,121,F1,1,,,,,
2026-08-03,2026-08-03,CM,NSE,STK,11445,INE417C01014,PILANIINVS,EQ,,,,,PILANI INV & IND COR LTD,4302.90,4382.00,4302.90,4346.80,4350.00,4302.90,,4345.22,,,794,3457977.30,206,F1,1,,,,,
2026-08-03,2026-08-03,CM,NSE,STK,759820,INE15B701018,PINELABS,EQ,,,,,PINE LABS LIMITED,141.24,153.40,139.61,152.17,152.85,138.97,,152.18,,,71026387,10650171595.98,287732,F1,1,,,,,
2026-08-03,2026-08-03,CM,NSE,STK,13463,INE156C01018,PIONEEREMB,EQ,,,,,PIONEER EMBROIDERIES LTD,25.50,25.98,24.75,25.61,25.35,25.26,,25.61,,,13245,338239.37,113,F1,1,,,,,
2026-08-03,2026-08-03,CM,NSE,STK,762832,INE746D01014,PIONRINV,BE,,,,,PIONEER INVESTCORP LTD.,85.99,87.68,81.00,86.96,86.90,83.58,,86.96,,,4470,367567.35,45,F1,1,,,,,
2026-08-03,2026-08-03,CM,NSE,STK,759551,INE202B01038,PIRAMALFIN,EQ,,,,,PIRAMAL FINANCE LIMITED,2066.40,2088.00,2025.00,2047.80,2043.50,2055.50,,2047.56,,,317656,653529652.00,22097,F1,1,,,,,
2026-08-03,2026-08-03,CM,NSE,STK,11571,INE0DK501011,PPLPHARMA,EQ,,,,,PIRAMAL PHARMA LIMITED,196.36,202.95,193.03,199.28,199.10,195.61,,199.27,,,7051612,1407073942.19,63794,F1,1,,,,,
2026-08-03,2026-08-03,CM,NSE,STK,14134,INE450D01021,PITTIENG,EQ,,,,,PITTI ENGINEERING LIMITED,925.00,935.90,920.50,928.40,934.80,924.50,,928.37,,,39086,36289839.50,1992,F1,1,,,,,
2026-08-03,2026-08-03,CM,NSE,STK,9087,INE751B01018,PIXTRANS,EQ,,,,,PIX TRANSMISSIONS LIMITED,1669.90,1729.20,1636.10,1701.10,1694.00,1672.90,,1700.10,,,11302,18996072.80,1744,F1,1,,,,,
2026-08-03,2026-08-03,CM,NSE,STK,13920,INE083C01022,PLASTIBLEN,EQ,,,,,PLASTIBLENDS INDIA LTD,187.01,191.80,187.01,190.61,191.49,186.14,,190.61,,,34535,6571134.41,1281,F1,1,,,,,
2026-08-03,2026-08-03,CM,NSE,STK,22930,INE0PT501018,PLATIND,EQ,,,,,PLATINUM INDUSTRIES LTD,227.05,231.18,225.00,225.53,225.31,225.89,,225.53,,,65731,14967866.23,1807,F1,1,,,,,
2026-08-03,2026-08-03,CM,NSE,STK,19461,INE0INJ01017,PLAZACABLE,BE,,,,,PLAZA WIRES LIMITED,42.00,44.40,42.00,44.01,44.25,42.45,,44.02,,,22752,988664.61,181,F1,1,,,,,
2026-08-03,2026-08-03,CM,NSE,STK,8736,INE859A01011,PNBGILTS,EQ,,,,,PNB GILTS LIMITED,85.80,85.80,83.00,83.51,83.00,84.50,,83.53,,,316121,26618086.77,3355,F1,1,,,,,
2026-08-03,2026-08-03,CM,NSE,STK,18908,INE572E01012,PNBHOUSING,EQ,,,,,PNB HOUSING FIN LTD.,1057.00,1094.50,1049.70,1090.00,1090.00,1053.10,,1089.89,,,1194896,1294498484.80,47694,F1,1,,,,,
2026-08-03,2026-08-03,CM,NSE,STK,9385,INE195J01029,PNCINFRA,EQ,,,,,PNC INFRATECH LTD.,249.09,251.60,245.01,247.58,247.67,246.12,,247.55,,,562424,139854835.32,17034,F1,1,,,,,
2026-08-03,2026-08-03,CM,NSE,STK,760242,INE1RDG01013,PNGSREVA,EQ,,,,,PNGS REVA DIAMOND JEWEL L,428.10,444.70,426.85,443.25,444.50,428.10,,443.21,,,144582,63310115.70,5644,F1,1,,,,,
2026-08-03,2026-08-03,CM,NSE,STK,19036,INE371C01013,PODDARMENT,EQ,,,,,PODDAR PIGMENTS LIMITED,265.00,265.25,250.30,251.55,250.90,261.61,,251.58,,,10592,2683400.40,216,F1,1,,,,,
2026-08-03,2026-08-03,CM,NSE,STK,17651,INE637C01025,POKARNA,EQ,,,,,POKARNA LIMITED,932.00,950.00,925.00,932.45,925.00,937.90,,932.50,,,42452,39683757.05,3232,F1,1,,,,,
2026-08-03,2026-08-03,CM,NSE,STK,25718,INE205C01021,POLYMED,EQ,,,,,POLY MEDICURE LIMITED,1723.50,1749.00,1704.80,1727.90,1704.80,1702.00,,1727.62,,,98125,170094973.20,11582,F1,1,,,,,
2026-08-03,2026-08-03,CM,NSE,STK,9590,INE455K01017,POLYCAB,EQ,,,,,POLYCAB INDIA LIMITED,9120.00,9150.00,9001.00,9034.00,9034.00,9106.50,,9034.01,,,154112,1397626174.50,24183,F1,1,,,,,
2026-08-03,2026-08-03,CM,NSE,STK,2687,INE633B01018,POLYPLEX,EQ,,,,,POLYPLEX CORPORATION LTD,1104.50,1114.50,1091.10,1094.80,1093.00,1105.30,,1094.79,,,60391,66314128.20,3152,F1,1,,,,,
2026-08-03,2026-08-03,CM,NSE,STK,22711,INE517M01028,POLYSIL,SM,,,,,POLYSIL IRRIGATION SYST L,103.15,114.95,102.50,102.50,102.50,113.85,,102.50,,,60500,6301000.00,96,F1,500,,,,,
2026-08-03,2026-08-03,CM,NSE,STK,14385,INE063E01061,POCL,EQ,,,,,PONDY OXIDES & CHEM LTD,529.00,552.90,529.00,550.45,550.00,525.10,,550.41,,,490666,267326482.90,13446,F1,1,,,,,
2026-08-03,2026-08-03,CM,NSE,STK,10661,INE838E01017,PONNIERODE,EQ,,,,,PONNIE SUGARS (ERODE) LTD,301.55,330.45,301.55,328.30,326.50,302.65,,328.19,,,44920,14433978.55,1609,F1,1,,,,,
2026-08-03,2026-08-03,CM,NSE,STK,11403,INE511C01022,POONAWALLA,EQ,,,,,POONAWALLA FINCORP LTD,468.00,474.40,464.70,471.90,466.00,463.55,,471.76,,,855124,402411574.90,21035,F1,1,,,,,
2026-08-03,2026-08-03,CM,NSE,STK,23142,INE772T01024,PVSL,EQ,,,,,POPULAR VEHICLES N SER L,110.20,112.14,106.15,107.19,107.10,108.51,,107.18,,,42496,4574727.16,1177,F1,1,,,,,
2026-08-03,2026-08-03,CM,NSE,STK,24864,INE0S3H01017,POSITRON,SM,,,,,POSITRON ENERGY LIMITED,176.90,176.90,175.95,176.50,176.50,169.00,,176.50,,,1200,211755.00,4,F1,300,,,,,
2026-08-03,2026-08-03,CM,NSE,STK,14299,INE134E01011,PFC,EQ,,,,,POWER FIN CORP LTD.,425.50,429.25,417.30,421.50,421.50,424.35,,421.39,,,5985708,2522821353.65,43334,F1,1,,,,,
2026-08-03,2026-08-03,CM,NSE,STK,14977,INE752E01010,POWERGRID,EQ,,,,,POWER GRID CORP. LTD.,285.00,287.00,283.90,287.00,287.00,284.25,,287.00,,,8749092,2493760035.45,48862,F1,1,,,,,
2026-08-03,2026-08-03,CM,NSE,STK,15716,INE557Z01018,PIGL,EQ,,,,,POWER INSTRUMENT (G) LTD,104.32,113.71,103.56,110.83,110.00,104.32,,110.80,,,121633,13162364.17,3651,F1,1,,,,,
2026-08-03,2026-08-03,CM,NSE,STK,10473,INE211R01019,POWERMECH,EQ,,,,,POWER MECH PROJECTS LTD.,2594.00,2627.90,2566.50,2593.00,2599.00,2566.40,,2593.03,,,92494,240579307.80,12511,F1,1,,,,,
2026-08-03,2026-08-03,CM,NSE,STK,3494,INE0GGX23010,PGINVIT,IV,,,,,POWERGRID INFRA. INVITS,99.50,99.50,97.00,97.17,97.19,99.40,,97.17,,,2953135,289392496.59,19799,F1,1,,,,,
2026-08-03,2026-08-03,CM,NSE,STK,761680,INE921L01032,POWERICA,EQ,,,,,POWERICA LIMITED,535.00,549.80,512.00,519.40,512.00,529.60,,519.28,,,297730,156965220.85,17284,F1,1,,,,,
2026-08-03,2026-08-03,CM,NSE,STK,15213,INE095I01015,PPAP,BE,,,,,PPAP AUTOMOTIVE LIMITED,284.00,289.95,270.20,288.35,289.95,281.70,,288.34,,,23053,6511079.05,448,F1,1,,,,,
2026-08-03,2026-08-03,CM,NSE,STK,30134,INE0I0M01023,PRABHA,EQ,,,,,PRABHA ENERGY LIMITED,150.00,155.50,147.34,153.78,151.21,147.91,,153.77,,,82791,12611905.26,1637,F1,1,,,,,
2026-08-03,2026-08-03,CM,NSE,STK,762842,INE770A01010,PRADPME,BE,,,,,PRADEEP METALS LTD.,518.10,518.10,505.25,509.60,509.00,511.55,,509.60,,,3897,1991900.55,73,F1,1,,,,,
2026-08-03,2026-08-03,CM,NSE,STK,2705,INE074A01025,PRAJIND,EQ,,,,,PRAJ INDUSTRIES LTD,314.95,317.95,313.45,315.05,315.00,311.90,,315.05,,,381592,120204025.80,12430,F1,1,,,,,
2026-08-03,2026-08-03,CM,NSE,STK,13941,INE505C01016,PRAENG,EQ,,,,,PRAJAY ENG. SYN. LTD.,20.16,20.90,20.00,20.07,20.00,20.26,,20.05,,,33090,672413.99,219,F1,1,,,,,
2026-08-03,2026-08-03,CM,NSE,STK,2708,INE603A01013,PRAKASH,EQ,,,,,PRAKASH INDUSTRIES LTD,124.00,126.50,124.00,125.50,125.99,123.40,,125.50,,,229100,28685438.54,2860,F1,1,,,,,
2026-08-03,2026-08-03,CM,NSE,STK,10299,INE050001010,PPL,BE,,,,,PRAKASH PIPES LIMITED,265.90,275.00,261.00,262.25,263.95,265.90,,262.25,,,29140,7751680.25,478,F1,1,,,,,
2026-08-03,2026-08-03,CM,NSE,STK,19599,INE696K01024,PRAKASHSTL,EQ,,,,,PRAKASH STEELAGE LTD,4.00,4.11,3.98,4.03,4.02,4.00,,4.03,,,140048,561464.45,352,F1,1,,,,,
2026-08-03,2026-08-03,CM,NSE,STK,18514,INE0O7A01017,PRAMARA,SM,,,,,PRAMARA PROMOTIONS LTD,130.85,130.90,126.10,126.45,126.50,127.50,,126.45,,,12000,1527750.00,15,F1,500,,,,,
2026-08-03,2026-08-03,CM,NSE,STK,25818,INE0VJG01014,PRANIK,SM,,,,,PRANIK LOGISTICS LIMITED,42.80,42.80,40.05,40.05,40.05,43.95,,40.05,,,35200,1440480.00,17,F1,1600,,,,,
2026-08-03,2026-08-03,CM,NSE,STK,21840,INE393P01035,DIAMONDYD,EQ,,,,,PRATAAP SNACKS LIMITED,1199.00,1199.00,1102.10,1163.80,1160.00,1159.50,,1163.58,,,412833,469711587.80,9613,F1,1,,,,,
2026-08-03,2026-08-03,CM,NSE,STK,23113,INE0QA601016,PRATHAM,SM,,,,,PRATHAM EPC PROJECTS LTD,120.40,120.40,120.00,120.00,120.00,121.00,,120.00,,,2000,240320.00,5,F1,400,,,,,
2026-08-03,2026-08-03,CM,NSE,STK,762844,INE722B01019,PRAVEG,EQ,,,,,PRAVEG LTD.,298.90,298.90,290.45,293.60,296.35,295.91,,293.60,,,38486,11288864.45,1389,F1,1,,,,,
2026-08-03,2026-08-03,CM,NSE,STK,1204,INE546Y01022,PRAXIS,EQ,,,,,PRAXIS HOME RETAIL LTD,6.30,6.74,6.00,6.56,6.60,6.13,,6.56,,,229975,1511477.91,367,F1,1,,,,,
2026-08-03,2026-08-03,CM,NSE,STK,12603,INE484I01029,PRECAM,EQ,,,,,PRECISION CAMSHAFTS LTD.,141.47,146.00,141.39,143.31,142.65,140.29,,143.24,,,168272,24247451.92,3464,F1,1,,,,,
2026-08-03,2026-08-03,CM,NSE,STK,7963,INE0HKW01018,PRECISION,ST,,,,,PRECISION METALIKS LTD,7.75,7.75,7.20,7.20,7.20,7.40,,7.20,,,16000,118700.00,7,F1,2000,,,,,
2026-08-03,2026-08-03,CM,NSE,STK,2717,INE372C01037,PRECWIRE,EQ,,,,,PRECISION WIRES INDIA LTD,374.50,388.10,372.70,379.10,378.50,372.60,,379.15,,,311874,119069553.40,15390,F1,1,,,,,
2026-08-03,2026-08-03,CM,NSE,STK,2711,INE283A01014,PRECOT,EQ,,,,,PRECOT LIMITED,850.00,850.00,791.05,819.00,820.00,809.55,,819.00,,,10974,8961332.90,720,F1,1,,,,,
2026-08-03,2026-08-03,CM,NSE,STK,762849,INE001E01012,PREMCO,EQ,,,,,PREMCO GLOBAL LTD.,372.60,382.30,372.55,380.10,378.10,372.55,,379.95,,,1610,607282.85,67,F1,1,,,,,
2026-08-03,2026-08-03,CM,NSE,STK,25049,INE0BS701011,PREMIERENE,EQ,,,,,PREMIER ENERGIES LIMITED,1027.30,1040.10,1020.70,1020.70,1020.70,1022.20,,1020.70,,,617990,636506053.00,17129,F1,1,,,,,
2026-08-03,2026-08-03,CM,NSE,STK,17397,INE863B01029,PREMEXPLN,EQ,,,,,PREMIER EXPLOSIVES LTD,664.90,668.95,661.20,661.80,661.20,664.15,,661.76,,,104311,69228686.40,3275,F1,1,,,,,
2026-08-03,2026-08-03,CM,NSE,STK,6248,INE342A01018,PREMIER,BE,,,,,PREMIER LIMITED,2.98,3.00,2.79,2.79,2.79,2.88,,2.79,,,19708,55332.10,42,F1,1,,,,,
2026-08-03,2026-08-03,CM,NSE,STK,3908,INE309M01020,PREMIERPOL,EQ,,,,,PREMIER POLYFILM LTD,67.60,75.80,67.60,73.56,72.32,69.78,,73.51,,,748386,54512186.01,8198,F1,1,,,,,
2026-08-03,2026-08-03,CM,NSE,STK,23764,INE0CFG01012,PRLIND,SM,,,,,PREMIER ROADLINES LIMITED,44.10,44.75,43.65,44.25,44.00,44.20,,44.25,,,82000,3630500.00,36,F1,1000,,,,,
2026-08-03,2026-08-03,CM,NSE,STK,25898,INE0M1F01011,PREMIUM,SM,,,,,PREMIUM PLAST LIMITED,38.00,39.50,38.00,38.00,38.00,38.00,,38.00,,,9000,346500.00,3,F1,3000,,,,,
2026-08-03,2026-08-03,CM,NSE,STK,20498,INE0R1601012,PRESSTONIC,SM,,,,,PRESSTONIC ENGINEERING L,27.00,27.00,26.25,26.90,27.00,25.95,,26.90,,,10400,279600.00,11,F1,800,,,,,
2026-08-03,2026-08-03,CM,NSE,STK,20302,INE811K01011,PRESTIGE,EQ,,,,,PRESTIGE ESTATE LTD,1620.00,1670.00,1610.50,1670.00,1670.00,1616.20,,1669.92,,,349987,569456693.30,18474,F1,1,,,,,
2026-08-03,2026-08-03,CM,NSE,STK,19631,INE726V01018,PRICOLLTD,EQ,,,,,PRICOL LIMITED,715.00,740.00,709.45,732.85,740.00,696.65,,733.02,,,1638587,1193913486.55,57056,F1,1,,,,,
2026-08-03,2026-08-03,CM,NSE,STK,759075,INE0CQA01020,PRIMECAB,ST,,,,,PRIME CABLE INDUSTRIES L,180.00,190.00,176.30,190.00,190.00,184.55,,190.00,,,14400,2657760.00,9,F1,1600,,,,,
2026-08-03,2026-08-03,CM,NSE,STK,13496,INE367G01038,PFOCUS,EQ,,,,,PRIME FOCUS LIMITED,287.50,304.50,285.00,298.75,298.95,287.11,,298.75,,,1045783,313001981.60,21691,F1,1,,,,,
2026-08-03,2026-08-03,CM,NSE,STK,11864,INE032B01021,PRIMESECU,EQ,,,,,PRIME SECURITIES LIMITED,277.10,281.50,275.35,277.45,275.95,276.90,,277.47,,,39599,11026719.45,236,F1,1,,,,,
2026-08-03,2026-08-03,CM,NSE,STK,756925,INE607A01022,PRIMO,EQ,,,,,PRIMO CHEMICALS LIMITED,26.00,26.00,24.11,24.30,24.44,25.24,,24.30,,,158094,3901034.55,1112,F1,1,,,,,
2026-08-03,2026-08-03,CM,NSE,STK,16045,INE689W01016,PRINCEPIPE,EQ,,,,,PRINCE PIPES FITTINGS LTD,262.00,270.00,262.00,263.40,264.90,264.00,,263.40,,,181389,48079576.10,5610,F1,1,,,,,
2026-08-03,2026-08-03,CM,NSE,STK,2739,INE010A01011,PRSMJOHNSN,EQ,,,,,PRISM JOHNSON LIMITED,106.90,110.59,106.84,108.88,108.90,106.46,,108.87,,,125836,13702076.01,2979,F1,1,,,,,
2026-08-03,2026-08-03,CM,NSE,STK,8310,INE974Z01015,PRITI,BE,,,,,PRITI INTERNATIONAL LTD,37.20,38.20,37.00,37.81,37.40,37.24,,37.81,,,4152,155860.44,60,F1,1,,,,,
2026-08-03,2026-08-03,CM,NSE,STK,5296,INE583R01029,PRITIKAUTO,BE,,,,,PRITIKA AUTO INDUS LTD,17.47,18.19,17.47,17.72,17.80,17.42,,17.72,,,99241,1753758.03,245,F1,1,,,,,
2026-08-03,2026-08-03,CM,NSE,STK,9342,INE392B01011,PNC,EQ,,,,,PRITISH NANDY COMMUNICATI,19.55,21.45,19.23,20.37,19.95,19.55,,20.37,,,14848,303123.50,263,F1,1,,,,,
2026-08-03,2026-08-03,CM,NSE,STK,8825,INE959A01019,PRIVISCL,EQ,,,,,PRIVI SPECIALITY CHE LTD,3680.00,3680.00,3585.00,3597.00,3590.00,3617.10,,3596.82,,,103747,375426898.60,14217,F1,1,,,,,
2026-08-03,2026-08-03,CM,NSE,STK,24511,INE0V9N01017,PRIZOR,ST,,,,,PRIZOR VIZTECH LIMITED,914.95,920.85,900.05,915.95,911.00,877.00,,915.95,,,34800,31862360.00,79,F1,400,,,,,
2026-08-03,2026-08-03,CM,NSE,STK,757806,INE0VJT01017,PROFX,SM,,,,,PRO FX TECH LIMITED,77.10,77.10,75.50,75.50,75.50,75.50,,75.50,,,3200,244160.00,2,F1,1600,,,,,
2026-08-03,2026-08-03,CM,NSE,STK,940,INE199A01012,PGHL,EQ,,,,,PROCTER & GAMBLE HEALTH L,6604.50,6699.50,6452.50,6501.50,6530.00,6604.50,,6500.63,,,7179,47069502.50,2478,F1,1,,,,,
2026-08-03,2026-08-03,CM,NSE,STK,764348,INE1FFX01018,PROPSHOP,ST,,,,,PROPSHOP EVENTS AND EXH L,55.20,57.90,52.45,57.15,57.90,69.00,,57.15,,,2076000,113649400.00,472,F1,2000,,,,,
2026-08-03,2026-08-03,CM,NSE,STK,758173,INE0BX301013,PROSTARM,EQ,,,,,PROSTARM INFO SYSTEMS LTD,127.00,138.00,126.25,135.87,134.50,127.04,,135.87,,,1483618,197234783.05,12719,F1,1,,,,,
2026-08-03,2026-08-03,CM,NSE,STK,29472,INE004A01022,PROTEAN,EQ,,,,,PROTEAN EGOV TECHNO LTD,620.00,640.00,620.00,630.85,630.00,616.15,,630.77,,,243186,154197640.70,7461,F1,1,,,,,
2026-08-03,2026-08-03,CM,NSE,STK,28859,INE195N01013,PROZONER,EQ,,,,,PROZONE REALTY LIMITED,41.73,43.64,41.51,43.13,43.35,41.58,,43.14,,,269992,11451840.54,1282,F1,1,,,,,
2026-08-03,2026-08-03,CM,NSE,STK,9553,INE00F201020,PRUDENT,EQ,,,,,PRUDENT CORP ADV SER LTD,3319.80,3385.10,3270.10,3359.20,3349.00,3292.00,,3359.56,,,27698,92074857.80,6005,F1,1,,,,,
2026-08-03,2026-08-03,CM,NSE,STK,20528,INE024D01016,PRUDMOULI,BE,,,,,PRUDENTIAL SUGAR CORPORAT,13.67,13.67,12.74,13.46,13.47,13.41,,13.46,,,2085,27856.53,42,F1,1,,,,,
2026-08-03,2026-08-03,CM,NSE,STK,20877,INE488V01015,PSPPROJECT,EQ,,,,,PSP PROJECTS LIMITED,990.00,990.00,939.90,949.55,949.00,978.00,,949.57,,,147018,140210648.00,7640,F1,1,,,,,
2026-08-03,2026-08-03,CM,NSE,STK,22602,INE560K01014,PFS,EQ,,,,,PTC INDIA FIN SERV LTD,27.84,28.77,27.82,28.41,28.40,27.73,,28.41,,,433258,12277203.91,3004,F1,1,,,,,
2026-08-03,2026-08-03,CM,NSE,STK,11355,INE877F01012,PTC,EQ,,,,,PTC INDIA LIMITED,176.21,182.20,175.90,180.11,180.50,175.52,,180.12,,,4283556,767215498.69,44071,F1,1,,,,,
2026-08-03,2026-08-03,CM,NSE,STK,16682,INE596F01018,PTCIL,EQ,,,,,PTC INDUSTRIES LIMITED,17776.00,18041.00,17776.00,17981.00,18000.00,17737.00,,17980.04,,,8054,144228923.00,2161,F1,1,,,,,
2026-08-03,2026-08-03,CM,NSE,STK,14101,INE034D01049,PTL,EQ,,,,,PTL ENTERPRISES LTD,39.99,40.05,39.40,39.77,40.00,39.42,,39.78,,,50827,2024374.70,778,F1,1,,,,,
2026-08-03,2026-08-03,CM,NSE,STK,15377,INE865T01018,PDMJEPAPER,EQ,,,,,PUDUMJEE PAPER PRO. LTD,95.90,97.68,94.86,96.30,96.22,94.86,,96.30,,,86733,8330278.15,1318,F1,1,,,,,
2026-08-03,2026-08-03,CM,NSE,STK,507,INE335X01014,PULZ,SM,,,,,PULZ ELECTRONICS LIMITED,24.95,24.95,24.95,24.95,24.95,24.00,,24.95,,,2000,49900.00,1,F1,2000,,,,,
2026-08-03,2026-08-03,CM,NSE,STK,21001,INE608A01012,PSB,EQ,,,,,PUNJAB & SIND BANK,23.40,23.90,23.40,23.76,23.82,23.19,,23.76,,,1577094,37414826.28,4628,F1,1,,,,,
2026-08-03,2026-08-03,CM,NSE,STK,4344,INE277B01014,PUNJABCHEM,EQ,,,,,PUNJAB CHEM & CROP PROT L,1180.00,1180.00,1145.00,1151.90,1155.70,1143.80,,1152.00,,,14842,17195669.50,1769,F1,1,,,,,
2026-08-03,2026-08-03,CM,NSE,STK,10666,INE160A01022,PNB,EQ,,,,,PUNJAB NATIONAL BANK,113.01,114.47,112.66,113.00,113.00,112.71,,113.00,,,12088257,1373386638.40,47490,F1,1,,,,,
2026-08-03,2026-08-03,CM,NSE,STK,14922,INE323I01011,PURVA,EQ,,,,,PURAVANKARA LIMITED,212.05,215.89,206.50,207.67,207.00,210.79,,207.67,,,264312,55541862.55,5258,F1,1,,,,,
2026-08-03,2026-08-03,CM,NSE,STK,28044,INE0P5R01014,PURPLEUTED,ST,,,,,PURPLE UNITED SALES LTD,330.00,335.00,320.05,321.90,320.05,336.85,,321.90,,,43000,13901687.50,140,F1,250,,,,,
2026-08-03,2026-08-03,CM,NSE,STK,757683,INE154801018,PUSHPA,SM,,,,,PUSHPA JEWELLERS LIMITED,100.20,107.00,100.20,104.50,104.50,104.55,,104.50,,,5000,525200.00,5,F1,1000,,,,,
2026-08-03,2026-08-03,CM,NSE,STK,4010,INE362A01016,PVP,EQ,,,,,PVP VENTURES LIMITED,27.05,27.39,26.65,27.10,27.23,26.83,,27.10,,,493615,13335328.09,1355,F1,1,,,,,
2026-08-03,2026-08-03,CM,NSE,STK,13147,INE191H01014,PVRINOX,EQ,,,,,PVR INOX LIMITED,1142.90,1153.00,1131.50,1141.40,1131.50,1130.60,,1141.36,,,583974,666628048.40,58630,F1,1,,,,,
2026-08-03,2026-08-03,CM,NSE,STK,18250,INE0MIS01010,PYRAMID,EQ,,,,,PYRAMID TECHNOPLAST LTD,185.97,188.00,183.34,184.97,185.75,181.12,,184.95,,,58304,10791313.21,1271,F1,1,,,,,
2026-08-03,2026-08-03,CM,NSE,STK,763594,INE1G2W01011,QLINE,SM,,,,,Q-LINE BIOTECH LIMITED,549.85,559.60,536.10,552.10,550.00,541.30,,552.10,,,63600,34861720.00,141,F1,400,,,,,
2026-08-03,2026-08-03,CM,NSE,STK,751607,INE0FMW01018,QMSMEDI,EQ,,,,,QMS MEDICAL ALLIED S LTD,117.90,117.90,112.00,112.30,112.01,114.59,,112.30,,,13120,1493186.69,493,F1,1,,,,,
2026-08-03,2026-08-03,CM,NSE,STK,29087,INE0LRY01011,QUADFUTURE,EQ,,,,,QUADRANT FUTURE TEK LTD,348.80,365.70,348.80,360.95,358.05,345.95,,360.95,,,281272,101147712.20,8086,F1,1,,,,,
2026-08-03,2026-08-03,CM,NSE,STK,14613,INE0O1M01015,QFIL,SM,,,,,QUALITY FOILS (INDIA) LTD,62.80,62.80,62.80,62.80,62.80,62.80,,62.80,,,1000,62800.00,1,F1,1000,,,,,
2026-08-03,2026-08-03,CM,NSE,STK,29713,INE0SII01026,QPOWER,BE,,,,,QUALITY POWER ELEC EQUP L,1150.00,1185.00,1145.00,1158.00,1155.00,1133.30,,1157.58,,,106482,123887913.70,6171,F1,1,,,,,
2026-08-03,2026-08-03,CM,NSE,STK,15330,INF082J01408,QGOLDHALF,EQ,,,,,QUANTUM GOLD FUND,117.96,117.99,116.06,117.47,117.50,117.38,,117.47,,,247926,29134543.78,980,F1,1,,,,,
2026-08-03,2026-08-03,CM,NSE,STK,16819,INF082J01499,QNIFTY,EQ,,,,,QUANTUM NIFTY 50 ETF,274.00,274.00,268.87,270.54,270.60,268.61,,270.54,,,3985,1076562.50,160,F1,1,,,,,
2026-08-03,2026-08-03,CM,NSE,STK,17704,INE615P01015,QUESS,EQ,,,,,QUESS CORP LIMITED,335.95,349.50,331.85,345.05,346.00,332.55,,345.08,,,1991991,685217548.80,30562,F1,1,,,,,
2026-08-03,2026-08-03,CM,NSE,STK,23793,INE0TNW01017,QUESTLAB,SM,,,,,QUEST LABORATORIES LTD,90.05,92.00,90.05,91.65,91.70,89.25,,91.65,,,16800,1541280.00,14,F1,1200,,,,,
2026-08-03,2026-08-03,CM,NSE,STK,13131,INE306L01010,QUICKHEAL,BE,,,,,QUICK HEAL TECH LTD,153.00,160.00,153.00,159.30,159.90,152.88,,159.30,,,93220,14758431.17,880,F1,1,,,,,
2026-08-03,2026-08-03,CM,NSE,STK,15285,INE0K4D01020,QUICKTOUCH,SM,,,,,QUICKTOUCH TECHNOLOGIES L,22.50,22.50,22.50,22.50,22.50,22.55,,22.50,,,500,11250.00,1,F1,500,,,,,
2026-08-03,2026-08-03,CM,NSE,STK,762854,INE641R01017,QUINT,EQ,,,,,QUINT DIGITAL LTD.,39.49,39.98,38.00,38.99,38.99,39.30,,38.99,,,2443,93642.48,36,F1,1,,,,,
2026-08-03,2026-08-03,CM,NSE,STK,9376,INE033B01011,QUINTEGRA,BE,,,,,QUINTEGRA SOLUTIONS LTD.,1.50,1.51,1.37,1.40,1.40,1.44,,1.40,,,11943,17835.30,18,F1,1,,,,,
2026-08-03,2026-08-03,CM,NSE,STK,24957,INE0KZF01015,QVCEL,SM,,,,,QVC EXPORTS LIMITED,25.10,25.10,25.10,25.10,25.10,24.55,,25.10,,,1600,40160.00,1,F1,1600,,,,,
2026-08-03,2026-08-03,CM,NSE,STK,23043,INE0NQ801033,RKSWAMY,EQ,,,,,R K SWAMY LIMITED,102.39,104.38,101.02,101.98,101.50,102.39,,101.98,,,43302,4428688.85,1201,F1,1,,,,,
2026-08-03,2026-08-03,CM,NSE,STK,757836,INE219Y01026,RMDRIP,BE,,,,,R M DRIP & SPRINK SYS LTD,18.80,18.94,18.50,18.62,18.80,18.95,,18.62,,,135815,2532878.75,484,F1,1,,,,,
2026-08-03,2026-08-03,CM,NSE,STK,762864,INE951M01037,RRIL,EQ,,,,,R R I L LTD.,17.69,17.69,17.00,17.37,17.48,17.35,,17.47,,,6589,112646.94,74,F1,1,,,,,
2026-08-03,2026-08-03,CM,NSE,STK,18566,INE777K01022,RRKABEL,EQ,,,,,R R KABEL LIMITED,2634.00,2656.00,2605.10,2631.90,2627.00,2602.80,,2631.77,,,287192,755853600.40,25752,F1,1,,,,,
2026-08-03,2026-08-03,CM,NSE,STK,762869,INE616F01022,RSDFIN,EQ,,,,,R S D FINANCE LTD.,112.00,132.88,101.15,132.88,132.88,110.74,,132.89,,,156670,19422030.24,2464,F1,1,,,,,
2026-08-03,2026-08-03,CM,NSE,STK,13414,INE411H01032,RSYSTEMS,EQ,,,,,R SYS INTERNATIONAL LTD,264.20,275.40,262.15,273.80,273.30,262.46,,273.80,,,477441,128988541.75,16613,F1,1,,,,,
2026-08-03,2026-08-03,CM,NSE,STK,758981,INE012Q01039,RNBDENIMS,EQ,,,,,R&B DENIMS LIMITED,9.06,9.27,9.00,9.08,9.07,9.06,,9.07,,,127399,1164757.58,600,F1,1,,,,,
2026-08-03,2026-08-03,CM,NSE,STK,8426,INE165B01029,RSSOFTWARE,BE,,,,,R. S. SOFTWARE (INDIA) LI,31.00,31.40,30.00,30.68,31.20,30.30,,30.79,,,10487,321262.51,109,F1,1,,,,,
2026-08-03,2026-08-03,CM,NSE,STK,20760,INE324L01013,RPPINFRA,EQ,,,,,R.P.P INFRA PROJECTS LTD,59.10,61.19,59.10,59.93,60.98,60.16,,59.92,,,33550,2023036.12,641,F1,1,,,,,
2026-08-03,2026-08-03,CM,NSE,STK,762244,INE2PB023011,RIIT,IV,,,,,RAAJMARG INFRA INVEST T,117.99,117.99,116.05,116.42,116.05,116.44,,116.42,,,202730,23655881.24,6661,F1,1,,,,,
2026-08-03,2026-08-03,CM,NSE,STK,15391,INE084Q01012,RACE,EQ,,,,,RACE ECO CHAIN LIMITED,110.00,111.99,109.48,111.79,111.80,109.49,,111.79,,,5364,594790.76,53,F1,1,,,,,
2026-08-03,2026-08-03,CM,NSE,STK,9854,INE02OY01016,RILINFRA,SM,,,,,RACHANA INFRA LTD,38.85,39.50,38.30,38.75,39.05,38.75,,38.75,,,6900,268530.00,52,F1,100,,,,,
2026-08-03,2026-08-03,CM,NSE,STK,27171,INE704B01017,RACLGEAR,EQ,,,,,RACL GEARTECH LIMITED,1260.00,1295.00,1260.00,1291.30,1294.90,1262.30,,1291.28,,,19888,25522977.90,1979,F1,1,,,,,
2026-08-03,2026-08-03,CM,NSE,STK,10932,INE874F01027,RADAAN,EQ,,,,,RADAAN MEDIAWORKS (I) LTD,3.27,3.27,3.15,3.20,3.22,3.21,,3.22,,,7768,24969.16,79,F1,1,,,,,
2026-08-03,2026-08-03,CM,NSE,STK,10343,INE583V01021,RADHIKAJWE,EQ,,,,,RADHIKA JEWELTECH LIMITED,72.45,73.49,70.85,71.22,71.42,71.75,,71.22,,,974269,70540724.01,7741,F1,1,,,,,
2026-08-03,2026-08-03,CM,NSE,STK,13580,INE855R01021,RADIANTCMS,EQ,,,,,RADIANT CASH MGMT SER LTD,36.97,37.10,36.62,36.97,37.00,36.35,,36.96,,,54912,2028489.29,1100,F1,1,,,,,
2026-08-03,2026-08-03,CM,NSE,STK,10990,INE944F01028,RADICO,EQ,,,,,RADICO KHAITAN LTD,4350.80,4459.10,4349.90,4459.10,4459.10,4340.80,,4458.90,,,352530,1559850846.00,40646,F1,1,,,,,
2026-08-03,2026-08-03,CM,NSE,STK,23445,INE430U01019,RADIOWALLA,ST,,,,,RADIOWALLA NETWORK LTD,27.60,27.60,27.60,27.60,27.60,28.15,,27.60,,,1600,44160.00,1,F1,1600,,,,,
2026-08-03,2026-08-03,CM,NSE,STK,24735,INE912T01018,RPEL,EQ,,,,,RAGHAV PRODUCTIVITY ENH L,1215.00,1272.00,1208.10,1245.60,1228.00,1216.30,,1245.56,,,50178,62575861.50,6425,F1,1,,,,,
2026-08-03,2026-08-03,CM,NSE,STK,9552,INE415G01027,RVNL,EQ,,,,,RAIL VIKAS NIGAM LIMITED,225.70,234.70,225.70,232.90,232.90,225.48,,232.89,,,8366055,1934825625.55,55175,F1,1,,,,,
2026-08-03,2026-08-03,CM,NSE,STK,2431,INE0DD101019,RAILTEL,EQ,,,,,RAILTEL CORP OF IND LTD,284.30,293.70,283.15,292.25,292.00,284.50,,292.24,,,1106898,320886888.65,22178,F1,1,,,,,
2026-08-03,2026-08-03,CM,NSE,STK,15337,INE855B01025,RAIN,EQ,,,,,RAIN INDUSTRIES LIMITED,224.10,233.37,224.10,229.53,230.00,222.95,,229.53,,,5596995,1285818309.93,48839,F1,1,,,,,
2026-08-03,2026-08-03,CM,NSE,STK,9408,INE961O01016,RAINBOW,EQ,,,,,RAINBOW CHILDRENS MED LTD,1550.00,1574.80,1530.60,1545.60,1533.10,1525.40,,1545.40,,,161412,252359101.90,15898,F1,1,,,,,
2026-08-03,2026-08-03,CM,NSE,STK,359,INE294G01026,ROML,EQ,,,,,RAJ OIL MILLS LIMITED,43.58,45.99,43.58,45.00,44.50,44.41,,45.00,,,770,34789.19,41,F1,1,,,,,
2026-08-03,2026-08-03,CM,NSE,STK,8428,INE533D01032,RAJRILTD,BE,,,,,RAJ RAYON INDUSTRIES LTD,21.22,21.22,20.82,21.22,21.22,20.81,,21.22,,,6883,145919.26,77,F1,1,,,,,
2026-08-03,2026-08-03,CM,NSE,STK,14403,INE952H01027,RAJTV,EQ,,,,,RAJ TV NETWORK LTD,11.45,11.62,10.76,10.76,10.76,11.32,,10.76,,,281976,3065209.95,713,F1,1,,,,,
2026-08-03,2026-08-03,CM,NSE,STK,762859,INE296E01026,RAJPALAYAM,EQ,,,,,RAJAPALAYAM MILLS LTD.,830.00,839.90,806.30,818.85,824.00,829.05,,818.85,,,1355,1118856.90,103,F1,1,,,,,
2026-08-03,2026-08-03,CM,NSE,STK,181,INE610C01014,ARENTERP,EQ,,,,,RAJDARSHAN INDUSTRIES LTD,41.26,41.99,38.67,38.96,39.98,41.46,,38.97,,,5934,234009.74,126,F1,1,,,,,
2026-08-03,2026-08-03,CM,NSE,STK,760461,INE343B01030,RAJESHEXPO,BZ,,,,,RAJESH EXPORTS LTD,84.80,86.14,84.60,84.80,84.75,84.89,,84.81,,,101144,8613295.33,1320,F1,1,,,,,
2026-08-03,2026-08-03,CM,NSE,STK,19681,INE0BZQ01011,RCDL,SM,,,,,RAJGOR CASTOR DERIVATI L,33.40,34.00,32.00,33.85,34.00,32.10,,33.85,,,78000,2607000.00,24,F1,3000,,,,,
2026-08-03,2026-08-03,CM,NSE,STK,2168,INE00KV01022,RAJMET,EQ,,,,,RAJNANDINI METAL LIMITED,3.27,3.35,3.27,3.31,3.33,3.27,,3.31,,,197052,653710.68,710,F1,1,,,,,
2026-08-03,2026-08-03,CM,NSE,STK,757052,INE535F01024,RAJOOENG,BE,,,,,RAJOO ENGINEERS LIMITED,52.60,53.60,52.07,52.45,52.55,52.66,,52.43,,,189033,9956755.11,673,F1,1,,,,,
2026-08-03,2026-08-03,CM,NSE,STK,27269,INE0VHU01019,RAJPUTANA,SM,,,,,RAJPUTANA BIODIESEL LTD,203.00,203.00,203.00,203.00,203.00,194.00,,203.00,,,500,101500.00,1,F1,500,,,,,
2026-08-03,2026-08-03,CM,NSE,STK,24707,INE0PCU01012,RAJINDLTD,SM,,,,,RAJPUTANA INDUSTRIES LTD,71.00,73.60,71.00,71.95,71.95,70.75,,71.95,,,4500,324825.00,3,F1,1500,,,,,
2026-08-03,2026-08-03,CM,NSE,STK,761439,INE313L01016,RSL,EQ,,,,,RAJPUTANA STAINLESS LTD,143.00,143.99,140.90,142.89,141.80,141.03,,142.89,,,1421684,202086457.79,4619,F1,1,,,,,
2026-08-03,2026-08-03,CM,NSE,STK,18962,INE451D01029,RAJRATAN,EQ,,,,,RAJRATAN GLOBAL WIRE LTD,500.00,518.00,497.05,513.50,514.90,495.00,,513.43,,,154143,78283438.00,5274,F1,1,,,,,
2026-08-03,2026-08-03,CM,NSE,STK,6913,INE760W01023,RPPL,EQ,,,,,RAJSHREE POLYPACK LTD,21.89,22.44,21.08,22.33,22.30,21.12,,22.33,,,92204,2031337.52,543,F1,1,,,,,
2026-08-03,2026-08-03,CM,NSE,STK,2809,INE562B01019,RAJSREESUG,EQ,,,,,RAJSHREE SUGAR & CHEMICAL,31.29,31.99,29.91,30.39,30.35,29.29,,30.39,,,53084,1638410.94,486,F1,1,,,,,
2026-08-03,2026-08-03,CM,NSE,STK,6259,INE011H01014,RAJVIR,BZ,,,,,RAJVIR INDUSTRIES LIMITED,5.64,5.64,5.64,5.64,5.64,5.93,,5.64,,,10,56.40,1,F1,1,,,,,
2026-08-03,2026-08-03,CM,NSE,STK,2816,INE613A01020,RALLIS,EQ,,,,,RALLIS INDIA LTD,218.50,220.96,216.61,217.82,217.50,217.14,,217.81,,,863483,188504506.60,22714,F1,1,,,,,
2026-08-03,2026-08-03,CM,NSE,STK,10485,INE207E01023,RAMRAT,EQ,,,,,RAM RATNA WIRES LIMITED,439.00,444.45,424.00,429.95,431.00,448.50,,429.98,,,339219,146891279.75,12530,F1,1,,,,,
2026-08-03,2026-08-03,CM,NSE,STK,10568,INE809A01032,RAMAPHO,EQ,,,,,RAMA PHOSPHATES LIMITED,131.99,134.90,126.67,130.91,131.00,128.48,,130.91,,,89184,11697185.96,2066,F1,1,,,,,
2026-08-03,2026-08-03,CM,NSE,STK,10304,INE230R01035,RAMASTEEL,BE,,,,,RAMA STEEL TUBES LIMITED,4.23,4.30,4.10,4.22,4.11,4.13,,4.22,,,3243922,13802656.73,4467,F1,1,,,,,
2026-08-03,2026-08-03,CM,NSE,STK,4587,INE614A01028,RAMCOIND,EQ,,,,,RAMCO INDUSTRIES LIMITED,329.90,334.65,328.00,332.15,330.10,326.40,,332.21,,,91714,30351100.20,2726,F1,1,,,,,
2026-08-03,2026-08-03,CM,NSE,STK,7851,INE246B01019,RAMCOSYS,EQ,,,,,RAMCO SYSTEMS LTD.,585.90,588.95,561.30,563.95,565.20,580.90,,563.98,,,250501,143643617.20,7815,F1,1,,,,,
2026-08-03,2026-08-03,CM,NSE,STK,23565,INE0RJH01010,RBS,SM,,,,,RAMDEVBABA SOLVENT LTD,91.00,91.00,87.10,90.00,90.00,89.90,,90.00,,,11200,989160.00,12,F1,800,,,,,
2026-08-03,2026-08-03,CM,NSE,STK,11411,INE399G01023,RKFORGE,EQ,,,,,RAMKRISHNA FORGINGS LTD,659.70,684.70,642.35,681.15,684.00,651.15,,681.14,,,3196714,2127633155.25,68718,F1,1,,,,,
2026-08-03,2026-08-03,CM,NSE,STK,20134,INE874I01013,RAMKY,EQ,,,,,RAMKY INFRA LTD,379.20,392.90,379.20,389.15,387.00,379.20,,389.05,,,41901,16228575.90,1774,F1,1,,,,,
2026-08-03,2026-08-03,CM,NSE,STK,2837,INE625B01014,RANASUG,EQ,,,,,RANA SUGARS LTD.,11.81,12.82,11.81,12.52,12.55,11.81,,12.52,,,589199,7357436.96,2045,F1,1,,,,,
2026-08-03,2026-08-03,CM,NSE,STK,11975,INE050H01012,RML,EQ,,,,,RANE (MADRAS) LIMITED,1174.70,1237.00,1162.40,1210.80,1205.00,1154.70,,1210.82,,,55286,66636418.30,6493,F1,1,,,,,
2026-08-03,2026-08-03,CM,NSE,STK,2844,INE384A01010,RANEHOLDIN,EQ,,,,,RANE HOLDINGS LIMITED,1759.90,1888.00,1745.00,1872.60,1868.00,1748.50,,1872.47,,,79892,146509356.70,8397,F1,1,,,,,
2026-08-03,2026-08-03,CM,NSE,STK,25610,INE0MVO01012,RAPPID,SM,,,,,RAPPID VALVES (INDIA) LTD,322.75,325.10,315.00,325.00,325.00,327.55,,325.00,,,10200,3295020.00,16,F1,600,,,,,
2026-08-03,2026-08-03,CM,NSE,STK,22670,INE0J1F01024,RPTECH,EQ,,,,,RASHI PERIPHERALS LIMITED,840.00,889.00,822.05,883.65,880.00,833.55,,883.62,,,1212672,1051038697.05,44857,F1,1,,,,,
2026-08-03,2026-08-03,CM,NSE,STK,2866,INE027A01015,RCF,EQ,,,,,RASHTRIYA CHEMICALS & FER,127.40,129.59,127.11,127.62,127.78,127.40,,127.62,,,881041,113022284.69,7226,F1,1,,,,,
2026-08-03,2026-08-03,CM,NSE,STK,7177,INE0CLI01024,RATEGAIN,EQ,,,,,RATEGAIN TRAVEL TECHN LTD,929.00,978.90,927.00,965.40,967.00,918.40,,965.37,,,757521,727769358.25,27442,F1,1,,,,,
2026-08-03,2026-08-03,CM,NSE,STK,13451,INE703B01027,RATNAMANI,EQ,,,,,RATNAMANI MET & TUB LTD.,2373.00,2424.30,2358.90,2371.80,2358.90,2358.90,,2371.70,,,24944,59634664.90,5626,F1,1,,,,,
2026-08-03,2026-08-03,CM,NSE,STK,18423,INE05CZ01011,RATNAVEER,EQ,,,,,RATNAVEER PRECISION ENG L,184.99,212.20,184.43,205.79,205.55,181.38,,205.79,,,39358650,8080659731.63,245834,F1,1,,,,,
2026-08-03,2026-08-03,CM,NSE,STK,27297,INE834M01019,RTNINDIA,EQ,,,,,RATTANINDIA ENT LIMITED,31.34,33.35,31.34,33.11,32.85,31.34,,33.11,,,2634603,86198349.33,7146,F1,1,,,,,
2026-08-03,2026-08-03,CM,NSE,STK,17520,INE399K01017,RTNPOWER,EQ,,,,,RATTANINDIA POWER LIMITED,8.75,8.95,8.67,8.80,8.76,8.71,,8.80,,,18178783,160209829.23,15015,F1,1,,,,,
2026-08-03,2026-08-03,CM,NSE,STK,20950,INE722J01012,RKDL,EQ,,,,,RAVI KUMAR DIST. LTD.,19.80,19.80,18.50,19.14,19.27,19.74,,19.14,,,18391,347577.93,199,F1,1,,,,,
2026-08-03,2026-08-03,CM,NSE,STK,1565,INE09E501017,RVHL,EQ,,,,,RAVINDER HEIGHTS LIMITED,45.80,46.47,45.00,45.97,46.46,44.93,,45.98,,,13469,616851.35,79,F1,1,,,,,
2026-08-03,2026-08-03,CM,NSE,STK,24596,INE206N01018,RELTD,EQ,,,,,RAVINDRA ENERGY LIMITED,169.87,170.79,164.50,166.81,167.10,167.98,,166.81,,,255178,42885612.07,3536,F1,1,,,,,
2026-08-03,2026-08-03,CM,NSE,STK,25073,INE02ID01020,RAYMONDLSL,EQ,,,,,RAYMOND LIFESTYLE LIMITED,699.60,754.00,677.00,727.30,725.40,710.50,,727.27,,,659709,484452754.95,26114,F1,1,,,,,
2026-08-03,2026-08-03,CM,NSE,STK,2859,INE301A01014,RAYMOND,EQ,,,,,RAYMOND LTD,589.40,609.30,584.05,602.00,600.05,580.10,,602.00,,,668558,401914737.55,15953,F1,1,,,,,
2026-08-03,2026-08-03,CM,NSE,STK,758551,INE1SY401010,RAYMONDREL,EQ,,,,,RAYMOND REALTY LIMITED,650.00,677.85,646.35,669.75,671.35,643.10,,669.49,,,300774,200947875.30,8622,F1,1,,,,,
2026-08-03,2026-08-03,CM,NSE,STK,18391,INE976G01028,RBLBANK,EQ,,,,,RBL BANK LIMITED,379.50,382.40,376.35,379.95,379.95,375.50,,379.94,,,3413992,1293031674.40,43289,F1,1,,,,,
2026-08-03,2026-08-03,CM,NSE,STK,13570,INE0NA301016,RBMINFRA,SM,,,,,RBM INFRACON LIMITED,270.00,272.90,261.00,266.45,267.30,264.80,,266.45,,,15400,4086690.00,69,F1,200,,,,,
2026-08-03,2026-08-03,CM,NSE,STK,20874,INE0PEQ01016,RBZJEWEL,EQ,,,,,RBZ JEWELLERS LIMITED,149.00,153.80,148.50,152.54,152.00,148.98,,152.31,,,102323,15483819.21,3943,F1,1,,,,,
2026-08-03,2026-08-03,CM,NSE,STK,29561,INE10QL01011,READYMIX,SM,,,,,READYMIX CONSTRU MACHI L,115.00,115.00,105.00,107.75,108.40,107.40,,107.75,,,24000,2613000.00,24,F1,1000,,,,,
2026-08-03,2026-08-03,CM,NSE,STK,15355,INE020B01018,RECLTD,EQ,,,,,REC LIMITED,374.00,376.70,367.05,368.10,368.10,372.95,,368.09,,,3512873,1304560789.10,30924,F1,1,,,,,
2026-08-03,2026-08-03,CM,NSE,STK,14255,INE891D01026,REDINGTON,EQ,,,,,REDINGTON LIMITED,320.50,357.80,319.50,347.85,347.20,321.65,,347.84,,,69118282,23852283269.60,492929,F1,1,,,,,
2026-08-03,2026-08-03,CM,NSE,STK,17859,INE0LXT01019,REDTAPE,EQ,,,,,REDTAPE LIMITED,131.90,133.08,130.51,130.79,130.51,132.51,,130.80,,,148310,19500731.15,2851,F1,1,,,,,
2026-08-03,2026-08-03,CM,NSE,STK,17764,INE056I01025,REFEX,EQ,,,,,REFEX INDUSTRIES LIMITED,309.00,311.00,304.00,306.80,306.00,302.80,,306.77,,,360544,110721391.55,6252,F1,1,,,,,
2026-08-03,2026-08-03,CM,NSE,STK,23718,INE0TNX01015,REFRACTORY,SM,,,,,REFRACTORY SHAPES LIMITED,25.75,26.00,25.75,26.00,26.00,26.50,,26.00,,,2000,51750.00,2,F1,1000,,,,,
2026-08-03,2026-08-03,CM,NSE,STK,758682,INE0MHO01029,REGAAL,BE,,,,,REGAAL RESOURCES LIMITED,82.99,85.97,82.99,85.97,85.97,81.88,,85.96,,,229882,19592839.05,793,F1,1,,,,,
2026-08-03,2026-08-03,CM,NSE,STK,4130,INE277C01012,REGENCERAM,EQ,,,,,REGENCY CERAMICS LTD.,32.01,34.90,31.00,32.90,33.28,32.92,,32.90,,,6139,201285.50,108,F1,1,,,,,
2026-08-03,2026-08-03,CM,NSE,STK,24225,INE131B01039,RELAXO,EQ,,,,,RELAXO FOOT LTD.,405.00,414.70,403.05,408.70,407.00,403.95,,408.76,,,208423,85428083.90,6840,F1,1,,,,,
2026-08-03,2026-08-03,CM,NSE,STK,3172,INF204KC1030,GILT5YBEES,EQ,,,,,RELCAPAMC - NETFGILT5Y,67.15,67.15,65.89,66.18,66.16,66.17,,66.18,,,204377,13520860.35,942,F1,1,,,,,
2026-08-03,2026-08-03,CM,NSE,STK,24378,INE375Y01018,RELIABLE,EQ,,,,,RELIABLE DATA SERVICE LTD,144.75,147.49,140.50,146.37,145.90,139.74,,146.45,,,83363,12066371.83,1096,F1,1,,,,,
2026-08-03,2026-08-03,CM,NSE,STK,9652,INE750D01016,RELCHEMQ,EQ,,,,,RELIANCE CHEMOTEX IND LTD,122.10,127.50,122.10,124.83,123.33,123.03,,124.65,,,2328,290030.44,86,F1,1,,,,,
2026-08-03,2026-08-03,CM,NSE,STK,13188,INE330H01018,RCOM,BE,,,,,RELIANCE COMMUNICATIONS L,0.84,0.85,0.82,0.84,0.85,0.82,,0.84,,,2049908,1716226.56,1809,F1,1,,,,,
2026-08-03,2026-08-03,CM,NSE,STK,759204,INE217K01011,RHFL,BZ,,,,,RELIANCE HOME FINANCE LTD,1.93,1.94,1.85,1.88,1.87,1.94,,1.88,,,2066881,3856902.83,1899,F1,1,,,,,
2026-08-03,2026-08-03,CM,NSE,STK,2912,INE046A01015,RIIL,EQ,,,,,RELIANCE INDUSTRIAL INFRA,747.00,755.05,740.10,746.85,741.75,742.60,,746.63,,,45659,34276978.55,1687,F1,1,,,,,
2026-08-03,2026-08-03,CM,NSE,STK,2885,INE002A01018,RELIANCE,EQ,,,,,RELIANCE INDUSTRIES LTD,1315.20,1319.00,1306.00,1319.00,1319.00,1307.80,,1318.97,,,7508023,9843685449.40,158782,F1,1,,,,,
2026-08-03,2026-08-03,CM,NSE,STK,4791,INE036A01016,RELINFRA,BE,,,,,RELIANCE INFRASTRUCTU LTD,63.04,63.04,63.04,63.04,63.04,60.04,,63.19,,,214554,13525484.16,554,F1,1,,,,,
2026-08-03,2026-08-03,CM,NSE,STK,15259,INE614G01033,RPOWER,EQ,,,,,RELIANCE POWER LTD.,23.56,24.57,23.56,23.87,23.90,23.41,,23.87,,,31020819,750106831.06,47397,F1,1,,,,,
2026-08-03,2026-08-03,CM,NSE,STK,15068,INE621H01010,RELIGARE,EQ,,,,,RELIGARE ENTER. LTD.,255.95,262.00,253.80,261.10,260.05,253.15,,261.10,,,1464485,377674659.70,12818,F1,1,,,,,
2026-08-03,2026-08-03,CM,NSE,STK,3965,INE474C01023,REMSONSIND,EQ,,,,,REMSONS INDUSTRIES LTD,82.15,84.79,82.15,83.44,83.88,83.19,,83.45,,,48460,4051427.27,965,F1,1,,,,,
2026-08-03,2026-08-03,CM,NSE,STK,16154,INE0O5T01011,REMUS,SM,,,,,REMUS PHARMACEUTICALS L,725.00,778.05,725.00,766.00,765.00,720.00,,766.00,,,7600,5732065.00,58,F1,100,,,,,
2026-08-03,2026-08-03,CM,NSE,STK,15129,INE722H01024,RGL,EQ,,,,,RENAISSANCE GLOBAL LTD,118.00,119.38,115.00,115.50,115.00,117.27,,115.49,,,354917,41651757.39,2772,F1,1,,,,,
2026-08-03,2026-08-03,CM,NSE,STK,758157,INE0VZX01015,RNPL,SM,,,,,RENOL POLYCHEM LIMITED,84.80,85.00,79.15,84.75,84.75,82.00,,84.75,,,15600,1286460.00,12,F1,1200,,,,,
2026-08-03,2026-08-03,CM,NSE,STK,29598,INE612J01015,REPCOHOME,EQ,,,,,REPCO HOME FINANCE LTD,385.90,390.80,385.00,385.95,386.00,385.10,,385.95,,,72642,28164696.30,2054,F1,1,,,,,
2026-08-03,2026-08-03,CM,NSE,STK,13126,INE461B01014,REPRO,EQ,,,,,REPRO INDIA LIMITED,378.85,405.00,377.50,398.70,400.00,378.65,,398.74,,,64234,25227217.65,1599,F1,1,,,,,
2026-08-03,2026-08-03,CM,NSE,STK,20323,INE688D01026,RESPONIND,EQ,,,,,RESPONSIVE INDUSTRIES LTD,171.60,175.00,171.60,173.30,172.40,171.60,,173.29,,,84594,14649751.48,1402,F1,1,,,,,
2026-08-03,2026-08-03,CM,NSE,STK,1494,INE07T201019,RBA,EQ,,,,,RESTAURANT BRAND ASIA LTD,67.00,71.40,67.00,70.76,71.30,66.64,,70.76,,,5382951,375102300.52,20708,F1,1,,,,,
2026-08-03,2026-08-03,CM,NSE,STK,25157,INE0DAB01012,RVTH,EQ,,,,,REVATHI EQUIPMENT INDIA L,712.50,721.00,700.00,706.65,706.65,700.45,,706.85,,,769,545878.20,46,F1,1,,,,,
2026-08-03,2026-08-03,CM,NSE,STK,29270,INE113601012,REXPRO,SM,,,,,REXPRO ENTERPRISES LTD,38.30,38.30,38.30,38.30,38.30,39.20,,38.30,,,1000,38300.00,1,F1,1000,,,,,
2026-08-03,2026-08-03,CM,NSE,STK,759062,INE0KKN01029,RHETAN,EQ,,,,,RHETAN TMT LIMITED,31.22,31.50,31.10,31.12,31.12,30.67,,31.12,,,6489222,203072724.87,2881,F1,1,,,,,
2026-08-03,2026-08-03,CM,NSE,STK,31163,INE743M01012,RHIM,EQ,,,,,RHI MAGNESITA INDIA LTD,390.00,419.35,390.00,412.25,411.10,388.55,,412.26,,,1273074,523401557.60,30763,F1,1,,,,,
2026-08-03,2026-08-03,CM,NSE,STK,8212,INE0J1P01015,RICHA,ST,,,,,RICHA INFO SYSTEMS LTD,90.00,90.00,89.00,89.00,89.00,90.00,,89.00,,,2000,179000.00,2,F1,1000,,,,,
2026-08-03,2026-08-03,CM,NSE,STK,2909,INE209B01025,RICOAUTO,EQ,,,,,RICO AUTO INDUSTRIES LTD,142.50,146.73,141.45,142.07,142.10,141.77,,142.07,,,1456704,209605968.76,11951,F1,1,,,,,
2026-08-03,2026-08-03,CM,NSE,STK,764121,INE302D01024,RIR,EQ,,,,,RIR POWER ELECTRONICS L,161.95,163.44,157.17,159.25,158.50,158.93,,159.26,,,117095,18859839.02,3052,F1,1,,,,,
2026-08-03,2026-08-03,CM,NSE,STK,18417,INE0N2P01017,RISHABH,EQ,,,,,RISHABH INSTRUMENTS LTD,619.10,662.05,617.75,650.20,650.85,610.55,,650.28,,,201022,130277754.65,13064,F1,1,,,,,
2026-08-03,2026-08-03,CM,NSE,STK,8944,INE01EG01016,RITCO,EQ,,,,,RITCO LOGISTICS LIMITED,295.70,306.00,293.00,301.25,299.00,291.70,,301.22,,,268052,80896790.75,7677,F1,1,,,,,
2026-08-03,2026-08-03,CM,NSE,STK,3761,INE320J01015,RITES,EQ,,,,,RITES LIMITED,214.90,221.32,214.90,219.31,218.50,214.09,,219.30,,,785441,172250332.14,13629,F1,1,,,,,
2026-08-03,2026-08-03,CM,NSE,STK,1547,INE786W01010,RKEC,EQ,,,,,RKEC PROJECTS LIMITED,26.21,26.93,26.20,26.40,26.40,26.03,,26.40,,,7602,201728.57,62,F1,1,,,,,
2026-08-03,2026-08-03,CM,NSE,STK,762346,INE655V01019,RMC,EQ,,,,,RMC SWITCHGEARS LIMITED,254.85,299.80,245.40,292.15,293.45,251.10,,292.17,,,272852,77370725.60,8253,F1,1,,,,,
2026-08-03,2026-08-03,CM,NSE,STK,24589,INE0SA001017,RNFI,SM,,,,,RNFI SERVICES LIMITED,278.00,289.00,265.00,285.05,286.95,281.55,,285.05,,,123600,34593390.00,111,F1,600,,,,,
2026-08-03,2026-08-03,CM,NSE,STK,15157,INE508K01013,RHL,EQ,,,,,ROBUST HOTELS LIMITED,174.00,174.00,168.80,172.99,173.90,168.50,,172.99,,,1708,293038.81,121,F1,1,,,,,
2026-08-03,2026-08-03,CM,NSE,STK,20289,INE0PTR01012,ROCKINGDCE,SM,,,,,ROCKINGDEALS CIRCU ECO L,182.10,182.10,177.10,181.00,181.00,188.00,,181.00,,,1500,269687.50,6,F1,250,,,,,
2026-08-03,2026-08-03,CM,NSE,STK,5279,INE645S01024,ROLEXRINGS,EQ,,,,,ROLEX RINGS LIMITED,139.06,141.70,137.65,139.10,137.81,136.95,,139.10,,,975005,136783378.36,14255,F1,1,,,,,
2026-08-03,2026-08-03,CM,NSE,STK,19108,INE927A01040,ROLLT,BE,,,,,ROLLATAINERS LIMITED,2.58,2.58,2.58,2.58,2.58,2.46,,2.58,,,99388,256421.04,62,F1,1,,,,,
2026-08-03,2026-08-03,CM,NSE,STK,19410,INE02A801020,ROSSARI,EQ,,,,,ROSSARI BIOTECH LIMITED,505.95,511.00,500.60,508.25,503.00,504.30,,508.10,,,57189,29022208.70,3648,F1,1,,,,,
2026-08-03,2026-08-03,CM,NSE,STK,28913,INE847C01020,ROSSELLIND,EQ,,,,,ROSSELL INDIA LIMITED,59.79,60.40,57.71,58.74,59.00,57.55,,58.74,,,26997,1596855.85,382,F1,1,,,,,
2026-08-03,2026-08-03,CM,NSE,STK,27353,INE0OJW01016,ROSSTECH,EQ,,,,,ROSSELL TECHSYS LIMITED,975.95,1086.75,966.00,1067.10,1063.00,954.10,,1067.00,,,1333256,1407500177.25,64988,F1,1,,,,,
2026-08-03,2026-08-03,CM,NSE,STK,9049,INE535D01037,ROTO,EQ,,,,,ROTO PUMPS LIMITED,67.99,68.45,67.10,67.48,67.50,67.47,,67.48,,,233785,15859214.22,2240,F1,1,,,,,
2026-08-03,2026-08-03,CM,NSE,STK,128,INE450U01017,ROUTE,EQ,,,,,ROUTE MOBILE LIMITED,540.00,549.50,531.10,537.05,534.75,540.00,,537.15,,,488967,264854566.15,15246,F1,1,,,,,
2026-08-03,2026-08-03,CM,NSE,STK,20167,INE0PDJ01013,ROXHITECH,SM,,,,,ROX HI TECH LIMITED,49.55,49.55,46.50,46.55,46.50,47.25,,46.55,,,24000,1131920.00,15,F1,1600,,,,,
2026-08-03,2026-08-03,CM,NSE,STK,29727,INE0EO401019,ROYALARC,SM,,,,,ROYAL ARC ELECTRODES LTD,148.00,148.00,148.00,148.00,148.00,148.00,,148.00,,,1200,177600.00,1,F1,1200,,,,,
2026-08-03,2026-08-03,CM,NSE,STK,13182,INE283H01019,ROHLTD,EQ,,,,,ROYAL ORCHID HOTELS LTD,316.30,317.60,312.65,313.80,315.00,312.85,,313.80,,,14282,4498934.25,500,F1,1,,,,,
2026-08-03,2026-08-03,CM,NSE,STK,16725,INE105J01010,RPGLIFE,EQ,,,,,RPG LIFE SCIENCES LTD,2780.00,2819.50,2727.30,2756.80,2773.80,2768.20,,2757.10,,,14650,40741839.00,2281,F1,1,,,,,
2026-08-03,2026-08-03,CM,NSE,STK,8119,INE425Y01011,RPSGVENT,EQ,,,,,RPSG VENTURES LIMITED,931.00,964.85,931.00,952.30,950.00,935.25,,952.30,,,32582,30913184.40,1651,F1,1,,,,,
2026-08-03,2026-08-03,CM,NSE,STK,7292,INE611A01016,RSWM,BE,,,,,RSWM LIMITED,214.00,225.29,213.00,224.76,224.50,214.57,,224.76,,,183073,40945687.55,1261,F1,1,,,,,
2026-08-03,2026-08-03,CM,NSE,STK,24730,INE642C01025,RUBFILA,EQ,,,,,RUBFILA INTERNATIONAL LTD,71.25,72.24,71.00,71.45,71.90,71.25,,71.48,,,11099,793373.47,475,F1,1,,,,,
2026-08-03,2026-08-03,CM,NSE,STK,759316,INE506V01022,RUBICON,EQ,,,,,RUBICON RESEARCH LIMITED,1501.20,1530.00,1490.00,1500.80,1490.00,1491.00,,1500.87,,,93519,141172585.30,9840,F1,1,,,,,
2026-08-03,2026-08-03,CM,NSE,STK,4566,INE413B01023,RUCHINFRA,EQ,,,,,RUCHI INFRASTRUCTURE LTD,5.94,5.94,5.73,5.89,5.93,5.88,,5.89,,,40821,238803.71,207,F1,1,,,,,
2026-08-03,2026-08-03,CM,NSE,STK,13821,INE803H01014,RUCHIRA,EQ,,,,,RUCHIRA PAPERS LIMITED,109.32,109.80,107.63,108.09,107.82,108.24,,108.09,,,37111,4020694.18,620,F1,1,,,,,
2026-08-03,2026-08-03,CM,NSE,STK,760392,INE027T01023,RUDRA,EQ,,,,,RUDRA GLOBAL INFRA PROD L,17.73,18.99,17.02,18.06,18.05,17.27,,18.06,,,89942,1615218.75,301,F1,1,,,,,
2026-08-03,2026-08-03,CM,NSE,STK,1486,INE364Z01019,REPL,BE,,,,,RUDRABHISHEK ENTERP LTD,63.00,66.69,63.00,65.08,65.67,63.95,,65.08,,,2281,148058.41,50,F1,1,,,,,
2026-08-03,2026-08-03,CM,NSE,STK,23830,INE0R7301013,RULKA,SM,,,,,RULKA ELECTRICALS LIMITED,109.05,112.00,109.00,111.25,111.25,112.95,,111.25,,,3900,427995.00,10,F1,300,,,,,
2026-08-03,2026-08-03,CM,NSE,STK,25724,INE895B01021,RUPA,EQ,,,,,RUPA & COMPANY LTD,161.90,164.54,161.32,163.63,162.48,161.05,,163.61,,,99599,16251557.56,2960,F1,1,,,,,
2026-08-03,2026-08-03,CM,NSE,STK,24595,INE573K01025,RUSHIL,EQ,,,,,RUSHIL DECOR LIMITED,17.84,17.84,16.81,16.99,17.08,17.23,,16.99,,,538624,9295564.63,1409,F1,1,,,,,
2026-08-03,2026-08-03,CM,NSE,STK,24674,INE0BSN01013,SATECH,SM,,,,,S A TECH SOFTWARE INDIA L,36.10,36.10,36.10,36.10,36.10,34.55,,36.10,,,1000,36100.00,1,F1,1000,,,,,
2026-08-03,2026-08-03,CM,NSE,STK,20698,INE807K01035,SCHAND,EQ,,,,,S CHAND AND COMPANY LTD,146.00,146.61,143.04,144.70,144.70,142.74,,144.70,,,24392,3535452.78,991,F1,1,,,,,
2026-08-03,2026-08-03,CM,NSE,STK,25528,INE0X6F01017,SDREAMS,SM,,,,,S D RETAIL LIMITED,88.00,88.00,88.00,88.00,88.00,88.00,,88.00,,,1000,88000.00,1,F1,1000,,,,,
2026-08-03,2026-08-03,CM,NSE,STK,11212,INE500L01026,SHK,EQ,,,,,S H KELKAR AND CO. LTD.,166.40,167.99,165.03,166.54,165.35,164.59,,166.53,,,429687,71478330.40,5538,F1,1,,,,,
2026-08-03,2026-08-03,CM,NSE,STK,20542,INE0F3301020,SJLOGISTIC,SM,,,,,S J LOGISTICS (INDIA) LTD,309.00,325.00,292.50,322.30,323.00,302.75,,322.30,,,76250,23488475.00,223,F1,250,,,,,
2026-08-03,2026-08-03,CM,NSE,STK,2951,INE902B01017,S&SPOWER,EQ,,,,,S&S POWER SWITCHGEARS LTD,316.90,334.35,316.10,334.35,334.35,318.45,,334.35,,,3578,1194264.00,62,F1,1,,,,,
2026-08-03,2026-08-03,CM,NSE,STK,18252,INE212I01016,SPAL,EQ,,,,,S. P. APPARELS LIMITED,1008.00,1011.00,980.00,988.70,981.60,992.10,,988.61,,,38788,38629298.80,3431,F1,1,,,,,
2026-08-03,2026-08-03,CM,NSE,STK,11634,INE658G01014,SALSTEEL,EQ,,,,,S.A.L. STEEL LTD.,58.92,58.92,56.11,57.69,57.93,57.56,,57.69,,,71609,4138341.77,520,F1,1,,,,,
2026-08-03,2026-08-03,CM,NSE,STK,19112,INE0PSK01027,SAAKSHI,ST,,,,,SAAKSHI MEDTEC N PANELS L,299.95,307.95,295.55,305.00,305.00,295.55,,305.00,,,11400,3435840.00,14,F1,600,,,,,
2026-08-03,2026-08-03,CM,NSE,STK,759057,INE13B501022,SAATVIKGL,EQ,,,,,SAATVIK GREEN ENERGY LTD,433.55,442.00,433.55,437.80,441.95,433.55,,437.79,,,36670,16062693.30,1853,F1,1,,,,,
2026-08-03,2026-08-03,CM,NSE,STK,18497,INE860T01019,SABEVENTS,EQ,,,,,SAB EVENTS & GOVERNANCE,6.02,6.32,6.02,6.32,6.32,6.02,,6.39,,,12593,79139.77,47,F1,1,,,,,
2026-08-03,2026-08-03,CM,NSE,STK,10982,INE0DZ101013,SABAR,SM,,,,,SABAR FLEX INDIA LIMITED,6.05,6.60,6.05,6.45,6.60,6.35,,6.45,,,55000,353500.00,7,F1,5000,,,,,
2026-08-03,2026-08-03,CM,NSE,STK,757409,INE1ARD01016,SACHEEROME,SM,,,,,SACHEEROME LIMITED,428.90,439.00,410.25,416.20,415.00,423.80,,416.20,,,20400,8661435.00,58,F1,300,,,,,
2026-08-03,2026-08-03,CM,NSE,STK,13236,INE226H01026,SADBHAV,EQ,,,,,SADBHAV ENGINEERING LTD,9.08,9.08,8.63,8.64,8.63,9.08,,8.64,,,351653,3072508.87,1068,F1,1,,,,,
2026-08-03,2026-08-03,CM,NSE,STK,10622,INE764L01010,SADBHIN,BE,,,,,SADBHAV INFRA PROJ LTD.,2.63,2.67,2.51,2.52,2.59,2.64,,2.52,,,288658,748125.85,260,F1,1,,,,,
2026-08-03,2026-08-03,CM,NSE,STK,15349,INE888C01040,SADHNANIQ,BE,,,,,SADHANA NITROCHEM LIMITED,2.79,2.79,2.71,2.79,2.79,2.66,,2.79,,,1776535,4940702.71,488,F1,1,,,,,
2026-08-03,2026-08-03,CM,NSE,STK,22897,INE0K5H01010,SADHAV,SM,,,,,SADHAV SHIPPING LIMITED,119.50,120.50,119.50,120.15,120.50,119.90,,120.15,,,4800,576090.00,8,F1,600,,,,,
2026-08-03,2026-08-03,CM,NSE,STK,13035,INE429E01023,SAFARI,EQ,,,,,SAFARI IND (INDIA) LTD,1559.70,1588.90,1504.00,1548.10,1535.30,1559.60,,1547.97,,,153429,235087381.00,24699,F1,1,,,,,
2026-08-03,2026-08-03,CM,NSE,STK,757583,INE17D601016,SAFEENTP,SM,,,,,SAFE ENTER RETAIL FIX LTD,260.00,263.00,252.00,261.60,261.90,247.50,,261.60,,,37500,9709150.00,61,F1,500,,,,,
2026-08-03,2026-08-03,CM,NSE,STK,14068,INE229C01021,SAGCEM,EQ,,,,,SAGAR CEMENTS LIMITED,174.49,176.39,171.21,172.67,172.45,173.96,,172.69,,,37113,6468894.60,1178,F1,1,,,,,
2026-08-03,2026-08-03,CM,NSE,STK,8175,INE976T01013,SAGARDEEP,EQ,,,,,SAGARDEEP ALLOYS LIMITED,25.44,25.44,24.24,24.49,24.38,24.24,,24.49,,,3300,81349.19,60,F1,1,,,,,
2026-08-03,2026-08-03,CM,NSE,STK,27052,INE0W2G01015,SAGILITY,EQ,,,,,SAGILITY LIMITED,43.50,44.58,43.11,43.88,43.80,43.40,,43.88,,,18555073,815619948.10,38192,F1,1,,,,,
2026-08-03,2026-08-03,CM,NSE,STK,24478,INE0P4701011,SAHAJSOLAR,SM,,,,,SAHAJ SOLAR LIMITED,114.85,119.95,114.85,115.60,115.95,114.85,,115.60,,,8400,981820.00,21,F1,400,,,,,
2026-08-03,2026-08-03,CM,NSE,STK,16711,INE0LEX01011,SAHANA,SM,,,,,SAHANA SYSTEM LIMITED,849.50,860.00,829.00,831.60,829.00,844.50,,831.60,,,17400,14589375.00,63,F1,150,,,,,
2026-08-03,2026-08-03,CM,NSE,STK,25671,INE0RBQ01018,SAHASRA,ST,,,,,SAHASRA ELECTRONIC SOLU L,314.45,325.75,310.00,325.75,325.75,310.25,,325.75,,,28400,9106800.00,63,F1,400,,,,,
2026-08-03,2026-08-03,CM,NSE,STK,14900,INE280H01015,SAHYADRI,EQ,,,,,SAHYADRI INDUSTRIES LTD,314.00,332.85,313.75,326.90,323.20,303.60,,326.87,,,34936,11332756.55,1778,F1,1,,,,,
2026-08-03,2026-08-03,CM,NSE,STK,27839,INE570L01029,SAILIFE,EQ,,,,,SAI LIFE SCIENCES LIMITED,1325.00,1350.00,1315.20,1333.40,1330.00,1315.10,,1333.28,,,316024,423186923.30,18962,F1,1,,,,,
2026-08-03,2026-08-03,CM,NSE,STK,761675,INE0H9F01037,SAIPARENT,EQ,,,,,SAI PARENTERALS LIMITED,551.70,560.00,546.00,554.55,551.95,547.50,,554.57,,,73640,40806742.60,3807,F1,1,,,,,
2026-08-03,2026-08-03,CM,NSE,STK,18755,INE438K01021,KALAMANDIR,EQ,,,,,SAI SILKS (KALAMANDIR) L,89.11,90.70,89.05,90.03,89.99,89.13,,90.03,,,317343,28585159.60,2903,F1,1,,,,,
2026-08-03,2026-08-03,CM,NSE,STK,25715,INE00MT01022,SAJHOTELS,ST,,,,,SAJ HOTELS LIMITED,36.00,36.75,33.25,36.75,36.75,35.00,,36.75,,,78000,2757500.00,30,F1,2000,,,,,
2026-08-03,2026-08-03,CM,NSE,STK,9539,INE732S01012,SAKAR,EQ,,,,,SAKAR HEALTHCARE LIMITED,908.70,944.00,894.05,922.50,924.10,885.25,,922.50,,,181604,167144406.90,11555,F1,1,,,,,
2026-08-03,2026-08-03,CM,NSE,STK,11794,INE667G01023,SAKSOFT,EQ,,,,,SAKSOFT LIMITED,171.80,177.39,170.00,176.57,177.08,169.30,,176.57,,,1129208,198169739.36,13837,F1,1,,,,,
2026-08-03,2026-08-03,CM,NSE,STK,2969,INE623A01011,SAKHTISUG,EQ,,,,,SAKTHI SUGARS LTD,17.15,17.50,17.00,17.44,17.50,16.89,,17.44,,,115918,2010075.54,526,F1,1,,,,,
2026-08-03,2026-08-03,CM,NSE,STK,13251,INE190H01024,SAKUMA,EQ,,,,,SAKUMA EXPORTS LIMITED,1.63,1.67,1.63,1.64,1.65,1.64,,1.64,,,629153,1037026.84,1024,F1,1,,,,,
2026-08-03,2026-08-03,CM,NSE,STK,1995,INE00Y701026,SECL,SZ,,,,,SALASAR EXTERIOR CONT LTD,2.75,2.75,2.75,2.75,2.75,2.85,,2.75,,,12500,34375.00,2,F1,6250,,,,,
2026-08-03,2026-08-03,CM,NSE,STK,21362,INE170V01027,SALASAR,EQ,,,,,SALASAR TECHNO ENGG. LTD.,5.88,6.03,5.86,5.90,5.91,5.84,,5.90,,,4405746,26141715.84,3136,F1,1,,,,,
2026-08-03,2026-08-03,CM,NSE,STK,17351,INE498E01010,SALONA,EQ,,,,,SALONA COTSPIN LTD.,244.02,252.96,243.90,248.06,248.00,243.90,,248.07,,,965,239486.71,47,F1,1,,,,,
2026-08-03,2026-08-03,CM,NSE,STK,11399,INE457F01013,SALZERELEC,EQ,,,,,SALZER ELECTRONICS LTD,589.40,596.70,586.40,591.30,588.25,581.90,,591.30,,,41938,24814916.75,2140,F1,1,,,,,
2026-08-03,2026-08-03,CM,NSE,STK,4127,INE699B01027,SAMBHAAV,EQ,,,,,SAMBHAAV MEDIA LTD,6.55,6.82,6.39,6.58,6.62,6.36,,6.58,,,21777,143073.96,65,F1,1,,,,,
2026-08-03,2026-08-03,CM,NSE,STK,757767,INE12NJ01018,SAMBHV,EQ,,,,,SAMBHV STEEL TUBES LTD,122.07,123.55,119.00,119.96,119.00,120.06,,119.93,,,1664182,202230035.51,9169,F1,1,,,,,
2026-08-03,2026-08-03,CM,NSE,STK,21096,INE0PZA01015,SAIFL,SM,,,,,SAMEERA AGRO AND INFRA L,5.10,5.10,5.00,5.05,5.05,5.05,,5.05,,,340000,1715600.00,67,F1,4000,,,,,
2026-08-03,2026-08-03,CM,NSE,STK,18614,INE08U801020,SAMHI,EQ,,,,,SAMHI HOTELS LIMITED,179.90,184.75,178.32,181.68,179.10,179.84,,181.67,,,777492,141274495.32,11332,F1,1,,,,,
2026-08-03,2026-08-03,CM,NSE,STK,30125,INE148I01020,SAMMAANCAP,EQ,,,,,SAMMAAN CAPITAL LIMITED,163.00,166.10,160.63,161.08,161.00,162.43,,161.08,,,6896585,1128981973.56,29544,F1,1,,,,,
2026-08-03,2026-08-03,CM,NSE,STK,27303,INE735M01018,SAMPANN,EQ,,,,,SAMPANN UTPADAN INDIA LTD,26.82,27.69,26.82,27.14,27.55,26.56,,27.14,,,19084,522897.90,113,F1,1,,,,,
2026-08-03,2026-08-03,CM,NSE,STK,4204,INE775A01035,MOTHERSON,EQ,,,,,SAMVRDHNA MTHRSN INTL LTD,152.90,155.01,152.03,155.01,155.01,150.75,,155.00,,,17765051,2730734320.85,89090,F1,1,,,,,
2026-08-03,2026-08-03,CM,NSE,STK,28805,INE0JPD01013,SANATHAN,EQ,,,,,SANATHAN TEXTILES LIMITED,477.50,494.00,467.00,484.80,489.00,474.95,,484.58,,,74544,35533834.20,2723,F1,1,,,,,
2026-08-03,2026-08-03,CM,NSE,STK,2988,INE583B01015,SANDESH,EQ,,,,,SANDESH LTD,978.15,992.00,973.00,989.60,990.00,978.15,,989.60,,,501,493139.90,94,F1,1,,,,,
2026-08-03,2026-08-03,CM,NSE,STK,2397,INE278H01035,SANDHAR,EQ,,,,,SANDHAR TECHNOLOGIES LTD,632.80,658.00,620.60,647.95,646.00,626.80,,647.92,,,597937,385704813.05,19749,F1,1,,,,,
2026-08-03,2026-08-03,CM,NSE,STK,18359,INE149K01016,SANDUMA,EQ,,,,,SANDUR MANG & IRON ORES L,214.00,215.86,210.50,212.05,212.07,212.84,,212.04,,,507588,107924517.62,7283,F1,1,,,,,
2026-08-03,2026-08-03,CM,NSE,STK,4184,INE495C01010,SANGAMIND,EQ,,,,,SANGAM (INDIA) LTD,620.00,622.60,602.80,609.50,603.45,609.90,,609.32,,,20611,12620326.15,1733,F1,1,,,,,
2026-08-03,2026-08-03,CM,NSE,STK,18035,INE0OVI01010,SANGANI,SM,,,,,SANGANI HOSPITALS LIMITED,44.40,44.40,44.40,44.40,44.40,44.85,,44.40,,,12000,532800.00,2,F1,1500,,,,,
2026-08-03,2026-08-03,CM,NSE,STK,14058,INE989A01032,SANGHVIMOV,EQ,,,,,SANGHVI MOVERS LTD,414.95,457.00,412.55,437.50,440.00,409.80,,437.52,,,1799166,803719925.00,43130,F1,1,,,,,
2026-08-03,2026-08-03,CM,NSE,STK,11033,INE753W01010,SANGINITA,BE,,,,,SANGINITA CHEMICALS LTD,64.06,64.06,64.06,64.06,64.06,65.36,,64.06,,,103800,6649428.00,95,F1,1,,,,,
2026-08-03,2026-08-03,CM,NSE,STK,25222,INE0UOS01011,SANOFICONR,EQ,,,,,SANOFI CONS HEALTHC IND L,4619.00,4659.00,4515.00,4539.50,4520.50,4611.20,,4539.14,,,4422,20165738.40,1262,F1,1,,,,,
2026-08-03,2026-08-03,CM,NSE,STK,1442,INE058A01010,SANOFI,EQ,,,,,SANOFI INDIA LIMITED,3330.00,3407.50,3330.00,3381.80,3399.00,3318.00,,3381.85,,,60108,203182911.00,9656,F1,1,,,,,
2026-08-03,2026-08-03,CM,NSE,STK,5751,INE953O01021,SANSERA,EQ,,,,,SANSERA ENGINEERING LTD,3378.00,3471.00,3358.30,3452.70,3450.00,3346.90,,3452.24,,,174571,599033492.00,18693,F1,1,,,,,
2026-08-03,2026-08-03,CM,NSE,STK,24582,INE08NE01025,SANSTAR,EQ,,,,,SANSTAR LIMITED,115.00,123.99,115.00,116.85,115.43,111.75,,116.85,,,2123607,255287949.25,18223,F1,1,,,,,
2026-08-03,2026-08-03,CM,NSE,STK,46,INE890C01046,SANWARIA,BZ,,,,,SANWARIA CONSUMER LIMITED,0.20,0.21,0.20,0.20,0.21,0.20,,0.20,,,483800,99285.68,176,F1,1,,,,,
2026-08-03,2026-08-03,CM,NSE,STK,6718,INE806T01020,SAPPHIRE,EQ,,,,,SAPPHIRE FOODS INDIA LTD,184.75,188.50,182.06,187.48,185.50,185.11,,187.46,,,464853,86482314.79,11065,F1,1,,,,,
2026-08-03,2026-08-03,CM,NSE,STK,19863,INE0PUC01020,SARTELE,SM,,,,,SAR TELEVENTURE LIMITED,122.00,122.55,120.00,120.25,120.00,121.05,,120.25,,,44500,5387925.00,80,F1,500,,,,,
2026-08-03,2026-08-03,CM,NSE,STK,762985,INE967G01019,ZSARACOM,EQ,,,,,SARASWATI COMM (INDIA) L,12199.00,12481.00,12100.00,12179.00,12179.00,12200.50,,12179.00,,,14,171757.00,10,F1,1,,,,,
2026-08-03,2026-08-03,CM,NSE,STK,24856,INE0PQ101010,SSDL,EQ,,,,,SARASWATI SAREE DEPOT LTD,52.55,54.37,52.55,54.06,54.18,52.84,,54.08,,,9672,521666.62,290,F1,1,,,,,
2026-08-03,2026-08-03,CM,NSE,STK,17758,INE385C01021,SARDAEN,EQ,,,,,SARDA ENERGY & MIN LTD,523.00,538.00,515.20,516.20,516.80,516.60,,516.19,,,542580,282335955.65,16187,F1,1,,,,,
2026-08-03,2026-08-03,CM,NSE,STK,4892,INE979A01025,SAREGAMA,EQ,,,,,SAREGAMA INDIA LIMITED,522.85,532.90,508.10,514.20,511.00,522.85,,514.19,,,363206,189866341.40,14161,F1,1,,,,,
2026-08-03,2026-08-03,CM,NSE,STK,14043,INE453D01025,SARLAPOLY,EQ,,,,,SARLA PERF. FIBERS LTD,98.40,102.50,98.21,101.51,101.06,98.87,,101.63,,,41222,4157732.76,867,F1,1,,,,,
2026-08-03,2026-08-03,CM,NSE,STK,6843,INE017W01010,SMLT,EQ,,,,,SARTHAK METALS LIMITED,68.00,70.00,68.00,69.00,69.42,67.11,,69.01,,,4596,316522.59,81,F1,1,,,,,
2026-08-03,2026-08-03,CM,NSE,STK,12913,INE324X01026,SARVESHWAR,EQ,,,,,SARVESHWAR FOODS LIMITED,3.46,3.50,3.36,3.38,3.39,3.38,,3.38,,,1074130,3657559.48,1824,F1,1,,,,,
2026-08-03,2026-08-03,CM,NSE,STK,11983,INE231F01020,SASKEN,EQ,,,,,SASKEN TECHNOLOGIES LTD,1902.30,1902.30,1902.30,1902.30,1902.30,1811.80,,1902.78,,,7255,13801186.50,249,F1,1,,,,,
2026-08-03,2026-08-03,CM,NSE,STK,29151,INE0NB801022,SATKARTAR,SM,,,,,SAT KARTAR LIFE LIMITED,128.00,135.25,127.00,133.30,134.85,129.05,,133.30,,,34400,4546600.00,41,F1,800,,,,,
2026-08-03,2026-08-03,CM,NSE,STK,24697,INE0RFP01011,SSEGL,SM,,,,,SATHLOKHAR SYN E&C GLOB L,321.10,340.00,321.10,337.00,339.00,319.10,,337.00,,,46200,15513010.00,183,F1,200,,,,,
2026-08-03,2026-08-03,CM,NSE,STK,24507,INE0RPM01017,SATIPOLY,ST,,,,,SATI POLY PLAST LIMITED,41.50,42.90,41.50,42.90,42.90,40.95,,42.90,,,1000,42200.00,2,F1,500,,,,,
2026-08-03,2026-08-03,CM,NSE,STK,11045,INE170E01023,SATIA,EQ,,,,,SATIA INDUSTRIES LIMITED,61.75,63.15,61.03,62.50,62.40,61.75,,62.50,,,49149,3076437.21,571,F1,1,,,,,
2026-08-03,2026-08-03,CM,NSE,STK,10453,INE836B01017,SATIN,EQ,,,,,SATIN CREDIT NET LTD,239.00,240.00,230.20,230.70,230.80,239.81,,230.71,,,1031247,241270205.16,15942,F1,1,,,,,
2026-08-03,2026-08-03,CM,NSE,STK,758960,INE14DW01018,SATTVAENGG,SM,,,,,SATTVA ENGINEERING CSTN L,84.05,84.20,84.00,84.20,84.20,83.70,,84.20,,,8000,672880.00,5,F1,1600,,,,,
2026-08-03,2026-08-03,CM,NSE,STK,3018,INE626A01014,SAURASHCEM,EQ,,,,,SAURASHTRA CEMENT LIMITED,60.00,61.90,59.31,60.14,61.90,60.38,,60.15,,,124767,7486364.90,2140,F1,1,,,,,
2026-08-03,2026-08-03,CM,NSE,STK,3021,INE035D01020,SOTL,EQ,,,,,SAVITA OIL TECHNOLO. LTD,605.90,636.00,603.30,630.10,628.00,601.75,,630.11,,,261606,162862288.85,10564,F1,1,,,,,
2026-08-03,2026-08-03,CM,NSE,STK,757704,INE0UCN01017,SAVY,SM,,,,,SAVY INFRA AND LOGI LTD,121.00,121.00,118.00,118.45,118.00,121.00,,118.45,,,6000,713880.00,5,F1,1200,,,,,
2026-08-03,2026-08-03,CM,NSE,STK,758444,INE10VS01016,SAWALIYA,SM,,,,,SAWALIYA FOOD PRODUCTS L,293.00,297.00,280.00,294.15,294.00,292.60,,294.15,,,65400,19121340.00,50,F1,600,,,,,
2026-08-03,2026-08-03,CM,NSE,STK,762879,INE318C01014,SAYAJIHOTL,EQ,,,,,SAYAJI HOTELS LTD.,304.75,304.75,296.00,304.75,304.75,290.25,,303.28,,,700,212448.05,33,F1,1,,,,,
2026-08-03,2026-08-03,CM,NSE,STK,6792,INE04AK01028,SBC,EQ,,,,,SBC EXPORTS LIMITED,42.26,42.40,40.61,41.99,41.01,42.01,,41.97,,,7304193,307847086.12,3749,F1,1,,,,,
2026-08-03,2026-08-03,CM,NSE,STK,18026,INE423Y01016,SBFC,EQ,,,,,SBFC FINANCE LIMITED,90.40,92.35,90.26,92.08,91.98,90.40,,92.08,,,1319954,121057016.38,9787,F1,1,,,,,
2026-08-03,2026-08-03,CM,NSE,STK,17971,INE018E01016,SBICARD,EQ,,,,,SBI CARDS & PAY SER LTD,661.00,674.20,658.45,665.05,665.05,660.15,,665.03,,,816319,545388220.90,25820,F1,1,,,,,
2026-08-03,2026-08-03,CM,NSE,STK,764173,INE640G01020,SBIFUNDS,EQ,,,,,SBI FUNDS MANAGEMENT LTD,591.00,592.90,583.20,588.05,588.15,589.15,,588.03,,,2624696,1541503850.85,49498,F1,1,,,,,
2026-08-03,2026-08-03,CM,NSE,STK,21808,INE123W01016,SBILIFE,EQ,,,,,SBI LIFE INSURANCE CO LTD,1899.00,1915.00,1882.80,1915.00,1915.00,1882.00,,1915.00,,,885610,1685216079.10,38971,F1,1,,,,,
2026-08-03,2026-08-03,CM,NSE,STK,17272,INF200KA16D8,SETFGOLD,EQ,,,,,SBI-ETF GOLD,123.86,123.86,120.59,121.03,121.30,120.84,,121.03,,,7727223,934994430.25,18633,F1,1,,,,,
2026-08-03,2026-08-03,CM,NSE,STK,10176,INF200KA1FS1,SETFNIF50,EQ,,,,,SBI-ETF NIFTY 50,263.70,265.00,263.40,264.58,264.50,262.43,,264.57,,,1715511,453288975.45,7536,F1,1,,,,,
2026-08-03,2026-08-03,CM,NSE,STK,7361,INF200KA1580,SETFNIFBK,EQ,,,,,SBI-ETF NIFTY BANK,588.40,595.30,588.40,594.08,593.09,588.00,,594.05,,,282537,168012739.70,1770,F1,1,,,,,
2026-08-03,2026-08-03,CM,NSE,STK,7353,INF200KA1598,SETFNN50,EQ,,,,,SBI-ETF NIFTY NEXT 50,793.00,798.00,793.00,795.30,796.00,789.27,,795.30,,,28634,22784220.18,2138,F1,1,,,,,
2026-08-03,2026-08-03,CM,NSE,STK,19705,INF200KA13Z8,LIQUIDSBI,EQ,,,,,SBIAMC - LIQUIDSBI,1000.00,1000.01,999.99,1000.00,1000.00,1000.01,,1000.00,,,2777,2777020.30,34,F1,1,,,,,
2026-08-03,2026-08-03,CM,NSE,STK,30290,INF200KB1712,SBIBPB,EQ,,,,,SBIAMC - SBIBPB,48.68,49.41,48.21,48.98,49.33,48.08,,48.98,,,111890,5489338.88,609,F1,1,,,,,
2026-08-03,2026-08-03,CM,NSE,STK,5168,INF200KA1X17,SBIETFCON,EQ,,,,,SBIAMC - SBIETFCON,124.70,127.15,122.00,124.40,122.18,124.87,,124.40,,,9780,1228925.54,224,F1,1,,,,,
2026-08-03,2026-08-03,CM,NSE,STK,740,INF200KA1S14,SBIETFIT,EQ,,,,,SBIAMC - SBIETFIT,340.51,352.00,336.00,349.87,349.70,340.51,,349.87,,,19113,6646956.19,408,F1,1,,,,,
2026-08-03,2026-08-03,CM,NSE,STK,722,INF200KA1S22,SBIETFPB,EQ,,,,,SBIAMC - SBIETFPB,285.48,285.48,281.92,283.58,283.00,280.43,,283.58,,,33884,9598690.00,119,F1,1,,,,,
2026-08-03,2026-08-03,CM,NSE,STK,7218,INF200KA1WX6,SBIETFQLTY,EQ,,,,,SBIAMC - SBIETFQLTY,225.74,227.85,225.74,226.27,225.85,225.59,,226.27,,,2673,606257.26,89,F1,1,,,,,
2026-08-03,2026-08-03,CM,NSE,STK,758496,INF200KB1969,SBILIQETF,EQ,,,,,SBIAMC - SBILIQETF,1050.19,1050.21,1050.19,1050.21,1050.21,1050.07,,1050.21,,,15826,16620503.27,49,F1,1,,,,,
2026-08-03,2026-08-03,CM,NSE,STK,761095,INF200KB1AJ0,SBIMIDMOM,EQ,,,,,SBIAMC - SBIMIDMOM,62.84,63.55,62.84,63.25,63.26,62.84,,63.25,,,7784,492985.19,119,F1,1,,,,,
2026-08-03,2026-08-03,CM,NSE,STK,24524,INF200KB1282,SBINEQWETF,EQ,,,,,SBIAMC - SBINEQWETF,34.00,34.35,33.73,34.25,33.73,33.84,,34.24,,,92053,3145265.78,381,F1,1,,,,,
2026-08-03,2026-08-03,CM,NSE,STK,761741,INF200KB1AK8,SBINMID150,EQ,,,,,SBIAMC - SBINMID150,23.64,23.70,23.23,23.43,23.36,23.23,,23.44,,,12408,290507.68,182,F1,1,,,,,
2026-08-03,2026-08-03,CM,NSE,STK,24366,INF200KB1217,SBISILVER,EQ,,,,,SBIAMC - SBISILVER,212.00,213.39,211.09,211.66,211.96,211.64,,211.66,,,613860,130206710.99,6679,F1,1,,,,,
2026-08-03,2026-08-03,CM,NSE,STK,763543,INF200KB1AY9,SBISMLETF,EQ,,,,,SBIAMC - SBISMLETF,18.20,18.35,17.88,18.17,18.18,17.88,,18.17,,,29714,539677.12,226,F1,1,,,,,
2026-08-03,2026-08-03,CM,NSE,STK,763546,INF200KB1AX1,SBIVALETF,EQ,,,,,SBIAMC - SBIVALETF,15.04,15.16,15.04,15.11,15.10,14.97,,15.11,,,5548,83655.27,42,F1,1,,,,,
2026-08-03,2026-08-03,CM,NSE,STK,17395,INF200KA1JT1,SETF10GILT,EQ,,,,,SBIAMC - SETF10GILT,264.42,265.82,263.27,263.97,263.27,264.42,,263.97,,,6833,1808519.16,76,F1,1,,,,,
2026-08-03,2026-08-03,CM,NSE,STK,762887,INE099G01011,SCANSTL,BE,,,,,SCAN STEELS LTD.,59.60,62.50,59.59,59.61,59.59,62.72,,59.84,,,124863,7516838.99,412,F1,1,,,,,
2026-08-03,2026-08-03,CM,NSE,STK,1011,INE513A01022,SCHAEFFLER,EQ,,,,,SCHAEFFLER INDIA LIMITED,4079.20,4138.40,3978.50,4069.20,3989.00,4079.20,,4066.54,,,35057,143677867.50,6461,F1,1,,,,,
2026-08-03,2026-08-03,CM,NSE,STK,31234,INE839M01018,SCHNEIDER,EQ,,,,,SCHNEIDER ELECTRIC INFRA,1370.00,1378.50,1339.50,1346.10,1341.00,1355.30,,1346.16,,,198032,268657876.30,17894,F1,1,,,,,
2026-08-03,2026-08-03,CM,NSE,STK,757462,INE148I07XX3,SCL01825,N6,,,,,SCL 0% 2027 SR III,1069.80,1069.80,1069.80,1069.80,1069.80,1051.20,,1069.80,,,100,106980.00,2,F1,1,,,,,
2026-08-03,2026-08-03,CM,NSE,STK,757460,INE148I07XG8,865SCL27,N4,,,,,SCL 8.65% 2027 SR II,995.00,995.00,995.00,995.00,995.00,987.85,,995.00,,,136,135320.00,14,F1,1,,,,,
2026-08-03,2026-08-03,CM,NSE,STK,30238,INE148I07WU1,902SCL28,N1,,,,,SCL 9.02% SR V,1000.23,1000.23,997.71,997.71,997.71,997.71,,997.71,,,100,99897.00,2,F1,1,,,,,
2026-08-03,2026-08-03,CM,NSE,STK,757464,INE148I07XP9,925SCL2028,N8,,,,,SCL 9.25% 2028 SR IV,1000.00,1000.00,1000.00,1000.00,1000.00,998.89,,1000.00,,,10,10000.00,1,F1,1,,,,,
2026-08-03,2026-08-03,CM,NSE,STK,30214,INE148I07WE5,965SCL27,N1,,,,,SCL 9.65% SR I,1035.80,1035.80,1035.80,1035.80,1035.80,1020.20,,1035.80,,,60,62148.00,1,F1,1,,,,,
2026-08-03,2026-08-03,CM,NSE,STK,24821,INE148I07TY9,975SCL28A,N0,,,,,SCL 9.75% 2028,109718.63,109718.63,109718.63,109718.63,109718.63,109635.59,,106359.32,,,120,13166235.60,23,F1,1,,,,,
2026-08-03,2026-08-03,CM,NSE,STK,24587,INE148I07TX1,975SCL29,N0,,,,,SCL 9.75% 2029,100507.84,100507.84,100507.84,100507.84,100507.84,100431.76,,100507.84,,,3,301523.52,1,F1,1,,,,,
2026-08-03,2026-08-03,CM,NSE,STK,757608,INE148I07WZ0,975SCL35,N0,,,,,SCL 9.75% 2035 SR II,100011.17,101000.00,100011.17,101000.00,101000.00,99795.88,,101000.00,,,12,1202111.70,3,F1,1,,,,,
2026-08-03,2026-08-03,CM,NSE,STK,757478,INE090501011,SCODATUBES,EQ,,,,,SCODA TUBES LIMITED,147.00,151.97,146.22,150.82,149.13,146.40,,150.77,,,166875,25052501.71,2092,F1,1,,,,,
2026-08-03,2026-08-03,CM,NSE,STK,19487,IN1020230505,767AP38,SG,,,,,SDL AP 7.67% 2038,99.00,99.70,99.00,99.70,99.70,99.75,,99.70,,,200,19870.00,2,F1,100,,,,,
2026-08-03,2026-08-03,CM,NSE,STK,759038,IN1320250138,745BR50,SG,,,,,SDL BR 7.45% 2050,94.05,94.05,94.05,94.05,94.05,99.00,,94.05,,,100,9405.00,1,F1,100,,,,,
2026-08-03,2026-08-03,CM,NSE,STK,762421,IN3520260016,737CG31,SG,,,,,SDL CG 7.37% 2031,97.00,97.00,97.00,97.00,97.00,97.00,,97.00,,,800,77600.00,2,F1,100,,,,,
2026-08-03,2026-08-03,CM,NSE,STK,22493,IN1520230245,76GJ33,SG,,,,,SDL GJ 7.6% 2033,98.00,98.00,98.00,98.00,98.00,97.00,,98.00,,,200,19600.00,2,F1,100,,,,,
2026-08-03,2026-08-03,CM,NSE,STK,31687,IN1520260069,77GJ40,SG,,,,,SDL GJ 7.7% 2040,99.00,99.00,99.00,99.00,99.00,95.00,,99.00,,,100,9900.00,1,F1,100,,,,,
2026-08-03,2026-08-03,CM,NSE,STK,757628,IN4920250078,714JK40,SG,,,,,SDL JK 7.14% 2040,93.10,93.10,93.10,93.10,93.10,98.00,,93.10,,,100,9310.00,1,F1,100,,,,,
2026-08-03,2026-08-03,CM,NSE,STK,22500,IN2220230196,763MH35,SG,,,,,SDL MH 7.63% 2035,96.90,96.90,96.90,96.90,96.90,102.00,,96.90,,,100,9690.00,1,F1,100,,,,,
2026-08-03,2026-08-03,CM,NSE,STK,10330,IN2420220021,778ML31,SG,,,,,SDL ML 7.78% 2031,100.00,100.00,100.00,100.00,100.00,100.00,,100.00,,,500,50000.00,1,F1,100,,,,,
2026-08-03,2026-08-03,CM,NSE,STK,13965,IN2120220040,767MP33,SG,,,,,SDL MP 7.67% 2033,98.97,98.97,98.97,98.97,98.97,97.50,,98.97,,,100,9897.00,1,F1,100,,,,,
2026-08-03,2026-08-03,CM,NSE,STK,8719,IN3120210528,739TN42,SG,,,,,SDL TN 7.39% 2042,95.67,95.67,95.67,95.67,95.67,100.70,,95.67,,,100,9567.00,1,F1,100,,,,,
2026-08-03,2026-08-03,CM,NSE,STK,22492,IN3120230401,76TN31,SG,,,,,SDL TN 7.6% 2031,98.44,98.44,98.44,98.44,98.44,100.40,,98.44,,,100,9844.00,1,F1,100,,,,,
2026-08-03,2026-08-03,CM,NSE,STK,10965,IN4520220174,746TS49,SG,,,,,SDL TS 7.46% 2049,96.72,96.72,96.72,96.72,96.72,94.05,,96.72,,,100,9672.00,1,F1,100,,,,,
2026-08-03,2026-08-03,CM,NSE,STK,2616,INE497B01018,SEAMECLTD,EQ,,,,,SEAMEC LIMITED,1498.00,1520.00,1430.00,1457.20,1450.00,1462.30,,1457.10,,,81786,119594327.40,5940,F1,1,,,,,
2026-08-03,2026-08-03,CM,NSE,STK,7666,INE477L07AP4,IIFLHFZC27,NB,,,,,SEC RE NCD 0% SR.V,1438.00,1438.00,1426.50,1426.50,1426.50,1434.00,,1426.50,,,225,321250.00,4,F1,1,,,,,
2026-08-03,2026-08-03,CM,NSE,STK,20771,INE413U07277,10ISFL26,N3,,,,,SEC RE NCD 10% SR 4,1045.85,1045.85,1045.85,1045.85,1045.85,1045.25,,1045.85,,,20,20917.00,1,F1,1,,,,,
2026-08-03,2026-08-03,CM,NSE,STK,20779,INE413U07269,1003ISFL28,N4,,,,,SEC RE NCD 10.03% SR 5,1000.31,1015.00,1000.31,1015.00,1015.00,1015.00,,1015.00,,,180,181449.61,5,F1,1,,,,,
2026-08-03,2026-08-03,CM,NSE,STK,15253,INE244L07523,890SFIL23A,NZ,,,,,SEC RE NCD 10.03% SR.VIII,420.00,420.00,420.00,420.00,420.00,415.22,,420.00,,,230,96600.00,5,F1,1,,,,,
2026-08-03,2026-08-03,CM,NSE,STK,23303,INE148I07SS3,1015SCFL29,YY,,,,,SEC RE NCD 10.15% SR VII,1030.15,1030.15,1030.15,1030.15,1030.15,1029.61,,1030.15,,,7,7211.05,1,F1,1,,,,,
2026-08-03,2026-08-03,CM,NSE,STK,18859,INE148I07PL4,925SCL28C,BS,,,,,SEC RE NCD 10.15% SR VII,641.10,641.10,641.10,641.10,641.10,640.20,,660.00,,,200,128220.00,3,F1,1,,,,,
2026-08-03,2026-08-03,CM,NSE,STK,25914,INE583D07521,1025UCL26A,N1,,,,,SEC RE NCD 10.25% SR II,1005.00,1005.00,1004.00,1004.00,1004.00,994.50,,1012.00,,,100,100406.00,3,F1,1,,,,,
2026-08-03,2026-08-03,CM,NSE,STK,23323,INE148I07SQ7,1025SCL34,Z8,,,,,SEC RE NCD 10.25% SR XII,1020.00,1020.00,1020.00,1020.00,1020.00,1036.00,,1025.00,,,100,102000.00,7,F1,1,,,,,
2026-08-03,2026-08-03,CM,NSE,STK,21056,INE148I07RZ0,835SCL23B,YM,,,,,SEC RE NCD 10.25% SR XII,999.00,1060.00,999.00,1010.00,1010.00,987.00,,1034.65,,,268,270208.00,6,F1,1,,,,,
2026-08-03,2026-08-03,CM,NSE,STK,25916,INE583D07513,1040UCL27B,N1,,,,,SEC RE NCD 10.40% SR III,1006.84,1006.84,1006.84,1006.84,1006.84,1027.00,,1006.84,,,1,1006.84,1,F1,1,,,,,
2026-08-03,2026-08-03,CM,NSE,STK,20784,INE413U07251,1050ISFL28,N5,,,,,SEC RE NCD 10.50% SR 6,1059.80,1059.80,1045.00,1059.80,1059.80,1050.00,,1059.80,,,65,68250.60,5,F1,1,,,,,
2026-08-03,2026-08-03,CM,NSE,STK,18902,INE148I07PT7,1075SCL33A,N2,,,,,SEC RE NCD 10.75% SR XI,945.00,945.00,940.00,942.50,940.00,952.00,,942.50,,,10,9425.00,2,F1,1,,,,,
2026-08-03,2026-08-03,CM,NSE,STK,20120,INE148I07QZ2,980SCL33,NX,,,,,SEC RE NCD 10.75% SR XI,930.00,930.00,930.00,930.00,930.00,840.40,,930.00,,,2,1860.00,1,F1,1,,,,,
2026-08-03,2026-08-03,CM,NSE,STK,23125,INE342T07445,1119NFL27,ND,,,,,SEC RE NCD 11.19% SR.V,1090.00,1090.00,1090.00,1090.00,1090.00,1038.20,,1090.00,,,70,76300.00,8,F1,1,,,,,
2026-08-03,2026-08-03,CM,NSE,STK,11658,INE0H7R07017,79NHIT35,N1,,,,,SEC RE NCD 7.90% STRPP A,310.51,314.00,310.11,312.56,312.70,310.51,,312.15,,,735,228732.99,13,F1,1,,,,,
2026-08-03,2026-08-03,CM,NSE,STK,11665,INE0H7R07025,79NHIT40,N2,,,,,SEC RE NCD 7.90% STRPP B,309.02,309.02,308.08,309.02,309.02,332.00,,311.06,,,234,72304.62,6,F1,1,,,,,
2026-08-03,2026-08-03,CM,NSE,STK,11669,INE0H7R07033,79NHIT47,N3,,,,,SEC RE NCD 7.90% STRPP C,418.90,420.00,417.00,420.00,420.00,418.90,,420.00,,,558,233698.40,11,F1,1,,,,,
2026-08-03,2026-08-03,CM,NSE,STK,3476,INE219X07280,797IGT31,NL,,,,,SEC RE NCD 7.97% SR.VI,1000.00,1005.00,1000.00,1005.00,1005.00,1010.00,,1005.00,,,601,603504.65,14,F1,1,,,,,
2026-08-03,2026-08-03,CM,NSE,STK,7648,INE477L07AN9,820IIFL27,N9,,,,,SEC RE NCD 8.20% SR.III,999.00,999.00,990.00,996.00,996.00,987.20,,996.00,,,587,583490.00,15,F1,1,,,,,
2026-08-03,2026-08-03,CM,NSE,STK,3464,INE219X07264,82IGT31,NJ,,,,,SEC RE NCD 8.20% SR.V,1027.00,1027.00,1025.25,1025.25,1025.25,1032.00,,1025.65,,,1000,1025485.75,5,F1,1,,,,,
2026-08-03,2026-08-03,CM,NSE,STK,17958,INE121A07RE9,84CIFCL28,NA,,,,,SEC RE NCD 8.40% SR 5,1020.00,1020.00,1020.00,1020.00,1020.00,1025.00,,1020.00,,,50,51000.00,1,F1,1,,,,,
2026-08-03,2026-08-03,CM,NSE,STK,6197,INE530B07161,842IIFL26,NL,,,,,SEC RE NCD 8.42% SR.V,999.00,999.99,999.00,999.08,999.00,999.89,,999.08,,,958,957299.00,9,F1,1,,,,,
2026-08-03,2026-08-03,CM,NSE,STK,7668,INE477L07AQ2,843IHFL29,NC,,,,,SEC RE NCD 8.43% SR.VI,990.00,990.00,989.00,990.00,990.00,992.00,,990.00,,,219,216611.00,3,F1,1,,,,,
2026-08-03,2026-08-03,CM,NSE,STK,20435,INE121A07RO8,850CIFCL26,NE,,,,,SEC RE NCD 8.50% SR 3,1055.00,1055.00,1055.00,1055.00,1055.00,1055.00,,1055.00,,,4,4220.00,1,F1,1,,,,,
2026-08-03,2026-08-03,CM,NSE,STK,7662,INE477L07AO7,850IIFL27,NA,,,,,SEC RE NCD 8.50% SR.IV,1035.20,1035.20,1035.20,1035.20,1035.20,1029.00,,1035.20,,,1,1035.20,1,F1,1,,,,,
2026-08-03,2026-08-03,CM,NSE,STK,17039,INE530B07385,865IFL28,NZ,,,,,SEC RE NCD 8.65% SR.V,995.00,995.00,989.00,990.00,990.00,986.50,,990.00,,,647,642518.60,14,F1,1,,,,,
2026-08-03,2026-08-03,CM,NSE,STK,13852,INE530B07310,865IIFL28,NS,,,,,SEC RE NCD 8.65% SR.V,995.00,995.00,988.00,989.67,991.89,994.50,,989.67,,,1329,1316726.39,27,F1,1,,,,,
2026-08-03,2026-08-03,CM,NSE,STK,6200,INE530B07179,875IIFL26,NM,,,,,SEC RE NCD 8.75% SR.VI,1065.77,1065.77,1065.77,1065.77,1065.77,1065.77,,1065.79,,,14,14920.78,2,F1,1,,,,,
2026-08-03,2026-08-03,CM,NSE,STK,28852,INE477L07AZ3,885IHL26,N1,,,,,SEC RE NCD 8.85% SR I,1058.20,1058.20,1058.20,1058.20,1058.20,1038.80,,1058.20,,,50,52910.00,1,F1,1,,,,,
2026-08-03,2026-08-03,CM,NSE,STK,23706,INE338I07164,897MOFSL29,N4,,,,,SEC RE NCD 8.97% SR V,1029.00,1032.00,1025.00,1030.00,1030.00,1029.00,,1030.00,,,1684,1732718.59,25,F1,1,,,,,
2026-08-03,2026-08-03,CM,NSE,STK,17041,INE530B07377,9IIFL28,Y0,,,,,SEC RE NCD 9% SR.VI,999.79,999.79,999.79,999.79,999.79,985.00,,999.79,,,90,89981.10,1,F1,1,,,,,
2026-08-03,2026-08-03,CM,NSE,STK,13854,INE530B07260,9IIFL28A,NT,,,,,SEC RE NCD 9% SR.VI,1030.00,1030.00,1030.00,1030.00,1030.00,1032.10,,1030.00,,,5,5150.00,1,F1,1,,,,,
2026-08-03,2026-08-03,CM,NSE,STK,23702,INE338I07149,91MOFSL27,N2,,,,,SEC RE NCD 9.10% SR III,1028.00,1028.00,1028.00,1028.00,1028.00,1028.00,,1028.00,,,39,40092.00,3,F1,1,,,,,
2026-08-03,2026-08-03,CM,NSE,STK,11368,INE148I07ML1,905SC24B,Z9,,,,,SEC RE NCD 9.15% SR.VIII,1001.00,1001.00,1001.00,1001.00,1001.00,999.50,,1001.00,,,12,12012.00,1,F1,1,,,,,
2026-08-03,2026-08-03,CM,NSE,STK,5855,INE148I07KN1,889SCL26,NS,,,,,SEC RE NCD 9.25% SR.VII,1080.00,1080.00,1080.00,1080.00,1080.00,1079.55,,1080.00,,,101,109080.00,2,F1,1,,,,,
2026-08-03,2026-08-03,CM,NSE,STK,7769,INE148I07LC2,925SCFL27,YA,,,,,SEC RE NCD 9.25% SR.VII,1044.50,1044.50,1044.50,1044.50,1044.50,1044.50,,1044.50,,,275,287237.50,5,F1,1,,,,,
2026-08-03,2026-08-03,CM,NSE,STK,23710,INE338I07115,93MOFSL34,N6,,,,,SEC RE NCD 9.30% SR VII,1051.00,1051.00,1050.10,1050.10,1050.10,1050.10,,1050.10,,,240,252159.00,12,F1,1,,,,,
2026-08-03,2026-08-03,CM,NSE,STK,25552,INE148I07UC3,948SCL27D,N1,,,,,SEC RE NCD 9.48% SR V,999.00,1003.00,999.00,1003.00,1003.00,1003.00,,1003.00,,,263,263509.00,4,F1,1,,,,,
2026-08-03,2026-08-03,CM,NSE,STK,11361,INE148I07ME6,915SCL27,Z7,,,,,SEC RE NCD 9.55% SR.VII,1053.01,1069.80,1052.20,1069.80,1069.80,1070.00,,1069.80,,,365,386186.35,5,F1,1,,,,,
2026-08-03,2026-08-03,CM,NSE,STK,24137,INE413U07327,957IIFLS27,NA,,,,,SEC RE NCD 9.57% SR III,1009.99,1009.99,1009.99,1009.99,1009.99,1012.00,,1009.99,,,30,30299.70,1,F1,1,,,,,
2026-08-03,2026-08-03,CM,NSE,STK,25287,INE423A07328,965AEL27,N4,,,,,SEC RE NCD 9.65% SR IV,1099.98,1099.98,1099.98,1099.98,1099.98,1099.98,,1099.98,,,91,100098.18,2,F1,1,,,,,
2026-08-03,2026-08-03,CM,NSE,STK,18487,INE741K07579,970CAGL28,ND,,,,,SEC RE NCD 9.70% SR VII,1120.00,1120.00,1030.00,1030.00,1030.00,1022.00,,1030.00,,,52,58080.00,3,F1,1,,,,,
2026-08-03,2026-08-03,CM,NSE,STK,14038,INE244L07416,985SFIL28,NO,,,,,SEC RE NCD 9.85% SR.VIII,350.00,350.00,350.00,350.00,350.00,432.90,,457.75,,,25,8750.00,1,F1,1,,,,,
2026-08-03,2026-08-03,CM,NSE,STK,19760,INE148I07PY7,990SCL26,N7,,,,,SEC RE NCD 9.90% SR IV,360.00,360.00,360.00,360.00,360.00,353.00,,360.00,,,442,159120.00,6,F1,1,,,,,
2026-08-03,2026-08-03,CM,NSE,STK,25296,INE423A07344,99AEL29,N7,,,,,SEC RE NCD 9.90% SR VII,1140.00,1150.00,1135.00,1146.62,1135.00,1100.01,,1146.62,,,340,389190.00,14,F1,1,,,,,
2026-08-03,2026-08-03,CM,NSE,STK,17952,INE121A07RD1,CIFC26A,N9,,,,,SEC RE NCD SR 4,1263.00,1263.75,1263.00,1263.75,1263.75,1262.00,,1263.75,,,349,440896.50,7,F1,1,,,,,
2026-08-03,2026-08-03,CM,NSE,STK,25544,INE148I07UG4,SCL25924A,N1,,,,,SEC RE NCD SR III,1000.00,1166.00,1000.00,1166.00,1166.00,1175.00,,1166.00,,,25,26660.00,2,F1,1,,,,,
2026-08-03,2026-08-03,CM,NSE,STK,19772,INE148I07QB3,SCLZC26C,NB,,,,,SEC RE NCD SR VI,1300.00,1300.00,1300.00,1300.00,1300.00,1300.00,,1300.00,,,50,65000.00,1,F1,1,,,,,
2026-08-03,2026-08-03,CM,NSE,STK,25298,INE423A07385,AEL120924B,N8,,,,,SEC RE NCD SR VIII,1219.00,1219.00,1219.00,1219.00,1219.00,1219.66,,1219.00,,,1000,1219000.00,5,F1,1,,,,,
2026-08-03,2026-08-03,CM,NSE,STK,18498,INE741K07546,CAGL28,NE,,,,,SEC RE NCD SR VIII,1301.90,1301.90,1269.35,1269.35,1269.35,1270.00,,1289.68,,,20,25452.10,2,F1,1,,,,,
2026-08-03,2026-08-03,CM,NSE,STK,14219,INE00QS24043,IMC1,N1,,,,,SEC RE NCGB 8.25% STRPP B,257.00,257.00,257.00,257.00,257.00,256.50,,257.00,,,35,8995.00,1,F1,1,,,,,
2026-08-03,2026-08-03,CM,NSE,STK,7975,INE804IA7014,1015ECL29,NR,,,,,SEC RED NCD 10.15% SR. VI,1020.01,1022.00,1018.00,1018.00,1018.00,1023.47,,1018.00,,,199,203076.14,8,F1,1,,,,,
2026-08-03,2026-08-03,CM,NSE,STK,7986,INE804IA7022,1060ECL29,NS,,,,,SEC RED NCD 10.6% SR. VII,1166.00,1166.00,1098.00,1098.00,1098.00,1061.50,,1098.00,,,470,543260.00,2,F1,1,,,,,
2026-08-03,2026-08-03,CM,NSE,STK,16870,INE033L07GS6,81TCHF28,N8,,,,,SEC RED NCD 8.10% SR.IV,1012.00,1012.99,1012.00,1012.99,1012.99,1012.00,,1012.99,,,31,31372.99,2,F1,1,,,,,
2026-08-03,2026-08-03,CM,NSE,STK,18624,INE148I07GJ7,865SCL26,N8,,,,,SEC RED NCD 8.65% SR. V,995.04,1000.00,995.04,997.34,1000.00,995.90,,997.34,,,20,19935.40,5,F1,1,,,,,
2026-08-03,2026-08-03,CM,NSE,STK,17159,INE721A07PK7,875SFL27,ZF,,,,,SEC RED NCD 8.75% SR.III,1004.00,1004.00,1004.00,1004.00,1004.00,1001.00,,1004.00,,,50,50200.00,1,F1,1,,,,,
2026-08-03,2026-08-03,CM,NSE,STK,18626,INE148I07GK5,885SCL26,N9,,,,,SEC RED NCD 8.85% SR. VI,1072.80,1072.80,1072.80,1072.80,1072.80,1065.00,,1055.69,,,14,15019.20,1,F1,1,,,,,
2026-08-03,2026-08-03,CM,NSE,STK,18628,INE148I07GL3,9SCL26BA,NA,,,,,SEC RED NCD 9.0% SR. VI,1066.75,1066.75,1066.75,1066.75,1066.75,1073.32,,1066.75,,,1,1066.75,1,F1,1,,,,,
2026-08-03,2026-08-03,CM,NSE,STK,498,INE721A07NU1,903SFL28,YI,,,,,SEC RED NCD 9.03% SR. II,1026.00,1026.00,1026.00,1026.00,1026.00,1026.50,,1026.00,,,1,1026.00,1,F1,1,,,,,
2026-08-03,2026-08-03,CM,NSE,STK,6149,INE721A07OC7,930SFL28,YP,,,,,SEC RED NCD 9.30% SR. II,1040.00,1040.00,1040.00,1040.00,1040.00,1040.00,,1040.00,,,81,84240.00,3,F1,1,,,,,
2026-08-03,2026-08-03,CM,NSE,STK,8625,INE721A07ON4,957ICCL25,YW,,,,,SEC RED NCD 9.30% SR. II,1034.50,1039.00,1034.50,1039.00,1039.00,1036.10,,1039.00,,,42,43539.00,3,F1,1,,,,,
2026-08-03,2026-08-03,CM,NSE,STK,4288,INE804I078Y8,943ECL28,NJ,,,,,SEC RED NCD 9.43% SR. VI,1004.00,1004.00,1000.02,1003.50,1003.50,1004.00,,1001.56,,,1027,1030542.70,18,F1,1,,,,,
2026-08-03,2026-08-03,CM,NSE,STK,12933,INE721A07PE0,97SFL26,Z9,,,,,SEC RED NCD 9.7% SR.VII,1085.00,1085.00,1084.00,1085.00,1085.00,1090.00,,1085.00,,,1397,1515687.25,23,F1,1,,,,,
2026-08-03,2026-08-03,CM,NSE,STK,4292,INE804I079Y6,985ECL28,NK,,,,,SEC RED NCD 9.85% SR. VII,1004.00,1004.98,1002.00,1004.97,1004.97,1002.00,,1004.97,,,654,656226.85,12,F1,1,,,,,
2026-08-03,2026-08-03,CM,NSE,STK,12941,INE721A07PH3,SFLZC26A,ZC,,,,,SEC RED NCD SR.X,1895.00,1895.00,1895.00,1895.00,1895.00,1895.00,,1895.00,,,634,1201430.00,3,F1,1,,,,,
2026-08-03,2026-08-03,CM,NSE,STK,19496,INE0BTM01013,SECMARK,EQ,,,,,SECMARK CONSULTANCY LTD,127.63,127.70,122.00,124.46,124.01,127.00,,124.46,,,1074,132088.47,30,F1,1,,,,,
2026-08-03,2026-08-03,CM,NSE,STK,11058,INE650K01021,SECURKLOUD,EQ,,,,,SECUREKLOUD TECH LIMITED,18.00,18.00,17.52,17.83,17.97,18.07,,17.83,,,14675,261048.24,110,F1,1,,,,,
2026-08-03,2026-08-03,CM,NSE,STK,761153,INE00XB01019,SEDEMAC,EQ,,,,,SEDEMAC MECHATRONICS LTD,2749.30,2900.00,2697.80,2752.10,2764.00,2684.40,,2751.98,,,353233,992021468.50,38374,F1,1,,,,,
2026-08-03,2026-08-03,CM,NSE,STK,7094,INE955I01044,SEJALLTD,BE,,,,,SEJAL GLASS LIMITED,721.00,790.10,717.50,742.55,790.10,755.25,,742.43,,,21053,15399368.65,488,F1,1,,,,,
2026-08-03,2026-08-03,CM,NSE,STK,6262,INE105I01020,SELMC,EQ,,,,,SEL MANUFACTURING CO LTD,28.10,28.30,27.42,27.47,27.45,27.70,,27.53,,,8110,224010.38,99,F1,1,,,,,
2026-08-03,2026-08-03,CM,NSE,STK,11964,INE617A01013,SEMAC,BE,,,,,SEMAC CONSTRUCTION LTD,312.00,323.85,305.10,311.70,311.70,311.40,,311.70,,,1402,450313.90,22,F1,1,,,,,
2026-08-03,2026-08-03,CM,NSE,STK,17271,INE602W01027,SENCO,EQ,,,,,SENCO GOLD LIMITED,408.90,408.90,366.50,388.10,375.00,403.20,,387.77,,,1410396,555149909.25,31088,F1,1,,,,,
2026-08-03,2026-08-03,CM,NSE,STK,28888,INE0RB801010,SENORES,EQ,,,,,SENORES PHARMACEUTICALS L,1326.60,1364.40,1312.10,1355.30,1360.00,1305.70,,1355.29,,,198818,268459268.50,15825,F1,1,,,,,
2026-08-03,2026-08-03,CM,NSE,STK,15308,INE964H01014,SEPC,EQ,,,,,SEPC LIMITED,6.00,6.04,5.96,6.02,6.01,5.92,,6.02,,,6046035,36348457.46,3544,F1,1,,,,,
2026-08-03,2026-08-03,CM,NSE,STK,20713,INE027E07BB0,85LTF26,NM,,,,,SERENCD 8.50% SR.VI OP11,1065.00,1065.00,1000.00,1000.00,1000.00,945.00,,1000.00,,,80,84070.00,3,F1,1,,,,,
2026-08-03,2026-08-03,CM,NSE,STK,20715,INE027E07BC8,865LTF26,NN,,,,,SERENCD 8.65% SR.VI OP12,1059.80,1059.80,1059.80,1059.80,1059.80,1058.90,,1057.40,,,3,3179.40,1,F1,1,,,,,
2026-08-03,2026-08-03,CM,NSE,STK,20655,INE027E07998,898LTF29,N7,,,,,SERENCD 8.98% SR.VI OP2,1075.00,1075.00,1075.00,1075.00,1075.00,1068.85,,1075.00,,,25,26875.00,1,F1,1,,,,,
2026-08-03,2026-08-03,CM,NSE,STK,20687,INE027E07AL1,905LTF27,NF,,,,,SERENCD 9.05% SR.VI OPII,1038.00,1038.00,1038.00,1038.00,1038.00,1040.00,,1038.00,,,50,51900.00,1,F1,1,,,,,
2026-08-03,2026-08-03,CM,NSE,STK,17399,INE0P1Q01015,SERVICE,SM,,,,,SERVICE CARE LIMITED,62.00,62.15,61.00,61.00,61.00,62.05,,61.00,,,18000,1106800.00,8,F1,2000,,,,,
2026-08-03,2026-08-03,CM,NSE,STK,5507,INE782X01033,SERVOTECH,EQ,,,,,SERVOTECH REN POW SYS LTD,87.10,87.96,84.81,85.75,86.15,85.88,,85.75,,,853663,73318365.28,7665,F1,1,,,,,
2026-08-03,2026-08-03,CM,NSE,STK,759934,INE04VU01023,STYL,EQ,,,,,SESHAASAI TECHNOLOGIES L,350.00,369.80,350.00,368.05,369.50,346.15,,368.03,,,110667,40090354.45,4272,F1,1,,,,,
2026-08-03,2026-08-03,CM,NSE,STK,3066,INE630A01024,SESHAPAPER,EQ,,,,,SESHASAYEE PAPER & BOARDS,243.00,245.00,234.20,237.87,245.00,243.11,,237.82,,,126507,30095120.06,2808,F1,1,,,,,
2026-08-03,2026-08-03,CM,NSE,STK,17518,INE878E01021,SETCO,BE,,,,,SETCO AUTOMOTIVE LTD,17.75,17.94,17.75,17.90,17.90,17.70,,17.86,,,61831,1107302.14,123,F1,1,,,,,
2026-08-03,2026-08-03,CM,NSE,STK,18024,INE023M01027,SETUINFRA,BZ,,,,,SETUBANDHAN INFRA LTD,0.41,0.43,0.41,0.42,0.42,0.41,,0.42,,,15826,6699.73,29,F1,1,,,,,
2026-08-03,2026-08-03,CM,NSE,STK,10836,INE573R01012,SEYAIND,BE,,,,,SEYA INDUSTRIES LIMITED,12.36,12.55,12.11,12.25,12.44,12.35,,12.25,,,34977,433706.67,50,F1,1,,,,,
2026-08-03,2026-08-03,CM,NSE,STK,758853,INE618R01015,SGFIN,EQ,,,,,SG FINSERVE LIMITED,686.00,713.85,680.70,702.60,697.00,682.25,,702.49,,,367008,257423862.80,11792,F1,1,,,,,
2026-08-03,2026-08-03,CM,NSE,STK,758889,INE385F01024,SGMART,EQ,,,,,SG MART LIMITED,705.00,707.00,685.10,699.25,705.00,697.35,,698.82,,,229145,160957865.05,11456,F1,1,,,,,
2026-08-03,2026-08-03,CM,NSE,STK,761469,INE12UN01015,SHADOWFAX,EQ,,,,,SHADOWFAX TECHNOLOGIES L,253.09,261.50,237.15,240.78,239.10,242.90,,240.77,,,29699377,7290826909.89,261719,F1,1,,,,,
2026-08-03,2026-08-03,CM,NSE,STK,11856,INE640C01011,SHAHALLOYS,EQ,,,,,SHAH ALLOYS LIMITED,68.00,68.00,66.10,67.44,67.44,66.50,,67.44,,,696,46704.31,26,F1,1,,,,,
2026-08-03,2026-08-03,CM,NSE,STK,20296,INE482J01021,SHAH,EQ,,,,,SHAH METACORP LIMITED,3.96,4.08,3.92,4.01,4.00,3.84,,4.01,,,1845572,7375458.40,1857,F1,1,,,,,
2026-08-03,2026-08-03,CM,NSE,STK,8727,INE151G01028,SHAILY,EQ,,,,,SHAILY ENG PLASTICS LTD,3065.00,3096.60,3034.80,3056.00,3037.00,3061.40,,3055.95,,,104738,321593673.20,13072,F1,1,,,,,
2026-08-03,2026-08-03,CM,NSE,STK,25574,INE908D01010,SHAKTIPUMP,EQ,,,,,SHAKTI PUMPS (I) LTD,525.50,526.95,517.05,518.80,518.95,520.40,,518.81,,,540773,282374681.45,19131,F1,1,,,,,
2026-08-03,2026-08-03,CM,NSE,STK,714,INE597J01018,SHALBY,EQ,,,,,SHALBY LIMITED,161.90,166.04,161.90,163.84,163.46,161.30,,163.82,,,55574,9135710.54,1387,F1,1,,,,,
2026-08-03,2026-08-03,CM,NSE,STK,761688,INE861D01011,SAHLIBHFI,EQ,,,,,SHALIBHADRA FINANCE LTD,81.00,81.00,78.46,78.52,78.50,78.09,,78.48,,,330,26091.88,13,F1,1,,,,,
2026-08-03,2026-08-03,CM,NSE,STK,15342,INE849C01026,SHALPAINTS,EQ,,,,,SHALIM PAINTS LTD,67.68,80.01,67.68,80.01,80.01,66.68,,80.01,,,4518150,347436993.73,21119,F1,1,,,,,
2026-08-03,2026-08-03,CM,NSE,STK,25737,INE01NE01012,SRD,EQ,,,,,SHANKAR LAL RAMPAL LTD,37.95,40.00,37.20,39.21,38.80,37.44,,39.29,,,79787,3108894.51,205,F1,1,,,,,
2026-08-03,2026-08-03,CM,NSE,STK,20321,INE274V01019,SHANKARA,EQ,,,,,SHANKARA BLDG PRODUCT LTD,143.30,144.90,141.10,141.92,141.95,141.87,,141.92,,,608991,86509089.48,1411,F1,1,,,,,
2026-08-03,2026-08-03,CM,NSE,STK,760594,INE24OJ01011,BUILDPRO,EQ,,,,,SHANKARA BUILDPRO LIMITED,1250.00,1360.00,1249.10,1343.60,1334.00,1242.20,,1343.61,,,222434,293742207.70,13053,F1,1,,,,,
2026-08-03,2026-08-03,CM,NSE,STK,3078,INE631A01022,SHANTIGEAR,EQ,,,,,SHANTHI GEARS LTD,414.80,421.05,413.00,415.00,413.00,412.30,,415.00,,,13852,5785117.20,739,F1,1,,,,,
2026-08-03,2026-08-03,CM,NSE,STK,762889,INE440T01028,SEIL,EQ,,,,,SHANTI EDU INITIATIVES L,207.62,209.78,204.50,205.00,206.93,205.09,,205.00,,,480068,99131895.59,5619,F1,1,,,,,
2026-08-03,2026-08-03,CM,NSE,STK,758002,INE06ZD01017,SHANTIGOLD,EQ,,,,,SHANTI GOLD INTERNATION L,225.00,225.00,218.80,219.61,220.00,217.41,,219.62,,,632489,140107041.24,7559,F1,1,,,,,
2026-08-03,2026-08-03,CM,NSE,STK,5650,INE933X01016,SHANTI,EQ,,,,,SHANTI OVERSEAS INDIA LTD,6.87,7.50,6.67,6.90,6.92,6.67,,6.90,,,35474,247829.70,116,F1,1,,,,,
2026-08-03,2026-08-03,CM,NSE,STK,762904,INE220Z01013,SHINDL,EQ,,,,,SHARAT INDUSTRIES LTD.,162.95,162.95,159.00,160.36,159.25,162.02,,160.42,,,101756,16361028.09,782,F1,1,,,,,
2026-08-03,2026-08-03,CM,NSE,STK,4992,INE221J01015,SHARDACROP,EQ,,,,,SHARDA CROPCHEM LTD.,825.00,849.00,817.10,826.15,820.25,819.75,,826.19,,,354204,295736474.80,16208,F1,1,,,,,
2026-08-03,2026-08-03,CM,NSE,STK,10530,INE597I01028,SHARDAMOTR,EQ,,,,,SHARDA MOTOR INDS LTD,871.30,916.00,871.30,912.30,898.50,871.30,,912.17,,,93432,84269860.15,7902,F1,1,,,,,
2026-08-03,2026-08-03,CM,NSE,STK,762897,INE037B01020,SHARDUL,BE,,,,,SHARDUL SECURITIES LTD.,39.44,43.58,39.44,43.58,43.58,41.51,,43.64,,,43976,1793235.85,159,F1,1,,,,,
2026-08-03,2026-08-03,CM,NSE,STK,104,INE932X01026,SHAREINDIA,EQ,,,,,SHARE IND. SECURITIES LTD,178.70,182.07,177.07,180.74,180.40,178.48,,180.74,,,406589,72953450.14,4564,F1,1,,,,,
2026-08-03,2026-08-03,CM,NSE,STK,19469,INE460Q01014,SCML,SM,,,,,SHARP CHUCKS N MACHINES L,80.00,83.95,79.00,81.95,81.95,81.05,,81.95,,,63000,5138000.00,30,F1,1000,,,,,
2026-08-03,2026-08-03,CM,NSE,STK,759410,INE0YJV01017,SHEEL,ST,,,,,SHEEL BIOTECH LIMITED,68.50,68.50,68.50,68.50,68.50,68.00,,68.50,,,4000,274000.00,2,F1,2000,,,,,
2026-08-03,2026-08-03,CM,NSE,STK,19184,INE916U01025,SFL,EQ,,,,,SHEELA FOAM LIMITED,784.05,797.00,784.05,790.75,790.60,783.80,,790.76,,,92503,73101437.10,6213,F1,1,,,,,
2026-08-03,2026-08-03,CM,NSE,STK,12072,INE501Y01019,SCPL,EQ,,,,,SHEETAL COOL PRODUCTS LTD,619.00,648.00,619.00,638.60,639.00,615.00,,638.61,,,137704,87452613.60,5539,F1,1,,,,,
2026-08-03,2026-08-03,CM,NSE,STK,20415,INE04VX01019,SHEETAL,SM,,,,,SHEETAL UNIVERSAL LIMITED,295.50,295.90,295.50,295.90,295.90,294.75,,295.90,,,1000,295700.00,2,F1,500,,,,,
2026-08-03,2026-08-03,CM,NSE,STK,21095,INE268L01046,SHEKHAWATI,EQ,,,,,SHEKHAWATI INDUSTRIES LTD,12.56,13.80,12.51,13.59,13.80,12.56,,13.63,,,40983,549268.92,214,F1,1,,,,,
2026-08-03,2026-08-03,CM,NSE,STK,5072,INE363M01019,SHEMAROO,BE,,,,,SHEMAROO ENTER. LTD.,117.50,120.10,117.00,117.99,117.99,117.50,,117.99,,,2443,287502.60,34,F1,1,,,,,
2026-08-03,2026-08-03,CM,NSE,STK,14176,INE0MM001019,SHERA,ST,,,,,SHERA ENERGY LIMITED,165.00,167.50,163.50,167.50,167.50,165.00,,167.50,,,13000,2155400.00,11,F1,1000,,,,,
2026-08-03,2026-08-03,CM,NSE,STK,8394,INE03KJ01013,SHIGAN,SM,,,,,SHIGAN QUANTUM TECH LTD,62.05,63.95,61.00,62.60,62.60,65.50,,62.60,,,13500,844875.00,8,F1,1500,,,,,
2026-08-03,2026-08-03,CM,NSE,STK,759847,INE024F01011,SHILCTECH,EQ,,,,,SHILCHAR TECHNOLOGIES LTD,4582.00,4735.00,4582.00,4682.50,4668.00,4580.50,,4682.44,,,25924,120969112.90,6884,F1,1,,,,,
2026-08-03,2026-08-03,CM,NSE,STK,17752,INE790G01031,SHILPAMED,EQ,,,,,SHILPA MEDICARE LTD,616.10,629.75,614.10,623.55,621.70,611.25,,623.54,,,477775,297084842.80,16867,F1,1,,,,,
2026-08-03,2026-08-03,CM,NSE,STK,23127,INE0PB301013,SCILAL,EQ,,,,,SHIPPING CORP OF ILA LTD,41.21,42.50,41.21,41.89,41.95,41.19,,41.89,,,203515,8534028.11,1154,F1,1,,,,,
2026-08-03,2026-08-03,CM,NSE,STK,3048,INE109A01011,SCI,EQ,,,,,SHIPPING CORP OF INDIA LT,294.00,295.75,290.70,292.65,292.25,291.45,,292.64,,,1989074,583092177.70,25131,F1,1,,,,,
2026-08-03,2026-08-03,CM,NSE,STK,759747,INE719F01016,SHIVAUM,EQ,,,,,SHIV AUM STEELS LIMITED,440.10,449.40,426.00,428.05,426.00,440.95,,428.05,,,5702,2479620.50,116,F1,1,,,,,
2026-08-03,2026-08-03,CM,NSE,STK,1503,INE644Y01017,SHIVAMILLS,BE,,,,,SHIVA MILLS LIMITED,61.02,61.62,58.21,60.31,61.58,61.02,,60.31,,,73,4281.52,10,F1,1,,,,,
2026-08-03,2026-08-03,CM,NSE,STK,804,INE705C01020,SHIVATEX,EQ,,,,,SHIVA TEXYARN LIMITED,165.00,166.66,163.02,163.57,163.51,164.24,,163.58,,,676,110790.02,22,F1,1,,,,,
2026-08-03,2026-08-03,CM,NSE,STK,24249,INE0T7B01010,SPCL,SM,,,,,SHIVALIC POWER CONTROL L,65.70,66.30,65.70,66.20,66.10,65.70,,66.20,,,4200,277080.00,7,F1,600,,,,,
2026-08-03,2026-08-03,CM,NSE,STK,4656,INE386D01027,SBCL,EQ,,,,,SHIVALIK BIMETAL CON. LTD,752.90,769.40,747.00,763.45,760.00,749.45,,763.40,,,213225,162239887.65,14692,F1,1,,,,,
2026-08-03,2026-08-03,CM,NSE,STK,7026,INE788J01021,SHIVALIK,BE,,,,,SHIVALIK RASAYAN LIMITED,248.30,258.40,247.05,250.28,247.05,247.21,,250.28,,,32229,8159147.68,316,F1,1,,,,,
2026-08-03,2026-08-03,CM,NSE,STK,13757,INE637H01024,SHIVAMAUTO,BE,,,,,SHIVAM AUTO.LTD,18.00,18.00,17.64,17.64,17.64,18.00,,17.70,,,6421,113769.72,39,F1,1,,,,,
2026-08-03,2026-08-03,CM,NSE,STK,758744,INE1DLF01018,SHIVASHRIT,SM,,,,,SHIVASHRIT FOODS LIMITED,129.00,131.80,123.00,126.55,124.00,130.30,,126.55,,,25000,3195000.00,25,F1,1000,,,,,
2026-08-03,2026-08-03,CM,NSE,STK,11813,INE498B01024,SHOPERSTOP,EQ,,,,,SHOPPERS STOP LIMITED,388.60,411.95,380.00,403.35,403.00,389.60,,403.33,,,85036,34002553.80,5343,F1,1,,,,,
2026-08-03,2026-08-03,CM,NSE,STK,708,INE715Y01031,SHRADHA,EQ,,,,,SHRADHA REALTY LIMITED,34.19,35.25,32.70,33.86,33.99,33.86,,33.86,,,34507,1163137.24,292,F1,1,,,,,
2026-08-03,2026-08-03,CM,NSE,STK,10588,INE712K01011,SHREEPUSHK,EQ,,,,,SHRE PUSH CHEM & FERT LTD,396.75,408.00,396.00,405.85,406.00,396.75,,405.85,,,33426,13477138.55,1746,F1,1,,,,,
2026-08-03,2026-08-03,CM,NSE,STK,762874,INE185C01017,SAPPL,EQ,,,,,SHREE AJIT PULP & PAPER L,285.25,295.00,281.90,287.45,293.90,289.65,,287.39,,,983,281826.90,53,F1,1,,,,,
2026-08-03,2026-08-03,CM,NSE,STK,3103,INE070A01015,SHREECEM,EQ,,,,,SHREE CEMENT LIMITED,26150.00,27000.00,26110.00,27000.00,27000.00,26055.00,,27000.00,,,33488,894951420.00,14811,F1,1,,,,,
2026-08-03,2026-08-03,CM,NSE,STK,3099,INE232A01011,SHREDIGCEM,EQ,,,,,SHREE DIGVIJAY CEM CO LTD,71.70,74.49,71.70,73.93,73.81,72.31,,73.93,,,49567,3623871.64,932,F1,1,,,,,
2026-08-03,2026-08-03,CM,NSE,STK,23074,INE0S4Y01010,SHREEKARNI,SM,,,,,SHREE KARNI FABCOM LTD,407.00,407.00,407.00,407.00,407.00,410.90,,407.00,,,300,122100.00,2,F1,150,,,,,
2026-08-03,2026-08-03,CM,NSE,STK,20603,INE02S501018,SHREEOSFM,SM,,,,,SHREE OSFM E-MOBILITY LTD,56.25,57.85,55.50,56.00,56.00,57.00,,56.00,,,8000,451500.00,8,F1,1000,,,,,
2026-08-03,2026-08-03,CM,NSE,STK,28635,INE008Z01020,SRPL,BZ,,,,,SHREE RAM PROTEINS LTD.,0.33,0.34,0.32,0.33,0.34,0.33,,0.33,,,268391,87505.42,222,F1,1,,,,,
2026-08-03,2026-08-03,CM,NSE,STK,760188,INE19GK01015,SRTL,EQ,,,,,SHREE RAM TWISTEX LIMITED,41.00,41.00,40.10,40.22,40.45,40.55,,40.22,,,23191,936218.49,284,F1,1,,,,,
2026-08-03,2026-08-03,CM,NSE,STK,7627,INE879A01019,SHREERAMA,EQ,,,,,SHREE RAMA MULTI TECH LTD,39.39,40.78,39.29,40.36,40.48,39.17,,40.36,,,47303,1900465.39,454,F1,1,,,,,
2026-08-03,2026-08-03,CM,NSE,STK,13565,INE278B01020,RAMANEWS,EQ,,,,,SHREE RAMA NEWSPRINT LTD,28.39,31.99,28.39,30.85,30.00,28.39,,30.85,,,96270,2936877.72,487,F1,1,,,,,
2026-08-03,2026-08-03,CM,NSE,STK,12026,INE087H01022,RENUKA,EQ,,,,,SHREE RENUKA SUGARS LTD,21.77,22.69,21.75,22.33,22.28,21.87,,22.33,,,8155897,182398885.34,12480,F1,1,,,,,
2026-08-03,2026-08-03,CM,NSE,STK,25203,INE0S2G01011,BALAJEE,EQ,,,,,SHREE TIRUPATI BALAJEE L,27.33,27.87,27.11,27.36,27.24,27.33,,27.36,,,12158,333527.14,147,F1,1,,,,,
2026-08-03,2026-08-03,CM,NSE,STK,15126,INE00CE01017,SVLL,BE,,,,,SHREE VASU LOGISTICS LTD,736.40,736.40,736.40,736.40,736.40,722.00,,736.40,,,430,316652.00,8,F1,1,,,,,
2026-08-03,2026-08-03,CM,NSE,STK,762112,INE0K3301012,SHREEDHAR,SM,,,,,SHREEDHAR SPINNERS LTD,91.80,106.00,90.00,101.40,106.00,91.90,,101.40,,,116000,11295000.00,45,F1,2000,,,,,
2026-08-03,2026-08-03,CM,NSE,STK,759805,INE1FL101016,SHETHJI,ST,,,,,SHREEJI GLOBAL FMCG LTD,151.40,152.05,151.25,152.05,152.05,151.15,,152.05,,,12000,1818650.00,11,F1,1000,,,,,
2026-08-03,2026-08-03,CM,NSE,STK,759448,INE1B6101010,SHREEJISPG,EQ,,,,,SHREEJI SHIPPING GLOBAL L,648.95,673.00,648.95,666.55,659.90,645.35,,666.53,,,525755,347349245.90,9206,F1,1,,,,,
2026-08-03,2026-08-03,CM,NSE,STK,14305,INE00IK01029,OSWALSEEDS,EQ,,,,,SHREEOSWAL S AND CHE LTD,10.88,10.88,10.53,10.68,10.70,10.76,,10.68,,,11735,124713.28,114,F1,1,,,,,
2026-08-03,2026-08-03,CM,NSE,STK,5718,INE0GTI23014,SHREMINVIT,IV,,,,,SHREM INVIT,101.00,104.90,101.00,104.90,104.90,101.00,,104.90,,,75000,7770000.00,3,F1,25000,,,,,
2026-08-03,2026-08-03,CM,NSE,STK,760252,INE632X01030,SHRENIK,BZ,,,,,SHRENIK LIMITED,0.34,0.34,0.33,0.33,0.34,0.33,,0.33,,,538831,178190.47,189,F1,1,,,,,
2026-08-03,2026-08-03,CM,NSE,STK,3126,INE231C01019,SHREYANIND,EQ,,,,,SHREYANS INDUSTRIES LTD,139.32,144.78,137.11,141.88,141.01,139.32,,141.81,,,5323,749397.97,228,F1,1,,,,,
2026-08-03,2026-08-03,CM,NSE,STK,756409,INE0DM401012,SHRIAHIMSA,ST,,,,,SHRI AHIMSA NATURALS LTD,384.00,385.00,364.75,385.00,385.00,383.90,,385.00,,,20400,7572300.00,31,F1,600,,,,,
2026-08-03,2026-08-03,CM,NSE,STK,762899,INE402H01015,SHBAJRG,EQ,,,,,SHRI BAJRANG ALLIANCE L,177.20,190.00,177.00,187.98,188.97,181.20,,187.74,,,8565,1591111.96,207,F1,1,,,,,
2026-08-03,2026-08-03,CM,NSE,STK,760202,INE1V4601019,SHRIKANHA,SM,,,,,SHRI KANHA STAINLESS LTD,22.00,22.80,22.00,22.80,22.80,22.00,,22.80,,,3200,71680.00,2,F1,1600,,,,,
2026-08-03,2026-08-03,CM,NSE,STK,762909,INE997I01012,SHRIKRISH,EQ,,,,,SHRI KRISHNA DEVCON LTD.,40.05,43.01,40.05,40.06,40.06,40.00,,40.46,,,1199,48903.61,28,F1,1,,,,,
2026-08-03,2026-08-03,CM,NSE,STK,759093,INE1B3L01017,SHRINGARMS,EQ,,,,,SHRINGAR HOU OF MANGALS L,225.01,232.40,225.01,229.85,229.20,222.84,,229.86,,,786356,180267952.81,5765,F1,1,,,,,
2026-08-03,2026-08-03,CM,NSE,STK,24374,INF680P01422,LIQUIDSHRI,EQ,,,,,SHRIRAM - LIQUIDSHRI,1115.72,1115.72,1115.70,1115.70,1115.70,1115.56,,1115.70,,,1293,1442612.72,23,F1,1,,,,,
2026-08-03,2026-08-03,CM,NSE,STK,4306,INE721A01047,SHRIRAMFIN,EQ,,,,,SHRIRAM FINANCE LIMITED,1058.00,1095.00,1051.60,1090.20,1090.20,1046.70,,1090.04,,,7047761,7614213410.50,126499,F1,1,,,,,
2026-08-03,2026-08-03,CM,NSE,STK,7200,INE217L01019,SHRIRAMPPS,EQ,,,,,SHRIRAM PROPERTIES LTD,84.72,86.00,84.48,85.65,85.15,84.03,,85.65,,,174452,14910012.23,1957,F1,1,,,,,
2026-08-03,2026-08-03,CM,NSE,STK,6451,INE01Z401013,SHUBHLAXMI,SM,,,,,SHUBHLAXMI JEWEL ART LTD,18.95,18.95,18.95,18.95,18.95,18.30,,18.95,,,1000,18950.00,1,F1,1000,,,,,
2026-08-03,2026-08-03,CM,NSE,STK,25240,INE0UL701015,SHUBHSHREE,SM,,,,,SHUBHSHREE BIOFUELS ENE L,310.00,333.50,310.00,331.00,330.00,345.00,,331.00,,,3900,1276275.00,9,F1,300,,,,,
2026-08-03,2026-08-03,CM,NSE,STK,10192,INE979R01011,SHYAMCENT,BE,,,,,SHYAM CENTURY FERROUS LTD,5.21,5.21,5.01,5.06,5.07,5.19,,5.06,,,41031,209224.69,132,F1,1,,,,,
2026-08-03,2026-08-03,CM,NSE,STK,761213,INE1CRP01016,SHYAMDHANI,ST,,,,,SHYAM DHANI INDUSTRIES L,55.00,55.00,54.00,54.00,54.00,53.50,,54.00,,,22000,1194400.00,10,F1,2000,,,,,
2026-08-03,2026-08-03,CM,NSE,STK,4693,INE810G01011,SHYAMMETL,EQ,,,,,SHYAM METALICS AND ENGY L,1041.80,1044.80,1017.50,1025.10,1022.80,1031.30,,1024.79,,,477723,491211791.80,13036,F1,1,,,,,
2026-08-03,2026-08-03,CM,NSE,STK,13741,INE635A01023,SHYAMTEL,BE,,,,,SHYAM TELECOM LIMITED,16.21,17.10,16.21,17.10,17.10,16.29,,17.12,,,6547,111139.31,18,F1,1,,,,,
2026-08-03,2026-08-03,CM,NSE,STK,16875,INE176J01011,SICAGEN,EQ,,,,,SICAGEN INDIA LIMITED,49.71,50.48,48.50,49.97,49.50,49.71,,50.10,,,6976,347819.91,58,F1,1,,,,,
2026-08-03,2026-08-03,CM,NSE,STK,19440,INE075B01020,SICALLOG,BE,,,,,SICAL LOGISTICS LIMITED,107.00,107.00,106.91,106.91,106.91,112.53,,106.55,,,20315,2171891.05,78,F1,1,,,,,
2026-08-03,2026-08-03,CM,NSE,STK,759053,INE0SVO01019,SIDDHICOTS,SM,,,,,SIDDHI COTSPIN LIMITED,27.10,27.55,27.10,27.55,27.55,28.45,,27.55,,,2400,65580.00,2,F1,1200,,,,,
2026-08-03,2026-08-03,CM,NSE,STK,3148,INE0A1E01018,SIDDHIKA,SM,,,,,SIDDHIKA COATINGS LIMITED,205.10,205.10,205.10,205.10,205.10,211.00,,205.10,,,500,102550.00,1,F1,500,,,,,
2026-08-03,2026-08-03,CM,NSE,STK,756871,INE1NPP01017,ENRIN,EQ,,,,,SIEMENS ENERGY INDIA LTD,3236.00,3298.30,3181.00,3256.00,3264.90,3230.80,,3255.78,,,411370,1336730848.80,45839,F1,1,,,,,
2026-08-03,2026-08-03,CM,NSE,STK,3150,INE003A01024,SIEMENS,EQ,,,,,SIEMENS LTD,3741.70,3905.00,3694.20,3900.00,3900.00,3760.00,,3900.00,,,609663,2357216695.30,40750,F1,1,,,,,
2026-08-03,2026-08-03,CM,NSE,STK,6664,INE0D0K01022,SIGACHI,BE,,,,,SIGACHI INDUSTRIES LTD,24.63,27.00,24.63,26.61,26.94,25.92,,26.61,,,1507634,39234523.19,2442,F1,1,,,,,
2026-08-03,2026-08-03,CM,NSE,STK,14797,INE933B01012,SIGMAADV,BE,,,,,SIGMA ADVANCED SYSTEM LTD,634.00,654.70,625.00,654.70,654.70,623.55,,654.72,,,146018,95282663.55,1214,F1,1,,,,,
2026-08-03,2026-08-03,CM,NSE,STK,16658,INE0A0S01028,SIGMA,EQ,,,,,SIGMA SOLVE LIMITED,53.00,53.98,49.75,50.24,49.75,54.98,,50.23,,,1362441,69915732.81,7068,F1,1,,,,,
2026-08-03,2026-08-03,CM,NSE,STK,18743,INE903U01023,SIGNATURE,EQ,,,,,SIGNATUREGLOBAL INDIA LTD,824.80,838.00,822.15,833.65,830.00,820.45,,833.73,,,243726,202238380.85,7001,F1,1,,,,,
2026-08-03,2026-08-03,CM,NSE,STK,4522,INE529F01035,SIGIND,EQ,,,,,SIGNET INDUSTRIES LIMITED,53.41,58.50,51.10,55.93,57.00,52.31,,55.92,,,98549,5387208.16,803,F1,1,,,,,
2026-08-03,2026-08-03,CM,NSE,STK,23150,INE0RDE01010,SIGNORIA,ST,,,,,SIGNORIA CREATION LIMITED,147.50,148.00,147.50,148.00,148.00,141.75,,148.00,,,4000,591500.00,3,F1,1000,,,,,
2026-08-03,2026-08-03,CM,NSE,STK,22656,INE0KGZ01021,SIGNPOST,EQ,,,,,SIGNPOST INDIA LIMITED,283.60,288.05,275.35,280.00,280.00,283.55,,280.03,,,146187,41260623.15,4164,F1,1,,,,,
2026-08-03,2026-08-03,CM,NSE,STK,762914,INE438E01032,SIKA,EQ,,,,,SIKA INTERPLANT SYSTEMS L,1101.70,1141.60,1100.00,1124.10,1116.00,1115.70,,1124.21,,,21437,24156328.50,2263,F1,1,,,,,
2026-08-03,2026-08-03,CM,NSE,STK,6218,INE112X01025,SIKKO,EQ,,,,,SIKKO INDUSTRIES LIMITED,5.41,5.45,5.33,5.37,5.37,5.30,,5.37,,,701908,3780213.66,909,F1,1,,,,,
2026-08-03,2026-08-03,CM,NSE,STK,4105,INE923A01015,SILINV,EQ,,,,,SIL INVESTMENTS LIMITED,419.00,430.00,419.00,427.60,430.00,418.05,,427.60,,,1022,433495.25,73,F1,1,,,,,
2026-08-03,2026-08-03,CM,NSE,STK,2492,INE01II01013,SILGO,EQ,,,,,SILGO RETAIL LIMITED,69.94,70.69,68.67,69.79,69.00,69.94,,69.79,,,214160,15010445.82,1234,F1,1,,,,,
2026-08-03,2026-08-03,CM,NSE,STK,23739,INE0STN01015,SILKFLEX,ST,,,,,SILKFLEX POLYMERS INDIA L,205.00,210.00,201.00,201.10,201.10,211.00,,201.10,,,32000,6487400.00,32,F1,1000,,,,,
2026-08-03,2026-08-03,CM,NSE,STK,757679,INE0SN801015,SILKY,SM,,,,,SILKY OVERSEAS LIMITED,70.05,78.95,70.00,78.95,78.95,74.30,,78.95,,,4000,293720.00,5,F1,800,,,,,
2026-08-03,2026-08-03,CM,NSE,STK,19097,INE203Y01012,SILLYMONKS,EQ,,,,,SILLY MONKS ENTERTAIN LTD,16.16,16.16,14.91,15.13,15.01,15.62,,15.13,,,34567,527978.52,154,F1,1,,,,,
2026-08-03,2026-08-03,CM,NSE,STK,9422,INE625X01026,SILVERTUC,EQ,,,,,SILVER TOUCH TECHNO LTD,202.00,207.70,192.25,197.38,196.67,201.79,,197.40,,,699145,140052038.08,9578,F1,1,,,,,
2026-08-03,2026-08-03,CM,NSE,STK,758836,INE748T01016,SIMBHALS,BZ,,,,,SIMBHAOLI SUGARS LTD.,6.85,6.99,6.62,6.96,6.96,6.67,,7.02,,,19171,130816.67,54,F1,1,,,,,
2026-08-03,2026-08-03,CM,NSE,STK,763375,INE1K4J01018,SIMCA,SM,,,,,SIMCA ADVERTISING LIMITED,219.20,221.00,219.00,219.00,219.00,217.60,,219.00,,,10200,2240730.00,15,F1,600,,,,,
2026-08-03,2026-08-03,CM,NSE,STK,3162,INE059B01024,SIMPLEXINF,EQ,,,,,SIMPLEX INFRASTRUCTURES L,235.75,239.89,234.00,235.64,234.00,236.35,,235.80,,,57252,13537617.93,1102,F1,1,,,,,
2026-08-03,2026-08-03,CM,NSE,STK,23480,INE985A01022,SINCLAIR,EQ,,,,,SINCLAIRS HOTELS LIMITED,71.61,75.45,71.61,74.69,74.20,72.86,,74.59,,,29359,2182230.11,422,F1,1,,,,,
2026-08-03,2026-08-03,CM,NSE,STK,16859,INE325D01025,SINDHUTRAD,EQ,,,,,SINDHU TRADE LINKS LTD,24.96,24.96,24.42,24.50,24.50,24.41,,24.48,,,137842,3389432.58,519,F1,1,,,,,
2026-08-03,2026-08-03,CM,NSE,STK,761420,INE638A01035,SINGERIND,EQ,,,,,SINGER INDIA LIMITED,65.98,66.43,64.55,64.90,64.71,64.78,,64.90,,,18711,1220889.40,227,F1,1,,,,,
2026-08-03,2026-08-03,CM,NSE,STK,381,INE129Z01016,SINTERCOM,EQ,,,,,SINTERCOM INDIA LIMITED,83.00,87.00,83.00,86.99,86.90,83.69,,86.99,,,15200,1288793.82,71,F1,1,,,,,
2026-08-03,2026-08-03,CM,NSE,STK,11050,INE792Z01011,SIRCA,EQ,,,,,SIRCA PAINT INDIA LIMITED,425.00,436.00,422.45,430.70,430.20,420.45,,430.70,,,458544,197399626.90,5890,F1,1,,,,,
2026-08-03,2026-08-03,CM,NSE,STK,21501,INE285J01028,SIS,EQ,,,,,SIS LIMITED,424.50,429.75,422.55,425.10,424.20,422.40,,425.09,,,66651,28394016.95,4618,F1,1,,,,,
2026-08-03,2026-08-03,CM,NSE,STK,29210,INE965H01011,SITINET,BZ,,,,,SITI NETWORKS LIMITED,0.31,0.31,0.31,0.31,0.31,0.30,,0.37,,,428778,132921.18,239,F1,1,,,,,
2026-08-03,2026-08-03,CM,NSE,STK,14096,INE076B01028,SIYSIL,EQ,,,,,SIYARAM SILK MILLS LTD,611.35,634.00,605.75,629.30,622.85,602.30,,629.06,,,128794,80355933.25,6748,F1,1,,,,,
2026-08-03,2026-08-03,CM,NSE,STK,6643,INE284S01014,SJS,EQ,,,,,SJS ENTERPRISES LIMITED,2430.20,2498.90,2410.00,2483.40,2454.20,2391.70,,2483.61,,,155365,383334298.00,16076,F1,1,,,,,
2026-08-03,2026-08-03,CM,NSE,STK,18883,INE002L01015,SJVN,EQ,,,,,SJVN LTD,69.20,70.43,69.01,69.42,69.55,68.62,,69.42,,,2713188,189073887.01,19539,F1,1,,,,,
2026-08-03,2026-08-03,CM,NSE,STK,760101,INE2J8701016,SKFINDUS,EQ,,,,,SKF IND (INDUSTRIAL) LTD,2780.00,2788.20,2679.90,2697.70,2700.00,2739.90,,2697.50,,,24922,68077485.10,6854,F1,1,,,,,
2026-08-03,2026-08-03,CM,NSE,STK,3186,INE640A01023,SKFINDIA,EQ,,,,,SKF INDIA LTD,1489.60,1513.80,1482.20,1506.50,1505.00,1479.60,,1506.02,,,49615,74751332.20,4236,F1,1,,,,,
2026-08-03,2026-08-03,CM,NSE,STK,24107,INE429F01012,SKIL,BZ,,,,,SKIL INFRASTRUCTURE LTD.,0.94,0.96,0.92,0.94,0.94,0.96,,0.94,,,32482,30172.63,45,F1,1,,,,,
2026-08-03,2026-08-03,CM,NSE,STK,9428,INE439E01022,SKIPPER,EQ,,,,,SKIPPER LIMITED,533.90,555.00,531.60,549.15,549.95,527.75,,549.18,,,755981,412060211.95,18497,F1,1,,,,,
2026-08-03,2026-08-03,CM,NSE,STK,4732,INE411D01023,SKMEGGPROD,EQ,,,,,SKM EGG PROD EXPORT(I) LT,249.85,249.85,241.00,242.33,241.95,249.85,,242.33,,,636187,155487209.21,10459,F1,1,,,,,
2026-08-03,2026-08-03,CM,NSE,STK,10325,INE0KZA01016,SKP,SM,,,,,SKP BEARING INDUSTRI. LTD,159.70,160.00,157.55,158.00,158.00,159.70,,158.00,,,3000,475625.00,6,F1,500,,,,,
2026-08-03,2026-08-03,CM,NSE,STK,13631,INE01IU01018,SKYGOLD,EQ,,,,,SKY GOLD AND DIAMONDS LTD,649.00,700.00,649.00,691.85,686.00,643.70,,691.90,,,1001359,679177079.70,29068,F1,1,,,,,
2026-08-03,2026-08-03,CM,NSE,STK,23692,INE0SMA01017,SLONE,ST,,,,,SLONE INFOSYSTEMS LIMITED,132.65,142.70,132.65,142.70,142.70,139.55,,142.70,,,800,110140.00,2,F1,400,,,,,
2026-08-03,2026-08-03,CM,NSE,STK,757622,INE14GK01016,SMARTEN,ST,,,,,SMARTEN POWER SYSTEMS LTD,56.00,56.80,53.00,54.55,54.55,54.95,,54.55,,,16800,937200.00,9,F1,1200,,,,,
2026-08-03,2026-08-03,CM,NSE,STK,9893,INE178C01020,SMARTLINK,BE,,,,,SMARTLINK HOLDINGS LTD,207.00,210.42,207.00,210.42,210.42,200.40,,213.81,,,3475,728039.16,23,F1,1,,,,,
2026-08-03,2026-08-03,CM,NSE,STK,757965,INE0NAZ01010,SMARTWORKS,EQ,,,,,SMARTWORKS COWORKING SP L,478.85,489.00,466.60,481.65,473.10,470.50,,481.62,,,48510,23141938.45,3481,F1,1,,,,,
2026-08-03,2026-08-03,CM,NSE,STK,2320,INE103C01036,SMCGLOBAL,EQ,,,,,SMC GLOBAL SECURITIES LTD,81.90,81.90,79.40,79.94,79.73,80.83,,79.94,,,606571,48522843.78,2388,F1,1,,,,,
2026-08-03,2026-08-03,CM,NSE,STK,3387,INE294B01019,SMLMAH,EQ,,,,,SML MAHINDRA LIMITED,5690.00,5756.00,5401.00,5464.00,5426.00,5685.60,,5463.85,,,257127,1437061070.00,34305,F1,1,,,,,
2026-08-03,2026-08-03,CM,NSE,STK,14329,INE812G01025,SMSPHARMA,EQ,,,,,SMS PHARMACEUTICALS LTD.,375.75,376.60,361.20,363.55,364.00,373.90,,363.55,,,299209,109690618.75,7068,F1,1,,,,,
2026-08-03,2026-08-03,CM,NSE,STK,758946,INE1OIC01018,SNEHAA,SM,,,,,SNEHAA ORGANICS LIMITED,47.05,47.25,46.25,47.25,47.25,46.65,,47.25,,,18000,844850.00,13,F1,1000,,,,,
2026-08-03,2026-08-03,CM,NSE,STK,4843,INE734N01019,SNOWMAN,EQ,,,,,SNOWMAN LOGISTICS LTD.,38.89,39.00,38.30,38.50,38.88,38.30,,38.50,,,102594,3963308.85,875,F1,1,,,,,
2026-08-03,2026-08-03,CM,NSE,STK,13826,INE671H01015,SOBHA,EQ,,,,,SOBHA LIMITED,1380.00,1387.90,1361.20,1372.30,1364.80,1372.20,,1372.22,,,75517,103952312.50,7406,F1,1,,,,,
2026-08-03,2026-08-03,CM,NSE,STK,8268,INE728Z01015,SOFTTECH,BE,,,,,SOFTTECH ENGINEERS LTD,416.00,418.00,412.05,418.00,418.00,417.05,,423.98,,,3696,1531262.30,14,F1,1,,,,,
2026-08-03,2026-08-03,CM,NSE,STK,13332,INE343H01029,SOLARINDS,EQ,,,,,SOLAR INDUSTRIES (I) LTD,18400.00,18710.00,18358.00,18659.00,18659.00,18391.00,,18658.99,,,53004,982128569.00,15483,F1,1,,,,,
2026-08-03,2026-08-03,CM,NSE,STK,3672,INE624Z01016,SOLARA,EQ,,,,,SOLARA ACTIVE PHA SCI LTD,522.85,523.65,513.00,515.85,517.50,513.55,,515.86,,,111052,57436457.25,4004,F1,1,,,,,
2026-08-03,2026-08-03,CM,NSE,STK,759929,INE0TY101024,SOLARWORLD,EQ,,,,,SOLARWORLD ENERGY SOL LTD,190.65,192.60,184.01,184.62,184.35,188.30,,184.62,,,412946,76818384.15,8407,F1,1,,,,,
2026-08-03,2026-08-03,CM,NSE,STK,759397,INE880Y01017,SOLEX,EQ,,,,,SOLEX ENERGY LIMITED,911.00,949.50,911.00,946.80,944.30,910.80,,946.80,,,22853,21287107.75,2459,F1,1,,,,,
2026-08-03,2026-08-03,CM,NSE,STK,1338,INE480C01038,SDBL,EQ,,,,,SOM DIST & BREW LTD,72.15,72.69,71.01,71.41,71.18,71.91,,71.40,,,382704,27533394.96,3911,F1,1,,,,,
2026-08-03,2026-08-03,CM,NSE,STK,4201,INE314C01013,SOMATEX,EQ,,,,,SOMA TEXTILES & INDUST LT,99.50,99.76,95.00,95.64,96.10,98.82,,95.66,,,19383,1864476.35,288,F1,1,,,,,
2026-08-03,2026-08-03,CM,NSE,STK,3880,INE355A01028,SOMANYCERA,EQ,,,,,SOMANY CERAMICS LIMITED,490.00,514.00,488.10,509.00,510.00,488.85,,509.00,,,123707,62183143.55,5383,F1,1,,,,,
2026-08-03,2026-08-03,CM,NSE,STK,17794,INE323J01019,SOMICONVEY,EQ,,,,,SOMI CONVEYOR BELT. LTD.,94.30,97.63,92.80,93.45,93.28,93.07,,93.45,,,11239,1049785.84,333,F1,1,,,,,
2026-08-03,2026-08-03,CM,NSE,STK,4684,INE073K01018,SONACOMS,EQ,,,,,SONA BLW PRECISION FRGS L,775.00,785.00,768.05,785.00,785.00,769.40,,784.97,,,2517947,1965233464.35,44810,F1,1,,,,,
2026-08-03,2026-08-03,CM,NSE,STK,23052,INE0Q6H01012,SONAMAC,SM,,,,,SONA MACHINERY LIMITED,35.00,36.00,35.00,36.00,36.00,35.50,,36.00,,,4000,141000.00,4,F1,1000,,,,,
2026-08-03,2026-08-03,CM,NSE,STK,8806,INE00LM01029,SONAMLTD,EQ,,,,,SONAM LIMITED,56.80,56.80,54.00,54.16,54.78,55.22,,54.16,,,10228,559198.86,417,F1,1,,,,,
2026-08-03,2026-08-03,CM,NSE,STK,6596,INE269A01021,SONATSOFTW,EQ,,,,,SONATA SOFTWARE LTD,324.00,348.45,319.00,345.85,344.40,322.45,,345.81,,,6562997,2220170352.75,95127,F1,1,,,,,
2026-08-03,2026-08-03,CM,NSE,STK,9463,INE0JZA01018,SONUINFRA,ST,,,,,SONU INFRATECH LIMITED,40.00,42.50,38.70,41.95,42.00,40.70,,41.95,,,34500,1384125.00,19,F1,1500,,,,,
2026-08-03,2026-08-03,CM,NSE,STK,9678,INE980Y01015,SOUTHWEST,EQ,,,,,SOUTH WEST PINNACLE LTD,239.88,242.98,237.89,240.44,240.15,238.27,,240.43,,,106951,25719581.65,3211,F1,1,,,,,
2026-08-03,2026-08-03,CM,NSE,STK,8521,INE0JW501011,SPRL,SM,,,,,SP REFRACTORIES LIMITED,88.80,97.60,88.80,97.60,97.60,93.00,,97.60,,,2400,225880.00,3,F1,800,,,,,
2026-08-03,2026-08-03,CM,NSE,STK,19372,INE970N01027,SPCENET,EQ,,,,,SPACENET ENTERS IND LTD,3.50,3.55,3.36,3.43,3.42,3.42,,3.43,,,358350,1229348.73,607,F1,1,,,,,
2026-08-03,2026-08-03,CM,NSE,STK,758420,IN9572J01019,SSFLPP,E1,,,,,SPANDANA RS.5 PPD UP,141.80,141.80,139.60,140.10,140.10,140.40,,140.10,,,1241,173413.90,26,F1,1,,,,,
2026-08-03,2026-08-03,CM,NSE,STK,11435,INE572J01011,SPANDANA,EQ,,,,,SPANDANA SPHOORTY FIN LTD,262.55,265.55,260.40,262.40,262.00,261.10,,262.40,,,145722,38359223.35,3813,F1,1,,,,,
2026-08-03,2026-08-03,CM,NSE,STK,27107,INE247M01014,SPECIALITY,EQ,,,,,SPECIALITY REST LTD,135.32,135.32,132.01,132.12,132.15,133.14,,132.12,,,14057,1874165.16,295,F1,1,,,,,
2026-08-03,2026-08-03,CM,NSE,STK,30455,INE01EO01010,SPECTRUM,EQ,,,,,SPECTRUM ELECTRIC IND LTD,2395.90,2591.00,2357.00,2547.40,2540.90,2363.00,,2547.36,,,97267,245004094.40,12097,F1,1,,,,,
2026-08-03,2026-08-03,CM,NSE,STK,16876,INE0OL001018,SPECTSTM,SM,,,,,SPECTRUM TALENT MGMT LTD,62.50,67.80,62.50,65.50,65.50,67.75,,65.50,,,10400,657000.00,4,F1,800,,,,,
2026-08-03,2026-08-03,CM,NSE,STK,8163,INE020801028,SPENCERS,EQ,,,,,SPENCER S RETAIL LIMITED,33.48,34.04,32.82,33.23,33.07,32.90,,33.24,,,53604,1791903.86,1114,F1,1,,,,,
2026-08-03,2026-08-03,CM,NSE,STK,3252,INE147A01011,SPIC,EQ,,,,,SPIC LTD,66.72,68.07,66.66,67.34,67.05,66.47,,67.34,,,212929,14358031.59,2051,F1,1,,,,,
2026-08-03,2026-08-03,CM,NSE,STK,11935,INE978G01016,SPLIL,EQ,,,,,SPL INDUSTRIES LIMITED,29.52,30.98,29.52,30.00,30.00,30.10,,30.00,,,2920,88098.05,41,F1,1,,,,,
2026-08-03,2026-08-03,CM,NSE,STK,3321,INE937A01023,SPMLINFRA,EQ,,,,,SPML INFRA LIMITED,192.23,198.39,192.23,196.13,196.00,191.75,,196.11,,,151774,29754953.87,1965,F1,1,,,,,
2026-08-03,2026-08-03,CM,NSE,STK,10733,INE885H01029,SPORTKING,EQ,,,,,SPORTKING INDIA LIMITED,225.99,241.51,220.10,229.63,231.81,201.26,,229.65,,,12667361,2963962935.52,101871,F1,1,,,,,
2026-08-03,2026-08-03,CM,NSE,STK,25306,INE0QR801013,SPPPOLY,SM,,,,,SPP POLYMER LIMITED,12.25,12.25,12.25,12.25,12.25,12.00,,12.25,,,4000,49000.00,2,F1,2000,,,,,
2026-08-03,2026-08-03,CM,NSE,STK,17186,INE526E01018,SHRIPISTON,EQ,,,,,SPR AUTO TECHNOLOGIES LTD,4441.00,4547.00,4430.40,4524.40,4510.00,4395.20,,4524.29,,,66253,298940043.20,9136,F1,1,,,,,
2026-08-03,2026-08-03,CM,NSE,STK,757865,INE19QH01010,SPUNWEB,SM,,,,,SPUNWEB NONWOVEN LIMITED,100.00,100.00,100.00,100.00,100.00,99.25,,100.00,,,1200,120000.00,1,F1,1200,,,,,
2026-08-03,2026-08-03,CM,NSE,STK,14582,INE917H01012,SRHHYPOLTD,EQ,,,,,SREE RAYALSEEMA HHP LTD.,484.00,502.50,484.00,494.10,496.00,484.40,,494.09,,,5423,2682142.15,370,F1,1,,,,,
2026-08-03,2026-08-03,CM,NSE,STK,31837,INE099F01013,SREEL,EQ,,,,,SREELEATHERS LIMITED,212.00,222.72,212.00,216.45,217.39,213.60,,216.64,,,10312,2237389.86,494,F1,1,,,,,
2026-08-03,2026-08-03,CM,NSE,STK,3273,INE647A01010,SRF,EQ,,,,,SRF LTD,2630.00,2657.80,2625.00,2645.00,2645.00,2622.50,,2644.97,,,150758,398618552.70,17658,F1,1,,,,,
2026-08-03,2026-08-03,CM,NSE,STK,18119,INE559N01010,SRGHFL,EQ,,,,,SRG HOUSING FINANCE L,293.25,300.05,288.00,299.70,293.20,293.20,,299.70,,,8457,2519386.65,166,F1,1,,,,,
2026-08-03,2026-08-03,CM,NSE,STK,7457,INE293B01029,HAVISHA,EQ,,,,,SRI HAVISHA HOSP & INFR L,1.37,1.37,1.29,1.32,1.33,1.28,,1.32,,,26883,35937.79,107,F1,1,,,,,
2026-08-03,2026-08-03,CM,NSE,STK,758145,INE0V9Q01010,LOTUSDEV,EQ,,,,,SRI LOTUS DEVLPRS N RTY L,207.50,207.50,196.65,197.66,198.61,200.12,,197.67,,,9820738,1986697645.73,44510,F1,1,,,,,
2026-08-03,2026-08-03,CM,NSE,STK,761393,INE0TPJ01019,SPCON,SM,,,,,SRINIBAS PRADHAN CONST L,130.00,130.00,127.10,127.10,127.10,127.10,,127.10,,,3600,462120.00,3,F1,1200,,,,,
2026-08-03,2026-08-03,CM,NSE,STK,18059,INE0ON201012,SSFL,ST,,,,,SRIVARI SPICES N FOODS L,265.00,265.00,255.50,261.45,258.50,259.45,,261.45,,,5000,1307450.00,10,F1,500,,,,,
2026-08-03,2026-08-03,CM,NSE,STK,14416,INE0NPI01014,SRIVASAVI,ST,,,,,SRIVASAVI ADHESIVE TAPE L,84.00,84.00,83.65,83.70,83.70,83.25,,83.70,,,3000,251350.00,3,F1,1000,,,,,
2026-08-03,2026-08-03,CM,NSE,STK,23402,INE0R6Z01013,SRM,EQ,,,,,SRM CONTRACTORS LIMITED,497.95,499.95,491.55,496.40,491.55,495.30,,496.34,,,42013,20908495.75,1587,F1,1,,,,,
2026-08-03,2026-08-03,CM,NSE,STK,29204,INE0RYC01010,STALLION,EQ,,,,,STALLION IND FLUOROCHEM L,264.90,278.10,261.45,265.45,263.90,260.12,,265.45,,,4439437,1207615959.70,46373,F1,1,,,,,
2026-08-03,2026-08-03,CM,NSE,STK,29075,INE0M4D01010,SETL,EQ,,,,,STANDARD ENGNG TCNLGY LTD,276.95,282.70,275.30,278.55,277.20,275.10,,278.57,,,223337,62358257.30,8653,F1,1,,,,,
2026-08-03,2026-08-03,CM,NSE,STK,11297,INE173A01025,SIL,EQ,,,,,STANDARD INDUSTRIES LTD.,16.89,17.08,16.33,16.95,16.88,16.77,,16.94,,,22031,371300.99,409,F1,1,,,,,
2026-08-03,2026-08-03,CM,NSE,STK,24226,INE01A001028,STANLEY,EQ,,,,,STANLEY LIFESTYLES LTD,159.00,159.00,155.16,155.88,155.45,157.03,,155.87,,,67560,10567005.94,2400,F1,1,,,,,
2026-08-03,2026-08-03,CM,NSE,STK,21091,INE460H01021,STARCEMENT,EQ,,,,,STAR CEMENT LIMITED,203.20,206.94,203.00,203.96,204.00,202.78,,203.96,,,168528,34577957.18,2544,F1,1,,,,,
2026-08-03,2026-08-03,CM,NSE,STK,7083,INE575P01011,STARHEALTH,EQ,,,,,STAR HEALTH & AL INS CO L,598.65,600.85,586.50,592.60,590.35,601.00,,592.60,,,586750,347640141.20,32109,F1,1,,,,,
2026-08-03,2026-08-03,CM,NSE,STK,3291,INE733A01018,STARPAPER,EQ,,,,,STAR PAPER MILLS LTD,147.50,152.91,147.50,150.70,151.01,151.39,,150.70,,,5828,876382.62,161,F1,1,,,,,
2026-08-03,2026-08-03,CM,NSE,STK,9305,INE992I01013,STARTECK,EQ,,,,,STARTECK FINANCE LIMITED,265.40,266.80,261.00,261.15,261.00,259.10,,261.15,,,7320,1916408.85,77,F1,1,,,,,
2026-08-03,2026-08-03,CM,NSE,STK,3045,INE062A01020,SBIN,EQ,,,,,STATE BANK OF INDIA,1035.00,1051.50,1031.60,1045.00,1045.00,1027.40,,1044.97,,,10507450,10948508376.10,167075,F1,1,,,,,
2026-08-03,2026-08-03,CM,NSE,STK,2963,INE114A01011,SAIL,EQ,,,,,STEEL AUTHORITY OF INDIA,170.60,172.70,165.00,165.00,165.00,169.03,,165.01,,,12154369,2069858141.44,72850,F1,1,,,,,
2026-08-03,2026-08-03,CM,NSE,STK,10406,INE395H01011,STEELCITY,EQ,,,,,STEEL CITY SECURITIES LTD,76.39,76.80,75.00,76.40,76.79,75.25,,76.40,,,8728,663176.16,176,F1,1,,,,,
2026-08-03,2026-08-03,CM,NSE,STK,21339,INE503B01021,STEELXIND,EQ,,,,,STEEL EXCHANGE INDIA LTD,11.26,11.49,11.22,11.40,11.40,11.23,,11.40,,,835801,9483163.30,1882,F1,1,,,,,
2026-08-03,2026-08-03,CM,NSE,STK,11829,INE802C01033,SSWL,EQ,,,,,STEEL STRIPS WHEELS LTD.,328.40,328.40,313.05,317.85,319.15,310.36,,317.86,,,1702280,544958251.85,24729,F1,1,,,,,
2026-08-03,2026-08-03,CM,NSE,STK,6803,INE124E01038,STEELCAS,EQ,,,,,STEELCAST LIMITED,330.00,330.05,317.70,325.90,320.10,309.95,,325.91,,,195000,63570919.45,5251,F1,1,,,,,
2026-08-03,2026-08-03,CM,NSE,STK,21484,INE577L01016,STEL,EQ,,,,,STEL HOLDINGS LIMITED,580.00,580.00,562.35,565.75,562.35,574.85,,565.77,,,1833,1046862.65,231,F1,1,,,,,
2026-08-03,2026-08-03,CM,NSE,STK,6188,INE334A01023,STERTOOLS,BE,,,,,STERLING TOOLS LIMITED,250.00,256.00,248.00,255.05,255.00,252.11,,254.92,,,21263,5383870.15,363,F1,1,,,,,
2026-08-03,2026-08-03,CM,NSE,STK,9313,INE089C01029,STLTECH,BE,,,,,STERLITE TECHNOLOGIES LTD,584.90,584.90,584.90,584.90,584.90,557.05,,584.89,,,1919449,1122685720.10,4561,F1,1,,,,,
2026-08-03,2026-08-03,CM,NSE,STK,13367,INE353H01010,SGL,EQ,,,,,STL GLOBAL LIMITED,10.02,10.12,9.70,9.88,10.02,9.82,,9.86,,,1960,19473.44,39,F1,1,,,,,
2026-08-03,2026-08-03,CM,NSE,STK,758978,INE1VXE01018,STLNETWORK,BE,,,,,STL NETWORKS LIMITED,24.34,25.00,24.34,24.73,24.74,24.29,,24.72,,,343227,8490858.75,831,F1,1,,,,,
2026-08-03,2026-08-03,CM,NSE,STK,2107,INE00IN01015,STOVEKRAFT,EQ,,,,,STOVE KRAFT LIMITED,788.00,795.95,726.30,754.60,754.90,778.40,,754.10,,,198066,152423117.00,10523,F1,1,,,,,
2026-08-03,2026-08-03,CM,NSE,STK,761091,INE1XWN01017,STRIDERS,SM,,,,,STRIDERS IMPEX LIMITED,64.50,65.75,62.00,62.20,62.00,65.70,,62.20,,,70400,4415520.00,23,F1,1600,,,,,
2026-08-03,2026-08-03,CM,NSE,STK,7374,INE939A01011,STAR,EQ,,,,,STRIDES PHARMA SCI LTD,1034.00,1043.30,1000.00,1028.50,1024.50,1025.00,,1028.48,,,472242,481764442.20,24875,F1,1,,,,,
2026-08-03,2026-08-03,CM,NSE,STK,12489,INE00M201021,SWSOLAR,EQ,,,,,STRLNG & WIL REN ENE LTD,205.29,212.47,205.29,208.41,208.01,203.96,,208.41,,,1303946,272696269.39,15015,F1,1,,,,,
2026-08-03,2026-08-03,CM,NSE,STK,759587,INE00Q601028,STUDDS,EQ,,,,,STUDDS ACCESSORIES LTD,442.60,457.00,442.60,447.95,446.70,440.15,,447.94,,,44287,19873634.60,2025,F1,1,,,,,
2026-08-03,2026-08-03,CM,NSE,STK,758527,INE17VO01028,STUDIOLSD,SM,,,,,STUDIO LSD LIMITED,9.25,9.25,9.15,9.15,9.15,9.25,,9.15,,,14000,129300.00,6,F1,2000,,,,,
2026-08-03,2026-08-03,CM,NSE,STK,5186,INE239C01020,STYLAMIND,EQ,,,,,STYLAM INDUSTRIES LIMITED,3401.60,3470.00,3385.00,3453.00,3461.00,3384.30,,3452.98,,,30618,105401427.20,8178,F1,1,,,,,
2026-08-03,2026-08-03,CM,NSE,STK,19,INE189B01011,STYRENIX,EQ,,,,,STYRENIX PERFORMANCE LTD,2504.80,2557.60,2479.00,2487.30,2482.00,2476.50,,2487.42,,,60685,152638821.90,5522,F1,1,,,,,
2026-08-03,2026-08-03,CM,NSE,STK,760112,INE0RYR01018,SUBAHOTELS,SM,,,,,SUBA HOTELS LIMITED,95.05,107.00,95.05,106.60,107.00,105.20,,106.60,,,26400,2751240.00,22,F1,1200,,,,,
2026-08-03,2026-08-03,CM,NSE,STK,959,INE754A01055,SUBEXLTD,BE,,,,,SUBEX LTD,12.05,12.94,12.05,12.85,12.90,12.33,,12.85,,,1173695,15000950.99,1492,F1,1,,,,,
2026-08-03,2026-08-03,CM,NSE,STK,3324,INE287B01021,SUBROS,EQ,,,,,SUBROS LIMITED,829.00,832.85,812.00,817.30,813.50,819.25,,817.36,,,45959,37907346.80,3023,F1,1,,,,,
2026-08-03,2026-08-03,CM,NSE,STK,3327,INE659A01023,SUDARSCHEM,EQ,,,,,SUDARSHAN CHEMICAL INDS L,1039.00,1096.00,1034.20,1068.30,1060.30,1013.90,,1068.04,,,421749,452546231.40,24733,F1,1,,,,,
2026-08-03,2026-08-03,CM,NSE,STK,715,INE492A01029,SUDARCOLOR,EQ,,,,,SUDARSHAN COLORNT IND LTD,365.00,375.00,358.85,369.30,373.00,361.15,,369.29,,,9831,3605026.70,275,F1,1,,,,,
2026-08-03,2026-08-03,CM,NSE,STK,760039,INE0QPI01025,SUDEEPPHRM,EQ,,,,,SUDEEP PHARMA LIMITED,893.50,913.95,862.35,867.60,867.95,881.05,,867.67,,,516361,456507222.50,23238,F1,1,,,,,
2026-08-03,2026-08-03,CM,NSE,STK,11804,INE450E01029,SUKHJITS,EQ,,,,,SUKHJIT STARCH & CHEM LTD,168.50,172.50,163.11,164.66,166.70,164.60,,164.24,,,28382,4787967.94,677,F1,1,,,,,
2026-08-03,2026-08-03,CM,NSE,STK,13218,INE142Q01026,SULA,EQ,,,,,SULA VINEYARDS LIMITED,172.24,172.25,164.05,165.32,164.98,170.71,,165.35,,,512289,85901683.08,8224,F1,1,,,,,
2026-08-03,2026-08-03,CM,NSE,STK,20790,INE235C01036,SUMEETINDS,EQ,,,,,SUMEET IND LIMITED,21.18,21.18,21.18,21.18,21.18,22.29,,21.18,,,48960,1036972.80,299,F1,1,,,,,
2026-08-03,2026-08-03,CM,NSE,STK,11140,INE748Z01013,SUMIT,EQ,,,,,SUMIT WOODS LIMITED,58.97,58.97,53.25,55.06,55.49,52.23,,55.06,,,42841,2364795.01,318,F1,1,,,,,
2026-08-03,2026-08-03,CM,NSE,STK,17105,INE258G01013,SUMICHEM,EQ,,,,,SUMITOMO CHEM INDIA LTD,512.50,517.70,503.15,515.85,516.50,510.30,,515.86,,,263929,135102985.70,9095,F1,1,,,,,
2026-08-03,2026-08-03,CM,NSE,STK,21275,INE519C01017,SUMMITSEC,EQ,,,,,SUMMIT SECURITIES LTD,1520.00,1540.00,1510.00,1522.20,1535.50,1504.30,,1522.21,,,5394,8210609.80,519,F1,1,,,,,
2026-08-03,2026-08-03,CM,NSE,STK,14788,INE232I01014,SPARC,EQ,,,,,SUN PHARMA ADV.RES.CO.LTD,207.11,213.29,207.02,207.93,208.10,206.21,,207.94,,,793057,166386459.54,11158,F1,1,,,,,
2026-08-03,2026-08-03,CM,NSE,STK,3351,INE044A01036,SUNPHARMA,EQ,,,,,SUN PHARMACEUTICAL IND L,1983.20,1988.00,1935.20,1963.50,1963.50,1990.50,,1963.44,,,3972351,7766580397.20,339336,F1,1,,,,,
2026-08-03,2026-08-03,CM,NSE,STK,13404,INE424H01027,SUNTV,EQ,,,,,SUN TV NETWORK LIMITED,507.00,516.95,499.10,503.80,502.80,508.65,,503.77,,,283161,143536730.20,18532,F1,1,,,,,
2026-08-03,2026-08-03,CM,NSE,STK,20956,INE0Q3R01026,SUNCLAY,EQ,,,,,SUNDARAM CLAYTON LIMITED,1284.00,1284.00,1251.00,1253.00,1251.50,1253.60,,1253.01,,,2582,3256413.40,378,F1,1,,,,,
2026-08-03,2026-08-03,CM,NSE,STK,3339,INE660A01013,SUNDARMFIN,EQ,,,,,SUNDARAM FINANCE LTD,4641.60,4965.30,4629.80,4828.70,4825.90,4665.60,,4828.83,,,309611,1477420684.20,41165,F1,1,,,,,
2026-08-03,2026-08-03,CM,NSE,STK,18931,INE108E01023,SUNDARAM,EQ,,,,,SUNDARAM MULTI PAP LTD,1.27,1.29,1.24,1.25,1.26,1.23,,1.25,,,707839,898586.89,330,F1,1,,,,,
2026-08-03,2026-08-03,CM,NSE,STK,9848,INE073D01013,SUNDRMBRAK,BE,,,,,SUNDARAMBRAKE LININGS LTD,771.00,788.00,766.50,778.45,785.00,766.85,,778.45,,,875,672407.20,48,F1,1,,,,,
2026-08-03,2026-08-03,CM,NSE,STK,3345,INE387A01021,SUNDRMFAST,EQ,,,,,SUNDRAM FASTENERS LTD,980.00,998.00,978.00,993.25,992.90,977.45,,993.34,,,151032,149482015.35,7390,F1,1,,,,,
2026-08-03,2026-08-03,CM,NSE,STK,761202,INE0CTB01014,SOCL,SM,,,,,SUNDREX OIL COMPANY LTD,27.50,27.50,27.00,27.25,27.50,26.50,,27.25,,,9600,262400.00,6,F1,1600,,,,,
2026-08-03,2026-08-03,CM,NSE,STK,1663,INE209A01019,SUNDROP,EQ,,,,,SUNDROP BRANDS LIMITED,661.25,690.00,661.25,679.50,678.00,665.45,,679.12,,,34878,23372400.85,1158,F1,1,,,,,
2026-08-03,2026-08-03,CM,NSE,STK,3348,INE947A01014,SUNFLAG,EQ,,,,,SUNFLAG IRON AND STEEL CO,370.05,379.30,363.10,366.85,366.80,365.30,,366.84,,,422640,156037525.75,8122,F1,1,,,,,
2026-08-03,2026-08-03,CM,NSE,STK,18264,INE0O3O01017,SEL,SM,,,,,SUNGARNER ENERGIES LTD,247.00,247.50,234.90,247.50,247.50,226.35,,247.50,,,4400,1070040.00,9,F1,200,,,,,
2026-08-03,2026-08-03,CM,NSE,STK,24868,INE0U2N01013,SUNLITE,SM,,,,,SUNLITE RECYCLING IND LTD,510.00,534.00,485.00,492.90,490.00,463.05,,492.90,,,25200,12574080.00,73,F1,300,,,,,
2026-08-03,2026-08-03,CM,NSE,STK,757766,INE0SGZ01016,SUNTECH,ST,,,,,SUNTECH INFRA SOLUTIONS L,32.10,32.20,32.00,32.05,32.00,33.00,,32.05,,,19200,615920.00,7,F1,1600,,,,,
2026-08-03,2026-08-03,CM,NSE,STK,17641,INE805D01034,SUNTECK,EQ,,,,,SUNTECK REALTY LIMITED,305.05,312.10,304.45,308.10,308.00,302.30,,308.09,,,265799,81752184.05,8094,F1,1,,,,,
2026-08-03,2026-08-03,CM,NSE,STK,8931,INE662A01027,SUPERSPIN,BE,,,,,SUPER SPINNING MILLS LTD,6.14,6.14,6.14,6.14,6.14,6.02,,6.14,,,36205,222298.70,20,F1,1,,,,,
2026-08-03,2026-08-03,CM,NSE,STK,20616,INE712B01010,SUPERHOUSE,EQ,,,,,SUPERHOUSE LIMITED,155.70,164.90,151.90,158.57,158.31,160.12,,158.57,,,2973,473441.92,204,F1,1,,,,,
2026-08-03,2026-08-03,CM,NSE,STK,11689,INE399C01030,SUPRAJIT,EQ,,,,,SUPRAJIT ENGINEERING LTD,508.00,526.00,508.00,512.70,512.00,504.60,,512.69,,,341765,176375466.65,14942,F1,1,,,,,
2026-08-03,2026-08-03,CM,NSE,STK,758997,INE319Z01021,SUPREMEENG,BZ,,,,,SUPREME ENGINEERING LTD,2.13,2.13,2.13,2.13,2.13,2.09,,2.13,,,130458,277875.54,82,F1,1,,,,,
2026-08-03,2026-08-03,CM,NSE,STK,28069,INE0U6N01014,SFML,SM,,,,,SUPREME FACILITY MGMT LTD,22.20,24.50,22.00,22.80,24.50,23.05,,22.80,,,48000,1092880.00,20,F1,1600,,,,,
2026-08-03,2026-08-03,CM,NSE,STK,29439,INE822E01011,SUPREME,EQ,,,,,SUPREME HOLDIN N HOSP I L,45.50,47.25,45.21,45.99,45.99,45.72,,46.08,,,48344,2246458.47,503,F1,1,,,,,
2026-08-03,2026-08-03,CM,NSE,STK,3363,INE195A01028,SUPREMEIND,EQ,,,,,SUPREME INDUSTRIES LTD,3465.40,3539.10,3455.00,3530.00,3530.00,3465.40,,3530.00,,,145252,509380172.30,15657,F1,1,,,,,
2026-08-03,2026-08-03,CM,NSE,STK,15002,INE550H01011,SUPREMEINF,EQ,,,,,SUPREME INFRA. LTD.,83.63,85.60,81.25,84.17,81.25,83.63,,84.06,,,48810,4112798.47,1172,F1,1,,,,,
2026-08-03,2026-08-03,CM,NSE,STK,9617,INE663A01033,SPLPETRO,EQ,,,,,SUPREME PETROCHEM LIMITED,718.30,724.70,713.00,715.90,713.00,713.15,,715.91,,,71200,51208909.75,4563,F1,1,,,,,
2026-08-03,2026-08-03,CM,NSE,STK,21067,INE0QHG01026,SUPREMEPWR,SM,,,,,SUPREME POWER EQUIPMENT L,208.15,214.00,207.10,208.35,207.90,208.10,,208.35,,,31000,6541825.00,55,F1,500,,,,,
2026-08-03,2026-08-03,CM,NSE,STK,7390,INE07RO01027,SUPRIYA,EQ,,,,,SUPRIYA LIFESCIENCE LTD,867.05,898.55,867.05,879.65,878.15,867.00,,879.53,,,247600,219756091.45,12936,F1,1,,,,,
2026-08-03,2026-08-03,CM,NSE,STK,20822,INE843S01025,SURAJEST,EQ,,,,,SURAJ ESTATE DEVELOPERS L,196.00,202.69,196.00,201.68,201.99,195.95,,201.67,,,36523,7331138.49,813,F1,1,,,,,
2026-08-03,2026-08-03,CM,NSE,STK,24966,INE713C01016,SURAJLTD,EQ,,,,,SURAJ LIMITED,220.00,224.00,218.00,220.91,224.00,219.42,,220.91,,,1291,283657.86,57,F1,1,,,,,
2026-08-03,2026-08-03,CM,NSE,STK,27334,INE877V01027,SURAKSHA,EQ,,,,,SURAKSHA DIAGNOSTIC LTD,253.00,259.50,251.15,252.10,251.15,252.15,,252.36,,,27179,6949312.30,1626,F1,1,,,,,
2026-08-03,2026-08-03,CM,NSE,STK,21077,INE272L01022,SURANASOL,EQ,,,,,SURANA SOLAR LIMITED,26.40,26.40,26.05,26.27,26.20,26.04,,26.24,,,32610,856928.60,449,F1,1,,,,,
2026-08-03,2026-08-03,CM,NSE,STK,10700,INE130B01031,SURANAT&P,EQ,,,,,SURANA TELECOM AND POW LT,18.30,18.47,17.66,17.89,18.00,17.95,,17.87,,,54741,987444.70,336,F1,1,,,,,
2026-08-03,2026-08-03,CM,NSE,STK,8513,INE01ZJ01015,SURANI,SM,,,,,SURANI STEEL TUBES LTD.,99.60,99.60,95.00,95.00,95.00,99.80,,95.00,,,1000,96840.00,5,F1,200,,,,,
2026-08-03,2026-08-03,CM,NSE,STK,14139,INE05ST01028,SBGLP,EQ,,,,,SURATWWALA BUS GROUP LTD,25.44,26.99,25.00,25.55,25.60,25.44,,25.55,,,31067,790843.60,182,F1,1,,,,,
2026-08-03,2026-08-03,CM,NSE,STK,3375,INE335A01020,SURYAROSNI,EQ,,,,,SURYA ROSHNI LTD,241.50,243.89,236.11,237.32,238.00,239.40,,237.33,,,432577,103048726.81,6489,F1,1,,,,,
2026-08-03,2026-08-03,CM,NSE,STK,11852,INE713B01026,SURYALAXMI,EQ,,,,,SURYALAKSHMI COT MIL LTD,61.70,62.00,59.60,60.87,60.23,60.84,,60.78,,,4183,254106.80,66,F1,1,,,,,
2026-08-03,2026-08-03,CM,NSE,STK,762924,INE132C01027,SURYALA,EQ,,,,,SURYALATA SPINNING MILL L,409.90,420.00,400.45,410.90,414.45,405.95,,412.69,,,907,370956.65,60,F1,1,,,,,
2026-08-03,2026-08-03,CM,NSE,STK,2970,INE428Q01011,SURYODAY,EQ,,,,,SURYODAY SMALL FIN BK LTD,163.10,166.75,162.30,163.73,166.00,161.92,,163.73,,,659356,108536896.56,7440,F1,1,,,,,
2026-08-03,2026-08-03,CM,NSE,STK,13804,INE645H01027,SUTLEJTEX,BE,,,,,SUTLEJ TEXT & INDUS LTD,39.75,39.75,37.53,38.03,38.03,38.00,,38.04,,,25216,968831.89,101,F1,1,,,,,
2026-08-03,2026-08-03,CM,NSE,STK,11233,INE495B01038,SUVEN,EQ,,,,,SUVEN LIFE SCIENCES LTD,307.25,313.40,304.00,307.20,307.30,307.10,,307.20,,,394700,121828998.35,9059,F1,1,,,,,
2026-08-03,2026-08-03,CM,NSE,STK,2998,INE018401013,SUVIDHAA,EQ,,,,,SUVIDHAA INFOSERVE LTD,2.64,2.64,2.53,2.54,2.55,2.55,,2.54,,,139004,354430.68,193,F1,1,,,,,
2026-08-03,2026-08-03,CM,NSE,STK,24851,INE442P01014,SUYOG,EQ,,,,,SUYOG TELEMATICS LIMITED,875.00,883.10,858.20,865.70,868.00,866.25,,865.70,,,15733,13737823.75,1092,F1,1,,,,,
2026-08-03,2026-08-03,CM,NSE,STK,12018,INE040H01021,SUZLON,EQ,,,,,SUZLON ENERGY LIMITED,48.20,49.30,48.08,48.10,48.10,48.01,,48.11,,,55317614,2700832468.38,108273,F1,1,,,,,
2026-08-03,2026-08-03,CM,NSE,STK,5023,INE308E01029,SVPGLOB,BE,,,,,SVP GLOBAL TEXTILES LTD,3.75,3.96,3.75,3.89,3.90,3.78,,3.89,,,33999,133181.10,45,F1,1,,,,,
2026-08-03,2026-08-03,CM,NSE,STK,27095,INE665A01038,SWANCORP,EQ,,,,,SWAN CORP LIMITED,308.05,312.30,308.05,310.20,310.70,307.80,,310.20,,,751667,233014535.70,14201,F1,1,,,,,
2026-08-03,2026-08-03,CM,NSE,STK,29164,INE542F01020,SWANDEF,BE,,,,,SWAN DEFENCE N HEVY IND L,2470.00,2550.00,2470.00,2527.20,2521.00,2473.70,,2521.59,,,23400,59047229.90,933,F1,1,,,,,
2026-08-03,2026-08-03,CM,NSE,STK,3384,INE277A01016,SWARAJENG,EQ,,,,,SWARAJ ENGINES LTD,3628.70,3662.00,3613.00,3630.60,3620.10,3628.70,,3630.83,,,6150,22354697.60,1354,F1,1,,,,,
2026-08-03,2026-08-03,CM,NSE,STK,8608,INE0GMR01016,SWARAJ,SM,,,,,SWARAJ SUITING LIMITED,367.00,367.00,356.00,357.75,356.00,364.70,,357.75,,,158500,57212675.00,234,F1,500,,,,,
2026-08-03,2026-08-03,CM,NSE,STK,11497,INE0DGC01025,SWASTIK,ST,,,,,SWASTIK PIPE LIMITED,20.05,20.05,20.05,20.05,20.05,19.70,,20.05,,,2400,48120.00,2,F1,1200,,,,,
2026-08-03,2026-08-03,CM,NSE,STK,11909,INE409B01013,SWELECTES,EQ,,,,,SWELECT ENERGY SYS LTD,595.95,616.40,595.95,613.50,612.00,594.30,,613.50,,,14607,8895240.85,1188,F1,1,,,,,
2026-08-03,2026-08-03,CM,NSE,STK,27066,INE00H001014,SWIGGY,EQ,,,,,SWIGGY LIMITED,284.80,288.90,277.10,288.00,288.00,284.86,,287.99,,,20781750,5901513946.10,103419,F1,1,,,,,
2026-08-03,2026-08-03,CM,NSE,STK,24190,INE225D01027,SYMPHONY,EQ,,,,,SYMPHONY LIMITED,689.65,695.00,681.00,682.75,682.00,688.20,,682.75,,,129741,88985772.40,8796,F1,1,,,,,
2026-08-03,2026-08-03,CM,NSE,STK,11992,INE312C01025,SYNCOMF,EQ,,,,,SYNCOM FORMU (I) LTD,13.30,13.48,13.00,13.19,13.05,13.12,,13.18,,,1054189,14024942.36,2853,F1,1,,,,,
2026-08-03,2026-08-03,CM,NSE,STK,5114,INE00QT01015,SGIL,EQ,,,,,SYNERGY GREEN IND. LTD,615.00,625.30,590.00,592.20,591.65,602.50,,592.20,,,8367,5009235.20,373,F1,1,,,,,
2026-08-03,2026-08-03,CM,NSE,STK,10243,INE398R01022,SYNGENE,EQ,,,,,SYNGENE INTERNATIONAL LTD,386.50,403.70,384.00,402.20,402.00,385.90,,402.18,,,1674593,667918011.70,41204,F1,1,,,,,
2026-08-03,2026-08-03,CM,NSE,STK,10793,INE0DYJ01015,SYRMA,EQ,,,,,SYRMA SGS TECHNOLOGY LTD,1380.00,1397.50,1351.60,1360.60,1359.00,1366.80,,1360.64,,,1098353,1505681397.70,44937,F1,1,,,,,
2026-08-03,2026-08-03,CM,NSE,STK,14506,INE0O7R01011,SYSTANGO,SM,,,,,SYSTANGO TECHNOLOGIES LTD,220.00,222.00,215.45,220.40,221.50,215.65,,220.40,,,22000,4860360.00,50,F1,400,,,,,
2026-08-03,2026-08-03,CM,NSE,STK,759358,INE356B01024,SYSTMTXC,BE,,,,,SYSTEMATIX CORP SERVICE L,63.00,63.00,60.00,60.22,62.00,61.25,,60.27,,,4406,265726.97,62,F1,1,,,,,
2026-08-03,2026-08-03,CM,NSE,STK,14314,INE592B01024,TTL,EQ,,,,,T T LIMITED,6.47,6.60,6.30,6.37,6.36,6.42,,6.37,,,192564,1233779.03,327,F1,1,,,,,
2026-08-03,2026-08-03,CM,NSE,STK,762929,INE524T01011,TAALTECH,EQ,,,,,TAAL TECH LTD.,3980.00,4049.90,3960.00,3984.00,3960.00,3930.80,,3984.00,,,2608,10420615.90,462,F1,1,,,,,
2026-08-03,2026-08-03,CM,NSE,STK,23438,INE0SOY01013,TAC,SM,,,,,TAC INFOSEC LIMITED,521.00,521.85,508.00,521.40,521.85,497.00,,521.40,,,61400,31768420.00,234,F1,200,,,,,
2026-08-03,2026-08-03,CM,NSE,STK,3396,INE123C01018,TAINWALCHM,EQ,,,,,TAINWALA CHEMICAL AND PLA,195.01,217.80,195.01,206.82,210.49,197.14,,206.81,,,20128,4258196.68,915,F1,1,,,,,
2026-08-03,2026-08-03,CM,NSE,STK,9354,INE586B01026,TAJGVK,EQ,,,,,TAJ GVK HOTELS & RESORTS,363.95,374.00,361.20,363.45,364.00,363.25,,363.44,,,198799,73192347.05,7630,F1,1,,,,,
2026-08-03,2026-08-03,CM,NSE,STK,14917,INE142I01023,TAKE,EQ,,,,,TAKE SOLUTIONS LTD,21.99,22.45,21.00,22.36,22.45,21.42,,22.35,,,596965,13170006.33,1220,F1,1,,,,,
2026-08-03,2026-08-03,CM,NSE,STK,13648,INE187D01029,TALBROAUTO,EQ,,,,,TALBROS AUTO. COMP. LTD,417.00,424.00,410.50,417.65,414.50,407.75,,417.62,,,180850,75618368.15,6265,F1,1,,,,,
2026-08-03,2026-08-03,CM,NSE,STK,762937,INE864J01012,TAMBOLIIN,BE,,,,,TAMBOLI INDUSTRIES LTD.,210.00,217.60,205.00,210.46,217.60,208.79,,210.46,,,14737,3103191.92,53,F1,1,,,,,
2026-08-03,2026-08-03,CM,NSE,STK,10945,INE668A01016,TMB,EQ,,,,,TAMILNAD MERCA BANK LTD,864.90,879.40,855.45,861.55,860.20,851.70,,861.56,,,226900,196914507.35,17410,F1,1,,,,,
2026-08-03,2026-08-03,CM,NSE,STK,3980,INE107A01015,TNPL,EQ,,,,,TAMILNADU NEWSPRT & PAPER,151.50,156.70,151.44,154.88,154.73,150.68,,154.88,,,254861,39524610.01,3932,F1,1,,,,,
2026-08-03,2026-08-03,CM,NSE,STK,3509,INE148A01019,TNPETRO,EQ,,,,,TAMILNADU PETROPRODUCTS L,96.50,98.30,95.96,97.85,97.77,96.50,,97.86,,,89849,8754432.92,1200,F1,1,,,,,
2026-08-03,2026-08-03,CM,NSE,STK,3512,INE141D01018,TNTELE,EQ,,,,,TAMILNADU TELECOMMUNICATI,9.08,9.24,9.00,9.11,9.00,9.08,,9.11,,,6202,56623.76,59,F1,1,,,,,
2026-08-03,2026-08-03,CM,NSE,STK,756338,INE0Z7N01017,TANKUP,ST,,,,,TANKUP ENGINEERS LIMITED,1150.00,1150.00,1150.00,1150.00,1150.00,1150.00,,1150.00,,,1250,1437500.00,5,F1,250,,,,,
2026-08-03,2026-08-03,CM,NSE,STK,13976,INE483C01032,TANLA,EQ,,,,,TANLA PLATFORMS LIMITED,591.90,618.55,591.00,614.15,605.00,586.55,,614.13,,,1281918,782154279.25,29258,F1,1,,,,,
2026-08-03,2026-08-03,CM,NSE,STK,23512,INE555Z01020,TARACHAND,EQ,,,,,TARA CHAND INFRA SOLN LTD,55.55,59.25,55.02,58.84,59.25,55.12,,58.84,,,217541,12578490.52,1846,F1,1,,,,,
2026-08-03,2026-08-03,CM,NSE,STK,18827,INE747K01017,TARAPUR,EQ,,,,,TARAPUR TRANSFORMERS LTD,16.71,17.40,15.77,15.77,15.77,16.60,,15.77,,,109832,1772327.50,424,F1,1,,,,,
2026-08-03,2026-08-03,CM,NSE,STK,1581,INE0EK901012,TARC,EQ,,,,,TARC LIMITED,136.70,137.93,135.40,135.70,135.56,137.25,,135.71,,,431816,58931514.02,4991,F1,1,,,,,
2026-08-03,2026-08-03,CM,NSE,STK,14771,INE924H01018,TARMAT,EQ,,,,,TARMAT LIMITED,49.33,50.47,48.56,50.13,49.90,49.33,,50.13,,,8709,434519.38,73,F1,1,,,,,
2026-08-03,2026-08-03,CM,NSE,STK,6943,INE144Z01023,TARSONS,EQ,,,,,TARSONS PRODUCTS LIMITED,317.90,323.45,316.00,317.40,316.25,314.60,,317.40,,,107915,34395601.20,2712,F1,1,,,,,
2026-08-03,2026-08-03,CM,NSE,STK,20092,INE488B01017,TASTYBITE,EQ,,,,,TASTY BITE EATABLES LTD,9236.50,9550.00,9231.00,9430.00,9450.00,9236.50,,9434.73,,,3497,32994699.00,1224,F1,1,,,,,
2026-08-03,2026-08-03,CM,NSE,STK,759265,INE976I01016,TATACAP,EQ,,,,,TATA CAPITAL LIMITED,365.40,370.45,359.90,364.75,361.65,365.40,,364.67,,,1730931,636386288.45,34305,F1,1,,,,,
2026-08-03,2026-08-03,CM,NSE,STK,3405,INE092A01019,TATACHEM,EQ,,,,,TATA CHEMICALS LTD,673.60,679.90,672.80,674.65,672.80,673.55,,674.65,,,369029,249503541.95,11066,F1,1,,,,,
2026-08-03,2026-08-03,CM,NSE,STK,3721,INE151A01013,TATACOMM,EQ,,,,,TATA COMMUNICATIONS LTD,1765.90,1793.80,1755.00,1780.10,1781.00,1756.40,,1779.53,,,206782,368154628.90,16237,F1,1,,,,,
2026-08-03,2026-08-03,CM,NSE,STK,11536,INE467B01029,TCS,EQ,,,,,TATA CONSULTANCY SERV LT,2383.90,2473.70,2383.00,2473.70,2473.70,2365.60,,2473.34,,,3036839,7377769245.80,130409,F1,1,,,,,
2026-08-03,2026-08-03,CM,NSE,STK,3432,INE192A01025,TATACONSUM,EQ,,,,,TATA CONSUMER PRODUCT LTD,1085.00,1110.00,1083.10,1110.00,1110.00,1083.10,,1110.00,,,1322017,1447039847.50,45529,F1,1,,,,,
2026-08-03,2026-08-03,CM,NSE,STK,3411,INE670A01012,TATAELXSI,EQ,,,,,TATA ELXSI LIMITED,3704.60,3765.00,3678.00,3761.90,3761.90,3672.90,,3761.58,,,322468,1206180826.30,27422,F1,1,,,,,
2026-08-03,2026-08-03,CM,NSE,STK,1621,INE672A01026,TATAINVEST,EQ,,,,,TATA INVESTMENT CORP LTD,685.55,687.00,673.20,676.65,676.00,679.45,,676.63,,,133851,90892683.40,9071,F1,1,,,,,
2026-08-03,2026-08-03,CM,NSE,STK,759782,INE1TAE01010,TMCV,EQ,,,,,TATA MOTORS LIMITED,440.00,455.15,434.55,452.50,452.75,436.80,,452.50,,,17112543,7693425670.40,249132,F1,1,,,,,
2026-08-03,2026-08-03,CM,NSE,STK,3456,INE155A01022,TMPV,EQ,,,,,TATA MOTORS PASS VEH LTD,344.50,350.45,343.50,349.30,349.30,339.75,,349.12,,,12027810,4181654056.95,112136,F1,1,,,,,
2026-08-03,2026-08-03,CM,NSE,STK,3426,INE245A01021,TATAPOWER,EQ,,,,,TATA POWER CO LTD,382.00,382.90,378.05,382.00,382.00,380.70,,381.99,,,2051770,782463937.90,39777,F1,1,,,,,
2026-08-03,2026-08-03,CM,NSE,STK,3499,INE081A01020,TATASTEEL,EQ,,,,,TATA STEEL LIMITED,192.94,193.50,188.49,191.00,191.00,189.69,,190.98,,,27563681,5247880994.50,196348,F1,1,,,,,
2026-08-03,2026-08-03,CM,NSE,STK,20293,INE142M01025,TATATECH,EQ,,,,,TATA TECHNOLOGIES LIMITED,748.55,768.90,748.00,763.80,763.00,747.65,,763.81,,,814680,620516067.55,29830,F1,1,,,,,
2026-08-03,2026-08-03,CM,NSE,STK,8954,INE517B01013,TTML,EQ,,,,,TATA TELESERV(MAHARASTRA),40.75,40.87,40.11,40.21,40.20,39.95,,40.21,,,1280580,51687538.51,7046,F1,1,,,,,
2026-08-03,2026-08-03,CM,NSE,STK,7838,INF277K015R5,NETF,EQ,,,,,TATAAML - NETF,264.00,268.00,264.00,266.73,265.30,264.24,,266.71,,,4894,1306511.14,239,F1,1,,,,,
2026-08-03,2026-08-03,CM,NSE,STK,12978,INF277K010X4,NPBET,EQ,,,,,TATAAML - NPBET,284.71,291.69,284.71,288.87,288.87,284.71,,288.87,,,875,251087.40,22,F1,1,,,,,
2026-08-03,2026-08-03,CM,NSE,STK,8882,INF277KA1364,TNIDETF,EQ,,,,,TATAAML - TNIDETF,87.16,91.40,87.16,90.53,90.65,88.49,,90.53,,,252979,22716482.03,1259,F1,1,,,,,
2026-08-03,2026-08-03,CM,NSE,STK,21401,INF277KA1976,TATAGOLD,EQ,,,,,TATAAML-TATAGOLD,13.78,13.88,13.70,13.78,13.78,13.78,,13.78,,,38629129,532611314.34,100543,F1,1,,,,,
2026-08-03,2026-08-03,CM,NSE,STK,21428,INF277KA1984,TATSILV,EQ,,,,,TATAAML-TATSILV,20.99,21.17,20.83,20.98,20.99,20.99,,20.98,,,29146967,613279255.98,64965,F1,1,,,,,
2026-08-03,2026-08-03,CM,NSE,STK,5162,INE0GK401011,TATVA,EQ,,,,,TATVA CHIN PHARM CHEM LTD,1827.00,1838.10,1750.60,1771.00,1751.00,1788.20,,1770.82,,,114209,206210605.30,8980,F1,1,,,,,
2026-08-03,2026-08-03,CM,NSE,STK,759756,INE0XWS01018,TAURIAN,SM,,,,,TAURIAN MPS LIMITED,386.00,405.00,386.00,399.55,405.00,384.00,,399.55,,,30400,12045000.00,37,F1,800,,,,,
2026-08-03,2026-08-03,CM,NSE,STK,11748,INE053F07819,725IRFC35,NH,,,,,TAX FREE  7.25% SR. 104,1426.00,1426.00,1426.00,1426.00,1426.00,1189.10,,1426.00,,,1,1426.00,1,F1,1,,,,,
2026-08-03,2026-08-03,CM,NSE,STK,11754,INE053F07835,753IRFC30,NJ,,,,,TAX FREE  7.53% SR. 103 A,1135.00,1136.00,1135.00,1136.00,1136.00,1132.99,,1135.00,,,500,567695.50,5,F1,1,,,,,
2026-08-03,2026-08-03,CM,NSE,STK,15168,INE053F07900,764IRFC31,NO,,,,,TAX FREE  7.64% SR. 108A,1140.50,1140.65,1140.00,1140.25,1140.25,1144.00,,1140.13,,,1099,1253394.85,11,F1,1,,,,,
2026-08-03,2026-08-03,CM,NSE,STK,14529,INE906B07EP5,769NHAI31,NE,,,,,TAX FREE 7.69% SR. IIB,1149.00,1150.99,1144.51,1150.99,1150.99,1149.00,,1148.05,,,864,992562.35,24,F1,1,,,,,
2026-08-03,2026-08-03,CM,NSE,STK,11757,INE053F07843,750IRFC35,NK,,,,,TAX FREE7.50% SR.104 A,1210.01,1215.00,1210.01,1210.10,1210.10,1210.01,,1210.10,,,109,131991.79,4,F1,1,,,,,
2026-08-03,2026-08-03,CM,NSE,STK,12003,INE906B07EJ8,76NHAI31,NA,,,,,TAX FREE7.60% SR.IIB,1112.99,1112.99,1111.12,1111.12,1111.12,1110.74,,1110.96,,,1093,1214646.51,13,F1,1,,,,,
2026-08-03,2026-08-03,CM,NSE,STK,24019,INE0N2D01013,TBI,SM,,,,,TBI CORN LIMITED,63.00,65.50,63.00,63.95,63.90,62.25,,63.95,,,12600,808680.00,20,F1,600,,,,,
2026-08-03,2026-08-03,CM,NSE,STK,23740,INE673O01025,TBOTEK,EQ,,,,,TBO TEK LIMITED,1542.90,1677.60,1540.40,1615.90,1600.00,1531.20,,1615.87,,,1205579,1964931246.00,69102,F1,1,,,,,
2026-08-03,2026-08-03,CM,NSE,STK,761814,INE887D01016,TCC,EQ,,,,,TCC CONCEPT LIMITED,322.00,322.00,286.85,291.50,287.50,289.65,,291.52,,,44750,13415782.10,1366,F1,1,,,,,
2026-08-03,2026-08-03,CM,NSE,STK,19223,INE586V01016,TCIEXP,EQ,,,,,TCI EXPRESS LIMITED,541.65,567.00,540.40,557.25,560.00,541.65,,557.14,,,52562,29240248.05,3118,F1,1,,,,,
2026-08-03,2026-08-03,CM,NSE,STK,8722,INE911B01018,TCIFINANCE,BE,,,,,TCIFINANCELTD-ROLL SETT,15.20,15.24,14.90,15.14,15.24,14.91,,15.14,,,8381,126175.53,96,F1,1,,,,,
2026-08-03,2026-08-03,CM,NSE,STK,184,INE822C01015,TCPLPACK,EQ,,,,,TCPL PACKAGING LIMITED,3165.00,3280.50,3165.00,3250.80,3280.00,3153.40,,3250.28,,,4103,13284131.30,916,F1,1,,,,,
2026-08-03,2026-08-03,CM,NSE,STK,25178,INE419M01027,TDPOWERSYS,EQ,,,,,TD POWER SYSTEMS LTD.,1145.00,1152.70,1106.10,1112.40,1116.90,1131.00,,1112.46,,,711212,799713306.20,37887,F1,1,,,,,
2026-08-03,2026-08-03,CM,NSE,STK,10717,INE289C01025,TEAMGTY,EQ,,,,,TEAM INDIA GUARANTY LTD,228.70,229.00,217.11,223.48,223.60,215.32,,223.48,,,210,46957.89,41,F1,1,,,,,
2026-08-03,2026-08-03,CM,NSE,STK,12716,INE985S01024,TEAMLEASE,EQ,,,,,TEAMLEASE SERVICES LTD.,1238.90,1256.00,1235.00,1239.80,1235.00,1234.90,,1239.76,,,73578,91621201.10,6966,F1,1,,,,,
2026-08-03,2026-08-03,CM,NSE,STK,16996,INE065J01024,TPHQ,EQ,,,,,TEAMO PRODUCTIONS HQ LTD,0.42,0.44,0.42,0.42,0.43,0.42,,0.42,,,1122867,479960.22,325,F1,1,,,,,
2026-08-03,2026-08-03,CM,NSE,STK,763571,INE2OL601013,TEAMTECH,ST,,,,,TEAMTECH FORMWORK SOL LTD,118.50,120.00,116.25,119.20,119.00,116.75,,119.20,,,58000,6827000.00,21,F1,2000,,,,,
2026-08-03,2026-08-03,CM,NSE,STK,13538,INE669C01036,TECHM,EQ,,,,,TECH MAHINDRA LIMITED,1663.40,1670.00,1634.30,1649.00,1649.00,1651.30,,1649.00,,,4154154,6835606375.90,69410,F1,1,,,,,
2026-08-03,2026-08-03,CM,NSE,STK,759141,INE0Y5H01014,TECHD,ST,,,,,TECHD CYBERSECURITY LTD,618.95,618.95,603.00,611.90,611.90,611.05,,611.90,,,4200,2555550.00,14,F1,300,,,,,
2026-08-03,2026-08-03,CM,NSE,STK,25652,INE0JQS01019,TECHERA,SM,,,,,TECHERA ENGINEER (IND) L,153.40,154.90,150.00,154.60,154.90,150.75,,154.60,,,52800,8099840.00,63,F1,800,,,,,
2026-08-03,2026-08-03,CM,NSE,STK,6445,INE285K01026,TECHNOE,EQ,,,,,TECHNO ELEC & ENG CO. LTD,998.00,1012.00,985.35,999.40,999.60,980.30,,999.41,,,145672,145629745.70,9608,F1,1,,,,,
2026-08-03,2026-08-03,CM,NSE,STK,14223,INE545H01011,TIIL,EQ,,,,,TECHNOCRAFT IND LTD,2580.00,2675.00,2580.00,2628.20,2602.00,2580.50,,2627.68,,,9022,23817105.10,1810,F1,1,,,,,
2026-08-03,2026-08-03,CM,NSE,STK,762939,INE314H01012,TECHNVISN,EQ,,,,,TECHNVISION VENTURES LTD.,4344.30,4470.50,4302.60,4466.10,4470.00,4470.20,,4466.10,,,261,1156762.80,101,F1,1,,,,,
2026-08-03,2026-08-03,CM,NSE,STK,3453,INE014B01011,TECILCHEM,EQ,,,,,TECIL CHEMICALS,9.60,10.20,9.60,10.05,10.10,9.68,,10.17,,,2720,27235.47,46,F1,1,,,,,
2026-08-03,2026-08-03,CM,NSE,STK,23530,INE0K6601012,TGL,ST,,,,,TEERTH GOPICON LIMITED,19.50,19.50,18.20,19.20,19.25,18.75,,19.20,,,8600,163390.00,25,F1,200,,,,,
2026-08-03,2026-08-03,CM,NSE,STK,7105,INE011K01018,TEGA,EQ,,,,,TEGA INDUSTRIES LIMITED,1485.50,1613.00,1485.50,1587.70,1580.00,1485.50,,1587.64,,,631620,988568718.60,45272,F1,1,,,,,
2026-08-03,2026-08-03,CM,NSE,STK,763825,INE0R1301019,TEJA,SM,,,,,TEJA ENGINEERING IND L,775.00,775.00,680.00,681.55,680.00,676.85,,681.55,,,23400,16120440.00,38,F1,600,,,,,
2026-08-03,2026-08-03,CM,NSE,STK,21131,INE010J01012,TEJASNET,EQ,,,,,TEJAS NETWORKS LIMITED,517.95,527.35,516.15,519.60,520.20,513.00,,519.58,,,835876,436118229.85,17336,F1,1,,,,,
2026-08-03,2026-08-03,CM,NSE,STK,3275,INE869Y01010,TEMBO,EQ,,,,,TEMBO GLOBAL IND LTD,563.05,574.20,554.80,560.40,556.10,553.25,,560.40,,,282121,159753527.55,8333,F1,1,,,,,
2026-08-03,2026-08-03,CM,NSE,STK,759880,INE19RI01016,TENNIND,EQ,,,,,TENNECO CLEAN AIR INDIA L,543.00,553.90,540.65,544.60,544.85,537.95,,544.60,,,1154720,631552595.80,46338,F1,1,,,,,
2026-08-03,2026-08-03,CM,NSE,STK,19292,INE482B01010,TERASOFT,EQ,,,,,TERA SOFTWARE LIMITED,384.75,395.40,370.25,389.10,391.65,376.60,,389.27,,,8534,3317906.45,461,F1,1,,,,,
2026-08-03,2026-08-03,CM,NSE,STK,11549,INE435C01024,TEXINFRA,EQ,,,,,TEXMACO INFRA & HOLDG LTD,114.50,115.05,113.13,113.93,114.00,113.99,,113.89,,,94532,10804405.40,755,F1,1,,,,,
2026-08-03,2026-08-03,CM,NSE,STK,21828,INE621L01012,TEXRAIL,EQ,,,,,TEXMACO RAIL & ENG. LTD.,112.49,114.10,112.26,112.91,113.30,111.39,,112.91,,,1465480,165855066.69,8709,F1,1,,,,,
2026-08-03,2026-08-03,CM,NSE,STK,18214,INE141K01013,TEXMOPIPES,EQ,,,,,TEXMO PIPE & PRODUCTS LTD,43.09,43.85,42.76,42.99,43.45,42.88,,42.99,,,18526,798948.97,193,F1,1,,,,,
2026-08-03,2026-08-03,CM,NSE,STK,10744,INE733E07JT8,737NTPC35C,NA,,,,,TFB 7.37% 2035 SR. 3A,1202.50,1202.50,1202.50,1202.50,1202.50,1366.00,,1202.50,,,50,60125.00,1,F1,1,,,,,
2026-08-03,2026-08-03,CM,NSE,STK,10751,INE733E07JW2,762NTPC35F,ND,,,,,TFB 7.62% 2035 SR. 3B,1212.00,1214.00,1212.00,1212.01,1212.01,1239.00,,1212.01,,,321,389243.54,5,F1,1,,,,,
2026-08-03,2026-08-03,CM,NSE,STK,14607,INE797H01018,TGBHOTELS,EQ,,,,,TGB BANQUETS&HOTELS LTD,9.47,9.62,9.00,9.27,9.35,9.38,,9.27,,,28089,260467.57,119,F1,1,,,,,
2026-08-03,2026-08-03,CM,NSE,STK,22777,INE0QJL01014,TCL,SM,,,,,THAAI CASTING LIMITED,120.00,125.00,118.00,122.50,122.50,118.75,,122.50,,,45600,5519600.00,31,F1,800,,,,,
2026-08-03,2026-08-03,CM,NSE,STK,762947,INE077P01034,THACKER,BE,,,,,THACKER & CO. LTD.,1020.00,1050.00,981.10,1050.00,1050.00,1010.00,,1050.00,,,41,41401.60,12,F1,1,,,,,
2026-08-03,2026-08-03,CM,NSE,STK,762949,INE403F01017,THAKDEV,EQ,,,,,THAKKERS DEVELOPERS LTD.,136.01,148.00,135.00,140.47,148.00,141.18,,140.47,,,230,32106.91,19,F1,1,,,,,
2026-08-03,2026-08-03,CM,NSE,STK,18118,INE085J01014,THANGAMAYL,EQ,,,,,THANGAMAYIL JEWELLERY LTD,5175.00,5175.00,4965.50,4965.50,4965.50,5226.50,,4966.44,,,358583,1798858173.50,27142,F1,1,,,,,
2026-08-03,2026-08-03,CM,NSE,STK,9014,INE294Z01018,ANUP,EQ,,,,,THE ANUP ENGINEERING LTD,2173.10,2199.90,2151.50,2175.40,2160.00,2172.90,,2174.28,,,14483,31651936.50,3047,F1,1,,,,,
2026-08-03,2026-08-03,CM,NSE,STK,7930,INE319B01014,BYKE,BE,,,,,THE BYKE HOSPITALITY LTD,35.49,35.49,34.00,34.45,34.70,35.16,,34.35,,,18546,644141.19,66,F1,1,,,,,
2026-08-03,2026-08-03,CM,NSE,STK,13776,INE017A01032,GESHIP,EQ,,,,,THE GE SHPG.LTD,1358.00,1412.20,1358.00,1398.40,1404.00,1350.40,,1398.33,,,595738,835058715.20,46564,F1,1,,,,,
2026-08-03,2026-08-03,CM,NSE,STK,17770,INE646C01018,GROBTEA,EQ,,,,,THE GROB TEA COMPANY LTD,903.30,919.40,893.30,918.05,918.00,920.00,,918.05,,,223,204397.45,33,F1,1,,,,,
2026-08-03,2026-08-03,CM,NSE,STK,8568,INE127B01011,HITECHGEAR,BE,,,,,THE HI-TECH GEARS LIMITED,565.00,584.00,560.05,574.55,577.95,571.80,,578.48,,,2956,1697549.15,52,F1,1,,,,,
2026-08-03,2026-08-03,CM,NSE,STK,1515,INE383A01012,INDIACEM,EQ,,,,,THE INDIA CEMENTS LIMITED,400.00,400.00,388.50,390.95,388.50,398.00,,390.93,,,195037,76686063.55,12469,F1,1,,,,,
2026-08-03,2026-08-03,CM,NSE,STK,1512,INE053A01029,INDHOTEL,EQ,,,,,THE INDIAN HOTELS CO. LTD,740.00,752.00,739.50,752.00,752.00,738.55,,751.97,,,1980772,1475435372.95,29586,F1,1,,,,,
2026-08-03,2026-08-03,CM,NSE,STK,21427,INE924D01017,THEINVEST,EQ,,,,,THE INVEST TRUST OF IND L,100.66,101.99,98.79,101.23,100.60,97.61,,101.22,,,15629,1575485.14,213,F1,1,,,,,
2026-08-03,2026-08-03,CM,NSE,STK,399,INE470Y01017,NIACL,EQ,,,,,THE NEW INDIA ASSU CO LTD,178.49,178.49,174.72,175.46,174.90,173.62,,175.46,,,1164311,205101085.52,16237,F1,1,,,,,
2026-08-03,2026-08-03,CM,NSE,STK,10321,INE431F01018,PKTEA,EQ,,,,,THE P K TEA PROD CO LTD,710.00,710.00,668.00,699.00,699.00,676.40,,699.00,,,284,195913.30,18,F1,1,,,,,
2026-08-03,2026-08-03,CM,NSE,STK,14552,INE211B01039,PHOENIXLTD,EQ,,,,,THE PHOENIX MILLS LTD,1893.70,1955.00,1883.90,1955.00,1955.00,1893.30,,1955.00,,,380365,728991567.60,21498,F1,1,,,,,
2026-08-03,2026-08-03,CM,NSE,STK,2043,INE331A01037,RAMCOCEM,EQ,,,,,THE RAMCO CEMENTS LIMITED,920.15,950.00,920.15,945.25,948.40,918.25,,945.27,,,128262,120580396.75,8462,F1,1,,,,,
2026-08-03,2026-08-03,CM,NSE,STK,10123,INE301D01026,RUBYMILLS,BE,,,,,THE RUBY MILLS LTD,382.00,382.00,368.00,369.75,370.50,373.00,,369.82,,,15691,5860481.15,219,F1,1,,,,,
2026-08-03,2026-08-03,CM,NSE,STK,5948,INE683A01023,SOUTHBANK,EQ,,,,,THE SOUTH INDIAN BANK LTD,47.00,47.87,46.93,47.07,47.03,46.70,,47.07,,,8220206,389597765.64,25215,F1,1,,,,,
2026-08-03,2026-08-03,CM,NSE,STK,10948,INE655A01013,STCINDIA,EQ,,,,,THE STATE TRADING CORPN,120.48,123.90,119.16,119.66,119.21,120.50,,119.69,,,55568,6738772.39,852,F1,1,,,,,
2026-08-03,2026-08-03,CM,NSE,STK,19578,INE071E01023,UGARSUGAR,EQ,,,,,THE UGAR SUGAR WORKS LTD,40.61,42.95,40.55,42.56,42.04,40.69,,42.56,,,255780,10813920.10,2299,F1,1,,,,,
2026-08-03,2026-08-03,CM,NSE,STK,20481,INE215F01023,WIPL,EQ,,,,,THE WESTERN INDIA PLY LTD,169.22,170.00,165.01,168.00,168.00,169.22,,168.00,,,1366,229386.60,23,F1,1,,,,,
2026-08-03,2026-08-03,CM,NSE,STK,19279,INE121N01019,THEJO,EQ,,,,,THEJO ENGINEERING LIMITED,2135.00,2189.50,2098.10,2169.10,2175.00,2108.70,,2169.10,,,21034,45282926.30,2976,F1,1,,,,,
2026-08-03,2026-08-03,CM,NSE,STK,14485,INE083B01024,THEMISMED,EQ,,,,,THEMIS MEDICARE LTD.,105.23,108.40,105.23,107.06,106.77,105.22,,107.06,,,29219,3137019.75,858,F1,1,,,,,
2026-08-03,2026-08-03,CM,NSE,STK,3475,INE152A01029,THERMAX,EQ,,,,,THERMAX LTD,4302.50,4319.00,4070.80,4122.20,4120.00,4306.00,,4122.24,,,707697,2930442573.20,81689,F1,1,,,,,
2026-08-03,2026-08-03,CM,NSE,STK,25651,INE0SHE01019,THESL,ST,,,,,THINKING HATS ENTER SOL L,20.90,20.90,20.90,20.90,20.90,19.95,,20.90,,,9000,188100.00,3,F1,3000,,,,,
2026-08-03,2026-08-03,CM,NSE,STK,3496,INE338A01024,TIRUMALCHM,EQ,,,,,THIRUMALAI CHEMICALS LTD,175.25,183.74,175.00,183.12,183.60,174.25,,183.11,,,747837,135706163.34,9944,F1,1,,,,,
2026-08-03,2026-08-03,CM,NSE,STK,3481,INE332A01027,THOMASCOOK,EQ,,,,,THOMAS COOK (INDIA) LTD,106.00,109.90,105.90,107.15,107.30,104.27,,107.15,,,2230082,241300603.55,14105,F1,1,,,,,
2026-08-03,2026-08-03,CM,NSE,STK,31017,INE480M01011,THOMASCOTT,EQ,,,,,THOMAS SCOTT (INDIA) LTD,298.45,322.00,298.30,311.25,306.00,298.45,,310.90,,,20575,6298858.05,771,F1,1,,,,,
2026-08-03,2026-08-03,CM,NSE,STK,17032,INE594H01019,THYROCARE,EQ,,,,,THYROCARE TECH LTD,583.00,608.00,582.50,592.55,585.20,579.00,,592.41,,,642124,383447266.90,22371,F1,1,,,,,
2026-08-03,2026-08-03,CM,NSE,STK,759179,INE906O01029,TIGERLOGS,BE,,,,,TIGER LOGISTICS (INDIA) L,28.89,29.40,27.33,27.44,27.78,28.37,,27.47,,,207337,5852922.47,939,F1,1,,,,,
2026-08-03,2026-08-03,CM,NSE,STK,25482,INE440L01017,TIJARIA,EQ,,,,,TIJARIA POLYPIPES LTD,5.34,5.49,4.91,4.98,4.99,5.03,,4.98,,,185584,936562.29,298,F1,1,,,,,
2026-08-03,2026-08-03,CM,NSE,STK,3484,INE806C01018,TIL,EQ,,,,,TIL LTD,255.05,267.85,248.55,259.90,258.95,252.38,,259.92,,,1915163,499417575.55,27956,F1,1,,,,,
2026-08-03,2026-08-03,CM,NSE,STK,19196,INE133E01013,TI,EQ,,,,,TILAKNAGAR INDUSTRIES LTD,465.90,481.00,464.20,465.80,466.60,465.15,,465.80,,,1070931,506186456.15,23489,F1,1,,,,,
2026-08-03,2026-08-03,CM,NSE,STK,14707,INE508G01029,TIMETECHNO,EQ,,,,,TIME TECHNOPLAST LTD.,211.00,213.40,203.92,210.15,211.00,208.56,,210.16,,,3019188,633478573.74,27878,F1,1,,,,,
2026-08-03,2026-08-03,CM,NSE,STK,762954,INE064A01026,TIMEX,EQ,,,,,TIMEX GROUP INDIA LTD.,533.65,553.60,532.00,549.25,551.50,532.05,,549.13,,,257413,140423991.85,13422,F1,1,,,,,
2026-08-03,2026-08-03,CM,NSE,STK,14198,INE325A01013,TIMKEN,EQ,,,,,TIMKEN INDIA LTD.,3145.00,3241.20,3138.10,3216.10,3227.20,3145.40,,3216.02,,,40209,128375834.20,8798,F1,1,,,,,
2026-08-03,2026-08-03,CM,NSE,STK,756020,INE015C01016,TINNARUBR,EQ,,,,,TINNA RUBBER AND INFR LTD,1130.00,1145.00,1084.00,1106.80,1104.00,1114.40,,1107.07,,,111490,123834540.90,9168,F1,1,,,,,
2026-08-03,2026-08-03,CM,NSE,STK,11374,INE0LQS01015,TIPSFILMS,EQ,,,,,TIPS FILMS LIMITED,388.85,397.75,373.60,379.00,377.00,386.20,,379.19,,,11805,4548768.70,695,F1,1,,,,,
2026-08-03,2026-08-03,CM,NSE,STK,9117,INE716B01029,TIPSMUSIC,EQ,,,,,TIPS MUSIC LIMITED,668.05,694.45,666.35,688.55,691.00,668.05,,688.54,,,276541,189743768.45,14755,F1,1,,,,,
2026-08-03,2026-08-03,CM,NSE,STK,22284,INE319Y01024,TIRUPATIFL,BE,,,,,TIRUPATI FORGE LIMITED,69.00,73.50,69.00,73.10,73.50,70.00,,73.10,,,418783,30094798.19,1109,F1,1,,,,,
2026-08-03,2026-08-03,CM,NSE,STK,15414,INE615H01020,TITAGARH,EQ,,,,,TITAGARH RAIL SYSTEMS LTD,825.40,869.90,825.40,859.05,855.00,825.20,,859.04,,,929203,794766891.50,35752,F1,1,,,,,
2026-08-03,2026-08-03,CM,NSE,STK,3506,INE280A01028,TITAN,EQ,,,,,TITAN COMPANY LIMITED,4875.20,5000.00,4851.80,5000.00,5000.00,4875.20,,4999.58,,,505420,2475265143.60,48696,F1,1,,,,,
2026-08-03,2026-08-03,CM,NSE,STK,9710,INE932C01012,TOKYOPLAST,BE,,,,,TOKYO PLAST  INTL LTD.,76.50,79.99,75.00,79.00,79.00,76.50,,79.00,,,1426,109996.70,44,F1,1,,,,,
2026-08-03,2026-08-03,CM,NSE,STK,25262,INE0RWQ01014,TOLINS,EQ,,,,,TOLINS TYRES LIMITED,104.07,104.30,102.82,103.82,104.00,102.21,,103.82,,,74883,7773012.83,591,F1,1,,,,,
2026-08-03,2026-08-03,CM,NSE,STK,3518,INE685A01028,TORNTPHARM,EQ,,,,,TORRENT PHARMACEUTICALS L,5250.00,5250.00,5007.50,5050.00,5050.00,5122.80,,5049.92,,,841750,4273155047.50,74887,F1,1,,,,,
2026-08-03,2026-08-03,CM,NSE,STK,13786,INE813H01021,TORNTPOWER,EQ,,,,,TORRENT POWER LTD,1422.00,1423.80,1387.20,1391.70,1394.40,1413.30,,1391.71,,,337462,471763506.80,22970,F1,1,,,,,
2026-08-03,2026-08-03,CM,NSE,STK,22423,INE336X01012,TOTAL,EQ,,,,,TOTAL TRANSPORT SYS LTD,49.28,53.33,49.00,52.05,52.50,49.28,,52.05,,,8190,416471.25,111,F1,1,,,,,
2026-08-03,2026-08-03,CM,NSE,STK,16908,INE486Y01013,TOUCHWOOD,EQ,,,,,TOUCHWOOD ENTERTAIN LTD.,67.44,67.44,66.06,66.45,66.11,66.24,,66.45,,,155,10326.64,16,F1,1,,,,,
2026-08-03,2026-08-03,CM,NSE,STK,3466,INE305A01023,TFCILTD,EQ,,,,,TOURISM FINANCE CORP. OF,103.10,107.25,103.10,105.62,105.64,101.87,,105.62,,,13190800,1398052377.53,28817,F1,1,,,,,
2026-08-03,2026-08-03,CM,NSE,STK,9219,INE413G01022,TPLPLASTEH,EQ,,,,,TPL PLASTECH LIMITED,79.50,82.00,79.50,81.26,80.40,79.31,,81.24,,,123751,9988363.68,1332,F1,1,,,,,
2026-08-03,2026-08-03,CM,NSE,STK,11582,INE0HMF01019,TRACXN,EQ,,,,,TRACXN TECHNOLOGIES LTD,30.03,30.84,30.03,30.44,30.50,30.35,,30.44,,,68640,2098823.39,768,F1,1,,,,,
2026-08-03,2026-08-03,CM,NSE,STK,15174,INE763I01026,TARIL,EQ,,,,,TRANS & RECTI. LTD,299.05,302.50,295.00,295.50,295.55,296.50,,295.49,,,989409,294585853.80,17715,F1,1,,,,,
2026-08-03,2026-08-03,CM,NSE,STK,17795,INE0O3901029,TREL,EQ,,,,,TRANSINDIA REAL ESTATE L,24.25,24.77,23.96,24.17,24.29,24.25,,24.17,,,80905,1968097.61,335,F1,1,,,,,
2026-08-03,2026-08-03,CM,NSE,STK,3531,INE687A01016,TRANSPEK,EQ,,,,,TRANSPEK INDUSTRY LTD,1364.00,1447.90,1311.60,1414.50,1416.00,1321.30,,1414.88,,,175728,240983438.00,13964,F1,1,,,,,
2026-08-03,2026-08-03,CM,NSE,STK,10580,INE688A01022,TCI,EQ,,,,,TRANSPORT CORPN OF INDIA,930.10,944.95,909.25,914.60,915.70,930.50,,914.36,,,71624,65944762.45,5853,F1,1,,,,,
2026-08-03,2026-08-03,CM,NSE,STK,28714,INE454P01035,TRANSRAILL,EQ,,,,,TRANSRAIL LIGHTING LTD,502.95,507.65,493.80,500.25,495.50,502.95,,500.27,,,302458,152171022.55,12365,F1,1,,,,,
2026-08-03,2026-08-03,CM,NSE,STK,19801,INE0NVI01020,TRANSTEEL,SM,,,,,TRANSTEEL SEATING TECH L,120.80,121.10,114.00,115.95,116.00,123.60,,115.95,,,125000,14551850.00,52,F1,1000,,,,,
2026-08-03,2026-08-03,CM,NSE,STK,14319,INE804H01012,TFL,EQ,,,,,TRANSWARRANTY FIN. LTD.,11.36,11.70,11.03,11.14,11.16,11.12,,11.14,,,7121,79914.09,44,F1,1,,,,,
2026-08-03,2026-08-03,CM,NSE,STK,8619,INE757B01015,TRANSWORLD,BE,,,,,TRANSWORLD SHIP LINES LTD,162.21,164.00,158.01,161.66,161.73,162.21,,161.59,,,16892,2694699.45,136,F1,1,,,,,
2026-08-03,2026-08-03,CM,NSE,STK,757545,INE103V01028,TRAVELFOOD,EQ,,,,,TRAVEL FOOD SERVICES LTD,1293.00,1348.00,1292.70,1344.60,1340.00,1302.90,,1344.47,,,37161,49531915.60,6374,F1,1,,,,,
2026-08-03,2026-08-03,CM,NSE,STK,25082,INE040M01013,TREEHOUSE,EQ,,,,,TREE HOUSE EDU LTD,6.48,6.48,6.29,6.36,6.47,6.36,,6.32,,,8505,54718.52,93,F1,1,,,,,
2026-08-03,2026-08-03,CM,NSE,STK,7518,INE00CA01015,TREJHARA,EQ,,,,,TREJHARA SOLUTIONS LTD,134.00,136.19,134.00,135.95,135.50,134.76,,135.95,,,8426,1142902.98,310,F1,1,,,,,
2026-08-03,2026-08-03,CM,NSE,STK,1964,INE849A01020,TRENT,EQ,,,,,TRENT LTD,3035.00,3050.00,3002.90,3050.00,3050.00,3005.90,,3049.94,,,883208,2669856689.90,53186,F1,1,,,,,
2026-08-03,2026-08-03,CM,NSE,STK,17987,INE391D01019,TRF,EQ,,,,,TRF LIMITED,226.00,233.99,226.00,228.56,227.26,225.93,,228.71,,,86597,19888376.24,2657,F1,1,,,,,
2026-08-03,2026-08-03,CM,NSE,STK,27037,INE760L01018,TBZ,EQ,,,,,TRIB BHIMJI ZAVERI LTD,277.50,292.00,275.00,287.70,287.50,276.34,,287.60,,,1976511,566308349.50,30087,F1,1,,,,,
2026-08-03,2026-08-03,CM,NSE,STK,9685,INE064C01022,TRIDENT,EQ,,,,,TRIDENT LIMITED,24.83,25.23,24.83,24.94,24.98,24.71,,24.94,,,2924262,73207544.60,11462,F1,1,,,,,
2026-08-03,2026-08-03,CM,NSE,STK,21093,INE0QD201012,TECHLABS,ST,,,,,TRIDENT TECHLABS LIMITED,129.90,130.90,123.00,126.10,126.10,126.65,,126.10,,,6625,841037.50,42,F1,125,,,,,
2026-08-03,2026-08-03,CM,NSE,STK,5428,INE948A01012,TRIGYN,EQ,,,,,TRIGYN TECHNOLOGIES LTD,55.00,55.44,53.72,54.89,54.94,53.72,,54.89,,,27576,1500658.91,643,F1,1,,,,,
2026-08-03,2026-08-03,CM,NSE,STK,13084,INE256C01024,TRIVENI,BE,,,,,TRIVENI ENGG. & INDS. LTD,226.00,232.57,226.00,232.30,232.57,221.50,,232.31,,,623781,144930160.86,3535,F1,1,,,,,
2026-08-03,2026-08-03,CM,NSE,STK,25584,INE152M01016,TRITURBINE,EQ,,,,,TRIVENI TURBINE LIMITED,602.65,616.00,602.65,611.60,612.45,601.70,,611.57,,,403135,246096648.20,29478,F1,1,,,,,
2026-08-03,2026-08-03,CM,NSE,STK,24645,INE0SYV01018,TROM,ST,,,,,TROM INDUSTRIES LIMITED,61.00,61.00,60.00,61.00,61.00,58.10,,61.00,,,4200,254460.00,7,F1,600,,,,,
2026-08-03,2026-08-03,CM,NSE,STK,759210,INE0MWH01014,TRUALT,EQ,,,,,TRUALT BIOENERGY LIMITED,424.90,439.00,422.50,437.85,437.50,423.00,,437.79,,,184496,79690077.90,5191,F1,1,,,,,
2026-08-03,2026-08-03,CM,NSE,STK,9378,INE615R01029,TRU,EQ,,,,,TRUCAP FINANCE LIMITED,4.50,4.80,4.46,4.71,4.71,4.60,,4.67,,,117710,549631.93,236,F1,1,,,,,
2026-08-03,2026-08-03,CM,NSE,STK,23417,INE0SWN01019,TRUST,SM,,,,,TRUST FINTECH LIMITED,28.65,29.80,28.15,29.80,29.80,28.50,,29.80,,,10200,296940.00,17,F1,600,,,,,
2026-08-03,2026-08-03,CM,NSE,STK,757858,INE16VK01010,TSC,SM,,,,,TSC INDIA LIMITED,45.95,47.25,45.00,47.25,47.25,39.40,,47.25,,,84000,3914600.00,28,F1,2000,,,,,
2026-08-03,2026-08-03,CM,NSE,STK,2183,INE202Z01029,TSFINV,EQ,,,,,TSF INVESTMENTS LIMITED,455.10,461.00,452.95,454.30,454.50,452.50,,454.30,,,38493,17572180.30,2361,F1,1,,,,,
2026-08-03,2026-08-03,CM,NSE,STK,27408,INE1C3207073,935TSI29,N0,,,,,TSI 9.35% 29 SR I-C,103000.02,103011.10,103000.02,103011.10,103011.10,101760.02,,103011.10,,,4,412011.16,2,F1,1,,,,,
2026-08-03,2026-08-03,CM,NSE,STK,27526,INE1C3207024,935TSIIC33,N0,,,,,TSIIC 9.35% 2033 SR 1- G,103866.01,107000.00,103866.01,107000.00,107000.00,103866.01,,107000.00,,,17,1781460.50,5,F1,1,,,,,
2026-08-03,2026-08-03,CM,NSE,STK,11369,INE910C01018,TTKHLTCARE,EQ,,,,,TTK HEALTHCARE LIMITED,1030.00,1094.00,1030.00,1049.20,1047.70,1024.50,,1049.17,,,32751,34726522.30,5877,F1,1,,,,,
2026-08-03,2026-08-03,CM,NSE,STK,3546,INE690A01028,TTKPRESTIG,EQ,,,,,TTK PRESTIGE LTD,648.00,653.75,636.20,644.30,642.60,641.60,,644.24,,,82001,53032776.10,5078,F1,1,,,,,
2026-08-03,2026-08-03,CM,NSE,STK,312,INE974X01010,TIINDIA,EQ,,,,,TUBE INVEST OF INDIA LTD,2810.00,2813.00,2723.20,2766.00,2766.00,2753.00,,2766.00,,,227956,629665503.40,33079,F1,1,,,,,
2026-08-03,2026-08-03,CM,NSE,STK,24520,INE0OXV01027,TUNWAL,SM,,,,,TUNWAL E-MOTORS LIMITED,26.15,26.15,25.95,26.00,25.95,26.05,,26.00,,,20000,520700.00,10,F1,2000,,,,,
2026-08-03,2026-08-03,CM,NSE,STK,756090,INE0OC301013,TURTLEMINT,EQ,,,,,TURTLEMINT FINTECH SOLS L,121.30,121.60,116.50,117.57,117.10,120.10,,117.57,,,246639,29394924.81,4068,F1,1,,,,,
2026-08-03,2026-08-03,CM,NSE,STK,11275,INE038F01029,TVTODAY,EQ,,,,,TV TODAY NETWORK LTD,113.69,118.20,113.69,115.76,116.95,113.69,,115.74,,,46794,5467228.00,1019,F1,1,,,,,
2026-08-03,2026-08-03,CM,NSE,STK,18504,INE871L01013,TVVISION,EQ,,,,,TV VISION LIMITED,4.88,4.88,4.50,4.72,4.77,4.56,,4.72,,,20790,96883.74,78,F1,1,,,,,
2026-08-03,2026-08-03,CM,NSE,STK,11265,INE236G01019,TVSELECT,EQ,,,,,TVS ELECTRONICS LTD,489.90,509.35,489.90,495.60,496.00,489.30,,495.75,,,47235,23585719.75,2597,F1,1,,,,,
2026-08-03,2026-08-03,CM,NSE,STK,29008,INE105A01035,TVSHLTD,EQ,,,,,TVS HOLDINGS LIMITED,14800.00,14950.00,14800.00,14836.00,14837.00,14713.00,,14836.33,,,2983,44302965.00,1305,F1,1,,,,,
2026-08-03,2026-08-03,CM,NSE,STK,8479,INE494B01023,TVSMOTOR,EQ,,,,,TVS MOTOR COMPANY  LTD,4336.50,4389.00,4281.90,4389.00,4389.00,4313.10,,4388.80,,,1612965,6985415936.90,79715,F1,1,,,,,
2026-08-03,2026-08-03,CM,NSE,STK,761141,INE494B04019,TVSMNCRPS,P1,,,,,TVS MOTOR COMPANY LIMITED,10.55,10.55,10.45,10.45,10.50,10.45,,10.46,,,28781,301199.15,232,F1,1,,,,,
2026-08-03,2026-08-03,CM,NSE,STK,14245,INE421C01016,TVSSRICHAK,EQ,,,,,TVS SRICHAKRA LIMITED,3910.00,4049.00,3900.00,3987.90,3965.10,3931.10,,3987.88,,,5375,21324071.80,1182,F1,1,,,,,
2026-08-03,2026-08-03,CM,NSE,STK,18151,INE395N01027,TVSSCS,EQ,,,,,TVS SUPPLY CHAIN SOL L,136.50,139.18,136.11,136.90,136.11,135.11,,136.90,,,296279,40819220.16,3881,F1,1,,,,,
2026-08-03,2026-08-03,CM,NSE,STK,19503,INE388G01026,TICL,BE,,,,,TWAMEV CONS AND INFRA LTD,9.57,9.70,9.25,9.63,9.50,9.57,,9.67,,,70353,673735.89,161,F1,1,,,,,
2026-08-03,2026-08-03,CM,NSE,STK,25626,INE152C01025,UYFINCORP,EQ,,,,,U. Y. FINCORP LIMITED,19.80,19.94,19.53,19.76,19.80,19.95,,19.76,,,245080,4843923.27,1319,F1,1,,,,,
2026-08-03,2026-08-03,CM,NSE,STK,3570,INE139B01016,UCAL,EQ,,,,,UCAL LIMITED,115.01,117.10,113.00,113.51,115.28,114.53,,113.51,,,5323,609972.60,129,F1,1,,,,,
2026-08-03,2026-08-03,CM,NSE,STK,756000,INE583D07604,1015UCL27,NF,,,,,UCL 10.15% SR III,1025.00,1027.00,1025.00,1027.00,1027.00,1027.00,,1027.00,,,40,41020.00,3,F1,1,,,,,
2026-08-03,2026-08-03,CM,NSE,STK,756002,INE583D07588,1025UCL27A,NG,,,,,UCL 10.25% SR IV,990.00,990.00,990.00,990.00,990.00,1020.00,,990.00,,,1,990.00,1,F1,1,,,,,
2026-08-03,2026-08-03,CM,NSE,STK,755998,INE583D07570,1039UCL26,NE,,,,,UCL 10.39% SR II,1026.80,1026.80,1025.00,1026.80,1026.80,1021.70,,1026.80,,,31,31821.80,3,F1,1,,,,,
2026-08-03,2026-08-03,CM,NSE,STK,756004,INE583D07596,1050UCL28,NH,,,,,UCL 10.50% SR V,1021.00,1021.00,1021.00,1021.00,1021.00,1010.54,,1021.00,,,1,1021.00,1,F1,1,,,,,
2026-08-03,2026-08-03,CM,NSE,STK,11223,INE691A01018,UCOBANK,EQ,,,,,UCO BANK,26.40,26.58,26.28,26.31,26.29,26.17,,26.31,,,3408343,90042406.81,10111,F1,1,,,,,
2026-08-03,2026-08-03,CM,NSE,STK,14871,INE0N0Y01013,USK,EQ,,,,,UDAYSHIVAKUMAR INFRA LTD,22.10,22.89,21.75,22.43,22.44,22.25,,22.43,,,16660,373348.40,148,F1,1,,,,,
2026-08-03,2026-08-03,CM,NSE,STK,1053,INE516A01017,UFLEX,EQ,,,,,UFLEX LIMITED,473.00,491.95,472.65,482.25,480.15,470.65,,482.23,,,103064,49836459.75,4273,F1,1,,,,,
2026-08-03,2026-08-03,CM,NSE,STK,9039,INE527H01019,UFO,EQ,,,,,UFO MOVIEZ INDIA LTD.,65.00,69.39,65.00,68.86,68.80,65.15,,68.85,,,76131,5157407.65,762,F1,1,,,,,
2026-08-03,2026-08-03,CM,NSE,STK,5313,INE583D01011,UGROCAP,EQ,,,,,UGRO CAPITAL LIMITED,96.40,106.38,96.07,97.63,97.67,95.45,,97.64,,,6281719,631332799.39,45137,F1,1,,,,,
2026-08-03,2026-08-03,CM,NSE,STK,23507,INE899L01030,UEL,EQ,,,,,UJAAS ENERGY LIMITED,172.50,184.47,163.15,184.47,184.47,153.73,,187.34,,,211631,38217912.75,2481,F1,1,,,,,
2026-08-03,2026-08-03,CM,NSE,STK,15228,INE551W01018,UJJIVANSFB,EQ,,,,,UJJIVAN SMALL FINANC BANK,72.89,73.10,71.00,71.14,71.10,71.75,,71.14,,,13435710,969924693.71,44012,F1,1,,,,,
2026-08-03,2026-08-03,CM,NSE,STK,762961,INE405A01021,ULTRAMAR,EQ,,,,,ULTRAMARINE & PIGMENTS L,394.90,394.90,382.35,385.20,386.00,387.25,,385.16,,,27753,10705480.25,1946,F1,1,,,,,
2026-08-03,2026-08-03,CM,NSE,STK,11532,INE481G01011,ULTRACEMCO,EQ,,,,,ULTRATECH CEMENT LIMITED,11940.00,12054.00,11905.00,12054.00,12054.00,11903.00,,12053.68,,,159579,1915400252.00,20922,F1,1,,,,,
2026-08-03,2026-08-03,CM,NSE,STK,13349,INE067901012,UMA,SM,,,,,UMA CONVERTER LIMITED,15.10,15.10,14.50,14.95,14.95,15.05,,14.95,,,52000,770800.00,9,F1,4000,,,,,
2026-08-03,2026-08-03,CM,NSE,STK,8845,INE0GIU01018,UMAEXPORTS,BE,,,,,UMA EXPORTS LIMITED,20.37,20.70,20.01,20.42,20.32,20.13,,20.43,,,14282,292186.56,89,F1,1,,,,,
2026-08-03,2026-08-03,CM,NSE,STK,8998,INE398B01018,UMIYA-MRO,EQ,,,,,UMIYA BUILDCON LIMITED,89.10,89.90,87.15,88.15,88.00,88.81,,88.15,,,12249,1079363.50,164,F1,1,,,,,
2026-08-03,2026-08-03,CM,NSE,STK,3579,INE351A01035,UNICHEMLAB,EQ,,,,,UNICHEM LABORATORIES LTD,514.00,518.65,502.25,505.25,505.00,513.40,,505.25,,,65951,33468849.65,3765,F1,1,,,,,
2026-08-03,2026-08-03,CM,NSE,STK,24809,INE00U401027,UNIECOM,EQ,,,,,UNICOMMERCE ESOLUTIONS L,85.02,86.76,85.02,86.21,86.00,84.71,,86.21,,,261395,22541914.89,2262,F1,1,,,,,
2026-08-03,2026-08-03,CM,NSE,STK,18582,INE0PRF01011,UNIHEALTH,SM,,,,,UNIHEALTH HOSPITALS LTD,735.00,819.00,734.00,807.35,800.00,750.00,,807.35,,,31000,23912850.00,53,F1,500,,,,,
2026-08-03,2026-08-03,CM,NSE,STK,7797,INE481Z01011,UNIINFO,BE,,,,,UNIINFO TELECOM SERVI LTD,11.76,12.55,11.40,12.15,12.15,12.00,,12.15,,,1076,12549.71,23,F1,1,,,,,
2026-08-03,2026-08-03,CM,NSE,STK,25633,INE0B2801011,UNILEX,SM,,,,,UNILEX COLOURS AND CHEM L,26.65,26.70,26.65,26.70,26.70,26.75,,26.70,,,3200,85360.00,2,F1,1600,,,,,
2026-08-03,2026-08-03,CM,NSE,STK,28960,INE0U3I01011,UNIMECH,EQ,,,,,UNIMECH AEROSPACE N MFG L,1265.90,1304.90,1235.90,1259.80,1254.00,1235.90,,1259.85,,,152774,195385903.40,12315,F1,1,,,,,
2026-08-03,2026-08-03,CM,NSE,STK,10753,INE692A01016,UNIONBANK,EQ,,,,,UNION BANK OF INDIA,171.40,175.74,171.40,174.00,174.00,171.24,,174.00,,,8353185,1455903760.57,42709,F1,1,,,,,
2026-08-03,2026-08-03,CM,NSE,STK,29687,INF582M01KS4,UNIONGOLD,EQ,,,,,UNIONAMC - UNIONGOLD,139.05,139.90,138.80,138.80,138.85,138.55,,138.80,,,2454,341222.65,71,F1,1,,,,,
2026-08-03,2026-08-03,CM,NSE,STK,13057,INE244O01017,UNIPARTS,EQ,,,,,UNIPARTS INDIA LIMITED,732.00,745.00,726.10,737.45,745.00,728.00,,737.44,,,134584,99140568.55,7082,F1,1,,,,,
2026-08-03,2026-08-03,CM,NSE,STK,11293,INE037A01022,UNIENTER,EQ,,,,,UNIPHOS ENTERPRISES LTD,94.92,98.19,94.92,97.08,97.53,94.92,,97.08,,,4101,398731.13,134,F1,1,,,,,
2026-08-03,2026-08-03,CM,NSE,STK,3594,INE694A01020,UNITECH,EQ,,,,,UNITECH LTD,4.38,4.39,4.23,4.26,4.28,4.28,,4.26,,,3574683,15365022.35,2720,F1,1,,,,,
2026-08-03,2026-08-03,CM,NSE,STK,16713,INE686F01025,UBL,EQ,,,,,UNITED BREWERIES LTD,1437.00,1464.00,1430.00,1438.40,1430.00,1418.80,,1438.39,,,154717,223454019.40,9755,F1,1,,,,,
2026-08-03,2026-08-03,CM,NSE,STK,204,INE961D01019,UNIDT,BE,,,,,UNITED DRILLING TOOLS LTD,225.20,233.90,215.35,231.63,233.50,222.98,,231.30,,,14187,3236604.77,210,F1,1,,,,,
2026-08-03,2026-08-03,CM,NSE,STK,3127,INE382M01027,UFBL,EQ,,,,,UNITED FOODBRANDS LIMITED,708.95,708.95,677.00,700.45,702.00,701.65,,700.45,,,101664,70376194.75,3309,F1,1,,,,,
2026-08-03,2026-08-03,CM,NSE,STK,25938,INE0SMR01011,UHTL,ST,,,,,UNITED HEAT TRANSFER LTD,110.00,113.90,109.00,109.00,109.00,108.80,,109.00,,,30000,3322000.00,15,F1,2000,,,,,
2026-08-03,2026-08-03,CM,NSE,STK,17999,INE458F01011,UNITEDTEA,EQ,,,,,UNITED NILGIRI TEA LTD,480.95,481.00,465.30,472.80,472.20,480.95,,472.80,,,1194,564723.95,104,F1,1,,,,,
2026-08-03,2026-08-03,CM,NSE,STK,7564,INE368U01029,UNITEDPOLY,BE,,,,,UNITED POLYFAB GUJ. LTD.,31.00,31.00,29.61,29.73,30.20,30.69,,29.75,,,8301,251274.09,124,F1,1,,,,,
2026-08-03,2026-08-03,CM,NSE,STK,10447,INE854D01024,UNITDSPR,EQ,,,,,UNITED SPIRITS LIMITED,1515.00,1530.00,1512.70,1530.00,1530.00,1515.90,,1529.95,,,410981,625505566.60,30170,F1,1,,,,,
2026-08-03,2026-08-03,CM,NSE,STK,10366,INE275F01019,UNIVAFOODS,BE,,,,,UNIVA FOODS LIMITED,8.57,8.99,8.57,8.60,8.59,8.99,,8.60,,,12150,106493.20,25,F1,1,,,,,
2026-08-03,2026-08-03,CM,NSE,STK,18979,INE562X01013,UNIVASTU,BE,,,,,UNIVASTU INDIA LIMITED,137.50,141.00,132.11,139.97,140.50,136.68,,139.97,,,269324,37119730.41,988,F1,1,,,,,
2026-08-03,2026-08-03,CM,NSE,STK,3607,INE279A01012,UNIVCABLES,EQ,,,,,UNIVERSAL CABLES LTD,1368.90,1435.00,1362.10,1431.80,1428.00,1358.40,,1431.77,,,252927,355484011.90,14261,F1,1,,,,,
2026-08-03,2026-08-03,CM,NSE,STK,17661,INE03V001013,UNIVPHOTO,BE,,,,,UNIVERSUS IMAGINGS LTD,484.00,488.50,476.00,480.40,484.00,475.00,,480.44,,,1284,619640.05,60,F1,1,,,,,
2026-08-03,2026-08-03,CM,NSE,STK,14154,INE405E01023,UNOMINDA,EQ,,,,,UNO MINDA LIMITED,1195.00,1219.60,1185.00,1210.00,1210.00,1180.50,,1209.85,,,818368,988267259.20,39246,F1,1,,,,,
2026-08-03,2026-08-03,CM,NSE,STK,18636,INE148I08256,915SCL26,NE,,,,,UNS RED NCD 9.15% SR.IX,1062.80,1073.20,1062.80,1073.20,1073.20,1074.50,,1073.20,,,257,274283.60,3,F1,1,,,,,
2026-08-03,2026-08-03,CM,NSE,STK,2883,INE530B08110,IIFLZC28,NG,,,,,UNSE RE NCD 0% SR.III,1652.00,1653.00,1643.20,1649.45,1653.00,1652.00,,1649.45,,,200,329942.00,4,F1,1,,,,,
2026-08-03,2026-08-03,CM,NSE,STK,2871,INE530B08094,10IIFL28A,NE,,,,,UNSE RE NCD 10% SR.I,1031.01,1031.01,1031.01,1031.01,1031.01,1030.01,,1031.01,,,100,103101.00,1,F1,1,,,,,
2026-08-03,2026-08-03,CM,NSE,STK,2877,INE530B08102,96IIFL28A,NF,,,,,UNSE RE NCD 9.6% SR.II,1004.93,1004.93,1003.18,1004.19,1004.00,1004.94,,1002.85,,,2026,2034048.00,26,F1,1,,,,,
2026-08-03,2026-08-03,CM,NSE,STK,5212,INE477L08147,10IIFL28,N4,,,,,UNSEC RE NCD 10% SR.I,1000.01,1008.00,1000.01,1001.51,1001.51,1000.01,,1001.38,,,222,223550.21,11,F1,1,,,,,
2026-08-03,2026-08-03,CM,NSE,STK,5214,INE477L08154,96IIFL28,N5,,,,,UNSEC RE NCD 9.60% SR.II,1002.05,1003.99,1002.05,1003.00,1003.00,1002.05,,1003.23,,,2830,2837338.70,27,F1,1,,,,,
2026-08-03,2026-08-03,CM,NSE,STK,19045,INE866I08279,10IIFL29,N6,,,,,UNSEC RED NCD 10.0% SR. V,1028.29,1028.29,1028.29,1028.29,1028.29,1028.29,,1028.29,,,100,102829.00,1,F1,1,,,,,
2026-08-03,2026-08-03,CM,NSE,STK,19047,INE866I08295,105IIFL29,N7,,,,,UNSEC RED NCD 10.5% SR.VI,1060.00,1060.00,1060.00,1060.00,1060.00,1089.00,,1060.00,,,25,26500.00,1,F1,1,,,,,
2026-08-03,2026-08-03,CM,NSE,STK,21225,INE306N08292,910TCAP28,NA,,,,,UNSERENCD9.1%SRIIICIII&IV,1115.00,1115.00,1115.00,1115.00,1115.00,1110.11,,1115.00,,,5,5575.00,1,F1,1,,,,,
2026-08-03,2026-08-03,CM,NSE,STK,19113,INE851I01011,UDS,EQ,,,,,UPDATER SERVICES LIMITED,205.00,207.50,202.20,206.06,207.00,203.28,,206.06,,,301334,62005790.14,7902,F1,1,,,,,
2026-08-03,2026-08-03,CM,NSE,STK,11287,INE628A01036,UPL,EQ,,,,,UPL LIMITED,606.45,622.60,598.00,620.00,620.00,604.30,,620.15,,,2234338,1382016064.70,34705,F1,1,,,,,
2026-08-03,2026-08-03,CM,NSE,STK,10610,INE0CBM01019,USASEEDS,SM,,,,,UPSURGE SEEDS OF AGRI LTD,81.60,85.70,81.60,85.70,85.70,85.85,,85.70,,,1284,108284.00,3,F1,428,,,,,
2026-08-03,2026-08-03,CM,NSE,STK,17081,INE568Z01015,URAVIDEF,BE,,,,,URAVI DEFENCE &TECH LTD,110.90,116.46,110.90,113.85,113.90,113.00,,113.85,,,1677,189977.11,51,F1,1,,,,,
2026-08-03,2026-08-03,CM,NSE,STK,759084,INE0CAZ01013,URBANCO,EQ,,,,,URBAN COMPANY LIMITED,136.33,152.21,136.30,146.19,145.85,129.39,,146.20,,,92834272,13675257140.71,437214,F1,1,,,,,
2026-08-03,2026-08-03,CM,NSE,STK,16888,INE0O0201019,URBAN,SM,,,,,URBAN ENVIRO WASTE MGMT L,139.90,142.50,137.05,138.80,139.00,135.80,,138.80,,,80000,11097080.00,57,F1,800,,,,,
2026-08-03,2026-08-03,CM,NSE,STK,20203,INE550C01020,URJA,EQ,,,,,URJA GLOBAL LIMITED,9.18,10.37,9.15,10.06,10.10,9.09,,10.06,,,5881622,58473306.56,11468,F1,1,,,,,
2026-08-03,2026-08-03,CM,NSE,STK,25952,INE0LS001014,USHAFIN,SM,,,,,USHA FINANCIAL SERVICES L,37.45,38.00,36.15,37.00,37.00,36.00,,37.00,,,36800,1379280.00,15,F1,1600,,,,,
2026-08-03,2026-08-03,CM,NSE,STK,19142,INE240C01028,UMESLTD,EQ,,,,,USHA MARTIN EDU & SOL LTD,5.51,5.64,5.40,5.51,5.60,5.46,,5.51,,,9408,51830.18,63,F1,1,,,,,
2026-08-03,2026-08-03,CM,NSE,STK,8840,INE228A01035,USHAMART,EQ,,,,,USHA MARTIN LTD.,503.00,513.00,500.00,504.05,500.00,495.95,,503.96,,,557146,283287167.40,16664,F1,1,,,,,
2026-08-03,2026-08-03,CM,NSE,STK,4214,INE00NI01015,UCL,ST,,,,,USHANTI COLOUR CHEM LTD,204.95,208.90,204.95,208.90,208.90,204.95,,208.90,,,4000,827700.00,2,F1,2000,,,,,
2026-08-03,2026-08-03,CM,NSE,STK,527,INE094J01016,UTIAMC,EQ,,,,,UTI ASSET MNGMT CO LTD,911.55,917.85,904.50,915.75,917.00,903.10,,915.69,,,290426,264367996.85,11095,F1,1,,,,,
2026-08-03,2026-08-03,CM,NSE,STK,764180,INF789F1AG68,LIQUIDBETA,EQ,,,,,UTIAMC - LIQUIDBETA,997.13,1002.68,997.13,1002.68,1002.68,1002.14,,1002.68,,,10,10004.52,3,F1,1,,,,,
2026-08-03,2026-08-03,CM,NSE,STK,22440,INF789F1AUV1,BANKBETA,EQ,,,,,UTIAMC-BANKBETA,59.23,60.02,58.82,59.75,59.72,59.12,,59.75,,,531315,31828764.84,1453,F1,1,,,,,
2026-08-03,2026-08-03,CM,NSE,STK,22524,INF789F1AZF3,GILT10BETA,EQ,,,,,UTIAMC-GILT10BETA,26.76,26.76,26.49,26.53,26.53,26.36,,26.53,,,280,7428.23,14,F1,1,,,,,
2026-08-03,2026-08-03,CM,NSE,STK,22521,INF789F1AZE6,GILT5BETA,EQ,,,,,UTIAMC-GILT5BETA,66.53,66.90,65.86,66.03,66.10,66.73,,66.03,,,1443,95357.25,21,F1,1,,,,,
2026-08-03,2026-08-03,CM,NSE,STK,22488,INF789F1AZD8,ITBETA,EQ,,,,,UTIAMC-ITBETA,320.69,333.99,319.91,324.40,323.74,323.35,,324.40,,,352251,114069808.01,233,F1,1,,,,,
2026-08-03,2026-08-03,CM,NSE,STK,18347,INF789F1AYX9,MIDCAPBETA,EQ,,,,,UTIAMC-MIDCAPBETA,233.55,236.63,233.00,236.20,236.20,233.00,,236.20,,,2157,508416.46,81,F1,1,,,,,
2026-08-03,2026-08-03,CM,NSE,STK,21478,INF789F1AUW9,NEXT50BETA,EQ,,,,,UTIAMC-NEXT50BETA,80.12,80.25,78.83,79.39,79.60,79.32,,79.40,,,692464,55356726.63,1229,F1,1,,,,,
2026-08-03,2026-08-03,CM,NSE,STK,10511,INF789F1AZC0,NIFTYBETA,EQ,,,,,UTIAMC-NIFTYBETA,270.30,273.00,270.00,272.09,272.09,270.30,,272.09,,,35738,9729649.43,998,F1,1,,,,,
2026-08-03,2026-08-03,CM,NSE,STK,10515,INF789FB1X58,SENSEXBETA,EQ,,,,,UTIAMC-SENSEXBETA,866.00,876.00,860.05,864.44,860.60,863.29,,864.44,,,1579,1375072.35,298,F1,1,,,,,
2026-08-03,2026-08-03,CM,NSE,STK,15085,INF789F1AYK6,SILVERBETA,EQ,,,,,UTIAMC-SILVERBETA,208.71,210.30,208.05,208.42,208.61,208.68,,208.43,,,202123,42215075.39,3183,F1,1,,,,,
2026-08-03,2026-08-03,CM,NSE,STK,9168,INF789F1AUU3,SNXT50BETA,EQ,,,,,UTIAMC-SNXT50BETA,93.51,96.95,93.51,95.84,95.51,95.25,,95.84,,,4438,426480.29,153,F1,1,,,,,
2026-08-03,2026-08-03,CM,NSE,STK,14535,INF789F1AUX7,GOLDBETA,EQ,,,,,UTIAMC-UTIGOLDBETA,119.45,119.55,119.05,119.30,119.35,119.20,,119.30,,,543434,64836967.15,3507,F1,1,,,,,
2026-08-03,2026-08-03,CM,NSE,STK,751580,INE1V1R01014,UTKAL,SM,,,,,UTKAL SPEC INDUS INDIA L,38.05,38.05,38.05,38.05,38.05,40.05,,38.05,,,52000,1978600.00,19,F1,2000,,,,,
2026-08-03,2026-08-03,CM,NSE,STK,17358,INE735W01017,UTKARSHBNK,EQ,,,,,UTKARSH SMALL FIN BANK L,15.00,15.14,14.30,14.56,14.57,14.62,,14.56,,,14520349,212498663.08,29183,F1,1,,,,,
2026-08-03,2026-08-03,CM,NSE,STK,24729,INE06IJ01010,UTSSAV,ST,,,,,UTSSAV CZ GOLD JEWELS LTD,529.00,530.00,510.00,516.15,516.00,518.00,,516.15,,,21600,11217660.00,33,F1,600,,,,,
2026-08-03,2026-08-03,CM,NSE,STK,13376,INE786F01031,UTTAMSUGAR,EQ,,,,,UTTAM SUGAR MILLS LTD.,223.40,243.00,223.00,240.45,238.20,222.33,,240.40,,,459755,109430291.74,10757,F1,1,,,,,
2026-08-03,2026-08-03,CM,NSE,STK,3188,INE0GXK01018,VMARCIND,SM,,,,,V MARC INDIA LIMITED,277.75,278.00,265.20,266.20,265.20,277.75,,266.20,,,223500,60192900.00,147,F1,1500,,,,,
2026-08-03,2026-08-03,CM,NSE,STK,23018,INE0QQM01017,VR,SM,,,,,V R INFRASPACE LIMITED,125.00,125.00,125.00,125.00,125.00,119.05,,125.00,,,400,50000.00,1,F1,400,,,,,
2026-08-03,2026-08-03,CM,NSE,STK,15362,INE951I01027,VGUARD,EQ,,,,,V-GUARD IND LTD.,315.00,318.60,311.80,314.70,314.00,314.50,,314.66,,,1522820,479623321.60,39587,F1,1,,,,,
2026-08-03,2026-08-03,CM,NSE,STK,24606,INE0QXL01015,VLINFRA,SM,,,,,V.L.INFRAPROJECTS LIMITED,27.25,28.55,27.25,28.55,28.55,28.75,,28.55,,,15000,418200.00,8,F1,1500,,,,,
2026-08-03,2026-08-03,CM,NSE,STK,14766,INE945H01021,V2RETAIL,EQ,,,,,V2 RETAIL LIMITED,218.50,223.36,216.00,218.64,216.00,219.33,,218.58,,,976692,214093577.35,16319,F1,1,,,,,
2026-08-03,2026-08-03,CM,NSE,STK,20188,INE956G01038,WABAG,EQ,,,,,VA TECH WABAG LTD,1987.30,2027.00,1971.00,2012.00,2022.00,1977.20,,2011.83,,,760477,1516776756.20,38957,F1,1,,,,,
2026-08-03,2026-08-03,CM,NSE,STK,24196,INE694D01016,VADILALIND,EQ,,,,,VADILAL INDUSTRIES LTD,7214.50,7478.50,7211.00,7356.50,7306.50,7214.50,,7355.63,,,24838,183102218.00,7167,F1,1,,,,,
2026-08-03,2026-08-03,CM,NSE,STK,20974,INE551Q01028,VSCL,ST,,,,,VADIVARHE SPCLTY CHEM LTD,28.00,28.00,28.00,28.00,28.00,29.00,,28.00,,,12000,336000.00,2,F1,3000,,,,,
2026-08-03,2026-08-03,CM,NSE,STK,11364,INE884A01027,VAIBHAVGBL,EQ,,,,,VAIBHAV GLOBAL LIMITED,267.00,272.90,264.00,265.70,264.00,266.36,,265.70,,,388078,104040156.15,7594,F1,1,,,,,
2026-08-03,2026-08-03,CM,NSE,STK,8262,INE0JR301013,MADHAVBAUG,ST,,,,,VAIDYA SANE AYUR LAB LTD,190.00,191.90,190.00,191.90,191.90,193.50,,191.90,,,800,152760.00,2,F1,400,,,,,
2026-08-03,2026-08-03,CM,NSE,STK,16589,INE972X01022,VAISHALI,EQ,,,,,VAISHALI PHARMA LIMITED,7.70,7.70,7.35,7.64,7.70,7.35,,7.64,,,114111,865609.10,173,F1,1,,,,,
2026-08-03,2026-08-03,CM,NSE,STK,13342,INE051B01021,VAKRANGEE,EQ,,,,,VAKRANGEE LIMITED,5.97,6.05,5.95,5.99,5.96,5.97,,5.98,,,706924,4246131.06,1552,F1,1,,,,,
2026-08-03,2026-08-03,CM,NSE,STK,19220,INE0JWS01017,VALIANTLAB,BE,,,,,VALIANT LABORATORIES LTD,60.74,62.30,59.50,61.74,62.00,60.74,,61.75,,,41581,2512624.27,164,F1,1,,,,,
2026-08-03,2026-08-03,CM,NSE,STK,334,INE565V01010,VALIANTORG,BE,,,,,VALIANT ORGANICS LIMITED,266.00,280.00,265.00,280.00,280.00,266.70,,281.35,,,33456,9256395.35,297,F1,1,,,,,
2026-08-03,2026-08-03,CM,NSE,STK,18128,INE879I01012,DBREALTY,BE,,,,,VALOR ESTATE LIMITED,113.30,114.95,112.15,113.03,114.00,112.80,,113.07,,,135275,15371419.31,768,F1,1,,,,,
2026-08-03,2026-08-03,CM,NSE,STK,763304,INE1E7Y01018,VALUE360,SM,,,,,VALUE 360 COMMUNICATION L,74.00,80.70,74.00,74.05,74.00,74.00,,74.05,,,22800,1714020.00,19,F1,1200,,,,,
2026-08-03,2026-08-03,CM,NSE,STK,13403,INE116G01013,VARDHACRLC,BE,,,,,VARDHAMAN ACRYLICS LTD,45.30,45.93,44.91,45.11,45.00,44.91,,45.11,,,37804,1717797.94,228,F1,1,,,,,
2026-08-03,2026-08-03,CM,NSE,STK,11892,INE701A01023,VHL,EQ,,,,,VARDHMAN HOLDINGS LIMITED,3398.00,3550.30,3398.00,3425.20,3412.00,3398.00,,3425.27,,,1443,5025176.80,267,F1,1,,,,,
2026-08-03,2026-08-03,CM,NSE,STK,3646,INE835A01029,VARDMNPOLY,EQ,,,,,VARDHMAN POLYTEX LTD.,6.09,6.16,6.06,6.12,6.06,5.97,,6.12,,,169091,1035819.27,297,F1,1,,,,,
2026-08-03,2026-08-03,CM,NSE,STK,27067,INE050M01012,VSSL,EQ,,,,,VARDHMAN SPC STEEL LTD,312.20,312.20,303.00,304.00,306.00,304.75,,304.02,,,76665,23508105.70,2256,F1,1,,,,,
2026-08-03,2026-08-03,CM,NSE,STK,2073,INE825A01020,VTL,EQ,,,,,VARDHMAN TEXTILES LIMITED,585.80,592.00,576.00,588.35,585.00,585.80,,588.27,,,480679,280150989.30,19708,F1,1,,,,,
2026-08-03,2026-08-03,CM,NSE,STK,3857,INE665L01035,VARROC,EQ,,,,,VARROC ENGINEERING LTD.,687.65,706.95,681.25,686.90,681.50,679.20,,686.81,,,365591,253805441.45,19886,F1,1,,,,,
2026-08-03,2026-08-03,CM,NSE,STK,18921,INE200M01039,VBL,EQ,,,,,VARUN BEVERAGES LIMITED,444.00,450.00,442.60,445.00,445.00,442.30,,444.97,,,6028529,2691637877.65,56721,F1,1,,,,,
2026-08-03,2026-08-03,CM,NSE,STK,13771,INE273D01027,VGL,EQ,,,,,VARVEE GLOBAL LIMITED,62.20,62.90,60.60,61.70,61.60,62.20,,61.71,,,16310,1011714.85,591,F1,1,,,,,
2026-08-03,2026-08-03,CM,NSE,STK,16454,INE0N5801013,DENTALKART,SM,,,,,VASA DENTICITY LIMITED,393.75,393.75,388.20,390.55,391.50,393.75,,390.55,,,10000,3910437.50,30,F1,250,,,,,
2026-08-03,2026-08-03,CM,NSE,STK,18114,INE893I01013,VASCONEQ,BE,,,,,VASCON ENGINEERS LTD,32.11,33.54,31.85,33.26,33.39,31.95,,33.26,,,355374,11694417.11,867,F1,1,,,,,
2026-08-03,2026-08-03,CM,NSE,STK,25340,INE590L01019,VASWANI,EQ,,,,,VASWANI IND LTD,52.01,52.98,51.62,51.81,51.62,51.58,,51.88,,,14751,769441.19,182,F1,1,,,,,
2026-08-03,2026-08-03,CM,NSE,STK,9020,INE098201036,VCL,EQ,,,,,VAXTEX COTFAB LIMITED,1.11,1.12,1.09,1.12,1.12,1.07,,1.12,,,66491,74322.70,72,F1,1,,,,,
2026-08-03,2026-08-03,CM,NSE,STK,757413,INE04HY07294,1025VCCL28,N0,,,,,VCCL 10.25% 2028,95300.00,95300.00,95300.00,95300.00,95300.00,95000.00,,95300.00,,,2,190600.00,2,F1,1,,,,,
2026-08-03,2026-08-03,CM,NSE,STK,761599,INE04HY07393,115VCCL31,N0,,,,,VCCL 11.5% 2031,99000.00,99000.00,99000.00,99000.00,99000.00,98000.00,,99000.00,,,2,198000.00,2,F1,1,,,,,
2026-08-03,2026-08-03,CM,NSE,STK,758342,INE04HY07245,118VCCL27,N0,,,,,VCCL 11.8% 2027 SR B,98734.93,98734.93,98734.93,98734.93,98734.93,98400.96,,98734.93,,,1,98734.93,1,F1,1,,,,,
2026-08-03,2026-08-03,CM,NSE,STK,756916,INE04HY07229,12VCCL29B,N0,,,,,VCCL 12% 2029,95609.00,95609.00,95609.00,95609.00,95609.00,99000.00,,95609.00,,,8,764872.00,1,F1,1,,,,,
2026-08-03,2026-08-03,CM,NSE,STK,760558,INE04HY08011,125VCCL31,N0,,,,,VCCL 12.5% 2031,97001.00,97001.00,97000.00,97000.00,97000.00,97000.00,,97000.00,,,9,873001.00,7,F1,1,,,,,
2026-08-03,2026-08-03,CM,NSE,STK,25054,INE0U2M01015,VDEAL,SM,,,,,VDEAL SYSTEM LIMITED,167.00,167.00,165.80,165.80,165.80,164.00,,165.80,,,1200,199680.00,2,F1,600,,,,,
2026-08-03,2026-08-03,CM,NSE,STK,8167,INE825V01034,MANYAVAR,EQ,,,,,VEDANT FASHIONS LIMITED,414.60,422.75,412.75,418.75,415.90,414.65,,418.55,,,271527,113532772.00,9915,F1,1,,,,,
2026-08-03,2026-08-03,CM,NSE,STK,750174,INE1CDF01017,VAML,EQ,,,,,VEDANTA ALUMINIUM METAL L,457.00,461.90,451.10,459.95,460.15,454.20,,459.95,,,8502145,3895734361.00,101247,F1,1,,,,,
2026-08-03,2026-08-03,CM,NSE,STK,750290,INE1CLE01013,VISL,EQ,,,,,VEDANTA IRON AND STEEL L,32.80,33.89,31.88,33.89,33.89,32.28,,33.89,,,46832885,1542218432.62,54002,F1,1,,,,,
2026-08-03,2026-08-03,CM,NSE,STK,3063,INE205A01025,VEDL,EQ,,,,,VEDANTA LIMITED,267.90,268.80,264.50,267.25,267.25,264.25,,267.21,,,6725800,1792474157.40,68130,F1,1,,,,,
2026-08-03,2026-08-03,CM,NSE,STK,750368,INE704J01044,VOGL,EQ,,,,,VEDANTA OIL AND GAS LTD,35.90,35.96,35.10,35.24,35.20,35.54,,35.24,,,25163239,893260071.62,47806,F1,1,,,,,
2026-08-03,2026-08-03,CM,NSE,STK,750518,INE694L01019,VEDPOWER,EQ,,,,,VEDANTA POWER LIMITED,34.90,35.64,34.45,35.20,35.23,34.52,,35.20,,,18829447,660376428.35,45201,F1,1,,,,,
2026-08-03,2026-08-03,CM,NSE,STK,14019,INE484C01030,VEEDOL,EQ,,,,,VEEDOL CORPORATION LTD,1406.90,1420.90,1403.00,1412.20,1414.00,1399.50,,1412.24,,,9104,12848619.70,1051,F1,1,,,,,
2026-08-03,2026-08-03,CM,NSE,STK,10710,INE0KTW01013,VEEKAYEM,SM,,,,,VEEKAYEM FASH & APP LTD,126.00,126.00,119.70,126.00,126.00,126.00,,126.00,,,6500,812700.00,5,F1,500,,,,,
2026-08-03,2026-08-03,CM,NSE,STK,762969,INE232E01013,VELJAN,BE,,,,,VELJAN DENISON LTD.,1794.00,1794.00,1669.50,1694.30,1698.90,1757.30,,1694.33,,,2623,4426972.00,174,F1,1,,,,,
2026-08-03,2026-08-03,CM,NSE,STK,3757,INE398A01010,VENKEYS,EQ,,,,,VENKY S (INDIA) LIMITED,1508.60,1578.00,1508.60,1565.00,1562.00,1499.40,,1564.82,,,81484,126058725.30,5777,F1,1,,,,,
2026-08-03,2026-08-03,CM,NSE,STK,28847,INE781S01027,VENTIVE,EQ,,,,,VENTIVE HOSPITALITY LTD,634.00,634.00,616.00,622.25,621.10,624.60,,622.26,,,18953,11825515.10,1456,F1,1,,,,,
2026-08-03,2026-08-03,CM,NSE,STK,9592,INE0JA001018,VENUSPIPES,EQ,,,,,VENUS PIPES & TUBES LTD,1700.00,1700.00,1540.10,1564.30,1564.90,1666.10,,1564.24,,,321514,506370483.00,25197,F1,1,,,,,
2026-08-03,2026-08-03,CM,NSE,STK,13856,INE411B01019,VENUSREM,BE,,,,,VENUS REMEDIES LIMITED,1567.10,1600.00,1520.00,1584.10,1580.00,1581.60,,1585.42,,,21239,33459075.40,1392,F1,1,,,,,
2026-08-03,2026-08-03,CM,NSE,STK,8890,INE0IQ001011,VERANDA,EQ,,,,,VERANDA LEARNING SOL LTD,261.00,265.50,248.00,254.45,253.25,259.09,,254.42,,,1362459,346388990.75,21665,F1,1,,,,,
2026-08-03,2026-08-03,CM,NSE,STK,10757,INE0KXY23015,VERTIS,IV,,,,,VERTIS INFRASTRUCTURE TST,112.00,112.00,112.00,112.00,112.00,106.50,,112.00,,,25000,2800000.00,1,F1,25000,,,,,
2026-08-03,2026-08-03,CM,NSE,STK,18865,INE188Y01031,VERTOZ,BE,,,,,VERTOZ LIMITED,35.87,36.40,35.30,35.61,35.80,35.54,,35.61,,,57895,2074329.35,260,F1,1,,,,,
2026-08-03,2026-08-03,CM,NSE,STK,3676,INE386A01023,VESUVIUS,EQ,,,,,VESUVIUS INDIA LTD,444.30,459.00,444.30,451.40,446.80,443.75,,451.03,,,62578,28390880.80,3812,F1,1,,,,,
2026-08-03,2026-08-03,CM,NSE,STK,8660,INE918N01018,VETO,BE,,,,,VETO SWITCHGEAR CABLE LTD,121.38,124.00,120.60,123.17,123.80,121.38,,123.17,,,7499,919406.72,126,F1,1,,,,,
2026-08-03,2026-08-03,CM,NSE,STK,22730,INE0QTF01015,VSTL,EQ,,,,,VIBHOR STEEL TUBES LTD,110.90,112.33,109.00,109.81,110.00,110.87,,109.84,,,13699,1507788.24,287,F1,1,,,,,
2026-08-03,2026-08-03,CM,NSE,STK,23386,INE048C01025,VHLTD,BE,,,,,VICEROY HOTELS LIMITED,136.00,136.00,128.55,133.00,133.00,134.13,,131.32,,,5283,694410.27,77,F1,1,,,,,
2026-08-03,2026-08-03,CM,NSE,STK,760694,INE0F8901022,VICTORYEV,ST,,,,,VICTORY ELEC VEHICL INT L,16.05,16.70,15.80,16.40,16.40,16.05,,16.40,,,18000,291900.00,6,F1,3000,,,,,
2026-08-03,2026-08-03,CM,NSE,STK,13536,INE632C01026,VIDHIING,EQ,,,,,VIDHI SPCLTY F INGRDNTS L,335.00,349.90,330.55,340.90,343.80,329.10,,340.87,,,97996,33373468.35,4898,F1,1,,,,,
2026-08-03,2026-08-03,CM,NSE,STK,760224,INE14UN01029,VIDYAWIRES,EQ,,,,,VIDYA WIRES LIMITED,92.40,93.50,92.06,93.23,93.45,91.64,,93.22,,,524651,48740819.09,4059,F1,1,,,,,
2026-08-03,2026-08-03,CM,NSE,STK,758908,INE1DM601016,VIGOR,ST,,,,,VIGOR PLAST INDIA LIMITED,90.00,96.25,87.20,93.05,93.00,91.70,,93.05,,,52800,4778240.00,29,F1,1600,,,,,
2026-08-03,2026-08-03,CM,NSE,STK,5585,INE043W01024,VIJAYA,EQ,,,,,VIJAYA DIAGNOSTIC CEN LTD,1342.00,1369.70,1334.60,1354.00,1340.00,1344.40,,1353.41,,,110427,149709614.10,12077,F1,1,,,,,
2026-08-03,2026-08-03,CM,NSE,STK,17695,INE159N01027,VIJIFIN,BE,,,,,VIJI FINANCE LIMITED,10.41,10.41,10.41,10.41,10.41,10.21,,10.48,,,75577,786756.57,54,F1,1,,,,,
2026-08-03,2026-08-03,CM,NSE,STK,25756,INE806A01020,VIKASECO,EQ,,,,,VIKAS ECOTECH LIMITED,1.09,1.14,1.09,1.11,1.11,1.09,,1.11,,,2204741,2462699.23,1186,F1,1,,,,,
2026-08-03,2026-08-03,CM,NSE,STK,9931,INE161L01027,VIKASLIFE,EQ,,,,,VIKAS LIFECARE LIMITED,1.28,1.31,1.28,1.28,1.29,1.28,,1.28,,,2566730,3314696.67,7760,F1,1,,,,,
2026-08-03,2026-08-03,CM,NSE,STK,759453,INE078V01014,VIKRAMSOLR,EQ,,,,,VIKRAM SOLAR LIMITED,180.00,181.80,177.30,177.80,178.20,177.65,,177.80,,,1360118,244215537.88,15345,F1,1,,,,,
2026-08-03,2026-08-03,CM,NSE,STK,758973,INE01R501028,VIKRAN,EQ,,,,,VIKRAN ENGINEERING LTD,72.70,73.84,72.10,72.54,72.50,72.19,,72.53,,,1164030,85004412.60,5361,F1,1,,,,,
2026-08-03,2026-08-03,CM,NSE,STK,23909,INE0AZY01017,VILAS,SM,,,,,VILAS TRANSCORE LIMITED,348.95,363.95,348.95,358.35,358.00,348.95,,358.35,,,8250,2937875.00,29,F1,250,,,,,
2026-08-03,2026-08-03,CM,NSE,STK,16954,INE0L4V01013,VILINBIO,SM,,,,,VILIN BIO MED LIMITED,40.00,41.60,40.00,41.60,41.60,40.00,,41.60,,,8000,326400.00,2,F1,4000,,,,,
2026-08-03,2026-08-03,CM,NSE,STK,13101,INE579C01029,VIMTALABS,EQ,,,,,VIMTA LABS LIMITED,605.05,625.00,605.05,620.15,619.00,608.85,,620.09,,,200457,123506201.55,8068,F1,1,,,,,
2026-08-03,2026-08-03,CM,NSE,STK,17364,INE410B01037,VINATIORGA,EQ,,,,,VINATI ORGANICS LTD,1304.90,1340.00,1304.90,1323.10,1318.00,1304.60,,1322.83,,,46628,61792850.50,5102,F1,1,,,,,
2026-08-03,2026-08-03,CM,NSE,STK,3694,INE707A01012,VINDHYATEL,EQ,,,,,VINDHYA TELELINKS LTD,2185.90,2383.00,2073.60,2383.00,2383.00,1985.90,,2383.00,,,605417,1368915020.30,48758,F1,1,,,,,
2026-08-03,2026-08-03,CM,NSE,STK,3809,INE505Y01010,VINEETLAB,BE,,,,,VINEET LABORATORIES LTD,40.00,40.00,38.16,38.35,38.30,39.63,,38.31,,,57576,2237903.82,96,F1,1,,,,,
2026-08-03,2026-08-03,CM,NSE,STK,763821,INE27V201011,VMOBILE,SM,,,,,VINIT MOBILE LIMITED,84.00,84.00,77.25,78.20,77.25,81.30,,78.20,,,70400,5591040.00,67,F1,800,,,,,
2026-08-03,2026-08-03,CM,NSE,STK,12490,INE01KI01027,VINNY,EQ,,,,,VINNY OVERSEAS LIMITED,1.05,1.07,1.05,1.05,1.06,1.05,,1.05,,,192610,203223.34,154,F1,1,,,,,
2026-08-03,2026-08-03,CM,NSE,STK,17905,INE0OSJ01014,VINSYS,ST,,,,,VINSYS IT SERVICES IND LT,555.00,568.00,550.00,550.00,550.00,549.80,,550.00,,,6500,3593000.00,11,F1,250,,,,,
2026-08-03,2026-08-03,CM,NSE,STK,25835,INE498Q01014,VINCOFE,EQ,,,,,VINTAGE COFFEE N BVRGS L,151.89,156.00,151.05,152.39,152.00,149.48,,152.38,,,2097019,322803730.31,16602,F1,1,,,,,
2026-08-03,2026-08-03,CM,NSE,STK,19206,INE0OLS01010,VINYAS,SM,,,,,VINYAS INNOVATIVE TECH L,1252.75,1260.50,1236.00,1245.60,1247.95,1252.75,,1245.60,,,8100,10109725.00,52,F1,100,,,,,
2026-08-03,2026-08-03,CM,NSE,STK,16821,INE250B01029,VINYLINDIA,EQ,,,,,VINYL CHEMICALS (I) LTD.,241.80,247.00,241.80,246.25,245.47,241.80,,246.15,,,12773,3132280.09,349,F1,1,,,,,
2026-08-03,2026-08-03,CM,NSE,STK,14847,INE450G01024,VIPCLOTHNG,BE,,,,,VIP CLOTHING LIMITED,21.45,21.94,21.35,21.50,21.60,21.33,,21.50,,,35072,758864.02,104,F1,1,,,,,
2026-08-03,2026-08-03,CM,NSE,STK,3703,INE054A01027,VIPIND,EQ,,,,,VIP INDUSTRIES LTD,301.95,315.30,299.10,310.40,309.10,298.95,,310.42,,,431915,133388706.05,9612,F1,1,,,,,
2026-08-03,2026-08-03,CM,NSE,STK,8437,INE946H01037,VIPULLTD,BE,,,,,VIPUL LIMITED,11.81,11.81,11.45,11.45,11.45,12.05,,11.42,,,188669,2171786.70,412,F1,1,,,,,
2026-08-03,2026-08-03,CM,NSE,STK,15295,INE539B01017,VIRINCHI,EQ,,,,,VIRINCHI LIMITED,15.64,15.64,15.12,15.32,15.32,15.20,,15.32,,,69383,1061304.41,402,F1,1,,,,,
2026-08-03,2026-08-03,CM,NSE,STK,757060,INE0VRH01015,VGINFOTECH,SM,,,,,VIRTUAL GALAXY INFOTECH L,145.25,154.60,145.25,153.00,153.00,149.50,,153.00,,,16000,2430250.00,16,F1,1000,,,,,
2026-08-03,2026-08-03,CM,NSE,STK,761916,INE0I0T01010,VOEPL,EQ,,,,,VIRTUOSO OPTOELECTRONIC L,488.40,505.00,472.05,498.45,494.15,478.60,,498.78,,,90890,44701315.40,3293,F1,1,,,,,
2026-08-03,2026-08-03,CM,NSE,STK,13298,INE286H01012,VISACHROME,BE,,,,,VISA CHROME LIMITED,38.85,38.85,37.85,37.85,37.85,37.75,,38.49,,,16378,622048.75,38,F1,1,,,,,
2026-08-03,2026-08-03,CM,NSE,STK,29877,INE370E01029,VIVIDHA,EQ,,,,,VISAGAR POLYTEX LTD,0.55,0.55,0.51,0.52,0.52,0.52,,0.52,,,449682,239735.94,221,F1,1,,,,,
2026-08-03,2026-08-03,CM,NSE,STK,4221,INE392A01021,VISAKAIND,EQ,,,,,VISAKA INDUSTRIES LIMITED,86.75,88.66,86.00,86.99,86.50,85.34,,86.93,,,535341,46878972.80,4165,F1,1,,,,,
2026-08-03,2026-08-03,CM,NSE,STK,27969,INE01EA01019,VMM,EQ,,,,,VISHAL MEGA MART LIMITED,107.65,111.39,107.11,111.20,111.20,107.10,,111.20,,,12521867,1381341997.70,45565,F1,1,,,,,
2026-08-03,2026-08-03,CM,NSE,STK,6908,INE270I01022,VISHNU,EQ,,,,,VISHNU CHEMICALS LIMITED,602.50,622.10,593.00,599.70,599.15,613.25,,599.81,,,280125,169309461.20,11539,F1,1,,,,,
2026-08-03,2026-08-03,CM,NSE,STK,18343,INE0AE001013,VPRPL,BE,,,,,VISHNU PRAKASH R PUNGLI L,27.03,28.20,27.00,28.05,28.00,27.03,,28.06,,,179634,4978947.11,867,F1,1,,,,,
2026-08-03,2026-08-03,CM,NSE,STK,19300,INE0PQ001012,VISHNUINFR,SM,,,,,VISHNUSURYA PROJ N INFR L,159.20,160.00,157.50,159.85,159.85,158.45,,159.85,,,6500,1030825.00,12,F1,500,,,,,
2026-08-03,2026-08-03,CM,NSE,STK,13702,INE430N01022,VISHWARAJ,EQ,,,,,VISHWARAJ SUGAR IND LTD,5.17,5.38,5.12,5.24,5.32,5.12,,5.24,,,416008,2173923.79,653,F1,1,,,,,
2026-08-03,2026-08-03,CM,NSE,STK,23373,INE0S2E01016,VISHWAS,ST,,,,,VISHWAS AGRI SEEDS LTD,46.20,46.20,42.25,42.25,42.25,44.00,,42.25,,,22400,1028560.00,2,F1,1600,,,,,
2026-08-03,2026-08-03,CM,NSE,STK,25231,INE0TR001017,VIESL,SM,,,,,VISION INFRA EQUIP SOL L,316.15,327.00,314.50,325.40,325.00,316.15,,325.40,,,38400,12423320.00,48,F1,800,,,,,
2026-08-03,2026-08-03,CM,NSE,STK,761150,INE0L4K01016,VITAL,BE,,,,,VITAL CHEMTECH LIMITED,48.42,48.42,47.48,48.42,48.42,47.48,,48.42,,,110,5232.20,3,F1,1,,,,,
2026-08-03,2026-08-03,CM,NSE,STK,763637,INE0MEG01014,VIVIANA,BE,,,,,VIVIANA POWER TECH LTD,722.10,734.90,701.10,717.90,715.00,718.55,,717.90,,,15056,10830971.45,340,F1,1,,,,,
2026-08-03,2026-08-03,CM,NSE,STK,761771,INE24H301028,VIVIDEL,ST,,,,,VIVID ELECTROMECH LIMITED,1215.00,1275.00,1204.00,1231.80,1235.20,1218.25,,1231.80,,,19920,24596940.00,61,F1,240,,,,,
2026-08-03,2026-08-03,CM,NSE,STK,11968,INE526G01021,VIVIMEDLAB,BE,,,,,VIVIMED LABS LIMITED,5.18,5.33,4.97,4.98,4.97,5.08,,5.00,,,248176,1269194.47,217,F1,1,,,,,
2026-08-03,2026-08-03,CM,NSE,STK,7610,INE0IA701014,VIVO,SM,,,,,VIVO COLLAB SOLUTIONS LTD,93.95,93.95,93.95,93.95,93.95,89.50,,93.95,,,4800,450960.00,3,F1,1600,,,,,
2026-08-03,2026-08-03,CM,NSE,STK,14296,INE807F01027,VIYASH,EQ,,,,,VIYASH SCIENTIFIC LIMITED,256.05,266.15,252.80,263.70,263.05,252.00,,263.71,,,2970032,777114764.50,34630,F1,1,,,,,
2026-08-03,2026-08-03,CM,NSE,STK,18021,INE03HW01020,VLEGOV,BE,,,,,VL E GOV AND IT SOL LTD,10.40,10.40,10.35,10.35,10.35,10.40,,10.32,,,31765,329172.70,146,F1,1,,,,,
2026-08-03,2026-08-03,CM,NSE,STK,3715,INE709A01018,VLSFINANCE,EQ,,,,,VLS FINANCE LTD,255.05,256.80,253.60,254.65,254.50,254.60,,254.70,,,15584,3980530.50,304,F1,1,,,,,
2026-08-03,2026-08-03,CM,NSE,STK,29284,INE665J01013,VMART,EQ,,,,,VMART RETAIL LTD,782.90,786.00,765.80,777.95,783.95,779.10,,777.94,,,104165,80873882.50,7526,F1,1,,,,,
2026-08-03,2026-08-03,CM,NSE,STK,759153,INE0SJA01013,VMSTMT,BE,,,,,VMS TMT LIMITED,45.00,45.32,43.95,44.38,44.25,44.66,,44.38,,,28351,1255914.23,202,F1,1,,,,,
2026-08-03,2026-08-03,CM,NSE,STK,14366,INE669E01016,IDEA,EQ,,,,,VODAFONE IDEA LIMITED,13.01,13.11,12.82,12.86,12.86,13.01,,12.86,,,235409728,3055463550.66,247868,F1,1,,,,,
2026-08-03,2026-08-03,CM,NSE,STK,29658,INE241X01014,VOLERCAR,SM,,,,,VOLER CAR LIMITED,217.05,228.00,217.05,224.00,224.00,216.05,,224.00,,,4800,1062160.00,6,F1,800,,,,,
2026-08-03,2026-08-03,CM,NSE,STK,13577,INE540H01012,VOLTAMP,EQ,,,,,VOLTAMP TRANSFORMERS LTD,10215.00,10425.00,9886.00,10021.00,9960.00,9923.00,,10020.51,,,132224,1348820594.00,31827,F1,1,,,,,
2026-08-03,2026-08-03,CM,NSE,STK,3718,INE226A01021,VOLTAS,EQ,,,,,VOLTAS LTD,1328.90,1343.60,1315.00,1324.80,1324.80,1328.90,,1324.79,,,259054,344830533.30,16495,F1,1,,,,,
2026-08-03,2026-08-03,CM,NSE,STK,24321,INE0S2V01010,VRAJ,EQ,,,,,VRAJ IRON AND STEEL LTD,122.25,125.25,122.25,122.94,123.00,122.55,,122.93,,,29729,3662580.62,713,F1,1,,,,,
2026-08-03,2026-08-03,CM,NSE,STK,8696,INE366I01010,VRLLOG,EQ,,,,,VRL LOGISTICS LIMITED,265.65,273.30,260.75,272.10,270.10,265.65,,272.09,,,842000,225579566.40,12441,F1,1,,,,,
2026-08-03,2026-08-03,CM,NSE,STK,3724,INE710A01016,VSTIND,EQ,,,,,VST INDUSTRIES LTD,221.50,223.56,217.00,219.29,218.75,221.50,,219.28,,,522416,114875833.57,9646,F1,1,,,,,
2026-08-03,2026-08-03,CM,NSE,STK,24292,INE764D01017,VSTTILLERS,EQ,,,,,VST TILLERS TRACTORS LTD,4464.00,4522.00,4442.40,4472.80,4489.90,4455.90,,4471.28,,,9030,40479647.80,2239,F1,1,,,,,
2026-08-03,2026-08-03,CM,NSE,STK,762978,INE765D01022,WPIL,EQ,,,,,W P I L LTD.,467.00,467.00,452.35,455.95,459.90,464.30,,455.79,,,23460,10787407.10,2187,F1,1,,,,,
2026-08-03,2026-08-03,CM,NSE,STK,14828,INE100D01014,WSI,EQ,,,,,W.S.INDUSTRIES (I) LTD.,60.69,61.34,60.21,60.51,60.21,60.90,,60.62,,,23812,1446289.09,264,F1,1,,,,,
2026-08-03,2026-08-03,CM,NSE,STK,25907,INE377N01017,WAAREEENER,EQ,,,,,WAAREE ENERGIES LIMITED,2705.00,2719.00,2670.20,2676.00,2676.00,2680.20,,2676.13,,,671684,1807426501.60,37056,F1,1,,,,,
2026-08-03,2026-08-03,CM,NSE,STK,756038,INE299N01021,WAAREERTL,EQ,,,,,WAAREE RENEWABLE TECH LTD,913.20,925.00,913.20,919.65,920.00,913.20,,919.63,,,105874,97402264.40,5853,F1,1,,,,,
2026-08-03,2026-08-03,CM,NSE,STK,760259,INE0E7301029,WAKEFIT,EQ,,,,,WAKEFIT INNOVATIONS LTD,126.20,132.00,125.00,130.05,127.90,125.14,,130.02,,,1247319,161061355.48,9580,F1,1,,,,,
2026-08-03,2026-08-03,CM,NSE,STK,3736,INE711A01022,WALCHANNAG,EQ,,,,,WALCHANDNAGAR INDUSTRIES,234.58,239.50,227.41,229.33,229.20,232.00,,229.31,,,564388,132086809.05,8047,F1,1,,,,,
2026-08-03,2026-08-03,CM,NSE,STK,14063,INE107F01022,WANBURY,EQ,,,,,WANBURY LIMITED,294.00,300.95,283.00,286.20,284.30,293.55,,286.27,,,225207,65787602.80,6402,F1,1,,,,,
2026-08-03,2026-08-03,CM,NSE,STK,762163,INE0LZF01013,CORDELIA,EQ,,,,,WATERWAYS LEISURE TOUR L,830.00,831.90,801.10,806.75,805.00,820.80,,807.31,,,128243,104272168.55,6490,F1,1,,,,,
2026-08-03,2026-08-03,CM,NSE,STK,759215,INE0A3007065,1075WCA28,N0,,,,,WCAPL 10.75% 2028,9753.00,9893.00,9753.00,9801.00,9801.00,9753.00,,9801.00,,,28,275620.10,6,F1,1,,,,,
2026-08-03,2026-08-03,CM,NSE,STK,758995,INE0A3007057,1075WCAP28,N0,,,,,WCAPL 10.75% 2028,99900.00,99900.00,99900.00,99900.00,99900.00,99000.00,,99900.00,,,1,99900.00,1,F1,1,,,,,
2026-08-03,2026-08-03,CM,NSE,STK,9865,INE082W01014,WEWIN,BE,,,,,WE WIN LIMITED,46.00,46.00,45.50,45.59,45.50,44.90,,45.59,,,205,9386.21,9,F1,1,,,,,
2026-08-03,2026-08-03,CM,NSE,STK,760482,INF2F0001370,TWCGOLDETF,EQ,,,,,WEALTH - TWCGOLDETF,141.35,141.83,140.51,141.58,141.03,141.35,,141.58,,,984,139234.85,111,F1,1,,,,,
2026-08-03,2026-08-03,CM,NSE,STK,1923,INE658T01017,WEALTH,EQ,,,,,WEALTH FRST PORT. MG. LTD,929.95,945.60,929.95,939.25,935.00,929.95,,939.25,,,1110,1041744.00,138,F1,1,,,,,
2026-08-03,2026-08-03,CM,NSE,STK,14602,INE855C01023,WEBELSOLAR,EQ,,,,,WEBSOL ENERGY SYSTEM LTD,98.07,98.70,97.36,97.58,98.25,96.69,,97.58,,,1309761,128482513.54,7055,F1,1,,,,,
2026-08-03,2026-08-03,CM,NSE,STK,3748,INE080A01014,WEIZMANIND,EQ,,,,,WEIZMANN LTD,77.50,78.98,77.12,77.91,78.66,77.48,,77.91,,,3079,238875.11,53,F1,1,,,,,
2026-08-03,2026-08-03,CM,NSE,STK,11821,INE191B01025,WELCORP,EQ,,,,,WELSPUN CORP LIMITED,1672.00,1721.90,1659.20,1715.30,1680.00,1650.60,,1714.90,,,698272,1186943059.30,30970,F1,1,,,,,
2026-08-03,2026-08-03,CM,NSE,STK,11626,INE625G01013,WELENT,EQ,,,,,WELSPUN ENTERPRISES LTD.,599.90,609.70,590.00,606.75,602.35,592.30,,606.64,,,125389,75274295.80,4922,F1,1,,,,,
2026-08-03,2026-08-03,CM,NSE,STK,19804,INE389K01018,WELINV,BE,,,,,WELSPUN INV & COMM LTD,1879.90,1879.90,1869.90,1869.90,1869.90,1879.90,,1869.90,,,14,26188.60,3,F1,1,,,,,
2026-08-03,2026-08-03,CM,NSE,STK,11253,INE192B01031,WELSPUNLIV,EQ,,,,,WELSPUN LIVING LIMITED,156.00,159.37,152.98,154.63,152.98,155.94,,154.61,,,1531380,239561656.23,19873,F1,1,,,,,
2026-08-03,2026-08-03,CM,NSE,STK,762971,INE731F01037,WELSPLSOL,EQ,,,,,WELSPUN SPECIALTY SOL L,51.07,51.89,49.70,50.73,50.50,51.07,,50.73,,,394589,19887231.57,1952,F1,1,,,,,
2026-08-03,2026-08-03,CM,NSE,STK,4235,INE274C01019,WENDT,EQ,,,,,WENDT (INDIA) LIMITED,8260.00,8314.50,8172.50,8206.00,8200.00,8207.50,,8206.37,,,4828,39718227.00,1087,F1,1,,,,,
2026-08-03,2026-08-03,CM,NSE,STK,3799,INE976A01021,WSTCSTPAPR,EQ,,,,,WEST COAST PAPER MILLS LT,570.00,579.90,563.10,569.00,565.00,569.50,,568.85,,,110065,62901925.40,7676,F1,1,,,,,
2026-08-03,2026-08-03,CM,NSE,STK,25403,INE0CJF01024,WCIL,EQ,,,,,WESTERN CARRIERS (IND) L,90.89,92.11,89.81,90.48,90.42,90.03,,90.48,,,49280,4487213.32,1192,F1,1,,,,,
2026-08-03,2026-08-03,CM,NSE,STK,11580,INE274F01020,WESTLIFE,EQ,,,,,WESTLIFE FOODWORLD LTD,510.00,534.65,505.05,531.20,531.00,507.10,,531.19,,,168396,88198012.95,9356,F1,1,,,,,
2026-08-03,2026-08-03,CM,NSE,STK,759434,INE085001019,WEWORK,EQ,,,,,WEWORK INDIA MANAGEMENT L,750.00,754.00,726.60,744.60,741.00,743.50,,744.61,,,163517,121416670.10,10651,F1,1,,,,,
2026-08-03,2026-08-03,CM,NSE,STK,3766,INE715A01015,WHEELS,EQ,,,,,WHEELS INDIA LTD,1410.10,1464.80,1410.10,1415.70,1419.90,1409.60,,1415.67,,,74118,106360616.30,6635,F1,1,,,,,
2026-08-03,2026-08-03,CM,NSE,STK,18011,INE716A01013,WHIRLPOOL,EQ,,,,,WHIRLPOOL OF INDIA LTD,807.00,829.50,806.25,824.45,820.10,802.90,,824.48,,,291357,239199486.00,14599,F1,1,,,,,
2026-08-03,2026-08-03,CM,NSE,STK,3772,INE210A01017,WILLAMAGOR,EQ,,,,,WILLIAMSON MAGOR,27.00,27.00,25.11,26.57,26.90,25.21,,26.57,,,2370,62795.33,29,F1,1,,,,,
2026-08-03,2026-08-03,CM,NSE,STK,5366,INE0H5O01029,WINDLAS,EQ,,,,,WINDLAS BIOTECH LIMITED,856.60,870.00,856.60,867.80,870.00,857.70,,867.83,,,11626,10063403.65,1181,F1,1,,,,,
2026-08-03,2026-08-03,CM,NSE,STK,24969,INE052A01021,WINDMACHIN,EQ,,,,,WINDSOR MACHINES LIMITED,288.00,289.90,275.00,281.05,279.00,283.10,,280.99,,,65736,18648127.40,2103,F1,1,,,,,
2026-08-03,2026-08-03,CM,NSE,STK,24173,INE0S9101013,WINNY,SM,,,,,WINNY IMMIGRA & EDU SER L,30.70,30.70,30.60,30.60,30.60,32.20,,30.60,,,1000,30650.00,2,F1,500,,,,,
2026-08-03,2026-08-03,CM,NSE,STK,23714,INE0S3D01016,WINSOL,SM,,,,,WINSOL ENGINEERS LIMITED,110.20,117.75,110.20,114.30,114.30,115.75,,114.30,,,8400,962760.00,21,F1,400,,,,,
2026-08-03,2026-08-03,CM,NSE,STK,3787,INE075A01022,WIPRO,EQ,,,,,WIPRO LTD,184.02,189.81,184.02,188.66,188.66,183.65,,188.63,,,15840516,2955709890.07,89377,F1,1,,,,,
2026-08-03,2026-08-03,CM,NSE,STK,22725,INE623Y01011,WTICAB,SM,,,,,WISE TRAVEL INDIA LIMITED,116.50,120.00,113.00,117.95,115.40,111.65,,117.95,,,15000,1755050.00,26,F1,500,,,,,
2026-08-03,2026-08-03,CM,NSE,STK,7506,INE049B01025,WOCKPHARMA,EQ,,,,,WOCKHARDT LIMITED,1967.00,2035.00,1941.00,2028.40,2022.00,1959.70,,2028.27,,,1182004,2362370148.90,58478,F1,1,,,,,
2026-08-03,2026-08-03,CM,NSE,STK,25605,INE0OO201011,WOL3D,ST,,,,,WOL 3D INDIA LIMITED,132.00,138.00,132.00,138.00,138.00,131.60,,138.00,,,12000,1623100.00,12,F1,1000,,,,,
2026-08-03,2026-08-03,CM,NSE,STK,19627,INE0Q9601016,WOMANCART,SM,,,,,WOMANCART LIMITED,105.00,105.00,95.15,104.25,104.25,102.70,,104.25,,,28000,2810620.00,61,F1,400,,,,,
2026-08-03,2026-08-03,CM,NSE,STK,7835,INE02WG01024,WEL,EQ,,,,,WONDER ELECTRICALS LTD,122.90,128.50,120.11,123.02,124.80,119.55,,123.02,,,791935,98891488.69,6533,F1,1,,,,,
2026-08-03,2026-08-03,CM,NSE,STK,3002,INE066O01014,WONDERLA,EQ,,,,,WONDERLA HOLIDAYS LTD.,480.00,488.90,480.00,485.20,485.00,477.70,,485.18,,,47508,23017143.50,2866,F1,1,,,,,
2026-08-03,2026-08-03,CM,NSE,STK,22277,INE196Y01018,WORTHPERI,EQ,,,,,WORTH PERIPHERALS LIMITED,148.00,148.00,145.01,145.93,145.50,145.77,,145.93,,,7412,1084368.32,82,F1,1,,,,,
2026-08-03,2026-08-03,CM,NSE,STK,11705,INE692G01013,XCHANGING,EQ,,,,,XCHANGING SOLUTIONS LTD,66.12,69.49,66.12,67.65,67.50,66.12,,67.65,,,320112,21790125.98,2540,F1,1,,,,,
2026-08-03,2026-08-03,CM,NSE,STK,8477,INE01P501012,XELPMOC,EQ,,,,,XELPMOC DESIGN & TECH LTD,82.00,84.80,79.11,83.40,83.59,81.25,,83.44,,,12434,1030317.37,280,F1,1,,,,,
2026-08-03,2026-08-03,CM,NSE,STK,11407,INE445C01015,XPROINDIA,EQ,,,,,XPRO INDIA LIMITED,1400.00,1401.40,1278.50,1302.80,1296.00,1500.40,,1303.04,,,349840,464090404.60,24438,F1,1,,,,,
2026-08-03,2026-08-03,CM,NSE,STK,25235,INE547B01028,XTGLOBAL,EQ,,,,,XTGLOBAL INFOTECH LIMITED,34.00,35.00,32.40,33.38,33.25,33.95,,33.38,,,115546,3900842.14,1914,F1,1,,,,,
2026-08-03,2026-08-03,CM,NSE,STK,764313,INE0NG701011,XTRANET,BE,,,,,XTRANET TECHNOLOGIES LTD,125.26,125.89,122.85,124.01,124.10,126.53,,123.87,,,295731,36858019.42,2664,F1,1,,,,,
2026-08-03,2026-08-03,CM,NSE,STK,760870,INE0U0J01015,YAAP,SM,,,,,YAAP DIGITAL LIMITED,151.20,152.90,150.05,152.90,152.90,150.05,,152.90,,,4000,605350.00,4,F1,1000,,,,,
2026-08-03,2026-08-03,CM,NSE,STK,23451,INE0TO601017,YASHOPTICS,SM,,,,,YASH OPTICS & LENS LTD,119.00,122.60,117.60,119.70,119.70,112.85,,119.70,,,20800,2496600.00,16,F1,800,,,,,
2026-08-03,2026-08-03,CM,NSE,STK,18131,INE616Z01012,YASHO,EQ,,,,,YASHO INDUSTRIES LIMITED,4120.00,4223.30,3701.10,3884.80,3925.00,3858.70,,3884.79,,,438114,1749925052.20,61781,F1,1,,,,,
2026-08-03,2026-08-03,CM,NSE,STK,17627,INE08S201019,YCCL,SM,,,,,YASONS CHEMEX CARE LTD,9.70,9.70,9.65,9.65,9.65,9.70,,9.65,,,6000,58050.00,2,F1,3000,,,,,
2026-08-03,2026-08-03,CM,NSE,STK,17738,INE0JO301016,YATHARTH,EQ,,,,,YATHARTH HOSP & TRA C S L,824.00,843.85,824.00,833.95,831.00,818.45,,833.96,,,199791,167223241.00,8487,F1,1,,,,,
2026-08-03,2026-08-03,CM,NSE,STK,18760,INE0JR601024,YATRA,EQ,,,,,YATRA ONLINE LIMITED,108.99,109.58,106.68,107.63,108.00,106.48,,107.62,,,494101,53422004.17,5978,F1,1,,,,,
2026-08-03,2026-08-03,CM,NSE,STK,11915,INE528G01035,YESBANK,EQ,,,,,YES BANK LIMITED,22.80,23.00,22.75,23.00,23.00,22.77,,23.00,,,35072952,802110673.51,58792,F1,1,,,,,
2026-08-03,2026-08-03,CM,NSE,STK,18040,INE09FA01019,YUDIZ,SM,,,,,YUDIZ SOLUTIONS LIMITED,26.40,26.60,26.40,26.60,26.60,25.35,,26.60,,,2400,63600.00,3,F1,800,,,,,
2026-08-03,2026-08-03,CM,NSE,STK,5501,INE384C01016,YUKEN,EQ,,,,,YUKEN INDIA LIMITED,724.00,736.35,710.30,718.60,719.80,718.90,,718.61,,,10575,7608470.35,373,F1,1,,,,,
2026-08-03,2026-08-03,CM,NSE,STK,4229,INE116C01012,ZFSTEERING,EQ,,,,,Z F STEERING GEAR (I) LTD,670.35,682.00,664.00,679.00,682.00,663.95,,677.47,,,2315,1565057.70,123,F1,1,,,,,
2026-08-03,2026-08-03,CM,NSE,STK,23976,INE0ISZ01012,ZTECH,SM,,,,,Z-TECH (INDIA) LIMITED,530.00,544.80,530.00,541.70,540.50,525.40,,541.70,,,6900,3721365.00,23,F1,300,,,,,
2026-08-03,2026-08-03,CM,NSE,STK,18608,INE07K301024,ZAGGLE,EQ,,,,,ZAGGLE PREPA OCEAN SER L,206.01,208.31,203.10,205.85,206.10,204.60,,205.86,,,537714,110657148.02,9375,F1,1,,,,,
2026-08-03,2026-08-03,CM,NSE,STK,17766,INE0PPS01018,ZEAL,SM,,,,,ZEAL GLOBAL SERVICES LTD,61.50,65.40,61.50,65.40,65.40,62.00,,65.40,,,3000,188310.00,5,F1,600,,,,,
2026-08-03,2026-08-03,CM,NSE,STK,3812,INE256A01028,ZEEL,EQ,,,,,ZEE ENTERTAINMENT ENT LTD,103.00,106.70,95.55,98.14,97.90,114.55,,98.14,,,107649848,10920888070.34,307206,F1,1,,,,,
2026-08-03,2026-08-03,CM,NSE,STK,20856,INE565L01011,ZEELEARN,BE,,,,,ZEE LEARN LIMITED,8.09,8.50,8.00,8.14,8.15,8.13,,8.14,,,570007,4683848.15,700,F1,1,,,,,
2026-08-03,2026-08-03,CM,NSE,STK,14003,INE966H01019,ZEEMEDIA,EQ,,,,,ZEE MEDIA CORPORATION LTD,7.75,7.75,7.05,7.19,7.20,7.50,,7.20,,,3278479,24105680.91,3683,F1,1,,,,,
2026-08-03,2026-08-03,CM,NSE,STK,7508,INE251B01027,ZENTEC,EQ,,,,,ZEN TECHNOLOGIES LIMITED,1635.00,1673.50,1624.00,1656.40,1656.00,1624.20,,1656.12,,,298507,494123712.30,18370,F1,1,,,,,
2026-08-03,2026-08-03,CM,NSE,STK,22803,INE0QWN01013,ZENITHDRUG,SM,,,,,ZENITH DRUGS LIMITED,46.15,47.80,46.10,47.60,47.60,47.80,,47.60,,,7200,341040.00,8,F1,800,,,,,
2026-08-03,2026-08-03,CM,NSE,STK,4176,INE058B01018,ZENITHEXPO,EQ,,,,,ZENITH EXPORTS LTD,198.89,200.90,198.89,198.89,198.89,200.90,,198.89,,,253,50777.56,32,F1,1,,,,,
2026-08-03,2026-08-03,CM,NSE,STK,14562,INE318D01020,ZENITHSTL,EQ,,,,,ZENITH STEEL PIP IND LTD,5.55,5.85,5.50,5.63,5.65,5.54,,5.63,,,70459,396181.34,205,F1,1,,,,,
2026-08-03,2026-08-03,CM,NSE,STK,1076,INE520A01027,ZENSARTECH,EQ,,,,,ZENSAR TECHNOLOGIES  LTD,510.15,521.00,500.60,518.00,513.60,507.95,,518.02,,,2261287,1158604303.95,34075,F1,1,,,,,
2026-08-03,2026-08-03,CM,NSE,STK,22901,INF0R8F01042,GOLDCASE,EQ,,,,,ZERODHAAMC - GOLDCASE,22.46,22.46,22.21,22.31,22.32,22.30,,22.31,,,10695538,238703600.08,20108,F1,1,,,,,
2026-08-03,2026-08-03,CM,NSE,STK,21750,INF0R8F01034,LIQUIDCASE,EQ,,,,,ZERODHAAMC - LIQUIDCASE,115.31,115.31,115.29,115.30,115.30,115.28,,115.30,,,21339134,2460425637.26,21325,F1,1,,,,,
2026-08-03,2026-08-03,CM,NSE,STK,758705,INF0R8F01133,LTGILTCASE,EQ,,,,,ZERODHAAMC - LTGILTCASE,30.10,31.11,30.10,30.44,30.45,30.50,,30.44,,,306248,9315564.18,513,F1,1,,,,,
2026-08-03,2026-08-03,CM,NSE,STK,24077,INF0R8F01059,MID150CASE,EQ,,,,,ZERODHAAMC - MID150CASE,11.80,11.80,11.60,11.73,11.75,11.62,,11.73,,,1524354,17889024.67,6607,F1,1,,,,,
2026-08-03,2026-08-03,CM,NSE,STK,759302,INF0R8F01166,NIFTYCASE,EQ,,,,,ZERODHAAMC - NIFTYCASE,9.60,9.89,9.60,9.85,9.86,9.78,,9.85,,,1008040,9923935.50,2073,F1,1,,,,,
2026-08-03,2026-08-03,CM,NSE,STK,30274,INF0R8F01091,SILVERCASE,EQ,,,,,ZERODHAAMC - SILVERCASE,22.32,22.40,21.83,21.86,21.87,21.88,,21.86,,,5815085,127471765.71,10322,F1,1,,,,,
2026-08-03,2026-08-03,CM,NSE,STK,758955,INF0R8F01141,SML100CASE,EQ,,,,,ZERODHAAMC - SML100CASE,11.00,11.40,11.00,11.15,11.14,11.00,,11.15,,,4311067,47981923.55,1797,F1,1,,,,,
2026-08-03,2026-08-03,CM,NSE,STK,24081,INF0R8F01067,TOP100CASE,EQ,,,,,ZERODHAAMC - TOP100CASE,10.83,10.83,10.68,10.79,10.75,10.68,,10.79,,,719530,7759574.84,1939,F1,1,,,,,
2026-08-03,2026-08-03,CM,NSE,STK,16915,INE342J01019,ZFCVINDIA,EQ,,,,,ZF COM VE CTR SYS IND LTD,2418.00,2468.50,2400.00,2447.80,2453.00,2417.90,,2446.59,,,105608,257589406.50,13742,F1,1,,,,,
2026-08-03,2026-08-03,CM,NSE,STK,12412,INE518E01015,ZIMLAB,BE,,,,,ZIM LABORATORIES LIMITED,116.99,118.00,110.00,111.23,110.75,112.99,,111.23,,,109300,12396269.39,322,F1,1,,,,,
2026-08-03,2026-08-03,CM,NSE,STK,3821,INE206B01013,ZODIACLOTH,EQ,,,,,ZODIAC CLOTHING CO. LTD.,76.61,78.49,75.20,76.65,76.45,76.39,,76.65,,,4203,322008.22,92,F1,1,,,,,
2026-08-03,2026-08-03,CM,NSE,STK,7129,INE761Y01019,ZODIAC,EQ,,,,,ZODIAC ENERGY LIMITED,270.05,271.00,253.25,256.30,256.25,251.65,,256.29,,,32586,8429021.50,1990,F1,1,,,,,
2026-08-03,2026-08-03,CM,NSE,STK,11394,INE358U01012,ZOTA,EQ,,,,,ZOTA HEALTH CARE LIMITED,1290.00,1297.20,1260.50,1265.70,1260.50,1279.30,,1265.70,,,42565,54197486.60,4197,F1,1,,,,,
2026-08-03,2026-08-03,CM,NSE,STK,29050,INE840M01016,ZUARI,EQ,,,,,ZUARI AGRO CHEMICALS LTD,234.55,240.98,232.96,233.27,233.00,234.54,,233.27,,,107463,25241413.61,3113,F1,1,,,,,
2026-08-03,2026-08-03,CM,NSE,STK,3827,INE217A01012,ZUARIIND,EQ,,,,,ZUARI INDUSTRIES LIMITED,263.00,264.85,258.65,259.35,260.00,258.80,,259.34,,,11327,2958521.65,391,F1,1,,,,,
2026-08-03,2026-08-03,CM,NSE,STK,7929,INE010B01027,ZYDUSLIFE,EQ,,,,,ZYDUS LIFESCIENCES LTD,1135.00,1135.90,1108.10,1121.00,1121.00,1126.80,,1120.99,,,1420266,1589405563.20,34923,F1,1,,,,,
2026-08-03,2026-08-03,CM,NSE,STK,17635,INE768C01028,ZYDUSWELL,EQ,,,,,ZYDUS WELLNESS LIMITED,570.00,578.45,557.00,559.85,559.70,577.55,,559.85,,,540492,306625868.05,33412,F1,1,,,,,
