TradDt,BizDt,Sgmt,Src,FinInstrmTp,FinInstrmId,ISIN,TckrSymb,SctySrs,XpryDt,FininstrmActlXpryDt,StrkPric,OptnTp,FinInstrmNm,OpnPric,HghPric,LwPric,ClsPric,LastPric,PrvsClsgPric,UndrlygPric,SttlmPric,OpnIntrst,ChngInOpnIntrst,TtlTradgVol,TtlTrfVal,TtlNbOfTxsExctd,SsnId,NewBrdLotQty,Rmks,Rsvd1,Rsvd2,Rsvd3,Rsvd4
2026-08-07,2026-08-07,CM,NSE,STK,19078,IN0020200104,SGBJUN28,GB,,,,,2.5%GOLDBONDS2028SR-III,14690.00,14748.00,14540.00,14741.25,14730.00,14657.46,,14741.25,,,162,2371622.15,24,F1,1,,,,,
2026-08-07,2026-08-07,CM,NSE,STK,1342,IN0020200286,SGBN28VIII,GB,,,,,2.5%GOLDBONDS2028SR-VIII,14536.20,14799.00,14536.20,14799.00,14799.00,14614.32,,14799.00,,,227,3325253.54,56,F1,1,,,,,
2026-08-07,2026-08-07,CM,NSE,STK,3742,IN0020210053,SGBMAY29I,GB,,,,,2.5%GOLDBONDS2029SR-I,14616.33,14777.00,14550.00,14734.67,14750.00,14616.33,,14728.90,,,427,6277682.67,94,F1,1,,,,,
2026-08-07,2026-08-07,CM,NSE,STK,3743,IN0020210061,SGBJUN29II,GB,,,,,2.5%GOLDBONDS2029SR-II,14700.00,14970.00,14700.00,14881.32,14850.00,14836.46,,14879.22,,,182,2692260.06,30,F1,1,,,,,
2026-08-07,2026-08-07,CM,NSE,STK,3800,IN0020210087,SGBJU29III,GB,,,,,2.5%GOLDBONDS2029SR-III,14648.00,14800.00,14574.76,14766.66,14760.00,14617.60,,14766.66,,,92,1352065.47,25,F1,1,,,,,
2026-08-07,2026-08-07,CM,NSE,STK,5575,IN0020210145,SGBSEP29VI,GB,,,,,2.5%GOLDBONDS2029SR-VI,14676.25,14870.00,14656.00,14863.33,14860.00,14701.39,,14855.71,,,168,2479372.71,33,F1,1,,,,,
2026-08-07,2026-08-07,CM,NSE,STK,6518,IN0020210178,SGBNV29VII,GB,,,,,2.5%GOLDBONDS2029SR-VII,14680.00,14799.00,14612.01,14794.29,14799.00,14679.99,,14794.29,,,326,4792448.31,28,F1,1,,,,,
2026-08-07,2026-08-07,CM,NSE,STK,5960,IN0020180249,SGBOCT26,GB,,,,,2.50%GOLDBONDS2026SR-II,14725.00,14725.00,14725.00,14725.00,14725.00,14333.00,,14725.00,,,12,176700.00,3,F1,1,,,,,
2026-08-07,2026-08-07,CM,NSE,STK,6355,IN0020180314,SGBNOV26,GB,,,,,2.50%GOLDBONDS2026SR-III,14599.00,14777.00,14599.00,14777.00,14777.00,14599.00,,14777.00,,,82,1199955.20,8,F1,1,,,,,
2026-08-07,2026-08-07,CM,NSE,STK,7654,IN0020180389,SGBDEC26,GB,,,,,2.50%GOLDBONDS2026SR-IV,14590.00,14735.00,14590.00,14735.00,14735.00,14555.00,,14735.00,,,5,73382.00,4,F1,1,,,,,
2026-08-07,2026-08-07,CM,NSE,STK,10261,IN0020190073,SGBJUN27,GB,,,,,2.50%GOLDBONDS2027SR-I,14600.00,14899.00,14515.01,14899.00,14899.00,14650.00,,14899.00,,,77,1134419.13,18,F1,1,,,,,
2026-08-07,2026-08-07,CM,NSE,STK,11154,IN0020190081,SGBJUL27,GB,,,,,2.50%GOLDBONDS2027SR-II,14505.01,14798.99,14505.01,14798.99,14798.99,14599.00,,14798.99,,,50,732533.70,10,F1,1,,,,,
2026-08-07,2026-08-07,CM,NSE,STK,12904,IN0020190107,SGBAUG27,GB,,,,,2.50%GOLDBONDS2027SR-III,14700.00,14798.97,14700.00,14730.00,14730.00,14690.00,,14730.00,,,45,663507.66,22,F1,1,,,,,
2026-08-07,2026-08-07,CM,NSE,STK,13209,IN0020190115,SGBSEP27,GB,,,,,2.50%GOLDBONDS2027SR-IV,14700.00,14994.99,14700.00,14800.00,14800.00,14745.71,,14800.00,,,139,2053489.96,23,F1,1,,,,,
2026-08-07,2026-08-07,CM,NSE,STK,8308,IN0020180462,SGBJAN27,GB,,,,,2.50%GOLDBONDS2027SR-V,14500.00,14924.00,14500.00,14924.00,14924.00,14500.00,,14924.00,,,42,616024.00,6,F1,1,,,,,
2026-08-07,2026-08-07,CM,NSE,STK,13981,IN0020190370,SGBOCT27,GB,,,,,2.50%GOLDBONDS2027SR-V,14670.00,14920.02,14670.00,14920.02,14920.02,14650.00,,14920.02,,,15,221658.08,7,F1,1,,,,,
2026-08-07,2026-08-07,CM,NSE,STK,8766,IN0020180561,SGBFEB27,GB,,,,,2.50%GOLDBONDS2027SR-VI,14500.01,14689.00,14500.01,14689.00,14689.00,14399.00,,14579.51,,,2,29189.01,2,F1,1,,,,,
2026-08-07,2026-08-07,CM,NSE,STK,14252,IN0020190388,SGBOCT27VI,GB,,,,,2.50%GOLDBONDS2027SR-VI,14649.99,14800.00,14649.99,14799.87,14800.00,14649.99,,14799.87,,,179,2642238.39,18,F1,1,,,,,
2026-08-07,2026-08-07,CM,NSE,STK,15432,IN0020190461,SGBDC27VII,GB,,,,,2.50%GOLDBONDS2027SR-VII,14511.00,14750.00,14511.00,14750.00,14750.00,14750.00,,14750.00,,,17,249997.06,8,F1,1,,,,,
2026-08-07,2026-08-07,CM,NSE,STK,18862,IN0020200062,SGBAPR28I,GB,,,,,2.50%GOLDBONDS2028SR-I,14655.00,14799.00,14560.00,14795.06,14799.00,14697.55,,14800.68,,,136,2005805.85,36,F1,1,,,,,
2026-08-07,2026-08-07,CM,NSE,STK,18972,IN0020200088,SGBMAY28,GB,,,,,2.50%GOLDBONDS2028SR-II,14645.99,14799.00,14561.00,14777.20,14799.00,14604.79,,14777.20,,,354,5193781.67,49,F1,1,,,,,
2026-08-07,2026-08-07,CM,NSE,STK,22242,IN0020200146,SGBJUL28IV,GB,,,,,2.50%GOLDBONDS2028SR-IV,14699.99,14730.00,14526.03,14707.95,14700.22,14592.56,,14703.58,,,485,7108118.76,97,F1,1,,,,,
2026-08-07,2026-08-07,CM,NSE,STK,17664,IN0020190545,SGBFEB28IX,GB,,,,,2.50%GOLDBONDS2028SR-IX,14698.00,14740.00,14624.51,14740.00,14740.00,14698.00,,14740.00,,,25,366946.08,3,F1,1,,,,,
2026-08-07,2026-08-07,CM,NSE,STK,22385,IN0020200161,SGBAUG28V,GB,,,,,2.50%GOLDBONDS2028SR-V,14800.00,14815.00,14660.01,14789.82,14807.10,14694.58,,14789.82,,,400,5901027.02,115,F1,1,,,,,
2026-08-07,2026-08-07,CM,NSE,STK,149,IN0020200195,SGBSEP28VI,GB,,,,,2.50%GOLDBONDS2028SR-VI,14650.02,14850.00,14650.02,14850.00,14850.00,14734.55,,14850.00,,,586,8676285.64,58,F1,1,,,,,
2026-08-07,2026-08-07,CM,NSE,STK,834,IN0020200203,SGBOC28VII,GB,,,,,2.50%GOLDBONDS2028SR-VII,14660.00,14775.00,14652.01,14766.77,14775.00,14612.00,,14766.77,,,27,397469.03,11,F1,1,,,,,
2026-08-07,2026-08-07,CM,NSE,STK,17110,IN0020190537,SGBJ28VIII,GB,,,,,2.50%GOLDBONDS2028SR-VIII,14749.99,14749.99,14454.00,14660.00,14660.00,14698.99,,14660.00,,,166,2419104.97,12,F1,1,,,,,
2026-08-07,2026-08-07,CM,NSE,STK,18451,IN0020190552,SGBMAR28X,GB,,,,,2.50%GOLDBONDS2028SR-X,14700.00,14850.00,14700.00,14849.98,14850.00,14730.00,,14849.98,,,234,3458129.57,11,F1,1,,,,,
2026-08-07,2026-08-07,CM,NSE,STK,5113,IN0020210111,SGBJUL29IV,GB,,,,,2.50%GOLDBONDS2029SR-IV,14550.00,14770.00,14550.00,14735.25,14759.99,14620.00,,14680.18,,,964,14086404.53,71,F1,1,,,,,
2026-08-07,2026-08-07,CM,NSE,STK,1920,IN0020200377,SGBJAN29IX,GB,,,,,2.50%GOLDBONDS2029SR-IX,14555.00,14750.00,14555.00,14704.28,14750.00,14601.99,,14704.28,,,122,1785248.67,20,F1,1,,,,,
2026-08-07,2026-08-07,CM,NSE,STK,5455,IN0020210129,SGBAUG29V,GB,,,,,2.50%GOLDBONDS2029SR-V,14800.00,14874.00,14626.01,14823.50,14830.00,14789.38,,14817.37,,,64,944525.89,32,F1,1,,,,,
2026-08-07,2026-08-07,CM,NSE,STK,7098,IN0020210228,SGBD29VIII,GB,,,,,2.50%GOLDBONDS2029SR-VIII,14700.00,14830.00,14610.00,14811.05,14830.00,14661.84,,14813.17,,,100,1472602.23,48,F1,1,,,,,
2026-08-07,2026-08-07,CM,NSE,STK,2003,IN0020200385,SGBJAN29X,GB,,,,,2.50%GOLDBONDS2029SR-X,14600.00,14799.00,14512.01,14799.00,14799.00,14617.50,,14799.00,,,10,146136.06,5,F1,1,,,,,
2026-08-07,2026-08-07,CM,NSE,STK,2200,IN0020200393,SGBFEB29XI,GB,,,,,2.50%GOLDBONDS2029SR-XI,14700.00,14798.99,14620.00,14650.01,14650.01,14679.16,,14650.01,,,56,822336.72,17,F1,1,,,,,
2026-08-07,2026-08-07,CM,NSE,STK,2810,IN0020200427,SGBMR29XII,GB,,,,,2.50%GOLDBONDS2029SR-XII,14670.00,14850.00,14670.00,14840.00,14850.00,14716.50,,14840.00,,,235,3473019.44,33,F1,1,,,,,
2026-08-07,2026-08-07,CM,NSE,STK,10232,IN0020220045,SGBJUN30,GB,,,,,2.50%GOLDBONDS2030SR-I,14850.00,14850.00,14700.00,14755.01,14755.01,14694.40,,14755.01,,,74,1092423.04,27,F1,1,,,,,
2026-08-07,2026-08-07,CM,NSE,STK,11192,IN0020220078,SGBAUG30,GB,,,,,2.50%GOLDBONDS2030SR-II,14740.00,14880.00,14686.00,14867.88,14869.00,14728.17,,14867.88,,,179,2644919.09,64,F1,1,,,,,
2026-08-07,2026-08-07,CM,NSE,STK,13642,IN0020220110,SGBDE30III,GB,,,,,2.50%GOLDBONDS2030SR-III,14756.99,14887.00,14656.37,14842.46,14801.06,14757.55,,14842.46,,,101,1496010.65,35,F1,1,,,,,
2026-08-07,2026-08-07,CM,NSE,STK,7879,IN0020210236,SGBJAN30IX,GB,,,,,2.50%GOLDBONDS2030SR-IX,14680.00,14871.92,14650.00,14803.03,14803.00,14641.00,,14803.03,,,290,4279867.98,42,F1,1,,,,,
2026-08-07,2026-08-07,CM,NSE,STK,8401,IN0020210319,SGBMAR30X,GB,,,,,2.50%GOLDBONDS2030SR-X,14740.00,14844.97,14640.00,14755.01,14755.01,14660.34,,14755.01,,,33,486011.84,17,F1,1,,,,,
2026-08-07,2026-08-07,CM,NSE,STK,17202,IN0020230069,SGBJUN31I,GB,,,,,2.50%GOLDBONDS2031SR-I,14756.20,14928.99,14756.20,14878.80,14889.97,14815.09,,14867.09,,,1744,25858280.88,185,F1,1,,,,,
2026-08-07,2026-08-07,CM,NSE,STK,19456,IN0020230093,SGBSEP31II,GB,,,,,2.50%GOLDBONDS2031SR-II,14866.00,14978.20,14821.01,14941.96,14969.98,14874.69,,14942.64,,,1152,17162523.69,279,F1,1,,,,,
2026-08-07,2026-08-07,CM,NSE,STK,22476,IN0020230168,SGBDE31III,GB,,,,,2.50%GOLDBONDS2031SR-III,15099.40,15099.40,14950.00,15051.08,15049.99,15024.28,,15050.90,,,1368,20586037.08,246,F1,1,,,,,
2026-08-07,2026-08-07,CM,NSE,STK,14598,IN0020220169,SGBMAR31IV,GB,,,,,2.50%GOLDBONDS2031SR-IV,14850.00,14900.00,14801.00,14900.00,14900.00,14838.89,,14898.89,,,210,3125891.72,72,F1,1,,,,,
2026-08-07,2026-08-07,CM,NSE,STK,22886,IN0020230184,SGBFEB32IV,GB,,,,,2.50%GOLDBONDS2032SR-IV,15010.00,15159.99,15010.00,15111.47,15119.98,15121.34,,15111.37,,,3172,47926385.90,329,F1,1,,,,,
2026-08-07,2026-08-07,CM,NSE,STK,16921,INE144J01027,20MICRONS,EQ,,,,,20 MICRONS LTD,191.71,193.59,187.90,189.07,187.90,191.71,,189.08,,,126589,24141315.92,2798,F1,1,,,,,
2026-08-07,2026-08-07,CM,NSE,STK,4,INE253B01015,21STCENMGM,EQ,,,,,21ST CENTURY MGMT SERVICE,44.00,44.00,43.07,43.58,43.70,43.30,,43.58,,,7409,324214.61,89,F1,1,,,,,
2026-08-07,2026-08-07,CM,NSE,STK,13061,INE466L01038,360ONE,EQ,,,,,360 ONE WAM LIMITED,1185.60,1192.80,1151.00,1168.10,1168.10,1186.00,,1168.09,,,1707560,2004353941.60,57598,F1,1,,,,,
2026-08-07,2026-08-07,CM,NSE,STK,30105,INF579M01BB5,GOLD360,EQ,,,,,360ONEAMC - GOLD360,144.40,145.90,143.05,145.50,145.55,144.05,,145.49,,,47600,6899625.85,329,F1,1,,,,,
2026-08-07,2026-08-07,CM,NSE,STK,763602,INF579M01BP5,MSCI360,EQ,,,,,360ONEAMC - MSCI360,10.35,10.36,10.34,10.35,10.35,10.35,,10.35,,,269,2784.46,12,F1,1,,,,,
2026-08-07,2026-08-07,CM,NSE,STK,756150,INF579M01BC3,SILVER360,EQ,,,,,360ONEAMC - SILVER360,221.98,238.99,220.85,229.16,226.02,220.44,,229.15,,,39539,8888775.10,923,F1,1,,,,,
2026-08-07,2026-08-07,CM,NSE,STK,762518,INE994E01018,3BBLACKBIO,EQ,,,,,3B BLACKBIO DX LTD.,1193.00,1224.50,1193.00,1207.70,1216.20,1205.90,,1207.76,,,1984,2395452.40,298,F1,1,,,,,
2026-08-07,2026-08-07,CM,NSE,STK,6232,INE748C01038,3IINFOLTD,EQ,,,,,3I INFOTECH LIMITED,25.33,25.94,25.20,25.79,25.65,25.50,,25.78,,,1181251,30319269.35,3551,F1,1,,,,,
2026-08-07,2026-08-07,CM,NSE,STK,474,INE470A01017,3MINDIA,EQ,,,,,3M INDIA LIMITED,35940.00,36270.00,35870.00,36035.00,35925.00,36000.00,,36034.27,,,3976,143330285.00,1288,F1,1,,,,,
2026-08-07,2026-08-07,CM,NSE,STK,2595,INE105C01023,3PLAND,EQ,,,,,3P LAND HOLDINGS LIMITED,32.12,32.50,31.90,32.12,32.20,32.10,,32.12,,,1519,48948.13,34,F1,1,,,,,
2026-08-07,2026-08-07,CM,NSE,STK,445,INE618L01018,5PAISA,EQ,,,,,5PAISA CAPITAL LIMITED,372.40,372.40,364.45,367.55,366.95,366.10,,367.53,,,22993,8465845.80,1353,F1,1,,,,,
2026-08-07,2026-08-07,CM,NSE,STK,11868,INE111B01023,63MOONS,EQ,,,,,63 MOONS TECHNOLOGIES LTD,856.80,889.80,847.15,857.75,858.50,858.20,,857.71,,,473840,411712532.90,15237,F1,1,,,,,
2026-08-07,2026-08-07,CM,NSE,STK,29323,INE053F07579,734IRFC28,N4,,,,,7.34 NCD 19FEB28 TR1 SR2,1086.00,1086.01,1086.00,1086.00,1086.00,1085.00,,1086.25,,,6000,6516002.00,7,F1,1,,,,,
2026-08-07,2026-08-07,CM,NSE,STK,19926,INE020B07JU4,743REC35,NH,,,,,7.43% TAX FREE TRI SR3B,1182.25,1182.25,1182.25,1182.25,1182.25,1200.00,,1182.25,,,214,253001.50,1,F1,1,,,,,
2026-08-07,2026-08-07,CM,NSE,STK,29312,INE031A07865,751HUDCO28,N5,,,,,7.51 NCD 16FEB28 TR1 SR2,1063.03,1063.23,1063.02,1063.20,1063.20,1062.43,,1063.20,,,2400,2551439.50,5,F1,1,,,,,
2026-08-07,2026-08-07,CM,NSE,STK,20034,INE261F07032,764NABAR31,N2,,,,,7.64% TAX FREE TRI SRIIB,1109.01,1110.00,1107.15,1110.00,1110.00,1110.81,,1110.00,,,974,1079773.64,20,F1,1,,,,,
2026-08-07,2026-08-07,CM,NSE,STK,19928,INE031A07AO5,764HUDCO31,N8,,,,,7.64% TAX FREETRI SR2B,1127.52,1127.52,1127.52,1127.52,1127.52,1116.07,,1126.03,,,1,1127.52,1,F1,1,,,,,
2026-08-07,2026-08-07,CM,NSE,STK,19930,INE031A07AT4,769HUDCO31,N9,,,,,7.69% TAX FREETRII SR2B,1131.00,1132.00,1131.00,1132.00,1132.00,1129.97,,1132.00,,,505,571399.00,4,F1,1,,,,,
2026-08-07,2026-08-07,CM,NSE,STK,19924,INE020B07GH7,812REC27,NI,,,,,8.12/8.32% TAX FREE NCD,1024.00,1025.25,1024.00,1025.25,1025.25,1022.00,,1025.25,,,201,205825.25,5,F1,1,,,,,
2026-08-07,2026-08-07,CM,NSE,STK,31240,INE031A07840,82HUDCO27,N2,,,,,8.20 NCD05MAR27 FV 1000,1043.10,1050.00,1043.10,1050.00,1050.00,1049.00,,1050.00,,,1089,1142070.00,10,F1,1,,,,,
2026-08-07,2026-08-07,CM,NSE,STK,20022,INE134E07208,830PFCL27,N5,,,,,8.30% TAX FREE NCD,1076.51,1089.42,1076.51,1089.41,1089.42,1071.62,,1138.36,,,22,23709.02,3,F1,1,,,,,
2026-08-07,2026-08-07,CM,NSE,STK,31760,INE733E07JF7,848NTPC28,N2,,,,,8.48%S-R-NCD SERIES 2A,1152.00,1152.00,1152.00,1152.00,1152.00,1152.00,,1152.00,,,100,115200.00,1,F1,1,,,,,
2026-08-07,2026-08-07,CM,NSE,STK,19964,INE031A07915,851HUDCO28,NB,,,,,8.51% TAX FREETRI SR2A,1127.00,1127.05,1127.00,1127.05,1127.05,1125.01,,1127.50,,,125,140876.25,2,F1,1,,,,,
2026-08-07,2026-08-07,CM,NSE,STK,20056,INE787H07347,866IIFC34B,N3,,,,,8.66% TAX FREE NCD,1252.00,1252.00,1252.00,1252.00,1252.00,1240.00,,1252.00,,,130,162760.00,1,F1,1,,,,,
2026-08-07,2026-08-07,CM,NSE,STK,20026,INE134E07455,867PFCL33,N7,,,,,8.67% TAX FREE NCD,1257.01,1262.00,1257.01,1261.21,1261.21,1255.05,,1265.61,,,2600,3275064.00,5,F1,1,,,,,
2026-08-07,2026-08-07,CM,NSE,STK,192,INE906B07DF8,875NHAI29,N6,,,,,8.75% TAX FREE TR I S IIB,1120.00,1120.05,1112.00,1112.00,1112.00,1120.00,,1112.00,,,1128,1261484.25,16,F1,1,,,,,
2026-08-07,2026-08-07,CM,NSE,STK,19968,INE031A07949,876HUDCO28,ND,,,,,8.76% TAX FREETRI SR2B,1142.00,1142.00,1136.00,1141.50,1141.50,1140.50,,1141.50,,,604,687609.00,7,F1,1,,,,,
2026-08-07,2026-08-07,CM,NSE,STK,20058,INE787H07370,891IIFCL34,N4,,,,,8.91% TAX FREE NCD,1258.99,1258.99,1258.99,1258.99,1258.99,1269.00,,1258.99,,,5,6294.95,2,F1,1,,,,,
2026-08-07,2026-08-07,CM,NSE,STK,31768,INE733E07JJ9,891NTPC33,N6,,,,,8.91%S-R-NCD SERIES 3B,1278.00,1280.00,1278.00,1278.00,1278.00,1275.00,,1278.00,,,130,166340.00,9,F1,1,,,,,
2026-08-07,2026-08-07,CM,NSE,STK,31487,INE848E07567,892NHPC33,N6,,,,,8.92% SEC RED BOND S3B,1260.00,1260.00,1260.00,1260.00,1260.00,1267.00,,1260.00,,,400,504000.00,5,F1,1,,,,,
2026-08-07,2026-08-07,CM,NSE,STK,20028,INE134E07463,892PFCL33,N8,,,,,8.92% TAX FREE NCD,1280.00,1280.00,1276.00,1278.49,1278.99,1281.00,,1278.49,,,170,217419.00,5,F1,1,,,,,
2026-08-07,2026-08-07,CM,NSE,STK,19970,INE031A07AB2,901HUDCO34,NE,,,,,9.01% TAX FREETRII SR3B,1290.00,1290.00,1289.00,1289.00,1289.00,1290.00,,1289.00,,,201,259289.00,3,F1,1,,,,,
2026-08-07,2026-08-07,CM,NSE,STK,759130,INE08PH01015,ABCOTS,EQ,,,,,A B COTSPIN INDIA LIMITED,201.90,201.90,197.00,198.71,200.80,200.87,,198.71,,,10218,2046438.46,227,F1,1,,,,,
2026-08-07,2026-08-07,CM,NSE,STK,27020,INE00YB01025,ABINFRA,EQ,,,,,A B INFRABUILD LIMITED,10.01,10.16,9.90,9.96,9.96,10.01,,9.96,,,255072,2543210.13,557,F1,1,,,,,
2026-08-07,2026-08-07,CM,NSE,STK,762528,INE850B01026,ABMKNO,EQ,,,,,A B M KNOWLEDGEWARE LTD.,191.00,191.00,185.00,186.21,189.88,190.87,,186.18,,,1192,223787.17,42,F1,1,,,,,
2026-08-07,2026-08-07,CM,NSE,STK,762533,INE366C01021,ACSTECH,EQ,,,,,A C S TECHNOLOGIES LTD.,46.21,47.00,44.50,46.00,45.99,45.97,,46.03,,,328712,14889160.02,1346,F1,1,,,,,
2026-08-07,2026-08-07,CM,NSE,STK,15147,INE0O6N01012,AGUL,SM,,,,,A G UNIVERSAL LIMITED,56.45,56.45,56.45,56.45,56.45,59.35,,56.45,,,2000,112900.00,1,F1,2000,,,,,
2026-08-07,2026-08-07,CM,NSE,STK,762538,INE701G01012,AKCAPIT,EQ,,,,,A K CAPITAL SERVICES LTD.,1713.80,1739.90,1700.00,1720.70,1720.00,1690.30,,1720.80,,,1753,3020285.90,353,F1,1,,,,,
2026-08-07,2026-08-07,CM,NSE,STK,20906,INE619I01012,A2ZINFRA,EQ,,,,,A2Z INFRA ENGINEERING LTD,17.00,17.50,16.73,17.39,17.38,16.73,,17.35,,,443981,7680596.98,626,F1,1,,,,,
2026-08-07,2026-08-07,CM,NSE,STK,12533,INE0D0U01013,AAATECH,EQ,,,,,AAA TECHNOLOGIES LIMITED,93.12,95.20,90.62,91.95,92.20,93.12,,91.95,,,64491,6050819.20,240,F1,1,,,,,
2026-08-07,2026-08-07,CM,NSE,STK,23729,INE883F01010,AADHARHFC,EQ,,,,,AADHAR HOUSING FINANCE L,515.40,516.80,502.00,506.40,502.00,514.90,,506.41,,,271851,138093316.15,18790,F1,1,,,,,
2026-08-07,2026-08-07,CM,NSE,STK,757579,INE1GYP01013,AAKAAR,SM,,,,,AAKAAR MEDICAL TECHNO LTD,64.10,64.10,60.50,60.50,60.50,63.65,,60.50,,,14400,877360.00,9,F1,1600,,,,,
2026-08-07,2026-08-07,CM,NSE,STK,235,INE087Z01024,AAKASH,EQ,,,,,AAKASH EXPLORATION SER L,9.00,9.07,8.97,8.99,9.02,8.99,,8.99,,,55441,499734.62,276,F1,1,,,,,
2026-08-07,2026-08-07,CM,NSE,STK,758120,INE124401014,AARADHYA,SM,,,,,AARADHYA DISPOSAL INDUS L,73.50,73.50,72.00,72.00,72.00,73.50,,72.00,,,4800,347400.00,4,F1,1200,,,,,
2026-08-07,2026-08-07,CM,NSE,STK,5248,INE198H01019,AAREYDRUGS,BE,,,,,AAREY DRUGS & PHARM LTD,81.45,83.71,80.00,81.47,82.65,81.80,,81.39,,,7631,619976.08,65,F1,1,,,,,
2026-08-07,2026-08-07,CM,NSE,STK,761821,INE750R01016,AARNAV,EQ,,,,,AARNAV FASHIONS LIMITED,32.50,32.50,30.38,30.82,30.60,30.86,,30.76,,,76907,2395791.21,1087,F1,1,,,,,
2026-08-07,2026-08-07,CM,NSE,STK,1030,INE721Z01010,AARON,EQ,,,,,AARON INDUSTRIES LIMITED,133.00,134.99,132.00,134.24,134.86,134.57,,134.24,,,7072,947630.83,235,F1,1,,,,,
2026-08-07,2026-08-07,CM,NSE,STK,17164,INE01C001026,AARTECH,BE,,,,,AARTECH SOLONICS LIMITED,46.30,47.49,45.55,47.00,47.00,47.25,,46.84,,,15596,725021.10,115,F1,1,,,,,
2026-08-07,2026-08-07,CM,NSE,STK,4481,INE767A01016,AARTIDRUGS,EQ,,,,,AARTI DRUGS LTD.,411.00,418.15,409.85,416.20,418.15,410.85,,416.21,,,90024,37330432.60,3679,F1,1,,,,,
2026-08-07,2026-08-07,CM,NSE,STK,7,INE769A01020,AARTIIND,EQ,,,,,AARTI INDUSTRIES LTD,500.00,510.00,496.55,502.10,500.60,501.20,,502.09,,,1422279,718669981.10,33459,F1,1,,,,,
2026-08-07,2026-08-07,CM,NSE,STK,13868,INE0LRU01027,AARTIPHARM,EQ,,,,,AARTI PHARMALABS LIMITED,691.00,706.00,683.00,685.85,684.20,692.25,,685.77,,,179726,124655644.65,13762,F1,1,,,,,
2026-08-07,2026-08-07,CM,NSE,STK,19233,INE09EO01013,AARTISURF,EQ,,,,,AARTI SURFACTANTS LIMITED,545.00,549.95,526.50,535.95,547.40,551.35,,535.79,,,30784,16535079.90,1072,F1,1,,,,,
2026-08-07,2026-08-07,CM,NSE,STK,19073,INE754X01016,AARVI,EQ,,,,,AARVI ENCON LIMITED,154.79,157.79,152.50,153.71,152.60,155.87,,153.61,,,20116,3111389.53,534,F1,1,,,,,
2026-08-07,2026-08-07,CM,NSE,STK,763800,INE2FMX01012,AASTHA,EQ,,,,,AASTHA SPINTEX LIMITED,78.41,82.70,74.60,74.60,74.60,82.88,,74.60,,,6003229,455404519.58,25371,F1,1,,,,,
2026-08-07,2026-08-07,CM,NSE,STK,16961,INE0OB201016,AATMAJ,SM,,,,,AATMAJ HEALTHCARE LIMITED,19.00,19.00,18.80,18.80,18.80,19.95,,18.80,,,6000,113300.00,3,F1,2000,,,,,
2026-08-07,2026-08-07,CM,NSE,STK,5385,INE216P01012,AAVAS,EQ,,,,,AAVAS FINANCIERS LIMITED,1365.00,1396.30,1354.10,1371.50,1366.60,1376.30,,1371.24,,,64072,87925505.00,11385,F1,1,,,,,
2026-08-07,2026-08-07,CM,NSE,STK,7759,INE421A01028,ABAN,BE,,,,,ABAN OFFSHORE LTD.,19.00,20.11,19.00,19.99,20.10,19.16,,19.91,,,277730,5551658.36,970,F1,1,,,,,
2026-08-07,2026-08-07,CM,NSE,STK,762526,INE365O01028,ABANSENT,BE,,,,,ABANS ENTERPRISES LTD.,26.61,26.61,25.30,25.99,25.99,26.48,,26.33,,,3624,92331.22,22,F1,1,,,,,
2026-08-07,2026-08-07,CM,NSE,STK,13288,INE00ZE01026,AFSL,EQ,,,,,ABANS FINANCIAL SRVCS LTD,201.25,202.90,201.01,201.04,201.01,201.25,,201.04,,,5864,1181286.03,70,F1,1,,,,,
2026-08-07,2026-08-07,CM,NSE,STK,13,INE117A01022,ABB,EQ,,,,,ABB INDIA LIMITED,7657.50,7670.00,7580.00,7600.00,7600.00,7735.00,,7600.00,,,179322,1364758642.50,20083,F1,1,,,,,
2026-08-07,2026-08-07,CM,NSE,STK,17903,INE358A01014,ABBOTINDIA,EQ,,,,,ABBOTT INDIA LIMITED,27855.00,27975.00,27600.00,27835.00,27810.00,27855.00,,27832.44,,,7629,211803580.00,4396,F1,1,,,,,
2026-08-07,2026-08-07,CM,NSE,STK,755941,INE860H07IQ0,8ABCL26,N2,,,,,ABCL 8% SR I,1063.00,1063.00,1063.00,1063.00,1063.00,1063.00,,1063.00,,,69,73347.00,5,F1,1,,,,,
2026-08-07,2026-08-07,CM,NSE,STK,4626,INE0CAJ01017,AILIMITED,SM,,,,,ABHISHEK INTEGRATIONS LTD,35.85,35.85,35.85,35.85,35.85,35.85,,35.85,,,1500,53775.00,1,F1,1500,,,,,
2026-08-07,2026-08-07,CM,NSE,STK,5549,INE251C01025,ABMINTLLTD,EQ,,,,,ABM INTERNATIONAL LTD,44.78,44.78,41.36,41.61,41.36,41.41,,41.61,,,1268,54315.14,29,F1,1,,,,,
2026-08-07,2026-08-07,CM,NSE,STK,23786,INE0QRV01016,ABSMARINE,ST,,,,,ABS MARINE SERVICES LTD,223.60,223.95,217.20,219.05,219.00,223.60,,219.05,,,24500,5401800.00,47,F1,500,,,,,
2026-08-07,2026-08-07,CM,NSE,STK,22,INE012A01025,ACC,EQ,,,,,ACC LIMITED,1370.00,1373.90,1360.00,1362.80,1366.50,1378.40,,1362.85,,,160343,219131368.20,14381,F1,1,,,,,
2026-08-07,2026-08-07,CM,NSE,STK,7053,INE793A01012,ACCELYA,EQ,,,,,ACCELYA SOLN INDIA LTD,1134.00,1151.90,1134.00,1143.60,1146.00,1137.20,,1143.62,,,4003,4587283.60,487,F1,1,,,,,
2026-08-07,2026-08-07,CM,NSE,STK,20488,INE0Q5D01013,ACCENTMIC,SM,,,,,ACCENT MICROCELL LIMITED,522.50,547.00,515.00,543.90,543.00,514.45,,543.90,,,134500,71767350.00,223,F1,500,,,,,
2026-08-07,2026-08-07,CM,NSE,STK,757024,INE0T8T01010,ACCPL,ST,,,,,ACCRETION PHARMA LIMITED,179.85,181.00,178.00,181.00,181.00,179.85,,181.00,,,14400,2584080.00,10,F1,1200,,,,,
2026-08-07,2026-08-07,CM,NSE,STK,1472,INE648Z01023,ACCURACY,BE,,,,,ACCURACY SHIPPING LIMITED,4.75,4.80,4.68,4.72,4.79,4.77,,4.72,,,46262,219058.54,162,F1,1,,,,,
2026-08-07,2026-08-07,CM,NSE,STK,11779,INE543V01017,ACEINTEG,EQ,,,,,ACE INTEGRATED SOLU. LTD.,19.50,19.50,18.46,18.88,19.26,19.00,,18.88,,,1476,27813.46,71,F1,1,,,,,
2026-08-07,2026-08-07,CM,NSE,STK,761112,INE1J6M01010,ACETEC,SM,,,,,ACETECH E-COMMERCE LTD,131.55,131.55,131.55,131.55,131.55,140.50,,131.55,,,1200,157860.00,1,F1,1200,,,,,
2026-08-07,2026-08-07,CM,NSE,STK,27061,INE622W01025,ACMESOLAR,EQ,,,,,ACME SOLAR HOLDINGS LTD,372.00,380.95,362.75,368.60,368.05,375.45,,368.59,,,1278670,472958265.15,27763,F1,1,,,,,
2026-08-07,2026-08-07,CM,NSE,STK,13587,INE731H01025,ACE,EQ,,,,,ACTION CONST EQUIP LTD,1113.70,1120.00,1082.10,1094.30,1085.90,1113.70,,1094.38,,,234548,258682143.40,16290,F1,1,,,,,
2026-08-07,2026-08-07,CM,NSE,STK,5578,INE00FF01025,ACUTAAS,EQ,,,,,ACUTAAS CHEMICALS LIMITED,3240.00,3328.00,3239.90,3297.90,3290.00,3260.60,,3297.86,,,187550,618542396.90,18721,F1,1,,,,,
2026-08-07,2026-08-07,CM,NSE,STK,10217,INE931S01010,ADANIENSOL,EQ,,,,,ADANI ENERGY SOLUTION LTD,1620.00,1647.00,1606.00,1630.10,1630.10,1620.00,,1630.10,,,1391604,2268040832.20,38274,F1,1,,,,,
2026-08-07,2026-08-07,CM,NSE,STK,25,INE423A01024,ADANIENT,EQ,,,,,ADANI ENTERPRISES LIMITED,3025.90,3039.50,3004.50,3020.00,3020.00,3026.00,,3019.89,,,788881,2384517725.40,31660,F1,1,,,,,
2026-08-07,2026-08-07,CM,NSE,STK,3563,INE364U01010,ADANIGREEN,EQ,,,,,ADANI GREEN ENERGY LTD,1371.50,1389.90,1365.70,1372.40,1372.40,1371.50,,1372.32,,,1273380,1751933171.50,27726,F1,1,,,,,
2026-08-07,2026-08-07,CM,NSE,STK,15083,INE742F01042,ADANIPORTS,EQ,,,,,ADANI PORT & SEZ LTD,1695.00,1702.30,1676.70,1693.50,1693.50,1695.00,,1693.46,,,2387389,4028457825.60,44297,F1,1,,,,,
2026-08-07,2026-08-07,CM,NSE,STK,17388,INE814H01029,ADANIPOWER,EQ,,,,,ADANI POWER LTD,208.13,212.10,208.13,209.00,209.00,208.12,,208.95,,,14372119,3021666669.32,74627,F1,1,,,,,
2026-08-07,2026-08-07,CM,NSE,STK,6066,INE399L01023,ATGL,EQ,,,,,ADANI TOTAL GAS LIMITED,656.05,663.60,655.55,657.55,655.55,660.25,,657.51,,,427282,281764972.25,13000,F1,1,,,,,
2026-08-07,2026-08-07,CM,NSE,STK,22468,INE0RDH01021,ADDICTIVE,SM,,,,,ADDICTIVE LEARNING TECH L,39.80,40.15,38.80,40.15,40.15,38.25,,40.15,,,16500,654875.00,20,F1,500,,,,,
2026-08-07,2026-08-07,CM,NSE,STK,19761,INE982B01027,ADFFOODS,EQ,,,,,ADF FOODS LIMITED,258.90,263.85,258.00,259.70,259.00,261.40,,259.69,,,113084,29519970.25,6197,F1,1,,,,,
2026-08-07,2026-08-07,CM,NSE,STK,763156,INE20PL01012,ADISOFT,SM,,,,,ADISOFT TECHNOLOGIES LTD,177.80,192.95,177.30,189.40,189.95,177.65,,189.40,,,64800,11976560.00,71,F1,800,,,,,
2026-08-07,2026-08-07,CM,NSE,STK,6018,INE404A01024,ABSLAMC,EQ,,,,,ADIT BIRL SUN LIF AMC LTD,1028.50,1034.70,1006.10,1025.30,1030.00,1024.10,,1025.30,,,198652,202196526.20,19178,F1,1,,,,,
2026-08-07,2026-08-07,CM,NSE,STK,21614,INE674K01013,ABCAPITAL,EQ,,,,,ADITYA BIRLA CAPITAL LTD.,419.00,420.50,404.70,408.05,408.05,421.50,,408.83,,,4840967,1978763760.70,51253,F1,1,,,,,
2026-08-07,2026-08-07,CM,NSE,STK,30108,INE647O01011,ABFRL,EQ,,,,,ADITYA BIRLA FASHION & RT,63.26,63.82,62.30,63.33,63.41,63.26,,63.33,,,6582044,415586734.03,28482,F1,1,,,,,
2026-08-07,2026-08-07,CM,NSE,STK,756843,INE14LE01019,ABLBL,EQ,,,,,ADITYA BIRLA LIFES BRAN L,94.66,94.94,93.50,93.86,94.29,94.66,,93.86,,,387410,36464082.91,4845,F1,1,,,,,
2026-08-07,2026-08-07,CM,NSE,STK,15239,INE865C01022,BIRLAMONEY,EQ,,,,,ADITYA BIRLA MONEY LTD,132.21,133.99,132.00,132.30,132.29,133.53,,132.30,,,22726,3018100.49,691,F1,1,,,,,
2026-08-07,2026-08-07,CM,NSE,STK,625,INE055A01016,ABREL,EQ,,,,,ADITYA BIRLA REAL EST LTD,1400.00,1411.00,1378.00,1382.80,1381.20,1390.80,,1382.78,,,265738,369517062.50,10037,F1,1,,,,,
2026-08-07,2026-08-07,CM,NSE,STK,758858,INE819V01029,CPPLUS,EQ,,,,,ADITYA INFOTECH LIMITED,3645.00,3722.00,3640.00,3708.70,3710.00,3656.20,,3708.65,,,86067,317662379.80,10803,F1,1,,,,,
2026-08-07,2026-08-07,CM,NSE,STK,25248,INE01YQ01013,AUSL,SM,,,,,ADITYA ULTRA STEEL LTD,25.35,25.35,24.25,24.25,24.25,25.50,,24.25,,,4000,99200.00,2,F1,2000,,,,,
2026-08-07,2026-08-07,CM,NSE,STK,25984,INE679V01027,AVL,EQ,,,,,ADITYA VISION LIMITED,627.00,630.50,617.00,618.45,617.25,629.70,,618.45,,,85408,53220098.85,6480,F1,1,,,,,
2026-08-07,2026-08-07,CM,NSE,STK,23804,INF209KB18D3,BSLGOLDETF,EQ,,,,,ADITYBIRLA SL GOLD ETF-GR,130.06,131.50,129.05,131.25,129.05,130.06,,131.25,,,152676,19980462.53,1726,F1,1,,,,,
2026-08-07,2026-08-07,CM,NSE,STK,24781,INF209KB19D1,BSLNIFTY,EQ,,,,,ADITYBIRLA SL NIF ETF-GR,28.70,29.77,28.70,28.96,28.90,29.05,,28.96,,,785699,22718588.73,4762,F1,1,,,,,
2026-08-07,2026-08-07,CM,NSE,STK,34,INE045A01017,ADOR,EQ,,,,,ADOR WELDING LTD,1472.00,1500.00,1461.20,1483.40,1465.00,1484.80,,1483.40,,,23430,34771853.40,3320,F1,1,,,,,
2026-08-07,2026-08-07,CM,NSE,STK,4953,INE737B01033,ADROITINFO,EQ,,,,,ADROIT INFOTECH LIMITED,9.81,10.03,9.73,9.92,10.03,9.81,,9.92,,,19285,190782.72,101,F1,1,,,,,
2026-08-07,2026-08-07,CM,NSE,STK,760657,INE0ALI01010,ADVAIT,EQ,,,,,ADVAIT ENRGY TRANSITION L,2324.00,2442.00,2131.00,2193.30,2191.00,2313.10,,2193.44,,,317013,725772463.50,34487,F1,1,,,,,
2026-08-07,2026-08-07,CM,NSE,STK,759402,INE1B0W01010,ADVANCE,EQ,,,,,ADVANCE AGROLIFE LIMITED,130.00,131.73,126.05,127.18,127.55,129.78,,127.18,,,565726,72886653.97,8218,F1,1,,,,,
2026-08-07,2026-08-07,CM,NSE,STK,18039,INE837H01020,ADVENZYMES,EQ,,,,,ADVANCED ENZYME TECH LTD,329.80,332.00,322.00,324.35,323.90,329.80,,324.35,,,177783,57943758.10,4956,F1,1,,,,,
2026-08-07,2026-08-07,CM,NSE,STK,14745,INE199C01026,ADVANIHOTR,EQ,,,,,ADVANI HOT.& RES.(I) LTD,50.77,51.02,50.05,50.19,50.31,50.77,,50.19,,,35305,1778433.38,501,F1,1,,,,,
2026-08-07,2026-08-07,CM,NSE,STK,759769,INE28GN01010,ADVENTHTL,EQ,,,,,ADVENT HOTELS INTERNATI L,148.50,148.95,144.57,147.67,147.70,146.80,,147.67,,,167529,24726491.18,2511,F1,1,,,,,
2026-08-07,2026-08-07,CM,NSE,STK,762227,INE1SJO01012,RAMBHAJO,EQ,,,,,ADVIT JEWELS LIMITED,186.80,198.00,182.10,185.21,184.50,186.60,,185.22,,,373777,71194874.54,6817,F1,1,,,,,
2026-08-07,2026-08-07,CM,NSE,STK,40,INE208C01025,AEGISLOG,EQ,,,,,AEGIS LOGISTICS LIMITED,1423.00,1470.00,1351.10,1371.00,1363.00,1400.00,,1371.18,,,1673750,2338352724.50,63275,F1,1,,,,,
2026-08-07,2026-08-07,CM,NSE,STK,757336,INE0INX01018,AEGISVOPAK,EQ,,,,,AEGIS VOPAK TERMINALS LTD,287.05,294.95,282.20,285.30,285.00,288.70,,285.30,,,813122,233766331.55,15060,F1,1,,,,,
2026-08-07,2026-08-07,CM,NSE,STK,761340,INE423A07484,860AEL28,NH,,,,,AEL 8.60% 2028 SR I,1043.00,1043.00,1043.00,1043.00,1043.00,1042.22,,1043.00,,,5,5215.00,1,F1,1,,,,,
2026-08-07,2026-08-07,CM,NSE,STK,761345,INE423A07518,862AEL31,NM,,,,,AEL 8.62% 2031 SR VI,1007.00,1015.00,1007.00,1015.00,1015.00,1005.55,,1059.90,,,23,23271.00,3,F1,1,,,,,
2026-08-07,2026-08-07,CM,NSE,STK,761346,INE423A07526,890AEL31,NN,,,,,AEL 8.90% 2031 SR VII,1050.98,1051.00,1050.00,1050.21,1050.00,1049.95,,1050.15,,,1556,1634881.68,17,F1,1,,,,,
2026-08-07,2026-08-07,CM,NSE,STK,757874,INE423A07443,9AEL30,NE,,,,,AEL 9% 2030 SR VI,1044.85,1044.95,1044.85,1044.95,1044.95,1022.50,,1044.95,,,20,20898.00,2,F1,1,,,,,
2026-08-07,2026-08-07,CM,NSE,STK,757872,INE423A07435,915AEL28,NC,,,,,AEL 9.15% 2028 SR IV,1019.01,1020.00,1019.00,1019.15,1020.00,1019.24,,1019.15,,,326,332214.99,7,F1,1,,,,,
2026-08-07,2026-08-07,CM,NSE,STK,760234,INE947N01017,AEQUS,EQ,,,,,AEQUS LIMITED,240.00,252.00,239.76,248.31,247.50,239.05,,248.32,,,5616343,1389554945.76,61611,F1,1,,,,,
2026-08-07,2026-08-07,CM,NSE,STK,12015,INE065D01027,AEROENTER,EQ,,,,,AEROFLEX ENTERPRISES LTD,130.49,131.59,125.71,126.39,126.50,130.32,,126.39,,,271628,34668897.77,3252,F1,1,,,,,
2026-08-07,2026-08-07,CM,NSE,STK,18268,INE024001021,AEROFLEX,EQ,,,,,AEROFLEX INDUSTRIES LTD,432.00,443.00,423.00,426.10,426.00,438.50,,426.11,,,1114794,479186113.95,22876,F1,1,,,,,
2026-08-07,2026-08-07,CM,NSE,STK,13689,INE035801013,AERONEU,EQ,,,,,AEROFLEX NEU LIMITED,85.00,86.86,84.52,84.95,84.52,85.44,,84.95,,,41797,3579014.30,371,F1,1,,,,,
2026-08-07,2026-08-07,CM,NSE,STK,25065,INE0WL801011,AERON,SM,,,,,AERON COMPOSITE LIMITED,76.35,77.90,76.35,77.90,77.90,77.55,,77.90,,,2000,154250.00,2,F1,1000,,,,,
2026-08-07,2026-08-07,CM,NSE,STK,9810,INE0BWX01014,AETHER,EQ,,,,,AETHER INDUSTRIES LIMITED,1580.00,1612.00,1580.00,1591.60,1590.00,1584.40,,1591.51,,,165723,264988087.10,13278,F1,1,,,,,
2026-08-07,2026-08-07,CM,NSE,STK,25977,INE101I01011,AFCONS,EQ,,,,,AFCONS INFRASTRUCTURE LTD,279.00,285.80,268.75,274.25,273.55,278.75,,274.12,,,1190862,331819203.80,20496,F1,1,,,,,
2026-08-07,2026-08-07,CM,NSE,STK,11343,INE00WC01027,AFFLE,EQ,,,,,AFFLE 3I LIMITED,1691.20,1720.10,1593.50,1645.60,1620.00,1688.70,,1645.38,,,310792,523154569.70,29581,F1,1,,,,,
2026-08-07,2026-08-07,CM,NSE,STK,25857,INE692Z01013,AFFORDABLE,BE,,,,,AFFORD ROBO & AUTO LTD,200.20,200.20,193.01,196.05,197.00,190.85,,196.65,,,23434,4635335.87,391,F1,1,,,,,
2026-08-07,2026-08-07,CM,NSE,STK,759446,INE916Y07032,12AFIL27,N0,,,,,AFIL 12% 2027 SR 1,10012.99,10012.99,9962.93,9962.93,9962.93,10006.10,,9962.93,,,20,199759.20,2,F1,1,,,,,
2026-08-07,2026-08-07,CM,NSE,STK,759283,INE916Y07057,12AFIL28,N0,,,,,AFIL 12% 2028,9952.00,9952.00,9901.00,9901.00,9901.00,9852.00,,9901.00,,,2,19853.00,2,F1,1,,,,,
2026-08-07,2026-08-07,CM,NSE,STK,3389,INE204E01012,AGARIND,EQ,,,,,AGARWAL INDS CORP LTD.,520.00,526.35,511.10,514.55,511.20,524.20,,514.49,,,18020,9304489.05,974,F1,1,,,,,
2026-08-07,2026-08-07,CM,NSE,STK,27309,INE0P8X01016,AGARWALTUF,SM,,,,,AGARWAL TOUGH GLASS IND L,152.80,152.80,148.00,149.75,149.00,151.10,,149.75,,,25200,3766380.00,21,F1,1200,,,,,
2026-08-07,2026-08-07,CM,NSE,STK,1412,INE415A01038,AGI,EQ,,,,,AGI GREENPAC LIMITED,705.10,713.80,705.10,709.80,709.40,710.55,,709.88,,,35018,24858958.20,1921,F1,1,,,,,
2026-08-07,2026-08-07,CM,NSE,STK,24445,INE976R01033,AGIIL,EQ,,,,,AGI INFRA LIMITED,302.90,308.05,301.75,302.95,303.90,304.35,,302.95,,,375763,114589608.35,5134,F1,1,,,,,
2026-08-07,2026-08-07,CM,NSE,STK,11076,INE449G01018,AGRITECH,BE,,,,,AGRI-TECH (INDIA) LIMITED,112.79,112.79,107.10,111.40,111.80,109.02,,111.40,,,5496,601973.60,115,F1,1,,,,,
2026-08-07,2026-08-07,CM,NSE,STK,9046,INE740V01019,AGROPHOS,EQ,,,,,AGRO PHOS INDIA LIMITED,28.03,28.78,28.00,28.40,28.49,28.46,,28.40,,,5285,149282.41,90,F1,1,,,,,
2026-08-07,2026-08-07,CM,NSE,STK,759202,INE583L01014,AGSTRA,BZ,,,,,AGS TRANSACT TECH LTD,2.07,2.10,2.00,2.04,2.05,2.04,,2.03,,,126518,258461.54,243,F1,1,,,,,
2026-08-07,2026-08-07,CM,NSE,STK,2004,INE00PV01013,AHLADA,EQ,,,,,AHLADA ENGINEERS LIMITED,36.48,39.23,36.48,38.20,38.20,37.57,,38.20,,,9215,350440.63,82,F1,1,,,,,
2026-08-07,2026-08-07,CM,NSE,STK,17833,INE758C01029,AHLUCONT,EQ,,,,,AHLUWALIA CONT IND LTD,832.70,832.70,810.00,822.30,822.00,829.25,,822.85,,,15989,13153678.15,2682,F1,1,,,,,
2026-08-07,2026-08-07,CM,NSE,STK,13086,INE212H01026,AIAENG,EQ,,,,,AIA ENGINEERING LIMITED,4804.00,4848.20,4751.10,4776.00,4780.00,4795.40,,4774.58,,,46225,221784960.30,9642,F1,1,,,,,
2026-08-07,2026-08-07,CM,NSE,STK,23984,INE0RUV01018,AIMTRON,SM,,,,,AIMTRON ELECTRONICS LTD,1640.10,1663.00,1625.00,1656.40,1653.00,1631.95,,1656.40,,,36200,59399680.00,156,F1,200,,,,,
2026-08-07,2026-08-07,CM,NSE,STK,9878,INE805A01014,GOLDTECH,BE,,,,,AION-TECH SOLUTIONS LTD,54.71,55.00,52.37,53.81,53.90,54.16,,53.81,,,23520,1254327.98,174,F1,1,,,,,
2026-08-07,2026-08-07,CM,NSE,STK,9897,INE645W01026,AIRAN,EQ,,,,,AIRAN LIMITED,15.05,15.17,14.96,15.09,15.15,15.05,,15.10,,,42489,640493.67,208,F1,1,,,,,
2026-08-07,2026-08-07,CM,NSE,STK,6068,INE801L01010,AIROLAM,EQ,,,,,AIRO LAM LIMITED,90.00,90.00,87.01,89.27,90.00,90.80,,89.27,,,969,86277.08,22,F1,1,,,,,
2026-08-07,2026-08-07,CM,NSE,STK,8124,INE031B01049,AJANTPHARM,EQ,,,,,AJANTA PHARMA LIMITED,3456.00,3499.90,3449.00,3489.20,3480.00,3470.40,,3488.92,,,34852,121308066.50,8485,F1,1,,,,,
2026-08-07,2026-08-07,CM,NSE,STK,29624,INE274Y01021,AJAXENGG,EQ,,,,,AJAX ENGINEERING LIMITED,568.05,569.45,555.00,565.40,565.00,568.05,,565.39,,,71665,40252164.35,4834,F1,1,,,,,
2026-08-07,2026-08-07,CM,NSE,STK,17307,INE298G01035,AJMERA,EQ,,,,,AJMERA REALTY & INF I LTD,123.00,125.00,122.86,123.65,123.10,123.47,,123.66,,,246846,30588637.19,3049,F1,1,,,,,
2026-08-07,2026-08-07,CM,NSE,STK,3403,INE820Y01021,AJOONI,EQ,,,,,AJOONI BIOTECH LIMITED,3.97,3.99,3.80,3.86,3.91,3.91,,3.86,,,223149,874453.85,403,F1,1,,,,,
2026-08-07,2026-08-07,CM,NSE,STK,21132,INE0PCY01014,AKANKSHA,ST,,,,,AKANKSHA POWER N INFRA L,116.40,116.40,116.40,116.40,116.40,110.90,,116.40,,,70000,8148000.00,41,F1,1000,,,,,
2026-08-07,2026-08-07,CM,NSE,STK,13510,INE737W01013,AKASH,EQ,,,,,AKASH INFRA-PROJECTS LTD,27.29,27.29,26.00,26.32,26.66,26.45,,26.32,,,4896,129350.13,56,F1,1,,,,,
2026-08-07,2026-08-07,CM,NSE,STK,2176,INE00Y801016,AKG,EQ,,,,,AKG EXIM LIMITED,8.94,8.94,8.62,8.70,8.63,8.65,,8.70,,,21973,192127.82,150,F1,1,,,,,
2026-08-07,2026-08-07,CM,NSE,STK,14890,INE642Z01026,AKI,EQ,,,,,AKI INDIA LIMITED,4.52,4.57,4.34,4.48,4.45,4.50,,4.48,,,127457,573811.92,359,F1,1,,,,,
2026-08-07,2026-08-07,CM,NSE,STK,24307,INE0PMR01017,AKIKO,ST,,,,,AKIKO GLOBAL SERVICES L,330.00,330.00,320.60,321.25,320.60,337.30,,321.25,,,16800,5451280.00,21,F1,800,,,,,
2026-08-07,2026-08-07,CM,NSE,STK,24159,INE916Y01027,AFIL,EQ,,,,,AKME FINTRADE (INDIA) LTD,9.15,9.34,9.07,9.12,9.14,9.06,,9.12,,,317924,2917501.58,648,F1,1,,,,,
2026-08-07,2026-08-07,CM,NSE,STK,8595,INE523B01011,AKSHOPTFBR,BE,,,,,AKSH OPTIFIBRE  LTD,6.65,6.90,6.55,6.79,6.85,6.58,,6.78,,,412621,2806280.64,635,F1,1,,,,,
2026-08-07,2026-08-07,CM,NSE,STK,9558,INE256Z01025,AKSHAR,EQ,,,,,AKSHAR SPINTEX LIMITED,0.44,0.44,0.41,0.41,0.42,0.44,,0.41,,,1747593,733465.64,517,F1,1,,,,,
2026-08-07,2026-08-07,CM,NSE,STK,20194,INE542B01011,AKSHARCHEM,BE,,,,,AKSHARCHEM INDIA LIMITED,285.90,285.90,275.00,278.23,278.00,280.84,,278.09,,,3410,963495.71,97,F1,1,,,,,
2026-08-07,2026-08-07,CM,NSE,STK,24715,INE09XN01023,AKUMS,EQ,,,,,AKUMS DRUGS AND PHARMA L,672.00,703.00,665.85,697.45,695.00,662.55,,697.42,,,637075,441233473.90,24013,F1,1,,,,,
2026-08-07,2026-08-07,CM,NSE,STK,9921,INE914E01040,ALANKIT,EQ,,,,,ALANKIT LIMITED,8.10,8.17,7.93,8.08,8.10,8.09,,8.08,,,84358,685052.14,510,F1,1,,,,,
2026-08-07,2026-08-07,CM,NSE,STK,17256,INE155C01010,ALBERTDAVD,EQ,,,,,ALBERT DAVID LIMITED,825.00,857.90,785.05,822.85,809.90,730.55,,822.72,,,299179,248885421.25,14354,F1,1,,,,,
2026-08-07,2026-08-07,CM,NSE,STK,79,INE426A01027,ALEMBICLTD,EQ,,,,,ALEMBIC LIMITED,86.66,86.97,84.01,84.75,84.69,86.66,,84.75,,,405809,34606762.22,3739,F1,1,,,,,
2026-08-07,2026-08-07,CM,NSE,STK,25328,INE901L01018,APLLTD,EQ,,,,,ALEMBIC PHARMA LTD,835.00,851.85,825.50,830.10,833.75,834.45,,830.09,,,156108,130546631.75,15058,F1,1,,,,,
2026-08-07,2026-08-07,CM,NSE,STK,761270,INE598D01035,ALGOQUANT,EQ,,,,,ALGOQUANT FINTECH LIMITED,66.37,69.55,65.10,67.21,67.00,66.15,,67.20,,,1450184,97080887.36,5278,F1,1,,,,,
2026-08-07,2026-08-07,CM,NSE,STK,13656,INE062D01024,ALICON,EQ,,,,,ALICON CASTALLOY LIMITED,744.40,753.00,710.00,742.75,745.00,737.90,,742.79,,,202525,145741578.75,4073,F1,1,,,,,
2026-08-07,2026-08-07,CM,NSE,STK,5265,INE03Q201024,ALIVUS,EQ,,,,,ALIVUS LIFE SCIENCES LTD,1329.50,1345.00,1315.50,1329.80,1322.50,1325.20,,1329.76,,,85268,113509036.50,8847,F1,1,,,,,
2026-08-07,2026-08-07,CM,NSE,STK,16963,INE773I01017,ALKALI,BE,,,,,ALKALI METALS LTD,68.70,68.70,66.01,67.23,67.25,68.70,,67.23,,,4327,290427.15,61,F1,1,,,,,
2026-08-07,2026-08-07,CM,NSE,STK,11703,INE540L01014,ALKEM,EQ,,,,,ALKEM LABORATORIES LTD.,5520.50,5647.50,5506.00,5620.00,5620.00,5597.50,,5620.00,,,76165,426887039.00,11310,F1,1,,,,,
2026-08-07,2026-08-07,CM,NSE,STK,4487,INE150B01039,ALKYLAMINE,EQ,,,,,ALKYL AMINES CHEM. LTD,1930.00,1931.70,1888.20,1893.90,1893.00,1921.90,,1893.98,,,61537,116933481.10,8850,F1,1,,,,,
2026-08-07,2026-08-07,CM,NSE,STK,13212,INE0M2X01012,ALLETEC,ST,,,,,ALL E TECHNOLOGIES LTD,132.00,135.00,131.10,134.05,134.50,130.65,,134.05,,,11200,1488340.00,24,F1,400,,,,,
2026-08-07,2026-08-07,CM,NSE,STK,758448,INE0GV601021,ALLTIME,EQ,,,,,ALL TIME PLASTICS LIMITED,217.82,224.00,214.50,219.59,218.05,217.82,,219.58,,,127675,28008974.45,2680,F1,1,,,,,
2026-08-07,2026-08-07,CM,NSE,STK,763784,INE1YPB01014,AGL,EQ,,,,,ALLCARGO GLOBAL LIMITED,14.47,14.63,13.56,13.84,13.80,14.46,,13.84,,,5613366,78301786.32,13120,F1,1,,,,,
2026-08-07,2026-08-07,CM,NSE,STK,13501,INE418H01029,ALLCARGO,EQ,,,,,ALLCARGO LOGISTICS LTD,9.94,10.00,8.80,9.26,9.33,9.76,,9.26,,,81098236,748443647.15,55113,F1,1,,,,,
2026-08-07,2026-08-07,CM,NSE,STK,17778,INE0NN701020,ATL,EQ,,,,,ALLCARGO TERMINALS LTD,26.30,26.30,25.00,25.07,25.06,25.57,,25.07,,,244944,6225642.38,1635,F1,1,,,,,
2026-08-07,2026-08-07,CM,NSE,STK,11798,INE835G01018,ALLDIGI,EQ,,,,,ALLDIGI TECH LIMITED,808.80,812.90,804.70,810.35,810.30,808.80,,810.36,,,6413,5193362.60,216,F1,1,,,,,
2026-08-07,2026-08-07,CM,NSE,STK,24308,INE552Z01027,ABDL,EQ,,,,,ALLIED BLEND N DISTILS L,608.70,617.75,584.75,599.25,596.00,605.00,,599.21,,,551365,329889585.25,21654,F1,1,,,,,
2026-08-07,2026-08-07,CM,NSE,STK,14813,INE102I01027,ADSL,EQ,,,,,ALLIED DIGITAL SERV. LTD,116.50,116.50,113.31,114.39,113.90,116.92,,114.38,,,171844,19682338.24,2843,F1,1,,,,,
2026-08-07,2026-08-07,CM,NSE,STK,16719,INE326B01035,ALMONDZ,EQ,,,,,ALMONDZ GLOBAL SEC LTD,14.12,15.61,14.12,14.47,14.45,14.35,,14.48,,,107720,1600830.47,363,F1,1,,,,,
2026-08-07,2026-08-07,CM,NSE,STK,17675,INE270A01029,ALOKINDS,EQ,,,,,ALOK INDUSTRIES LIMITED,11.98,12.06,11.94,11.97,11.98,11.98,,11.97,,,1650176,19810132.63,3245,F1,1,,,,,
2026-08-07,2026-08-07,CM,NSE,STK,14848,INE385I01010,ALPA,EQ,,,,,ALPA LABORATORIES LTD,69.97,70.31,67.55,68.09,68.10,69.97,,68.09,,,26661,1828885.57,368,F1,1,,,,,
2026-08-07,2026-08-07,CM,NSE,STK,22688,INE0R4701017,ALPEXSOLAR,SM,,,,,ALPEX SOLAR LIMITED,818.00,820.00,801.00,803.95,802.20,815.20,,803.95,,,34600,27879295.00,258,F1,100,,,,,
2026-08-07,2026-08-07,CM,NSE,STK,14597,INE137C01018,ALPHAGEO,EQ,,,,,ALPHAGEO (INDIA) LIMITED,233.57,237.99,226.99,230.64,228.71,233.57,,230.64,,,10869,2513055.81,365,F1,1,,,,,
2026-08-07,2026-08-07,CM,NSE,STK,764186,INE1JCQ01037,ALPINETEX,EQ,,,,,ALPINE TEXWORLD LIMITED,65.30,66.00,63.02,63.27,63.50,66.25,,63.26,,,320989,20622358.63,4810,F1,1,,,,,
2026-08-07,2026-08-07,CM,NSE,STK,23474,INE0STM01017,ALUWIND,SM,,,,,ALUWIND INFRA-TECH LTD,50.90,51.00,49.15,49.20,49.20,50.40,,49.20,,,7500,376875.00,4,F1,1500,,,,,
2026-08-07,2026-08-07,CM,NSE,STK,760740,INE121R01077,AMAGI,EQ,,,,,AMAGI MEDIA LABS LIMITED,651.00,679.00,641.15,646.95,642.20,649.10,,646.96,,,476981,313496085.85,41974,F1,1,,,,,
2026-08-07,2026-08-07,CM,NSE,STK,758910,INE084K01015,AMANTA,BE,,,,,AMANTA HEALTHCARE LIMITED,166.15,166.15,166.15,166.15,166.15,169.54,,166.25,,,2207,366693.05,44,F1,1,,,,,
2026-08-07,2026-08-07,CM,NSE,STK,100,INE885A01032,ARE&M,EQ,,,,,AMARA RAJA ENERGY MOB LTD,928.15,945.00,928.15,931.70,934.00,927.45,,931.76,,,498855,466838808.60,24560,F1,1,,,,,
2026-08-07,2026-08-07,CM,NSE,STK,763256,INE293601014,AMBAAUTO,SM,,,,,AMBA AUTO SALES AND SER L,101.00,106.45,101.00,103.30,106.45,101.50,,103.30,,,81000,8370300.00,16,F1,1000,,,,,
2026-08-07,2026-08-07,CM,NSE,STK,762543,INE432A01017,AMBALALSA,EQ,,,,,AMBALAL SARABHAI ENT L,44.03,47.40,44.03,46.73,47.00,43.70,,46.70,,,653520,30347327.87,3479,F1,1,,,,,
2026-08-07,2026-08-07,CM,NSE,STK,4083,INE00C501018,AMBANIORGO,SM,,,,,AMBANI ORGOCHEM LIMITED,106.60,106.60,106.60,106.60,106.60,106.50,,106.60,,,1000,106600.00,1,F1,1000,,,,,
2026-08-07,2026-08-07,CM,NSE,STK,1185,INE371P01015,AMBER,EQ,,,,,AMBER ENTERPRISES (I) LTD,7424.00,7557.00,7329.00,7435.00,7435.00,7425.00,,7434.48,,,210061,1561859282.50,30952,F1,1,,,,,
2026-08-07,2026-08-07,CM,NSE,STK,11496,INE792B01012,AMBICAAGAR,EQ,,,,,AMBICA AGAR & AROMAINDLTD,25.35,25.50,24.70,24.89,24.70,24.83,,24.79,,,1877,46753.13,53,F1,1,,,,,
2026-08-07,2026-08-07,CM,NSE,STK,15234,INE540G01014,AMBIKCO,EQ,,,,,AMBIKA COTTON MILL LTD.,1834.90,1931.00,1823.00,1904.30,1897.70,1826.00,,1904.26,,,83658,157188359.10,8207,F1,1,,,,,
2026-08-07,2026-08-07,CM,NSE,STK,1270,INE079A01024,AMBUJACEM,EQ,,,,,AMBUJA CEMENTS LTD,438.00,438.00,431.80,434.00,434.00,436.50,,434.00,,,2026621,878977552.30,26577,F1,1,,,,,
2026-08-07,2026-08-07,CM,NSE,STK,14398,INE005I01014,AMDIND,EQ,,,,,AMD INDUSTRIES LIMITED,47.45,47.45,46.00,46.87,46.95,46.39,,46.87,,,13873,644617.55,123,F1,1,,,,,
2026-08-07,2026-08-07,CM,NSE,STK,19867,INE275D01022,AMNPLST,EQ,,,,,AMINES & PLASTICIZERS LTD,194.04,196.80,193.25,194.70,194.99,195.43,,194.70,,,10971,2134167.94,316,F1,1,,,,,
2026-08-07,2026-08-07,CM,NSE,STK,761670,INE05TO01019,AEROPLANE,EQ,,,,,AMIR CHAND JAG KUM (E) L,199.00,199.50,186.96,194.37,194.15,196.80,,194.37,,,691566,134454256.15,4460,F1,1,,,,,
2026-08-07,2026-08-07,CM,NSE,STK,2598,INE606A01024,AMJLAND,EQ,,,,,AMJ LAND HOLDINGS LIMITED,38.78,39.50,38.50,39.36,39.30,38.97,,39.36,,,20107,784902.38,143,F1,1,,,,,
2026-08-07,2026-08-07,CM,NSE,STK,17547,INE098F01031,AMRUTANJAN,EQ,,,,,AMRUTAJAN HEALTH LTD,520.00,526.90,515.10,521.40,523.00,520.00,,521.55,,,34199,17770118.95,2617,F1,1,,,,,
2026-08-07,2026-08-07,CM,NSE,STK,759956,INE549H01021,ARSSBL,EQ,,,,,ANAND RATHI SH N STK BR L,511.00,516.00,479.20,504.00,504.70,510.80,,503.59,,,260556,131818702.65,7056,F1,1,,,,,
2026-08-07,2026-08-07,CM,NSE,STK,7145,INE463V01026,ANANDRATHI,EQ,,,,,ANAND RATHI WEALTH LTD,2081.50,2107.00,2061.00,2101.50,2101.00,2071.50,,2101.45,,,202601,423072358.80,15192,F1,1,,,,,
2026-08-07,2026-08-07,CM,NSE,STK,13620,INE242C01024,ANANTRAJ,EQ,,,,,ANANT RAJ LIMITED,616.95,627.30,613.50,615.90,613.50,617.40,,615.90,,,1039127,645732523.40,22870,F1,1,,,,,
2026-08-07,2026-08-07,CM,NSE,STK,759363,INE1UA823019,ANANTAM,IV,,,,,ANANTAM HIGHWAYS TRUST,105.30,105.50,105.00,105.47,105.25,104.74,,105.47,,,249861,26273140.67,188,F1,1,,,,,
2026-08-07,2026-08-07,CM,NSE,STK,758427,INE0VG001016,AMCL,SM,,,,,ANB METAL CAST LIMITED,404.00,404.00,395.00,395.00,395.00,392.25,,395.00,,,1200,477600.00,3,F1,400,,,,,
2026-08-07,2026-08-07,CM,NSE,STK,15420,INE666E01020,ACL,EQ,,,,,ANDHRA CEMENTS LIMITED,47.26,48.70,47.26,47.95,47.99,47.99,,47.95,,,11279,541734.83,196,F1,1,,,,,
2026-08-07,2026-08-07,CM,NSE,STK,166,INE435A01051,ANDHRAPAP,EQ,,,,,ANDHRA PAPER LIMITED,60.12,61.18,59.70,59.85,59.85,60.68,,59.85,,,295780,17740244.24,1313,F1,1,,,,,
2026-08-07,2026-08-07,CM,NSE,STK,136,INE715B01021,ANDHRSUGAR,EQ,,,,,ANDHRA SUGARS LTD,87.34,89.70,86.25,87.98,89.00,87.12,,88.00,,,641894,56687562.74,5635,F1,1,,,,,
2026-08-07,2026-08-07,CM,NSE,STK,324,INE732I01021,ANGELONE,EQ,,,,,ANGEL ONE LIMITED,297.05,298.75,289.05,292.00,292.00,297.10,,292.01,,,4094497,1194766447.55,56056,F1,1,,,,,
2026-08-07,2026-08-07,CM,NSE,STK,16657,INE087B01017,ANIKINDS,EQ,,,,,ANIK INDUSTRIES LTD,42.25,44.15,42.25,43.00,43.00,43.09,,43.00,,,792,34249.59,45,F1,1,,,,,
2026-08-07,2026-08-07,CM,NSE,STK,20453,INE071F01012,APCL,EQ,,,,,ANJANI PORTLAND CEM LTD,102.55,106.50,101.35,102.14,101.55,105.43,,102.22,,,11308,1162280.78,343,F1,1,,,,,
2026-08-07,2026-08-07,CM,NSE,STK,25878,INE106I01010,ANKITMETAL,BZ,,,,,ANKIT MET & POW LTD,1.57,1.60,1.56,1.59,1.59,1.57,,1.59,,,15074,24005.70,42,F1,1,,,,,
2026-08-07,2026-08-07,CM,NSE,STK,758968,INE0Y8W01025,AHCL,EQ,,,,,ANLON HEALTHCARE LIMITED,14.14,14.70,13.97,14.55,14.61,14.21,,14.55,,,3203483,45690779.71,3601,F1,1,,,,,
2026-08-07,2026-08-07,CM,NSE,STK,13664,INE0LR101013,ANLON,ST,,,,,ANLON TECHNOLOGY SOL LTD,599.00,615.00,588.00,598.05,598.05,600.00,,598.05,,,8800,5279220.00,18,F1,400,,,,,
2026-08-07,2026-08-07,CM,NSE,STK,3727,INE02AR01019,ANMOL,EQ,,,,,ANMOL INDIA LIMITED,10.14,10.35,9.95,10.33,10.15,10.02,,10.33,,,28962,296567.33,183,F1,1,,,,,
2026-08-07,2026-08-07,CM,NSE,STK,11198,INE0MGM01017,ANNAPURNA,SM,,,,,ANNAPURNA SWADISHT LTD,154.95,165.00,154.00,156.55,155.30,150.40,,156.55,,,143750,22835762.50,380,F1,250,,,,,
2026-08-07,2026-08-07,CM,NSE,STK,758740,INE0VTV01012,ANONDITA,SM,,,,,ANONDITA MEDICARE LIMITED,1015.50,1055.85,1015.05,1040.70,1043.90,1027.40,,1040.70,,,18400,19090240.00,85,F1,200,,,,,
2026-08-07,2026-08-07,CM,NSE,STK,19677,INE436A01026,ANSALAPI,BZ,,,,,ANSAL PROP & INFRA LTD,3.64,3.64,3.50,3.55,3.58,3.57,,3.55,,,11673,41590.39,64,F1,1,,,,,
2026-08-07,2026-08-07,CM,NSE,STK,5194,INE414B01021,ANTGRAPHIC,EQ,,,,,ANTARCTICA LTD,0.75,0.77,0.73,0.74,0.74,0.75,,0.74,,,94435,70707.88,169,F1,1,,,,,
2026-08-07,2026-08-07,CM,NSE,STK,13598,INE818A01017,ANTELOPUS,EQ,,,,,ANTELOPUS SELAN ENRGY LTD,861.00,874.90,795.00,799.45,800.00,860.40,,799.47,,,221330,181792762.15,11693,F1,1,,,,,
2026-08-07,2026-08-07,CM,NSE,STK,757885,INE0CZ201020,ANTHEM,EQ,,,,,ANTHEM BIOSCIENCES LTD,828.00,844.90,823.55,841.00,841.00,825.65,,840.99,,,472590,395873907.10,30344,F1,1,,,,,
2026-08-07,2026-08-07,CM,NSE,STK,1797,INE01BK01022,AWHCL,EQ,,,,,ANTONY WASTE HDG CELL LTD,435.05,437.45,413.05,415.75,418.00,426.20,,415.77,,,193441,81377116.40,8030,F1,1,,,,,
2026-08-07,2026-08-07,CM,NSE,STK,28314,INE489G01022,ANUHPHR,EQ,,,,,ANUH PHARMA LIMITED,79.31,81.74,78.37,79.32,79.88,79.31,,79.39,,,103463,8246126.95,2073,F1,1,,,,,
2026-08-07,2026-08-07,CM,NSE,STK,2829,INE930P01018,ANURAS,EQ,,,,,ANUPAM RASAYAN INDIA LTD,1213.00,1222.00,1208.50,1214.60,1211.00,1213.00,,1214.59,,,315118,382756110.80,7017,F1,1,,,,,
2026-08-07,2026-08-07,CM,NSE,STK,28983,INE0SI601032,ANYA,SM,,,,,ANYA POLYTECH & FERTI LTD,15.20,15.30,15.00,15.25,15.25,15.25,,15.25,,,60000,903750.00,6,F1,5000,,,,,
2026-08-07,2026-08-07,CM,NSE,STK,758904,INF1J2R01114,AONEGOLD,EQ,,,,,AONEAMC - AONEGOLD,14.14,14.14,13.71,13.92,13.91,13.80,,13.92,,,651213,9030757.98,1269,F1,1,,,,,
2026-08-07,2026-08-07,CM,NSE,STK,30472,INF1J2R01056,AONELIQUID,EQ,,,,,AONEAMC - AONELIQUID,1071.79,1071.81,1071.77,1071.78,1071.79,1071.36,,1071.78,,,30961,33183618.08,160,F1,1,,,,,
2026-08-07,2026-08-07,CM,NSE,STK,757096,INF1J2R01064,AONENIFTY,EQ,,,,,AONEAMC - AONENIFTY,10.22,10.22,10.12,10.14,10.12,10.16,,10.14,,,172464,1749454.42,1148,F1,1,,,,,
2026-08-07,2026-08-07,CM,NSE,STK,760193,INF1J2R01171,AONESILVER,EQ,,,,,AONEAMC - AONESILVER,8.65,8.81,8.57,8.78,8.80,8.57,,8.78,,,1328316,11594365.10,1120,F1,1,,,,,
2026-08-07,2026-08-07,CM,NSE,STK,759992,INF1J2R01148,AONETMMQ50,EQ,,,,,AONEAMC - AONETMMQ50,10.20,10.25,10.15,10.21,10.22,10.20,,10.21,,,29458,300824.71,213,F1,1,,,,,
2026-08-07,2026-08-07,CM,NSE,STK,29975,INF1J2R01015,AONETOTAL,EQ,,,,,AONEAMC - AONETOTAL,12.18,12.20,12.07,12.11,12.13,12.10,,12.11,,,97789,1185706.14,1471,F1,1,,,,,
2026-08-07,2026-08-07,CM,NSE,STK,11491,INE372A01015,APARINDS,EQ,,,,,APAR INDUSTRIES LTD.,16126.00,16695.00,16100.00,16631.00,16599.00,16126.00,,16629.55,,,177454,2929868146.00,34853,F1,1,,,,,
2026-08-07,2026-08-07,CM,NSE,STK,154,INE116A01032,APCOTEXIND,EQ,,,,,APCOTEX INDUSTRIES LIMITE,617.00,624.95,612.00,614.80,612.35,620.60,,614.70,,,130516,80556803.55,5789,F1,1,,,,,
2026-08-07,2026-08-07,CM,NSE,STK,27291,INE0T4V01015,APEXECO,ST,,,,,APEX ECOTECH LIMITED,275.00,275.00,271.00,273.05,271.00,271.00,,273.05,,,4000,1093840.00,5,F1,800,,,,,
2026-08-07,2026-08-07,CM,NSE,STK,21623,INE346W01013,APEX,EQ,,,,,APEX FROZEN FOODS LIMITED,375.45,378.90,370.95,376.75,377.95,375.15,,376.75,,,49606,18525396.90,2278,F1,1,,,,,
2026-08-07,2026-08-07,CM,NSE,STK,25780,INE702C01027,APLAPOLLO,EQ,,,,,APL APOLLO TUBES LTD,1945.90,1970.00,1942.50,1970.00,1970.00,1945.00,,1969.90,,,404634,792432586.10,24771,F1,1,,,,,
2026-08-07,2026-08-07,CM,NSE,STK,757184,INE0TLC07077,930APMD30,N0,,,,,APMD 9.30% 2030 STRPP D,103417.79,103417.79,103000.00,103150.00,103150.00,103350.00,,103150.00,,,40,4129855.80,11,F1,1,,,,,
2026-08-07,2026-08-07,CM,NSE,STK,757170,INE0TLC07101,930APMD32,N0,,,,,APMD 9.30% 2032 STRPP F,104000.00,104000.00,104000.00,104000.00,104000.00,106000.00,,104000.00,,,30,3120000.00,2,F1,1,,,,,
2026-08-07,2026-08-07,CM,NSE,STK,157,INE437A01024,APOLLOHOSP,EQ,,,,,APOLLO HOSPITALS ENTER. L,9000.00,9000.00,8922.00,8945.00,8945.00,8974.50,,8945.08,,,273543,2451433158.50,41211,F1,1,,,,,
2026-08-07,2026-08-07,CM,NSE,STK,1134,INE713T01028,APOLLO,EQ,,,,,APOLLO MICRO SYSTEMS LTD,404.00,408.50,402.10,403.85,403.00,403.95,,403.85,,,3212891,1301256457.50,34547,F1,1,,,,,
2026-08-07,2026-08-07,CM,NSE,STK,14361,INE126J01016,APOLLOPIPE,EQ,,,,,APOLLO PIPES LIMITED,527.25,534.85,515.00,517.35,515.20,527.25,,517.35,,,170575,88984286.45,5186,F1,1,,,,,
2026-08-07,2026-08-07,CM,NSE,STK,6302,INE451F01024,APOLSINHOT,EQ,,,,,APOLLO SINDOORI HOTEL LTD,1240.20,1243.00,1204.00,1209.20,1214.00,1243.60,,1209.20,,,719,876120.70,134,F1,1,,,,,
2026-08-07,2026-08-07,CM,NSE,STK,163,INE438A01022,APOLLOTYRE,EQ,,,,,APOLLO TYRES LTD,444.50,450.00,432.15,445.00,444.85,449.70,,445.02,,,1967067,868786229.30,41308,F1,1,,,,,
2026-08-07,2026-08-07,CM,NSE,STK,24638,INE0LQG01010,APRAMEYA,SM,,,,,APRAMEYA ENGINEERING LTD,146.00,146.00,140.05,142.60,145.95,146.00,,142.60,,,19000,2711050.00,11,F1,500,,,,,
2026-08-07,2026-08-07,CM,NSE,STK,760366,INE0M2307370,915APSBC28,N0,,,,,APSBC 9.15% 2028 STRPP C,103420.00,103420.00,103420.00,103420.00,103420.00,103346.12,,103420.00,,,1,103420.00,1,F1,1,,,,,
2026-08-07,2026-08-07,CM,NSE,STK,760372,INE0M2307388,915APSBC31,N0,,,,,APSBC 9.15% 2031 STRPP F,105064.50,105064.50,105064.50,105064.50,105064.50,103500.00,,105064.50,,,2,210129.00,2,F1,1,,,,,
2026-08-07,2026-08-07,CM,NSE,STK,761435,INE1OOJ01011,APSISAERO,ST,,,,,APSIS AEROCOM LIMITED,458.75,466.10,458.75,466.10,466.10,457.00,,466.10,,,27600,12827280.00,16,F1,1200,,,,,
2026-08-07,2026-08-07,CM,NSE,STK,14074,INE266F01018,APTECHT,BE,,,,,APTECH LIMITED,96.55,99.66,95.10,96.27,96.15,97.00,,96.27,,,79466,7657882.91,405,F1,1,,,,,
2026-08-07,2026-08-07,CM,NSE,STK,5435,INE852O01025,APTUS,EQ,,,,,APTUS VALUE HSG FIN I LTD,259.10,262.70,257.10,260.65,261.35,260.80,,260.65,,,666160,173476693.35,14277,F1,1,,,,,
2026-08-07,2026-08-07,CM,NSE,STK,23365,INE416A01051,AQYLON,EQ,,,,,AQYLON NEXUS LIMITED,28.15,28.75,26.60,26.93,27.00,28.00,,26.93,,,2525807,69004011.56,5446,F1,1,,,,,
2026-08-07,2026-08-07,CM,NSE,STK,19253,INE08NJ01024,ARABIAN,SM,,,,,ARABIAN PETROLEUM LIMITED,93.50,93.50,88.05,89.65,89.10,93.50,,89.65,,,52000,4706200.00,24,F1,2000,,,,,
2026-08-07,2026-08-07,CM,NSE,STK,758670,INE0YDV01010,ARCIIL,SM,,,,,ARC INSULATION & INSU LTD,37.50,37.50,37.50,37.50,37.50,38.00,,37.50,,,1000,37500.00,1,F1,1000,,,,,
2026-08-07,2026-08-07,CM,NSE,STK,12024,INE128X01021,ACI,EQ,,,,,ARCHEAN CHEMICAL IND LTD,519.95,520.00,505.00,506.65,505.80,517.85,,506.65,,,212525,108497211.25,8923,F1,1,,,,,
2026-08-07,2026-08-07,CM,NSE,STK,245,INE0CHO01012,ADL,EQ,,,,,ARCHIDPLY DECOR LIMITED,69.62,75.98,69.62,70.76,69.82,70.10,,70.76,,,721,51115.54,32,F1,1,,,,,
2026-08-07,2026-08-07,CM,NSE,STK,16795,INE877I01016,ARCHIDPLY,EQ,,,,,ARCHIDPLY IND. LTD,83.00,92.90,82.99,89.49,90.00,82.04,,89.50,,,295022,26461846.51,1849,F1,1,,,,,
2026-08-07,2026-08-07,CM,NSE,STK,5688,INE731A01020,ARCHIES,EQ,,,,,ARCHIES LTD,14.43,14.90,14.02,14.06,14.02,14.35,,14.05,,,15156,215099.36,87,F1,1,,,,,
2026-08-07,2026-08-07,CM,NSE,STK,758700,INE784R01023,ARFIN,EQ,,,,,ARFIN INDIA LIMITED,87.40,88.50,86.23,88.03,88.00,86.98,,88.03,,,1625366,141941178.22,4518,F1,1,,,,,
2026-08-07,2026-08-07,CM,NSE,STK,13092,INE0L2Y01011,ARHAM,SM,,,,,ARHAM TECHNOLOGIES LTD,188.95,189.00,183.00,186.50,183.60,184.60,,186.50,,,44000,8185700.00,37,F1,1000,,,,,
2026-08-07,2026-08-07,CM,NSE,STK,15204,INE298I01015,ARIES,EQ,,,,,ARIES AGRO LTD.,344.25,344.70,336.00,339.25,341.85,344.05,,339.25,,,14390,4906367.05,355,F1,1,,,,,
2026-08-07,2026-08-07,CM,NSE,STK,3813,INE420B01036,ARIHANTCAP,EQ,,,,,ARIHANT CAPITAL MKTS LTD,76.31,77.80,74.25,75.47,75.00,76.79,,75.47,,,177751,13529403.11,2167,F1,1,,,,,
2026-08-07,2026-08-07,CM,NSE,STK,13885,INE413D01011,ARIHANT,EQ,,,,,ARIHANT FOUN & HOU LTD,1129.50,1138.20,1088.30,1124.60,1130.00,1130.40,,1124.76,,,2527,2818854.80,230,F1,1,,,,,
2026-08-07,2026-08-07,CM,NSE,STK,20159,INE643K01018,ARIHANTSUP,EQ,,,,,ARIHANT SUPERSTRUCT LTD,267.30,274.65,260.00,265.50,266.00,267.30,,265.49,,,56534,15156893.15,800,F1,1,,,,,
2026-08-07,2026-08-07,CM,NSE,STK,757614,INE0H9P01028,ARIS,EQ,,,,,ARISINFRA SOLUTIONS LTD,131.95,134.75,130.50,132.42,133.00,132.03,,132.44,,,1398324,186050609.26,10943,F1,1,,,,,
2026-08-07,2026-08-07,CM,NSE,STK,25398,INE0QRL01017,ARKADE,EQ,,,,,ARKADE DEVELOPERS LIMITED,139.75,142.40,139.10,140.02,139.85,139.75,,140.02,,,232077,32652113.96,2242,F1,1,,,,,
2026-08-07,2026-08-07,CM,NSE,STK,17263,INE109C01017,ARMANFIN,EQ,,,,,ARMAN FIN SERV LTD,2041.70,2086.00,2020.00,2032.00,2030.00,2031.50,,2031.99,,,65735,135267565.10,8406,F1,1,,,,,
2026-08-07,2026-08-07,CM,NSE,STK,760752,INE0TZX01019,ARMOUR,ST,,,,,ARMOUR SECURITY (INDIA) L,18.70,19.05,18.35,18.35,18.35,19.30,,18.35,,,14000,259700.00,7,F1,2000,,,,,
2026-08-07,2026-08-07,CM,NSE,STK,14557,INE210C01013,AROGRANITE,EQ,,,,,ARO GRANITE IND. LTD.,25.11,26.30,25.10,25.33,25.11,26.05,,25.32,,,9557,242390.24,159,F1,1,,,,,
2026-08-07,2026-08-07,CM,NSE,STK,9264,INE570D01018,ARROWGREEN,BE,,,,,ARROW GREENTECH LIMITED,749.10,783.40,746.25,781.40,782.00,746.10,,782.53,,,57517,44236963.55,691,F1,1,,,,,
2026-08-07,2026-08-07,CM,NSE,STK,29015,INE968D01022,ARSHIYA,BZ,,,,,ARSHIYA LIMITED,0.95,0.98,0.92,0.96,0.95,0.94,,0.96,,,856354,824505.77,91,F1,1,,,,,
2026-08-07,2026-08-07,CM,NSE,STK,6156,INE738V01013,ARTNIRMAN,EQ,,,,,ART NIRMAN LIMITED,42.50,45.92,40.36,42.49,42.11,41.75,,42.49,,,9434,408818.78,115,F1,1,,,,,
2026-08-07,2026-08-07,CM,NSE,STK,761330,INE757T01025,AEPL,EQ,,,,,ARTEMIS ELECTRICALS & P L,14.07,17.42,14.07,17.13,16.80,14.52,,17.14,,,1203391,20475719.81,3548,F1,1,,,,,
2026-08-07,2026-08-07,CM,NSE,STK,16913,INE025R01021,ARTEMISMED,EQ,,,,,ARTEMIS MED SERVICE LTD,312.85,321.95,312.00,316.30,317.00,311.70,,316.49,,,286455,90768463.00,6388,F1,1,,,,,
2026-08-07,2026-08-07,CM,NSE,STK,756899,INE0TTG01017,ARUNAYA,ST,,,,,ARUNAYA ORGANICS LIMITED,16.60,16.60,15.55,15.55,15.55,16.00,,15.55,,,6000,96800.00,3,F1,2000,,,,,
2026-08-07,2026-08-07,CM,NSE,STK,2814,INE006Z01016,ARVEE,EQ,,,,,ARVEE LABORATORIES I LTD,155.70,158.79,155.70,156.52,156.70,155.70,,156.52,,,872,137653.83,45,F1,1,,,,,
2026-08-07,2026-08-07,CM,NSE,STK,9111,INE955V01021,ARVINDFASN,EQ,,,,,ARVIND FASHIONS LIMITED,462.80,463.55,455.95,458.80,457.50,459.50,,458.81,,,76882,35329841.70,6411,F1,1,,,,,
2026-08-07,2026-08-07,CM,NSE,STK,193,INE034A01011,ARVIND,EQ,,,,,ARVIND LIMITED,546.10,562.10,545.30,560.55,561.70,546.10,,560.53,,,620498,344685293.60,26304,F1,1,,,,,
2026-08-07,2026-08-07,CM,NSE,STK,19579,INE0P4T01013,ARVINDPORT,SM,,,,,ARVIND PORT AND INFRA LTD,33.90,33.90,31.50,32.50,32.60,30.85,,32.50,,,19500,639450.00,13,F1,1500,,,,,
2026-08-07,2026-08-07,CM,NSE,STK,10457,INE034S01021,ARVSMART,EQ,,,,,ARVIND SMARTSPACES LTD,595.60,693.80,595.60,650.75,653.30,603.30,,650.65,,,6910360,4570720921.65,146109,F1,1,,,,,
2026-08-07,2026-08-07,CM,NSE,STK,5378,INE439A01020,ASAHIINDIA,EQ,,,,,ASAHI INDIA GLASS LIMITED,910.85,915.40,896.10,898.70,898.45,913.95,,898.71,,,85283,77020255.10,6872,F1,1,,,,,
2026-08-07,2026-08-07,CM,NSE,STK,25092,INE228I01012,ASAHISONG,BE,,,,,ASAHI SONGWON COLOR LTD,364.05,370.00,364.00,365.50,366.00,373.70,,365.50,,,10346,3813755.30,173,F1,1,,,,,
2026-08-07,2026-08-07,CM,NSE,STK,24711,INE0LAA01017,ASHALOG,SM,,,,,ASHAPURA LOGISTICS LTD,60.00,60.00,58.00,58.95,59.00,57.00,,58.95,,,6000,354200.00,6,F1,1000,,,,,
2026-08-07,2026-08-07,CM,NSE,STK,203,INE348A01023,ASHAPURMIN,EQ,,,,,ASHAPURA MINECHEM LTD,732.00,743.00,720.15,738.35,738.00,729.10,,738.33,,,928707,681942153.75,24753,F1,1,,,,,
2026-08-07,2026-08-07,CM,NSE,STK,24403,INE365D01021,ASHIANA,EQ,,,,,ASHIANA HOUSING LTD,389.00,389.00,375.00,375.85,378.50,381.80,,375.83,,,38841,14687741.15,1577,F1,1,,,,,
2026-08-07,2026-08-07,CM,NSE,STK,762548,INE094B01013,ASHIKAG,EQ,,,,,ASHIKA GLOBAL SEC LTD,478.00,478.00,451.00,454.40,456.00,474.05,,454.47,,,304113,141367407.50,4939,F1,1,,,,,
2026-08-07,2026-08-07,CM,NSE,STK,206,INE440A01010,ASHIMASYN,EQ,,,,,ASHIMA LTD,18.40,18.40,17.92,18.19,18.00,18.12,,18.19,,,42560,769985.04,210,F1,1,,,,,
2026-08-07,2026-08-07,CM,NSE,STK,212,INE208A01029,ASHOKLEY,EQ,,,,,ASHOK LEYLAND LTD,177.00,177.99,175.50,177.50,177.50,177.50,,177.47,,,11282040,1993850129.01,62072,F1,1,,,,,
2026-08-07,2026-08-07,CM,NSE,STK,20182,INE442H01029,ASHOKA,EQ,,,,,ASHOKA BUILDCON LTD,119.89,120.33,118.00,118.33,118.20,119.83,,118.33,,,694502,82529343.49,8900,F1,1,,,,,
2026-08-07,2026-08-07,CM,NSE,STK,16943,INE760Y01011,ASHOKAMET,EQ,,,,,ASHOKA METCAST LIMITED,14.01,14.44,14.01,14.23,14.35,14.11,,14.27,,,10760,152861.62,102,F1,1,,,,,
2026-08-07,2026-08-07,CM,NSE,STK,760418,INE1A6Q01010,ASHWINI,SM,,,,,ASHWINI CONTAINER MOVER L,190.00,190.10,189.00,189.00,189.00,189.70,,189.00,,,11000,2083700.00,9,F1,1000,,,,,
2026-08-07,2026-08-07,CM,NSE,STK,7030,INE276G01015,ASIANENE,EQ,,,,,ASIAN ENERGY SERVICES LTD,395.60,419.90,392.20,408.55,406.70,391.65,,408.56,,,680102,280847482.70,15588,F1,1,,,,,
2026-08-07,2026-08-07,CM,NSE,STK,14889,INE022I01019,ASIANTILES,EQ,,,,,ASIAN GRANITO IND. LTD.,56.00,57.90,54.00,55.11,54.01,55.98,,55.10,,,4592146,259149290.01,14657,F1,1,,,,,
2026-08-07,2026-08-07,CM,NSE,STK,19438,INE926K01017,AHLEAST,EQ,,,,,ASIAN HOTELS (EAST) LTD,141.70,144.99,141.70,143.23,144.99,142.41,,143.31,,,10896,1557952.41,76,F1,1,,,,,
2026-08-07,2026-08-07,CM,NSE,STK,18422,INE363A01022,ASIANHOTNR,EQ,,,,,ASIAN HOTELS (NORTH) LTD,316.00,324.65,310.00,312.70,314.90,316.00,,312.69,,,152771,47916600.85,2468,F1,1,,,,,
2026-08-07,2026-08-07,CM,NSE,STK,19370,INE915K01010,AHLWEST,BE,,,,,ASIAN HOTELS (WEST) LTD,526.00,540.05,526.00,540.00,540.00,542.00,,492.24,,,59,31533.40,5,F1,1,,,,,
2026-08-07,2026-08-07,CM,NSE,STK,236,INE021A01026,ASIANPAINT,EQ,,,,,ASIAN PAINTS LIMITED,2755.00,2755.00,2695.00,2735.00,2735.00,2755.00,,2734.98,,,1067986,2900458044.10,60135,F1,1,,,,,
2026-08-07,2026-08-07,CM,NSE,STK,762553,INE194D01017,ASTAR,EQ,,,,,ASIAN STAR CO. LTD.,619.90,619.90,570.05,593.05,583.00,590.00,,592.40,,,427,248453.35,64,F1,1,,,,,
2026-08-07,2026-08-07,CM,NSE,STK,20152,INE491J01022,ASKAUTOLTD,EQ,,,,,ASK AUTOMOTIVE LIMITED,663.85,674.70,630.30,634.95,638.50,678.80,,634.95,,,1290478,839221046.90,32838,F1,1,,,,,
2026-08-07,2026-08-07,CM,NSE,STK,17270,INE991I01015,ASPINWALL,EQ,,,,,ASPINWALL & CO LTD,242.03,249.63,235.00,239.41,235.00,242.03,,239.41,,,3232,787395.96,88,F1,1,,,,,
2026-08-07,2026-08-07,CM,NSE,STK,17598,INE073G01016,ASALCBR,EQ,,,,,ASSO ALCOHOLS & BREW LTD,767.25,774.10,723.00,732.90,731.55,767.25,,732.92,,,96211,71156127.35,6773,F1,1,,,,,
2026-08-07,2026-08-07,CM,NSE,STK,17728,INE563J01010,ASTEC,EQ,,,,,ASTEC LIFESCIENCES LTD,616.60,629.90,616.50,620.50,618.00,620.35,,620.61,,,9454,5863476.80,727,F1,1,,,,,
2026-08-07,2026-08-07,CM,NSE,STK,1508,INE914M01019,ASTERDM,EQ,,,,,ASTER DM QUALITY CARE LTD,840.30,875.35,836.50,869.70,870.00,844.45,,869.76,,,1037107,891683781.60,65559,F1,1,,,,,
2026-08-07,2026-08-07,CM,NSE,STK,11618,INE386C01029,ASTRAMICRO,EQ,,,,,ASTRA MICROWAVE LTD,1793.00,1849.00,1790.00,1840.00,1839.00,1802.20,,1840.00,,,224632,411567754.20,15731,F1,1,,,,,
2026-08-07,2026-08-07,CM,NSE,STK,14418,INE006I01046,ASTRAL,EQ,,,,,ASTRAL LIMITED,1440.00,1451.30,1435.00,1444.00,1444.00,1442.00,,1443.98,,,118762,171206961.70,16841,F1,1,,,,,
2026-08-07,2026-08-07,CM,NSE,STK,5610,INE203A01020,ASTRAZEN,EQ,,,,,ASTRAZENECA PHARMA IND LT,8129.00,8209.50,8050.00,8191.00,8200.00,8075.50,,8190.68,,,2409,19662834.00,838,F1,1,,,,,
2026-08-07,2026-08-07,CM,NSE,STK,880,INE646X01014,ASTRON,BE,,,,,ASTRON PAPER BORD MIL LTD,3.80,3.80,3.72,3.74,3.75,3.72,,3.74,,,12394,46619.92,57,F1,1,,,,,
2026-08-07,2026-08-07,CM,NSE,STK,15649,INE0ALR01029,ATALREAL,EQ,,,,,ATAL REALTECH LIMITED,34.72,35.50,34.72,35.30,35.14,34.64,,35.30,,,9805828,342927860.68,6787,F1,1,,,,,
2026-08-07,2026-08-07,CM,NSE,STK,15404,INE09KD01013,ATAM,EQ,,,,,ATAM VALVES LIMITED,65.80,65.80,63.90,64.69,65.57,64.61,,64.72,,,3139,203678.13,115,F1,1,,,,,
2026-08-07,2026-08-07,CM,NSE,STK,756405,INE0V0Q01019,ATCENERGY,ST,,,,,ATC ENERGIES SYSTEM LTD,25.90,25.90,25.90,25.90,25.90,26.40,,25.90,,,6000,155400.00,5,F1,1200,,,,,
2026-08-07,2026-08-07,CM,NSE,STK,757645,INE0LEZ01016,ATHERENERG,EQ,,,,,ATHER ENERGY LIMITED,1450.00,1508.00,1446.00,1481.50,1482.00,1453.20,,1481.45,,,4646531,6889992513.90,125039,F1,1,,,,,
2026-08-07,2026-08-07,CM,NSE,STK,760953,IN90NN701011,ATLPP,E1,,,,,ATL RE.0.50 PPD UP,9.05,9.05,9.05,9.05,9.05,9.14,,9.05,,,15,135.75,1,F1,1,,,,,
2026-08-07,2026-08-07,CM,NSE,STK,759007,INE0Z4F01028,ATLANTAELE,EQ,,,,,ATLANTA ELECTRICALS LTD,1610.50,1625.00,1562.50,1607.40,1600.50,1592.90,,1607.43,,,35639,57240823.30,5001,F1,1,,,,,
2026-08-07,2026-08-07,CM,NSE,STK,13585,INE285H01022,ATLANTAA,EQ,,,,,ATLANTAA LIMITED,40.65,40.90,39.40,40.13,40.00,40.31,,40.13,,,21970,881348.29,816,F1,1,,,,,
2026-08-07,2026-08-07,CM,NSE,STK,4568,INE446A01025,ATLASCYCLE,EQ,,,,,ATLAS CYCLE (HARYANA) LTD,97.68,105.00,97.32,99.72,98.55,97.68,,99.73,,,65912,6688734.38,2168,F1,1,,,,,
2026-08-07,2026-08-07,CM,NSE,STK,22788,INE05DH01017,ATMASTCO,ST,,,,,ATMASTCO LIMITED,149.00,150.00,145.10,149.55,150.00,148.00,,149.55,,,7600,1125220.00,14,F1,400,,,,,
2026-08-07,2026-08-07,CM,NSE,STK,30023,INE951D01028,ATULAUTO,EQ,,,,,ATUL AUTO LIMITED,580.00,592.00,566.65,576.90,576.00,579.55,,576.89,,,297801,172012687.60,10849,F1,1,,,,,
2026-08-07,2026-08-07,CM,NSE,STK,263,INE100A01010,ATUL,EQ,,,,,ATUL LTD,6900.00,7007.00,6752.50,6774.00,6775.00,6796.50,,6773.83,,,130066,893547358.00,18575,F1,1,,,,,
2026-08-07,2026-08-07,CM,NSE,STK,21238,INE949L01017,AUBANK,EQ,,,,,AU SMALL FINANCE BANK LTD,1084.90,1088.10,1067.00,1067.00,1067.00,1087.60,,1068.15,,,752130,810505047.80,34004,F1,1,,,,,
2026-08-07,2026-08-07,CM,NSE,STK,12022,INE132H01018,AURIONPRO,EQ,,,,,AURIONPRO SOLN LTD,732.00,734.00,725.00,727.25,727.00,730.00,,727.26,,,76169,55524340.95,2818,F1,1,,,,,
2026-08-07,2026-08-07,CM,NSE,STK,15869,INE0NUL01018,AUROIMPEX,SM,,,,,AURO IMPEX & CHEMICALS L,26.90,26.90,26.50,26.50,26.50,26.15,,26.50,,,8000,213120.00,4,F1,1600,,,,,
2026-08-07,2026-08-07,CM,NSE,STK,275,INE406A01037,AUROPHARMA,EQ,,,,,AUROBINDO PHARMA LTD,1580.10,1662.40,1579.90,1658.00,1658.00,1588.90,,1658.13,,,2001257,3275401955.10,56279,F1,1,,,,,
2026-08-07,2026-08-07,CM,NSE,STK,10310,INE898S01029,AURUM,EQ,,,,,AURUM PROPTECH LIMITED,222.00,227.77,221.82,226.01,223.50,222.48,,225.90,,,234117,52694389.90,2712,F1,1,,,,,
2026-08-07,2026-08-07,CM,NSE,STK,31468,INE142K01011,AURUS,EQ,,,,,AURUS GEM CORP LIMITED,4.50,5.02,4.50,4.81,4.84,4.56,,4.78,,,29523,141636.81,261,F1,1,,,,,
2026-08-07,2026-08-07,CM,NSE,STK,9035,INE218C01016,AUSOMENT,BE,,,,,AUSOM ENTERPRISE LIMITED,139.00,142.90,135.47,140.88,142.90,138.28,,140.88,,,2567,354679.77,30,F1,1,,,,,
2026-08-07,2026-08-07,CM,NSE,STK,21451,INE0P0001010,APS,SM,,,,,AUSTRALIAN PREM SOLAR I L,251.00,260.00,246.00,249.35,251.00,251.40,,249.35,,,28500,7188837.50,100,F1,250,,,,,
2026-08-07,2026-08-07,CM,NSE,STK,23553,INE206F01022,AIIL,EQ,,,,,AUTHUM INVEST & INFRA LTD,596.20,605.00,587.00,596.60,592.70,596.20,,596.58,,,1070113,639166627.35,14500,F1,1,,,,,
2026-08-07,2026-08-07,CM,NSE,STK,14110,INE718H01014,AUTOIND,BE,,,,,AUTOLINE INDUSTRIES LTD,96.50,96.50,92.00,93.83,94.00,95.79,,93.79,,,64033,6032082.26,467,F1,1,,,,,
2026-08-07,2026-08-07,CM,NSE,STK,278,INE449A01011,AUTOAXLES,EQ,,,,,AUTOMOTIVE AXLES LIMITED,1850.00,1878.00,1810.00,1827.80,1843.00,1848.90,,1828.05,,,15648,28697817.40,2406,F1,1,,,,,
2026-08-07,2026-08-07,CM,NSE,STK,10634,INE900C01027,ASAL,EQ,,,,,AUTOMOTIVE STAMPINGS & AS,508.00,512.95,504.55,505.95,504.55,509.90,,505.98,,,13126,6669482.70,728,F1,1,,,,,
2026-08-07,2026-08-07,CM,NSE,STK,21406,INE349W01017,AVADHSUGAR,EQ,,,,,AVADH SUG & ENERGY LTD,607.00,611.00,596.00,601.05,598.00,602.90,,601.05,,,63110,38059376.25,1933,F1,1,,,,,
2026-08-07,2026-08-07,CM,NSE,STK,15058,INE0LCL01028,AVALON,EQ,,,,,AVALON TECHNOLOGIES LTD,1785.00,1998.00,1785.00,1965.30,1968.00,1774.50,,1965.35,,,1877232,3570063774.80,122264,F1,1,,,,,
2026-08-07,2026-08-07,CM,NSE,STK,760736,INE1KU201016,AVANA,ST,,,,,AVANA ELECTROSYSTEMS LTD,156.00,156.00,148.55,149.55,149.10,156.00,,149.55,,,22000,3330700.00,11,F1,2000,,,,,
2026-08-07,2026-08-07,CM,NSE,STK,24610,INE005B01027,AVANTEL,EQ,,,,,AVANTEL LIMITED,164.44,167.00,162.75,163.43,163.28,164.44,,163.44,,,702446,115688729.75,7303,F1,1,,,,,
2026-08-07,2026-08-07,CM,NSE,STK,7936,INE871C01038,AVANTIFEED,EQ,,,,,AVANTI FEEDS LIMITED,885.30,909.85,881.05,906.55,909.00,891.90,,906.57,,,402557,361760289.45,17436,F1,1,,,,,
2026-08-07,2026-08-07,CM,NSE,STK,20503,INE617I01024,AVATAR,ST,,,,,AVATAR INDUSTRIES LIMITED,197.75,197.75,197.70,197.75,197.75,193.90,,197.75,,,28000,5536700.00,11,F1,2000,,,,,
2026-08-07,2026-08-07,CM,NSE,STK,19913,INE192R01011,DMART,EQ,,,,,AVENUE SUPERMARTS LIMITED,3945.00,3948.40,3885.50,3900.00,3900.00,3931.20,,3899.85,,,374241,1462106742.00,25354,F1,1,,,,,
2026-08-07,2026-08-07,CM,NSE,STK,16249,INE483S01020,CCAVENUE,EQ,,,,,AVENUESAI LIMITED,17.22,17.22,16.97,17.17,17.19,17.13,,17.17,,,7929235,135667553.87,8649,F1,1,,,,,
2026-08-07,2026-08-07,CM,NSE,STK,15638,INE680Z01018,AVG,BE,,,,,AVG LOGISTICS LIMITED,202.42,206.30,198.41,198.72,202.20,202.42,,199.14,,,5524,1106022.73,65,F1,1,,,,,
2026-08-07,2026-08-07,CM,NSE,STK,25520,INE0TFB01017,AVIANSH,SM,,,,,AVI ANSH TEXTILE LIMITED,105.00,105.50,105.00,105.50,105.50,105.00,,105.50,,,2000,210500.00,2,F1,1000,,,,,
2026-08-07,2026-08-07,CM,NSE,STK,755092,INE0V9I01017,AVIENCE,SM,,,,,AVIENCE BIOMEDICALS LTD,250.05,254.00,246.00,246.05,246.20,248.00,,246.05,,,21000,5209260.00,33,F1,600,,,,,
2026-08-07,2026-08-07,CM,NSE,STK,14069,INE855F01042,ASMS,BE,,,,,AVIO SMART MRKT STACK LTD,7.13,7.27,7.13,7.25,7.20,7.21,,7.25,,,77142,556118.31,217,F1,1,,,,,
2026-08-07,2026-08-07,CM,NSE,STK,13557,INE323B01024,AVONMORE,EQ,,,,,AVONMORE CAP&MGT SERV LTD,11.10,11.18,10.85,10.93,10.98,11.10,,10.93,,,76878,847484.29,228,F1,1,,,,,
2026-08-07,2026-08-07,CM,NSE,STK,23159,INE0R9401019,AVPINFRA,SM,,,,,AVP INFRACON LIMITED,66.95,67.50,63.00,63.65,64.00,65.75,,63.65,,,38400,2497280.00,30,F1,800,,,,,
2026-08-07,2026-08-07,CM,NSE,STK,8827,INE652Z01025,AVROIND,EQ,,,,,AVRO INDIA LIMITED,9.00,9.24,8.82,9.10,8.99,9.11,,9.11,,,251563,2283294.83,637,F1,1,,,,,
2026-08-07,2026-08-07,CM,NSE,STK,14008,INE488D01021,AVTNPL,EQ,,,,,AVT NATURAL PRODUCTS LTD,72.00,72.97,71.12,71.86,72.50,71.59,,71.86,,,41803,3007286.80,694,F1,1,,,,,
2026-08-07,2026-08-07,CM,NSE,STK,23864,INE108V01019,AWFIS,EQ,,,,,AWFIS SPACE SOLUTIONS LTD,273.00,276.40,270.00,271.65,270.80,271.90,,271.64,,,115484,31530856.90,3384,F1,1,,,,,
2026-08-07,2026-08-07,CM,NSE,STK,8110,INE699H01024,AWL,EQ,,,,,AWL AGRI BUSINESS LIMITED,198.00,201.50,195.06,197.50,197.78,197.38,,197.50,,,3167471,628813252.40,40943,F1,1,,,,,
2026-08-07,2026-08-07,CM,NSE,STK,5900,INE238A01034,AXISBANK,EQ,,,,,AXIS BANK LIMITED,1252.10,1256.00,1238.00,1238.00,1238.00,1256.00,,1238.00,,,3628823,4514768137.60,86489,F1,1,,,,,
2026-08-07,2026-08-07,CM,NSE,STK,1044,INF846K01X63,BNKETFAXIS,EQ,,,,,AXISAMC-BNKETFAXIS,596.22,598.76,595.27,598.24,598.76,598.76,,598.24,,,272,162418.51,25,F1,1,,,,,
2026-08-07,2026-08-07,CM,NSE,STK,5732,INF846K016C7,CONSUMAXIS,EQ,,,,,AXISAMC-CONSUMAXIS,125.72,125.99,125.29,125.84,125.99,125.12,,126.07,,,3390,425671.68,29,F1,1,,,,,
2026-08-07,2026-08-07,CM,NSE,STK,20532,INF846K01W80,GOLDAXIS,EQ,,,,,AXISAMC-GOLDAXIS,127.05,127.05,123.00,124.78,124.85,123.96,,124.78,,,2320285,287801461.66,4189,F1,1,,,,,
2026-08-07,2026-08-07,CM,NSE,STK,3608,INF846K01Z12,HEALTHAXIS,EQ,,,,,AXISAMC-HEALTHAXIS,171.59,171.59,169.00,169.44,169.00,169.90,,168.88,,,2812,477647.71,73,F1,1,,,,,
2026-08-07,2026-08-07,CM,NSE,STK,3010,INF846K01Y96,ITAXIS,EQ,,,,,AXISAMC-ITAXIS,347.25,350.08,345.00,347.78,345.00,342.62,,347.77,,,4819,1677387.50,89,F1,1,,,,,
2026-08-07,2026-08-07,CM,NSE,STK,21252,INF846K01W98,NIFTYAXIS,EQ,,,,,AXISAMC-NIFTYAXIS,272.75,273.00,267.58,268.89,268.01,272.13,,268.89,,,3288,893761.87,195,F1,1,,,,,
2026-08-07,2026-08-07,CM,NSE,STK,14742,INF846K010Q0,SENSEXAXIS,EQ,,,,,AXISAMC-SENSEXAXIS,82.67,83.12,79.73,80.84,83.12,81.82,,80.88,,,1933,157356.66,80,F1,1,,,,,
2026-08-07,2026-08-07,CM,NSE,STK,11193,INF846K011K1,SILVERAXIS,EQ,,,,,AXISAMC-SILVERAXIS,222.95,229.99,222.95,229.17,228.03,222.94,,229.17,,,945306,214846831.45,3698,F1,1,,,,,
2026-08-07,2026-08-07,CM,NSE,STK,30155,INF846KA1119,VALUEAXIS,EQ,,,,,AXISAMC-VALUEAXIS,33.59,33.67,33.36,33.59,33.60,33.48,,33.59,,,151885,5076880.20,299,F1,1,,,,,
2026-08-07,2026-08-07,CM,NSE,STK,9436,INE555B01013,AXISCADES,EQ,,,,,AXISCADES TECH LTD,1631.40,1631.40,1581.10,1598.50,1595.00,1631.40,,1598.46,,,126804,202483668.90,8444,F1,1,,,,,
2026-08-07,2026-08-07,CM,NSE,STK,9902,INE02EZ01022,AXITA,EQ,,,,,AXITA COTTON LIMITED,7.33,7.35,7.29,7.30,7.31,7.30,,7.30,,,193240,1412809.10,617,F1,1,,,,,
2026-08-07,2026-08-07,CM,NSE,STK,760981,INE501X01029,AYE,EQ,,,,,AYE FINANCE LIMITED,167.00,172.15,164.00,170.47,169.12,166.55,,170.46,,,621863,105366639.89,9833,F1,1,,,,,
2026-08-07,2026-08-07,CM,NSE,STK,10285,INE193B01039,AYMSYNTEX,EQ,,,,,AYM SYNTEX LIMITED,255.25,261.95,241.40,247.95,246.30,251.65,,247.94,,,30314,7643136.00,1442,F1,1,,,,,
2026-08-07,2026-08-07,CM,NSE,STK,20905,INE02IJ01035,AZAD,EQ,,,,,AZAD ENGINEERING LIMITED,2455.00,2515.00,2455.00,2489.00,2477.60,2455.80,,2488.48,,,534729,1332941658.60,31748,F1,1,,,,,
2026-08-07,2026-08-07,CM,NSE,STK,12153,INE01EE01011,BBTCL,EQ,,,,,B&B TRIPLEWALL CONT LTD,221.60,226.90,219.02,225.30,226.00,221.83,,225.92,,,5132,1148261.42,329,F1,1,,,,,
2026-08-07,2026-08-07,CM,NSE,STK,11226,INE116D01028,BAGFILMS,EQ,,,,,B.A.G FILMS AND MEDIA LTD,4.33,4.45,4.31,4.32,4.33,4.35,,4.32,,,76348,334234.06,235,F1,1,,,,,
2026-08-07,2026-08-07,CM,NSE,STK,13290,INE350H01032,BLKASHYAP,EQ,,,,,B.L.KASHYAP & SON LTD,55.90,57.85,55.21,55.98,55.55,55.97,,55.98,,,749944,42534190.53,4675,F1,1,,,,,
2026-08-07,2026-08-07,CM,NSE,STK,25116,INE01FR01028,STYLEBAAZA,BE,,,,,BAAZAR STYLE RETAIL LTD,314.00,320.65,312.00,320.65,320.65,305.40,,320.65,,,583981,186820771.40,1556,F1,1,,,,,
2026-08-07,2026-08-07,CM,NSE,STK,17735,INE878I01022,BAFNAPH,BE,,,,,BAFNA PHARMACEUTICALS LTD,288.95,290.20,285.00,285.00,285.00,284.55,,290.20,,,6249,1797360.25,83,F1,1,,,,,
2026-08-07,2026-08-07,CM,NSE,STK,763363,INE2OVN25015,BAGMANE,RR,,,,,BAGMANE PRIME OFFICE REIT,107.43,107.80,107.01,107.38,107.40,107.11,,107.38,,,478395,51381753.13,5536,F1,1,,,,,
2026-08-07,2026-08-07,CM,NSE,STK,12989,INE029Q01017,BAHETI,SM,,,,,BAHETI RECYCLING IND LTD,773.00,773.00,755.00,769.55,770.00,763.50,,769.55,,,17250,13227731.25,36,F1,375,,,,,
2026-08-07,2026-08-07,CM,NSE,STK,13794,INE020D01022,BAIDFIN,EQ,,,,,BAID FINSERV LIMITED,10.12,10.14,10.00,10.03,10.04,10.10,,10.03,,,24588,247005.38,118,F1,1,,,,,
2026-08-07,2026-08-07,CM,NSE,STK,16669,INE917I01010,BAJAJ-AUTO,EQ,,,,,BAJAJ AUTO LIMITED,11580.00,11730.00,11574.00,11662.00,11662.00,11620.00,,11661.91,,,208968,2439607466.00,31908,F1,1,,,,,
2026-08-07,2026-08-07,CM,NSE,STK,19531,INE933K01021,BAJAJCON,EQ,,,,,BAJAJ CONSUMER CARE LTD,532.60,545.00,532.00,537.45,534.10,532.60,,537.44,,,393728,212579188.70,12914,F1,1,,,,,
2026-08-07,2026-08-07,CM,NSE,STK,15034,INE193E01025,BAJAJELEC,EQ,,,,,BAJAJ ELECT.LTD,379.40,393.90,366.30,371.15,369.25,382.50,,371.18,,,2177405,833941752.25,33078,F1,1,,,,,
2026-08-07,2026-08-07,CM,NSE,STK,317,INE296A01032,BAJFINANCE,EQ,,,,,BAJAJ FINANCE LIMITED,1113.00,1113.00,1074.50,1078.00,1078.00,1144.80,,1078.04,,,15614001,17023067677.20,306196,F1,1,,,,,
2026-08-07,2026-08-07,CM,NSE,STK,16675,INE918I01026,BAJAJFINSV,EQ,,,,,BAJAJ FINSERV LTD.,2050.00,2050.00,1988.00,2008.90,2008.90,2086.00,,2008.87,,,2416624,4851744085.80,147211,F1,1,,,,,
2026-08-07,2026-08-07,CM,NSE,STK,6863,INE411U01027,BAJAJHCARE,EQ,,,,,BAJAJ HEALTHCARE LIMITED,330.00,332.95,325.55,329.80,330.00,329.20,,329.78,,,90950,29949027.30,3204,F1,1,,,,,
2026-08-07,2026-08-07,CM,NSE,STK,308,INE306A01021,BAJAJHIND,EQ,,,,,BAJAJ HINDUSTHAN SUGAR LT,17.46,17.80,17.44,17.57,17.58,17.53,,17.57,,,3712581,65326951.92,5394,F1,1,,,,,
2026-08-07,2026-08-07,CM,NSE,STK,305,INE118A01012,BAJAJHLDNG,EQ,,,,,BAJAJ HOLDINGS & INVS LTD,11400.00,11428.00,11263.00,11263.00,11263.00,11387.00,,11263.14,,,25976,294574360.00,8694,F1,1,,,,,
2026-08-07,2026-08-07,CM,NSE,STK,25270,INE377Y01014,BAJAJHFL,EQ,,,,,BAJAJ HOUSING FINANCE LTD,86.55,86.55,85.61,85.79,85.78,86.41,,85.79,,,2173109,186700134.91,20363,F1,1,,,,,
2026-08-07,2026-08-07,CM,NSE,STK,762563,INE704G01024,BAJAJST,EQ,,,,,BAJAJ STEEL INDS. LTD.,384.00,393.05,384.00,390.40,393.05,386.80,,390.17,,,5789,2254360.45,311,F1,1,,,,,
2026-08-07,2026-08-07,CM,NSE,STK,20531,INE0KQN01018,BAJEL,EQ,,,,,BAJEL PROJECTS LIMITED,193.35,197.80,190.00,191.78,191.00,194.34,,191.83,,,362679,70146215.56,7360,F1,1,,,,,
2026-08-07,2026-08-07,CM,NSE,STK,13441,INE083D01012,BALPHARMA,EQ,,,,,BAL PHARMA LTD.,88.02,89.59,86.97,89.23,89.45,86.89,,89.26,,,14255,1263373.53,803,F1,1,,,,,
2026-08-07,2026-08-07,CM,NSE,STK,14501,INE050E01027,BALAMINES,EQ,,,,,BALAJI AMINES LIMITED,2109.00,2109.00,2022.80,2029.60,2035.00,2100.80,,2029.30,,,110661,227659490.20,11201,F1,1,,,,,
2026-08-07,2026-08-07,CM,NSE,STK,30030,INE0PQ601019,BALAJIPHOS,SM,,,,,BALAJI PHOSPHATES LIMITED,89.20,89.20,89.00,89.00,89.00,89.00,,89.00,,,5000,445200.00,3,F1,1000,,,,,
2026-08-07,2026-08-07,CM,NSE,STK,9158,INE794B01026,BALAJITELE,EQ,,,,,BALAJI TELEFILMS LIMITED.,85.10,86.87,84.21,85.72,85.10,85.54,,85.79,,,61653,5257715.13,915,F1,1,,,,,
2026-08-07,2026-08-07,CM,NSE,STK,11309,INE618N01022,BALAXI,EQ,,,,,BALAXI PHARMA LTD,24.18,24.75,24.00,24.32,24.27,24.20,,24.32,,,16200,393617.13,122,F1,1,,,,,
2026-08-07,2026-08-07,CM,NSE,STK,335,INE787D01026,BALKRISIND,EQ,,,,,BALKRISHNA IND. LTD,2430.00,2498.80,2430.00,2466.30,2479.00,2465.70,,2466.32,,,116753,288304358.60,15079,F1,1,,,,,
2026-08-07,2026-08-07,CM,NSE,STK,10181,INE875R01011,BALKRISHNA,EQ,,,,,BALKRISHNA PAPER MILLS L,17.96,17.96,17.50,17.66,17.51,17.37,,17.58,,,4615,82074.26,52,F1,1,,,,,
2026-08-07,2026-08-07,CM,NSE,STK,338,INE164A01016,BALMLAWRIE,EQ,,,,,BALMER LAWRIE & CO LTD,177.49,177.50,173.77,175.19,175.40,176.74,,175.20,,,90946,15953910.36,1795,F1,1,,,,,
2026-08-07,2026-08-07,CM,NSE,STK,762603,INE525F01025,BLIL,EQ,,,,,BALMER LAWRIE INVSTS. L,70.83,71.29,70.41,70.75,71.00,71.12,,70.78,,,44327,3148300.42,626,F1,1,,,,,
2026-08-07,2026-08-07,CM,NSE,STK,341,INE119A01028,BALRAMCHIN,EQ,,,,,BALRAMPUR CHINI MILLS LTD,635.00,637.00,624.70,633.45,635.00,629.30,,633.48,,,394390,249153713.20,12342,F1,1,,,,,
2026-08-07,2026-08-07,CM,NSE,STK,23607,INE011E01029,BALUFORGE,EQ,,,,,BALU FORGE INDUSTRIES LTD,459.90,478.90,452.75,469.05,469.95,458.45,,469.04,,,1528723,717397383.90,26247,F1,1,,,,,
2026-08-07,2026-08-07,CM,NSE,STK,347,INE655B01011,BANARBEADS,EQ,,,,,BANARAS BEADS LTD,117.20,117.20,113.25,113.86,113.50,114.23,,113.86,,,812,93014.56,59,F1,1,,,,,
2026-08-07,2026-08-07,CM,NSE,STK,13880,INE213C01025,BANCOINDIA,EQ,,,,,BANCO PRODUCTS (I) LTD,682.00,690.50,679.60,686.95,683.00,681.85,,686.80,,,111014,76199423.95,6765,F1,1,,,,,
2026-08-07,2026-08-07,CM,NSE,STK,2263,INE545U01014,BANDHANBNK,EQ,,,,,BANDHAN BANK LIMITED,174.66,177.20,173.52,176.02,176.02,174.66,,175.97,,,10729624,1886623854.38,91669,F1,1,,,,,
2026-08-07,2026-08-07,CM,NSE,STK,760325,INF194KB1KJ7,GOLDBND,EQ,,,,,BANDHANAMC - GOLDBND,149.26,155.17,115.17,149.45,149.85,147.78,,149.38,,,29922,4433877.30,233,F1,1,,,,,
2026-08-07,2026-08-07,CM,NSE,STK,18783,INF194KA1U07,IDFNIFTYET,EQ,,,,,BANDHANAMC - IDFNIFTYET,279.97,279.97,270.91,272.01,273.90,275.78,,272.01,,,4591,1247648.45,101,F1,1,,,,,
2026-08-07,2026-08-07,CM,NSE,STK,760328,INF194KB1KI9,SILVERBND,EQ,,,,,BANDHANAMC - SILVERBND,221.07,237.27,221.07,231.19,230.90,225.09,,231.19,,,75583,17241812.95,341,F1,1,,,,,
2026-08-07,2026-08-07,CM,NSE,STK,15303,INE863I01016,BANG,EQ,,,,,BANG OVERSEAS LTD.,30.75,30.75,29.85,30.01,30.00,30.16,,30.02,,,6393,192713.44,94,F1,1,,,,,
2026-08-07,2026-08-07,CM,NSE,STK,4668,INE028A01039,BANKBARODA,EQ,,,,,BANK OF BARODA,249.99,251.25,248.02,250.70,250.70,251.00,,250.69,,,7479873,1868906654.68,54716,F1,1,,,,,
2026-08-07,2026-08-07,CM,NSE,STK,4745,INE084A01016,BANKINDIA,EQ,,,,,BANK OF INDIA,142.95,145.14,142.00,145.00,145.00,142.66,,145.00,,,8569425,1230344603.06,34434,F1,1,,,,,
2026-08-07,2026-08-07,CM,NSE,STK,11377,INE457A01014,MAHABANK,EQ,,,,,BANK OF MAHARASHTRA,78.05,78.55,77.20,78.28,78.48,78.17,,78.28,,,9248212,720002348.72,100279,F1,1,,,,,
2026-08-07,2026-08-07,CM,NSE,STK,828,INE862Y01015,BANKA,BE,,,,,BANKA BIOLOO LIMITED,86.01,86.79,83.00,86.31,86.50,87.22,,86.31,,,5464,462443.54,34,F1,1,,,,,
2026-08-07,2026-08-07,CM,NSE,STK,12037,INE186H01022,BASML,BE,,,,,BANNARI AM SPIN MILL LTD.,27.25,27.50,26.77,27.04,27.01,27.10,,27.04,,,49967,1357624.25,114,F1,1,,,,,
2026-08-07,2026-08-07,CM,NSE,STK,350,INE459A01010,BANARISUG,EQ,,,,,BANNARI AMMAN SUGARS LTD,3510.00,3534.90,3476.20,3491.00,3491.00,3510.50,,3491.00,,,66,231617.90,24,F1,1,,,,,
2026-08-07,2026-08-07,CM,NSE,STK,24386,INE0B9K01025,BANSALWIRE,EQ,,,,,BANSAL WIRE INDUSTRIES L,333.25,340.75,331.00,332.20,331.20,331.10,,332.20,,,284713,95075514.00,8081,F1,1,,,,,
2026-08-07,2026-08-07,CM,NSE,STK,14511,INE629D01020,BANSWRAS,EQ,,,,,BANSWARA SYNTEX LIMITED,123.78,124.49,122.20,123.88,124.00,123.78,,123.88,,,23990,2949239.32,426,F1,1,,,,,
2026-08-07,2026-08-07,CM,NSE,STK,15073,INE139I01011,BVCL,EQ,,,,,BARAK VALLEY CEM. LTD.,42.00,43.00,41.00,41.37,41.84,42.53,,41.37,,,21859,919429.24,169,F1,1,,,,,
2026-08-07,2026-08-07,CM,NSE,STK,29176,INE0QX401014,BARFLEX,SM,,,,,BARFLEX POLYFILMS LIMITED,55.00,55.00,52.55,55.00,55.00,56.00,,55.00,,,8000,435100.00,4,F1,2000,,,,,
2026-08-07,2026-08-07,CM,NSE,STK,24117,INF251K01TL6,BBNPNBETF,EQ,,,,,BARODABNP - BBNPNBETF,58.60,58.63,58.21,58.46,58.46,58.44,,57.02,,,709,41348.81,17,F1,1,,,,,
2026-08-07,2026-08-07,CM,NSE,STK,20547,INF251K01SU9,BBNPPGOLD,EQ,,,,,BARODABNP - BBNPPGOLD,142.95,145.00,141.05,144.30,145.00,142.95,,144.34,,,5368,771177.40,84,F1,1,,,,,
2026-08-07,2026-08-07,CM,NSE,STK,368,INE373A01013,BASF,EQ,,,,,BASF INDIA LTD,4008.00,4150.00,4008.00,4091.00,4089.00,4125.00,,4090.83,,,66610,272639999.00,10384,F1,1,,,,,
2026-08-07,2026-08-07,CM,NSE,STK,18442,INE0OCC01013,BASILIC,SM,,,,,BASILIC FLY STUDIO LTD,197.55,198.65,190.00,191.90,191.10,194.65,,191.90,,,10800,2085555.00,35,F1,300,,,,,
2026-08-07,2026-08-07,CM,NSE,STK,371,INE176A01028,BATAINDIA,EQ,,,,,BATA INDIA LTD,728.10,730.00,717.75,720.50,719.95,728.10,,720.49,,,127012,91838208.75,8013,F1,1,,,,,
2026-08-07,2026-08-07,CM,NSE,STK,762568,INE177C01022,BATLIBOI,EQ,,,,,BATLIBOI LTD.,101.51,104.79,89.11,91.13,89.65,102.67,,91.13,,,491758,47290641.28,5588,F1,1,,,,,
2026-08-07,2026-08-07,CM,NSE,STK,17927,INE462A01022,BAYERCROP,EQ,,,,,BAYER CROPSCIENCE LTD,4214.90,4241.40,4167.10,4177.20,4173.10,4214.90,,4176.79,,,20370,85391564.90,4194,F1,1,,,,,
2026-08-07,2026-08-07,CM,NSE,STK,2513,INE412G01024,BCLIND,EQ,,,,,BCL INDUSTRIES LIMITED,36.70,37.09,36.65,36.96,37.09,36.75,,36.96,,,367622,13552177.38,2059,F1,1,,,,,
2026-08-07,2026-08-07,CM,NSE,STK,761494,INE00SW01015,BCPL,EQ,,,,,BCPL RAILWAY INFRA LTD,70.00,70.84,68.30,69.77,69.50,70.09,,69.79,,,6490,451150.11,264,F1,1,,,,,
2026-08-07,2026-08-07,CM,NSE,STK,23925,INE639X01027,BEACON,ST,,,,,BEACON TRUSTEESHIP LTD,89.00,93.10,88.95,91.95,91.95,88.70,,91.95,,,26000,2368850.00,23,F1,1000,,,,,
2026-08-07,2026-08-07,CM,NSE,STK,17933,INE520H01022,BEARDSELL,EQ,,,,,BEARDSELL LIMITED,27.15,27.79,27.00,27.24,27.21,27.29,,27.24,,,10809,294576.38,127,F1,1,,,,,
2026-08-07,2026-08-07,CM,NSE,STK,20196,INE844K01012,BEDMUTHA,EQ,,,,,BEDMUTHA INDUST LTD,112.80,117.95,111.60,113.01,113.00,112.41,,113.01,,,3178,361322.54,40,F1,1,,,,,
2026-08-07,2026-08-07,CM,NSE,STK,762573,INE213D01015,BEEKAY,EQ,,,,,BEEKAY STEEL INDS. LTD.,394.90,400.00,390.00,394.00,394.00,394.45,,395.11,,,5786,2273837.15,108,F1,1,,,,,
2026-08-07,2026-08-07,CM,NSE,STK,757938,INE344T01014,BELLACASA,EQ,,,,,BELLA CASA FASH AND RET L,240.34,243.33,236.58,241.85,242.47,240.39,,241.77,,,7071,1693272.20,361,F1,1,,,,,
2026-08-07,2026-08-07,CM,NSE,STK,757102,INE894V01022,BELRISE,EQ,,,,,BELRISE INDUSTRIES LTD,244.61,250.00,244.00,248.21,248.05,244.61,,248.21,,,6171893,1528466708.82,54820,F1,1,,,,,
2026-08-07,2026-08-07,CM,NSE,STK,15067,INE0N7W01012,BLAL,EQ,,,,,BEML LAND ASSETS LIMITED,173.82,173.90,170.12,171.41,172.95,173.37,,171.41,,,11451,1967879.16,378,F1,1,,,,,
2026-08-07,2026-08-07,CM,NSE,STK,395,INE258A01024,BEML,EQ,,,,,BEML LIMITED,1729.90,1817.60,1686.40,1787.80,1795.00,1725.10,,1787.97,,,1253510,2205946603.70,79988,F1,1,,,,,
2026-08-07,2026-08-07,CM,NSE,STK,762578,INE083K01017,BENGALASM,EQ,,,,,BENGAL & ASSAM CO. LTD.,6206.00,6320.50,6150.00,6178.50,6167.50,6230.50,,6182.34,,,415,2594777.50,189,F1,1,,,,,
2026-08-07,2026-08-07,CM,NSE,STK,404,INE463A01038,BERGEPAINT,EQ,,,,,BERGER PAINTS (I) LTD,538.00,544.85,529.05,530.55,530.10,537.60,,530.54,,,286606,152784523.75,11784,F1,1,,,,,
2026-08-07,2026-08-07,CM,NSE,STK,2306,INE052T01021,BESTAGRO,EQ,,,,,BEST AGROLIFE LIMITED,20.01,20.38,19.83,20.08,20.19,20.24,,20.08,,,1882251,37825978.42,4112,F1,1,,,,,
2026-08-07,2026-08-07,CM,NSE,STK,759842,INE351Y01019,BETA,EQ,,,,,BETA DRUGS LIMITED,2539.90,2600.00,2306.00,2373.70,2394.00,2518.90,,2373.70,,,99552,239226076.40,16239,F1,1,,,,,
2026-08-07,2026-08-07,CM,NSE,STK,5662,INE0HQI01014,BEWLTD,SM,,,,,BEW ENGINEERING LIMITED,55.00,55.35,51.00,55.10,54.85,55.00,,55.10,,,43000,2294925.00,73,F1,500,,,,,
2026-08-07,2026-08-07,CM,NSE,STK,21113,INE878K01010,BFINVEST,EQ,,,,,BF INVESTMENT LIMITED,470.60,479.70,461.05,469.55,469.95,472.95,,469.61,,,41333,19522958.90,1923,F1,1,,,,,
2026-08-07,2026-08-07,CM,NSE,STK,14567,INE243D01012,BFUTILITIE,EQ,,,,,BF UTILITIES LIMITED,558.20,567.00,553.05,558.60,559.20,560.15,,558.57,,,55519,31092438.25,1860,F1,1,,,,,
2026-08-07,2026-08-07,CM,NSE,STK,764183,INF0QA701CI0,BANK10BETF,EQ,,,,,BFAM - BANK10BETF,21.15,22.30,21.00,21.01,21.50,21.29,,21.01,,,1543,32470.60,27,F1,1,,,,,
2026-08-07,2026-08-07,CM,NSE,STK,21986,INF0QA701714,BANKBETF,EQ,,,,,BFAM - BANKBETF,58.71,59.00,58.68,58.80,58.75,58.96,,58.84,,,9748,572848.28,145,F1,1,,,,,
2026-08-07,2026-08-07,CM,NSE,STK,23915,INF0QA701854,LIQUIDBETF,EQ,,,,,BFAM - LIQUIDBETF,1093.81,1093.83,1093.81,1093.82,1093.82,1093.38,,1093.82,,,240954,263560253.69,142,F1,1,,,,,
2026-08-07,2026-08-07,CM,NSE,STK,21959,INF0QA701722,NIFTYBETF,EQ,,,,,BFAM - NIFTYBETF,253.09,254.03,252.16,252.43,252.54,253.09,,250.72,,,2232,564707.48,86,F1,1,,,,,
2026-08-07,2026-08-07,CM,NSE,STK,15193,INE661I01014,BGRENERGY,BE,,,,,BGR ENERGY SYSTEMS LTD,251.95,266.80,250.00,266.70,266.80,254.10,,267.21,,,47472,12477377.15,732,F1,1,,,,,
2026-08-07,2026-08-07,CM,NSE,STK,758228,INE0ZRC01017,BHADORA,ST,,,,,BHADORA INDUSTRIES LTD,88.95,92.10,88.95,92.10,92.10,87.75,,92.10,,,20400,1858860.00,13,F1,1200,,,,,
2026-08-07,2026-08-07,CM,NSE,STK,13427,INE354C01027,BHAGERIA,BE,,,,,BHAGERIA INDUSTRIES LTD,208.90,210.40,205.00,207.43,210.40,207.07,,207.44,,,13120,2717213.34,191,F1,1,,,,,
2026-08-07,2026-08-07,CM,NSE,STK,6164,INE414D01027,BHAGCHEM,EQ,,,,,BHAGIRADHA CHEM & INDS L,273.00,294.95,272.25,285.60,290.80,275.40,,285.60,,,242919,69591948.55,7932,F1,1,,,,,
2026-08-07,2026-08-07,CM,NSE,STK,20799,INE458B01036,BHAGYANGR,BE,,,,,BHAGYANAGAR INDIA LIMITED,381.90,399.95,377.00,393.20,393.60,382.05,,393.26,,,102130,39721495.55,1274,F1,1,,,,,
2026-08-07,2026-08-07,CM,NSE,STK,19560,INE474E01029,BHANDARI,BE,,,,,BHANDARI HOSIERY EXP LTD,2.86,2.87,2.84,2.86,2.87,2.86,,2.86,,,81724,233754.28,145,F1,1,,,,,
2026-08-07,2026-08-07,CM,NSE,STK,419,INE922A01025,BEPL,EQ,,,,,BHANSALI ENG. POLYMERS LT,122.10,125.80,121.11,123.57,123.30,122.42,,123.57,,,2585719,320110323.29,18096,F1,1,,,,,
2026-08-07,2026-08-07,CM,NSE,STK,13761,INE464A01036,BBL,EQ,,,,,BHARAT BIJLEE LTD,2354.90,2359.00,2310.10,2329.40,2315.00,2345.80,,2329.45,,,25853,60409632.20,3278,F1,1,,,,,
2026-08-07,2026-08-07,CM,NSE,STK,760726,INE05XR01022,BHARATCOAL,EQ,,,,,BHARAT COKING COAL LTD,34.20,34.25,34.00,34.07,34.09,34.26,,34.07,,,3243842,110593214.29,10385,F1,1,,,,,
2026-08-07,2026-08-07,CM,NSE,STK,2144,INE171Z01026,BDL,EQ,,,,,BHARAT DYNAMICS LIMITED,1299.00,1311.90,1288.50,1294.00,1294.00,1299.00,,1294.00,,,872088,1133578745.90,32733,F1,1,,,,,
2026-08-07,2026-08-07,CM,NSE,STK,383,INE263A01024,BEL,EQ,,,,,BHARAT ELECTRONICS LTD,401.00,403.00,398.35,401.00,401.00,399.20,,401.02,,,10798068,4330691819.80,123229,F1,1,,,,,
2026-08-07,2026-08-07,CM,NSE,STK,422,INE465A01025,BHARATFORG,EQ,,,,,BHARAT FORGE LTD,2209.90,2270.00,2190.40,2265.20,2265.20,2210.00,,2265.97,,,1152060,2584851409.10,46363,F1,1,,,,,
2026-08-07,2026-08-07,CM,NSE,STK,9397,INE561C01019,BHARATGEAR,BE,,,,,BHARAT GEARS LTD,106.55,107.81,105.20,106.25,106.50,107.63,,106.25,,,21916,2333660.50,272,F1,1,,,,,
2026-08-07,2026-08-07,CM,NSE,STK,526,INE029A01011,BPCL,EQ,,,,,BHARAT PETROLEUM CORP  LT,320.90,323.55,317.10,321.00,321.00,323.70,,321.00,,,5431740,1741301780.30,47043,F1,1,,,,,
2026-08-07,2026-08-07,CM,NSE,STK,3834,INE838B01021,BHARATRAS,EQ,,,,,BHARAT RASAYAN LTD,1365.70,1385.00,1351.00,1358.20,1380.00,1375.30,,1358.21,,,5987,8163571.10,1026,F1,1,,,,,
2026-08-07,2026-08-07,CM,NSE,STK,21683,INE727S01012,BRNL,EQ,,,,,BHARAT ROAD NETWORK LTD,18.05,18.05,17.52,17.79,17.85,17.62,,17.79,,,10280,182531.37,184,F1,1,,,,,
2026-08-07,2026-08-07,CM,NSE,STK,30244,INE415D01024,BHARATSE,EQ,,,,,BHARAT SEATS LIMITED,221.99,244.00,221.20,240.89,240.34,223.47,,240.88,,,751268,177149496.69,13905,F1,1,,,,,
2026-08-07,2026-08-07,CM,NSE,STK,16123,INE316L01019,BHARATWIRE,EQ,,,,,BHARAT WIRE ROPES LTD.,206.50,208.00,198.00,201.17,201.98,205.78,,201.18,,,230329,46566118.64,4597,F1,1,,,,,
2026-08-07,2026-08-07,CM,NSE,STK,10604,INE397D01024,BHARTIARTL,EQ,,,,,BHARTI AIRTEL LIMITED,1938.30,1961.00,1938.30,1959.90,1959.90,1948.00,,1959.90,,,3019876,5895973991.90,114927,F1,1,,,,,
2026-08-07,2026-08-07,CM,NSE,STK,23489,INE343G01021,BHARTIHEXA,EQ,,,,,BHARTI HEXACOM LIMITED,1520.00,1551.50,1503.80,1538.80,1516.00,1514.50,,1538.72,,,146539,225097464.80,10543,F1,1,,,,,
2026-08-07,2026-08-07,CM,NSE,STK,7848,INE828A01016,BIL,EQ,,,,,BHARTIYA INTERNATIONAL,832.00,845.05,802.60,830.35,834.95,809.90,,831.00,,,7893,6547147.20,524,F1,1,,,,,
2026-08-07,2026-08-07,CM,NSE,STK,438,INE257A01026,BHEL,EQ,,,,,BHEL,406.95,418.70,402.20,405.20,405.20,408.15,,405.27,,,9754089,4011363971.65,77877,F1,1,,,,,
2026-08-07,2026-08-07,CM,NSE,STK,762621,INE274K01012,BTTL,BE,,,,,BHILWARA TECHNICAL TEXT L,45.53,46.40,44.01,44.20,44.20,45.53,,44.20,,,3149,140380.72,31,F1,1,,,,,
2026-08-07,2026-08-07,CM,NSE,STK,18431,INE412U01025,BIGBLOC,EQ,,,,,BIGBLOC CONSTRUCTION LTD,46.84,47.90,46.34,46.85,46.92,46.72,,46.84,,,25283,1189289.51,264,F1,1,,,,,
2026-08-07,2026-08-07,CM,NSE,STK,11966,INE00E101023,BIKAJI,EQ,,,,,BIKAJI FOODS INTERN LTD,619.00,629.40,619.00,623.50,623.30,624.25,,623.50,,,124458,77627244.70,13734,F1,1,,,,,
2026-08-07,2026-08-07,CM,NSE,STK,25527,INE0SQH01013,BIKEWO,ST,,,,,BIKEWO GREEN TECH LIMITED,78.40,78.50,76.00,78.50,78.50,74.80,,78.50,,,132000,10340400.00,60,F1,2000,,,,,
2026-08-07,2026-08-07,CM,NSE,STK,13622,INE071A01013,BILVYAPAR,BE,,,,,BIL VYAPAR LIMITED,3.90,4.09,3.80,4.08,4.08,3.90,,4.13,,,2740,11064.70,23,F1,1,,,,,
2026-08-07,2026-08-07,CM,NSE,STK,762583,INE986A01012,BI,EQ,,,,,BILCARE LTD.,61.01,63.50,61.01,62.92,63.39,61.25,,62.65,,,5344,332048.24,74,F1,1,,,,,
2026-08-07,2026-08-07,CM,NSE,STK,759806,INE0HOQ01053,GROWW,EQ,,,,,BILLIONBRAINS GARAGE VN L,189.94,191.63,189.41,190.50,190.60,189.04,,190.50,,,15400597,2933026027.44,80362,F1,1,,,,,
2026-08-07,2026-08-07,CM,NSE,STK,762588,INE469A01019,BIMETAL,EQ,,,,,BIMETAL BEARINGS LTD.,650.00,666.30,644.10,665.45,665.80,660.15,,665.42,,,519,341499.00,76,F1,1,,,,,
2026-08-07,2026-08-07,CM,NSE,STK,763598,INE1BKA01015,BMLL,SM,,,,,BIO MEDICA LABORATORIES L,157.25,157.25,145.00,145.95,145.00,150.05,,145.95,,,78000,11798150.00,71,F1,1000,,,,,
2026-08-07,2026-08-07,CM,NSE,STK,11373,INE376G01013,BIOCON,EQ,,,,,BIOCON LIMITED.,430.00,436.20,425.30,426.35,426.35,436.60,,426.55,,,5265823,2257882471.40,49649,F1,1,,,,,
2026-08-07,2026-08-07,CM,NSE,STK,4136,INE829A01014,BIOFILCHEM,EQ,,,,,BIOFIL CHEM & PHARMA LTD,31.41,33.50,31.32,32.39,32.82,32.23,,32.39,,,5402,174287.39,133,F1,1,,,,,
2026-08-07,2026-08-07,CM,NSE,STK,760942,INE0XW001014,BIOPOL,SM,,,,,BIOPOL CHEMICALS LIMITED,101.70,103.70,99.00,101.90,101.90,99.50,,101.90,,,67200,6858300.00,54,F1,1200,,,,,
2026-08-07,2026-08-07,CM,NSE,STK,6815,INE800A01015,BIRLACABLE,BE,,,,,BIRLA CABLE LIMITED,248.00,258.00,235.34,254.21,255.00,247.72,,254.25,,,618091,152707125.57,4913,F1,1,,,,,
2026-08-07,2026-08-07,CM,NSE,STK,480,INE340A01012,BIRLACORPN,EQ,,,,,BIRLA CORPORATION LTD,910.00,917.45,899.00,914.35,915.00,909.10,,914.35,,,51553,46817387.70,5227,F1,1,,,,,
2026-08-07,2026-08-07,CM,NSE,STK,762593,INE372E01025,BIRLAPREC,EQ,,,,,BIRLA PRECISION TECH L,34.50,35.34,34.50,35.05,35.10,34.94,,35.05,,,7809,272386.81,122,F1,1,,,,,
2026-08-07,2026-08-07,CM,NSE,STK,1455,INE557A01011,BIRLANU,EQ,,,,,BIRLANU LIMITED,1538.70,1660.00,1481.10,1641.50,1640.00,1538.70,,1641.35,,,111225,176316374.10,10835,F1,1,,,,,
2026-08-07,2026-08-07,CM,NSE,STK,24404,INF209KC1134,ABGSEC,EQ,,,,,BIRLASLAMC - ABGSEC,114.89,115.20,114.31,114.31,114.31,114.89,,114.31,,,801,91787.21,13,F1,1,,,,,
2026-08-07,2026-08-07,CM,NSE,STK,760247,INF209KC1670,ABSL10BANK,EQ,,,,,BIRLASLAMC - ABSL10BANK,171.23,174.00,169.50,170.35,172.50,171.96,,170.35,,,129124,22109076.25,233,F1,1,,,,,
2026-08-07,2026-08-07,CM,NSE,STK,13987,INF209KB17D5,ABSLBANETF,EQ,,,,,BIRLASLAMC - ABSLBANETF,59.03,59.56,59.03,59.34,59.30,59.43,,59.34,,,363165,21504162.61,201,F1,1,,,,,
2026-08-07,2026-08-07,CM,NSE,STK,14518,INF209KB18T9,ABSLLIQUID,EQ,,,,,BIRLASLAMC - ABSLLIQUID,999.99,1000.01,999.99,1000.00,999.99,999.99,,1000.00,,,3869,3869003.14,17,F1,1,,,,,
2026-08-07,2026-08-07,CM,NSE,STK,761066,INF209KC1662,ABSLMSCIN,EQ,,,,,BIRLASLAMC - ABSLMSCIN,30.37,30.70,30.00,30.44,30.70,30.22,,30.44,,,608,18327.56,16,F1,1,,,,,
2026-08-07,2026-08-07,CM,NSE,STK,7339,INF209KB16D7,ABSLNN50ET,EQ,,,,,BIRLASLAMC - ABSLNN50ET,80.33,80.33,77.28,78.45,78.45,78.38,,78.45,,,9608,754879.87,205,F1,1,,,,,
2026-08-07,2026-08-07,CM,NSE,STK,5957,INF209KB10E8,BSLSENETFG,EQ,,,,,BIRLASLAMC - BSLSENETFG,80.97,80.97,78.33,79.16,80.00,79.54,,79.16,,,2112,167510.11,111,F1,1,,,,,
2026-08-07,2026-08-07,CM,NSE,STK,6297,INF209KB10C2,HEALTHY,EQ,,,,,BIRLASLAMC - HEALTHY,17.17,17.39,17.12,17.24,17.25,17.17,,17.24,,,204241,3513768.49,873,F1,1,,,,,
2026-08-07,2026-08-07,CM,NSE,STK,10693,INF209KB14K7,MOMENTUM,EQ,,,,,BIRLASLAMC - MOMENTUM,30.97,31.48,30.97,31.42,31.12,30.64,,31.42,,,154700,4844816.93,209,F1,1,,,,,
2026-08-07,2026-08-07,CM,NSE,STK,10690,INF209KB15K4,NIFTYQLITY,EQ,,,,,BIRLASLAMC - NIFTYQLITY,21.15,22.08,20.98,22.01,22.05,21.79,,22.01,,,85230,1873630.08,464,F1,1,,,,,
2026-08-07,2026-08-07,CM,NSE,STK,8003,INF209KB19F6,SILVER,EQ,,,,,BIRLASLAMC - SILVER,223.96,230.66,223.96,230.03,229.67,223.95,,230.02,,,1587528,361888277.74,11898,F1,1,,,,,
2026-08-07,2026-08-07,CM,NSE,STK,6462,INF209KB11D8,TECH,EQ,,,,,BIRLASLAMC - TECH,34.73,34.84,33.88,34.69,34.78,34.05,,34.69,,,55584,1925455.43,195,F1,1,,,,,
2026-08-07,2026-08-07,CM,NSE,STK,23806,INF209KB19Z4,ABSLPSE,EQ,,,,,BIRLASLAMC-ABSLPSE,10.41,10.41,10.28,10.34,10.39,10.34,,10.35,,,79832,824334.10,441,F1,1,,,,,
2026-08-07,2026-08-07,CM,NSE,STK,6994,INE836A01035,BSOFT,EQ,,,,,BIRLASOFT LIMITED,318.25,323.50,316.40,318.50,318.00,318.25,,318.51,,,798934,254938735.15,17260,F1,1,,,,,
2026-08-07,2026-08-07,CM,NSE,STK,3435,INE676A01027,BBOX,EQ,,,,,BLACK BOX LIMITED,741.35,748.45,735.05,744.45,747.00,741.70,,744.47,,,180270,133734213.30,10677,F1,1,,,,,
2026-08-07,2026-08-07,CM,NSE,STK,762601,INE761G01016,BLACKROSE,BE,,,,,BLACK ROSE INDS. LTD.,114.42,116.89,111.05,112.93,113.50,114.42,,112.98,,,13496,1544152.86,194,F1,1,,,,,
2026-08-07,2026-08-07,CM,NSE,STK,27144,INE0UIZ01018,BLACKBUCK,EQ,,,,,BLACKBUCK LIMITED,555.10,582.50,553.70,577.65,570.00,557.55,,577.62,,,406614,232625418.50,14883,F1,1,,,,,
2026-08-07,2026-08-07,CM,NSE,STK,8132,INE791A01024,BLBLIMITED,EQ,,,,,BLB LIMITED,16.06,16.39,15.90,15.95,16.00,16.06,,15.94,,,39285,630108.46,134,F1,1,,,,,
2026-08-07,2026-08-07,CM,NSE,STK,19269,INE416D01022,BLISSGVS,BE,,,,,BLISS GVS PHARMA LTD,483.10,504.95,471.35,477.55,478.50,493.65,,477.54,,,207930,100789649.95,3507,F1,1,,,,,
2026-08-07,2026-08-07,CM,NSE,STK,22566,INE0NLT01010,BLSE,EQ,,,,,BLS E-SERVICES LIMITED,306.45,314.50,301.80,310.55,310.20,317.65,,310.55,,,843221,260262078.85,15923,F1,1,,,,,
2026-08-07,2026-08-07,CM,NSE,STK,17279,INE153T01027,BLS,EQ,,,,,BLS INTL SERVS LTD,252.70,257.73,250.80,254.33,253.85,253.98,,254.33,,,1226171,312650980.88,44150,F1,1,,,,,
2026-08-07,2026-08-07,CM,NSE,STK,8650,INE657B01025,BLUECHIP,BE,,,,,BLUE CHIP INDIA LIMITED,1.67,1.71,1.65,1.66,1.69,1.68,,1.66,,,33800,56603.34,138,F1,1,,,,,
2026-08-07,2026-08-07,CM,NSE,STK,8552,INE472B01011,BLUECOAST,BE,,,,,BLUE COAST HOTELS LIMITED,26.69,26.69,24.22,25.06,25.06,25.49,,25.06,,,754,19106.41,17,F1,1,,,,,
2026-08-07,2026-08-07,CM,NSE,STK,495,INE233B01017,BLUEDART,EQ,,,,,BLUE DART EXPRESS LTD,5115.00,5144.00,5013.50,5089.50,5046.00,5112.50,,5089.60,,,28915,147546018.00,3777,F1,1,,,,,
2026-08-07,2026-08-07,CM,NSE,STK,19686,INE0KBH01020,BLUEJET,EQ,,,,,BLUE JET HEALTHCARE LTD,587.90,599.45,583.10,593.90,592.00,587.90,,593.90,,,517530,306887562.30,16002,F1,1,,,,,
2026-08-07,2026-08-07,CM,NSE,STK,23410,INE0SAK01011,BLUEPEBBLE,SM,,,,,BLUE PEBBLE LIMITED,70.00,76.50,70.00,76.50,76.50,73.00,,76.50,,,6400,472600.00,8,F1,400,,,,,
2026-08-07,2026-08-07,CM,NSE,STK,8311,INE472A01039,BLUESTARCO,EQ,,,,,BLUE STAR LIMITED,1563.80,1595.00,1497.00,1514.00,1514.00,1571.00,,1514.03,,,2392270,3649181029.10,155297,F1,1,,,,,
2026-08-07,2026-08-07,CM,NSE,STK,758185,INE0X3M01010,BLUEWATER,ST,,,,,BLUE WATER LOGISTICS LTD,410.05,427.35,410.00,424.95,424.95,423.00,,424.95,,,8000,3372100.00,8,F1,1000,,,,,
2026-08-07,2026-08-07,CM,NSE,STK,759291,INE304W01038,BLUESTONE,EQ,,,,,BLUESTONE JEWEL LFSTL LTD,819.00,839.45,804.60,814.50,814.00,824.40,,814.47,,,4359307,3596485429.35,90068,F1,1,,,,,
2026-08-07,2026-08-07,CM,NSE,STK,757520,INE0U4101014,BLUSPRING,EQ,,,,,BLUSPRING ENTERPRISES LTD,116.46,121.00,111.00,112.23,111.40,115.59,,112.24,,,414955,48276786.13,4502,F1,1,,,,,
2026-08-07,2026-08-07,CM,NSE,STK,759256,INE965W01036,BMWVENTLTD,EQ,,,,,BMW VENTURES LIMITED,60.11,61.00,59.00,59.30,59.00,60.75,,59.30,,,93041,5574967.03,1633,F1,1,,,,,
2026-08-07,2026-08-07,CM,NSE,STK,762611,INE00HZ01011,BNAGROCHEM,BE,,,,,BN AGROCHEM LTD.,265.40,270.00,265.05,265.05,265.05,273.00,,267.28,,,38214,10316788.00,124,F1,1,,,,,
2026-08-07,2026-08-07,CM,NSE,STK,25021,INE338D01028,BODALCHEM,BE,,,,,BODAL CHEMICALS LTD,71.50,71.50,67.87,68.98,68.70,71.44,,68.99,,,357804,24644412.87,1130,F1,1,,,,,
2026-08-07,2026-08-07,CM,NSE,STK,14150,INE0EEJ01023,BTML,EQ,,,,,BODHI TREE MULTIMEDIA LTD,7.29,8.39,7.28,8.01,8.00,7.20,,8.01,,,4101467,32915043.46,4092,F1,1,,,,,
2026-08-07,2026-08-07,CM,NSE,STK,11640,INE802W01023,BOHRAIND,EQ,,,,,BOHRA INDUSTRIES LIMITED,13.52,14.38,13.45,13.85,13.63,14.94,,13.85,,,49048,673774.25,111,F1,1,,,,,
2026-08-07,2026-08-07,CM,NSE,STK,380,INE050A01025,BBTC,EQ,,,,,BOMBAY BURMAH TRADING COR,1501.00,1522.10,1490.00,1504.10,1502.10,1498.00,,1504.13,,,42820,64577171.10,4520,F1,1,,,,,
2026-08-07,2026-08-07,CM,NSE,STK,513,INE032A01023,BOMDYEING,EQ,,,,,BOMBAY DYEING & MFG. CO L,120.49,122.65,119.12,120.23,120.45,120.48,,120.23,,,492747,59504074.24,5273,F1,1,,,,,
2026-08-07,2026-08-07,CM,NSE,STK,812,INE032Z01020,BSHSL,BE,,,,,BOMBAY SUPER HYBRID SEEDS,86.67,91.00,86.50,91.00,91.00,86.67,,91.00,,,25612,2306767.88,176,F1,1,,,,,
2026-08-07,2026-08-07,CM,NSE,STK,31128,INE053F07538,810IRFC27,N2,,,,,BOND 8.10% PA TAX FREE S2,1076.15,1076.30,1076.00,1076.01,1076.03,1074.50,,1076.01,,,1045,1124450.70,8,F1,1,,,,,
2026-08-07,2026-08-07,CM,NSE,STK,31040,INE906B07CB9,830NHAI27,N2,,,,,BOND 8.30% PA TAX FREE S2,1084.00,1084.20,1081.90,1082.00,1082.00,1080.50,,1082.00,,,421,455626.00,9,F1,1,,,,,
2026-08-07,2026-08-07,CM,NSE,STK,30984,INE020B07HP8,846REC28,N6,,,,,BOND 8.46% TAX FREE S2A,1120.00,1120.00,1120.00,1120.00,1120.00,1120.00,,1116.11,,,5,5600.00,1,F1,1,,,,,
2026-08-07,2026-08-07,CM,NSE,STK,603,INE053F07686,865IRFC29,NA,,,,,BOND 8.65% PA TF TI-SIIB,1110.00,1110.00,1108.00,1108.00,1108.00,1107.00,,1114.00,,,25,27740.00,2,F1,1,,,,,
2026-08-07,2026-08-07,CM,NSE,STK,30990,INE020B07HS2,871REC28,N9,,,,,BOND 8.71% TAX FREE S2B,1124.00,1124.00,1119.52,1119.52,1119.52,1124.00,,1119.61,,,426,476968.00,12,F1,1,,,,,
2026-08-07,2026-08-07,CM,NSE,STK,1999,INE053F07744,888IRFC29,NE,,,,,BOND 8.88% PA TF TII-SIIB,1125.00,1125.00,1124.84,1124.91,1124.84,1124.84,,1124.91,,,100,112493.76,7,F1,1,,,,,
2026-08-07,2026-08-07,CM,NSE,STK,761056,INE0B9A01018,BONLON,EQ,,,,,BONLON INDUSTRIES LIMITED,42.66,43.00,41.50,42.20,42.49,42.66,,42.14,,,3471,146209.95,96,F1,1,,,,,
2026-08-07,2026-08-07,CM,NSE,STK,757919,INE16SF01016,BORANA,EQ,,,,,BORANA WEAVES LIMITED,346.35,346.90,336.05,339.60,340.00,344.60,,339.60,,,45615,15561126.05,1012,F1,1,,,,,
2026-08-07,2026-08-07,CM,NSE,STK,19401,INE02PY01013,BOROLTD,EQ,,,,,BOROSIL LIMITED,247.60,247.60,241.10,244.21,241.99,247.99,,244.13,,,49501,12102776.57,2357,F1,1,,,,,
2026-08-07,2026-08-07,CM,NSE,STK,3149,INE666D01022,BORORENEW,EQ,,,,,BOROSIL RENEWABLES LTD,556.55,560.00,546.00,548.65,548.50,556.80,,548.94,,,328727,181096988.85,10921,F1,1,,,,,
2026-08-07,2026-08-07,CM,NSE,STK,24014,INE02L001032,BOROSCI,EQ,,,,,BOROSIL SCIENTIFIC LTD,140.00,143.95,138.70,141.85,143.50,138.92,,141.84,,,105953,15001094.93,1885,F1,1,,,,,
2026-08-07,2026-08-07,CM,NSE,STK,4491,INE782A01015,BOSCH-HCIL,EQ,,,,,BOSCH HOME COMFRT IND LTD,1645.20,1708.80,1625.00,1682.40,1651.10,1645.20,,1682.49,,,138636,232137365.60,14542,F1,1,,,,,
2026-08-07,2026-08-07,CM,NSE,STK,2181,INE323A01026,BOSCHLTD,EQ,,,,,BOSCH LIMITED,42350.00,42950.00,42000.00,42950.00,42950.00,42000.00,,42764.77,,,28216,1197407435.00,10828,F1,1,,,,,
2026-08-07,2026-08-07,CM,NSE,STK,25119,INE0QNI01012,BOSS,SM,,,,,BOSS PACKAGING SOLU LTD,45.80,45.80,45.70,45.70,45.70,43.80,,45.70,,,4000,183000.00,2,F1,2000,,,,,
2026-08-07,2026-08-07,CM,NSE,STK,530,INE110A01019,BPL,EQ,,,,,BPL LTD,53.42,54.10,53.13,53.56,53.37,53.42,,53.61,,,24305,1304381.28,526,F1,1,,,,,
2026-08-07,2026-08-07,CM,NSE,STK,24905,INE0R4Z01018,BRACEPORT,SM,,,,,BRACE PORT LOGISTICS LTD,70.00,73.95,70.00,71.95,73.95,71.05,,71.95,,,3200,230320.00,2,F1,1600,,,,,
2026-08-07,2026-08-07,CM,NSE,STK,24814,INE02RE01045,FIRSTCRY,EQ,,,,,BRAINBEES SOLUTIONS LTD,213.89,215.63,212.31,214.20,214.00,213.89,,214.20,,,441705,94652007.51,7457,F1,1,,,,,
2026-08-07,2026-08-07,CM,NSE,STK,7780,INE977Y01011,BCONCEPTS,EQ,,,,,BRAND CONCEPTS LIMITED,185.00,185.00,172.00,173.82,174.10,177.36,,173.86,,,12681,2225234.00,780,F1,1,,,,,
2026-08-07,2026-08-07,CM,NSE,STK,760972,INE0XUD01014,BRANDMAN,SM,,,,,BRANDMAN RETAIL LIMITED,177.00,180.00,177.00,178.00,178.00,176.90,,178.00,,,5600,1001120.00,7,F1,800,,,,,
2026-08-07,2026-08-07,CM,NSE,STK,15184,INE791I01019,BRIGADE,EQ,,,,,BRIGADE ENTER. LTD,568.80,585.80,568.35,581.95,582.00,571.95,,582.02,,,449734,261096752.10,29197,F1,1,,,,,
2026-08-07,2026-08-07,CM,NSE,STK,757794,INE03NU01014,BRIGHOTEL,EQ,,,,,BRIGADE HOTEL VENTURE LTD,61.75,62.09,60.00,60.28,60.12,61.74,,60.30,,,126354,7647621.01,2552,F1,1,,,,,
2026-08-07,2026-08-07,CM,NSE,STK,8833,INE425B01027,BCG,EQ,,,,,BRIGHTCOM GROUP LIMITED,9.22,9.41,9.22,9.30,9.33,9.24,,9.30,,,3636322,33838750.10,3339,F1,1,,,,,
2026-08-07,2026-08-07,CM,NSE,STK,547,INE216A01030,BRITANNIA,EQ,,,,,BRITANNIA INDUSTRIES LTD,5502.50,5660.00,5500.00,5510.00,5510.00,5404.00,,5510.02,,,1342849,7505400441.00,96304,F1,1,,,,,
2026-08-07,2026-08-07,CM,NSE,STK,2203,INE0FDU25010,BIRET,RR,,,,,BROOKFIELD INDIA RET,345.00,345.96,343.02,344.99,345.00,344.42,,344.99,,,195835,67492685.92,3806,F1,1,,,,,
2026-08-07,2026-08-07,CM,NSE,STK,25140,INE650L01011,BROOKS,BE,,,,,BROOKS LAB LIMITED,59.30,60.06,59.26,60.01,60.00,60.05,,60.25,,,14886,891732.79,76,F1,1,,,,,
2026-08-07,2026-08-07,CM,NSE,STK,19585,INE118H01025,BSE,EQ,,,,,BSE LIMITED,3435.00,3529.00,3415.50,3457.10,3457.10,3435.00,,3457.10,,,3722055,12902959287.00,168756,F1,1,,,,,
2026-08-07,2026-08-07,CM,NSE,STK,559,INE594B01012,BSL,EQ,,,,,BSL LTD,123.92,126.00,123.00,123.53,123.00,123.92,,123.45,,,2686,332494.67,156,F1,1,,,,,
2026-08-07,2026-08-07,CM,NSE,STK,2716,INE295F01017,BUTTERFLY,EQ,,,,,BTRFLY GANDHI APPL LTD,681.60,689.95,676.10,681.75,681.00,681.65,,681.79,,,16555,11308946.90,984,F1,1,,,,,
2026-08-07,2026-08-07,CM,NSE,STK,24701,INE0SZ301012,BULKCORP,SM,,,,,BULKCORP INTERNATIONAL L,66.15,66.65,66.15,66.45,66.65,63.50,,66.45,,,6000,398700.00,5,F1,1200,,,,,
2026-08-07,2026-08-07,CM,NSE,STK,760854,INE0SMX01019,CKKRETAIL,SM,,,,,C K K RETAIL MART LIMITED,148.00,148.00,148.00,148.00,148.00,145.00,,148.00,,,800,118400.00,1,F1,800,,,,,
2026-08-07,2026-08-07,CM,NSE,STK,18372,INE0QBU01012,CPS,SM,,,,,C P S SHAPERS LIMITED,1055.00,1055.00,1021.25,1040.00,1040.00,1075.00,,1040.00,,,4950,5140590.00,15,F1,150,,,,,
2026-08-07,2026-08-07,CM,NSE,STK,7227,INE0BV301023,MAPMYINDIA,EQ,,,,,C.E. INFO SYSTEMS LIMITED,1075.00,1075.00,1010.20,1014.30,1016.70,1070.70,,1014.30,,,278174,287614221.40,19034,F1,1,,,,,
2026-08-07,2026-08-07,CM,NSE,STK,27274,INE0U7V01015,C2C,SM,,,,,C2C ADVANCED SYSTEMS LTD,268.95,268.95,257.20,261.15,261.80,266.40,,261.15,,,95850,25050997.50,465,F1,150,,,,,
2026-08-07,2026-08-07,CM,NSE,STK,764255,INE11XY01018,CMLL,EQ,,,,,CALIBER MINING AND LOG L,579.00,614.75,577.00,599.45,595.05,579.95,,599.28,,,2748533,1651797065.15,50982,F1,1,,,,,
2026-08-07,2026-08-07,CM,NSE,STK,8400,INE526B01014,CALSOFT,BE,,,,,CALIFORNIA SOFTWARE CO LT,21.72,22.10,21.50,22.01,22.00,21.72,,22.08,,,46849,1027372.11,162,F1,1,,,,,
2026-08-07,2026-08-07,CM,NSE,STK,14218,INE627H01017,CTE,EQ,,,,,CAMBRIDGE TECH ENTER LTD,37.97,39.40,37.22,37.66,37.46,37.97,,37.65,,,7498,285571.57,79,F1,1,,,,,
2026-08-07,2026-08-07,CM,NSE,STK,6216,INE052I01032,CAMLINFINE,EQ,,,,,CAMLIN FINE SCIENCES LTD,127.83,129.32,126.15,126.58,126.40,127.83,,126.56,,,301868,38370805.55,3557,F1,1,,,,,
2026-08-07,2026-08-07,CM,NSE,STK,9362,INE278Y01022,CAMPUS,EQ,,,,,CAMPUS ACTIVEWEAR LIMITED,218.00,225.00,218.00,224.37,224.00,219.00,,224.36,,,851537,189318372.72,16724,F1,1,,,,,
2026-08-07,2026-08-07,CM,NSE,STK,583,INE477A01020,CANFINHOME,EQ,,,,,CAN FIN HOMES LTD,808.25,814.50,804.95,811.30,810.00,808.25,,811.26,,,114033,92393496.55,6716,F1,1,,,,,
2026-08-07,2026-08-07,CM,NSE,STK,10794,INE476A01022,CANBK,EQ,,,,,CANARA BANK,130.98,132.48,130.43,131.95,131.95,131.70,,131.95,,,22576580,2972900756.64,82118,F1,1,,,,,
2026-08-07,2026-08-07,CM,NSE,STK,759477,INE01TY01017,CANHLIFE,EQ,,,,,CANARA HSBC LIFE INS CO L,149.01,152.86,147.65,152.19,151.94,150.55,,152.18,,,916319,137228774.04,18372,F1,1,,,,,
2026-08-07,2026-08-07,CM,NSE,STK,759311,INE218I01013,CRAMC,EQ,,,,,CANARA ROBECO AMC LIMITED,261.35,263.30,260.45,262.10,262.75,263.05,,262.10,,,176049,46108704.15,5099,F1,1,,,,,
2026-08-07,2026-08-07,CM,NSE,STK,19368,INE0QG301017,CANARYS,SM,,,,,CANARYS AUTOMATIONS LTD,23.35,24.25,23.35,23.70,23.70,23.25,,23.70,,,48000,1141400.00,12,F1,4000,,,,,
2026-08-07,2026-08-07,CM,NSE,STK,20160,INE068L01024,CANTABIL,EQ,,,,,CANTABIL RETAIL LTD,228.00,235.01,225.13,227.69,227.85,228.10,,227.66,,,209361,48026315.96,10401,F1,1,,,,,
2026-08-07,2026-08-07,CM,NSE,STK,21749,INE264T01014,CAPACITE,EQ,,,,,CAPACITE INFRAPROJECT LTD,225.00,227.50,212.00,212.59,212.40,225.92,,212.58,,,1443931,312144284.45,21451,F1,1,,,,,
2026-08-07,2026-08-07,CM,NSE,STK,759867,INE0ILV01024,CAPILLARY,EQ,,,,,CAPILLARY TECHNO INDIA L,570.00,576.95,551.00,560.55,551.00,580.60,,560.63,,,211935,119650853.15,7328,F1,1,,,,,
2026-08-07,2026-08-07,CM,NSE,STK,756015,INE345H01024,CIFL,EQ,,,,,CAPITAL INDIA FINANCE LTD,21.14,22.89,21.14,21.88,21.98,21.55,,21.88,,,161769,3539187.67,2283,F1,1,,,,,
2026-08-07,2026-08-07,CM,NSE,STK,29157,INE0Z8Z23013,CAPINVIT,IV,,,,,CAPITAL INFRA TRUST,75.60,76.05,75.52,75.91,75.94,75.52,,75.90,,,232205,17633041.60,2901,F1,1,,,,,
2026-08-07,2026-08-07,CM,NSE,STK,22675,INE646H01017,CAPITALSFB,EQ,,,,,CAPITAL SMALL FIN BANK L,298.80,298.80,294.80,296.20,295.80,295.85,,296.20,,,20503,6090210.95,527,F1,1,,,,,
2026-08-07,2026-08-07,CM,NSE,STK,19451,INE707C01018,CAPTRUST,BE,,,,,CAPITAL TRUST LIMITED,17.81,19.36,17.52,19.36,19.36,18.44,,19.36,,,54147,1019033.05,166,F1,1,,,,,
2026-08-07,2026-08-07,CM,NSE,STK,3906,INE475E01026,CAPLIPOINT,EQ,,,,,CAPLIN POINT LAB LTD.,2580.00,2597.60,2556.70,2574.10,2574.90,2585.80,,2574.12,,,44432,114356600.30,8703,F1,1,,,,,
2026-08-07,2026-08-07,CM,NSE,STK,20329,INE180C01042,CGCL,EQ,,,,,CAPRI GLOBAL CAPITAL LTD,239.82,240.84,228.61,230.25,231.00,241.07,,230.25,,,2784996,652451998.89,30948,F1,1,,,,,
2026-08-07,2026-08-07,CM,NSE,STK,764203,INE536P01021,CPL,EQ,,,,,CAPTAIN POLYPLAST LIMITED,72.89,72.99,71.00,71.30,71.01,72.20,,71.30,,,15488,1110386.07,478,F1,1,,,,,
2026-08-07,2026-08-07,CM,NSE,STK,595,INE120A01034,CARBORUNIV,EQ,,,,,CARBORUNDUM UNIVERSAL LTD,1079.00,1114.80,1059.10,1097.00,1114.80,1069.10,,1097.08,,,521265,565444594.40,33339,F1,1,,,,,
2026-08-07,2026-08-07,CM,NSE,STK,29113,INE752H01013,CARERATING,EQ,,,,,CARE RATINGS LIMITED,1730.30,1774.90,1711.20,1749.20,1757.50,1730.10,,1749.17,,,55712,97762656.30,8580,F1,1,,,,,
2026-08-07,2026-08-07,CM,NSE,STK,758941,INE0P6P01016,CPEDU,EQ,,,,,CAREER POINT EDUTECH LTD,212.52,212.94,209.60,212.09,212.35,212.82,,212.09,,,4950,1044958.00,171,F1,1,,,,,
2026-08-07,2026-08-07,CM,NSE,STK,28879,INE0V7W01012,CARRARO,EQ,,,,,CARRARO INDIA LIMITED,532.05,535.00,498.45,502.05,501.00,542.15,,502.05,,,634337,323643882.45,26169,F1,1,,,,,
2026-08-07,2026-08-07,CM,NSE,STK,5407,INE290S01011,CARTRADE,EQ,,,,,CARTRADE TECH LIMITED,2760.00,2808.00,2738.00,2793.00,2789.00,2788.40,,2792.89,,,219164,611382016.10,22147,F1,1,,,,,
2026-08-07,2026-08-07,CM,NSE,STK,1879,INE482D01024,CARYSIL,EQ,,,,,CARYSIL LIMITED,1215.00,1223.90,1178.00,1183.90,1188.20,1213.90,,1183.96,,,53656,64166005.50,5846,F1,1,,,,,
2026-08-07,2026-08-07,CM,NSE,STK,758156,INE0WL201014,CUDML,ST,,,,,CASH UR DRIVE MARKETING L,133.00,133.00,133.00,133.00,133.00,133.00,,133.00,,,4000,532000.00,2,F1,1000,,,,,
2026-08-07,2026-08-07,CM,NSE,STK,1250,INE172A01027,CASTROLIND,EQ,,,,,CASTROL INDIA LIMITED,194.00,194.50,190.90,192.08,192.11,194.17,,192.07,,,3122432,602624706.55,23269,F1,1,,,,,
2026-08-07,2026-08-07,CM,NSE,STK,11452,INE421D01022,CCL,EQ,,,,,CCL PRODUCTS (I) LTD,1124.70,1139.80,1124.70,1130.00,1128.00,1131.20,,1130.00,,,93640,105826005.00,13040,F1,1,,,,,
2026-08-07,2026-08-07,CM,NSE,STK,15254,INE482A01020,CEATLTD,EQ,,,,,CEAT LIMITED,3725.10,3768.50,3675.30,3723.10,3700.00,3755.40,,3723.11,,,54517,203372006.30,7471,F1,1,,,,,
2026-08-07,2026-08-07,CM,NSE,STK,757690,INE11J101017,CEDAAR,ST,,,,,CEDAAR TEXTILE LIMITED,16.50,17.10,16.35,16.50,16.70,16.50,,16.50,,,7000,116250.00,7,F1,1000,,,,,
2026-08-07,2026-08-07,CM,NSE,STK,24742,INE0AG901020,CEIGALL,EQ,,,,,CEIGALL INDIA LIMITED,333.00,336.70,329.40,333.35,335.00,331.90,,333.49,,,197443,65683559.65,6027,F1,1,,,,,
2026-08-07,2026-08-07,CM,NSE,STK,761037,INE016Q01014,CEINSYS,EQ,,,,,CEINSYS TECH LIMITED,843.00,857.60,835.80,842.15,840.00,844.50,,842.12,,,18771,15902722.75,1357,F1,1,,,,,
2026-08-07,2026-08-07,CM,NSE,STK,13162,INE185H01016,CELEBRITY,EQ,,,,,CELEBRITY FASHIONS LTD,7.28,7.28,6.91,6.99,7.07,6.98,,6.99,,,8931,62896.27,59,F1,1,,,,,
2026-08-07,2026-08-07,CM,NSE,STK,16950,INE0O0001013,CELLPOINT,SM,,,,,CELL POINT (INDIA) LTD,16.50,16.50,16.10,16.15,16.10,18.00,,16.15,,,8400,136260.00,7,F1,1200,,,,,
2026-08-07,2026-08-07,CM,NSE,STK,18811,INE0OMO01025,CELLECOR,ST,,,,,CELLECOR GADGETS LIMITED,32.00,32.00,29.90,31.00,31.00,31.45,,31.00,,,372000,11509800.00,59,F1,3000,,,,,
2026-08-07,2026-08-07,CM,NSE,STK,19795,INE0LMW01024,CELLO,EQ,,,,,CELLO WORLD LIMITED,379.15,381.55,370.40,373.15,374.00,379.25,,373.23,,,825377,309961195.20,17417,F1,1,,,,,
2026-08-07,2026-08-07,CM,NSE,STK,5622,INE686A01026,CEMPRO,EQ,,,,,CEMINDIA PROJECTS LIMITED,1234.10,1255.80,1183.60,1208.10,1206.00,1245.80,,1208.12,,,838985,1012571957.40,30612,F1,1,,,,,
2026-08-07,2026-08-07,CM,NSE,STK,14894,INE483A01010,CENTRALBK,EQ,,,,,CENTRAL BANK OF INDIA,31.40,31.51,31.26,31.36,31.37,31.51,,31.36,,,3574624,112143363.26,10752,F1,1,,,,,
2026-08-07,2026-08-07,CM,NSE,STK,21174,INE736A01011,CDSL,EQ,,,,,CENTRAL DEPO SER (I) LTD,1331.00,1334.40,1324.10,1328.00,1328.00,1331.00,,1328.00,,,571095,758502052.70,24250,F1,1,,,,,
2026-08-07,2026-08-07,CM,NSE,STK,761581,INE05HV01027,CMPDI,EQ,,,,,CENTRAL MINE P N D INST L,243.00,255.00,241.60,250.14,249.00,244.18,,250.14,,,2643553,661909831.09,29293,F1,1,,,,,
2026-08-07,2026-08-07,CM,NSE,STK,2454,INE660C01027,CENTRUM,EQ,,,,,CENTRUM CAPITAL LIMITED,24.80,25.75,24.26,25.13,24.90,24.65,,25.13,,,707291,17705059.25,1532,F1,1,,,,,
2026-08-07,2026-08-07,CM,NSE,STK,14982,INE320B01020,CENTUM,EQ,,,,,CENTUM ELECTRONICS LTD,3741.60,3864.00,3741.60,3851.80,3863.90,3790.30,,3851.46,,,24929,95581866.70,6005,F1,1,,,,,
2026-08-07,2026-08-07,CM,NSE,STK,619,INE485A01015,CENTENKA,EQ,,,,,CENTURY ENKA LTD,604.00,623.95,604.00,610.25,608.05,602.70,,610.22,,,85813,52729530.15,3732,F1,1,,,,,
2026-08-07,2026-08-07,CM,NSE,STK,11511,INE281A01026,CENTEXT,EQ,,,,,CENTURY EXTRUSIONS LTD,22.71,23.15,22.50,23.00,23.10,22.72,,23.01,,,134448,3068224.82,713,F1,1,,,,,
2026-08-07,2026-08-07,CM,NSE,STK,13305,INE348B01021,CENTURYPLY,EQ,,,,,CENTURY PLYBOARDS (I) LTD,785.95,789.00,768.10,781.95,777.10,783.75,,781.94,,,36025,28001664.40,5330,F1,1,,,,,
2026-08-07,2026-08-07,CM,NSE,STK,15039,INE739E01017,CERA,EQ,,,,,CERA SANITARYWARE LTD,6300.00,6348.00,5962.00,6062.00,6049.00,6324.50,,6062.26,,,59295,359313244.50,10047,F1,1,,,,,
2026-08-07,2026-08-07,CM,NSE,STK,29016,INE345B01019,CEREBRAINT,BZ,,,,,CEREBRA INT TECH LTD,2.85,2.85,2.71,2.81,2.83,2.79,,2.81,,,78431,218983.60,162,F1,1,,,,,
2026-08-07,2026-08-07,CM,NSE,STK,628,INE486A01021,CESC,EQ,,,,,CESC LTD,162.77,165.38,162.29,163.94,163.90,162.48,,163.95,,,1298919,212485386.92,16703,F1,1,,,,,
2026-08-07,2026-08-07,CM,NSE,STK,760,INE067A01029,CGPOWER,EQ,,,,,CG POWER AND IND SOL LTD,875.00,880.70,870.00,879.00,879.00,876.00,,879.22,,,1523373,1334016113.65,47367,F1,1,,,,,
2026-08-07,2026-08-07,CM,NSE,STK,8546,INE427F01016,CHALET,EQ,,,,,CHALET HOTELS LIMITED,860.00,861.20,851.05,859.70,860.00,863.10,,859.69,,,51018,43668118.75,5178,F1,1,,,,,
2026-08-07,2026-08-07,CM,NSE,STK,3482,INE419D01026,CLSEL,EQ,,,,,CHAMAN LAL SETIA EXP LTD,296.00,296.00,274.15,278.10,274.60,294.15,,278.09,,,224173,63327107.35,4328,F1,1,,,,,
2026-08-07,2026-08-07,CM,NSE,STK,13731,INE06PV01010,CMNL,SM,,,,,CHAMAN METALLICS LIMITED,97.00,97.00,94.00,96.95,96.95,97.25,,96.95,,,7500,717787.50,9,F1,750,,,,,
2026-08-07,2026-08-07,CM,NSE,STK,637,INE085A01013,CHAMBLFERT,EQ,,,,,CHAMBAL FERTILIZERS LTD,459.75,461.60,449.80,450.70,451.50,459.75,,450.70,,,300321,136200847.05,10410,F1,1,,,,,
2026-08-07,2026-08-07,CM,NSE,STK,29541,INE11HG01018,CHAMUNDA,SM,,,,,CHAMUNDA ELECTRICAL LTD,43.25,43.45,43.25,43.45,43.45,43.00,,43.45,,,6000,260100.00,2,F1,3000,,,,,
2026-08-07,2026-08-07,CM,NSE,STK,29633,INE0B2N01016,CHANDAN,SM,,,,,CHANDAN HEALTHCARE LTD,238.15,240.00,225.00,231.10,231.45,240.75,,231.10,,,179200,41423200.00,153,F1,800,,,,,
2026-08-07,2026-08-07,CM,NSE,STK,18654,INE0PT101017,CHAVDA,SM,,,,,CHAVDA INFRA LIMITED,132.80,147.50,132.70,140.75,140.60,133.45,,140.75,,,645000,89822750.00,414,F1,1000,,,,,
2026-08-07,2026-08-07,CM,NSE,STK,757991,INE0TGX01019,CHEMBONDCH,BE,,,,,CHEMBOND CHEMICAL LIMITED,234.08,243.35,231.77,237.42,239.00,231.77,,237.87,,,44693,10816068.70,265,F1,1,,,,,
2026-08-07,2026-08-07,CM,NSE,STK,14620,INE995D01025,CHEMBOND,BE,,,,,CHEMBOND MATERIALTECH LTD,177.99,179.00,175.00,177.06,177.50,178.80,,178.42,,,2458,438291.85,51,F1,1,,,,,
2026-08-07,2026-08-07,CM,NSE,STK,276,INE03YM01018,CHEMCON,BE,,,,,CHEMCON SPECIAL CHEM LTD,188.60,192.95,188.60,190.05,191.90,192.62,,190.86,,,21112,4022392.79,226,F1,1,,,,,
2026-08-07,2026-08-07,CM,NSE,STK,2815,INE783X01023,CHEMFAB,BE,,,,,CHEMFAB ALKALIS LIMITED,365.20,374.40,358.00,369.00,369.00,367.00,,371.98,,,1899,687382.20,35,F1,1,,,,,
2026-08-07,2026-08-07,CM,NSE,STK,5449,INE488A01050,CHEMPLASTS,EQ,,,,,CHEMPLAST SANMAR LIMITED,193.00,194.00,182.60,183.61,184.67,194.61,,183.62,,,1273804,239067668.64,13629,F1,1,,,,,
2026-08-07,2026-08-07,CM,NSE,STK,2049,INE178A01016,CHENNPETRO,EQ,,,,,CHENNAI PETROLEUM CORP LT,1235.90,1285.80,1220.30,1275.40,1275.80,1292.30,,1275.38,,,1468654,1863073112.70,35789,F1,1,,,,,
2026-08-07,2026-08-07,CM,NSE,STK,24628,INE0U1T01012,CHETANA,ST,,,,,CHETANA EDUCATION LIMITED,47.25,47.25,47.25,47.25,47.25,47.00,,47.25,,,1600,75600.00,1,F1,1600,,,,,
2026-08-07,2026-08-07,CM,NSE,STK,9879,INE974B01016,CHEVIOT,EQ,,,,,CHEVIOT COMPANY LIMITED,1175.10,1186.20,1156.00,1165.60,1162.10,1179.40,,1166.54,,,2676,3141289.90,408,F1,1,,,,,
2026-08-07,2026-08-07,CM,NSE,STK,8866,INE102B01014,CHOICEIN,EQ,,,,,CHOICE INTERNATIONAL LTD,832.00,843.95,831.00,841.15,841.00,833.20,,841.15,,,694855,583502094.60,12311,F1,1,,,,,
2026-08-07,2026-08-07,CM,NSE,STK,759610,INF2KCX01012,CHOICEGOLD,EQ,,,,,CHOICEAMC - CHOICEGOLD,148.00,148.10,144.84,147.82,148.10,146.76,,147.82,,,15057,2221344.57,159,F1,1,,,,,
2026-08-07,2026-08-07,CM,NSE,STK,21740,INE149A01033,CHOLAHLDNG,EQ,,,,,CHOLAMANDALAM FIN HOL LTD,1655.80,1658.00,1617.80,1628.00,1630.40,1648.00,,1627.96,,,164486,268445267.50,16145,F1,1,,,,,
2026-08-07,2026-08-07,CM,NSE,STK,685,INE121A01024,CHOLAFIN,EQ,,,,,CHOLAMANDALAM IN & FIN CO,1913.90,1922.00,1862.80,1866.20,1866.20,1940.00,,1866.21,,,1617860,3051302157.50,62661,F1,1,,,,,
2026-08-07,2026-08-07,CM,NSE,STK,14937,INE536H01010,CIEINDIA,EQ,,,,,CIE AUTOMOTIVE INDIA LTD,411.05,414.95,408.00,410.50,410.50,410.30,,410.44,,,325465,133924338.15,17432,F1,1,,,,,
2026-08-07,2026-08-07,CM,NSE,STK,27161,INE704H01022,CINELINE,EQ,,,,,CINELINE INDIA LIMITED,91.80,91.99,90.00,90.83,90.50,90.07,,90.83,,,8016,728331.56,126,F1,1,,,,,
2026-08-07,2026-08-07,CM,NSE,STK,8024,INE039B01026,CINEVISTA,EQ,,,,,CINEVISTA LIMITED,14.74,15.08,14.57,14.70,14.80,14.81,,14.70,,,24051,353667.64,102,F1,1,,,,,
2026-08-07,2026-08-07,CM,NSE,STK,694,INE059A01026,CIPLA,EQ,,,,,CIPLA LTD,1477.00,1477.00,1462.10,1463.80,1463.80,1477.00,,1463.82,,,765193,1123150573.90,27495,F1,1,,,,,
2026-08-07,2026-08-07,CM,NSE,STK,763149,INE2Q7823014,CITIUSINVT,IV,,,,,CITIUS TRANSNET INV TRUST,110.08,110.65,109.80,109.95,109.80,110.08,,109.95,,,141885,15620040.84,704,F1,1,,,,,
2026-08-07,2026-08-07,CM,NSE,STK,5701,INE491A01021,CUB,EQ,,,,,CITY UNION BANK LTD,209.00,215.00,207.49,212.00,212.75,208.39,,211.97,,,3440800,728564093.48,57358,F1,1,,,,,
2026-08-07,2026-08-07,CM,NSE,STK,20233,INE201M01029,CLEDUCATE,BE,,,,,CL EDUCATE LIMITED,59.87,60.00,58.55,58.70,58.71,59.77,,59.18,,,3355,198175.56,42,F1,1,,,,,
2026-08-07,2026-08-07,CM,NSE,STK,758739,INE0UQ601012,CLASSICEIL,ST,,,,,CLASSIC ELECTRODE (IND) L,56.85,56.95,54.15,54.15,54.15,56.95,,54.15,,,92800,5045440.00,40,F1,1600,,,,,
2026-08-07,2026-08-07,CM,NSE,STK,754695,INE1QGM01024,CLAYCRAFT,SM,,,,,CLAY CRAFT INDIA LIMITED,180.00,180.00,174.50,175.05,175.00,182.35,,175.05,,,33600,6010200.00,26,F1,600,,,,,
2026-08-07,2026-08-07,CM,NSE,STK,13846,INE376C01038,CLCIND,BE,,,,,CLC INDUSTRIES LIMITED,52.89,58.24,52.89,56.43,58.10,55.67,,56.43,,,64493,3411634.23,65,F1,1,,,,,
2026-08-07,2026-08-07,CM,NSE,STK,760183,INE647U01026,CLEANMAX,EQ,,,,,CLEAN MAX ENVIRO EN SOL L,1351.00,1355.00,1318.30,1323.80,1322.00,1357.80,,1323.87,,,137553,183075354.40,11098,F1,1,,,,,
2026-08-07,2026-08-07,CM,NSE,STK,5049,INE227W01023,CLEAN,EQ,,,,,CLEAN SCIENCE & TECH LTD,777.00,803.00,769.45,795.15,796.90,771.65,,795.10,,,984867,777127336.70,48650,F1,1,,,,,
2026-08-07,2026-08-07,CM,NSE,STK,760143,INE1EF801010,CSSL,SM,,,,,CLEAR SECURED SERVICES L,104.00,104.00,102.00,102.00,102.00,104.00,,102.00,,,3000,309000.00,3,F1,1000,,,,,
2026-08-07,2026-08-07,CM,NSE,STK,30893,INE00WV01027,CMRGREEN,EQ,,,,,CMR GREEN TECHNOLOGIES L,232.62,233.46,224.31,225.60,225.95,231.47,,225.60,,,495313,112943245.93,7767,F1,1,,,,,
2026-08-07,2026-08-07,CM,NSE,STK,7603,INE925R01014,CMSINFO,EQ,,,,,CMS INFO SYSTEMS LIMITED,279.00,279.00,272.00,273.15,273.10,277.55,,273.14,,,208497,57333568.75,5482,F1,1,,,,,
2026-08-07,2026-08-07,CM,NSE,STK,20374,INE522F01014,COALINDIA,EQ,,,,,COAL INDIA LTD,415.00,415.25,412.50,415.25,415.25,415.60,,415.25,,,3493763,1444191436.50,56381,F1,1,,,,,
2026-08-07,2026-08-07,CM,NSE,STK,6006,INE377E01024,COASTCORP,EQ,,,,,COASTAL CORPORATION LTD,44.52,44.99,37.02,43.33,43.79,45.03,,43.33,,,731781,29918752.44,5629,F1,1,,,,,
2026-08-07,2026-08-07,CM,NSE,STK,21508,INE704P01025,COCHINSHIP,EQ,,,,,COCHIN SHIPYARD LIMITED,1490.00,1524.70,1482.60,1519.70,1519.70,1490.00,,1518.58,,,2274374,3433370244.70,74988,F1,1,,,,,
2026-08-07,2026-08-07,CM,NSE,STK,11169,INE335K01011,COFFEEDAY,BE,,,,,COFFEE DAY ENTERPRISE LTD,32.40,32.40,32.40,32.40,32.40,34.10,,32.57,,,176920,5732208.00,629,F1,1,,,,,
2026-08-07,2026-08-07,CM,NSE,STK,11543,INE591G01025,COFORGE,EQ,,,,,COFORGE LIMITED,1772.80,1809.00,1765.50,1776.00,1776.00,1772.80,,1775.98,,,2666057,4767459846.80,104446,F1,1,,,,,
2026-08-07,2026-08-07,CM,NSE,STK,17945,INE03QK01018,COHANCE,EQ,,,,,COHANCE LIFESCIENCES LTD,436.00,449.20,432.85,445.75,446.05,438.90,,445.75,,,1985052,876896956.90,27232,F1,1,,,,,
2026-08-07,2026-08-07,CM,NSE,STK,15141,INE259A01022,COLPAL,EQ,,,,,COLGATE PALMOLIVE LTD.,2026.00,2037.50,2009.20,2030.00,2030.00,2028.40,,2029.49,,,222982,451172171.50,16536,F1,1,,,,,
2026-08-07,2026-08-07,CM,NSE,STK,762628,INE819A01049,COMFINTE,EQ,,,,,COMFORT INTECH LTD.,6.70,6.87,6.53,6.61,6.64,6.72,,6.61,,,150786,1008589.29,468,F1,1,,,,,
2026-08-07,2026-08-07,CM,NSE,STK,21578,INE073V01015,COMSYN,EQ,,,,,COMMERCIAL SYN BAGS LTD,208.94,227.00,204.49,224.83,225.00,209.58,,224.83,,,1308178,285431622.78,16584,F1,1,,,,,
2026-08-07,2026-08-07,CM,NSE,STK,19516,INE597Z01014,COMMITTED,ST,,,,,COMMITTED CARGO CARE LTD,343.50,350.00,343.50,349.70,349.70,350.00,,349.70,,,297600,104128520.00,83,F1,800,,,,,
2026-08-07,2026-08-07,CM,NSE,STK,19670,INE070C01037,COMPINFO,BZ,,,,,COMPUAGE INFOCOM LTD,1.10,1.15,1.10,1.12,1.12,1.10,,1.12,,,25757,29432.35,31,F1,1,,,,,
2026-08-07,2026-08-07,CM,NSE,STK,31138,INE453B01029,COMPUSOFT,EQ,,,,,COMPUCOM SOFTWARE LTD,13.04,13.30,12.90,13.14,13.19,13.08,,13.16,,,49522,649698.16,235,F1,1,,,,,
2026-08-07,2026-08-07,CM,NSE,STK,342,INE596I01020,CAMS,EQ,,,,,COMPUTER AGE MNGT SER LTD,801.00,801.05,778.05,787.50,787.50,799.45,,787.22,,,1011683,793621465.40,34904,F1,1,,,,,
2026-08-07,2026-08-07,CM,NSE,STK,18060,INE338H01029,CONCORDBIO,EQ,,,,,CONCORD BIOTECH LIMITED,1374.70,1390.90,1356.40,1365.00,1365.00,1374.70,,1365.16,,,68791,94318523.80,6447,F1,1,,,,,
2026-08-07,2026-08-07,CM,NSE,STK,28764,INE037Z01029,CEWATER,EQ,,,,,CONCORD ENVIRO SYSTEMS L,279.70,283.85,274.20,275.95,274.20,276.65,,275.87,,,75902,21092439.15,1959,F1,1,,,,,
2026-08-07,2026-08-07,CM,NSE,STK,10238,INE552D01024,CONFIPET,EQ,,,,,CONFIDENCE PETRO IND LTD.,79.90,81.50,79.61,81.28,81.20,79.39,,81.28,,,1311439,105817960.48,9721,F1,1,,,,,
2026-08-07,2026-08-07,CM,NSE,STK,758453,INE0EAS01014,CONNPLEX,SM,,,,,CONNPLEX CINEMAS LIMITED,201.05,203.65,199.00,203.60,203.60,204.40,,203.60,,,14400,2894800.00,18,F1,800,,,,,
2026-08-07,2026-08-07,CM,NSE,STK,14992,INE429I01024,CCCL,EQ,,,,,CONS. CONST. CONSORT LTD,15.40,15.99,15.30,15.35,15.36,15.60,,15.35,,,144968,2239372.25,572,F1,1,,,,,
2026-08-07,2026-08-07,CM,NSE,STK,11732,INE025A01027,CONSOFINVT,BE,,,,,CONSO. FIN. & HOLD. LTD.,309.75,309.75,292.00,296.25,295.00,300.30,,296.25,,,2719,807683.40,64,F1,1,,,,,
2026-08-07,2026-08-07,CM,NSE,STK,4749,INE111A01025,CONCOR,EQ,,,,,CONTAINER CORP OF IND LTD,510.15,513.90,505.20,505.20,505.20,512.00,,505.20,,,892002,453951909.55,24853,F1,1,,,,,
2026-08-07,2026-08-07,CM,NSE,STK,2531,INE340Z01019,CONTI,SM,,,,,CONTINENTAL SEED CHEM LTD,11.60,11.60,11.60,11.60,11.60,11.60,,11.60,,,3333,38662.80,1,F1,3333,,,,,
2026-08-07,2026-08-07,CM,NSE,STK,17477,INE663B01015,CONTROLPR,EQ,,,,,CONTROL PRINT LIMITED,562.15,580.00,562.15,579.20,579.95,562.15,,579.21,,,19716,11315853.00,1251,F1,1,,,,,
2026-08-07,2026-08-07,CM,NSE,STK,8567,INE0HS001028,COOLCAPS,ST,,,,,COOL CAPS INDUSTRIES LTD,22.65,22.65,21.10,21.50,21.25,21.90,,21.50,,,42500,925750.00,21,F1,1250,,,,,
2026-08-07,2026-08-07,CM,NSE,STK,4007,INE558D01021,CORALFINAC,EQ,,,,,CORAL INDIA FIN & HOUS LT,33.07,34.50,32.50,32.82,33.33,33.48,,32.62,,,71492,2413429.82,325,F1,1,,,,,
2026-08-07,2026-08-07,CM,NSE,STK,15275,INE792I01017,CORDSCABLE,BE,,,,,CORDS CABLE INDUS LTD.,224.00,224.00,218.02,218.63,220.94,222.46,,218.69,,,10865,2404996.30,120,F1,1,,,,,
2026-08-07,2026-08-07,CM,NSE,STK,739,INE169A01031,COROMANDEL,EQ,,,,,COROMANDEL INTERNTL. LTD,2073.40,2088.70,2056.10,2069.30,2068.00,2083.10,,2069.28,,,115784,239678567.50,10561,F1,1,,,,,
2026-08-07,2026-08-07,CM,NSE,STK,760254,INE02ZQ01018,CORONA,EQ,,,,,CORONA REMEDIES LIMITED,2045.50,2089.60,2045.20,2058.80,2046.00,2045.50,,2058.87,,,23272,48001861.60,4782,F1,1,,,,,
2026-08-07,2026-08-07,CM,NSE,STK,742,INE757A01017,COSMOFIRST,EQ,,,,,COSMO FIRST LIMITED,884.00,937.35,872.10,892.50,891.00,871.95,,892.39,,,687554,625530842.35,26568,F1,1,,,,,
2026-08-07,2026-08-07,CM,NSE,STK,6385,INE652F01027,CCHHL,EQ,,,,,COUNTRY CLUB HOSP HOL LTD,12.72,13.40,12.61,12.69,12.73,12.78,,12.69,,,33359,427351.03,139,F1,1,,,,,
2026-08-07,2026-08-07,CM,NSE,STK,16986,INE695B01025,COUNCODOS,EQ,,,,,COUNTRY CONDO S LIMITED,6.33,6.35,6.14,6.19,6.20,6.22,,6.19,,,33953,211878.25,149,F1,1,,,,,
2026-08-07,2026-08-07,CM,NSE,STK,20090,INE521J01018,CPCAP,BE,,,,,CP CAPITAL LIMITED,113.90,117.00,109.00,116.13,116.15,112.95,,116.25,,,49503,5661578.45,181,F1,1,,,,,
2026-08-07,2026-08-07,CM,NSE,STK,2328,INF457M01133,CPSEETF,EQ,,,,,CPSE ETF,94.30,95.79,93.85,94.27,94.48,94.21,,94.27,,,880048,82988311.12,6634,F1,1,,,,,
2026-08-07,2026-08-07,CM,NSE,STK,2854,INE00LO01017,CRAFTSMAN,EQ,,,,,CRAFTSMAN AUTOMATION LTD,10540.00,10762.00,10316.00,10483.00,10399.00,10555.00,,10482.69,,,37554,398096431.00,11708,F1,1,,,,,
2026-08-07,2026-08-07,CM,NSE,STK,16419,INE0OFK01019,CRAYONS,SM,,,,,CRAYONS ADVERTISING LTD,26.15,27.20,26.10,27.20,27.20,27.20,,27.20,,,5000,132100.00,5,F1,1000,,,,,
2026-08-07,2026-08-07,CM,NSE,STK,9384,INE230B01021,CREATIVEYE,EQ,,,,,CREATIVE EYE LIMITED,6.49,6.49,6.02,6.27,6.33,6.27,,6.27,,,1440,9010.58,59,F1,1,,,,,
2026-08-07,2026-08-07,CM,NSE,STK,23468,INE0R7401011,CGRAPHICS,SM,,,,,CREATIVE GRAPHICS S IND L,142.10,154.40,139.00,150.00,147.20,142.25,,150.00,,,285600,41295440.00,85,F1,800,,,,,
2026-08-07,2026-08-07,CM,NSE,STK,11155,INE985W01018,CNL,EQ,,,,,CREATIVE NEWTECH LIMITED,1127.00,1139.80,1092.05,1116.85,1120.80,1089.45,,1117.01,,,83171,93009395.35,6849,F1,1,,,,,
2026-08-07,2026-08-07,CM,NSE,STK,4421,INE741K01010,CREDITACC,EQ,,,,,CREDITACCESS GRAMEEN LTD,1547.00,1547.90,1515.00,1523.60,1529.00,1547.00,,1523.60,,,224874,343029309.00,13341,F1,1,,,,,
2026-08-07,2026-08-07,CM,NSE,STK,20878,INE220Q01020,MUFTI,EQ,,,,,CREDO BRANDS MARKETING L,87.50,88.00,84.34,86.02,85.81,87.44,,86.00,,,65115,5611298.79,1410,F1,1,,,,,
2026-08-07,2026-08-07,CM,NSE,STK,13900,INE559D01011,CREST,EQ,,,,,CREST VENTURES LIMITED,378.25,380.80,374.35,377.00,377.00,378.90,,377.00,,,396,149250.25,35,F1,1,,,,,
2026-08-07,2026-08-07,CM,NSE,STK,757,INE007A01025,CRISIL,EQ,,,,,CRISIL LTD,4552.50,4617.70,4485.00,4607.00,4603.70,4550.60,,4606.89,,,87549,400303028.50,13050,F1,1,,,,,
2026-08-07,2026-08-07,CM,NSE,STK,757850,INE0S4R01014,CRIZAC,EQ,,,,,CRIZAC LIMITED,186.00,189.79,184.00,187.98,188.50,185.12,,187.98,,,302264,56549495.17,7883,F1,1,,,,,
2026-08-07,2026-08-07,CM,NSE,STK,17094,INE299U01018,CROMPTON,EQ,,,,,CROMPT GREA CON ELEC LTD,270.00,270.00,248.30,249.95,249.95,270.00,,249.93,,,22616837,5711730199.35,133185,F1,1,,,,,
2026-08-07,2026-08-07,CM,NSE,STK,18260,INE00NH01017,CLSL,SM,,,,,CROP LIFE SCIENCE LIMITED,68.00,70.00,68.00,69.00,68.00,68.00,,69.00,,,34000,2347000.00,17,F1,2000,,,,,
2026-08-07,2026-08-07,CM,NSE,STK,8083,INE491V01019,CROWN,EQ,,,,,CROWN LIFTERS LIMITED,114.00,114.00,110.65,111.81,112.10,113.98,,111.81,,,9073,1013017.98,235,F1,1,,,,,
2026-08-07,2026-08-07,CM,NSE,STK,14966,INE679A01013,CSBBANK,EQ,,,,,CSB BANK LIMITED,324.00,325.80,315.25,316.95,317.95,323.95,,316.95,,,473828,151364158.20,11849,F1,1,,,,,
2026-08-07,2026-08-07,CM,NSE,STK,10350,INE718F01018,CSLFINANCE,EQ,,,,,CSL FINANCE LIMITED,213.14,217.99,212.00,216.77,217.40,213.04,,216.72,,,11465,2476293.82,354,F1,1,,,,,
2026-08-07,2026-08-07,CM,NSE,STK,763753,INE0ZK601013,CSM,EQ,,,,,CSM TECHNOLOGIES LIMITED,102.58,103.64,101.00,102.12,102.20,102.58,,102.12,,,238195,24331432.64,2196,F1,1,,,,,
2026-08-07,2026-08-07,CM,NSE,STK,15078,INE0NR623014,CUBEINVIT,IV,,,,,CUBE HIGHWAYS TRUST,158.60,159.50,158.35,158.85,158.71,158.35,,158.85,,,1041812,165455622.12,29692,F1,1,,,,,
2026-08-07,2026-08-07,CM,NSE,STK,4064,INE144D01012,CUBEXTUB,EQ,,,,,CUBEX TUBINGS LTD,81.50,82.20,79.50,80.07,80.00,80.05,,80.06,,,26745,2157401.87,613,F1,1,,,,,
2026-08-07,2026-08-07,CM,NSE,STK,1901,INE298A01020,CUMMINSIND,EQ,,,,,CUMMINS INDIA LTD,5405.00,5474.50,5348.50,5426.00,5426.00,5402.00,,5426.00,,,262771,1425581860.50,24687,F1,1,,,,,
2026-08-07,2026-08-07,CM,NSE,STK,18520,INE509F01029,CUPID,EQ,,,,,CUPID LIMITED,264.00,267.00,239.28,262.13,262.94,262.61,,262.13,,,46030388,11882281528.84,316805,F1,1,,,,,
2026-08-07,2026-08-07,CM,NSE,STK,30189,INE117B01020,CURAA,EQ,,,,,CURA TECHNOLOGIES LIMITED,77.00,77.00,72.50,72.92,73.00,75.10,,72.92,,,307,22537.97,26,F1,1,,,,,
2026-08-07,2026-08-07,CM,NSE,STK,11845,INE278G01037,CYBERMEDIA,BE,,,,,CYBER MEDIA (INDIA) LTD.,16.00,17.00,15.62,16.01,16.01,16.20,,16.01,,,10277,164187.15,21,F1,1,,,,,
2026-08-07,2026-08-07,CM,NSE,STK,11447,INE075Z01011,CMRSL,SM,,,,,CYBER MEDIA RES & SER LTD,62.95,63.40,62.95,63.40,63.40,60.40,,63.40,,,4000,253240.00,5,F1,800,,,,,
2026-08-07,2026-08-07,CM,NSE,STK,6054,INE214A01019,CYBERTECH,BE,,,,,CYBERTECH SYSTEMS & SOFTW,137.02,139.80,137.02,138.24,139.00,137.49,,138.25,,,12189,1682465.15,150,F1,1,,,,,
2026-08-07,2026-08-07,CM,NSE,STK,17187,INE055S01018,CYIENTDLM,EQ,,,,,CYIENT DLM LIMITED,659.05,694.95,658.95,685.55,684.50,662.50,,685.14,,,839379,571260641.00,30233,F1,1,,,,,
2026-08-07,2026-08-07,CM,NSE,STK,5748,INE136B01020,CYIENT,EQ,,,,,CYIENT LIMITED,854.90,863.65,852.10,857.50,857.95,854.90,,857.49,,,355030,304395503.30,35048,F1,1,,,,,
2026-08-07,2026-08-07,CM,NSE,STK,16902,INE864X01013,DPWIRES,BE,,,,,D P WIRES LIMITED,169.00,169.00,163.80,167.03,167.48,166.43,,167.02,,,3408,567490.78,80,F1,1,,,,,
2026-08-07,2026-08-07,CM,NSE,STK,17851,INE250K01012,DLINKINDIA,EQ,,,,,D-LINK INDIA LTD,443.00,446.90,438.00,444.95,445.00,443.30,,444.95,,,91651,40485336.70,2947,F1,1,,,,,
2026-08-07,2026-08-07,CM,NSE,STK,936,INE266Y01019,DPABHUSHAN,EQ,,,,,D. P. ABHUSHAN LIMITED,1465.60,1465.60,1435.00,1443.40,1435.00,1458.80,,1443.39,,,15348,22153085.70,1244,F1,1,,,,,
2026-08-07,2026-08-07,CM,NSE,STK,17881,INE950I01011,DBCORP,EQ,,,,,D.B.CORP LTD,211.18,213.00,209.57,210.41,210.75,210.65,,210.42,,,75660,15973576.80,3355,F1,1,,,,,
2026-08-07,2026-08-07,CM,NSE,STK,772,INE016A01026,DABUR,EQ,,,,,DABUR INDIA LTD,410.95,413.45,408.50,410.00,410.00,411.30,,410.02,,,1749544,718334254.90,26256,F1,1,,,,,
2026-08-07,2026-08-07,CM,NSE,STK,762636,INE928C01010,DAICHI,BE,,,,,DAI-ICHI KARKARIA LTD.,323.00,326.00,313.00,323.80,324.90,322.20,,323.73,,,3397,1085521.60,72,F1,1,,,,,
2026-08-07,2026-08-07,CM,NSE,STK,8075,INE00R701025,DALBHARAT,EQ,,,,,DALMIA BHARAT LIMITED,1828.40,1832.10,1794.00,1827.40,1827.40,1822.50,,1827.40,,,103018,187484665.70,8988,F1,1,,,,,
2026-08-07,2026-08-07,CM,NSE,STK,781,INE495A01022,DALMIASUG,EQ,,,,,DALMIA BHARAT SUG IN LTD,397.95,412.00,396.10,404.40,404.55,395.80,,404.39,,,304629,122624745.15,6952,F1,1,,,,,
2026-08-07,2026-08-07,CM,NSE,STK,28662,INE284H01025,DAMCAPITAL,EQ,,,,,DAM CAPITAL ADVISORS LTD,154.44,155.00,151.22,152.02,152.00,154.44,,152.02,,,207769,31671336.10,3432,F1,1,,,,,
2026-08-07,2026-08-07,CM,NSE,STK,17569,INE497D01022,DAMODARIND,BE,,,,,DAMODAR INDUSTRIES LTD,27.90,29.00,27.80,28.49,28.49,28.50,,28.49,,,11003,312508.28,35,F1,1,,,,,
2026-08-07,2026-08-07,CM,NSE,STK,1110,INE688Y01022,DANGEE,EQ,,,,,DANGEE DUMS LIMITED,3.00,3.00,2.95,2.95,2.97,2.95,,2.95,,,40742,120798.17,85,F1,1,,,,,
2026-08-07,2026-08-07,CM,NSE,STK,25927,INE0YU901016,DANISH,SM,,,,,DANISH POWER LIMITED,846.90,846.90,807.70,812.85,807.70,825.90,,812.85,,,20250,16642605.00,105,F1,150,,,,,
2026-08-07,2026-08-07,CM,NSE,STK,7358,INE0IX101010,DATAPATTNS,EQ,,,,,DATA PATTERNS INDIA LTD,4369.10,4444.00,4362.00,4380.70,4375.00,4392.60,,4380.75,,,335411,1475548867.90,29750,F1,1,,,,,
2026-08-07,2026-08-07,CM,NSE,STK,11423,INE365B01017,DATAMATICS,EQ,,,,,DATAMATICS GLOBAL SER LTD,855.95,870.00,851.20,865.15,851.20,853.25,,865.15,,,160788,138825926.10,8688,F1,1,,,,,
2026-08-07,2026-08-07,CM,NSE,STK,21794,INE179G01029,DAVANGERE,EQ,,,,,DAVANGERE SUGAR COMPANY L,3.08,3.15,3.08,3.11,3.13,3.09,,3.11,,,1584439,4913852.04,5525,F1,1,,,,,
2026-08-07,2026-08-07,CM,NSE,STK,31111,INE921B01025,DBSTOCKBRO,BE,,,,,DB (INT) STOCK BROKERS,32.20,32.82,32.00,32.39,32.43,32.66,,32.39,,,4785,154315.40,48,F1,1,,,,,
2026-08-07,2026-08-07,CM,NSE,STK,11566,INE0A1101019,DCI,EQ,,,,,DC INFOTECH AND COMUN LTD,359.90,360.00,346.30,354.05,355.00,350.90,,354.04,,,38171,13496049.05,1555,F1,1,,,,,
2026-08-07,2026-08-07,CM,NSE,STK,13725,INE503A01015,DCBBANK,EQ,,,,,DCB BANK LIMITED,195.00,196.76,190.81,192.62,192.00,194.93,,192.62,,,1323169,254722414.22,13958,F1,1,,,,,
2026-08-07,2026-08-07,CM,NSE,STK,23520,INE0S8401018,DCG,SM,,,,,DCG CABLES & WIRES LTD,55.65,55.65,55.65,55.65,55.65,55.65,,55.65,,,1200,66780.00,1,F1,1200,,,,,
2026-08-07,2026-08-07,CM,NSE,STK,4775,INE891B01012,DCMFINSERV,EQ,,,,,DCM FINANCIAL SERVICES LT,5.79,5.79,5.11,5.29,5.20,5.55,,5.30,,,29080,160114.16,94,F1,1,,,,,
2026-08-07,2026-08-07,CM,NSE,STK,7323,INE498A01018,DCM,BE,,,,,DCM LIMITED,82.75,82.75,81.00,82.49,82.00,82.21,,82.49,,,1928,157471.01,26,F1,1,,,,,
2026-08-07,2026-08-07,CM,NSE,STK,11041,INE08KP01019,DCMNVL,BE,,,,,DCM NOUVELLE LIMITED,160.78,166.99,156.41,156.92,158.00,160.78,,156.92,,,16990,2767115.64,104,F1,1,,,,,
2026-08-07,2026-08-07,CM,NSE,STK,760893,INE0OFM01015,DSFCL,BE,,,,,DCM SHRIRAM FINE CHEM LTD,25.40,25.40,25.09,25.09,25.09,25.60,,25.46,,,19138,481095.40,82,F1,1,,,,,
2026-08-07,2026-08-07,CM,NSE,STK,7325,INE843D01027,DCMSRIND,EQ,,,,,DCM SHRIRAM IND LTD,42.25,43.99,42.10,43.07,42.81,42.76,,43.06,,,98068,4235875.81,1214,F1,1,,,,,
2026-08-07,2026-08-07,CM,NSE,STK,760898,INE0OU201013,DCMSIL,BE,,,,,DCM SHRIRAM INTERNATNL L,86.00,87.50,81.63,82.93,84.39,85.92,,83.06,,,102271,8533263.12,518,F1,1,,,,,
2026-08-07,2026-08-07,CM,NSE,STK,811,INE499A01024,DCMSHRIRAM,EQ,,,,,DCM SHRIRAM LIMITED,1010.50,1031.50,1009.50,1016.80,1020.00,1010.40,,1016.83,,,72865,74319837.00,9558,F1,1,,,,,
2026-08-07,2026-08-07,CM,NSE,STK,817,INE500A01029,DCW,EQ,,,,,DCW LTD,46.35,47.10,46.20,46.35,46.31,46.69,,46.35,,,637388,29651580.32,3258,F1,1,,,,,
2026-08-07,2026-08-07,CM,NSE,STK,11895,INE0KL801015,DCXINDIA,EQ,,,,,DCX SYSTEMS LIMITED,181.50,182.91,177.15,178.44,179.00,181.84,,178.46,,,423749,76110692.74,6084,F1,1,,,,,
2026-08-07,2026-08-07,CM,NSE,STK,29098,INE0HR601026,DDEVPLSTIK,EQ,,,,,DDEV PLASTIKS IND LTD,314.85,315.00,285.00,288.20,291.00,310.60,,288.22,,,612639,184264887.75,16618,F1,1,,,,,
2026-08-07,2026-08-07,CM,NSE,STK,15449,INE0JWV01011,DENEERS,SM,,,,,DE NEERS TOOLS LIMITED,182.45,184.95,177.10,183.95,183.95,179.15,,183.95,,,14400,2607810.00,19,F1,600,,,,,
2026-08-07,2026-08-07,CM,NSE,STK,4279,INE244A01016,DENORA,EQ,,,,,DE NORA INDIA LIMITED,878.00,897.80,872.25,887.80,880.00,869.95,,887.44,,,3746,3314445.80,326,F1,1,,,,,
2026-08-07,2026-08-07,CM,NSE,STK,14838,INE583C01021,DECCANCE,EQ,,,,,DECCAN CEMENTS LIMITED,578.20,583.60,578.00,579.35,579.00,578.25,,579.35,,,8536,4954104.40,234,F1,1,,,,,
2026-08-07,2026-08-07,CM,NSE,STK,762638,INE945F01025,DECNGOLD,EQ,,,,,DECCAN GOLD MINES LTD.,229.69,233.00,215.00,216.22,215.30,225.43,,216.19,,,4433488,986736392.59,36117,F1,1,,,,,
2026-08-07,2026-08-07,CM,NSE,STK,25421,INE0S7C01019,DECCANTRAN,SM,,,,,DECCAN TRANSCON LEASING L,24.00,24.50,22.05,24.00,24.00,23.00,,24.00,,,21600,516300.00,17,F1,1200,,,,,
2026-08-07,2026-08-07,CM,NSE,STK,24156,INE841L01016,DEEDEV,BE,,,,,DEE DEVELOPMENT ENG LTD,656.00,660.00,621.00,629.70,633.50,651.65,,629.80,,,241170,151768001.50,5875,F1,1,,,,,
2026-08-07,2026-08-07,CM,NSE,STK,22802,INE586O01011,DEEM,ST,,,,,DEEM ROLL TECH LIMITED,48.60,48.70,46.60,46.60,46.60,46.40,,46.60,,,3000,143900.00,3,F1,1000,,,,,
2026-08-07,2026-08-07,CM,NSE,STK,3292,INE0FHS01024,DEEPINDS,EQ,,,,,DEEP INDUSTRIES LIMITED,631.95,658.00,631.00,638.90,637.00,627.00,,638.87,,,601211,387501291.45,18092,F1,1,,,,,
2026-08-07,2026-08-07,CM,NSE,STK,25894,INE0OPA01027,DBEIL,BE,,,,,DEEPAK BUILDERS & ENG I L,7.35,7.37,7.17,7.26,7.31,7.26,,7.27,,,121002,879288.81,242,F1,1,,,,,
2026-08-07,2026-08-07,CM,NSE,STK,827,INE501A01019,DEEPAKFERT,EQ,,,,,DEEPAK FERTILIZERS & PETR,1557.40,1574.20,1530.00,1537.80,1535.10,1559.00,,1537.81,,,197325,305973303.20,13924,F1,1,,,,,
2026-08-07,2026-08-07,CM,NSE,STK,19943,INE288B01029,DEEPAKNTR,EQ,,,,,DEEPAK NITRITE LTD,1770.90,1835.00,1762.00,1796.50,1792.20,1750.40,,1796.45,,,1628102,2928115024.00,84193,F1,1,,,,,
2026-08-07,2026-08-07,CM,NSE,STK,22527,INE0SK801018,DELAPLEX,SM,,,,,DELAPLEX LIMITED,88.35,89.45,86.70,88.95,89.45,88.40,,88.95,,,9600,846420.00,7,F1,600,,,,,
2026-08-07,2026-08-07,CM,NSE,STK,9599,INE148O01028,DELHIVERY,EQ,,,,,DELHIVERY LIMITED,466.00,480.00,464.05,473.30,473.30,463.60,,473.08,,,6405412,3024304423.00,78076,F1,1,,,,,
2026-08-07,2026-08-07,CM,NSE,STK,24395,INE726L01027,DELPHIFX,BE,,,,,DELPHI WORLD MONEY LTD,6.95,6.95,6.70,6.77,6.84,6.73,,6.77,,,66362,450284.83,149,F1,1,,,,,
2026-08-07,2026-08-07,CM,NSE,STK,29092,INE0XRN01019,DELTIC,SM,,,,,DELTA AUTOCORP LIMITED,36.00,37.00,34.90,34.90,34.90,36.30,,34.90,,,28000,1017350.00,16,F1,1000,,,,,
2026-08-07,2026-08-07,CM,NSE,STK,15044,INE124G01033,DELTACORP,EQ,,,,,DELTA CORP LIMITED,63.45,63.71,63.20,63.33,63.30,63.45,,63.33,,,427568,27099382.40,2419,F1,1,,,,,
2026-08-07,2026-08-07,CM,NSE,STK,1214,INE393A01011,DELTAMAGNT,EQ,,,,,DELTA MANUFACTURING LTD,59.80,59.80,57.59,58.59,58.60,58.44,,58.59,,,3498,204554.95,82,F1,1,,,,,
2026-08-07,2026-08-07,CM,NSE,STK,17722,INE947J01015,DEN,EQ,,,,,DEN NETWORKS LTD,27.48,27.55,27.25,27.32,27.30,27.36,,27.32,,,195819,5355725.24,1178,F1,1,,,,,
2026-08-07,2026-08-07,CM,NSE,STK,29256,INE0R4L01018,DENTA,EQ,,,,,DENTA WATER N INFRA SOL L,335.30,339.30,331.30,333.85,333.10,335.25,,333.88,,,131822,44107843.05,3737,F1,1,,,,,
2026-08-07,2026-08-07,CM,NSE,STK,759079,INE0VOV01021,DEVX,EQ,,,,,DEV ACCELERATOR LIMITED,33.65,34.50,33.65,34.00,33.88,34.04,,34.00,,,176511,6016682.42,4821,F1,1,,,,,
2026-08-07,2026-08-07,CM,NSE,STK,8146,INE060X01034,DEVIT,EQ,,,,,DEV INFO TECHNOLOGY LTD,27.10,27.60,26.90,26.91,27.15,27.06,,26.91,,,25952,701830.94,169,F1,1,,,,,
2026-08-07,2026-08-07,CM,NSE,STK,5373,INE872J01023,DEVYANI,EQ,,,,,DEVYANI INTERNATIONAL LTD,123.20,135.98,122.60,134.73,135.00,123.86,,134.73,,,26617033,3498878064.96,126453,F1,1,,,,,
2026-08-07,2026-08-07,CM,NSE,STK,10893,INE0I3401014,DBOL,EQ,,,,,DHAMPUR BIO ORGANICS LTD,108.75,116.23,108.75,113.70,113.50,110.92,,113.70,,,159185,17954253.58,2592,F1,1,,,,,
2026-08-07,2026-08-07,CM,NSE,STK,857,INE041A01016,DHAMPURSUG,EQ,,,,,DHAMPUR SUGAR MILLS LTD.,148.67,152.50,148.38,150.89,150.54,149.41,,150.88,,,280699,42429610.78,4323,F1,1,,,,,
2026-08-07,2026-08-07,CM,NSE,STK,11359,INE680A01011,DHANBANK,EQ,,,,,DHANLAXMI BANK LIMITED,32.40,33.00,31.86,32.80,32.85,32.74,,32.82,,,926578,30138060.13,3574,F1,1,,,,,
2026-08-07,2026-08-07,CM,NSE,STK,27723,INE0V9V01010,DHANLAXMI,SM,,,,,DHANLAXMI CROP SCIENCE L,24.50,25.55,24.50,25.50,25.55,24.75,,25.50,,,16000,404000.00,6,F1,2000,,,,,
2026-08-07,2026-08-07,CM,NSE,STK,24415,INE0M3I01029,DHANSA,SM,,,,,DHANSA LABS LIMITED,20.75,20.75,20.75,20.75,20.75,19.90,,20.75,,,8000,166000.00,4,F1,2000,,,,,
2026-08-07,2026-08-07,CM,NSE,STK,24409,INE435G01025,DHANUKA,EQ,,,,,DHANUKA AGRITECH LTD,1029.90,1029.90,1010.90,1020.60,1023.90,1026.60,,1020.64,,,34438,35125847.80,3554,F1,1,,,,,
2026-08-07,2026-08-07,CM,NSE,STK,760492,INE2HJL01019,DHARARAIL,ST,,,,,DHARA RAIL PROJECTS LTD,138.00,138.00,138.00,138.00,138.00,143.00,,138.00,,,1000,138000.00,1,F1,1000,,,,,
2026-08-07,2026-08-07,CM,NSE,STK,759203,INE278R01034,DHARAN,BZ,,,,,DHARAN INFRA-EPC LIMITED,0.16,0.16,0.15,0.15,0.16,0.15,,0.15,,,15027345,2289293.41,1146,F1,1,,,,,
2026-08-07,2026-08-07,CM,NSE,STK,24747,INE0YRN01025,DHARIWAL,SM,,,,,DHARIWALCORP LIMITED,23.50,24.35,23.50,24.35,24.35,22.15,,24.35,,,327000,7896300.00,70,F1,3000,,,,,
2026-08-07,2026-08-07,CM,NSE,STK,13001,INE00OQ01016,DHARMAJ,EQ,,,,,DHARMAJ CROP GUARD LTD,265.85,269.15,262.05,265.55,267.00,264.85,,265.55,,,159831,42403596.15,1852,F1,1,,,,,
2026-08-07,2026-08-07,CM,NSE,STK,6860,INE506Z01015,DHRUV,BE,,,,,DHRUV CONSULTANCY SER LTD,24.84,24.84,23.60,24.13,24.14,24.72,,24.13,,,5027,120560.50,61,F1,1,,,,,
2026-08-07,2026-08-07,CM,NSE,STK,22233,INE320L01011,DHUNINV,EQ,,,,,DHUNSERI INVESTMENTS LTD,917.00,930.00,888.00,928.50,930.00,917.55,,928.50,,,592,539274.70,79,F1,1,,,,,
2026-08-07,2026-08-07,CM,NSE,STK,6227,INE341R01014,DTIL,EQ,,,,,DHUNSERI TEA & IND. LTD.,134.99,134.99,130.10,132.91,133.40,132.98,,133.18,,,3517,465608.49,106,F1,1,,,,,
2026-08-07,2026-08-07,CM,NSE,STK,15214,INE477B01010,DVL,EQ,,,,,DHUNSERI VENTURES LIMITED,276.95,282.02,263.30,268.06,266.87,273.01,,267.95,,,25884,7026539.45,921,F1,1,,,,,
2026-08-07,2026-08-07,CM,NSE,STK,18644,INE591D01014,DIAMINESQ,EQ,,,,,DIAMINES & CHEMICALS LTD,262.25,268.97,256.10,260.79,261.00,266.95,,260.79,,,6455,1687405.84,267,F1,1,,,,,
2026-08-07,2026-08-07,CM,NSE,STK,18545,INE989C01038,DIACABS,BE,,,,,DIAMOND POWER INFRA LTD,356.80,366.20,331.40,364.05,358.00,348.80,,364.17,,,2213722,804473265.00,10387,F1,1,,,,,
2026-08-07,2026-08-07,CM,NSE,STK,703,INE303A01010,DICIND,EQ,,,,,DIC INDIA LIMITED,529.95,529.95,505.00,519.25,522.00,523.25,,519.25,,,1139,587888.95,65,F1,1,,,,,
2026-08-07,2026-08-07,CM,NSE,STK,25672,INE184O01015,DIFFNKG,EQ,,,,,DIFFUSION ENGINEERS LTD,453.90,453.90,432.80,441.00,443.00,443.90,,440.97,,,134317,59411740.85,5898,F1,1,,,,,
2026-08-07,2026-08-07,CM,NSE,STK,10346,INE03JI01017,DGCONTENT,EQ,,,,,DIGICONTENT LIMITED,25.20,26.45,25.10,25.82,26.10,25.19,,25.82,,,49663,1282334.02,182,F1,1,,,,,
2026-08-07,2026-08-07,CM,NSE,STK,21247,INE0PSC01024,DIGIDRIVE,EQ,,,,,DIGIDRIVE DISTRIBUTORS L,17.05,17.95,17.05,17.65,17.88,17.33,,17.65,,,15498,272642.93,152,F1,1,,,,,
2026-08-07,2026-08-07,CM,NSE,STK,19138,INE0QJ901011,DIGIKORE,SM,,,,,DIGIKORE STUDIOS LIMITED,38.10,38.60,32.50,35.25,35.00,38.60,,35.25,,,164000,5916020.00,284,F1,400,,,,,
2026-08-07,2026-08-07,CM,NSE,STK,16687,INE927C01020,DIGISPICE,BE,,,,,DIGISPICE TECHNOLOGIES LT,16.83,17.80,16.53,17.55,17.30,17.20,,17.61,,,94445,1624391.34,308,F1,1,,,,,
2026-08-07,2026-08-07,CM,NSE,STK,757515,INE0U4701011,DIGITIDE,EQ,,,,,DIGITIDE SOLUTIONS LTD,99.62,107.80,97.90,103.64,103.79,99.00,,103.64,,,1934866,201729587.59,15144,F1,1,,,,,
2026-08-07,2026-08-07,CM,NSE,STK,6127,INE731U01028,DIGJAMLMTD,EQ,,,,,DIGJAM LTD,49.59,49.59,47.00,47.81,48.50,48.84,,47.81,,,14572,700002.72,145,F1,1,,,,,
2026-08-07,2026-08-07,CM,NSE,STK,641,INE016M01021,DNAMEDIA,EQ,,,,,DILIGENT MEDIA CORP LTD.,2.82,2.82,2.75,2.75,2.75,2.76,,2.75,,,33655,93267.00,103,F1,1,,,,,
2026-08-07,2026-08-07,CM,NSE,STK,18086,INE917M01012,DBL,EQ,,,,,DILIP BUILDCON LIMITED,461.15,461.15,444.20,448.95,451.00,455.25,,448.98,,,229276,103741824.80,7109,F1,1,,,,,
2026-08-07,2026-08-07,CM,NSE,STK,762643,INE131C01011,DISAQ,EQ,,,,,DISA INDIA LTD.,11908.00,12000.00,11715.00,11880.00,11898.00,11769.00,,11877.02,,,677,7979532.00,600,F1,1,,,,,
2026-08-07,2026-08-07,CM,NSE,STK,14540,INE836F01026,DISHTV,BE,,,,,DISH TV INDIA LTD.,2.79,2.89,2.76,2.89,2.89,2.76,,2.90,,,1040445,2987528.26,732,F1,1,,,,,
2026-08-07,2026-08-07,CM,NSE,STK,21704,INE385W01011,DCAL,EQ,,,,,DISHMAN CARBO AMCIS LTD,194.30,196.97,191.65,193.04,191.65,194.66,,193.05,,,126439,24553413.85,3314,F1,1,,,,,
2026-08-07,2026-08-07,CM,NSE,STK,14479,INE753U01022,DIVGIITTS,EQ,,,,,DIVGI TORQTRANSFER SYST L,1017.90,1052.00,1010.10,1047.25,1050.00,988.60,,1047.59,,,189136,196653358.65,12692,F1,1,,,,,
2026-08-07,2026-08-07,CM,NSE,STK,10940,INE361B01024,DIVISLAB,EQ,,,,,DIVI S LABORATORIES LTD,8285.50,8334.00,8233.50,8275.00,8275.00,8349.00,,8274.95,,,256657,2124277952.50,21681,F1,1,,,,,
2026-08-07,2026-08-07,CM,NSE,STK,30262,INE0NA501011,DIVINEHIRA,ST,,,,,DIVINE HIRA JEWELLERS LTD,109.50,109.50,104.10,107.90,107.90,108.80,,107.90,,,14400,1542420.00,12,F1,1200,,,,,
2026-08-07,2026-08-07,CM,NSE,STK,24286,INE0SCO01019,DPEL,SM,,,,,DIVINE POWER ENERGY LTD,532.05,568.00,512.00,555.90,548.00,526.80,,555.90,,,120500,64333575.00,227,F1,500,,,,,
2026-08-07,2026-08-07,CM,NSE,STK,25680,INE0QYI01019,DIVYADHAN,ST,,,,,DIVYADHAN RECYCLING IND L,52.65,52.65,52.65,52.65,52.65,53.70,,52.65,,,4000,210600.00,2,F1,2000,,,,,
2026-08-07,2026-08-07,CM,NSE,STK,21690,INE935N01020,DIXON,EQ,,,,,DIXON TECHNO (INDIA) LTD,14200.00,14294.00,14050.00,14200.00,14200.00,14200.00,,14198.57,,,192713,2729689388.00,31287,F1,1,,,,,
2026-08-07,2026-08-07,CM,NSE,STK,12749,INE0B1K01014,DJML,EQ,,,,,DJ MEDIAPRINT & LOG LTD,110.55,113.98,109.72,112.88,113.30,110.78,,112.90,,,292316,32782357.56,2891,F1,1,,,,,
2026-08-07,2026-08-07,CM,NSE,STK,14732,INE271C01023,DLF,EQ,,,,,DLF LIMITED,635.05,649.90,635.05,642.00,642.00,642.00,,642.09,,,2466390,1588783269.45,57756,F1,1,,,,,
2026-08-07,2026-08-07,CM,NSE,STK,6973,INE505A01010,DMCC,EQ,,,,,DMCC SPECIALITY CHEMICALS,280.00,286.45,272.00,277.65,276.10,278.75,,277.71,,,76196,21355815.35,3136,F1,1,,,,,
2026-08-07,2026-08-07,CM,NSE,STK,22533,INE0OGG01015,DHTL,SM,,,,,DOCMODE HEALTH TECH LTD,30.65,33.85,30.65,33.85,33.85,32.25,,33.85,,,7200,238240.00,7,F1,800,,,,,
2026-08-07,2026-08-07,CM,NSE,STK,4822,INE021O01019,DODLA,EQ,,,,,DODLA DAIRY LIMITED,1051.30,1051.30,1036.40,1041.60,1040.40,1045.50,,1041.99,,,11035,11497194.60,2315,F1,1,,,,,
2026-08-07,2026-08-07,CM,NSE,STK,12124,INE966A01022,DOLATALGO,EQ,,,,,DOLAT ALGOTECH LIMITED,67.00,71.98,64.96,71.01,71.50,67.34,,71.01,,,670355,46445847.36,5835,F1,1,,,,,
2026-08-07,2026-08-07,CM,NSE,STK,20560,INE325C01035,DOLLAR,EQ,,,,,DOLLAR INDUSTRIES LIMITED,287.00,287.70,278.05,279.50,279.00,281.90,,279.52,,,256155,72326402.00,5096,F1,1,,,,,
2026-08-07,2026-08-07,CM,NSE,STK,13323,INE0JHH01011,DOLLEX,SM,,,,,DOLLEX AGROTECH LIMITED,29.80,30.45,29.80,30.45,30.45,30.50,,30.45,,,304000,9200800.00,7,F1,4000,,,,,
2026-08-07,2026-08-07,CM,NSE,STK,18139,INE920A01037,DOLPHIN,EQ,,,,,DOLPHIN OFF ENT (IND) L,406.15,417.80,406.10,411.05,411.50,405.75,,410.95,,,18038,7435305.30,924,F1,1,,,,,
2026-08-07,2026-08-07,CM,NSE,STK,20551,INE321T01012,DOMS,EQ,,,,,DOMS INDUSTRIES LIMITED,2256.50,2264.40,2231.00,2260.60,2261.90,2251.20,,2260.61,,,57559,129702062.50,7438,F1,1,,,,,
2026-08-07,2026-08-07,CM,NSE,STK,13839,INE668D01028,DONEAR,EQ,,,,,DONEAR IND. LIMITED,84.60,85.37,83.63,84.48,84.99,84.53,,84.48,,,5789,488765.35,155,F1,1,,,,,
2026-08-07,2026-08-07,CM,NSE,STK,15423,INE360C01024,DPSCLTD,BE,,,,,DPSC LIMITED,7.58,7.58,7.21,7.39,7.40,7.43,,7.39,,,46370,342083.81,328,F1,1,,,,,
2026-08-07,2026-08-07,CM,NSE,STK,29452,INE943P01029,AGARWALEYE,EQ,,,,,DR AGARWALS HEALTH CARE L,526.95,550.00,523.05,546.25,546.45,532.30,,546.26,,,158709,86073733.90,13581,F1,1,,,,,
2026-08-07,2026-08-07,CM,NSE,STK,762648,INE934C01018,DRAGARWQ,EQ,,,,,DR. AGARWAL'S EYE HOSP L,5290.00,5300.00,5210.50,5285.50,5285.00,5253.00,,5281.22,,,1497,7898104.00,380,F1,1,,,,,
2026-08-07,2026-08-07,CM,NSE,STK,11654,INE600L01024,LALPATHLAB,EQ,,,,,DR. LAL PATH LABS LTD.,1928.00,1947.90,1907.10,1931.60,1925.00,1928.00,,1931.59,,,158460,305923495.00,15677,F1,1,,,,,
2026-08-07,2026-08-07,CM,NSE,STK,881,INE089A01031,DRREDDY,EQ,,,,,DR. REDDY S LABORATORIES,1166.00,1172.00,1162.10,1172.00,1172.00,1171.00,,1172.00,,,1072438,1251719882.10,34631,F1,1,,,,,
2026-08-07,2026-08-07,CM,NSE,STK,2645,INE03RS01027,DRCSYSTEMS,EQ,,,,,DRC SYSTEMS INDIA LIMITED,13.41,13.70,13.14,13.32,13.40,13.76,,13.39,,,133140,1769909.22,543,F1,1,,,,,
2026-08-07,2026-08-07,CM,NSE,STK,10859,INE0JS101016,DREAMFOLKS,EQ,,,,,DREAMFOLKS SERVICES LTD,70.65,71.99,69.55,70.11,70.45,70.66,,70.19,,,46327,3271962.92,820,F1,1,,,,,
2026-08-07,2026-08-07,CM,NSE,STK,11271,INE506A01018,DREDGECORP,EQ,,,,,DREDGING CORP OF INDIA,1098.60,1099.20,1068.20,1071.30,1075.00,1094.40,,1071.24,,,67743,72999639.10,4467,F1,1,,,,,
2026-08-07,2026-08-07,CM,NSE,STK,17372,INE0P7201019,DRONE,SM,,,,,DRONE DESTINATION LIMITED,40.40,40.45,39.50,39.75,39.65,39.55,,39.75,,,14500,580275.00,24,F1,500,,,,,
2026-08-07,2026-08-07,CM,NSE,STK,8772,INE891A01022,DSKULKARNI,BE,,,,,DS KULKARNI DEVELOPERS L,10.96,10.96,10.96,10.96,10.96,10.44,,10.96,,,561,6148.56,5,F1,1,,,,,
2026-08-07,2026-08-07,CM,NSE,STK,778,INE055C01020,KEEPLEARN,EQ,,,,,DSJ KEEP LEARNING LTD,2.04,2.05,1.90,1.95,1.99,2.03,,1.95,,,45749,90546.71,96,F1,1,,,,,
2026-08-07,2026-08-07,CM,NSE,STK,1927,INF740KA1EU7,LIQUIDETF,EQ,,,,,DSP LIQUID ETF,1000.00,1000.01,999.99,1000.00,1000.00,1000.00,,1000.00,,,106915,106915010.21,303,F1,1,,,,,
2026-08-07,2026-08-07,CM,NSE,STK,761364,INF740KA1YH2,BANK10ADD,EQ,,,,,DSPAMC - BANK10ADD,17.05,17.20,16.99,17.05,17.00,17.00,,17.05,,,103050,1757038.35,388,F1,1,,,,,
2026-08-07,2026-08-07,CM,NSE,STK,13644,INF740KA1RX3,BANKADD,EQ,,,,,DSPAMC - DSPBANK,59.33,59.47,59.10,59.19,59.19,59.39,,59.20,,,353831,20924340.91,128,F1,1,,,,,
2026-08-07,2026-08-07,CM,NSE,STK,15356,INF740KA1SW3,GOLDADD,EQ,,,,,DSPAMC - DSPGOLD,143.79,148.00,143.30,145.12,144.58,143.86,,145.12,,,1989977,287874018.28,5149,F1,1,,,,,
2026-08-07,2026-08-07,CM,NSE,STK,17207,INF740KA1SX1,ITADD,EQ,,,,,DSPAMC - DSPIT,33.19,33.72,33.19,33.42,33.45,32.92,,33.42,,,68826,2301073.81,157,F1,1,,,,,
2026-08-07,2026-08-07,CM,NSE,STK,6606,INF740KA1QK2,EQUAL50ADD,EQ,,,,,DSPAMC - DSPNEWETF,352.00,352.74,351.24,351.78,351.95,352.85,,351.78,,,4475,1574764.29,215,F1,1,,,,,
2026-08-07,2026-08-07,CM,NSE,STK,7451,INF740KA1CL0,NIFTYADD,EQ,,,,,DSPAMC - DSPNIFTY,256.30,260.49,256.30,258.71,256.31,258.89,,258.79,,,7044,1824338.40,146,F1,1,,,,,
2026-08-07,2026-08-07,CM,NSE,STK,17616,INF740KA1SY9,PSUBANKADD,EQ,,,,,DSPAMC - DSPPSBKETF,88.02,89.66,87.73,88.56,87.80,88.02,,88.56,,,86862,7696937.70,359,F1,1,,,,,
2026-08-07,2026-08-07,CM,NSE,STK,17576,INF740KA1TA7,PVTBANKADD,EQ,,,,,DSPAMC - DSPPVBKETF,28.15,28.15,27.81,27.88,28.00,28.12,,27.89,,,227827,6361290.97,294,F1,1,,,,,
2026-08-07,2026-08-07,CM,NSE,STK,7456,INF740KA1ZF3,MIDQ50ADD,EQ,,,,,DSPAMC - DSPQ50ETF,25.61,25.69,25.52,25.57,25.65,25.52,,25.57,,,30386,778299.73,94,F1,1,,,,,
2026-08-07,2026-08-07,CM,NSE,STK,17613,INF740KA1SZ6,SENSEXADD,EQ,,,,,DSPAMC - DSPSENXETF,81.16,81.35,80.76,81.05,81.05,81.16,,80.93,,,258,20895.73,19,F1,1,,,,,
2026-08-07,2026-08-07,CM,NSE,STK,10761,INF740KA1RE3,SILVERADD,EQ,,,,,DSPAMC - DSPSILVETF,217.14,222.82,216.38,221.87,221.60,216.17,,221.87,,,208006,45773992.01,2788,F1,1,,,,,
2026-08-07,2026-08-07,CM,NSE,STK,759368,INF740KA1WU9,FLEXIADD,EQ,,,,,DSPAMC - FLEXIADD,10.36,10.39,10.20,10.33,10.39,10.30,,10.33,,,63223,653256.90,224,F1,1,,,,,
2026-08-07,2026-08-07,CM,NSE,STK,763530,INF740KA1ZA4,FMCGADD,EQ,,,,,DSPAMC - FMCGADD,49.45,50.05,49.45,49.83,50.05,49.60,,49.85,,,4168,207288.59,24,F1,1,,,,,
2026-08-07,2026-08-07,CM,NSE,STK,22592,INF740KA1ZG1,HEALTHADD,EQ,,,,,DSPAMC - HEALTHADD,16.95,16.95,16.80,16.88,16.84,16.87,,16.88,,,14485,244204.14,85,F1,1,,,,,
2026-08-07,2026-08-07,CM,NSE,STK,23407,INF740KA1UM0,LIQUIDADD,EQ,,,,,DSPAMC - LIQUIDADD,1139.43,1139.56,1139.43,1139.43,1139.45,1139.01,,1139.43,,,404034,460371747.96,745,F1,1,,,,,
2026-08-07,2026-08-07,CM,NSE,STK,764428,INF740KA1ZH9,MIDBANKADD,EQ,,,,,DSPAMC - MIDBANKADD,17.40,17.40,17.36,17.40,17.40,17.33,,17.40,,,3909,68013.42,60,F1,1,,,,,
2026-08-07,2026-08-07,CM,NSE,STK,760356,INF740KA1WW5,MIDCAPADD,EQ,,,,,DSPAMC - MIDCAPADD,23.43,23.50,23.30,23.42,23.30,23.43,,23.42,,,5895,138229.87,21,F1,1,,,,,
2026-08-07,2026-08-07,CM,NSE,STK,759978,INF740KA1WV7,MSCIADD,EQ,,,,,DSPAMC - MSCIADD,30.07,30.21,30.04,30.16,30.16,30.23,,30.16,,,1390,41858.21,12,F1,1,,,,,
2026-08-07,2026-08-07,CM,NSE,STK,29464,INF740KA1VE5,NEXT30ADD,EQ,,,,,DSPAMC - NEXT30ADD,43.84,44.46,43.83,44.26,44.46,44.05,,44.26,,,8164,359634.03,77,F1,1,,,,,
2026-08-07,2026-08-07,CM,NSE,STK,760599,INF740KA1XU7,NEXT50ADD,EQ,,,,,DSPAMC - NEXT50ADD,75.14,75.27,74.85,75.23,75.26,75.11,,75.23,,,20369,1531050.93,36,F1,1,,,,,
2026-08-07,2026-08-07,CM,NSE,STK,760359,INF740KA1WX3,SMALLADD,EQ,,,,,DSPAMC - SMALLADD,18.46,18.51,18.35,18.42,18.44,18.43,,18.42,,,9618,177391.23,101,F1,1,,,,,
2026-08-07,2026-08-07,CM,NSE,STK,25171,INF740KA1UR9,TOP10ADD,EQ,,,,,DSPAMC - TOP10ADD,89.27,89.75,88.50,89.46,89.20,89.27,,89.46,,,167442,14993217.53,601,F1,1,,,,,
2026-08-07,2026-08-07,CM,NSE,STK,13766,INE0LZO01015,DUCOL,SM,,,,,DUCOL ORGS AND COLOURS LT,107.10,107.10,107.10,107.10,107.10,107.10,,107.10,,,800,85680.00,1,F1,800,,,,,
2026-08-07,2026-08-07,CM,NSE,STK,28952,INE741L01018,DUCON,EQ,,,,,DUCON INFRATECHNOLOGIES L,3.07,3.34,3.05,3.16,3.14,3.08,,3.16,,,244213,776066.21,451,F1,1,,,,,
2026-08-07,2026-08-07,CM,NSE,STK,5457,INE0HPK01020,DUGLOBAL,SM,,,,,DUDIGITAL GLOBAL LIMITED,26.30,27.25,26.30,26.45,26.40,29.00,,26.45,,,37500,997750.00,15,F1,2500,,,,,
2026-08-07,2026-08-07,CM,NSE,STK,24164,INE0OUW01013,DURLAX,SM,,,,,DURLAX TOP SURFACE LTD,53.25,57.50,53.25,56.85,57.00,53.25,,56.85,,,88000,4970200.00,31,F1,2000,,,,,
2026-08-07,2026-08-07,CM,NSE,STK,11667,INE366A01041,DWARKESH,EQ,,,,,DWARIKESH SUGAR IND LTD,40.49,41.40,40.25,40.87,40.65,40.37,,40.87,,,469202,19168739.35,2712,F1,1,,,,,
2026-08-07,2026-08-07,CM,NSE,STK,25690,INE417B01040,DSSL,EQ,,,,,DYNACONS SYS & SOLN LTD,1231.00,1268.90,1210.00,1227.70,1230.00,1239.40,,1227.69,,,19991,24762994.20,2073,F1,1,,,,,
2026-08-07,2026-08-07,CM,NSE,STK,4525,INE221B01012,DYNAMATECH,EQ,,,,,DYNAMATIC TECHNOLOGIES,11403.00,11844.00,11002.00,11401.00,11200.00,11403.00,,11398.69,,,26226,303398880.00,9318,F1,1,,,,,
2026-08-07,2026-08-07,CM,NSE,STK,10417,INE600Y01019,DYCL,EQ,,,,,DYNAMIC CABLES LIMITED,405.00,410.55,399.95,401.90,401.10,405.00,,401.90,,,152556,61505615.60,4207,F1,1,,,,,
2026-08-07,2026-08-07,CM,NSE,STK,6082,INE0DZ701010,DYNAMIC,ST,,,,,DYNAMIC SRVCS & SEC LTD,137.25,137.80,131.40,135.55,133.00,137.95,,135.55,,,15000,2033300.00,24,F1,500,,,,,
2026-08-07,2026-08-07,CM,NSE,STK,21314,INE256H01015,DYNPRO,EQ,,,,,DYNEMIC PRODUCTS LIMITED,260.40,264.00,255.30,260.70,262.00,260.60,,260.70,,,7759,2014196.95,315,F1,1,,,,,
2026-08-07,2026-08-07,CM,NSE,STK,19267,INE0KFF01017,EFACTOR,SM,,,,,E FACTOR EXPERIENCES LTD,191.00,191.00,180.00,180.00,180.00,185.00,,180.00,,,800,148400.00,2,F1,400,,,,,
2026-08-07,2026-08-07,CM,NSE,STK,760534,INE1CEJ01017,E2ERAIL,ST,,,,,E TO E TRANS INFRA LTD,272.05,279.50,262.20,267.75,266.00,275.00,,267.75,,,26400,7140600.00,31,F1,800,,,,,
2026-08-07,2026-08-07,CM,NSE,STK,8937,INE255Z01027,E2E,EQ,,,,,E2E NETWORKS LIMITED,593.00,617.45,575.45,575.45,575.45,605.70,,575.42,,,2106565,1230555656.45,37279,F1,1,,,,,
2026-08-07,2026-08-07,CM,NSE,STK,9769,INE962C01035,EASTSILK,BE,,,,,EASTERN SILK INDUSTRIES L,60.00,63.00,58.30,63.00,63.00,60.00,,63.00,,,779,47771.62,17,F1,1,,,,,
2026-08-07,2026-08-07,CM,NSE,STK,2792,INE07O001026,EASEMYTRIP,EQ,,,,,EASY TRIP PLANNERS LTD,6.61,6.64,6.56,6.58,6.60,6.61,,6.58,,,7070403,46719227.71,6633,F1,1,,,,,
2026-08-07,2026-08-07,CM,NSE,STK,759974,INE528S07110,888ECL28,N1,,,,,ECL 8.88% 2028 SR V,987.00,999.50,987.00,999.39,999.39,987.00,,999.39,,,60,59781.95,3,F1,1,,,,,
2026-08-07,2026-08-07,CM,NSE,STK,15179,INE738I01010,ECLERX,EQ,,,,,ECLERX SERVICES LTD,1859.20,1895.00,1756.30,1769.10,1758.00,1872.40,,1769.14,,,378424,682795889.60,33591,F1,1,,,,,
2026-08-07,2026-08-07,CM,NSE,STK,759964,INE0VBS01016,ECOLINE,ST,,,,,ECOLINE EXIM LIMITED,195.00,205.80,195.00,205.70,205.80,196.30,,205.70,,,32000,6440700.00,29,F1,1000,,,,,
2026-08-07,2026-08-07,CM,NSE,STK,25062,INE06HJ01020,ECOSMOBLTY,BE,,,,,ECOS (INDIA) MOB & HOSP L,131.64,134.00,126.00,129.46,129.46,131.64,,129.46,,,48704,6283300.87,530,F1,1,,,,,
2026-08-07,2026-08-07,CM,NSE,STK,7196,INF754K01OB1,BBETF0432,EQ,,,,,EDELAMC - BBETF0432,1354.41,1355.00,1351.00,1353.29,1351.00,1351.96,,1353.29,,,913,1235948.02,40,F1,1,,,,,
2026-08-07,2026-08-07,CM,NSE,STK,764378,INF754K01XH9,EBANK10,EQ,,,,,EDELAMC - EBANK10,17.13,17.13,16.93,16.95,16.95,17.05,,16.97,,,2391,40663.77,15,F1,1,,,,,
2026-08-07,2026-08-07,CM,NSE,STK,25258,INF754K01TE4,EBANKNIFTY,EQ,,,,,EDELAMC - EBANKNIFTY,58.72,58.72,57.57,58.44,58.53,58.43,,58.44,,,916,53380.20,29,F1,1,,,,,
2026-08-07,2026-08-07,CM,NSE,STK,16253,INF754K01KO2,EBBETF0430,EQ,,,,,EDELAMC - EBBETF0430,1605.69,1619.39,1605.69,1614.43,1615.42,1613.33,,1614.75,,,8292,13385526.80,423,F1,1,,,,,
2026-08-07,2026-08-07,CM,NSE,STK,22239,INF754K01LE1,EBBETF0431,EQ,,,,,EDELAMC - EBBETF0431,1443.97,1444.48,1440.15,1441.35,1441.05,1441.23,,1441.35,,,3743,5401901.56,120,F1,1,,,,,
2026-08-07,2026-08-07,CM,NSE,STK,13139,INF754K01QX0,EBBETF0433,EQ,,,,,EDELAMC - EBBETF0433,1320.49,1322.00,1315.18,1317.81,1320.57,1320.49,,1317.81,,,1955,2579312.40,125,F1,1,,,,,
2026-08-07,2026-08-07,CM,NSE,STK,29019,INF754K01TX4,ECAPINSURE,EQ,,,,,EDELAMC - ECAPINSURE,23.66,23.68,23.45,23.51,23.62,23.67,,23.51,,,43582,1025742.48,437,F1,1,,,,,
2026-08-07,2026-08-07,CM,NSE,STK,19933,INF754K01SE6,EGOLD,EQ,,,,,EDELAMC - EGOLD,147.25,149.35,147.25,149.15,149.35,148.00,,149.15,,,81280,12090232.85,407,F1,1,,,,,
2026-08-07,2026-08-07,CM,NSE,STK,759466,INF754K01VW2,ELIQUID,EQ,,,,,EDELAMC - ELIQUID,1042.85,1042.87,1042.84,1042.84,1042.84,1042.44,,1042.84,,,71405,74464867.71,20,F1,1,,,,,
2026-08-07,2026-08-07,CM,NSE,STK,758952,INF754K01VV4,ELM250,EQ,,,,,EDELAMC - ELM250,16.55,17.11,16.55,17.01,17.10,16.98,,17.01,,,22892,389065.84,168,F1,1,,,,,
2026-08-07,2026-08-07,CM,NSE,STK,764367,INF754K01XI7,ELMDIV,EQ,,,,,EDELAMC - ELMDIV,37.16,37.16,36.85,36.91,36.85,36.91,,36.91,,,5215,192809.87,34,F1,1,,,,,
2026-08-07,2026-08-07,CM,NSE,STK,764288,INF754K01XG1,EMETAL,EQ,,,,,EDELAMC - EMETAL,13.17,13.17,13.04,13.10,13.10,13.17,,13.10,,,37766,494749.31,52,F1,1,,,,,
2026-08-07,2026-08-07,CM,NSE,STK,25996,INF754K01TF1,EMULTIMQ,EQ,,,,,EDELAMC - EMULTIMQ,41.68,41.68,41.52,41.63,41.67,41.54,,41.63,,,10363,431684.53,147,F1,1,,,,,
2026-08-07,2026-08-07,CM,NSE,STK,763540,INF754K01XF3,ENEXT50,EQ,,,,,EDELAMC - ENEXT50,74.40,74.40,74.40,74.40,74.40,74.40,,74.40,,,214,15921.60,5,F1,1,,,,,
2026-08-07,2026-08-07,CM,NSE,STK,759998,INF754K01VX0,ENIFTY,EQ,,,,,EDELAMC - ENIFTY,25.92,25.92,24.72,24.89,24.75,24.92,,24.89,,,6114,151736.47,73,F1,1,,,,,
2026-08-07,2026-08-07,CM,NSE,STK,759995,INF754K01VY8,ESENSEX,EQ,,,,,EDELAMC - ESENSEX,78.48,79.53,78.38,79.04,79.00,79.55,,79.04,,,500,39406.58,14,F1,1,,,,,
2026-08-07,2026-08-07,CM,NSE,STK,20257,INF754K01SF3,ESILVER,EQ,,,,,EDELAMC - ESILVER,224.67,231.00,223.89,230.56,229.11,223.67,,230.56,,,189230,43403145.06,1238,F1,1,,,,,
2026-08-07,2026-08-07,CM,NSE,STK,15119,INE532F01054,EDELWEISS,EQ,,,,,EDELWEISS FIN SERV LTD,120.89,120.89,117.64,118.54,118.76,121.16,,118.52,,,3705422,438943270.70,21788,F1,1,,,,,
2026-08-07,2026-08-07,CM,NSE,STK,758675,INE886D01026,EFCIL,EQ,,,,,EFC (I) LIMITED,189.48,189.49,182.95,186.00,186.00,188.61,,186.00,,,531059,98311161.81,4269,F1,1,,,,,
2026-08-07,2026-08-07,CM,NSE,STK,24438,INE0U9101019,EFFWA,ST,,,,,EFFWA INFRA & RESEARCH L,383.50,383.50,376.00,379.75,379.75,377.00,,379.75,,,3200,1208100.00,8,F1,400,,,,,
2026-08-07,2026-08-07,CM,NSE,STK,910,INE066A01021,EICHERMOT,EQ,,,,,EICHER MOTORS LTD,7940.00,8067.50,7920.00,8020.00,8020.00,7967.50,,8019.98,,,339416,2719136648.50,62063,F1,1,,,,,
2026-08-07,2026-08-07,CM,NSE,STK,916,INE126A01031,EIDPARRY,EQ,,,,,EID PARRY INDIA LTD,811.05,818.65,800.15,805.10,804.50,809.85,,805.02,,,134546,108938454.80,10480,F1,1,,,,,
2026-08-07,2026-08-07,CM,NSE,STK,15399,INE276C01014,EIHAHOTELS,EQ,,,,,EIH ASSOCIATED HOTELS LTD,312.60,315.00,296.30,302.55,301.10,310.70,,302.55,,,52672,16068906.70,1310,F1,1,,,,,
2026-08-07,2026-08-07,CM,NSE,STK,919,INE230A01023,EIHOTEL,EQ,,,,,EIH LIMITED,320.00,321.65,304.35,306.55,305.80,325.65,,306.56,,,1391523,431552629.70,22372,F1,1,,,,,
2026-08-07,2026-08-07,CM,NSE,STK,4040,INE158B01016,EIMCOELECO,EQ,,,,,EIMCO ELECON (INDIA) LTD,1817.90,1876.90,1773.80,1849.00,1827.00,1811.70,,1848.97,,,19893,36199995.60,2293,F1,1,,,,,
2026-08-07,2026-08-07,CM,NSE,STK,762653,INE280B01018,ELANTAS,EQ,,,,,ELANTAS BECK INDIA LTD.,12050.00,12549.50,12000.00,12312.00,12510.50,12376.50,,12312.43,,,3888,47649125.50,1243,F1,1,,,,,
2026-08-07,2026-08-07,CM,NSE,STK,762658,INE927X01018,ELCIDIN,EQ,,,,,ELCID INVESTMENTS LTD.,110155.00,113255.00,110155.00,112260.00,111750.00,112400.00,,112260.00,,,8,895385.00,8,F1,1,,,,,
2026-08-07,2026-08-07,CM,NSE,STK,8953,INE668G01021,ELDEHSG,EQ,,,,,ELDECO HSG & IND LTD.,759.00,774.75,735.30,759.60,767.40,718.95,,759.61,,,4918,3711245.30,277,F1,1,,,,,
2026-08-07,2026-08-07,CM,NSE,STK,13643,INE205B01031,ELECON,EQ,,,,,ELECON ENG. CO. LTD,450.65,450.65,432.10,437.85,436.00,450.45,,437.84,,,370664,163270556.65,11144,F1,1,,,,,
2026-08-07,2026-08-07,CM,NSE,STK,20899,INE0Q1W01012,EFORCE,SM,,,,,ELECTRO FORCE (INDIA) LTD,21.00,21.25,21.00,21.25,21.25,21.00,,21.25,,,7200,152100.00,6,F1,1200,,,,,
2026-08-07,2026-08-07,CM,NSE,STK,11530,INE02YR01019,EMIL,EQ,,,,,ELECTRONICS MART IND LTD,151.00,172.00,143.99,165.83,169.40,149.78,,165.83,,,51355051,8078539660.08,313575,F1,1,,,,,
2026-08-07,2026-08-07,CM,NSE,STK,928,INE086A01029,ELECTCAST,EQ,,,,,ELECTROSTEEL CASTINGS LTD,72.30,73.49,71.16,71.98,71.20,72.26,,71.98,,,2826692,204357833.11,13632,F1,1,,,,,
2026-08-07,2026-08-07,CM,NSE,STK,4469,INE822G01016,ELECTHERM,EQ,,,,,ELECTROTHERM (I) LTD.,1001.70,1018.90,990.00,995.30,1000.00,1007.70,,995.33,,,11199,11189872.10,853,F1,1,,,,,
2026-08-07,2026-08-07,CM,NSE,STK,29595,INE0R9101015,ELGNZ,SM,,,,,ELEGANZ INTERIORS LIMITED,96.95,98.85,96.00,96.55,97.00,96.95,,96.55,,,19000,1846100.00,17,F1,1000,,,,,
2026-08-07,2026-08-07,CM,NSE,STK,937,INE285A01027,ELGIEQUIP,EQ,,,,,ELGI EQUIPMENTS LTD,592.00,595.90,582.20,588.45,585.00,589.25,,588.44,,,123552,72866219.35,13028,F1,1,,,,,
2026-08-07,2026-08-07,CM,NSE,STK,24924,INE819L01012,ELGIRUBCO,EQ,,,,,ELGI RUBBER CO. LTD,61.05,63.58,61.05,63.02,63.10,60.90,,63.02,,,65610,4112720.52,690,F1,1,,,,,
2026-08-07,2026-08-07,CM,NSE,STK,13423,INE050401020,ELIN,EQ,,,,,ELIN ELECTRONICS LIMITED,99.00,100.99,96.02,96.49,96.98,102.03,,96.49,,,341021,33499419.28,4240,F1,1,,,,,
2026-08-07,2026-08-07,CM,NSE,STK,762663,INE669R01026,ELITECON,EQ,,,,,ELITECON INTERNATIONAL L,18.59,18.98,17.86,18.06,18.01,18.59,,18.07,,,1711317,31173271.38,5515,F1,1,,,,,
2026-08-07,2026-08-07,CM,NSE,STK,758563,INE236E01022,ELLEN,EQ,,,,,ELLENBARRIE INDUS GASES L,280.80,304.85,280.40,292.35,293.90,281.30,,292.34,,,3012353,894645971.75,50613,F1,1,,,,,
2026-08-07,2026-08-07,CM,NSE,STK,4471,INE579B01039,ELPROINTL,EQ,,,,,ELPRO INTERNATIONAL LTD,178.93,180.89,178.05,180.06,180.00,177.98,,180.06,,,531761,95665315.03,634,F1,1,,,,,
2026-08-07,2026-08-07,CM,NSE,STK,29229,INE0ZOL01023,EMAPARTNER,SM,,,,,EMA PARTNERS INDIA LTD,81.00,81.00,81.00,81.00,81.00,79.75,,81.00,,,1000,81000.00,1,F1,1000,,,,,
2026-08-07,2026-08-07,CM,NSE,STK,13517,INE548C01032,EMAMILTD,EQ,,,,,EMAMI LIMITED,410.00,416.20,404.35,412.55,408.55,409.00,,412.51,,,994119,408318819.40,16924,F1,1,,,,,
2026-08-07,2026-08-07,CM,NSE,STK,10084,INE830C01026,EMAMIPAP,BE,,,,,EMAMI PAPER MILLS LIMITED,109.31,113.00,109.00,110.89,110.00,112.06,,110.74,,,38591,4268912.33,403,F1,1,,,,,
2026-08-07,2026-08-07,CM,NSE,STK,19281,INE778K01012,EMAMIREAL,BE,,,,,EMAMI REALTY LIMITED,76.00,76.00,73.73,74.73,75.28,76.65,,74.75,,,16707,1257543.78,111,F1,1,,,,,
2026-08-07,2026-08-07,CM,NSE,STK,14450,INE069I01010,EMBDL,EQ,,,,,EMBASSY DEVELOPMENTS LTD,60.50,63.50,60.50,63.04,63.45,60.70,,63.04,,,2786754,173074389.13,11934,F1,1,,,,,
2026-08-07,2026-08-07,CM,NSE,STK,9383,INE041025011,EMBASSY,RR,,,,,EMBASSY OFFICE PARKS REIT,442.00,443.38,439.03,441.28,441.25,440.95,,441.28,,,209346,92272786.98,8933,F1,1,,,,,
2026-08-07,2026-08-07,CM,NSE,STK,24398,INE168P01015,EMCURE,EQ,,,,,EMCURE PHARMACEUTICALS L,1939.50,1990.00,1939.50,1978.40,1982.00,1936.70,,1978.34,,,145070,286329338.50,15851,F1,1,,,,,
2026-08-07,2026-08-07,CM,NSE,STK,27629,INE0RHD01013,ETML,SM,,,,,EMERALD TYRE MANUF LTD,86.90,86.90,83.60,83.60,83.60,84.00,,83.60,,,2400,204600.00,2,F1,1200,,,,,
2026-08-07,2026-08-07,CM,NSE,STK,13421,INE296H01011,EMKAY,EQ,,,,,EMKAY GLOBAL FIN SERV LTD,243.34,246.38,237.88,238.86,245.00,243.34,,238.86,,,22487,5417100.98,691,F1,1,,,,,
2026-08-07,2026-08-07,CM,NSE,STK,10253,INE332S01011,EMKAYTOOLS,SM,,,,,EMKAY TAP & CUT. TOOL LTD,90.25,90.25,89.00,89.00,89.00,91.35,,89.00,,,1050,94095.00,7,F1,150,,,,,
2026-08-07,2026-08-07,CM,NSE,STK,758591,INE0PXC01024,ETL,SM,,,,,EMKAY TOOLS LIMITED,1002.00,1070.00,1002.00,1050.30,1050.95,970.00,,1050.30,,,1650,1707885.00,10,F1,150,,,,,
2026-08-07,2026-08-07,CM,NSE,STK,18146,INE753K01015,EMMBI,BE,,,,,EMMBI INDUSTRIES LIMITED,84.00,85.22,83.05,83.82,84.00,85.98,,83.82,,,10287,860971.93,137,F1,1,,,,,
2026-08-07,2026-08-07,CM,NSE,STK,759728,INE1C6T01020,EMMVEE,EQ,,,,,EMMVEE PHOTOVOLTAIC PWR L,325.95,326.70,316.65,318.90,317.00,328.15,,318.90,,,1578665,505591145.75,30068,F1,1,,,,,
2026-08-07,2026-08-07,CM,NSE,STK,762673,INE507F01023,EMPOWER,BE,,,,,EMPOWER INDIA LTD.,2.43,2.43,2.43,2.43,2.43,2.55,,2.43,,,705803,1715101.29,1033,F1,1,,,,,
2026-08-07,2026-08-07,CM,NSE,STK,18593,INE0OV601013,EMSLIMITED,EQ,,,,,EMS LIMITED,405.00,415.00,401.80,404.40,404.15,406.10,,404.40,,,180250,73148924.20,5112,F1,1,,,,,
2026-08-07,2026-08-07,CM,NSE,STK,9756,INE01QM01018,EMUDHRA,EQ,,,,,EMUDHRA LIMITED,540.00,546.90,532.00,538.85,536.05,540.50,,538.85,,,184834,99887544.45,9827,F1,1,,,,,
2026-08-07,2026-08-07,CM,NSE,STK,760321,INE433T01015,ENCOMPAS,SM,,,,,ENCOMPASS DESIGN INDIA L,260.60,260.60,235.00,240.75,239.80,258.30,,240.75,,,17200,4163140.00,41,F1,400,,,,,
2026-08-07,2026-08-07,CM,NSE,STK,18822,INE913H01037,ENDURANCE,EQ,,,,,ENDURANCE TECHNO. LTD.,2879.00,2929.00,2871.20,2904.50,2891.00,2877.70,,2904.56,,,80764,234921806.80,13318,F1,1,,,,,
2026-08-07,2026-08-07,CM,NSE,STK,15049,INE306C01019,ENERGYDEV,EQ,,,,,ENERGY DEVE. CO.LTD,16.77,17.25,16.40,16.50,16.46,16.79,,16.51,,,35048,580494.54,339,F1,1,,,,,
2026-08-07,2026-08-07,CM,NSE,STK,23745,INE0S1L01013,EMMIL,SM,,,,,ENERGY MISSION MACH IND L,128.40,128.40,120.00,122.95,123.00,128.40,,122.95,,,5000,610000.00,15,F1,250,,,,,
2026-08-07,2026-08-07,CM,NSE,STK,4907,INE510A01028,ENGINERSIN,EQ,,,,,ENGINEERS INDIA LTD,239.80,242.50,238.37,240.60,240.50,242.39,,240.60,,,1241537,298378739.41,23672,F1,1,,,,,
2026-08-07,2026-08-07,CM,NSE,STK,23230,INE0R9I01021,ENSER,SM,,,,,ENSER COMMUNICATIONS LTD,16.50,16.80,15.30,15.50,15.50,16.05,,15.50,,,30000,480000.00,6,F1,5000,,,,,
2026-08-07,2026-08-07,CM,NSE,STK,22717,INE010601016,ENTERO,EQ,,,,,ENTERO HEALTHCARE SOLU L,1238.00,1266.00,1230.00,1242.70,1242.00,1242.50,,1242.91,,,46032,57315192.40,6278,F1,1,,,,,
2026-08-07,2026-08-07,CM,NSE,STK,13192,INE265F01028,ENIL,EQ,,,,,ENTERTAIN NET. IND. LTD.,108.10,109.78,101.00,102.08,103.26,106.51,,102.09,,,96381,10000694.17,1674,F1,1,,,,,
2026-08-07,2026-08-07,CM,NSE,STK,27213,INE0LLY01014,EIEL,EQ,,,,,ENVIRO INFRA ENGINEERS L,215.50,216.64,212.15,213.16,214.08,215.50,,213.15,,,557270,119073935.00,9447,F1,1,,,,,
2026-08-07,2026-08-07,CM,NSE,STK,25412,INE0SUH01015,ENVIRO,SM,,,,,ENVIROTECH SYSTEMS LTD,76.50,76.50,76.00,76.00,76.00,76.60,,76.00,,,8000,611200.00,6,F1,1000,,,,,
2026-08-07,2026-08-07,CM,NSE,STK,22463,INE0G5901015,EPACK,EQ,,,,,EPACK DURABLE LIMITED,227.99,235.01,227.99,229.48,229.35,227.61,,229.50,,,489008,113252042.60,5919,F1,1,,,,,
2026-08-07,2026-08-07,CM,NSE,STK,759251,INE0MLS01022,EPACKPEB,EQ,,,,,EPACK PREFAB TECHN LTD,249.90,256.05,245.00,246.30,246.65,248.35,,246.30,,,1033070,258470024.40,14486,F1,1,,,,,
2026-08-07,2026-08-07,CM,NSE,STK,5382,INE071N01016,EPIGRAL,EQ,,,,,EPIGRAL LIMITED,1095.80,1112.00,1092.70,1101.20,1095.00,1095.80,,1101.20,,,17375,19156055.80,2088,F1,1,,,,,
2026-08-07,2026-08-07,CM,NSE,STK,981,INE255A01020,EPL,EQ,,,,,EPL LIMITED,228.98,230.78,223.62,224.72,228.59,228.98,,224.75,,,509022,115116113.01,6148,F1,1,,,,,
2026-08-07,2026-08-07,CM,NSE,STK,758346,INE11HF01010,EEPL,SM,,,,,EPPELTONE ENGINEERS LTD,117.00,143.70,110.00,143.70,143.70,119.75,,143.70,,,541000,70991900.00,411,F1,1000,,,,,
2026-08-07,2026-08-07,CM,NSE,STK,3553,INE217G01035,EQUIPPP,BE,,,,,EQUIPPP SOC IMP TECH LTD,22.55,23.90,22.19,23.24,23.90,23.34,,23.39,,,13661,313260.60,49,F1,1,,,,,
2026-08-07,2026-08-07,CM,NSE,STK,913,INE063P01018,EQUITASBNK,EQ,,,,,EQUITAS SMALL FIN BNK LTD,75.50,76.05,75.00,75.22,75.40,76.09,,75.22,,,1307127,98578930.69,10534,F1,1,,,,,
2026-08-07,2026-08-07,CM,NSE,STK,21154,INE406M01024,ERIS,EQ,,,,,ERIS LIFESCIENCES LIMITED,1385.00,1395.00,1370.20,1382.40,1385.00,1382.90,,1382.53,,,40491,55795818.00,7694,F1,1,,,,,
2026-08-07,2026-08-07,CM,NSE,STK,955,INE284A01012,ESABINDIA,EQ,,,,,ESAB INDIA LTD,5652.50,5672.00,5590.00,5631.50,5630.00,5624.00,,5632.04,,,2097,11773095.00,699,F1,1,,,,,
2026-08-07,2026-08-07,CM,NSE,STK,19878,INE818W01011,ESAFSFB,EQ,,,,,ESAF SMALL FINANCE BANK L,41.70,42.40,39.35,40.27,40.22,42.54,,40.27,,,4836492,198316911.09,15282,F1,1,,,,,
2026-08-07,2026-08-07,CM,NSE,STK,22764,INE0RQZ01017,ESCONET,SM,,,,,ESCONET TECHNOLOGIES LTD,130.00,139.00,130.00,137.80,137.00,127.50,,137.80,,,41200,5601500.00,87,F1,400,,,,,
2026-08-07,2026-08-07,CM,NSE,STK,958,INE042A01014,ESCORTS,EQ,,,,,ESCORTS KUBOTA LIMITED,3081.00,3087.90,3042.60,3080.00,3060.40,3081.00,,3079.72,,,65250,200395071.90,6945,F1,1,,,,,
2026-08-07,2026-08-07,CM,NSE,STK,761461,INE818W08164,1165ESFB32,N0,,,,,ESFB 11.65% 2032 SR 4,102111.00,102111.00,102111.00,102111.00,102111.00,102000.00,,102111.00,,,1,102111.00,1,F1,1,,,,,
2026-08-07,2026-08-07,CM,NSE,STK,24678,INE0SBP01018,ESPRIT,SM,,,,,ESPRIT STONES LIMITED,69.50,72.00,66.60,70.00,70.00,67.45,,70.00,,,124800,8684960.00,68,F1,1600,,,,,
2026-08-07,2026-08-07,CM,NSE,STK,25634,INE122M01019,ESSARSHPNG,EQ,,,,,ESSAR SHIPPING LTD,19.80,20.11,19.75,19.86,19.90,19.86,,19.86,,,117357,2337865.53,479,F1,1,,,,,
2026-08-07,2026-08-07,CM,NSE,STK,17084,INE0ITO01014,ESFL,SM,,,,,ESSEN SPECIALITY FILMS L,117.00,126.25,117.00,126.25,126.25,114.80,,126.25,,,39960,4966218.00,82,F1,360,,,,,
2026-08-07,2026-08-07,CM,NSE,STK,24265,INE778B01029,ESTER,EQ,,,,,ESTER INDUSTRIES LTD,89.00,89.17,87.00,87.35,87.17,88.00,,87.36,,,43251,3798819.03,726,F1,1,,,,,
2026-08-07,2026-08-07,CM,NSE,STK,5097,INE758T01015,ETERNAL,EQ,,,,,ETERNAL LIMITED,314.00,316.90,313.15,315.00,315.00,316.25,,315.00,,,12763812,4017263971.00,123226,F1,1,,,,,
2026-08-07,2026-08-07,CM,NSE,STK,9750,INE04TZ01018,ETHOSLTD,EQ,,,,,ETHOS LIMITED,2824.50,2848.00,2725.80,2782.10,2802.00,2824.50,,2782.18,,,59227,164733009.90,8694,F1,1,,,,,
2026-08-07,2026-08-07,CM,NSE,STK,25162,INE0KCE01017,EUREKAFORB,EQ,,,,,EUREKA FORBES LIMITED,458.10,459.60,446.10,450.55,451.00,459.75,,450.59,,,176938,79973610.50,12607,F1,1,,,,,
2026-08-07,2026-08-07,CM,NSE,STK,6042,INE546V01010,EIFFL,BE,,,,,EURO (I) FRESH FOODS LTD,247.00,269.30,247.00,269.30,269.30,256.50,,269.30,,,31414,8074568.05,143,F1,1,,,,,
2026-08-07,2026-08-07,CM,NSE,STK,757953,INE505V01016,EUROBOND,EQ,,,,,EURO PANEL PRODUCTS LTD,160.25,165.00,160.25,164.99,165.00,161.60,,164.99,,,10888,1784844.58,348,F1,1,,,,,
2026-08-07,2026-08-07,CM,NSE,STK,759797,INE198501012,EUROPRATIK,EQ,,,,,EURO PRATIK SALES LIMITED,306.30,321.00,306.30,314.10,316.00,309.35,,314.09,,,224401,70385007.90,5156,F1,1,,,,,
2026-08-07,2026-08-07,CM,NSE,STK,8886,INE022C01012,EUROTEXIND,BE,,,,,EUROTEX IND & EXPORTS LTD,13.05,13.37,13.05,13.37,13.37,13.11,,13.37,,,1376,18389.12,5,F1,1,,,,,
2026-08-07,2026-08-07,CM,NSE,STK,11782,INE128A01029,EVEREADY,EQ,,,,,EVEREADY INDS. IND.  LTD.,357.30,361.00,353.10,356.80,353.10,357.30,,356.78,,,95680,34245668.55,2479,F1,1,,,,,
2026-08-07,2026-08-07,CM,NSE,STK,6017,INE295A01018,EVERESTIND,BE,,,,,EVEREST INDUSTRIES LTD,482.00,483.95,459.50,468.05,476.95,477.05,,468.11,,,3592,1677564.60,120,F1,1,,,,,
2026-08-07,2026-08-07,CM,NSE,STK,13091,INE184H01027,EKC,EQ,,,,,EVEREST KANTO CYLINDERLTD,111.65,114.57,110.42,112.68,112.67,111.65,,112.68,,,254049,28696178.45,2976,F1,1,,,,,
2026-08-07,2026-08-07,CM,NSE,STK,11471,INE369A01029,EXCELINDUS,EQ,,,,,EXCEL INDUSTRIES LTD,1034.00,1039.10,1023.60,1029.00,1027.00,1029.55,,1029.00,,,4164,4291391.35,368,F1,1,,,,,
2026-08-07,2026-08-07,CM,NSE,STK,760007,INE606N01019,EXCELSOFT,EQ,,,,,EXCELSOFT TECHNOLOGIES L,83.50,86.50,82.50,83.65,83.05,83.09,,83.61,,,1063879,90131286.99,8837,F1,1,,,,,
2026-08-07,2026-08-07,CM,NSE,STK,22947,INE777F01014,EXICOM,EQ,,,,,EXICOM TELE SYSTEMS LTD,168.50,172.95,157.50,158.90,158.00,169.56,,158.90,,,1989666,324957855.75,22643,F1,1,,,,,
2026-08-07,2026-08-07,CM,NSE,STK,676,INE302A01020,EXIDEIND,EQ,,,,,EXIDE INDUSTRIES LTD,474.00,493.00,470.65,490.00,489.05,474.25,,490.02,,,7853639,3820662299.20,105172,F1,1,,,,,
2026-08-07,2026-08-07,CM,NSE,STK,760422,INE19I001020,EXIMROUTES,SM,,,,,EXIM ROUTES LIMITED,109.25,109.25,109.00,109.10,109.00,114.00,,109.10,,,5600,611000.00,6,F1,800,,,,,
2026-08-07,2026-08-07,CM,NSE,STK,17486,INE201K01015,EXPLEOSOL,EQ,,,,,EXPLEO SOLUTIONS LIMITED,816.60,839.75,813.00,836.75,836.00,821.05,,836.55,,,34528,28703708.30,1589,F1,1,,,,,
2026-08-07,2026-08-07,CM,NSE,STK,5352,INE0GFE01026,EXXARO,EQ,,,,,EXXARO TILES LIMITED,6.33,6.33,6.12,6.16,6.16,6.27,,6.16,,,120937,749073.13,260,F1,1,,,,,
2026-08-07,2026-08-07,CM,NSE,STK,760125,INE0HF201011,FABTECH,EQ,,,,,FABTECH TECHNOLOGIES LTD,150.00,153.00,148.00,148.63,148.98,150.25,,148.65,,,52577,7889830.30,1073,F1,1,,,,,
2026-08-07,2026-08-07,CM,NSE,STK,1008,INE188A01015,FACT,EQ,,,,,FACT LTD,839.00,844.95,835.40,839.40,839.00,843.10,,839.38,,,30873,25916351.75,3396,F1,1,,,,,
2026-08-07,2026-08-07,CM,NSE,STK,1619,INE0DNW01011,FAIRCHEMOR,BE,,,,,FAIRCHEM ORGANICS LIMITED,749.95,749.95,749.95,749.95,749.95,765.25,,748.00,,,1623,1217168.85,51,F1,1,,,,,
2026-08-07,2026-08-07,CM,NSE,STK,24150,INE0PQK01013,FALCONTECH,SM,,,,,FALCON TECHNOPROJ IND LTD,12.10,12.35,12.10,12.35,12.35,12.25,,12.35,,,2400,29340.00,2,F1,1200,,,,,
2026-08-07,2026-08-07,CM,NSE,STK,12000,INE963C01033,FAZE3Q,EQ,,,,,FAZE THREE LIMITED,540.00,587.95,535.35,569.20,570.60,540.60,,569.20,,,21897,12347137.15,1634,F1,1,,,,,
2026-08-07,2026-08-07,CM,NSE,STK,11999,INE512B01022,FCSSOFT,EQ,,,,,FCS SOFTWARE SOLN. LTD.,1.47,1.50,1.47,1.47,1.48,1.47,,1.47,,,1804642,2668751.48,921,F1,1,,,,,
2026-08-07,2026-08-07,CM,NSE,STK,4898,INE258B01022,FDC,EQ,,,,,FDC LIMITED,370.00,375.85,367.00,369.80,371.00,370.00,,369.84,,,238037,88241047.20,9232,F1,1,,,,,
2026-08-07,2026-08-07,CM,NSE,STK,20322,INE007N01010,FEDFINA,EQ,,,,,FEDBANK FINANCIAL SER L,153.00,153.00,148.83,149.59,149.75,152.53,,149.59,,,802406,120423997.48,11200,F1,1,,,,,
2026-08-07,2026-08-07,CM,NSE,STK,762675,INE417D01020,FEDDERSHOL,EQ,,,,,FEDDERS HOLDING LTD.,41.80,44.30,41.80,43.45,43.25,42.34,,43.45,,,552306,23870104.85,3183,F1,1,,,,,
2026-08-07,2026-08-07,CM,NSE,STK,1023,INE171A01029,FEDERALBNK,EQ,,,,,FEDERAL BANK LTD,353.20,359.80,350.85,356.25,356.25,353.55,,356.36,,,4924276,1755417757.75,49865,F1,1,,,,,
2026-08-07,2026-08-07,CM,NSE,STK,1190,INE529A01010,FMGOETZE,EQ,,,,,FEDERAL-MOGUL GOETZE (IND,487.05,500.50,473.05,492.25,491.00,485.80,,492.26,,,76946,37909728.10,2693,F1,1,,,,,
2026-08-07,2026-08-07,CM,NSE,STK,573,INE901X01013,FELIX,SM,,,,,FELIX INDUSTRIES LTD.,176.35,187.50,176.35,181.30,180.65,178.60,,181.30,,,90500,16516950.00,102,F1,500,,,,,
2026-08-07,2026-08-07,CM,NSE,STK,762680,INE225B01021,FERMENTA,EQ,,,,,FERMENTA BIOTECH LTD.,555.35,568.00,546.20,560.60,553.00,552.60,,560.55,,,169849,94739638.25,5764,F1,1,,,,,
2026-08-07,2026-08-07,CM,NSE,STK,8159,INE296C01020,FIBERWEB,EQ,,,,,FIBERWEB INDIA LIMITED,29.21,30.50,29.00,29.76,29.70,29.21,,29.75,,,14929,442904.60,104,F1,1,,,,,
2026-08-07,2026-08-07,CM,NSE,STK,9858,INE0LQQ01019,FIDEL,SM,,,,,FIDEL SOFTECH LIMITED,140.50,143.00,138.00,138.55,138.60,140.50,,138.55,,,9000,1252700.00,9,F1,1000,,,,,
2026-08-07,2026-08-07,CM,NSE,STK,13710,INE737H01014,FIEMIND,EQ,,,,,FIEM INDUSTRIES LIMITED,2479.50,2604.90,2466.90,2580.30,2552.00,2479.50,,2580.37,,,195760,499895819.20,22217,F1,1,,,,,
2026-08-07,2026-08-07,CM,NSE,STK,23651,INE185E01021,FILATFASH,BE,,,,,FILATEX FASHIONS LIMITED,0.19,0.19,0.18,0.18,0.19,0.18,,0.18,,,10663568,1990014.33,1757,F1,1,,,,,
2026-08-07,2026-08-07,CM,NSE,STK,24532,INE816B01035,FILATEX,EQ,,,,,FILATEX INDIA LTD,81.63,85.38,81.50,83.33,82.97,81.81,,83.33,,,3999271,334198144.76,20793,F1,1,,,,,
2026-08-07,2026-08-07,CM,NSE,STK,759776,INE0EDU01014,FINBUD,SM,,,,,FINBUD FINANCIAL SERV LTD,139.00,143.00,139.00,140.20,140.20,138.35,,140.20,,,8000,1129050.00,8,F1,1000,,,,,
2026-08-07,2026-08-07,CM,NSE,STK,3744,INE686Y01026,FINEORG,EQ,,,,,FINE ORGANIC IND. LTD.,4989.00,5199.90,4980.00,5162.10,5199.90,4989.00,,5161.64,,,54836,281337621.90,9923,F1,1,,,,,
2026-08-07,2026-08-07,CM,NSE,STK,6198,INE045J01034,FCL,EQ,,,,,FINEOTEX CHEMICAL LIMITED,41.70,43.35,40.91,41.64,41.90,41.75,,41.64,,,12593576,533513155.18,29003,F1,1,,,,,
2026-08-07,2026-08-07,CM,NSE,STK,759239,INE734I01027,FINKURVE,EQ,,,,,FINKURVE FINANCIAL SERV L,60.90,60.90,58.50,58.90,58.99,59.20,,58.93,,,42168,2487667.83,169,F1,1,,,,,
2026-08-07,2026-08-07,CM,NSE,STK,6579,INE02NC01014,FINOPB,EQ,,,,,FINO PAYMENTS BANK LTD,161.00,161.30,153.15,154.96,154.50,159.68,,154.99,,,436058,68337968.75,5419,F1,1,,,,,
2026-08-07,2026-08-07,CM,NSE,STK,1038,INE235A01022,FINCABLES,EQ,,,,,FINOLEX CABLES LTD,1040.00,1040.00,1017.00,1024.65,1017.00,1034.75,,1024.53,,,182159,187347079.40,15149,F1,1,,,,,
2026-08-07,2026-08-07,CM,NSE,STK,1041,INE183A01024,FINPIPE,EQ,,,,,FINOLEX INDUSTRIES LTD,166.00,167.00,162.85,164.43,164.01,171.31,,164.42,,,1232652,202908770.44,29607,F1,1,,,,,
2026-08-07,2026-08-07,CM,NSE,STK,14304,INE684F01012,FSL,EQ,,,,,FIRSTSOURCE SOLU. LTD.,285.00,289.55,275.00,279.85,280.00,293.95,,279.85,,,9187334,2589263692.00,200440,F1,1,,,,,
2026-08-07,2026-08-07,CM,NSE,STK,757658,INE771F01041,FISCHER,EQ,,,,,FISCHER MEDICAL VENTURE L,37.60,38.87,37.20,38.01,38.22,37.45,,38.01,,,3470138,132305731.27,6476,F1,1,,,,,
2026-08-07,2026-08-07,CM,NSE,STK,12032,INE128S01021,FIVESTAR,EQ,,,,,FIVE-STAR BUS FIN LTD,550.05,550.65,541.55,543.25,544.40,553.25,,543.24,,,269177,146808661.65,16751,F1,1,,,,,
2026-08-07,2026-08-07,CM,NSE,STK,20372,INE00Y201027,FLAIR,EQ,,,,,FLAIR WRITING INDUST LTD,250.00,252.90,249.10,252.40,251.70,250.55,,252.40,,,110987,27892570.15,2019,F1,1,,,,,
2026-08-07,2026-08-07,CM,NSE,STK,25516,INE060J01017,FLEXITUFF,BE,,,,,FLEXITUFF VENTURES INT L,3.76,3.76,3.56,3.69,3.69,3.69,,3.69,,,22248,82069.64,79,F1,1,,,,,
2026-08-07,2026-08-07,CM,NSE,STK,758208,INE0VCK01011,FLYSBS,SM,,,,,FLYSBS AVIATION LIMITED,445.00,448.85,432.00,435.35,432.00,443.95,,435.35,,,31400,13834030.00,112,F1,200,,,,,
2026-08-07,2026-08-07,CM,NSE,STK,760331,INE0SQZ01015,FWSTC,SM,,,,,FLYWINGS SIMULAT T C LTD,189.90,189.90,189.70,189.70,189.70,185.45,,189.70,,,1800,341700.00,3,F1,600,,,,,
2026-08-07,2026-08-07,CM,NSE,STK,6839,INE593W01028,FOCUS,BE,,,,,FOCUS LIGHTG & FIXTRS LTD,67.90,68.80,66.01,67.08,66.03,67.97,,67.08,,,26433,1777987.43,217,F1,1,,,,,
2026-08-07,2026-08-07,CM,NSE,STK,22517,INE0Q4701019,FONEBOX,SM,,,,,FONEBOX RETAIL LIMITED,98.10,98.10,98.10,98.10,98.10,93.45,,98.10,,,4000,392400.00,4,F1,1000,,,,,
2026-08-07,2026-08-07,CM,NSE,STK,6673,INE976E01023,FOODSIN,EQ,,,,,FOODS & INNS LIMITED,53.90,55.40,53.75,54.92,55.20,53.03,,54.94,,,83479,4544095.48,715,F1,1,,,,,
2026-08-07,2026-08-07,CM,NSE,STK,24917,INE0U2501017,FORCAS,ST,,,,,FORCAS STUDIO LIMITED,186.50,190.00,177.00,187.10,190.00,184.35,,187.10,,,62400,11583360.00,17,F1,1600,,,,,
2026-08-07,2026-08-07,CM,NSE,STK,11573,INE451A01017,FORCEMOT,EQ,,,,,FORCE MOTORS LIMITED,18623.00,18830.00,18445.00,18500.00,18500.00,18690.00,,18501.38,,,46841,870067570.00,12612,F1,1,,,,,
2026-08-07,2026-08-07,CM,NSE,STK,25664,INE0YKW01013,FORGEAUTO,SM,,,,,FORGE AUTO INTERNATION L,116.15,116.15,116.15,116.15,116.15,110.65,,116.15,,,7200,836280.00,6,F1,1200,,,,,
2026-08-07,2026-08-07,CM,NSE,STK,14592,INE061F01013,FORTIS,EQ,,,,,FORTIS HEALTHCARE LTD,920.00,967.70,903.35,955.15,955.15,920.00,,955.26,,,3551821,3346174422.90,77915,F1,1,,,,,
2026-08-07,2026-08-07,CM,NSE,STK,1073,INE519A01011,FOSECOIND,EQ,,,,,FOSECO INDIA LTD,5424.00,5573.50,5395.50,5500.50,5509.50,5409.00,,5500.50,,,4888,26931177.50,1072,F1,1,,,,,
2026-08-07,2026-08-07,CM,NSE,STK,760961,INE212S01015,FRACTAL,EQ,,,,,FRACTAL ANALYTICS LIMITED,804.00,823.00,803.15,817.70,816.00,807.60,,817.75,,,241675,197005424.20,12179,F1,1,,,,,
2026-08-07,2026-08-07,CM,NSE,STK,25871,INE0SFW01015,FRESHARA,ST,,,,,FRESHARA AGRO EXPORTS LTD,357.00,365.00,348.00,361.50,365.00,353.45,,361.50,,,20400,7271430.00,29,F1,600,,,,,
2026-08-07,2026-08-07,CM,NSE,STK,11504,INE385O01018,FROG,ST,,,,,FROG INNOVATIONS LIMITED,206.00,214.20,206.00,214.20,214.20,210.00,,214.20,,,13600,2906360.00,27,F1,400,,,,,
2026-08-07,2026-08-07,CM,NSE,STK,762685,INE572D01014,FRONTSP,EQ,,,,,FRONTIER SPRINGS LTD.,1428.00,1428.00,1364.10,1401.20,1396.10,1409.70,,1401.02,,,14612,20313099.80,2370,F1,1,,,,,
2026-08-07,2026-08-07,CM,NSE,STK,6545,INE388Y01029,NYKAA,EQ,,,,,FSN E COMMERCE VENTURES,331.55,335.85,328.65,332.00,332.00,331.95,,332.08,,,4598346,1524775124.25,51748,F1,1,,,,,
2026-08-07,2026-08-07,CM,NSE,STK,759876,INE12UR01024,UTLSOLAR,EQ,,,,,FUJIYAMA POWER SYSTEMS L,412.00,412.60,386.00,389.95,388.50,400.65,,389.98,,,269005,106096171.05,13475,F1,1,,,,,
2026-08-07,2026-08-07,CM,NSE,STK,11932,INE139R01012,FUSION,EQ,,,,,FUSION FINANCE LIMITED,214.05,214.99,200.40,204.99,205.00,214.99,,204.98,,,829952,170597669.31,14458,F1,1,,,,,
2026-08-07,2026-08-07,CM,NSE,STK,14868,INE452O01016,FLFL,BZ,,,,,FUT LIFESTYLE FASH LTD,1.15,1.21,1.15,1.19,1.20,1.20,,1.19,,,12816,15356.71,56,F1,1,,,,,
2026-08-07,2026-08-07,CM,NSE,STK,13812,INE623B01027,FEL,BZ,,,,,FUTURE ENTERPRISES LTD,0.38,0.38,0.37,0.37,0.37,0.37,,0.37,,,186333,69512.00,113,F1,1,,,,,
2026-08-07,2026-08-07,CM,NSE,STK,30491,IN9623B01058,FELDVR,BZ,,,,,FUTURE ENTERPRISES LTD,2.44,2.44,2.23,2.26,2.26,2.33,,2.27,,,6991,16180.17,30,F1,1,,,,,
2026-08-07,2026-08-07,CM,NSE,STK,21021,INE360L01017,FMNL,BE,,,,,FUTURE MKT NETWORKS LTD,9.39,9.78,9.32,9.35,9.35,9.39,,9.35,,,22330,214412.13,42,F1,1,,,,,
2026-08-07,2026-08-07,CM,NSE,STK,1168,INE075D01018,GMBREW,EQ,,,,,G M BREWERIES LTD,915.55,915.55,905.00,908.35,905.00,907.50,,908.34,,,14193,12904147.20,1204,F1,1,,,,,
2026-08-07,2026-08-07,CM,NSE,STK,5054,INE201P01022,GRINFRA,EQ,,,,,G R INFRAPROJECTS LIMITED,939.95,948.80,856.40,870.70,867.60,889.95,,870.69,,,582729,525230671.70,23987,F1,1,,,,,
2026-08-07,2026-08-07,CM,NSE,STK,1135,INE586X01012,GTECJAINX,BE,,,,,G-TEC JAINX EDUCATION LTD,31.55,31.55,28.75,31.54,31.54,30.07,,31.54,,,9041,283676.66,63,F1,1,,,,,
2026-08-07,2026-08-07,CM,NSE,STK,1085,INE524A01029,GABRIEL,EQ,,,,,GABRIEL INDIA LTD,1535.90,1557.90,1484.50,1499.80,1495.00,1531.80,,1499.68,,,371373,563190496.30,22287,F1,1,,,,,
2026-08-07,2026-08-07,CM,NSE,STK,18018,INE224E01028,GATECH,BE,,,,,GACM TECHNOLOGIES LIMITED,0.67,0.67,0.66,0.66,0.67,0.64,,0.66,,,17895105,11942793.41,2447,F1,1,,,,,
2026-08-07,2026-08-07,CM,NSE,STK,27,INE224E01036,GATECHDVR,BE,,,,,GACM TECHNOLOGIES LIMITED,0.51,0.52,0.49,0.51,0.52,0.50,,0.51,,,544210,279867.79,209,F1,1,,,,,
2026-08-07,2026-08-07,CM,NSE,STK,4717,INE129A01019,GAIL,EQ,,,,,GAIL (INDIA) LTD,175.81,176.28,171.89,173.63,173.63,176.40,,173.63,,,7005144,1212234201.25,45069,F1,1,,,,,
2026-08-07,2026-08-07,CM,NSE,STK,25134,INE0RE001014,GALAPREC,EQ,,,,,GALA PRECISION ENG LTD,1127.40,1127.40,1026.60,1036.40,1036.00,1162.20,,1036.35,,,205179,215987422.90,15082,F1,1,,,,,
2026-08-07,2026-08-07,CM,NSE,STK,759089,INE09A801015,GML,SM,,,,,GALAXY MEDICARE LIMITED,17.05,17.05,17.05,17.05,17.05,17.00,,17.05,,,2000,34100.00,1,F1,2000,,,,,
2026-08-07,2026-08-07,CM,NSE,STK,1315,INE600K01018,GALAXYSURF,EQ,,,,,GALAXY SURFACTANTS LTD,1990.00,2114.00,1980.40,2066.70,2067.00,1980.30,,2066.66,,,52126,107997506.60,9424,F1,1,,,,,
2026-08-07,2026-08-07,CM,NSE,STK,13337,INE297H01019,GALLANTT,EQ,,,,,GALLANTT ISPAT LIMITED,620.00,620.05,603.15,605.50,606.20,615.35,,605.53,,,47899,29131786.85,4909,F1,1,,,,,
2026-08-07,2026-08-07,CM,NSE,STK,20303,INE717W01049,GANDHAR,EQ,,,,,GANDHAR OIL REFINE IND L,243.70,245.46,239.01,242.71,242.61,242.95,,242.70,,,1529441,370872069.54,14633,F1,1,,,,,
2026-08-07,2026-08-07,CM,NSE,STK,14116,INE524B01027,GANDHITUBE,EQ,,,,,GANDHI SPL. TUBES LTD,890.00,898.90,885.50,889.70,889.00,893.15,,889.72,,,2579,2300420.35,182,F1,1,,,,,
2026-08-07,2026-08-07,CM,NSE,STK,5617,INE388A01029,GANESHBE,BE,,,,,GANESH BENZOPLAST LIMITED,119.50,124.00,116.45,120.41,120.82,120.02,,120.33,,,172905,20792153.29,755,F1,1,,,,,
2026-08-07,2026-08-07,CM,NSE,STK,759012,INE652V01016,GANESHCP,EQ,,,,,GANESH CONSUMER PRODUCT L,164.90,166.61,161.05,161.80,161.55,164.94,,161.80,,,222144,36122426.02,5836,F1,1,,,,,
2026-08-07,2026-08-07,CM,NSE,STK,24439,INE0R8C01018,GGBL,SM,,,,,GANESH GREEN BHARAT LTD,258.80,258.80,252.40,254.85,255.50,253.65,,254.85,,,15300,3904875.00,47,F1,300,,,,,
2026-08-07,2026-08-07,CM,NSE,STK,14339,INE460C01014,GANESHHOU,EQ,,,,,GANESH HOUSING LIMITED,760.00,779.00,757.95,760.75,760.05,761.85,,760.85,,,22773,17450164.65,1363,F1,1,,,,,
2026-08-07,2026-08-07,CM,NSE,STK,27351,INE0TVT01024,GANESHIN,ST,,,,,GANESH INFRAWORLD LIMITED,119.90,125.30,115.50,118.80,115.50,119.90,,118.80,,,378400,46273520.00,266,F1,800,,,,,
2026-08-07,2026-08-07,CM,NSE,STK,6944,INE845D01014,GANECOS,EQ,,,,,GANESHA ECOSPHERE LIMITED,1071.10,1085.00,1058.00,1064.30,1059.30,1076.00,,1064.37,,,51641,55254377.20,5377,F1,1,,,,,
2026-08-07,2026-08-07,CM,NSE,STK,757525,INE0ZI101018,GANGABATH,SM,,,,,GANGA BATH FITTINGS LTD,22.50,22.90,21.75,22.90,22.90,23.25,,22.90,,,9000,201450.00,3,F1,3000,,,,,
2026-08-07,2026-08-07,CM,NSE,STK,4959,INE691Z01023,GANGAFORGE,BE,,,,,GANGA FORGING LIMITED,2.05,2.12,2.05,2.11,2.12,2.02,,2.11,,,11225579,23762433.17,4151,F1,1,,,,,
2026-08-07,2026-08-07,CM,NSE,STK,21399,INE335W01016,GANGESSECU,EQ,,,,,GANGES SECURITIES LIMITED,118.85,119.00,116.40,118.00,118.00,118.85,,118.00,,,535,63277.43,29,F1,1,,,,,
2026-08-07,2026-08-07,CM,NSE,STK,5475,INE382Z01011,GRSE,EQ,,,,,GARDEN REACH SHIP&ENG LTD,2589.00,2641.00,2585.70,2599.00,2593.10,2599.40,,2599.02,,,356679,929256528.70,21425,F1,1,,,,,
2026-08-07,2026-08-07,CM,NSE,STK,25800,INE0JVO01026,GARUDA,EQ,,,,,GARUDA CONSTRUCT N ENG L,183.26,186.80,180.02,180.50,180.60,182.45,,180.50,,,385703,70172002.98,6091,F1,1,,,,,
2026-08-07,2026-08-07,CM,NSE,STK,7982,INE291A01017,GRWRHITECH,EQ,,,,,GARWARE HI-TECH FILMS LTD,7374.00,7477.50,6911.00,6973.00,6925.00,7338.50,,6972.80,,,167734,1212686917.50,29638,F1,1,,,,,
2026-08-07,2026-08-07,CM,NSE,STK,1100,INE276A01018,GARFIBRES,EQ,,,,,GARWARE TECH FIBRES LTD,846.00,856.50,800.50,811.85,805.00,838.85,,811.82,,,62817,52297017.80,7371,F1,1,,,,,
2026-08-07,2026-08-07,CM,NSE,STK,8510,INE079J01017,GATEWAY,EQ,,,,,GATEWAY DISTRIPARKS LTD,56.90,57.09,56.15,56.50,56.47,56.79,,56.50,,,1018714,57773124.30,7868,F1,1,,,,,
2026-08-07,2026-08-07,CM,NSE,STK,760179,INE0P8B01020,GAUDIUMIVF,BE,,,,,GAUDIUM IVF N WOMEN H L,132.00,132.00,130.95,130.95,130.95,133.62,,131.00,,,161575,21287491.20,714,F1,1,,,,,
2026-08-07,2026-08-07,CM,NSE,STK,3693,INE287Z01012,GAYAHWS,EQ,,,,,GAYATRI HIGHWAYS LIMITED,2.02,2.09,1.95,1.98,2.00,1.98,,1.98,,,241646,479878.04,290,F1,1,,,,,
2026-08-07,2026-08-07,CM,NSE,STK,25027,INE336H01023,GAYAPROJ,BE,,,,,GAYATRI PROJECTS LTD,19.94,20.70,19.75,20.09,20.18,19.80,,20.07,,,352824,7142165.07,1120,F1,1,,,,,
2026-08-07,2026-08-07,CM,NSE,STK,14055,INE0LVM01018,GRCL,ST,,,,,GAYATRI RUBB AND CHEM LTD,525.00,525.00,523.90,524.95,524.95,511.80,,524.95,,,1750,918425.00,6,F1,250,,,,,
2026-08-07,2026-08-07,CM,NSE,STK,7862,INE878A01011,GVPIL,EQ,,,,,GE POWER INDIA LIMITED,730.00,762.90,728.55,762.90,762.90,726.60,,763.18,,,163658,122122825.00,6469,F1,1,,,,,
2026-08-07,2026-08-07,CM,NSE,STK,16783,INE200A01026,GVT&D,EQ,,,,,GE VERNOVA T&D INDIA LTD,4366.70,4398.00,4270.10,4299.00,4299.00,4366.70,,4300.21,,,758827,3280077084.20,72173,F1,1,,,,,
2026-08-07,2026-08-07,CM,NSE,STK,13662,INE916G01016,GEECEE,BE,,,,,GEECEE VENTURES LIMITED,350.35,372.00,350.30,363.45,368.35,360.25,,363.97,,,8476,3051791.50,79,F1,1,,,,,
2026-08-07,2026-08-07,CM,NSE,STK,17922,INE669X01032,GEEKAYWIRE,EQ,,,,,GEEKAY WIRES LIMITED,22.31,23.15,22.15,22.53,22.72,22.52,,22.53,,,42340,955004.96,676,F1,1,,,,,
2026-08-07,2026-08-07,CM,NSE,STK,759461,INE06XZ01023,GEMAROMA,EQ,,,,,GEM AROMATICS LIMITED,182.87,190.00,182.21,185.46,186.00,182.87,,185.43,,,100205,18663858.88,1604,F1,1,,,,,
2026-08-07,2026-08-07,CM,NSE,STK,277,INE481Y01014,GICRE,EQ,,,,,GENERAL INS CORP OF INDIA,358.95,359.55,356.25,357.20,357.00,358.85,,357.21,,,301498,107798211.80,8188,F1,1,,,,,
2026-08-07,2026-08-07,CM,NSE,STK,2188,INE854S01022,GENCON,EQ,,,,,GENERIC ENG CONS PROJ LTD,39.38,40.10,39.17,39.47,39.99,39.38,,39.47,,,228761,9092410.81,1199,F1,1,,,,,
2026-08-07,2026-08-07,CM,NSE,STK,10905,INE727B01026,GENESYS,EQ,,,,,GENESYS INTL CORPN LTD,231.85,234.85,221.85,227.45,226.00,229.00,,227.45,,,330502,74979125.65,7388,F1,1,,,,,
2026-08-07,2026-08-07,CM,NSE,STK,758842,INE06H201014,GENSOL,BZ,,,,,GENSOL ENGINEERING LTD,17.36,17.71,17.06,17.39,17.34,17.71,,17.39,,,97581,1696830.79,989,F1,1,,,,,
2026-08-07,2026-08-07,CM,NSE,STK,6600,INE949P01018,GENUSPAPER,EQ,,,,,GENUS P&B LIMITED,12.46,12.65,12.16,12.36,12.41,12.56,,12.36,,,47019,581016.69,224,F1,1,,,,,
2026-08-07,2026-08-07,CM,NSE,STK,11905,INE955D01029,GENUSPOWER,EQ,,,,,GENUS POWER INFRASTRU LTD,311.40,313.35,304.00,306.65,307.05,309.45,,306.65,,,1003801,309176878.45,13894,F1,1,,,,,
2026-08-07,2026-08-07,CM,NSE,STK,31942,INE1W0N01014,GENXAI,SM,,,,,GENXAI ANALYTICS LIMITED,78.00,79.00,77.05,77.55,77.50,78.55,,77.55,,,18000,1401720.00,15,F1,1200,,,,,
2026-08-07,2026-08-07,CM,NSE,STK,11896,INE007B01023,GEOJITFSL,EQ,,,,,GEOJIT FINANCIAL SER L,78.49,78.94,76.51,77.02,76.60,78.54,,77.00,,,201133,15562668.16,4206,F1,1,,,,,
2026-08-07,2026-08-07,CM,NSE,STK,1289,INE538A01037,GFLLIMITED,EQ,,,,,GFL LIMITED,50.40,51.94,49.06,50.77,50.29,51.94,,50.78,,,106613,5353131.47,1625,F1,1,,,,,
2026-08-07,2026-08-07,CM,NSE,STK,1127,INE539A01019,GHCL,EQ,,,,,GHCL LIMITED,436.00,440.55,434.25,436.05,435.50,438.00,,436.04,,,80218,35042335.00,2407,F1,1,,,,,
2026-08-07,2026-08-07,CM,NSE,STK,16696,INE0PA801013,GHCLTEXTIL,EQ,,,,,GHCL TEXTILES LIMITED,121.00,122.99,119.30,121.59,121.71,120.00,,121.58,,,1140359,138419864.55,11438,F1,1,,,,,
2026-08-07,2026-08-07,CM,NSE,STK,1139,INE289B01019,GICHSGFIN,EQ,,,,,GIC HOUSING FINANCE LTD,149.78,157.43,148.65,152.88,153.00,149.59,,152.89,,,368707,56810039.19,4481,F1,1,,,,,
2026-08-07,2026-08-07,CM,NSE,STK,17839,INE047B01011,GILLANDERS,EQ,,,,,GILLANDERS ARBUTHNOT LTD,88.13,105.00,88.00,90.69,90.99,88.55,,90.74,,,49016,4634948.25,648,F1,1,,,,,
2026-08-07,2026-08-07,CM,NSE,STK,1576,INE322A01010,GILLETTE,EQ,,,,,GILLETTE INDIA LTD,7694.00,7714.50,7650.50,7683.50,7677.00,7694.00,,7683.24,,,8855,67966739.00,2002,F1,1,,,,,
2026-08-07,2026-08-07,CM,NSE,STK,9294,INE424C01010,GINNIFILA,BE,,,,,GINNIFILAMENTS LTD.,45.00,45.89,44.50,45.57,45.50,44.94,,45.57,,,31950,1441544.85,110,F1,1,,,,,
2026-08-07,2026-08-07,CM,NSE,STK,2365,INE614Z01017,GIRIRAJ,SM,,,,,GIRIRAJ CIVIL DEVP LTD,56.75,58.00,52.50,53.50,54.30,55.25,,53.50,,,31500,1747525.00,85,F1,250,,,,,
2026-08-07,2026-08-07,CM,NSE,STK,759048,INE1AG301022,GKENERGY,EQ,,,,,GK ENERGY LIMITED,129.97,143.16,129.26,136.86,136.81,130.15,,136.86,,,3462023,477744774.49,23836,F1,1,,,,,
2026-08-07,2026-08-07,CM,NSE,STK,17357,INE528A01020,GKWLIMITED,EQ,,,,,GKW LIMITED,1653.00,1655.00,1620.00,1628.70,1630.00,1629.70,,1628.70,,,569,929842.60,35,F1,1,,,,,
2026-08-07,2026-08-07,CM,NSE,STK,1186,INE068V01023,GLAND,EQ,,,,,GLAND PHARMA LIMITED,2601.00,2619.90,2570.00,2601.00,2581.60,2608.30,,2600.95,,,317731,824387694.30,27434,F1,1,,,,,
2026-08-07,2026-08-07,CM,NSE,STK,1153,INE159A01016,GLAXO,EQ,,,,,GLAXOSMITHKLINE PHARMA LT,2570.00,2624.90,2556.50,2599.70,2591.80,2579.50,,2598.96,,,34991,91266429.10,5023,F1,1,,,,,
2026-08-07,2026-08-07,CM,NSE,STK,7406,INE935A01035,GLENMARK,EQ,,,,,GLENMARK PHARMACEUTICALS,2274.90,2289.00,2256.00,2279.10,2279.10,2270.00,,2279.87,,,437610,996490495.90,23257,F1,1,,,,,
2026-08-07,2026-08-07,CM,NSE,STK,1415,INE291W01037,GLOBAL,EQ,,,,,GLOBAL EDUCATION LIMITED,101.45,102.51,100.72,101.84,101.90,100.47,,101.84,,,40141,4080015.59,297,F1,1,,,,,
2026-08-07,2026-08-07,CM,NSE,STK,11956,INE474Q01031,MEDANTA,EQ,,,,,GLOBAL HEALTH LIMITED,1445.50,1483.70,1440.10,1455.60,1462.00,1444.30,,1455.58,,,550910,803928835.20,17753,F1,1,,,,,
2026-08-07,2026-08-07,CM,NSE,STK,14599,INE0JSX01015,GSLSU,EQ,,,,,GLOBAL SURFACES LIMITED,29.90,29.90,27.75,28.04,28.49,29.21,,28.05,,,20457,582529.98,610,F1,1,,,,,
2026-08-07,2026-08-07,CM,NSE,STK,13735,INE792H01019,GLOBALVECT,EQ,,,,,GLOBAL VEC HELICORP LTD,164.70,165.99,157.00,159.02,160.20,163.79,,159.08,,,10544,1700636.16,617,F1,1,,,,,
2026-08-07,2026-08-07,CM,NSE,STK,24934,INE0URU01010,GLOBALE,BE,,,,,GLOBALE TESSILE LIMITED,10.79,10.89,10.50,10.53,10.50,10.80,,10.53,,,315,3347.71,11,F1,1,,,,,
2026-08-07,2026-08-07,CM,NSE,STK,758572,INE0V3U01015,GLOBECIVIL,EQ,,,,,GLOBE CIVIL PROJECTS LTD,39.10,40.44,39.10,39.81,39.85,39.73,,39.85,,,14950,596858.72,159,F1,1,,,,,
2026-08-07,2026-08-07,CM,NSE,STK,393,INE581X01021,GLOBE,EQ,,,,,GLOBE ENTERPRISE (I) LTD,2.01,2.06,1.99,2.00,2.02,2.03,,2.00,,,598870,1207514.12,340,F1,1,,,,,
2026-08-07,2026-08-07,CM,NSE,STK,761025,INE947T01022,GICL,EQ,,,,,GLOBE INTL CARRIERS LTD,19.73,19.99,19.00,19.91,19.79,19.59,,19.91,,,313420,6195999.25,449,F1,1,,,,,
2026-08-07,2026-08-07,CM,NSE,STK,17424,INE615I01010,GLOBUSSPR,EQ,,,,,GLOBUS SPIRITS LTD,914.75,934.85,904.00,906.30,905.00,903.75,,906.29,,,130325,119740143.55,6764,F1,1,,,,,
2026-08-07,2026-08-07,CM,NSE,STK,23590,INE350Z01018,GLOSTERLTD,EQ,,,,,GLOSTER LIMITED,683.25,710.00,683.05,697.45,702.00,679.55,,697.46,,,8330,5843171.75,626,F1,1,,,,,
2026-08-07,2026-08-07,CM,NSE,STK,760118,INE0TQE01026,GLOTTIS,BE,,,,,GLOTTIS LIMITED,67.96,70.25,67.00,69.06,69.50,67.51,,68.98,,,95994,6665493.43,570,F1,1,,,,,
2026-08-07,2026-08-07,CM,NSE,STK,1570,INE541A01023,GMMPFAUDLR,EQ,,,,,GMM PFAUDLER LIMITED,980.00,1002.00,944.40,987.30,997.00,979.85,,987.42,,,845593,824169308.00,29817,F1,1,,,,,
2026-08-07,2026-08-07,CM,NSE,STK,13528,INE776C01039,GMRAIRPORT,EQ,,,,,GMR AIRPORTS LIMITED,106.50,107.42,105.70,107.20,107.20,106.59,,107.34,,,7114277,760168024.84,33138,F1,1,,,,,
2026-08-07,2026-08-07,CM,NSE,STK,8529,INE0CU601026,GMRP&UI,EQ,,,,,GMR POW AND URBAN INFRA L,97.83,98.40,96.51,97.49,97.98,97.83,,97.47,,,546621,53237469.52,5390,F1,1,,,,,
2026-08-07,2026-08-07,CM,NSE,STK,18571,INE934S01014,GNA,EQ,,,,,GNA AXLES LIMITED,529.00,544.40,518.05,527.20,525.50,530.25,,527.23,,,480323,254006854.25,13952,F1,1,,,,,
2026-08-07,2026-08-07,CM,NSE,STK,757862,INE18JU01028,EBGNG,EQ,,,,,GNG ELECTRONICS LIMITED,523.00,530.00,510.40,525.65,525.00,523.90,,525.66,,,413130,215827236.65,14822,F1,1,,,,,
2026-08-07,2026-08-07,CM,NSE,STK,23799,INE03JT01014,GODIGIT,EQ,,,,,GO DIGIT GENERAL INS LTD,270.10,273.75,266.35,272.25,272.00,270.10,,272.18,,,355396,96074502.50,11416,F1,1,,,,,
2026-08-07,2026-08-07,CM,NSE,STK,6964,INE0BJS01011,GOCOLORS,EQ,,,,,GO FASHION INDIA LTD,327.95,331.00,320.15,322.05,322.00,327.95,,322.03,,,160380,52071451.80,3363,F1,1,,,,,
2026-08-07,2026-08-07,CM,NSE,STK,14687,INE426D01013,GOACARBON,EQ,,,,,GOA CARBON LIMITED,380.00,388.00,375.00,383.50,381.30,380.00,,383.42,,,12763,4863171.90,717,F1,1,,,,,
2026-08-07,2026-08-07,CM,NSE,STK,3963,INE077F01035,GOCLCORP,EQ,,,,,GOCL CORPORATION LIMITED,410.00,449.65,410.00,438.25,435.00,410.55,,438.44,,,1950654,856647907.30,45251,F1,1,,,,,
2026-08-07,2026-08-07,CM,NSE,STK,25941,INE497S01012,GODAVARIB,EQ,,,,,GODAVARI BIOREFINERIES L,252.05,257.75,246.00,246.95,246.00,255.35,,246.98,,,122698,30721696.25,2818,F1,1,,,,,
2026-08-07,2026-08-07,CM,NSE,STK,13409,INE177H01039,GPIL,EQ,,,,,GODAWARI POW & ISP LTD,243.00,244.51,236.00,240.61,241.15,244.76,,240.62,,,1747484,419640270.03,24285,F1,1,,,,,
2026-08-07,2026-08-07,CM,NSE,STK,1181,INE260B01028,GODFRYPHLP,EQ,,,,,GODFREY PHILLIPS INDIA LT,2293.00,2307.00,2271.00,2286.00,2286.00,2290.00,,2285.90,,,232091,530731903.20,17397,F1,1,,,,,
2026-08-07,2026-08-07,CM,NSE,STK,144,INE850D01014,GODREJAGRO,EQ,,,,,GODREJ AGROVET LIMITED,548.25,548.80,541.40,542.85,542.50,545.55,,542.84,,,101213,55059722.70,6668,F1,1,,,,,
2026-08-07,2026-08-07,CM,NSE,STK,10099,INE102D01028,GODREJCP,EQ,,,,,GODREJ CONSUMER PRODUCTS,1077.00,1087.20,1032.30,1050.00,1050.00,1077.30,,1050.00,,,2659684,2804805946.10,77246,F1,1,,,,,
2026-08-07,2026-08-07,CM,NSE,STK,10925,INE233A01035,GODREJIND,EQ,,,,,GODREJ INDUSTRIES LTD,1300.20,1327.40,1291.00,1311.50,1306.20,1304.80,,1311.40,,,48600,63719867.20,6056,F1,1,,,,,
2026-08-07,2026-08-07,CM,NSE,STK,17875,INE484J01027,GODREJPROP,EQ,,,,,GODREJ PROPERTIES LTD,2081.00,2108.60,2062.30,2070.00,2070.00,2081.90,,2070.00,,,486095,1011939597.60,20972,F1,1,,,,,
2026-08-07,2026-08-07,CM,NSE,STK,27405,IN0020240167,664GS2027,GS,,,,,GOI LOAN   6.64% 2027,100.00,100.00,100.00,100.00,100.00,100.63,,100.00,,,100,10000.00,2,F1,1,,,,,
2026-08-07,2026-08-07,CM,NSE,STK,28530,IN0020240183,675GS2029,GS,,,,,GOI LOAN   6.75% 2029,101.47,101.47,101.47,101.47,101.47,100.00,,101.47,,,350,35514.50,1,F1,1,,,,,
2026-08-07,2026-08-07,CM,NSE,STK,24705,IN0020240100,697GR2034,GS,,,,,GOI LOAN   6.97% 2034,101.25,101.25,101.25,101.25,101.25,102.50,,101.25,,,2000,202500.00,2,F1,1,,,,,
2026-08-07,2026-08-07,CM,NSE,STK,27170,IN0020240142,709GS2074,GS,,,,,GOI LOAN   7.09% 2074,95.48,95.49,95.17,95.48,95.48,95.46,,95.48,,,42948,4100644.97,74,F1,1,,,,,
2026-08-07,2026-08-07,CM,NSE,STK,6695,IN0020210186,574GS2026,GS,,,,,GOI LOAN  5.74% 2026,100.57,101.45,100.57,101.45,101.45,100.99,,101.00,,,2,202.02,2,F1,1,,,,,
2026-08-07,2026-08-07,CM,NSE,STK,757983,IN0020250067,601GS2030,GS,,,,,GOI LOAN  6.01% 2030,101.80,101.80,101.80,101.80,101.80,101.87,,101.80,,,1,101.80,1,F1,1,,,,,
2026-08-07,2026-08-07,CM,NSE,STK,760622,IN0020250125,603GS2029,GS,,,,,GOI LOAN  6.03% 2029,100.36,100.36,100.36,100.36,100.36,100.36,,100.36,,,100,10036.00,3,F1,1,,,,,
2026-08-07,2026-08-07,CM,NSE,STK,5012,IN0020210095,610GS2031,GS,,,,,GOI LOAN  6.10% 2031,103.25,103.25,103.25,103.25,103.25,105.50,,103.25,,,1,103.25,1,F1,1,,,,,
2026-08-07,2026-08-07,CM,NSE,STK,759396,IN0020250091,648GS2035,GS,,,,,GOI LOAN  6.48% 2035,101.20,101.20,101.00,101.15,101.15,101.20,,101.15,,,2011,203118.15,4,F1,1,,,,,
2026-08-07,2026-08-07,CM,NSE,STK,7843,IN0020210244,654GS2032,GS,,,,,GOI LOAN  6.54% 2032,101.00,101.00,101.00,101.00,101.00,101.00,,101.00,,,3000,303000.00,1,F1,1,,,,,
2026-08-07,2026-08-07,CM,NSE,STK,5577,IN0020210152,667GS2035,GS,,,,,GOI LOAN  6.67% 2035,103.49,103.50,100.10,103.49,103.50,99.51,,103.49,,,2004,200613.98,5,F1,1,,,,,
2026-08-07,2026-08-07,CM,NSE,STK,956,IN0020200252,667GS2050,GS,,,,,GOI LOAN  6.67% 2050,93.69,93.69,92.80,92.80,92.80,92.50,,92.80,,,2001,185693.69,6,F1,1,,,,,
2026-08-07,2026-08-07,CM,NSE,STK,760623,IN0020250133,668GS2033,GS,,,,,GOI LOAN  6.68% 2033,99.00,99.00,98.70,98.85,98.70,98.70,,98.85,,,195,19276.50,2,F1,1,,,,,
2026-08-07,2026-08-07,CM,NSE,STK,757847,IN0020250042,668GS2040,GS,,,,,GOI LOAN  6.68% 2040,97.80,98.48,97.80,98.38,98.38,98.19,,98.38,,,44212,4347201.56,14,F1,1,,,,,
2026-08-07,2026-08-07,CM,NSE,STK,2317,IN0020200401,676GS2061,GS,,,,,GOI LOAN  6.76% 2061,90.38,93.70,90.38,93.37,93.38,92.70,,93.37,,,22693,2116003.86,20,F1,1,,,,,
2026-08-07,2026-08-07,CM,NSE,STK,22438,IN0020200187,68GS2060,GS,,,,,GOI LOAN  6.8% 2060,93.70,93.70,93.50,93.55,93.55,93.40,,93.55,,,1750,163716.50,15,F1,1,,,,,
2026-08-07,2026-08-07,CM,NSE,STK,756014,IN0020250018,690GS2065,GS,,,,,GOI LOAN  6.90% 2065,93.60,94.15,93.50,93.95,93.99,93.80,,93.96,,,58262,5457610.37,39,F1,1,,,,,
2026-08-07,2026-08-07,CM,NSE,STK,763340,IN0020260025,694GS2036,GS,,,,,GOI LOAN  6.94% 2036,102.50,102.50,102.50,102.50,102.50,101.50,,102.50,,,300,30750.00,1,F1,1,,,,,
2026-08-07,2026-08-07,CM,NSE,STK,6817,IN0020210202,695GS2061,GS,,,,,GOI LOAN  6.95% 2061,94.00,94.00,92.70,94.00,94.00,93.20,,94.00,,,3,280.70,3,F1,1,,,,,
2026-08-07,2026-08-07,CM,NSE,STK,6696,IN0020210194,699GS2051,GS,,,,,GOI LOAN  6.99% 2051,97.45,97.45,97.45,97.45,97.45,97.92,,97.45,,,6,584.70,1,F1,1,,,,,
2026-08-07,2026-08-07,CM,NSE,STK,23854,IN0020240043,702GS2027,GS,,,,,GOI LOAN  7.02% 2027,101.01,101.01,101.01,101.01,101.01,101.01,,101.01,,,100,10101.00,1,F1,1,,,,,
2026-08-07,2026-08-07,CM,NSE,STK,14970,IN0020230010,706GS2028,GS,,,,,GOI LOAN  7.06% 2028,103.20,103.20,103.05,103.05,103.05,103.00,,103.05,,,51741,5339372.55,11,F1,1,,,,,
2026-08-07,2026-08-07,CM,NSE,STK,764295,IN0020260041,706GS2041,GS,,,,,GOI LOAN  7.06% 2041,101.75,101.75,101.75,101.75,101.75,100.00,,101.75,,,520,52910.00,1,F1,1,,,,,
2026-08-07,2026-08-07,CM,NSE,STK,24949,IN0020240118,709GS2054,GS,,,,,GOI LOAN  7.09% 2054,97.00,97.00,96.00,96.50,96.50,96.99,,96.50,,,27179,2622702.25,37,F1,1,,,,,
2026-08-07,2026-08-07,CM,NSE,STK,18025,IN0020230085,718GS2033,GS,,,,,GOI LOAN  7.18% 2033,106.30,106.30,106.30,106.30,106.30,106.30,,106.30,,,1000,106300.00,1,F1,1,,,,,
2026-08-07,2026-08-07,CM,NSE,STK,17398,IN0020230077,718GS2037,GS,,,,,GOI LOAN  7.18% 2037,103.22,103.22,102.36,102.52,102.51,102.20,,102.52,,,19792,2029562.85,9,F1,1,,,,,
2026-08-07,2026-08-07,CM,NSE,STK,23518,IN0020240027,723GS2039,GS,,,,,GOI LOAN  7.23% 2039,104.60,104.60,104.60,104.60,104.60,104.50,,104.60,,,2000,209200.00,2,F1,1,,,,,
2026-08-07,2026-08-07,CM,NSE,STK,758674,IN0020250075,724GS2055,GS,,,,,GOI LOAN  7.24% 2055,101.24,101.45,101.20,101.35,101.25,101.24,,101.35,,,51725,5237909.05,19,F1,1,,,,,
2026-08-07,2026-08-07,CM,NSE,STK,16733,IN0020230044,725GS2063,GS,,,,,GOI LOAN  7.25% 2063,97.70,97.70,97.35,97.42,97.35,97.59,,97.42,,,1797173,175267304.58,880,F1,1,,,,,
2026-08-07,2026-08-07,CM,NSE,STK,10722,IN0020220060,726GS2032,GS,,,,,GOI LOAN  7.26% 2032,106.30,106.50,106.20,106.20,106.50,107.09,,106.20,,,9073,964142.60,7,F1,1,,,,,
2026-08-07,2026-08-07,CM,NSE,STK,14051,IN0020220151,726GS2033,GS,,,,,GOI LOAN  7.26% 2033,102.50,103.09,102.20,102.99,103.00,105.90,,102.99,,,184172,18927371.06,23,F1,1,,,,,
2026-08-07,2026-08-07,CM,NSE,STK,16865,IN0020230051,73GS2053,GS,,,,,GOI LOAN  7.3% 2053,99.58,99.58,99.45,99.46,99.48,99.50,,99.46,,,17686,1759557.18,8,F1,1,,,,,
2026-08-07,2026-08-07,CM,NSE,STK,19685,IN0020230119,733GS2026,GS,,,,,GOI LOAN  7.33% 2026,102.10,102.20,102.10,102.20,102.20,101.50,,102.20,,,980,100131.00,3,F1,1,,,,,
2026-08-07,2026-08-07,CM,NSE,STK,23558,IN0020240035,734GS2064,GS,,,,,GOI LOAN  7.34% 2064,99.30,99.49,99.20,99.40,99.40,99.15,,99.40,,,148792,14784230.22,53,F1,1,,,,,
2026-08-07,2026-08-07,CM,NSE,STK,19566,IN0020230101,737GS2028,GS,,,,,GOI LOAN  7.37% 2028,104.75,108.00,103.75,104.60,104.60,103.70,,104.60,,,10650,1136257.60,19,F1,1,,,,,
2026-08-07,2026-08-07,CM,NSE,STK,10981,IN0020220094,74GS2062,GS,,,,,GOI LOAN  7.4% 2062,100.50,101.95,100.50,101.25,101.25,101.74,,101.25,,,4951,501286.95,14,F1,1,,,,,
2026-08-07,2026-08-07,CM,NSE,STK,13194,IN0020220102,741GS2036,GS,,,,,GOI LOAN  7.41% 2036,104.80,105.55,104.80,105.50,105.50,104.65,,105.60,,,2800,294699.40,10,F1,1,,,,,
2026-08-07,2026-08-07,CM,NSE,STK,760649,IN0020250117,743GS2076,GS,,,,,GOI LOAN  7.43% 2076,99.50,100.45,99.50,99.50,99.50,100.00,,99.50,,,112094,11155693.11,120,F1,1,,,,,
2026-08-07,2026-08-07,CM,NSE,STK,19808,IN0020230127,746GS2073,GS,,,,,GOI LOAN  7.46% 2073,100.10,100.95,100.10,100.95,100.95,100.95,,100.73,,,3667,367163.65,9,F1,1,,,,,
2026-08-07,2026-08-07,CM,NSE,STK,763146,IN0020260017,750GS2056,GS,,,,,GOI LOAN  7.50% 2056,103.00,103.00,100.10,100.10,100.10,100.61,,100.10,,,120,12281.00,3,F1,1,,,,,
2026-08-07,2026-08-07,CM,NSE,STK,9585,IN0020220029,754GS2036,GS,,,,,GOI LOAN  7.54% 2036,106.50,106.67,106.43,106.64,106.65,106.50,,106.64,,,562227,59915013.31,211,F1,1,,,,,
2026-08-07,2026-08-07,CM,NSE,STK,763489,IN0020260033,771GS2066,GS,,,,,GOI LOAN  7.71% 2066,104.75,104.75,104.00,104.50,104.50,104.49,,104.50,,,2967,308802.00,4,F1,1,,,,,
2026-08-07,2026-08-07,CM,NSE,STK,6833,IN0020010081,1018GS2026,GS,,,,,GOI LOAN 10.18% 2026,104.53,104.53,104.53,104.53,104.53,104.01,,104.49,,,2,209.06,2,F1,1,,,,,
2026-08-07,2026-08-07,CM,NSE,STK,7193,IN0020160092,662GS2051,GS,,,,,GOI LOAN 6.62% 2051,90.46,92.77,90.46,92.77,92.77,90.70,,92.77,,,6753,611975.81,4,F1,1,,,,,
2026-08-07,2026-08-07,CM,NSE,STK,7184,IN0020160068,706GS2046,GS,,,,,GOI LOAN 7.06% 2046,103.00,103.00,103.00,103.00,103.00,107.00,,103.00,,,2,206.00,2,F1,1,,,,,
2026-08-07,2026-08-07,CM,NSE,STK,18561,IN0020200054,716GS2050,GS,,,,,GOI LOAN 7.16% 2050,102.25,102.25,102.25,102.25,102.25,100.01,,102.25,,,4070,416157.50,11,F1,1,,,,,
2026-08-07,2026-08-07,CM,NSE,STK,18474,IN0020200039,719GS2060,GS,,,,,GOI LOAN 7.19% 2060,101.90,101.90,101.90,101.90,101.90,101.90,,101.90,,,29,2955.10,1,F1,1,,,,,
2026-08-07,2026-08-07,CM,NSE,STK,9913,IN0020220037,738GS2027,GS,,,,,GOI LOAN 7.38% 2027,102.20,102.25,102.20,102.22,102.22,102.15,,102.16,,,73861,7550138.60,20,F1,1,,,,,
2026-08-07,2026-08-07,CM,NSE,STK,6884,IN0020060078,824GS2027,GS,,,,,GOI LOAN 8.24%2027,105.30,105.30,104.21,104.21,104.21,105.10,,103.91,,,1238,130350.50,2,F1,1,,,,,
2026-08-07,2026-08-07,CM,NSE,STK,6885,IN0020060086,828GS2032,GS,,,,,GOI LOAN 8.28%2032,111.60,111.60,109.80,110.00,110.00,109.94,,128.50,,,8101,890651.60,11,F1,1,,,,,
2026-08-07,2026-08-07,CM,NSE,STK,7034,IN0020120062,83GS2042,GS,,,,,GOI LOAN 8.30% 2042,105.10,105.10,105.10,105.10,105.10,105.10,,105.10,,,200,21020.00,1,F1,1,,,,,
2026-08-07,2026-08-07,CM,NSE,STK,7011,IN0020110055,897GS2030,GS,,,,,GOI LOAN 8.97% 2030,111.00,112.00,111.00,111.62,112.00,111.00,,111.15,,,480,53580.00,6,F1,1,,,,,
2026-08-07,2026-08-07,CM,NSE,STK,7039,IN0020130053,92GS2030,GS,,,,,GOI LOAN 9.20% 2030,114.00,114.00,112.80,113.84,113.85,114.00,,113.84,,,9559,1083930.36,21,F1,1,,,,,
2026-08-07,2026-08-07,CM,NSE,STK,762430,IN002026Y022,182D151026,TB,,,,,GOI TBILL 182D-15/10/26,98.50,98.50,98.50,98.50,98.50,98.93,,98.50,,,500,49250.00,1,F1,100,,,,,
2026-08-07,2026-08-07,CM,NSE,STK,763078,IN002026Y030,182D221026,TB,,,,,GOI TBILL 182D-22/10/26,98.20,98.20,98.20,98.20,98.20,98.20,,98.20,,,900,88380.00,1,F1,100,,,,,
2026-08-07,2026-08-07,CM,NSE,STK,764047,IN002026X149,91D081026,TB,,,,,GOI TBILL 91D-08/10/26,98.98,98.98,98.98,98.98,98.98,98.95,,98.98,,,100,9898.00,1,F1,100,,,,,
2026-08-07,2026-08-07,CM,NSE,STK,764252,IN002026X164,91D221026,TB,,,,,GOI TBILL 91D-22/10/26,98.45,98.45,98.45,98.45,98.45,98.69,,98.45,,,200,19690.00,1,F1,100,,,,,
2026-08-07,2026-08-07,CM,NSE,STK,764328,IN002026X172,91D291026,TB,,,,,GOI TBILL 91D-29/10/26,102.90,102.90,102.90,102.90,102.90,103.63,,102.90,,,100,10290.00,1,F1,100,,,,,
2026-08-07,2026-08-07,CM,NSE,STK,11778,INE887G01027,GOKEX,EQ,,,,,GOKALDAS EXPORTS LTD.,799.00,816.15,795.00,805.50,800.00,796.70,,805.50,,,175528,141810886.55,8228,F1,1,,,,,
2026-08-07,2026-08-07,CM,NSE,STK,14480,INE314T01033,GOKULAGRO,EQ,,,,,GOKUL AGRO RESOURCES LTD,224.00,232.09,223.54,228.80,229.01,224.53,,228.76,,,343324,78584465.89,6670,F1,1,,,,,
2026-08-07,2026-08-07,CM,NSE,STK,16705,INE020J01029,GOKUL,EQ,,,,,GOKUL REFOILS & SOLV LTD,40.46,40.59,39.52,39.68,39.87,40.04,,39.71,,,141552,5709470.34,709,F1,1,,,,,
2026-08-07,2026-08-07,CM,NSE,STK,11619,INE973A01010,GOLDENTOBC,BZ,,,,,GOLDEN TOBACCO LIMITED,24.01,25.21,24.01,24.59,25.04,24.01,,24.85,,,2509,62439.79,30,F1,1,,,,,
2026-08-07,2026-08-07,CM,NSE,STK,11971,INE025B01025,GOLDIAM,EQ,,,,,GOLDIAM INTERNATIONAL LTD,379.90,398.00,359.65,372.90,373.60,376.15,,372.89,,,7430942,2848921873.10,128720,F1,1,,,,,
2026-08-07,2026-08-07,CM,NSE,STK,1,INE405Y01021,GOLDSTAR,SM,,,,,GOLDSTAR POWER LIMITED,6.80,6.80,6.80,6.80,6.80,6.80,,6.80,,,22500,153000.00,2,F1,11250,,,,,
2026-08-07,2026-08-07,CM,NSE,STK,6125,INE127I01024,GOODLUCK,EQ,,,,,GOODLUCK INDIA LIMITED,1551.00,1595.00,1495.00,1508.80,1508.00,1534.10,,1508.81,,,517632,801869653.80,42227,F1,1,,,,,
2026-08-07,2026-08-07,CM,NSE,STK,1205,INE533A01012,GOODYEAR,EQ,,,,,GOODYEAR INDIA LIMITED,800.00,814.00,800.00,802.90,801.00,814.95,,802.94,,,11852,9507672.35,713,F1,1,,,,,
2026-08-07,2026-08-07,CM,NSE,STK,23066,INE0L9R01028,GOPAL,EQ,,,,,GOPAL SNACKS LIMITED,273.90,281.50,273.90,277.90,277.00,273.90,,277.91,,,394866,109930963.55,9890,F1,1,,,,,
2026-08-07,2026-08-07,CM,NSE,STK,11787,INE705X01026,GOYALALUM,EQ,,,,,GOYAL ALUMINIUMS LIMITED,6.49,6.58,6.40,6.43,6.44,6.49,,6.43,,,54572,352863.75,322,F1,1,,,,,
2026-08-07,2026-08-07,CM,NSE,STK,19356,INE0QFE01017,GOYALSALT,SM,,,,,GOYAL SALT LIMITED,113.10,113.10,112.00,112.00,112.00,114.25,,112.00,,,3000,337920.00,5,F1,600,,,,,
2026-08-07,2026-08-07,CM,NSE,STK,24113,INE0S7E01015,GPECO,ST,,,,,GP ECO SOLUTIONS INDIA L,406.00,413.10,398.90,402.35,398.90,413.40,,402.35,,,20000,8091130.00,55,F1,200,,,,,
2026-08-07,2026-08-07,CM,NSE,STK,11584,INE586G01017,GULFPETRO,BE,,,,,GP PETROLEUMS LIMITED,56.00,57.25,54.00,56.73,57.20,54.68,,56.69,,,311905,17500559.54,1000,F1,1,,,,,
2026-08-07,2026-08-07,CM,NSE,STK,22846,INE486R01017,GPTHEALTH,EQ,,,,,GPT HEALTHCARE LIMITED,165.70,165.70,157.47,159.44,159.95,165.03,,159.34,,,179779,29003556.04,2525,F1,1,,,,,
2026-08-07,2026-08-07,CM,NSE,STK,17685,INE390G01014,GPTINFRA,EQ,,,,,GPT INFRAPROJECTS LTD,117.62,117.99,115.30,115.79,116.00,117.99,,115.78,,,64231,7468509.24,1337,F1,1,,,,,
2026-08-07,2026-08-07,CM,NSE,STK,763301,INE361K01017,GRADIENTE,BE,,,,,GRADIENTE INFOTAINMENT L,2.70,2.70,2.55,2.59,2.60,2.68,,2.59,,,715352,1876489.28,214,F1,1,,,,,
2026-08-07,2026-08-07,CM,NSE,STK,30289,INE12E301017,GCHOTELS,ST,,,,,GRAND CONTINENT HOTELS L,104.55,108.95,101.00,108.95,108.95,105.00,,108.95,,,60600,6284940.00,77,F1,600,,,,,
2026-08-07,2026-08-07,CM,NSE,STK,762695,INE926B01016,GRANDOAK,EQ,,,,,GRAND OAK CANYONS DIST L,43.78,43.78,41.05,41.10,41.13,41.75,,41.10,,,7116,297798.35,103,F1,1,,,,,
2026-08-07,2026-08-07,CM,NSE,STK,11872,INE101D01020,GRANULES,EQ,,,,,GRANULES INDIA LIMITED,840.10,883.00,839.40,873.85,871.00,838.65,,873.83,,,1146571,994533043.25,31530,F1,1,,,,,
2026-08-07,2026-08-07,CM,NSE,STK,20454,INE0POU01017,GRAPHISAD,SM,,,,,GRAPHISADS LIMITED,28.50,28.50,28.50,28.50,28.50,28.75,,28.50,,,1200,34200.00,1,F1,1200,,,,,
2026-08-07,2026-08-07,CM,NSE,STK,592,INE371A01025,GRAPHITE,EQ,,,,,GRAPHITE INDIA LTD,721.90,729.50,707.40,709.95,710.00,722.05,,709.95,,,583486,418224484.65,17008,F1,1,,,,,
2026-08-07,2026-08-07,CM,NSE,STK,1232,INE047A01021,GRASIM,EQ,,,,,GRASIM INDUSTRIES LTD,3220.00,3349.60,3183.00,3323.00,3323.00,3220.00,,3323.05,,,1071215,3511555037.30,53731,F1,1,,,,,
2026-08-07,2026-08-07,CM,NSE,STK,5200,INE266D01021,GRAUWEIL,EQ,,,,,GRAUER & WEIL IND LTD,69.20,70.39,69.20,69.97,70.20,69.24,,69.96,,,172581,12066407.93,1843,F1,1,,,,,
2026-08-07,2026-08-07,CM,NSE,STK,762700,INE214F01026,GRAVISSHO,EQ,,,,,GRAVISS HOSPITALITY LTD.,29.26,31.20,29.26,31.08,30.00,29.26,,31.08,,,1839,56877.75,32,F1,1,,,,,
2026-08-07,2026-08-07,CM,NSE,STK,20534,INE024L01027,GRAVITA,EQ,,,,,GRAVITA INDIA LIMITED,1710.00,1739.50,1706.00,1732.10,1732.00,1719.10,,1732.07,,,127988,220791514.50,13432,F1,1,,,,,
2026-08-07,2026-08-07,CM,NSE,STK,1235,INE224A01026,GREAVESCOT,EQ,,,,,GREAVES COTTON LTD.,202.00,203.30,197.57,198.85,199.40,201.55,,198.84,,,1191734,238226843.77,15372,F1,1,,,,,
2026-08-07,2026-08-07,CM,NSE,STK,6848,INE544R01021,GREENLAM,EQ,,,,,GREENLAM INDUSTRIES LTD.,272.25,277.35,265.50,273.70,274.00,273.15,,273.69,,,175082,47644624.20,4002,F1,1,,,,,
2026-08-07,2026-08-07,CM,NSE,STK,759427,INE0PLX01017,GREENLEAF,ST,,,,,GREENLEAF ENVIROTECH LTD,109.00,116.95,109.00,113.00,113.00,112.35,,113.00,,,14000,1594400.00,10,F1,1000,,,,,
2026-08-07,2026-08-07,CM,NSE,STK,13810,INE08ZM01014,GREENPANEL,EQ,,,,,GREENPANEL INDUSTRIES LTD,203.20,203.20,190.00,192.25,192.90,202.27,,192.31,,,206889,40367169.67,8484,F1,1,,,,,
2026-08-07,2026-08-07,CM,NSE,STK,3987,INE461C01038,GREENPLY,EQ,,,,,GREENPLY INDUSTRIES LTD,286.85,290.95,284.00,286.35,284.00,286.85,,286.27,,,58298,16755102.40,3038,F1,1,,,,,
2026-08-07,2026-08-07,CM,NSE,STK,758986,INE199P01028,GCSL,EQ,,,,,GRETEX CORPORATE SERVICES,527.90,527.90,516.90,523.95,521.40,529.65,,523.95,,,363706,190525490.20,4583,F1,1,,,,,
2026-08-07,2026-08-07,CM,NSE,STK,13560,INE536A01023,GRINDWELL,EQ,,,,,GRINDWELL NORTON LIMITED,2114.00,2152.10,2091.10,2133.80,2115.00,2107.60,,2133.69,,,44725,95352483.40,10312,F1,1,,,,,
2026-08-07,2026-08-07,CM,NSE,STK,10871,INE192H01020,GRMOVER,EQ,,,,,GRM OVERSEAS LIMITED,90.79,91.20,89.10,90.33,89.80,90.09,,90.33,,,1015546,91787180.43,3676,F1,1,,,,,
2026-08-07,2026-08-07,CM,NSE,STK,760971,INE1TY801010,GJL,ST,,,,,GROVER JEWELLS LIMITED,188.00,188.00,188.00,188.00,188.00,180.00,,188.00,,,1600,300800.00,1,F1,800,,,,,
2026-08-07,2026-08-07,CM,NSE,STK,764285,INF666M01PH7,CEMNTGROWW,EQ,,,,,GROWWAMC - CEMNTGROWW,15.73,15.73,15.35,15.50,15.59,15.51,,15.50,,,90996,1402460.45,456,F1,1,,,,,
2026-08-07,2026-08-07,CM,NSE,STK,760051,INF666M01MM4,GROWWCAPM,EQ,,,,,GROWWAMC - GROWWCAPM,11.04,11.19,10.93,10.97,11.04,11.04,,10.97,,,653289,7183519.49,1410,F1,1,,,,,
2026-08-07,2026-08-07,CM,NSE,STK,760673,INF666M01NP5,GROWWCHEM,EQ,,,,,GROWWAMC - GROWWCHEM,31.74,31.74,30.60,30.75,30.60,30.97,,30.75,,,81918,2521668.01,351,F1,1,,,,,
2026-08-07,2026-08-07,CM,NSE,STK,25758,INF666M01IO8,GROWWDEFNC,EQ,,,,,GROWWAMC - GROWWDEFNC,97.63,97.67,95.70,97.22,97.43,96.73,,97.22,,,234655,22713193.26,2659,F1,1,,,,,
2026-08-07,2026-08-07,CM,NSE,STK,24798,INF666M01IH2,GROWWEV,EQ,,,,,GROWWAMC - GROWWEV,33.60,34.22,33.37,34.05,33.92,33.60,,34.05,,,600071,20357043.65,2450,F1,1,,,,,
2026-08-07,2026-08-07,CM,NSE,STK,25872,INF666M01OE7,GROWWGOLD,EQ,,,,,GROWWAMC - GROWWGOLD,14.46,14.60,14.41,14.57,14.59,14.46,,14.57,,,1511915,21928747.77,2976,F1,1,,,,,
2026-08-07,2026-08-07,CM,NSE,STK,760874,INF666M01OD9,GROWWHOSPI,EQ,,,,,GROWWAMC - GROWWHOSPI,53.99,55.00,53.78,54.57,55.00,53.99,,54.55,,,612380,33212665.14,1728,F1,1,,,,,
2026-08-07,2026-08-07,CM,NSE,STK,25447,INF666M01IP5,GROWWLIQID,EQ,,,,,GROWWAMC - GROWWLIQID,110.27,110.27,110.26,110.26,110.27,110.22,,110.26,,,171937,18959055.02,220,F1,1,,,,,
2026-08-07,2026-08-07,CM,NSE,STK,758300,INF666M01LB9,GROWWLOVOL,EQ,,,,,GROWWAMC - GROWWLOVOL,10.90,10.90,10.62,10.71,10.63,10.64,,10.71,,,12721,136042.48,128,F1,1,,,,,
2026-08-07,2026-08-07,CM,NSE,STK,759719,INF666M01MV5,GROWWMC150,EQ,,,,,GROWWAMC - GROWWMC150,232.90,237.95,229.01,229.90,237.95,232.90,,229.90,,,537,125447.49,31,F1,1,,,,,
2026-08-07,2026-08-07,CM,NSE,STK,760438,INF666M01NI0,GROWWMETAL,EQ,,,,,GROWWAMC - GROWWMETAL,12.90,12.90,12.42,12.50,12.48,12.59,,12.50,,,422914,5296409.61,1447,F1,1,,,,,
2026-08-07,2026-08-07,CM,NSE,STK,756086,INF666M01KJ4,GROWWMOM50,EQ,,,,,GROWWAMC - GROWWMOM50,11.19,11.19,10.63,10.85,10.85,10.85,,10.85,,,122670,1334160.40,428,F1,1,,,,,
2026-08-07,2026-08-07,CM,NSE,STK,29872,INF666M01JV1,GROWWN200,EQ,,,,,GROWWAMC - GROWWN200,11.51,11.80,11.50,11.57,11.50,11.54,,11.57,,,84542,978311.72,245,F1,1,,,,,
2026-08-07,2026-08-07,CM,NSE,STK,757814,INF666M01LI4,GROWWNET,EQ,,,,,GROWWAMC - GROWWNET,10.45,10.45,10.13,10.28,10.30,10.32,,10.28,,,388086,3988312.95,1211,F1,1,,,,,
2026-08-07,2026-08-07,CM,NSE,STK,758697,INF666M01LL8,GROWWNIFTY,EQ,,,,,GROWWAMC - GROWWNIFTY,10.22,10.22,9.90,9.92,9.93,9.98,,9.92,,,625713,6224448.24,5411,F1,1,,,,,
2026-08-07,2026-08-07,CM,NSE,STK,759458,INF666M01LZ8,GROWWNXT50,EQ,,,,,GROWWAMC - GROWWNXT50,75.88,75.88,74.70,74.90,74.70,75.18,,74.90,,,5009,375800.65,125,F1,1,,,,,
2026-08-07,2026-08-07,CM,NSE,STK,758165,INF666M01LM6,GROWWPOWER,EQ,,,,,GROWWAMC - GROWWPOWER,11.48,11.60,11.47,11.54,11.59,11.47,,11.54,,,1363636,15749582.97,2236,F1,1,,,,,
2026-08-07,2026-08-07,CM,NSE,STK,760976,INF666M01NQ3,GROWWPSE,EQ,,,,,GROWWAMC - GROWWPSE,98.04,101.08,98.04,99.69,99.90,100.04,,99.69,,,3292,328012.30,40,F1,1,,,,,
2026-08-07,2026-08-07,CM,NSE,STK,761514,INF666M01OG2,GROWWPSUBK,EQ,,,,,GROWWAMC - GROWWPSUBK,87.01,88.89,86.66,88.41,87.74,87.81,,88.41,,,12561,1106422.83,125,F1,1,,,,,
2026-08-07,2026-08-07,CM,NSE,STK,29527,INF666M01JJ6,GROWWRAIL,EQ,,,,,GROWWAMC - GROWWRAIL,29.55,29.71,29.38,29.52,29.60,29.50,,29.52,,,741734,21902263.22,2674,F1,1,,,,,
2026-08-07,2026-08-07,CM,NSE,STK,759428,INF666M01MN2,GROWWRLTY,EQ,,,,,GROWWAMC - GROWWRLTY,9.97,10.07,9.92,9.93,9.98,9.97,,9.93,,,613374,6122635.24,562,F1,1,,,,,
2026-08-07,2026-08-07,CM,NSE,STK,759522,INF666M01MO0,GROWWSC250,EQ,,,,,GROWWAMC - GROWWSC250,10.75,10.75,10.52,10.69,10.75,10.64,,10.69,,,301504,3206453.42,633,F1,1,,,,,
2026-08-07,2026-08-07,CM,NSE,STK,756827,INF666M01OF4,GROWWSLVR,EQ,,,,,GROWWAMC - GROWWSLVR,22.02,22.63,19.23,22.21,22.25,21.98,,22.21,,,2980493,66431541.74,3496,F1,1,,,,,
2026-08-07,2026-08-07,CM,NSE,STK,763572,INF666M01OT5,PVTBKGROWW,EQ,,,,,GROWWAMC - PVTBKGROWW,27.99,28.19,27.11,27.49,27.63,27.90,,27.49,,,20571,566696.37,176,F1,1,,,,,
2026-08-07,2026-08-07,CM,NSE,STK,751745,INF666M01PG9,SMALLGROWW,EQ,,,,,GROWWAMC - SMALLGROWW,48.79,49.80,47.59,49.04,48.83,48.30,,49.04,,,8881,431863.13,121,F1,1,,,,,
2026-08-07,2026-08-07,CM,NSE,STK,6543,INE137I01015,GRPLTD,EQ,,,,,GRP LIMITED,2042.00,2049.60,1995.00,2003.50,2007.50,2042.20,,2003.53,,,711,1429573.00,215,F1,1,,,,,
2026-08-07,2026-08-07,CM,NSE,STK,23888,INE0SQY01018,GSMFOILS,SM,,,,,GSM FOILS LIMITED,126.10,126.10,126.10,126.10,126.10,132.70,,126.10,,,26500,3341650.00,36,F1,500,,,,,
2026-08-07,2026-08-07,CM,NSE,STK,762239,INE713R01022,GSPCROP,EQ,,,,,GSP CROP SCIENCE LIMITED,597.25,599.70,589.65,597.50,594.00,592.35,,597.50,,,215734,128544216.65,3120,F1,1,,,,,
2026-08-07,2026-08-07,CM,NSE,STK,15347,INE871H01011,GSS,EQ,,,,,GSS INFOTECH LIMITED,13.41,14.29,13.40,14.01,13.70,13.54,,14.01,,,58577,816921.98,225,F1,1,,,,,
2026-08-07,2026-08-07,CM,NSE,STK,13745,INE221H01019,GTLINFRA,EQ,,,,,GTL INFRA.LTD,1.23,1.30,1.23,1.24,1.25,1.23,,1.24,,,47199448,59341927.84,12999,F1,1,,,,,
2026-08-07,2026-08-07,CM,NSE,STK,1162,INE043A01012,GTL,EQ,,,,,GTL LTD,7.50,8.20,7.45,7.82,7.81,7.38,,7.82,,,1141058,8968619.80,2270,F1,1,,,,,
2026-08-07,2026-08-07,CM,NSE,STK,21195,INE869I01013,GTPL,EQ,,,,,GTPL HATHWAY LIMITED,60.98,60.98,59.50,59.79,59.96,59.86,,59.79,,,11627,698829.03,292,F1,1,,,,,
2026-08-07,2026-08-07,CM,NSE,STK,11606,INE742B01025,GUFICBIO,EQ,,,,,GUFIC BIOSCIENCES LTD.,404.65,423.25,404.65,421.40,417.20,404.35,,421.48,,,266330,111019970.15,8310,F1,1,,,,,
2026-08-07,2026-08-07,CM,NSE,STK,1145,INE162A01010,GIPCL,EQ,,,,,GUJ IND POW CO. LTD,159.00,159.95,157.55,157.93,157.75,159.21,,157.93,,,233908,36985612.73,2846,F1,1,,,,,
2026-08-07,2026-08-07,CM,NSE,STK,1174,INE113A01013,GNFC,EQ,,,,,GUJ NAR VAL FER & CHEM L,541.50,546.95,534.00,535.50,535.50,542.95,,535.50,,,261632,141231865.65,9317,F1,1,,,,,
2026-08-07,2026-08-07,CM,NSE,STK,1247,INE026A01025,GSFC,EQ,,,,,GUJ STATE FERT & CHEM LTD,162.71,162.71,160.20,161.22,160.28,162.43,,161.22,,,255534,41275748.25,4158,F1,1,,,,,
2026-08-07,2026-08-07,CM,NSE,STK,14677,INE826C01016,GUJAPOLLO,EQ,,,,,GUJ. APOLLO IND. LTD.,368.45,374.40,363.50,367.75,367.50,367.60,,367.84,,,6392,2347626.85,407,F1,1,,,,,
2026-08-07,2026-08-07,CM,NSE,STK,1267,INE186A01019,GUJALKALI,EQ,,,,,GUJARAT ALKALIES & CHEM,694.15,700.90,670.00,674.00,671.00,680.80,,674.03,,,128249,87810318.25,7550,F1,1,,,,,
2026-08-07,2026-08-07,CM,NSE,STK,8828,INE036B01030,GAEL,EQ,,,,,GUJARAT AMBUJA EXPORTS LT,176.90,176.90,167.15,169.22,168.00,177.72,,169.22,,,1955074,334502914.22,33695,F1,1,,,,,
2026-08-07,2026-08-07,CM,NSE,STK,10599,INE844O01030,GUJENERGY,EQ,,,,,GUJARAT ENERGY LIMITED,274.80,276.55,263.90,265.30,266.15,275.60,,265.41,,,972767,261183338.15,31076,F1,1,,,,,
2026-08-07,2026-08-07,CM,NSE,STK,13750,INE09N301011,FLUOROCHEM,EQ,,,,,GUJARAT FLUOROCHEM LTD,4547.90,4634.80,4460.40,4518.10,4546.00,4548.00,,4518.09,,,133639,608016202.10,25169,F1,1,,,,,
2026-08-07,2026-08-07,CM,NSE,STK,761197,INE0V0W01025,GKSL,EQ,,,,,GUJARAT KIDNEY N SUP SP L,133.95,135.27,132.50,134.38,133.52,133.95,,134.38,,,121300,16267082.74,1408,F1,1,,,,,
2026-08-07,2026-08-07,CM,NSE,STK,8412,INE540A01017,GLFL,BE,,,,,GUJARAT LEASE FINANCING L,5.38,5.40,5.13,5.20,5.20,5.40,,5.20,,,6227,32875.17,24,F1,1,,,,,
2026-08-07,2026-08-07,CM,NSE,STK,5204,INE131A01031,GMDCLTD,EQ,,,,,GUJARAT MINERAL DEV CORP,594.00,594.00,580.30,582.80,583.80,596.75,,582.78,,,980159,573035485.75,21718,F1,1,,,,,
2026-08-07,2026-08-07,CM,NSE,STK,762690,INE207H01018,GNRL,EQ,,,,,GUJARAT NATURAL RES L,95.05,95.08,93.05,93.92,93.90,95.25,,93.92,,,66941,6297226.12,735,F1,1,,,,,
2026-08-07,2026-08-07,CM,NSE,STK,19731,INE517F01014,GPPL,EQ,,,,,GUJARAT PIPAVAV PORT LTD,150.96,152.12,150.26,151.63,151.80,151.26,,151.62,,,689006,104233122.52,7860,F1,1,,,,,
2026-08-07,2026-08-07,CM,NSE,STK,4548,INE610B01024,GUJRAFFIA,EQ,,,,,GUJARAT RAFFIA INDUST LTD,40.10,41.00,40.10,40.28,40.25,39.93,,40.28,,,3583,145957.84,37,F1,1,,,,,
2026-08-07,2026-08-07,CM,NSE,STK,29731,INE942C01045,GUJTHEM,EQ,,,,,GUJARAT THEMIS BIOSYN LTD,364.80,382.20,341.65,355.95,359.00,361.90,,355.98,,,677948,249267723.40,15587,F1,1,,,,,
2026-08-07,2026-08-07,CM,NSE,STK,4391,INE635Q01029,GULFOILLUB,EQ,,,,,GULF OIL LUB. IND. LTD.,1204.50,1220.00,1185.30,1189.50,1195.00,1204.50,,1189.42,,,77703,93260384.80,5812,F1,1,,,,,
2026-08-07,2026-08-07,CM,NSE,STK,6286,INE255D01024,GULPOLY,EQ,,,,,GULSHAN POLYOLS LIMITED,215.00,227.63,203.00,204.87,205.00,207.21,,204.87,,,4706083,1006332818.48,69552,F1,1,,,,,
2026-08-07,2026-08-07,CM,NSE,STK,759264,INE1CCX01012,GURUNANAK,ST,,,,,GURUNANAK AGRICULTUR IN L,38.05,40.00,38.05,40.00,40.00,40.00,,40.00,,,3200,124880.00,2,F1,1600,,,,,
2026-08-07,2026-08-07,CM,NSE,STK,13229,INE251H01024,GVKPIL,BE,,,,,GVK POW. & INFRA LTD.,2.40,2.42,2.36,2.37,2.38,2.40,,2.38,,,865498,2054420.81,940,F1,1,,,,,
2026-08-07,2026-08-07,CM,NSE,STK,10865,INE382T01030,GVPTECH,EQ,,,,,GVP INFOTECH LIMITED,6.90,7.05,6.85,6.94,6.96,6.90,,6.94,,,25705,178370.94,156,F1,1,,,,,
2026-08-07,2026-08-07,CM,NSE,STK,764050,INE724A01017,GYFTR,EQ,,,,,GYFTR LIMITED,159.99,170.00,156.48,164.30,165.18,159.40,,164.26,,,39793,6447188.53,297,F1,1,,,,,
2026-08-07,2026-08-07,CM,NSE,STK,762712,INE640B01021,HBESD,EQ,,,,,H B ESTATE DEVELOPERS L,74.51,78.94,74.51,78.52,78.50,75.28,,78.52,,,6295,484366.40,23,F1,1,,,,,
2026-08-07,2026-08-07,CM,NSE,STK,1672,INE926X01010,HGINFRA,EQ,,,,,H.G.INFRA ENGINEERING LTD,550.00,551.95,547.00,549.15,549.00,552.30,,549.18,,,24516,13474459.70,1936,F1,1,,,,,
2026-08-07,2026-08-07,CM,NSE,STK,760715,INE115S01010,HALDER,EQ,,,,,HALDER VENTURE LIMITED,259.10,267.00,256.12,261.44,261.90,260.77,,260.29,,,25535,6680963.63,219,F1,1,,,,,
2026-08-07,2026-08-07,CM,NSE,STK,762708,INE506D01020,HALDYNGL,BE,,,,,HALDYN GLASS LTD.,136.80,136.80,129.00,130.58,130.50,132.79,,130.74,,,39715,5206305.88,282,F1,1,,,,,
2026-08-07,2026-08-07,CM,NSE,STK,21551,INE320X01016,HALEOSLABS,EQ,,,,,HALEOS LABS LIMITED,1431.60,1469.60,1431.60,1457.40,1464.00,1438.70,,1455.89,,,391,570537.50,51,F1,1,,,,,
2026-08-07,2026-08-07,CM,NSE,STK,13592,INE596H01014,HGM,EQ,,,,,HANDSON GBL MNGMNT LTD,49.99,49.99,47.25,48.22,48.00,49.10,,48.20,,,4486,217340.01,90,F1,1,,,,,
2026-08-07,2026-08-07,CM,NSE,STK,48,INE419U01012,HAPPSTMNDS,EQ,,,,,HAPPIEST MINDS TECHNO LTD,409.95,415.60,403.05,407.70,406.55,406.15,,407.70,,,959591,392014902.50,23349,F1,1,,,,,
2026-08-07,2026-08-07,CM,NSE,STK,20854,INE330T01021,HAPPYFORGE,EQ,,,,,HAPPY FORGINGS LIMITED,1889.90,1934.10,1858.10,1906.20,1895.00,1870.00,,1905.79,,,125748,238923486.40,13738,F1,1,,,,,
2026-08-07,2026-08-07,CM,NSE,STK,757665,INE0TLP01015,WHITEFORCE,SM,,,,,HAPPY SQUARE OUTSOURC S L,37.40,39.00,37.40,39.00,39.00,39.00,,39.00,,,59200,2306240.00,3,F1,1600,,,,,
2026-08-07,2026-08-07,CM,NSE,STK,764131,INE1GFG01011,HAPPY,SM,,,,,HAPPY STEELS LIMITED,61.75,66.00,61.75,65.60,66.00,61.75,,65.60,,,132000,8575700.00,59,F1,2000,,,,,
2026-08-07,2026-08-07,CM,NSE,STK,8962,INE626Z01029,HARDWYN,EQ,,,,,HARDWYN INDIA LIMITED,11.30,11.50,11.23,11.26,11.24,11.27,,11.26,,,987070,11126875.61,943,F1,1,,,,,
2026-08-07,2026-08-07,CM,NSE,STK,8968,INE00EV01017,HARIOMPIPE,EQ,,,,,HARIOM PIPE INDUSTRIES L,394.80,406.85,394.80,398.90,398.45,396.70,,398.96,,,105549,42228822.75,3518,F1,1,,,,,
2026-08-07,2026-08-07,CM,NSE,STK,1313,INE544A01019,HARRMALAYA,EQ,,,,,HARRISON MALAYALAM LTD,225.90,225.90,220.10,222.53,223.00,222.27,,222.54,,,14735,3286296.57,510,F1,1,,,,,
2026-08-07,2026-08-07,CM,NSE,STK,11162,INE0JUS01029,HARSHA,EQ,,,,,HARSHA ENGINEERS INT LTD,424.95,434.50,420.00,426.40,428.40,425.00,,426.43,,,208520,89759033.20,6374,F1,1,,,,,
2026-08-07,2026-08-07,CM,NSE,STK,18154,INE982F01036,HATHWAY,EQ,,,,,HATHWAY CABLE & DATACOM,10.80,10.94,10.78,10.91,10.91,10.83,,10.91,,,997495,10857172.24,1690,F1,1,,,,,
2026-08-07,2026-08-07,CM,NSE,STK,3892,INE473B01035,HATSUN,EQ,,,,,HATSUN AGRO PRODUCT LTD.,927.15,948.00,912.00,941.10,940.00,927.25,,941.10,,,50521,47476887.35,3010,F1,1,,,,,
2026-08-07,2026-08-07,CM,NSE,STK,9819,INE176B01034,HAVELLS,EQ,,,,,HAVELLS INDIA LIMITED,1276.20,1293.60,1276.20,1288.00,1288.00,1285.50,,1288.00,,,1506943,1938750068.30,21191,F1,1,,,,,
2026-08-07,2026-08-07,CM,NSE,STK,4444,INE979B01015,HAWKINCOOK,EQ,,,,,HAWKINS COOKERS LTD,8494.50,8500.00,8315.00,8398.50,8450.00,8465.00,,8380.74,,,967,8130786.00,520,F1,1,,,,,
2026-08-07,2026-08-07,CM,NSE,STK,4116,INE550B01022,HBSL,EQ,,,,,HB STOCKHOLDINGS LIMITED,57.92,58.99,53.51,56.54,57.99,58.11,,56.83,,,6878,390276.13,92,F1,1,,,,,
2026-08-07,2026-08-07,CM,NSE,STK,13966,INE292B01021,HBLENGINE,EQ,,,,,HBL ENGINEERING LTD,734.00,743.80,720.10,727.10,720.20,736.15,,727.06,,,548362,401418592.95,19527,F1,1,,,,,
2026-08-07,2026-08-07,CM,NSE,STK,1327,INE236A01020,HCL-INSYS,EQ,,,,,HCL INFOSYSTEMS LTD,11.52,11.68,11.35,11.48,11.50,11.60,,11.47,,,112816,1298452.39,642,F1,1,,,,,
2026-08-07,2026-08-07,CM,NSE,STK,7229,INE860A01027,HCLTECH,EQ,,,,,HCL TECHNOLOGIES LTD,1329.00,1369.00,1328.00,1356.60,1356.60,1335.00,,1356.53,,,1725616,2336388494.30,60471,F1,1,,,,,
2026-08-07,2026-08-07,CM,NSE,STK,757772,INE756I01012,HDBFS,EQ,,,,,HDB FINANCIAL SERVICES L,672.90,676.95,663.50,665.65,665.50,674.90,,665.66,,,707215,470953889.35,21600,F1,1,,,,,
2026-08-07,2026-08-07,CM,NSE,STK,4244,INE127D01025,HDFCAMC,EQ,,,,,HDFC AMC LIMITED,2534.00,2552.40,2521.20,2545.00,2545.00,2538.10,,2544.89,,,310098,787943601.60,22190,F1,1,,,,,
2026-08-07,2026-08-07,CM,NSE,STK,1333,INE040A01034,HDFCBANK,EQ,,,,,HDFC BANK LTD,733.00,736.00,728.20,731.00,731.00,734.30,,731.02,,,19382042,14192225193.55,314352,F1,1,,,,,
2026-08-07,2026-08-07,CM,NSE,STK,19543,INF179KC1981,HDFCGOLD,EQ,,,,,HDFC GOLD ETF,126.98,127.65,125.18,127.45,127.52,126.44,,127.45,,,1948121,247228383.95,9099,F1,1,,,,,
2026-08-07,2026-08-07,CM,NSE,STK,467,INE795G01014,HDFCLIFE,EQ,,,,,HDFC LIFE INS CO LTD,542.50,544.95,537.50,540.00,540.00,542.50,,539.98,,,1413369,764852536.80,39877,F1,1,,,,,
2026-08-07,2026-08-07,CM,NSE,STK,14230,INF179KC1EZ4,HDFCBSE500,EQ,,,,,HDFCAMC - HDFCBSE500,38.27,38.38,37.70,38.10,37.70,38.27,,38.10,,,924926,35346822.60,350,F1,1,,,,,
2026-08-07,2026-08-07,CM,NSE,STK,11241,INF179KC1DJ0,HDFCGROWTH,EQ,,,,,HDFCAMC - HDFCGROWTH,123.50,123.95,122.60,123.36,122.60,122.40,,123.39,,,18085,2236942.17,226,F1,1,,,,,
2026-08-07,2026-08-07,CM,NSE,STK,18279,INF179KC1JG3,HDFCLIQUID,EQ,,,,,HDFCAMC - HDFCLIQUID,1072.89,1072.91,1072.89,1072.90,1072.90,1072.48,,1072.90,,,70103,75213892.99,54,F1,1,,,,,
2026-08-07,2026-08-07,CM,NSE,STK,11547,INF179KC1HU8,HDFCLOWVOL,EQ,,,,,HDFCAMC - HDFCLOWVOL,21.28,21.34,21.21,21.30,21.33,21.18,,21.29,,,6233,132531.07,83,F1,1,,,,,
2026-08-07,2026-08-07,CM,NSE,STK,14236,INF179KC1HT0,HDFCMID150,EQ,,,,,HDFCAMC - HDFCMID150,23.92,23.92,23.60,23.69,23.67,23.66,,23.69,,,514229,12178543.08,1302,F1,1,,,,,
2026-08-07,2026-08-07,CM,NSE,STK,11538,INF179KC1HV6,HDFCMOMENT,EQ,,,,,HDFCAMC - HDFCMOMENT,31.19,31.35,31.15,31.24,31.16,31.03,,31.22,,,122141,3815855.86,470,F1,1,,,,,
2026-08-07,2026-08-07,CM,NSE,STK,10619,INF179KC1HS2,HDFCNEXT50,EQ,,,,,HDFCAMC - HDFCNEXT50,75.98,76.42,75.63,75.99,76.21,75.89,,75.99,,,649415,49523725.94,883,F1,1,,,,,
2026-08-07,2026-08-07,CM,NSE,STK,10633,INF179KC1HR4,HDFCNIF100,EQ,,,,,HDFCAMC - HDFCNIF100,25.88,27.21,25.88,26.56,26.58,26.55,,26.56,,,38154,1015546.67,267,F1,1,,,,,
2026-08-07,2026-08-07,CM,NSE,STK,22433,INF179KC1HY0,HDFCNIFBAN,EQ,,,,,HDFCAMC - HDFCNIFBAN,60.06,60.09,59.44,59.50,59.46,59.63,,59.50,,,87433,5205343.09,445,F1,1,,,,,
2026-08-07,2026-08-07,CM,NSE,STK,12101,INF179KC1IA8,HDFCNIFIT,EQ,,,,,HDFCAMC - HDFCNIFIT,33.24,33.95,33.24,33.66,33.40,33.25,,33.66,,,194686,6557102.14,330,F1,1,,,,,
2026-08-07,2026-08-07,CM,NSE,STK,11591,INF179KC1965,HDFCNIFTY,EQ,,,,,HDFCAMC - HDFCNIFTY,283.57,289.24,276.39,277.35,276.60,276.66,,277.32,,,22894,6346439.52,812,F1,1,,,,,
2026-08-07,2026-08-07,CM,NSE,STK,764336,INF179KC1KT4,HDFCNIMEG,EQ,,,,,HDFCAMC - HDFCNIMEG,131.11,132.20,130.80,131.80,132.20,132.02,,131.80,,,353045,46532020.36,236,F1,1,,,,,
2026-08-07,2026-08-07,CM,NSE,STK,12108,INF179KC1HZ7,HDFCPVTBAN,EQ,,,,,HDFCAMC - HDFCPVTBAN,28.34,28.36,27.70,27.92,28.10,28.25,,27.92,,,505375,14165654.28,971,F1,1,,,,,
2026-08-07,2026-08-07,CM,NSE,STK,11255,INF179KC1DL6,HDFCQUAL,EQ,,,,,HDFCAMC - HDFCQUAL,59.99,60.32,59.50,59.80,59.50,59.38,,59.88,,,30353,1824772.35,218,F1,1,,,,,
2026-08-07,2026-08-07,CM,NSE,STK,11593,INF179KC1HX2,HDFCSENSEX,EQ,,,,,HDFCAMC - HDFCSENSEX,89.40,89.48,88.61,88.98,89.19,89.26,,88.99,,,23827,2124841.57,617,F1,1,,,,,
2026-08-07,2026-08-07,CM,NSE,STK,10876,INF179KC1DI2,HDFCSILVER,EQ,,,,,HDFCAMC - HDFCSILVER,214.75,221.20,214.75,220.43,219.78,214.75,,220.44,,,4361051,954423561.90,17171,F1,1,,,,,
2026-08-07,2026-08-07,CM,NSE,STK,14233,INF179KC1FB2,HDFCSML250,EQ,,,,,HDFCAMC - HDFCSML250,186.30,186.90,183.85,184.89,185.14,185.47,,184.91,,,957074,177006092.36,9456,F1,1,,,,,
2026-08-07,2026-08-07,CM,NSE,STK,11260,INF179KC1DK8,HDFCVALUE,EQ,,,,,HDFCAMC - HDFCVALUE,128.75,128.92,128.20,128.25,128.73,128.52,,128.25,,,6457,828706.91,66,F1,1,,,,,
2026-08-07,2026-08-07,CM,NSE,STK,22595,INF179KC1HW4,HDFCPSUBK,EQ,,,,,HDFCAMC HDFCPSUBK,86.50,89.74,86.10,88.63,88.00,87.69,,88.63,,,741133,65766868.07,599,F1,1,,,,,
2026-08-07,2026-08-07,CM,NSE,STK,19205,INE759V01019,HEADSUP,EQ,,,,,HEADS UP VENTURES LIMITED,7.46,7.46,6.77,6.99,7.00,7.02,,6.98,,,20909,145126.50,148,F1,1,,,,,
2026-08-07,2026-08-07,CM,NSE,STK,20063,INE019J01013,HEALTHX,EQ,,,,,HEALTH X PLATFORM LIMITED,317.90,318.00,303.90,306.65,304.25,308.90,,306.65,,,4046,1240648.85,127,F1,1,,,,,
2026-08-07,2026-08-07,CM,NSE,STK,15555,INE075I01017,HCG,EQ,,,,,HEALTHCARE GLOB. ENT. LTD,670.10,679.50,656.15,675.85,670.00,678.50,,675.85,,,337700,226276310.55,23790,F1,1,,,,,
2026-08-07,2026-08-07,CM,NSE,STK,7425,INE558R01013,HECPROJECT,EQ,,,,,HEC INFRA PROJECTS LTD,130.01,134.50,130.01,132.75,134.50,131.74,,132.75,,,5447,719242.12,162,F1,1,,,,,
2026-08-07,2026-08-07,CM,NSE,STK,1336,INE545A01024,HEG,EQ,,,,,HEG LTD,684.00,689.90,670.05,674.00,670.05,685.10,,673.99,,,597260,406373868.50,13735,F1,1,,,,,
2026-08-07,2026-08-07,CM,NSE,STK,2316,INE578A01017,HEIDELBERG,EQ,,,,,HEIDELBERGCEMENT (I) LTD,156.50,157.69,156.00,156.27,156.01,157.17,,156.30,,,49078,7677607.85,1050,F1,1,,,,,
2026-08-07,2026-08-07,CM,NSE,STK,701,INE0AJG01018,HEMIPROP,EQ,,,,,HEMISPHERE PROP IND LTD,137.50,138.79,137.50,138.04,138.15,137.93,,138.03,,,119657,16514886.38,1314,F1,1,,,,,
2026-08-07,2026-08-07,CM,NSE,STK,2614,INE694N01015,HERANBA,EQ,,,,,HERANBA INDUSTRIES LTD,181.00,181.99,176.04,178.78,179.40,179.05,,178.78,,,26957,4837263.39,1029,F1,1,,,,,
2026-08-07,2026-08-07,CM,NSE,STK,4598,INE978A01027,HERITGFOOD,EQ,,,,,HERITAGE FOODS LTD,358.55,368.00,354.70,361.80,364.00,358.55,,361.79,,,617938,223485320.15,11566,F1,1,,,,,
2026-08-07,2026-08-07,CM,NSE,STK,1348,INE158A01026,HEROMOTOCO,EQ,,,,,HERO MOTOCORP LIMITED,5541.00,5800.00,5541.00,5725.00,5725.00,5550.50,,5725.02,,,1914675,10930205030.00,128038,F1,1,,,,,
2026-08-07,2026-08-07,CM,NSE,STK,7048,INE782E01017,HESTERBIO,EQ,,,,,HESTER BIOSCIENCES LTD,2484.70,2500.80,2401.00,2417.90,2410.20,2458.50,,2417.92,,,5928,14503400.70,1199,F1,1,,,,,
2026-08-07,2026-08-07,CM,NSE,STK,27008,INE750M01017,HEXATRADEX,EQ,,,,,HEXA TRADEX LIMITED,164.50,164.98,161.30,163.32,163.99,164.01,,163.32,,,1008,165059.06,41,F1,1,,,,,
2026-08-07,2026-08-07,CM,NSE,STK,750116,INE0JUI01012,HEXAGON,BE,,,,,HEXAGON NUTRITION LIMITED,64.10,65.29,64.00,64.15,64.50,65.16,,64.25,,,129510,8322247.78,658,F1,1,,,,,
2026-08-07,2026-08-07,CM,NSE,STK,29666,INE093A01041,HEXT,EQ,,,,,HEXAWARE TECHNOLOGIES LTD,557.90,566.55,552.50,564.60,565.25,556.00,,564.53,,,319559,179340978.35,13474,F1,1,,,,,
2026-08-07,2026-08-07,CM,NSE,STK,21951,INE548A01028,HFCL,EQ,,,,,HFCL LIMITED,203.98,211.52,201.00,207.98,207.80,203.67,,207.99,,,19489977,4024911847.50,88505,F1,1,,,,,
2026-08-07,2026-08-07,CM,NSE,STK,18794,INE0PIC01017,HIGREEN,SM,,,,,HI GREEN CARBON LIMITED,137.05,139.30,137.05,138.95,139.00,138.95,,138.95,,,25600,3545240.00,32,F1,800,,,,,
2026-08-07,2026-08-07,CM,NSE,STK,2868,INE106T01025,HITECH,EQ,,,,,HI-TECH PIPES LIMITED,84.70,85.48,83.53,83.92,83.99,84.99,,83.92,,,733214,61748535.30,3719,F1,1,,,,,
2026-08-07,2026-08-07,CM,NSE,STK,759103,INE00RL01028,HILINFRA,EQ,,,,,HIGHWAY INFRASTRUCTURE L,45.05,46.29,44.92,45.01,45.00,45.53,,45.01,,,64272,2918486.84,1391,F1,1,,,,,
2026-08-07,2026-08-07,CM,NSE,STK,9668,INE475B01022,HIKAL,EQ,,,,,HIKAL LIMITED,216.99,230.00,216.02,227.14,226.00,221.43,,227.13,,,812011,180951147.56,15053,F1,1,,,,,
2026-08-07,2026-08-07,CM,NSE,STK,14631,INE788H01017,HILTON,BE,,,,,HILTON METAL FORGING LTD,21.45,21.45,20.81,21.41,21.35,21.05,,21.41,,,40270,857704.74,130,F1,1,,,,,
2026-08-07,2026-08-07,CM,NSE,STK,14334,INE019C01026,HSCL,EQ,,,,,HIMADRI SPECIALITY CHEM L,761.40,771.95,751.00,752.65,751.95,761.00,,752.65,,,4327549,3294716890.15,51208,F1,1,,,,,
2026-08-07,2026-08-07,CM,NSE,STK,1360,INE049A01027,HIMATSEIDE,EQ,,,,,HIMATSINGKA SEIDE LTD,79.42,81.60,79.24,80.69,80.80,79.53,,80.68,,,578999,46669760.80,3313,F1,1,,,,,
2026-08-07,2026-08-07,CM,NSE,STK,13890,INE835D01023,HIRECT,EQ,,,,,HIND RECTIFIER LIMITED,1303.90,1328.00,1294.00,1310.20,1315.30,1297.20,,1310.57,,,54460,71361149.10,4671,F1,1,,,,,
2026-08-07,2026-08-07,CM,NSE,STK,1363,INE038A01020,HINDALCO,EQ,,,,,HINDALCO  INDUSTRIES  LTD,1017.00,1059.60,1017.00,1059.60,1059.60,1027.00,,1059.58,,,9284747,9657934161.15,142788,F1,1,,,,,
2026-08-07,2026-08-07,CM,NSE,STK,4920,INE642Y01029,HINDCON,EQ,,,,,HINDCON CHEMICALS LIMITED,22.41,23.00,22.41,22.50,22.50,22.85,,22.50,,,7162,161385.36,119,F1,1,,,,,
2026-08-07,2026-08-07,CM,NSE,STK,11796,INE05X901010,HPIL,EQ,,,,,HINDPRAKASH INDUSTRY LTD,130.00,131.25,127.00,129.45,130.88,128.85,,129.46,,,2501,325685.04,48,F1,1,,,,,
2026-08-07,2026-08-07,CM,NSE,STK,14712,INE170I01016,HGS,EQ,,,,,HINDUJA GLOBAL SOLS. LTD.,423.05,440.90,420.35,428.40,429.00,423.05,,428.50,,,52313,22434298.90,1710,F1,1,,,,,
2026-08-07,2026-08-07,CM,NSE,STK,2303,INE066F01020,HAL,EQ,,,,,HINDUSTAN AERONAUTICS LTD,4925.00,4975.00,4876.00,4910.00,4910.00,4920.00,,4910.00,,,1083102,5325116817.70,67822,F1,1,,,,,
2026-08-07,2026-08-07,CM,NSE,STK,1372,INE310C01029,HINDCOMPOS,EQ,,,,,HINDUSTAN COMPOSITES LTD.,425.50,429.90,418.25,424.00,427.65,419.90,,424.44,,,2794,1184322.35,259,F1,1,,,,,
2026-08-07,2026-08-07,CM,NSE,STK,1375,INE549A01026,HCC,EQ,,,,,HINDUSTAN CONSTRUCTION CO,21.00,21.49,20.38,20.52,20.53,21.55,,20.52,,,40417420,843808121.76,44637,F1,1,,,,,
2026-08-07,2026-08-07,CM,NSE,STK,17939,INE531E01026,HINDCOPPER,EQ,,,,,HINDUSTAN COPPER LTD,543.75,548.00,532.10,536.10,536.00,545.95,,536.09,,,9431736,5090431154.45,114660,F1,1,,,,,
2026-08-07,2026-08-07,CM,NSE,STK,12173,INE254N01026,HNDFDS,EQ,,,,,HINDUSTAN FOODS LIMITED,570.50,581.70,570.50,576.20,576.50,575.00,,576.06,,,30987,17866083.50,2939,F1,1,,,,,
2026-08-07,2026-08-07,CM,NSE,STK,19215,INE871K01015,HMVL,BE,,,,,HINDUSTAN MEDIA VENT LTD,103.96,103.96,98.62,98.67,98.62,103.81,,98.65,,,14148,1412122.23,182,F1,1,,,,,
2026-08-07,2026-08-07,CM,NSE,STK,1403,INE345A01011,HINDOILEXP,EQ,,,,,HINDUSTAN OIL EXPLORATION,158.00,159.01,155.20,155.74,155.60,157.41,,155.74,,,230643,36184788.22,2126,F1,1,,,,,
2026-08-07,2026-08-07,CM,NSE,STK,1406,INE094A01015,HINDPETRO,EQ,,,,,HINDUSTAN PETROLEUM CORP,392.95,395.45,392.00,393.05,393.05,395.00,,393.05,,,5095295,2004783678.60,37958,F1,1,,,,,
2026-08-07,2026-08-07,CM,NSE,STK,1394,INE030A01027,HINDUNILVR,EQ,,,,,HINDUSTAN UNILEVER LTD.,2083.10,2099.40,2077.20,2096.00,2096.00,2079.50,,2095.31,,,1054665,2208631206.00,70125,F1,1,,,,,
2026-08-07,2026-08-07,CM,NSE,STK,1424,INE267A01025,HINDZINC,EQ,,,,,HINDUSTAN ZINC LIMITED,593.00,605.85,590.05,603.00,603.00,590.00,,602.94,,,6362181,3815503774.30,73465,F1,1,,,,,
2026-08-07,2026-08-07,CM,NSE,STK,15883,INE05AN01011,HINDWAREAP,EQ,,,,,HINDWARE HME INOVATON LTD,216.64,227.00,216.64,221.04,222.47,218.59,,221.11,,,46887,10392510.59,1458,F1,1,,,,,
2026-08-07,2026-08-07,CM,NSE,STK,19322,INE598C01011,HISARMETAL,EQ,,,,,HISAR METAL IND. LIMITED,152.16,154.50,151.99,152.02,152.01,148.25,,152.13,,,4513,687836.44,121,F1,1,,,,,
2026-08-07,2026-08-07,CM,NSE,STK,18457,INE07Y701011,POWERINDIA,EQ,,,,,HITACHI ENERGY INDIA LTD,31945.00,32680.00,31945.00,32600.00,32600.00,31900.00,,32597.92,,,91167,2959637850.00,25156,F1,1,,,,,
2026-08-07,2026-08-07,CM,NSE,STK,15165,INE120D01012,HITECHCORP,BE,,,,,HITECH CORPORATION LTD,323.90,323.90,319.50,322.30,322.05,320.10,,322.30,,,4477,1437871.15,62,F1,1,,,,,
2026-08-07,2026-08-07,CM,NSE,STK,2289,INE461D01028,HLEGLAS,EQ,,,,,HLE GLASCOAT LIMITED,454.45,485.00,454.40,467.05,465.70,454.40,,467.03,,,1276168,605422535.30,35378,F1,1,,,,,
2026-08-07,2026-08-07,CM,NSE,STK,1448,INE102A01024,HLVLTD,EQ,,,,,HLV LIMITED,7.34,7.34,7.13,7.24,7.27,7.25,,7.24,,,141611,1025291.25,534,F1,1,,,,,
2026-08-07,2026-08-07,CM,NSE,STK,17053,INE0ECP01024,HMAAGRO,EQ,,,,,HMA AGRO INDUSTRIES LTD,20.85,22.54,20.80,22.23,21.99,20.92,,22.23,,,2059506,44641859.73,3857,F1,1,,,,,
2026-08-07,2026-08-07,CM,NSE,STK,761833,INE2T2Q07097,87HMDA32,N0,,,,,HMDA 8.7% 2032 STRPP C,103654.79,103654.79,103654.79,103654.79,103654.79,103713.29,,103654.79,,,11,1140202.69,1,F1,1,,,,,
2026-08-07,2026-08-07,CM,NSE,STK,19698,INE262A01018,HMT,BZ,,,,,HMT LTD -,60.11,61.49,60.00,60.31,61.00,61.16,,60.31,,,10293,625295.54,92,F1,1,,,,,
2026-08-07,2026-08-07,CM,NSE,STK,23826,INE0S6S01017,HOACFOODS,ST,,,,,HOAC FOODS INDIA LIMITED,715.00,729.95,715.00,729.95,729.95,720.05,,729.95,,,1500,1081481.25,4,F1,375,,,,,
2026-08-07,2026-08-07,CM,NSE,STK,2056,INE481N01025,HOMEFIRST,EQ,,,,,HOME FIRST FIN CO IND LTD,1190.00,1196.20,1182.70,1193.80,1193.00,1191.10,,1193.76,,,174676,207524822.00,8273,F1,1,,,,,
2026-08-07,2026-08-07,CM,NSE,STK,19813,INE0J5401028,HONASA,EQ,,,,,HONASA CONSUMER LIMITED,467.80,480.00,465.45,477.60,475.30,465.65,,477.61,,,982060,466380749.45,29705,F1,1,,,,,
2026-08-07,2026-08-07,CM,NSE,STK,3138,INE634A01018,HONDAPOWER,EQ,,,,,HONDA I POWER PRODUCT LTD,2101.00,2112.90,2085.00,2093.40,2100.00,2090.50,,2093.52,,,2781,5833011.80,443,F1,1,,,,,
2026-08-07,2026-08-07,CM,NSE,STK,3417,INE671A01010,HONAUT,EQ,,,,,HONEYWELL AUTOMATION IND,38120.00,38335.00,37755.00,37900.00,37830.00,38315.00,,37900.00,,,2131,80958830.00,1301,F1,1,,,,,
2026-08-07,2026-08-07,CM,NSE,STK,17920,INE191I01012,HDIL,BZ,,,,,HOUSING DEV & INFRA LTD,1.60,1.61,1.57,1.57,1.59,1.60,,1.57,,,311487,491290.93,269,F1,1,,,,,
2026-08-07,2026-08-07,CM,NSE,STK,7376,INE0GSL01024,HPAL,EQ,,,,,HP ADHESIVES LIMITED,35.64,35.64,33.66,34.16,34.60,35.15,,34.14,,,53779,1842918.55,821,F1,1,,,,,
2026-08-07,2026-08-07,CM,NSE,STK,29875,INE0VA601019,HPTL,SM,,,,,HP TELECOM INDIA LIMITED,281.30,310.85,281.30,310.85,310.85,296.05,,310.85,,,6600,1985640.00,10,F1,600,,,,,
2026-08-07,2026-08-07,CM,NSE,STK,18679,INE495S01016,HPL,EQ,,,,,HPL ELECTRIC & POWER LTD,343.80,347.80,340.10,342.10,345.50,344.40,,342.18,,,98454,33715311.90,2908,F1,1,,,,,
2026-08-07,2026-08-07,CM,NSE,STK,21107,INE0R3501012,HRHNEXT,SM,,,,,HRH NEXT SERVICES LIMITED,26.50,26.50,25.65,25.65,25.65,27.00,,25.65,,,34500,887550.00,16,F1,1500,,,,,
2026-08-07,2026-08-07,CM,NSE,STK,761506,INF336L01RX2,HSBCGOLD,EQ,,,,,HSBCAMC - HSBCGOLD,128.59,130.71,128.15,130.48,129.85,128.59,,130.48,,,14500,1862075.95,133,F1,1,,,,,
2026-08-07,2026-08-07,CM,NSE,STK,20825,INE031A01017,HUDCO,EQ,,,,,HSG & URBAN DEV CORPN LTD,201.90,202.69,200.00,201.04,201.01,202.11,,201.04,,,1224833,246622816.07,15649,F1,1,,,,,
2026-08-07,2026-08-07,CM,NSE,STK,11979,INE501G01024,HTMEDIA,EQ,,,,,HT MEDIA LIMITED,27.37,28.40,26.50,27.74,28.00,26.91,,27.74,,,331196,9060339.46,1361,F1,1,,,,,
2026-08-07,2026-08-07,CM,NSE,STK,14203,INE703H01016,HUBTOWN,EQ,,,,,HUBTOWN LIMITED,179.70,182.00,174.50,175.11,175.75,179.70,,175.11,,,674676,119689100.34,6843,F1,1,,,,,
2026-08-07,2026-08-07,CM,NSE,STK,2562,INE275B01026,HUHTAMAKI,EQ,,,,,HUHTAMAKI INDIA LIMITED,287.85,289.40,271.35,274.95,275.40,289.95,,274.93,,,323508,90222365.75,5949,F1,1,,,,,
2026-08-07,2026-08-07,CM,NSE,STK,12814,INE965B01022,HYBRIDFIN,BE,,,,,HYBRID FINANCIAL SERVICE,17.96,17.96,17.16,17.73,17.73,17.50,,17.77,,,4465,78304.09,59,F1,1,,,,,
2026-08-07,2026-08-07,CM,NSE,STK,25844,INE0V6F01027,HYUNDAI,EQ,,,,,HYUNDAI MOTOR INDIA LTD,2209.10,2215.20,2196.00,2200.50,2200.50,2212.00,,2200.44,,,279115,615674666.10,18958,F1,1,,,,,
2026-08-07,2026-08-07,CM,NSE,STK,14086,INE204A01010,IGPL,EQ,,,,,I G PETROCHEMICALS LTD,505.00,511.30,488.25,492.90,490.00,503.00,,492.97,,,77030,38392984.30,2789,F1,1,,,,,
2026-08-07,2026-08-07,CM,NSE,STK,21348,INE0O7401018,IBLFL,SM,,,,,IBL FINANCE LIMITED,61.00,61.00,61.00,61.00,61.00,61.00,,61.00,,,2000,122000.00,1,F1,2000,,,,,
2026-08-07,2026-08-07,CM,NSE,STK,764064,INE0XE501015,ICELCO,SM,,,,,IC ELECTRICALS COMPANY L,149.00,149.00,145.50,146.45,145.50,147.20,,146.45,,,21600,3183000.00,18,F1,1200,,,,,
2026-08-07,2026-08-07,CM,NSE,STK,6977,INE613B01010,ICDSLTD,EQ,,,,,ICDS LTD,43.80,43.80,42.00,42.02,42.00,40.72,,41.80,,,535,22834.16,32,F1,1,,,,,
2026-08-07,2026-08-07,CM,NSE,STK,489,INE520Y01019,ICEMAKE,EQ,,,,,ICE MAKE REFRIGERAT LTD,820.00,834.00,817.00,820.20,817.20,828.10,,820.20,,,12377,10210904.45,1326,F1,1,,,,,
2026-08-07,2026-08-07,CM,NSE,STK,4963,INE090A01021,ICICIBANK,EQ,,,,,ICICI BANK LTD.,1451.00,1455.00,1418.20,1421.00,1421.00,1457.50,,1421.01,,,14395789,20631553752.10,155386,F1,1,,,,,
2026-08-07,2026-08-07,CM,NSE,STK,21770,INE765G01017,ICICIGI,EQ,,,,,ICICI LOMBARD GIC LIMITED,1646.10,1658.70,1631.40,1639.00,1639.00,1658.00,,1639.00,,,395441,649859154.90,23112,F1,1,,,,,
2026-08-07,2026-08-07,CM,NSE,STK,21254,INF109KC19U5,LOWVOLIETF,EQ,,,,,ICICI PR NIF LW VL 30 ETF,23.28,23.28,22.60,22.76,22.75,22.82,,22.76,,,1904851,43477852.33,1156,F1,1,,,,,
2026-08-07,2026-08-07,CM,NSE,STK,18652,INE726G01019,ICICIPRULI,EQ,,,,,ICICI PRU LIFE INS CO LTD,509.60,509.60,501.05,501.05,501.05,507.00,,501.05,,,974283,491060352.90,17887,F1,1,,,,,
2026-08-07,2026-08-07,CM,NSE,STK,17702,INF109KC10W0,MIDSELIETF,EQ,,,,,ICICI PRUD MIDCAP SEL ETF,20.15,20.15,19.72,19.79,19.83,19.75,,19.79,,,244677,4840502.13,637,F1,1,,,,,
2026-08-07,2026-08-07,CM,NSE,STK,30392,INF109KC16V9,NIF100IETF,EQ,,,,,ICICI PRUD NIFTY 100 ETF,28.71,28.78,28.64,28.72,28.70,28.71,,28.72,,,50493,1449424.15,1567,F1,1,,,,,
2026-08-07,2026-08-07,CM,NSE,STK,29553,INF109K012R6,NIFTYIETF,EQ,,,,,ICICI PRUD NIFTY ETF,283.00,283.00,278.01,278.25,278.10,279.06,,278.25,,,336699,93743703.65,11564,F1,1,,,,,
2026-08-07,2026-08-07,CM,NSE,STK,4378,INF346A01034,SENSEXIETF,EQ,,,,,ICICI PRUD SENSEX ETF,900.03,907.85,900.03,904.29,902.35,908.01,,904.32,,,7702,6960598.74,582,F1,1,,,,,
2026-08-07,2026-08-07,CM,NSE,STK,760407,INE346A01027,ICICIAMC,EQ,,,,,ICICI PRUDENTIAL AMC LTD,3080.40,3098.00,3055.20,3072.80,3073.00,3080.40,,3072.80,,,139482,429072948.00,12184,F1,1,,,,,
2026-08-07,2026-08-07,CM,NSE,STK,19679,INF109KC1NT3,GOLDIETF,EQ,,,,,ICICI PRUDENTIAL GOLD ETF,128.00,128.10,126.26,127.88,128.00,127.05,,127.89,,,3553151,452288891.18,28068,F1,1,,,,,
2026-08-07,2026-08-07,CM,NSE,STK,17475,INF109KC11V0,NV20IETF,EQ,,,,,ICICI PRUDENTIAL NV20 ETF,13.97,13.97,13.83,13.91,13.96,13.84,,13.91,,,331768,4617266.42,1873,F1,1,,,,,
2026-08-07,2026-08-07,CM,NSE,STK,522,INF109KB15Y7,ICICIB22,EQ,,,,,ICICIPRAMC - BHARATIWIN,116.97,117.98,115.10,116.62,116.91,117.42,,116.64,,,322958,37829593.19,2725,F1,1,,,,,
2026-08-07,2026-08-07,CM,NSE,STK,30139,INF109K1A021,CASHIETF,EQ,,,,,ICICIPRAMC - CASHIETF,1074.47,1074.49,1074.47,1074.48,1074.48,1074.03,,1074.48,,,238934,256729644.39,114,F1,1,,,,,
2026-08-07,2026-08-07,CM,NSE,STK,755881,INF109K1A153,EVIETF,EQ,,,,,ICICIPRAMC - EVIETF,33.75,34.46,33.68,34.23,34.45,33.68,,34.23,,,380734,12997987.20,851,F1,1,,,,,
2026-08-07,2026-08-07,CM,NSE,STK,13143,INF109KC18O0,GSEC10IETF,EQ,,,,,ICICIPRAMC - ICICI10GS,265.00,265.00,265.00,265.00,265.00,265.00,,265.00,,,1701,450765.00,4,F1,1,,,,,
2026-08-07,2026-08-07,CM,NSE,STK,3001,INF109KC1V59,BSE500IETF,EQ,,,,,ICICIPRAMC - ICICI500,40.00,40.18,40.00,40.06,40.06,40.18,,40.07,,,53196,2133584.53,1353,F1,1,,,,,
2026-08-07,2026-08-07,CM,NSE,STK,8342,INF109KC14A8,GSEC5IETF,EQ,,,,,ICICIPRAMC - ICICI5GSEC,66.58,67.24,66.00,66.50,66.50,66.51,,66.50,,,100011,6664507.40,47,F1,1,,,,,
2026-08-07,2026-08-07,CM,NSE,STK,22344,INF109KC17V7,ALPL30IETF,EQ,,,,,ICICIPRAMC - ICICIALPLV,29.17,29.17,28.41,28.56,28.55,28.47,,28.56,,,145101,4145114.41,828,F1,1,,,,,
2026-08-07,2026-08-07,CM,NSE,STK,7844,INF109KC10V2,AUTOIETF,EQ,,,,,ICICIPRAMC - ICICIAUTO,30.26,30.75,30.16,30.70,30.75,30.16,,30.70,,,2138012,65446304.82,2264,F1,1,,,,,
2026-08-07,2026-08-07,CM,NSE,STK,11386,INF109KC18U7,PVTBANIETF,EQ,,,,,ICICIPRAMC - ICICIBANKP,28.06,28.06,27.72,27.77,27.85,28.03,,27.77,,,3291470,91611624.76,2196,F1,1,,,,,
2026-08-07,2026-08-07,CM,NSE,STK,13198,INF109KC19O8,COMMOIETF,EQ,,,,,ICICIPRAMC - ICICICOMMO,101.27,101.85,100.98,101.67,101.85,101.32,,101.68,,,41767,4235869.90,1015,F1,1,,,,,
2026-08-07,2026-08-07,CM,NSE,STK,6446,INF109KC1V42,CONSUMIETF,EQ,,,,,ICICIPRAMC - ICICICONSU,125.98,126.70,125.20,126.13,125.20,125.77,,126.13,,,12283,1551671.76,145,F1,1,,,,,
2026-08-07,2026-08-07,CM,NSE,STK,5306,INF109KC19V3,FMCGIETF,EQ,,,,,ICICIPRAMC - ICICIFMCG,53.85,53.85,52.88,52.99,53.03,53.04,,52.99,,,2963447,156975160.40,2963,F1,1,,,,,
2026-08-07,2026-08-07,CM,NSE,STK,10723,INF109KC16E5,INFRAIETF,EQ,,,,,ICICIPRAMC - ICICIINFRA,97.31,97.97,96.70,97.67,97.96,97.35,,97.67,,,67860,6623554.53,3458,F1,1,,,,,
2026-08-07,2026-08-07,CM,NSE,STK,4838,INF109KC1KT9,LIQUIDIETF,EQ,,,,,ICICIPRAMC - ICICILIQ,1000.00,1000.01,999.99,999.99,1000.00,999.99,,999.99,,,902366,902365836.30,351,F1,1,,,,,
2026-08-07,2026-08-07,CM,NSE,STK,17152,INF109KC11W8,MIDCAPIETF,EQ,,,,,ICICIPRAMC - ICICIM150,24.17,24.27,24.11,24.15,24.25,24.17,,24.15,,,926677,22400965.84,2478,F1,1,,,,,
2026-08-07,2026-08-07,CM,NSE,STK,10585,INF109KC17C7,MOM30IETF,EQ,,,,,ICICIPRAMC - ICICIMOM30,31.46,31.88,31.22,31.49,31.40,31.46,,31.50,,,630317,19863126.40,1497,F1,1,,,,,
2026-08-07,2026-08-07,CM,NSE,STK,4529,INF109KC1NS5,NEXT50IETF,EQ,,,,,ICICIPRAMC - ICICINXT50,78.29,78.98,78.29,78.67,78.78,78.51,,78.67,,,1062346,83676492.27,4690,F1,1,,,,,
2026-08-07,2026-08-07,CM,NSE,STK,3626,INF109KC1Q72,HEALTHIETF,EQ,,,,,ICICIPRAMC - ICICIPHARM,171.50,171.90,169.90,171.26,171.75,171.24,,171.27,,,96796,16560494.92,1526,F1,1,,,,,
2026-08-07,2026-08-07,CM,NSE,STK,17808,INF109KC18V5,QUAL30IETF,EQ,,,,,ICICIPRAMC - ICICIQTY30,21.65,21.87,21.52,21.75,21.77,21.65,,21.75,,,98523,2145065.13,747,F1,1,,,,,
2026-08-07,2026-08-07,CM,NSE,STK,7942,INF109KC1Y56,SILVERIETF,EQ,,,,,ICICIPRAMC - ICICISILVE,225.99,230.59,223.95,229.95,229.55,223.80,,229.95,,,4676113,1065075848.54,21653,F1,1,,,,,
2026-08-07,2026-08-07,CM,NSE,STK,22365,INF109KC16I6,ITIETF,EQ,,,,,ICICIPRAMC - ICICITECH,34.61,35.33,34.39,34.88,35.10,34.54,,34.89,,,576920,20212091.55,1574,F1,1,,,,,
2026-08-07,2026-08-07,CM,NSE,STK,764364,INF109K1A567,INSUREIETF,EQ,,,,,ICICIPRAMC - INSUREIETF,15.85,15.85,15.47,15.52,15.47,15.60,,15.52,,,3292526,51161616.73,331,F1,1,,,,,
2026-08-07,2026-08-07,CM,NSE,STK,11037,INF109KC15I8,BANKIETF,EQ,,,,,ICICIPRAMC - IPRU5008,59.49,59.58,59.24,59.44,59.41,59.49,,59.44,,,276076,16397179.14,1598,F1,1,,,,,
2026-08-07,2026-08-07,CM,NSE,STK,24861,INF109KC19W1,METALIETF,EQ,,,,,ICICIPRAMC - METALIETF,13.39,13.39,13.14,13.27,13.31,13.23,,13.27,,,6878032,90862722.38,9147,F1,1,,,,,
2026-08-07,2026-08-07,CM,NSE,STK,24533,INF109KC18W3,OILIETF,EQ,,,,,ICICIPRAMC - OILIETF,11.50,11.55,11.42,11.47,11.50,11.50,,11.47,,,2604698,29886272.61,2291,F1,1,,,,,
2026-08-07,2026-08-07,CM,NSE,STK,14584,INF109KC10S8,PSUBNKIETF,EQ,,,,,ICICIPRAMC - PSUBANKICI,89.28,89.88,87.95,88.76,88.10,88.27,,88.77,,,691678,61618980.67,1402,F1,1,,,,,
2026-08-07,2026-08-07,CM,NSE,STK,754612,INF109K1A476,SMALLIETF,EQ,,,,,ICICIPRAMC - SMALLIETF,18.59,18.59,18.35,18.36,18.44,18.41,,18.36,,,72449,1332021.50,106,F1,1,,,,,
2026-08-07,2026-08-07,CM,NSE,STK,757781,INF109K1A344,TOP15IETF,EQ,,,,,ICICIPRAMC - TOP15IETF,10.13,10.16,10.04,10.12,10.12,10.13,,10.12,,,140597,1424599.21,222,F1,1,,,,,
2026-08-07,2026-08-07,CM,NSE,STK,25851,INF109KC16X5,VAL30IETF,EQ,,,,,ICICIPRAMC - VAL30IETF,15.55,15.66,15.50,15.63,15.60,15.55,,15.63,,,224460,3500198.09,547,F1,1,,,,,
2026-08-07,2026-08-07,CM,NSE,STK,12578,INF109KC17L8,FINIETF,EQ,,,,,ICICIPRAMC-ICICIFIN,34.56,34.56,33.15,33.26,33.37,33.72,,33.26,,,928327,30918299.41,3054,F1,1,,,,,
2026-08-07,2026-08-07,CM,NSE,STK,14523,INE725G01011,ICRA,EQ,,,,,ICRA LIMITED,5161.00,5205.00,4975.00,5092.40,5005.00,5175.40,,5086.87,,,52578,270901451.30,10515,F1,1,,,,,
2026-08-07,2026-08-07,CM,NSE,STK,1476,INE008A01015,IDBI,EQ,,,,,IDBI BANK LIMITED,84.55,84.79,84.00,84.22,84.10,84.54,,84.22,,,2347275,197902058.85,12820,F1,1,,,,,
2026-08-07,2026-08-07,CM,NSE,STK,17142,INE349Y01013,IDEAFORGE,BE,,,,,IDEAFORGE TECHNO LTD,937.00,946.95,898.00,911.65,919.00,916.00,,911.47,,,251014,229948948.55,6073,F1,1,,,,,
2026-08-07,2026-08-07,CM,NSE,STK,24950,INE0T9I01011,IDEALTECHO,SM,,,,,IDEAL TECHNOPLAST IND LTD,204.00,204.00,181.50,181.50,181.50,170.50,,181.50,,,6500,1225175.00,12,F1,500,,,,,
2026-08-07,2026-08-07,CM,NSE,STK,28574,INE0TD101011,IDENTICAL,SM,,,,,IDENTICAL BRAINS STUDIO L,22.80,22.80,17.55,18.35,19.15,19.55,,18.35,,,38000,785900.00,17,F1,2000,,,,,
2026-08-07,2026-08-07,CM,NSE,STK,11184,INE092T01019,IDFCFIRSTB,EQ,,,,,IDFC FIRST BANK LIMITED,85.00,85.14,84.35,84.62,84.62,85.35,,84.62,,,9539702,809106674.74,45972,F1,1,,,,,
2026-08-07,2026-08-07,CM,NSE,STK,9300,INE076C01018,IFBAGRO,BE,,,,,IFB AGRO INDUSTRIES LTD,968.25,990.00,961.00,973.75,978.05,968.25,,973.75,,,3891,3790704.90,155,F1,1,,,,,
2026-08-07,2026-08-07,CM,NSE,STK,1485,INE559A01017,IFBIND,EQ,,,,,IFB INDUSTRIES LTD,1440.00,1476.10,1383.90,1404.40,1408.00,1440.90,,1404.36,,,191002,272967895.80,21440,F1,1,,,,,
2026-08-07,2026-08-07,CM,NSE,STK,1491,INE039A01010,IFCI,EQ,,,,,IFCI LTD,74.69,75.20,73.73,73.98,74.15,74.91,,73.98,,,5929569,440646394.71,21037,F1,1,,,,,
2026-08-07,2026-08-07,CM,NSE,STK,436,INE133Y01011,IFGLEXPOR,EQ,,,,,IFGL REFRACTORIES LIMITED,225.54,229.79,222.06,227.10,225.81,225.45,,227.12,,,66656,15134072.26,2309,F1,1,,,,,
2026-08-07,2026-08-07,CM,NSE,STK,760656,INE01XO07025,1225IFL28,N0,,,,,IFL 12.25% 2028,7570.00,7570.00,7500.00,7500.00,7500.00,7575.00,,7500.00,,,11,82854.98,4,F1,1,,,,,
2026-08-07,2026-08-07,CM,NSE,STK,634,INE188B01013,IGARASHI,EQ,,,,,IGARASHI MOTORS INDIA LTD,491.00,502.00,461.40,465.15,465.70,493.80,,465.19,,,688069,329532505.60,17766,F1,1,,,,,
2026-08-07,2026-08-07,CM,NSE,STK,761116,INE530B07658,837IIFL28,Y4,,,,,IIFL 8.37% TR I SR I,981.20,990.80,981.20,990.80,990.80,981.20,,990.00,,,90,88788.00,3,F1,1,,,,,
2026-08-07,2026-08-07,CM,NSE,STK,761118,INE530B07633,865IIFL31,Y6,,,,,IIFL 8.65% TR I SR III,998.99,998.99,998.99,998.99,998.99,990.00,,998.99,,,150,149848.50,1,F1,1,,,,,
2026-08-07,2026-08-07,CM,NSE,STK,761119,INE530B07617,870IIFL28,Y7,,,,,IIFL 8.70% TR I SR IV,1011.60,1012.50,1011.60,1012.50,1012.50,1029.91,,1012.50,,,22,22265.10,2,F1,1,,,,,
2026-08-07,2026-08-07,CM,NSE,STK,756153,INE530B07484,960IIFL30,Y2,,,,,IIFL 9.60% TR I SR VIII,1040.00,1040.00,990.11,990.11,990.11,1040.00,,990.11,,,205,209851.75,5,F1,1,,,,,
2026-08-07,2026-08-07,CM,NSE,STK,13072,INE489L01022,IIFLCAPS,EQ,,,,,IIFL CAPITAL SERVICES LTD,335.45,336.80,333.30,334.15,334.10,335.45,,334.14,,,741210,247829583.75,10042,F1,1,,,,,
2026-08-07,2026-08-07,CM,NSE,STK,11809,INE530B01024,IIFL,EQ,,,,,IIFL FINANCE LIMITED,607.80,620.00,603.70,611.75,618.80,609.35,,611.81,,,1048214,638455682.30,21781,F1,1,,,,,
2026-08-07,2026-08-07,CM,NSE,STK,761124,INE530B07641,IIFL06326,YC,,,,,IIFL TR I SR IX,980.00,980.00,970.00,980.00,980.00,980.00,,980.00,,,32,31310.00,3,F1,1,,,,,
2026-08-07,2026-08-07,CM,NSE,STK,761122,INE530B07583,IIFL060326,YA,,,,,IIFL TR I SR VII,1002.00,1029.00,1001.00,1005.96,1005.00,1025.00,,1005.96,,,36,36193.00,5,F1,1,,,,,
2026-08-07,2026-08-07,CM,NSE,STK,16822,INE0LOJ01019,IKIO,EQ,,,,,IKIO TECHNOLOGIES LIMITED,201.65,205.24,198.00,204.05,204.00,201.65,,204.07,,,224589,45254504.96,3397,F1,1,,,,,
2026-08-07,2026-08-07,CM,NSE,STK,9380,INE369I01014,IL&FSENGG,BZ,,,,,IL&FS ENG AND CONS CO LTD,35.52,37.05,35.00,36.86,36.50,35.52,,36.86,,,42406,1557546.72,71,F1,1,,,,,
2026-08-07,2026-08-07,CM,NSE,STK,6711,INE050B01023,IVC,EQ,,,,,IL&FS INVESTMENT MANAGERS,8.09,8.24,8.09,8.19,8.20,8.09,,8.19,,,147478,1204042.37,599,F1,1,,,,,
2026-08-07,2026-08-07,CM,NSE,STK,9381,INE975G01012,IL&FSTRANS,BZ,,,,,IL&FS TRANS NET LTD,2.13,2.13,2.06,2.06,2.06,2.09,,2.02,,,14630,30473.99,44,F1,1,,,,,
2026-08-07,2026-08-07,CM,NSE,STK,7672,INE172N01012,IMAGICAA,EQ,,,,,IMAGICAAWORLD ENT LTD,51.99,52.97,49.69,52.14,51.90,51.10,,52.17,,,1999498,103460423.36,5337,F1,1,,,,,
2026-08-07,2026-08-07,CM,NSE,STK,25881,INE691G01015,IMPEXFERRO,BZ,,,,,IMPEX FERRO TECH LIMITED,3.17,3.17,3.17,3.17,3.17,3.02,,3.22,,,20509,65013.53,19,F1,1,,,,,
2026-08-07,2026-08-07,CM,NSE,STK,17507,INE452L01012,INCREDIBLE,EQ,,,,,INCREDIBLE INDUSTRIES LTD,33.36,33.80,32.23,32.51,33.00,33.04,,32.53,,,1532,50309.82,36,F1,1,,,,,
2026-08-07,2026-08-07,CM,NSE,STK,12009,INE547E01014,IMPAL,EQ,,,,,IND MOTOR PART & ACC LTD,1094.50,1113.90,1084.10,1097.70,1108.00,1096.90,,1097.69,,,1306,1441040.60,258,F1,1,,,,,
2026-08-07,2026-08-07,CM,NSE,STK,4870,INE915B01019,INDSWFTLAB,EQ,,,,,IND SWIFT LABORATORIES LT,225.70,233.20,225.00,228.41,228.30,226.48,,228.41,,,277067,63496218.46,4746,F1,1,,,,,
2026-08-07,2026-08-07,CM,NSE,STK,21957,INE611L01021,INDTERRAIN,EQ,,,,,IND TERRAIN FASHIONS LTD,32.50,32.50,31.52,31.70,31.56,32.32,,31.70,,,33494,1060659.31,234,F1,1,,,,,
2026-08-07,2026-08-07,CM,NSE,STK,16933,INE841B01017,INDBANK,EQ,,,,,INDBANK MERCH BANK,32.60,33.75,32.52,32.96,33.25,32.26,,32.94,,,67064,2219851.08,520,F1,1,,,,,
2026-08-07,2026-08-07,CM,NSE,STK,29678,INE0O9T01021,BAJAJINDEF,EQ,,,,,INDEF MANUFACTURING LTD,238.00,238.00,231.25,232.57,231.25,236.77,,232.55,,,16338,3829856.04,386,F1,1,,,,,
2026-08-07,2026-08-07,CM,NSE,STK,23693,INE065X01017,INDGN,EQ,,,,,INDEGENE LIMITED,557.50,561.90,546.10,554.45,552.00,550.20,,554.43,,,963198,534390124.70,24797,F1,1,,,,,
2026-08-07,2026-08-07,CM,NSE,STK,1521,INE560A01023,INDIAGLYCO,EQ,,,,,INDIA GLYCOLS LTD,1148.00,1160.90,1140.00,1143.60,1145.00,1151.00,,1143.63,,,59290,68204589.10,4537,F1,1,,,,,
2026-08-07,2026-08-07,CM,NSE,STK,4747,INE092B01025,INDNIPPON,EQ,,,,,INDIA NIPPON ELECT  LTD,1159.40,1190.00,1135.00,1166.00,1135.00,1152.50,,1166.86,,,34499,40409415.60,3685,F1,1,,,,,
2026-08-07,2026-08-07,CM,NSE,STK,4934,INE0D6701023,IPL,EQ,,,,,INDIA PESTICIDES LIMITED,145.00,145.98,144.80,145.29,145.85,145.61,,145.28,,,68426,9946463.07,1560,F1,1,,,,,
2026-08-07,2026-08-07,CM,NSE,STK,20556,INE922K01024,INDIASHLTR,EQ,,,,,INDIA SHELTER FIN CORP L,715.10,717.95,684.25,691.90,692.00,734.85,,691.87,,,324945,226903261.70,16742,F1,1,,,,,
2026-08-07,2026-08-07,CM,NSE,STK,19299,INE353K01014,ITDC,EQ,,,,,INDIA TOUR. DEV. CO. LTD.,707.00,716.25,700.00,701.75,701.85,708.20,,701.66,,,91054,64258501.55,5082,F1,1,,,,,
2026-08-07,2026-08-07,CM,NSE,STK,25003,INE126M01010,IBULLSLTD,BE,,,,,INDIABULLS LIMITED,31.40,31.90,28.98,29.43,29.52,30.50,,29.42,,,9269855,278504677.82,9611,F1,1,,,,,
2026-08-07,2026-08-07,CM,NSE,STK,10726,INE933S01016,INDIAMART,EQ,,,,,INDIAMART INTERMESH LTD,1763.80,1768.50,1748.00,1755.00,1754.00,1763.50,,1754.99,,,129819,228158046.80,42633,F1,1,,,,,
2026-08-07,2026-08-07,CM,NSE,STK,14309,INE562A01011,INDIANB,EQ,,,,,INDIAN BANK,879.35,899.00,878.10,889.50,889.50,877.90,,889.99,,,4024185,3579603932.85,94213,F1,1,,,,,
2026-08-07,2026-08-07,CM,NSE,STK,4422,INE061A01014,INDIANCARD,EQ,,,,,INDIAN CARD CLOTHING CO.,220.64,227.98,219.85,219.99,219.85,220.15,,220.00,,,1201,266580.96,73,F1,1,,,,,
2026-08-07,2026-08-07,CM,NSE,STK,23789,INE0RRU01016,IEML,SM,,,,,INDIAN EMULSIFIERS LTD,43.45,45.50,43.00,43.95,44.00,41.95,,43.95,,,51000,2256750.00,88,F1,500,,,,,
2026-08-07,2026-08-07,CM,NSE,STK,220,INE022Q01020,IEX,EQ,,,,,INDIAN ENERGY EXC LTD,128.26,128.67,126.52,127.10,127.10,128.83,,127.10,,,2475559,315343577.71,25968,F1,1,,,,,
2026-08-07,2026-08-07,CM,NSE,STK,1530,INE323C01030,INDIANHUME,EQ,,,,,INDIAN HUME PIPE CO. LTD.,390.10,393.00,385.30,392.10,392.00,387.80,,392.10,,,19965,7779179.45,1003,F1,1,,,,,
2026-08-07,2026-08-07,CM,NSE,STK,19235,INE919H01018,IMFA,EQ,,,,,INDIAN METALS & FERRO,1507.00,1511.10,1453.80,1472.20,1474.00,1510.10,,1472.15,,,207743,307651577.00,16996,F1,1,,,,,
2026-08-07,2026-08-07,CM,NSE,STK,1624,INE242A01010,IOC,EQ,,,,,INDIAN OIL CORP LTD,141.99,143.40,141.81,143.38,143.38,142.66,,143.37,,,5173696,738081687.96,27883,F1,1,,,,,
2026-08-07,2026-08-07,CM,NSE,STK,9348,INE565A01014,IOB,EQ,,,,,INDIAN OVERSEAS BANK,34.80,34.80,34.15,34.26,34.30,34.80,,34.26,,,2285872,78664150.61,10205,F1,1,,,,,
2026-08-07,2026-08-07,CM,NSE,STK,25033,INE0DHF01018,IPHL,SM,,,,,INDIAN PHOSPHATE LIMITED,68.50,71.00,68.50,70.25,70.25,70.15,,70.25,,,8400,588480.00,7,F1,1200,,,,,
2026-08-07,2026-08-07,CM,NSE,STK,13611,INE335Y01020,IRCTC,EQ,,,,,INDIAN RAIL TOUR CORP LTD,520.45,521.80,514.20,519.95,520.00,520.45,,519.94,,,994282,516325818.40,25447,F1,1,,,,,
2026-08-07,2026-08-07,CM,NSE,STK,2029,INE053F01010,IRFC,EQ,,,,,INDIAN RAILWAY FIN CORP L,89.29,89.47,88.57,88.75,88.75,89.29,,88.74,,,5732015,509946709.62,36060,F1,1,,,,,
2026-08-07,2026-08-07,CM,NSE,STK,20261,INE202E01016,IREDA,EQ,,,,,INDIAN RENEWABLE ENERGY,120.50,121.90,119.55,119.80,119.80,121.02,,119.82,,,4969707,598245018.50,27453,F1,1,,,,,
2026-08-07,2026-08-07,CM,NSE,STK,762727,INE586E01020,IWP,EQ,,,,,INDIAN WOOD PRODUCTS CO L,34.27,34.98,33.00,33.44,34.15,33.60,,33.45,,,5128,171994.79,44,F1,1,,,,,
2026-08-07,2026-08-07,CM,NSE,STK,2048,INE09VQ01012,INDIGOPNTS,EQ,,,,,INDIGO PAINTS LIMITED,1128.60,1128.60,1109.10,1120.50,1122.40,1128.60,,1120.49,,,32642,36506904.80,5326,F1,1,,,,,
2026-08-07,2026-08-07,CM,NSE,STK,20988,INE219X23014,INDIGRID,IV,,,,,INDIGRID INFRASTRUCT TRST,178.25,178.25,178.10,178.23,178.24,178.49,,178.23,,,670175,119450886.56,3547,F1,1,,,,,
2026-08-07,2026-08-07,CM,NSE,STK,757845,INE06ST01018,INDIQUBE,EQ,,,,,INDIQUBE SPACES LIMITED,182.00,183.25,178.80,182.60,182.00,181.75,,182.49,,,29924,5425333.78,658,F1,1,,,,,
2026-08-07,2026-08-07,CM,NSE,STK,9120,INE760F01028,INDOAMIN,BE,,,,,INDO AMINES LIMITED,132.40,136.00,129.00,130.72,134.35,132.11,,130.74,,,95395,12607337.05,531,F1,1,,,,,
2026-08-07,2026-08-07,CM,NSE,STK,8614,INE803D01021,INDOBORAX,EQ,,,,,INDO BORAX & CHEMICAL LTD,410.25,414.35,391.55,400.40,400.00,410.25,,400.42,,,131535,53094151.40,4064,F1,1,,,,,
2026-08-07,2026-08-07,CM,NSE,STK,11987,INE483B01026,ICIL,EQ,,,,,INDO COUNT INDUSTRIES LTD,421.05,431.95,419.15,426.60,425.40,421.55,,426.58,,,293591,125274345.30,12811,F1,1,,,,,
2026-08-07,2026-08-07,CM,NSE,STK,29025,INE622H01018,INDOFARM,EQ,,,,,INDO FARM EQUIPMENT LTD,161.15,163.89,157.88,158.97,159.00,163.97,,159.02,,,171066,27547825.12,3189,F1,1,,,,,
2026-08-07,2026-08-07,CM,NSE,STK,10993,INE156A01020,INDORAMA,EQ,,,,,INDO RAMA SYNTHETICS LTD,60.00,62.04,59.10,59.45,59.25,60.37,,59.43,,,124739,7517250.30,1511,F1,1,,,,,
2026-08-07,2026-08-07,CM,NSE,STK,13278,INE332H01014,INDOTECH,BE,,,,,INDO TECH TRANSFORM LTD.,3976.80,3976.80,3738.00,3792.60,3775.00,3787.50,,3792.28,,,39280,152776260.20,2041,F1,1,,,,,
2026-08-07,2026-08-07,CM,NSE,STK,25608,INE337M01021,INDOTHAI,EQ,,,,,INDO THAI SEC LTD,99.59,99.59,99.59,99.59,99.59,110.65,,99.46,,,204974,20413360.66,1438,F1,1,,,,,
2026-08-07,2026-08-07,CM,NSE,STK,25503,INE250Z01010,INDOUS,EQ,,,,,INDO US BIOTECH LTD,84.00,84.00,80.75,81.65,81.73,80.35,,81.65,,,18518,1513319.35,209,F1,1,,,,,
2026-08-07,2026-08-07,CM,NSE,STK,764301,INE084101034,INDOMIM,EQ,,,,,INDO-MIM LIMITED,898.20,908.00,850.65,867.35,865.00,878.75,,867.34,,,4341220,3791336978.15,135288,F1,1,,,,,
2026-08-07,2026-08-07,CM,NSE,STK,6782,INE567A01028,NIPPOBATRY,EQ,,,,,INDO-NATIONAL LIMITED,333.45,335.00,325.00,327.10,325.00,333.45,,326.25,,,1737,572251.30,146,F1,1,,,,,
2026-08-07,2026-08-07,CM,NSE,STK,11677,INE873D01024,INDOCO,EQ,,,,,INDOCO REMEDIES LTD.,223.78,224.40,221.04,221.73,221.40,221.83,,221.70,,,34169,7601891.01,891,F1,1,,,,,
2026-08-07,2026-08-07,CM,NSE,STK,757801,INE05J901018,IGCL,EQ,,,,,INDOGULF CROPSCIENCES LTD,73.92,75.88,73.00,73.19,73.00,74.72,,73.19,,,70230,5190777.73,854,F1,1,,,,,
2026-08-07,2026-08-07,CM,NSE,STK,19955,INE866K01023,WAAREEINDO,EQ,,,,,INDOSOLAR LIMITED,333.95,334.20,327.60,327.60,327.60,344.80,,327.68,,,55604,18331633.00,913,F1,1,,,,,
2026-08-07,2026-08-07,CM,NSE,STK,3088,INE896L01010,INDOSTAR,EQ,,,,,INDOSTAR CAPITAL FIN LTD,231.60,234.45,225.65,229.50,225.65,233.40,,229.50,,,86020,19921566.65,1320,F1,1,,,,,
2026-08-07,2026-08-07,CM,NSE,STK,14956,INE227G01018,INDOWIND,BE,,,,,INDOWIND ENERGY LTD,9.08,9.16,8.76,8.98,8.98,9.08,,8.98,,,100481,902236.02,374,F1,1,,,,,
2026-08-07,2026-08-07,CM,NSE,STK,11262,INE203G01027,IGL,EQ,,,,,INDRAPRASTHA GAS LTD,155.00,155.50,151.80,151.94,151.90,154.33,,151.94,,,758514,116236118.23,18127,F1,1,,,,,
2026-08-07,2026-08-07,CM,NSE,STK,4751,INE681B01017,INDRAMEDCO,EQ,,,,,INDRAPRASTHA MEDICAL CORP,375.00,405.90,375.00,380.65,382.15,361.85,,380.66,,,8474274,3315217958.95,137366,F1,1,,,,,
2026-08-07,2026-08-07,CM,NSE,STK,23036,INE0NHL23019,INDUSINVIT,IV,,,,,INDUS INFRA TRUST,136.06,137.95,133.40,136.98,136.90,136.06,,136.98,,,362767,49658512.64,4282,F1,1,,,,,
2026-08-07,2026-08-07,CM,NSE,STK,29135,INE121J01017,INDUSTOWER,EQ,,,,,INDUS TOWERS LIMITED,385.00,386.80,383.10,386.00,386.00,383.30,,386.00,,,3442481,1325229267.95,38122,F1,1,,,,,
2026-08-07,2026-08-07,CM,NSE,STK,5258,INE095A01012,INDUSINDBK,EQ,,,,,INDUSIND BANK LIMITED,1010.30,1024.90,1004.40,1022.00,1022.00,1016.20,,1022.00,,,1727371,1751607103.80,30202,F1,1,,,,,
2026-08-07,2026-08-07,CM,NSE,STK,762717,INE620D01011,INDPRUD,EQ,,,,,INDUSTRIAL & PRU INV CO L,6459.00,6459.00,6227.00,6350.00,6350.00,6472.50,,6350.00,,,193,1227418.50,72,F1,1,,,,,
2026-08-07,2026-08-07,CM,NSE,STK,19525,INE886A01014,IITL,EQ,,,,,INDUSTRIAL INV TRUST LTD,141.10,149.63,141.00,144.86,145.00,141.83,,144.86,,,150934,21829628.08,1973,F1,1,,,,,
2026-08-07,2026-08-07,CM,NSE,STK,15036,INE0MRE01011,INFINIUM,SM,,,,,INFINIUM PHARMACHEM LTD,212.00,220.00,212.00,219.50,219.50,209.95,,219.50,,,7000,1525575.00,14,F1,500,,,,,
2026-08-07,2026-08-07,CM,NSE,STK,757602,INE0MYZ01012,INFLUX,SM,,,,,INFLUX HEALTHTECH LIMITED,290.05,290.05,281.20,283.60,285.00,291.75,,283.60,,,13200,3760410.00,18,F1,600,,,,,
2026-08-07,2026-08-07,CM,NSE,STK,13751,INE663F01032,NAUKRI,EQ,,,,,INFO EDGE (I) LTD,1236.90,1244.00,1222.60,1225.30,1225.30,1240.00,,1225.30,,,747939,920676613.40,55428,F1,1,,,,,
2026-08-07,2026-08-07,CM,NSE,STK,11027,INE344S01016,INFOBEAN,EQ,,,,,INFOBEANS TECHNO. LTD.,166.20,171.35,166.20,167.84,169.32,167.77,,167.83,,,200763,33935191.40,3358,F1,1,,,,,
2026-08-07,2026-08-07,CM,NSE,STK,16588,INE0NNZ01013,INFOLLION,SM,,,,,INFOLLION RESEARCH SER L,153.10,161.40,153.10,161.15,161.00,157.75,,161.15,,,14400,2289760.00,30,F1,400,,,,,
2026-08-07,2026-08-07,CM,NSE,STK,13693,INE669A01022,INFOMEDIA,EQ,,,,,INFOMEDIA PRESS LIMITED,5.43,5.65,5.29,5.31,5.31,5.40,,5.29,,,1952,10482.73,96,F1,1,,,,,
2026-08-07,2026-08-07,CM,NSE,STK,1594,INE009A01021,INFY,EQ,,,,,INFOSYS LIMITED,1160.00,1183.00,1155.60,1175.10,1175.10,1165.00,,1175.08,,,7581410,8909896939.80,176650,F1,1,,,,,
2026-08-07,2026-08-07,CM,NSE,STK,1597,INE177A01018,INGERRAND,EQ,,,,,INGERSOLL-RAND INDIA LTD,4337.00,4375.00,4308.00,4322.40,4322.00,4337.90,,4322.94,,,2755,11967313.70,850,F1,1,,,,,
2026-08-07,2026-08-07,CM,NSE,STK,25323,INE0S1D01010,INNOMET,ST,,,,,INNOMET ADVANCED MATERI L,190.50,190.50,190.50,190.50,190.50,186.80,,190.50,,,44400,8458200.00,36,F1,600,,,,,
2026-08-07,2026-08-07,CM,NSE,STK,21062,INE0DUT01020,INNOVACAP,EQ,,,,,INNOVA CAPTAB LIMITED,959.70,959.70,937.50,944.50,940.70,954.05,,944.55,,,20527,19442455.25,2225,F1,1,,,,,
2026-08-07,2026-08-07,CM,NSE,STK,27754,INE403Y01018,INNOVANA,EQ,,,,,INNOVANA THINKLABS LTD,330.20,330.60,328.50,330.00,330.00,331.80,,330.00,,,922,303877.25,32,F1,1,,,,,
2026-08-07,2026-08-07,CM,NSE,STK,761528,INE0ADB01012,INNOVISION,EQ,,,,,INNOVISION LIMITED,284.60,289.00,282.60,284.80,285.80,285.10,,284.80,,,8814,2507024.35,527,F1,1,,,,,
2026-08-07,2026-08-07,CM,NSE,STK,12193,INE510W01014,INOXGREEN,BE,,,,,INOX GREEN ENERGY SER LTD,172.30,180.50,172.00,179.43,179.50,175.96,,179.43,,,409460,72498616.11,1645,F1,1,,,,,
2026-08-07,2026-08-07,CM,NSE,STK,20607,INE616N01034,INOXINDIA,EQ,,,,,INOX INDIA LIMITED,1947.90,1991.90,1947.40,1954.70,1956.00,1954.40,,1954.72,,,125150,245544588.10,14870,F1,1,,,,,
2026-08-07,2026-08-07,CM,NSE,STK,7852,INE066P01011,INOXWIND,EQ,,,,,INOX WIND LIMITED,78.30,78.70,76.85,78.00,78.00,78.20,,77.99,,,9963031,774537273.24,30279,F1,1,,,,,
2026-08-07,2026-08-07,CM,NSE,STK,14657,INE070I01018,INSECTICID,EQ,,,,,INSECTICIDES (I) LTD,648.15,650.00,641.10,647.70,643.25,650.65,,647.70,,,7455,4814334.20,740,F1,1,,,,,
2026-08-07,2026-08-07,CM,NSE,STK,761099,INE0LGX01024,INA,EQ,,,,,INSOLATION ENERGY LIMITED,112.50,112.50,109.25,110.56,111.40,112.44,,110.56,,,326797,36184869.93,3070,F1,1,,,,,
2026-08-07,2026-08-07,CM,NSE,STK,13734,INE020G01017,INSPIRISYS,BE,,,,,INSPIRISYS SOLUTIONS LTD,98.90,101.98,97.95,100.04,100.00,97.60,,99.85,,,4483,447321.22,51,F1,1,,,,,
2026-08-07,2026-08-07,CM,NSE,STK,30327,INE418N01035,ESSENTIA,BE,,,,,INTEGRA ESSENTIA LIMITED,1.24,1.25,1.22,1.24,1.24,1.23,,1.24,,,790202,980740.79,538,F1,1,,,,,
2026-08-07,2026-08-07,CM,NSE,STK,5926,INE306R01017,INTELLECT,EQ,,,,,INTELLECT DESIGN ARENA,721.95,729.00,715.00,721.35,720.00,721.65,,721.34,,,265077,191437539.25,13817,F1,1,,,,,
2026-08-07,2026-08-07,CM,NSE,STK,20071,INE781A01025,INTENTECH,EQ,,,,,INTENSE TECHNOLOGIES LTD,84.25,88.00,81.00,83.39,82.56,82.99,,83.41,,,57326,4784837.25,834,F1,1,,,,,
2026-08-07,2026-08-07,CM,NSE,STK,24909,INE00M901018,INTERARCH,EQ,,,,,INTERARCH BLDNG SOLTN LTD,1820.00,1820.00,1716.50,1772.80,1781.00,1860.40,,1772.60,,,189487,334634317.10,16100,F1,1,,,,,
2026-08-07,2026-08-07,CM,NSE,STK,11195,INE646L01027,INDIGO,EQ,,,,,INTERGLOBE AVIATION LTD,5284.00,5367.50,5281.00,5333.00,5333.00,5318.50,,5333.06,,,432283,2306031972.00,30283,F1,1,,,,,
2026-08-07,2026-08-07,CM,NSE,STK,22770,INE0OPC01015,INM,SM,,,,,INTERIORS & MORE LIMITED,166.00,166.00,166.00,166.00,166.00,166.00,,166.00,,,600,99600.00,1,F1,600,,,,,
2026-08-07,2026-08-07,CM,NSE,STK,5606,INE575C01027,INTLCONV,EQ,,,,,INTL CONVEYORS LIMITED,74.82,75.94,74.60,74.84,75.00,75.14,,74.83,,,31341,2351551.85,458,F1,1,,,,,
2026-08-07,2026-08-07,CM,NSE,STK,28378,INE0Q9301021,IGIL,EQ,,,,,INTL GEMOLOGICAL INST LTD,358.50,362.95,354.00,355.80,356.10,360.35,,355.79,,,589264,211233896.15,21077,F1,1,,,,,
2026-08-07,2026-08-07,CM,NSE,STK,18479,INE566K01011,ISFT,EQ,,,,,INTRASOFT TECH. LTD,78.65,81.00,76.50,77.90,78.00,78.65,,77.90,,,3861,301641.90,238,F1,1,,,,,
2026-08-07,2026-08-07,CM,NSE,STK,24870,INE878H01024,INVENTURE,EQ,,,,,INVENTURE GRO & SEC LTD,0.93,0.93,0.89,0.90,0.91,0.92,,0.90,,,1803788,1636307.09,396,F1,1,,,,,
2026-08-07,2026-08-07,CM,NSE,STK,28125,INE115Q01022,IKS,EQ,,,,,INVENTURUS KNOWLEDGE SO L,1755.00,1769.70,1686.40,1737.70,1738.00,1763.10,,1737.66,,,307437,530833173.60,23135,F1,1,,,,,
2026-08-07,2026-08-07,CM,NSE,STK,18292,INF205KA1BP1,IVZINGOLD,EQ,,,,,INVESCO INDIA GOLD ETF,128.95,130.40,128.15,129.60,129.50,128.70,,129.65,,,173326,22446117.60,361,F1,1,,,,,
2026-08-07,2026-08-07,CM,NSE,STK,24217,INF205KA1CC7,IVZINNIFTY,EQ,,,,,INVESCO INDIA NIFTY ETF,276.22,283.18,276.22,282.78,282.87,283.31,,282.78,,,1456,411686.58,56,F1,1,,,,,
2026-08-07,2026-08-07,CM,NSE,STK,762725,INE155E01016,INVPRECQ,BE,,,,,INVESTMENT & PREC CAST L,1136.50,1150.00,1100.00,1133.40,1140.00,1136.50,,1134.89,,,1553,1749759.20,119,F1,1,,,,,
2026-08-07,2026-08-07,CM,NSE,STK,760139,INE0XJ501010,INVICTA,SM,,,,,INVICTA DIAGNOSTIC LTD,77.50,77.50,76.25,76.90,76.25,79.00,,76.90,,,4800,369200.00,3,F1,1600,,,,,
2026-08-07,2026-08-07,CM,NSE,STK,20413,INE485C01029,IOLCP,EQ,,,,,IOL CHEM AND PHARMA LTD,164.65,171.00,163.35,167.85,167.50,163.18,,167.85,,,4529409,761432794.75,44129,F1,1,,,,,
2026-08-07,2026-08-07,CM,NSE,STK,1630,INE570A01022,IONEXCHANG,EQ,,,,,ION EXCHANGE (INDIA) LTD,386.95,386.95,368.50,371.60,375.00,386.40,,371.60,,,856556,321732138.80,22456,F1,1,,,,,
2026-08-07,2026-08-07,CM,NSE,STK,1633,INE571A01038,IPCALAB,EQ,,,,,IPCA LABORATORIES LTD,1725.00,1745.00,1711.70,1735.80,1734.30,1734.20,,1735.82,,,79829,138180549.30,11393,F1,1,,,,,
2026-08-07,2026-08-07,CM,NSE,STK,15313,INE821I01022,IRB,EQ,,,,,IRB INFRA DEV LTD.,19.95,19.96,19.59,19.68,19.68,19.93,,19.68,,,7172175,141608297.36,16486,F1,1,,,,,
2026-08-07,2026-08-07,CM,NSE,STK,20817,INE183W23014,IRBINVIT,IV,,,,,IRB INVIT FUND,64.00,64.25,63.85,64.20,64.23,63.87,,64.20,,,818765,52478249.20,4745,F1,1,,,,,
2026-08-07,2026-08-07,CM,NSE,STK,4986,INE962Y01021,IRCON,EQ,,,,,IRCON INTERNATIONAL LTD,131.40,133.19,131.00,131.25,131.35,132.11,,131.25,,,942876,124087195.20,11711,F1,1,,,,,
2026-08-07,2026-08-07,CM,NSE,STK,1391,INE202E07138,880IREDA29,N5,,,,,IREDA 8.80NCDTR I SR II B,1117.00,1122.00,1117.00,1118.00,1118.00,1114.00,,1118.18,,,110,123200.96,8,F1,1,,,,,
2026-08-07,2026-08-07,CM,NSE,STK,2275,INE01GN01025,IRISDOREME,EQ,,,,,IRIS CLOTHINGS LIMITED,54.00,54.80,53.60,54.52,54.75,54.02,,54.52,,,697721,37803281.92,1343,F1,1,,,,,
2026-08-07,2026-08-07,CM,NSE,STK,6489,INE864K01010,IRIS,EQ,,,,,IRIS REGTECH SOLUTION LTD,262.17,269.00,252.03,257.45,256.20,261.54,,257.49,,,14561,3806464.62,395,F1,1,,,,,
2026-08-07,2026-08-07,CM,NSE,STK,19597,INE07U701015,IRMENERGY,EQ,,,,,IRM ENERGY LIMITED,305.85,315.00,288.80,294.25,292.00,293.00,,294.22,,,1269452,386051451.10,26198,F1,1,,,,,
2026-08-07,2026-08-07,CM,NSE,STK,760901,INE413U07459,920ISF28B,N0,,,,,ISF 9.20% 2028 SR A,9866.53,9866.53,9866.53,9866.53,9866.53,10000.00,,9866.53,,,1,9866.53,1,F1,1,,,,,
2026-08-07,2026-08-07,CM,NSE,STK,757708,INE413U07426,950ISF27C,N0,,,,,ISF 9.50% 2027,10004.99,10004.99,10004.99,10004.99,10004.99,10005.01,,10004.99,,,3,30014.97,2,F1,1,,,,,
2026-08-07,2026-08-07,CM,NSE,STK,757890,INE413U07418,975ISF28,N0,,,,,ISF 9.75% NCD 2028,99975.00,99975.00,97011.35,99900.00,99900.00,100700.00,,99900.00,,,13,1287445.40,6,F1,1,,,,,
2026-08-07,2026-08-07,CM,NSE,STK,3329,INE858B01029,ISGEC,EQ,,,,,ISGEC HEAVY ENG LTD,818.00,823.85,811.60,814.70,813.00,820.35,,814.75,,,20296,16582252.10,1975,F1,1,,,,,
2026-08-07,2026-08-07,CM,NSE,STK,30249,INE561M01018,ISHANCH,EQ,,,,,ISHAN DYES N CHEMICALS L,49.00,52.00,48.63,49.54,49.48,49.00,,49.55,,,190733,9606762.75,1182,F1,1,,,,,
2026-08-07,2026-08-07,CM,NSE,STK,10995,INE0LCW01025,ISHAN,SM,,,,,ISHAN INTERNATIONAL LTD,0.45,0.45,0.45,0.45,0.45,0.50,,0.45,,,240000,108000.00,5,F1,48000,,,,,
2026-08-07,2026-08-07,CM,NSE,STK,22645,INE0R7R01018,ITALIANE,SM,,,,,ITALIAN EDIBLES LIMITED,29.75,31.75,29.75,31.75,31.75,31.10,,31.75,,,4000,123000.00,2,F1,2000,,,,,
2026-08-07,2026-08-07,CM,NSE,STK,29251,INE379A01028,ITCHOTELS,EQ,,,,,ITC HOTELS LIMITED,171.00,172.21,168.90,170.65,171.30,171.08,,170.67,,,2944172,501958946.12,30747,F1,1,,,,,
2026-08-07,2026-08-07,CM,NSE,STK,1660,INE154A01025,ITC,EQ,,,,,ITC LTD,285.00,286.10,284.40,286.10,286.10,285.90,,286.10,,,6128841,1747290114.65,66455,F1,1,,,,,
2026-08-07,2026-08-07,CM,NSE,STK,1675,INE248A01017,ITI,EQ,,,,,ITI LTD,286.05,288.95,281.20,282.40,282.00,287.25,,282.44,,,218021,62177497.45,6506,F1,1,,,,,
2026-08-07,2026-08-07,CM,NSE,STK,759041,INE056801025,IVALUE,EQ,,,,,IVALUE INFOSOLUTIONS LTD,276.00,278.00,270.30,273.95,272.00,274.40,,273.88,,,237290,65219404.40,3819,F1,1,,,,,
2026-08-07,2026-08-07,CM,NSE,STK,8857,INE043C01018,IVP,BE,,,,,IVP LIMITED,168.71,168.71,168.71,168.71,168.71,160.68,,168.71,,,9561,1613036.31,51,F1,1,,,,,
2026-08-07,2026-08-07,CM,NSE,STK,757644,INE1AII01014,IWARE,ST,,,,,IWARE SUPPLYCHAIN SER LTD,470.20,472.50,450.00,471.00,471.00,463.00,,471.00,,,16800,7805460.00,28,F1,600,,,,,
2026-08-07,2026-08-07,CM,NSE,STK,14174,INE848A01014,IZMO,EQ,,,,,IZMO LIMITED,1025.00,1028.20,975.00,984.25,987.00,1023.00,,984.27,,,125225,123690875.60,8745,F1,1,,,,,
2026-08-07,2026-08-07,CM,NSE,STK,5633,INE168A01041,J&KBANK,EQ,,,,,J & K BANK LTD.,160.00,161.40,158.30,159.24,159.46,160.08,,159.24,,,2238919,357861252.85,23515,F1,1,,,,,
2026-08-07,2026-08-07,CM,NSE,STK,23056,INE0MB501011,JGCHEM,EQ,,,,,J.G.CHEMICALS LIMITED,539.00,556.00,534.55,552.80,553.75,539.50,,552.79,,,349535,191685238.80,11292,F1,1,,,,,
2026-08-07,2026-08-07,CM,NSE,STK,13211,INE199G01027,JAGRAN,EQ,,,,,JAGRAN PRAKASHAN LIMITED,62.60,63.59,62.56,63.46,63.15,62.78,,63.45,,,210764,13310218.85,1842,F1,1,,,,,
2026-08-07,2026-08-07,CM,NSE,STK,4410,INE048B01035,JAGSNPHARM,EQ,,,,,JAGSONPAL PHARMACEUTICALS,239.68,239.68,229.00,231.21,229.35,238.05,,231.25,,,70632,16587251.73,2135,F1,1,,,,,
2026-08-07,2026-08-07,CM,NSE,STK,14076,INE091G01026,JAIBALAJI,BE,,,,,JAI BALAJI INDUSTRIES LTD,63.95,66.04,62.20,65.61,65.99,62.93,,65.61,,,559390,36225054.89,1340,F1,1,,,,,
2026-08-07,2026-08-07,CM,NSE,STK,5143,INE070D01027,JAICORPLTD,EQ,,,,,JAI CORP LIMITED,105.00,105.80,103.25,103.74,104.00,103.95,,103.74,,,292490,30432109.62,2335,F1,1,,,,,
2026-08-07,2026-08-07,CM,NSE,STK,25684,IN9175A01010,JISLDVREQS,EQ,,,,,JAIN DVR EQUITY SHARES,23.12,23.85,23.00,23.47,23.85,23.15,,23.47,,,16520,382401.68,75,F1,1,,,,,
2026-08-07,2026-08-07,CM,NSE,STK,10397,INE175A01038,JISLJALEQS,EQ,,,,,JAIN IRRIGATION SYSTEMS,31.22,31.64,30.12,30.91,30.88,31.44,,30.91,,,2711809,83616604.15,8256,F1,1,,,,,
2026-08-07,2026-08-07,CM,NSE,STK,759244,INE0YD401026,JAINREC,EQ,,,,,JAIN RESOURCE RECYCLING L,314.95,316.75,307.35,308.40,308.00,315.35,,308.41,,,1550493,481873424.65,26741,F1,1,,,,,
2026-08-07,2026-08-07,CM,NSE,STK,6012,INE02KC01010,JAINAM,SM,,,,,JAINAM FER ALLOYS (I) LTD,235.00,235.00,235.00,235.00,235.00,239.00,,235.00,,,500,117500.00,1,F1,500,,,,,
2026-08-07,2026-08-07,CM,NSE,STK,758303,INE0XIL01012,JAINIK,SM,,,,,JAINIK POWER CABLES LTD,187.45,191.00,187.45,191.00,191.00,187.45,,191.00,,,9600,1819200.00,8,F1,1200,,,,,
2026-08-07,2026-08-07,CM,NSE,STK,11763,INE351F01018,JPPOWER,EQ,,,,,JAIPRAKASH POWER VEN. LTD,18.07,18.21,17.88,17.94,18.00,18.10,,17.94,,,40457176,728338386.32,28549,F1,1,,,,,
2026-08-07,2026-08-07,CM,NSE,STK,20930,INE349X01015,JALAN,ST,,,,,JALAN TRANSOLU. INDIA LTD,1.70,1.70,1.60,1.70,1.70,1.65,,1.70,,,624000,1000800.00,9,F1,3000,,,,,
2026-08-07,2026-08-07,CM,NSE,STK,20778,INE039C01032,JAMNAAUTO,EQ,,,,,JAMNA AUTO IND LTD,144.57,148.90,142.67,144.70,144.36,143.97,,144.70,,,6565721,961457523.55,59628,F1,1,,,,,
2026-08-07,2026-08-07,CM,NSE,STK,22663,INE953L01027,JSFB,EQ,,,,,JANA SMALL FIN BANK LTD,560.95,572.00,543.20,549.40,545.05,560.95,,549.45,,,287311,161019064.60,10083,F1,1,,,,,
2026-08-07,2026-08-07,CM,NSE,STK,759951,INE00YJ01010,JARO,EQ,,,,,JARO INS OF TEC MG N RE L,452.00,460.25,452.00,458.20,456.65,453.65,,458.18,,,93617,42783748.90,2262,F1,1,,,,,
2026-08-07,2026-08-07,CM,NSE,STK,13982,INE039O01029,JASH,EQ,,,,,JASH ENGINEERING LIMITED,498.35,501.95,490.10,498.10,499.05,493.00,,498.09,,,60745,30162330.60,3403,F1,1,,,,,
2026-08-07,2026-08-07,CM,NSE,STK,25037,INE0SMY01017,JAYBEE,SM,,,,,JAY BEE LAMINATIONS LTD,86.50,88.40,84.00,85.95,86.30,86.75,,85.95,,,19500,1670925.00,36,F1,500,,,,,
2026-08-07,2026-08-07,CM,NSE,STK,1708,INE571B01036,JAYBARMARU,EQ,,,,,JAY BHARAT MARUTI LTD,143.15,144.00,139.32,139.32,139.32,146.65,,139.32,,,1358471,190973300.12,3313,F1,1,,,,,
2026-08-07,2026-08-07,CM,NSE,STK,10889,INE0J6801010,KORE,SM,,,,,JAY JALARAM TECHNO LTD,177.50,177.50,170.50,170.50,170.50,177.50,,170.50,,,500,87000.00,2,F1,250,,,,,
2026-08-07,2026-08-07,CM,NSE,STK,4041,INE785A01026,JAYAGROGN,EQ,,,,,JAYANT AGRO ORGANICS LTD,220.00,224.88,218.30,220.70,222.50,224.47,,220.70,,,4470,987167.91,191,F1,1,,,,,
2026-08-07,2026-08-07,CM,NSE,STK,2331,INE854B01010,JAYNECOIND,EQ,,,,,JAYASWAL NECO INDUSTR LTD,92.70,93.24,91.07,92.37,92.30,92.57,,92.37,,,3678095,338989797.00,20424,F1,1,,,,,
2026-08-07,2026-08-07,CM,NSE,STK,759159,INE1AE401014,JAYESH,SM,,,,,JAYESH LOGISTICS LIMITED,145.95,145.95,131.50,140.85,140.90,138.50,,140.85,,,66000,9268300.00,23,F1,1000,,,,,
2026-08-07,2026-08-07,CM,NSE,STK,760073,INE903A01025,JAYKAY,EQ,,,,,JAYKAY ENTERPRISES LTD,156.00,156.87,146.52,148.85,150.00,156.42,,148.79,,,444544,66636536.81,6619,F1,1,,,,,
2026-08-07,2026-08-07,CM,NSE,STK,1720,INE364A01020,JAYSREETEA,EQ,,,,,JAYSHREE TEA & INDUSTRIES,89.45,89.86,86.02,87.02,86.90,89.69,,87.03,,,47586,4163322.13,774,F1,1,,,,,
2026-08-07,2026-08-07,CM,NSE,STK,11655,INE927D01051,JBMA,EQ,,,,,JBM AUTO LIMITED,653.00,660.00,647.00,648.65,648.00,657.55,,648.64,,,161028,105100507.60,7940,F1,1,,,,,
2026-08-07,2026-08-07,CM,NSE,STK,758115,INE0J5801029,JSLL,EQ,,,,,JEENA SIKHO LIFECARE LTD,607.25,612.35,591.30,598.10,601.00,604.25,,598.05,,,531096,318572148.85,20337,F1,1,,,,,
2026-08-07,2026-08-07,CM,NSE,STK,7211,INE982V01025,JETFREIGHT,EQ,,,,,JET FREIGHT LOGISTICS LTD,22.94,23.50,22.94,23.05,22.94,22.94,,23.05,,,59986,1388961.59,331,F1,1,,,,,
2026-08-07,2026-08-07,CM,NSE,STK,18700,INE564T01017,JETKNIT,ST,,,,,JET KNITWEARS LTD.,59.35,59.35,59.35,59.35,59.35,62.45,,59.35,,,750,44512.50,1,F1,750,,,,,
2026-08-07,2026-08-07,CM,NSE,STK,25150,INE0RXB01022,JEYYAM,ST,,,,,JEYYAM GLOBAL FOODS LTD,23.80,24.80,23.80,24.80,24.80,23.75,,24.80,,,204000,4988900.00,36,F1,2000,,,,,
2026-08-07,2026-08-07,CM,NSE,STK,10885,INE0LA901015,JFLLIFE,SM,,,,,JFL LIFE SCIENCES LIMITED,13.60,13.70,13.60,13.65,13.70,13.10,,13.65,,,24000,327300.00,4,F1,6000,,,,,
2026-08-07,2026-08-07,CM,NSE,STK,13720,INE544H01014,JHS,EQ,,,,,JHS SVEND. LAB. LTD,7.80,8.09,7.73,7.83,7.91,7.80,,7.84,,,60823,480181.04,139,F1,1,,,,,
2026-08-07,2026-08-07,CM,NSE,STK,24145,INE03DD01011,RETAIL,EQ,,,,,JHS SVENDGAARD RETAIL V L,17.25,17.89,15.90,16.27,16.49,17.25,,16.28,,,13457,222593.71,182,F1,1,,,,,
2026-08-07,2026-08-07,CM,NSE,STK,31507,INE147P01019,JPOLYINVST,EQ,,,,,JIND POL INV & FIN CO LTD,1070.00,1083.00,1059.40,1066.20,1066.00,1065.80,,1066.20,,,48664,51889872.20,472,F1,1,,,,,
2026-08-07,2026-08-07,CM,NSE,STK,13875,INE742C01031,JINDRILL,EQ,,,,,JINDAL DRILLING IND. LTD,616.80,642.40,609.05,636.05,638.00,615.85,,636.04,,,352870,221925065.50,9904,F1,1,,,,,
2026-08-07,2026-08-07,CM,NSE,STK,11743,INE796G01012,JINDALPHOT,EQ,,,,,JINDAL PHOTO LIMITED,1075.50,1080.00,1060.00,1063.00,1060.10,1063.60,,1063.00,,,2160,2299148.40,273,F1,1,,,,,
2026-08-07,2026-08-07,CM,NSE,STK,1756,INE197D01010,JINDALPOLY,EQ,,,,,JINDAL POLY FILMS LIMITED,637.00,637.00,617.60,620.00,625.40,632.75,,620.01,,,12538,7848996.30,857,F1,1,,,,,
2026-08-07,2026-08-07,CM,NSE,STK,3024,INE324A01032,JINDALSAW,EQ,,,,,JINDAL SAW LIMITED,263.00,273.55,263.00,271.40,270.15,265.25,,271.41,,,1613077,437121270.50,31919,F1,1,,,,,
2026-08-07,2026-08-07,CM,NSE,STK,11236,INE220G01021,JSL,EQ,,,,,JINDAL STAINLESS LIMITED,732.50,738.50,731.30,734.65,734.85,732.50,,734.65,,,139854,102739869.35,12422,F1,1,,,,,
2026-08-07,2026-08-07,CM,NSE,STK,6733,INE749A01030,JINDALSTEL,EQ,,,,,JINDAL STEEL LIMITED,1101.00,1105.70,1092.10,1103.00,1103.00,1101.00,,1103.00,,,392474,431098357.00,14057,F1,1,,,,,
2026-08-07,2026-08-07,CM,NSE,STK,20642,INE247D01039,JINDWORLD,EQ,,,,,JINDAL WORLDWIDE LTD,38.30,40.00,38.00,38.93,38.52,38.50,,38.93,,,10633658,415002991.66,24443,F1,1,,,,,
2026-08-07,2026-08-07,CM,NSE,STK,759206,INE1FF001016,JKIPL,BE,,,,,JINKUSHAL INDUSTRIES LTD,97.49,102.86,96.06,100.49,98.11,97.97,,100.55,,,19488,1947176.73,204,F1,1,,,,,
2026-08-07,2026-08-07,CM,NSE,STK,18143,INE758E01017,JIOFIN,EQ,,,,,JIO FIN SERVICES LTD,263.10,263.40,256.80,256.80,256.80,263.10,,256.81,,,10858220,2815726822.85,74580,F1,1,,,,,
2026-08-07,2026-08-07,CM,NSE,STK,19691,INE863T01013,JITFINFRA,EQ,,,,,JITF INFRALOGISTICS LTD,342.10,344.25,330.00,333.45,333.00,336.80,,333.29,,,13551,4547249.90,714,F1,1,,,,,
2026-08-07,2026-08-07,CM,NSE,STK,18558,INE0N5H01017,JIWANRAM,SM,,,,,JIWANRAM SHEODUTTRA IND L,4.85,4.95,4.85,4.95,4.95,4.95,,4.95,,,12000,58800.00,2,F1,6000,,,,,
2026-08-07,2026-08-07,CM,NSE,STK,13270,INE823G01014,JKCEMENT,EQ,,,,,JK CEMENT LIMITED,5400.50,5428.50,5361.00,5379.50,5375.00,5421.00,,5379.51,,,23148,124605215.00,4989,F1,1,,,,,
2026-08-07,2026-08-07,CM,NSE,STK,13491,INE786A01032,JKLAKSHMI,EQ,,,,,JK LAKSHMI CEMENT LTD,576.00,576.50,563.25,565.00,565.55,571.25,,565.00,,,334378,189466703.15,13572,F1,1,,,,,
2026-08-07,2026-08-07,CM,NSE,STK,11860,INE789E01012,JKPAPER,EQ,,,,,JK PAPER LIMITED,388.90,391.70,384.15,387.05,386.00,389.20,,387.05,,,213330,82530148.80,7306,F1,1,,,,,
2026-08-07,2026-08-07,CM,NSE,STK,14435,INE573A01042,JKTYRE,EQ,,,,,JK TYRE & INDUSTRIES LTD,411.00,414.80,384.15,394.90,396.50,413.25,,394.91,,,3062591,1212026095.35,58447,F1,1,,,,,
2026-08-07,2026-08-07,CM,NSE,STK,15266,INE576I01022,JKIL,EQ,,,,,JKUMAR INFR.LTD.,492.00,504.95,490.15,498.90,496.50,491.75,,498.82,,,249396,124027377.30,9669,F1,1,,,,,
2026-08-07,2026-08-07,CM,NSE,STK,13637,INE780C01023,JMFINANCIL,EQ,,,,,JM FINANCIAL LIMITED,129.90,129.90,124.80,127.46,128.00,129.78,,127.45,,,4242745,538060863.23,21390,F1,1,,,,,
2026-08-07,2026-08-07,CM,NSE,STK,23621,INE0OAF01028,JNKINDIA,EQ,,,,,JNK INDIA LIMITED,417.00,425.00,401.00,403.00,404.20,420.90,,403.00,,,235925,96486801.50,5895,F1,1,,,,,
2026-08-07,2026-08-07,CM,NSE,STK,16931,INE839G01010,JOCIL,BE,,,,,JOCIL LIMITED,150.05,154.00,147.00,147.00,147.00,149.55,,147.00,,,1685,251025.90,18,F1,1,,,,,
2026-08-07,2026-08-07,CM,NSE,STK,762623,INE515A01019,COCKERILL,EQ,,,,,JOHN COCKERILL INDIA LTD.,9499.00,10130.00,9499.00,9635.50,9616.00,9462.00,,9635.93,,,24931,246179536.00,7306,F1,1,,,,,
2026-08-07,2026-08-07,CM,NSE,STK,758460,INE718I01012,JSWCEMENT,EQ,,,,,JSW CEMENT LIMITED,132.40,136.40,132.40,134.29,134.50,132.62,,134.29,,,1543467,207728740.51,22097,F1,1,,,,,
2026-08-07,2026-08-07,CM,NSE,STK,1467,INE133A01011,JSWDULUX,EQ,,,,,JSW DULUX LIMITED,3088.60,3108.70,3000.00,3011.70,3002.00,3077.00,,3011.88,,,17154,52019492.30,5260,F1,1,,,,,
2026-08-07,2026-08-07,CM,NSE,STK,17869,INE121E01018,JSWENERGY,EQ,,,,,JSW ENERGY LIMITED,561.00,567.50,560.00,564.40,564.40,561.50,,564.43,,,1552610,875927374.50,28521,F1,1,,,,,
2026-08-07,2026-08-07,CM,NSE,STK,11880,INE824G01012,JSWHL,EQ,,,,,JSW HOLDINGS LIMITED,12150.00,12247.00,11854.00,12025.00,11949.00,12082.00,,12024.36,,,3996,47783044.00,1694,F1,1,,,,,
2026-08-07,2026-08-07,CM,NSE,STK,19020,INE880J01026,JSWINFRA,EQ,,,,,JSW INFRASTRUCTURE LTD,326.00,341.40,322.40,335.75,340.00,327.50,,335.75,,,2388341,792418028.95,30606,F1,1,,,,,
2026-08-07,2026-08-07,CM,NSE,STK,11723,INE019A01038,JSWSTEEL,EQ,,,,,JSW STEEL LIMITED,1303.80,1309.90,1288.50,1299.50,1299.50,1307.90,,1299.40,,,720726,935530622.70,44698,F1,1,,,,,
2026-08-07,2026-08-07,CM,NSE,STK,3237,INE643A01035,JTEKTINDIA,EQ,,,,,JTEKT INDIA LIMITED,141.16,143.79,138.50,139.80,139.30,141.16,,139.81,,,305619,42979099.67,3362,F1,1,,,,,
2026-08-07,2026-08-07,CM,NSE,STK,7287,INE391J01032,JTLIND,EQ,,,,,JTL INDUSTRIES LIMITED,76.95,77.72,75.70,77.31,77.33,76.81,,77.31,,,2763247,212504492.94,13537,F1,1,,,,,
2026-08-07,2026-08-07,CM,NSE,STK,29590,INE03CC01015,JUBLCPL,EQ,,,,,JUBILANT AGRI N CON PRO L,1919.50,1920.00,1845.00,1852.80,1846.00,1890.30,,1848.45,,,2704,5069147.90,488,F1,1,,,,,
2026-08-07,2026-08-07,CM,NSE,STK,18096,INE797F01020,JUBLFOOD,EQ,,,,,JUBILANT FOODWORKS LTD,470.00,488.00,469.40,486.50,486.50,473.00,,486.47,,,4147385,2006528291.35,60407,F1,1,,,,,
2026-08-07,2026-08-07,CM,NSE,STK,2783,INE0BY001018,JUBLINGREA,EQ,,,,,JUBILANT INGREVIA LIMITED,755.00,766.60,733.65,740.25,741.50,757.00,,740.23,,,550401,412015289.45,29510,F1,1,,,,,
2026-08-07,2026-08-07,CM,NSE,STK,3637,INE700A01033,JUBLPHARMA,EQ,,,,,JUBILANT PHARMOVA LTD,926.00,945.00,914.40,932.00,928.00,926.25,,931.99,,,168059,156415297.00,11575,F1,1,,,,,
2026-08-07,2026-08-07,CM,NSE,STK,7109,INE412C01023,JMA,EQ,,,,,JULLUNDUR MOT AGENCY LTD,89.29,89.29,87.00,88.41,87.99,87.29,,88.41,,,4315,381422.15,152,F1,1,,,,,
2026-08-07,2026-08-07,CM,NSE,STK,764408,INE05C901015,JNPR,EQ,,,,,JUNIPER GREEN ENERGY LTD,261.80,264.36,247.00,250.22,251.30,259.71,,250.20,,,7424740,1904142648.15,131175,F1,1,,,,,
2026-08-07,2026-08-07,CM,NSE,STK,22824,INE696F01016,JUNIPER,EQ,,,,,JUNIPER HOTELS LIMITED,196.00,197.47,193.73,194.85,194.90,198.05,,194.85,,,216566,42237595.14,2392,F1,1,,,,,
2026-08-07,2026-08-07,CM,NSE,STK,18553,INE682M01020,JLHL,EQ,,,,,JUPITER LIFE LINE HOSP L,320.80,324.50,316.55,320.20,324.50,319.25,,320.21,,,257379,82379449.40,7262,F1,1,,,,,
2026-08-07,2026-08-07,CM,NSE,STK,20224,INE209L01016,JWL,EQ,,,,,JUPITER WAGONS LIMITED,261.05,261.75,258.80,260.00,259.70,262.10,,260.00,,,433724,112908872.60,8662,F1,1,,,,,
2026-08-07,2026-08-07,CM,NSE,STK,29962,INE599M01018,JUSTDIAL,EQ,,,,,JUSTDIAL LTD.,682.00,700.00,678.00,683.30,683.00,681.55,,683.27,,,237119,163447063.20,8391,F1,1,,,,,
2026-08-07,2026-08-07,CM,NSE,STK,15146,INE668F01031,JYOTHYLAB,EQ,,,,,JYOTHY LABS LIMITED,205.50,208.10,203.94,206.47,206.00,205.87,,206.47,,,428075,88278000.13,10866,F1,1,,,,,
2026-08-07,2026-08-07,CM,NSE,STK,21334,INE980O01024,JYOTICNC,EQ,,,,,JYOTI CNC AUTOMATION LTD,863.35,873.00,738.90,784.30,779.00,865.05,,784.30,,,6950507,5432840412.90,208927,F1,1,,,,,
2026-08-07,2026-08-07,CM,NSE,STK,758221,INE1M3T01017,JYOTIGLOBL,SM,,,,,JYOTI GLOBAL PLAST LTD,39.00,40.10,39.00,40.10,40.10,38.35,,40.10,,,10000,396000.00,5,F1,2000,,,,,
2026-08-07,2026-08-07,CM,NSE,STK,1802,INE197A01024,JYOTISTRUC,EQ,,,,,JYOTI STRUCTURES LTD,11.68,11.82,11.41,11.44,11.48,11.71,,11.44,,,4660535,53854876.64,5089,F1,1,,,,,
2026-08-07,2026-08-07,CM,NSE,STK,14667,INE157H01023,KMSUGAR,EQ,,,,,K M SUGAR MILLS LTD,28.55,29.00,28.00,28.14,28.01,28.37,,28.14,,,57863,1640664.96,473,F1,1,,,,,
2026-08-07,2026-08-07,CM,NSE,STK,27079,INE127T01021,KPEL,EQ,,,,,K.P. ENERGY LIMITED,304.00,308.00,300.40,302.50,304.00,304.20,,302.51,,,166612,50452091.00,3905,F1,1,,,,,
2026-08-07,2026-08-07,CM,NSE,STK,23462,INE0DEZ01013,K2INFRA,ST,,,,,K2 INFRAGEN LIMITED,52.80,53.75,52.35,53.75,53.75,53.95,,53.75,,,2400,127590.00,4,F1,600,,,,,
2026-08-07,2026-08-07,CM,NSE,STK,1805,INE900B01029,KABRAEXTRU,EQ,,,,,KABRA EXTRUSION TECHNIK L,472.00,482.80,439.50,448.60,452.00,477.60,,448.62,,,810718,372383422.25,20484,F1,1,,,,,
2026-08-07,2026-08-07,CM,NSE,STK,29192,INE0XOW01017,KKJEWELS,SM,,,,,KABRA JEWELS LIMITED,101.00,101.00,101.00,101.00,101.00,100.35,,101.00,,,1000,101000.00,1,F1,1000,,,,,
2026-08-07,2026-08-07,CM,NSE,STK,1808,INE217B01036,KAJARIACER,EQ,,,,,KAJARIA CERAMICS LTD,1175.00,1179.00,1158.40,1167.30,1163.90,1175.40,,1167.25,,,204282,238368674.80,11733,F1,1,,,,,
2026-08-07,2026-08-07,CM,NSE,STK,8945,INE437B01014,KAKATCEM,BE,,,,,KAKATIYA CEM SUGAR &IND L,116.50,118.49,116.10,118.45,118.45,116.55,,118.45,,,1092,127269.27,30,F1,1,,,,,
2026-08-07,2026-08-07,CM,NSE,STK,25443,INE0T0L01014,KALANA,SM,,,,,KALANA ISPAT LIMITED,18.50,19.20,18.50,19.15,19.15,18.70,,19.15,,,10000,190400.00,5,F1,2000,,,,,
2026-08-07,2026-08-07,CM,NSE,STK,758558,INE227J01012,KALPATARU,EQ,,,,,KALPATARU LIMITED,281.65,289.40,281.60,287.10,286.30,283.00,,287.09,,,40445,11571311.00,1174,F1,1,,,,,
2026-08-07,2026-08-07,CM,NSE,STK,1814,INE220B01022,KPIL,EQ,,,,,KALPATARU PROJECT INT LTD,1288.10,1323.90,1284.10,1317.20,1316.70,1294.10,,1317.13,,,120583,157579128.20,12924,F1,1,,,,,
2026-08-07,2026-08-07,CM,NSE,STK,2955,INE303R01014,KALYANKJIL,EQ,,,,,KALYAN JEWELLERS IND LTD,607.00,630.00,601.15,606.30,606.30,598.00,,606.72,,,33255299,20526263263.20,276292,F1,1,,,,,
2026-08-07,2026-08-07,CM,NSE,STK,15156,INE314G01014,KALYANIFRG,EQ,,,,,KALYANI FORGE LIMITED,611.30,640.00,604.40,635.40,638.80,606.35,,635.56,,,4031,2524946.40,231,F1,1,,,,,
2026-08-07,2026-08-07,CM,NSE,STK,21119,INE029L01018,KICL,EQ,,,,,KALYANI INVEST CO LTD,5551.00,5698.50,5548.00,5646.50,5630.00,5528.00,,5646.50,,,1262,7095067.50,295,F1,1,,,,,
2026-08-07,2026-08-07,CM,NSE,STK,18889,INE907A01026,KSL,EQ,,,,,KALYANI STEELS LIMITED,882.25,893.95,830.00,848.40,850.00,882.25,,848.41,,,123506,106390226.30,6762,F1,1,,,,,
2026-08-07,2026-08-07,CM,NSE,STK,762732,INE411F01010,KAMAHOLD,EQ,,,,,KAMA HOLDINGS LTD.,2510.60,2525.00,2490.00,2506.70,2520.10,2510.40,,2505.74,,,2062,5180891.00,326,F1,1,,,,,
2026-08-07,2026-08-07,CM,NSE,STK,1826,INE967C01018,KAMATHOTEL,EQ,,,,,KAMAT HOTELS (I) LTD,170.40,174.58,168.62,170.80,169.20,172.06,,170.80,,,21552,3689162.67,748,F1,1,,,,,
2026-08-07,2026-08-07,CM,NSE,STK,13461,INE390H01020,KAMDHENU,BE,,,,,KAMDHENU LIMITED,35.50,35.90,34.90,35.18,35.50,35.05,,35.19,,,337671,11994787.56,760,F1,1,,,,,
2026-08-07,2026-08-07,CM,NSE,STK,13814,INE0BTI01037,KAMOPAINTS,EQ,,,,,KAMDHENU VENTURES LIMITED,4.52,4.62,4.52,4.59,4.60,4.56,,4.59,,,140824,644475.18,397,F1,1,,,,,
2026-08-07,2026-08-07,CM,NSE,STK,25786,INE879E01037,KANANIIND,EQ,,,,,KANANI INDUSTRIES LTD,1.51,1.53,1.50,1.51,1.52,1.51,,1.51,,,62425,94685.94,303,F1,1,,,,,
2026-08-07,2026-08-07,CM,NSE,STK,762740,INE081G01019,KANCHI,BE,,,,,KANCHI KARPOORAM LTD.,360.10,368.00,360.00,367.95,368.00,361.90,,367.95,,,1073,394234.85,23,F1,1,,,,,
2026-08-07,2026-08-07,CM,NSE,STK,11208,INE0MOT01016,KANDARP,SM,,,,,KANDARP DG SMART BPO LTD,93.00,103.00,93.00,102.75,102.75,98.50,,102.75,,,19000,1906650.00,18,F1,1000,,,,,
2026-08-07,2026-08-07,CM,NSE,STK,9805,INE138C01024,KANORICHEM,BE,,,,,KANORIACHEMICALS-,152.80,156.90,148.50,149.69,151.40,151.07,,150.05,,,16325,2488837.04,150,F1,1,,,,,
2026-08-07,2026-08-07,CM,NSE,STK,1782,INE694E01014,KANPRPLA,EQ,,,,,KANPUR PLASTIPACK LIMITED,207.03,211.30,206.97,209.09,208.20,207.03,,209.10,,,8703,1822463.21,464,F1,1,,,,,
2026-08-07,2026-08-07,CM,NSE,STK,1196,INE531A01024,KANSAINER,EQ,,,,,KANSAI NEROLAC PAINTS LTD,211.24,215.72,208.85,212.35,211.71,211.12,,212.39,,,497032,105237222.39,8351,F1,1,,,,,
2026-08-07,2026-08-07,CM,NSE,STK,18967,INE542Z01028,KAPSTON,EQ,,,,,KAPSTON SERVICES LIMITED,525.00,530.00,509.00,525.90,529.00,515.50,,525.90,,,37556,19524664.80,1507,F1,1,,,,,
2026-08-07,2026-08-07,CM,NSE,STK,24385,INE725L01011,KARMAENG,EQ,,,,,KARMA ENERGY LIMITED,39.53,44.95,38.22,41.21,41.10,39.03,,41.21,,,45791,1955692.48,740,F1,1,,,,,
2026-08-07,2026-08-07,CM,NSE,STK,8054,INE614B01018,KTKBANK,EQ,,,,,KARNATAKA BANK LIMITED,306.70,313.95,305.60,310.00,311.00,306.80,,310.00,,,5176455,1604302494.50,39605,F1,1,,,,,
2026-08-07,2026-08-07,CM,NSE,STK,19465,INE0MGA01012,KARNIKA,SM,,,,,KARNIKA INDUSTRIES LTD,119.00,119.00,114.05,117.00,117.00,116.50,,117.00,,,31000,3648500.00,23,F1,1000,,,,,
2026-08-07,2026-08-07,CM,NSE,STK,1838,INE036D01028,KARURVYSYA,EQ,,,,,KARUR VYSYA BANK LTD,336.00,339.20,334.05,335.55,335.50,337.50,,335.55,,,816142,274817265.05,21535,F1,1,,,,,
2026-08-07,2026-08-07,CM,NSE,STK,24528,INE0SVY01018,KATARIA,SM,,,,,KATARIA INDUSTRIES LTD,97.00,97.10,97.00,97.10,97.10,97.75,,97.10,,,1200,116460.00,2,F1,600,,,,,
2026-08-07,2026-08-07,CM,NSE,STK,15140,INE234I01028,KAUSHALYA,BE,,,,,KAUSHALYA INFRA DEV LTD.,950.00,950.00,916.10,943.70,935.10,951.05,,944.50,,,140,130388.60,24,F1,1,,,,,
2026-08-07,2026-08-07,CM,NSE,STK,21186,INE0Q2V01012,KLL,SM,,,,,KAUSHALYA LOGISTICS LTD,22.50,23.00,22.20,22.90,22.90,22.60,,22.90,,,11200,253880.00,13,F1,800,,,,,
2026-08-07,2026-08-07,CM,NSE,STK,14972,INE455I01029,KSCL,EQ,,,,,KAVERI SEED CO. LTD.,771.90,776.85,762.00,764.45,766.40,770.85,,764.45,,,56736,43633368.45,4209,F1,1,,,,,
2026-08-07,2026-08-07,CM,NSE,STK,15244,INE641C01019,KAVDEFENCE,EQ,,,,,KAVVERI DFS & WIR TEC LTD,57.01,58.18,56.65,56.90,57.24,57.16,,56.91,,,93917,5371543.02,1268,F1,1,,,,,
2026-08-07,2026-08-07,CM,NSE,STK,21173,INE0RCG01017,KCEIL,SM,,,,,KAY CEE ENERGY & INFRA L,83.95,89.00,82.25,85.65,85.70,83.95,,85.65,,,19000,1628650.00,31,F1,500,,,,,
2026-08-07,2026-08-07,CM,NSE,STK,10276,INE587G01015,KAYA,EQ,,,,,KAYA LIMITED,276.90,276.90,268.65,271.00,272.95,273.70,,271.02,,,5168,1408204.60,131,F1,1,,,,,
2026-08-07,2026-08-07,CM,NSE,STK,12092,INE918Z01012,KAYNES,EQ,,,,,KAYNES TECHNOLOGY IND LTD,3830.00,3899.00,3806.00,3856.30,3856.30,3830.00,,3856.02,,,806763,3102746348.70,48616,F1,1,,,,,
2026-08-07,2026-08-07,CM,NSE,STK,758868,INE13ZD01013,KAYTEX,SM,,,,,KAYTEX FABRICS LIMITED,56.25,59.10,56.25,59.10,59.10,58.65,,59.10,,,10400,608800.00,8,F1,800,,,,,
2026-08-07,2026-08-07,CM,NSE,STK,10293,INE0J1E01027,KCK,SM,,,,,KCK INDUSTRIES LTD,16.50,16.55,15.75,16.45,16.50,16.55,,16.45,,,402500,6451375.00,86,F1,2500,,,,,
2026-08-07,2026-08-07,CM,NSE,STK,1841,INE805C01028,KCP,EQ,,,,,KCP LTD,151.10,156.50,150.00,154.96,155.05,151.35,,154.86,,,173300,26500483.97,2802,F1,1,,,,,
2026-08-07,2026-08-07,CM,NSE,STK,4809,INE790B01024,KCPSUGIND,EQ,,,,,KCP SUGAR IND CORP LTD.,30.50,31.03,29.51,29.96,30.02,30.73,,29.95,,,269107,8133336.21,1009,F1,1,,,,,
2026-08-07,2026-08-07,CM,NSE,STK,14908,INE291D01011,KDDL,EQ,,,,,KDDL LIMITED,3699.80,3863.60,3688.80,3843.90,3810.00,3706.10,,3843.91,,,53669,204718859.60,8117,F1,1,,,,,
2026-08-07,2026-08-07,CM,NSE,STK,13260,INE389H01022,KEC,EQ,,,,,KEC INTL. LIMITED,475.00,480.45,472.10,478.85,477.60,477.70,,478.88,,,585339,279167771.35,18298,F1,1,,,,,
2026-08-07,2026-08-07,CM,NSE,STK,13310,INE878B01027,KEI,EQ,,,,,KEI INDUSTRIES LTD.,5569.00,5629.00,5542.30,5600.00,5600.00,5595.00,,5601.70,,,273169,1529106654.50,28248,F1,1,,,,,
2026-08-07,2026-08-07,CM,NSE,STK,13430,INE164B01030,KELLTONTEC,EQ,,,,,KELLTON TECH SOL LTD,14.15,14.26,14.05,14.12,14.14,14.19,,14.12,,,761475,10759349.32,2391,F1,1,,,,,
2026-08-07,2026-08-07,CM,NSE,STK,29547,INE15DO01012,KEN,SM,,,,,KEN ENTERPRISES LIMITED,38.05,40.25,38.05,39.10,39.10,38.05,,39.10,,,21600,846480.00,17,F1,1200,,,,,
2026-08-07,2026-08-07,CM,NSE,STK,11841,INE717A01029,KENNAMET,EQ,,,,,KENNAMETAL INDIA LIMITED,3138.10,3343.00,3094.10,3309.90,3315.00,3123.70,,3309.79,,,37533,123229329.30,7898,F1,1,,,,,
2026-08-07,2026-08-07,CM,NSE,STK,13121,INE202H01019,KERNEX,EQ,,,,,KERNEX MICROSYS(I) LTD,2432.50,2513.40,2400.00,2451.80,2470.00,2432.50,,2451.68,,,140532,344346636.50,11293,F1,1,,,,,
2026-08-07,2026-08-07,CM,NSE,STK,4981,INE087A01019,KESORAMIND,BE,,,,,KESORAM INDUSTRIES LTD,12.74,12.74,12.74,12.74,12.74,13.00,,12.80,,,788460,10044980.40,422,F1,1,,,,,
2026-08-07,2026-08-07,CM,NSE,STK,13381,INE401H01017,KKCL,EQ,,,,,KEWAL KIRAN CLOTHING LTD,525.00,533.95,510.60,513.50,512.25,522.50,,513.51,,,88328,45725610.75,3064,F1,1,,,,,
2026-08-07,2026-08-07,CM,NSE,STK,4157,INE681C01015,KEYFINSERV,EQ,,,,,KEYNOTE FIN SERV LTD.,245.30,254.00,245.30,248.60,248.55,252.45,,248.46,,,1126,280280.75,50,F1,1,,,,,
2026-08-07,2026-08-07,CM,NSE,STK,12219,INE263M01029,RUSTOMJEE,EQ,,,,,KEYSTONE REALTORS LIMITED,384.90,387.65,375.90,380.00,378.80,383.90,,380.01,,,88069,33500346.90,2376,F1,1,,,,,
2026-08-07,2026-08-07,CM,NSE,STK,13359,INE138Y01010,KFINTECH,EQ,,,,,KFIN TECHNOLOGIES LIMITED,931.95,937.00,925.00,936.00,936.00,930.00,,936.00,,,295773,275693902.35,11585,F1,1,,,,,
2026-08-07,2026-08-07,CM,NSE,STK,433,INE834I01025,KHADIM,BE,,,,,KHADIM INDIA LIMITED,98.39,98.39,96.00,96.65,97.96,97.04,,96.73,,,16407,1588393.26,174,F1,1,,,,,
2026-08-07,2026-08-07,CM,NSE,STK,3912,INE731C01018,KHAITANLTD,EQ,,,,,KHAITAN (INDIA)LTD.,157.90,160.00,153.05,156.24,157.79,157.13,,156.90,,,9048,1404177.19,584,F1,1,,,,,
2026-08-07,2026-08-07,CM,NSE,STK,896,INE745B01028,KHAICHEM,EQ,,,,,KHAITAN CHEM & FERT LTD,53.56,54.00,51.54,52.00,52.48,53.56,,52.03,,,151748,7965096.34,1000,F1,1,,,,,
2026-08-07,2026-08-07,CM,NSE,STK,9641,INE060B01014,KHANDSE,EQ,,,,,KHANDWALA SECURITIES LTD,17.28,17.44,17.00,17.40,17.42,17.05,,17.40,,,180,3094.81,15,F1,1,,,,,
2026-08-07,2026-08-07,CM,NSE,STK,9570,INE00UG01014,KHFM,SM,,,,,KHFM HOS FAC MANA SER LTD,44.55,49.40,44.50,49.40,49.40,49.70,,49.40,,,12400,565672.50,8,F1,1550,,,,,
2026-08-07,2026-08-07,CM,NSE,STK,762747,INE338F01015,KLBRENG-B,EQ,,,,,KILBURN ENGINEERING LTD.,404.00,404.00,385.30,388.90,391.80,399.05,,388.91,,,79688,31268829.95,4871,F1,1,,,,,
2026-08-07,2026-08-07,CM,NSE,STK,19941,INE729D01010,KILITCH,BE,,,,,KILITCH DRUGS INDIA LTD,190.00,194.95,187.00,193.52,190.50,192.23,,193.52,,,30466,5804338.12,195,F1,1,,,,,
2026-08-07,2026-08-07,CM,NSE,STK,18944,INE473D01015,KINGFA,EQ,,,,,KINGFA SCI & TEC IND LTD.,5344.00,5600.00,5305.00,5549.50,5526.00,5344.00,,5549.74,,,46554,257355129.50,9333,F1,1,,,,,
2026-08-07,2026-08-07,CM,NSE,STK,19126,INE880L01014,KIOCL,EQ,,,,,KIOCL LIMITED,392.00,397.30,389.05,391.75,392.05,394.45,,391.66,,,61702,24220895.85,2783,F1,1,,,,,
2026-08-07,2026-08-07,CM,NSE,STK,762742,INE555P01013,KIRANVYPAR,EQ,,,,,KIRAN VYAPAR LTD.,198.50,202.90,198.00,198.36,198.00,197.57,,198.43,,,573,114008.60,29,F1,1,,,,,
2026-08-07,2026-08-07,CM,NSE,STK,16639,INE415I01015,KIRIINDUS,EQ,,,,,KIRI INDUSTRIES LIMITED,436.00,441.00,426.05,427.90,427.10,436.55,,427.92,,,178655,77401318.75,6575,F1,1,,,,,
2026-08-07,2026-08-07,CM,NSE,STK,18581,INE732A01036,KIRLOSBROS,EQ,,,,,KIRLOSKAR BROTHERS LTD,1958.00,1958.00,1882.50,1901.70,1902.30,1959.40,,1901.71,,,56825,109136030.90,6210,F1,1,,,,,
2026-08-07,2026-08-07,CM,NSE,STK,18220,INE134B01017,KECL,EQ,,,,,KIRLOSKAR ELECTRIC CO LTD,150.80,150.80,142.37,143.51,143.90,148.39,,143.50,,,324299,47109585.98,6000,F1,1,,,,,
2026-08-07,2026-08-07,CM,NSE,STK,14466,INE884B01025,KIRLFER,EQ,,,,,KIRLOSKAR FERROUS IND LTD,452.60,452.80,443.40,445.10,444.25,444.35,,445.09,,,34049,15181299.90,1782,F1,1,,,,,
2026-08-07,2026-08-07,CM,NSE,STK,19025,INE250A01039,KIRLOSIND,EQ,,,,,KIRLOSKAR INDUSTRIES LTD,3750.00,3844.90,3736.00,3759.60,3758.00,3767.20,,3759.70,,,4090,15432574.00,1248,F1,1,,,,,
2026-08-07,2026-08-07,CM,NSE,STK,20936,INE146L01010,KIRLOSENG,EQ,,,,,KIRLOSKAR OIL ENG LTD,2028.10,2214.00,1999.00,2161.70,2161.50,2248.90,,2161.88,,,1420885,3068339005.00,124055,F1,1,,,,,
2026-08-07,2026-08-07,CM,NSE,STK,15180,INE811A01020,KIRLPNU,EQ,,,,,KIRLOSKAR PNEUMATIC COM L,1458.00,1464.90,1431.20,1439.90,1440.00,1455.20,,1439.93,,,72023,103772871.00,9312,F1,1,,,,,
2026-08-07,2026-08-07,CM,NSE,STK,28899,INE602G01020,KITEX,EQ,,,,,KITEX GARMENTS LTD,144.68,147.79,144.00,144.85,144.84,144.74,,144.86,,,420665,61432494.82,4577,F1,1,,,,,
2026-08-07,2026-08-07,CM,NSE,STK,760923,INE0KNW01016,KNAGRI,EQ,,,,,KN AGRI RESOURCES LIMITED,211.65,211.65,203.10,205.47,204.55,211.65,,205.47,,,6846,1415657.56,290,F1,1,,,,,
2026-08-07,2026-08-07,CM,NSE,STK,763839,INE17QZ01016,KNACK,EQ,,,,,KNACK PACKAGING LIMITED,207.50,211.58,202.76,208.34,207.40,207.71,,208.32,,,1222765,253450863.80,16675,F1,1,,,,,
2026-08-07,2026-08-07,CM,NSE,STK,27084,INE0CJD01029,KMEW,EQ,,,,,KNOWLEDGE MARINE & EN W L,2513.00,2545.00,2490.00,2528.40,2505.50,2519.20,,2528.25,,,35788,90026861.80,6925,F1,1,,,,,
2026-08-07,2026-08-07,CM,NSE,STK,758431,INE1JAR25012,KRT,RR,,,,,KNOWLEDGE REALTY TRUST,117.60,117.98,117.10,117.32,117.14,117.10,,117.33,,,600473,70451883.01,2973,F1,1,,,,,
2026-08-07,2026-08-07,CM,NSE,STK,15283,INE634I01029,KNRCON,EQ,,,,,KNR CONSTRU LTD.,140.00,142.00,138.00,139.99,142.00,140.35,,139.99,,,1538765,214608583.26,14658,F1,1,,,,,
2026-08-07,2026-08-07,CM,NSE,STK,18751,INE0Q7P01013,KODYTECH,SM,,,,,KODY TECHNOLAB LIMITED,1360.00,1370.00,1325.00,1359.30,1370.00,1371.45,,1359.30,,,8600,11585970.00,61,F1,100,,,,,
2026-08-07,2026-08-07,CM,NSE,STK,3009,INE080B01012,KOHINOOR,EQ,,,,,KOHINOOR FOODS LIMITED,23.00,23.45,22.65,23.05,22.83,23.14,,23.04,,,29887,690467.09,1193,F1,1,,,,,
2026-08-07,2026-08-07,CM,NSE,STK,16827,INE760A01029,KOKUYOCMLN,EQ,,,,,KOKUYO CAMLIN LIMITED,89.10,89.10,84.40,85.01,85.00,89.95,,85.03,,,152853,13066294.68,1919,F1,1,,,,,
2026-08-07,2026-08-07,CM,NSE,STK,15124,INE094I01018,KOLTEPATIL,EQ,,,,,KOLTE PATIL DEV. LTD.,430.90,450.00,426.25,445.10,446.00,429.30,,445.09,,,369103,160915979.50,11695,F1,1,,,,,
2026-08-07,2026-08-07,CM,NSE,STK,22475,INE0QEI01011,KONSTELEC,ST,,,,,KONSTELEC ENGINEERS LTD,62.15,64.85,62.15,62.60,62.60,65.00,,62.60,,,9000,566850.00,9,F1,1000,,,,,
2026-08-07,2026-08-07,CM,NSE,STK,4951,INE082A01010,KOPRAN,BE,,,,,KOPRAN LTD,190.66,190.66,181.13,181.22,181.13,190.66,,181.27,,,282150,51659184.56,1769,F1,1,,,,,
2026-08-07,2026-08-07,CM,NSE,STK,16758,INE0O4R01018,KDL,SM,,,,,KORE DIGITAL LIMITED,102.20,105.00,101.00,102.65,104.30,102.90,,102.65,,,28050,2853277.50,103,F1,150,,,,,
2026-08-07,2026-08-07,CM,NSE,STK,14858,INF174KA1HJ8,GOLD1,EQ,,,,,KOTAK GOLD ETF,123.49,125.00,122.63,124.73,124.89,123.49,,124.74,,,6021851,746825942.42,7826,F1,1,,,,,
2026-08-07,2026-08-07,CM,NSE,STK,1922,INE237A01036,KOTAKBANK,EQ,,,,,KOTAK MAHINDRA BANK LTD,393.00,394.85,387.75,390.75,390.75,394.00,,390.75,,,7315232,2854394732.90,110230,F1,1,,,,,
2026-08-07,2026-08-07,CM,NSE,STK,18102,INF174K014P6,NIFTY1,EQ,,,,,KOTAK NIFTY ETF,281.01,281.01,270.14,271.82,271.00,272.83,,271.85,,,40114,10932458.25,1261,F1,1,,,,,
2026-08-07,2026-08-07,CM,NSE,STK,15061,INF174KA1A86,PSUBANK,EQ,,,,,KOTAK PSU BANK,87.40,88.76,86.91,87.44,87.00,86.96,,87.47,,,197035,17310058.71,838,F1,1,,,,,
2026-08-07,2026-08-07,CM,NSE,STK,759885,INF174KA1XV0,CHEMICAL,EQ,,,,,KOTAKMAMC - CHEMICAL,31.18,31.18,30.60,30.69,30.83,30.90,,30.69,,,775746,23873643.44,1342,F1,1,,,,,
2026-08-07,2026-08-07,CM,NSE,STK,7412,INF174KA1IA5,ALPHA,EQ,,,,,KOTAKMAMC - KOTAKALPHA,52.70,53.70,52.70,53.48,53.20,53.51,,53.49,,,641420,34336413.77,2294,F1,1,,,,,
2026-08-07,2026-08-07,CM,NSE,STK,10512,INF174KA1ZF8,CONS,EQ,,,,,KOTAKMAMC - KOTAKCONS,12.86,12.86,12.53,12.68,12.68,12.55,,12.68,,,24226,304410.16,109,F1,1,,,,,
2026-08-07,2026-08-07,CM,NSE,STK,2627,INF174KA1GC5,IT,EQ,,,,,KOTAKMAMC - KOTAKIT,35.30,35.30,34.28,34.87,34.70,34.44,,34.87,,,484051,16949544.65,1044,F1,1,,,,,
2026-08-07,2026-08-07,CM,NSE,STK,13950,INF174KA1LV5,LIQUID1,EQ,,,,,KOTAKMAMC - KOTAKLIQ,1116.87,1117.34,1116.87,1117.32,1117.32,1116.87,,1117.32,,,633760,708118843.42,798,F1,1,,,,,
2026-08-07,2026-08-07,CM,NSE,STK,8632,INF174KA1IY5,LOWVOL1,EQ,,,,,KOTAKMAMC - KOTAKLOVOL,21.78,21.89,21.60,21.74,21.87,21.78,,21.74,,,358321,7838382.56,126,F1,1,,,,,
2026-08-07,2026-08-07,CM,NSE,STK,8077,INF174KA1ZC5,MIDCAP,EQ,,,,,KOTAKMAMC - KOTAKMID50,19.00,19.00,18.50,18.57,18.61,18.54,,18.57,,,410733,7637716.13,777,F1,1,,,,,
2026-08-07,2026-08-07,CM,NSE,STK,10676,INF174KA1JF2,MNC,EQ,,,,,KOTAKMAMC - KOTAKMNC,34.40,34.82,34.40,34.76,34.82,34.40,,34.76,,,101461,3518689.85,413,F1,1,,,,,
2026-08-07,2026-08-07,CM,NSE,STK,13082,INF174KA1ZD3,SILVER1,EQ,,,,,KOTAKMAMC - KOTAKSILVE,21.80,22.51,21.60,22.38,22.32,21.77,,22.38,,,31926569,708999811.52,7007,F1,1,,,,,
2026-08-07,2026-08-07,CM,NSE,STK,11457,INF174KA1ZE1,NV20,EQ,,,,,KOTAKMAMC - KTKNV20ETF,14.22,14.33,13.90,14.24,14.27,14.22,,14.24,,,95746,1365455.39,184,F1,1,,,,,
2026-08-07,2026-08-07,CM,NSE,STK,30469,INF174KA1VW2,MID150,EQ,,,,,KOTAKMAMC - MID150,23.76,23.82,23.68,23.76,23.79,23.75,,23.76,,,22583,536090.55,149,F1,1,,,,,
2026-08-07,2026-08-07,CM,NSE,STK,759488,INF174KA1XS6,MOMENTUM30,EQ,,,,,KOTAKMAMC - MOMENTUM30,30.90,31.08,30.44,30.76,31.07,30.88,,30.76,,,20879,647185.08,75,F1,1,,,,,
2026-08-07,2026-08-07,CM,NSE,STK,29758,INF174KA1VD2,MSCIINDIA,EQ,,,,,KOTAKMAMC - MSCIINDIA,30.49,30.53,30.37,30.48,30.53,30.50,,30.48,,,18919,576809.74,99,F1,1,,,,,
2026-08-07,2026-08-07,CM,NSE,STK,760709,INF174KA1YO3,NEXT50ETF,EQ,,,,,KOTAKMAMC - NEXT50ETF,75.54,75.54,74.40,74.97,75.29,75.17,,74.97,,,7235,544482.07,102,F1,1,,,,,
2026-08-07,2026-08-07,CM,NSE,STK,29944,INF174KA1UW4,NIFTY100EW,EQ,,,,,KOTAKMAMC - NIFTY100EW,36.05,36.15,35.90,36.04,36.04,36.05,,36.04,,,57505,2071805.19,202,F1,1,,,,,
2026-08-07,2026-08-07,CM,NSE,STK,764195,INF174KA1A94,PVTBANK,EQ,,,,,KOTAKMAMC - PVTBANK,27.84,27.84,27.43,27.66,27.70,27.84,,27.66,,,17269,477161.83,52,F1,1,,,,,
2026-08-07,2026-08-07,CM,NSE,STK,757946,INF174KA1WT6,QUALITY30,EQ,,,,,KOTAKMAMC - QUALITY30,21.40,21.50,21.31,21.46,21.50,21.22,,21.46,,,13446,287947.45,46,F1,1,,,,,
2026-08-07,2026-08-07,CM,NSE,STK,5851,INF174KA1ZB7,BANKNIFTY1,EQ,,,,,KOTAKMAMC-KOTAKBKETF,60.63,60.63,59.91,60.12,59.94,60.35,,60.12,,,595099,35693795.19,821,F1,1,,,,,
2026-08-07,2026-08-07,CM,NSE,STK,762752,INE972A01020,KOTIC,EQ,,,,,KOTHARI INDUSTRIAL CORP L,153.55,156.01,152.10,152.90,152.65,154.73,,152.80,,,10099,1548487.13,342,F1,1,,,,,
2026-08-07,2026-08-07,CM,NSE,STK,4594,INE720A01015,KOTHARIPET,EQ,,,,,KOTHARI PETROCHEM LTD,151.00,155.47,148.00,149.52,148.21,149.53,,149.52,,,214333,32514503.41,3211,F1,1,,,,,
2026-08-07,2026-08-07,CM,NSE,STK,5528,INE823A01017,KOTHARIPRO,EQ,,,,,KOTHARI PRODUCTS LTD,68.55,71.49,68.14,69.63,69.50,68.00,,69.66,,,17450,1215592.79,164,F1,1,,,,,
2026-08-07,2026-08-07,CM,NSE,STK,11647,INE419A01022,KOTARISUG,EQ,,,,,KOTHARI SUG & CHEM LTD.,25.36,26.88,25.36,26.43,26.57,26.07,,26.43,,,48769,1292068.68,301,F1,1,,,,,
2026-08-07,2026-08-07,CM,NSE,STK,761337,INE0J0B01017,KOTYARK,BE,,,,,KOTYARK INDUSTRIES LTD,42.39,42.39,38.47,40.68,40.89,40.38,,40.67,,,543504,22128984.69,2171,F1,1,,,,,
2026-08-07,2026-08-07,CM,NSE,STK,5192,INE177F01017,KOVAI,EQ,,,,,KOVAI MEDICAL CENTER & HO,5894.00,5930.50,5825.00,5843.50,5832.00,5893.50,,5844.00,,,1574,9219143.50,525,F1,1,,,,,
2026-08-07,2026-08-07,CM,NSE,STK,5108,INE542W01025,KPIGREEN,EQ,,,,,KPI GREEN ENERGY LIMITED,374.05,375.60,370.00,370.70,371.00,375.35,,370.70,,,648865,240953140.30,18772,F1,1,,,,,
2026-08-07,2026-08-07,CM,NSE,STK,9683,INE04I401011,KPITTECH,EQ,,,,,KPIT TECHNOLOGIES LIMITED,623.00,637.25,620.55,629.90,629.90,623.00,,629.81,,,2544167,1603338214.15,40665,F1,1,,,,,
2026-08-07,2026-08-07,CM,NSE,STK,14912,INE930H01031,KPRMILL,EQ,,,,,KPR MILL LTD.,1085.30,1089.20,1071.00,1076.70,1073.70,1086.00,,1076.71,,,146720,158062305.10,17245,F1,1,,,,,
2026-08-07,2026-08-07,CM,NSE,STK,10577,INE001B01026,KRBL,EQ,,,,,KRBL LIMITED,373.85,381.50,371.60,378.65,378.00,374.05,,378.66,,,227353,85682073.65,5723,F1,1,,,,,
2026-08-07,2026-08-07,CM,NSE,STK,1937,INE268B01013,KREBSBIO,EQ,,,,,KREBS BIOCHEMICALS & IND,55.67,57.90,54.20,55.04,55.00,54.51,,55.04,,,8472,475691.32,122,F1,1,,,,,
2026-08-07,2026-08-07,CM,NSE,STK,11488,INE524L01026,KRIDHANINF,BE,,,,,KRIDHAN INFRA LIMITED,2.27,2.34,2.27,2.29,2.30,2.28,,2.33,,,25118,57692.73,41,F1,1,,,,,
2026-08-07,2026-08-07,CM,NSE,STK,12847,INE506W01020,KRISHANA,EQ,,,,,KRISHANA PHOSCHEM LIMITED,179.41,182.00,177.56,178.67,178.86,179.41,,178.67,,,291541,52178035.60,4826,F1,1,,,,,
2026-08-07,2026-08-07,CM,NSE,STK,16133,INE0NR701018,KRISHCA,SM,,,,,KRISHCA STRAPPING SLTN L,165.00,165.50,163.80,165.00,165.00,161.55,,165.00,,,4500,742350.00,8,F1,500,,,,,
2026-08-07,2026-08-07,CM,NSE,STK,756782,INE0GGO01015,KRISHIVAL,EQ,,,,,KRISHIVAL FOODS LIMITED,392.05,394.80,384.00,389.20,391.20,390.10,,389.11,,,3943,1538181.10,238,F1,1,,,,,
2026-08-07,2026-08-07,CM,NSE,STK,761192,INE0J5601015,KRISHNADEF,EQ,,,,,KRISHNA DEF AND ALD IND L,1185.00,1199.40,1170.00,1181.40,1178.00,1176.90,,1181.40,,,59735,70932194.40,5782,F1,1,,,,,
2026-08-07,2026-08-07,CM,NSE,STK,4847,INE967H01025,KIMS,EQ,,,,,KRISHNA INST OF MED SCI L,803.10,826.80,803.10,811.10,814.90,808.60,,811.06,,,1802315,1463573588.10,30896,F1,1,,,,,
2026-08-07,2026-08-07,CM,NSE,STK,6420,INE479D01038,KRITI,BE,,,,,KRITI INDUSTRIES IND LTD,71.90,72.00,70.00,70.49,70.45,69.31,,70.49,,,13004,928058.02,57,F1,1,,,,,
2026-08-07,2026-08-07,CM,NSE,STK,11432,INE798K01010,KRITINUT,EQ,,,,,KRITI NUTRIENTS LIMITED,93.14,93.14,89.39,90.06,90.97,94.09,,90.06,,,43305,3930597.02,855,F1,1,,,,,
2026-08-07,2026-08-07,CM,NSE,STK,9288,INE00Z501029,KRITIKA,EQ,,,,,KRITIKA WIRES LIMITED,5.65,5.85,5.60,5.79,5.80,5.74,,5.79,,,125671,723831.56,345,F1,1,,,,,
2026-08-07,2026-08-07,CM,NSE,STK,760627,INE1MTV01019,KRMAYURVED,ST,,,,,KRM AYURVEDA LIMITED,302.00,305.00,300.05,302.00,301.60,298.70,,302.00,,,56000,17042950.00,27,F1,1000,,,,,
2026-08-07,2026-08-07,CM,NSE,STK,25645,INE0Q3J01015,KRN,BE,,,,,KRN HEAT EXCHANGE N REF L,1215.10,1224.00,1198.00,1208.40,1218.50,1214.70,,1208.48,,,45622,55314748.50,2891,F1,1,,,,,
2026-08-07,2026-08-07,CM,NSE,STK,24025,INE0ATZ01017,KRONOX,EQ,,,,,KRONOX LAB SCIENCES LTD,167.69,167.69,162.36,163.55,163.00,166.78,,163.51,,,71506,11717639.51,1820,F1,1,,,,,
2026-08-07,2026-08-07,CM,NSE,STK,25252,INE0O6601022,KROSS,EQ,,,,,KROSS LIMITED,200.10,204.69,199.51,202.75,204.62,200.09,,202.75,,,181542,36605416.82,4289,F1,1,,,,,
2026-08-07,2026-08-07,CM,NSE,STK,5359,INE08LI01020,KRSNAA,EQ,,,,,KRSNAA DIAGNOSTICS LTD,561.65,566.00,555.05,560.85,555.55,559.90,,561.04,,,42687,23858909.90,3769,F1,1,,,,,
2026-08-07,2026-08-07,CM,NSE,STK,23175,INE0QN801017,KRYSTAL,EQ,,,,,KRYSTAL INTEGRATED SER L,604.85,604.85,600.00,600.25,600.00,600.05,,600.25,,,5359,3217125.55,119,F1,1,,,,,
2026-08-07,2026-08-07,CM,NSE,STK,1949,INE999A01023,KSB,EQ,,,,,KSB LIMITED,791.95,798.05,780.00,784.25,784.00,788.05,,784.65,,,202263,159348507.25,11493,F1,1,,,,,
2026-08-07,2026-08-07,CM,NSE,STK,760433,INE987S01020,KSHINTL,EQ,,,,,KSH INTERNATIONAL LIMITED,905.70,909.80,889.90,899.90,899.95,899.35,,899.92,,,296637,268159996.70,13458,F1,1,,,,,
2026-08-07,2026-08-07,CM,NSE,STK,10412,INE013801027,KSHITIJPOL,BE,,,,,KSHITIJ POLYLINE LIMITED,2.85,2.92,2.74,2.81,2.83,2.86,,2.81,,,708348,1989895.93,988,F1,1,,,,,
2026-08-07,2026-08-07,CM,NSE,STK,11060,INE0D6I01023,KSOLVES,EQ,,,,,KSOLVES INDIA LIMITED,279.05,282.20,277.85,280.05,280.50,283.00,,280.09,,,43831,12258490.85,1641,F1,1,,,,,
2026-08-07,2026-08-07,CM,NSE,STK,759987,INE1SPP01016,KSR,EQ,,,,,KSR FOOTWEAR LIMITED,29.05,30.00,28.63,29.18,29.00,29.05,,29.18,,,4763,138782.01,72,F1,1,,,,,
2026-08-07,2026-08-07,CM,NSE,STK,13870,INE529I01021,KUANTUM,EQ,,,,,KUANTUM PAPERS LIMITED,80.20,86.90,80.16,86.04,86.00,80.61,,86.04,,,506234,42802869.66,4481,F1,1,,,,,
2026-08-07,2026-08-07,CM,NSE,STK,764116,INE0ISX01025,KUSUMGAR,EQ,,,,,KUSUMGAR LIMITED,653.50,656.75,636.50,640.55,640.00,650.50,,640.53,,,447727,289278772.20,12690,F1,1,,,,,
2026-08-07,2026-08-07,CM,NSE,STK,762757,INE552U01010,KPL,EQ,,,,,KWALITY PHARMACEUTICALS L,2664.90,2709.00,2490.40,2611.80,2592.50,2652.10,,2611.22,,,62669,164820164.60,7418,F1,1,,,,,
2026-08-07,2026-08-07,CM,NSE,STK,760946,INE2KCE01013,KWIL,EQ,,,,,KWALITY WALL'S (INDIA) L,35.00,35.39,33.85,34.86,34.80,34.82,,34.86,,,14794987,514663268.76,38338,F1,1,,,,,
2026-08-07,2026-08-07,CM,NSE,STK,24948,INE498L01015,LTF,EQ,,,,,L&T FINANCE LIMITED,316.65,316.90,305.60,308.00,308.00,316.65,,308.47,,,4814207,1487505954.75,42038,F1,1,,,,,
2026-08-07,2026-08-07,CM,NSE,STK,18564,INE010V01017,LTTS,EQ,,,,,L&T TECHNOLOGY SER. LTD.,3555.40,3655.90,3551.30,3598.70,3598.90,3555.40,,3598.52,,,79998,288509639.80,13089,F1,1,,,,,
2026-08-07,2026-08-07,CM,NSE,STK,14423,INE059D01020,LAOPALA,EQ,,,,,LA OPALA RG LIMITED,193.00,193.53,189.00,189.96,190.54,193.79,,189.97,,,238665,45634843.56,5005,F1,1,,,,,
2026-08-07,2026-08-07,CM,NSE,STK,5865,INE548Z01017,LAGNAM,EQ,,,,,LAGNAM SPINTEX LIMITED,85.10,85.10,82.00,83.34,83.22,84.54,,83.34,,,9215,770571.16,151,F1,1,,,,,
2026-08-07,2026-08-07,CM,NSE,STK,762762,INE515C01023,LAHOTIOV,EQ,,,,,LAHOTI OVERSEAS LTD.,41.98,43.39,41.00,42.74,43.39,41.26,,42.66,,,3829,163072.07,35,F1,1,,,,,
2026-08-07,2026-08-07,CM,NSE,STK,7902,INE850E01012,LFIC,EQ,,,,,LAKSHMI FIN IND CORP LTD,139.51,141.80,139.10,139.52,139.52,139.33,,139.52,,,383,53441.17,13,F1,1,,,,,
2026-08-07,2026-08-07,CM,NSE,STK,25860,INE0VZS01015,LAKSHYA,SM,,,,,LAKSHYA POWERTECH LIMITED,87.65,88.45,87.00,88.45,88.45,90.00,,88.45,,,8800,768520.00,11,F1,800,,,,,
2026-08-07,2026-08-07,CM,NSE,STK,6407,INE112F01022,LAMBODHARA,EQ,,,,,LAMBODHARA TEXTILES LTD.,114.00,119.45,111.02,115.12,114.16,114.27,,115.13,,,32623,3795105.38,676,F1,1,,,,,
2026-08-07,2026-08-07,CM,NSE,STK,27225,INE0R0201012,LAMOSAIC,ST,,,,,LAMOSAIC INDIA LIMITED,52.90,55.45,52.80,55.05,55.25,54.20,,55.05,,,34800,1897080.00,36,F1,600,,,,,
2026-08-07,2026-08-07,CM,NSE,STK,23027,INE572G01025,LANCORHOL,EQ,,,,,LANCOR HOLDINGS LIMITED,25.01,28.00,25.01,25.76,25.70,25.51,,25.84,,,408095,10772788.34,2732,F1,1,,,,,
2026-08-07,2026-08-07,CM,NSE,STK,13276,INE559R01029,LANDMARK,EQ,,,,,LANDMARK CARS LIMITED,544.75,548.00,528.05,535.05,535.85,546.90,,535.02,,,170451,91791304.00,6679,F1,1,,,,,
2026-08-07,2026-08-07,CM,NSE,STK,16863,INE197J01017,LPDC,EQ,,,,,LANDMARK PR.DEV.CO.LTD,6.49,6.59,6.26,6.39,6.40,6.42,,6.40,,,48110,307712.72,182,F1,1,,,,,
2026-08-07,2026-08-07,CM,NSE,STK,17376,INE688J01023,LANDSMILL,EQ,,,,,LANDSMILL GREEN LIMITED,0.80,0.81,0.78,0.80,0.81,0.80,,0.80,,,2267779,1800372.74,984,F1,1,,,,,
2026-08-07,2026-08-07,CM,NSE,STK,11483,INE018A01030,LT,EQ,,,,,LARSEN & TOUBRO LTD.,4040.10,4062.00,4030.00,4056.00,4056.00,4061.80,,4055.95,,,901290,3646260796.60,63017,F1,1,,,,,
2026-08-07,2026-08-07,CM,NSE,STK,21713,INE670X01014,LASA,EQ,,,,,LASA SUPERGENERICS LTD,8.17,8.17,7.85,7.99,7.96,7.85,,7.99,,,18259,146003.31,96,F1,1,,,,,
2026-08-07,2026-08-07,CM,NSE,STK,764126,INE17IR01028,LASERPOWER,EQ,,,,,LASER POWER & INFRA LTD,293.00,297.70,290.90,295.10,296.50,292.00,,295.03,,,999456,294204346.00,12063,F1,1,,,,,
2026-08-07,2026-08-07,CM,NSE,STK,6818,INE0I7C01011,LATENTVIEW,EQ,,,,,LATENT VIEW ANALYTICS LTD,295.50,302.80,295.50,297.20,296.20,297.80,,297.20,,,386047,115445710.55,9412,F1,1,,,,,
2026-08-07,2026-08-07,CM,NSE,STK,15848,INE262Z01023,LATTEYS,BE,,,,,LATTEYS INDUSTRIES LTD,20.80,20.80,20.15,20.44,20.60,20.41,,20.44,,,10871,221203.13,106,F1,1,,,,,
2026-08-07,2026-08-07,CM,NSE,STK,19234,INE947Q01028,LAURUSLABS,EQ,,,,,LAURUS LABS LIMITED,1838.00,1856.00,1833.20,1844.30,1844.30,1830.00,,1844.97,,,1553067,2868800245.30,46628,F1,1,,,,,
2026-08-07,2026-08-07,CM,NSE,STK,6568,INE801V01019,LAXMICOT,EQ,,,,,LAXMI COTSPIN LIMITED,14.99,15.04,14.39,14.79,14.89,14.78,,14.79,,,12119,178553.37,75,F1,1,,,,,
2026-08-07,2026-08-07,CM,NSE,STK,29171,INE0WO601020,LAXMIDENTL,EQ,,,,,LAXMI DENTAL LIMITED,215.60,219.18,214.41,216.08,215.00,218.58,,216.11,,,85127,18414224.42,2990,F1,1,,,,,
2026-08-07,2026-08-07,CM,NSE,STK,19876,INE258Y01016,LGHL,EQ,,,,,LAXMI GOLDORNA HOUSE LTD,195.10,204.48,195.10,202.82,203.88,201.83,,202.82,,,18249,3674807.44,281,F1,1,,,,,
2026-08-07,2026-08-07,CM,NSE,STK,758865,INE06WU01026,LAXMIINDIA,BE,,,,,LAXMI INDIA FINANCE LTD,133.95,138.00,133.00,134.06,135.65,133.26,,134.05,,,241682,32822055.10,777,F1,1,,,,,
2026-08-07,2026-08-07,CM,NSE,STK,2841,INE576O01020,LXCHEM,EQ,,,,,LAXMI ORGANIC INDUS LTD,178.90,181.84,175.01,175.64,176.00,179.67,,175.65,,,913167,162585467.90,11343,F1,1,,,,,
2026-08-07,2026-08-07,CM,NSE,STK,7529,INE938A01021,LCCINFOTEC,EQ,,,,,LCC INFOTECH LTD,3.90,4.00,3.70,3.78,3.80,3.88,,3.78,,,86987,335603.26,201,F1,1,,,,,
2026-08-07,2026-08-07,CM,NSE,STK,760300,INE0G1L01025,LEMERITE,EQ,,,,,LE MERITE EXPORTS LIMITED,23.79,24.25,23.02,23.41,23.75,23.79,,23.41,,,282350,6699071.65,729,F1,1,,,,,
2026-08-07,2026-08-07,CM,NSE,STK,24067,INE0HV901016,IXIGO,EQ,,,,,LE TRAVENUES TECHNOLOGY L,196.00,199.73,171.48,176.25,176.50,202.67,,176.22,,,8410058,1520792646.53,95927,F1,1,,,,,
2026-08-07,2026-08-07,CM,NSE,STK,14204,INE0H4B01011,LRRPL,SM,,,,,LEAD REC AND RUB PROD LTD,84.60,87.00,84.60,84.60,84.60,89.00,,84.60,,,7500,638100.00,5,F1,1500,,,,,
2026-08-07,2026-08-07,CM,NSE,STK,757014,INE0AQ201015,THELEELA,EQ,,,,,LEELA PALACES HOTEL LTD,513.00,527.00,509.10,518.00,519.50,511.00,,517.95,,,495564,257071964.95,19050,F1,1,,,,,
2026-08-07,2026-08-07,CM,NSE,STK,2606,INE970X01018,LEMONTREE,EQ,,,,,LEMON TREE HOTELS LTD,112.30,112.40,110.55,111.01,110.96,112.79,,111.01,,,2864596,318569891.19,61076,F1,1,,,,,
2026-08-07,2026-08-07,CM,NSE,STK,759605,INE956O01016,LENSKART,EQ,,,,,LENSKART SOLUTIONS LTD,568.70,575.65,563.45,569.70,571.95,565.00,,569.70,,,3949084,2254441751.65,53356,F1,1,,,,,
2026-08-07,2026-08-07,CM,NSE,STK,14459,INE500X01013,LEXUS,EQ,,,,,LEXUS GRANITO (INDIA) LTD,14.79,15.24,14.58,15.09,15.19,14.79,,15.09,,,47673,712954.33,71,F1,1,,,,,
2026-08-07,2026-08-07,CM,NSE,STK,18321,INE337A01034,LGBBROSLTD,EQ,,,,,LG BALAKRISHNAN & BROS,1519.00,1535.20,1513.20,1523.50,1516.10,1520.40,,1523.60,,,18003,27452356.00,1628,F1,1,,,,,
2026-08-07,2026-08-07,CM,NSE,STK,760213,INE324D01010,LGEINDIA,EQ,,,,,LG ELECTRONICS INDIA LTD,1578.30,1592.00,1569.20,1586.50,1589.00,1578.30,,1586.43,,,138372,219479400.30,11770,F1,1,,,,,
2026-08-07,2026-08-07,CM,NSE,STK,11082,INE908V01012,LIBAS,EQ,,,,,LIBAS CONSU PRODUCTS LTD,10.10,10.10,9.69,9.78,9.85,9.71,,9.78,,,10527,102899.24,69,F1,1,,,,,
2026-08-07,2026-08-07,CM,NSE,STK,1994,INE557B01019,LIBERTSHOE,EQ,,,,,LIBERTY SHOES LTD,264.60,265.70,261.50,262.30,261.60,264.25,,262.36,,,14179,3739752.10,730,F1,1,,,,,
2026-08-07,2026-08-07,CM,NSE,STK,1997,INE115A01026,LICHSGFIN,EQ,,,,,LIC HOUSING FINANCE LTD,507.35,507.90,502.70,504.25,504.25,505.00,,504.25,,,1604722,810285678.65,32346,F1,1,,,,,
2026-08-07,2026-08-07,CM,NSE,STK,25640,INF767K01SM1,LICMFGOLD,EQ,,,,,LIC MF - LIC GOLD ETF,132.80,134.95,132.45,134.25,134.75,132.95,,134.25,,,54403,7265327.75,696,F1,1,,,,,
2026-08-07,2026-08-07,CM,NSE,STK,11319,INF767K01OS7,LICNETFN50,EQ,,,,,LICNAMC - LICNFENGP,276.77,276.96,274.95,275.05,275.05,275.59,,275.05,,,235,64837.82,23,F1,1,,,,,
2026-08-07,2026-08-07,CM,NSE,STK,11441,INF767K01OT5,LICNETFSEN,EQ,,,,,LICNAMC - LICNFESGP,892.39,892.39,889.00,890.59,889.98,893.00,,890.59,,,14,12469.84,11,F1,1,,,,,
2026-08-07,2026-08-07,CM,NSE,STK,15229,INF767K01PC8,LICNFNHGP,EQ,,,,,LICNAMC - LICNFNHGP,282.49,282.49,275.05,279.06,279.41,281.79,,279.08,,,1610,449490.49,53,F1,1,,,,,
2026-08-07,2026-08-07,CM,NSE,STK,6062,INF767K01MV5,LICNETFGSC,EQ,,,,,LICNAMC - LICNMFET,29.60,29.69,29.53,29.57,29.58,29.56,,29.57,,,15389,454954.90,75,F1,1,,,,,
2026-08-07,2026-08-07,CM,NSE,STK,22722,INF767K01RN1,LICNMID100,EQ,,,,,LICNAMC - LICNMID100,64.00,64.27,63.24,63.45,63.85,63.94,,63.45,,,7724,493586.07,73,F1,1,,,,,
2026-08-07,2026-08-07,CM,NSE,STK,9480,INE0J1Y01017,LICI,EQ,,,,,LIFE INSURA CORP OF INDIA,393.45,396.85,391.10,394.00,394.00,387.55,,393.97,,,36390176,14319716519.30,163306,F1,1,,,,,
2026-08-07,2026-08-07,CM,NSE,STK,578,INE060901027,LIKHITHA,EQ,,,,,LIKHITHA INFRASTRUC LTD,220.06,224.93,218.81,221.93,220.20,220.06,,221.94,,,50915,11260491.78,1237,F1,1,,,,,
2026-08-07,2026-08-07,CM,NSE,STK,6951,INE802B01027,LINC,EQ,,,,,LINC LIMITED,100.13,100.90,99.01,99.86,100.00,101.30,,99.85,,,35583,3552405.23,676,F1,1,,,,,
2026-08-07,2026-08-07,CM,NSE,STK,11596,INE405C01035,LINCOLN,EQ,,,,,LINCOLN PHARMA LTD,602.00,608.25,591.50,600.15,603.30,606.20,,600.42,,,22325,13382572.00,1156,F1,1,,,,,
2026-08-07,2026-08-07,CM,NSE,STK,1627,INE473A01011,LINDEINDIA,EQ,,,,,LINDE INDIA LIMITED,7150.00,7206.00,7057.00,7112.50,7057.00,7152.50,,7112.35,,,20724,147890603.00,4916,F1,1,,,,,
2026-08-07,2026-08-07,CM,NSE,STK,17801,INE093R01011,LLOYDSENGG,EQ,,,,,LLOYDS ENGG WORK LIMITED,91.00,97.60,90.75,96.88,97.20,88.46,,96.88,,,64356610,6146283294.25,207908,F1,1,,,,,
2026-08-07,2026-08-07,CM,NSE,STK,25807,INE080I01025,LLOYDSENT,EQ,,,,,LLOYDS ENTERPRISES LTD,80.10,83.90,80.10,83.50,83.25,79.48,,83.50,,,9148520,757623769.71,28440,F1,1,,,,,
2026-08-07,2026-08-07,CM,NSE,STK,11476,INE0DTQ01028,LLOYDS,ST,,,,,LLOYDS LUXURIES LIMITED,67.75,67.75,61.60,67.50,67.50,64.70,,67.50,,,6000,399600.00,6,F1,1000,,,,,
2026-08-07,2026-08-07,CM,NSE,STK,17313,INE281B01032,LLOYDSME,EQ,,,,,LLOYDS METALS N ENERGY L,2070.00,2109.90,2055.60,2101.20,2109.90,2059.00,,2101.14,,,609118,1273329941.50,29620,F1,1,,,,,
2026-08-07,2026-08-07,CM,NSE,STK,1979,INE269B01029,LMW,EQ,,,,,LMW LIMITED,16770.00,16770.00,16550.00,16629.00,16700.00,16635.00,,16627.46,,,1094,18193064.00,538,F1,1,,,,,
2026-08-07,2026-08-07,CM,NSE,STK,3220,INE670K01029,LODHA,EQ,,,,,LODHA DEVELOPERS LIMITED,1214.00,1225.00,1204.70,1218.70,1218.70,1214.00,,1218.63,,,890480,1080959143.40,25695,F1,1,,,,,
2026-08-07,2026-08-07,CM,NSE,STK,764296,INE0QJW01029,LCL,EQ,,,,,LOHIA CORP LIMITED,533.90,555.60,521.10,530.30,523.00,531.45,,530.22,,,1320324,713197059.80,47624,F1,1,,,,,
2026-08-07,2026-08-07,CM,NSE,STK,13439,INE397H01017,LOKESHMACH,BE,,,,,LOKESH MACHINES LTD,344.85,344.85,338.00,344.40,344.40,344.85,,349.40,,,19283,6617657.35,95,F1,1,,,,,
2026-08-07,2026-08-07,CM,NSE,STK,18232,INE846D01012,LORDSCHLO,EQ,,,,,LORDS CHLORO ALKALI LTD,146.03,149.00,142.05,144.13,145.90,144.63,,144.12,,,16675,2428793.43,920,F1,1,,,,,
2026-08-07,2026-08-07,CM,NSE,STK,14924,INE740X01023,LAL,EQ,,,,,LORENZINI APPARELS LTD,8.80,9.98,8.64,8.78,8.70,8.80,,8.78,,,213814,1864074.77,373,F1,1,,,,,
2026-08-07,2026-08-07,CM,NSE,STK,16807,INE947I01017,LOTUSEYE,EQ,,,,,LOTUS EYE HOSP & INST L,117.24,119.00,115.86,118.82,117.52,117.24,,118.81,,,13169,1551818.64,302,F1,1,,,,,
2026-08-07,2026-08-07,CM,NSE,STK,22415,INE597L01014,LOVABLE,EQ,,,,,LOVABLE LINGERIE LTD,74.50,74.50,72.02,72.55,72.02,74.08,,72.55,,,9775,712186.69,155,F1,1,,,,,
2026-08-07,2026-08-07,CM,NSE,STK,10590,INE970D01010,LOYALTEX,EQ,,,,,LOYAL TEXTILE MILLS LTD,214.00,215.00,214.00,215.00,215.00,214.53,,215.00,,,462,99036.65,16,F1,1,,,,,
2026-08-07,2026-08-07,CM,NSE,STK,13816,INE818H01020,LTFOODS,EQ,,,,,LT FOODS LIMITED,418.90,432.15,415.50,427.55,432.00,419.40,,427.60,,,643817,273408072.15,20089,F1,1,,,,,
2026-08-07,2026-08-07,CM,NSE,STK,17818,INE214T01019,LTM,EQ,,,,,LTM LIMITED,4542.00,4688.00,4542.00,4658.10,4658.10,4528.00,,4658.15,,,643855,2987376687.10,55509,F1,1,,,,,
2026-08-07,2026-08-07,CM,NSE,STK,14014,INE872H01027,LUMAXTECH,EQ,,,,,LUMAX AUTO TECH LTD,1698.00,1755.00,1690.50,1722.40,1725.00,1698.30,,1722.38,,,165034,285237638.90,19140,F1,1,,,,,
2026-08-07,2026-08-07,CM,NSE,STK,2018,INE162B01018,LUMAXIND,EQ,,,,,LUMAX INDUSTRIES LTD,5850.00,5850.00,5703.00,5791.50,5800.00,5799.50,,5791.20,,,21031,121815723.00,6287,F1,1,,,,,
2026-08-07,2026-08-07,CM,NSE,STK,10440,INE326A01037,LUPIN,EQ,,,,,LUPIN LIMITED,2410.00,2410.00,2346.00,2363.50,2363.50,2385.00,,2363.48,,,2046981,4879228652.00,89995,F1,1,,,,,
2026-08-07,2026-08-07,CM,NSE,STK,11301,INE150G01020,LUXIND,EQ,,,,,LUX INDUSTRIES LIMITED,1269.60,1303.60,1265.10,1269.40,1273.90,1266.40,,1269.39,,,31888,40806592.40,2865,F1,1,,,,,
2026-08-07,2026-08-07,CM,NSE,STK,7248,INE933A01014,LYKALABS,BE,,,,,LYKA LABS LTD.,68.10,68.10,66.74,66.74,66.74,68.10,,67.18,,,6036,403245.66,47,F1,1,,,,,
2026-08-07,2026-08-07,CM,NSE,STK,758150,INE08N601015,MBEL,EQ,,,,,M AND B ENGINEERING LTD,287.00,306.95,287.00,298.50,300.00,288.25,,298.50,,,385682,115713027.75,13111,F1,1,,,,,
2026-08-07,2026-08-07,CM,NSE,STK,16736,INE964W01021,MKPL,EQ,,,,,M K PROTEINS LIMITED,4.19,4.22,4.14,4.21,4.22,4.14,,4.21,,,79831,334420.61,253,F1,1,,,,,
2026-08-07,2026-08-07,CM,NSE,STK,22360,INE813V01022,MCL,EQ,,,,,M TEK COPPER LIMITED,57.57,60.46,57.00,58.31,58.70,57.57,,58.31,,,75778,4458697.71,1312,F1,1,,,,,
2026-08-07,2026-08-07,CM,NSE,STK,13285,INE774D01024,M&MFIN,EQ,,,,,M&M FIN. SERVICES LTD,388.80,409.70,386.85,408.45,408.10,388.80,,408.45,,,4874880,1959969470.60,76947,F1,1,,,,,
2026-08-07,2026-08-07,CM,NSE,STK,22976,INE0SGC01015,MVKAGRO,SM,,,,,M.V.K. AGRO FOOD PROD LTD,242.10,242.10,242.10,242.10,242.10,254.80,,242.10,,,15300,3704130.00,24,F1,300,,,,,
2026-08-07,2026-08-07,CM,NSE,STK,15017,INE215I01027,MAANALU,EQ,,,,,MAAN ALUMINIUM LIMITED,129.50,129.50,124.00,124.43,124.00,128.76,,124.43,,,53406,6728207.54,1107,F1,1,,,,,
2026-08-07,2026-08-07,CM,NSE,STK,762782,INE435D01014,MCCHRLS-B,EQ,,,,,MAC CHARLES (INDIA) LTD.,704.00,704.00,675.00,679.85,675.00,675.90,,684.69,,,142,97277.90,21,F1,1,,,,,
2026-08-07,2026-08-07,CM,NSE,STK,24545,INE0R0J01010,MACOBSTECH,SM,,,,,MACOBS TECHNOLOGIES LTD,212.00,212.00,209.10,210.55,209.10,209.10,,210.55,,,1600,336880.00,2,F1,800,,,,,
2026-08-07,2026-08-07,CM,NSE,STK,22347,INE155Z01011,MACPOWER,EQ,,,,,MACPOWER CNC MACHINES LTD,1570.00,1708.00,1561.00,1681.10,1682.00,1581.00,,1681.10,,,148323,247994507.60,14120,F1,1,,,,,
2026-08-07,2026-08-07,CM,NSE,STK,762767,INE631R01026,MADHAVIPL,EQ,,,,,MADHAV INFRA PROJECTS L,7.95,7.95,7.65,7.78,7.75,7.78,,7.76,,,83126,646957.53,292,F1,1,,,,,
2026-08-07,2026-08-07,CM,NSE,STK,15151,INE925C01016,MADHAV,EQ,,,,,MADHAV MARBLE & GRANITE,34.85,36.36,34.00,34.34,34.05,35.74,,34.34,,,2597,89970.72,79,F1,1,,,,,
2026-08-07,2026-08-07,CM,NSE,STK,13668,INE378D01032,MADHUCON,BE,,,,,MADHUCON PROJECTS LTD.,5.48,5.48,5.23,5.29,5.33,5.25,,5.29,,,11655,62332.10,15,F1,1,,,,,
2026-08-07,2026-08-07,CM,NSE,STK,18738,INE0P6701019,MADHUSUDAN,ST,,,,,MADHUSUDAN MASALA LIMITED,223.70,230.80,223.70,225.30,225.30,223.70,,225.30,,,7000,1596700.00,7,F1,1000,,,,,
2026-08-07,2026-08-07,CM,NSE,STK,12686,INE900L01028,MBAPL,EQ,,,,,MADHYA BHARAT AGRO P. LTD,161.00,161.99,157.05,158.09,157.50,160.39,,158.09,,,294462,46961178.87,4100,F1,1,,,,,
2026-08-07,2026-08-07,CM,NSE,STK,4911,INE414A01015,MADRASFERT,EQ,,,,,MADRAS FERTILISERS LTD,66.51,67.08,66.30,66.41,66.30,67.08,,66.45,,,21466,1429406.51,466,F1,1,,,,,
2026-08-07,2026-08-07,CM,NSE,STK,762772,INE270B01035,MAFATIND,EQ,,,,,MAFATLAL INDUSTRIES LTD.,133.50,138.60,131.05,132.13,133.07,133.05,,132.15,,,199525,26752851.23,2889,F1,1,,,,,
2026-08-07,2026-08-07,CM,NSE,STK,21392,INE347W01011,MAGADSUGAR,EQ,,,,,MAGADH SUGAR & ENERGY LTD,511.90,524.85,510.10,512.85,510.50,517.60,,512.85,,,15863,8180081.15,803,F1,1,,,,,
2026-08-07,2026-08-07,CM,NSE,STK,29482,INE613C01026,MCLOUD,EQ,,,,,MAGELLANIC CLOUD LIMITED,29.00,30.17,28.60,29.68,29.69,28.95,,29.68,,,3865854,114148376.08,8174,F1,1,,,,,
2026-08-07,2026-08-07,CM,NSE,STK,14957,INE387I01016,MAGNUM,EQ,,,,,MAGNUM VENTURES LTD.,19.89,20.00,19.32,19.32,19.32,19.51,,19.32,,,66049,1288159.90,136,F1,1,,,,,
2026-08-07,2026-08-07,CM,NSE,STK,17088,INE0O1S01012,MAGSON,SM,,,,,MAGSON RETAIL AND DIST L,180.00,180.00,180.00,180.00,180.00,180.00,,180.00,,,11000,1980000.00,4,F1,1000,,,,,
2026-08-07,2026-08-07,CM,NSE,STK,5239,INE843B01013,MAHAPEXLTD,EQ,,,,,MAHA RASHTRA APEX COPR. L,44.20,45.95,44.20,44.38,44.68,44.88,,44.37,,,4564,203391.74,67,F1,1,,,,,
2026-08-07,2026-08-07,CM,NSE,STK,24937,INE0US801024,MFML,EQ,,,,,MAHALAXMI FABRIC MILLS LT,19.00,19.99,18.46,19.55,19.63,19.44,,19.55,,,7234,138950.43,150,F1,1,,,,,
2026-08-07,2026-08-07,CM,NSE,STK,7886,INE112D01035,MHLXMIRU,EQ,,,,,MAHALAXMI RUBTECH LIMITED,155.19,155.79,150.49,151.19,150.49,156.34,,151.08,,,6669,1017812.39,239,F1,1,,,,,
2026-08-07,2026-08-07,CM,NSE,STK,17527,INE451L01014,MAHASTEEL,EQ,,,,,MAHAMAYA STEEL INDS LTD,1020.00,1049.40,991.60,1046.30,1035.00,1024.10,,1046.49,,,11772,12067768.70,1031,F1,1,,,,,
2026-08-07,2026-08-07,CM,NSE,STK,17534,INE002S01010,MGL,EQ,,,,,MAHANAGAR GAS LTD.,1128.00,1144.00,1116.00,1139.60,1143.80,1123.70,,1139.40,,,531620,603534281.90,15801,F1,1,,,,,
2026-08-07,2026-08-07,CM,NSE,STK,2294,INE153A01019,MTNL,EQ,,,,,MAHANAGAR TELEPHONE NIGAM,27.78,27.99,27.53,27.81,27.73,27.69,,27.81,,,359254,9942002.37,1695,F1,1,,,,,
2026-08-07,2026-08-07,CM,NSE,STK,2085,INE288A01013,MAHSCOOTER,EQ,,,,,MAHARASHTRA SCOOTERS LTD,13867.00,13903.00,13665.00,13818.00,13846.00,13817.00,,13817.16,,,2629,36334743.00,917,F1,1,,,,,
2026-08-07,2026-08-07,CM,NSE,STK,2088,INE271B01025,MAHSEAMLES,EQ,,,,,MAHARASHTRA SEAMLESS LTD,586.00,598.80,574.45,589.70,587.60,583.80,,589.71,,,137498,81230289.35,8835,F1,1,,,,,
2026-08-07,2026-08-07,CM,NSE,STK,758688,INE632Q01018,MRIL,ST,,,,,MAHENDRA REALTO & INFRA L,69.50,69.90,66.30,69.90,69.90,69.70,,69.90,,,8000,541280.00,5,F1,1600,,,,,
2026-08-07,2026-08-07,CM,NSE,STK,9577,INE263W01010,MAHESHWARI,BE,,,,,MAHESHWARI LOGISTICS LTD.,72.00,73.00,71.58,72.86,73.00,73.00,,72.86,,,17442,1266910.37,39,F1,1,,,,,
2026-08-07,2026-08-07,CM,NSE,STK,2031,INE101A01026,M&M,EQ,,,,,MAHINDRA & MAHINDRA LTD,3405.00,3504.90,3402.10,3502.00,3502.00,3406.00,,3502.00,,,3299237,11466530119.50,162070,F1,1,,,,,
2026-08-07,2026-08-07,CM,NSE,STK,17603,INE215D01010,MAHEPC,EQ,,,,,MAHINDRA EPC IRRIG LTD,109.00,110.00,107.21,108.22,108.04,107.70,,108.22,,,31900,3475694.62,628,F1,1,,,,,
2026-08-07,2026-08-07,CM,NSE,STK,17333,INE998I01010,MHRIL,EQ,,,,,MAHINDRA HOLIDAYS LTD,229.60,231.75,226.60,229.66,229.00,230.98,,229.65,,,69548,15904742.53,3416,F1,1,,,,,
2026-08-07,2026-08-07,CM,NSE,STK,8050,INE813A01018,MAHLIFE,EQ,,,,,MAHINDRA LIFESPACE DEVLTD,386.40,396.40,384.00,386.55,384.00,386.40,,386.53,,,104547,40705981.35,4885,F1,1,,,,,
2026-08-07,2026-08-07,CM,NSE,STK,385,INE766P01016,MAHLOG,EQ,,,,,MAHINDRA LOGISTIC LIMITED,410.00,418.40,400.50,402.70,400.50,413.90,,402.71,,,774852,316863301.25,15563,F1,1,,,,,
2026-08-07,2026-08-07,CM,NSE,STK,24538,INE683C01011,MAITHANALL,EQ,,,,,MAITHAN ALLOYS LTD,974.70,976.00,959.50,973.35,970.70,967.70,,973.11,,,34313,33282460.25,1937,F1,1,,,,,
2026-08-07,2026-08-07,CM,NSE,STK,762780,INE201B01022,MAJESAUT,BE,,,,,MAJESTIC AUTO LTD.,495.45,498.90,475.00,492.15,493.85,495.45,,491.73,,,42665,20908317.30,1247,F1,1,,,,,
2026-08-07,2026-08-07,CM,NSE,STK,11218,INE0CDK01019,MAKS,SM,,,,,MAKS ENERGY SOL INDIA LTD,17.20,17.20,17.20,17.20,17.20,17.20,,17.20,,,3000,51600.00,1,F1,1500,,,,,
2026-08-07,2026-08-07,CM,NSE,STK,7965,INE389C01015,MALLCOM,EQ,,,,,MALLCOM (INDIA) LIMITED,1010.00,1010.00,980.00,994.45,1000.00,1015.10,,994.32,,,1671,1662981.95,190,F1,1,,,,,
2026-08-07,2026-08-07,CM,NSE,STK,13352,INE383H01017,MALUPAPER,EQ,,,,,MALU PAPER MILLS LIMITED,33.75,33.75,32.41,32.68,32.42,33.75,,32.68,,,15348,502886.77,165,F1,1,,,,,
2026-08-07,2026-08-07,CM,NSE,STK,28687,INE0TO701015,MAMATA,EQ,,,,,MAMATA MACHINERY LIMITED,421.15,429.50,421.15,428.20,428.00,425.10,,428.19,,,95858,40904065.25,3158,F1,1,,,,,
2026-08-07,2026-08-07,CM,NSE,STK,7413,INE830Q01018,MANAKCOAT,EQ,,,,,MAN COAT METAL & IND LTD,113.00,117.99,113.00,114.51,114.00,113.87,,114.49,,,377545,43367929.98,3286,F1,1,,,,,
2026-08-07,2026-08-07,CM,NSE,STK,11884,INE993A01026,MANINDS,EQ,,,,,MAN INDUSTRIES (I) LTD.,551.30,564.90,548.00,555.05,555.00,552.20,,555.05,,,378805,211258009.55,11097,F1,1,,,,,
2026-08-07,2026-08-07,CM,NSE,STK,18226,INE949H01023,MANINFRA,EQ,,,,,MAN INFRA LTD,111.15,117.30,111.10,113.85,113.90,110.41,,113.82,,,4913160,563776827.99,19649,F1,1,,,,,
2026-08-07,2026-08-07,CM,NSE,STK,7420,INE859Q01017,MANAKALUCO,EQ,,,,,MANAK ALUMINIUM CO. LTD.,38.66,41.89,37.15,40.48,41.63,38.36,,40.47,,,392723,15285566.22,2144,F1,1,,,,,
2026-08-07,2026-08-07,CM,NSE,STK,15199,INE015D01022,MANAKSIA,EQ,,,,,MANAKSIA LTD.,57.02,57.50,56.02,56.97,57.49,57.26,,56.95,,,12223,696023.01,262,F1,1,,,,,
2026-08-07,2026-08-07,CM,NSE,STK,7463,INE824Q01011,MANAKSTEEL,EQ,,,,,MANAKSIA STEELS LTD,88.84,89.90,83.73,84.43,83.73,88.13,,84.40,,,175980,15289350.15,1523,F1,1,,,,,
2026-08-07,2026-08-07,CM,NSE,STK,13796,INE201A01024,MANALIPETC,EQ,,,,,MANALI PETROCHEMICALS LT,65.22,65.90,64.01,64.64,64.60,65.54,,64.66,,,233379,15184324.44,2491,F1,1,,,,,
2026-08-07,2026-08-07,CM,NSE,STK,19061,INE522D01027,MANAPPURAM,EQ,,,,,MANAPPURAM FINANCE LTD,364.55,368.50,358.50,366.75,366.75,364.00,,366.74,,,2588647,942784788.85,21485,F1,1,,,,,
2026-08-07,2026-08-07,CM,NSE,STK,759354,INE0U4H01011,MPEL,ST,,,,,MANAS POLYMER N ENERGIE L,36.75,36.75,36.75,36.75,36.75,36.70,,36.75,,,14400,529200.00,1,F1,1600,,,,,
2026-08-07,2026-08-07,CM,NSE,STK,21697,INE104Y01012,MANAV,SM,,,,,MANAV INFRA PROJECTS LTD,23.45,23.45,23.45,23.45,23.45,22.35,,23.45,,,4000,93800.00,1,F1,4000,,,,,
2026-08-07,2026-08-07,CM,NSE,STK,25597,INE939X01013,MANBA,EQ,,,,,MANBA FINANCE LIMITED,132.35,135.41,131.00,131.77,131.00,133.08,,131.76,,,68064,9009107.29,686,F1,1,,,,,
2026-08-07,2026-08-07,CM,NSE,STK,23779,INE0R3T01013,MANDEEP,SM,,,,,MANDEEP AUTO INDUSTRIES L,20.15,20.90,19.10,20.90,20.90,19.95,,20.90,,,16000,323700.00,8,F1,2000,,,,,
2026-08-07,2026-08-07,CM,NSE,STK,24823,INE545L01039,MANCREDIT,EQ,,,,,MANGAL CREDIT N FINCORP L,277.64,287.27,236.79,240.09,242.50,252.56,,240.08,,,1084531,284673124.69,20742,F1,1,,,,,
2026-08-07,2026-08-07,CM,NSE,STK,758748,INE0PKD01011,MEIL,EQ,,,,,MANGAL ELECTRICAL IND L,276.00,287.95,274.30,276.40,277.00,276.00,,276.43,,,31690,8907942.30,1388,F1,1,,,,,
2026-08-07,2026-08-07,CM,NSE,STK,19134,INE00C401011,MAL,SM,,,,,MANGALAM ALLOYS LIMITED,31.95,31.95,30.50,31.25,31.85,31.80,,31.25,,,30400,957920.00,16,F1,1600,,,,,
2026-08-07,2026-08-07,CM,NSE,STK,2106,INE347A01017,MANGLMCEM,EQ,,,,,MANGALAM CEMENT LTD,941.40,944.95,930.65,938.15,944.95,941.15,,938.20,,,34470,32239662.10,744,F1,1,,,,,
2026-08-07,2026-08-07,CM,NSE,STK,11817,INE584F01014,MANGALAM,EQ,,,,,MANGALAM DRUG & CHEM LTD,28.00,28.30,27.15,27.19,27.15,27.01,,27.13,,,23709,654057.37,203,F1,1,,,,,
2026-08-07,2026-08-07,CM,NSE,STK,1598,INE0APB01032,MGEL,BE,,,,,MANGALAM GLOBAL ENT LTD,14.81,15.29,14.50,14.57,14.68,15.02,,14.57,,,194801,2866027.00,297,F1,1,,,,,
2026-08-07,2026-08-07,CM,NSE,STK,6428,INE370D01013,MANORG,BE,,,,,MANGALAM ORGANICS LIMITED,464.95,469.50,452.90,457.90,458.00,459.50,,458.00,,,5309,2447160.00,138,F1,1,,,,,
2026-08-07,2026-08-07,CM,NSE,STK,759169,INE0JYY01029,MWL,EQ,,,,,MANGALAM WORLDWIDE LTD,43.50,43.94,42.25,42.30,42.25,43.04,,42.30,,,4283404,183578006.50,4729,F1,1,,,,,
2026-08-07,2026-08-07,CM,NSE,STK,24629,INE0R3101011,MIEL,SM,,,,,MANGLAM INFRA & ENG LTD,12.80,13.10,12.80,13.10,13.10,12.50,,13.10,,,4000,51800.00,2,F1,2000,,,,,
2026-08-07,2026-08-07,CM,NSE,STK,764357,INE459N01021,MANIPALHOS,EQ,,,,,MANIPAL HEALTH ENTERPRI L,651.35,691.80,650.00,677.95,674.00,650.50,,677.87,,,6241385,4218566363.65,121224,F1,1,,,,,
2026-08-07,2026-08-07,CM,NSE,STK,15380,INE634S01028,MANKIND,EQ,,,,,MANKIND PHARMA LIMITED,2430.00,2456.00,2415.60,2456.00,2456.00,2420.30,,2455.92,,,167663,408812908.80,10876,F1,1,,,,,
2026-08-07,2026-08-07,CM,NSE,STK,19015,INE0KNT01012,MVGJL,EQ,,,,,MANOJ VAIBHAV GEM N JEW L,168.29,174.60,165.13,169.95,170.25,165.82,,169.95,,,115202,19718194.36,3253,F1,1,,,,,
2026-08-07,2026-08-07,CM,NSE,STK,13753,INE784W01015,MANOMAY,EQ,,,,,MANOMAY TEX INDIA LTD,217.98,219.50,214.52,218.79,217.00,216.43,,218.81,,,127530,27793325.90,1640,F1,1,,,,,
2026-08-07,2026-08-07,CM,NSE,STK,10227,INE00VM01036,MANORAMA,EQ,,,,,MANORAMA INDUSTRIES LTD,1640.00,1706.90,1622.20,1636.20,1633.00,1623.90,,1635.77,,,450152,750406618.40,27619,F1,1,,,,,
2026-08-07,2026-08-07,CM,NSE,STK,13575,INE867A01022,MANUGRAPH,BE,,,,,MANUGRAPH INDIA LIMITED,15.90,16.50,15.50,16.14,16.15,16.22,,16.14,,,3103,49952.77,26,F1,1,,,,,
2026-08-07,2026-08-07,CM,NSE,STK,7040,INE882A01013,MARALOVER,BE,,,,,MARAL OVERSEAS LTD,53.86,55.14,51.17,54.51,54.47,53.86,,54.51,,,25256,1321626.41,110,F1,1,,,,,
2026-08-07,2026-08-07,CM,NSE,STK,18659,INE182D01020,MARATHON,EQ,,,,,MARATHON NXTGEN REALT LTD,386.15,392.00,382.50,386.10,385.00,385.80,,386.02,,,98796,38144673.45,1290,F1,1,,,,,
2026-08-07,2026-08-07,CM,NSE,STK,760453,INE0TD401015,MARC,SM,,,,,MARC TECHNOCRATS LIMITED,119.65,135.80,119.65,131.15,135.80,116.00,,131.15,,,48000,6097260.00,37,F1,1200,,,,,
2026-08-07,2026-08-07,CM,NSE,STK,18773,INE0QP001012,MARCO,SM,,,,,MARCO CABLE & CONDUCTOR L,31.00,33.50,31.00,33.50,33.50,31.00,,33.50,,,10500,335250.00,7,F1,1500,,,,,
2026-08-07,2026-08-07,CM,NSE,STK,4067,INE196A01026,MARICO,EQ,,,,,MARICO LIMITED,860.95,863.95,852.40,862.00,862.00,860.00,,862.07,,,1151946,988307999.60,38791,F1,1,,,,,
2026-08-07,2026-08-07,CM,NSE,STK,1328,INE01JE01028,MARINE,EQ,,,,,MARINE ELECTRICAL (I) LTD,322.00,344.95,321.30,336.90,338.90,321.85,,336.90,,,3869094,1304040022.85,74409,F1,1,,,,,
2026-08-07,2026-08-07,CM,NSE,STK,760204,INE0FW001016,MARKOLINES,EQ,,,,,MARKOLINES PAVEMENT TEC L,181.19,182.49,176.20,178.46,178.50,180.65,,178.46,,,163207,29487014.39,1455,F1,1,,,,,
2026-08-07,2026-08-07,CM,NSE,STK,10579,INE750C01026,MARKSANS,EQ,,,,,MARKSANS PHARMA LIMITED,267.25,275.40,267.25,273.85,273.50,268.90,,273.85,,,1012212,275572946.40,21029,F1,1,,,,,
2026-08-07,2026-08-07,CM,NSE,STK,761386,INE415B01044,MARSONS,EQ,,,,,MARSONS LIMITED,107.76,108.68,101.15,103.97,101.74,107.82,,103.97,,,2174787,230224226.97,11075,F1,1,,,,,
2026-08-07,2026-08-07,CM,NSE,STK,761042,INE0X7G01013,MARUSHIKA,SM,,,,,MARUSHIKA TECHNOLOGY LTD,103.00,103.70,102.95,103.00,103.00,103.00,,103.00,,,4800,495180.00,4,F1,1200,,,,,
2026-08-07,2026-08-07,CM,NSE,STK,10999,INE585B01010,MARUTI,EQ,,,,,MARUTI SUZUKI INDIA LTD.,13811.00,14038.00,13811.00,14037.00,14037.00,14080.00,,14037.03,,,324104,4527230169.00,41780,F1,1,,,,,
2026-08-07,2026-08-07,CM,NSE,STK,199,INE348L01012,MASFIN,EQ,,,,,MAS FINANCIAL SERV LTD,310.00,310.30,300.65,302.15,302.85,309.95,,302.16,,,131480,39984775.10,10259,F1,1,,,,,
2026-08-07,2026-08-07,CM,NSE,STK,18731,INE885F01015,MASKINVEST,BE,,,,,MASK INVESTMENTS LIMITED,144.40,159.50,144.40,157.00,157.00,152.00,,157.00,,,162,25458.80,7,F1,1,,,,,
2026-08-07,2026-08-07,CM,NSE,STK,24278,INE0SH001010,MASON,SM,,,,,MASON INFRATECH LIMITED,116.10,119.85,114.00,119.85,119.85,117.50,,119.85,,,9500,1105450.00,17,F1,500,,,,,
2026-08-07,2026-08-07,CM,NSE,STK,2124,INE759A01021,MASTEK,EQ,,,,,MASTEK LTD,1830.00,1884.80,1824.20,1832.00,1833.00,1823.00,,1831.97,,,83369,154826575.70,12616,F1,1,,,,,
2026-08-07,2026-08-07,CM,NSE,STK,19011,INE0OJM01017,MASTER,SM,,,,,MASTER COMPONENTS LIMITED,498.75,498.75,497.00,497.00,497.00,475.00,,497.00,,,1500,746375.00,3,F1,500,,,,,
2026-08-07,2026-08-07,CM,NSE,STK,27047,INE677D01037,MASTERTR,EQ,,,,,MASTER TRUST LIMITED,80.14,80.99,78.25,79.65,78.86,80.14,,79.65,,,120126,9605987.45,1127,F1,1,,,,,
2026-08-07,2026-08-07,CM,NSE,STK,21726,INE866R01028,MATRIMONY,EQ,,,,,MATRIMONY.COM LIMITED,448.05,490.00,448.05,480.80,477.60,447.90,,480.79,,,193716,91296968.95,4222,F1,1,,,,,
2026-08-07,2026-08-07,CM,NSE,STK,759945,INE132901013,MGSL,SM,,,,,MATRIX GEO SOLUTIONS LTD,76.95,76.95,75.75,75.75,75.75,75.75,,75.75,,,10800,819960.00,7,F1,1200,,,,,
2026-08-07,2026-08-07,CM,NSE,STK,17026,INE636A01039,MAWANASUG,BE,,,,,MAWANA SUGARS LIMITED,111.00,116.95,110.00,115.83,116.85,113.20,,115.81,,,69077,7888291.09,305,F1,1,,,,,
2026-08-07,2026-08-07,CM,NSE,STK,19646,INE03EI01018,MAXESTATES,EQ,,,,,MAX ESTATES LIMITED,410.45,410.70,396.00,397.10,396.00,409.40,,397.09,,,32038,12820073.10,1983,F1,1,,,,,
2026-08-07,2026-08-07,CM,NSE,STK,2142,INE180A01020,MFSL,EQ,,,,,MAX FINANCIAL SERV LTD,1510.00,1524.00,1497.40,1497.40,1497.40,1518.80,,1497.40,,,359409,543130386.10,17354,F1,1,,,,,
2026-08-07,2026-08-07,CM,NSE,STK,22377,INE027H01010,MAXHEALTH,EQ,,,,,MAX HEALTHCARE INS LTD,1070.00,1084.30,1067.00,1070.00,1070.00,1072.40,,1070.01,,,1189799,1275471540.90,23562,F1,1,,,,,
2026-08-07,2026-08-07,CM,NSE,STK,22428,INE0CG601016,MAXIND,EQ,,,,,MAX INDIA LIMITED,173.50,174.29,171.00,171.08,171.90,172.82,,171.10,,,50333,8671675.68,1430,F1,1,,,,,
2026-08-07,2026-08-07,CM,NSE,STK,21691,INE0ECC01022,MAXPOSURE,SM,,,,,MAXPOSURE LIMITED,34.35,34.35,34.35,34.35,34.35,33.00,,34.35,,,1000,34350.00,1,F1,1000,,,,,
2026-08-07,2026-08-07,CM,NSE,STK,29657,INE10A501018,MAXVOLT,ST,,,,,MAXVOLT ENERGY INDUS L,335.85,354.00,332.50,346.25,346.70,338.65,,346.25,,,26800,9264360.00,62,F1,400,,,,,
2026-08-07,2026-08-07,CM,NSE,STK,28906,INE040D01038,MAYURUNIQ,EQ,,,,,MAYUR UNIQUOTERS LTD,766.80,785.00,747.90,773.10,768.50,773.85,,773.11,,,157743,121114303.65,11342,F1,1,,,,,
2026-08-07,2026-08-07,CM,NSE,STK,509,INE249Z01020,MAZDOCK,EQ,,,,,MAZAGON DOCK SHIPBUIL LTD,2530.00,2558.00,2496.90,2514.90,2514.90,2530.00,,2513.34,,,1078657,2722122127.20,36655,F1,1,,,,,
2026-08-07,2026-08-07,CM,NSE,STK,18870,INE885E01042,MAZDA,BE,,,,,MAZDA LIMITED,228.35,233.70,228.35,231.23,231.00,228.35,,230.66,,,6089,1407563.35,141,F1,1,,,,,
2026-08-07,2026-08-07,CM,NSE,STK,18033,INE912H01013,MBLINFRA,BE,,,,,MBL INFRASTRUCTURE LTD,25.00,25.50,24.16,24.52,24.50,25.13,,24.55,,,21502,529717.48,113,F1,1,,,,,
2026-08-07,2026-08-07,CM,NSE,STK,11944,INE942G01012,MCLEODRUSS,BE,,,,,MCLEOD RUSSEL INDIA LTD.,46.55,49.04,45.10,49.04,49.04,46.71,,49.04,,,264508,12714798.80,414,F1,1,,,,,
2026-08-07,2026-08-07,CM,NSE,STK,14574,INE0O4M01019,MCON,SM,,,,,MCON RASAYAN INDIA LTD,42.50,42.50,42.45,42.50,42.50,41.00,,42.50,,,4000,169950.00,4,F1,1000,,,,,
2026-08-07,2026-08-07,CM,NSE,STK,21705,INE456Z01021,MEDIASSIST,EQ,,,,,MEDI ASSIST HEALTH SER L,369.20,370.15,364.35,364.95,365.00,367.15,,364.93,,,79223,28980178.30,2249,F1,1,,,,,
2026-08-07,2026-08-07,CM,NSE,STK,762805,INE200D01020,MMWL,BE,,,,,MEDIA MATRIX WORLDWIDE L,14.35,15.80,14.30,15.79,15.79,15.05,,15.79,,,217155,3402223.86,217,F1,1,,,,,
2026-08-07,2026-08-07,CM,NSE,STK,6278,INE646B01010,MEDICAMEQ,EQ,,,,,MEDICAMEN BIOTECH LIMITED,239.00,241.58,235.00,235.69,236.00,237.67,,235.69,,,7699,1827751.84,414,F1,1,,,,,
2026-08-07,2026-08-07,CM,NSE,STK,24239,INE0PE401018,MEDIORG,SM,,,,,MEDICAMEN ORGANICS LTD,25.65,25.65,25.65,25.65,25.65,27.00,,25.65,,,2000,51300.00,1,F1,2000,,,,,
2026-08-07,2026-08-07,CM,NSE,STK,9667,INE630Y01024,MEDICO,EQ,,,,,MEDICO REMEDIES LIMITED,48.40,48.40,46.00,46.98,46.30,47.72,,46.98,,,422822,19814267.59,1001,F1,1,,,,,
2026-08-07,2026-08-07,CM,NSE,STK,7254,INE804L01022,MEDPLUS,EQ,,,,,MEDPLUS HEALTH SERV LTD,690.20,704.95,681.00,700.25,700.10,690.20,,700.25,,,172872,120619126.85,13448,F1,1,,,,,
2026-08-07,2026-08-07,CM,NSE,STK,760229,INE0VDM01015,MEESHO,EQ,,,,,MEESHO LIMITED,185.20,191.96,185.10,191.35,191.20,186.17,,191.34,,,11848696,2241525111.11,78569,F1,1,,,,,
2026-08-07,2026-08-07,CM,NSE,STK,10971,INE0G1D01014,MEGAFLEX,SM,,,,,MEGA FLEX PLASTICS LTD,100.00,100.00,100.00,100.00,100.00,100.00,,100.00,,,1000,100000.00,1,F1,1000,,,,,
2026-08-07,2026-08-07,CM,NSE,STK,8153,INE00EM01016,MEGASTAR,EQ,,,,,MEGASTAR FOODS LIMITED,324.75,335.00,318.00,331.05,334.85,324.60,,331.11,,,2903,952608.65,300,F1,1,,,,,
2026-08-07,2026-08-07,CM,NSE,STK,22560,INE531R01010,MEGATHERM,SM,,,,,MEGATHERM INDUCTION LTD,206.00,211.45,206.00,208.20,208.20,208.00,,208.20,,,17600,3689760.00,29,F1,400,,,,,
2026-08-07,2026-08-07,CM,NSE,STK,5394,INE0CT101020,MOL,EQ,,,,,MEGHMANI ORGANICS LIMITED,52.19,53.00,51.88,52.62,53.00,52.28,,52.62,,,496641,26030313.03,3450,F1,1,,,,,
2026-08-07,2026-08-07,CM,NSE,STK,6971,INE071D01033,MENONBE,BE,,,,,MENON BEARINGS LIMITED,228.68,239.00,228.68,237.35,237.80,229.82,,237.36,,,55057,12888690.09,561,F1,1,,,,,
2026-08-07,2026-08-07,CM,NSE,STK,762787,INE650G01029,MENNPIS,EQ,,,,,MENON PISTONS LTD.,75.73,76.18,73.15,74.07,74.05,75.35,,74.08,,,49490,3709208.93,764,F1,1,,,,,
2026-08-07,2026-08-07,CM,NSE,STK,25882,INE776I01010,MEP,BZ,,,,,MEP INFRA. DEVELOPERS LTD,0.57,0.57,0.57,0.57,0.57,0.56,,0.58,,,4970,2832.90,12,F1,1,,,,,
2026-08-07,2026-08-07,CM,NSE,STK,762792,INE689O01013,MERCANTILE,EQ,,,,,MERCANTILE VENTURES LTD.,25.01,25.50,24.75,25.09,25.10,24.52,,25.08,,,870,21930.07,56,F1,1,,,,,
2026-08-07,2026-08-07,CM,NSE,STK,763663,INE763M01028,MERCURYEV,EQ,,,,,MERCURY EV-TECH LIMITED,35.30,36.73,34.50,34.95,35.60,35.73,,34.98,,,137391,4864700.38,1262,F1,1,,,,,
2026-08-07,2026-08-07,CM,NSE,STK,764278,INE1II801013,METALIC,ST,,,,,METALIC TECHNOFORGE LTD,115.00,115.00,110.35,110.35,110.35,116.15,,110.35,,,187200,20943120.00,105,F1,1600,,,,,
2026-08-07,2026-08-07,CM,NSE,STK,7242,INE317I01021,METROBRAND,EQ,,,,,METRO BRANDS LIMITED,981.10,988.80,969.20,972.50,973.00,981.10,,972.50,,,193668,188385234.80,5081,F1,1,,,,,
2026-08-07,2026-08-07,CM,NSE,STK,762797,INE085D01033,METROGLOBL,EQ,,,,,METROGLOBAL LTD.,135.02,138.00,133.02,134.49,136.00,135.02,,134.49,,,3203,434233.64,98,F1,1,,,,,
2026-08-07,2026-08-07,CM,NSE,STK,9581,INE112L01020,METROPOLIS,EQ,,,,,METROPOLIS HEALTHCARE LTD,560.00,572.60,559.25,563.20,562.30,564.60,,563.20,,,132288,74583019.90,11231,F1,1,,,,,
2026-08-07,2026-08-07,CM,NSE,STK,7165,INE287C01037,MICEL,BE,,,,,MIC ELECTRONICS LTD,37.49,37.49,36.80,37.08,37.20,37.30,,37.08,,,117400,4359124.97,905,F1,1,,,,,
2026-08-07,2026-08-07,CM,NSE,STK,759517,INE0XAD01024,MIDWESTLTD,EQ,,,,,MIDWEST LIMITED,1209.10,1218.90,1190.00,1197.00,1192.20,1203.70,,1196.99,,,5219,6253488.90,697,F1,1,,,,,
2026-08-07,2026-08-07,CM,NSE,STK,159,INE376Y01016,MILTON,SM,,,,,MILTON INDUSTRIES LIMITED,33.50,33.90,33.50,33.90,33.90,32.30,,33.90,,,4400,148280.00,2,F1,2200,,,,,
2026-08-07,2026-08-07,CM,NSE,STK,25897,INE842C01021,MINDACORP,EQ,,,,,MINDA CORPORATION LTD,716.00,729.90,700.70,721.65,716.20,716.90,,721.67,,,228207,163548331.65,14714,F1,1,,,,,
2026-08-07,2026-08-07,CM,NSE,STK,22308,INE0CCU25019,MINDSPACE,RR,,,,,MINDSPACE BUSINESS P REIT,490.98,497.40,490.98,495.12,495.05,494.98,,495.13,,,719116,356286038.51,4620,F1,1,,,,,
2026-08-07,2026-08-07,CM,NSE,STK,18049,INE110B01017,MINDTECK,EQ,,,,,MINDTECK (INDIA) LIMITED,195.04,198.50,190.35,192.05,191.50,196.51,,192.06,,,50561,9831823.64,1267,F1,1,,,,,
2026-08-07,2026-08-07,CM,NSE,STK,19640,INF769K01KU7,ALPHAETF,EQ,,,,,MIRAEAMC - ALPHAETF,26.35,26.60,26.35,26.50,26.57,26.45,,26.50,,,625998,16605497.13,699,F1,1,,,,,
2026-08-07,2026-08-07,CM,NSE,STK,17419,INF769K01KR3,BANKETF,EQ,,,,,MIRAEAMC - BANKETF,589.57,591.24,587.91,589.55,589.40,591.34,,589.55,,,2857,1683998.98,155,F1,1,,,,,
2026-08-07,2026-08-07,CM,NSE,STK,25725,INF769K01LZ4,BANKPSU,EQ,,,,,MIRAEAMC - BANKPSU,87.83,89.60,87.79,88.60,88.65,87.90,,88.59,,,20225,1788699.64,126,F1,1,,,,,
2026-08-07,2026-08-07,CM,NSE,STK,28969,INF769K01NS5,CONSUMER,EQ,,,,,MIRAEAMC - CONSUMER,12.16,12.40,12.13,12.22,12.17,12.19,,12.21,,,467958,5697291.27,373,F1,1,,,,,
2026-08-07,2026-08-07,CM,NSE,STK,761046,INF769K01QC2,DEFENCE,EQ,,,,,MIRAEAMC - DEFENCE,79.46,81.32,79.46,81.20,81.20,80.90,,81.20,,,128079,10374007.99,822,F1,1,,,,,
2026-08-07,2026-08-07,CM,NSE,STK,760412,INF769K01PY8,DIVIDEND,EQ,,,,,MIRAEAMC - DIVIDEND,37.13,37.13,36.40,36.52,36.54,36.40,,36.52,,,7617,278190.01,59,F1,1,,,,,
2026-08-07,2026-08-07,CM,NSE,STK,759780,INF769K01PR2,ENERGY,EQ,,,,,MIRAEAMC - ENERGY,39.29,39.29,38.81,38.89,38.89,38.85,,38.89,,,144419,5627357.93,943,F1,1,,,,,
2026-08-07,2026-08-07,CM,NSE,STK,30121,INF769K01OA1,EQUAL200,EQ,,,,,MIRAEAMC - EQUAL200,13.90,14.11,13.90,14.09,14.09,14.07,,14.09,,,15050,211931.04,45,F1,1,,,,,
2026-08-07,2026-08-07,CM,NSE,STK,757142,INF769K01OO2,EQUAL50,EQ,,,,,MIRAEAMC - EQUAL50,340.34,340.67,339.50,340.12,340.12,340.34,,340.47,,,40494,13782104.04,22,F1,1,,,,,
2026-08-07,2026-08-07,CM,NSE,STK,24461,INF769K01LQ3,EVINDIA,EQ,,,,,MIRAEAMC - EVINDIA,33.61,34.25,33.61,34.18,34.22,33.63,,34.18,,,484979,16521394.36,2257,F1,1,,,,,
2026-08-07,2026-08-07,CM,NSE,STK,760986,INF769K01QA6,HEALTHCARE,EQ,,,,,MIRAEAMC - HEALTHCARE,22.14,22.14,21.63,21.77,21.78,21.68,,21.77,,,35492,771277.95,171,F1,1,,,,,
2026-08-07,2026-08-07,CM,NSE,STK,764333,INF769K01RJ5,HYBRIDETF,EQ,,,,,MIRAEAMC - HYBRIDETF,10.24,10.24,10.11,10.12,10.13,10.14,,10.12,,,119799,1213704.29,71,F1,1,,,,,
2026-08-07,2026-08-07,CM,NSE,STK,761030,INF769K01QB4,INFRA,EQ,,,,,MIRAEAMC - INFRA,12.47,12.47,12.20,12.25,12.26,12.23,,12.25,,,56225,688225.86,150,F1,1,,,,,
2026-08-07,2026-08-07,CM,NSE,STK,758595,INF769K01PB6,INTERNET,EQ,,,,,MIRAEAMC - INTERNET,14.15,14.15,13.82,13.86,13.84,13.92,,13.86,,,207188,2876716.19,255,F1,1,,,,,
2026-08-07,2026-08-07,CM,NSE,STK,19633,INF769K01KV5,ITETF,EQ,,,,,MIRAEAMC - ITETF,33.17,33.69,33.12,33.42,33.42,32.98,,33.42,,,453602,15189350.82,771,F1,1,,,,,
2026-08-07,2026-08-07,CM,NSE,STK,17572,INF769K01KS1,LIQUID,EQ,,,,,MIRAEAMC - LIQUID,999.96,1000.00,999.96,999.99,1000.00,999.99,,1000.00,,,187585,187584509.94,328,F1,1,,,,,
2026-08-07,2026-08-07,CM,NSE,STK,27075,INF769K01MY5,LIQUIDPLUS,EQ,,,,,MIRAEAMC - LIQUIDPLUS,1098.05,1098.07,1098.05,1098.06,1098.05,1097.61,,1098.06,,,299917,329327991.98,460,F1,1,,,,,
2026-08-07,2026-08-07,CM,NSE,STK,1200,INF769K01GS9,ESG,EQ,,,,,MIRAEAMC - MAESGETF,42.46,42.51,42.22,42.37,42.38,42.50,,42.37,,,7122,301720.61,97,F1,1,,,,,
2026-08-07,2026-08-07,CM,NSE,STK,3507,INF769K01HF4,MAFANG,EQ,,,,,MIRAEAMC - MAFANG,206.30,206.30,205.91,206.29,206.30,205.91,,206.29,,,317269,65448744.03,6962,F1,1,,,,,
2026-08-07,2026-08-07,CM,NSE,STK,5220,INF769K01HI8,BFSI,EQ,,,,,MIRAEAMC - MAFSETF,27.30,28.13,27.30,27.61,27.71,27.95,,27.61,,,510634,14114555.33,1432,F1,1,,,,,
2026-08-07,2026-08-07,CM,NSE,STK,14286,INF769K01JP9,GOLDETF,EQ,,,,,MIRAEAMC - MAGOLDETF,143.77,145.24,143.10,145.03,144.87,143.77,,145.03,,,754491,109054607.25,5340,F1,1,,,,,
2026-08-07,2026-08-07,CM,NSE,STK,14938,INF769K01KF8,GSEC10YEAR,EQ,,,,,MIRAEAMC - MAGS813ETF,30.70,30.70,30.65,30.65,30.65,30.55,,30.65,,,67,2056.60,15,F1,1,,,,,
2026-08-07,2026-08-07,CM,NSE,STK,7074,INF769K01HS7,MAHKTECH,EQ,,,,,MIRAEAMC - MAHKTECH,24.10,24.10,23.65,23.83,23.75,23.91,,23.83,,,712385,17017087.80,4923,F1,1,,,,,
2026-08-07,2026-08-07,CM,NSE,STK,8413,INF769K01IC9,MIDCAPETF,EQ,,,,,MIRAEAMC - MAM150ETF,24.45,24.45,23.62,23.90,23.92,23.86,,23.88,,,2864632,68452866.99,4934,F1,1,,,,,
2026-08-07,2026-08-07,CM,NSE,STK,7979,INF769K01IB1,MAKEINDIA,EQ,,,,,MIRAEAMC - MAMFGETF,173.11,173.11,165.00,169.61,169.65,168.89,,169.61,,,89589,15173500.79,489,F1,1,,,,,
2026-08-07,2026-08-07,CM,NSE,STK,6353,INF769K01EG9,NIFTYETF,EQ,,,,,MIRAEAMC - MAN50ETF,268.47,268.47,267.00,267.49,267.37,268.33,,267.49,,,446356,119428499.66,1200,F1,1,,,,,
2026-08-07,2026-08-07,CM,NSE,STK,14786,INF769K01JU9,LOWVOL,EQ,,,,,MIRAEAMC - MANV30F,213.67,213.73,212.58,212.58,212.58,213.27,,212.58,,,348,74228.74,10,F1,1,,,,,
2026-08-07,2026-08-07,CM,NSE,STK,17181,INF769K01FN2,NEXT50,EQ,,,,,MIRAEAMC - MANXT50,769.92,772.50,768.88,770.55,772.29,769.91,,770.55,,,46458,35827700.94,1127,F1,1,,,,,
2026-08-07,2026-08-07,CM,NSE,STK,16777,INF769K01KG6,SILVERAG,EQ,,,,,MIRAEAMC - MASILVER,218.72,224.92,218.62,224.32,224.80,218.71,,224.32,,,196210,43707852.88,2602,F1,1,,,,,
2026-08-07,2026-08-07,CM,NSE,STK,5782,INF769K01HP3,MASPTOP50,EQ,,,,,MIRAEAMC - MASPTOP50,80.54,80.54,80.50,80.54,80.54,80.94,,80.54,,,444705,35816363.22,2625,F1,1,,,,,
2026-08-07,2026-08-07,CM,NSE,STK,25744,INF769K01LY7,METAL,EQ,,,,,MIRAEAMC - METAL,13.60,13.60,12.95,13.30,13.31,13.27,,13.30,,,1996186,26469912.05,4955,F1,1,,,,,
2026-08-07,2026-08-07,CM,NSE,STK,23855,INF769K01LJ8,MIDSMALL,EQ,,,,,MIRAEAMC - MIDSMALL,50.86,52.15,50.86,52.01,52.02,51.90,,52.01,,,328634,17082193.83,851,F1,1,,,,,
2026-08-07,2026-08-07,CM,NSE,STK,764198,INF769K01RC0,MOMMIDCAP,EQ,,,,,MIRAEAMC - MOMMIDCAP,12.85,12.94,12.85,12.90,12.91,12.89,,12.90,,,1069660,13804239.20,539,F1,1,,,,,
2026-08-07,2026-08-07,CM,NSE,STK,25080,INF769K01LX9,MULTICAP,EQ,,,,,MIRAEAMC - MULTICAP,16.63,17.03,16.54,16.99,17.00,16.97,,16.99,,,116072,1971773.10,476,F1,1,,,,,
2026-08-07,2026-08-07,CM,NSE,STK,30109,INF769K01ON4,SELECTIPO,EQ,,,,,MIRAEAMC - SELECTIPO,48.04,48.12,47.91,48.09,48.12,48.01,,48.09,,,39917,1918003.29,73,F1,1,,,,,
2026-08-07,2026-08-07,CM,NSE,STK,19224,INF769K01KT9,SENSEXETF,EQ,,,,,MIRAEAMC - SENSEXETF,81.13,81.38,81.01,81.09,81.09,81.43,,81.09,,,11563,938016.51,264,F1,1,,,,,
2026-08-07,2026-08-07,CM,NSE,STK,759814,INF769K01PQ4,SMALL250,EQ,,,,,MIRAEAMC - SMALL250,17.97,18.78,17.97,18.40,18.41,18.44,,18.40,,,341024,6278356.94,859,F1,1,,,,,
2026-08-07,2026-08-07,CM,NSE,STK,22832,INF769K01LC3,SMALLCAP,EQ,,,,,MIRAEAMC - SMALLCAP,47.52,48.45,47.03,47.94,48.12,48.25,,47.96,,,2339754,112680676.32,3229,F1,1,,,,,
2026-08-07,2026-08-07,CM,NSE,STK,760415,INF769K01PZ5,TOP20,EQ,,,,,MIRAEAMC - TOP20,9.36,9.36,9.10,9.11,9.11,9.14,,9.11,,,47333,431994.07,152,F1,1,,,,,
2026-08-07,2026-08-07,CM,NSE,STK,761511,INF769K01QV2,VALUE,EQ,,,,,MIRAEAMC - VALUE,16.24,16.57,16.24,16.48,16.53,16.44,,16.48,,,43821,721072.45,63,F1,1,,,,,
2026-08-07,2026-08-07,CM,NSE,STK,4394,INE771A01026,MIRZAINT,EQ,,,,,MIRZA INTERNATIONAL LIMIT,33.25,33.47,32.75,33.20,33.00,33.47,,33.18,,,167030,5541239.34,1502,F1,1,,,,,
2026-08-07,2026-08-07,CM,NSE,STK,2463,INE099Z01011,MIDHANI,EQ,,,,,MISHRA DHATU NIGAM LTD,433.00,440.40,432.00,435.15,434.95,434.25,,435.13,,,508711,221564042.70,15474,F1,1,,,,,
2026-08-07,2026-08-07,CM,NSE,STK,8475,INE828O01033,MITCON,BE,,,,,MITCON CON & ENG SER LTD,78.90,80.40,76.00,79.32,79.30,78.51,,79.32,,,2856,225802.35,31,F1,1,,,,,
2026-08-07,2026-08-07,CM,NSE,STK,18562,INE997Y01027,MITTAL,EQ,,,,,MITTAL LIFE STYLE LIMITED,0.90,0.92,0.90,0.90,0.91,0.91,,0.90,,,243904,221204.76,214,F1,1,,,,,
2026-08-07,2026-08-07,CM,NSE,STK,13844,INE227C01017,MMFL,EQ,,,,,MM FORGINGS LTD,604.00,644.70,599.95,629.10,620.05,603.55,,629.07,,,686456,432773176.90,25087,F1,1,,,,,
2026-08-07,2026-08-07,CM,NSE,STK,16395,INE511Y01018,MMP,EQ,,,,,MMP INDUSTRIES LIMITED,330.25,335.80,321.50,326.25,330.25,330.25,,326.25,,,65010,21283680.35,2323,F1,1,,,,,
2026-08-07,2026-08-07,CM,NSE,STK,17957,INE123F01029,MMTC,EQ,,,,,MMTC LIMITED,64.20,65.09,63.75,63.98,64.05,64.05,,63.98,,,1009089,64848504.34,6361,F1,1,,,,,
2026-08-07,2026-08-07,CM,NSE,STK,760199,INE1YNB01019,MOBILISE,ST,,,,,MOBILISE APP LAB LIMITED,115.90,115.90,115.90,115.90,115.90,115.90,,115.90,,,3200,370880.00,2,F1,1600,,,,,
2026-08-07,2026-08-07,CM,NSE,STK,2241,INE794W01014,MODTHREAD,EQ,,,,,MODERN THREADS INDIA LTD,48.25,48.25,48.24,48.24,48.24,48.24,,48.24,,,891,42984.23,9,F1,1,,,,,
2026-08-07,2026-08-07,CM,NSE,STK,760280,INE537F01012,MODINATUR,BE,,,,,MODI NATURALS LIMITED,387.00,403.00,387.00,391.35,391.20,391.35,,391.35,,,2006,794664.70,39,F1,1,,,,,
2026-08-07,2026-08-07,CM,NSE,STK,2229,INE832A01018,MODIRUBBER,EQ,,,,,MODI RUBBER LTD,130.00,131.00,125.10,126.08,126.75,121.11,,126.08,,,2163,276828.79,77,F1,1,,,,,
2026-08-07,2026-08-07,CM,NSE,STK,759752,INE0L0L01012,MODIS,EQ,,,,,MODIS NAVNIRMAN LTD,411.55,424.90,385.55,392.40,389.50,411.15,,392.40,,,174952,70608918.35,3776,F1,1,,,,,
2026-08-07,2026-08-07,CM,NSE,STK,3325,INE737D01021,MODISONLTD,BE,,,,,MODISON LIMITED,283.00,284.80,274.50,278.95,281.00,279.95,,279.31,,,40900,11339141.20,369,F1,1,,,,,
2026-08-07,2026-08-07,CM,NSE,STK,1426,INE450S01011,MHHL,SM,,,,,MOHINI HEALTH&HYGIENE LTD,35.15,35.15,35.15,35.15,35.15,37.00,,35.15,,,3000,105450.00,1,F1,1500,,,,,
2026-08-07,2026-08-07,CM,NSE,STK,29423,INE954E01012,MOHITIND,EQ,,,,,MOHIT INDUSTRIES LTD,25.25,28.10,23.51,27.30,28.00,25.51,,27.26,,,90993,2362270.82,455,F1,1,,,,,
2026-08-07,2026-08-07,CM,NSE,STK,20830,INE490G01020,MOIL,EQ,,,,,MOIL LIMITED,282.00,284.40,277.05,278.15,278.70,282.45,,278.18,,,503674,141436397.35,11160,F1,1,,,,,
2026-08-07,2026-08-07,CM,NSE,STK,3586,INE514Y01020,MOKSH,EQ,,,,,MOKSH ORNAMENTS LIMITED,11.31,11.31,10.77,11.05,11.20,11.14,,11.05,,,84652,927146.03,346,F1,1,,,,,
2026-08-07,2026-08-07,CM,NSE,STK,6713,INE893J01029,MOLDTKPAC,EQ,,,,,MOLD-TEK PACKAGING LTD,685.00,690.00,680.10,685.35,685.00,683.50,,685.37,,,33225,22796900.20,2088,F1,1,,,,,
2026-08-07,2026-08-07,CM,NSE,STK,17625,INE835B01035,MOLDTECH,EQ,,,,,MOLD-TEK TECHNOLOGIES LTD,201.70,204.40,188.35,191.41,188.35,198.60,,191.41,,,1238319,241833545.29,16771,F1,1,,,,,
2026-08-07,2026-08-07,CM,NSE,STK,7679,INE903D01011,MONARCH,EQ,,,,,MONARCH NETWORTH CAP LTD,394.75,394.75,386.50,390.65,388.00,388.60,,390.64,,,80487,31353708.35,2089,F1,1,,,,,
2026-08-07,2026-08-07,CM,NSE,STK,759381,INE296Q01012,MONEYBOXX,EQ,,,,,MONEYBOXX FINANCE LIMITED,63.85,63.85,61.00,61.05,61.00,62.68,,61.05,,,3185,195163.03,40,F1,1,,,,,
2026-08-07,2026-08-07,CM,NSE,STK,18392,INE0OIP01012,MONOPHARMA,SM,,,,,MONO PHARMACARE LIMITED,8.00,8.00,7.85,7.85,7.85,8.25,,7.85,,,56000,442100.00,25,F1,2000,,,,,
2026-08-07,2026-08-07,CM,NSE,STK,756958,INE1DV401010,MONOLITH,SM,,,,,MONOLITHISCH INDIA LTD,920.05,945.00,896.25,928.20,924.00,921.45,,928.20,,,33500,30650700.00,113,F1,250,,,,,
2026-08-07,2026-08-07,CM,NSE,STK,5938,INE950M01013,MONTECARLO,EQ,,,,,MONTE CARLO FASHIONS LTD.,499.00,502.50,494.95,499.70,500.00,498.95,,499.75,,,65640,32661312.50,2848,F1,1,,,,,
2026-08-07,2026-08-07,CM,NSE,STK,2259,INE083A01026,MOREPENLAB,EQ,,,,,MOREPEN LAB. LTD,80.30,82.89,78.92,80.25,80.00,79.42,,80.25,,,36485619,2952970779.21,88701,F1,1,,,,,
2026-08-07,2026-08-07,CM,NSE,STK,15057,INE0N7S01028,MOS,ST,,,,,MOS UTILITY LIMITED,10.45,10.55,10.10,10.20,10.10,10.05,,10.20,,,296000,3053000.00,37,F1,4000,,,,,
2026-08-07,2026-08-07,CM,NSE,STK,29459,INE935B01025,MOSCHIP,EQ,,,,,MOSCHIP TECHNOLOGIES LTD,209.00,210.73,205.54,206.77,206.80,209.21,,206.76,,,926028,192729910.92,12389,F1,1,,,,,
2026-08-07,2026-08-07,CM,NSE,STK,8596,INE0FS801015,MSUMI,EQ,,,,,MOTHERSON SUMI WRNG IND L,40.96,42.11,40.90,41.16,41.11,41.01,,41.16,,,13810912,573080094.74,34893,F1,1,,,,,
2026-08-07,2026-08-07,CM,NSE,STK,21423,INF247L01023,MOM100,EQ,,,,,MOTILAL OS MIDCAP100 ETF,68.41,68.70,67.61,68.02,68.33,68.41,,68.07,,,301295,20585122.75,2291,F1,1,,,,,
2026-08-07,2026-08-07,CM,NSE,STK,22739,INF247L01AP3,MON100,EQ,,,,,MOTILAL OS NASDAQ100 ETF,328.99,328.99,328.99,328.99,328.99,332.36,,328.99,,,126431,41594534.69,7233,F1,1,,,,,
2026-08-07,2026-08-07,CM,NSE,STK,14947,INE338I01027,MOTILALOFS,EQ,,,,,MOTILAL OSWAL FIN LTD,869.95,875.70,858.05,870.00,870.00,874.00,,870.00,,,891154,771474476.50,20397,F1,1,,,,,
2026-08-07,2026-08-07,CM,NSE,STK,19289,INF247L01536,MOM50,EQ,,,,,MOTILAL OSWAL M50 ETF,258.80,259.00,255.55,258.30,258.99,258.49,,258.24,,,3130,807680.23,122,F1,1,,,,,
2026-08-07,2026-08-07,CM,NSE,STK,1507,INF247L01AK4,MOGSEC,EQ,,,,,MOTILALAMC - G5,65.80,66.39,65.55,65.62,66.06,66.01,,65.62,,,2966,195720.18,70,F1,1,,,,,
2026-08-07,2026-08-07,CM,NSE,STK,757669,INF247L01FR8,MOALPHA50,EQ,,,,,MOTILALAMC - MOALPHA50,56.83,56.83,55.40,55.75,55.75,55.72,,55.75,,,964,53716.77,41,F1,1,,,,,
2026-08-07,2026-08-07,CM,NSE,STK,761693,INF247L01GV8,MOBANK10,EQ,,,,,MOTILALAMC - MOBANK10,17.30,17.30,16.95,17.08,17.25,17.12,,17.08,,,6035,103101.88,87,F1,1,,,,,
2026-08-07,2026-08-07,CM,NSE,STK,30065,INF247L01EV3,MOCAPITAL,EQ,,,,,MOTILALAMC - MOCAPITAL,52.55,53.85,52.27,52.43,52.55,52.61,,52.43,,,867273,45476285.11,3363,F1,1,,,,,
2026-08-07,2026-08-07,CM,NSE,STK,24944,INF247L01DJ0,MODEFENCE,EQ,,,,,MOTILALAMC - MODEFENCE,106.78,106.95,105.05,106.77,106.69,106.10,,106.77,,,1248307,132816035.33,7664,F1,1,,,,,
2026-08-07,2026-08-07,CM,NSE,STK,759374,INF247L01GH7,MOENERGY,EQ,,,,,MOTILALAMC - MOENERGY,39.00,39.09,38.65,38.84,38.95,38.71,,38.84,,,100308,3901091.75,668,F1,1,,,,,
2026-08-07,2026-08-07,CM,NSE,STK,757791,INF247L01FY4,MOGOLD,EQ,,,,,MOTILALAMC - MOGOLD,146.05,147.80,145.55,147.45,147.25,146.05,,147.44,,,17637,2589585.85,412,F1,1,,,,,
2026-08-07,2026-08-07,CM,NSE,STK,10508,INF247L01BB1,MOHEALTH,EQ,,,,,MOTILALAMC - MOHEALTH,51.90,52.41,51.76,52.10,52.17,51.90,,52.10,,,24695,1283525.06,438,F1,1,,,,,
2026-08-07,2026-08-07,CM,NSE,STK,757031,INF247L01FL1,MOINFRA,EQ,,,,,MOTILALAMC - MOINFRA,60.77,61.81,60.55,60.70,61.20,60.70,,60.70,,,3497,212436.71,58,F1,1,,,,,
2026-08-07,2026-08-07,CM,NSE,STK,759891,INF247L01GI5,MOIPO,EQ,,,,,MOTILALAMC - MOIPO,48.70,48.70,48.00,48.27,48.31,48.02,,48.27,,,3475,167416.29,42,F1,1,,,,,
2026-08-07,2026-08-07,CM,NSE,STK,8654,INF247L01BL0,MOLOWVOL,EQ,,,,,MOTILALAMC - MOLOWVOL,37.97,37.97,37.56,37.56,37.63,37.64,,37.56,,,1882,70820.56,38,F1,1,,,,,
2026-08-07,2026-08-07,CM,NSE,STK,25606,INF247L01DK8,MOMENTUM50,EQ,,,,,MOTILALAMC - MOMENTUM50,53.46,54.05,53.46,54.00,54.05,53.71,,54.00,,,782606,42178966.47,1403,F1,1,,,,,
2026-08-07,2026-08-07,CM,NSE,STK,764402,INF247L01HG7,MOMETAL,EQ,,,,,MOTILALAMC - MOMETAL,13.15,13.19,13.11,13.19,13.19,13.17,,13.19,,,3040,39894.15,22,F1,1,,,,,
2026-08-07,2026-08-07,CM,NSE,STK,757099,INF247L01FK3,MOMGF,EQ,,,,,MOTILALAMC - MOMGF,166.39,168.00,165.55,167.90,168.00,166.75,,167.90,,,1790,298019.11,37,F1,1,,,,,
2026-08-07,2026-08-07,CM,NSE,STK,757817,INF247L01FQ0,MOMIDMTM,EQ,,,,,MOTILALAMC - MOMIDMTM,65.86,65.86,64.50,64.81,64.81,64.57,,64.81,,,80524,5214379.05,240,F1,1,,,,,
2026-08-07,2026-08-07,CM,NSE,STK,760054,INF247L01GK1,MOMNC,EQ,,,,,MOTILALAMC - MOMNC,33.65,33.77,33.60,33.74,33.75,33.49,,33.74,,,22197,749123.38,29,F1,1,,,,,
2026-08-07,2026-08-07,CM,NSE,STK,8182,INF247L01BK2,MOMOMENTUM,EQ,,,,,MOTILALAMC - MOMOMENTUM,64.12,64.12,62.00,62.57,62.75,62.56,,62.58,,,59903,3755263.34,402,F1,1,,,,,
2026-08-07,2026-08-07,CM,NSE,STK,756900,INF247L01FC0,MON50EQUAL,EQ,,,,,MOTILALAMC - MON50EQUAL,34.09,35.20,34.09,34.21,34.50,34.44,,34.21,,,8682,296926.12,57,F1,1,,,,,
2026-08-07,2026-08-07,CM,NSE,STK,757167,INF247L01FD8,MONEXT50,EQ,,,,,MOTILALAMC - MONEXT50,74.98,74.98,74.51,74.87,74.98,74.12,,74.87,,,856,64016.18,46,F1,1,,,,,
2026-08-07,2026-08-07,CM,NSE,STK,759371,INF247L01GG9,MONIFTY100,EQ,,,,,MOTILALAMC - MONIFTY100,26.15,26.15,25.80,25.88,25.83,26.02,,25.88,,,71299,1842540.13,57,F1,1,,,,,
2026-08-07,2026-08-07,CM,NSE,STK,19237,INF247L01BU1,MONIFTY500,EQ,,,,,MOTILALAMC - MONIFTY500,24.30,24.38,24.15,24.28,24.30,24.30,,24.28,,,406016,9866716.68,1452,F1,1,,,,,
2026-08-07,2026-08-07,CM,NSE,STK,7422,INF247L01AU3,MONQ50,EQ,,,,,MOTILALAMC - MONQ50,144.28,144.28,144.28,144.28,144.28,146.88,,144.28,,,8569,1236335.32,117,F1,1,,,,,
2026-08-07,2026-08-07,CM,NSE,STK,764405,INF247L01HH5,MOOILGAS,EQ,,,,,MOTILALAMC - MOOILGAS,11.35,11.36,11.25,11.25,11.25,11.30,,11.25,,,2818,31926.53,35,F1,1,,,,,
2026-08-07,2026-08-07,CM,NSE,STK,757431,INF247L01FO5,MOPSE,EQ,,,,,MOTILALAMC - MOPSE,101.30,101.30,100.57,101.30,101.30,101.24,,101.30,,,2345,236565.39,18,F1,1,,,,,
2026-08-07,2026-08-07,CM,NSE,STK,10822,INF247L01BH8,MOQUALITY,EQ,,,,,MOTILALAMC - MOQUALITY,207.71,207.71,206.75,207.30,207.47,205.72,,207.17,,,714,148178.49,26,F1,1,,,,,
2026-08-07,2026-08-07,CM,NSE,STK,23184,INF247L01CI4,MOREALTY,EQ,,,,,MOTILALAMC - MOREALTY,89.77,89.77,88.81,89.03,89.08,89.18,,89.03,,,327737,29211180.95,2271,F1,1,,,,,
2026-08-07,2026-08-07,CM,NSE,STK,760001,INF247L01GJ3,MOSERVICE,EQ,,,,,MOTILALAMC - MOSERVICE,31.71,31.80,31.50,31.77,31.80,31.76,,31.77,,,13030,412873.42,53,F1,1,,,,,
2026-08-07,2026-08-07,CM,NSE,STK,758457,INF247L01FZ1,MOSILVER,EQ,,,,,MOTILALAMC - MOSILVER,222.37,228.87,221.21,227.17,226.68,221.84,,227.15,,,167324,37893195.57,1613,F1,1,,,,,
2026-08-07,2026-08-07,CM,NSE,STK,23181,INF247L01CH6,MOSMALL250,EQ,,,,,MOTILALAMC - MOSMALL250,18.92,18.92,18.40,18.47,18.47,18.46,,18.47,,,860214,15873627.32,2178,F1,1,,,,,
2026-08-07,2026-08-07,CM,NSE,STK,757443,INF247L01FP2,MOTOUR,EQ,,,,,MOTILALAMC - MOTOUR,81.08,81.10,80.33,80.98,81.10,80.45,,80.98,,,41549,3356031.98,193,F1,1,,,,,
2026-08-07,2026-08-07,CM,NSE,STK,10825,INF247L01BE5,MOVALUE,EQ,,,,,MOTILALAMC - MOVALUE,115.86,116.30,115.52,116.06,116.14,115.86,,116.01,,,50968,5916772.79,605,F1,1,,,,,
2026-08-07,2026-08-07,CM,NSE,STK,20788,INE0FRK01020,MOTISONS,EQ,,,,,MOTISONS JEWELLERS LTD,13.87,14.14,13.76,13.96,14.01,13.87,,13.96,,,24760361,346372225.14,9987,F1,1,,,,,
2026-08-07,2026-08-07,CM,NSE,STK,8793,INE861B01023,MOTOGENFIN,BE,,,,,MOTOR & GENERAL FINANCE L,26.17,26.17,25.81,25.81,25.81,25.92,,26.24,,,1534,39726.27,13,F1,1,,,,,
2026-08-07,2026-08-07,CM,NSE,STK,4503,INE356A01018,MPHASIS,EQ,,,,,MPHASIS LIMITED,2415.00,2498.00,2405.10,2475.00,2475.00,2421.90,,2475.00,,,608641,1506233327.80,34627,F1,1,,,,,
2026-08-07,2026-08-07,CM,NSE,STK,10578,INE943D01017,MPSLTD,EQ,,,,,MPS LIMITED,2761.40,2944.90,2761.40,2931.20,2934.10,2763.90,,2931.17,,,130151,378005385.00,12617,F1,1,,,,,
2026-08-07,2026-08-07,CM,NSE,STK,2277,INE883A01011,MRF,EQ,,,,,MRF LTD,133930.00,134500.00,133500.00,134190.00,134075.00,133930.00,,134189.02,,,2090,280249375.00,1579,F1,1,,,,,
2026-08-07,2026-08-07,CM,NSE,STK,2283,INE103A01014,MRPL,EQ,,,,,MRPL,167.90,168.88,165.40,167.01,167.15,167.78,,167.00,,,2184338,364604527.64,15748,F1,1,,,,,
2026-08-07,2026-08-07,CM,NSE,STK,1628,INE495P01020,BECTORFOOD,EQ,,,,,MRS BECTORS FOOD SPE LTD,211.00,226.99,210.30,224.40,226.00,210.48,,224.41,,,7460167,1643743119.09,82159,F1,1,,,,,
2026-08-07,2026-08-07,CM,NSE,STK,11919,INE752G01015,MSPL,EQ,,,,,MSP STEEL & POWER LTD.,36.95,36.95,35.51,36.01,35.85,37.55,,36.01,,,1272904,45899367.37,6084,F1,1,,,,,
2026-08-07,2026-08-07,CM,NSE,STK,9356,INE255X01014,MSTCLTD,EQ,,,,,MSTC LIMITED,605.20,608.50,590.00,591.25,590.00,605.20,,591.21,,,140967,83969189.35,5414,F1,1,,,,,
2026-08-07,2026-08-07,CM,NSE,STK,31413,INE472M01018,MTEDUCARE,BE,,,,,MT EDUCARE LTD,1.99,2.03,1.86,1.99,2.00,1.94,,1.94,,,42896,85063.00,85,F1,1,,,,,
2026-08-07,2026-08-07,CM,NSE,STK,2715,INE864I01014,MTARTECH,BE,,,,,MTAR TECHNOLOGIES LIMITED,6976.00,7100.00,6611.50,7085.50,7000.00,6959.00,,7085.11,,,321936,2208507075.50,43042,F1,1,,,,,
2026-08-07,2026-08-07,CM,NSE,STK,19783,INE08KJ01020,MUFIN,EQ,,,,,MUFIN GREEN FINANCE LTD,133.60,138.40,133.50,137.19,137.18,134.07,,137.22,,,2262111,309400917.25,8805,F1,1,,,,,
2026-08-07,2026-08-07,CM,NSE,STK,11325,INE304A01026,MUKANDLTD,EQ,,,,,MUKAND LTD.,141.70,145.67,138.80,143.22,142.37,143.29,,143.22,,,281992,40295755.04,4375,F1,1,,,,,
2026-08-07,2026-08-07,CM,NSE,STK,22980,INE0CG401037,MUKKA,EQ,,,,,MUKKA PROTEINS LIMITED,23.35,23.67,23.17,23.41,23.30,23.10,,23.41,,,166608,3890226.52,1017,F1,1,,,,,
2026-08-07,2026-08-07,CM,NSE,STK,8691,INE374B01019,MUKTAARTS,BE,,,,,MUKTA ARTS LIMITED,56.03,58.01,56.03,57.00,57.00,58.78,,57.00,,,656,37264.50,7,F1,1,,,,,
2026-08-07,2026-08-07,CM,NSE,STK,31181,INE745G01043,MCX,EQ,,,,,MULTI COMMODITY EXCHANGE,2633.20,2684.50,2621.00,2638.00,2638.00,2640.00,,2638.92,,,1444759,3846099570.10,70937,F1,1,,,,,
2026-08-07,2026-08-07,CM,NSE,STK,759419,INE1K8Y01018,MUNISH,ST,,,,,MUNISH FORGE LIMITED,82.00,84.00,81.05,81.05,81.05,80.00,,81.05,,,78000,6447060.00,22,F1,1200,,,,,
2026-08-07,2026-08-07,CM,NSE,STK,13511,INE672B01032,MUNJALAU,EQ,,,,,MUNJAL AUTO IND. LTD.,102.51,103.69,101.95,102.46,102.00,103.66,,102.36,,,137882,14160456.36,1533,F1,1,,,,,
2026-08-07,2026-08-07,CM,NSE,STK,2307,INE577A01027,MUNJALSHOW,EQ,,,,,MUNJAL SHOWA LTD,133.89,135.90,133.62,134.21,134.58,133.62,,134.22,,,24666,3317007.20,534,F1,1,,,,,
2026-08-07,2026-08-07,CM,NSE,STK,2313,INE692B01014,MURUDCERA,EQ,,,,,MURUDESHWAR CERAMICS LTD,30.95,31.33,30.94,31.10,31.06,30.95,,31.10,,,8391,261236.41,88,F1,1,,,,,
2026-08-07,2026-08-07,CM,NSE,STK,19877,INE919I01024,RADIOCITY,EQ,,,,,MUSIC BROADCAST LIMITED,7.00,7.00,6.81,6.85,6.90,6.87,,6.84,,,31416,217654.04,112,F1,1,,,,,
2026-08-07,2026-08-07,CM,NSE,STK,10415,INE296G01013,MUTHOOTCAP,EQ,,,,,MUTHOOT CAP SERV LTD,263.94,269.00,257.00,259.21,257.10,263.94,,259.07,,,25637,6712138.92,765,F1,1,,,,,
2026-08-07,2026-08-07,CM,NSE,STK,23650,INE414G01012,MUTHOOTFIN,EQ,,,,,MUTHOOT FINANCE LIMITED,2900.00,2914.00,2870.50,2890.00,2890.00,2894.20,,2890.00,,,813420,2351191052.30,74775,F1,1,,,,,
2026-08-07,2026-08-07,CM,NSE,STK,20831,INE046W01019,MUTHOOTMF,EQ,,,,,MUTHOOT MICROFIN LIMITED,235.00,244.60,212.06,214.02,213.11,221.94,,214.02,,,5655615,1280445273.73,69015,F1,1,,,,,
2026-08-07,2026-08-07,CM,NSE,STK,764397,INE0OWZ01020,MVELECTRO,EQ,,,,,MV ELECTROSYSTEMS LIMITED,665.50,686.50,593.05,611.70,594.95,624.00,,611.68,,,13751593,8996279538.70,299785,F1,1,,,,,
2026-08-07,2026-08-07,CM,NSE,STK,25208,INE0RVQ01016,MYMUDRA,SM,,,,,MY MUDRA FINCORP LIMITED,79.00,80.00,79.00,80.00,80.00,79.50,,80.00,,,8400,669000.00,4,F1,1200,,,,,
2026-08-07,2026-08-07,CM,NSE,STK,20314,INE740D01017,NRAIL,EQ,,,,,N R AGARWAL INDS LTD,524.25,549.00,516.10,544.55,545.00,521.65,,544.46,,,66673,35904411.80,2621,F1,1,,,,,
2026-08-07,2026-08-07,CM,NSE,STK,757492,INE104101014,NRVANDANA,ST,,,,,N R VANDANA TEX IND LTD,69.50,69.50,68.00,68.25,68.25,68.50,,68.25,,,99000,6783000.00,25,F1,3000,,,,,
2026-08-07,2026-08-07,CM,NSE,STK,19111,INE365I01020,NBIFIN,EQ,,,,,N.B.I. IND. FIN. CO. LTD,2172.30,2176.90,2101.10,2120.10,2117.00,2158.10,,2120.10,,,430,915110.80,150,F1,1,,,,,
2026-08-07,2026-08-07,CM,NSE,STK,20425,INE295D01020,NACLIND,EQ,,,,,NACL INDUSTRIES LIMITED,178.65,180.63,176.41,177.36,177.71,178.14,,177.36,,,308579,54992414.30,5641,F1,1,,,,,
2026-08-07,2026-08-07,CM,NSE,STK,18371,INE756C01015,NDGL,EQ,,,,,NAGA DHUNSERI GROUP LTD,2749.00,2800.00,2631.00,2652.30,2649.00,2750.00,,2652.30,,,209,560098.70,66,F1,1,,,,,
2026-08-07,2026-08-07,CM,NSE,STK,14942,INE245I01016,NAGREEKCAP,EQ,,,,,NAGREEKA CAP & INFR.LTD,22.21,22.90,22.21,22.46,22.83,22.62,,22.46,,,6510,147389.54,71,F1,1,,,,,
2026-08-07,2026-08-07,CM,NSE,STK,14702,INE123B01028,NAGREEKEXP,EQ,,,,,NAGREEKA EXPORTS LTD.,22.01,23.39,22.01,22.67,22.65,22.81,,22.41,,,15998,361174.24,172,F1,1,,,,,
2026-08-07,2026-08-07,CM,NSE,STK,15360,INE049I01012,NAHARCAP,EQ,,,,,NAHAR CAP & FIN.,279.00,279.00,265.31,266.64,266.01,273.78,,266.67,,,24677,6624241.47,329,F1,1,,,,,
2026-08-07,2026-08-07,CM,NSE,STK,13106,INE289A01011,NAHARINDUS,EQ,,,,,NAHAR INDS ENT LTD,121.08,128.98,120.40,127.72,128.50,121.08,,127.69,,,73322,9188676.77,1087,F1,1,,,,,
2026-08-07,2026-08-07,CM,NSE,STK,14445,INE308A01027,NAHARPOLY,EQ,,,,,NAHAR POLY FILMS LIMITED,245.50,249.00,235.10,237.00,237.65,240.25,,237.03,,,23643,5650507.75,798,F1,1,,,,,
2026-08-07,2026-08-07,CM,NSE,STK,14440,INE290A01027,NAHARSPING,EQ,,,,,NAHAR SPINNING MILLS LTD.,313.90,318.80,305.30,316.25,316.90,309.80,,316.24,,,66241,20836910.10,1695,F1,1,,,,,
2026-08-07,2026-08-07,CM,NSE,STK,5404,INE236Y01012,NGIL,BE,,,,,NAKODA GROUP OF IND. LTD,39.90,39.90,39.00,39.04,39.05,38.52,,39.05,,,2499,98434.95,18,F1,1,,,,,
2026-08-07,2026-08-07,CM,NSE,STK,11239,INE023A01030,NSIL,EQ,,,,,NALWA SONS INVESTMENT LTD,5700.00,5750.00,5617.50,5655.00,5636.00,5711.50,,5652.90,,,1892,10714790.00,336,F1,1,,,,,
2026-08-07,2026-08-07,CM,NSE,STK,23379,INE0RJM01010,NAMAN,SM,,,,,NAMAN INDUSTRE PRXIMA LTD,43.75,43.75,43.75,43.75,43.75,43.75,,43.75,,,1600,70000.00,2,F1,800,,,,,
2026-08-07,2026-08-07,CM,NSE,STK,25170,INE08NZ01012,NAMOEWASTE,ST,,,,,NAMO EWASTE MANAGEMENT L,275.05,275.20,274.05,275.10,275.10,275.40,,275.10,,,20800,5715960.00,23,F1,800,,,,,
2026-08-07,2026-08-07,CM,NSE,STK,31258,INE875G01048,NDL,EQ,,,,,NANDAN DENIM LIMITED,2.29,2.36,2.28,2.32,2.35,2.31,,2.32,,,550200,1274880.27,720,F1,1,,,,,
2026-08-07,2026-08-07,CM,NSE,STK,5516,INE696V01013,JAIPURKURT,EQ,,,,,NANDANI CREATION LIMITED,27.00,28.70,26.61,27.58,27.25,26.53,,27.58,,,34470,949066.70,194,F1,1,,,,,
2026-08-07,2026-08-07,CM,NSE,STK,11840,INE410P01011,NH,EQ,,,,,NARAYANA HRUDAYALAYA LTD.,1885.00,1900.00,1865.70,1885.10,1898.40,1885.00,,1885.05,,,233480,438563449.40,25959,F1,1,,,,,
2026-08-07,2026-08-07,CM,NSE,STK,11627,INE117Z01029,NARMADA,EQ,,,,,NARMADA AGROBASE LIMITED,13.85,14.03,13.52,13.89,13.71,13.85,,13.89,,,1619834,22343969.92,3844,F1,1,,,,,
2026-08-07,2026-08-07,CM,NSE,STK,3918,INE987B01026,NATCOPHARM,EQ,,,,,NATCO PHARMA LTD.,913.90,919.25,911.00,916.65,916.15,912.50,,916.67,,,168655,154302167.25,14212,F1,1,,,,,
2026-08-07,2026-08-07,CM,NSE,STK,11065,INE448G01010,NATHBIOGEN,EQ,,,,,NATH BIO-GENES (I) LTD,160.00,160.74,156.00,157.68,157.25,160.88,,157.73,,,56675,8953458.10,827,F1,1,,,,,
2026-08-07,2026-08-07,CM,NSE,STK,6364,INE139A01034,NATIONALUM,EQ,,,,,NATIONAL ALUMINIUM CO LTD,382.50,382.85,377.15,381.00,381.00,381.00,,381.05,,,4423953,1679591514.40,46779,F1,1,,,,,
2026-08-07,2026-08-07,CM,NSE,STK,13925,INE870D01012,NFL,EQ,,,,,NATIONAL FERT. LTD,72.20,72.57,71.71,71.91,71.90,72.50,,71.90,,,269948,19463317.03,2373,F1,1,,,,,
2026-08-07,2026-08-07,CM,NSE,STK,6531,INE0H7R23014,NHIT,IV,,,,,NATIONAL HIGHW INFRA TRUS,170.40,171.00,164.00,164.00,164.00,171.03,,164.00,,,1500000,255455000.00,5,F1,25000,,,,,
2026-08-07,2026-08-07,CM,NSE,STK,762807,INE166R01015,NATIONSTD,EQ,,,,,NATIONAL STAND (INDIA) L,191.85,191.85,191.85,191.85,191.85,201.94,,191.86,,,4431,850087.35,182,F1,1,,,,,
2026-08-07,2026-08-07,CM,NSE,STK,29583,INE936B01015,NATCAPSUQ,EQ,,,,,NATURAL CAPSULES LIMITED,151.40,157.97,150.98,155.04,157.00,149.91,,155.04,,,54713,8452194.52,538,F1,1,,,,,
2026-08-07,2026-08-07,CM,NSE,STK,4014,INE725A01030,NAVA,EQ,,,,,NAVA LIMITED,592.00,592.00,573.35,581.85,580.00,594.20,,581.86,,,209948,122656351.35,8498,F1,1,,,,,
2026-08-07,2026-08-07,CM,NSE,STK,14672,INE048G01026,NAVINFLUOR,EQ,,,,,NAVIN FLUORINE INT. LTD,8520.50,8650.00,8225.00,8271.00,8230.00,8650.00,,8271.03,,,590351,4953576745.50,84956,F1,1,,,,,
2026-08-07,2026-08-07,CM,NSE,STK,10557,INE278M01019,NAVKARCORP,EQ,,,,,NAVKAR CORPORATION LTD.,100.50,101.71,99.25,99.62,99.95,100.90,,99.62,,,356967,35701430.13,2655,F1,1,,,,,
2026-08-07,2026-08-07,CM,NSE,STK,29149,INE268H01044,NAVKARURB,BE,,,,,NAVKAR URBANSTRUCTURE LTD,1.03,1.03,1.00,1.00,1.02,1.01,,1.00,,,146915,148666.65,186,F1,1,,,,,
2026-08-07,2026-08-07,CM,NSE,STK,2385,INE060A01024,NAVNETEDUL,EQ,,,,,NAVNEET EDUCATION LTD,127.00,135.29,126.90,133.87,134.16,127.93,,133.86,,,830813,109769000.71,9521,F1,1,,,,,
2026-08-07,2026-08-07,CM,NSE,STK,2987,INE418L01047,NAZARA,EQ,,,,,NAZARA TECHNOLOGIES LTD,352.85,356.65,344.50,352.35,351.40,352.85,,352.35,,,2205799,773399702.10,21100,F1,1,,,,,
2026-08-07,2026-08-07,CM,NSE,STK,31415,INE095N01031,NBCC,EQ,,,,,NBCC (INDIA) LIMITED,96.01,96.44,94.78,95.33,95.33,96.25,,95.32,,,4742088,452617705.23,21431,F1,1,,,,,
2026-08-07,2026-08-07,CM,NSE,STK,2319,INE868B01028,NCC,EQ,,,,,NCC LIMITED,146.80,149.45,144.69,145.59,145.49,143.73,,145.59,,,6602913,966782920.59,41576,F1,1,,,,,
2026-08-07,2026-08-07,CM,NSE,STK,14490,INE732C01016,NCLIND,EQ,,,,,NCL INDUSTRIES LIMITED,178.89,182.60,172.82,179.74,177.50,177.69,,179.79,,,81841,14555324.51,3241,F1,1,,,,,
2026-08-07,2026-08-07,CM,NSE,STK,14547,INE353A01023,NDLVENTURE,EQ,,,,,NDL VENTURES LIMITED,129.06,129.99,125.42,129.79,129.75,128.37,,129.79,,,10398,1330950.27,148,F1,1,,,,,
2026-08-07,2026-08-07,CM,NSE,STK,22255,INE07OG01012,NDRAUTO,EQ,,,,,NDR AUTO COMPONENTS LTD,811.55,836.00,811.55,828.90,826.00,814.15,,828.91,,,21287,17615978.20,1474,F1,1,,,,,
2026-08-07,2026-08-07,CM,NSE,STK,11427,INE155G01029,NDTV,EQ,,,,,NDTV LTD,76.80,77.46,75.75,76.87,77.11,77.38,,76.86,,,85096,6527836.72,1164,F1,1,,,,,
2026-08-07,2026-08-07,CM,NSE,STK,11930,INE023H01027,NECLIFE,BE,,,,,NECTAR LIFESCIENCES LTD.,10.74,10.74,10.50,10.58,10.58,10.50,,10.58,,,94259,999242.70,164,F1,1,,,,,
2026-08-07,2026-08-07,CM,NSE,STK,27123,INE0N1401016,NEELAM,SM,,,,,NEELAM LINENS & GAR (I) L,8.50,8.50,8.50,8.50,8.50,8.85,,8.50,,,12000,102000.00,2,F1,6000,,,,,
2026-08-07,2026-08-07,CM,NSE,STK,762812,INE605D01012,NEAGI,EQ,,,,,NEELAMALAI AGRO INDS. L,3300.00,3300.00,3110.00,3111.90,3110.00,3150.00,,3111.90,,,83,259469.00,15,F1,1,,,,,
2026-08-07,2026-08-07,CM,NSE,STK,14761,INE189I01024,NELCAST,EQ,,,,,NELCAST LIMITED,123.50,126.00,121.61,125.61,126.00,124.60,,125.61,,,47575,5937430.04,3703,F1,1,,,,,
2026-08-07,2026-08-07,CM,NSE,STK,2388,INE045B01015,NELCO,EQ,,,,,NELCO LTD,989.40,1025.90,955.00,958.90,964.00,983.80,,958.91,,,512118,506457200.10,19774,F1,1,,,,,
2026-08-07,2026-08-07,CM,NSE,STK,760931,INE21UM01018,NEOCHEM,ST,,,,,NEOCHEM BIO SOLUTIONS LTD,94.00,94.00,91.00,91.00,91.00,93.85,,91.00,,,9600,887940.00,7,F1,1200,,,,,
2026-08-07,2026-08-07,CM,NSE,STK,9917,INE136S01016,NEOGEN,EQ,,,,,NEOGEN CHEMICALS LIMITED,2046.00,2059.00,2004.20,2031.90,2028.00,2031.50,,2031.16,,,52244,106230405.60,11144,F1,1,,,,,
2026-08-07,2026-08-07,CM,NSE,STK,24353,INE0SUN01013,NEPHROCARE,ST,,,,,NEPHRO CARE INDIA LIMITED,75.60,75.80,75.60,75.80,75.80,72.20,,75.80,,,25200,1909140.00,48,F1,400,,,,,
2026-08-07,2026-08-07,CM,NSE,STK,760346,INE428V01029,NEPHROPLUS,EQ,,,,,NEPHROCARE HEALTH SERV L,691.65,696.60,682.05,694.15,694.00,691.65,,694.15,,,57938,40013339.65,6363,F1,1,,,,,
2026-08-07,2026-08-07,CM,NSE,STK,757493,INE156901014,NEPTUNE,SM,,,,,NEPTUNE PETROCHEMICALS L,186.00,186.00,186.00,186.00,186.00,185.40,,186.00,,,1000,186000.00,1,F1,500,,,,,
2026-08-07,2026-08-07,CM,NSE,STK,15409,INE317F01035,NESCO,EQ,,,,,NESCO LTD.,1048.00,1054.90,1040.00,1047.10,1042.00,1049.20,,1047.20,,,12430,13015041.90,1665,F1,1,,,,,
2026-08-07,2026-08-07,CM,NSE,STK,17963,INE239A01024,NESTLEIND,EQ,,,,,NESTLE INDIA LIMITED,1523.00,1553.00,1520.00,1540.00,1540.00,1535.00,,1540.00,,,1520661,2346847268.70,37175,F1,1,,,,,
2026-08-07,2026-08-07,CM,NSE,STK,20409,INE518X01015,CBAZAAR,ST,,,,,NET AVENUE TECHNOLOGIES L,5.50,5.50,5.50,5.50,5.50,5.75,,5.50,,,8000,44000.00,1,F1,8000,,,,,
2026-08-07,2026-08-07,CM,NSE,STK,17433,INE0NT901020,NETWEB,EQ,,,,,NETWEB TECH INDIA LTD,4790.00,4968.00,4780.00,4939.20,4933.00,4816.00,,4939.25,,,1296942,6347613471.40,88354,F1,1,,,,,
2026-08-07,2026-08-07,CM,NSE,STK,756324,INE0FFK01017,NPST,EQ,,,,,NETWORK PEOPLE SRV TECH L,1518.60,1525.00,1492.00,1505.40,1509.00,1511.00,,1505.37,,,14118,21353149.40,1419,F1,1,,,,,
2026-08-07,2026-08-07,CM,NSE,STK,14111,INE870H01013,NETWORK18,EQ,,,,,NETWORK18 MEDIA & INV LTD,29.76,29.79,29.45,29.56,29.53,29.91,,29.56,,,1240544,36716555.26,4349,F1,1,,,,,
2026-08-07,2026-08-07,CM,NSE,STK,2406,INE794A01010,NEULANDLAB,EQ,,,,,NEULAND LAB LTD.,21611.00,23500.00,21601.00,22855.00,22915.00,21543.00,,22854.30,,,313887,7004445783.00,89425,F1,1,,,,,
2026-08-07,2026-08-07,CM,NSE,STK,1164,INE619B01017,NEWGEN,EQ,,,,,NEWGEN SOFTWARE TECH LTD,542.45,560.00,540.00,551.00,549.10,542.40,,551.02,,,1070093,591652769.50,28854,F1,1,,,,,
2026-08-07,2026-08-07,CM,NSE,STK,19161,INE0PW501021,NEWJAISA,ST,,,,,NEWJAISA TECHNOLOGIES LTD,16.35,16.40,16.20,16.20,16.20,16.40,,16.20,,,15000,243825.00,9,F1,1500,,,,,
2026-08-07,2026-08-07,CM,NSE,STK,9867,INE747B01016,NEXTMEDIA,EQ,,,,,NEXT MEDIAWORKS LIMITED,3.99,3.99,3.83,3.95,3.97,3.95,,3.95,,,3121,12337.93,34,F1,1,,,,,
2026-08-07,2026-08-07,CM,NSE,STK,15815,INE0NDH25011,NXST,RR,,,,,NEXUS SELECT TRUST,165.92,168.30,165.90,168.11,167.80,165.92,,168.12,,,198169,33214438.91,2344,F1,1,,,,,
2026-08-07,2026-08-07,CM,NSE,STK,763536,INE0T1501010,NFPSAMPOOR,SM,,,,,NFP SAMPOORNA FOODS LTD,23.10,23.30,22.60,23.05,23.05,23.10,,23.05,,,32000,734000.00,13,F1,2000,,,,,
2026-08-07,2026-08-07,CM,NSE,STK,10277,INE887E01022,NGLFINE,EQ,,,,,NGL FINE CHEM LIMITED,3420.00,3441.00,3271.00,3403.60,3400.00,3428.50,,3405.43,,,4621,15710601.20,1396,F1,1,,,,,
2026-08-07,2026-08-07,CM,NSE,STK,17400,INE848E01016,NHPC,EQ,,,,,NHPC LTD,77.50,77.69,76.81,76.92,76.92,77.50,,76.92,,,7065480,544701497.49,26195,F1,1,,,,,
2026-08-07,2026-08-07,CM,NSE,STK,29487,INE149O01018,NIBE,EQ,,,,,NIBE LIMITED,1424.90,1449.00,1405.80,1419.00,1428.00,1420.90,,1418.72,,,35331,50256996.20,3053,F1,1,,,,,
2026-08-07,2026-08-07,CM,NSE,STK,6592,INE0J6L01013,NIDAN,SM,,,,,NIDAN LABS AND HEALTH LTD,13.45,13.45,13.45,13.45,13.45,13.25,,13.45,,,2000,26900.00,2,F1,1000,,,,,
2026-08-07,2026-08-07,CM,NSE,STK,17747,INE342G01023,NIITMTS,EQ,,,,,NIIT LEARNING SYSTEMS LTD,243.55,246.78,239.59,242.79,243.67,243.55,,242.78,,,177288,43041256.47,4987,F1,1,,,,,
2026-08-07,2026-08-07,CM,NSE,STK,11522,INE161A01038,NIITLTD,EQ,,,,,NIIT LIMITED,97.36,99.50,94.00,95.07,95.49,98.09,,95.07,,,458217,44078707.26,3575,F1,1,,,,,
2026-08-07,2026-08-07,CM,NSE,STK,758178,INE0FLF01015,NIKITA,SM,,,,,NIKITA GRENTEC RECYCL LTD,73.05,73.05,73.05,73.05,73.05,74.00,,73.05,,,1200,87660.00,1,F1,1200,,,,,
2026-08-07,2026-08-07,CM,NSE,STK,9253,INE937C01029,NILAINFRA,EQ,,,,,NILA INFRASTRUCTURES LTD,7.49,7.65,7.42,7.47,7.48,7.63,,7.47,,,184200,1380367.01,524,F1,1,,,,,
2026-08-07,2026-08-07,CM,NSE,STK,7411,INE00S901012,NILASPACES,EQ,,,,,NILA SPACES LIMITED,12.10,12.45,12.03,12.27,12.40,12.17,,12.26,,,154212,1880195.83,444,F1,1,,,,,
2026-08-07,2026-08-07,CM,NSE,STK,762817,INE445D01013,NILE,EQ,,,,,NILE LTD.,1594.10,1611.90,1540.00,1547.80,1540.00,1595.00,,1548.52,,,8448,13205014.70,1117,F1,1,,,,,
2026-08-07,2026-08-07,CM,NSE,STK,2421,INE310A01015,NILKAMAL,EQ,,,,,NILKAMAL LIMITED,1765.70,1798.00,1721.00,1746.30,1730.30,1776.70,,1746.43,,,42098,74245024.30,5861,F1,1,,,,,
2026-08-07,2026-08-07,CM,NSE,STK,761723,INE875B01015,NIMBSPROJ,BE,,,,,NIMBUS PROJECTS LIMITED,182.00,186.00,178.00,182.00,182.00,181.00,,182.80,,,1123,203547.90,25,F1,1,,,,,
2026-08-07,2026-08-07,CM,NSE,STK,14197,INE395U01014,NINSYS,BE,,,,,NINTEC SYSTEMS LIMITED,730.00,746.90,730.00,739.10,730.10,734.90,,738.81,,,1873,1385131.75,130,F1,1,,,,,
2026-08-07,2026-08-07,CM,NSE,STK,11439,INF204KB15I9,BANKBEES,EQ,,,,,NIP IND ETF BANK BEES,599.86,600.43,596.49,598.78,598.99,600.16,,598.79,,,416499,249417276.16,6045,F1,1,,,,,
2026-08-07,2026-08-07,CM,NSE,STK,2435,INF204KA1LD7,CONSUMBEES,EQ,,,,,NIP IND ETF CONSUMPTION,135.60,136.78,133.43,135.45,136.00,135.47,,135.45,,,141101,19171319.33,1147,F1,1,,,,,
2026-08-07,2026-08-07,CM,NSE,STK,2636,INF204KA1MS3,DIVOPPBEES,EQ,,,,,NIP IND ETF DIV OPP,79.85,80.09,78.16,79.88,79.90,79.48,,79.88,,,74692,5966215.58,675,F1,1,,,,,
2026-08-07,2026-08-07,CM,NSE,STK,9847,INF204KB18I3,NV20BEES,EQ,,,,,NIP IND ETF ETF NV20,141.79,142.99,141.79,142.88,142.99,142.48,,142.88,,,38453,5487160.59,169,F1,1,,,,,
2026-08-07,2026-08-07,CM,NSE,STK,14428,INF204KB17I5,GOLDBEES,EQ,,,,,NIP IND ETF GOLD BEES,122.24,123.61,121.67,123.40,123.38,122.48,,123.40,,,27143156,3333735864.39,83529,F1,1,,,,,
2026-08-07,2026-08-07,CM,NSE,STK,18284,INF204KB19I1,HNGSNGBEES,EQ,,,,,NIP IND ETF HANGSENG BEES,490.00,492.00,484.80,486.54,487.17,486.98,,486.49,,,121573,59254404.81,4509,F1,1,,,,,
2026-08-07,2026-08-07,CM,NSE,STK,20072,INF732E01268,INFRABEES,EQ,,,,,NIP IND ETF INFRA BEES,977.36,983.36,975.55,982.84,983.00,977.36,,982.77,,,13520,13258300.09,595,F1,1,,,,,
2026-08-07,2026-08-07,CM,NSE,STK,19084,INF204KB15V2,ITBEES,EQ,,,,,NIP IND ETF IT,35.25,35.31,34.11,34.98,34.76,34.56,,34.98,,,14372943,503935306.13,16412,F1,1,,,,,
2026-08-07,2026-08-07,CM,NSE,STK,10939,INF732E01045,JUNIORBEES,EQ,,,,,NIP IND ETF JUNIOR BEES,812.30,812.30,803.11,807.63,807.90,807.25,,807.63,,,361061,291758884.30,8941,F1,1,,,,,
2026-08-07,2026-08-07,CM,NSE,STK,11006,INF732E01037,LIQUIDBEES,EQ,,,,,NIP IND ETF LIQUID BEES,999.99,1000.01,999.99,1000.00,1000.01,999.99,,1000.00,,,3015559,3015569379.31,5954,F1,1,,,,,
2026-08-07,2026-08-07,CM,NSE,STK,17700,INF204KB1882,LTGILTBEES,EQ,,,,,NIP IND ETF LONGTERM GILT,30.48,30.48,29.99,30.07,30.08,30.05,,30.07,,,652768,19628218.83,522,F1,1,,,,,
2026-08-07,2026-08-07,CM,NSE,STK,8506,INF204KB1V68,MID150BEES,EQ,,,,,NIP IND ETF MIDCAP 150,242.99,242.99,238.01,241.58,241.60,241.55,,241.58,,,518793,125366966.91,6976,F1,1,,,,,
2026-08-07,2026-08-07,CM,NSE,STK,29577,INF204K014N5,NIF100BEES,EQ,,,,,NIP IND ETF NIFTY 100,272.82,275.70,272.30,274.78,275.70,272.82,,274.72,,,82559,22575299.03,580,F1,1,,,,,
2026-08-07,2026-08-07,CM,NSE,STK,10576,INF204KB14I2,NIFTYBEES,EQ,,,,,NIP IND ETF NIFTY BEES,280.59,280.59,279.10,279.83,279.70,280.59,,279.74,,,5585234,1562992369.21,40806,F1,1,,,,,
2026-08-07,2026-08-07,CM,NSE,STK,15032,INF204KB16I7,PSUBNKBEES,EQ,,,,,NIP IND ETF PSU BANK BEES,97.00,98.99,96.01,98.03,98.05,97.35,,98.03,,,5474133,537937108.20,9766,F1,1,,,,,
2026-08-07,2026-08-07,CM,NSE,STK,17044,INF732E01128,SHARIABEES,EQ,,,,,NIP IND ETF SHARIAH BEES,475.02,477.50,473.55,475.80,476.60,473.90,,475.80,,,7233,3443397.02,506,F1,1,,,,,
2026-08-07,2026-08-07,CM,NSE,STK,357,INE298J01013,NAM-INDIA,EQ,,,,,NIPPON L I A M LTD,1193.30,1193.30,1163.10,1176.00,1176.00,1200.00,,1177.06,,,688856,809842900.50,33027,F1,1,,,,,
2026-08-07,2026-08-07,CM,NSE,STK,757725,INF204KC1FU1,LIQGRWBEES,EQ,,,,,NIPPONAMC - LIQGRWBEES,1050.90,1050.92,1050.89,1050.90,1050.90,1050.52,,1050.90,,,51098,53698929.51,183,F1,1,,,,,
2026-08-07,2026-08-07,CM,NSE,STK,758667,INF204KC1GH6,MANUFGBEES,EQ,,,,,NIPPONAMC - MANUFGBEES,168.46,168.46,163.83,164.52,165.52,166.80,,164.65,,,4669,779459.91,86,F1,1,,,,,
2026-08-07,2026-08-07,CM,NSE,STK,7880,INF204KC1337,AUTOBEES,EQ,,,,,NIPPONAMC - NETFAUTO,302.23,309.80,299.66,307.43,309.50,301.21,,307.43,,,397236,121249167.17,4518,F1,1,,,,,
2026-08-07,2026-08-07,CM,NSE,STK,4973,INF204KC1089,PHARMABEES,EQ,,,,,NIPPONAMC - NETFPHARMA,27.50,27.50,27.18,27.32,27.36,27.29,,27.32,,,3005719,82034715.23,8570,F1,1,,,,,
2026-08-07,2026-08-07,CM,NSE,STK,8080,INF204KC1402,SILVERBEES,EQ,,,,,NIPPONAMC - NETFSILVER,215.01,221.20,214.69,220.47,220.21,214.53,,220.47,,,44303975,9685898968.87,98336,F1,1,,,,,
2026-08-07,2026-08-07,CM,NSE,STK,757455,INF204KC1EZ3,SNXT30BEES,EQ,,,,,NIPPONAMC - SNXT30BEES,43.80,44.15,43.36,43.99,44.15,43.80,,43.99,,,4880,214284.30,75,F1,1,,,,,
2026-08-07,2026-08-07,CM,NSE,STK,261,INE368I01016,NIRAJ,BE,,,,,NIRAJ CEMENT STRUC LTD,29.49,29.90,29.00,29.32,29.42,29.49,,29.33,,,35094,1030323.17,47,F1,1,,,,,
2026-08-07,2026-08-07,CM,NSE,STK,18840,INE326T01011,NIRAJISPAT,EQ,,,,,NIRAJ ISPAT IND LTD,216.00,216.00,216.00,216.00,216.00,216.00,,216.00,,,111,23976.00,4,F1,1,,,,,
2026-08-07,2026-08-07,CM,NSE,STK,2433,INE910A01012,NIRLON,EQ,,,,,NIRLON LTD,620.95,624.25,620.00,620.00,620.00,620.95,,620.00,,,2512,1558246.85,176,F1,1,,,,,
2026-08-07,2026-08-07,CM,NSE,STK,14722,INE0OK701014,NIRMAN,SM,,,,,NIRMAN AGRI GENTICS LTD,36.55,39.75,33.60,34.00,34.00,36.55,,34.00,,,26700,951495.00,74,F1,300,,,,,
2026-08-07,2026-08-07,CM,NSE,STK,13300,INE858F01012,NITCO,EQ,,,,,NITCO LIMITED,101.40,102.59,97.15,99.28,97.90,101.96,,99.27,,,908408,90935027.68,6658,F1,1,,,,,
2026-08-07,2026-08-07,CM,NSE,STK,13175,INE229H01012,NITINSPIN,EQ,,,,,NITIN SPINNERS LIMITED,572.35,580.05,569.80,577.40,579.75,572.35,,577.29,,,69102,39775213.40,3546,F1,1,,,,,
2026-08-07,2026-08-07,CM,NSE,STK,3247,INE439T01012,NITIRAJ,EQ,,,,,NITIRAJ ENGINEERS LTD,211.29,212.96,208.01,208.68,208.01,211.29,,208.68,,,881,184750.97,37,F1,1,,,,,
2026-08-07,2026-08-07,CM,NSE,STK,762824,INE265B01019,NITTAGELA,EQ,,,,,NITTA GELATIN INDIA LTD.,1710.90,1764.80,1702.00,1722.90,1717.00,1695.50,,1722.33,,,8103,14045435.70,1301,F1,1,,,,,
2026-08-07,2026-08-07,CM,NSE,STK,27097,INE995S01015,NIVABUPA,EQ,,,,,NIVA BUPA HEALTH INS CO L,86.80,87.80,85.49,86.19,86.01,87.18,,86.18,,,881200,76310732.31,11999,F1,1,,,,,
2026-08-07,2026-08-07,CM,NSE,STK,2439,INE542C01019,NKIND,EQ,,,,,NK INDUSTRIES LTD,63.00,63.00,60.00,60.95,60.95,63.00,,60.95,,,850,51957.26,32,F1,1,,,,,
2026-08-07,2026-08-07,CM,NSE,STK,8585,INE589A01014,NLCINDIA,EQ,,,,,NLC INDIA LIMITED,305.20,307.70,301.00,304.40,303.00,304.00,,304.39,,,1530784,466078590.05,23643,F1,1,,,,,
2026-08-07,2026-08-07,CM,NSE,STK,761076,INE579F24065,805NMC30,N2,,,,,NMC 8.05% 2030 SR STRPP B,129.00,129.00,129.00,129.00,129.00,129.00,,129.00,,,1,129.00,1,F1,1,,,,,
2026-08-07,2026-08-07,CM,NSE,STK,15332,INE584A01023,NMDC,EQ,,,,,NMDC LTD.,85.90,86.00,84.90,84.92,84.92,86.20,,84.92,,,9354641,796549016.45,42358,F1,1,,,,,
2026-08-07,2026-08-07,CM,NSE,STK,14180,INE0NNS01018,NSLNISP,EQ,,,,,NMDC STEEL LIMITED,44.51,44.91,43.59,43.84,43.81,44.81,,43.84,,,3801144,167139997.71,15180,F1,1,,,,,
2026-08-07,2026-08-07,CM,NSE,STK,2442,INE163A01018,NOCIL,EQ,,,,,NOCIL LIMITED,171.30,171.80,168.00,168.65,168.85,170.71,,168.66,,,288352,48992984.50,4353,F1,1,,,,,
2026-08-07,2026-08-07,CM,NSE,STK,11214,INE781B01015,NOIDATOLL,BE,,,,,NOIDA TOLL BRIDGE CO LTD,4.47,4.47,4.20,4.36,4.40,4.38,,4.36,,,131547,573187.41,271,F1,1,,,,,
2026-08-07,2026-08-07,CM,NSE,STK,4160,INE369C01017,NORBTEAEXP,EQ,,,,,NORBEN TEA & EXPORTS LTD,62.51,67.97,62.51,64.23,64.98,65.52,,64.23,,,2017,131941.91,58,F1,1,,,,,
2026-08-07,2026-08-07,CM,NSE,STK,13533,INE553C01016,NECCLTD,BE,,,,,NORTH EAST CARRY CORP LTD,15.14,15.32,15.00,15.23,15.32,15.14,,15.23,,,16389,247675.18,80,F1,1,,,,,
2026-08-07,2026-08-07,CM,NSE,STK,25426,INE850M01015,NORTHARC,EQ,,,,,NORTHERN ARC CAPITAL LTD,280.40,282.10,273.15,276.25,276.00,280.40,,276.24,,,473790,131764393.35,7483,F1,1,,,,,
2026-08-07,2026-08-07,CM,NSE,STK,22478,INE02H701025,NOVAAGRI,BE,,,,,NOVA AGRITECH LIMITED,23.00,23.43,22.95,23.18,23.39,23.06,,23.18,,,42363,979524.03,207,F1,1,,,,,
2026-08-07,2026-08-07,CM,NSE,STK,9007,INE234A01025,NOVARTIND,EQ,,,,,NOVARTIS INDIA LIMITED,1589.70,1634.90,1589.70,1609.60,1610.30,1609.70,,1609.60,,,12030,19346384.90,1800,F1,1,,,,,
2026-08-07,2026-08-07,CM,NSE,STK,7553,INE349A01021,NRBBEARING,EQ,,,,,NRB BEARING LIMITED,444.85,465.25,441.10,461.50,462.80,445.60,,461.54,,,662113,301803907.90,15657,F1,1,,,,,
2026-08-07,2026-08-07,CM,NSE,STK,29733,INE047O01014,NIBL,EQ,,,,,NRB INDUS. BEARINGS LTD.,34.04,35.07,34.04,34.72,34.84,34.04,,34.72,,,15018,522488.14,240,F1,1,,,,,
2026-08-07,2026-08-07,CM,NSE,STK,27176,INE0ONG01011,NTPCGREEN,EQ,,,,,NTPC GREEN ENERGY LIMITED,91.34,91.93,90.90,91.50,91.50,91.33,,91.50,,,1941963,177652446.18,15491,F1,1,,,,,
2026-08-07,2026-08-07,CM,NSE,STK,11630,INE733E01010,NTPC,EQ,,,,,NTPC LTD,345.00,347.00,342.50,342.50,342.50,345.00,,342.50,,,7012048,2415382659.65,71979,F1,1,,,,,
2026-08-07,2026-08-07,CM,NSE,STK,10791,INE096B01018,NUCLEUS,EQ,,,,,NUCLEUS SOFTWARE EXPORTS,698.55,702.00,695.00,698.25,700.00,698.55,,697.63,,,10949,7649978.70,889,F1,1,,,,,
2026-08-07,2026-08-07,CM,NSE,STK,13680,INE0JM501013,NRL,BE,,,,,NUPUR RECYCLERS LIMITED,117.66,117.66,115.99,116.90,116.90,115.36,,116.90,,,139921,16395920.93,278,F1,1,,,,,
2026-08-07,2026-08-07,CM,NSE,STK,2350,INE0DSF01015,NURECA,EQ,,,,,NURECA LIMITED,334.40,348.00,332.55,342.60,340.00,338.65,,342.64,,,24122,8237307.20,1614,F1,1,,,,,
2026-08-07,2026-08-07,CM,NSE,STK,18721,INE531F01023,NUVAMA,EQ,,,,,NUVAMA WEALTH MANAGE LTD,1658.90,1675.00,1635.50,1642.70,1647.90,1658.30,,1642.70,,,208483,344537393.50,18008,F1,1,,,,,
2026-08-07,2026-08-07,CM,NSE,STK,5426,INE118D01016,NUVOCO,EQ,,,,,NUVOCO VISTAS CORP LTD,352.85,355.60,345.00,345.80,346.70,352.85,,345.80,,,352219,122898080.60,14576,F1,1,,,,,
2026-08-07,2026-08-07,CM,NSE,STK,8797,INE426Z01016,OBCL,EQ,,,,,OBCL LIMITED,53.95,55.00,52.20,53.50,53.50,53.50,,53.50,,,2416,130064.93,84,F1,1,,,,,
2026-08-07,2026-08-07,CM,NSE,STK,20242,INE093I01010,OBEROIRLTY,EQ,,,,,OBEROI REALTY LIMITED,1780.00,1792.20,1770.50,1775.00,1775.00,1777.00,,1775.00,,,171271,304990848.90,23899,F1,1,,,,,
2026-08-07,2026-08-07,CM,NSE,STK,25923,INE0YHV01011,OBSCP,SM,,,,,OBSC PERFECTION LIMITED,743.95,809.55,720.10,749.00,742.00,731.00,,749.00,,,202400,154469080.00,447,F1,400,,,,,
2026-08-07,2026-08-07,CM,NSE,STK,25920,INE0PK601023,OCCLLTD,BE,,,,,OCCL LIMITED,154.66,163.40,154.66,157.09,159.60,162.80,,157.23,,,152754,23954664.27,703,F1,1,,,,,
2026-08-07,2026-08-07,CM,NSE,STK,27575,INE054301028,ODIGMA,BE,,,,,ODIGMA CONSULTANCY SOL L,22.86,23.40,22.86,23.13,23.20,23.14,,23.10,,,9236,213922.70,189,F1,1,,,,,
2026-08-07,2026-08-07,CM,NSE,STK,2475,INE213A01029,ONGC,EQ,,,,,OIL AND NATURAL GAS CORP.,238.50,241.69,237.05,238.85,238.85,237.80,,238.80,,,10078070,2410062796.34,114960,F1,1,,,,,
2026-08-07,2026-08-07,CM,NSE,STK,8109,INE591A01010,OILCOUNTUB,BE,,,,,OIL COUNTRY TUBULAR LTD.,61.79,62.90,60.00,60.73,60.10,60.01,,60.73,,,76042,4680145.44,235,F1,1,,,,,
2026-08-07,2026-08-07,CM,NSE,STK,17438,INE274J01014,OIL,EQ,,,,,OIL INDIA LTD,445.25,451.85,437.10,442.80,442.80,444.00,,442.76,,,4232298,1881382710.25,41349,F1,1,,,,,
2026-08-07,2026-08-07,CM,NSE,STK,24777,INE0LXG01040,OLAELEC,EQ,,,,,OLA ELECTRIC MOBILITY LTD,41.44,41.74,40.76,41.07,41.03,41.44,,41.07,,,26892667,1107757288.02,47560,F1,1,,,,,
2026-08-07,2026-08-07,CM,NSE,STK,10637,INE260D01016,OLECTRA,EQ,,,,,OLECTRA GREENTECH LIMITED,1387.00,1394.00,1377.60,1385.00,1383.70,1399.40,,1385.00,,,174516,241840328.00,12002,F1,1,,,,,
2026-08-07,2026-08-07,CM,NSE,STK,759412,INE1BZC01019,OMFREIGHT,BE,,,,,OM FREIGHT FORWARDERS LTD,89.29,89.73,86.25,88.28,88.26,89.29,,88.20,,,5698,501147.95,100,F1,1,,,,,
2026-08-07,2026-08-07,CM,NSE,STK,24231,INE239D01028,OMINFRAL,EQ,,,,,OM INFRA LIMITED,89.67,89.78,86.27,87.35,87.45,89.67,,87.35,,,162849,14279272.53,2365,F1,1,,,,,
2026-08-07,2026-08-07,CM,NSE,STK,762432,INE25E901019,OMPOWER,EQ,,,,,OM POWER TRANSMISSION LTD,173.00,173.56,169.22,171.03,169.50,172.57,,170.97,,,44674,7661517.04,948,F1,1,,,,,
2026-08-07,2026-08-07,CM,NSE,STK,14125,INE090B01011,OMAXAUTO,BE,,,,,OMAX AUTOS LTD,190.00,192.55,182.97,183.12,183.90,192.60,,183.12,,,74872,13898106.64,576,F1,1,,,,,
2026-08-07,2026-08-07,CM,NSE,STK,14853,INE800H01010,OMAXE,EQ,,,,,OMAXE LIMITED,87.35,91.77,86.00,86.45,86.14,87.35,,86.45,,,513579,45781342.24,5294,F1,1,,,,,
2026-08-07,2026-08-07,CM,NSE,STK,120,INE338Y01016,OMFURN,ST,,,,,OMFURN INDIA LIMITED,61.00,61.00,59.95,59.95,59.95,63.10,,59.95,,,18000,1081200.00,11,F1,1200,,,,,
2026-08-07,2026-08-07,CM,NSE,STK,760865,INE0UH301010,OMNI,EQ,,,,,OMNITECH ENGINEERING LTD,627.00,627.00,553.30,578.35,575.00,627.05,,578.35,,,5739514,3297913532.25,169646,F1,1,,,,,
2026-08-07,2026-08-07,CM,NSE,STK,19692,INE00ER01015,ONDOOR,SM,,,,,ON DOOR CONCEPTS LIMITED,266.80,266.80,252.00,252.00,252.00,249.95,,252.00,,,600,155640.00,2,F1,300,,,,,
2026-08-07,2026-08-07,CM,NSE,STK,6705,INE982J01020,PAYTM,EQ,,,,,ONE 97 COMMUNICATIONS LTD,1425.30,1459.50,1425.30,1441.60,1441.60,1442.00,,1441.57,,,3055929,4429380337.90,68273,F1,1,,,,,
2026-08-07,2026-08-07,CM,NSE,STK,28046,INE0HLU01028,MOBIKWIK,EQ,,,,,ONE MOBIKWIK SYSTEMS LTD,203.85,204.99,199.79,200.30,200.78,204.43,,200.31,,,917685,185096732.42,9802,F1,1,,,,,
2026-08-07,2026-08-07,CM,NSE,STK,9939,INE840Y01029,ONEPOINT,EQ,,,,,ONE POINT ONE SOL LTD,58.50,61.25,57.50,60.33,60.25,57.10,,60.34,,,6282291,377016212.48,13691,F1,1,,,,,
2026-08-07,2026-08-07,CM,NSE,STK,19433,INE0OPS01011,OLIL,ST,,,,,ONECLICK LOGISTICS IND L,425.00,425.00,410.00,413.20,414.00,417.00,,413.20,,,18000,7527200.00,14,F1,400,,,,,
2026-08-07,2026-08-07,CM,NSE,STK,25496,INE912L01015,ONELIFECAP,BE,,,,,ONELIFE CAP ADVISORS LTD,33.50,33.80,32.10,32.89,33.40,33.78,,32.89,,,81102,2636088.34,284,F1,1,,,,,
2026-08-07,2026-08-07,CM,NSE,STK,763294,INE12F801023,KISSHT,EQ,,,,,ONEMI TECHNOLOGY SOL LTD,302.50,304.30,292.35,299.95,299.50,304.35,,299.95,,,1921997,574581645.75,36032,F1,1,,,,,
2026-08-07,2026-08-07,CM,NSE,STK,29224,INE013P01021,ONESOURCE,EQ,,,,,ONESOURCE SPECL PHARMA L,1548.00,1586.00,1545.00,1576.00,1565.00,1557.10,,1576.10,,,151582,236601254.10,19788,F1,1,,,,,
2026-08-07,2026-08-07,CM,NSE,STK,6853,INE831A01028,ONIDA,BE,,,,,ONIDA ELECTRONICS LIMITED,37.50,38.44,36.84,38.38,38.20,36.98,,38.37,,,361438,13545216.56,540,F1,1,,,,,
2026-08-07,2026-08-07,CM,NSE,STK,15282,INE809I01019,ONMOBILE,BE,,,,,ONMOBILE GLOBAL LTD.,69.67,69.70,69.67,69.70,69.70,71.09,,69.80,,,34825,2426826.40,189,F1,1,,,,,
2026-08-07,2026-08-07,CM,NSE,STK,2481,INE229A01017,ONWARDTEC,EQ,,,,,ONWARD TECHNOLOGIES LTD,278.60,292.00,278.60,290.70,290.05,278.60,,290.71,,,72813,20916201.90,2711,F1,1,,,,,
2026-08-07,2026-08-07,CM,NSE,STK,27143,INE0WVU01018,ONYX,ST,,,,,ONYX BIOTEC LIMITED,46.20,46.20,43.95,45.40,45.40,46.25,,45.40,,,14000,628700.00,7,F1,2000,,,,,
2026-08-07,2026-08-07,CM,NSE,STK,21469,INE350C01017,OPTIEMUS,EQ,,,,,OPTIEMUS INFRACOM LTD,576.00,590.00,554.25,562.10,561.50,581.20,,562.07,,,214057,121809985.00,10657,F1,1,,,,,
2026-08-07,2026-08-07,CM,NSE,STK,758903,INE15B101011,OPTIVALUE,ST,,,,,OPTIVALUE TEK CONSULT LTD,156.75,160.00,151.50,155.50,155.50,157.55,,155.50,,,136000,21128160.00,46,F1,1600,,,,,
2026-08-07,2026-08-07,CM,NSE,STK,10738,INE881D01027,OFSS,EQ,,,,,ORACLE FIN SERV SOFT LTD.,11650.00,11857.00,11572.00,11805.00,11805.00,11735.00,,11803.02,,,186998,2190587582.00,26868,F1,1,,,,,
2026-08-07,2026-08-07,CM,NSE,STK,31479,INE231G01010,ORBTEXP,BE,,,,,ORBIT EXPORTS LIMITED,249.94,255.00,242.01,252.72,250.99,249.94,,252.73,,,115783,29264039.44,328,F1,1,,,,,
2026-08-07,2026-08-07,CM,NSE,STK,29492,INE215B01022,ORCHASP,EQ,,,,,ORCHASP LIMITED,1.59,1.62,1.43,1.56,1.58,1.59,,1.58,,,263817,406786.59,432,F1,1,,,,,
2026-08-07,2026-08-07,CM,NSE,STK,926,INE191A01027,ORCHPHARMA,EQ,,,,,ORCHID PHARMA LIMITED,1003.10,1010.00,989.15,1001.85,1010.00,997.55,,1001.98,,,26620,26610622.20,3042,F1,1,,,,,
2026-08-07,2026-08-07,CM,NSE,STK,17882,INE0OUT01019,ORIANA,SM,,,,,ORIANA POWER LIMITED,1480.00,1510.00,1440.00,1448.80,1440.00,1468.15,,1448.80,,,61725,91646343.75,580,F1,75,,,,,
2026-08-07,2026-08-07,CM,NSE,STK,10159,INE730A01022,ORICONENT,EQ,,,,,ORICON ENTERPRISES LTD,54.90,55.00,53.11,54.12,54.00,54.27,,54.12,,,12355,668800.01,621,F1,1,,,,,
2026-08-07,2026-08-07,CM,NSE,STK,14278,INE607D01018,ORIENTBELL,EQ,,,,,ORIENT BELL LIMITED,314.35,317.00,311.25,314.00,317.00,315.55,,314.00,,,7318,2296629.60,253,F1,1,,,,,
2026-08-07,2026-08-07,CM,NSE,STK,30089,INE876N01018,ORIENTCEM,EQ,,,,,ORIENT CEMENT LTD.,137.75,138.00,136.00,136.73,136.60,138.17,,136.73,,,138487,19001969.32,1530,F1,1,,,,,
2026-08-07,2026-08-07,CM,NSE,STK,13111,INE569C01020,ORIENTCER,EQ,,,,,ORIENT CERATECH LIMITED,43.50,44.40,42.22,42.58,42.94,41.43,,42.57,,,119383,5137460.60,1212,F1,1,,,,,
2026-08-07,2026-08-07,CM,NSE,STK,2972,INE142Z01019,ORIENTELEC,EQ,,,,,ORIENT ELECTRIC LIMITED,181.70,191.00,179.66,189.18,189.95,178.23,,189.17,,,3629172,680471996.80,39308,F1,1,,,,,
2026-08-07,2026-08-07,CM,NSE,STK,20110,INE999K01014,GREENPOWER,EQ,,,,,ORIENT GREEN POWER CO LTD,9.90,9.99,9.55,9.82,9.90,9.93,,9.82,,,1926583,19039125.40,3509,F1,1,,,,,
2026-08-07,2026-08-07,CM,NSE,STK,2493,INE750A01020,ORIENTHOT,EQ,,,,,ORIENT HOTELS LTD,128.50,129.85,126.77,127.89,127.50,128.77,,127.89,,,234426,29978850.64,2287,F1,1,,,,,
2026-08-07,2026-08-07,CM,NSE,STK,2496,INE592A01026,ORIENTPPR,EQ,,,,,ORIENT PAPER AND INDS LTD,18.95,19.10,18.01,18.51,18.15,18.83,,18.51,,,369304,6919636.06,842,F1,1,,,,,
2026-08-07,2026-08-07,CM,NSE,STK,18211,INE609C01024,ORIENTLTD,BE,,,,,ORIENT PRESS LIMITED,78.50,78.90,76.79,77.20,77.20,78.50,,77.20,,,777,59997.95,15,F1,1,,,,,
2026-08-07,2026-08-07,CM,NSE,STK,24961,INE0PPK01015,ORIENTTECH,EQ,,,,,ORIENT TECHNOLOGIES LTD,259.05,260.90,258.00,258.75,258.20,259.60,,258.80,,,81943,21252638.15,2401,F1,1,,,,,
2026-08-07,2026-08-07,CM,NSE,STK,10768,INE959C01023,OAL,EQ,,,,,ORIENTAL AROMATICS LTD,377.55,380.10,373.15,378.50,378.00,380.95,,378.65,,,14430,5448206.55,498,F1,1,,,,,
2026-08-07,2026-08-07,CM,NSE,STK,14346,INE998H01012,ORIENTALTL,EQ,,,,,ORIENTAL TRIMEX LTD,5.29,5.29,5.12,5.16,5.15,5.15,,5.16,,,55514,287270.04,165,F1,1,,,,,
2026-08-07,2026-08-07,CM,NSE,STK,19931,INE725E01024,ORISSAMINE,EQ,,,,,ORISSA MIN DEV CO LTD,4290.30,4450.00,4290.30,4405.20,4360.00,4320.20,,4405.20,,,10411,45728388.00,2290,F1,1,,,,,
2026-08-07,2026-08-07,CM,NSE,STK,759569,INE16NZ01023,ORKLAINDIA,EQ,,,,,ORKLA INDIA LIMITED,562.95,571.00,557.00,566.85,569.00,559.35,,566.82,,,193947,109086542.80,15149,F1,1,,,,,
2026-08-07,2026-08-07,CM,NSE,STK,13321,INE849L01019,ORTEL,BZ,,,,,ORTEL COMMUNICATIONS LTD,2.23,2.23,2.03,2.22,2.22,2.13,,2.22,,,24548,54693.46,65,F1,1,,,,,
2026-08-07,2026-08-07,CM,NSE,STK,2980,INE749B01020,ORTINGLOBE,BE,,,,,ORTIN GLOBAL LIMITED,15.95,15.95,14.47,15.15,15.15,15.20,,15.15,,,19989,299210.27,33,F1,1,,,,,
2026-08-07,2026-08-07,CM,NSE,STK,25386,INE0RMF01018,OSELDEVICE,SM,,,,,OSEL DEVICES LIMITED,410.25,410.30,396.00,400.10,398.00,408.25,,400.10,,,15400,6190060.00,64,F1,200,,,,,
2026-08-07,2026-08-07,CM,NSE,STK,12643,INE06IR01021,OSIAHYPER,BE,,,,,OSIA HYPER RETAIL LIMITED,2.74,2.84,2.67,2.77,2.81,2.75,,2.77,,,552004,1534031.53,412,F1,1,,,,,
2026-08-07,2026-08-07,CM,NSE,STK,2514,INE142A01012,OSWALAGRO,EQ,,,,,OSWAL AGRO MILLS LTD,42.00,42.79,39.90,40.16,40.00,42.57,,40.16,,,115630,4720235.22,516,F1,1,,,,,
2026-08-07,2026-08-07,CM,NSE,STK,471,INE143A01010,OSWALGREEN,EQ,,,,,OSWAL GREENTECH LIMITED,21.93,22.85,21.51,22.04,22.21,22.07,,22.04,,,120769,2661350.74,728,F1,1,,,,,
2026-08-07,2026-08-07,CM,NSE,STK,756802,INE0BYP01024,OSWALPUMPS,EQ,,,,,OSWAL PUMPS LIMITED,322.00,328.25,322.00,326.10,326.15,322.95,,326.10,,,558289,181633447.35,11025,F1,1,,,,,
2026-08-07,2026-08-07,CM,NSE,STK,22914,INE0R8M01017,OWAIS,ST,,,,,OWAIS METAL & MINERAL,91.90,93.40,91.50,91.85,91.90,91.65,,91.85,,,13800,1271140.00,67,F1,100,,,,,
2026-08-07,2026-08-07,CM,NSE,STK,25312,INE953R01016,PNGJL,EQ,,,,,P N GADGIL JEWELLERS LTD,630.25,653.95,630.25,642.85,642.50,635.20,,642.89,,,698612,452482465.50,30583,F1,1,,,,,
2026-08-07,2026-08-07,CM,NSE,STK,29665,INE0XUS01020,PSRAJ,ST,,,,,P S RAJ STEELS LIMITED,77.00,78.95,77.00,77.75,78.95,77.15,,77.75,,,12500,968125.00,5,F1,2500,,,,,
2026-08-07,2026-08-07,CM,NSE,STK,2535,INE179A01014,PGHH,EQ,,,,,P&G HYGIENE & HEALTH CARE,8541.00,8550.00,8476.00,8497.00,8500.00,8484.00,,8497.52,,,8475,72069057.00,2170,F1,1,,,,,
2026-08-07,2026-08-07,CM,NSE,STK,8735,INE0KN801013,PROPEQUITY,SM,,,,,P. E. ANALYTICS LIMITED,239.90,239.90,225.00,225.00,225.00,204.00,,225.00,,,1800,413940.00,3,F1,600,,,,,
2026-08-07,2026-08-07,CM,NSE,STK,759342,INE0S3G01027,PACEDIGITK,EQ,,,,,PACE DIGITEK LIMITED,188.21,188.59,179.43,181.95,182.00,186.92,,181.95,,,2560644,468733710.41,21067,F1,1,,,,,
2026-08-07,2026-08-07,CM,NSE,STK,14413,INE761H01022,PAGEIND,EQ,,,,,PAGE INDUSTRIES LTD,39890.00,40240.00,39735.00,39900.00,39900.00,40050.00,,39900.00,,,10770,431039950.00,4942,F1,1,,,,,
2026-08-07,2026-08-07,CM,NSE,STK,25468,INE420C01059,PAISALO,EQ,,,,,PAISALO DIGITAL LIMITED,69.00,69.89,68.50,68.68,68.70,68.98,,68.68,,,11426042,787885427.75,16456,F1,1,,,,,
2026-08-07,2026-08-07,CM,NSE,STK,17197,INE551D01018,PAKKA,EQ,,,,,PAKKA LIMITED,72.18,72.75,71.01,72.17,71.65,72.15,,72.15,,,33247,2390879.15,582,F1,1,,,,,
2026-08-07,2026-08-07,CM,NSE,STK,21383,INE471W01019,PALASHSECU,EQ,,,,,PALASH SECURITIES LTD,87.10,94.79,87.00,92.01,94.00,87.10,,92.01,,,1785,161193.46,26,F1,1,,,,,
2026-08-07,2026-08-07,CM,NSE,STK,17059,INE218G01033,PALREDTEC,BE,,,,,PALRED TECHNOLOGIES LTD,47.66,50.04,46.00,48.90,48.90,47.66,,48.90,,,3982,196420.60,41,F1,1,,,,,
2026-08-07,2026-08-07,CM,NSE,STK,4055,INE922B01023,PANACEABIO,EQ,,,,,PANACEA BIOTEC LTD,419.90,423.95,410.35,413.00,414.15,418.65,,413.01,,,145361,60178275.35,4076,F1,1,,,,,
2026-08-07,2026-08-07,CM,NSE,STK,16355,INE895W01019,PANACHE,BE,,,,,PANACHE DIGILIFE LIMITED,442.85,463.00,431.00,458.55,461.00,442.85,,458.55,,,20918,9445477.40,188,F1,1,,,,,
2026-08-07,2026-08-07,CM,NSE,STK,25392,INE305C01029,PANAMAPET,EQ,,,,,PANAMA PETROCHEM LTD,496.35,510.00,483.55,504.80,503.00,494.95,,504.78,,,359650,179605514.25,13275,F1,1,,,,,
2026-08-07,2026-08-07,CM,NSE,STK,6141,INE697V01011,PANSARI,EQ,,,,,PANSARI DEVELOPERS LTD,314.40,330.95,314.40,322.75,319.00,329.25,,322.75,,,2534,817329.20,148,F1,1,,,,,
2026-08-07,2026-08-07,CM,NSE,STK,5631,INE04LG01015,PAR,EQ,,,,,PAR DRUGS AND CHEM LTD,100.89,101.88,97.80,98.40,99.15,100.92,,98.40,,,4769,473959.09,155,F1,1,,,,,
2026-08-07,2026-08-07,CM,NSE,STK,9741,INE088F01024,PARADEEP,EQ,,,,,PARADEEP PHOSPHATES LTD,148.13,152.30,146.81,149.45,149.60,148.13,,149.44,,,6178811,927613798.67,42943,F1,1,,,,,
2026-08-07,2026-08-07,CM,NSE,STK,17130,INE883N01014,PARAGMILK,EQ,,,,,PARAG MILK FOODS LTD.,219.60,228.64,217.28,223.22,223.00,225.99,,223.22,,,802192,179504300.16,14889,F1,1,,,,,
2026-08-07,2026-08-07,CM,NSE,STK,19779,INE0N4G01012,PARAGON,SM,,,,,PARAGON FINE S.C. LTD.,49.90,49.90,49.90,49.90,49.90,49.00,,49.90,,,4800,239520.00,2,F1,1200,,,,,
2026-08-07,2026-08-07,CM,NSE,STK,13951,INE074B01023,PARACABLES,EQ,,,,,PARAMOUNT COMM LTD,66.05,69.25,65.46,68.92,68.70,66.05,,68.91,,,3037304,207080706.58,18264,F1,1,,,,,
2026-08-07,2026-08-07,CM,NSE,STK,25431,INE0Q6001012,PSFL,SM,,,,,PARAMOUNT SPECIALI FORG L,31.45,31.45,31.45,31.45,31.45,31.00,,31.45,,,2000,62900.00,1,F1,2000,,,,,
2026-08-07,2026-08-07,CM,NSE,STK,5911,INE045601023,PARAS,EQ,,,,,PARAS DEF AND SPCE TECH L,1316.00,1330.90,1235.30,1277.10,1274.90,1316.70,,1277.01,,,1254142,1615650416.90,50075,F1,1,,,,,
2026-08-07,2026-08-07,CM,NSE,STK,3972,INE162C01024,PARASPETRO,EQ,,,,,PARAS PETROFILS LTD.,2.75,2.75,2.59,2.59,2.59,2.72,,2.59,,,278625,730632.98,362,F1,1,,,,,
2026-08-07,2026-08-07,CM,NSE,STK,5460,INE00U801010,PARIN,SM,,,,,PARIN ENTERPRISES LIMITED,691.05,704.00,685.00,698.40,702.00,706.00,,698.40,,,1750,1221762.50,6,F1,250,,,,,
2026-08-07,2026-08-07,CM,NSE,STK,760351,INE119201023,PARKHOSPS,EQ,,,,,PARK MEDI WORLD LIMITED,291.00,295.50,286.70,292.25,291.20,292.25,,292.25,,,629488,183301972.20,9203,F1,1,,,,,
2026-08-07,2026-08-07,CM,NSE,STK,22649,INE988S01028,PARKHOTELS,EQ,,,,,PARKHOTELS,120.35,122.40,118.20,119.92,119.50,120.93,,119.95,,,201372,24240398.63,3496,F1,1,,,,,
2026-08-07,2026-08-07,CM,NSE,STK,13795,INE561H01026,PARSVNATH,BE,,,,,PARSVNATH DEVELOPER LTD,1.65,1.65,1.65,1.65,1.65,1.68,,1.64,,,110188,181810.20,157,F1,1,,,,,
2026-08-07,2026-08-07,CM,NSE,STK,758217,INE1H7V01011,PARTH,SM,,,,,PARTH ELEC & ENG LTD,503.00,521.95,500.10,506.15,500.10,517.25,,506.15,,,7600,3844800.00,15,F1,400,,,,,
2026-08-07,2026-08-07,CM,NSE,STK,2599,INE06ZX01015,PARTYCRUS,SM,,,,,PARTY CRUISERS LIMITED,85.75,85.75,85.75,85.75,85.75,88.80,,85.75,,,1000,85750.00,1,F1,1000,,,,,
2026-08-07,2026-08-07,CM,NSE,STK,757955,INE124Y01028,PASHUPATI,EQ,,,,,PASHUPATI COTSPIN LIMITED,84.99,85.99,83.20,83.97,84.30,85.07,,83.99,,,490258,41443390.92,3632,F1,1,,,,,
2026-08-07,2026-08-07,CM,NSE,STK,6048,INE818B01023,PASUPTAC,BE,,,,,PASUPATI ACRYLON LIMITED,60.00,62.65,60.00,62.38,62.65,59.67,,62.39,,,96185,5948223.51,370,F1,1,,,,,
2026-08-07,2026-08-07,CM,NSE,STK,17029,INE619A01035,PATANJALI,EQ,,,,,PATANJALI FOODS LIMITED,352.95,357.50,351.10,357.50,357.50,355.00,,357.44,,,2796734,990445901.00,19867,F1,1,,,,,
2026-08-07,2026-08-07,CM,NSE,STK,758732,INE244B07243,1025PATE28,N0,,,,,PATE 10.25% 2028,99850.00,99850.00,99850.00,99850.00,99850.00,100100.00,,99850.00,,,2,199700.00,2,F1,1,,,,,
2026-08-07,2026-08-07,CM,NSE,STK,11699,INE244B01030,PATELENG,EQ,,,,,PATEL ENGINEERING LTD.,28.60,28.99,28.40,28.59,28.56,28.79,,28.59,,,3128274,89666526.34,8986,F1,1,,,,,
2026-08-07,2026-08-07,CM,NSE,STK,15223,INE529D01014,PATINTLOG,BE,,,,,PATEL INT. LOG. LTD,14.70,14.90,14.39,14.43,14.50,14.79,,14.43,,,22171,323254.04,161,F1,1,,,,,
2026-08-07,2026-08-07,CM,NSE,STK,759439,INE0R8B01010,PATELRMART,EQ,,,,,PATEL RETAIL LIMITED,221.00,222.80,218.50,220.35,222.80,221.02,,220.58,,,24662,5421552.50,861,F1,1,,,,,
2026-08-07,2026-08-07,CM,NSE,STK,756966,INE17GV01016,PATILAUTOM,ST,,,,,PATIL AUTOMATION LIMITED,208.40,210.75,204.00,210.75,210.75,200.75,,210.75,,,77400,16181820.00,100,F1,600,,,,,
2026-08-07,2026-08-07,CM,NSE,STK,762834,INE291E01019,PML,EQ,,,,,PAUL MERCHANTS LTD.,505.00,511.35,486.55,500.45,490.00,506.25,,500.45,,,846,425227.65,68,F1,1,,,,,
2026-08-07,2026-08-07,CM,NSE,STK,759969,INE111F01024,PAUSHAKLTD,EQ,,,,,PAUSHAK LIMITED,700.00,714.30,681.80,706.65,705.10,691.70,,706.57,,,32708,22806460.05,2303,F1,1,,,,,
2026-08-07,2026-08-07,CM,NSE,STK,16192,INE07S101038,PAVNAIND,EQ,,,,,PAVNA INDUSTRIES LIMITED,18.71,19.70,18.01,18.31,18.48,19.09,,18.31,,,94789,1767067.96,827,F1,1,,,,,
2026-08-07,2026-08-07,CM,NSE,STK,6656,INE417T01026,POLICYBZR,EQ,,,,,PB FINTECH LIMITED,1593.90,1613.40,1583.10,1604.50,1604.50,1599.00,,1604.52,,,733424,1173541584.70,27765,F1,1,,,,,
2026-08-07,2026-08-07,CM,NSE,STK,29124,INE785M01021,PCJEWELLER,EQ,,,,,PC JEWELLER LTD,9.71,9.91,9.69,9.77,9.73,9.68,,9.77,,,136039488,1329986368.97,35938,F1,1,,,,,
2026-08-07,2026-08-07,CM,NSE,STK,2649,INE602A01031,PCBL,EQ,,,,,PCBL CHEMICAL LIMITED,324.90,325.90,320.50,321.90,321.95,324.80,,321.88,,,555082,179272748.80,12509,F1,1,,,,,
2026-08-07,2026-08-07,CM,NSE,STK,5264,INE111Q01021,PDSL,EQ,,,,,PDS LIMITED,357.40,370.00,355.25,361.85,359.95,358.05,,361.85,,,216413,78819527.65,7341,F1,1,,,,,
2026-08-07,2026-08-07,CM,NSE,STK,14260,INE940H01022,PGIL,EQ,,,,,PEARL GLOBAL IND LIMITED,2235.00,2539.60,2231.00,2464.10,2452.00,2221.50,,2463.95,,,2215967,5452880094.30,171878,F1,1,,,,,
2026-08-07,2026-08-07,CM,NSE,STK,8188,INE844A01013,PEARLPOLY,BE,,,,,PEARL POLYMERS LTD,16.95,16.95,16.50,16.89,16.90,16.35,,16.89,,,9751,163452.94,49,F1,1,,,,,
2026-08-07,2026-08-07,CM,NSE,STK,25408,INE0VG601013,PELATRO,SM,,,,,PELATRO LIMITED,293.00,293.00,285.00,285.00,285.00,281.80,,285.00,,,1200,344400.00,4,F1,300,,,,,
2026-08-07,2026-08-07,CM,NSE,STK,5358,INE138A01028,PENINLAND,BE,,,,,PENINSULA LAND LIMITED,16.32,16.35,16.12,16.12,16.12,16.44,,16.20,,,43151,703204.01,71,F1,1,,,,,
2026-08-07,2026-08-07,CM,NSE,STK,20621,INE932A01024,PENIND,EQ,,,,,PENNAR INDUSTRIES LTD,161.60,164.00,158.71,159.86,160.80,162.66,,159.86,,,457240,73472029.65,4576,F1,1,,,,,
2026-08-07,2026-08-07,CM,NSE,STK,17132,INE0ORS01017,PENTAGON,SM,,,,,PENTAGON RUBBER LIMITED,52.05,52.05,50.00,50.70,50.70,54.95,,50.70,,,10000,505200.00,9,F1,1000,,,,,
2026-08-07,2026-08-07,CM,NSE,STK,758121,INE925S01012,PERFECT,SZ,,,,,PERFECT INFRAENGINEER LTD,2.60,2.60,2.55,2.55,2.55,2.65,,2.55,,,6000,15450.00,2,F1,3000,,,,,
2026-08-07,2026-08-07,CM,NSE,STK,18365,INE262H01021,PERSISTENT,EQ,,,,,PERSISTENT SYSTEMS LTD,5470.00,5594.00,5448.50,5475.00,5475.00,5459.50,,5475.00,,,507690,2797220564.00,36377,F1,1,,,,,
2026-08-07,2026-08-07,CM,NSE,STK,24290,INE998U01015,PCCL,SM,,,,,PETRO CARBON AND CHEMI L,293.00,301.90,287.50,297.40,299.85,296.00,,297.40,,,20400,6090020.00,31,F1,400,,,,,
2026-08-07,2026-08-07,CM,NSE,STK,11351,INE347G01014,PETRONET,EQ,,,,,PETRONET LNG LIMITED,275.40,280.60,275.40,280.60,280.60,276.95,,280.59,,,833605,232153611.85,26964,F1,1,,,,,
2026-08-07,2026-08-07,CM,NSE,STK,760824,INE134E07DJ3,PFCL41A,NE,,,,,PFCL 0% 2041 SR V,954.00,954.00,954.00,954.00,954.00,954.00,,954.00,,,36,34344.00,1,F1,1,,,,,
2026-08-07,2026-08-07,CM,NSE,STK,760801,INE134E07DP0,7PFCL31,N3,,,,,PFCL 7.00% 2031 SR I,1000.01,1000.01,1000.01,1000.01,1000.01,1000.01,,1000.01,,,60,60000.60,2,F1,1,,,,,
2026-08-07,2026-08-07,CM,NSE,STK,760804,INE134E07DO3,720PFCL36,N6,,,,,PFCL 7.20% 2036 SR II,1021.00,1021.00,1020.95,1020.95,1020.95,1015.00,,1020.95,,,10,10209.75,2,F1,1,,,,,
2026-08-07,2026-08-07,CM,NSE,STK,760810,INE134E07DU0,730PFCL41,NC,,,,,PFCL 7.30% 2041 SR IV,1000.00,1002.00,990.00,1002.00,1002.00,986.01,,1002.00,,,75,74870.00,7,F1,1,,,,,
2026-08-07,2026-08-07,CM,NSE,STK,2643,INE182A01018,PFIZER,EQ,,,,,PFIZER LTD,4925.00,4925.00,4850.00,4880.60,4886.10,4900.00,,4878.25,,,5857,28634031.70,1838,F1,1,,,,,
2026-08-07,2026-08-07,CM,NSE,STK,25358,INE457L01029,PGEL,EQ,,,,,PG ELECTROPLAST LTD,614.30,643.95,602.45,630.65,630.65,609.75,,630.65,,,11060038,6937741062.10,143620,F1,1,,,,,
2026-08-07,2026-08-07,CM,NSE,STK,11612,INE0MLZ01019,PHANTOMFX,SM,,,,,PHANTOM DIGITAL EFF LTD,163.05,167.00,154.00,155.15,155.00,165.00,,155.15,,,62100,9793095.00,145,F1,300,,,,,
2026-08-07,2026-08-07,CM,NSE,STK,759723,INE0LP301011,PWL,EQ,,,,,PHYSICSWALLAH LIMITED,125.49,133.50,125.08,131.59,131.00,125.49,,131.59,,,12678121,1660301135.22,71068,F1,1,,,,,
2026-08-07,2026-08-07,CM,NSE,STK,24184,INE603J01030,PIIND,EQ,,,,,PI INDUSTRIES LTD,2778.40,2796.60,2751.20,2774.60,2774.60,2796.00,,2774.56,,,85234,236012642.70,7552,F1,1,,,,,
2026-08-07,2026-08-07,CM,NSE,STK,757754,INE546C01010,PICCADIL,EQ,,,,,PICCADILY AGRO INDUSTRI L,749.95,760.90,736.95,743.15,740.85,746.20,,743.15,,,145966,109370092.60,8268,F1,1,,,,,
2026-08-07,2026-08-07,CM,NSE,STK,24785,INE0YAL01017,PPSL,SM,,,,,PICTUREPOST STUDIOS LTD,2.90,2.90,2.90,2.90,2.90,2.80,,2.90,,,33000,95700.00,9,F1,3000,,,,,
2026-08-07,2026-08-07,CM,NSE,STK,2664,INE318A01026,PIDILITIND,EQ,,,,,PIDILITE INDUSTRIES LTD,1675.00,1675.00,1648.10,1660.00,1660.00,1686.00,,1660.00,,,917427,1523522937.20,60510,F1,1,,,,,
2026-08-07,2026-08-07,CM,NSE,STK,30838,INE600A01035,PILITA,BE,,,,,PIL ITALICA LIFESTYLE LTD,8.73,8.73,8.21,8.61,8.69,8.51,,8.61,,,80746,693931.76,129,F1,1,,,,,
2026-08-07,2026-08-07,CM,NSE,STK,11445,INE417C01014,PILANIINVS,EQ,,,,,PILANI INV & IND COR LTD,4314.20,4410.00,4314.20,4370.70,4399.50,4315.00,,4373.50,,,1798,7844826.60,214,F1,1,,,,,
2026-08-07,2026-08-07,CM,NSE,STK,759820,INE15B701018,PINELABS,EQ,,,,,PINE LABS LIMITED,156.00,157.74,154.00,154.44,154.40,156.04,,154.42,,,12806006,1993752240.86,62698,F1,1,,,,,
2026-08-07,2026-08-07,CM,NSE,STK,13463,INE156C01018,PIONEEREMB,EQ,,,,,PIONEER EMBROIDERIES LTD,24.90,24.90,23.50,23.93,24.18,24.30,,23.93,,,8515,203450.53,107,F1,1,,,,,
2026-08-07,2026-08-07,CM,NSE,STK,762832,INE746D01014,PIONRINV,BE,,,,,PIONEER INVESTCORP LTD.,83.63,83.65,83.63,83.65,83.65,84.05,,88.40,,,76,6356.14,4,F1,1,,,,,
2026-08-07,2026-08-07,CM,NSE,STK,759551,INE202B01038,PIRAMALFIN,EQ,,,,,PIRAMAL FINANCE LIMITED,2112.00,2124.90,2089.10,2109.70,2104.00,2109.70,,2109.70,,,168834,356214516.20,9668,F1,1,,,,,
2026-08-07,2026-08-07,CM,NSE,STK,11571,INE0DK501011,PPLPHARMA,EQ,,,,,PIRAMAL PHARMA LIMITED,207.00,212.24,205.51,209.55,209.10,208.24,,209.54,,,4611692,966075444.95,36912,F1,1,,,,,
2026-08-07,2026-08-07,CM,NSE,STK,14134,INE450D01021,PITTIENG,EQ,,,,,PITTI ENGINEERING LIMITED,945.00,948.00,933.00,939.95,933.00,940.80,,939.91,,,10944,10309862.20,1142,F1,1,,,,,
2026-08-07,2026-08-07,CM,NSE,STK,9087,INE751B01018,PIXTRANS,EQ,,,,,PIX TRANSMISSIONS LIMITED,1693.00,1725.00,1672.70,1717.20,1725.00,1698.60,,1717.20,,,12293,20887743.00,1564,F1,1,,,,,
2026-08-07,2026-08-07,CM,NSE,STK,13920,INE083C01022,PLASTIBLEN,EQ,,,,,PLASTIBLENDS INDIA LTD,198.61,200.00,196.49,197.69,196.49,197.49,,197.69,,,40091,7966431.65,906,F1,1,,,,,
2026-08-07,2026-08-07,CM,NSE,STK,22930,INE0PT501018,PLATIND,EQ,,,,,PLATINUM INDUSTRIES LTD,227.27,228.00,223.00,224.75,223.10,226.14,,224.69,,,32047,7215442.26,1339,F1,1,,,,,
2026-08-07,2026-08-07,CM,NSE,STK,19461,INE0INJ01017,PLAZACABLE,BE,,,,,PLAZA WIRES LIMITED,47.43,48.00,45.60,47.80,48.00,47.43,,47.80,,,26260,1239000.53,149,F1,1,,,,,
2026-08-07,2026-08-07,CM,NSE,STK,8736,INE859A01011,PNBGILTS,EQ,,,,,PNB GILTS LIMITED,82.00,82.89,80.00,80.70,80.76,82.00,,80.71,,,462573,37523521.24,4097,F1,1,,,,,
2026-08-07,2026-08-07,CM,NSE,STK,18908,INE572E01012,PNBHOUSING,EQ,,,,,PNB HOUSING FIN LTD.,1150.00,1151.80,1119.50,1143.00,1143.00,1150.00,,1142.93,,,1476731,1676338771.20,42542,F1,1,,,,,
2026-08-07,2026-08-07,CM,NSE,STK,9385,INE195J01029,PNCINFRA,EQ,,,,,PNC INFRATECH LTD.,238.00,238.50,222.00,224.38,223.97,239.76,,224.38,,,1413509,321539941.66,33224,F1,1,,,,,
2026-08-07,2026-08-07,CM,NSE,STK,760242,INE1RDG01013,PNGSREVA,EQ,,,,,PNGS REVA DIAMOND JEWEL L,496.00,518.95,492.60,511.20,515.00,499.30,,511.30,,,253363,128634096.80,11391,F1,1,,,,,
2026-08-07,2026-08-07,CM,NSE,STK,19036,INE371C01013,PODDARMENT,EQ,,,,,PODDAR PIGMENTS LIMITED,260.00,260.00,253.10,257.45,257.05,256.90,,257.45,,,2350,605415.20,84,F1,1,,,,,
2026-08-07,2026-08-07,CM,NSE,STK,17651,INE637C01025,POKARNA,EQ,,,,,POKARNA LIMITED,969.00,1020.00,967.00,986.60,992.00,967.15,,986.57,,,153323,152451875.45,8789,F1,1,,,,,
2026-08-07,2026-08-07,CM,NSE,STK,25718,INE205C01021,POLYMED,EQ,,,,,POLY MEDICURE LIMITED,1714.90,1745.00,1651.20,1693.80,1695.20,1709.30,,1693.76,,,225240,382912863.10,24647,F1,1,,,,,
2026-08-07,2026-08-07,CM,NSE,STK,9590,INE455K01017,POLYCAB,EQ,,,,,POLYCAB INDIA LIMITED,9315.00,9315.00,9182.00,9218.00,9218.00,9315.00,,9219.68,,,197996,1829743967.50,25272,F1,1,,,,,
2026-08-07,2026-08-07,CM,NSE,STK,2687,INE633B01018,POLYPLEX,EQ,,,,,POLYPLEX CORPORATION LTD,1115.10,1134.00,1110.00,1115.90,1112.20,1115.10,,1115.92,,,46724,52422134.30,2611,F1,1,,,,,
2026-08-07,2026-08-07,CM,NSE,STK,22711,INE517M01028,POLYSIL,SM,,,,,POLYSIL IRRIGATION SYST L,75.00,75.00,75.00,75.00,75.00,78.90,,75.00,,,18000,1350000.00,25,F1,500,,,,,
2026-08-07,2026-08-07,CM,NSE,STK,14385,INE063E01061,POCL,EQ,,,,,PONDY OXIDES & CHEM LTD,486.95,496.65,480.00,481.70,482.00,487.65,,481.72,,,594467,289627699.85,17667,F1,1,,,,,
2026-08-07,2026-08-07,CM,NSE,STK,10661,INE838E01017,PONNIERODE,EQ,,,,,PONNIE SUGARS (ERODE) LTD,320.20,323.95,320.00,320.75,321.00,322.90,,320.64,,,6297,2022862.45,222,F1,1,,,,,
2026-08-07,2026-08-07,CM,NSE,STK,11403,INE511C01022,POONAWALLA,EQ,,,,,POONAWALLA FINCORP LTD,492.90,493.00,469.00,480.05,480.05,490.85,,480.05,,,1895576,905588239.45,52100,F1,1,,,,,
2026-08-07,2026-08-07,CM,NSE,STK,23142,INE772T01024,PVSL,EQ,,,,,POPULAR VEHICLES N SER L,109.19,111.97,107.73,108.11,108.00,109.39,,108.11,,,19518,2125557.61,599,F1,1,,,,,
2026-08-07,2026-08-07,CM,NSE,STK,24864,INE0S3H01017,POSITRON,SM,,,,,POSITRON ENERGY LIMITED,172.90,174.50,171.05,171.40,171.05,172.90,,171.40,,,3300,569340.00,11,F1,300,,,,,
2026-08-07,2026-08-07,CM,NSE,STK,14299,INE134E01011,PFC,EQ,,,,,POWER FIN CORP LTD.,417.00,421.15,414.50,420.00,420.00,418.00,,420.00,,,4422078,1852440482.55,62383,F1,1,,,,,
2026-08-07,2026-08-07,CM,NSE,STK,14977,INE752E01010,POWERGRID,EQ,,,,,POWER GRID CORP. LTD.,268.65,272.85,268.35,271.60,271.60,270.75,,271.60,,,7795199,2112143081.20,63625,F1,1,,,,,
2026-08-07,2026-08-07,CM,NSE,STK,15716,INE557Z01018,PIGL,EQ,,,,,POWER INSTRUMENT (G) LTD,106.77,113.80,104.71,112.26,112.58,105.71,,112.25,,,237433,26114460.14,2383,F1,1,,,,,
2026-08-07,2026-08-07,CM,NSE,STK,10473,INE211R01019,POWERMECH,EQ,,,,,POWER MECH PROJECTS LTD.,2610.40,2643.10,2592.00,2616.70,2600.40,2617.00,,2616.52,,,49411,129074906.40,7345,F1,1,,,,,
2026-08-07,2026-08-07,CM,NSE,STK,3494,INE0GGX23010,PGINVIT,IV,,,,,POWERGRID INFRA. INVITS,99.59,100.20,99.40,99.78,99.78,99.69,,99.78,,,1997880,199140125.55,9064,F1,1,,,,,
2026-08-07,2026-08-07,CM,NSE,STK,761680,INE921L01032,POWERICA,EQ,,,,,POWERICA LIMITED,524.70,544.45,510.00,533.20,529.90,522.75,,533.03,,,186038,97387376.65,7641,F1,1,,,,,
2026-08-07,2026-08-07,CM,NSE,STK,15213,INE095I01015,PPAP,BE,,,,,PPAP AUTOMOTIVE LIMITED,319.95,327.30,301.00,321.35,321.75,311.85,,321.40,,,47793,15123603.85,759,F1,1,,,,,
2026-08-07,2026-08-07,CM,NSE,STK,30134,INE0I0M01023,PRABHA,EQ,,,,,PRABHA ENERGY LIMITED,156.44,158.75,153.10,154.61,154.96,156.44,,154.61,,,45510,7106839.74,700,F1,1,,,,,
2026-08-07,2026-08-07,CM,NSE,STK,762842,INE770A01010,PRADPME,BE,,,,,PRADEEP METALS LTD.,519.00,525.90,512.20,515.20,515.00,513.60,,515.53,,,7973,4141022.85,306,F1,1,,,,,
2026-08-07,2026-08-07,CM,NSE,STK,2705,INE074A01025,PRAJIND,EQ,,,,,PRAJ INDUSTRIES LTD,325.05,329.95,322.00,325.05,323.80,319.65,,325.06,,,1341676,437478953.55,25322,F1,1,,,,,
2026-08-07,2026-08-07,CM,NSE,STK,13941,INE505C01016,PRAENG,EQ,,,,,PRAJAY ENG. SYN. LTD.,20.49,20.90,19.36,19.90,19.80,20.49,,19.90,,,124261,2485676.46,432,F1,1,,,,,
2026-08-07,2026-08-07,CM,NSE,STK,2708,INE603A01013,PRAKASH,EQ,,,,,PRAKASH INDUSTRIES LTD,129.00,130.39,128.10,128.73,128.22,128.72,,128.73,,,235356,30434734.77,3089,F1,1,,,,,
2026-08-07,2026-08-07,CM,NSE,STK,10299,INE050001010,PPL,BE,,,,,PRAKASH PIPES LIMITED,257.10,271.00,255.10,260.40,264.75,262.45,,260.58,,,32093,8401764.00,416,F1,1,,,,,
2026-08-07,2026-08-07,CM,NSE,STK,19599,INE696K01024,PRAKASHSTL,EQ,,,,,PRAKASH STEELAGE LTD,4.05,4.05,3.96,3.98,3.99,3.97,,3.98,,,58130,231657.14,242,F1,1,,,,,
2026-08-07,2026-08-07,CM,NSE,STK,18514,INE0O7A01017,PRAMARA,SM,,,,,PRAMARA PROMOTIONS LTD,123.75,123.75,119.00,119.35,120.90,120.60,,119.35,,,8000,957525.00,14,F1,500,,,,,
2026-08-07,2026-08-07,CM,NSE,STK,21840,INE393P01035,DIAMONDYD,EQ,,,,,PRATAAP SNACKS LIMITED,1170.00,1239.00,1150.10,1227.40,1219.00,1166.20,,1227.60,,,445495,530571737.70,9843,F1,1,,,,,
2026-08-07,2026-08-07,CM,NSE,STK,23113,INE0QA601016,PRATHAM,SM,,,,,PRATHAM EPC PROJECTS LTD,120.00,120.00,120.00,120.00,120.00,120.00,,120.00,,,1200,144000.00,3,F1,400,,,,,
2026-08-07,2026-08-07,CM,NSE,STK,762844,INE722B01019,PRAVEG,EQ,,,,,PRAVEG LTD.,287.25,291.00,272.10,275.40,272.10,287.25,,275.43,,,90072,25164631.50,3044,F1,1,,,,,
2026-08-07,2026-08-07,CM,NSE,STK,1204,INE546Y01022,PRAXIS,EQ,,,,,PRAXIS HOME RETAIL LTD,7.23,7.40,6.81,6.91,6.99,7.23,,6.92,,,58492,409548.00,214,F1,1,,,,,
2026-08-07,2026-08-07,CM,NSE,STK,12603,INE484I01029,PRECAM,EQ,,,,,PRECISION CAMSHAFTS LTD.,143.87,145.27,143.00,143.29,143.20,144.48,,143.28,,,62856,9040205.55,1643,F1,1,,,,,
2026-08-07,2026-08-07,CM,NSE,STK,7963,INE0HKW01018,PRECISION,ST,,,,,PRECISION METALIKS LTD,8.50,8.50,8.45,8.50,8.50,8.10,,8.50,,,14000,118800.00,6,F1,2000,,,,,
2026-08-07,2026-08-07,CM,NSE,STK,2717,INE372C01037,PRECWIRE,EQ,,,,,PRECISION WIRES INDIA LTD,417.70,417.70,401.10,413.80,413.00,418.95,,413.78,,,391595,160238582.30,16313,F1,1,,,,,
2026-08-07,2026-08-07,CM,NSE,STK,2711,INE283A01014,PRECOT,EQ,,,,,PRECOT LIMITED,870.00,870.00,802.00,813.25,807.05,852.65,,813.25,,,11322,9367995.15,854,F1,1,,,,,
2026-08-07,2026-08-07,CM,NSE,STK,762849,INE001E01012,PREMCO,EQ,,,,,PREMCO GLOBAL LTD.,375.10,388.80,375.10,380.30,380.05,385.00,,380.30,,,1810,692096.75,93,F1,1,,,,,
2026-08-07,2026-08-07,CM,NSE,STK,25049,INE0BS701011,PREMIERENE,EQ,,,,,PREMIER ENERGIES LIMITED,1050.90,1063.00,1022.00,1047.20,1047.20,1041.70,,1047.01,,,2579738,2698053245.60,65593,F1,1,,,,,
2026-08-07,2026-08-07,CM,NSE,STK,17397,INE863B01029,PREMEXPLN,EQ,,,,,PREMIER EXPLOSIVES LTD,665.00,666.95,636.40,641.20,646.45,664.65,,641.15,,,1329878,863865870.80,8900,F1,1,,,,,
2026-08-07,2026-08-07,CM,NSE,STK,6248,INE342A01018,PREMIER,BE,,,,,PREMIER LIMITED,3.00,3.00,2.75,2.84,2.84,2.87,,2.85,,,3685,10400.15,25,F1,1,,,,,
2026-08-07,2026-08-07,CM,NSE,STK,3908,INE309M01020,PREMIERPOL,EQ,,,,,PREMIER POLYFILM LTD,72.52,72.61,71.01,71.66,71.55,72.24,,71.66,,,91735,6598502.75,1261,F1,1,,,,,
2026-08-07,2026-08-07,CM,NSE,STK,23764,INE0CFG01012,PRLIND,SM,,,,,PREMIER ROADLINES LIMITED,43.75,44.95,43.75,43.95,43.90,43.95,,43.95,,,65000,2867050.00,25,F1,1000,,,,,
2026-08-07,2026-08-07,CM,NSE,STK,25898,INE0M1F01011,PREMIUM,SM,,,,,PREMIUM PLAST LIMITED,39.00,39.00,39.00,39.00,39.00,39.00,,39.00,,,3000,117000.00,1,F1,3000,,,,,
2026-08-07,2026-08-07,CM,NSE,STK,20498,INE0R1601012,PRESSTONIC,SM,,,,,PRESSTONIC ENGINEERING L,35.45,35.80,32.75,34.35,34.25,32.65,,34.35,,,90400,3140840.00,90,F1,800,,,,,
2026-08-07,2026-08-07,CM,NSE,STK,20302,INE811K01011,PRESTIGE,EQ,,,,,PRESTIGE ESTATE LTD,1577.00,1599.80,1565.80,1584.80,1584.80,1578.00,,1584.80,,,475170,749892990.40,15666,F1,1,,,,,
2026-08-07,2026-08-07,CM,NSE,STK,19631,INE726V01018,PRICOLLTD,EQ,,,,,PRICOL LIMITED,755.50,757.90,733.80,737.90,739.50,761.45,,737.85,,,553113,411357820.90,31405,F1,1,,,,,
2026-08-07,2026-08-07,CM,NSE,STK,759075,INE0CQA01020,PRIMECAB,ST,,,,,PRIME CABLE INDUSTRIES L,183.00,183.00,176.00,182.65,182.65,182.40,,182.65,,,20800,3720640.00,13,F1,1600,,,,,
2026-08-07,2026-08-07,CM,NSE,STK,13496,INE367G01038,PFOCUS,EQ,,,,,PRIME FOCUS LIMITED,283.95,304.80,283.65,287.60,288.65,291.90,,287.62,,,1101666,324154809.90,21195,F1,1,,,,,
2026-08-07,2026-08-07,CM,NSE,STK,11864,INE032B01021,PRIMESECU,EQ,,,,,PRIME SECURITIES LIMITED,289.95,297.00,282.30,296.05,297.00,283.70,,296.03,,,80858,23312892.25,1016,F1,1,,,,,
2026-08-07,2026-08-07,CM,NSE,STK,756925,INE607A01022,PRIMO,EQ,,,,,PRIMO CHEMICALS LIMITED,23.70,24.44,23.45,23.96,23.82,23.73,,23.91,,,128645,3086717.16,914,F1,1,,,,,
2026-08-07,2026-08-07,CM,NSE,STK,16045,INE689W01016,PRINCEPIPE,EQ,,,,,PRINCE PIPES FITTINGS LTD,274.35,277.60,268.35,271.00,271.20,274.35,,271.00,,,130236,35434916.45,4594,F1,1,,,,,
2026-08-07,2026-08-07,CM,NSE,STK,2739,INE010A01011,PRSMJOHNSN,EQ,,,,,PRISM JOHNSON LIMITED,113.18,131.00,107.77,111.56,109.00,113.32,,111.54,,,48698881,5842506440.98,243021,F1,1,,,,,
2026-08-07,2026-08-07,CM,NSE,STK,8310,INE974Z01015,PRITI,BE,,,,,PRITI INTERNATIONAL LTD,37.00,37.00,36.31,36.36,36.31,37.10,,36.36,,,7240,264112.23,102,F1,1,,,,,
2026-08-07,2026-08-07,CM,NSE,STK,5296,INE583R01029,PRITIKAUTO,BE,,,,,PRITIKA AUTO INDUS LTD,18.50,18.99,18.00,18.22,18.50,18.52,,18.25,,,61421,1127728.36,293,F1,1,,,,,
2026-08-07,2026-08-07,CM,NSE,STK,12971,INE0MJQ01020,PRITIKA,SM,,,,,PRITIKA ENG COMPO LTD,64.00,64.00,64.00,64.00,64.00,64.00,,64.00,,,4000,256000.00,1,F1,2000,,,,,
2026-08-07,2026-08-07,CM,NSE,STK,9342,INE392B01011,PNC,EQ,,,,,PRITISH NANDY COMMUNICATI,19.95,20.00,18.50,19.92,20.00,19.48,,19.95,,,5730,112470.94,250,F1,1,,,,,
2026-08-07,2026-08-07,CM,NSE,STK,8825,INE959A01019,PRIVISCL,EQ,,,,,PRIVI SPECIALITY CHE LTD,3660.00,3690.80,3621.00,3644.10,3661.00,3660.00,,3643.97,,,30180,110254527.60,8345,F1,1,,,,,
2026-08-07,2026-08-07,CM,NSE,STK,24511,INE0V9N01017,PRIZOR,ST,,,,,PRIZOR VIZTECH LIMITED,880.00,915.00,870.00,899.00,910.00,876.55,,899.00,,,16400,14537960.00,36,F1,400,,,,,
2026-08-07,2026-08-07,CM,NSE,STK,757806,INE0VJT01017,PROFX,SM,,,,,PRO FX TECH LIMITED,73.40,73.40,73.40,73.40,73.40,73.80,,73.40,,,1600,117440.00,1,F1,1600,,,,,
2026-08-07,2026-08-07,CM,NSE,STK,940,INE199A01012,PGHL,EQ,,,,,PROCTER & GAMBLE HEALTH L,6060.00,6170.00,6009.00,6144.50,6150.00,6068.00,,6144.64,,,25000,152520980.50,5281,F1,1,,,,,
2026-08-07,2026-08-07,CM,NSE,STK,19352,INE994V01012,PROLIFE,SM,,,,,PROLIFE INDUSTRIES LTD,78.65,78.65,78.65,78.65,78.65,74.95,,78.65,,,1500,117975.00,1,F1,500,,,,,
2026-08-07,2026-08-07,CM,NSE,STK,764348,INE1FFX01018,PROPSHOP,ST,,,,,PROPSHOP EVENTS AND EXH L,58.90,58.90,55.80,56.70,58.40,58.70,,56.70,,,84000,4801600.00,37,F1,2000,,,,,
2026-08-07,2026-08-07,CM,NSE,STK,758173,INE0BX301013,PROSTARM,EQ,,,,,PROSTARM INFO SYSTEMS LTD,142.11,147.50,141.25,146.01,145.60,144.13,,146.00,,,426703,62174449.09,5629,F1,1,,,,,
2026-08-07,2026-08-07,CM,NSE,STK,29472,INE004A01022,PROTEAN,EQ,,,,,PROTEAN EGOV TECHNO LTD,560.00,574.00,558.20,565.95,567.90,558.65,,565.96,,,286720,163121106.05,8675,F1,1,,,,,
2026-08-07,2026-08-07,CM,NSE,STK,28859,INE195N01013,PROZONER,EQ,,,,,PROZONE REALTY LIMITED,42.16,43.00,42.00,42.74,42.90,42.26,,42.74,,,113682,4840798.62,1235,F1,1,,,,,
2026-08-07,2026-08-07,CM,NSE,STK,9553,INE00F201020,PRUDENT,EQ,,,,,PRUDENT CORP ADV SER LTD,3263.00,3412.60,3247.60,3371.80,3365.30,3266.70,,3372.29,,,33960,114072338.10,5757,F1,1,,,,,
2026-08-07,2026-08-07,CM,NSE,STK,20528,INE024D01016,PRUDMOULI,BE,,,,,PRUDENTIAL SUGAR CORPORAT,13.00,14.00,13.00,13.44,13.48,13.43,,13.00,,,8244,111679.00,32,F1,1,,,,,
2026-08-07,2026-08-07,CM,NSE,STK,20877,INE488V01015,PSPPROJECT,EQ,,,,,PSP PROJECTS LIMITED,962.80,971.90,955.00,962.95,968.00,973.95,,962.95,,,64096,61743621.55,6604,F1,1,,,,,
2026-08-07,2026-08-07,CM,NSE,STK,22602,INE560K01014,PFS,EQ,,,,,PTC INDIA FIN SERV LTD,28.66,29.49,28.50,29.02,29.07,28.87,,29.02,,,424044,12209936.19,2620,F1,1,,,,,
2026-08-07,2026-08-07,CM,NSE,STK,11355,INE877F01012,PTC,EQ,,,,,PTC INDIA LIMITED,201.00,204.20,195.40,203.30,202.80,200.17,,203.29,,,12883295,2587586862.37,77266,F1,1,,,,,
2026-08-07,2026-08-07,CM,NSE,STK,16682,INE596F01018,PTCIL,EQ,,,,,PTC INDUSTRIES LIMITED,18250.00,19400.00,18250.00,19076.00,19100.00,18221.00,,19075.61,,,91324,1743417501.00,26581,F1,1,,,,,
2026-08-07,2026-08-07,CM,NSE,STK,14101,INE034D01049,PTL,EQ,,,,,PTL ENTERPRISES LTD,39.95,40.24,39.40,39.85,39.80,39.94,,39.83,,,39714,1581584.74,623,F1,1,,,,,
2026-08-07,2026-08-07,CM,NSE,STK,15377,INE865T01018,PDMJEPAPER,EQ,,,,,PUDUMJEE PAPER PRO. LTD,98.68,100.00,96.91,97.63,98.25,98.18,,97.70,,,77841,7651045.10,1398,F1,1,,,,,
2026-08-07,2026-08-07,CM,NSE,STK,507,INE335X01014,PULZ,SM,,,,,PULZ ELECTRONICS LIMITED,26.55,26.55,25.90,25.90,25.90,25.80,,25.90,,,4000,104900.00,2,F1,2000,,,,,
2026-08-07,2026-08-07,CM,NSE,STK,21001,INE608A01012,PSB,EQ,,,,,PUNJAB & SIND BANK,23.98,23.98,23.71,23.79,23.80,23.98,,23.79,,,786849,18767598.61,3009,F1,1,,,,,
2026-08-07,2026-08-07,CM,NSE,STK,4344,INE277B01014,PUNJABCHEM,EQ,,,,,PUNJAB CHEM & CROP PROT L,1105.00,1122.00,1100.10,1111.10,1100.10,1110.60,,1110.91,,,4675,5195033.80,675,F1,1,,,,,
2026-08-07,2026-08-07,CM,NSE,STK,10666,INE160A01022,PNB,EQ,,,,,PUNJAB NATIONAL BANK,114.01,115.37,113.60,114.81,114.81,114.30,,114.81,,,11202537,1282292736.98,41187,F1,1,,,,,
2026-08-07,2026-08-07,CM,NSE,STK,14922,INE323I01011,PURVA,EQ,,,,,PURAVANKARA LIMITED,210.99,213.79,209.12,212.37,210.50,209.41,,212.38,,,97936,20740027.89,1871,F1,1,,,,,
2026-08-07,2026-08-07,CM,NSE,STK,28044,INE0P5R01014,PURPLEUTED,ST,,,,,PURPLE UNITED SALES LTD,343.25,350.00,324.50,333.00,333.00,341.55,,333.00,,,22750,7464025.00,77,F1,250,,,,,
2026-08-07,2026-08-07,CM,NSE,STK,22938,INE0R6C01012,PURVFLEXI,SM,,,,,PURV FLEXIPACK LIMITED,48.00,50.05,48.00,50.05,50.05,47.70,,50.05,,,13600,675160.00,16,F1,800,,,,,
2026-08-07,2026-08-07,CM,NSE,STK,757683,INE154801018,PUSHPA,SM,,,,,PUSHPA JEWELLERS LIMITED,113.00,113.00,113.00,113.00,113.00,113.00,,113.00,,,8000,904000.00,7,F1,1000,,,,,
2026-08-07,2026-08-07,CM,NSE,STK,4010,INE362A01016,PVP,EQ,,,,,PVP VENTURES LIMITED,33.25,36.00,32.62,34.74,34.26,33.14,,34.74,,,10194426,351683187.77,34221,F1,1,,,,,
2026-08-07,2026-08-07,CM,NSE,STK,13147,INE191H01014,PVRINOX,EQ,,,,,PVR INOX LIMITED,1135.00,1168.90,1135.00,1156.00,1158.00,1150.40,,1155.86,,,137511,159074774.40,11343,F1,1,,,,,
2026-08-07,2026-08-07,CM,NSE,STK,18250,INE0MIS01010,PYRAMID,EQ,,,,,PYRAMID TECHNOPLAST LTD,178.70,180.35,173.88,175.35,175.00,178.55,,175.50,,,38937,6868353.11,1329,F1,1,,,,,
2026-08-07,2026-08-07,CM,NSE,STK,763594,INE1G2W01011,QLINE,SM,,,,,Q-LINE BIOTECH LIMITED,527.80,542.15,527.60,538.70,537.00,529.40,,538.70,,,34400,18406720.00,81,F1,400,,,,,
2026-08-07,2026-08-07,CM,NSE,STK,751607,INE0FMW01018,QMSMEDI,EQ,,,,,QMS MEDICAL ALLIED S LTD,114.00,115.00,112.21,113.30,112.50,114.51,,113.30,,,12487,1416320.37,403,F1,1,,,,,
2026-08-07,2026-08-07,CM,NSE,STK,5870,INE0GOJ01027,QUADPRO,SM,,,,,QUADPRO ITES LIMITED,2.40,2.40,2.40,2.40,2.40,2.40,,2.40,,,12000,28800.00,1,F1,12000,,,,,
2026-08-07,2026-08-07,CM,NSE,STK,29087,INE0LRY01011,QUADFUTURE,EQ,,,,,QUADRANT FUTURE TEK LTD,379.00,386.40,360.00,361.50,362.45,378.00,,361.51,,,275252,102448153.55,9282,F1,1,,,,,
2026-08-07,2026-08-07,CM,NSE,STK,29713,INE0SII01026,QPOWER,BE,,,,,QUALITY POWER ELEC EQUP L,1155.00,1155.00,1101.00,1124.10,1115.00,1157.00,,1123.99,,,117936,132744822.90,5058,F1,1,,,,,
2026-08-07,2026-08-07,CM,NSE,STK,15330,INF082J01408,QGOLDHALF,EQ,,,,,QUANTUM GOLD ETF,122.98,124.12,122.24,123.84,123.80,122.69,,123.84,,,249699,30824984.07,1223,F1,1,,,,,
2026-08-07,2026-08-07,CM,NSE,STK,16819,INF082J01499,QNIFTY,EQ,,,,,QUANTUM NIFTY 50 ETF,271.54,271.54,270.40,270.70,271.00,271.54,,270.70,,,2601,704799.36,61,F1,1,,,,,
2026-08-07,2026-08-07,CM,NSE,STK,17704,INE615P01015,QUESS,EQ,,,,,QUESS CORP LIMITED,315.00,315.25,303.60,311.05,309.30,315.25,,310.90,,,388684,120024847.30,10783,F1,1,,,,,
2026-08-07,2026-08-07,CM,NSE,STK,23793,INE0TNW01017,QUESTLAB,SM,,,,,QUEST LABORATORIES LTD,91.00,92.00,89.00,89.70,89.90,90.25,,89.70,,,24000,2169600.00,14,F1,1200,,,,,
2026-08-07,2026-08-07,CM,NSE,STK,13131,INE306L01010,QUICKHEAL,BE,,,,,QUICK HEAL TECH LTD,152.65,157.00,152.65,155.02,155.43,155.65,,154.97,,,23125,3591955.09,416,F1,1,,,,,
2026-08-07,2026-08-07,CM,NSE,STK,15285,INE0K4D01020,QUICKTOUCH,SM,,,,,QUICKTOUCH TECHNOLOGIES L,20.65,22.50,20.65,22.50,22.50,21.65,,22.50,,,2500,53175.00,4,F1,500,,,,,
2026-08-07,2026-08-07,CM,NSE,STK,762854,INE641R01017,QUINT,EQ,,,,,QUINT DIGITAL LTD.,37.51,40.00,37.00,37.48,37.00,39.86,,37.48,,,3954,155641.95,46,F1,1,,,,,
2026-08-07,2026-08-07,CM,NSE,STK,23043,INE0NQ801033,RKSWAMY,EQ,,,,,R K SWAMY LIMITED,104.89,107.75,102.00,103.33,104.90,104.70,,103.35,,,43706,4567942.02,1414,F1,1,,,,,
2026-08-07,2026-08-07,CM,NSE,STK,757836,INE219Y01026,RMDRIP,BE,,,,,R M DRIP & SPRINK SYS LTD,18.19,18.50,17.60,18.13,18.28,17.90,,18.10,,,1093606,19720438.81,483,F1,1,,,,,
2026-08-07,2026-08-07,CM,NSE,STK,762864,INE951M01037,RRIL,EQ,,,,,R R I L LTD.,17.72,18.18,17.19,17.45,17.49,17.72,,17.45,,,4673,82540.41,103,F1,1,,,,,
2026-08-07,2026-08-07,CM,NSE,STK,18566,INE777K01022,RRKABEL,EQ,,,,,R R KABEL LIMITED,2760.00,2794.00,2736.60,2759.50,2754.90,2764.40,,2759.38,,,287031,793975940.90,29276,F1,1,,,,,
2026-08-07,2026-08-07,CM,NSE,STK,762872,INE616F01022,RSDFIN,BE,,,,,R S D FINANCE LTD.,144.82,144.82,144.82,144.82,144.82,152.44,,148.61,,,990,143371.80,21,F1,1,,,,,
2026-08-07,2026-08-07,CM,NSE,STK,13414,INE411H01032,RSYSTEMS,EQ,,,,,R SYS INTERNATIONAL LTD,254.90,256.45,246.00,247.85,247.45,255.95,,247.90,,,263241,65735580.20,5891,F1,1,,,,,
2026-08-07,2026-08-07,CM,NSE,STK,758981,INE012Q01039,RNBDENIMS,EQ,,,,,R&B DENIMS LIMITED,8.98,9.17,8.93,9.06,9.10,9.04,,9.06,,,145052,1317893.62,564,F1,1,,,,,
2026-08-07,2026-08-07,CM,NSE,STK,8426,INE165B01029,RSSOFTWARE,BE,,,,,R. S. SOFTWARE (INDIA) LI,29.00,30.00,29.00,29.52,29.90,29.60,,29.47,,,19349,570536.25,143,F1,1,,,,,
2026-08-07,2026-08-07,CM,NSE,STK,20760,INE324L01013,RPPINFRA,EQ,,,,,R.P.P INFRA PROJECTS LTD,57.85,58.64,57.05,57.86,57.45,57.85,,57.88,,,736325,42172512.21,868,F1,1,,,,,
2026-08-07,2026-08-07,CM,NSE,STK,762244,INE2PB023011,RIIT,IV,,,,,RAAJMARG INFRA INVEST T,116.82,118.30,116.70,116.98,116.99,116.82,,116.98,,,309621,36211388.92,1120,F1,1,,,,,
2026-08-07,2026-08-07,CM,NSE,STK,15391,INE084Q01012,RACE,EQ,,,,,RACE ECO CHAIN LIMITED,106.99,108.88,106.00,108.76,108.65,104.38,,108.77,,,3440,368845.90,79,F1,1,,,,,
2026-08-07,2026-08-07,CM,NSE,STK,9854,INE02OY01016,RILINFRA,SM,,,,,RACHANA INFRA LTD,37.70,38.90,37.00,37.75,37.90,37.70,,37.75,,,8400,315170.00,38,F1,100,,,,,
2026-08-07,2026-08-07,CM,NSE,STK,27171,INE704B01017,RACLGEAR,EQ,,,,,RACL GEARTECH LIMITED,1478.90,1510.10,1438.00,1482.70,1473.00,1475.00,,1482.68,,,77550,114770826.80,7007,F1,1,,,,,
2026-08-07,2026-08-07,CM,NSE,STK,10932,INE874F01027,RADAAN,EQ,,,,,RADAAN MEDIAWORKS (I) LTD,3.14,3.14,2.95,2.98,2.95,3.04,,2.98,,,13936,41958.92,79,F1,1,,,,,
2026-08-07,2026-08-07,CM,NSE,STK,10343,INE583V01021,RADHIKAJWE,EQ,,,,,RADHIKA JEWELTECH LIMITED,69.85,71.89,68.51,69.44,69.78,69.84,,69.44,,,788685,55491557.14,5429,F1,1,,,,,
2026-08-07,2026-08-07,CM,NSE,STK,13580,INE855R01021,RADIANTCMS,EQ,,,,,RADIANT CASH MGMT SER LTD,39.00,39.39,38.54,38.99,39.15,38.84,,38.99,,,87096,3397507.15,681,F1,1,,,,,
2026-08-07,2026-08-07,CM,NSE,STK,10990,INE944F01028,RADICO,EQ,,,,,RADICO KHAITAN LTD,4477.60,4499.00,4431.70,4499.00,4499.00,4470.00,,4503.08,,,299219,1334428521.80,25392,F1,1,,,,,
2026-08-07,2026-08-07,CM,NSE,STK,23445,INE430U01019,RADIOWALLA,ST,,,,,RADIOWALLA NETWORK LTD,26.55,26.55,26.55,26.55,26.55,27.05,,26.55,,,1600,42480.00,1,F1,1600,,,,,
2026-08-07,2026-08-07,CM,NSE,STK,24735,INE912T01018,RPEL,EQ,,,,,RAGHAV PRODUCTIVITY ENH L,1270.00,1270.00,1251.00,1256.50,1270.00,1267.40,,1256.27,,,12472,15678450.80,2343,F1,1,,,,,
2026-08-07,2026-08-07,CM,NSE,STK,9552,INE415G01027,RVNL,EQ,,,,,RAIL VIKAS NIGAM LIMITED,235.00,236.76,233.01,233.38,233.38,235.00,,233.39,,,4691820,1100727772.16,35432,F1,1,,,,,
2026-08-07,2026-08-07,CM,NSE,STK,2431,INE0DD101019,RAILTEL,EQ,,,,,RAILTEL CORP OF IND LTD,288.85,291.40,287.80,288.55,289.10,290.85,,288.55,,,349699,101109665.15,9422,F1,1,,,,,
2026-08-07,2026-08-07,CM,NSE,STK,15337,INE855B01025,RAIN,EQ,,,,,RAIN INDUSTRIES LIMITED,242.71,252.00,221.10,222.88,222.50,243.00,,222.83,,,25397402,6013234292.06,190148,F1,1,,,,,
2026-08-07,2026-08-07,CM,NSE,STK,9408,INE961O01016,RAINBOW,EQ,,,,,RAINBOW CHILDRENS MED LTD,1573.20,1573.20,1531.60,1556.70,1553.80,1573.20,,1556.62,,,79910,123803292.00,12235,F1,1,,,,,
2026-08-07,2026-08-07,CM,NSE,STK,359,INE294G01026,ROML,EQ,,,,,RAJ OIL MILLS LIMITED,45.00,45.38,44.20,44.81,44.81,45.13,,44.81,,,1193,53421.42,41,F1,1,,,,,
2026-08-07,2026-08-07,CM,NSE,STK,8428,INE533D01032,RAJRILTD,BE,,,,,RAJ RAYON INDUSTRIES LTD,22.06,22.06,21.46,21.85,21.90,21.63,,21.85,,,11106,241163.75,117,F1,1,,,,,
2026-08-07,2026-08-07,CM,NSE,STK,14403,INE952H01027,RAJTV,EQ,,,,,RAJ TV NETWORK LTD,10.37,10.37,9.94,10.11,10.04,9.95,,10.11,,,38463,387300.84,155,F1,1,,,,,
2026-08-07,2026-08-07,CM,NSE,STK,762859,INE296E01026,RAJPALAYAM,EQ,,,,,RAJAPALAYAM MILLS LTD.,838.00,838.00,816.25,818.95,817.10,833.60,,818.95,,,845,692520.05,51,F1,1,,,,,
2026-08-07,2026-08-07,CM,NSE,STK,181,INE610C01014,ARENTERP,EQ,,,,,RAJDARSHAN INDUSTRIES LTD,38.98,38.98,37.74,37.91,38.60,37.82,,37.87,,,439,16774.20,33,F1,1,,,,,
2026-08-07,2026-08-07,CM,NSE,STK,760461,INE343B01030,RAJESHEXPO,BZ,,,,,RAJESH EXPORTS LTD,83.02,85.00,83.00,83.58,84.00,84.54,,83.57,,,100568,8394720.91,1390,F1,1,,,,,
2026-08-07,2026-08-07,CM,NSE,STK,19681,INE0BZQ01011,RCDL,SM,,,,,RAJGOR CASTOR DERIVATI L,32.00,32.00,29.50,29.90,29.80,31.25,,29.90,,,42000,1279200.00,10,F1,3000,,,,,
2026-08-07,2026-08-07,CM,NSE,STK,2168,INE00KV01022,RAJMET,EQ,,,,,RAJNANDINI METAL LIMITED,3.32,3.43,3.32,3.35,3.37,3.34,,3.35,,,150119,505470.55,724,F1,1,,,,,
2026-08-07,2026-08-07,CM,NSE,STK,757052,INE535F01024,RAJOOENG,BE,,,,,RAJOO ENGINEERS LIMITED,51.31,52.35,51.06,51.68,51.94,51.84,,51.70,,,120514,6215384.24,545,F1,1,,,,,
2026-08-07,2026-08-07,CM,NSE,STK,27269,INE0VHU01019,RAJPUTANA,SM,,,,,RAJPUTANA BIODIESEL LTD,209.00,224.85,209.00,218.35,219.95,207.50,,218.35,,,50000,11028175.00,71,F1,500,,,,,
2026-08-07,2026-08-07,CM,NSE,STK,24707,INE0PCU01012,RAJINDLTD,SM,,,,,RAJPUTANA INDUSTRIES LTD,69.20,72.85,68.55,70.95,72.35,73.40,,70.95,,,9000,636075.00,6,F1,1500,,,,,
2026-08-07,2026-08-07,CM,NSE,STK,761439,INE313L01016,RSL,EQ,,,,,RAJPUTANA STAINLESS LTD,153.00,156.49,151.00,152.72,153.00,152.85,,152.76,,,285421,43717881.05,3252,F1,1,,,,,
2026-08-07,2026-08-07,CM,NSE,STK,18962,INE451D01029,RAJRATAN,EQ,,,,,RAJRATAN GLOBAL WIRE LTD,522.00,530.85,521.95,525.00,522.10,521.95,,524.97,,,77052,40516537.70,4477,F1,1,,,,,
2026-08-07,2026-08-07,CM,NSE,STK,6913,INE760W01023,RPPL,EQ,,,,,RAJSHREE POLYPACK LTD,25.80,26.97,25.57,25.81,26.10,25.38,,25.81,,,380943,9967101.25,1606,F1,1,,,,,
2026-08-07,2026-08-07,CM,NSE,STK,2809,INE562B01019,RAJSREESUG,EQ,,,,,RAJSHREE SUGAR & CHEMICAL,30.89,30.89,29.52,30.19,30.60,30.50,,30.19,,,51085,1537430.47,321,F1,1,,,,,
2026-08-07,2026-08-07,CM,NSE,STK,2816,INE613A01020,RALLIS,EQ,,,,,RALLIS INDIA LTD,215.02,215.05,211.51,213.03,213.43,214.86,,213.03,,,791724,168419123.76,20114,F1,1,,,,,
2026-08-07,2026-08-07,CM,NSE,STK,10485,INE207E01023,RAMRAT,EQ,,,,,RAM RATNA WIRES LIMITED,471.00,471.00,456.00,461.60,464.00,467.15,,461.61,,,202998,94177071.60,8172,F1,1,,,,,
2026-08-07,2026-08-07,CM,NSE,STK,10568,INE809A01032,RAMAPHO,EQ,,,,,RAMA PHOSPHATES LIMITED,124.46,125.79,122.82,123.30,123.95,124.50,,123.30,,,11721,1457098.00,327,F1,1,,,,,
2026-08-07,2026-08-07,CM,NSE,STK,10304,INE230R01035,RAMASTEEL,BE,,,,,RAMA STEEL TUBES LIMITED,4.94,4.94,4.77,4.82,4.83,4.77,,4.82,,,2193351,10591142.55,3556,F1,1,,,,,
2026-08-07,2026-08-07,CM,NSE,STK,757777,INE14W901010,RTL,SM,,,,,RAMA TELECOM LIMITED,84.85,84.85,79.30,81.90,81.90,82.10,,81.90,,,58000,4786100.00,20,F1,2000,,,,,
2026-08-07,2026-08-07,CM,NSE,STK,4587,INE614A01028,RAMCOIND,EQ,,,,,RAMCO INDUSTRIES LIMITED,333.00,342.00,327.25,339.65,341.00,333.75,,339.63,,,170385,56880053.90,3732,F1,1,,,,,
2026-08-07,2026-08-07,CM,NSE,STK,7851,INE246B01019,RAMCOSYS,EQ,,,,,RAMCO SYSTEMS LTD.,615.00,646.75,615.00,637.90,635.00,626.50,,637.97,,,147341,93600577.65,5414,F1,1,,,,,
2026-08-07,2026-08-07,CM,NSE,STK,23565,INE0RJH01010,RBS,SM,,,,,RAMDEVBABA SOLVENT LTD,92.00,92.00,91.50,91.50,91.50,93.00,,91.50,,,3200,293200.00,3,F1,800,,,,,
2026-08-07,2026-08-07,CM,NSE,STK,11411,INE399G01023,RKFORGE,EQ,,,,,RAMKRISHNA FORGINGS LTD,693.00,729.00,688.35,726.55,727.80,700.50,,726.53,,,1750097,1256617693.80,41748,F1,1,,,,,
2026-08-07,2026-08-07,CM,NSE,STK,20134,INE874I01013,RAMKY,EQ,,,,,RAMKY INFRA LTD,408.00,409.90,397.50,406.85,407.00,405.30,,406.83,,,50811,20659575.35,1311,F1,1,,,,,
2026-08-07,2026-08-07,CM,NSE,STK,2837,INE625B01014,RANASUG,EQ,,,,,RANA SUGARS LTD.,12.64,12.80,12.49,12.53,12.49,12.64,,12.52,,,157311,1985630.07,643,F1,1,,,,,
2026-08-07,2026-08-07,CM,NSE,STK,11975,INE050H01012,RML,EQ,,,,,RANE (MADRAS) LIMITED,1038.00,1063.40,1031.00,1053.70,1050.10,1041.40,,1053.63,,,43528,45720915.30,4307,F1,1,,,,,
2026-08-07,2026-08-07,CM,NSE,STK,2844,INE384A01010,RANEHOLDIN,EQ,,,,,RANE HOLDINGS LIMITED,1761.60,1780.00,1740.00,1766.20,1771.00,1761.60,,1765.42,,,8818,15466013.70,1112,F1,1,,,,,
2026-08-07,2026-08-07,CM,NSE,STK,25610,INE0MVO01012,RAPPID,SM,,,,,RAPPID VALVES (INDIA) LTD,336.75,336.75,324.15,324.15,324.15,329.95,,324.15,,,2400,795270.00,4,F1,600,,,,,
2026-08-07,2026-08-07,CM,NSE,STK,22670,INE0J1F01024,RPTECH,EQ,,,,,RASHI PERIPHERALS LIMITED,860.05,906.35,860.05,894.65,895.00,865.55,,894.61,,,518676,462029256.35,26019,F1,1,,,,,
2026-08-07,2026-08-07,CM,NSE,STK,2866,INE027A01015,RCF,EQ,,,,,RASHTRIYA CHEMICALS & FER,127.60,128.28,126.71,126.92,126.89,128.05,,126.92,,,497174,63334806.22,6314,F1,1,,,,,
2026-08-07,2026-08-07,CM,NSE,STK,7177,INE0CLI01024,RATEGAIN,EQ,,,,,RATEGAIN TRAVEL TECHN LTD,960.00,973.50,925.60,949.15,956.65,944.95,,949.10,,,909625,867616168.85,29526,F1,1,,,,,
2026-08-07,2026-08-07,CM,NSE,STK,13451,INE703B01027,RATNAMANI,EQ,,,,,RATNAMANI MET & TUB LTD.,2374.80,2394.60,2154.60,2197.60,2190.00,2370.60,,2197.81,,,333715,752120662.30,40260,F1,1,,,,,
2026-08-07,2026-08-07,CM,NSE,STK,18423,INE05CZ01011,RATNAVEER,EQ,,,,,RATNAVEER PRECISION ENG L,206.36,218.49,205.00,206.10,205.90,205.61,,206.10,,,6422570,1351808962.75,43853,F1,1,,,,,
2026-08-07,2026-08-07,CM,NSE,STK,27297,INE834M01019,RTNINDIA,EQ,,,,,RATTANINDIA ENT LIMITED,31.40,31.90,31.36,31.79,31.80,31.47,,31.79,,,726386,22961713.29,3345,F1,1,,,,,
2026-08-07,2026-08-07,CM,NSE,STK,17520,INE399K01017,RTNPOWER,EQ,,,,,RATTANINDIA POWER LIMITED,8.74,8.80,8.63,8.68,8.69,8.77,,8.68,,,8901872,77601810.83,8891,F1,1,,,,,
2026-08-07,2026-08-07,CM,NSE,STK,20950,INE722J01012,RKDL,EQ,,,,,RAVI KUMAR DIST. LTD.,19.29,19.59,19.02,19.47,19.59,19.07,,19.47,,,13528,262462.39,83,F1,1,,,,,
2026-08-07,2026-08-07,CM,NSE,STK,1565,INE09E501017,RVHL,EQ,,,,,RAVINDER HEIGHTS LIMITED,46.40,46.40,40.25,43.51,43.10,45.36,,43.51,,,25187,1076448.27,411,F1,1,,,,,
2026-08-07,2026-08-07,CM,NSE,STK,24596,INE206N01018,RELTD,EQ,,,,,RAVINDRA ENERGY LIMITED,170.14,172.49,164.61,167.29,165.01,170.14,,167.22,,,241144,40616233.29,4130,F1,1,,,,,
2026-08-07,2026-08-07,CM,NSE,STK,25073,INE02ID01020,RAYMONDLSL,EQ,,,,,RAYMOND LIFESTYLE LIMITED,746.95,751.95,730.00,731.80,731.00,745.55,,731.85,,,52856,39008430.15,3012,F1,1,,,,,
2026-08-07,2026-08-07,CM,NSE,STK,2859,INE301A01014,RAYMOND,EQ,,,,,RAYMOND LTD,624.45,633.75,603.00,614.95,605.00,627.60,,615.06,,,393843,245427528.20,11716,F1,1,,,,,
2026-08-07,2026-08-07,CM,NSE,STK,758551,INE1SY401010,RAYMONDREL,EQ,,,,,RAYMOND REALTY LIMITED,690.00,701.20,675.25,690.00,690.00,688.20,,689.99,,,347491,239220578.00,9417,F1,1,,,,,
2026-08-07,2026-08-07,CM,NSE,STK,18391,INE976G01028,RBLBANK,EQ,,,,,RBL BANK LIMITED,390.00,390.25,384.15,389.80,389.80,392.00,,389.80,,,1693465,655149689.80,23214,F1,1,,,,,
2026-08-07,2026-08-07,CM,NSE,STK,13570,INE0NA301016,RBMINFRA,SM,,,,,RBM INFRACON LIMITED,264.00,268.70,264.00,266.00,266.00,265.25,,266.00,,,5000,1330460.00,23,F1,200,,,,,
2026-08-07,2026-08-07,CM,NSE,STK,20874,INE0PEQ01016,RBZJEWEL,EQ,,,,,RBZ JEWELLERS LIMITED,149.34,153.08,149.20,150.91,151.48,150.96,,150.90,,,59743,9029665.34,1230,F1,1,,,,,
2026-08-07,2026-08-07,CM,NSE,STK,29561,INE10QL01011,READYMIX,SM,,,,,READYMIX CONSTRU MACHI L,114.80,115.00,113.00,113.80,113.80,112.60,,113.80,,,18000,2049250.00,15,F1,1000,,,,,
2026-08-07,2026-08-07,CM,NSE,STK,15355,INE020B01018,RECLTD,EQ,,,,,REC LIMITED,361.95,368.70,361.50,367.00,367.00,361.50,,367.00,,,4061190,1487882755.35,27972,F1,1,,,,,
2026-08-07,2026-08-07,CM,NSE,STK,14255,INE891D01026,REDINGTON,EQ,,,,,REDINGTON LIMITED,349.80,358.00,341.05,354.85,348.00,350.75,,354.59,,,3115310,1103952176.25,33274,F1,1,,,,,
2026-08-07,2026-08-07,CM,NSE,STK,17859,INE0LXT01019,REDTAPE,EQ,,,,,REDTAPE LIMITED,136.86,142.80,136.33,139.97,140.05,136.86,,139.93,,,895112,125414911.17,12604,F1,1,,,,,
2026-08-07,2026-08-07,CM,NSE,STK,17764,INE056I01025,REFEX,EQ,,,,,REFEX INDUSTRIES LIMITED,297.80,299.25,290.10,292.90,292.00,298.65,,292.90,,,274871,81189235.45,5023,F1,1,,,,,
2026-08-07,2026-08-07,CM,NSE,STK,23718,INE0TNX01015,REFRACTORY,SM,,,,,REFRACTORY SHAPES LIMITED,27.00,27.00,25.30,25.30,25.30,26.10,,25.30,,,15000,390150.00,11,F1,1000,,,,,
2026-08-07,2026-08-07,CM,NSE,STK,758682,INE0MHO01029,REGAAL,BE,,,,,REGAAL RESOURCES LIMITED,86.15,87.49,86.00,86.25,86.10,86.88,,86.25,,,81690,7077609.47,526,F1,1,,,,,
2026-08-07,2026-08-07,CM,NSE,STK,4130,INE277C01012,REGENCERAM,EQ,,,,,REGENCY CERAMICS LTD.,33.40,33.40,31.00,32.65,33.33,33.50,,32.66,,,951,31090.41,75,F1,1,,,,,
2026-08-07,2026-08-07,CM,NSE,STK,24225,INE131B01039,RELAXO,EQ,,,,,RELAXO FOOT LTD.,428.90,433.00,420.20,423.45,420.80,425.55,,423.43,,,368163,156985441.60,12645,F1,1,,,,,
2026-08-07,2026-08-07,CM,NSE,STK,3172,INF204KC1030,GILT5YBEES,EQ,,,,,RELCAPAMC - NETFGILT5Y,66.50,67.39,66.37,66.49,66.47,66.50,,66.49,,,189051,12564421.58,413,F1,1,,,,,
2026-08-07,2026-08-07,CM,NSE,STK,24378,INE375Y01018,RELIABLE,EQ,,,,,RELIABLE DATA SERVICE LTD,143.50,148.18,138.06,147.12,148.18,145.64,,147.11,,,55689,7911006.24,938,F1,1,,,,,
2026-08-07,2026-08-07,CM,NSE,STK,9652,INE750D01016,RELCHEMQ,EQ,,,,,RELIANCE CHEMOTEX IND LTD,131.00,131.00,127.11,129.76,129.70,130.03,,129.76,,,583,75728.95,36,F1,1,,,,,
2026-08-07,2026-08-07,CM,NSE,STK,13188,INE330H01018,RCOM,BE,,,,,RELIANCE COMMUNICATIONS L,0.85,0.85,0.83,0.84,0.84,0.83,,0.84,,,2061774,1735042.41,1408,F1,1,,,,,
2026-08-07,2026-08-07,CM,NSE,STK,759204,INE217K01011,RHFL,BZ,,,,,RELIANCE HOME FINANCE LTD,1.93,1.93,1.86,1.88,1.89,1.91,,1.88,,,704956,1334476.64,820,F1,1,,,,,
2026-08-07,2026-08-07,CM,NSE,STK,2912,INE046A01015,RIIL,EQ,,,,,RELIANCE INDUSTRIAL INFRA,760.00,766.50,755.00,758.55,755.50,761.20,,758.65,,,22775,17294024.35,1427,F1,1,,,,,
2026-08-07,2026-08-07,CM,NSE,STK,2885,INE002A01018,RELIANCE,EQ,,,,,RELIANCE INDUSTRIES LTD,1320.00,1337.00,1316.60,1334.80,1334.80,1325.00,,1334.72,,,9885638,13138878797.80,161575,F1,1,,,,,
2026-08-07,2026-08-07,CM,NSE,STK,4791,INE036A01016,RELINFRA,BE,,,,,RELIANCE INFRASTRUCTU LTD,75.30,76.60,74.00,76.56,76.60,72.96,,76.51,,,1523751,116194680.87,3971,F1,1,,,,,
2026-08-07,2026-08-07,CM,NSE,STK,15259,INE614G01033,RPOWER,EQ,,,,,RELIANCE POWER LTD.,24.42,25.30,24.22,24.34,24.29,24.24,,24.34,,,50552570,1252986483.14,65597,F1,1,,,,,
2026-08-07,2026-08-07,CM,NSE,STK,15068,INE621H01010,RELIGARE,EQ,,,,,RELIGARE ENTER. LTD.,254.90,256.50,230.80,232.35,233.00,256.55,,232.37,,,6187400,1466684813.70,61815,F1,1,,,,,
2026-08-07,2026-08-07,CM,NSE,STK,3965,INE474C01023,REMSONSIND,EQ,,,,,REMSONS INDUSTRIES LTD,88.90,91.50,88.00,90.24,89.85,88.64,,90.22,,,121514,10913023.04,2209,F1,1,,,,,
2026-08-07,2026-08-07,CM,NSE,STK,16154,INE0O5T01011,REMUS,SM,,,,,REMUS PHARMACEUTICALS L,818.00,860.00,818.00,842.25,845.00,810.55,,842.25,,,87500,72926835.00,196,F1,100,,,,,
2026-08-07,2026-08-07,CM,NSE,STK,15129,INE722H01024,RGL,EQ,,,,,RENAISSANCE GLOBAL LTD,121.60,127.80,120.50,123.20,123.45,122.48,,123.20,,,621597,77845092.53,5243,F1,1,,,,,
2026-08-07,2026-08-07,CM,NSE,STK,29598,INE612J01015,REPCOHOME,EQ,,,,,REPCO HOME FINANCE LTD,393.45,393.70,381.20,382.70,382.05,391.30,,382.71,,,141034,54150932.60,4462,F1,1,,,,,
2026-08-07,2026-08-07,CM,NSE,STK,13126,INE461B01014,REPRO,EQ,,,,,REPRO INDIA LIMITED,374.95,375.10,367.00,371.15,371.00,375.10,,371.04,,,8438,3130985.45,456,F1,1,,,,,
2026-08-07,2026-08-07,CM,NSE,STK,20323,INE688D01026,RESPONIND,EQ,,,,,RESPONSIVE INDUSTRIES LTD,170.10,174.83,168.20,169.44,168.20,171.43,,169.44,,,83149,14187771.50,2677,F1,1,,,,,
2026-08-07,2026-08-07,CM,NSE,STK,1494,INE07T201019,RBA,EQ,,,,,RESTAURANT BRAND ASIA LTD,90.13,96.45,89.50,94.92,95.70,90.25,,94.93,,,30110261,2805542048.58,89083,F1,1,,,,,
2026-08-07,2026-08-07,CM,NSE,STK,25157,INE0DAB01012,RVTH,EQ,,,,,REVATHI EQUIPMENT INDIA L,741.90,741.90,722.00,733.45,722.00,713.90,,735.28,,,152,111497.60,16,F1,1,,,,,
2026-08-07,2026-08-07,CM,NSE,STK,29270,INE113601012,REXPRO,SM,,,,,REXPRO ENTERPRISES LTD,38.10,38.10,38.10,38.10,38.10,39.00,,38.10,,,1000,38100.00,1,F1,1000,,,,,
2026-08-07,2026-08-07,CM,NSE,STK,763468,INE0V2V01015,RFBL,ST,,,,,RFBL FLEXI PACK LIMITED,83.15,83.15,83.15,83.15,83.15,87.50,,83.15,,,3000,249450.00,1,F1,3000,,,,,
2026-08-07,2026-08-07,CM,NSE,STK,759062,INE0KKN01029,RHETAN,EQ,,,,,RHETAN TMT LIMITED,33.46,33.81,33.36,33.36,33.36,32.85,,33.36,,,11847052,396402635.91,5038,F1,1,,,,,
2026-08-07,2026-08-07,CM,NSE,STK,31163,INE743M01012,RHIM,EQ,,,,,RHI MAGNESITA INDIA LTD,411.15,418.60,410.10,412.80,413.90,411.15,,412.80,,,287199,118817135.15,9733,F1,1,,,,,
2026-08-07,2026-08-07,CM,NSE,STK,2909,INE209B01025,RICOAUTO,EQ,,,,,RICO AUTO INDUSTRIES LTD,151.00,155.34,149.60,151.53,151.00,152.38,,151.53,,,1933178,293559217.25,17200,F1,1,,,,,
2026-08-07,2026-08-07,CM,NSE,STK,764121,INE302D01024,RIR,EQ,,,,,RIR POWER ELECTRONICS L,161.00,162.99,159.80,161.44,159.80,160.05,,161.47,,,86577,13971018.39,2167,F1,1,,,,,
2026-08-07,2026-08-07,CM,NSE,STK,18417,INE0N2P01017,RISHABH,EQ,,,,,RISHABH INSTRUMENTS LTD,643.85,658.00,635.00,639.20,639.70,647.05,,639.37,,,125060,81086345.10,7945,F1,1,,,,,
2026-08-07,2026-08-07,CM,NSE,STK,8944,INE01EG01016,RITCO,EQ,,,,,RITCO LOGISTICS LIMITED,304.00,310.20,294.00,297.35,296.00,306.05,,297.36,,,261336,78500836.25,4501,F1,1,,,,,
2026-08-07,2026-08-07,CM,NSE,STK,11910,INE0MRA01019,RITEZONE,SM,,,,,RITE ZONE CHEMCON IND LTD,19.10,19.10,19.10,19.10,19.10,19.95,,19.10,,,1600,30560.00,1,F1,1600,,,,,
2026-08-07,2026-08-07,CM,NSE,STK,3761,INE320J01015,RITES,EQ,,,,,RITES LIMITED,232.70,234.90,228.40,234.24,234.15,231.38,,234.25,,,1536756,356956422.62,19412,F1,1,,,,,
2026-08-07,2026-08-07,CM,NSE,STK,1547,INE786W01010,RKEC,EQ,,,,,RKEC PROJECTS LIMITED,26.90,27.98,26.18,27.42,27.50,26.18,,27.42,,,39128,1061512.13,206,F1,1,,,,,
2026-08-07,2026-08-07,CM,NSE,STK,762346,INE655V01019,RMC,EQ,,,,,RMC SWITCHGEARS LIMITED,357.95,363.00,331.10,335.50,332.15,355.20,,335.53,,,65526,22638256.15,2099,F1,1,,,,,
2026-08-07,2026-08-07,CM,NSE,STK,24589,INE0SA001017,RNFI,SM,,,,,RNFI SERVICES LIMITED,271.00,283.00,270.00,280.75,281.00,273.40,,280.75,,,22800,6356700.00,37,F1,600,,,,,
2026-08-07,2026-08-07,CM,NSE,STK,15157,INE508K01013,RHL,EQ,,,,,ROBUST HOTELS LIMITED,177.52,177.96,170.92,171.76,171.00,177.53,,171.76,,,6349,1092567.12,112,F1,1,,,,,
2026-08-07,2026-08-07,CM,NSE,STK,20289,INE0PTR01012,ROCKINGDCE,SM,,,,,ROCKINGDEALS CIRCU ECO L,178.60,178.60,173.00,175.95,175.95,187.25,,175.95,,,7000,1227487.50,26,F1,250,,,,,
2026-08-07,2026-08-07,CM,NSE,STK,5279,INE645S01024,ROLEXRINGS,EQ,,,,,ROLEX RINGS LIMITED,153.00,159.15,152.82,156.68,155.62,152.80,,156.65,,,6819131,1066964582.51,44391,F1,1,,,,,
2026-08-07,2026-08-07,CM,NSE,STK,19108,INE927A01040,ROLLT,BE,,,,,ROLLATAINERS LIMITED,3.11,3.11,3.11,3.11,3.11,2.97,,3.11,,,918119,2855350.09,205,F1,1,,,,,
2026-08-07,2026-08-07,CM,NSE,STK,19410,INE02A801020,ROSSARI,EQ,,,,,ROSSARI BIOTECH LIMITED,523.00,523.95,512.60,513.95,514.00,525.95,,513.92,,,34558,17898942.80,1707,F1,1,,,,,
2026-08-07,2026-08-07,CM,NSE,STK,28913,INE847C01020,ROSSELLIND,EQ,,,,,ROSSELL INDIA LIMITED,57.00,57.50,55.09,56.52,56.80,54.95,,56.52,,,34385,1931924.80,560,F1,1,,,,,
2026-08-07,2026-08-07,CM,NSE,STK,27353,INE0OJW01016,ROSSTECH,EQ,,,,,ROSSELL TECHSYS LIMITED,1098.90,1108.70,1082.10,1092.65,1094.60,1090.20,,1092.42,,,93676,102368893.15,7210,F1,1,,,,,
2026-08-07,2026-08-07,CM,NSE,STK,9049,INE535D01037,ROTO,EQ,,,,,ROTO PUMPS LIMITED,69.31,72.08,67.10,67.47,67.73,69.31,,67.47,,,1672981,116283189.02,13120,F1,1,,,,,
2026-08-07,2026-08-07,CM,NSE,STK,128,INE450U01017,ROUTE,EQ,,,,,ROUTE MOBILE LIMITED,535.45,538.00,527.50,528.30,527.80,533.50,,528.32,,,132452,70351783.60,5368,F1,1,,,,,
2026-08-07,2026-08-07,CM,NSE,STK,20167,INE0PDJ01013,ROXHITECH,SM,,,,,ROX HI TECH LIMITED,46.20,48.40,46.20,48.40,48.40,46.20,,48.40,,,20800,983840.00,12,F1,1600,,,,,
2026-08-07,2026-08-07,CM,NSE,STK,29727,INE0EO401019,ROYALARC,SM,,,,,ROYAL ARC ELECTRODES LTD,156.00,156.00,156.00,156.00,156.00,150.00,,156.00,,,1200,187200.00,1,F1,1200,,,,,
2026-08-07,2026-08-07,CM,NSE,STK,13182,INE283H01019,ROHLTD,EQ,,,,,ROYAL ORCHID HOTELS LTD,312.65,324.00,312.00,323.20,323.65,312.50,,323.23,,,51442,16462218.55,1501,F1,1,,,,,
2026-08-07,2026-08-07,CM,NSE,STK,16725,INE105J01010,RPGLIFE,EQ,,,,,RPG LIFE SCIENCES LTD,2660.10,2709.90,2645.80,2661.30,2670.00,2688.90,,2661.27,,,9022,24098362.00,1836,F1,1,,,,,
2026-08-07,2026-08-07,CM,NSE,STK,8119,INE425Y01011,RPSGVENT,EQ,,,,,RPSG VENTURES LIMITED,924.00,928.95,911.00,920.10,920.00,921.05,,919.99,,,13201,12129730.50,869,F1,1,,,,,
2026-08-07,2026-08-07,CM,NSE,STK,7292,INE611A01016,RSWM,BE,,,,,RSWM LIMITED,203.00,214.75,203.00,207.63,210.00,213.39,,207.51,,,100613,20951615.40,840,F1,1,,,,,
2026-08-07,2026-08-07,CM,NSE,STK,24730,INE642C01025,RUBFILA,EQ,,,,,RUBFILA INTERNATIONAL LTD,72.70,74.00,72.70,73.52,73.00,72.99,,73.53,,,11125,814351.75,116,F1,1,,,,,
2026-08-07,2026-08-07,CM,NSE,STK,759316,INE506V01022,RUBICON,EQ,,,,,RUBICON RESEARCH LIMITED,1533.40,1574.00,1530.10,1553.20,1558.70,1533.40,,1553.29,,,98121,152919377.30,10008,F1,1,,,,,
2026-08-07,2026-08-07,CM,NSE,STK,4566,INE413B01023,RUCHINFRA,EQ,,,,,RUCHI INFRASTRUCTURE LTD,5.84,5.92,5.78,5.82,5.82,5.84,,5.82,,,27165,158311.31,103,F1,1,,,,,
2026-08-07,2026-08-07,CM,NSE,STK,13821,INE803H01014,RUCHIRA,EQ,,,,,RUCHIRA PAPERS LIMITED,110.85,112.06,110.61,111.18,111.66,111.21,,111.18,,,31292,3480159.10,267,F1,1,,,,,
2026-08-07,2026-08-07,CM,NSE,STK,760392,INE027T01023,RUDRA,EQ,,,,,RUDRA GLOBAL INFRA PROD L,17.70,18.33,17.58,17.76,17.66,17.91,,17.76,,,11524,204381.01,99,F1,1,,,,,
2026-08-07,2026-08-07,CM,NSE,STK,1486,INE364Z01019,REPL,BE,,,,,RUDRABHISHEK ENTERP LTD,64.50,68.22,63.56,67.39,67.39,64.98,,67.39,,,4626,309740.38,63,F1,1,,,,,
2026-08-07,2026-08-07,CM,NSE,STK,23830,INE0R7301013,RULKA,SM,,,,,RULKA ELECTRICALS LIMITED,110.20,110.20,110.00,110.00,110.00,112.85,,110.00,,,1500,165105.00,5,F1,300,,,,,
2026-08-07,2026-08-07,CM,NSE,STK,25724,INE895B01021,RUPA,EQ,,,,,RUPA & COMPANY LTD,167.62,168.29,164.05,164.85,164.05,167.62,,164.86,,,85673,14232333.63,2888,F1,1,,,,,
2026-08-07,2026-08-07,CM,NSE,STK,24595,INE573K01025,RUSHIL,EQ,,,,,RUSHIL DECOR LIMITED,18.20,18.47,17.51,17.82,17.90,18.17,,17.82,,,712236,12763592.00,2033,F1,1,,,,,
2026-08-07,2026-08-07,CM,NSE,STK,24674,INE0BSN01013,SATECH,SM,,,,,S A TECH SOFTWARE INDIA L,32.00,32.40,32.00,32.40,32.40,32.90,,32.40,,,4000,128400.00,4,F1,1000,,,,,
2026-08-07,2026-08-07,CM,NSE,STK,20698,INE807K01035,SCHAND,EQ,,,,,S CHAND AND COMPANY LTD,142.01,148.55,139.01,145.31,144.01,143.07,,145.28,,,53873,7696296.04,1482,F1,1,,,,,
2026-08-07,2026-08-07,CM,NSE,STK,25528,INE0X6F01017,SDREAMS,SM,,,,,S D RETAIL LIMITED,87.50,87.50,87.50,87.50,87.50,87.50,,87.50,,,1000,87500.00,1,F1,1000,,,,,
2026-08-07,2026-08-07,CM,NSE,STK,11212,INE500L01026,SHK,EQ,,,,,S H KELKAR AND CO. LTD.,168.00,174.90,164.18,168.54,167.00,170.06,,168.49,,,783760,133821037.77,10691,F1,1,,,,,
2026-08-07,2026-08-07,CM,NSE,STK,20542,INE0F3301020,SJLOGISTIC,SM,,,,,S J LOGISTICS (INDIA) LTD,315.00,325.00,311.40,316.70,319.50,315.05,,316.70,,,31000,9870675.00,83,F1,250,,,,,
2026-08-07,2026-08-07,CM,NSE,STK,2951,INE902B01017,S&SPOWER,EQ,,,,,S&S POWER SWITCHGEARS LTD,312.40,340.60,296.00,317.95,328.00,309.65,,317.91,,,6414,2064396.70,295,F1,1,,,,,
2026-08-07,2026-08-07,CM,NSE,STK,18252,INE212I01016,SPAL,EQ,,,,,S. P. APPARELS LIMITED,1014.50,1043.90,1013.40,1036.60,1030.00,1014.50,,1036.54,,,41051,42344053.10,3032,F1,1,,,,,
2026-08-07,2026-08-07,CM,NSE,STK,11634,INE658G01014,SALSTEEL,EQ,,,,,S.A.L. STEEL LTD.,63.99,67.59,60.78,61.75,62.60,62.77,,61.75,,,1160725,74797222.82,6483,F1,1,,,,,
2026-08-07,2026-08-07,CM,NSE,STK,19112,INE0PSK01027,SAAKSHI,ST,,,,,SAAKSHI MEDTEC N PANELS L,284.05,294.00,279.00,289.00,294.00,292.05,,289.00,,,21600,6171570.00,18,F1,600,,,,,
2026-08-07,2026-08-07,CM,NSE,STK,759057,INE13B501022,SAATVIKGL,EQ,,,,,SAATVIK GREEN ENERGY LTD,427.00,427.00,422.00,423.65,423.60,427.65,,423.70,,,30681,12983338.35,1209,F1,1,,,,,
2026-08-07,2026-08-07,CM,NSE,STK,10982,INE0DZ101013,SABAR,SM,,,,,SABAR FLEX INDIA LIMITED,7.10,7.10,6.55,6.55,6.55,6.85,,6.55,,,30000,207500.00,6,F1,5000,,,,,
2026-08-07,2026-08-07,CM,NSE,STK,757409,INE1ARD01016,SACHEEROME,SM,,,,,SACHEEROME LIMITED,455.00,470.00,450.50,459.35,462.00,455.70,,459.35,,,21000,9647445.00,68,F1,300,,,,,
2026-08-07,2026-08-07,CM,NSE,STK,13236,INE226H01026,SADBHAV,EQ,,,,,SADBHAV ENGINEERING LTD,8.90,9.00,8.84,8.94,8.90,8.93,,8.94,,,64034,571786.49,165,F1,1,,,,,
2026-08-07,2026-08-07,CM,NSE,STK,10622,INE764L01010,SADBHIN,BE,,,,,SADBHAV INFRA PROJ LTD.,2.63,2.63,2.58,2.61,2.62,2.63,,2.60,,,64228,167803.78,112,F1,1,,,,,
2026-08-07,2026-08-07,CM,NSE,STK,15349,INE888C01040,SADHNANIQ,BE,,,,,SADHANA NITROCHEM LIMITED,3.00,3.02,2.90,3.02,3.02,2.88,,3.07,,,4721398,14176834.35,977,F1,1,,,,,
2026-08-07,2026-08-07,CM,NSE,STK,22897,INE0K5H01010,SADHAV,SM,,,,,SADHAV SHIPPING LIMITED,114.20,119.45,114.20,115.85,115.85,115.65,,115.85,,,9000,1044510.00,15,F1,600,,,,,
2026-08-07,2026-08-07,CM,NSE,STK,13035,INE429E01023,SAFARI,EQ,,,,,SAFARI IND (INDIA) LTD,1490.80,1497.60,1479.70,1486.60,1480.00,1490.80,,1486.51,,,23873,35530547.70,2607,F1,1,,,,,
2026-08-07,2026-08-07,CM,NSE,STK,757583,INE17D601016,SAFEENTP,SM,,,,,SAFE ENTER RETAIL FIX LTD,250.00,255.50,248.70,249.50,249.00,251.80,,249.50,,,13000,3264550.00,23,F1,500,,,,,
2026-08-07,2026-08-07,CM,NSE,STK,14068,INE229C01021,SAGCEM,EQ,,,,,SAGAR CEMENTS LIMITED,173.50,175.87,172.41,173.01,172.42,173.87,,172.99,,,15479,2681847.10,563,F1,1,,,,,
2026-08-07,2026-08-07,CM,NSE,STK,8175,INE976T01013,SAGARDEEP,EQ,,,,,SAGARDEEP ALLOYS LIMITED,25.79,25.79,24.51,24.86,25.19,25.23,,24.86,,,5896,147147.28,69,F1,1,,,,,
2026-08-07,2026-08-07,CM,NSE,STK,27052,INE0W2G01015,SAGILITY,EQ,,,,,SAGILITY LIMITED,43.85,44.00,43.21,43.67,43.67,43.76,,43.67,,,10947994,476960332.99,21295,F1,1,,,,,
2026-08-07,2026-08-07,CM,NSE,STK,24478,INE0P4701011,SAHAJSOLAR,SM,,,,,SAHAJ SOLAR LIMITED,110.50,115.00,109.00,109.65,110.00,109.40,,109.65,,,25600,2878240.00,49,F1,400,,,,,
2026-08-07,2026-08-07,CM,NSE,STK,16711,INE0LEX01011,SAHANA,SM,,,,,SAHANA SYSTEM LIMITED,811.00,825.00,791.00,812.05,815.05,816.15,,812.05,,,30750,24883702.50,157,F1,150,,,,,
2026-08-07,2026-08-07,CM,NSE,STK,25671,INE0RBQ01018,SAHASRA,ST,,,,,SAHASRA ELECTRONIC SOLU L,323.50,339.75,323.30,337.50,336.20,328.05,,337.50,,,45200,14968520.00,64,F1,400,,,,,
2026-08-07,2026-08-07,CM,NSE,STK,14900,INE280H01015,SAHYADRI,EQ,,,,,SAHYADRI INDUSTRIES LTD,332.15,336.95,329.80,335.45,336.95,332.15,,335.65,,,9519,3179727.05,617,F1,1,,,,,
2026-08-07,2026-08-07,CM,NSE,STK,27839,INE570L01029,SAILIFE,EQ,,,,,SAI LIFE SCIENCES LIMITED,1375.00,1398.30,1319.50,1365.20,1356.00,1413.50,,1365.14,,,931312,1278086164.20,58048,F1,1,,,,,
2026-08-07,2026-08-07,CM,NSE,STK,761675,INE0H9F01037,SAIPARENT,EQ,,,,,SAI PARENTERALS LIMITED,543.00,580.00,535.55,569.70,574.90,541.15,,569.61,,,265816,149835775.25,8141,F1,1,,,,,
2026-08-07,2026-08-07,CM,NSE,STK,18755,INE438K01021,KALAMANDIR,EQ,,,,,SAI SILKS (KALAMANDIR) L,88.67,89.10,88.15,88.77,88.70,88.18,,88.77,,,296561,26323922.48,2363,F1,1,,,,,
2026-08-07,2026-08-07,CM,NSE,STK,25715,INE00MT01022,SAJHOTELS,ST,,,,,SAJ HOTELS LIMITED,40.35,43.00,40.35,42.95,43.00,42.45,,42.95,,,42000,1776300.00,15,F1,2000,,,,,
2026-08-07,2026-08-07,CM,NSE,STK,9539,INE732S01012,SAKAR,EQ,,,,,SAKAR HEALTHCARE LIMITED,932.55,941.00,908.30,924.65,929.30,919.70,,924.65,,,82643,76310285.25,6183,F1,1,,,,,
2026-08-07,2026-08-07,CM,NSE,STK,11794,INE667G01023,SAKSOFT,EQ,,,,,SAKSOFT LIMITED,178.99,179.50,161.11,165.05,165.40,175.56,,165.02,,,1494009,251361132.67,20292,F1,1,,,,,
2026-08-07,2026-08-07,CM,NSE,STK,2969,INE623A01011,SAKHTISUG,EQ,,,,,SAKTHI SUGARS LTD,17.10,17.59,16.96,17.21,17.30,17.50,,17.24,,,112563,1938292.39,542,F1,1,,,,,
2026-08-07,2026-08-07,CM,NSE,STK,13251,INE190H01024,SAKUMA,EQ,,,,,SAKUMA EXPORTS LIMITED,1.65,1.66,1.62,1.63,1.63,1.63,,1.63,,,1005069,1650980.86,788,F1,1,,,,,
2026-08-07,2026-08-07,CM,NSE,STK,21362,INE170V01027,SALASAR,EQ,,,,,SALASAR TECHNO ENGG. LTD.,5.88,5.98,5.86,5.88,5.89,5.89,,5.88,,,2381151,14037329.57,2260,F1,1,,,,,
2026-08-07,2026-08-07,CM,NSE,STK,17351,INE498E01010,SALONA,EQ,,,,,SALONA COTSPIN LTD.,240.00,248.97,238.10,245.10,246.70,236.17,,245.04,,,731,178152.31,118,F1,1,,,,,
2026-08-07,2026-08-07,CM,NSE,STK,11399,INE457F01013,SALZERELEC,EQ,,,,,SALZER ELECTRONICS LTD,616.00,621.95,599.50,608.95,610.00,616.00,,608.93,,,61938,37698102.75,2940,F1,1,,,,,
2026-08-07,2026-08-07,CM,NSE,STK,756851,INE124101010,SAMAY,ST,,,,,SAMAY PROJECT SERVICES L,41.50,41.50,41.50,41.50,41.50,43.60,,41.50,,,72000,2988000.00,1,F1,4000,,,,,
2026-08-07,2026-08-07,CM,NSE,STK,4127,INE699B01027,SAMBHAAV,EQ,,,,,SAMBHAAV MEDIA LTD,6.68,6.73,6.40,6.47,6.53,6.59,,6.47,,,38976,256648.36,133,F1,1,,,,,
2026-08-07,2026-08-07,CM,NSE,STK,757767,INE12NJ01018,SAMBHV,EQ,,,,,SAMBHV STEEL TUBES LTD,118.80,119.18,115.50,116.89,116.10,118.59,,116.90,,,1384906,163145738.76,8360,F1,1,,,,,
2026-08-07,2026-08-07,CM,NSE,STK,21096,INE0PZA01015,SAIFL,SM,,,,,SAMEERA AGRO AND INFRA L,5.00,5.05,4.95,5.00,5.05,5.05,,5.00,,,180000,898600.00,37,F1,4000,,,,,
2026-08-07,2026-08-07,CM,NSE,STK,18614,INE08U801020,SAMHI,EQ,,,,,SAMHI HOTELS LIMITED,176.99,177.79,174.00,174.65,174.00,176.24,,174.64,,,541141,95127035.97,8460,F1,1,,,,,
2026-08-07,2026-08-07,CM,NSE,STK,30125,INE148I01020,SAMMAANCAP,EQ,,,,,SAMMAAN CAPITAL LIMITED,167.00,167.22,162.10,163.17,163.42,167.22,,163.17,,,6194885,1019528399.81,27955,F1,1,,,,,
2026-08-07,2026-08-07,CM,NSE,STK,27303,INE735M01018,SAMPANN,EQ,,,,,SAMPANN UTPADAN INDIA LTD,27.02,27.90,27.02,27.52,27.58,27.50,,27.49,,,8321,229120.98,105,F1,1,,,,,
2026-08-07,2026-08-07,CM,NSE,STK,4204,INE775A01035,MOTHERSON,EQ,,,,,SAMVRDHNA MTHRSN INTL LTD,155.17,169.80,155.17,168.50,168.50,155.00,,168.50,,,115582755,19270204359.21,386240,F1,1,,,,,
2026-08-07,2026-08-07,CM,NSE,STK,28805,INE0JPD01013,SANATHAN,EQ,,,,,SANATHAN TEXTILES LIMITED,476.90,484.00,469.65,477.80,472.90,474.70,,477.95,,,62420,29775923.05,1820,F1,1,,,,,
2026-08-07,2026-08-07,CM,NSE,STK,2988,INE583B01015,SANDESH,EQ,,,,,SANDESH LTD,1270.00,1270.00,1092.95,1134.45,1140.00,1187.75,,1134.18,,,108153,129218241.60,6805,F1,1,,,,,
2026-08-07,2026-08-07,CM,NSE,STK,2397,INE278H01035,SANDHAR,EQ,,,,,SANDHAR TECHNOLOGIES LTD,655.00,670.30,655.00,666.65,667.95,656.35,,666.64,,,207440,137409201.65,7318,F1,1,,,,,
2026-08-07,2026-08-07,CM,NSE,STK,18359,INE149K01016,SANDUMA,EQ,,,,,SANDUR MANG & IRON ORES L,213.88,216.48,204.70,205.37,205.11,213.88,,205.37,,,1575057,330619246.13,19952,F1,1,,,,,
2026-08-07,2026-08-07,CM,NSE,STK,4184,INE495C01010,SANGAMIND,EQ,,,,,SANGAM (INDIA) LTD,618.55,621.00,610.00,611.80,610.00,615.50,,611.82,,,17798,10953310.30,990,F1,1,,,,,
2026-08-07,2026-08-07,CM,NSE,STK,18035,INE0OVI01010,SANGANI,SM,,,,,SANGANI HOSPITALS LIMITED,45.00,45.00,45.00,45.00,45.00,45.00,,45.00,,,4500,202500.00,3,F1,1500,,,,,
2026-08-07,2026-08-07,CM,NSE,STK,14058,INE989A01032,SANGHVIMOV,EQ,,,,,SANGHVI MOVERS LTD,481.55,493.60,475.00,488.40,490.10,481.55,,488.44,,,514015,250432297.40,16468,F1,1,,,,,
2026-08-07,2026-08-07,CM,NSE,STK,11033,INE753W01010,SANGINITA,BE,,,,,SANGINITA CHEMICALS LTD,59.10,59.10,59.10,59.10,59.10,60.30,,59.10,,,26261,1552025.10,60,F1,1,,,,,
2026-08-07,2026-08-07,CM,NSE,STK,25222,INE0UOS01011,SANOFICONR,EQ,,,,,SANOFI CONS HEALTHC IND L,4550.00,4550.00,4510.00,4514.20,4512.00,4533.80,,4514.40,,,1332,6023911.60,403,F1,1,,,,,
2026-08-07,2026-08-07,CM,NSE,STK,1442,INE058A01010,SANOFI,EQ,,,,,SANOFI INDIA LIMITED,3343.00,3352.90,3320.20,3349.40,3350.90,3352.60,,3349.38,,,25526,85260298.80,5478,F1,1,,,,,
2026-08-07,2026-08-07,CM,NSE,STK,5751,INE953O01021,SANSERA,EQ,,,,,SANSERA ENGINEERING LTD,3787.30,3880.10,3760.20,3863.80,3864.90,3787.30,,3863.68,,,196227,753282400.90,26917,F1,1,,,,,
2026-08-07,2026-08-07,CM,NSE,STK,24582,INE08NE01025,SANSTAR,EQ,,,,,SANSTAR LIMITED,113.40,114.69,112.75,113.41,113.00,113.63,,113.41,,,105726,12018321.50,2074,F1,1,,,,,
2026-08-07,2026-08-07,CM,NSE,STK,46,INE890C01046,SANWARIA,BZ,,,,,SANWARIA CONSUMER LIMITED,0.19,0.20,0.19,0.20,0.20,0.19,,0.26,,,656791,130870.48,143,F1,1,,,,,
2026-08-07,2026-08-07,CM,NSE,STK,6718,INE806T01020,SAPPHIRE,EQ,,,,,SAPPHIRE FOODS INDIA LTD,199.20,229.80,197.84,224.22,221.60,199.74,,224.19,,,18224172,3933740846.96,163411,F1,1,,,,,
2026-08-07,2026-08-07,CM,NSE,STK,19863,INE0PUC01020,SARTELE,SM,,,,,SAR TELEVENTURE LIMITED,115.55,117.70,111.15,112.35,112.50,117.05,,112.35,,,179000,20268475.00,264,F1,500,,,,,
2026-08-07,2026-08-07,CM,NSE,STK,762985,INE967G01019,ZSARACOM,EQ,,,,,SARASWATI COMM (INDIA) L,11952.00,11952.00,11545.00,11655.00,11800.00,11932.00,,11706.52,,,49,571162.00,34,F1,1,,,,,
2026-08-07,2026-08-07,CM,NSE,STK,24856,INE0PQ101010,SSDL,EQ,,,,,SARASWATI SAREE DEPOT LTD,53.50,54.74,53.50,53.83,53.73,53.54,,53.85,,,15364,830135.80,314,F1,1,,,,,
2026-08-07,2026-08-07,CM,NSE,STK,17758,INE385C01021,SARDAEN,EQ,,,,,SARDA ENERGY & MIN LTD,500.90,502.55,496.15,497.60,497.85,500.90,,497.60,,,376213,187490596.00,9177,F1,1,,,,,
2026-08-07,2026-08-07,CM,NSE,STK,4892,INE979A01025,SAREGAMA,EQ,,,,,SAREGAMA INDIA LIMITED,525.00,539.95,513.15,519.20,517.45,528.00,,519.23,,,473141,249305973.00,16923,F1,1,,,,,
2026-08-07,2026-08-07,CM,NSE,STK,14043,INE453D01025,SARLAPOLY,EQ,,,,,SARLA PERF. FIBERS LTD,102.15,102.50,99.50,101.75,101.50,102.15,,101.75,,,67497,6817538.27,1128,F1,1,,,,,
2026-08-07,2026-08-07,CM,NSE,STK,18506,INE0PCL01011,SAROJA,SM,,,,,SAROJA PHARMA INDUS IND L,28.75,30.45,28.00,28.00,28.00,29.25,,28.00,,,6400,185440.00,4,F1,1600,,,,,
2026-08-07,2026-08-07,CM,NSE,STK,6843,INE017W01010,SMLT,EQ,,,,,SARTHAK METALS LIMITED,68.14,70.00,68.14,69.40,68.98,68.48,,69.50,,,2170,150288.57,184,F1,1,,,,,
2026-08-07,2026-08-07,CM,NSE,STK,12913,INE324X01026,SARVESHWAR,EQ,,,,,SARVESHWAR FOODS LIMITED,3.43,3.47,3.38,3.39,3.39,3.44,,3.39,,,922052,3144814.87,1373,F1,1,,,,,
2026-08-07,2026-08-07,CM,NSE,STK,11983,INE231F01020,SASKEN,EQ,,,,,SASKEN TECHNOLOGIES LTD,1912.00,1945.00,1891.10,1920.60,1945.00,1917.10,,1920.28,,,14098,26998959.60,2662,F1,1,,,,,
2026-08-07,2026-08-07,CM,NSE,STK,29151,INE0NB801022,SATKARTAR,SM,,,,,SAT KARTAR LIFE LIMITED,124.35,124.60,118.15,119.15,118.50,119.65,,119.15,,,48000,5833400.00,46,F1,800,,,,,
2026-08-07,2026-08-07,CM,NSE,STK,24697,INE0RFP01011,SSEGL,SM,,,,,SATHLOKHAR SYN E&C GLOB L,345.00,345.00,326.00,328.80,329.00,344.50,,328.80,,,52800,17611520.00,189,F1,200,,,,,
2026-08-07,2026-08-07,CM,NSE,STK,24507,INE0RPM01017,SATIPOLY,ST,,,,,SATI POLY PLAST LIMITED,48.00,48.00,46.90,48.00,48.00,45.75,,48.00,,,6500,310225.00,12,F1,500,,,,,
2026-08-07,2026-08-07,CM,NSE,STK,11045,INE170E01023,SATIA,EQ,,,,,SATIA INDUSTRIES LIMITED,64.42,64.83,62.81,63.48,63.70,63.80,,63.48,,,39412,2503716.17,509,F1,1,,,,,
2026-08-07,2026-08-07,CM,NSE,STK,10453,INE836B01017,SATIN,EQ,,,,,SATIN CREDIT NET LTD,232.90,236.39,231.00,231.78,231.65,232.89,,231.72,,,232709,54141661.64,3869,F1,1,,,,,
2026-08-07,2026-08-07,CM,NSE,STK,758960,INE14DW01018,SATTVAENGG,SM,,,,,SATTVA ENGINEERING CSTN L,84.45,84.45,84.45,84.45,84.45,82.00,,84.45,,,1600,135120.00,1,F1,1600,,,,,
2026-08-07,2026-08-07,CM,NSE,STK,3018,INE626A01014,SAURASHCEM,EQ,,,,,SAURASHTRA CEMENT LIMITED,63.00,65.00,61.70,62.14,62.24,68.93,,62.14,,,717690,45462717.77,7716,F1,1,,,,,
2026-08-07,2026-08-07,CM,NSE,STK,3021,INE035D01020,SOTL,EQ,,,,,SAVITA OIL TECHNOLO. LTD,782.00,805.20,742.30,756.45,745.90,781.95,,756.46,,,1447007,1130275471.80,45871,F1,1,,,,,
2026-08-07,2026-08-07,CM,NSE,STK,757704,INE0UCN01017,SAVY,SM,,,,,SAVY INFRA AND LOGI LTD,130.00,130.00,129.30,129.30,129.30,132.10,,129.30,,,2400,311160.00,2,F1,1200,,,,,
2026-08-07,2026-08-07,CM,NSE,STK,758444,INE10VS01016,SAWALIYA,SM,,,,,SAWALIYA FOOD PRODUCTS L,292.00,292.00,282.00,288.50,288.00,289.40,,288.50,,,52200,15036450.00,44,F1,600,,,,,
2026-08-07,2026-08-07,CM,NSE,STK,762879,INE318C01014,SAYAJIHOTL,EQ,,,,,SAYAJI HOTELS LTD.,316.00,329.50,311.00,325.45,323.00,316.10,,325.50,,,2276,719465.20,44,F1,1,,,,,
2026-08-07,2026-08-07,CM,NSE,STK,6792,INE04AK01028,SBC,EQ,,,,,SBC EXPORTS LIMITED,41.19,41.55,41.05,41.16,41.10,41.18,,41.16,,,5059179,208643483.89,2958,F1,1,,,,,
2026-08-07,2026-08-07,CM,NSE,STK,18026,INE423Y01016,SBFC,EQ,,,,,SBFC FINANCE LIMITED,95.29,95.30,93.50,94.25,95.00,95.29,,94.25,,,788137,74209060.16,10066,F1,1,,,,,
2026-08-07,2026-08-07,CM,NSE,STK,17971,INE018E01016,SBICARD,EQ,,,,,SBI CARDS & PAY SER LTD,660.00,666.70,653.65,659.00,659.00,660.00,,658.99,,,1453309,958088368.95,30935,F1,1,,,,,
2026-08-07,2026-08-07,CM,NSE,STK,764173,INE640G01020,SBIFUNDS,EQ,,,,,SBI FUNDS MANAGEMENT LTD,569.00,572.90,565.55,571.75,571.75,568.95,,571.74,,,1904705,1085704784.65,38825,F1,1,,,,,
2026-08-07,2026-08-07,CM,NSE,STK,21808,INE123W01016,SBILIFE,EQ,,,,,SBI LIFE INSURANCE CO LTD,1861.50,1871.80,1852.80,1855.50,1855.50,1861.50,,1855.53,,,390231,726067765.70,19562,F1,1,,,,,
2026-08-07,2026-08-07,CM,NSE,STK,17272,INF200KA16D8,SETFGOLD,EQ,,,,,SBI-ETF GOLD,126.40,127.57,125.05,127.36,127.14,126.40,,127.36,,,5204755,658879791.04,18057,F1,1,,,,,
2026-08-07,2026-08-07,CM,NSE,STK,10176,INF200KA1FS1,SETFNIF50,EQ,,,,,SBI-ETF NIFTY 50,269.00,269.00,263.71,264.41,264.70,265.17,,264.41,,,771262,203934881.43,6695,F1,1,,,,,
2026-08-07,2026-08-07,CM,NSE,STK,7361,INF200KA1580,SETFNIFBK,EQ,,,,,SBI-ETF NIFTY BANK,594.89,596.00,588.50,591.74,596.00,594.30,,591.74,,,51425,30511717.94,509,F1,1,,,,,
2026-08-07,2026-08-07,CM,NSE,STK,7353,INF200KA1598,SETFNN50,EQ,,,,,SBI-ETF NIFTY NEXT 50,802.30,803.00,793.55,801.58,803.00,796.72,,801.58,,,20668,16551570.91,1054,F1,1,,,,,
2026-08-07,2026-08-07,CM,NSE,STK,19705,INF200KA13Z8,LIQUIDSBI,EQ,,,,,SBIAMC - LIQUIDSBI,999.99,1000.01,999.99,1000.00,1000.01,1000.01,,1000.00,,,16939,16939053.04,32,F1,1,,,,,
2026-08-07,2026-08-07,CM,NSE,STK,30290,INF200KB1712,SBIBPB,EQ,,,,,SBIAMC - SBIBPB,50.49,51.25,50.18,50.64,50.39,50.18,,50.64,,,170218,8641806.49,506,F1,1,,,,,
2026-08-07,2026-08-07,CM,NSE,STK,5168,INF200KA1X17,SBIETFCON,EQ,,,,,SBIAMC - SBIETFCON,126.48,126.50,124.70,125.64,125.79,125.27,,125.64,,,8331,1047819.63,85,F1,1,,,,,
2026-08-07,2026-08-07,CM,NSE,STK,740,INF200KA1S14,SBIETFIT,EQ,,,,,SBIAMC - SBIETFIT,348.00,352.69,346.60,350.14,346.60,345.92,,350.14,,,14625,5114583.44,251,F1,1,,,,,
2026-08-07,2026-08-07,CM,NSE,STK,722,INF200KA1S22,SBIETFPB,EQ,,,,,SBIAMC - SBIETFPB,284.40,284.95,279.78,283.93,283.40,283.64,,283.93,,,7040,1984549.81,174,F1,1,,,,,
2026-08-07,2026-08-07,CM,NSE,STK,7218,INF200KA1WX6,SBIETFQLTY,EQ,,,,,SBIAMC - SBIETFQLTY,233.84,233.84,223.16,229.00,229.00,228.14,,229.00,,,1529,350464.48,79,F1,1,,,,,
2026-08-07,2026-08-07,CM,NSE,STK,758496,INF200KB1969,SBILIQETF,EQ,,,,,SBIAMC - SBILIQETF,1051.01,1051.03,1051.01,1051.03,1051.03,1050.60,,1051.03,,,21585,22686331.67,52,F1,1,,,,,
2026-08-07,2026-08-07,CM,NSE,STK,761095,INF200KB1AJ0,SBIMIDMOM,EQ,,,,,SBIAMC - SBIMIDMOM,63.99,63.99,63.51,63.91,63.89,63.21,,63.91,,,16442212,1050874484.71,1238,F1,1,,,,,
2026-08-07,2026-08-07,CM,NSE,STK,24524,INF200KB1282,SBINEQWETF,EQ,,,,,SBIAMC - SBINEQWETF,34.78,34.78,34.13,34.28,34.38,34.54,,34.28,,,79392,2720031.88,278,F1,1,,,,,
2026-08-07,2026-08-07,CM,NSE,STK,761741,INF200KB1AK8,SBINMID150,EQ,,,,,SBIAMC - SBINMID150,23.48,23.49,23.20,23.38,23.46,23.24,,23.38,,,14985,351341.05,115,F1,1,,,,,
2026-08-07,2026-08-07,CM,NSE,STK,24366,INF200KB1217,SBISILVER,EQ,,,,,SBIAMC - SBISILVER,218.12,226.40,218.12,225.73,225.36,219.88,,225.72,,,1522265,341083112.45,8862,F1,1,,,,,
2026-08-07,2026-08-07,CM,NSE,STK,763543,INF200KB1AY9,SBISMLETF,EQ,,,,,SBIAMC - SBISMLETF,18.70,18.70,18.30,18.44,18.53,18.41,,18.44,,,28899,531353.39,188,F1,1,,,,,
2026-08-07,2026-08-07,CM,NSE,STK,763546,INF200KB1AX1,SBIVALETF,EQ,,,,,SBIAMC - SBIVALETF,14.77,15.19,14.77,15.15,15.15,15.15,,15.15,,,12675,192201.66,33,F1,1,,,,,
2026-08-07,2026-08-07,CM,NSE,STK,17395,INF200KA1JT1,SETF10GILT,EQ,,,,,SBIAMC - SETF10GILT,265.65,266.99,265.65,266.90,266.98,266.00,,266.90,,,2396,638529.03,47,F1,1,,,,,
2026-08-07,2026-08-07,CM,NSE,STK,762887,INE099G01011,SCANSTL,BE,,,,,SCAN STEELS LTD.,61.20,63.84,61.15,62.39,62.85,64.04,,62.26,,,51935,3230599.96,216,F1,1,,,,,
2026-08-07,2026-08-07,CM,NSE,STK,1011,INE513A01022,SCHAEFFLER,EQ,,,,,SCHAEFFLER INDIA LIMITED,4036.60,4088.00,4020.60,4035.20,4046.60,4036.30,,4035.17,,,30264,122772586.60,6927,F1,1,,,,,
2026-08-07,2026-08-07,CM,NSE,STK,31234,INE839M01018,SCHNEIDER,EQ,,,,,SCHNEIDER ELECTRIC INFRA,1343.10,1374.00,1338.30,1354.80,1350.00,1335.20,,1354.77,,,179521,244251864.80,15764,F1,1,,,,,
2026-08-07,2026-08-07,CM,NSE,STK,28929,INE148I07VA5,1003SCL31P,N1,,,,,SCL 10.03% 2031 SR X,950.20,950.20,950.20,950.20,950.20,1027.18,,980.10,,,10,9502.00,1,F1,1,,,,,
2026-08-07,2026-08-07,CM,NSE,STK,28933,INE148I07VI8,1025SCL34Z,N1,,,,,SCL 10.25% 2034 SR XII,1010.00,1015.44,1010.00,1015.00,1015.00,995.00,,1015.00,,,3517,3552205.88,8,F1,1,,,,,
2026-08-07,2026-08-07,CM,NSE,STK,757460,INE148I07XG8,865SCL27,N4,,,,,SCL 8.65% 2027 SR II,999.00,1005.00,990.00,1001.31,1005.00,1000.00,,1001.31,,,1333,1334605.50,11,F1,1,,,,,
2026-08-07,2026-08-07,CM,NSE,STK,757464,INE148I07XP9,925SCL2028,N8,,,,,SCL 9.25% 2028 SR IV,997.00,997.00,995.00,995.00,995.00,1000.00,,995.00,,,35,34855.00,3,F1,1,,,,,
2026-08-07,2026-08-07,CM,NSE,STK,757478,INE090501011,SCODATUBES,EQ,,,,,SCODA TUBES LIMITED,143.00,144.57,141.00,142.35,142.05,142.99,,142.38,,,129979,18538630.28,2014,F1,1,,,,,
2026-08-07,2026-08-07,CM,NSE,STK,763076,IN1020260049,779AP42,SG,,,,,SDL AP 7.79% 2042,99.00,99.00,99.00,99.00,99.00,100.00,,99.00,,,100,9900.00,1,F1,100,,,,,
2026-08-07,2026-08-07,CM,NSE,STK,761646,IN1020260015,796AP38,SG,,,,,SDL AP 7.96% 2038,96.08,96.08,96.00,96.00,96.00,95.87,,96.00,,,500,48008.00,2,F1,100,,,,,
2026-08-07,2026-08-07,CM,NSE,STK,21152,IN1520230179,747GJ28,SG,,,,,SDL GJ 7.47% 2028,97.69,97.69,95.00,95.00,95.00,100.00,,95.00,,,200,19269.00,2,F1,100,,,,,
2026-08-07,2026-08-07,CM,NSE,STK,763621,IN1520260028,774GJ38,SG,,,,,SDL GJ 7.74% 2038,95.00,95.00,95.00,95.00,95.00,100.00,,95.00,,,1000,95000.00,2,F1,100,,,,,
2026-08-07,2026-08-07,CM,NSE,STK,758192,IN2020250113,724KL41,SG,,,,,SDL KL 7.24% 2041,95.00,95.00,95.00,95.00,95.00,96.00,,95.00,,,100,9500.00,1,F1,100,,,,,
2026-08-07,2026-08-07,CM,NSE,STK,762424,IN2020260021,781KL37,SG,,,,,SDL KL 7.81% 2037,95.20,95.20,95.20,95.20,95.20,95.00,,95.20,,,100,9520.00,1,F1,100,,,,,
2026-08-07,2026-08-07,CM,NSE,STK,760847,IN2220250442,754MH37,SG,,,,,SDL MH 7.54% 2037,95.00,95.00,95.00,95.00,95.00,100.00,,95.00,,,100,9500.00,1,F1,100,,,,,
2026-08-07,2026-08-07,CM,NSE,STK,763065,IN2220260045,755MH34,SG,,,,,SDL MH 7.55% 2034,95.00,95.00,95.00,95.00,95.00,100.00,,95.00,,,100,9500.00,1,F1,100,,,,,
2026-08-07,2026-08-07,CM,NSE,STK,761647,IN2220260029,791MH39,SG,,,,,SDL MH 7.91% 2039,100.00,100.00,100.00,100.00,100.00,95.95,,100.00,,,100,10000.00,1,F1,100,,,,,
2026-08-07,2026-08-07,CM,NSE,STK,761645,IN2820260015,791PN36,SG,,,,,SDL PN 7.91% 2036,96.47,96.47,96.47,96.47,96.47,100.00,,96.47,,,100,9647.00,1,F1,100,,,,,
2026-08-07,2026-08-07,CM,NSE,STK,763523,IN2820260049,792PN44,SG,,,,,SDL PN 7.92% 2044,95.00,95.00,95.00,95.00,95.00,95.00,,95.00,,,1000,95000.00,3,F1,100,,,,,
2026-08-07,2026-08-07,CM,NSE,STK,763068,IN2920260048,781RJ49,SG,,,,,SDL RJ 7.81% 2049,99.00,99.00,99.00,99.00,99.00,100.00,,99.00,,,100,9900.00,1,F1,100,,,,,
2026-08-07,2026-08-07,CM,NSE,STK,760910,IN3120250706,754TN36,SG,,,,,SDL TN 7.54% 2036,95.08,95.08,95.08,95.08,95.08,100.00,,95.08,,,100,9508.00,1,F1,100,,,,,
2026-08-07,2026-08-07,CM,NSE,STK,758710,IN4520250338,754TS55,SG,,,,,SDL TS 7.54% 2055,95.00,95.00,95.00,95.00,95.00,95.00,,95.00,,,100,9500.00,1,F1,100,,,,,
2026-08-07,2026-08-07,CM,NSE,STK,760383,IN3320250159,746UP37,SG,,,,,SDL UP 7.46% 2037,95.00,95.00,95.00,95.00,95.00,100.00,,95.00,,,100,9500.00,1,F1,100,,,,,
2026-08-07,2026-08-07,CM,NSE,STK,23329,IN3320230391,751UP40,SG,,,,,SDL UP 7.51% 2040,95.00,95.00,95.00,95.00,95.00,100.00,,95.00,,,100,9500.00,1,F1,100,,,,,
2026-08-07,2026-08-07,CM,NSE,STK,31638,IN3320260034,774UP38,SG,,,,,SDL UP 7.74% 2038,95.00,95.00,95.00,95.00,95.00,100.00,,95.00,,,600,57000.00,2,F1,100,,,,,
2026-08-07,2026-08-07,CM,NSE,STK,761575,IN3320250266,788UP46,SG,,,,,SDL UP 7.88% 2046,95.00,95.00,95.00,95.00,95.00,100.00,,95.00,,,200,19000.00,2,F1,100,,,,,
2026-08-07,2026-08-07,CM,NSE,STK,24655,IN3420240068,735WB43,SG,,,,,SDL WB 7.35% 2043,94.50,94.50,94.50,94.50,94.50,95.00,,94.50,,,100,9450.00,1,F1,100,,,,,
2026-08-07,2026-08-07,CM,NSE,STK,20643,INE027E07972,935LTF29,N5,,,,,SE RE NCD 9.35% SR.V OP2,1114.70,1160.00,1111.00,1111.00,1111.00,1110.00,,1114.85,,,774,871956.05,17,F1,1,,,,,
2026-08-07,2026-08-07,CM,NSE,STK,2616,INE497B01018,SEAMECLTD,EQ,,,,,SEAMEC LIMITED,1500.00,1549.90,1477.10,1527.70,1536.30,1495.50,,1527.82,,,40731,61546506.80,3447,F1,1,,,,,
2026-08-07,2026-08-07,CM,NSE,STK,6207,INE530B07187,IIFLZC26,NN,,,,,SEC RE NCD 0% SR.VII,1487.80,1487.80,1487.80,1487.80,1487.80,1487.80,,1487.80,,,152,226145.60,1,F1,1,,,,,
2026-08-07,2026-08-07,CM,NSE,STK,24139,INE413U07293,10IIFLSF27,NB,,,,,SEC RE NCD 10.00% SR IV,1001.07,1001.07,1001.07,1001.07,1001.07,1050.00,,1001.07,,,1,1001.07,1,F1,1,,,,,
2026-08-07,2026-08-07,CM,NSE,STK,24141,INE413U07301,1003IIFL29,NC,,,,,SEC RE NCD 10.03% SR V,1008.00,1008.00,1001.00,1008.00,1008.00,1010.00,,1019.00,,,345,346696.00,5,F1,1,,,,,
2026-08-07,2026-08-07,CM,NSE,STK,21028,INE148I07RU1,875SCL23A,YI,,,,,SEC RE NCD 10.03% SR X,1000.00,1003.00,1000.00,1003.00,1003.00,901.20,,1003.00,,,74,74111.00,2,F1,1,,,,,
2026-08-07,2026-08-07,CM,NSE,STK,15253,INE244L07523,890SFIL23A,NZ,,,,,SEC RE NCD 10.03% SR.VIII,400.30,420.00,400.30,420.00,420.00,420.00,,440.00,,,224,94003.00,10,F1,1,,,,,
2026-08-07,2026-08-07,CM,NSE,STK,23303,INE148I07SS3,1015SCFL29,YY,,,,,SEC RE NCD 10.15% SR VII,970.20,970.20,970.20,970.20,970.20,1030.15,,970.20,,,1,970.20,1,F1,1,,,,,
2026-08-07,2026-08-07,CM,NSE,STK,18859,INE148I07PL4,925SCL28C,BS,,,,,SEC RE NCD 10.15% SR VII,930.00,930.00,930.00,930.00,930.00,790.00,,930.00,,,6,5580.00,1,F1,1,,,,,
2026-08-07,2026-08-07,CM,NSE,STK,25914,INE583D07521,1025UCL26A,N1,,,,,SEC RE NCD 10.25% SR II,950.00,1018.72,950.00,1018.72,1018.72,1018.50,,1018.72,,,102,103772.00,2,F1,1,,,,,
2026-08-07,2026-08-07,CM,NSE,STK,23323,INE148I07SQ7,1025SCL34,Z8,,,,,SEC RE NCD 10.25% SR XII,1020.00,1020.00,1005.00,1005.00,1005.00,1020.00,,1017.50,,,27,27420.00,2,F1,1,,,,,
2026-08-07,2026-08-07,CM,NSE,STK,25575,INE148I07UV3,1025SCL34B,N1,,,,,SEC RE NCD 10.25% SR XII,1010.00,1010.00,1010.00,1010.00,1010.00,1010.00,,1010.00,,,1,1010.00,1,F1,1,,,,,
2026-08-07,2026-08-07,CM,NSE,STK,20130,INE148I07RB1,965SCL25F,NZ,,,,,SEC RE NCD 10.25% SR XII,816.10,930.00,816.10,930.00,930.00,1020.00,,845.15,,,150,128110.00,3,F1,1,,,,,
2026-08-07,2026-08-07,CM,NSE,STK,20784,INE413U07251,1050ISFL28,N5,,,,,SEC RE NCD 10.50% SR 6,1050.35,1050.35,1050.35,1050.35,1050.35,1048.00,,1050.35,,,6,6302.10,1,F1,1,,,,,
2026-08-07,2026-08-07,CM,NSE,STK,23123,INE342T07460,1065NFL27,NC,,,,,SEC RE NCD 10.65% SR.IV,1029.00,1029.00,1005.11,1009.53,1010.00,1015.00,,1010.46,,,311,315108.31,6,F1,1,,,,,
2026-08-07,2026-08-07,CM,NSE,STK,11658,INE0H7R07017,79NHIT35,N1,,,,,SEC RE NCD 7.90% STRPP A,314.00,314.00,310.00,311.00,311.00,312.24,,311.00,,,772,239655.00,5,F1,1,,,,,
2026-08-07,2026-08-07,CM,NSE,STK,11665,INE0H7R07025,79NHIT40,N2,,,,,SEC RE NCD 7.90% STRPP B,309.01,315.89,309.01,315.89,315.89,316.02,,315.89,,,2542,787334.59,5,F1,1,,,,,
2026-08-07,2026-08-07,CM,NSE,STK,11669,INE0H7R07033,79NHIT47,N3,,,,,SEC RE NCD 7.90% STRPP C,422.00,422.00,421.70,421.70,421.70,416.03,,421.70,,,361,152317.55,3,F1,1,,,,,
2026-08-07,2026-08-07,CM,NSE,STK,3476,INE219X07280,797IGT31,NL,,,,,SEC RE NCD 7.97% SR.VI,1015.00,1015.00,1015.00,1015.00,1015.00,1014.99,,1015.00,,,25,25375.00,1,F1,1,,,,,
2026-08-07,2026-08-07,CM,NSE,STK,7648,INE477L07AN9,820IIFL27,N9,,,,,SEC RE NCD 8.20% SR.III,998.00,998.00,990.00,995.00,995.00,995.01,,995.00,,,832,826577.00,16,F1,1,,,,,
2026-08-07,2026-08-07,CM,NSE,STK,3464,INE219X07264,82IGT31,NJ,,,,,SEC RE NCD 8.20% SR.V,1027.00,1029.00,1026.12,1028.27,1028.27,1030.00,,1028.27,,,829,851383.81,31,F1,1,,,,,
2026-08-07,2026-08-07,CM,NSE,STK,17958,INE121A07RE9,84CIFCL28,NA,,,,,SEC RE NCD 8.40% SR 5,1017.00,1017.00,1017.00,1017.00,1017.00,1016.85,,1017.00,,,20,20340.00,1,F1,1,,,,,
2026-08-07,2026-08-07,CM,NSE,STK,6197,INE530B07161,842IIFL26,NL,,,,,SEC RE NCD 8.42% SR.V,999.00,999.10,999.00,999.00,999.00,999.90,,999.00,,,889,888149.50,6,F1,1,,,,,
2026-08-07,2026-08-07,CM,NSE,STK,17039,INE530B07385,865IFL28,NZ,,,,,SEC RE NCD 8.65% SR.V,989.05,989.05,989.05,989.05,989.05,985.00,,989.05,,,100,98905.00,1,F1,1,,,,,
2026-08-07,2026-08-07,CM,NSE,STK,13852,INE530B07310,865IIFL28,NS,,,,,SEC RE NCD 8.65% SR.V,999.00,999.00,998.00,998.70,998.00,999.57,,998.70,,,30,29961.47,4,F1,1,,,,,
2026-08-07,2026-08-07,CM,NSE,STK,28852,INE477L07AZ3,885IHL26,N1,,,,,SEC RE NCD 8.85% SR I,1043.20,1043.20,1043.20,1043.20,1043.20,1060.00,,1043.20,,,180,187776.00,1,F1,1,,,,,
2026-08-07,2026-08-07,CM,NSE,STK,5857,INE148I07KP6,975SCL28,NT,,,,,SEC RE NCD 8.89% SR.VIII,998.99,998.99,998.99,998.99,998.99,996.00,,998.99,,,161,160837.39,2,F1,1,,,,,
2026-08-07,2026-08-07,CM,NSE,STK,28869,INE477L07BG1,89IHFL29,N1,,,,,SEC RE NCD 8.90% SR VI,982.00,982.00,982.00,982.00,982.00,980.00,,982.00,,,29,28478.00,1,F1,1,,,,,
2026-08-07,2026-08-07,CM,NSE,STK,28858,INE477L07BC0,9IHFL27,N1,,,,,SEC RE NCD 9% SR IV,1031.71,1031.71,1030.00,1030.00,1030.00,1050.03,,1030.00,,,10,10305.11,3,F1,1,,,,,
2026-08-07,2026-08-07,CM,NSE,STK,13854,INE530B07260,9IIFL28A,NT,,,,,SEC RE NCD 9% SR.VI,1033.30,1033.30,1033.30,1033.30,1033.30,1036.00,,1033.30,,,5,5166.50,1,F1,1,,,,,
2026-08-07,2026-08-07,CM,NSE,STK,23702,INE338I07149,91MOFSL27,N2,,,,,SEC RE NCD 9.10% SR III,1026.50,1026.50,1025.00,1025.00,1025.00,1025.00,,1025.00,,,106,108687.00,5,F1,1,,,,,
2026-08-07,2026-08-07,CM,NSE,STK,7769,INE148I07LC2,925SCFL27,YA,,,,,SEC RE NCD 9.25% SR.VII,1040.20,1040.20,1040.20,1040.20,1040.20,1047.15,,1040.20,,,10,10402.00,1,F1,1,,,,,
2026-08-07,2026-08-07,CM,NSE,STK,23710,INE338I07115,93MOFSL34,N6,,,,,SEC RE NCD 9.30% SR VII,1061.00,1061.00,1060.00,1060.00,1060.00,1070.00,,1056.67,,,125,132510.00,4,F1,1,,,,,
2026-08-07,2026-08-07,CM,NSE,STK,25283,INE423A07310,932AEL27,N3,,,,,SEC RE NCD 9.32% SR III,1025.00,1040.00,1011.10,1030.00,1030.00,1040.00,,1027.50,,,835,857223.50,8,F1,1,,,,,
2026-08-07,2026-08-07,CM,NSE,STK,23708,INE338I07107,935MOFSL29,N5,,,,,SEC RE NCD 9.35% SR VI,1040.00,1045.00,1030.00,1037.00,1037.00,1023.41,,1037.00,,,1129,1170444.80,17,F1,1,,,,,
2026-08-07,2026-08-07,CM,NSE,STK,20075,INE148I07QK4,948SCL26A,NN,,,,,SEC RE NCD 9.48% SR V,332.76,332.76,332.72,332.72,332.72,332.44,,332.72,,,286,95157.96,2,F1,1,,,,,
2026-08-07,2026-08-07,CM,NSE,STK,23948,INE148I07TL6,948SCL27A,ZJ,,,,,SEC RE NCD 9.48% SR V,995.00,995.00,995.00,995.00,995.00,1000.00,,995.00,,,50,49750.00,1,F1,1,,,,,
2026-08-07,2026-08-07,CM,NSE,STK,25552,INE148I07UC3,948SCL27D,N1,,,,,SEC RE NCD 9.48% SR V,980.01,1050.00,980.01,1050.00,1050.00,1060.00,,1056.79,,,7,7210.02,2,F1,1,,,,,
2026-08-07,2026-08-07,CM,NSE,STK,11361,INE148I07ME6,915SCL27,Z7,,,,,SEC RE NCD 9.55% SR.VII,1053.90,1053.90,1053.90,1053.90,1053.90,1060.81,,1053.90,,,10,10539.00,1,F1,1,,,,,
2026-08-07,2026-08-07,CM,NSE,STK,25287,INE423A07328,965AEL27,N4,,,,,SEC RE NCD 9.65% SR IV,1103.00,1103.00,1103.00,1103.00,1103.00,1101.00,,1101.05,,,54,59562.00,1,F1,1,,,,,
2026-08-07,2026-08-07,CM,NSE,STK,18487,INE741K07579,970CAGL28,ND,,,,,SEC RE NCD 9.70% SR VII,1030.00,1030.00,1015.00,1025.00,1025.00,1030.00,,1025.00,,,3902,3977479.00,45,F1,1,,,,,
2026-08-07,2026-08-07,CM,NSE,STK,23712,INE338I07123,97MOFSL34,N7,,,,,SEC RE NCD 9.70% SR VIII,1075.00,1080.25,1075.00,1080.25,1080.25,1074.08,,1080.25,,,20,21552.50,2,F1,1,,,,,
2026-08-07,2026-08-07,CM,NSE,STK,21024,INE148I07RP1,980SCL33D,YG,,,,,SEC RE NCD 9.71% SR VIII,835.00,835.00,835.00,835.00,835.00,1000.20,,849.50,,,6,5010.00,1,F1,1,,,,,
2026-08-07,2026-08-07,CM,NSE,STK,14038,INE244L07416,985SFIL28,NO,,,,,SEC RE NCD 9.85% SR.VIII,375.20,375.20,375.20,375.20,375.20,350.00,,375.20,,,10,3752.00,1,F1,1,,,,,
2026-08-07,2026-08-07,CM,NSE,STK,25296,INE423A07344,99AEL29,N7,,,,,SEC RE NCD 9.90% SR VII,1140.00,1150.00,1140.00,1149.99,1149.99,1148.00,,1146.00,,,502,576368.99,22,F1,1,,,,,
2026-08-07,2026-08-07,CM,NSE,STK,17952,INE121A07RD1,CIFC26A,N9,,,,,SEC RE NCD SR 4,1264.50,1264.50,1260.00,1264.50,1264.50,1264.50,,1264.50,,,1282,1620953.50,12,F1,1,,,,,
2026-08-07,2026-08-07,CM,NSE,STK,20437,INE121A07RK6,CIFCZC26,NF,,,,,SEC RE NCD SR 4,1240.00,1240.00,1240.00,1240.00,1240.00,1240.00,,1240.00,,,350,434000.00,1,F1,1,,,,,
2026-08-07,2026-08-07,CM,NSE,STK,23299,INE148I07SK0,0SCL27,YW,,,,,SEC RE NCD SR VI,1225.00,1225.00,1225.00,1225.00,1225.00,1262.40,,1225.00,,,3,3675.00,2,F1,1,,,,,
2026-08-07,2026-08-07,CM,NSE,STK,14228,INE00QS24035,IMC1,N3,,,,,SEC RE NCGB 8.25% STRPP D,254.98,254.98,254.98,254.98,254.98,254.98,,254.98,,,100,25498.00,1,F1,1,,,,,
2026-08-07,2026-08-07,CM,NSE,STK,7975,INE804IA7014,1015ECL29,NR,,,,,SEC RED NCD 10.15% SR. VI,1024.99,1026.50,1020.25,1025.36,1025.01,1025.23,,1025.36,,,1301,1333765.37,15,F1,1,,,,,
2026-08-07,2026-08-07,CM,NSE,STK,7986,INE804IA7022,1060ECL29,NS,,,,,SEC RED NCD 10.6% SR. VII,1179.00,1179.00,1063.50,1070.15,1070.15,1079.96,,1070.15,,,179,196216.00,7,F1,1,,,,,
2026-08-07,2026-08-07,CM,NSE,STK,16870,INE033L07GS6,81TCHF28,N8,,,,,SEC RED NCD 8.10% SR.IV,1013.00,1013.00,1005.00,1005.94,1006.00,1012.99,,1005.66,,,351,353735.90,21,F1,1,,,,,
2026-08-07,2026-08-07,CM,NSE,STK,16874,INE033L07GU2,84TCHF28,NA,,,,,SEC RED NCD 8.40% SR.V,1050.98,1056.99,1050.98,1056.99,1056.99,1051.27,,1055.63,,,100,105638.90,2,F1,1,,,,,
2026-08-07,2026-08-07,CM,NSE,STK,18624,INE148I07GJ7,865SCL26,N8,,,,,SEC RED NCD 8.65% SR. V,1001.55,1001.55,1001.55,1001.55,1001.55,1000.50,,1001.55,,,100,100155.00,1,F1,1,,,,,
2026-08-07,2026-08-07,CM,NSE,STK,17159,INE721A07PK7,875SFL27,ZF,,,,,SEC RED NCD 8.75% SR.III,1004.00,1004.00,1004.00,1004.00,1004.00,1004.00,,1004.00,,,150,150600.00,1,F1,1,,,,,
2026-08-07,2026-08-07,CM,NSE,STK,18626,INE148I07GK5,885SCL26,N9,,,,,SEC RED NCD 8.85% SR. VI,1071.00,1072.54,1068.25,1068.25,1068.25,1072.80,,1070.00,,,341,364416.80,8,F1,1,,,,,
2026-08-07,2026-08-07,CM,NSE,STK,18628,INE148I07GL3,9SCL26BA,NA,,,,,SEC RED NCD 9.0% SR. VI,1075.00,1075.00,1070.00,1070.00,1070.00,1070.00,,1070.00,,,818,875350.00,11,F1,1,,,,,
2026-08-07,2026-08-07,CM,NSE,STK,498,INE721A07NU1,903SFL28,YI,,,,,SEC RED NCD 9.03% SR. II,1042.00,1042.00,1042.00,1042.00,1042.00,1042.00,,1042.00,,,50,52100.00,2,F1,1,,,,,
2026-08-07,2026-08-07,CM,NSE,STK,8625,INE721A07ON4,957ICCL25,YW,,,,,SEC RED NCD 9.30% SR. II,1068.90,1069.00,1042.00,1042.00,1042.00,1068.00,,1042.00,,,109,116277.10,5,F1,1,,,,,
2026-08-07,2026-08-07,CM,NSE,STK,4288,INE804I078Y8,943ECL28,NJ,,,,,SEC RED NCD 9.43% SR. VI,1004.99,1004.99,1003.00,1004.90,1004.90,1002.25,,1004.90,,,289,290405.00,9,F1,1,,,,,
2026-08-07,2026-08-07,CM,NSE,STK,4292,INE804I079Y6,985ECL28,NK,,,,,SEC RED NCD 9.85% SR. VII,1007.00,1007.00,998.00,1003.99,1003.99,1005.41,,1004.97,,,675,677070.07,16,F1,1,,,,,
2026-08-07,2026-08-07,CM,NSE,STK,19496,INE0BTM01013,SECMARK,EQ,,,,,SECMARK CONSULTANCY LTD,129.40,129.40,123.51,127.15,127.15,126.00,,127.15,,,212,26827.66,17,F1,1,,,,,
2026-08-07,2026-08-07,CM,NSE,STK,11058,INE650K01021,SECURKLOUD,EQ,,,,,SECUREKLOUD TECH LIMITED,18.48,19.95,18.05,19.42,19.54,18.48,,19.42,,,52143,998639.87,243,F1,1,,,,,
2026-08-07,2026-08-07,CM,NSE,STK,761153,INE00XB01019,SEDEMAC,EQ,,,,,SEDEMAC MECHATRONICS LTD,2789.00,2839.40,2749.40,2810.40,2802.50,2794.30,,2810.31,,,93342,260029394.90,11036,F1,1,,,,,
2026-08-07,2026-08-07,CM,NSE,STK,7094,INE955I01044,SEJALLTD,BE,,,,,SEJAL GLASS LIMITED,711.10,728.70,708.00,718.45,720.00,720.90,,719.03,,,2450,1756262.20,108,F1,1,,,,,
2026-08-07,2026-08-07,CM,NSE,STK,6262,INE105I01020,SELMC,EQ,,,,,SEL MANUFACTURING CO LTD,28.00,28.00,27.19,27.38,27.22,27.98,,27.37,,,7073,194460.21,105,F1,1,,,,,
2026-08-07,2026-08-07,CM,NSE,STK,11964,INE617A01013,SEMAC,BE,,,,,SEMAC CONSTRUCTION LTD,306.05,311.00,306.05,307.40,310.95,309.05,,307.40,,,144,44364.90,10,F1,1,,,,,
2026-08-07,2026-08-07,CM,NSE,STK,17271,INE602W01027,SENCO,EQ,,,,,SENCO GOLD LIMITED,386.95,405.20,386.60,388.80,392.00,391.60,,388.79,,,1637736,649558389.70,37138,F1,1,,,,,
2026-08-07,2026-08-07,CM,NSE,STK,28888,INE0RB801010,SENORES,EQ,,,,,SENORES PHARMACEUTICALS L,1328.50,1359.90,1310.00,1342.60,1340.10,1328.50,,1342.63,,,218181,290129765.50,22065,F1,1,,,,,
2026-08-07,2026-08-07,CM,NSE,STK,15308,INE964H01014,SEPC,EQ,,,,,SEPC LIMITED,6.48,6.48,6.14,6.18,6.14,6.54,,6.18,,,13178100,82507668.61,8078,F1,1,,,,,
2026-08-07,2026-08-07,CM,NSE,STK,20715,INE027E07BC8,865LTF26,NN,,,,,SERENCD 8.65% SR.VI OP12,1059.75,1059.75,1059.75,1059.75,1059.75,1060.00,,1059.75,,,7,7418.25,2,F1,1,,,,,
2026-08-07,2026-08-07,CM,NSE,STK,20691,INE027E07AN7,87LTF27,NH,,,,,SERENCD 8.70% SR.VII OPII,1009.90,1009.90,1009.90,1009.90,1009.90,1010.00,,1009.90,,,3,3029.70,1,F1,1,,,,,
2026-08-07,2026-08-07,CM,NSE,STK,20655,INE027E07998,898LTF29,N7,,,,,SERENCD 8.98% SR.VI OP2,1075.00,1098.00,1074.01,1074.01,1074.01,1070.55,,1088.46,,,224,243077.05,5,F1,1,,,,,
2026-08-07,2026-08-07,CM,NSE,STK,21197,INE306N07LM5,865TCAPS27,N8,,,,,SERENCD8.65%SR.IIICIII&IV,1090.10,1098.98,1089.50,1092.25,1098.98,1089.41,,1091.10,,,140,152915.20,3,F1,1,,,,,
2026-08-07,2026-08-07,CM,NSE,STK,17399,INE0P1Q01015,SERVICE,SM,,,,,SERVICE CARE LIMITED,61.00,61.00,61.00,61.00,61.00,61.00,,61.00,,,2000,122000.00,1,F1,2000,,,,,
2026-08-07,2026-08-07,CM,NSE,STK,5507,INE782X01033,SERVOTECH,EQ,,,,,SERVOTECH REN POW SYS LTD,85.15,86.19,84.00,84.62,84.30,85.15,,84.62,,,377215,32134838.59,4538,F1,1,,,,,
2026-08-07,2026-08-07,CM,NSE,STK,759934,INE04VU01023,STYL,EQ,,,,,SESHAASAI TECHNOLOGIES L,388.35,410.85,382.25,407.75,405.90,388.35,,407.81,,,518066,209286743.30,13049,F1,1,,,,,
2026-08-07,2026-08-07,CM,NSE,STK,3066,INE630A01024,SESHAPAPER,EQ,,,,,SESHASAYEE PAPER & BOARDS,234.99,234.99,228.00,229.21,228.93,233.05,,229.31,,,22912,5274027.47,756,F1,1,,,,,
2026-08-07,2026-08-07,CM,NSE,STK,17518,INE878E01021,SETCO,BE,,,,,SETCO AUTOMOTIVE LTD,17.65,17.75,17.50,17.75,17.75,17.75,,17.90,,,36305,642124.15,72,F1,1,,,,,
2026-08-07,2026-08-07,CM,NSE,STK,18024,INE023M01027,SETUINFRA,BZ,,,,,SETUBANDHAN INFRA LTD,0.40,0.44,0.40,0.41,0.42,0.42,,0.42,,,24355,10071.37,40,F1,1,,,,,
2026-08-07,2026-08-07,CM,NSE,STK,10836,INE573R01012,SEYAIND,BE,,,,,SEYA INDUSTRIES LIMITED,12.77,12.77,12.52,12.53,12.75,12.77,,12.53,,,4356,54679.64,25,F1,1,,,,,
2026-08-07,2026-08-07,CM,NSE,STK,758853,INE618R01015,SGFIN,EQ,,,,,SG FINSERVE LIMITED,712.00,717.80,685.50,694.45,690.00,709.85,,693.47,,,210328,147786836.20,7249,F1,1,,,,,
2026-08-07,2026-08-07,CM,NSE,STK,758889,INE385F01024,SGMART,EQ,,,,,SG MART LIMITED,720.90,725.00,710.00,716.35,718.95,717.15,,716.34,,,103121,74113880.40,6828,F1,1,,,,,
2026-08-07,2026-08-07,CM,NSE,STK,761469,INE12UN01015,SHADOWFAX,EQ,,,,,SHADOWFAX TECHNOLOGIES L,240.10,243.90,238.85,241.24,240.00,240.10,,241.27,,,2371660,571855720.96,29194,F1,1,,,,,
2026-08-07,2026-08-07,CM,NSE,STK,11856,INE640C01011,SHAHALLOYS,EQ,,,,,SHAH ALLOYS LIMITED,68.01,72.78,68.01,70.79,72.00,71.26,,70.79,,,3801,271299.75,71,F1,1,,,,,
2026-08-07,2026-08-07,CM,NSE,STK,20296,INE482J01021,SHAH,EQ,,,,,SHAH METACORP LIMITED,3.89,3.95,3.86,3.91,3.92,3.89,,3.91,,,997550,3893840.89,2503,F1,1,,,,,
2026-08-07,2026-08-07,CM,NSE,STK,8727,INE151G01028,SHAILY,EQ,,,,,SHAILY ENG PLASTICS LTD,3335.00,3347.00,3140.90,3162.30,3175.00,3366.30,,3161.92,,,268206,866642669.90,29412,F1,1,,,,,
2026-08-07,2026-08-07,CM,NSE,STK,25574,INE908D01010,SHAKTIPUMP,EQ,,,,,SHAKTI PUMPS (I) LTD,518.00,522.60,516.00,516.30,517.70,517.75,,516.32,,,212989,110313407.60,11932,F1,1,,,,,
2026-08-07,2026-08-07,CM,NSE,STK,714,INE597J01018,SHALBY,EQ,,,,,SHALBY LIMITED,162.00,163.97,158.61,160.09,160.20,162.16,,160.11,,,109496,17594229.99,2835,F1,1,,,,,
2026-08-07,2026-08-07,CM,NSE,STK,761688,INE861D01011,SAHLIBHFI,EQ,,,,,SHALIBHADRA FINANCE LTD,79.55,80.40,76.56,77.38,76.97,79.55,,77.30,,,56675,4423136.32,62,F1,1,,,,,
2026-08-07,2026-08-07,CM,NSE,STK,15346,INE849C01026,SHALPAINTS,BE,,,,,SHALIM PAINTS LTD,88.17,88.17,83.90,84.47,85.00,88.17,,84.47,,,162825,13974629.40,988,F1,1,,,,,
2026-08-07,2026-08-07,CM,NSE,STK,25737,INE01NE01012,SRD,EQ,,,,,SHANKAR LAL RAMPAL LTD,38.79,38.79,36.00,36.64,37.00,37.11,,36.68,,,24352,902600.75,278,F1,1,,,,,
2026-08-07,2026-08-07,CM,NSE,STK,20321,INE274V01019,SHANKARA,EQ,,,,,SHANKARA BLDG PRODUCT LTD,141.64,144.40,141.15,142.28,142.11,140.99,,142.28,,,257616,36634701.95,1579,F1,1,,,,,
2026-08-07,2026-08-07,CM,NSE,STK,760594,INE24OJ01011,BUILDPRO,EQ,,,,,SHANKARA BUILDPRO LIMITED,1344.00,1370.00,1295.00,1336.20,1310.00,1335.20,,1336.41,,,116979,156034409.00,9522,F1,1,,,,,
2026-08-07,2026-08-07,CM,NSE,STK,19752,INE0Q9Q01017,SHANTHALA,SM,,,,,SHANTHALA FMCG PRODUCTS L,17.55,17.55,17.55,17.55,17.55,18.40,,17.55,,,3600,63180.00,3,F1,1200,,,,,
2026-08-07,2026-08-07,CM,NSE,STK,3078,INE631A01022,SHANTIGEAR,EQ,,,,,SHANTHI GEARS LTD,411.00,419.70,398.00,401.95,404.55,408.20,,401.98,,,20027,8137399.70,1074,F1,1,,,,,
2026-08-07,2026-08-07,CM,NSE,STK,762889,INE440T01028,SEIL,EQ,,,,,SHANTI EDU INITIATIVES L,203.00,207.72,200.65,202.41,201.00,202.60,,202.39,,,312108,64175016.79,2551,F1,1,,,,,
2026-08-07,2026-08-07,CM,NSE,STK,758002,INE06ZD01017,SHANTIGOLD,EQ,,,,,SHANTI GOLD INTERNATION L,219.00,233.00,217.21,224.01,223.85,218.65,,224.01,,,1669290,378753309.40,18255,F1,1,,,,,
2026-08-07,2026-08-07,CM,NSE,STK,5650,INE933X01016,SHANTI,EQ,,,,,SHANTI OVERSEAS INDIA LTD,7.00,7.00,6.67,6.90,7.00,6.94,,6.90,,,21227,145061.13,68,F1,1,,,,,
2026-08-07,2026-08-07,CM,NSE,STK,762904,INE220Z01013,SHINDL,EQ,,,,,SHARAT INDUSTRIES LTD.,158.74,165.00,158.74,162.61,160.42,160.79,,162.46,,,84787,13583894.91,418,F1,1,,,,,
2026-08-07,2026-08-07,CM,NSE,STK,4992,INE221J01015,SHARDACROP,EQ,,,,,SHARDA CROPCHEM LTD.,817.95,823.65,809.00,814.05,810.00,822.60,,814.06,,,245283,199983477.85,10446,F1,1,,,,,
2026-08-07,2026-08-07,CM,NSE,STK,10530,INE597I01028,SHARDAMOTR,EQ,,,,,SHARDA MOTOR INDS LTD,943.90,954.95,926.30,941.30,940.10,934.15,,941.36,,,137006,128899752.70,6854,F1,1,,,,,
2026-08-07,2026-08-07,CM,NSE,STK,762897,INE037B01020,SHARDUL,BE,,,,,SHARDUL SECURITIES LTD.,39.38,42.84,39.38,40.99,40.95,41.45,,40.99,,,34910,1387353.20,135,F1,1,,,,,
2026-08-07,2026-08-07,CM,NSE,STK,104,INE932X01026,SHAREINDIA,EQ,,,,,SHARE IND. SECURITIES LTD,174.84,174.84,167.50,168.44,167.99,173.70,,168.43,,,620225,105345407.79,6207,F1,1,,,,,
2026-08-07,2026-08-07,CM,NSE,STK,19469,INE460Q01014,SCML,SM,,,,,SHARP CHUCKS N MACHINES L,83.00,83.00,81.00,83.00,83.00,81.80,,83.00,,,11000,907050.00,11,F1,1000,,,,,
2026-08-07,2026-08-07,CM,NSE,STK,759410,INE0YJV01017,SHEEL,ST,,,,,SHEEL BIOTECH LIMITED,65.10,65.10,61.85,65.10,65.10,65.10,,65.10,,,40000,2487000.00,16,F1,2000,,,,,
2026-08-07,2026-08-07,CM,NSE,STK,19184,INE916U01025,SFL,EQ,,,,,SHEELA FOAM LIMITED,695.00,695.00,675.00,677.40,675.40,697.05,,677.38,,,464453,316355141.70,23257,F1,1,,,,,
2026-08-07,2026-08-07,CM,NSE,STK,12072,INE501Y01019,SCPL,EQ,,,,,SHEETAL COOL PRODUCTS LTD,649.90,665.00,630.35,639.90,637.50,648.60,,639.35,,,62761,40490634.40,2916,F1,1,,,,,
2026-08-07,2026-08-07,CM,NSE,STK,20415,INE04VX01019,SHEETAL,SM,,,,,SHEETAL UNIVERSAL LIMITED,333.05,340.00,333.00,335.35,333.00,333.05,,335.35,,,2000,669525.00,4,F1,500,,,,,
2026-08-07,2026-08-07,CM,NSE,STK,21095,INE268L01046,SHEKHAWATI,EQ,,,,,SHEKHAWATI INDUSTRIES LTD,13.80,14.10,13.55,13.70,13.70,13.92,,13.70,,,13407,184913.94,51,F1,1,,,,,
2026-08-07,2026-08-07,CM,NSE,STK,5072,INE363M01019,SHEMAROO,BE,,,,,SHEMAROO ENTER. LTD.,118.00,120.00,114.21,115.09,117.00,119.67,,115.11,,,23244,2714478.77,93,F1,1,,,,,
2026-08-07,2026-08-07,CM,NSE,STK,14176,INE0MM001019,SHERA,ST,,,,,SHERA ENERGY LIMITED,166.55,166.55,164.50,166.40,166.40,167.80,,166.40,,,9000,1493150.00,9,F1,1000,,,,,
2026-08-07,2026-08-07,CM,NSE,STK,8394,INE03KJ01013,SHIGAN,SM,,,,,SHIGAN QUANTUM TECH LTD,59.60,62.15,59.60,62.15,62.15,64.00,,62.15,,,3000,182625.00,2,F1,1500,,,,,
2026-08-07,2026-08-07,CM,NSE,STK,759847,INE024F01011,SHILCTECH,EQ,,,,,SHILCHAR TECHNOLOGIES LTD,4560.00,4659.00,4505.20,4620.10,4603.00,4532.20,,4620.36,,,18332,84373890.70,5040,F1,1,,,,,
2026-08-07,2026-08-07,CM,NSE,STK,17752,INE790G01031,SHILPAMED,EQ,,,,,SHILPA MEDICARE LTD,740.00,773.75,731.45,759.75,757.00,738.80,,759.75,,,6303820,4758087735.00,131906,F1,1,,,,,
2026-08-07,2026-08-07,CM,NSE,STK,23127,INE0PB301013,SCILAL,EQ,,,,,SHIPPING CORP OF ILA LTD,41.20,41.69,40.95,41.14,41.10,41.14,,41.14,,,189239,7797309.66,1301,F1,1,,,,,
2026-08-07,2026-08-07,CM,NSE,STK,3048,INE109A01011,SCI,EQ,,,,,SHIPPING CORP OF INDIA LT,316.60,320.00,302.10,304.75,303.90,308.60,,304.73,,,13810526,4297866288.10,111968,F1,1,,,,,
2026-08-07,2026-08-07,CM,NSE,STK,759747,INE719F01016,SHIVAUM,EQ,,,,,SHIV AUM STEELS LIMITED,421.00,436.80,421.00,421.00,421.00,419.80,,421.00,,,4174,1777662.95,80,F1,1,,,,,
2026-08-07,2026-08-07,CM,NSE,STK,1503,INE644Y01017,SHIVAMILLS,BE,,,,,SHIVA MILLS LIMITED,65.49,65.49,65.49,65.49,65.49,62.38,,65.49,,,24107,1578767.43,93,F1,1,,,,,
2026-08-07,2026-08-07,CM,NSE,STK,804,INE705C01020,SHIVATEX,EQ,,,,,SHIVA TEXYARN LIMITED,166.33,169.72,161.33,162.62,162.61,164.69,,162.38,,,6007,982753.83,114,F1,1,,,,,
2026-08-07,2026-08-07,CM,NSE,STK,24249,INE0T7B01010,SPCL,SM,,,,,SHIVALIC POWER CONTROL L,65.55,66.85,65.20,66.00,66.75,65.55,,66.00,,,16800,1107750.00,23,F1,600,,,,,
2026-08-07,2026-08-07,CM,NSE,STK,4656,INE386D01027,SBCL,EQ,,,,,SHIVALIK BIMETAL CON. LTD,850.00,920.90,830.05,920.90,920.90,767.45,,920.83,,,6015282,5385053656.60,118093,F1,1,,,,,
2026-08-07,2026-08-07,CM,NSE,STK,7026,INE788J01021,SHIVALIK,BE,,,,,SHIVALIK RASAYAN LIMITED,262.00,262.00,252.20,254.50,255.00,259.72,,254.46,,,12010,3090524.75,174,F1,1,,,,,
2026-08-07,2026-08-07,CM,NSE,STK,13757,INE637H01024,SHIVAMAUTO,BE,,,,,SHIVAM AUTO.LTD,17.85,17.85,17.61,17.66,17.66,17.85,,17.90,,,7538,133759.29,30,F1,1,,,,,
2026-08-07,2026-08-07,CM,NSE,STK,758744,INE1DLF01018,SHIVASHRIT,SM,,,,,SHIVASHRIT FOODS LIMITED,123.55,129.75,123.55,128.80,128.80,129.50,,128.80,,,4000,510800.00,4,F1,1000,,,,,
2026-08-07,2026-08-07,CM,NSE,STK,11813,INE498B01024,SHOPERSTOP,EQ,,,,,SHOPPERS STOP LIMITED,418.00,430.40,415.00,420.05,420.55,419.50,,420.08,,,74032,31316057.50,4475,F1,1,,,,,
2026-08-07,2026-08-07,CM,NSE,STK,708,INE715Y01031,SHRADHA,EQ,,,,,SHRADHA REALTY LIMITED,33.76,34.55,33.76,34.22,34.40,33.92,,34.22,,,104728,3591396.39,102,F1,1,,,,,
2026-08-07,2026-08-07,CM,NSE,STK,10588,INE712K01011,SHREEPUSHK,EQ,,,,,SHRE PUSH CHEM & FERT LTD,424.90,424.90,405.00,407.10,405.00,424.75,,407.17,,,22284,9176200.25,1259,F1,1,,,,,
2026-08-07,2026-08-07,CM,NSE,STK,762874,INE185C01017,SAPPL,EQ,,,,,SHREE AJIT PULP & PAPER L,294.00,294.00,281.50,288.00,288.00,294.80,,291.73,,,15,4253.50,5,F1,1,,,,,
2026-08-07,2026-08-07,CM,NSE,STK,3103,INE070A01015,SHREECEM,EQ,,,,,SHREE CEMENT LIMITED,26355.00,26355.00,26010.00,26010.00,26010.00,26245.00,,26011.00,,,10742,280977575.00,5193,F1,1,,,,,
2026-08-07,2026-08-07,CM,NSE,STK,3099,INE232A01011,SHREDIGCEM,EQ,,,,,SHREE DIGVIJAY CEM CO LTD,71.80,73.00,71.80,72.54,72.09,72.22,,72.47,,,47205,3413045.97,519,F1,1,,,,,
2026-08-07,2026-08-07,CM,NSE,STK,23074,INE0S4Y01010,SHREEKARNI,SM,,,,,SHREE KARNI FABCOM LTD,402.00,406.00,388.15,388.15,388.15,403.05,,388.15,,,1950,776452.50,12,F1,150,,,,,
2026-08-07,2026-08-07,CM,NSE,STK,760188,INE19GK01015,SRTL,EQ,,,,,SHREE RAM TWISTEX LIMITED,39.84,40.26,39.40,39.79,40.00,39.72,,39.95,,,33354,1324645.15,647,F1,1,,,,,
2026-08-07,2026-08-07,CM,NSE,STK,7627,INE879A01019,SHREERAMA,EQ,,,,,SHREE RAMA MULTI TECH LTD,38.03,38.99,37.76,38.38,38.51,38.03,,38.38,,,39991,1525973.97,564,F1,1,,,,,
2026-08-07,2026-08-07,CM,NSE,STK,13565,INE278B01020,RAMANEWS,EQ,,,,,SHREE RAMA NEWSPRINT LTD,33.68,33.68,32.51,33.08,33.10,33.52,,33.08,,,11397,375952.78,166,F1,1,,,,,
2026-08-07,2026-08-07,CM,NSE,STK,12026,INE087H01022,RENUKA,EQ,,,,,SHREE RENUKA SUGARS LTD,22.25,22.44,22.05,22.17,22.14,22.12,,22.17,,,2663872,59268791.33,6109,F1,1,,,,,
2026-08-07,2026-08-07,CM,NSE,STK,25203,INE0S2G01011,BALAJEE,EQ,,,,,SHREE TIRUPATI BALAJEE L,27.50,27.70,27.01,27.17,27.32,27.17,,27.17,,,17878,486392.88,270,F1,1,,,,,
2026-08-07,2026-08-07,CM,NSE,STK,15126,INE00CE01017,SVLL,BE,,,,,SHREE VASU LOGISTICS LTD,749.25,762.00,749.25,758.95,758.95,749.10,,758.95,,,1488,1128915.35,26,F1,1,,,,,
2026-08-07,2026-08-07,CM,NSE,STK,762159,INE0K3301012,SHREEDHAR,ST,,,,,SHREEDHAR SPINNERS LTD,101.00,106.90,101.00,104.50,104.50,105.90,,104.50,,,16000,1673000.00,8,F1,2000,,,,,
2026-08-07,2026-08-07,CM,NSE,STK,759805,INE1FL101016,SHETHJI,ST,,,,,SHREEJI GLOBAL FMCG LTD,167.00,167.00,157.00,163.10,166.95,162.15,,163.10,,,36000,5851750.00,19,F1,1000,,,,,
2026-08-07,2026-08-07,CM,NSE,STK,759448,INE1B6101010,SHREEJISPG,EQ,,,,,SHREEJI SHIPPING GLOBAL L,674.00,677.00,670.00,672.80,672.60,673.30,,672.80,,,1051171,707011584.75,6120,F1,1,,,,,
2026-08-07,2026-08-07,CM,NSE,STK,14305,INE00IK01029,OSWALSEEDS,EQ,,,,,SHREEOSWAL S AND CHE LTD,10.40,11.60,10.31,10.63,10.87,10.48,,10.63,,,67528,725650.98,319,F1,1,,,,,
2026-08-07,2026-08-07,CM,NSE,STK,760252,INE632X01030,SHRENIK,BZ,,,,,SHRENIK LIMITED,0.33,0.34,0.33,0.33,0.33,0.34,,0.33,,,491181,162122.33,179,F1,1,,,,,
2026-08-07,2026-08-07,CM,NSE,STK,3126,INE231C01019,SHREYANIND,EQ,,,,,SHREYANS INDUSTRIES LTD,143.50,144.95,139.92,142.33,140.20,141.55,,142.33,,,6748,961848.10,88,F1,1,,,,,
2026-08-07,2026-08-07,CM,NSE,STK,756409,INE0DM401012,SHRIAHIMSA,ST,,,,,SHRI AHIMSA NATURALS LTD,384.25,386.00,380.00,385.25,385.00,376.70,,385.25,,,14400,5541270.00,18,F1,600,,,,,
2026-08-07,2026-08-07,CM,NSE,STK,762899,INE402H01015,SHBAJRG,EQ,,,,,SHRI BAJRANG ALLIANCE L,179.50,181.70,177.20,181.35,180.50,178.76,,181.35,,,934,168247.70,36,F1,1,,,,,
2026-08-07,2026-08-07,CM,NSE,STK,760202,INE1V4601019,SHRIKANHA,SM,,,,,SHRI KANHA STAINLESS LTD,22.65,22.65,22.65,22.65,22.65,22.55,,22.65,,,1600,36240.00,1,F1,1600,,,,,
2026-08-07,2026-08-07,CM,NSE,STK,762909,INE997I01012,SHRIKRISH,EQ,,,,,SHRI KRISHNA DEVCON LTD.,42.28,43.15,39.51,42.96,42.98,42.29,,42.96,,,1733,72493.75,36,F1,1,,,,,
2026-08-07,2026-08-07,CM,NSE,STK,759093,INE1B3L01017,SHRINGARMS,EQ,,,,,SHRINGAR HOU OF MANGALS L,231.75,237.30,231.42,233.34,233.51,231.13,,233.34,,,496742,116649923.85,4108,F1,1,,,,,
2026-08-07,2026-08-07,CM,NSE,STK,24374,INF680P01422,LIQUIDSHRI,EQ,,,,,SHRIRAM - LIQUIDSHRI,1116.51,1116.53,1116.51,1116.52,1116.51,1116.09,,1116.52,,,6884,7686133.25,27,F1,1,,,,,
2026-08-07,2026-08-07,CM,NSE,STK,4306,INE721A01047,SHRIRAMFIN,EQ,,,,,SHRIRAM FINANCE LIMITED,1134.00,1134.00,1109.00,1115.00,1115.00,1141.00,,1115.00,,,3239689,3620740288.30,72070,F1,1,,,,,
2026-08-07,2026-08-07,CM,NSE,STK,7200,INE217L01019,SHRIRAMPPS,EQ,,,,,SHRIRAM PROPERTIES LTD,84.91,84.92,83.75,84.47,84.20,84.92,,84.47,,,349462,29439313.80,1857,F1,1,,,,,
2026-08-07,2026-08-07,CM,NSE,STK,6451,INE01Z401013,SHUBHLAXMI,SM,,,,,SHUBHLAXMI JEWEL ART LTD,18.95,18.95,18.95,18.95,18.95,18.95,,18.95,,,1000,18950.00,1,F1,1000,,,,,
2026-08-07,2026-08-07,CM,NSE,STK,25240,INE0UL701015,SHUBHSHREE,SM,,,,,SHUBHSHREE BIOFUELS ENE L,349.95,350.00,345.00,345.00,345.00,343.95,,345.00,,,900,313485.00,3,F1,300,,,,,
2026-08-07,2026-08-07,CM,NSE,STK,10192,INE979R01011,SHYAMCENT,BE,,,,,SHYAM CENTURY FERROUS LTD,5.02,5.09,5.02,5.03,5.03,5.14,,5.03,,,53092,267510.10,138,F1,1,,,,,
2026-08-07,2026-08-07,CM,NSE,STK,761213,INE1CRP01016,SHYAMDHANI,ST,,,,,SHYAM DHANI INDUSTRIES L,65.30,65.30,63.00,63.50,63.50,62.20,,63.50,,,28000,1798300.00,13,F1,2000,,,,,
2026-08-07,2026-08-07,CM,NSE,STK,4693,INE810G01011,SHYAMMETL,EQ,,,,,SHYAM METALICS AND ENGY L,1011.00,1027.80,982.60,1006.90,1002.50,1015.50,,1006.44,,,717867,730735497.10,18277,F1,1,,,,,
2026-08-07,2026-08-07,CM,NSE,STK,13741,INE635A01023,SHYAMTEL,BE,,,,,SHYAM TELECOM LIMITED,15.60,15.90,15.44,15.54,15.80,16.25,,15.57,,,657,10251.78,29,F1,1,,,,,
2026-08-07,2026-08-07,CM,NSE,STK,16875,INE176J01011,SICAGEN,EQ,,,,,SICAGEN INDIA LIMITED,65.95,74.06,65.95,74.06,74.06,61.72,,74.11,,,1820404,129877047.47,9481,F1,1,,,,,
2026-08-07,2026-08-07,CM,NSE,STK,19440,INE075B01020,SICALLOG,BE,,,,,SICAL LOGISTICS LIMITED,103.85,103.85,99.00,102.56,103.00,103.85,,102.54,,,30930,3117893.98,178,F1,1,,,,,
2026-08-07,2026-08-07,CM,NSE,STK,3148,INE0A1E01018,SIDDHIKA,SM,,,,,SIDDHIKA COATINGS LIMITED,210.00,210.00,206.05,209.25,209.50,215.35,,209.25,,,4000,829400.00,5,F1,500,,,,,
2026-08-07,2026-08-07,CM,NSE,STK,756871,INE1NPP01017,ENRIN,EQ,,,,,SIEMENS ENERGY INDIA LTD,3450.00,3735.00,3426.40,3648.80,3648.00,3252.20,,3648.81,,,7973925,28965230046.70,495127,F1,1,,,,,
2026-08-07,2026-08-07,CM,NSE,STK,3150,INE003A01024,SIEMENS,EQ,,,,,SIEMENS LTD,3955.10,3984.50,3921.00,3940.10,3940.10,3952.00,,3940.32,,,221514,874843316.60,19060,F1,1,,,,,
2026-08-07,2026-08-07,CM,NSE,STK,6664,INE0D0K01022,SIGACHI,BE,,,,,SIGACHI INDUSTRIES LTD,25.90,25.92,25.02,25.17,25.40,25.80,,25.24,,,277579,7018250.61,982,F1,1,,,,,
2026-08-07,2026-08-07,CM,NSE,STK,14797,INE933B01012,SIGMAADV,BE,,,,,SIGMA ADVANCED SYSTEM LTD,691.00,714.40,681.00,700.95,702.00,692.05,,700.77,,,177711,124769681.65,2793,F1,1,,,,,
2026-08-07,2026-08-07,CM,NSE,STK,16658,INE0A0S01028,SIGMA,EQ,,,,,SIGMA SOLVE LIMITED,47.50,48.12,45.50,46.37,46.90,47.42,,46.37,,,193249,8975576.42,1901,F1,1,,,,,
2026-08-07,2026-08-07,CM,NSE,STK,18743,INE903U01023,SIGNATURE,EQ,,,,,SIGNATUREGLOBAL INDIA LTD,800.00,811.00,795.00,802.30,800.00,815.00,,802.29,,,286812,230678931.60,8301,F1,1,,,,,
2026-08-07,2026-08-07,CM,NSE,STK,4522,INE529F01035,SIGIND,EQ,,,,,SIGNET INDUSTRIES LIMITED,69.90,74.95,65.35,67.79,67.99,70.03,,67.79,,,376652,26465059.09,2943,F1,1,,,,,
2026-08-07,2026-08-07,CM,NSE,STK,23150,INE0RDE01010,SIGNORIA,ST,,,,,SIGNORIA CREATION LIMITED,160.00,169.00,160.00,166.50,168.00,162.50,,166.50,,,12000,1971950.00,12,F1,1000,,,,,
2026-08-07,2026-08-07,CM,NSE,STK,22656,INE0KGZ01021,SIGNPOST,EQ,,,,,SIGNPOST INDIA LIMITED,269.35,270.20,264.75,267.55,267.00,268.10,,267.56,,,68863,18332859.35,2159,F1,1,,,,,
2026-08-07,2026-08-07,CM,NSE,STK,762914,INE438E01032,SIKA,EQ,,,,,SIKA INTERPLANT SYSTEMS L,1110.00,1117.00,1090.00,1100.20,1102.00,1113.70,,1100.29,,,12165,13438717.30,1321,F1,1,,,,,
2026-08-07,2026-08-07,CM,NSE,STK,6218,INE112X01025,SIKKO,EQ,,,,,SIKKO INDUSTRIES LIMITED,5.91,6.20,5.91,6.03,6.06,5.91,,6.03,,,2610600,15813158.48,2034,F1,1,,,,,
2026-08-07,2026-08-07,CM,NSE,STK,4105,INE923A01015,SILINV,EQ,,,,,SIL INVESTMENTS LIMITED,432.80,455.00,420.00,440.70,447.00,433.70,,441.75,,,3329,1451076.85,139,F1,1,,,,,
2026-08-07,2026-08-07,CM,NSE,STK,2492,INE01II01013,SILGO,EQ,,,,,SILGO RETAIL LIMITED,69.26,71.74,68.99,70.17,71.70,69.30,,70.17,,,268830,18829133.93,1162,F1,1,,,,,
2026-08-07,2026-08-07,CM,NSE,STK,23739,INE0STN01015,SILKFLEX,ST,,,,,SILKFLEX POLYMERS INDIA L,202.05,204.90,198.00,201.65,200.00,201.20,,201.65,,,19000,3833000.00,19,F1,1000,,,,,
2026-08-07,2026-08-07,CM,NSE,STK,757679,INE0SN801015,SILKY,SM,,,,,SILKY OVERSEAS LIMITED,79.45,83.65,74.00,74.35,75.00,72.80,,74.35,,,9600,736360.00,12,F1,800,,,,,
2026-08-07,2026-08-07,CM,NSE,STK,19097,INE203Y01012,SILLYMONKS,EQ,,,,,SILLY MONKS ENTERTAIN LTD,15.31,16.64,15.30,16.35,16.54,15.70,,16.35,,,22450,368325.00,161,F1,1,,,,,
2026-08-07,2026-08-07,CM,NSE,STK,9422,INE625X01026,SILVERTUC,EQ,,,,,SILVER TOUCH TECHNO LTD,193.90,201.50,193.00,195.88,196.30,193.60,,196.07,,,458422,90461942.24,8187,F1,1,,,,,
2026-08-07,2026-08-07,CM,NSE,STK,758836,INE748T01016,SIMBHALS,BZ,,,,,SIMBHAOLI SUGARS LTD.,6.75,7.17,6.75,7.07,7.05,7.00,,7.07,,,8693,60348.53,50,F1,1,,,,,
2026-08-07,2026-08-07,CM,NSE,STK,763375,INE1K4J01018,SIMCA,SM,,,,,SIMCA ADVERTISING LIMITED,240.00,247.00,240.00,245.75,244.35,237.70,,245.75,,,42000,10251420.00,64,F1,600,,,,,
2026-08-07,2026-08-07,CM,NSE,STK,3162,INE059B01024,SIMPLEXINF,EQ,,,,,SIMPLEX INFRASTRUCTURES L,236.26,242.00,233.00,238.87,239.00,237.48,,238.87,,,40036,9482300.40,878,F1,1,,,,,
2026-08-07,2026-08-07,CM,NSE,STK,23480,INE985A01022,SINCLAIR,EQ,,,,,SINCLAIRS HOTELS LIMITED,79.80,79.80,75.51,77.03,77.00,76.59,,77.05,,,43164,3358135.77,955,F1,1,,,,,
2026-08-07,2026-08-07,CM,NSE,STK,16859,INE325D01025,SINDHUTRAD,EQ,,,,,SINDHU TRADE LINKS LTD,24.10,24.72,24.10,24.56,24.53,24.19,,24.56,,,206999,5071246.12,915,F1,1,,,,,
2026-08-07,2026-08-07,CM,NSE,STK,761420,INE638A01035,SINGERIND,EQ,,,,,SINGER INDIA LIMITED,69.40,69.40,64.88,67.93,66.31,68.72,,67.95,,,258501,17198152.33,1861,F1,1,,,,,
2026-08-07,2026-08-07,CM,NSE,STK,381,INE129Z01016,SINTERCOM,EQ,,,,,SINTERCOM INDIA LIMITED,85.00,85.95,83.27,83.74,85.95,84.93,,83.74,,,6250,528219.92,83,F1,1,,,,,
2026-08-07,2026-08-07,CM,NSE,STK,11050,INE792Z01011,SIRCA,EQ,,,,,SIRCA PAINT INDIA LIMITED,452.00,454.80,445.00,449.90,447.00,449.95,,449.91,,,453430,204353620.95,5544,F1,1,,,,,
2026-08-07,2026-08-07,CM,NSE,STK,21501,INE285J01028,SIS,EQ,,,,,SIS LIMITED,433.00,439.85,432.40,434.95,436.30,435.90,,434.94,,,97206,42295567.20,5852,F1,1,,,,,
2026-08-07,2026-08-07,CM,NSE,STK,29210,INE965H01011,SITINET,BZ,,,,,SITI NETWORKS LIMITED,0.32,0.32,0.30,0.30,0.30,0.31,,0.30,,,1193764,361867.48,315,F1,1,,,,,
2026-08-07,2026-08-07,CM,NSE,STK,14096,INE076B01028,SIYSIL,EQ,,,,,SIYARAM SILK MILLS LTD,628.15,636.00,621.05,625.35,624.00,628.15,,625.44,,,25073,15747319.70,1854,F1,1,,,,,
2026-08-07,2026-08-07,CM,NSE,STK,6643,INE284S01014,SJS,EQ,,,,,SJS ENTERPRISES LIMITED,2442.50,2479.60,2367.60,2446.10,2432.50,2437.70,,2445.98,,,198017,478673404.70,22165,F1,1,,,,,
2026-08-07,2026-08-07,CM,NSE,STK,18883,INE002L01015,SJVN,EQ,,,,,SJVN LTD,68.45,69.11,67.79,67.96,67.85,68.43,,67.96,,,1763773,120389332.71,14358,F1,1,,,,,
2026-08-07,2026-08-07,CM,NSE,STK,760101,INE2J8701016,SKFINDUS,EQ,,,,,SKF IND (INDUSTRIAL) LTD,2735.00,2768.40,2715.10,2737.90,2746.90,2747.80,,2738.24,,,19683,53880494.70,5387,F1,1,,,,,
2026-08-07,2026-08-07,CM,NSE,STK,3186,INE640A01023,SKFINDIA,EQ,,,,,SKF INDIA LTD,1520.00,1551.00,1516.80,1534.30,1532.90,1519.20,,1534.29,,,62437,95928830.50,6612,F1,1,,,,,
2026-08-07,2026-08-07,CM,NSE,STK,9428,INE439E01022,SKIPPER,EQ,,,,,SKIPPER LIMITED,527.50,532.00,513.00,517.85,520.10,526.50,,517.88,,,395745,206218129.45,14847,F1,1,,,,,
2026-08-07,2026-08-07,CM,NSE,STK,4732,INE411D01023,SKMEGGPROD,EQ,,,,,SKM EGG PROD EXPORT(I) LT,237.00,239.79,231.00,235.00,234.50,237.19,,234.88,,,325926,76220467.48,5827,F1,1,,,,,
2026-08-07,2026-08-07,CM,NSE,STK,10325,INE0KZA01016,SKP,SM,,,,,SKP BEARING INDUSTRI. LTD,165.00,171.00,165.00,171.00,171.00,160.00,,171.00,,,3500,591475.00,6,F1,500,,,,,
2026-08-07,2026-08-07,CM,NSE,STK,13631,INE01IU01018,SKYGOLD,EQ,,,,,SKY GOLD AND DIAMONDS LTD,691.10,728.40,689.60,719.40,723.00,691.15,,719.19,,,2030660,1447820517.70,43693,F1,1,,,,,
2026-08-07,2026-08-07,CM,NSE,STK,23692,INE0SMA01017,SLONE,ST,,,,,SLONE INFOSYSTEMS LIMITED,147.00,147.00,143.10,145.00,147.00,143.10,,145.00,,,2400,348440.00,6,F1,400,,,,,
2026-08-07,2026-08-07,CM,NSE,STK,757622,INE14GK01016,SMARTEN,ST,,,,,SMARTEN POWER SYSTEMS LTD,52.95,52.95,52.00,52.00,52.00,52.00,,52.00,,,4800,250740.00,4,F1,1200,,,,,
2026-08-07,2026-08-07,CM,NSE,STK,9893,INE178C01020,SMARTLINK,BE,,,,,SMARTLINK HOLDINGS LTD,220.00,222.00,212.65,215.19,216.90,220.48,,215.32,,,5962,1294615.15,120,F1,1,,,,,
2026-08-07,2026-08-07,CM,NSE,STK,757965,INE0NAZ01010,SMARTWORKS,EQ,,,,,SMARTWORKS COWORKING SP L,483.95,495.00,480.10,486.80,488.00,485.00,,486.81,,,78618,38318364.25,2937,F1,1,,,,,
2026-08-07,2026-08-07,CM,NSE,STK,2320,INE103C01036,SMCGLOBAL,EQ,,,,,SMC GLOBAL SECURITIES LTD,80.10,80.79,78.28,79.54,78.50,80.60,,79.54,,,367186,29233368.54,1822,F1,1,,,,,
2026-08-07,2026-08-07,CM,NSE,STK,3387,INE294B01019,SMLMAH,EQ,,,,,SML MAHINDRA LIMITED,5676.00,5676.50,5518.50,5554.00,5550.00,5672.50,,5554.01,,,96731,540972656.00,14339,F1,1,,,,,
2026-08-07,2026-08-07,CM,NSE,STK,14329,INE812G01025,SMSPHARMA,EQ,,,,,SMS PHARMACEUTICALS LTD.,357.50,380.00,357.20,378.10,378.85,357.20,,378.07,,,553999,207125743.50,13051,F1,1,,,,,
2026-08-07,2026-08-07,CM,NSE,STK,758946,INE1OIC01018,SNEHAA,SM,,,,,SNEHAA ORGANICS LIMITED,47.00,47.00,46.95,46.95,46.95,45.75,,46.95,,,2000,93950.00,2,F1,1000,,,,,
2026-08-07,2026-08-07,CM,NSE,STK,4843,INE734N01019,SNOWMAN,EQ,,,,,SNOWMAN LOGISTICS LTD.,40.70,41.88,38.81,39.15,39.46,40.71,,39.16,,,223615,8850188.22,1873,F1,1,,,,,
2026-08-07,2026-08-07,CM,NSE,STK,13826,INE671H01015,SOBHA,EQ,,,,,SOBHA LIMITED,1359.80,1361.40,1334.20,1339.00,1338.20,1355.90,,1339.09,,,106424,143204752.20,6902,F1,1,,,,,
2026-08-07,2026-08-07,CM,NSE,STK,8268,INE728Z01015,SOFTTECH,BE,,,,,SOFTTECH ENGINEERS LTD,420.00,420.35,416.00,420.00,420.00,418.10,,420.00,,,687,287440.95,15,F1,1,,,,,
2026-08-07,2026-08-07,CM,NSE,STK,13332,INE343H01029,SOLARINDS,EQ,,,,,SOLAR INDUSTRIES (I) LTD,18509.00,18669.00,18391.00,18650.00,18650.00,18496.00,,18634.17,,,49218,911745616.00,11974,F1,1,,,,,
2026-08-07,2026-08-07,CM,NSE,STK,3672,INE624Z01016,SOLARA,EQ,,,,,SOLARA ACTIVE PHA SCI LTD,511.15,514.30,497.60,502.60,503.00,511.10,,502.60,,,149962,75461108.45,5176,F1,1,,,,,
2026-08-07,2026-08-07,CM,NSE,STK,759929,INE0TY101024,SOLARWORLD,EQ,,,,,SOLARWORLD ENERGY SOL LTD,169.13,171.79,167.13,168.43,168.02,169.13,,168.43,,,205271,34764781.67,4177,F1,1,,,,,
2026-08-07,2026-08-07,CM,NSE,STK,759397,INE880Y01017,SOLEX,EQ,,,,,SOLEX ENERGY LIMITED,910.60,927.95,908.00,911.70,910.00,914.50,,911.70,,,21601,19745109.25,1565,F1,1,,,,,
2026-08-07,2026-08-07,CM,NSE,STK,24882,INE0U0201016,BALCO,ST,,,,,SOLVE PLASTIC PRODUCTS L,17.15,17.15,17.15,17.15,17.15,18.00,,17.15,,,1200,20580.00,1,F1,1200,,,,,
2026-08-07,2026-08-07,CM,NSE,STK,1338,INE480C01038,SDBL,EQ,,,,,SOM DIST & BREW LTD,74.70,74.70,73.00,73.33,73.10,74.11,,73.33,,,319935,23461211.35,2845,F1,1,,,,,
2026-08-07,2026-08-07,CM,NSE,STK,4201,INE314C01013,SOMATEX,EQ,,,,,SOMA TEXTILES & INDUST LT,94.00,97.63,94.00,94.86,95.64,94.38,,94.86,,,7803,743956.32,269,F1,1,,,,,
2026-08-07,2026-08-07,CM,NSE,STK,3880,INE355A01028,SOMANYCERA,EQ,,,,,SOMANY CERAMICS LIMITED,503.25,510.00,494.00,495.80,497.00,504.00,,495.79,,,86172,43145955.75,3334,F1,1,,,,,
2026-08-07,2026-08-07,CM,NSE,STK,17794,INE323J01019,SOMICONVEY,EQ,,,,,SOMI CONVEYOR BELT. LTD.,92.21,94.30,90.50,91.84,92.20,91.42,,91.88,,,10088,928249.01,373,F1,1,,,,,
2026-08-07,2026-08-07,CM,NSE,STK,4684,INE073K01018,SONACOMS,EQ,,,,,SONA BLW PRECISION FRGS L,790.00,821.00,787.00,818.05,818.05,792.00,,818.09,,,3753214,3030714698.20,56351,F1,1,,,,,
2026-08-07,2026-08-07,CM,NSE,STK,23052,INE0Q6H01012,SONAMAC,SM,,,,,SONA MACHINERY LIMITED,34.60,34.60,34.55,34.55,34.55,34.50,,34.55,,,2000,69150.00,2,F1,1000,,,,,
2026-08-07,2026-08-07,CM,NSE,STK,762919,INE321M01017,SONAL,EQ,,,,,SONAL MERCANTILE LTD.,86.10,88.58,86.10,87.60,87.60,89.95,,87.60,,,52,4544.90,10,F1,1,,,,,
2026-08-07,2026-08-07,CM,NSE,STK,8806,INE00LM01029,SONAMLTD,EQ,,,,,SONAM LIMITED,54.60,55.02,52.55,54.42,54.50,54.65,,54.42,,,33523,1801518.20,583,F1,1,,,,,
2026-08-07,2026-08-07,CM,NSE,STK,6596,INE269A01021,SONATSOFTW,EQ,,,,,SONATA SOFTWARE LTD,324.60,337.65,316.70,318.05,318.00,331.95,,318.11,,,1740657,562776176.95,34813,F1,1,,,,,
2026-08-07,2026-08-07,CM,NSE,STK,9463,INE0JZA01018,SONUINFRA,ST,,,,,SONU INFRATECH LIMITED,39.90,41.45,39.90,41.45,41.45,39.90,,41.45,,,3000,122025.00,2,F1,1500,,,,,
2026-08-07,2026-08-07,CM,NSE,STK,9678,INE980Y01015,SOUTHWEST,EQ,,,,,SOUTH WEST PINNACLE LTD,231.04,234.00,226.88,232.06,231.25,232.42,,232.05,,,88963,20448672.14,2426,F1,1,,,,,
2026-08-07,2026-08-07,CM,NSE,STK,19372,INE970N01027,SPCENET,EQ,,,,,SPACENET ENTERS IND LTD,3.63,3.87,3.57,3.86,3.87,3.52,,3.86,,,1773403,6763094.78,1043,F1,1,,,,,
2026-08-07,2026-08-07,CM,NSE,STK,758420,IN9572J01019,SSFLPP,E1,,,,,SPANDANA RS.5 PPD UP,135.05,135.25,130.30,132.00,132.25,135.70,,132.02,,,7307,972411.85,116,F1,1,,,,,
2026-08-07,2026-08-07,CM,NSE,STK,11435,INE572J01011,SPANDANA,EQ,,,,,SPANDANA SPHOORTY FIN LTD,256.75,260.65,254.00,257.75,257.00,256.75,,257.15,,,265502,68403753.90,5852,F1,1,,,,,
2026-08-07,2026-08-07,CM,NSE,STK,27107,INE247M01014,SPECIALITY,EQ,,,,,SPECIALITY REST LTD,145.50,148.50,136.00,145.17,145.01,142.42,,145.17,,,144115,20724059.54,2186,F1,1,,,,,
2026-08-07,2026-08-07,CM,NSE,STK,30455,INE01EO01010,SPECTRUM,EQ,,,,,SPECTRUM ELECTRIC IND LTD,2567.60,2576.60,2410.00,2440.70,2410.10,2568.00,,2440.55,,,14748,36638564.40,2308,F1,1,,,,,
2026-08-07,2026-08-07,CM,NSE,STK,16876,INE0OL001018,SPECTSTM,SM,,,,,SPECTRUM TALENT MGMT LTD,64.05,66.00,64.05,65.65,65.05,62.35,,65.65,,,3200,208840.00,4,F1,800,,,,,
2026-08-07,2026-08-07,CM,NSE,STK,8163,INE020801028,SPENCERS,EQ,,,,,SPENCER S RETAIL LIMITED,33.40,33.40,32.20,32.44,32.65,33.01,,32.44,,,43876,1434212.19,759,F1,1,,,,,
2026-08-07,2026-08-07,CM,NSE,STK,3252,INE147A01011,SPIC,EQ,,,,,SPIC LTD,68.07,68.27,67.50,67.80,67.93,68.28,,67.80,,,133846,9088576.08,1416,F1,1,,,,,
2026-08-07,2026-08-07,CM,NSE,STK,11935,INE978G01016,SPLIL,EQ,,,,,SPL INDUSTRIES LIMITED,32.99,32.99,32.21,32.69,32.40,31.80,,32.69,,,10835,354091.05,96,F1,1,,,,,
2026-08-07,2026-08-07,CM,NSE,STK,3321,INE937A01023,SPMLINFRA,EQ,,,,,SPML INFRA LIMITED,193.39,194.61,189.47,189.94,190.00,194.70,,189.96,,,197085,37705702.99,2380,F1,1,,,,,
2026-08-07,2026-08-07,CM,NSE,STK,10733,INE885H01029,SPORTKING,EQ,,,,,SPORTKING INDIA LIMITED,206.11,215.91,204.76,214.34,214.00,206.66,,214.34,,,742062,157750632.51,11843,F1,1,,,,,
2026-08-07,2026-08-07,CM,NSE,STK,17186,INE526E01018,SHRIPISTON,EQ,,,,,SPR AUTO TECHNOLOGIES LTD,4300.00,4469.80,4296.10,4392.80,4350.00,4325.40,,4390.82,,,56486,248493640.90,10179,F1,1,,,,,
2026-08-07,2026-08-07,CM,NSE,STK,757865,INE19QH01010,SPUNWEB,SM,,,,,SPUNWEB NONWOVEN LIMITED,102.00,102.00,102.00,102.00,102.00,102.00,,102.00,,,1200,122400.00,1,F1,1200,,,,,
2026-08-07,2026-08-07,CM,NSE,STK,14582,INE917H01012,SRHHYPOLTD,EQ,,,,,SREE RAYALSEEMA HHP LTD.,515.00,521.00,508.00,517.45,518.00,512.65,,517.50,,,16562,8552607.30,794,F1,1,,,,,
2026-08-07,2026-08-07,CM,NSE,STK,31837,INE099F01013,SREEL,EQ,,,,,SREELEATHERS LIMITED,218.00,218.00,212.51,216.53,217.40,215.37,,216.52,,,3093,665413.75,190,F1,1,,,,,
2026-08-07,2026-08-07,CM,NSE,STK,3273,INE647A01010,SRF,EQ,,,,,SRF LTD,2624.90,2640.60,2610.00,2615.00,2615.00,2624.90,,2615.02,,,262181,687052491.50,16080,F1,1,,,,,
2026-08-07,2026-08-07,CM,NSE,STK,18119,INE559N01010,SRGHFL,EQ,,,,,SRG HOUSING FINANCE L,283.25,294.90,283.25,287.10,286.20,291.75,,287.10,,,555,159654.75,33,F1,1,,,,,
2026-08-07,2026-08-07,CM,NSE,STK,7457,INE293B01029,HAVISHA,EQ,,,,,SRI HAVISHA HOSP & INFR L,1.55,1.58,1.43,1.46,1.46,1.44,,1.45,,,85296,128681.80,318,F1,1,,,,,
2026-08-07,2026-08-07,CM,NSE,STK,758145,INE0V9Q01010,LOTUSDEV,EQ,,,,,SRI LOTUS DEVLPRS N RTY L,185.83,190.00,185.83,185.83,185.83,195.61,,185.84,,,1098639,204818861.76,2183,F1,1,,,,,
2026-08-07,2026-08-07,CM,NSE,STK,761393,INE0TPJ01019,SPCON,SM,,,,,SRINIBAS PRADHAN CONST L,155.95,155.95,152.60,152.60,152.60,150.40,,152.60,,,2400,370260.00,2,F1,1200,,,,,
2026-08-07,2026-08-07,CM,NSE,STK,18059,INE0ON201012,SSFL,ST,,,,,SRIVARI SPICES N FOODS L,239.95,239.95,234.05,236.00,236.00,242.20,,236.00,,,8000,1898075.00,15,F1,500,,,,,
2026-08-07,2026-08-07,CM,NSE,STK,14416,INE0NPI01014,SRIVASAVI,ST,,,,,SRIVASAVI ADHESIVE TAPE L,90.00,90.00,90.00,90.00,90.00,87.95,,90.00,,,1000,90000.00,1,F1,1000,,,,,
2026-08-07,2026-08-07,CM,NSE,STK,23402,INE0R6Z01013,SRM,EQ,,,,,SRM CONTRACTORS LIMITED,530.95,535.00,517.05,520.70,521.50,529.05,,520.70,,,90803,47615230.00,3058,F1,1,,,,,
2026-08-07,2026-08-07,CM,NSE,STK,29204,INE0RYC01010,STALLION,EQ,,,,,STALLION IND FLUOROCHEM L,269.70,273.60,251.55,256.50,255.00,270.20,,256.50,,,2007602,527783858.00,25195,F1,1,,,,,
2026-08-07,2026-08-07,CM,NSE,STK,29075,INE0M4D01010,SETL,EQ,,,,,STANDARD ENGNG TCNLGY LTD,288.35,288.35,278.00,281.00,279.20,274.65,,280.94,,,555977,157144194.30,7275,F1,1,,,,,
2026-08-07,2026-08-07,CM,NSE,STK,11297,INE173A01025,SIL,EQ,,,,,STANDARD INDUSTRIES LTD.,17.10,17.20,16.90,17.09,17.16,17.02,,17.09,,,34030,580863.23,265,F1,1,,,,,
2026-08-07,2026-08-07,CM,NSE,STK,24226,INE01A001028,STANLEY,EQ,,,,,STANLEY LIFESTYLES LTD,154.39,155.40,146.52,149.91,148.75,153.62,,149.84,,,95404,14433260.74,2526,F1,1,,,,,
2026-08-07,2026-08-07,CM,NSE,STK,21091,INE460H01021,STARCEMENT,EQ,,,,,STAR CEMENT LIMITED,203.34,204.49,196.50,201.96,203.10,203.34,,201.97,,,693029,138683756.42,10495,F1,1,,,,,
2026-08-07,2026-08-07,CM,NSE,STK,7083,INE575P01011,STARHEALTH,EQ,,,,,STAR HEALTH & AL INS CO L,574.00,580.75,568.00,569.85,568.15,573.65,,569.85,,,198994,113767431.65,15838,F1,1,,,,,
2026-08-07,2026-08-07,CM,NSE,STK,3291,INE733A01018,STARPAPER,EQ,,,,,STAR PAPER MILLS LTD,151.59,153.98,150.00,152.53,152.50,152.31,,152.53,,,14807,2256610.72,188,F1,1,,,,,
2026-08-07,2026-08-07,CM,NSE,STK,9305,INE992I01013,STARTECK,EQ,,,,,STARTECK FINANCE LIMITED,255.30,259.55,255.30,256.95,256.50,257.30,,256.95,,,7410,1914562.60,70,F1,1,,,,,
2026-08-07,2026-08-07,CM,NSE,STK,3045,INE062A01020,SBIN,EQ,,,,,STATE BANK OF INDIA,1080.10,1124.50,1075.70,1097.20,1097.20,1085.00,,1097.13,,,29410622,32460736548.40,439578,F1,1,,,,,
2026-08-07,2026-08-07,CM,NSE,STK,2963,INE114A01011,SAIL,EQ,,,,,STEEL AUTHORITY OF INDIA,176.60,176.88,174.61,176.58,176.58,176.74,,176.57,,,9569899,1683888101.72,41430,F1,1,,,,,
2026-08-07,2026-08-07,CM,NSE,STK,10406,INE395H01011,STEELCITY,EQ,,,,,STEEL CITY SECURITIES LTD,85.78,85.78,84.00,84.29,84.00,84.65,,84.29,,,6653,560803.59,160,F1,1,,,,,
2026-08-07,2026-08-07,CM,NSE,STK,21339,INE503B01021,STEELXIND,EQ,,,,,STEEL EXCHANGE INDIA LTD,11.45,11.54,11.12,11.21,11.16,11.45,,11.21,,,1033647,11629822.80,1622,F1,1,,,,,
2026-08-07,2026-08-07,CM,NSE,STK,11829,INE802C01033,SSWL,EQ,,,,,STEEL STRIPS WHEELS LTD.,305.05,317.20,305.05,308.50,309.55,309.20,,308.53,,,658437,206280521.20,11526,F1,1,,,,,
2026-08-07,2026-08-07,CM,NSE,STK,6803,INE124E01038,STEELCAS,EQ,,,,,STEELCAST LIMITED,339.00,341.45,330.30,331.60,330.50,337.75,,331.58,,,53250,17774558.25,2457,F1,1,,,,,
2026-08-07,2026-08-07,CM,NSE,STK,21484,INE577L01016,STEL,EQ,,,,,STEL HOLDINGS LIMITED,566.50,566.50,551.30,552.95,553.30,564.10,,551.98,,,1219,677852.75,108,F1,1,,,,,
2026-08-07,2026-08-07,CM,NSE,STK,6188,INE334A01023,STERTOOLS,BE,,,,,STERLING TOOLS LIMITED,246.60,250.00,241.10,244.15,244.00,249.00,,244.37,,,23608,5740139.85,362,F1,1,,,,,
2026-08-07,2026-08-07,CM,NSE,STK,9313,INE089C01029,STLTECH,BE,,,,,STERLITE TECHNOLOGIES LTD,629.70,645.00,603.90,638.90,638.90,633.85,,638.89,,,1674019,1038728068.05,38321,F1,1,,,,,
2026-08-07,2026-08-07,CM,NSE,STK,13367,INE353H01010,SGL,EQ,,,,,STL GLOBAL LIMITED,9.96,10.74,9.51,10.19,9.82,9.92,,10.19,,,40514,403771.67,146,F1,1,,,,,
2026-08-07,2026-08-07,CM,NSE,STK,758978,INE1VXE01018,STLNETWORK,BE,,,,,STL NETWORKS LIMITED,24.71,25.02,24.32,24.89,24.98,24.71,,24.88,,,386315,9601310.37,778,F1,1,,,,,
2026-08-07,2026-08-07,CM,NSE,STK,2107,INE00IN01015,STOVEKRAFT,EQ,,,,,STOVE KRAFT LIMITED,804.80,819.00,793.00,797.55,795.00,800.20,,797.54,,,246697,199222382.70,11517,F1,1,,,,,
2026-08-07,2026-08-07,CM,NSE,STK,761091,INE1XWN01017,STRIDERS,SM,,,,,STRIDERS IMPEX LIMITED,64.00,65.00,64.00,64.10,64.10,64.85,,64.10,,,17600,1133680.00,9,F1,1600,,,,,
2026-08-07,2026-08-07,CM,NSE,STK,7374,INE939A01011,STAR,EQ,,,,,STRIDES PHARMA SCI LTD,998.30,1019.70,991.00,1003.80,1001.00,997.20,,1003.82,,,260563,262875386.50,17288,F1,1,,,,,
2026-08-07,2026-08-07,CM,NSE,STK,12489,INE00M201021,SWSOLAR,EQ,,,,,STRLNG & WIL REN ENE LTD,206.00,207.00,204.50,204.93,205.35,206.92,,204.93,,,469420,96476593.47,5790,F1,1,,,,,
2026-08-07,2026-08-07,CM,NSE,STK,759587,INE00Q601028,STUDDS,EQ,,,,,STUDDS ACCESSORIES LTD,451.00,451.00,435.00,438.75,439.90,446.55,,438.88,,,66634,29407259.90,1796,F1,1,,,,,
2026-08-07,2026-08-07,CM,NSE,STK,758527,INE17VO01028,STUDIOLSD,SM,,,,,STUDIO LSD LIMITED,9.00,9.00,8.80,8.80,8.80,9.00,,8.80,,,16000,142200.00,8,F1,2000,,,,,
2026-08-07,2026-08-07,CM,NSE,STK,5186,INE239C01020,STYLAMIND,EQ,,,,,STYLAM INDUSTRIES LIMITED,3594.00,3594.00,3512.40,3536.50,3512.40,3594.30,,3536.62,,,17501,61939653.00,5043,F1,1,,,,,
2026-08-07,2026-08-07,CM,NSE,STK,19,INE189B01011,STYRENIX,EQ,,,,,STYRENIX PERFORMANCE LTD,2275.00,2324.40,2244.00,2257.20,2255.00,2279.00,,2257.17,,,70445,160373609.50,6875,F1,1,,,,,
2026-08-07,2026-08-07,CM,NSE,STK,760112,INE0RYR01018,SUBAHOTELS,SM,,,,,SUBA HOTELS LIMITED,111.50,111.50,111.00,111.00,111.00,111.20,,111.00,,,12000,1332600.00,10,F1,1200,,,,,
2026-08-07,2026-08-07,CM,NSE,STK,959,INE754A01055,SUBEXLTD,BE,,,,,SUBEX LTD,14.15,14.15,13.60,13.74,13.70,14.13,,13.74,,,1417230,19728114.71,2252,F1,1,,,,,
2026-08-07,2026-08-07,CM,NSE,STK,3324,INE287B01021,SUBROS,EQ,,,,,SUBROS LIMITED,832.00,841.70,812.20,828.70,812.90,826.70,,828.73,,,50756,42293641.80,3382,F1,1,,,,,
2026-08-07,2026-08-07,CM,NSE,STK,3327,INE659A01023,SUDARSCHEM,EQ,,,,,SUDARSHAN CHEMICAL INDS L,1119.00,1157.00,1115.00,1139.60,1135.10,1115.60,,1139.49,,,349920,398279205.10,17828,F1,1,,,,,
2026-08-07,2026-08-07,CM,NSE,STK,715,INE492A01029,SUDARCOLOR,EQ,,,,,SUDARSHAN COLORNT IND LTD,430.75,431.80,417.00,421.05,422.00,428.60,,421.40,,,24584,10438562.70,1025,F1,1,,,,,
2026-08-07,2026-08-07,CM,NSE,STK,760039,INE0QPI01025,SUDEEPPHRM,EQ,,,,,SUDEEP PHARMA LIMITED,970.05,999.95,946.35,957.55,960.00,974.15,,957.56,,,265819,259689295.35,14174,F1,1,,,,,
2026-08-07,2026-08-07,CM,NSE,STK,11804,INE450E01029,SUKHJITS,EQ,,,,,SUKHJIT STARCH & CHEM LTD,161.20,164.95,160.95,162.04,160.95,161.20,,162.04,,,5302,860147.27,316,F1,1,,,,,
2026-08-07,2026-08-07,CM,NSE,STK,13218,INE142Q01026,SULA,EQ,,,,,SULA VINEYARDS LIMITED,159.95,162.70,155.10,158.55,158.80,167.54,,158.54,,,787216,125400425.57,14392,F1,1,,,,,
2026-08-07,2026-08-07,CM,NSE,STK,20790,INE235C01036,SUMEETINDS,EQ,,,,,SUMEET IND LIMITED,17.28,17.28,17.28,17.28,17.28,18.18,,17.31,,,120603,2084019.84,363,F1,1,,,,,
2026-08-07,2026-08-07,CM,NSE,STK,11140,INE748Z01013,SUMIT,EQ,,,,,SUMIT WOODS LIMITED,58.00,58.00,55.00,56.77,57.40,56.78,,56.77,,,32740,1841086.66,482,F1,1,,,,,
2026-08-07,2026-08-07,CM,NSE,STK,17105,INE258G01013,SUMICHEM,EQ,,,,,SUMITOMO CHEM INDIA LTD,525.60,540.60,520.80,532.95,526.60,525.20,,533.11,,,611836,327503889.95,17558,F1,1,,,,,
2026-08-07,2026-08-07,CM,NSE,STK,21275,INE519C01017,SUMMITSEC,EQ,,,,,SUMMIT SECURITIES LTD,1507.30,1513.00,1491.70,1498.70,1496.10,1511.10,,1498.81,,,4396,6599165.00,352,F1,1,,,,,
2026-08-07,2026-08-07,CM,NSE,STK,14788,INE232I01014,SPARC,EQ,,,,,SUN PHARMA ADV.RES.CO.LTD,216.99,217.03,211.00,213.21,212.00,216.98,,213.19,,,607331,129941245.83,8838,F1,1,,,,,
2026-08-07,2026-08-07,CM,NSE,STK,3351,INE044A01036,SUNPHARMA,EQ,,,,,SUN PHARMACEUTICAL IND L,1955.00,1957.00,1925.10,1945.00,1945.00,1951.00,,1945.01,,,2425268,4699863722.70,119502,F1,1,,,,,
2026-08-07,2026-08-07,CM,NSE,STK,13404,INE424H01027,SUNTV,EQ,,,,,SUN TV NETWORK LIMITED,491.60,491.95,485.10,486.65,486.75,489.20,,486.64,,,137019,66833328.95,6548,F1,1,,,,,
2026-08-07,2026-08-07,CM,NSE,STK,20956,INE0Q3R01026,SUNCLAY,EQ,,,,,SUNDARAM CLAYTON LIMITED,1270.10,1293.20,1232.20,1241.60,1259.00,1269.40,,1241.87,,,8764,11066116.60,1071,F1,1,,,,,
2026-08-07,2026-08-07,CM,NSE,STK,3339,INE660A01013,SUNDARMFIN,EQ,,,,,SUNDARAM FINANCE LTD,4655.00,4663.00,4585.00,4604.20,4605.00,4647.40,,4604.19,,,22448,103589533.00,7153,F1,1,,,,,
2026-08-07,2026-08-07,CM,NSE,STK,18931,INE108E01023,SUNDARAM,EQ,,,,,SUNDARAM MULTI PAP LTD,1.24,1.25,1.23,1.23,1.25,1.23,,1.23,,,227965,282021.04,222,F1,1,,,,,
2026-08-07,2026-08-07,CM,NSE,STK,9848,INE073D01013,SUNDRMBRAK,BE,,,,,SUNDARAMBRAKE LININGS LTD,771.50,789.80,762.00,787.00,786.80,775.50,,787.00,,,371,288953.10,49,F1,1,,,,,
2026-08-07,2026-08-07,CM,NSE,STK,3345,INE387A01021,SUNDRMFAST,EQ,,,,,SUNDRAM FASTENERS LTD,1091.00,1109.45,1085.25,1090.55,1089.60,1085.25,,1090.57,,,393173,431347629.65,26539,F1,1,,,,,
2026-08-07,2026-08-07,CM,NSE,STK,761202,INE0CTB01014,SOCL,SM,,,,,SUNDREX OIL COMPANY LTD,27.10,27.50,27.10,27.50,27.50,27.10,,27.50,,,4800,131360.00,3,F1,1600,,,,,
2026-08-07,2026-08-07,CM,NSE,STK,1663,INE209A01019,SUNDROP,EQ,,,,,SUNDROP BRANDS LIMITED,690.00,718.70,672.20,681.80,675.60,664.80,,681.80,,,216488,149987032.50,8574,F1,1,,,,,
2026-08-07,2026-08-07,CM,NSE,STK,3348,INE947A01014,SUNFLAG,EQ,,,,,SUNFLAG IRON AND STEEL CO,392.40,392.40,377.05,389.40,391.00,388.95,,389.36,,,305259,117557695.65,6170,F1,1,,,,,
2026-08-07,2026-08-07,CM,NSE,STK,18264,INE0O3O01017,SEL,SM,,,,,SUNGARNER ENERGIES LTD,235.00,235.00,216.10,221.90,216.10,235.00,,221.90,,,5000,1123160.00,25,F1,200,,,,,
2026-08-07,2026-08-07,CM,NSE,STK,24868,INE0U2N01013,SUNLITE,SM,,,,,SUNLITE RECYCLING IND LTD,475.60,485.55,430.00,438.90,434.00,478.00,,438.90,,,37500,16865580.00,116,F1,300,,,,,
2026-08-07,2026-08-07,CM,NSE,STK,20213,INE0PLZ01012,SUNREST,SM,,,,,SUNREST LIFESCIENCE LTD,41.80,43.25,40.50,40.50,40.50,39.00,,40.50,,,14400,602320.00,9,F1,1600,,,,,
2026-08-07,2026-08-07,CM,NSE,STK,17641,INE805D01034,SUNTECK,EQ,,,,,SUNTECK REALTY LIMITED,303.90,303.90,298.25,299.15,298.50,301.65,,299.11,,,124383,37311792.55,3326,F1,1,,,,,
2026-08-07,2026-08-07,CM,NSE,STK,8931,INE662A01027,SUPERSPIN,BE,,,,,SUPER SPINNING MILLS LTD,6.48,6.48,6.36,6.36,6.36,6.48,,5.99,,,1505,9615.72,13,F1,1,,,,,
2026-08-07,2026-08-07,CM,NSE,STK,20616,INE712B01010,SUPERHOUSE,EQ,,,,,SUPERHOUSE LIMITED,160.00,161.00,156.19,159.50,161.00,159.02,,159.50,,,1582,252670.86,62,F1,1,,,,,
2026-08-07,2026-08-07,CM,NSE,STK,11689,INE399C01030,SUPRAJIT,EQ,,,,,SUPRAJIT ENGINEERING LTD,540.00,541.00,513.30,521.80,517.00,527.55,,521.84,,,504993,268508551.05,19191,F1,1,,,,,
2026-08-07,2026-08-07,CM,NSE,STK,758997,INE319Z01021,SUPREMEENG,BZ,,,,,SUPREME ENGINEERING LTD,2.29,2.29,2.29,2.29,2.29,2.25,,2.29,,,132045,302383.05,64,F1,1,,,,,
2026-08-07,2026-08-07,CM,NSE,STK,28069,INE0U6N01014,SFML,SM,,,,,SUPREME FACILITY MGMT LTD,23.50,23.50,23.30,23.40,23.40,23.50,,23.40,,,6400,149760.00,4,F1,1600,,,,,
2026-08-07,2026-08-07,CM,NSE,STK,29439,INE822E01011,SUPREME,EQ,,,,,SUPREME HOLDIN N HOSP I L,45.25,46.46,45.25,45.50,45.50,45.82,,45.50,,,3896,178046.87,75,F1,1,,,,,
2026-08-07,2026-08-07,CM,NSE,STK,3363,INE195A01028,SUPREMEIND,EQ,,,,,SUPREME INDUSTRIES LTD,3477.00,3477.00,3415.30,3442.00,3442.00,3477.00,,3441.98,,,177284,609638259.40,12752,F1,1,,,,,
2026-08-07,2026-08-07,CM,NSE,STK,15002,INE550H01011,SUPREMEINF,EQ,,,,,SUPREME INFRA. LTD.,92.75,93.19,90.15,91.36,92.21,92.75,,91.39,,,34219,3152436.17,952,F1,1,,,,,
2026-08-07,2026-08-07,CM,NSE,STK,9617,INE663A01033,SPLPETRO,EQ,,,,,SUPREME PETROCHEM LIMITED,700.00,707.60,693.40,701.45,703.00,702.65,,701.39,,,35263,24787734.60,2962,F1,1,,,,,
2026-08-07,2026-08-07,CM,NSE,STK,21067,INE0QHG01026,SUPREMEPWR,SM,,,,,SUPREME POWER EQUIPMENT L,208.00,210.00,204.00,205.10,205.00,210.75,,205.10,,,40500,8388825.00,69,F1,500,,,,,
2026-08-07,2026-08-07,CM,NSE,STK,7390,INE07RO01027,SUPRIYA,EQ,,,,,SUPRIYA LIFESCIENCE LTD,891.70,928.00,891.70,923.45,928.00,890.85,,923.50,,,234139,214449117.75,14488,F1,1,,,,,
2026-08-07,2026-08-07,CM,NSE,STK,20822,INE843S01025,SURAJEST,EQ,,,,,SURAJ ESTATE DEVELOPERS L,204.06,205.25,191.22,201.61,205.00,204.06,,201.61,,,127987,25707934.85,899,F1,1,,,,,
2026-08-07,2026-08-07,CM,NSE,STK,24966,INE713C01016,SURAJLTD,EQ,,,,,SURAJ LIMITED,219.18,222.58,218.00,221.90,221.90,218.68,,221.90,,,107,23728.13,8,F1,1,,,,,
2026-08-07,2026-08-07,CM,NSE,STK,27334,INE877V01027,SURAKSHA,EQ,,,,,SURAKSHA DIAGNOSTIC LTD,250.05,253.85,247.00,249.55,248.50,250.75,,249.56,,,20821,5202149.30,913,F1,1,,,,,
2026-08-07,2026-08-07,CM,NSE,STK,21077,INE272L01022,SURANASOL,EQ,,,,,SURANA SOLAR LIMITED,28.09,28.23,26.16,26.57,26.68,27.62,,26.59,,,64986,1758379.63,663,F1,1,,,,,
2026-08-07,2026-08-07,CM,NSE,STK,10700,INE130B01031,SURANAT&P,EQ,,,,,SURANA TELECOM AND POW LT,17.90,18.30,17.70,17.84,17.70,17.97,,17.78,,,67034,1213439.95,574,F1,1,,,,,
2026-08-07,2026-08-07,CM,NSE,STK,8513,INE01ZJ01015,SURANI,SM,,,,,SURANI STEEL TUBES LTD.,99.05,99.20,99.05,99.20,99.20,99.00,,99.20,,,600,59490.00,3,F1,200,,,,,
2026-08-07,2026-08-07,CM,NSE,STK,14139,INE05ST01028,SBGLP,EQ,,,,,SURATWWALA BUS GROUP LTD,26.35,26.35,24.50,24.93,25.30,25.37,,24.93,,,5418,135343.24,59,F1,1,,,,,
2026-08-07,2026-08-07,CM,NSE,STK,3375,INE335A01020,SURYAROSNI,EQ,,,,,SURYA ROSHNI LTD,250.99,258.50,249.02,252.35,252.59,250.73,,252.34,,,915743,233014292.14,20226,F1,1,,,,,
2026-08-07,2026-08-07,CM,NSE,STK,11852,INE713B01026,SURYALAXMI,EQ,,,,,SURYALAKSHMI COT MIL LTD,59.55,61.08,59.55,60.22,60.00,58.85,,60.21,,,7214,434752.81,99,F1,1,,,,,
2026-08-07,2026-08-07,CM,NSE,STK,762924,INE132C01027,SURYALA,EQ,,,,,SURYALATA SPINNING MILL L,399.95,405.00,396.50,398.90,398.15,399.60,,399.65,,,259,103681.70,24,F1,1,,,,,
2026-08-07,2026-08-07,CM,NSE,STK,2970,INE428Q01011,SURYODAY,EQ,,,,,SURYODAY SMALL FIN BK LTD,163.14,164.90,161.16,162.02,161.51,162.62,,162.02,,,577727,93939835.74,6493,F1,1,,,,,
2026-08-07,2026-08-07,CM,NSE,STK,13804,INE645H01027,SUTLEJTEX,BE,,,,,SUTLEJ TEXT & INDUS LTD,40.00,40.44,38.42,38.54,38.50,40.44,,38.57,,,58626,2270050.25,239,F1,1,,,,,
2026-08-07,2026-08-07,CM,NSE,STK,11233,INE495B01038,SUVEN,EQ,,,,,SUVEN LIFE SCIENCES LTD,313.00,324.25,312.00,318.40,315.00,317.80,,318.37,,,486776,155132106.80,12482,F1,1,,,,,
2026-08-07,2026-08-07,CM,NSE,STK,2998,INE018401013,SUVIDHAA,EQ,,,,,SUVIDHAA INFOSERVE LTD,2.53,2.80,2.53,2.59,2.60,2.58,,2.59,,,116592,302037.87,185,F1,1,,,,,
2026-08-07,2026-08-07,CM,NSE,STK,24851,INE442P01014,SUYOG,EQ,,,,,SUYOG TELEMATICS LIMITED,850.00,884.90,845.00,880.45,878.00,862.55,,880.38,,,41570,36172141.75,2317,F1,1,,,,,
2026-08-07,2026-08-07,CM,NSE,STK,12018,INE040H01021,SUZLON,EQ,,,,,SUZLON ENERGY LIMITED,48.09,48.99,47.95,48.15,48.15,48.10,,48.14,,,52362545,2537930534.68,90298,F1,1,,,,,
2026-08-07,2026-08-07,CM,NSE,STK,5023,INE308E01029,SVPGLOB,BE,,,,,SVP GLOBAL TEXTILES LTD,3.75,4.00,3.75,3.90,3.93,3.81,,3.90,,,145667,576647.16,43,F1,1,,,,,
2026-08-07,2026-08-07,CM,NSE,STK,27095,INE665A01038,SWANCORP,EQ,,,,,SWAN CORP LIMITED,308.75,312.40,307.15,308.05,308.15,310.90,,308.06,,,490454,151626377.00,9298,F1,1,,,,,
2026-08-07,2026-08-07,CM,NSE,STK,29164,INE542F01020,SWANDEF,BE,,,,,SWAN DEFENCE N HEVY IND L,2680.00,2735.00,2649.00,2694.90,2690.00,2649.00,,2695.81,,,20021,54236956.80,1563,F1,1,,,,,
2026-08-07,2026-08-07,CM,NSE,STK,3384,INE277A01016,SWARAJENG,EQ,,,,,SWARAJ ENGINES LTD,3594.80,3608.60,3577.00,3600.40,3602.70,3595.80,,3601.26,,,5398,19404249.90,1409,F1,1,,,,,
2026-08-07,2026-08-07,CM,NSE,STK,8608,INE0GMR01016,SWARAJ,SM,,,,,SWARAJ SUITING LIMITED,362.35,367.00,354.00,356.10,354.00,360.50,,356.10,,,271000,97201450.00,307,F1,500,,,,,
2026-08-07,2026-08-07,CM,NSE,STK,11497,INE0DGC01025,SWASTIK,ST,,,,,SWASTIK PIPE LIMITED,19.25,19.25,19.25,19.25,19.25,19.60,,19.25,,,7200,138600.00,3,F1,1200,,,,,
2026-08-07,2026-08-07,CM,NSE,STK,11909,INE409B01013,SWELECTES,EQ,,,,,SWELECT ENERGY SYS LTD,655.00,676.40,655.00,670.60,670.00,663.30,,670.62,,,35012,23468685.35,958,F1,1,,,,,
2026-08-07,2026-08-07,CM,NSE,STK,27066,INE00H001014,SWIGGY,EQ,,,,,SWIGGY LIMITED,288.90,288.95,278.25,280.75,280.75,288.65,,280.74,,,26303196,7417723592.85,88330,F1,1,,,,,
2026-08-07,2026-08-07,CM,NSE,STK,24190,INE225D01027,SYMPHONY,EQ,,,,,SYMPHONY LIMITED,652.40,657.90,651.05,654.05,652.00,652.40,,653.46,,,45198,29612073.60,2337,F1,1,,,,,
2026-08-07,2026-08-07,CM,NSE,STK,11992,INE312C01025,SYNCOMF,EQ,,,,,SYNCOM FORMU (I) LTD,13.14,13.49,13.11,13.45,13.48,13.18,,13.45,,,1884367,25170281.78,3560,F1,1,,,,,
2026-08-07,2026-08-07,CM,NSE,STK,5114,INE00QT01015,SGIL,EQ,,,,,SYNERGY GREEN IND. LTD,600.00,604.00,595.20,603.30,600.00,597.10,,603.29,,,9026,5421029.60,209,F1,1,,,,,
2026-08-07,2026-08-07,CM,NSE,STK,10243,INE398R01022,SYNGENE,EQ,,,,,SYNGENE INTERNATIONAL LTD,399.20,412.20,397.85,403.70,400.65,399.75,,403.67,,,2260564,915060403.55,78733,F1,1,,,,,
2026-08-07,2026-08-07,CM,NSE,STK,17206,INE0BTR01012,SYNOPTICS,ST,,,,,SYNOPTICS TECHNOLOGIES L,70.50,71.00,70.50,71.00,71.00,74.20,,71.00,,,3600,254700.00,6,F1,600,,,,,
2026-08-07,2026-08-07,CM,NSE,STK,10793,INE0DYJ01015,SYRMA,EQ,,,,,SYRMA SGS TECHNOLOGY LTD,1413.90,1434.00,1407.50,1424.70,1420.00,1418.00,,1424.68,,,509551,724133212.40,22516,F1,1,,,,,
2026-08-07,2026-08-07,CM,NSE,STK,14506,INE0O7R01011,SYSTANGO,SM,,,,,SYSTANGO TECHNOLOGIES LTD,211.00,214.00,209.35,210.45,210.00,211.80,,210.45,,,16000,3381460.00,33,F1,400,,,,,
2026-08-07,2026-08-07,CM,NSE,STK,759358,INE356B01024,SYSTMTXC,BE,,,,,SYSTEMATIX CORP SERVICE L,59.00,60.80,59.00,60.50,60.50,59.55,,59.68,,,7676,464288.07,28,F1,1,,,,,
2026-08-07,2026-08-07,CM,NSE,STK,14314,INE592B01024,TTL,EQ,,,,,T T LIMITED,6.28,6.39,5.70,5.81,5.86,6.28,,5.81,,,736313,4315770.38,1268,F1,1,,,,,
2026-08-07,2026-08-07,CM,NSE,STK,762929,INE524T01011,TAALTECH,EQ,,,,,TAAL TECH LTD.,4180.00,4696.00,4060.10,4489.30,4464.00,4110.20,,4489.18,,,69693,314080321.70,13120,F1,1,,,,,
2026-08-07,2026-08-07,CM,NSE,STK,23438,INE0SOY01013,TAC,SM,,,,,TAC INFOSEC LIMITED,513.15,520.00,504.90,511.05,506.00,510.70,,511.05,,,27600,14145180.00,121,F1,200,,,,,
2026-08-07,2026-08-07,CM,NSE,STK,3396,INE123C01018,TAINWALCHM,EQ,,,,,TAINWALA CHEMICAL AND PLA,207.00,209.96,205.00,207.50,206.00,206.16,,207.52,,,4292,891169.95,127,F1,1,,,,,
2026-08-07,2026-08-07,CM,NSE,STK,9354,INE586B01026,TAJGVK,EQ,,,,,TAJ GVK HOTELS & RESORTS,369.15,370.80,356.00,360.45,360.45,369.15,,360.42,,,100613,36502668.85,3419,F1,1,,,,,
2026-08-07,2026-08-07,CM,NSE,STK,14917,INE142I01023,TAKE,EQ,,,,,TAKE SOLUTIONS LTD,22.78,22.79,22.31,22.69,22.61,22.39,,22.69,,,1461136,33091571.08,1673,F1,1,,,,,
2026-08-07,2026-08-07,CM,NSE,STK,13648,INE187D01029,TALBROAUTO,EQ,,,,,TALBROS AUTO. COMP. LTD,436.40,444.00,433.00,439.35,438.00,437.00,,439.35,,,120445,52778235.35,5437,F1,1,,,,,
2026-08-07,2026-08-07,CM,NSE,STK,762937,INE864J01012,TAMBOLIIN,BE,,,,,TAMBOLI INDUSTRIES LTD.,220.00,228.70,215.00,227.45,224.20,218.79,,227.45,,,13505,2998032.08,91,F1,1,,,,,
2026-08-07,2026-08-07,CM,NSE,STK,10945,INE668A01016,TMB,EQ,,,,,TAMILNAD MERCA BANK LTD,873.40,885.10,865.40,875.95,872.80,873.40,,875.94,,,142977,125088618.70,9025,F1,1,,,,,
2026-08-07,2026-08-07,CM,NSE,STK,3980,INE107A01015,TNPL,EQ,,,,,TAMILNADU NEWSPRT & PAPER,157.55,157.55,154.91,156.60,157.00,157.15,,156.61,,,89590,14000968.42,2459,F1,1,,,,,
2026-08-07,2026-08-07,CM,NSE,STK,3509,INE148A01019,TNPETRO,EQ,,,,,TAMILNADU PETROPRODUCTS L,99.17,102.99,98.68,101.03,101.35,98.68,,101.02,,,257739,26108762.44,2835,F1,1,,,,,
2026-08-07,2026-08-07,CM,NSE,STK,3512,INE141D01018,TNTELE,EQ,,,,,TAMILNADU TELECOMMUNICATI,9.20,9.90,8.91,9.03,9.12,8.93,,9.03,,,49016,451466.97,107,F1,1,,,,,
2026-08-07,2026-08-07,CM,NSE,STK,756338,INE0Z7N01017,TANKUP,ST,,,,,TANKUP ENGINEERS LIMITED,1180.00,1240.00,1180.00,1240.00,1240.00,1200.00,,1240.00,,,750,900000.00,3,F1,250,,,,,
2026-08-07,2026-08-07,CM,NSE,STK,13976,INE483C01032,TANLA,EQ,,,,,TANLA PLATFORMS LIMITED,608.00,623.50,602.80,613.55,612.05,608.90,,613.58,,,580312,357870682.65,15463,F1,1,,,,,
2026-08-07,2026-08-07,CM,NSE,STK,23512,INE555Z01020,TARACHAND,EQ,,,,,TARA CHAND INFRA SOLN LTD,49.65,50.49,48.00,49.49,49.38,49.89,,49.49,,,406435,20245894.09,2370,F1,1,,,,,
2026-08-07,2026-08-07,CM,NSE,STK,18827,INE747K01017,TARAPUR,EQ,,,,,TARAPUR TRANSFORMERS LTD,13.60,13.90,12.21,13.21,13.29,13.54,,13.29,,,158482,2017955.28,770,F1,1,,,,,
2026-08-07,2026-08-07,CM,NSE,STK,1581,INE0EK901012,TARC,EQ,,,,,TARC LIMITED,135.50,136.97,130.05,130.78,130.50,135.51,,130.76,,,458979,60627734.75,4479,F1,1,,,,,
2026-08-07,2026-08-07,CM,NSE,STK,14771,INE924H01018,TARMAT,EQ,,,,,TARMAT LIMITED,49.48,53.95,49.48,52.70,52.60,49.48,,52.66,,,29778,1550771.12,367,F1,1,,,,,
2026-08-07,2026-08-07,CM,NSE,STK,6943,INE144Z01023,TARSONS,EQ,,,,,TARSONS PRODUCTS LIMITED,317.50,320.00,308.00,312.30,310.00,317.50,,312.35,,,101639,31814370.55,3502,F1,1,,,,,
2026-08-07,2026-08-07,CM,NSE,STK,20092,INE488B01017,TASTYBITE,EQ,,,,,TASTY BITE EATABLES LTD,9108.50,9589.00,9096.50,9394.00,9400.00,9175.00,,9394.14,,,3605,33979022.50,1387,F1,1,,,,,
2026-08-07,2026-08-07,CM,NSE,STK,759265,INE976I01016,TATACAP,EQ,,,,,TATA CAPITAL LIMITED,384.40,384.65,367.20,370.30,369.40,382.70,,370.76,,,3710557,1382299997.45,68255,F1,1,,,,,
2026-08-07,2026-08-07,CM,NSE,STK,3405,INE092A01019,TATACHEM,EQ,,,,,TATA CHEMICALS LTD,675.40,702.00,668.00,673.55,670.00,663.30,,673.55,,,3567616,2442064734.45,87053,F1,1,,,,,
2026-08-07,2026-08-07,CM,NSE,STK,3721,INE151A01013,TATACOMM,EQ,,,,,TATA COMMUNICATIONS LTD,1736.00,1764.00,1730.00,1755.20,1760.00,1735.50,,1755.27,,,156599,273436011.50,17658,F1,1,,,,,
2026-08-07,2026-08-07,CM,NSE,STK,11536,INE467B01029,TCS,EQ,,,,,TATA CONSULTANCY SERV LT,2375.00,2457.70,2375.00,2452.70,2452.70,2373.00,,2452.71,,,4547979,11077436216.60,294165,F1,1,,,,,
2026-08-07,2026-08-07,CM,NSE,STK,3432,INE192A01025,TATACONSUM,EQ,,,,,TATA CONSUMER PRODUCT LTD,1082.20,1092.00,1078.00,1082.30,1082.30,1090.00,,1082.30,,,879013,951881415.20,29255,F1,1,,,,,
2026-08-07,2026-08-07,CM,NSE,STK,3411,INE670A01012,TATAELXSI,EQ,,,,,TATA ELXSI LIMITED,3716.40,3833.60,3716.10,3781.00,3781.00,3715.00,,3780.95,,,449437,1704935275.60,33007,F1,1,,,,,
2026-08-07,2026-08-07,CM,NSE,STK,1621,INE672A01026,TATAINVEST,EQ,,,,,TATA INVESTMENT CORP LTD,672.30,713.45,669.10,693.65,687.00,667.10,,693.60,,,3673235,2568715850.30,99823,F1,1,,,,,
2026-08-07,2026-08-07,CM,NSE,STK,759782,INE1TAE01010,TMCV,EQ,,,,,TATA MOTORS LIMITED,457.85,459.30,449.20,453.10,452.90,459.65,,453.10,,,6870933,3116056001.85,112351,F1,1,,,,,
2026-08-07,2026-08-07,CM,NSE,STK,3456,INE155A01022,TMPV,EQ,,,,,TATA MOTORS PASS VEH LTD,345.00,349.80,343.65,347.00,347.00,345.35,,346.99,,,4274035,1479755355.35,52833,F1,1,,,,,
2026-08-07,2026-08-07,CM,NSE,STK,3426,INE245A01021,TATAPOWER,EQ,,,,,TATA POWER CO LTD,378.60,382.70,377.30,380.55,380.55,378.60,,380.57,,,2614409,994803412.80,34085,F1,1,,,,,
2026-08-07,2026-08-07,CM,NSE,STK,3499,INE081A01020,TATASTEEL,EQ,,,,,TATA STEEL LIMITED,189.41,189.69,186.75,187.55,187.55,189.30,,187.55,,,9924021,1867369223.20,131778,F1,1,,,,,
2026-08-07,2026-08-07,CM,NSE,STK,20293,INE142M01025,TATATECH,EQ,,,,,TATA TECHNOLOGIES LIMITED,801.55,880.00,797.30,872.80,873.05,801.55,,872.84,,,16058460,13667100929.20,296653,F1,1,,,,,
2026-08-07,2026-08-07,CM,NSE,STK,8954,INE517B01013,TTML,EQ,,,,,TATA TELESERV(MAHARASTRA),39.51,39.80,39.20,39.37,39.30,39.57,,39.37,,,790881,31241548.77,4801,F1,1,,,,,
2026-08-07,2026-08-07,CM,NSE,STK,7838,INF277K015R5,NETF,EQ,,,,,TATAAML - NETF,267.01,268.89,266.65,268.32,267.02,267.52,,268.32,,,1277,342377.29,85,F1,1,,,,,
2026-08-07,2026-08-07,CM,NSE,STK,12978,INF277K010X4,NPBET,EQ,,,,,TATAAML - NPBET,286.84,286.84,281.50,283.78,281.50,287.35,,283.78,,,2194,623423.41,37,F1,1,,,,,
2026-08-07,2026-08-07,CM,NSE,STK,8882,INF277KA1364,TNIDETF,EQ,,,,,TATAAML - TNIDETF,91.31,91.31,88.93,90.15,89.73,89.09,,90.15,,,110297,9952296.56,522,F1,1,,,,,
2026-08-07,2026-08-07,CM,NSE,STK,21401,INF277KA1976,TATAGOLD,EQ,,,,,TATAAML-TATAGOLD,14.37,14.52,14.33,14.49,14.50,14.37,,14.49,,,47328022,682556028.82,67548,F1,1,,,,,
2026-08-07,2026-08-07,CM,NSE,STK,21428,INF277KA1984,TATSILV,EQ,,,,,TATAAML-TATSILV,21.78,22.46,21.70,22.35,22.06,21.78,,22.35,,,68907569,1528138824.57,57966,F1,1,,,,,
2026-08-07,2026-08-07,CM,NSE,STK,5162,INE0GK401011,TATVA,EQ,,,,,TATVA CHIN PHARM CHEM LTD,1720.10,1770.00,1679.00,1718.80,1708.20,1731.10,,1719.38,,,77697,133347965.90,8623,F1,1,,,,,
2026-08-07,2026-08-07,CM,NSE,STK,759756,INE0XWS01018,TAURIAN,SM,,,,,TAURIAN MPS LIMITED,400.05,436.80,400.05,420.30,418.10,406.05,,420.30,,,48000,20325440.00,58,F1,800,,,,,
2026-08-07,2026-08-07,CM,NSE,STK,11754,INE053F07835,753IRFC30,NJ,,,,,TAX FREE  7.53% SR. 103 A,1132.01,1132.01,1132.01,1132.01,1132.01,1132.01,,1132.56,,,1,1132.01,1,F1,1,,,,,
2026-08-07,2026-08-07,CM,NSE,STK,14529,INE906B07EP5,769NHAI31,NE,,,,,TAX FREE 7.69% SR. IIB,1147.25,1149.00,1147.20,1147.46,1149.00,1148.00,,1147.46,,,728,835329.00,8,F1,1,,,,,
2026-08-07,2026-08-07,CM,NSE,STK,11757,INE053F07843,750IRFC35,NK,,,,,TAX FREE7.50% SR.104 A,1210.00,1211.26,1210.00,1211.18,1211.20,1215.00,,1211.18,,,704,852229.92,17,F1,1,,,,,
2026-08-07,2026-08-07,CM,NSE,STK,12003,INE906B07EJ8,76NHAI31,NA,,,,,TAX FREE7.60% SR.IIB,1114.99,1121.30,1114.99,1120.54,1120.00,1113.00,,1120.54,,,2242,2508957.30,13,F1,1,,,,,
2026-08-07,2026-08-07,CM,NSE,STK,29111,INE020B07GX4,738REC27TF,N2,,,,,TAXFREE SEC NCD TR1 S2,1068.53,1068.56,1068.50,1068.50,1068.50,1066.46,,1068.50,,,1500,1602816.35,10,F1,1,,,,,
2026-08-07,2026-08-07,CM,NSE,STK,24019,INE0N2D01013,TBI,SM,,,,,TBI CORN LIMITED,67.00,67.00,63.15,63.15,63.15,66.45,,63.15,,,28800,1854960.00,41,F1,600,,,,,
2026-08-07,2026-08-07,CM,NSE,STK,23740,INE673O01025,TBOTEK,EQ,,,,,TBO TEK LIMITED,1615.20,1637.00,1595.40,1610.90,1613.00,1623.10,,1610.94,,,114311,185196671.30,10088,F1,1,,,,,
2026-08-07,2026-08-07,CM,NSE,STK,761814,INE887D01016,TCC,EQ,,,,,TCC CONCEPT LIMITED,274.40,284.00,270.15,273.75,275.60,273.00,,273.76,,,35379,9820057.05,813,F1,1,,,,,
2026-08-07,2026-08-07,CM,NSE,STK,19223,INE586V01016,TCIEXP,EQ,,,,,TCI EXPRESS LIMITED,576.75,578.95,549.60,554.60,550.35,579.60,,554.63,,,120916,67935163.60,7481,F1,1,,,,,
2026-08-07,2026-08-07,CM,NSE,STK,8722,INE911B01018,TCIFINANCE,BE,,,,,TCIFINANCELTD-ROLL SETT,15.08,15.38,14.35,15.16,15.35,15.08,,15.16,,,37295,552646.04,138,F1,1,,,,,
2026-08-07,2026-08-07,CM,NSE,STK,184,INE822C01015,TCPLPACK,EQ,,,,,TCPL PACKAGING LIMITED,3131.00,3179.90,3115.00,3148.90,3151.00,3131.40,,3148.90,,,1124,3536362.70,293,F1,1,,,,,
2026-08-07,2026-08-07,CM,NSE,STK,25178,INE419M01027,TDPOWERSYS,EQ,,,,,TD POWER SYSTEMS LTD.,1231.00,1270.00,1215.00,1260.90,1256.00,1227.70,,1260.80,,,1236722,1546463299.80,80028,F1,1,,,,,
2026-08-07,2026-08-07,CM,NSE,STK,10717,INE289C01025,TEAMGTY,EQ,,,,,TEAM INDIA GUARANTY LTD,220.00,222.95,217.10,222.81,222.85,223.80,,222.79,,,1667,367652.56,34,F1,1,,,,,
2026-08-07,2026-08-07,CM,NSE,STK,12716,INE985S01024,TEAMLEASE,EQ,,,,,TEAMLEASE SERVICES LTD.,1262.50,1265.00,1237.70,1253.60,1245.00,1253.50,,1253.58,,,15285,19098515.50,2343,F1,1,,,,,
2026-08-07,2026-08-07,CM,NSE,STK,16996,INE065J01024,TPHQ,EQ,,,,,TEAMO PRODUCTIONS HQ LTD,0.42,0.43,0.41,0.41,0.42,0.42,,0.41,,,1507946,630399.81,277,F1,1,,,,,
2026-08-07,2026-08-07,CM,NSE,STK,763571,INE2OL601013,TEAMTECH,ST,,,,,TEAMTECH FORMWORK SOL LTD,119.95,120.00,115.25,115.80,116.90,117.50,,115.80,,,22000,2594900.00,10,F1,2000,,,,,
2026-08-07,2026-08-07,CM,NSE,STK,13538,INE669C01036,TECHM,EQ,,,,,TECH MAHINDRA LIMITED,1639.80,1681.50,1634.30,1635.00,1635.00,1632.20,,1635.01,,,6089110,10071459925.50,127827,F1,1,,,,,
2026-08-07,2026-08-07,CM,NSE,STK,759141,INE0Y5H01014,TECHD,ST,,,,,TECHD CYBERSECURITY LTD,600.00,606.40,590.00,593.70,591.05,606.60,,593.70,,,16200,9683115.00,41,F1,300,,,,,
2026-08-07,2026-08-07,CM,NSE,STK,25652,INE0JQS01019,TECHERA,SM,,,,,TECHERA ENGINEER (IND) L,179.40,182.75,174.25,182.75,182.75,174.05,,182.75,,,207200,37550680.00,216,F1,800,,,,,
2026-08-07,2026-08-07,CM,NSE,STK,6445,INE285K01026,TECHNOE,EQ,,,,,TECHNO ELEC & ENG CO. LTD,994.00,1071.10,991.15,1066.25,1070.00,992.25,,1066.24,,,907092,949152242.95,43542,F1,1,,,,,
2026-08-07,2026-08-07,CM,NSE,STK,14223,INE545H01011,TIIL,EQ,,,,,TECHNOCRAFT IND LTD,2643.70,2749.00,2625.10,2693.50,2675.00,2635.20,,2693.43,,,22936,62257237.40,4042,F1,1,,,,,
2026-08-07,2026-08-07,CM,NSE,STK,762939,INE314H01012,TECHNVISN,EQ,,,,,TECHNVISION VENTURES LTD.,5369.00,5800.00,5022.10,5721.80,5800.00,5307.10,,5714.01,,,2374,13018121.50,846,F1,1,,,,,
2026-08-07,2026-08-07,CM,NSE,STK,3453,INE014B01011,TECILCHEM,EQ,,,,,TECIL CHEMICALS,9.40,9.66,8.95,9.19,9.02,9.38,,9.19,,,9556,87931.59,112,F1,1,,,,,
2026-08-07,2026-08-07,CM,NSE,STK,23530,INE0K6601012,TGL,ST,,,,,TEERTH GOPICON LIMITED,19.70,20.90,19.70,20.75,20.70,20.05,,20.75,,,9400,191670.00,36,F1,200,,,,,
2026-08-07,2026-08-07,CM,NSE,STK,7105,INE011K01018,TEGA,EQ,,,,,TEGA INDUSTRIES LIMITED,1580.00,1647.70,1580.00,1625.70,1625.70,1583.30,,1625.63,,,147676,239891483.20,11072,F1,1,,,,,
2026-08-07,2026-08-07,CM,NSE,STK,763825,INE0R1301019,TEJA,SM,,,,,TEJA ENGINEERING IND L,635.00,635.00,600.00,603.35,605.00,639.50,,603.35,,,14400,8926800.00,24,F1,600,,,,,
2026-08-07,2026-08-07,CM,NSE,STK,29723,INE17WC01013,TEJASCARGO,SM,,,,,TEJAS CARGO INDIA LIMITED,380.00,380.00,380.00,380.00,380.00,366.00,,380.00,,,800,304000.00,2,F1,400,,,,,
2026-08-07,2026-08-07,CM,NSE,STK,21131,INE010J01012,TEJASNET,EQ,,,,,TEJAS NETWORKS LIMITED,519.40,524.20,512.00,513.45,513.50,522.30,,513.44,,,682905,352699067.45,18238,F1,1,,,,,
2026-08-07,2026-08-07,CM,NSE,STK,3275,INE869Y01028,TEMBO,EQ,,,,,TEMBO GLOBAL IND LTD,63.75,64.00,60.55,60.95,60.60,63.80,,60.95,,,2317780,143786292.05,6089,F1,1,,,,,
2026-08-07,2026-08-07,CM,NSE,STK,759880,INE19RI01016,TENNIND,EQ,,,,,TENNECO CLEAN AIR INDIA L,566.00,584.90,561.10,562.80,562.05,570.55,,562.77,,,1034341,592447107.00,31693,F1,1,,,,,
2026-08-07,2026-08-07,CM,NSE,STK,19292,INE482B01010,TERASOFT,EQ,,,,,TERA SOFTWARE LIMITED,429.00,447.85,401.70,407.70,403.80,424.05,,407.70,,,55475,23890560.00,2640,F1,1,,,,,
2026-08-07,2026-08-07,CM,NSE,STK,11549,INE435C01024,TEXINFRA,EQ,,,,,TEXMACO INFRA & HOLDG LTD,113.51,114.12,112.61,113.61,113.50,113.48,,113.61,,,38166,4332574.44,659,F1,1,,,,,
2026-08-07,2026-08-07,CM,NSE,STK,21828,INE621L01012,TEXRAIL,EQ,,,,,TEXMACO RAIL & ENG. LTD.,108.33,110.23,107.66,108.78,108.50,108.33,,108.78,,,1562768,170222164.33,9864,F1,1,,,,,
2026-08-07,2026-08-07,CM,NSE,STK,18214,INE141K01013,TEXMOPIPES,EQ,,,,,TEXMO PIPE & PRODUCTS LTD,43.27,44.40,42.10,43.51,43.50,42.83,,43.74,,,40594,1769692.89,451,F1,1,,,,,
2026-08-07,2026-08-07,CM,NSE,STK,10744,INE733E07JT8,737NTPC35C,NA,,,,,TFB 7.37% 2035 SR. 3A,1417.00,1417.00,1379.99,1379.99,1379.99,1202.50,,1379.99,,,68,95985.90,3,F1,1,,,,,
2026-08-07,2026-08-07,CM,NSE,STK,14607,INE797H01018,TGBHOTELS,EQ,,,,,TGB BANQUETS&HOTELS LTD,9.71,9.71,9.20,9.30,9.30,9.20,,9.30,,,61154,568484.31,86,F1,1,,,,,
2026-08-07,2026-08-07,CM,NSE,STK,762949,INE403F01017,THAKDEV,EQ,,,,,THAKKERS DEVELOPERS LTD.,121.84,141.00,116.35,140.34,141.00,128.25,,140.34,,,725,89974.47,47,F1,1,,,,,
2026-08-07,2026-08-07,CM,NSE,STK,18118,INE085J01014,THANGAMAYL,EQ,,,,,THANGAMAYIL JEWELLERY LTD,5195.00,5290.00,5156.50,5275.00,5280.50,5144.00,,5274.83,,,213017,1115741902.50,35716,F1,1,,,,,
2026-08-07,2026-08-07,CM,NSE,STK,9014,INE294Z01018,ANUP,EQ,,,,,THE ANUP ENGINEERING LTD,1969.80,1969.80,1884.90,1896.00,1886.00,1993.30,,1896.05,,,102077,196709166.70,11657,F1,1,,,,,
2026-08-07,2026-08-07,CM,NSE,STK,7930,INE319B01014,BYKE,BE,,,,,THE BYKE HOSPITALITY LTD,34.45,34.50,33.50,33.62,34.00,34.11,,33.59,,,10602,360797.26,45,F1,1,,,,,
2026-08-07,2026-08-07,CM,NSE,STK,13776,INE017A01032,GESHIP,EQ,,,,,THE GE SHPG.LTD,1350.10,1362.70,1332.50,1341.80,1335.00,1352.90,,1341.76,,,777727,1045251737.10,39247,F1,1,,,,,
2026-08-07,2026-08-07,CM,NSE,STK,17770,INE646C01018,GROBTEA,EQ,,,,,THE GROB TEA COMPANY LTD,900.00,900.00,900.00,900.00,900.00,899.40,,900.00,,,15,13500.00,2,F1,1,,,,,
2026-08-07,2026-08-07,CM,NSE,STK,8568,INE127B01011,HITECHGEAR,BE,,,,,THE HI-TECH GEARS LIMITED,560.30,571.00,555.00,560.45,564.00,566.75,,561.64,,,2399,1348209.65,91,F1,1,,,,,
2026-08-07,2026-08-07,CM,NSE,STK,1515,INE383A01012,INDIACEM,EQ,,,,,THE INDIA CEMENTS LIMITED,395.00,399.15,390.10,398.15,397.00,393.05,,398.14,,,181089,71762813.55,9235,F1,1,,,,,
2026-08-07,2026-08-07,CM,NSE,STK,1512,INE053A01029,INDHOTEL,EQ,,,,,THE INDIAN HOTELS CO. LTD,735.95,738.75,728.75,731.00,731.00,736.00,,731.04,,,1606078,1176931515.55,23309,F1,1,,,,,
2026-08-07,2026-08-07,CM,NSE,STK,21427,INE924D01017,THEINVEST,EQ,,,,,THE INVEST TRUST OF IND L,100.99,101.78,97.12,98.14,97.75,101.06,,98.12,,,3798,375435.19,108,F1,1,,,,,
2026-08-07,2026-08-07,CM,NSE,STK,399,INE470Y01017,NIACL,EQ,,,,,THE NEW INDIA ASSU CO LTD,177.27,177.85,176.04,177.11,177.75,178.93,,177.11,,,678003,119875475.16,8471,F1,1,,,,,
2026-08-07,2026-08-07,CM,NSE,STK,10321,INE431F01018,PKTEA,EQ,,,,,THE P K TEA PROD CO LTD,734.00,734.00,682.30,691.80,692.00,709.75,,691.80,,,72,50096.75,16,F1,1,,,,,
2026-08-07,2026-08-07,CM,NSE,STK,14552,INE211B01039,PHOENIXLTD,EQ,,,,,THE PHOENIX MILLS LTD,1901.50,1917.80,1893.90,1895.50,1895.50,1913.00,,1895.50,,,291623,553931375.10,15175,F1,1,,,,,
2026-08-07,2026-08-07,CM,NSE,STK,2043,INE331A01037,RAMCOCEM,EQ,,,,,THE RAMCO CEMENTS LIMITED,940.00,944.00,914.85,933.80,920.00,937.10,,933.74,,,221192,204956635.00,13694,F1,1,,,,,
2026-08-07,2026-08-07,CM,NSE,STK,10123,INE301D01026,RUBYMILLS,BE,,,,,THE RUBY MILLS LTD,366.00,382.90,366.00,378.50,382.80,364.90,,378.57,,,5760,2170338.95,155,F1,1,,,,,
2026-08-07,2026-08-07,CM,NSE,STK,5948,INE683A01023,SOUTHBANK,EQ,,,,,THE SOUTH INDIAN BANK LTD,47.50,47.52,47.07,47.17,47.15,47.43,,47.17,,,3899463,184280886.12,12386,F1,1,,,,,
2026-08-07,2026-08-07,CM,NSE,STK,10948,INE655A01013,STCINDIA,EQ,,,,,THE STATE TRADING CORPN,120.77,121.89,117.40,118.64,119.00,120.77,,118.67,,,55183,6572517.74,1234,F1,1,,,,,
2026-08-07,2026-08-07,CM,NSE,STK,19578,INE071E01023,UGARSUGAR,EQ,,,,,THE UGAR SUGAR WORKS LTD,46.00,46.25,44.66,45.00,44.92,45.73,,45.00,,,207125,9379187.31,1447,F1,1,,,,,
2026-08-07,2026-08-07,CM,NSE,STK,20481,INE215F01023,WIPL,EQ,,,,,THE WESTERN INDIA PLY LTD,170.00,170.50,168.05,168.05,168.05,167.00,,168.05,,,356,60528.00,15,F1,1,,,,,
2026-08-07,2026-08-07,CM,NSE,STK,19279,INE121N01019,THEJO,EQ,,,,,THEJO ENGINEERING LIMITED,2171.00,2249.50,2159.20,2223.90,2237.50,2159.10,,2223.90,,,20207,44710756.60,1907,F1,1,,,,,
2026-08-07,2026-08-07,CM,NSE,STK,14485,INE083B01024,THEMISMED,EQ,,,,,THEMIS MEDICARE LTD.,112.37,114.90,110.01,110.50,110.12,112.78,,110.50,,,33682,3761722.33,601,F1,1,,,,,
2026-08-07,2026-08-07,CM,NSE,STK,3475,INE152A01029,THERMAX,EQ,,,,,THERMAX LTD,3991.00,4075.00,3990.80,4059.90,4058.00,3991.00,,4059.41,,,101867,412692442.90,16121,F1,1,,,,,
2026-08-07,2026-08-07,CM,NSE,STK,3496,INE338A01024,TIRUMALCHM,EQ,,,,,THIRUMALAI CHEMICALS LTD,169.13,173.01,167.10,167.76,167.65,170.00,,167.76,,,414593,70298379.21,5610,F1,1,,,,,
2026-08-07,2026-08-07,CM,NSE,STK,3481,INE332A01027,THOMASCOOK,EQ,,,,,THOMAS COOK (INDIA) LTD,106.50,106.94,103.60,104.13,104.00,106.14,,104.12,,,631943,66579832.99,4604,F1,1,,,,,
2026-08-07,2026-08-07,CM,NSE,STK,31017,INE480M01011,THOMASCOTT,EQ,,,,,THOMAS SCOTT (INDIA) LTD,314.60,329.50,310.65,315.15,315.15,310.50,,315.15,,,49488,15870926.55,1683,F1,1,,,,,
2026-08-07,2026-08-07,CM,NSE,STK,17032,INE594H01019,THYROCARE,EQ,,,,,THYROCARE TECH LTD,598.00,606.60,593.90,603.25,604.00,598.05,,603.26,,,208846,125540139.50,13048,F1,1,,,,,
2026-08-07,2026-08-07,CM,NSE,STK,759179,INE906O01029,TIGERLOGS,BE,,,,,TIGER LOGISTICS (INDIA) L,26.92,27.69,25.80,27.49,27.60,26.57,,27.49,,,594901,16049427.44,595,F1,1,,,,,
2026-08-07,2026-08-07,CM,NSE,STK,25482,INE440L01017,TIJARIA,EQ,,,,,TIJARIA POLYPIPES LTD,4.56,5.39,4.56,5.09,5.31,4.74,,5.09,,,153703,751661.02,201,F1,1,,,,,
2026-08-07,2026-08-07,CM,NSE,STK,3484,INE806C01018,TIL,EQ,,,,,TIL LTD,246.60,251.00,230.75,232.10,231.15,252.50,,232.12,,,1405280,333527536.95,23150,F1,1,,,,,
2026-08-07,2026-08-07,CM,NSE,STK,19196,INE133E01013,TI,EQ,,,,,TILAKNAGAR INDUSTRIES LTD,484.05,497.80,480.95,490.75,489.80,488.45,,490.71,,,783049,382668405.45,22123,F1,1,,,,,
2026-08-07,2026-08-07,CM,NSE,STK,14707,INE508G01029,TIMETECHNO,EQ,,,,,TIME TECHNOPLAST LTD.,206.25,207.25,202.25,204.88,205.50,206.82,,204.88,,,4532881,925803734.31,38776,F1,1,,,,,
2026-08-07,2026-08-07,CM,NSE,STK,762954,INE064A01026,TIMEX,EQ,,,,,TIMEX GROUP INDIA LTD.,540.10,559.65,540.10,556.30,552.00,543.05,,556.28,,,149560,82795249.55,7999,F1,1,,,,,
2026-08-07,2026-08-07,CM,NSE,STK,14198,INE325A01013,TIMKEN,EQ,,,,,TIMKEN INDIA LTD.,3333.40,3364.00,3286.10,3351.00,3350.00,3343.10,,3351.16,,,30969,103396640.30,7180,F1,1,,,,,
2026-08-07,2026-08-07,CM,NSE,STK,756020,INE015C01016,TINNARUBR,EQ,,,,,TINNA RUBBER AND INFR LTD,1100.60,1114.90,1088.50,1108.10,1105.20,1100.60,,1108.09,,,24643,27226810.80,2971,F1,1,,,,,
2026-08-07,2026-08-07,CM,NSE,STK,11374,INE0LQS01015,TIPSFILMS,EQ,,,,,TIPS FILMS LIMITED,377.85,381.95,370.00,375.25,372.40,376.85,,375.25,,,5614,2104682.75,260,F1,1,,,,,
2026-08-07,2026-08-07,CM,NSE,STK,9117,INE716B01029,TIPSMUSIC,EQ,,,,,TIPS MUSIC LIMITED,654.15,658.05,644.00,645.35,644.00,654.40,,645.36,,,173364,112396490.20,11218,F1,1,,,,,
2026-08-07,2026-08-07,CM,NSE,STK,22284,INE319Y01024,TIRUPATIFL,BE,,,,,TIRUPATI FORGE LIMITED,70.30,72.99,68.50,72.07,71.99,70.62,,72.07,,,204111,14479390.40,813,F1,1,,,,,
2026-08-07,2026-08-07,CM,NSE,STK,15414,INE615H01020,TITAGARH,EQ,,,,,TITAGARH RAIL SYSTEMS LTD,860.00,864.60,844.70,847.45,845.50,861.65,,847.47,,,250764,213629079.35,13804,F1,1,,,,,
2026-08-07,2026-08-07,CM,NSE,STK,3506,INE280A01028,TITAN,EQ,,,,,TITAN COMPANY LIMITED,4978.10,5003.00,4891.30,4941.00,4941.00,4998.00,,4941.01,,,1166858,5788047546.50,59708,F1,1,,,,,
2026-08-07,2026-08-07,CM,NSE,STK,9710,INE932C01012,TOKYOPLAST,BE,,,,,TOKYO PLAST  INTL LTD.,80.90,81.00,80.90,81.00,81.00,81.00,,81.00,,,877,70986.00,10,F1,1,,,,,
2026-08-07,2026-08-07,CM,NSE,STK,25262,INE0RWQ01014,TOLINS,EQ,,,,,TOLINS TYRES LIMITED,102.49,103.35,101.61,102.14,102.85,103.09,,102.14,,,24552,2523410.86,486,F1,1,,,,,
2026-08-07,2026-08-07,CM,NSE,STK,3518,INE685A01028,TORNTPHARM,EQ,,,,,TORRENT PHARMACEUTICALS L,4956.00,4987.50,4901.00,4924.00,4924.00,4956.00,,4924.08,,,394462,1946062098.50,32752,F1,1,,,,,
2026-08-07,2026-08-07,CM,NSE,STK,13786,INE813H01021,TORNTPOWER,EQ,,,,,TORRENT POWER LTD,1325.20,1355.40,1321.00,1350.80,1352.00,1325.20,,1350.58,,,379616,510066681.70,19505,F1,1,,,,,
2026-08-07,2026-08-07,CM,NSE,STK,22423,INE336X01012,TOTAL,EQ,,,,,TOTAL TRANSPORT SYS LTD,67.63,71.79,67.00,69.60,70.25,67.87,,69.60,,,59513,4152034.53,601,F1,1,,,,,
2026-08-07,2026-08-07,CM,NSE,STK,16908,INE486Y01013,TOUCHWOOD,EQ,,,,,TOUCHWOOD ENTERTAIN LTD.,66.16,66.91,65.40,66.85,66.86,67.09,,66.85,,,691,45854.17,29,F1,1,,,,,
2026-08-07,2026-08-07,CM,NSE,STK,3466,INE305A01023,TFCILTD,EQ,,,,,TOURISM FINANCE CORP. OF,112.50,118.00,112.50,117.48,117.97,110.81,,117.48,,,23957180,2767702805.77,50101,F1,1,,,,,
2026-08-07,2026-08-07,CM,NSE,STK,9219,INE413G01022,TPLPLASTEH,EQ,,,,,TPL PLASTECH LIMITED,78.10,79.67,76.25,77.51,76.75,78.73,,77.47,,,138380,10833744.90,1580,F1,1,,,,,
2026-08-07,2026-08-07,CM,NSE,STK,11582,INE0HMF01019,TRACXN,EQ,,,,,TRACXN TECHNOLOGIES LTD,30.09,30.30,29.75,29.97,29.85,30.09,,29.97,,,126280,3787970.98,607,F1,1,,,,,
2026-08-07,2026-08-07,CM,NSE,STK,15174,INE763I01026,TARIL,EQ,,,,,TRANS & RECTI. LTD,295.90,301.50,295.10,297.80,298.50,296.15,,297.79,,,1045223,311968165.70,15132,F1,1,,,,,
2026-08-07,2026-08-07,CM,NSE,STK,17795,INE0O3901029,TREL,EQ,,,,,TRANSINDIA REAL ESTATE L,24.65,25.70,24.65,25.40,25.50,24.63,,25.34,,,76731,1930208.56,558,F1,1,,,,,
2026-08-07,2026-08-07,CM,NSE,STK,3531,INE687A01016,TRANSPEK,EQ,,,,,TRANSPEK INDUSTRY LTD,1324.00,1330.60,1225.20,1262.40,1279.40,1321.40,,1267.69,,,3737,4811547.70,542,F1,1,,,,,
2026-08-07,2026-08-07,CM,NSE,STK,10580,INE688A01022,TCI,EQ,,,,,TRANSPORT CORPN OF INDIA,921.25,927.45,914.95,916.35,916.00,927.00,,916.43,,,11169,10280453.60,1643,F1,1,,,,,
2026-08-07,2026-08-07,CM,NSE,STK,28714,INE454P01035,TRANSRAILL,EQ,,,,,TRANSRAIL LIGHTING LTD,480.00,484.25,470.00,473.40,474.40,490.95,,473.42,,,944025,448961834.50,26088,F1,1,,,,,
2026-08-07,2026-08-07,CM,NSE,STK,19801,INE0NVI01020,TRANSTEEL,SM,,,,,TRANSTEEL SEATING TECH L,113.00,113.00,113.00,113.00,113.00,115.60,,113.00,,,2000,226000.00,2,F1,1000,,,,,
2026-08-07,2026-08-07,CM,NSE,STK,14319,INE804H01012,TFL,EQ,,,,,TRANSWARRANTY FIN. LTD.,11.49,11.84,11.03,11.60,11.65,11.49,,11.60,,,4843,56249.65,62,F1,1,,,,,
2026-08-07,2026-08-07,CM,NSE,STK,8619,INE757B01015,TRANSWORLD,BE,,,,,TRANSWORLD SHIP LINES LTD,162.00,166.35,158.00,166.00,165.01,158.43,,166.11,,,30082,4962123.62,202,F1,1,,,,,
2026-08-07,2026-08-07,CM,NSE,STK,757545,INE103V01028,TRAVELFOOD,EQ,,,,,TRAVEL FOOD SERVICES LTD,1380.00,1470.90,1354.10,1428.60,1429.00,1337.20,,1428.68,,,1277146,1843180560.60,39382,F1,1,,,,,
2026-08-07,2026-08-07,CM,NSE,STK,25082,INE040M01013,TREEHOUSE,EQ,,,,,TREE HOUSE EDU LTD,6.32,6.42,6.20,6.30,6.23,6.26,,6.30,,,8049,50627.73,70,F1,1,,,,,
2026-08-07,2026-08-07,CM,NSE,STK,7518,INE00CA01015,TREJHARA,EQ,,,,,TREJHARA SOLUTIONS LTD,165.75,186.30,165.70,177.66,177.43,165.13,,177.67,,,228683,40657002.51,4582,F1,1,,,,,
2026-08-07,2026-08-07,CM,NSE,STK,1964,INE849A01020,TRENT,EQ,,,,,TRENT LTD,3106.50,3106.50,2985.60,2997.00,2997.00,3107.10,,2997.05,,,2469173,7456585331.90,143781,F1,1,,,,,
2026-08-07,2026-08-07,CM,NSE,STK,17987,INE391D01019,TRF,EQ,,,,,TRF LIMITED,233.74,235.74,231.01,232.79,232.60,232.41,,232.79,,,39350,9157383.34,1640,F1,1,,,,,
2026-08-07,2026-08-07,CM,NSE,STK,27037,INE760L01018,TBZ,EQ,,,,,TRIB BHIMJI ZAVERI LTD,271.90,280.90,271.00,273.00,273.00,271.00,,273.00,,,922618,254420447.65,14981,F1,1,,,,,
2026-08-07,2026-08-07,CM,NSE,STK,12182,INE064C01022,TRIDENT,BL,,,,,TRIDENT LIMITED,24.90,24.90,24.90,24.90,24.90,24.90,,24.90,,,130000000,3237000000.00,1,F1,999999999,,,,,
2026-08-07,2026-08-07,CM,NSE,STK,9685,INE064C01022,TRIDENT,EQ,,,,,TRIDENT LIMITED,25.50,25.91,25.05,25.18,25.10,24.90,,25.18,,,15759138,401972181.91,26171,F1,1,,,,,
2026-08-07,2026-08-07,CM,NSE,STK,21093,INE0QD201012,TECHLABS,ST,,,,,TRIDENT TECHLABS LIMITED,118.05,124.00,117.80,121.90,124.00,121.30,,121.90,,,16000,1929693.75,64,F1,125,,,,,
2026-08-07,2026-08-07,CM,NSE,STK,17215,INE0LWY01029,TRIDHYA,ST,,,,,TRIDHYA TECH LIMITED,9.50,9.50,9.50,9.50,9.50,9.95,,9.50,,,3000,28500.00,1,F1,3000,,,,,
2026-08-07,2026-08-07,CM,NSE,STK,5428,INE948A01012,TRIGYN,EQ,,,,,TRIGYN TECHNOLOGIES LTD,54.78,55.43,53.19,53.50,53.23,54.80,,53.50,,,35806,1946735.43,1292,F1,1,,,,,
2026-08-07,2026-08-07,CM,NSE,STK,13081,INE256C01024,TRIVENI,EQ,,,,,TRIVENI ENGG. & INDS. LTD,231.50,237.99,228.07,233.22,234.50,230.53,,233.23,,,496516,115937307.56,6789,F1,1,,,,,
2026-08-07,2026-08-07,CM,NSE,STK,25584,INE152M01016,TRITURBINE,EQ,,,,,TRIVENI TURBINE LIMITED,643.00,654.15,630.30,636.45,632.00,646.35,,636.45,,,499505,322007266.00,20743,F1,1,,,,,
2026-08-07,2026-08-07,CM,NSE,STK,24645,INE0SYV01018,TROM,ST,,,,,TROM INDUSTRIES LIMITED,56.40,56.75,56.10,56.30,56.30,59.00,,56.30,,,8400,472770.00,14,F1,600,,,,,
2026-08-07,2026-08-07,CM,NSE,STK,759210,INE0MWH01014,TRUALT,EQ,,,,,TRUALT BIOENERGY LIMITED,465.05,483.90,465.00,477.05,477.00,464.30,,477.04,,,527721,251486520.75,11651,F1,1,,,,,
2026-08-07,2026-08-07,CM,NSE,STK,9378,INE615R01029,TRU,EQ,,,,,TRUCAP FINANCE LIMITED,4.65,4.73,4.54,4.55,4.55,4.61,,4.55,,,83768,383614.27,292,F1,1,,,,,
2026-08-07,2026-08-07,CM,NSE,STK,23417,INE0SWN01019,TRUST,SM,,,,,TRUST FINTECH LIMITED,28.50,29.00,27.35,28.40,28.45,28.50,,28.40,,,8400,235110.00,14,F1,600,,,,,
2026-08-07,2026-08-07,CM,NSE,STK,757861,INE16VK01010,TSC,ST,,,,,TSC INDIA LIMITED,43.70,44.00,43.70,44.00,44.00,46.00,,44.00,,,16000,701000.00,8,F1,2000,,,,,
2026-08-07,2026-08-07,CM,NSE,STK,2183,INE202Z01029,TSFINV,EQ,,,,,TSF INVESTMENTS LIMITED,437.00,445.00,435.45,441.95,444.00,437.70,,441.95,,,54440,23972269.90,2634,F1,1,,,,,
2026-08-07,2026-08-07,CM,NSE,STK,11369,INE910C01018,TTKHLTCARE,EQ,,,,,TTK HEALTHCARE LIMITED,1113.90,1113.90,1071.00,1084.80,1089.90,1094.10,,1084.24,,,22552,24594016.70,2579,F1,1,,,,,
2026-08-07,2026-08-07,CM,NSE,STK,3546,INE690A01028,TTKPRESTIG,EQ,,,,,TTK PRESTIGE LTD,636.80,638.85,611.10,615.95,615.95,636.80,,615.91,,,73246,45774829.60,5571,F1,1,,,,,
2026-08-07,2026-08-07,CM,NSE,STK,312,INE974X01010,TIINDIA,EQ,,,,,TUBE INVEST OF INDIA LTD,2754.90,2783.00,2742.20,2772.00,2772.00,2753.80,,2771.98,,,142399,392907585.50,20137,F1,1,,,,,
2026-08-07,2026-08-07,CM,NSE,STK,24520,INE0OXV01027,TUNWAL,SM,,,,,TUNWAL E-MOTORS LIMITED,26.00,26.45,25.75,26.40,26.40,26.10,,26.40,,,44000,1152200.00,20,F1,2000,,,,,
2026-08-07,2026-08-07,CM,NSE,STK,756090,INE0OC301013,TURTLEMINT,EQ,,,,,TURTLEMINT FINTECH SOLS L,112.55,114.50,111.04,111.84,112.05,112.75,,111.84,,,286715,32315907.05,4864,F1,1,,,,,
2026-08-07,2026-08-07,CM,NSE,STK,11275,INE038F01029,TVTODAY,EQ,,,,,TV TODAY NETWORK LTD,114.72,116.59,114.09,114.68,114.30,115.65,,114.70,,,32993,3788361.13,498,F1,1,,,,,
2026-08-07,2026-08-07,CM,NSE,STK,18508,INE871L01013,TVVISION,BE,,,,,TV VISION LIMITED,4.32,4.32,4.13,4.13,4.13,4.34,,4.15,,,61344,253471.44,117,F1,1,,,,,
2026-08-07,2026-08-07,CM,NSE,STK,11265,INE236G01019,TVSELECT,EQ,,,,,TVS ELECTRONICS LTD,508.15,518.80,502.80,506.90,502.80,508.15,,506.91,,,64153,32726625.50,3044,F1,1,,,,,
2026-08-07,2026-08-07,CM,NSE,STK,29008,INE105A01035,TVSHLTD,EQ,,,,,TVS HOLDINGS LIMITED,15042.00,15070.00,14752.00,14848.00,14752.00,14908.00,,14847.88,,,3024,45145708.00,1146,F1,1,,,,,
2026-08-07,2026-08-07,CM,NSE,STK,8479,INE494B01023,TVSMOTOR,EQ,,,,,TVS MOTOR COMPANY  LTD,4380.00,4458.00,4378.00,4440.90,4440.90,4375.00,,4440.23,,,840158,3725297059.60,51055,F1,1,,,,,
2026-08-07,2026-08-07,CM,NSE,STK,761141,INE494B04019,TVSMNCRPS,P1,,,,,TVS MOTOR COMPANY LIMITED,10.50,10.55,10.45,10.50,10.50,10.50,,10.50,,,1197572,12575311.70,380,F1,1,,,,,
2026-08-07,2026-08-07,CM,NSE,STK,14245,INE421C01016,TVSSRICHAK,EQ,,,,,TVS SRICHAKRA LIMITED,3980.10,3999.80,3951.50,3964.90,3979.00,3971.20,,3964.99,,,1405,5583851.00,390,F1,1,,,,,
2026-08-07,2026-08-07,CM,NSE,STK,18151,INE395N01027,TVSSCS,EQ,,,,,TVS SUPPLY CHAIN SOL L,134.00,134.96,132.65,133.79,134.05,132.38,,133.79,,,214689,28665861.85,4404,F1,1,,,,,
2026-08-07,2026-08-07,CM,NSE,STK,19503,INE388G01026,TICL,BE,,,,,TWAMEV CONS AND INFRA LTD,10.70,10.76,10.00,10.57,10.50,10.25,,10.68,,,134459,1424272.11,253,F1,1,,,,,
2026-08-07,2026-08-07,CM,NSE,STK,25626,INE152C01025,UYFINCORP,EQ,,,,,U. Y. FINCORP LIMITED,19.20,22.34,19.02,20.36,20.38,19.20,,20.36,,,3974832,84655231.25,12116,F1,1,,,,,
2026-08-07,2026-08-07,CM,NSE,STK,3570,INE139B01016,UCAL,EQ,,,,,UCAL LIMITED,117.01,118.99,115.11,118.46,118.01,117.01,,118.52,,,5359,632339.67,255,F1,1,,,,,
2026-08-07,2026-08-07,CM,NSE,STK,755996,INE583D07562,10UCL26,ND,,,,,UCL 10.00% SR I,997.20,997.20,997.20,997.20,997.20,997.20,,997.60,,,10,9972.00,1,F1,1,,,,,
2026-08-07,2026-08-07,CM,NSE,STK,756002,INE583D07588,1025UCL27A,NG,,,,,UCL 10.25% SR IV,975.20,975.20,975.20,975.20,975.20,1000.45,,975.20,,,2,1950.40,1,F1,1,,,,,
2026-08-07,2026-08-07,CM,NSE,STK,755998,INE583D07570,1039UCL26,NE,,,,,UCL 10.39% SR II,1021.70,1021.70,1021.70,1021.70,1021.70,1026.00,,1021.70,,,1,1021.70,1,F1,1,,,,,
2026-08-07,2026-08-07,CM,NSE,STK,756004,INE583D07596,1050UCL28,NH,,,,,UCL 10.50% SR V,1034.00,1034.00,1034.00,1034.00,1034.00,1025.00,,1034.00,,,5,5170.00,1,F1,1,,,,,
2026-08-07,2026-08-07,CM,NSE,STK,11223,INE691A01018,UCOBANK,EQ,,,,,UCO BANK,26.50,26.54,26.35,26.40,26.40,26.64,,26.40,,,2882482,76243336.21,8768,F1,1,,,,,
2026-08-07,2026-08-07,CM,NSE,STK,14871,INE0N0Y01013,USK,EQ,,,,,UDAYSHIVAKUMAR INFRA LTD,22.33,23.46,22.00,22.19,22.30,22.90,,22.21,,,19714,442214.24,207,F1,1,,,,,
2026-08-07,2026-08-07,CM,NSE,STK,1053,INE516A01017,UFLEX,EQ,,,,,UFLEX LIMITED,480.90,503.90,480.10,488.70,486.00,483.90,,488.72,,,262987,129755795.85,7276,F1,1,,,,,
2026-08-07,2026-08-07,CM,NSE,STK,9039,INE527H01019,UFO,EQ,,,,,UFO MOVIEZ INDIA LTD.,68.01,69.45,67.35,68.76,68.40,67.86,,68.81,,,30854,2109781.58,578,F1,1,,,,,
2026-08-07,2026-08-07,CM,NSE,STK,5313,INE583D01011,UGROCAP,EQ,,,,,UGRO CAPITAL LIMITED,96.79,96.79,94.10,95.08,95.00,96.16,,95.08,,,451590,42823583.95,2199,F1,1,,,,,
2026-08-07,2026-08-07,CM,NSE,STK,23507,INE899L01030,UEL,EQ,,,,,UJAAS ENERGY LIMITED,257.79,257.79,257.79,257.79,257.79,245.52,,264.96,,,20964,5404309.56,322,F1,1,,,,,
2026-08-07,2026-08-07,CM,NSE,STK,15228,INE551W01018,UJJIVANSFB,EQ,,,,,UJJIVAN SMALL FINANC BANK,71.98,71.98,69.75,70.11,70.00,72.05,,70.11,,,8655583,610468089.75,31333,F1,1,,,,,
2026-08-07,2026-08-07,CM,NSE,STK,762961,INE405A01021,ULTRAMAR,EQ,,,,,ULTRAMARINE & PIGMENTS L,389.55,455.75,381.20,410.75,391.00,389.40,,410.71,,,1889911,798279503.00,51320,F1,1,,,,,
2026-08-07,2026-08-07,CM,NSE,STK,11532,INE481G01011,ULTRACEMCO,EQ,,,,,ULTRATECH CEMENT LIMITED,12051.00,12105.00,11970.00,12105.00,12105.00,12075.00,,12104.81,,,171352,2060624896.00,32516,F1,1,,,,,
2026-08-07,2026-08-07,CM,NSE,STK,13349,INE067901012,UMA,SM,,,,,UMA CONVERTER LIMITED,14.75,15.25,14.65,14.85,14.75,14.70,,14.85,,,20000,297600.00,5,F1,4000,,,,,
2026-08-07,2026-08-07,CM,NSE,STK,8845,INE0GIU01018,UMAEXPORTS,BE,,,,,UMA EXPORTS LIMITED,20.77,20.77,19.79,20.07,20.10,20.06,,20.07,,,11555,231292.43,92,F1,1,,,,,
2026-08-07,2026-08-07,CM,NSE,STK,8998,INE398B01018,UMIYA-MRO,EQ,,,,,UMIYA BUILDCON LIMITED,89.50,91.70,89.11,90.03,90.50,90.17,,90.03,,,6034,543187.92,70,F1,1,,,,,
2026-08-07,2026-08-07,CM,NSE,STK,3579,INE351A01035,UNICHEMLAB,EQ,,,,,UNICHEM LABORATORIES LTD,495.00,501.45,482.30,489.75,487.30,497.40,,489.70,,,33461,16484332.70,1960,F1,1,,,,,
2026-08-07,2026-08-07,CM,NSE,STK,24809,INE00U401027,UNIECOM,EQ,,,,,UNICOMMERCE ESOLUTIONS L,84.10,85.25,84.10,84.25,84.21,84.95,,84.25,,,138057,11661985.39,1900,F1,1,,,,,
2026-08-07,2026-08-07,CM,NSE,STK,18582,INE0PRF01011,UNIHEALTH,SM,,,,,UNIHEALTH HOSPITALS LTD,760.00,774.00,760.00,774.00,774.00,777.50,,774.00,,,5500,4212100.00,11,F1,500,,,,,
2026-08-07,2026-08-07,CM,NSE,STK,7797,INE481Z01011,UNIINFO,BE,,,,,UNIINFO TELECOM SERVI LTD,12.35,12.35,11.29,12.05,12.05,11.88,,12.05,,,4884,55713.88,25,F1,1,,,,,
2026-08-07,2026-08-07,CM,NSE,STK,25633,INE0B2801011,UNILEX,SM,,,,,UNILEX COLOURS AND CHEM L,28.25,29.00,28.25,29.00,29.00,30.00,,29.00,,,3200,91600.00,2,F1,1600,,,,,
2026-08-07,2026-08-07,CM,NSE,STK,28960,INE0U3I01011,UNIMECH,EQ,,,,,UNIMECH AEROSPACE N MFG L,1336.50,1459.90,1333.00,1446.70,1445.60,1336.50,,1446.74,,,630820,898792084.30,39321,F1,1,,,,,
2026-08-07,2026-08-07,CM,NSE,STK,10753,INE692A01016,UNIONBANK,EQ,,,,,UNION BANK OF INDIA,182.20,184.90,180.00,183.60,183.60,182.50,,183.60,,,22186841,4058177999.56,90463,F1,1,,,,,
2026-08-07,2026-08-07,CM,NSE,STK,29687,INF582M01KS4,UNIONGOLD,EQ,,,,,UNIONAMC - UNIONGOLD,145.30,146.45,143.55,146.30,146.45,145.30,,146.30,,,2505,364093.65,61,F1,1,,,,,
2026-08-07,2026-08-07,CM,NSE,STK,13057,INE244O01017,UNIPARTS,EQ,,,,,UNIPARTS INDIA LIMITED,784.90,820.00,777.05,814.60,809.60,781.50,,814.87,,,275162,221771894.15,15029,F1,1,,,,,
2026-08-07,2026-08-07,CM,NSE,STK,11293,INE037A01022,UNIENTER,EQ,,,,,UNIPHOS ENTERPRISES LTD,99.75,99.75,96.33,97.16,98.54,97.37,,97.24,,,5537,540152.16,102,F1,1,,,,,
2026-08-07,2026-08-07,CM,NSE,STK,3594,INE694A01020,UNITECH,EQ,,,,,UNITECH LTD,4.17,4.27,4.11,4.15,4.17,4.14,,4.15,,,4499677,18765046.66,3169,F1,1,,,,,
2026-08-07,2026-08-07,CM,NSE,STK,16713,INE686F01025,UBL,EQ,,,,,UNITED BREWERIES LTD,1408.20,1408.20,1377.50,1400.30,1397.00,1415.30,,1400.31,,,99991,139709691.20,8141,F1,1,,,,,
2026-08-07,2026-08-07,CM,NSE,STK,204,INE961D01019,UNIDT,BE,,,,,UNITED DRILLING TOOLS LTD,239.04,241.40,231.30,234.98,237.75,237.86,,234.98,,,6645,1587214.99,112,F1,1,,,,,
2026-08-07,2026-08-07,CM,NSE,STK,3127,INE382M01027,UFBL,EQ,,,,,UNITED FOODBRANDS LIMITED,824.95,829.00,785.00,807.60,797.50,804.30,,807.66,,,325409,263959860.95,22018,F1,1,,,,,
2026-08-07,2026-08-07,CM,NSE,STK,25938,INE0SMR01011,UHTL,ST,,,,,UNITED HEAT TRANSFER LTD,99.90,99.90,96.10,96.75,97.00,97.50,,96.75,,,28000,2722100.00,13,F1,2000,,,,,
2026-08-07,2026-08-07,CM,NSE,STK,17999,INE458F01011,UNITEDTEA,EQ,,,,,UNITED NILGIRI TEA LTD,478.45,479.00,462.00,468.00,470.00,483.30,,468.00,,,1821,852985.30,202,F1,1,,,,,
2026-08-07,2026-08-07,CM,NSE,STK,7564,INE368U01029,UNITEDPOLY,BE,,,,,UNITED POLYFAB GUJ. LTD.,29.25,29.25,28.10,28.87,28.99,29.01,,28.88,,,21523,612597.72,175,F1,1,,,,,
2026-08-07,2026-08-07,CM,NSE,STK,10447,INE854D01024,UNITDSPR,EQ,,,,,UNITED SPIRITS LIMITED,1521.20,1529.80,1512.40,1512.40,1512.40,1525.00,,1511.75,,,324797,493572683.20,19674,F1,1,,,,,
2026-08-07,2026-08-07,CM,NSE,STK,18979,INE562X01013,UNIVASTU,BE,,,,,UNIVASTU INDIA LIMITED,141.50,141.54,134.48,134.75,135.90,141.55,,134.75,,,325011,44043411.73,940,F1,1,,,,,
2026-08-07,2026-08-07,CM,NSE,STK,3607,INE279A01012,UNIVCABLES,EQ,,,,,UNIVERSAL CABLES LTD,1415.00,1436.20,1263.30,1411.20,1300.00,1416.30,,1411.26,,,163471,232733516.50,7901,F1,1,,,,,
2026-08-07,2026-08-07,CM,NSE,STK,17661,INE03V001013,UNIVPHOTO,BE,,,,,UNIVERSUS IMAGINGS LTD,471.60,494.00,458.05,471.70,471.70,478.95,,472.03,,,1153,557621.95,59,F1,1,,,,,
2026-08-07,2026-08-07,CM,NSE,STK,14154,INE405E01023,UNOMINDA,EQ,,,,,UNO MINDA LIMITED,1270.00,1292.10,1265.10,1285.00,1285.00,1278.00,,1284.70,,,557760,715225051.70,20440,F1,1,,,,,
2026-08-07,2026-08-07,CM,NSE,STK,18636,INE148I08256,915SCL26,NE,,,,,UNS RED NCD 9.15% SR.IX,1066.00,1066.00,1066.00,1066.00,1066.00,1073.20,,1066.00,,,1,1066.00,1,F1,1,,,,,
2026-08-07,2026-08-07,CM,NSE,STK,2883,INE530B08110,IIFLZC28,NG,,,,,UNSE RE NCD 0% SR.III,1653.01,1653.01,1653.01,1653.01,1653.01,1653.01,,1653.01,,,320,528963.20,5,F1,1,,,,,
2026-08-07,2026-08-07,CM,NSE,STK,2871,INE530B08094,10IIFL28A,NE,,,,,UNSE RE NCD 10% SR.I,1039.00,1039.00,1034.05,1034.56,1034.56,1039.00,,1034.56,,,199,206069.75,5,F1,1,,,,,
2026-08-07,2026-08-07,CM,NSE,STK,2877,INE530B08102,96IIFL28A,NF,,,,,UNSE RE NCD 9.6% SR.II,1009.99,1009.99,1002.68,1004.09,1004.10,1004.10,,1004.09,,,1231,1236911.27,21,F1,1,,,,,
2026-08-07,2026-08-07,CM,NSE,STK,5212,INE477L08147,10IIFL28,N4,,,,,UNSEC RE NCD 10% SR.I,1005.99,1005.99,1002.00,1004.00,1004.00,1005.99,,1004.50,,,325,326229.65,6,F1,1,,,,,
2026-08-07,2026-08-07,CM,NSE,STK,5214,INE477L08154,96IIFL28,N5,,,,,UNSEC RE NCD 9.60% SR.II,1003.73,1005.81,1003.00,1003.93,1003.52,1003.73,,1003.26,,,1974,1981046.57,19,F1,1,,,,,
2026-08-07,2026-08-07,CM,NSE,STK,19045,INE866I08279,10IIFL29,N6,,,,,UNSEC RED NCD 10.0% SR. V,1025.00,1025.00,1015.00,1024.35,1025.00,1010.00,,1024.35,,,78,79900.00,3,F1,1,,,,,
2026-08-07,2026-08-07,CM,NSE,STK,19047,INE866I08295,105IIFL29,N7,,,,,UNSEC RED NCD 10.5% SR.VI,1080.00,1080.00,1077.00,1077.00,1077.00,1076.00,,1077.00,,,61,65730.00,5,F1,1,,,,,
2026-08-07,2026-08-07,CM,NSE,STK,19113,INE851I01011,UDS,EQ,,,,,UPDATER SERVICES LIMITED,210.56,211.00,207.03,210.03,210.00,210.57,,210.02,,,190319,39837704.26,4290,F1,1,,,,,
2026-08-07,2026-08-07,CM,NSE,STK,11287,INE628A01036,UPL,EQ,,,,,UPL LIMITED,573.05,575.00,570.15,573.00,573.00,572.75,,573.00,,,882844,505140205.95,18838,F1,1,,,,,
2026-08-07,2026-08-07,CM,NSE,STK,10610,INE0CBM01019,USASEEDS,SM,,,,,UPSURGE SEEDS OF AGRI LTD,93.00,93.00,90.90,90.90,90.90,88.80,,90.90,,,1712,156519.60,4,F1,428,,,,,
2026-08-07,2026-08-07,CM,NSE,STK,17081,INE568Z01015,URAVIDEF,BE,,,,,URAVI DEFENCE &TECH LTD,115.90,115.90,109.90,110.03,110.00,114.22,,110.03,,,18090,2006247.46,171,F1,1,,,,,
2026-08-07,2026-08-07,CM,NSE,STK,759084,INE0CAZ01013,URBANCO,EQ,,,,,URBAN COMPANY LIMITED,142.95,145.30,141.75,143.74,144.00,142.67,,143.74,,,2752964,395454495.08,18785,F1,1,,,,,
2026-08-07,2026-08-07,CM,NSE,STK,16888,INE0O0201019,URBAN,SM,,,,,URBAN ENVIRO WASTE MGMT L,151.00,151.00,143.50,145.35,144.00,144.80,,145.35,,,75200,10953880.00,55,F1,800,,,,,
2026-08-07,2026-08-07,CM,NSE,STK,20203,INE550C01020,URJA,EQ,,,,,URJA GLOBAL LIMITED,9.98,9.98,9.80,9.84,9.83,9.78,,9.84,,,632892,6241543.83,2375,F1,1,,,,,
2026-08-07,2026-08-07,CM,NSE,STK,25952,INE0LS001014,USHAFIN,SM,,,,,USHA FINANCIAL SERVICES L,38.00,39.95,38.00,39.70,39.75,37.75,,39.70,,,59200,2307920.00,23,F1,1600,,,,,
2026-08-07,2026-08-07,CM,NSE,STK,19142,INE240C01028,UMESLTD,EQ,,,,,USHA MARTIN EDU & SOL LTD,5.53,5.59,5.50,5.57,5.58,5.48,,5.57,,,1543,8597.18,27,F1,1,,,,,
2026-08-07,2026-08-07,CM,NSE,STK,8840,INE228A01035,USHAMART,EQ,,,,,USHA MARTIN LTD.,517.90,519.80,513.20,515.05,516.00,515.65,,514.99,,,205861,106431996.15,10866,F1,1,,,,,
2026-08-07,2026-08-07,CM,NSE,STK,4214,INE00NI01015,UCL,ST,,,,,USHANTI COLOUR CHEM LTD,218.95,218.95,218.95,218.95,218.95,219.65,,218.95,,,2000,437900.00,1,F1,2000,,,,,
2026-08-07,2026-08-07,CM,NSE,STK,527,INE094J01016,UTIAMC,EQ,,,,,UTI ASSET MNGMT CO LTD,900.30,902.60,895.00,896.65,897.40,900.30,,896.65,,,54661,49066277.20,4693,F1,1,,,,,
2026-08-07,2026-08-07,CM,NSE,STK,764180,INF789F1AG68,LIQUIDBETA,EQ,,,,,UTIAMC - LIQUIDBETA,1003.45,1003.45,1003.45,1003.45,1003.45,1002.91,,1003.45,,,2,2006.90,2,F1,1,,,,,
2026-08-07,2026-08-07,CM,NSE,STK,22440,INF789F1AUV1,BANKBETA,EQ,,,,,UTIAMC-BANKBETA,60.38,60.38,59.68,59.74,60.08,60.08,,59.74,,,1700953,101598421.15,513,F1,1,,,,,
2026-08-07,2026-08-07,CM,NSE,STK,22524,INF789F1AZF3,GILT10BETA,EQ,,,,,UTIAMC-GILT10BETA,26.83,26.99,26.46,26.47,26.91,26.83,,26.47,,,315,8424.52,16,F1,1,,,,,
2026-08-07,2026-08-07,CM,NSE,STK,22521,INF789F1AZE6,GILT5BETA,EQ,,,,,UTIAMC-GILT5BETA,67.29,67.29,65.98,67.29,67.29,67.26,,66.63,,,41,2732.27,6,F1,1,,,,,
2026-08-07,2026-08-07,CM,NSE,STK,22488,INF789F1AZD8,ITBETA,EQ,,,,,UTIAMC-ITBETA,326.55,334.68,325.00,331.88,334.00,323.33,,331.88,,,24232,8031219.32,160,F1,1,,,,,
2026-08-07,2026-08-07,CM,NSE,STK,18347,INF789F1AYX9,MIDCAPBETA,EQ,,,,,UTIAMC-MIDCAPBETA,236.29,237.00,235.25,236.76,235.25,235.73,,236.76,,,560,132172.83,33,F1,1,,,,,
2026-08-07,2026-08-07,CM,NSE,STK,21478,INF789F1AUW9,NEXT50BETA,EQ,,,,,UTIAMC-NEXT50BETA,79.24,80.89,79.24,80.47,79.82,79.77,,80.47,,,175261,14116104.37,722,F1,1,,,,,
2026-08-07,2026-08-07,CM,NSE,STK,10511,INF789F1AZC0,NIFTYBETA,EQ,,,,,UTIAMC-NIFTYBETA,275.81,275.81,270.79,272.76,273.60,272.82,,272.76,,,15445,4209970.82,354,F1,1,,,,,
2026-08-07,2026-08-07,CM,NSE,STK,10515,INF789FB1X58,SENSEXBETA,EQ,,,,,UTIAMC-SENSEXBETA,868.98,874.39,868.21,870.65,870.20,863.74,,870.59,,,1099,957269.17,130,F1,1,,,,,
2026-08-07,2026-08-07,CM,NSE,STK,15085,INF789F1AYK6,SILVERBETA,EQ,,,,,UTIAMC-SILVERBETA,217.36,223.27,216.90,222.60,221.30,216.64,,222.60,,,453597,100292006.63,4493,F1,1,,,,,
2026-08-07,2026-08-07,CM,NSE,STK,9168,INF789F1AUU3,SNXT50BETA,EQ,,,,,UTIAMC-SNXT50BETA,96.66,96.95,95.06,95.55,96.53,96.18,,95.57,,,1395,134101.43,97,F1,1,,,,,
2026-08-07,2026-08-07,CM,NSE,STK,14535,INF789F1AUX7,GOLDBETA,EQ,,,,,UTIAMC-UTIGOLDBETA,124.50,125.80,124.05,125.70,125.65,124.55,,125.69,,,338572,42318353.70,2690,F1,1,,,,,
2026-08-07,2026-08-07,CM,NSE,STK,751580,INE1V1R01014,UTKAL,SM,,,,,UTKAL SPEC INDUS INDIA L,45.60,46.10,42.50,46.10,46.10,43.95,,46.10,,,168000,7578700.00,69,F1,2000,,,,,
2026-08-07,2026-08-07,CM,NSE,STK,17358,INE735W01017,UTKARSHBNK,EQ,,,,,UTKARSH SMALL FIN BANK L,14.40,14.40,14.15,14.19,14.22,14.37,,14.19,,,2519954,35927112.13,5443,F1,1,,,,,
2026-08-07,2026-08-07,CM,NSE,STK,24729,INE06IJ01010,UTSSAV,ST,,,,,UTSSAV CZ GOLD JEWELS LTD,510.00,516.00,508.00,515.00,515.00,508.00,,515.00,,,24600,12633000.00,24,F1,600,,,,,
2026-08-07,2026-08-07,CM,NSE,STK,13376,INE786F01031,UTTAMSUGAR,EQ,,,,,UTTAM SUGAR MILLS LTD.,253.10,257.00,251.00,252.77,251.00,254.82,,252.74,,,61564,15636979.89,2174,F1,1,,,,,
2026-08-07,2026-08-07,CM,NSE,STK,3188,INE0GXK01018,VMARCIND,SM,,,,,V MARC INDIA LIMITED,334.95,334.95,306.10,316.00,316.95,328.95,,316.00,,,511500,161587650.00,296,F1,1500,,,,,
2026-08-07,2026-08-07,CM,NSE,STK,23018,INE0QQM01017,VR,SM,,,,,V R INFRASPACE LIMITED,144.65,144.65,144.65,144.65,144.65,137.80,,144.65,,,400,57860.00,1,F1,400,,,,,
2026-08-07,2026-08-07,CM,NSE,STK,15362,INE951I01027,VGUARD,EQ,,,,,V-GUARD IND LTD.,319.00,327.35,312.10,319.65,321.00,322.25,,319.56,,,1204577,387104454.75,16822,F1,1,,,,,
2026-08-07,2026-08-07,CM,NSE,STK,14766,INE945H01021,V2RETAIL,EQ,,,,,V2 RETAIL LIMITED,218.31,220.50,216.00,219.44,220.50,218.31,,219.45,,,698894,152564303.81,22369,F1,1,,,,,
2026-08-07,2026-08-07,CM,NSE,STK,20188,INE956G01038,WABAG,EQ,,,,,VA TECH WABAG LTD,1987.00,1989.80,1950.10,1957.70,1956.70,1990.70,,1957.67,,,175872,345329311.80,15408,F1,1,,,,,
2026-08-07,2026-08-07,CM,NSE,STK,24196,INE694D01016,VADILALIND,EQ,,,,,VADILAL INDUSTRIES LTD,7290.00,7350.00,7098.00,7207.50,7216.00,7327.50,,7207.49,,,26596,190627708.50,5144,F1,1,,,,,
2026-08-07,2026-08-07,CM,NSE,STK,11364,INE884A01027,VAIBHAVGBL,EQ,,,,,VAIBHAV GLOBAL LIMITED,243.05,246.40,241.00,242.95,242.00,242.60,,242.93,,,327863,79787320.85,7116,F1,1,,,,,
2026-08-07,2026-08-07,CM,NSE,STK,8262,INE0JR301013,MADHAVBAUG,ST,,,,,VAIDYA SANE AYUR LAB LTD,183.50,190.00,180.90,188.85,180.90,190.00,,188.85,,,5200,978320.00,10,F1,400,,,,,
2026-08-07,2026-08-07,CM,NSE,STK,16589,INE972X01022,VAISHALI,EQ,,,,,VAISHALI PHARMA LIMITED,7.82,8.19,7.82,7.88,7.95,7.98,,7.88,,,88804,703691.14,150,F1,1,,,,,
2026-08-07,2026-08-07,CM,NSE,STK,13342,INE051B01021,VAKRANGEE,EQ,,,,,VAKRANGEE LIMITED,6.00,6.02,5.95,5.99,6.01,6.00,,5.99,,,663946,3973584.12,1185,F1,1,,,,,
2026-08-07,2026-08-07,CM,NSE,STK,19220,INE0JWS01017,VALIANTLAB,BE,,,,,VALIANT LABORATORIES LTD,61.52,64.59,61.00,64.59,64.59,61.52,,64.59,,,23879,1522912.66,106,F1,1,,,,,
2026-08-07,2026-08-07,CM,NSE,STK,334,INE565V01010,VALIANTORG,BE,,,,,VALIANT ORGANICS LIMITED,282.00,291.00,278.10,288.50,286.00,278.70,,288.83,,,10394,2981542.05,208,F1,1,,,,,
2026-08-07,2026-08-07,CM,NSE,STK,18128,INE879I01012,DBREALTY,BE,,,,,VALOR ESTATE LIMITED,111.97,117.32,110.00,117.32,117.32,111.74,,117.30,,,718225,83323684.54,1721,F1,1,,,,,
2026-08-07,2026-08-07,CM,NSE,STK,763304,INE1E7Y01018,VALUE360,SM,,,,,VALUE 360 COMMUNICATION L,78.95,78.95,74.00,75.00,75.00,74.50,,75.00,,,13200,1010340.00,11,F1,1200,,,,,
2026-08-07,2026-08-07,CM,NSE,STK,13403,INE116G01013,VARDHACRLC,BE,,,,,VARDHAMAN ACRYLICS LTD,45.01,45.90,44.67,44.73,44.72,45.51,,44.73,,,17888,804869.15,147,F1,1,,,,,
2026-08-07,2026-08-07,CM,NSE,STK,11892,INE701A01023,VHL,EQ,,,,,VARDHMAN HOLDINGS LIMITED,3600.00,3649.80,3532.00,3568.70,3577.00,3579.00,,3568.45,,,1143,4121905.10,389,F1,1,,,,,
2026-08-07,2026-08-07,CM,NSE,STK,3646,INE835A01029,VARDMNPOLY,EQ,,,,,VARDHMAN POLYTEX LTD.,5.93,6.85,5.90,6.48,6.60,6.00,,6.47,,,1044397,6736059.90,1394,F1,1,,,,,
2026-08-07,2026-08-07,CM,NSE,STK,27067,INE050M01012,VSSL,EQ,,,,,VARDHMAN SPC STEEL LTD,332.55,344.70,328.00,341.85,342.85,333.85,,341.87,,,335632,113550442.40,9088,F1,1,,,,,
2026-08-07,2026-08-07,CM,NSE,STK,2073,INE825A01020,VTL,EQ,,,,,VARDHMAN TEXTILES LIMITED,605.00,615.30,601.75,606.75,607.80,602.20,,606.79,,,225767,137127175.85,11629,F1,1,,,,,
2026-08-07,2026-08-07,CM,NSE,STK,3857,INE665L01035,VARROC,EQ,,,,,VARROC ENGINEERING LTD.,720.00,836.30,713.45,811.20,804.00,737.85,,811.29,,,15190210,12267933714.55,342414,F1,1,,,,,
2026-08-07,2026-08-07,CM,NSE,STK,18921,INE200M01039,VBL,EQ,,,,,VARUN BEVERAGES LIMITED,444.05,447.35,439.55,442.00,442.00,444.00,,442.01,,,2472286,1093164695.05,32431,F1,1,,,,,
2026-08-07,2026-08-07,CM,NSE,STK,13771,INE273D01027,VGL,EQ,,,,,VARVEE GLOBAL LIMITED,61.97,63.37,60.20,61.28,61.00,62.28,,61.30,,,17269,1065992.09,418,F1,1,,,,,
2026-08-07,2026-08-07,CM,NSE,STK,16454,INE0N5801013,DENTALKART,SM,,,,,VASA DENTICITY LIMITED,393.10,411.50,392.00,408.55,411.50,393.80,,408.55,,,20000,8075875.00,74,F1,250,,,,,
2026-08-07,2026-08-07,CM,NSE,STK,18114,INE893I01013,VASCONEQ,BE,,,,,VASCON ENGINEERS LTD,32.20,33.83,32.20,33.64,33.75,33.03,,33.66,,,163946,5473932.26,447,F1,1,,,,,
2026-08-07,2026-08-07,CM,NSE,STK,25340,INE590L01019,VASWANI,EQ,,,,,VASWANI IND LTD,52.93,52.93,50.50,52.14,52.27,51.68,,52.14,,,39282,2021561.58,440,F1,1,,,,,
2026-08-07,2026-08-07,CM,NSE,STK,9020,INE098201036,VCL,EQ,,,,,VAXTEX COTFAB LIMITED,1.34,1.34,1.34,1.34,1.34,1.28,,1.34,,,162431,217657.54,58,F1,1,,,,,
2026-08-07,2026-08-07,CM,NSE,STK,757413,INE04HY07294,1025VCCL28,N0,,,,,VCCL 10.25% 2028,93941.00,93941.00,93000.00,93000.00,93000.00,96381.04,,93000.00,,,5,466881.55,3,F1,1,,,,,
2026-08-07,2026-08-07,CM,NSE,STK,760049,INE04HY07377,115VCCL28,N0,,,,,VCCL 11.5% 2028 SR C,99100.01,99100.01,99100.01,99100.01,99100.01,99100.01,,99100.01,,,2,198200.02,1,F1,1,,,,,
2026-08-07,2026-08-07,CM,NSE,STK,29274,INE04HY07203,12VCCL29A,N0,,,,,VCCL12% 2029,99000.00,99000.00,98150.00,98325.00,98325.00,99000.00,,98325.00,,,15,1475200.00,8,F1,1,,,,,
2026-08-07,2026-08-07,CM,NSE,STK,763380,INE04HY07401,115VCCL31A,N0,,,,,VCCL31A 11.5% 2031,9700.00,9700.00,9650.00,9650.00,9650.00,9800.00,,9650.00,,,21,203050.00,4,F1,1,,,,,
2026-08-07,2026-08-07,CM,NSE,STK,25054,INE0U2M01015,VDEAL,SM,,,,,VDEAL SYSTEM LIMITED,162.60,165.90,162.60,164.00,164.00,155.00,,164.00,,,3600,591300.00,6,F1,600,,,,,
2026-08-07,2026-08-07,CM,NSE,STK,8167,INE825V01034,MANYAVAR,EQ,,,,,VEDANT FASHIONS LIMITED,500.35,529.00,493.45,516.90,510.50,500.35,,516.99,,,2629328,1356341670.65,50937,F1,1,,,,,
2026-08-07,2026-08-07,CM,NSE,STK,750174,INE1CDF01017,VAML,EQ,,,,,VEDANTA ALUMINIUM METAL L,481.00,483.40,468.00,470.05,469.00,480.65,,470.05,,,7677653,3649469773.45,83430,F1,1,,,,,
2026-08-07,2026-08-07,CM,NSE,STK,750290,INE1CLE01013,VISL,EQ,,,,,VEDANTA IRON AND STEEL L,35.60,36.24,34.80,35.21,35.15,35.89,,35.21,,,23801877,843497957.48,44809,F1,1,,,,,
2026-08-07,2026-08-07,CM,NSE,STK,3063,INE205A01025,VEDL,EQ,,,,,VEDANTA LIMITED,273.95,278.85,271.85,278.85,278.85,275.00,,278.84,,,10287563,2829665560.55,76627,F1,1,,,,,
2026-08-07,2026-08-07,CM,NSE,STK,750368,INE704J01044,VOGL,EQ,,,,,VEDANTA OIL AND GAS LTD,35.83,36.44,34.61,34.91,34.64,35.90,,34.91,,,28865567,1025438746.63,59123,F1,1,,,,,
2026-08-07,2026-08-07,CM,NSE,STK,750518,INE694L01019,VEDPOWER,EQ,,,,,VEDANTA POWER LIMITED,35.70,36.35,35.30,35.46,35.49,35.78,,35.46,,,15005706,537653005.25,45105,F1,1,,,,,
2026-08-07,2026-08-07,CM,NSE,STK,14019,INE484C01030,VEEDOL,EQ,,,,,VEEDOL CORPORATION LTD,1493.00,1516.90,1484.90,1497.30,1498.00,1489.90,,1497.28,,,18945,28418373.80,1921,F1,1,,,,,
2026-08-07,2026-08-07,CM,NSE,STK,10710,INE0KTW01013,VEEKAYEM,SM,,,,,VEEKAYEM FASH & APP LTD,120.00,120.00,120.00,120.00,120.00,122.15,,120.00,,,500,60000.00,1,F1,500,,,,,
2026-08-07,2026-08-07,CM,NSE,STK,762969,INE232E01013,VELJAN,BE,,,,,VELJAN DENISON LTD.,1660.00,1710.00,1636.00,1706.40,1710.00,1651.80,,1706.40,,,876,1477437.00,55,F1,1,,,,,
2026-08-07,2026-08-07,CM,NSE,STK,3757,INE398A01010,VENKEYS,EQ,,,,,VENKY S (INDIA) LIMITED,1561.10,1596.90,1560.00,1573.40,1561.10,1565.10,,1573.52,,,22629,35771078.50,2019,F1,1,,,,,
2026-08-07,2026-08-07,CM,NSE,STK,28847,INE781S01027,VENTIVE,EQ,,,,,VENTIVE HOSPITALITY LTD,616.00,618.45,590.20,599.90,603.20,612.80,,600.17,,,33822,20475750.35,1554,F1,1,,,,,
2026-08-07,2026-08-07,CM,NSE,STK,9592,INE0JA001018,VENUSPIPES,EQ,,,,,VENUS PIPES & TUBES LTD,1589.90,1629.20,1583.30,1604.00,1597.50,1589.90,,1604.01,,,40889,65653097.00,3159,F1,1,,,,,
2026-08-07,2026-08-07,CM,NSE,STK,13856,INE411B01019,VENUSREM,BE,,,,,VENUS REMEDIES LIMITED,1562.70,1584.90,1521.00,1540.70,1561.90,1562.70,,1540.75,,,35465,54963427.50,1281,F1,1,,,,,
2026-08-07,2026-08-07,CM,NSE,STK,8890,INE0IQ001011,VERANDA,EQ,,,,,VERANDA LEARNING SOL LTD,260.85,261.00,253.80,257.95,256.60,258.30,,257.94,,,222459,57223578.60,4323,F1,1,,,,,
2026-08-07,2026-08-07,CM,NSE,STK,23775,INE0SRI01019,VERITAAS,SM,,,,,VERITAAS ADVERTISING LTD,33.10,33.30,33.10,33.30,33.30,34.80,,33.30,,,2400,79680.00,2,F1,1200,,,,,
2026-08-07,2026-08-07,CM,NSE,STK,10757,INE0KXY23015,VERTIS,IV,,,,,VERTIS INFRASTRUCTURE TST,113.00,113.00,113.00,113.00,113.00,111.05,,113.00,,,25000,2825000.00,1,F1,25000,,,,,
2026-08-07,2026-08-07,CM,NSE,STK,18865,INE188Y01031,VERTOZ,BE,,,,,VERTOZ LIMITED,36.50,36.50,34.36,35.96,35.87,35.73,,35.96,,,58150,2087421.68,263,F1,1,,,,,
2026-08-07,2026-08-07,CM,NSE,STK,3676,INE386A01023,VESUVIUS,EQ,,,,,VESUVIUS INDIA LTD,445.10,453.00,445.10,449.10,447.80,445.85,,449.08,,,34140,15334227.55,2406,F1,1,,,,,
2026-08-07,2026-08-07,CM,NSE,STK,8660,INE918N01018,VETO,BE,,,,,VETO SWITCHGEAR CABLE LTD,123.99,124.30,122.00,122.20,122.70,122.91,,122.19,,,9886,1212633.00,123,F1,1,,,,,
2026-08-07,2026-08-07,CM,NSE,STK,22730,INE0QTF01015,VSTL,EQ,,,,,VIBHOR STEEL TUBES LTD,107.20,108.39,106.10,107.01,107.20,108.27,,107.00,,,15337,1637426.41,642,F1,1,,,,,
2026-08-07,2026-08-07,CM,NSE,STK,23386,INE048C01025,VHLTD,BE,,,,,VICEROY HOTELS LIMITED,125.95,127.79,122.50,125.00,125.00,127.03,,125.00,,,45063,5611996.76,121,F1,1,,,,,
2026-08-07,2026-08-07,CM,NSE,STK,760694,INE0F8901022,VICTORYEV,ST,,,,,VICTORY ELEC VEHICL INT L,16.25,17.35,15.90,16.40,16.40,16.55,,16.40,,,24000,392850.00,8,F1,3000,,,,,
2026-08-07,2026-08-07,CM,NSE,STK,13536,INE632C01026,VIDHIING,EQ,,,,,VIDHI SPCLTY F INGRDNTS L,323.00,325.55,315.00,316.65,315.00,322.05,,315.17,,,11850,3787626.80,778,F1,1,,,,,
2026-08-07,2026-08-07,CM,NSE,STK,760224,INE14UN01029,VIDYAWIRES,EQ,,,,,VIDYA WIRES LIMITED,94.86,96.50,93.32,95.46,96.00,94.86,,95.45,,,839091,79530509.90,6330,F1,1,,,,,
2026-08-07,2026-08-07,CM,NSE,STK,758908,INE1DM601016,VIGOR,ST,,,,,VIGOR PLAST INDIA LIMITED,98.80,98.95,93.15,98.00,98.00,94.30,,98.00,,,25600,2471920.00,13,F1,1600,,,,,
2026-08-07,2026-08-07,CM,NSE,STK,5585,INE043W01024,VIJAYA,EQ,,,,,VIJAYA DIAGNOSTIC CEN LTD,1384.70,1433.00,1340.00,1351.10,1348.00,1369.80,,1351.19,,,576167,799274084.40,43548,F1,1,,,,,
2026-08-07,2026-08-07,CM,NSE,STK,760121,INE0WL901019,VIJAYPD,SM,,,,,VIJAYPD CEUTICAL LIMITED,62.00,64.00,57.00,62.50,63.00,63.90,,62.50,,,228000,13682900.00,19,F1,2000,,,,,
2026-08-07,2026-08-07,CM,NSE,STK,17695,INE159N01027,VIJIFIN,BE,,,,,VIJI FINANCE LIMITED,11.25,11.25,11.25,11.25,11.25,11.03,,11.32,,,1274766,14341117.50,198,F1,1,,,,,
2026-08-07,2026-08-07,CM,NSE,STK,25756,INE806A01020,VIKASECO,EQ,,,,,VIKAS ECOTECH LIMITED,1.12,1.13,1.11,1.11,1.13,1.11,,1.11,,,1265413,1411848.39,886,F1,1,,,,,
2026-08-07,2026-08-07,CM,NSE,STK,9931,INE161L01027,VIKASLIFE,EQ,,,,,VIKAS LIFECARE LIMITED,1.26,1.27,1.25,1.26,1.27,1.26,,1.26,,,2019619,2546970.26,8470,F1,1,,,,,
2026-08-07,2026-08-07,CM,NSE,STK,759453,INE078V01014,VIKRAMSOLR,EQ,,,,,VIKRAM SOLAR LIMITED,163.00,168.54,155.38,164.34,165.40,173.96,,164.31,,,10449640,1717949426.38,103237,F1,1,,,,,
2026-08-07,2026-08-07,CM,NSE,STK,758973,INE01R501028,VIKRAN,EQ,,,,,VIKRAN ENGINEERING LTD,71.50,72.10,71.10,71.59,71.45,71.71,,71.59,,,630957,45272560.85,3740,F1,1,,,,,
2026-08-07,2026-08-07,CM,NSE,STK,23909,INE0AZY01017,VILAS,SM,,,,,VILAS TRANSCORE LIMITED,369.00,370.85,363.15,364.65,365.00,365.95,,364.65,,,11000,4031412.50,39,F1,250,,,,,
2026-08-07,2026-08-07,CM,NSE,STK,16954,INE0L4V01013,VILINBIO,SM,,,,,VILIN BIO MED LIMITED,40.70,44.05,40.70,44.05,44.05,42.75,,44.05,,,12000,501800.00,3,F1,4000,,,,,
2026-08-07,2026-08-07,CM,NSE,STK,13101,INE579C01029,VIMTALABS,EQ,,,,,VIMTA LABS LIMITED,636.90,656.95,633.05,651.25,654.00,641.95,,651.21,,,161145,104732389.50,6958,F1,1,,,,,
2026-08-07,2026-08-07,CM,NSE,STK,17364,INE410B01037,VINATIORGA,EQ,,,,,VINATI ORGANICS LTD,1337.70,1349.40,1320.00,1324.90,1325.00,1349.60,,1324.84,,,22739,30290196.30,3080,F1,1,,,,,
2026-08-07,2026-08-07,CM,NSE,STK,3694,INE707A01012,VINDHYATEL,EQ,,,,,VINDHYA TELELINKS LTD,2310.00,2310.00,2211.00,2241.70,2269.00,2286.90,,2241.86,,,49404,110860862.00,5464,F1,1,,,,,
2026-08-07,2026-08-07,CM,NSE,STK,3809,INE505Y01010,VINEETLAB,BE,,,,,VINEET LABORATORIES LTD,39.20,39.20,36.77,36.99,37.00,38.70,,37.01,,,73360,2719007.13,136,F1,1,,,,,
2026-08-07,2026-08-07,CM,NSE,STK,763821,INE27V201011,VMOBILE,SM,,,,,VINIT MOBILE LIMITED,68.95,71.05,66.60,67.20,67.05,69.15,,67.20,,,31200,2149680.00,37,F1,800,,,,,
2026-08-07,2026-08-07,CM,NSE,STK,12490,INE01KI01027,VINNY,EQ,,,,,VINNY OVERSEAS LIMITED,1.06,1.08,1.06,1.07,1.08,1.07,,1.07,,,91032,97896.48,101,F1,1,,,,,
2026-08-07,2026-08-07,CM,NSE,STK,17905,INE0OSJ01014,VINSYS,ST,,,,,VINSYS IT SERVICES IND LT,575.00,577.00,569.00,577.00,577.00,570.00,,577.00,,,11000,6278787.50,39,F1,250,,,,,
2026-08-07,2026-08-07,CM,NSE,STK,25835,INE498Q01014,VINCOFE,EQ,,,,,VINTAGE COFFEE N BVRGS L,150.90,151.88,146.77,148.24,149.10,150.30,,148.24,,,1882332,280478494.29,12453,F1,1,,,,,
2026-08-07,2026-08-07,CM,NSE,STK,19206,INE0OLS01010,VINYAS,SM,,,,,VINYAS INNOVATIVE TECH L,1300.00,1305.00,1266.00,1282.50,1282.00,1269.60,,1282.50,,,6800,8791555.00,54,F1,100,,,,,
2026-08-07,2026-08-07,CM,NSE,STK,16821,INE250B01029,VINYLINDIA,EQ,,,,,VINYL CHEMICALS (I) LTD.,249.90,249.90,241.80,242.72,242.00,244.38,,242.71,,,9936,2430782.59,371,F1,1,,,,,
2026-08-07,2026-08-07,CM,NSE,STK,14847,INE450G01024,VIPCLOTHNG,BE,,,,,VIP CLOTHING LIMITED,21.45,21.45,20.60,20.73,20.70,21.64,,20.50,,,78219,1642635.27,385,F1,1,,,,,
2026-08-07,2026-08-07,CM,NSE,STK,3703,INE054A01027,VIPIND,EQ,,,,,VIP INDUSTRIES LTD,316.00,317.95,311.05,315.00,315.70,314.50,,315.01,,,103450,32548077.70,2665,F1,1,,,,,
2026-08-07,2026-08-07,CM,NSE,STK,8437,INE946H01037,VIPULLTD,BE,,,,,VIPUL LIMITED,12.31,12.65,11.80,11.89,11.85,12.31,,11.89,,,114213,1372085.31,405,F1,1,,,,,
2026-08-07,2026-08-07,CM,NSE,STK,15295,INE539B01017,VIRINCHI,EQ,,,,,VIRINCHI LIMITED,15.50,15.90,15.49,15.76,15.75,15.49,,15.76,,,45034,709606.68,248,F1,1,,,,,
2026-08-07,2026-08-07,CM,NSE,STK,757060,INE0VRH01015,VGINFOTECH,SM,,,,,VIRTUAL GALAXY INFOTECH L,156.50,157.50,155.00,157.00,157.20,155.65,,157.00,,,22000,3440650.00,22,F1,1000,,,,,
2026-08-07,2026-08-07,CM,NSE,STK,761916,INE0I0T01010,VOEPL,EQ,,,,,VIRTUOSO OPTOELECTRONIC L,508.95,516.95,504.05,505.95,506.00,508.70,,505.92,,,62820,32024751.05,1934,F1,1,,,,,
2026-08-07,2026-08-07,CM,NSE,STK,13298,INE286H01012,VISACHROME,BE,,,,,VISA CHROME LIMITED,38.00,38.00,37.00,37.99,38.00,37.99,,37.99,,,10162,382395.21,55,F1,1,,,,,
2026-08-07,2026-08-07,CM,NSE,STK,29877,INE370E01029,VIVIDHA,EQ,,,,,VISAGAR POLYTEX LTD,0.52,0.56,0.52,0.52,0.53,0.53,,0.52,,,289203,155313.31,234,F1,1,,,,,
2026-08-07,2026-08-07,CM,NSE,STK,4221,INE392A01021,VISAKAIND,EQ,,,,,VISAKA INDUSTRIES LIMITED,90.29,100.97,88.48,98.72,100.00,86.39,,98.72,,,14124593,1348052398.57,70545,F1,1,,,,,
2026-08-07,2026-08-07,CM,NSE,STK,27969,INE01EA01019,VMM,EQ,,,,,VISHAL MEGA MART LIMITED,109.52,110.08,107.93,108.72,108.72,109.52,,108.71,,,7431528,806912733.50,38540,F1,1,,,,,
2026-08-07,2026-08-07,CM,NSE,STK,6908,INE270I01022,VISHNU,EQ,,,,,VISHNU CHEMICALS LIMITED,590.00,599.60,582.00,586.60,584.05,594.80,,586.59,,,71792,42212097.85,4202,F1,1,,,,,
2026-08-07,2026-08-07,CM,NSE,STK,18343,INE0AE001013,VPRPL,BE,,,,,VISHNU PRAKASH R PUNGLI L,29.46,30.93,29.00,30.93,30.93,29.46,,30.94,,,355232,10792046.02,872,F1,1,,,,,
2026-08-07,2026-08-07,CM,NSE,STK,19300,INE0PQ001012,VISHNUINFR,SM,,,,,VISHNUSURYA PROJ N INFR L,159.50,160.00,153.50,154.10,154.20,160.70,,154.10,,,7000,1087150.00,13,F1,500,,,,,
2026-08-07,2026-08-07,CM,NSE,STK,13702,INE430N01022,VISHWARAJ,EQ,,,,,VISHWARAJ SUGAR IND LTD,5.28,5.40,5.28,5.32,5.34,5.30,,5.32,,,93525,499417.54,262,F1,1,,,,,
2026-08-07,2026-08-07,CM,NSE,STK,25231,INE0TR001017,VIESL,SM,,,,,VISION INFRA EQUIP SOL L,308.00,312.50,307.00,312.50,312.50,310.00,,312.50,,,7200,2227720.00,9,F1,800,,,,,
2026-08-07,2026-08-07,CM,NSE,STK,761150,INE0L4K01016,VITAL,BE,,,,,VITAL CHEMTECH LIMITED,50.49,50.49,50.30,50.45,50.45,49.50,,50.45,,,4573,230287.93,13,F1,1,,,,,
2026-08-07,2026-08-07,CM,NSE,STK,763637,INE0MEG01014,VIVIANA,BE,,,,,VIVIANA POWER TECH LTD,717.90,719.00,705.00,715.80,716.00,710.20,,715.80,,,18441,13152263.00,371,F1,1,,,,,
2026-08-07,2026-08-07,CM,NSE,STK,761771,INE24H301028,VIVIDEL,ST,,,,,VIVID ELECTROMECH LIMITED,1448.00,1448.00,1448.00,1448.00,1448.00,1379.05,,1448.00,,,14880,21546240.00,41,F1,240,,,,,
2026-08-07,2026-08-07,CM,NSE,STK,11968,INE526G01021,VIVIMEDLAB,BE,,,,,VIVIMED LABS LIMITED,4.95,5.19,4.95,5.01,5.07,5.04,,5.05,,,20886,104044.50,84,F1,1,,,,,
2026-08-07,2026-08-07,CM,NSE,STK,7610,INE0IA701014,VIVO,SM,,,,,VIVO COLLAB SOLUTIONS LTD,114.05,114.05,114.05,114.05,114.05,108.65,,114.05,,,3200,364960.00,2,F1,1600,,,,,
2026-08-07,2026-08-07,CM,NSE,STK,14296,INE807F01027,VIYASH,EQ,,,,,VIYASH SCIENTIFIC LIMITED,272.90,281.00,271.30,277.00,278.55,272.65,,277.01,,,2066705,572464834.40,30516,F1,1,,,,,
2026-08-07,2026-08-07,CM,NSE,STK,18021,INE03HW01020,VLEGOV,BE,,,,,VL E GOV AND IT SOL LTD,10.95,10.95,10.94,10.94,10.94,10.97,,10.95,,,23903,261638.63,104,F1,1,,,,,
2026-08-07,2026-08-07,CM,NSE,STK,3715,INE709A01018,VLSFINANCE,EQ,,,,,VLS FINANCE LTD,260.15,268.00,260.15,265.10,264.90,261.45,,265.10,,,9563,2531713.95,384,F1,1,,,,,
2026-08-07,2026-08-07,CM,NSE,STK,29284,INE665J01013,VMART,EQ,,,,,VMART RETAIL LTD,815.00,819.80,785.40,799.35,788.90,813.90,,799.34,,,61913,49989188.10,4714,F1,1,,,,,
2026-08-07,2026-08-07,CM,NSE,STK,759153,INE0SJA01013,VMSTMT,BE,,,,,VMS TMT LIMITED,44.95,46.70,44.90,46.11,46.40,44.75,,46.09,,,43547,1998073.89,266,F1,1,,,,,
2026-08-07,2026-08-07,CM,NSE,STK,14366,INE669E01016,IDEA,EQ,,,,,VODAFONE IDEA LIMITED,12.64,12.88,12.60,12.73,12.73,12.63,,12.73,,,205855564,2619873077.47,381520,F1,1,,,,,
2026-08-07,2026-08-07,CM,NSE,STK,29658,INE241X01014,VOLERCAR,SM,,,,,VOLER CAR LIMITED,212.95,222.85,212.95,220.00,220.00,212.90,,220.00,,,48000,10533880.00,23,F1,800,,,,,
2026-08-07,2026-08-07,CM,NSE,STK,13577,INE540H01012,VOLTAMP,EQ,,,,,VOLTAMP TRANSFORMERS LTD,9944.00,10095.00,9854.00,9965.00,9950.00,9941.00,,9964.88,,,29132,290659596.00,12966,F1,1,,,,,
2026-08-07,2026-08-07,CM,NSE,STK,3718,INE226A01021,VOLTAS,EQ,,,,,VOLTAS LTD,1275.00,1303.70,1271.90,1285.00,1285.00,1275.00,,1284.99,,,811972,1043139787.70,34403,F1,1,,,,,
2026-08-07,2026-08-07,CM,NSE,STK,24321,INE0S2V01010,VRAJ,EQ,,,,,VRAJ IRON AND STEEL LTD,123.13,124.00,122.70,123.40,123.13,122.26,,123.40,,,15423,1902075.24,441,F1,1,,,,,
2026-08-07,2026-08-07,CM,NSE,STK,8696,INE366I01010,VRLLOG,EQ,,,,,VRL LOGISTICS LIMITED,285.00,288.90,280.00,281.35,280.00,284.65,,281.35,,,256801,72743681.80,8615,F1,1,,,,,
2026-08-07,2026-08-07,CM,NSE,STK,3724,INE710A01016,VSTIND,EQ,,,,,VST INDUSTRIES LTD,219.56,220.99,219.10,219.77,220.10,219.56,,219.65,,,114183,25103716.45,2747,F1,1,,,,,
2026-08-07,2026-08-07,CM,NSE,STK,24292,INE764D01017,VSTTILLERS,EQ,,,,,VST TILLERS TRACTORS LTD,4566.10,4587.40,4465.30,4487.40,4499.00,4545.10,,4487.76,,,18515,83519023.20,2732,F1,1,,,,,
2026-08-07,2026-08-07,CM,NSE,STK,762978,INE765D01022,WPIL,EQ,,,,,W P I L LTD.,438.00,442.45,431.00,436.40,435.05,438.90,,436.38,,,32184,14014364.25,2202,F1,1,,,,,
2026-08-07,2026-08-07,CM,NSE,STK,14828,INE100D01014,WSI,EQ,,,,,W.S.INDUSTRIES (I) LTD.,60.10,61.09,59.65,59.92,60.00,60.07,,59.92,,,41415,2495016.62,442,F1,1,,,,,
2026-08-07,2026-08-07,CM,NSE,STK,25907,INE377N01017,WAAREEENER,EQ,,,,,WAAREE ENERGIES LIMITED,2663.90,2730.00,2656.90,2717.00,2717.00,2660.90,,2714.47,,,777123,2102923673.80,45412,F1,1,,,,,
2026-08-07,2026-08-07,CM,NSE,STK,756038,INE299N01021,WAAREERTL,EQ,,,,,WAAREE RENEWABLE TECH LTD,905.00,914.75,904.00,908.65,908.25,905.15,,908.68,,,74919,68109885.75,4474,F1,1,,,,,
2026-08-07,2026-08-07,CM,NSE,STK,760259,INE0E7301029,WAKEFIT,EQ,,,,,WAKEFIT INNOVATIONS LTD,135.39,136.50,127.00,127.76,127.50,127.90,,127.76,,,6636699,877091194.45,51506,F1,1,,,,,
2026-08-07,2026-08-07,CM,NSE,STK,3736,INE711A01022,WALCHANNAG,EQ,,,,,WALCHANDNAGAR INDUSTRIES,231.00,233.30,227.82,230.74,230.00,231.82,,230.74,,,323009,74524339.60,5031,F1,1,,,,,
2026-08-07,2026-08-07,CM,NSE,STK,14063,INE107F01022,WANBURY,EQ,,,,,WANBURY LIMITED,272.60,276.20,253.95,254.95,255.00,274.25,,254.95,,,574426,150377778.70,9316,F1,1,,,,,
2026-08-07,2026-08-07,CM,NSE,STK,762163,INE0LZF01013,CORDELIA,EQ,,,,,WATERWAYS LEISURE TOUR L,846.35,849.00,820.60,841.15,845.00,846.35,,841.02,,,132672,110385377.30,5410,F1,1,,,,,
2026-08-07,2026-08-07,CM,NSE,STK,9865,INE082W01014,WEWIN,BE,,,,,WE WIN LIMITED,47.04,47.04,46.00,47.00,47.00,45.90,,47.00,,,1762,82200.92,17,F1,1,,,,,
2026-08-07,2026-08-07,CM,NSE,STK,760482,INF2F0001370,TWCGOLDETF,EQ,,,,,WEALTH - TWCGOLDETF,147.10,148.99,146.83,148.89,148.86,147.50,,148.89,,,13396,1990607.25,93,F1,1,,,,,
2026-08-07,2026-08-07,CM,NSE,STK,1923,INE658T01017,WEALTH,EQ,,,,,WEALTH FRST PORT. MG. LTD,935.90,944.70,930.20,937.55,939.75,925.95,,938.54,,,2073,1942213.65,130,F1,1,,,,,
2026-08-07,2026-08-07,CM,NSE,STK,14602,INE855C01023,WEBELSOLAR,EQ,,,,,WEBSOL ENERGY SYSTEM LTD,92.25,97.70,92.25,96.38,95.00,93.61,,96.39,,,1779441,170398791.28,10382,F1,1,,,,,
2026-08-07,2026-08-07,CM,NSE,STK,3748,INE080A01014,WEIZMANIND,EQ,,,,,WEIZMANN LTD,79.00,80.00,76.16,78.46,78.10,79.97,,78.49,,,2095,165085.72,55,F1,1,,,,,
2026-08-07,2026-08-07,CM,NSE,STK,11821,INE191B01025,WELCORP,EQ,,,,,WELSPUN CORP LIMITED,1821.80,1865.00,1821.30,1839.80,1840.00,1819.60,,1839.79,,,718142,1326847718.20,36667,F1,1,,,,,
2026-08-07,2026-08-07,CM,NSE,STK,11626,INE625G01013,WELENT,EQ,,,,,WELSPUN ENTERPRISES LTD.,572.70,592.00,567.95,588.90,585.50,567.80,,588.91,,,414021,240831247.05,10869,F1,1,,,,,
2026-08-07,2026-08-07,CM,NSE,STK,19804,INE389K01018,WELINV,BE,,,,,WELSPUN INV & COMM LTD,1869.90,1869.90,1808.30,1851.00,1851.00,1851.40,,1851.00,,,128,236803.50,13,F1,1,,,,,
2026-08-07,2026-08-07,CM,NSE,STK,11253,INE192B01031,WELSPUNLIV,EQ,,,,,WELSPUN LIVING LIMITED,159.25,169.70,159.25,164.09,164.00,159.25,,164.09,,,5904913,984357934.68,55024,F1,1,,,,,
2026-08-07,2026-08-07,CM,NSE,STK,762971,INE731F01037,WELSPLSOL,EQ,,,,,WELSPUN SPECIALTY SOL L,50.80,50.80,49.00,50.01,50.25,50.02,,49.98,,,271106,13469175.86,1738,F1,1,,,,,
2026-08-07,2026-08-07,CM,NSE,STK,4235,INE274C01019,WENDT,EQ,,,,,WENDT (INDIA) LIMITED,8090.00,8300.00,8074.50,8151.00,8121.00,8063.50,,8149.64,,,5174,42445386.50,1524,F1,1,,,,,
2026-08-07,2026-08-07,CM,NSE,STK,3799,INE976A01021,WSTCSTPAPR,EQ,,,,,WEST COAST PAPER MILLS LT,595.00,601.80,589.75,599.10,599.00,594.35,,599.11,,,129197,77266901.00,5990,F1,1,,,,,
2026-08-07,2026-08-07,CM,NSE,STK,25403,INE0CJF01024,WCIL,EQ,,,,,WESTERN CARRIERS (IND) L,89.89,91.00,86.98,88.46,88.85,89.88,,88.48,,,80759,7146166.87,1642,F1,1,,,,,
2026-08-07,2026-08-07,CM,NSE,STK,11580,INE274F01020,WESTLIFE,EQ,,,,,WESTLIFE FOODWORLD LTD,572.80,608.95,566.75,594.85,586.00,578.75,,594.85,,,148955,87587989.10,13382,F1,1,,,,,
2026-08-07,2026-08-07,CM,NSE,STK,759434,INE085001019,WEWORK,EQ,,,,,WEWORK INDIA MANAGEMENT L,748.20,774.90,746.15,755.40,752.15,748.20,,755.24,,,240738,182857088.65,13719,F1,1,,,,,
2026-08-07,2026-08-07,CM,NSE,STK,3766,INE715A01015,WHEELS,EQ,,,,,WHEELS INDIA LTD,1402.00,1418.00,1380.00,1386.80,1388.00,1404.30,,1386.84,,,37400,52237302.00,3623,F1,1,,,,,
2026-08-07,2026-08-07,CM,NSE,STK,18011,INE716A01013,WHIRLPOOL,EQ,,,,,WHIRLPOOL OF INDIA LTD,825.00,840.00,801.60,813.15,813.60,830.45,,813.17,,,394483,324322556.05,16649,F1,1,,,,,
2026-08-07,2026-08-07,CM,NSE,STK,3772,INE210A01017,WILLAMAGOR,EQ,,,,,WILLIAMSON MAGOR,25.34,27.24,25.34,26.41,26.41,25.25,,26.63,,,396,10355.62,28,F1,1,,,,,
2026-08-07,2026-08-07,CM,NSE,STK,5366,INE0H5O01029,WINDLAS,EQ,,,,,WINDLAS BIOTECH LIMITED,873.05,888.45,861.80,882.85,879.00,873.75,,882.93,,,59521,52183004.45,3686,F1,1,,,,,
2026-08-07,2026-08-07,CM,NSE,STK,24969,INE052A01021,WINDMACHIN,EQ,,,,,WINDSOR MACHINES LIMITED,276.00,310.00,265.60,303.55,306.75,276.50,,303.58,,,1605708,482417697.15,26123,F1,1,,,,,
2026-08-07,2026-08-07,CM,NSE,STK,23714,INE0S3D01016,WINSOL,SM,,,,,WINSOL ENGINEERS LIMITED,112.00,112.05,107.90,112.00,112.00,112.25,,112.00,,,14000,1558500.00,25,F1,400,,,,,
2026-08-07,2026-08-07,CM,NSE,STK,3787,INE075A01022,WIPRO,EQ,,,,,WIPRO LTD,185.87,188.37,185.65,187.53,187.53,186.12,,187.52,,,7823102,1464359024.58,50716,F1,1,,,,,
2026-08-07,2026-08-07,CM,NSE,STK,22725,INE623Y01011,WTICAB,SM,,,,,WISE TRAVEL INDIA LIMITED,117.00,117.00,114.10,114.70,115.00,116.10,,114.70,,,4500,520550.00,9,F1,500,,,,,
2026-08-07,2026-08-07,CM,NSE,STK,7506,INE049B01025,WOCKPHARMA,EQ,,,,,WOCKHARDT LIMITED,1966.10,2028.00,1966.10,2021.00,2020.00,1975.00,,2020.98,,,547985,1097523697.80,23232,F1,1,,,,,
2026-08-07,2026-08-07,CM,NSE,STK,25605,INE0OO201011,WOL3D,ST,,,,,WOL 3D INDIA LIMITED,142.00,144.00,142.00,142.00,142.00,141.00,,142.00,,,4000,570000.00,4,F1,1000,,,,,
2026-08-07,2026-08-07,CM,NSE,STK,19627,INE0Q9601016,WOMANCART,SM,,,,,WOMANCART LIMITED,95.00,98.25,94.00,94.90,94.90,93.95,,94.90,,,17600,1676940.00,37,F1,400,,,,,
2026-08-07,2026-08-07,CM,NSE,STK,7835,INE02WG01024,WEL,EQ,,,,,WONDER ELECTRICALS LTD,123.50,133.70,121.11,129.70,129.75,120.30,,129.70,,,1103125,142214573.82,8881,F1,1,,,,,
2026-08-07,2026-08-07,CM,NSE,STK,3002,INE066O01014,WONDERLA,EQ,,,,,WONDERLA HOLIDAYS LTD.,485.20,496.20,481.20,493.15,492.75,485.80,,493.15,,,95481,46764279.70,6340,F1,1,,,,,
2026-08-07,2026-08-07,CM,NSE,STK,22277,INE196Y01018,WORTHPERI,EQ,,,,,WORTH PERIPHERALS LIMITED,146.86,169.80,146.11,163.13,163.00,149.86,,163.01,,,224589,36629404.43,2752,F1,1,,,,,
2026-08-07,2026-08-07,CM,NSE,STK,11705,INE692G01013,XCHANGING,EQ,,,,,XCHANGING SOLUTIONS LTD,68.55,68.61,67.07,67.24,67.15,68.26,,67.28,,,124031,8391135.18,1090,F1,1,,,,,
2026-08-07,2026-08-07,CM,NSE,STK,8477,INE01P501012,XELPMOC,EQ,,,,,XELPMOC DESIGN & TECH LTD,83.00,83.40,81.27,81.60,82.39,83.86,,81.60,,,10369,852985.12,154,F1,1,,,,,
2026-08-07,2026-08-07,CM,NSE,STK,11407,INE445C01015,XPROINDIA,EQ,,,,,XPRO INDIA LIMITED,1117.50,1126.60,1068.60,1098.80,1099.00,1115.20,,1098.86,,,80684,88363742.50,6069,F1,1,,,,,
2026-08-07,2026-08-07,CM,NSE,STK,25235,INE547B01028,XTGLOBAL,EQ,,,,,XTGLOBAL INFOTECH LIMITED,33.02,34.00,31.41,31.66,31.80,32.37,,31.66,,,166806,5498485.07,1061,F1,1,,,,,
2026-08-07,2026-08-07,CM,NSE,STK,764313,INE0NG701011,XTRANET,BE,,,,,XTRANET TECHNOLOGIES LTD,129.50,136.21,129.50,136.21,136.21,129.73,,136.21,,,432146,58074797.40,3711,F1,1,,,,,
2026-08-07,2026-08-07,CM,NSE,STK,760870,INE0U0J01015,YAAP,SM,,,,,YAAP DIGITAL LIMITED,150.80,150.80,146.00,146.25,146.20,150.60,,146.25,,,12000,1770150.00,12,F1,1000,,,,,
2026-08-07,2026-08-07,CM,NSE,STK,23451,INE0TO601017,YASHOPTICS,SM,,,,,YASH OPTICS & LENS LTD,113.80,115.50,113.80,115.50,115.50,116.25,,115.50,,,4000,459080.00,5,F1,800,,,,,
2026-08-07,2026-08-07,CM,NSE,STK,18131,INE616Z01012,YASHO,EQ,,,,,YASHO INDUSTRIES LIMITED,4150.00,4225.40,4080.40,4152.70,4175.00,4166.10,,4153.62,,,31288,130786443.70,4526,F1,1,,,,,
2026-08-07,2026-08-07,CM,NSE,STK,17738,INE0JO301016,YATHARTH,EQ,,,,,YATHARTH HOSP & TRA C S L,872.00,881.90,862.90,870.50,874.00,871.45,,870.49,,,161744,140686946.40,7681,F1,1,,,,,
2026-08-07,2026-08-07,CM,NSE,STK,18760,INE0JR601024,YATRA,EQ,,,,,YATRA ONLINE LIMITED,110.38,111.38,106.03,107.03,106.03,110.21,,107.03,,,811454,88737081.39,5964,F1,1,,,,,
2026-08-07,2026-08-07,CM,NSE,STK,11915,INE528G01035,YESBANK,EQ,,,,,YES BANK LIMITED,22.68,22.80,22.63,22.69,22.69,22.68,,22.69,,,25521116,579487593.89,47329,F1,1,,,,,
2026-08-07,2026-08-07,CM,NSE,STK,18040,INE09FA01019,YUDIZ,SM,,,,,YUDIZ SOLUTIONS LIMITED,26.20,27.00,26.20,26.20,26.20,27.55,,26.20,,,4800,126880.00,6,F1,800,,,,,
2026-08-07,2026-08-07,CM,NSE,STK,5501,INE384C01016,YUKEN,EQ,,,,,YUKEN INDIA LIMITED,809.00,820.45,793.15,800.05,800.10,803.40,,800.04,,,9861,7926944.50,820,F1,1,,,,,
2026-08-07,2026-08-07,CM,NSE,STK,4229,INE116C01012,ZFSTEERING,EQ,,,,,Z F STEERING GEAR (I) LTD,668.85,682.00,652.00,658.35,658.00,659.85,,658.50,,,7427,4915980.45,442,F1,1,,,,,
2026-08-07,2026-08-07,CM,NSE,STK,23976,INE0ISZ01012,ZTECH,SM,,,,,Z-TECH (INDIA) LIMITED,523.05,531.00,520.00,524.70,521.00,523.05,,524.70,,,9000,4733340.00,22,F1,300,,,,,
2026-08-07,2026-08-07,CM,NSE,STK,18608,INE07K301024,ZAGGLE,EQ,,,,,ZAGGLE PREPA OCEAN SER L,205.05,209.24,205.05,206.06,205.79,206.13,,206.07,,,445498,92165992.45,5659,F1,1,,,,,
2026-08-07,2026-08-07,CM,NSE,STK,17766,INE0PPS01018,ZEAL,SM,,,,,ZEAL GLOBAL SERVICES LTD,66.00,66.00,66.00,66.00,66.00,65.40,,66.00,,,600,39600.00,1,F1,600,,,,,
2026-08-07,2026-08-07,CM,NSE,STK,3812,INE256A01028,ZEEL,EQ,,,,,ZEE ENTERTAINMENT ENT LTD,93.00,95.60,92.57,94.19,94.05,92.57,,94.19,,,21179751,1993141074.37,62380,F1,1,,,,,
2026-08-07,2026-08-07,CM,NSE,STK,20856,INE565L01011,ZEELEARN,BE,,,,,ZEE LEARN LIMITED,8.12,8.12,7.71,7.88,7.90,7.99,,7.85,,,353681,2796260.38,435,F1,1,,,,,
2026-08-07,2026-08-07,CM,NSE,STK,14003,INE966H01019,ZEEMEDIA,EQ,,,,,ZEE MEDIA CORPORATION LTD,7.14,7.31,7.09,7.21,7.14,7.10,,7.21,,,2670834,19281354.34,1597,F1,1,,,,,
2026-08-07,2026-08-07,CM,NSE,STK,7508,INE251B01027,ZENTEC,EQ,,,,,ZEN TECHNOLOGIES LIMITED,1734.60,1759.00,1713.00,1721.10,1714.00,1734.60,,1721.43,,,194337,336995168.20,15361,F1,1,,,,,
2026-08-07,2026-08-07,CM,NSE,STK,22803,INE0QWN01013,ZENITHDRUG,SM,,,,,ZENITH DRUGS LIMITED,44.95,44.95,40.50,42.00,42.00,44.00,,42.00,,,69600,2927480.00,24,F1,800,,,,,
2026-08-07,2026-08-07,CM,NSE,STK,4176,INE058B01018,ZENITHEXPO,EQ,,,,,ZENITH EXPORTS LTD,199.18,216.96,193.20,216.51,216.96,197.24,,216.52,,,1629,340059.18,86,F1,1,,,,,
2026-08-07,2026-08-07,CM,NSE,STK,14562,INE318D01020,ZENITHSTL,EQ,,,,,ZENITH STEEL PIP IND LTD,5.72,5.72,4.66,5.35,5.36,5.65,,5.35,,,230903,1226076.37,570,F1,1,,,,,
2026-08-07,2026-08-07,CM,NSE,STK,1076,INE520A01027,ZENSARTECH,EQ,,,,,ZENSAR TECHNOLOGIES  LTD,500.65,507.65,497.00,499.00,498.20,500.65,,499.00,,,707360,355230192.35,14649,F1,1,,,,,
2026-08-07,2026-08-07,CM,NSE,STK,22901,INF0R8F01042,GOLDCASE,EQ,,,,,ZERODHAAMC - GOLDCASE,23.63,23.63,23.07,23.48,23.50,23.29,,23.48,,,10744176,250769752.39,10364,F1,1,,,,,
2026-08-07,2026-08-07,CM,NSE,STK,21750,INF0R8F01034,LIQUIDCASE,EQ,,,,,ZERODHAAMC - LIQUIDCASE,115.39,115.39,115.37,115.38,115.39,115.34,,115.38,,,19693998,2272346910.67,23163,F1,1,,,,,
2026-08-07,2026-08-07,CM,NSE,STK,758705,INF0R8F01133,LTGILTCASE,EQ,,,,,ZERODHAAMC - LTGILTCASE,31.04,31.04,30.12,30.62,30.63,30.61,,30.62,,,162923,4987480.90,153,F1,1,,,,,
2026-08-07,2026-08-07,CM,NSE,STK,24077,INF0R8F01059,MID150CASE,EQ,,,,,ZERODHAAMC - MID150CASE,11.75,11.90,11.61,11.80,11.79,11.75,,11.81,,,1438884,16921539.89,3494,F1,1,,,,,
2026-08-07,2026-08-07,CM,NSE,STK,759302,INF0R8F01166,NIFTYCASE,EQ,,,,,ZERODHAAMC - NIFTYCASE,10.14,10.14,9.82,9.88,9.89,9.90,,9.88,,,378208,3737508.90,1420,F1,1,,,,,
2026-08-07,2026-08-07,CM,NSE,STK,30274,INF0R8F01091,SILVERCASE,EQ,,,,,ZERODHAAMC - SILVERCASE,23.25,23.44,22.50,23.36,23.32,22.74,,23.36,,,13684775,316011063.53,8633,F1,1,,,,,
2026-08-07,2026-08-07,CM,NSE,STK,758955,INF0R8F01141,SML100CASE,EQ,,,,,ZERODHAAMC - SML100CASE,11.29,11.32,11.12,11.25,11.24,11.30,,11.25,,,2513166,28328413.37,1939,F1,1,,,,,
2026-08-07,2026-08-07,CM,NSE,STK,24081,INF0R8F01067,TOP100CASE,EQ,,,,,ZERODHAAMC - TOP100CASE,10.85,10.95,10.66,10.81,10.83,10.80,,10.81,,,682873,7391138.86,1145,F1,1,,,,,
2026-08-07,2026-08-07,CM,NSE,STK,16915,INE342J01019,ZFCVINDIA,EQ,,,,,ZF COM VE CTR SYS IND LTD,2593.50,2656.00,2562.10,2637.20,2650.00,2580.30,,2636.83,,,103315,269840373.30,10208,F1,1,,,,,
2026-08-07,2026-08-07,CM,NSE,STK,12412,INE518E01015,ZIMLAB,BE,,,,,ZIM LABORATORIES LIMITED,111.60,115.15,111.60,111.98,113.00,115.15,,111.98,,,54472,6122772.31,190,F1,1,,,,,
2026-08-07,2026-08-07,CM,NSE,STK,3821,INE206B01013,ZODIACLOTH,EQ,,,,,ZODIAC CLOTHING CO. LTD.,76.91,77.79,76.89,77.63,77.67,76.42,,77.63,,,1616,125290.91,34,F1,1,,,,,
2026-08-07,2026-08-07,CM,NSE,STK,7129,INE761Y01019,ZODIAC,EQ,,,,,ZODIAC ENERGY LIMITED,255.35,256.90,250.50,251.50,252.45,253.35,,251.50,,,6076,1531531.55,271,F1,1,,,,,
2026-08-07,2026-08-07,CM,NSE,STK,11394,INE358U01012,ZOTA,EQ,,,,,ZOTA HEALTH CARE LIMITED,1252.50,1286.40,1242.20,1274.70,1280.50,1246.40,,1274.70,,,36351,46016987.20,2981,F1,1,,,,,
2026-08-07,2026-08-07,CM,NSE,STK,29050,INE840M01016,ZUARI,EQ,,,,,ZUARI AGRO CHEMICALS LTD,226.69,230.50,225.02,227.55,230.50,226.69,,227.54,,,68273,15477841.97,1931,F1,1,,,,,
2026-08-07,2026-08-07,CM,NSE,STK,3827,INE217A01012,ZUARIIND,EQ,,,,,ZUARI INDUSTRIES LIMITED,258.60,263.10,257.40,259.35,257.40,262.15,,258.92,,,8809,2288715.80,351,F1,1,,,,,
2026-08-07,2026-08-07,CM,NSE,STK,7929,INE010B01027,ZYDUSLIFE,EQ,,,,,ZYDUS LIFESCIENCES LTD,1102.10,1117.70,1093.20,1114.20,1114.20,1108.00,,1114.20,,,666151,735563471.40,18747,F1,1,,,,,
2026-08-07,2026-08-07,CM,NSE,STK,17635,INE768C01028,ZYDUSWELL,EQ,,,,,ZYDUS WELLNESS LIMITED,534.00,535.45,523.00,533.85,534.50,531.50,,533.84,,,227185,120441274.65,11679,F1,1,,,,,
